{"type": "FeatureCollection", "features": [{"type": "Feature", "properties": {"osm_id": 440305869, "osm_type": "node", "name": "Jivraj Mehta Hospital", "amenity": "hospital"}, "geometry": {"type": "Point", "coordinates": [72.5432503, 23.0085819]}}, {"type": "Feature", "properties": {"osm_id": 440310550, "osm_type": "node", "name": "Paldi Bus Stand", "amenity": "hospital"}, "geometry": {"type": "Point", "coordinates": [72.5645993, 23.0140283]}}, {"type": "Feature", "properties": {"osm_id": 761305685, "osm_type": "node", "name": "Medilink Hospital, Ahmedabad", "amenity": "hospital"}, "geometry": {"type": "Point", "coordinates": [72.5304396, 23.0173915]}}, {"type": "Feature", "properties": {"osm_id": 761310675, "osm_type": "node", "name": "Medilink Medical Store", "amenity": "pharmacy"}, "geometry": {"type": "Point", "coordinates": [72.5303877, 23.0172124]}}, {"type": "Feature", "properties": {"osm_id": 1781762768, "osm_type": "node", "name": "Ahmedabad Institute Of Medical Services (Aims)", "amenity": "hospital"}, "geometry": {"type": "Point", "coordinates": [72.5639517, 23.0033217]}}, {"type": "Feature", "properties": {"osm_id": 1781764967, "osm_type": "node", "name": "Shushtrut Hospital", "amenity": "hospital"}, "geometry": {"type": "Point", "coordinates": [72.56227, 23.0090048]}}, {"type": "Feature", "properties": {"osm_id": 4650625621, "osm_type": "node", "name": "Planet Women Fertility and Counseling", "amenity": "hospital"}, "geometry": {"type": "Point", "coordinates": [72.5434079, 23.0249306]}}, {"type": "Feature", "properties": {"osm_id": 6968390522, "osm_type": "node", "name": "Ortho Kids Clinic", "amenity": "clinic"}, "geometry": {"type": "Point", "coordinates": [72.5297897, 23.018609]}}, {"type": "Feature", "properties": {"osm_id": 6968419937, "osm_type": "node", "name": "Arihant Fracture and Orthopedic Hospital", "amenity": "hospital"}, "geometry": {"type": "Point", "coordinates": [72.545561, 23.0133094]}}, {"type": "Feature", "properties": {"osm_id": 6968861335, "osm_type": "node", "name": "Sankalp Eye Hospital, Ahmedabad", "amenity": "hospital"}, "geometry": {"type": "Point", "coordinates": [72.5372402, 23.0052925]}}, {"type": "Feature", "properties": {"osm_id": 6969601212, "osm_type": "node", "name": "Shaishav Children Hospital And Neonatal Care Unit", "amenity": "hospital"}, "geometry": {"type": "Point", "coordinates": [72.5187524, 23.0034352]}}, {"type": "Feature", "properties": {"osm_id": 6969601219, "osm_type": "node", "name": "Bavishi Hospital", "amenity": "hospital"}, "geometry": {"type": "Point", "coordinates": [72.5641099, 23.0133482]}}, {"type": "Feature", "properties": {"osm_id": 6969611594, "osm_type": "node", "name": "Shanti Multi Speciality Hospital", "amenity": "hospital"}, "geometry": {"type": "Point", "coordinates": [72.5295308, 23.0241738]}}, {"type": "Feature", "properties": {"osm_id": 6969761669, "osm_type": "node", "name": "Rathi Hospital", "amenity": "hospital"}, "geometry": {"type": "Point", "coordinates": [72.5261003, 23.0228001]}}, {"type": "Feature", "properties": {"osm_id": 6969931781, "osm_type": "node", "name": "Aarna Super Speciality Hospital", "amenity": "hospital"}, "geometry": {"type": "Point", "coordinates": [72.5597177, 23.014477]}}, {"type": "Feature", "properties": {"osm_id": 6969940932, "osm_type": "node", "name": "Shalin Hospital, Ahmedabad", "amenity": "hospital"}, "geometry": {"type": "Point", "coordinates": [72.5456992, 23.0130378]}}, {"type": "Feature", "properties": {"osm_id": 6969947773, "osm_type": "node", "name": "Talsania Clinic", "amenity": "clinic"}, "geometry": {"type": "Point", "coordinates": [72.5582948, 23.0178468]}}, {"type": "Feature", "properties": {"osm_id": 6970275374, "osm_type": "node", "name": "Saumya Children Hospital and Neonatal Care Center", "amenity": "hospital"}, "geometry": {"type": "Point", "coordinates": [72.5420675, 23.0217867]}}, {"type": "Feature", "properties": {"osm_id": 6970331911, "osm_type": "node", "name": "Niyati Ent Hospital", "amenity": "hospital"}, "geometry": {"type": "Point", "coordinates": [72.5615162, 23.0201192]}}, {"type": "Feature", "properties": {"osm_id": 6970408459, "osm_type": "node", "name": "Sneh Orthopaedic Hospital", "amenity": "hospital"}, "geometry": {"type": "Point", "coordinates": [72.5542313, 23.0024291]}}, {"type": "Feature", "properties": {"osm_id": 6970460848, "osm_type": "node", "name": "Naresh Hospital", "amenity": "hospital"}, "geometry": {"type": "Point", "coordinates": [72.518633, 23.0034167]}}, {"type": "Feature", "properties": {"osm_id": 6970462648, "osm_type": "node", "name": "Gynaecare Women's Hospital", "amenity": "hospital"}, "geometry": {"type": "Point", "coordinates": [72.5265187, 23.0134377]}}, {"type": "Feature", "properties": {"osm_id": 6970468038, "osm_type": "node", "name": "Navkar Ear Nose Throat Hospital", "amenity": "hospital"}, "geometry": {"type": "Point", "coordinates": [72.561315, 23.0083964]}}, {"type": "Feature", "properties": {"osm_id": 6970525741, "osm_type": "node", "name": "Parimal Multispeciality Hospital", "amenity": "hospital"}, "geometry": {"type": "Point", "coordinates": [72.5577027, 23.0172667]}}, {"type": "Feature", "properties": {"osm_id": 6970544855, "osm_type": "node", "name": "Het Eye Care", "amenity": "hospital"}, "geometry": {"type": "Point", "coordinates": [72.5625072, 23.0085551]}}, {"type": "Feature", "properties": {"osm_id": 6970597384, "osm_type": "node", "name": "Sheth Hospital and Maternity Home", "amenity": "hospital"}, "geometry": {"type": "Point", "coordinates": [72.554928, 23.0023106]}}, {"type": "Feature", "properties": {"osm_id": 6970657405, "osm_type": "node", "name": "Mangeet Medical Nursing Home and Heart Care", "amenity": "clinic"}, "geometry": {"type": "Point", "coordinates": [72.5542206, 23.0187491]}}, {"type": "Feature", "properties": {"osm_id": 6970675546, "osm_type": "node", "name": "Shridhaj Orthopaedic Hospital", "amenity": "hospital"}, "geometry": {"type": "Point", "coordinates": [72.5330586, 23.0057708]}}, {"type": "Feature", "properties": {"osm_id": 6970724571, "osm_type": "node", "name": "Lekhadia Hospital", "amenity": "hospital"}, "geometry": {"type": "Point", "coordinates": [72.5557615, 23.0042154]}}, {"type": "Feature", "properties": {"osm_id": 6970732298, "osm_type": "node", "name": "Amijyot Eye Hospital", "amenity": "hospital"}, "geometry": {"type": "Point", "coordinates": [72.5589721, 23.0074188]}}, {"type": "Feature", "properties": {"osm_id": 6970767778, "osm_type": "node", "name": "Ratnam Eye Hospital", "amenity": "hospital"}, "geometry": {"type": "Point", "coordinates": [72.5595085, 23.0082903]}}, {"type": "Feature", "properties": {"osm_id": 6970983906, "osm_type": "node", "name": "Gandhi Uro Care", "amenity": "hospital"}, "geometry": {"type": "Point", "coordinates": [72.5663348, 23.0165285]}}, {"type": "Feature", "properties": {"osm_id": 6971013949, "osm_type": "node", "name": "Sannidhya Hospital", "amenity": "hospital"}, "geometry": {"type": "Point", "coordinates": [72.5626011, 23.0183023]}}, {"type": "Feature", "properties": {"osm_id": 6971932491, "osm_type": "node", "name": "Tulip Women's Hospital", "amenity": "hospital"}, "geometry": {"type": "Point", "coordinates": [72.5189468, 23.020171]}}, {"type": "Feature", "properties": {"osm_id": 6971932492, "osm_type": "node", "name": "Matulya ENT Clinic", "amenity": "clinic"}, "geometry": {"type": "Point", "coordinates": [72.5298192, 23.0200451]}}, {"type": "Feature", "properties": {"osm_id": 6971932502, "osm_type": "node", "name": "Jyoti Maternity Hospital", "amenity": "hospital"}, "geometry": {"type": "Point", "coordinates": [72.5385243, 23.0221879]}}, {"type": "Feature", "properties": {"osm_id": 6971932525, "osm_type": "node", "name": "Jyoti Eye Hospital- Phaco Laser Centre", "amenity": "hospital"}, "geometry": {"type": "Point", "coordinates": [72.5589976, 23.0121836]}}, {"type": "Feature", "properties": {"osm_id": 6971932530, "osm_type": "node", "name": "Dr Ajay Praful Munshi Surgical Nursing Home", "amenity": "hospital"}, "geometry": {"type": "Point", "coordinates": [72.5601871, 23.0012243]}}, {"type": "Feature", "properties": {"osm_id": 6972590235, "osm_type": "node", "name": "Bhavasar Eye Hospital and Maternity Nursing Home", "amenity": "hospital"}, "geometry": {"type": "Point", "coordinates": [72.5485202, 23.0086507]}}, {"type": "Feature", "properties": {"osm_id": 6974249735, "osm_type": "node", "name": "Kirenben Maternity And Nursing Home", "amenity": "clinic"}, "geometry": {"type": "Point", "coordinates": [72.5117853, 23.02251]}}, {"type": "Feature", "properties": {"osm_id": 6974487736, "osm_type": "node", "name": "Sanket Children Hospial", "amenity": "hospital"}, "geometry": {"type": "Point", "coordinates": [72.5589064, 23.0073805]}}, {"type": "Feature", "properties": {"osm_id": 6974583170, "osm_type": "node", "name": "Urva Children Hospital and Neonatal Care", "amenity": "hospital"}, "geometry": {"type": "Point", "coordinates": [72.5264731, 23.0133822]}}, {"type": "Feature", "properties": {"osm_id": 6974774960, "osm_type": "node", "name": "Sarthak Orthopaedic Hospital, Parimal Crosssing", "amenity": "hospital"}, "geometry": {"type": "Point", "coordinates": [72.5586167, 23.0194415]}}, {"type": "Feature", "properties": {"osm_id": 6974835665, "osm_type": "node", "name": "Sarvamangal Women Hospital", "amenity": "hospital"}, "geometry": {"type": "Point", "coordinates": [72.5304092, 23.0134142]}}, {"type": "Feature", "properties": {"osm_id": 6974971519, "osm_type": "node", "name": "Navkar Children Hospital, Ahmedabad", "amenity": "hospital"}, "geometry": {"type": "Point", "coordinates": [72.5298151, 23.0162743]}}, {"type": "Feature", "properties": {"osm_id": 6975015289, "osm_type": "node", "name": "Dr Chirag M Desai Eye Care", "amenity": "hospital"}, "geometry": {"type": "Point", "coordinates": [72.5623262, 23.0088754]}}, {"type": "Feature", "properties": {"osm_id": 6975165923, "osm_type": "node", "name": "Nanavati Maternity Hospital", "amenity": "hospital"}, "geometry": {"type": "Point", "coordinates": [72.518924, 23.0034068]}}, {"type": "Feature", "properties": {"osm_id": 6975510816, "osm_type": "node", "name": "Karnavati Hospital Pvt. Ltd.", "amenity": "hospital"}, "geometry": {"type": "Point", "coordinates": [72.5725166, 23.0217016]}}, {"type": "Feature", "properties": {"osm_id": 6975593892, "osm_type": "node", "name": "Dev Hospital, Vasna", "amenity": "hospital"}, "geometry": {"type": "Point", "coordinates": [72.5447845, 23.0060128]}}, {"type": "Feature", "properties": {"osm_id": 6975605658, "osm_type": "node", "name": "Dr Praful Munishi's Nursing Home", "amenity": "clinic"}, "geometry": {"type": "Point", "coordinates": [72.5653967, 23.0197773]}}, {"type": "Feature", "properties": {"osm_id": 6975617784, "osm_type": "node", "name": "Sparsh Orthopedic Oncology Clinic", "amenity": "clinic"}, "geometry": {"type": "Point", "coordinates": [72.5699329, 23.0231938]}}, {"type": "Feature", "properties": {"osm_id": 6975643587, "osm_type": "node", "name": "Sannidhya Eye Hospital", "amenity": "hospital"}, "geometry": {"type": "Point", "coordinates": [72.5557816, 23.0060905]}}, {"type": "Feature", "properties": {"osm_id": 6975659494, "osm_type": "node", "name": "Shyamal Orthopaedic Hospital", "amenity": "hospital"}, "geometry": {"type": "Point", "coordinates": [72.5263832, 23.0133562]}}, {"type": "Feature", "properties": {"osm_id": 6975823750, "osm_type": "node", "name": "Manish Eye Hospital - Ahmedabad", "amenity": "hospital"}, "geometry": {"type": "Point", "coordinates": [72.5505567, 23.0021131]}}, {"type": "Feature", "properties": {"osm_id": 6975842889, "osm_type": "node", "name": "Matoshree Hospital, Ahmedabad", "amenity": "hospital"}, "geometry": {"type": "Point", "coordinates": [72.546536, 23.0006799]}}, {"type": "Feature", "properties": {"osm_id": 6975868087, "osm_type": "node", "name": "Sanjivani Maternity", "amenity": "hospital"}, "geometry": {"type": "Point", "coordinates": [72.5245995, 23.0130681]}}, {"type": "Feature", "properties": {"osm_id": 6975868149, "osm_type": "node", "name": "Dr. Devendra Kanaiyalal Hospital and Nursing Home", "amenity": "hospital"}, "geometry": {"type": "Point", "coordinates": [72.5681533, 23.0162681]}}, {"type": "Feature", "properties": {"osm_id": 6975868159, "osm_type": "node", "name": "Gheewala Hospital", "amenity": "hospital"}, "geometry": {"type": "Point", "coordinates": [72.5638162, 23.0152127]}}, {"type": "Feature", "properties": {"osm_id": 6975904288, "osm_type": "node", "name": "Dr.Santosh C.Raibagkar", "amenity": "doctors"}, "geometry": {"type": "Point", "coordinates": [72.5604567, 23.0199612]}}, {"type": "Feature", "properties": {"osm_id": 6976062877, "osm_type": "node", "name": "Diva Eye Institute Hospital", "amenity": "hospital"}, "geometry": {"type": "Point", "coordinates": [72.5568886, 23.0182599]}}, {"type": "Feature", "properties": {"osm_id": 6976078072, "osm_type": "node", "name": "Stavan Eye Clinic", "amenity": "clinic"}, "geometry": {"type": "Point", "coordinates": [72.5645041, 23.011259]}}, {"type": "Feature", "properties": {"osm_id": 6976100898, "osm_type": "node", "name": "Khush Eye Hospital", "amenity": "hospital"}, "geometry": {"type": "Point", "coordinates": [72.5584531, 23.0186294]}}, {"type": "Feature", "properties": {"osm_id": 6976102874, "osm_type": "node", "name": "Dr. Umesh D. Buch", "amenity": "doctors"}, "geometry": {"type": "Point", "coordinates": [72.5479241, 23.0016724]}}, {"type": "Feature", "properties": {"osm_id": 6976113865, "osm_type": "node", "name": "Eye Care Hospital Pvt. Ltd.", "amenity": "hospital"}, "geometry": {"type": "Point", "coordinates": [72.5498479, 23.0241454]}}, {"type": "Feature", "properties": {"osm_id": 6976136409, "osm_type": "node", "name": "Polio Foundation", "amenity": "hospital"}, "geometry": {"type": "Point", "coordinates": [72.5374903, 23.0047117]}}, {"type": "Feature", "properties": {"osm_id": 6976136430, "osm_type": "node", "name": "Archit Orthopaedic Hospital", "amenity": "hospital"}, "geometry": {"type": "Point", "coordinates": [72.5567982, 23.0070978]}}, {"type": "Feature", "properties": {"osm_id": 6976489889, "osm_type": "node", "name": "Bavishi Eye Hospital, Ahmedabad", "amenity": "hospital"}, "geometry": {"type": "Point", "coordinates": [72.5413272, 23.0218028]}}, {"type": "Feature", "properties": {"osm_id": 6976868688, "osm_type": "node", "name": "Sarjan Maternity and Nursing Home", "amenity": "clinic"}, "geometry": {"type": "Point", "coordinates": [72.5483291, 23.0023131]}}, {"type": "Feature", "properties": {"osm_id": 6977128103, "osm_type": "node", "name": "Aash Arthoscopy Centre", "amenity": "hospital"}, "geometry": {"type": "Point", "coordinates": [72.560572, 23.0176604]}}, {"type": "Feature", "properties": {"osm_id": 6977560828, "osm_type": "node", "name": "Shaurya Hospital, Ahmedabad", "amenity": "hospital"}, "geometry": {"type": "Point", "coordinates": [72.5626293, 23.0109689]}}, {"type": "Feature", "properties": {"osm_id": 6977637653, "osm_type": "node", "name": "Navkar Hospital", "amenity": "hospital"}, "geometry": {"type": "Point", "coordinates": [72.5457716, 23.0129094]}}, {"type": "Feature", "properties": {"osm_id": 6977883522, "osm_type": "node", "name": "Krishna Shalby Hospital", "amenity": "hospital"}, "geometry": {"type": "Point", "coordinates": [72.4414712, 23.0239294]}}, {"type": "Feature", "properties": {"osm_id": 6977886470, "osm_type": "node", "name": "Sagar Hospital, Ahmedabad", "amenity": "hospital"}, "geometry": {"type": "Point", "coordinates": [72.5335769, 23.0063905]}}, {"type": "Feature", "properties": {"osm_id": 6977976017, "osm_type": "node", "name": "Om Surgical Nursing Home", "amenity": "clinic"}, "geometry": {"type": "Point", "coordinates": [72.5582573, 23.0179184]}}, {"type": "Feature", "properties": {"osm_id": 6978283068, "osm_type": "node", "name": "Satellite Orthopaedic Hospital And Research Centre Pvt Ltd", "amenity": "hospital"}, "geometry": {"type": "Point", "coordinates": [72.5253627, 23.0137315]}}, {"type": "Feature", "properties": {"osm_id": 6978371845, "osm_type": "node", "name": "Chirayu Orthopaedic and Spine Hospital", "amenity": "hospital"}, "geometry": {"type": "Point", "coordinates": [72.5658171, 23.0070435]}}, {"type": "Feature", "properties": {"osm_id": 6978384976, "osm_type": "node", "name": "Long Life Hospital, Ahmedabad", "amenity": "hospital"}, "geometry": {"type": "Point", "coordinates": [72.5637853, 23.013039]}}, {"type": "Feature", "properties": {"osm_id": 6978398222, "osm_type": "node", "name": "Mamta Children Hospital, Ahmedabad", "amenity": "hospital"}, "geometry": {"type": "Point", "coordinates": [72.5313695, 23.0239912]}}, {"type": "Feature", "properties": {"osm_id": 6978625512, "osm_type": "node", "name": "Dr.Joshi Maternity And Gynec Hospital", "amenity": "hospital"}, "geometry": {"type": "Point", "coordinates": [72.5606538, 23.0188639]}}, {"type": "Feature", "properties": {"osm_id": 6978708394, "osm_type": "node", "name": "Dr. Manoj Tank E.N.T. Hospital", "amenity": "hospital"}, "geometry": {"type": "Point", "coordinates": [72.5719513, 23.0232494]}}, {"type": "Feature", "properties": {"osm_id": 6978978566, "osm_type": "node", "name": "Rushabh Medi-Surge Hospital Pvt Ltd", "amenity": "hospital"}, "geometry": {"type": "Point", "coordinates": [72.5178203, 23.0125983]}}, {"type": "Feature", "properties": {"osm_id": 6979134750, "osm_type": "node", "name": "Kanchi Orthopaedic Hospital", "amenity": "hospital"}, "geometry": {"type": "Point", "coordinates": [72.5465682, 23.010948]}}, {"type": "Feature", "properties": {"osm_id": 6979326720, "osm_type": "node", "name": "Bodyline Hospitals", "amenity": "hospital"}, "geometry": {"type": "Point", "coordinates": [72.5545666, 23.0099407]}}, {"type": "Feature", "properties": {"osm_id": 6979376705, "osm_type": "node", "name": "Samkit Hospital Icu and Iccu", "amenity": "hospital"}, "geometry": {"type": "Point", "coordinates": [72.532901, 23.0057153]}}, {"type": "Feature", "properties": {"osm_id": 6979376757, "osm_type": "node", "name": "Vrundavan Children Hospital", "amenity": "hospital"}, "geometry": {"type": "Point", "coordinates": [72.5667264, 23.0169692]}}, {"type": "Feature", "properties": {"osm_id": 6979483953, "osm_type": "node", "name": "Aditya Hospital, Ahmedabad", "amenity": "hospital"}, "geometry": {"type": "Point", "coordinates": [72.5520748, 23.0043253]}}, {"type": "Feature", "properties": {"osm_id": 6979514449, "osm_type": "node", "name": "Krupanidhi Hospital", "amenity": "hospital"}, "geometry": {"type": "Point", "coordinates": [72.5638765, 23.0152967]}}, {"type": "Feature", "properties": {"osm_id": 6979632888, "osm_type": "node", "name": "Dr. Rajiv Thakores Hospital", "amenity": "hospital"}, "geometry": {"type": "Point", "coordinates": [72.5539094, 23.0176617]}}, {"type": "Feature", "properties": {"osm_id": 6981004951, "osm_type": "node", "name": "Jarmarwala Hospital", "amenity": "hospital"}, "geometry": {"type": "Point", "coordinates": [72.5458769, 23.0199254]}}, {"type": "Feature", "properties": {"osm_id": 6981455290, "osm_type": "node", "name": "Sanghavi Hospital Pvt. Ltd.", "amenity": "hospital"}, "geometry": {"type": "Point", "coordinates": [72.5563677, 23.0066966]}}, {"type": "Feature", "properties": {"osm_id": 6981478241, "osm_type": "node", "name": "Parth Surgical Hospital, Ahmedabad", "amenity": "hospital"}, "geometry": {"type": "Point", "coordinates": [72.5544217, 23.0029958]}}, {"type": "Feature", "properties": {"osm_id": 6981740142, "osm_type": "node", "name": "Sanidhaya Maternity and Nursing Home", "amenity": "clinic"}, "geometry": {"type": "Point", "coordinates": [72.5301518, 23.0143203]}}, {"type": "Feature", "properties": {"osm_id": 6981793062, "osm_type": "node", "name": "Sahjanand Orthopaedic Hospital", "amenity": "hospital"}, "geometry": {"type": "Point", "coordinates": [72.51789, 23.0126292]}}, {"type": "Feature", "properties": {"osm_id": 6981939862, "osm_type": "node", "name": "Sehat Hospital Clinic", "amenity": "clinic"}, "geometry": {"type": "Point", "coordinates": [72.5258213, 22.9932036]}}, {"type": "Feature", "properties": {"osm_id": 6981981259, "osm_type": "node", "name": "Shree Harikrupa Hospital", "amenity": "hospital"}, "geometry": {"type": "Point", "coordinates": [72.5615551, 23.0200612]}}, {"type": "Feature", "properties": {"osm_id": 6981982797, "osm_type": "node", "name": "Amardeep Multispeciality Children Hospital", "amenity": "hospital"}, "geometry": {"type": "Point", "coordinates": [72.5642668, 23.0202065]}}, {"type": "Feature", "properties": {"osm_id": 6982001510, "osm_type": "node", "name": "R. Tolat Eye Clinic", "amenity": "clinic"}, "geometry": {"type": "Point", "coordinates": [72.560387, 23.0137364]}}, {"type": "Feature", "properties": {"osm_id": 6982014039, "osm_type": "node", "name": "Shreyas Speciality Hospital", "amenity": "hospital"}, "geometry": {"type": "Point", "coordinates": [72.5175279, 23.002323]}}, {"type": "Feature", "properties": {"osm_id": 6982024115, "osm_type": "node", "name": "Rugveda Practur and Orthopaedic Hospital, Ahmedabad", "amenity": "hospital"}, "geometry": {"type": "Point", "coordinates": [72.5467211, 23.0021551]}}, {"type": "Feature", "properties": {"osm_id": 6982060211, "osm_type": "node", "name": "Swastik Surgical Hospital And Dental Clinic, Ahmedabad", "amenity": "hospital"}, "geometry": {"type": "Point", "coordinates": [72.5189053, 23.0034741]}}, {"type": "Feature", "properties": {"osm_id": 6982092157, "osm_type": "node", "name": "Mahin Lifecare Services Pvt.Ltd", "amenity": "hospital"}, "geometry": {"type": "Point", "coordinates": [72.5256523, 22.9931604]}}, {"type": "Feature", "properties": {"osm_id": 6982092229, "osm_type": "node", "name": "Ashray Clinic", "amenity": "clinic"}, "geometry": {"type": "Point", "coordinates": [72.5573789, 23.0072793]}}, {"type": "Feature", "properties": {"osm_id": 6982527814, "osm_type": "node", "name": "Babul E.N.T. Hospital", "amenity": "hospital"}, "geometry": {"type": "Point", "coordinates": [72.5449569, 23.0246015]}}, {"type": "Feature", "properties": {"osm_id": 6983365657, "osm_type": "node", "name": "Cardio Vascular Clinic - Ahmedabad", "amenity": "clinic"}, "geometry": {"type": "Point", "coordinates": [72.5216398, 23.0128822]}}, {"type": "Feature", "properties": {"osm_id": 6983477457, "osm_type": "node", "name": "Navkalp Children Hospital", "amenity": "hospital"}, "geometry": {"type": "Point", "coordinates": [72.5599363, 23.0059807]}}, {"type": "Feature", "properties": {"osm_id": 6983623776, "osm_type": "node", "name": "Dr. Atul H Kansara `S (E.N.T) Hospital", "amenity": "hospital"}, "geometry": {"type": "Point", "coordinates": [72.5621974, 23.010174]}}, {"type": "Feature", "properties": {"osm_id": 6983629350, "osm_type": "node", "name": "Aneri Surgical and Neuro Surgical Hospital", "amenity": "hospital"}, "geometry": {"type": "Point", "coordinates": [72.5481668, 23.0016415]}}, {"type": "Feature", "properties": {"osm_id": 6983633644, "osm_type": "node", "name": "Shree Hari Clinic", "amenity": "clinic"}, "geometry": {"type": "Point", "coordinates": [72.5136414, 23.0159755]}}, {"type": "Feature", "properties": {"osm_id": 6983803124, "osm_type": "node", "name": "Cure Sight Laser Centre", "amenity": "doctors"}, "geometry": {"type": "Point", "coordinates": [72.557914, 23.0201772]}}, {"type": "Feature", "properties": {"osm_id": 6986103052, "osm_type": "node", "name": "Prabhujyot Inst. Of G.I. Endoscopy and Laproscop", "amenity": "hospital"}, "geometry": {"type": "Point", "coordinates": [72.5465441, 23.0100246]}}, {"type": "Feature", "properties": {"osm_id": 6986256250, "osm_type": "node", "name": "Vatsalya Gynec Hospital", "amenity": "hospital"}, "geometry": {"type": "Point", "coordinates": [72.5325832, 23.0066954]}}, {"type": "Feature", "properties": {"osm_id": 6986285730, "osm_type": "node", "name": "Peshant House Hospital", "amenity": "hospital"}, "geometry": {"type": "Point", "coordinates": [72.5670958, 23.0127576]}}, {"type": "Feature", "properties": {"osm_id": 6986434686, "osm_type": "node", "name": "Jagdish Orthopadic Hospital", "amenity": "hospital"}, "geometry": {"type": "Point", "coordinates": [72.5436446, 23.0209844]}}, {"type": "Feature", "properties": {"osm_id": 6986605760, "osm_type": "node", "name": "Jaliyan Orthopaedic Hospital", "amenity": "hospital"}, "geometry": {"type": "Point", "coordinates": [72.5697332, 23.0226864]}}, {"type": "Feature", "properties": {"osm_id": 6986966093, "osm_type": "node", "name": "Shreyas Orthopedic Hospital, Vasna", "amenity": "hospital"}, "geometry": {"type": "Point", "coordinates": [72.5482339, 23.0022835]}}, {"type": "Feature", "properties": {"osm_id": 6987068296, "osm_type": "node", "name": "Chintan Orthopaedic Hospital", "amenity": "hospital"}, "geometry": {"type": "Point", "coordinates": [72.5362967, 23.0072423]}}, {"type": "Feature", "properties": {"osm_id": 6987467519, "osm_type": "node", "name": "Dr. Trivedis Arthroscopy Clinic And Hospital", "amenity": "hospital"}, "geometry": {"type": "Point", "coordinates": [72.5472508, 23.0249533]}}, {"type": "Feature", "properties": {"osm_id": 6987525729, "osm_type": "node", "name": "Spandan Hospital, Ahmedabad", "amenity": "hospital"}, "geometry": {"type": "Point", "coordinates": [72.5189187, 23.0034513]}}, {"type": "Feature", "properties": {"osm_id": 6987753001, "osm_type": "node", "name": "Shree Maternity and Nursing Home, Ahmedabad", "amenity": "clinic"}, "geometry": {"type": "Point", "coordinates": [72.5298487, 23.0163409]}}, {"type": "Feature", "properties": {"osm_id": 6988066542, "osm_type": "node", "name": "Dr. Sejal Desai Eye Hospital", "amenity": "hospital"}, "geometry": {"type": "Point", "coordinates": [72.5479455, 23.0016292]}}, {"type": "Feature", "properties": {"osm_id": 6988267618, "osm_type": "node", "name": "Vishwa Ent Hospital", "amenity": "hospital"}, "geometry": {"type": "Point", "coordinates": [72.5253251, 23.0220336]}}, {"type": "Feature", "properties": {"osm_id": 6988306349, "osm_type": "node", "name": "Navkar Plastic Surgery Hospital", "amenity": "hospital"}, "geometry": {"type": "Point", "coordinates": [72.5629203, 23.014419]}}, {"type": "Feature", "properties": {"osm_id": 6988349685, "osm_type": "node", "name": "Gujrat Child Care Hospital", "amenity": "hospital"}, "geometry": {"type": "Point", "coordinates": [72.5303878, 23.0136587]}}, {"type": "Feature", "properties": {"osm_id": 6988439005, "osm_type": "node", "name": "Jain Hospital and Icu, Jivraj Park", "amenity": "hospital"}, "geometry": {"type": "Point", "coordinates": [72.5329319, 23.0058276]}}, {"type": "Feature", "properties": {"osm_id": 6988490440, "osm_type": "node", "name": "Saraiya Plastic Surgery And Burns Hospital", "amenity": "hospital"}, "geometry": {"type": "Point", "coordinates": [72.5638269, 23.0152707]}}, {"type": "Feature", "properties": {"osm_id": 6988491227, "osm_type": "node", "name": "Sushrut Hospital, Ahmedabad", "amenity": "hospital"}, "geometry": {"type": "Point", "coordinates": [72.5622276, 23.0090414]}}, {"type": "Feature", "properties": {"osm_id": 6988494095, "osm_type": "node", "name": "Rushil Cancer And Endocrine Care", "amenity": "hospital"}, "geometry": {"type": "Point", "coordinates": [72.5435185, 23.0213053]}}, {"type": "Feature", "properties": {"osm_id": 6988534634, "osm_type": "node", "name": "Shyam Urological Hospital", "amenity": "hospital"}, "geometry": {"type": "Point", "coordinates": [72.5572944, 23.0193453]}}, {"type": "Feature", "properties": {"osm_id": 6988713370, "osm_type": "node", "name": "Gujarat Institute Of Psnchological Sciences Hospit", "amenity": "hospital"}, "geometry": {"type": "Point", "coordinates": [72.5362779, 23.0185504]}}, {"type": "Feature", "properties": {"osm_id": 6988713380, "osm_type": "node", "name": "Abhisek Maternity and Nursing Home", "amenity": "hospital"}, "geometry": {"type": "Point", "coordinates": [72.5243381, 23.0157929]}}, {"type": "Feature", "properties": {"osm_id": 6989050324, "osm_type": "node", "name": "Nishant E N T Hospital", "amenity": "hospital"}, "geometry": {"type": "Point", "coordinates": [72.5667813, 23.0168791]}}, {"type": "Feature", "properties": {"osm_id": 6989112022, "osm_type": "node", "name": "Siddhivinayak Hospital, Ahmedabad", "amenity": "hospital"}, "geometry": {"type": "Point", "coordinates": [72.5576954, 23.0175456]}}, {"type": "Feature", "properties": {"osm_id": 6989177897, "osm_type": "node", "name": "Clear Vision Eye Hospital( Unit 1)", "amenity": "hospital"}, "geometry": {"type": "Point", "coordinates": [72.5551459, 23.0030081]}}, {"type": "Feature", "properties": {"osm_id": 6989177917, "osm_type": "node", "name": "Shreeji Maternity and Surgical Nursing Home", "amenity": "clinic"}, "geometry": {"type": "Point", "coordinates": [72.5186283, 23.0132205]}}, {"type": "Feature", "properties": {"osm_id": 6989202573, "osm_type": "node", "name": "Apollo Pharmacy", "amenity": "pharmacy"}, "geometry": {"type": "Point", "coordinates": [72.4702312, 23.0168114]}}, {"type": "Feature", "properties": {"osm_id": 6989202574, "osm_type": "node", "name": "Sannidhya Hospital", "amenity": "hospital"}, "geometry": {"type": "Point", "coordinates": [72.469625, 23.0166336]}}, {"type": "Feature", "properties": {"osm_id": 6989202575, "osm_type": "node", "name": "Navkaar Hospital", "amenity": "clinic"}, "geometry": {"type": "Point", "coordinates": [72.4695579, 23.0166114]}}, {"type": "Feature", "properties": {"osm_id": 6990838192, "osm_type": "node", "name": "Netralaya-The Eye Associates", "amenity": "hospital"}, "geometry": {"type": "Point", "coordinates": [72.5572461, 23.0193008]}}, {"type": "Feature", "properties": {"osm_id": 6991241711, "osm_type": "node", "name": "Sahyog General Hospital and Nursing Home", "amenity": "hospital"}, "geometry": {"type": "Point", "coordinates": [72.4732058, 22.9870335]}}, {"type": "Feature", "properties": {"osm_id": 6993868923, "osm_type": "node", "name": "Smt.NHL Municipal Medical College Hospital", "amenity": "hospital"}, "geometry": {"type": "Point", "coordinates": [72.5714269, 23.0187158]}}, {"type": "Feature", "properties": {"osm_id": 6993882537, "osm_type": "node", "name": "Gujrat Diagnostic Center and Pathology Laboratory", "amenity": "hospital"}, "geometry": {"type": "Point", "coordinates": [72.5665225, 23.016489]}}, {"type": "Feature", "properties": {"osm_id": 6993902494, "osm_type": "node", "name": "BSNL Exchange", "amenity": "hospital"}, "geometry": {"type": "Point", "coordinates": [72.5468244, 22.9998935]}}, {"type": "Feature", "properties": {"osm_id": 7157714219, "osm_type": "node", "name": "Amena Khatun General Hospital", "amenity": "hospital"}, "geometry": {"type": "Point", "coordinates": [72.5191879, 22.9928112]}}, {"type": "Feature", "properties": {"osm_id": 7864058624, "osm_type": "node", "name": "Life Care Clinic", "amenity": "clinic"}, "geometry": {"type": "Point", "coordinates": [72.5673496, 22.9877498]}}, {"type": "Feature", "properties": {"osm_id": 7864133781, "osm_type": "node", "name": "Sai Krupa Hospital", "amenity": "hospital"}, "geometry": {"type": "Point", "coordinates": [72.5134997, 23.0188276]}}, {"type": "Feature", "properties": {"osm_id": 7864133830, "osm_type": "node", "name": "Vismay Child Care Hospital", "amenity": "hospital"}, "geometry": {"type": "Point", "coordinates": [72.512076, 23.019857]}}, {"type": "Feature", "properties": {"osm_id": 7935280835, "osm_type": "node", "name": "Sahyog Hospital", "amenity": "hospital"}, "geometry": {"type": "Point", "coordinates": [72.4788535, 22.9874749]}}, {"type": "Feature", "properties": {"osm_id": 7935280841, "osm_type": "node", "name": "Navjivan hospital", "amenity": "hospital"}, "geometry": {"type": "Point", "coordinates": [72.5008661, 22.9859705]}}, {"type": "Feature", "properties": {"osm_id": 7935280842, "osm_type": "node", "name": "Hope Hospital", "amenity": "hospital"}, "geometry": {"type": "Point", "coordinates": [72.493561, 22.985509]}}, {"type": "Feature", "properties": {"osm_id": 7935280844, "osm_type": "node", "name": "Mamata Hospital", "amenity": "hospital"}, "geometry": {"type": "Point", "coordinates": [72.4989295, 22.9845108]}}, {"type": "Feature", "properties": {"osm_id": 7935280849, "osm_type": "node", "name": "SHREY HOSPITAL", "amenity": "hospital"}, "geometry": {"type": "Point", "coordinates": [72.4984705, 22.9835997]}}, {"type": "Feature", "properties": {"osm_id": 7935280859, "osm_type": "node", "name": "Mamta Hospital", "amenity": "hospital"}, "geometry": {"type": "Point", "coordinates": [72.501192, 22.9809825]}}, {"type": "Feature", "properties": {"osm_id": 9844197559, "osm_type": "node", "name": "Dr. Maulik Patwa", "amenity": "clinic"}, "geometry": {"type": "Point", "coordinates": [72.55578, 23.0172912]}}, {"type": "Feature", "properties": {"osm_id": 10172958951, "osm_type": "node", "name": "Rathi Hospital", "amenity": "hospital"}, "geometry": {"type": "Point", "coordinates": [72.5261005, 23.0228555]}}, {"type": "Feature", "properties": {"osm_id": 10172958952, "osm_type": "node", "name": "Jyoti Maternity Hospital", "amenity": "hospital"}, "geometry": {"type": "Point", "coordinates": [72.538511, 23.02222]}}, {"type": "Feature", "properties": {"osm_id": 10172958953, "osm_type": "node", "name": "Vatsalya Gynec Hospital", "amenity": "hospital"}, "geometry": {"type": "Point", "coordinates": [72.5325801, 23.0067417]}}, {"type": "Feature", "properties": {"osm_id": 10172958954, "osm_type": "node", "name": "Jivraj Mehta Hospital", "amenity": "hospital"}, "geometry": {"type": "Point", "coordinates": [72.5432561, 23.0086307]}}, {"type": "Feature", "properties": {"osm_id": 10172958955, "osm_type": "node", "name": "Shree Harikrupa Hospital", "amenity": "hospital"}, "geometry": {"type": "Point", "coordinates": [72.5615615, 23.0201123]}}, {"type": "Feature", "properties": {"osm_id": 11900380051, "osm_type": "node", "name": "ADORN AESTHETIC CLINIC", "amenity": "hospital"}, "geometry": {"type": "Point", "coordinates": [72.5509537, 23.0226039]}}, {"type": "Feature", "properties": {"osm_id": 14006884835, "osm_type": "node", "name": "Sheath hospital", "amenity": "hospital"}, "geometry": {"type": "Point", "coordinates": [72.55442, 23.00188]}}, {"type": "Feature", "properties": {"osm_id": 150633578, "osm_type": "way", "name": "Shalby Hospital", "amenity": "hospital"}, "geometry": {"type": "LineString", "coordinates": [[72.5064727, 23.0192396], [72.5064877, 23.0190315], [72.5065136, 23.0190331], [72.50652, 23.0189445], [72.5064905, 23.0189427], [72.5065026, 23.0187764], [72.5067819, 23.0187935], [72.5067423, 23.0192612], [72.5064727, 23.0192396]]}}, {"type": "Feature", "properties": {"osm_id": 317784181, "osm_type": "way", "name": "Jivraj Mehta Hospital", "amenity": "hospital", "building": "yes"}, "geometry": {"type": "LineString", "coordinates": [[72.5426842, 23.0089134], [72.543469, 23.0092194], [72.5438751, 23.0082061], [72.5441394, 23.0076618], [72.5433464, 23.0073482], [72.5426842, 23.0089134]]}}, {"type": "Feature", "properties": {"osm_id": 342464429, "osm_type": "way", "name": "", "amenity": "hospital"}, "geometry": {"type": "LineString", "coordinates": [[72.5702489, 23.0202377], [72.5703301, 23.0204954], [72.5707012, 23.0208717], [72.5713675, 23.0200877], [72.571142, 23.0190105], [72.5710467, 23.0190274], [72.5708677, 23.0190006], [72.5705043, 23.0190668], [72.5705459, 23.0193525], [72.5702885, 23.0194082], [72.5704664, 23.0202062], [72.5702489, 23.0202377]]}}, {"type": "Feature", "properties": {"osm_id": 744871959, "osm_type": "way", "name": "Khandwala Orthopeadic Hospital and Skin Clinic", "amenity": "clinic", "building": "yes"}, "geometry": {"type": "LineString", "coordinates": [[72.5457367, 23.0222521], [72.5457233, 23.022115], [72.5456219, 23.0221235], [72.5456353, 23.0222605], [72.5457367, 23.0222521]]}}, {"type": "Feature", "properties": {"osm_id": 745190017, "osm_type": "way", "name": "", "amenity": "hospital"}, "geometry": {"type": "LineString", "coordinates": [[72.5556689, 23.0061053], [72.5561831, 23.0063656], [72.5562421, 23.0062669], [72.555728, 23.0060066], [72.5556689, 23.0061053]]}}, {"type": "Feature", "properties": {"osm_id": 745686111, "osm_type": "way", "name": "Vision Care Eye Hospital, Ahmedabad", "amenity": "hospital", "building": "yes"}, "geometry": {"type": "LineString", "coordinates": [[72.5461458, 23.0221268], [72.546286, 23.0221199], [72.54628, 23.022015], [72.5461397, 23.0220219], [72.5461458, 23.0221268]]}}, {"type": "Feature", "properties": {"osm_id": 843003308, "osm_type": "way", "name": "Janam Hospital", "amenity": "hospital", "building": "hospital"}, "geometry": {"type": "LineString", "coordinates": [[72.5303905, 23.0130464], [72.5304821, 23.0130624], [72.5305062, 23.0129451], [72.5304146, 23.0129291], [72.5303905, 23.0130464]]}}, {"type": "Feature", "properties": {"osm_id": 1153422123, "osm_type": "way", "name": "Dr.Maulik Patwa", "amenity": "hospital"}, "geometry": {"type": "LineString", "coordinates": [[72.5557465, 23.0174335], [72.5558109, 23.0172148], [72.555676, 23.0171922], [72.5556101, 23.0174194], [72.5557465, 23.0174335]]}}, {"type": "Feature", "properties": {"osm_id": 1153423235, "osm_type": "way", "name": "", "amenity": "hospital"}, "geometry": {"type": "LineString", "coordinates": [[72.5651293, 23.0124613], [72.5648706, 23.0123238], [72.5649013, 23.0118388], [72.5651389, 23.0118653], [72.5651178, 23.0121298], [72.5651293, 23.0124613]]}}, {"type": "Feature", "properties": {"osm_id": 1153423556, "osm_type": "way", "name": "Sahyog Hospital", "amenity": "hospital"}, "geometry": {"type": "LineString", "coordinates": [[72.4731186, 22.9872138], [72.4730632, 22.9866426], [72.4734887, 22.986585], [72.4735424, 22.9871908], [72.4731186, 22.9872138]]}}, {"type": "Feature", "properties": {"osm_id": 1153426707, "osm_type": "way", "name": "Navkar Plastic Surgery Hospital", "amenity": "hospital"}, "geometry": {"type": "LineString", "coordinates": [[72.5627909, 23.0144814], [72.5628561, 23.0143032], [72.563066, 23.0143694], [72.5629998, 23.0145502], [72.5627909, 23.0144814]]}}, {"type": "Feature", "properties": {"osm_id": 1153428276, "osm_type": "way", "name": "", "amenity": "hospital"}, "geometry": {"type": "LineString", "coordinates": [[72.5645927, 23.0064765], [72.5647286, 23.0062798], [72.5648519, 23.0063563], [72.5647205, 23.0065563], [72.5645927, 23.0064765]]}}, {"type": "Feature", "properties": {"osm_id": 1153428508, "osm_type": "way", "name": "", "amenity": "hospital"}, "geometry": {"type": "LineString", "coordinates": [[72.5377563, 23.0045845], [72.5380352, 23.004624], [72.5380638, 23.0044644], [72.5377849, 23.0044018], [72.5377563, 23.0045845]]}}, {"type": "Feature", "properties": {"osm_id": 4492330390, "osm_type": "node", "name": "Vani Hospital & IVF center", "amenity": "hospital"}, "geometry": {"type": "Point", "coordinates": [72.6157541, 22.99465]}}, {"type": "Feature", "properties": {"osm_id": 4514853390, "osm_type": "node", "name": "Vani IVF Center", "amenity": "hospital"}, "geometry": {"type": "Point", "coordinates": [72.615422, 22.994662]}}, {"type": "Feature", "properties": {"osm_id": 4977778522, "osm_type": "node", "name": "ESIS HOSPITAL", "amenity": "hospital"}, "geometry": {"type": "Point", "coordinates": [72.6166652, 22.9991685]}}, {"type": "Feature", "properties": {"osm_id": 4977793222, "osm_type": "node", "name": "Rukshmani Hospital", "amenity": "hospital"}, "geometry": {"type": "Point", "coordinates": [72.6193052, 22.9992751]}}, {"type": "Feature", "properties": {"osm_id": 6263502186, "osm_type": "node", "name": "Aarna Hospital", "amenity": "hospital"}, "geometry": {"type": "Point", "coordinates": [72.6023157, 22.995052]}}, {"type": "Feature", "properties": {"osm_id": 6968376270, "osm_type": "node", "name": "Kunal Medical Hospital, Ahmedabad", "amenity": "hospital"}, "geometry": {"type": "Point", "coordinates": [72.6250631, 22.9982535]}}, {"type": "Feature", "properties": {"osm_id": 6968859256, "osm_type": "node", "name": "Dhwani General Hospital, Nursing Home and Materity Home", "amenity": "hospital"}, "geometry": {"type": "Point", "coordinates": [72.6448899, 23.0146498]}}, {"type": "Feature", "properties": {"osm_id": 6969601197, "osm_type": "node", "name": "Matrupooja Eye Hospital", "amenity": "hospital"}, "geometry": {"type": "Point", "coordinates": [72.6024091, 22.9745791]}}, {"type": "Feature", "properties": {"osm_id": 6970081773, "osm_type": "node", "name": "Kadam Maternity Home and Sonography Clinic", "amenity": "clinic"}, "geometry": {"type": "Point", "coordinates": [72.5959302, 23.0061658]}}, {"type": "Feature", "properties": {"osm_id": 6970467886, "osm_type": "node", "name": "Aarti Surgical Nursing Home", "amenity": "hospital"}, "geometry": {"type": "Point", "coordinates": [72.6121724, 22.9960097]}}, {"type": "Feature", "properties": {"osm_id": 6970589180, "osm_type": "node", "name": "Shivam Eye Hospital", "amenity": "clinic"}, "geometry": {"type": "Point", "coordinates": [72.6359743, 22.9994009]}}, {"type": "Feature", "properties": {"osm_id": 6970637983, "osm_type": "node", "name": "Shubham Ent Hospital", "amenity": "hospital"}, "geometry": {"type": "Point", "coordinates": [72.645708, 23.0217991]}}, {"type": "Feature", "properties": {"osm_id": 6970647045, "osm_type": "node", "name": "Chhaya Maternity Nursing Home", "amenity": "clinic"}, "geometry": {"type": "Point", "coordinates": [72.599806, 22.9798599]}}, {"type": "Feature", "properties": {"osm_id": 6970724581, "osm_type": "node", "name": "Odhav Orthopaedic Hospital", "amenity": "hospital"}, "geometry": {"type": "Point", "coordinates": [72.6450308, 23.0123687]}}, {"type": "Feature", "properties": {"osm_id": 6970805021, "osm_type": "node", "name": "Akshar Surgical Hospital, Maninagar", "amenity": "hospital"}, "geometry": {"type": "Point", "coordinates": [72.6075442, 22.9950715]}}, {"type": "Feature", "properties": {"osm_id": 6970824544, "osm_type": "node", "name": "Synergy Neonatal and Pediatric Centre", "amenity": "hospital"}, "geometry": {"type": "Point", "coordinates": [72.6082537, 22.9957344]}}, {"type": "Feature", "properties": {"osm_id": 6970893337, "osm_type": "node", "name": "Jhanvi Fracture and Orthopaedic Hospital", "amenity": "hospital"}, "geometry": {"type": "Point", "coordinates": [72.6053086, 22.988069]}}, {"type": "Feature", "properties": {"osm_id": 6970969227, "osm_type": "node", "name": "Abhishek Hospital and Heart Centre", "amenity": "hospital"}, "geometry": {"type": "Point", "coordinates": [72.6079452, 22.9995355]}}, {"type": "Feature", "properties": {"osm_id": 6970994343, "osm_type": "node", "name": "Dhwani Children Hospital", "amenity": "hospital"}, "geometry": {"type": "Point", "coordinates": [72.5941667, 23.0222866]}}, {"type": "Feature", "properties": {"osm_id": 6971034528, "osm_type": "node", "name": "Jankalyan Hospital, Ahmedabad", "amenity": "hospital"}, "geometry": {"type": "Point", "coordinates": [72.5905041, 23.0013354]}}, {"type": "Feature", "properties": {"osm_id": 6971034538, "osm_type": "node", "name": "Dhruv Health Care", "amenity": "clinic"}, "geometry": {"type": "Point", "coordinates": [72.6318021, 22.9925296]}}, {"type": "Feature", "properties": {"osm_id": 6971932493, "osm_type": "node", "name": "Parimal Hospital, Ahmedabad", "amenity": "hospital"}, "geometry": {"type": "Point", "coordinates": [72.6090623, 22.9997731]}}, {"type": "Feature", "properties": {"osm_id": 6971932535, "osm_type": "node", "name": "Ratan Hospital", "amenity": "hospital"}, "geometry": {"type": "Point", "coordinates": [72.595249, 23.000933]}}, {"type": "Feature", "properties": {"osm_id": 6971932541, "osm_type": "node", "name": "Shilp Orthopaedics And Trauma Centre", "amenity": "hospital"}, "geometry": {"type": "Point", "coordinates": [72.6028711, 22.9830966]}}, {"type": "Feature", "properties": {"osm_id": 6971932546, "osm_type": "node", "name": "Shashvat Child Care", "amenity": "clinic"}, "geometry": {"type": "Point", "coordinates": [72.6174791, 22.9910938]}}, {"type": "Feature", "properties": {"osm_id": 6971932551, "osm_type": "node", "name": "Sardar Hosital", "amenity": "hospital"}, "geometry": {"type": "Point", "coordinates": [72.6009165, 22.9990899]}}, {"type": "Feature", "properties": {"osm_id": 6971932552, "osm_type": "node", "name": "Clear Vision Eye Hospital (Unit 3)", "amenity": "hospital"}, "geometry": {"type": "Point", "coordinates": [72.6048513, 23.0001972]}}, {"type": "Feature", "properties": {"osm_id": 6971932553, "osm_type": "node", "name": "Riddhi Medical Nursing Home", "amenity": "clinic"}, "geometry": {"type": "Point", "coordinates": [72.6037985, 22.993832]}}, {"type": "Feature", "properties": {"osm_id": 6971932554, "osm_type": "node", "name": "Kothari Onco Surgical Hospital", "amenity": "hospital"}, "geometry": {"type": "Point", "coordinates": [72.6038629, 22.9961937]}}, {"type": "Feature", "properties": {"osm_id": 6971932555, "osm_type": "node", "name": "Nilkanth Hospital", "amenity": "hospital"}, "geometry": {"type": "Point", "coordinates": [72.611707, 22.9914752]}}, {"type": "Feature", "properties": {"osm_id": 6971932576, "osm_type": "node", "name": "Ansuya General Hospital", "amenity": "hospital"}, "geometry": {"type": "Point", "coordinates": [72.6125311, 22.9906258]}}, {"type": "Feature", "properties": {"osm_id": 6971932581, "osm_type": "node", "name": "Aastha Hospital, Ahmedabad", "amenity": "hospital"}, "geometry": {"type": "Point", "coordinates": [72.6109077, 22.9979479]}}, {"type": "Feature", "properties": {"osm_id": 6971973786, "osm_type": "node", "name": "Ahmedabad Medical Centre", "amenity": "hospital"}, "geometry": {"type": "Point", "coordinates": [72.6118974, 22.9957122]}}, {"type": "Feature", "properties": {"osm_id": 6971973794, "osm_type": "node", "name": "Dr Sunil Shah's Eye Hospital", "amenity": "hospital"}, "geometry": {"type": "Point", "coordinates": [72.6037475, 22.9968677]}}, {"type": "Feature", "properties": {"osm_id": 6971973795, "osm_type": "node", "name": "Kamal Hospital, Ahmedabad", "amenity": "hospital"}, "geometry": {"type": "Point", "coordinates": [72.6119833, 22.9947147]}}, {"type": "Feature", "properties": {"osm_id": 6971973800, "osm_type": "node", "name": "Manoramya Children Hospital and Neonatal Centre", "amenity": "hospital"}, "geometry": {"type": "Point", "coordinates": [72.6039098, 22.9956326]}}, {"type": "Feature", "properties": {"osm_id": 6971973801, "osm_type": "node", "name": "Lavingia Orthopedic Hospital", "amenity": "hospital"}, "geometry": {"type": "Point", "coordinates": [72.6059188, 22.9922814]}}, {"type": "Feature", "properties": {"osm_id": 6974382565, "osm_type": "node", "name": "Divya Jeevan Medical Hospital", "amenity": "hospital"}, "geometry": {"type": "Point", "coordinates": [72.6389033, 23.0127168]}}, {"type": "Feature", "properties": {"osm_id": 6975489450, "osm_type": "node", "name": "Gujarat Hospital, Ahmedabad", "amenity": "hospital"}, "geometry": {"type": "Point", "coordinates": [72.6386267, 23.0045749]}}, {"type": "Feature", "properties": {"osm_id": 6975626580, "osm_type": "node", "name": "Ratan Deep Surgical And Endoscopy Clinic", "amenity": "clinic"}, "geometry": {"type": "Point", "coordinates": [72.6082449, 22.9990078]}}, {"type": "Feature", "properties": {"osm_id": 6975629568, "osm_type": "node", "name": "Hariom Multispeciality Hospital", "amenity": "hospital"}, "geometry": {"type": "Point", "coordinates": [72.6575299, 22.999875]}}, {"type": "Feature", "properties": {"osm_id": 6975865082, "osm_type": "node", "name": "Shreejee Hospital", "amenity": "hospital"}, "geometry": {"type": "Point", "coordinates": [72.6195304, 22.979135]}}, {"type": "Feature", "properties": {"osm_id": 6975868180, "osm_type": "node", "name": "Geeta Nursing Home, Ahmedabad", "amenity": "clinic"}, "geometry": {"type": "Point", "coordinates": [72.5971751, 23.0026356]}}, {"type": "Feature", "properties": {"osm_id": 6975868232, "osm_type": "node", "name": "Dr. Shurti Ent Hospital", "amenity": "hospital"}, "geometry": {"type": "Point", "coordinates": [72.6097913, 22.9980056]}}, {"type": "Feature", "properties": {"osm_id": 6975868242, "osm_type": "node", "name": "Babycare Children Hospital and Neonatal Centre", "amenity": "hospital"}, "geometry": {"type": "Point", "coordinates": [72.6291548, 22.9933987]}}, {"type": "Feature", "properties": {"osm_id": 6976523987, "osm_type": "node", "name": "Shreedhar Hospital, Ahmedabad", "amenity": "hospital"}, "geometry": {"type": "Point", "coordinates": [72.6591285, 23.000075]}}, {"type": "Feature", "properties": {"osm_id": 6977128122, "osm_type": "node", "name": "Ashirwad Surgical Hospital, C.T.M", "amenity": "hospital"}, "geometry": {"type": "Point", "coordinates": [72.6359045, 22.9997985]}}, {"type": "Feature", "properties": {"osm_id": 6977175156, "osm_type": "node", "name": "Dr. Shailesh Shah Surgical Hospital and End. Clinic", "amenity": "hospital"}, "geometry": {"type": "Point", "coordinates": [72.5988331, 23.0095864]}}, {"type": "Feature", "properties": {"osm_id": 6977562756, "osm_type": "node", "name": "Parth Eye Hospital, Ahmedabad", "amenity": "hospital"}, "geometry": {"type": "Point", "coordinates": [72.5901327, 23.0048092]}}, {"type": "Feature", "properties": {"osm_id": 6977953364, "osm_type": "node", "name": "Prabhu Nursing Home, Ahmedabad", "amenity": "clinic"}, "geometry": {"type": "Point", "coordinates": [72.6357423, 22.9993553]}}, {"type": "Feature", "properties": {"osm_id": 6978658096, "osm_type": "node", "name": "Dr.Soneji Hospital", "amenity": "hospital"}, "geometry": {"type": "Point", "coordinates": [72.5917406, 23.0017415]}}, {"type": "Feature", "properties": {"osm_id": 6978775436, "osm_type": "node", "name": "Rangam Multispeciality Hospital", "amenity": "hospital"}, "geometry": {"type": "Point", "coordinates": [72.6450951, 23.0099185]}}, {"type": "Feature", "properties": {"osm_id": 6979071770, "osm_type": "node", "name": "Trupti Heart and Medical Hospital, Ahmedabad", "amenity": "hospital"}, "geometry": {"type": "Point", "coordinates": [72.5905082, 23.0042895]}}, {"type": "Feature", "properties": {"osm_id": 6979391757, "osm_type": "node", "name": "Bhakti Maternity and Sonography Clinic", "amenity": "clinic"}, "geometry": {"type": "Point", "coordinates": [72.6355927, 23.0014002]}}, {"type": "Feature", "properties": {"osm_id": 6979537048, "osm_type": "node", "name": "Joitiba General Hospital, Ahmedabad", "amenity": "hospital"}, "geometry": {"type": "Point", "coordinates": [72.611884, 22.978619]}}, {"type": "Feature", "properties": {"osm_id": 6979632808, "osm_type": "node", "name": "Anoop Children Hospital", "amenity": "hospital"}, "geometry": {"type": "Point", "coordinates": [72.6321253, 22.9926876]}}, {"type": "Feature", "properties": {"osm_id": 6979967498, "osm_type": "node", "name": "Aniket Ent Hospital", "amenity": "hospital"}, "geometry": {"type": "Point", "coordinates": [72.632124, 22.9926333]}}, {"type": "Feature", "properties": {"osm_id": 6980792037, "osm_type": "node", "name": "Vatsalya Neonatal and Children Hospital", "amenity": "hospital"}, "geometry": {"type": "Point", "coordinates": [72.6388442, 23.0208659]}}, {"type": "Feature", "properties": {"osm_id": 6980928760, "osm_type": "node", "name": "Kanan Maternity and Nursing Home", "amenity": "clinic"}, "geometry": {"type": "Point", "coordinates": [72.6091146, 22.9977455]}}, {"type": "Feature", "properties": {"osm_id": 6980978805, "osm_type": "node", "name": "Arpan Orthopedic and Trauma Hospital", "amenity": "hospital"}, "geometry": {"type": "Point", "coordinates": [72.595257, 23.0024575]}}, {"type": "Feature", "properties": {"osm_id": 6981152500, "osm_type": "node", "name": "Pearl Eye Hospital", "amenity": "hospital"}, "geometry": {"type": "Point", "coordinates": [72.5806028, 23.0098432]}}, {"type": "Feature", "properties": {"osm_id": 6981476944, "osm_type": "node", "name": "Pallav J M Desai Memorial Hospital (Better Health Pvt.Ltd.)", "amenity": "hospital"}, "geometry": {"type": "Point", "coordinates": [72.6141009, 22.9947616]}}, {"type": "Feature", "properties": {"osm_id": 6981636786, "osm_type": "node", "name": "Rukshmani Medical Hospital", "amenity": "hospital"}, "geometry": {"type": "Point", "coordinates": [72.6334758, 23.0031785]}}, {"type": "Feature", "properties": {"osm_id": 6981777270, "osm_type": "node", "name": "Vraj Hospital and Heart Care Center", "amenity": "hospital"}, "geometry": {"type": "Point", "coordinates": [72.6021999, 22.980618]}}, {"type": "Feature", "properties": {"osm_id": 6981810684, "osm_type": "node", "name": "Raghuvir Eye Hospital", "amenity": "hospital"}, "geometry": {"type": "Point", "coordinates": [72.6074664, 22.9947925]}}, {"type": "Feature", "properties": {"osm_id": 6981883350, "osm_type": "node", "name": "Palak Hospital, Ahmedabad", "amenity": "hospital"}, "geometry": {"type": "Point", "coordinates": [72.6251891, 22.9989479]}}, {"type": "Feature", "properties": {"osm_id": 6981984751, "osm_type": "node", "name": "Palak Eye Hospital", "amenity": "hospital"}, "geometry": {"type": "Point", "coordinates": [72.6068804, 22.9949308]}}, {"type": "Feature", "properties": {"osm_id": 6981988165, "osm_type": "node", "name": "Rukshmani Government Hospital", "amenity": "hospital"}, "geometry": {"type": "Point", "coordinates": [72.6197255, 22.9994812]}}, {"type": "Feature", "properties": {"osm_id": 6981998855, "osm_type": "node", "name": "Ashirwad Children and Eye Hospital", "amenity": "hospital"}, "geometry": {"type": "Point", "coordinates": [72.6079211, 22.9978986]}}, {"type": "Feature", "properties": {"osm_id": 6982001505, "osm_type": "node", "name": "Ayushman Medical Hospital and Dignosis Center", "amenity": "hospital"}, "geometry": {"type": "Point", "coordinates": [72.6391487, 23.0237122]}}, {"type": "Feature", "properties": {"osm_id": 6982001606, "osm_type": "node", "name": "Ravi Surgical Hospital, Ahmedabad", "amenity": "hospital"}, "geometry": {"type": "Point", "coordinates": [72.6098563, 22.9980843]}}, {"type": "Feature", "properties": {"osm_id": 6982007106, "osm_type": "node", "name": "Shrreeji Surgical Hospital", "amenity": "hospital"}, "geometry": {"type": "Point", "coordinates": [72.625165, 22.9981609]}}, {"type": "Feature", "properties": {"osm_id": 6982197139, "osm_type": "node", "name": "Parth Eye Hospital, Isanpur", "amenity": "hospital"}, "geometry": {"type": "Point", "coordinates": [72.5997604, 22.9798932]}}, {"type": "Feature", "properties": {"osm_id": 6982581431, "osm_type": "node", "name": "Dr Dipak C Shah E N T Hospital", "amenity": "hospital"}, "geometry": {"type": "Point", "coordinates": [72.6121093, 22.9956523]}}, {"type": "Feature", "properties": {"osm_id": 6982731905, "osm_type": "node", "name": "Swapn Healthcare Hospital Pvt. Ltd", "amenity": "hospital"}, "geometry": {"type": "Point", "coordinates": [72.5971761, 22.9834237]}}, {"type": "Feature", "properties": {"osm_id": 6983317583, "osm_type": "node", "name": "Nadkarni's 21St Century Hospitals Pvt Ltd", "amenity": "hospital"}, "geometry": {"type": "Point", "coordinates": [72.6355197, 22.9979961]}}, {"type": "Feature", "properties": {"osm_id": 6983651326, "osm_type": "node", "name": "Dr, Nayan V Shah Surgical Hospital", "amenity": "hospital"}, "geometry": {"type": "Point", "coordinates": [72.5987479, 22.9809304]}}, {"type": "Feature", "properties": {"osm_id": 6983684511, "osm_type": "node", "name": "Shlok Medical and Heart Hospital", "amenity": "hospital"}, "geometry": {"type": "Point", "coordinates": [72.603419, 22.9872011]}}, {"type": "Feature", "properties": {"osm_id": 6983778648, "osm_type": "node", "name": "Vishwa Medical And Heart Hospital", "amenity": "hospital"}, "geometry": {"type": "Point", "coordinates": [72.595717, 23.0029007]}}, {"type": "Feature", "properties": {"osm_id": 6986103047, "osm_type": "node", "name": "Vivek Children Hospital, Khokhara", "amenity": "hospital"}, "geometry": {"type": "Point", "coordinates": [72.6183012, 23.0017465]}}, {"type": "Feature", "properties": {"osm_id": 6986504028, "osm_type": "node", "name": "Harshil Medical Nursing Home, Isanpur", "amenity": "clinic"}, "geometry": {"type": "Point", "coordinates": [72.5988619, 22.9813563]}}, {"type": "Feature", "properties": {"osm_id": 6986551300, "osm_type": "node", "name": "CGHS Dispensary No.2", "amenity": "clinic"}, "geometry": {"type": "Point", "coordinates": [72.5906262, 22.9998947]}}, {"type": "Feature", "properties": {"osm_id": 6986602483, "osm_type": "node", "name": "Ashirwad Hospital, Ahmedabad", "amenity": "hospital"}, "geometry": {"type": "Point", "coordinates": [72.611577, 22.9873418]}}, {"type": "Feature", "properties": {"osm_id": 6986605747, "osm_type": "node", "name": "Yogiji Medical Hospital", "amenity": "hospital"}, "geometry": {"type": "Point", "coordinates": [72.6247528, 22.9985353]}}, {"type": "Feature", "properties": {"osm_id": 6986629663, "osm_type": "node", "name": "Ashadeep Polyclinic and Nursing Home", "amenity": "clinic"}, "geometry": {"type": "Point", "coordinates": [72.6619636, 22.9291372]}}, {"type": "Feature", "properties": {"osm_id": 6986945344, "osm_type": "node", "name": "Geeta Maternity and Polyclinic Nursing Home", "amenity": "clinic"}, "geometry": {"type": "Point", "coordinates": [72.5982222, 22.9817137]}}, {"type": "Feature", "properties": {"osm_id": 6987724528, "osm_type": "node", "name": "Kuvar Ba General Hospital", "amenity": "hospital"}, "geometry": {"type": "Point", "coordinates": [72.6491044, 23.0114874]}}, {"type": "Feature", "properties": {"osm_id": 6988060743, "osm_type": "node", "name": "Dr. Ashish B. Dave", "amenity": "doctors"}, "geometry": {"type": "Point", "coordinates": [72.6092997, 22.9973331]}}, {"type": "Feature", "properties": {"osm_id": 6988322949, "osm_type": "node", "name": "Shukan Maternity Home", "amenity": "hospital"}, "geometry": {"type": "Point", "coordinates": [72.6562531, 22.996806]}}, {"type": "Feature", "properties": {"osm_id": 6988340023, "osm_type": "node", "name": "Rajni Women's Hospital and Research Centre", "amenity": "hospital"}, "geometry": {"type": "Point", "coordinates": [72.6338285, 22.9914333]}}, {"type": "Feature", "properties": {"osm_id": 6989132421, "osm_type": "node", "name": "Smruti Hospital", "amenity": "hospital"}, "geometry": {"type": "Point", "coordinates": [72.5904116, 23.0054634]}}, {"type": "Feature", "properties": {"osm_id": 6989164263, "osm_type": "node", "name": "Raj Maternity Home", "amenity": "hospital"}, "geometry": {"type": "Point", "coordinates": [72.6105885, 22.979024]}}, {"type": "Feature", "properties": {"osm_id": 6990257834, "osm_type": "node", "name": "Siddhi Vinayak Hospital, Ahmedabad", "amenity": "hospital"}, "geometry": {"type": "Point", "coordinates": [72.6064526, 23.0041352]}}, {"type": "Feature", "properties": {"osm_id": 6990678339, "osm_type": "node", "name": "Rajput Eye Hospital", "amenity": "hospital"}, "geometry": {"type": "Point", "coordinates": [72.6388724, 23.0129625]}}, {"type": "Feature", "properties": {"osm_id": 6990705581, "osm_type": "node", "name": "Het Childcare Hospital", "amenity": "hospital"}, "geometry": {"type": "Point", "coordinates": [72.6183441, 23.0028217]}}, {"type": "Feature", "properties": {"osm_id": 6990743054, "osm_type": "node", "name": "Dhwani General Hospital Nursing Home and Maternity Home", "amenity": "hospital"}, "geometry": {"type": "Point", "coordinates": [72.6449161, 23.0147326]}}, {"type": "Feature", "properties": {"osm_id": 6991109755, "osm_type": "node", "name": "Neha Children Hospitals and Neonatal Centre", "amenity": "hospital"}, "geometry": {"type": "Point", "coordinates": [72.5952208, 23.0031649]}}, {"type": "Feature", "properties": {"osm_id": 6991261574, "osm_type": "node", "name": "Jayshri Medical Hospital", "amenity": "hospital"}, "geometry": {"type": "Point", "coordinates": [72.6367199, 23.0048808]}}, {"type": "Feature", "properties": {"osm_id": 6993472071, "osm_type": "node", "name": "V and M Orthopaedic Centre", "amenity": "hospital"}, "geometry": {"type": "Point", "coordinates": [72.6068388, 22.9970288]}}, {"type": "Feature", "properties": {"osm_id": 6993552527, "osm_type": "node", "name": "Family Care Nursing Home", "amenity": "clinic"}, "geometry": {"type": "Point", "coordinates": [72.601811, 22.9834589]}}, {"type": "Feature", "properties": {"osm_id": 6993884689, "osm_type": "node", "name": "Giriraj Orthopaedic Hospital", "amenity": "hospital"}, "geometry": {"type": "Point", "coordinates": [72.5988793, 23.0094926]}}, {"type": "Feature", "properties": {"osm_id": 7862753690, "osm_type": "node", "name": "Shree Umiya Multi Speciality Hospital", "amenity": "hospital"}, "geometry": {"type": "Point", "coordinates": [72.593685, 23.019646]}}, {"type": "Feature", "properties": {"osm_id": 7862753691, "osm_type": "node", "name": "Vahedi Hospital", "amenity": "hospital"}, "geometry": {"type": "Point", "coordinates": [72.585958, 22.999361]}}, {"type": "Feature", "properties": {"osm_id": 7862753692, "osm_type": "node", "name": "Herbal Unani Clinic", "amenity": "clinic"}, "geometry": {"type": "Point", "coordinates": [72.582281, 23.014903]}}, {"type": "Feature", "properties": {"osm_id": 7862753693, "osm_type": "node", "name": "Jankalyan Janaseva Hospital", "amenity": "hospital"}, "geometry": {"type": "Point", "coordinates": [72.5912646, 22.9634073]}}, {"type": "Feature", "properties": {"osm_id": 7862753694, "osm_type": "node", "name": "Shruti ENT Hospital", "amenity": "hospital"}, "geometry": {"type": "Point", "coordinates": [72.609198, 22.997277]}}, {"type": "Feature", "properties": {"osm_id": 7862753696, "osm_type": "node", "name": "Apollo Clinic", "amenity": "clinic"}, "geometry": {"type": "Point", "coordinates": [72.608319, 22.999263]}}, {"type": "Feature", "properties": {"osm_id": 7862753697, "osm_type": "node", "name": "Child Care Surgical Hospital", "amenity": "hospital"}, "geometry": {"type": "Point", "coordinates": [72.610435, 22.997459]}}, {"type": "Feature", "properties": {"osm_id": 7862753698, "osm_type": "node", "name": "Mamta Maternity Home", "amenity": "hospital"}, "geometry": {"type": "Point", "coordinates": [72.5946245, 23.0234972]}}, {"type": "Feature", "properties": {"osm_id": 7862753699, "osm_type": "node", "name": "LM Referral Hospital", "amenity": "hospital"}, "geometry": {"type": "Point", "coordinates": [72.597401, 23.018949]}}, {"type": "Feature", "properties": {"osm_id": 7862753700, "osm_type": "node", "name": "Mysorewala Surgical Hospital", "amenity": "hospital"}, "geometry": {"type": "Point", "coordinates": [72.5900772, 23.0210847]}}, {"type": "Feature", "properties": {"osm_id": 7862753701, "osm_type": "node", "name": "Avishkar Multi Speciality, ICU and Trauma Centre", "amenity": "hospital"}, "geometry": {"type": "Point", "coordinates": [72.611857, 22.988104]}}, {"type": "Feature", "properties": {"osm_id": 7862753703, "osm_type": "node", "name": "Chanchalba Maternity Hospital", "amenity": "hospital"}, "geometry": {"type": "Point", "coordinates": [72.6003159, 22.9995851]}}, {"type": "Feature", "properties": {"osm_id": 7862753704, "osm_type": "node", "name": "Dr. Ramanlal Hospital", "amenity": "hospital"}, "geometry": {"type": "Point", "coordinates": [72.600585, 22.998028]}}, {"type": "Feature", "properties": {"osm_id": 7862753705, "osm_type": "node", "name": "Dr. Mubassir Saiyad", "amenity": "doctors"}, "geometry": {"type": "Point", "coordinates": [72.589145, 23.001855]}}, {"type": "Feature", "properties": {"osm_id": 7862753706, "osm_type": "node", "name": "Kilu ENT Hospital", "amenity": "hospital"}, "geometry": {"type": "Point", "coordinates": [72.6063718, 22.9970061]}}, {"type": "Feature", "properties": {"osm_id": 7862753709, "osm_type": "node", "name": "Bhanu Jit Maternity and Nursing Home", "amenity": "hospital"}, "geometry": {"type": "Point", "coordinates": [72.595118, 23.005749]}}, {"type": "Feature", "properties": {"osm_id": 7862753710, "osm_type": "node", "name": "Atharva Ayurveda Clinic and Panchakarma Centre", "amenity": "clinic"}, "geometry": {"type": "Point", "coordinates": [72.604633, 22.997505]}}, {"type": "Feature", "properties": {"osm_id": 7862753712, "osm_type": "node", "name": "Madhavbaug Clinic", "amenity": "clinic"}, "geometry": {"type": "Point", "coordinates": [72.603228, 23.000113]}}, {"type": "Feature", "properties": {"osm_id": 7862753715, "osm_type": "node", "name": "Shree Shakti General Hospital", "amenity": "hospital"}, "geometry": {"type": "Point", "coordinates": [72.5893488, 22.9666916]}}, {"type": "Feature", "properties": {"osm_id": 7862753716, "osm_type": "node", "name": "Sneh Clinic", "amenity": "clinic"}, "geometry": {"type": "Point", "coordinates": [72.608215, 22.998786]}}, {"type": "Feature", "properties": {"osm_id": 7862753717, "osm_type": "node", "name": "Artificial Eye Surgery", "amenity": "hospital"}, "geometry": {"type": "Point", "coordinates": [72.607654, 23.002052]}}, {"type": "Feature", "properties": {"osm_id": 7862753718, "osm_type": "node", "name": "Rupam Women's Clinic", "amenity": "clinic"}, "geometry": {"type": "Point", "coordinates": [72.5943965, 22.9982724]}}, {"type": "Feature", "properties": {"osm_id": 7862753720, "osm_type": "node", "name": "Maryam Hospital", "amenity": "hospital"}, "geometry": {"type": "Point", "coordinates": [72.588856, 22.981501]}}, {"type": "Feature", "properties": {"osm_id": 7862753721, "osm_type": "node", "name": "Gurunanak Hospital", "amenity": "hospital"}, "geometry": {"type": "Point", "coordinates": [72.616878, 22.984428]}}, {"type": "Feature", "properties": {"osm_id": 7862753722, "osm_type": "node", "name": "Hazrat Amina BIbi Hospital", "amenity": "hospital"}, "geometry": {"type": "Point", "coordinates": [72.5884667, 22.9947749]}}, {"type": "Feature", "properties": {"osm_id": 7862753723, "osm_type": "node", "name": "Dr. Nimesh Trivedi", "amenity": "doctors"}, "geometry": {"type": "Point", "coordinates": [72.5893216, 23.0202363]}}, {"type": "Feature", "properties": {"osm_id": 7862753724, "osm_type": "node", "name": "Sambhav General Hospital", "amenity": "hospital"}, "geometry": {"type": "Point", "coordinates": [72.583296, 23.006527]}}, {"type": "Feature", "properties": {"osm_id": 7862753725, "osm_type": "node", "name": "Niruj Rheumotogy Clinic", "amenity": "clinic"}, "geometry": {"type": "Point", "coordinates": [72.6021433, 22.9981001]}}, {"type": "Feature", "properties": {"osm_id": 7862753726, "osm_type": "node", "name": "Kushi Women Hospital", "amenity": "hospital"}, "geometry": {"type": "Point", "coordinates": [72.608195, 23.000266]}}, {"type": "Feature", "properties": {"osm_id": 7862753727, "osm_type": "node", "name": "Mithakhali Stavya Hospital", "amenity": "hospital"}, "geometry": {"type": "Point", "coordinates": [72.601663, 22.9969506]}}, {"type": "Feature", "properties": {"osm_id": 7862753729, "osm_type": "node", "name": "Narol ICU and Multi Speciality Hospital", "amenity": "hospital"}, "geometry": {"type": "Point", "coordinates": [72.5903719, 22.9646691]}}, {"type": "Feature", "properties": {"osm_id": 7862753730, "osm_type": "node", "name": "Dr. Kirit C. Shah", "amenity": "doctors"}, "geometry": {"type": "Point", "coordinates": [72.604134, 23.000123]}}, {"type": "Feature", "properties": {"osm_id": 7862753731, "osm_type": "node", "name": "Dr. Dave Eye Care", "amenity": "clinic"}, "geometry": {"type": "Point", "coordinates": [72.607469, 22.999176]}}, {"type": "Feature", "properties": {"osm_id": 7862753732, "osm_type": "node", "name": "Jatan Children Hospital", "amenity": "hospital"}, "geometry": {"type": "Point", "coordinates": [72.593349, 23.019026]}}, {"type": "Feature", "properties": {"osm_id": 7862753733, "osm_type": "node", "name": "Little Flower Neonatal and Pediatric Super Speciality Hospital", "amenity": "hospital"}, "geometry": {"type": "Point", "coordinates": [72.607322, 22.993645]}}, {"type": "Feature", "properties": {"osm_id": 7862753734, "osm_type": "node", "name": "Parikh Orthopedic Hospital", "amenity": "hospital"}, "geometry": {"type": "Point", "coordinates": [72.608657, 22.996403]}}, {"type": "Feature", "properties": {"osm_id": 7862753735, "osm_type": "node", "name": "Divya Children's Hospital", "amenity": "hospital"}, "geometry": {"type": "Point", "coordinates": [72.597732, 23.023421]}}, {"type": "Feature", "properties": {"osm_id": 7862753736, "osm_type": "node", "name": "Chinubhai Baronet Hospital", "amenity": "hospital"}, "geometry": {"type": "Point", "coordinates": [72.598982, 23.024842]}}, {"type": "Feature", "properties": {"osm_id": 7862753737, "osm_type": "node", "name": "Navdeep Hospital", "amenity": "hospital"}, "geometry": {"type": "Point", "coordinates": [72.596416, 23.003436]}}, {"type": "Feature", "properties": {"osm_id": 7862753738, "osm_type": "node", "name": "Hindu Muslim Ekta Trust Hospital", "amenity": "hospital"}, "geometry": {"type": "Point", "coordinates": [72.587951, 23.012988]}}, {"type": "Feature", "properties": {"osm_id": 7862753740, "osm_type": "node", "name": "Munsipal Hospital", "amenity": "hospital"}, "geometry": {"type": "Point", "coordinates": [72.585876, 23.009168]}}, {"type": "Feature", "properties": {"osm_id": 7862753741, "osm_type": "node", "name": "Mediclaim Hospital", "amenity": "hospital"}, "geometry": {"type": "Point", "coordinates": [72.5934357, 22.9646606]}}, {"type": "Feature", "properties": {"osm_id": 7862753742, "osm_type": "node", "name": "Maya Maternity Hospital", "amenity": "hospital"}, "geometry": {"type": "Point", "coordinates": [72.6075168, 22.9949326]}}, {"type": "Feature", "properties": {"osm_id": 7862753743, "osm_type": "node", "name": "Chhipa Welfare Trust Hospital", "amenity": "hospital"}, "geometry": {"type": "Point", "coordinates": [72.587351, 23.015985]}}, {"type": "Feature", "properties": {"osm_id": 7862753744, "osm_type": "node", "name": "TB Hospital", "amenity": "hospital"}, "geometry": {"type": "Point", "coordinates": [72.5908296, 23.0151021]}}, {"type": "Feature", "properties": {"osm_id": 7862753746, "osm_type": "node", "name": "Lavanya Clinic", "amenity": "clinic"}, "geometry": {"type": "Point", "coordinates": [72.6031299, 22.9928912]}}, {"type": "Feature", "properties": {"osm_id": 7862753747, "osm_type": "node", "name": "Diya Clinic", "amenity": "clinic"}, "geometry": {"type": "Point", "coordinates": [72.589033, 22.96343]}}, {"type": "Feature", "properties": {"osm_id": 7862753748, "osm_type": "node", "name": "Gandhi Charitable Homeopathy Clinic", "amenity": "clinic"}, "geometry": {"type": "Point", "coordinates": [72.6098995, 22.9964298]}}, {"type": "Feature", "properties": {"osm_id": 7862753749, "osm_type": "node", "name": "Sharda Surgical Hospital", "amenity": "hospital"}, "geometry": {"type": "Point", "coordinates": [72.609335, 22.997027]}}, {"type": "Feature", "properties": {"osm_id": 7862753751, "osm_type": "node", "name": "Shivam Children Hospital and Pediatric Critical Care Centre", "amenity": "hospital"}, "geometry": {"type": "Point", "coordinates": [72.6037424, 23.0003225]}}, {"type": "Feature", "properties": {"osm_id": 7862753753, "osm_type": "node", "name": "Aaditya Spine Hospital", "amenity": "hospital"}, "geometry": {"type": "Point", "coordinates": [72.5917151, 23.0058864]}}, {"type": "Feature", "properties": {"osm_id": 7862753755, "osm_type": "node", "name": "Dr. Tapan A Shah", "amenity": "doctors"}, "geometry": {"type": "Point", "coordinates": [72.6043884, 23.000179]}}, {"type": "Feature", "properties": {"osm_id": 7862753756, "osm_type": "node", "name": "Unique Speciality Clinic", "amenity": "clinic"}, "geometry": {"type": "Point", "coordinates": [72.5859446, 22.9821082]}}, {"type": "Feature", "properties": {"osm_id": 7862753757, "osm_type": "node", "name": "Safal Children Hospital", "amenity": "hospital"}, "geometry": {"type": "Point", "coordinates": [72.5877721, 23.0012666]}}, {"type": "Feature", "properties": {"osm_id": 7862753758, "osm_type": "node", "name": "Janani Women and Children Hospital", "amenity": "hospital"}, "geometry": {"type": "Point", "coordinates": [72.590532, 22.9644685]}}, {"type": "Feature", "properties": {"osm_id": 7862753759, "osm_type": "node", "name": "Devam Hospital", "amenity": "hospital"}, "geometry": {"type": "Point", "coordinates": [72.608487, 23.000081]}}, {"type": "Feature", "properties": {"osm_id": 7863727736, "osm_type": "node", "name": "Matru Chhaya Hospital", "amenity": "hospital"}, "geometry": {"type": "Point", "coordinates": [72.612253, 22.954141]}}, {"type": "Feature", "properties": {"osm_id": 7863727738, "osm_type": "node", "name": "Remedy Hospital", "amenity": "hospital"}, "geometry": {"type": "Point", "coordinates": [72.600519, 22.983088]}}, {"type": "Feature", "properties": {"osm_id": 7863727740, "osm_type": "node", "name": "Sparsh Multi Speciality Hospital", "amenity": "hospital"}, "geometry": {"type": "Point", "coordinates": [72.624931, 22.966305]}}, {"type": "Feature", "properties": {"osm_id": 7863727741, "osm_type": "node", "name": "Dirgayu Orthopedic Hospital", "amenity": "hospital"}, "geometry": {"type": "Point", "coordinates": [72.6010063, 22.9768837]}}, {"type": "Feature", "properties": {"osm_id": 7863727742, "osm_type": "node", "name": "Suman Hospital", "amenity": "hospital"}, "geometry": {"type": "Point", "coordinates": [72.611161, 22.981475]}}, {"type": "Feature", "properties": {"osm_id": 7863727743, "osm_type": "node", "name": "Kashiba General Hospital", "amenity": "hospital"}, "geometry": {"type": "Point", "coordinates": [72.615888, 22.953285]}}, {"type": "Feature", "properties": {"osm_id": 7863727744, "osm_type": "node", "name": "Dr. Bakulesh Madhu", "amenity": "doctors"}, "geometry": {"type": "Point", "coordinates": [72.598839, 22.981225]}}, {"type": "Feature", "properties": {"osm_id": 7863727745, "osm_type": "node", "name": "Vimala Hospital", "amenity": "hospital"}, "geometry": {"type": "Point", "coordinates": [72.617867, 22.967894]}}, {"type": "Feature", "properties": {"osm_id": 7863727746, "osm_type": "node", "name": "Doctor Bhatt's Hospital", "amenity": "hospital"}, "geometry": {"type": "Point", "coordinates": [72.604727, 22.971831]}}, {"type": "Feature", "properties": {"osm_id": 7863727747, "osm_type": "node", "name": "Medicure Hospital", "amenity": "hospital"}, "geometry": {"type": "Point", "coordinates": [72.5931204, 22.9704828]}}, {"type": "Feature", "properties": {"osm_id": 7863727748, "osm_type": "node", "name": "Ratan Hospital", "amenity": "hospital"}, "geometry": {"type": "Point", "coordinates": [72.592925, 22.977063]}}, {"type": "Feature", "properties": {"osm_id": 7863727749, "osm_type": "node", "name": "Dhanwantari Clinic", "amenity": "clinic"}, "geometry": {"type": "Point", "coordinates": [72.5969718, 22.9490816]}}, {"type": "Feature", "properties": {"osm_id": 7863727751, "osm_type": "node", "name": "Smruti Multi Speciality Hospital", "amenity": "hospital"}, "geometry": {"type": "Point", "coordinates": [72.611594, 22.974308]}}, {"type": "Feature", "properties": {"osm_id": 7863727752, "osm_type": "node", "name": "Dr. Jayshree Vadher", "amenity": "doctors"}, "geometry": {"type": "Point", "coordinates": [72.5993672, 22.9780991]}}, {"type": "Feature", "properties": {"osm_id": 7863727753, "osm_type": "node", "name": "Abhinav Clinic", "amenity": "clinic"}, "geometry": {"type": "Point", "coordinates": [72.6212151, 22.9457646]}}, {"type": "Feature", "properties": {"osm_id": 7863727754, "osm_type": "node", "name": "Harsh Hospital", "amenity": "hospital"}, "geometry": {"type": "Point", "coordinates": [72.6244409, 22.9515073]}}, {"type": "Feature", "properties": {"osm_id": 7863727755, "osm_type": "node", "name": "Shakur Children Hospital", "amenity": "hospital"}, "geometry": {"type": "Point", "coordinates": [72.5983418, 22.979498]}}, {"type": "Feature", "properties": {"osm_id": 7863727756, "osm_type": "node", "name": "Abhinav Hospital", "amenity": "hospital"}, "geometry": {"type": "Point", "coordinates": [72.6159949, 22.9664477]}}, {"type": "Feature", "properties": {"osm_id": 7863727757, "osm_type": "node", "name": "Lambha Skin Hospital", "amenity": "hospital"}, "geometry": {"type": "Point", "coordinates": [72.5760578, 22.9339127]}}, {"type": "Feature", "properties": {"osm_id": 7863727758, "osm_type": "node", "name": "Dr. Dharmendra Thakkar", "amenity": "doctors"}, "geometry": {"type": "Point", "coordinates": [72.615095, 22.9531942]}}, {"type": "Feature", "properties": {"osm_id": 7863727759, "osm_type": "node", "name": "Chiranjeevi Hospital", "amenity": "hospital"}, "geometry": {"type": "Point", "coordinates": [72.601692, 22.975087]}}, {"type": "Feature", "properties": {"osm_id": 7863727760, "osm_type": "node", "name": "Ashirvad Hospital", "amenity": "hospital"}, "geometry": {"type": "Point", "coordinates": [72.601175, 22.979475]}}, {"type": "Feature", "properties": {"osm_id": 7863727761, "osm_type": "node", "name": "Roshan General Hospital", "amenity": "hospital"}, "geometry": {"type": "Point", "coordinates": [72.61044, 22.963029]}}, {"type": "Feature", "properties": {"osm_id": 7863727762, "osm_type": "node", "name": "Jyoti Eye Care Hospital", "amenity": "hospital"}, "geometry": {"type": "Point", "coordinates": [72.6028164, 22.9831626]}}, {"type": "Feature", "properties": {"osm_id": 7863727763, "osm_type": "node", "name": "Dr. Pandya's Maternity Nursing Home", "amenity": "hospital"}, "geometry": {"type": "Point", "coordinates": [72.6024947, 22.9857798]}}, {"type": "Feature", "properties": {"osm_id": 7863727764, "osm_type": "node", "name": "Shyam Clinic", "amenity": "clinic"}, "geometry": {"type": "Point", "coordinates": [72.6221998, 22.9504545]}}, {"type": "Feature", "properties": {"osm_id": 7863727765, "osm_type": "node", "name": "Life Care Clinic", "amenity": "clinic"}, "geometry": {"type": "Point", "coordinates": [72.6238761, 22.9493294]}}, {"type": "Feature", "properties": {"osm_id": 7863727766, "osm_type": "node", "name": "Eye Sight Vision Care Hospital", "amenity": "hospital"}, "geometry": {"type": "Point", "coordinates": [72.610165, 22.978896]}}, {"type": "Feature", "properties": {"osm_id": 7863727767, "osm_type": "node", "name": "New Shraddha Hospital", "amenity": "hospital"}, "geometry": {"type": "Point", "coordinates": [72.5969418, 22.9797902]}}, {"type": "Feature", "properties": {"osm_id": 7863727768, "osm_type": "node", "name": "Vedanth Medical Hospital", "amenity": "hospital"}, "geometry": {"type": "Point", "coordinates": [72.606863, 22.981784]}}, {"type": "Feature", "properties": {"osm_id": 7863727769, "osm_type": "node", "name": "Dr. Binitha Desai", "amenity": "doctors"}, "geometry": {"type": "Point", "coordinates": [72.595312, 22.977918]}}, {"type": "Feature", "properties": {"osm_id": 7863727770, "osm_type": "node", "name": "Shree Gurukrupa Clinic", "amenity": "clinic"}, "geometry": {"type": "Point", "coordinates": [72.616696, 22.952831]}}, {"type": "Feature", "properties": {"osm_id": 7863727771, "osm_type": "node", "name": "Krishna General Hospital", "amenity": "hospital"}, "geometry": {"type": "Point", "coordinates": [72.614834, 22.93826]}}, {"type": "Feature", "properties": {"osm_id": 7863727772, "osm_type": "node", "name": "Balaji Speciality Hospital", "amenity": "hospital"}, "geometry": {"type": "Point", "coordinates": [72.611169, 22.978245]}}, {"type": "Feature", "properties": {"osm_id": 7863727773, "osm_type": "node", "name": "Noble Clinic", "amenity": "clinic"}, "geometry": {"type": "Point", "coordinates": [72.600505, 22.977722]}}, {"type": "Feature", "properties": {"osm_id": 7863727774, "osm_type": "node", "name": "Pramukh Hospital and Research Centre", "amenity": "hospital"}, "geometry": {"type": "Point", "coordinates": [72.6149817, 22.9382867]}}, {"type": "Feature", "properties": {"osm_id": 7863727775, "osm_type": "node", "name": "Indira Women's Care and Multi Speciality Hospital", "amenity": "hospital"}, "geometry": {"type": "Point", "coordinates": [72.598012, 22.948094]}}, {"type": "Feature", "properties": {"osm_id": 7863727776, "osm_type": "node", "name": "Seva Clinic", "amenity": "clinic"}, "geometry": {"type": "Point", "coordinates": [72.6092014, 22.9629705]}}, {"type": "Feature", "properties": {"osm_id": 7863727777, "osm_type": "node", "name": "Dirdhau Hospital", "amenity": "hospital"}, "geometry": {"type": "Point", "coordinates": [72.6032425, 22.9820852]}}, {"type": "Feature", "properties": {"osm_id": 7863727778, "osm_type": "node", "name": "U.N. Mehta Eye Hospital", "amenity": "hospital"}, "geometry": {"type": "Point", "coordinates": [72.618997, 22.958951]}}, {"type": "Feature", "properties": {"osm_id": 7863727780, "osm_type": "node", "name": "Dr. K.B. Bhagatariya Hospital", "amenity": "hospital"}, "geometry": {"type": "Point", "coordinates": [72.5872561, 22.972368]}}, {"type": "Feature", "properties": {"osm_id": 7863727781, "osm_type": "node", "name": "Aman Multi Speciality Hospital", "amenity": "hospital"}, "geometry": {"type": "Point", "coordinates": [72.608201, 22.9605]}}, {"type": "Feature", "properties": {"osm_id": 7863727782, "osm_type": "node", "name": "Apoorva Women's Hospital", "amenity": "hospital"}, "geometry": {"type": "Point", "coordinates": [72.6097705, 22.9787938]}}, {"type": "Feature", "properties": {"osm_id": 7863727783, "osm_type": "node", "name": "Shraddha Hospital", "amenity": "hospital"}, "geometry": {"type": "Point", "coordinates": [72.595008, 22.98027]}}, {"type": "Feature", "properties": {"osm_id": 7863727784, "osm_type": "node", "name": "Clear Vision Eye Hospital", "amenity": "hospital"}, "geometry": {"type": "Point", "coordinates": [72.608642, 22.978672]}}, {"type": "Feature", "properties": {"osm_id": 7863727785, "osm_type": "node", "name": "Akshar Hospital", "amenity": "hospital"}, "geometry": {"type": "Point", "coordinates": [72.610699, 22.98106]}}, {"type": "Feature", "properties": {"osm_id": 7863727786, "osm_type": "node", "name": "Shree Nathe Hospital", "amenity": "hospital"}, "geometry": {"type": "Point", "coordinates": [72.6023636, 22.9811997]}}, {"type": "Feature", "properties": {"osm_id": 7863727787, "osm_type": "node", "name": "Prerana Gynec and Maternity Hospital", "amenity": "hospital"}, "geometry": {"type": "Point", "coordinates": [72.602266, 22.974803]}}, {"type": "Feature", "properties": {"osm_id": 7863727788, "osm_type": "node", "name": "Dr. Shah's Maternity and Nursing Home", "amenity": "hospital"}, "geometry": {"type": "Point", "coordinates": [72.6026036, 22.9840852]}}, {"type": "Feature", "properties": {"osm_id": 7863727789, "osm_type": "node", "name": "Chirag Clinic", "amenity": "clinic"}, "geometry": {"type": "Point", "coordinates": [72.603897, 22.954932]}}, {"type": "Feature", "properties": {"osm_id": 7863727790, "osm_type": "node", "name": "Shreeji Children's Hospital", "amenity": "hospital"}, "geometry": {"type": "Point", "coordinates": [72.6029, 22.981784]}}, {"type": "Feature", "properties": {"osm_id": 7863727791, "osm_type": "node", "name": "Khana Clinic", "amenity": "clinic"}, "geometry": {"type": "Point", "coordinates": [72.6023803, 22.9525929]}}, {"type": "Feature", "properties": {"osm_id": 7863727792, "osm_type": "node", "name": "Shraddha Orthopaedic Hospital", "amenity": "hospital"}, "geometry": {"type": "Point", "coordinates": [72.598519, 22.9810392]}}, {"type": "Feature", "properties": {"osm_id": 7863727793, "osm_type": "node", "name": "Safal Hospital", "amenity": "hospital"}, "geometry": {"type": "Point", "coordinates": [72.611815, 22.957118]}}, {"type": "Feature", "properties": {"osm_id": 7863727794, "osm_type": "node", "name": "Shraddha Children Hospital", "amenity": "hospital"}, "geometry": {"type": "Point", "coordinates": [72.6022206, 22.9757579]}}, {"type": "Feature", "properties": {"osm_id": 7863727795, "osm_type": "node", "name": "Aatman Hospital", "amenity": "hospital"}, "geometry": {"type": "Point", "coordinates": [72.6001796, 22.983673]}}, {"type": "Feature", "properties": {"osm_id": 7863727796, "osm_type": "node", "name": "Swami Sadanand Hospital", "amenity": "hospital"}, "geometry": {"type": "Point", "coordinates": [72.6117361, 22.9598509]}}, {"type": "Feature", "properties": {"osm_id": 7863727797, "osm_type": "node", "name": "Chiranjeev Children Hospital", "amenity": "hospital"}, "geometry": {"type": "Point", "coordinates": [72.612341, 22.955252]}}, {"type": "Feature", "properties": {"osm_id": 7863727798, "osm_type": "node", "name": "Epic Clinic", "amenity": "clinic"}, "geometry": {"type": "Point", "coordinates": [72.610208, 22.963486]}}, {"type": "Feature", "properties": {"osm_id": 7863727799, "osm_type": "node", "name": "Anand Children Hospital", "amenity": "hospital"}, "geometry": {"type": "Point", "coordinates": [72.6009535, 22.9769658]}}, {"type": "Feature", "properties": {"osm_id": 7863727800, "osm_type": "node", "name": "Shri Ji Kripa Prasuti Griha Hospital", "amenity": "hospital"}, "geometry": {"type": "Point", "coordinates": [72.612777, 22.953387]}}, {"type": "Feature", "properties": {"osm_id": 7864058609, "osm_type": "node", "name": "Faiz Hospital", "amenity": "hospital"}, "geometry": {"type": "Point", "coordinates": [72.5794455, 22.996289]}}, {"type": "Feature", "properties": {"osm_id": 7864058627, "osm_type": "node", "name": "Mumtaz Hospital", "amenity": "hospital"}, "geometry": {"type": "Point", "coordinates": [72.5785891, 22.9966232]}}, {"type": "Feature", "properties": {"osm_id": 7864058653, "osm_type": "node", "name": "New Life Hospital", "amenity": "hospital"}, "geometry": {"type": "Point", "coordinates": [72.579059, 22.995486]}}, {"type": "Feature", "properties": {"osm_id": 7864058657, "osm_type": "node", "name": "Chepirog Hospital", "amenity": "hospital"}, "geometry": {"type": "Point", "coordinates": [72.576899, 23.001026]}}, {"type": "Feature", "properties": {"osm_id": 9653242417, "osm_type": "node", "name": "Vimla Hospital", "amenity": "hospital"}, "geometry": {"type": "Point", "coordinates": [72.6231298, 22.9767385]}}, {"type": "Feature", "properties": {"osm_id": 10172958961, "osm_type": "node", "name": "Ayushman Medical Hospital", "amenity": "hospital"}, "geometry": {"type": "Point", "coordinates": [72.6391848, 23.0237298]}}, {"type": "Feature", "properties": {"osm_id": 12871031670, "osm_type": "node", "name": "charvi Hospital", "amenity": "hospital"}, "geometry": {"type": "Point", "coordinates": [72.6715286, 22.9941963]}}, {"type": "Feature", "properties": {"osm_id": 318490585, "osm_type": "way", "name": "Narayana Hrudayalaya Hospital", "amenity": "hospital"}, "geometry": {"type": "LineString", "coordinates": [[72.6229598, 23.0220729], [72.6230223, 23.0231507], [72.6235474, 23.0232082], [72.6241558, 23.0227326], [72.6235182, 23.0221228], [72.6229598, 23.0220729]]}}, {"type": "Feature", "properties": {"osm_id": 326731569, "osm_type": "way", "name": "Lallubhai Gordhanbhai Municipal General Hospital", "amenity": "hospital"}, "geometry": {"type": "LineString", "coordinates": [[72.6056983, 22.9998773], [72.6056983, 22.9988823], [72.6049989, 22.998877], [72.6038399, 22.9988822], [72.6036215, 22.9998305], [72.6037167, 22.9999078], [72.604696, 22.9999104], [72.6056428, 22.999913], [72.6056983, 22.9998773]]}}, {"type": "Feature", "properties": {"osm_id": 332262395, "osm_type": "way", "name": "Victoria Jubilee Hospital", "amenity": "hospital"}, "geometry": {"type": "LineString", "coordinates": [[72.5984666, 23.023398], [72.5986437, 23.0258932], [72.6000601, 23.0270101], [72.6001671, 23.0268913], [72.6000527, 23.0252448], [72.5999716, 23.0250445], [72.5992154, 23.023768], [72.5989609, 23.0234285], [72.5988834, 23.023364], [72.5986769, 23.0233131], [72.5984777, 23.0232961], [72.5984666, 23.023398]]}}, {"type": "Feature", "properties": {"osm_id": 584631612, "osm_type": "way", "name": "Government Hospital Ghodasar", "amenity": "hospital"}, "geometry": {"type": "LineString", "coordinates": [[72.6161451, 22.991527], [72.6162342, 22.9910794], [72.6166312, 22.9911275], [72.6166581, 22.9913582], [72.6166295, 22.9914759], [72.6165286, 22.9914898], [72.6165152, 22.9915595], [72.6161451, 22.991527]]}}, {"type": "Feature", "properties": {"osm_id": 733071768, "osm_type": "way", "name": "Danilimda A.M.C Hospital", "amenity": "hospital"}, "geometry": {"type": "LineString", "coordinates": [[72.5838311, 22.9924532], [72.5838338, 22.9924112], [72.5838016, 22.9924013], [72.583815, 22.9922729], [72.5841449, 22.9923025], [72.5841315, 22.9924408], [72.5840671, 22.9924457], [72.5840048, 22.9924211], [72.5839719, 22.9924729], [72.5838311, 22.9924532]]}}, {"type": "Feature", "properties": {"osm_id": 1153428141, "osm_type": "way", "name": "", "amenity": "hospital"}, "geometry": {"type": "LineString", "coordinates": [[72.6120651, 22.9724874], [72.6126096, 22.9726405], [72.6127142, 22.9724899], [72.6128456, 22.9722281], [72.6123199, 22.9719219], [72.6120892, 22.9722405], [72.6120651, 22.9724874]]}}, {"type": "Feature", "properties": {"osm_id": 440320413, "osm_type": "node", "name": "Sterling Hospital Div. Of Addlife Medical Institute Pvt. Ltd.", "amenity": "hospital"}, "geometry": {"type": "Point", "coordinates": [72.5312683, 23.0487566]}}, {"type": "Feature", "properties": {"osm_id": 1349429248, "osm_type": "node", "name": "Health Center", "amenity": "hospital"}, "geometry": {"type": "Point", "coordinates": [72.5679365, 23.1039413]}}, {"type": "Feature", "properties": {"osm_id": 1779119065, "osm_type": "node", "name": "Apollo Pharmacy", "amenity": "pharmacy"}, "geometry": {"type": "Point", "coordinates": [72.5522734, 23.0456657]}}, {"type": "Feature", "properties": {"osm_id": 2211706795, "osm_type": "node", "name": "Kesharbhavani Medical Store", "amenity": "pharmacy"}, "geometry": {"type": "Point", "coordinates": [72.5643816, 23.0855329]}}, {"type": "Feature", "properties": {"osm_id": 3293760662, "osm_type": "node", "name": "saviour annexe hospital", "amenity": "hospital"}, "geometry": {"type": "Point", "coordinates": [72.5699511, 23.0368587]}}, {"type": "Feature", "properties": {"osm_id": 4415934891, "osm_type": "node", "name": "vizcare hospital", "amenity": "hospital"}, "geometry": {"type": "Point", "coordinates": [72.5363217, 23.0997272]}}, {"type": "Feature", "properties": {"osm_id": 4449189194, "osm_type": "node", "name": "Sunflower Womens Endo Infertility and Hospital Pvt. Ltd.", "amenity": "hospital"}, "geometry": {"type": "Point", "coordinates": [72.5412888, 23.0457576]}}, {"type": "Feature", "properties": {"osm_id": 4449189293, "osm_type": "node", "name": "little flower", "amenity": "hospital"}, "geometry": {"type": "Point", "coordinates": [72.533033, 23.0460963]}}, {"type": "Feature", "properties": {"osm_id": 4449201990, "osm_type": "node", "name": "May Flower Womens Hospital Pvt. Ltd.", "amenity": "hospital"}, "geometry": {"type": "Point", "coordinates": [72.5419051, 23.0455774]}}, {"type": "Feature", "properties": {"osm_id": 4451773894, "osm_type": "node", "name": "sunflower infertility clinic", "amenity": "clinic"}, "geometry": {"type": "Point", "coordinates": [72.541361, 23.0455615]}}, {"type": "Feature", "properties": {"osm_id": 4518445195, "osm_type": "node", "name": "West Cost pharma", "amenity": "pharmacy"}, "geometry": {"type": "Point", "coordinates": [72.536757, 23.087526]}}, {"type": "Feature", "properties": {"osm_id": 4572892513, "osm_type": "node", "name": "Aalisha Clinic", "amenity": "hospital"}, "geometry": {"type": "Point", "coordinates": [72.5638235, 23.0858856]}}, {"type": "Feature", "properties": {"osm_id": 4572893586, "osm_type": "node", "name": "BalMukund Hospital", "amenity": "hospital"}, "geometry": {"type": "Point", "coordinates": [72.5592841, 23.0932069]}}, {"type": "Feature", "properties": {"osm_id": 4585303203, "osm_type": "node", "name": "S G Hospital Chandlodiya", "amenity": "hospital"}, "geometry": {"type": "Point", "coordinates": [72.5512244, 23.0848906]}}, {"type": "Feature", "properties": {"osm_id": 4746799624, "osm_type": "node", "name": "Excel Eye Care", "amenity": "hospital"}, "geometry": {"type": "Point", "coordinates": [72.5287891, 23.0300762]}}, {"type": "Feature", "properties": {"osm_id": 4794228821, "osm_type": "node", "name": "Shivam X-ray & Sonography clinic", "amenity": "hospital"}, "geometry": {"type": "Point", "coordinates": [72.5700771, 23.0576222]}}, {"type": "Feature", "properties": {"osm_id": 5671259321, "osm_type": "node", "name": "Gita Medical Stores", "amenity": "pharmacy"}, "geometry": {"type": "Point", "coordinates": [72.5744221, 23.0795537]}}, {"type": "Feature", "properties": {"osm_id": 6968273217, "osm_type": "node", "name": "Samarpan General Hospital, Ahmedabad", "amenity": "hospital"}, "geometry": {"type": "Point", "coordinates": [72.5254109, 23.1053006]}}, {"type": "Feature", "properties": {"osm_id": 6968395410, "osm_type": "node", "name": "Nandan Maternity Home", "amenity": "hospital"}, "geometry": {"type": "Point", "coordinates": [72.5339005, 23.052184]}}, {"type": "Feature", "properties": {"osm_id": 6968404884, "osm_type": "node", "name": "Kalrav Children Hospital, Ahmedabad", "amenity": "hospital"}, "geometry": {"type": "Point", "coordinates": [72.5374953, 23.0501988]}}, {"type": "Feature", "properties": {"osm_id": 6968417889, "osm_type": "node", "name": "Cornea Foundation Hospital", "amenity": "hospital"}, "geometry": {"type": "Point", "coordinates": [72.5364487, 23.0461279]}}, {"type": "Feature", "properties": {"osm_id": 6968717525, "osm_type": "node", "name": "Chandrabhan Hospital and Gynac Institute", "amenity": "hospital"}, "geometry": {"type": "Point", "coordinates": [72.5338505, 23.0499504]}}, {"type": "Feature", "properties": {"osm_id": 6968717622, "osm_type": "node", "name": "Jagmohan Hospital, Ahmedabad", "amenity": "hospital"}, "geometry": {"type": "Point", "coordinates": [72.567755, 23.0383141]}}, {"type": "Feature", "properties": {"osm_id": 6968861334, "osm_type": "node", "name": "Samarpan Maternity And Urosurgical Hospital", "amenity": "hospital"}, "geometry": {"type": "Point", "coordinates": [72.5157067, 23.0506982]}}, {"type": "Feature", "properties": {"osm_id": 6969601213, "osm_type": "node", "name": "Mehta Hospital, Siddhachal", "amenity": "hospital"}, "geometry": {"type": "Point", "coordinates": [72.5258862, 23.047633]}}, {"type": "Feature", "properties": {"osm_id": 6969611589, "osm_type": "node", "name": "Poojan Children Hospital And Neonatal Care Centre", "amenity": "hospital"}, "geometry": {"type": "Point", "coordinates": [72.5591491, 23.072936]}}, {"type": "Feature", "properties": {"osm_id": 6969753319, "osm_type": "node", "name": "Cutis Cosmetic Plastic Surgery Centre", "amenity": "hospital"}, "geometry": {"type": "Point", "coordinates": [72.537851, 23.0589018]}}, {"type": "Feature", "properties": {"osm_id": 6969864002, "osm_type": "node", "name": "Minal Infertility Clinic and Nursing Home", "amenity": "hospital"}, "geometry": {"type": "Point", "coordinates": [72.5608003, 23.0519495]}}, {"type": "Feature", "properties": {"osm_id": 6969886484, "osm_type": "node", "name": "Navkar Surgical Hospital", "amenity": "hospital"}, "geometry": {"type": "Point", "coordinates": [72.5665131, 23.0486991]}}, {"type": "Feature", "properties": {"osm_id": 6969893727, "osm_type": "node", "name": "Navjyot Eye Hospital, Ahmedabad", "amenity": "hospital"}, "geometry": {"type": "Point", "coordinates": [72.5703567, 23.0575049]}}, {"type": "Feature", "properties": {"osm_id": 6969952025, "osm_type": "node", "name": "Samata Hospital Pvt.Ltd", "amenity": "hospital"}, "geometry": {"type": "Point", "coordinates": [72.5469075, 23.0827039]}}, {"type": "Feature", "properties": {"osm_id": 6969999192, "osm_type": "node", "name": "Amijeet Maternity Hospital", "amenity": "hospital"}, "geometry": {"type": "Point", "coordinates": [72.5595813, 23.0731324]}}, {"type": "Feature", "properties": {"osm_id": 6970024809, "osm_type": "node", "name": "Shreeji Orthopaedic And Ent Hospital", "amenity": "hospital"}, "geometry": {"type": "Point", "coordinates": [72.5333127, 23.0471787]}}, {"type": "Feature", "properties": {"osm_id": 6970039123, "osm_type": "node", "name": "Shivam Orthopaedic and Gynec Hospital", "amenity": "hospital"}, "geometry": {"type": "Point", "coordinates": [72.5325295, 23.0363111]}}, {"type": "Feature", "properties": {"osm_id": 6970101822, "osm_type": "node", "name": "Aakshardeep Eye Hospital", "amenity": "hospital"}, "geometry": {"type": "Point", "coordinates": [72.5245567, 23.0324778]}}, {"type": "Feature", "properties": {"osm_id": 6970133731, "osm_type": "node", "name": "Maruti Orthopedic Hospital, Nava Vadaj", "amenity": "hospital"}, "geometry": {"type": "Point", "coordinates": [72.5611098, 23.0674244]}}, {"type": "Feature", "properties": {"osm_id": 6970150307, "osm_type": "node", "name": "Chetna Maternity Home", "amenity": "hospital"}, "geometry": {"type": "Point", "coordinates": [72.5695668, 23.0467529]}}, {"type": "Feature", "properties": {"osm_id": 6970257402, "osm_type": "node", "name": "Udit Hospital Multi Speciality", "amenity": "hospital"}, "geometry": {"type": "Point", "coordinates": [72.5209209, 23.0502539]}}, {"type": "Feature", "properties": {"osm_id": 6970292851, "osm_type": "node", "name": "Life Care Institute Of Medical Sciences Research Hospital", "amenity": "hospital"}, "geometry": {"type": "Point", "coordinates": [72.5616422, 23.0474527]}}, {"type": "Feature", "properties": {"osm_id": 6970328005, "osm_type": "node", "name": "Vanza Hospital", "amenity": "hospital"}, "geometry": {"type": "Point", "coordinates": [72.4740118, 23.0307499]}}, {"type": "Feature", "properties": {"osm_id": 6970407444, "osm_type": "node", "name": "Marengo CIMS Hospital", "amenity": "hospital"}, "geometry": {"type": "Point", "coordinates": [72.5173965, 23.0700266]}}, {"type": "Feature", "properties": {"osm_id": 6970425348, "osm_type": "node", "name": "Dr Sanjay Gandhi Hospital", "amenity": "hospital"}, "geometry": {"type": "Point", "coordinates": [72.5411409, 23.02741]}}, {"type": "Feature", "properties": {"osm_id": 6970443687, "osm_type": "node", "name": "Dr Rupesh Shah Killol Children Hospital", "amenity": "hospital"}, "geometry": {"type": "Point", "coordinates": [72.5659485, 23.0396088]}}, {"type": "Feature", "properties": {"osm_id": 6970445298, "osm_type": "node", "name": "Kalyani Nursing Home and Sonography Clinic", "amenity": "clinic"}, "geometry": {"type": "Point", "coordinates": [72.571388, 23.1022078]}}, {"type": "Feature", "properties": {"osm_id": 6970462158, "osm_type": "node", "name": "Shraddha Surgical Hospital, Ahmedabad", "amenity": "hospital"}, "geometry": {"type": "Point", "coordinates": [72.5333825, 23.0482276]}}, {"type": "Feature", "properties": {"osm_id": 6970466463, "osm_type": "node", "name": "Rhythm Cardio Pulmonory Care Centre and Medical Hospital", "amenity": "hospital"}, "geometry": {"type": "Point", "coordinates": [72.5608045, 23.0521189]}}, {"type": "Feature", "properties": {"osm_id": 6970516599, "osm_type": "node", "name": "Shreeji Children Hospital", "amenity": "hospital"}, "geometry": {"type": "Point", "coordinates": [72.4747232, 23.0294544]}}, {"type": "Feature", "properties": {"osm_id": 6970541617, "osm_type": "node", "name": "Shrey Hospital", "amenity": "hospital"}, "geometry": {"type": "Point", "coordinates": [72.5647707, 23.0376566]}}, {"type": "Feature", "properties": {"osm_id": 6970544615, "osm_type": "node", "name": "Apex Heart Institute", "amenity": "hospital"}, "geometry": {"type": "Point", "coordinates": [72.5139306, 23.0457442]}}, {"type": "Feature", "properties": {"osm_id": 6970546266, "osm_type": "node", "name": "Hemato-Oncology Clinic", "amenity": "clinic"}, "geometry": {"type": "Point", "coordinates": [72.5598451, 23.0402628]}}, {"type": "Feature", "properties": {"osm_id": 6970568349, "osm_type": "node", "name": "Hina Maternity Nursing Home", "amenity": "clinic"}, "geometry": {"type": "Point", "coordinates": [72.5450407, 23.056809]}}, {"type": "Feature", "properties": {"osm_id": 6970584034, "osm_type": "node", "name": "Welcare Women's Hospital", "amenity": "hospital"}, "geometry": {"type": "Point", "coordinates": [72.5623058, 23.0453225]}}, {"type": "Feature", "properties": {"osm_id": 6970590541, "osm_type": "node", "name": "Arpan Newborncare Centre", "amenity": "hospital"}, "geometry": {"type": "Point", "coordinates": [72.5474321, 23.0411016]}}, {"type": "Feature", "properties": {"osm_id": 6970683370, "osm_type": "node", "name": "Clear Vision Eye Hospital (Unit 2)", "amenity": "hospital"}, "geometry": {"type": "Point", "coordinates": [72.5252219, 23.026235]}}, {"type": "Feature", "properties": {"osm_id": 6970688331, "osm_type": "node", "name": "Jatan Children Hospital, Ahmedabad", "amenity": "hospital"}, "geometry": {"type": "Point", "coordinates": [72.5628076, 23.0664632]}}, {"type": "Feature", "properties": {"osm_id": 6970711353, "osm_type": "node", "name": "Pulse Iccu and Hospital", "amenity": "hospital"}, "geometry": {"type": "Point", "coordinates": [72.566667, 23.0604581]}}, {"type": "Feature", "properties": {"osm_id": 6970714505, "osm_type": "node", "name": "Dr. Kaushik Vaidhya Medical Nursing Home", "amenity": "clinic"}, "geometry": {"type": "Point", "coordinates": [72.5449233, 23.0567189]}}, {"type": "Feature", "properties": {"osm_id": 6970724547, "osm_type": "node", "name": "Shree Raj Hospital, Ahmedabad", "amenity": "hospital"}, "geometry": {"type": "Point", "coordinates": [72.5326094, 23.0461853]}}, {"type": "Feature", "properties": {"osm_id": 6970724582, "osm_type": "node", "name": "Royal Maternity and Nursing Home", "amenity": "clinic"}, "geometry": {"type": "Point", "coordinates": [72.4726787, 23.0306956]}}, {"type": "Feature", "properties": {"osm_id": 6970724583, "osm_type": "node", "name": "Ami-Sagar Hospital", "amenity": "hospital"}, "geometry": {"type": "Point", "coordinates": [72.5667344, 23.0686632]}}, {"type": "Feature", "properties": {"osm_id": 6970732343, "osm_type": "node", "name": "Dr. Dilip Modi Hospital", "amenity": "hospital"}, "geometry": {"type": "Point", "coordinates": [72.5714216, 23.0285678]}}, {"type": "Feature", "properties": {"osm_id": 6970854205, "osm_type": "node", "name": "Navneet Memorial Hospital", "amenity": "hospital"}, "geometry": {"type": "Point", "coordinates": [72.561022, 23.0309628]}}, {"type": "Feature", "properties": {"osm_id": 6970872877, "osm_type": "node", "name": "Chandandwar Hospital", "amenity": "hospital"}, "geometry": {"type": "Point", "coordinates": [72.5265107, 23.0475378]}}, {"type": "Feature", "properties": {"osm_id": 6970930475, "osm_type": "node", "name": "Chaturbhai Mavawala Kidney Hospital and Laparoscopic", "amenity": "hospital"}, "geometry": {"type": "Point", "coordinates": [72.5699088, 23.0366258]}}, {"type": "Feature", "properties": {"osm_id": 6970981040, "osm_type": "node", "name": "Dr.Atul Shah Eye Hospital", "amenity": "hospital"}, "geometry": {"type": "Point", "coordinates": [72.535484, 23.061092]}}, {"type": "Feature", "properties": {"osm_id": 6971005459, "osm_type": "node", "name": "Umiya Surgical Hospital", "amenity": "hospital"}, "geometry": {"type": "Point", "coordinates": [72.5507015, 23.059151]}}, {"type": "Feature", "properties": {"osm_id": 6971034574, "osm_type": "node", "name": "Livewell Pain & Spine Hospital", "amenity": "hospital"}, "geometry": {"type": "Point", "coordinates": [72.5420791, 23.0456264]}}, {"type": "Feature", "properties": {"osm_id": 6971932520, "osm_type": "node", "name": "Centre For Sight, Ahmedabad", "amenity": "hospital"}, "geometry": {"type": "Point", "coordinates": [72.5554597, 23.0328801]}}, {"type": "Feature", "properties": {"osm_id": 6972590201, "osm_type": "node", "name": "Nidhi Eye Hospital, Ahmedabad", "amenity": "hospital"}, "geometry": {"type": "Point", "coordinates": [72.5518066, 23.061941]}}, {"type": "Feature", "properties": {"osm_id": 6972590215, "osm_type": "node", "name": "Modi Eye Care", "amenity": "clinic"}, "geometry": {"type": "Point", "coordinates": [72.5497999, 23.0578438]}}, {"type": "Feature", "properties": {"osm_id": 6972590220, "osm_type": "node", "name": "Panchal Urology Centre, Ahmedabad", "amenity": "hospital"}, "geometry": {"type": "Point", "coordinates": [72.5501624, 23.0437233]}}, {"type": "Feature", "properties": {"osm_id": 6972590229, "osm_type": "node", "name": "Hari Urosurgical Hospital and Andrology Centre", "amenity": "hospital"}, "geometry": {"type": "Point", "coordinates": [72.5591853, 23.0381253]}}, {"type": "Feature", "properties": {"osm_id": 6972590230, "osm_type": "node", "name": "Usha - Deep Hospital and Nursing Home", "amenity": "hospital"}, "geometry": {"type": "Point", "coordinates": [72.5598143, 23.0522086]}}, {"type": "Feature", "properties": {"osm_id": 6972590251, "osm_type": "node", "name": "Devi Hospital", "amenity": "hospital"}, "geometry": {"type": "Point", "coordinates": [72.5397232, 23.0559588]}}, {"type": "Feature", "properties": {"osm_id": 6972590252, "osm_type": "node", "name": "Shruti Maternity and Surgical Nursing Home", "amenity": "clinic"}, "geometry": {"type": "Point", "coordinates": [72.5448717, 23.0566239]}}, {"type": "Feature", "properties": {"osm_id": 6972590253, "osm_type": "node", "name": "Kaizen Hospital", "amenity": "hospital"}, "geometry": {"type": "Point", "coordinates": [72.5436849, 23.0469757]}}, {"type": "Feature", "properties": {"osm_id": 6972590270, "osm_type": "node", "name": "Milan Orthopaedic and Fracture Hospital", "amenity": "hospital"}, "geometry": {"type": "Point", "coordinates": [72.5338653, 23.0462186]}}, {"type": "Feature", "properties": {"osm_id": 6972590271, "osm_type": "node", "name": "Aroma Womens Hospital", "amenity": "hospital"}, "geometry": {"type": "Point", "coordinates": [72.53364, 23.0544607]}}, {"type": "Feature", "properties": {"osm_id": 6972590272, "osm_type": "node", "name": "Jain Hospital And Icu, Ahmedabad", "amenity": "hospital"}, "geometry": {"type": "Point", "coordinates": [72.533298, 23.0470491]}}, {"type": "Feature", "properties": {"osm_id": 6972590273, "osm_type": "node", "name": "Shreekrishna Hospital and Health Care Centre", "amenity": "hospital"}, "geometry": {"type": "Point", "coordinates": [72.533251, 23.0583588]}}, {"type": "Feature", "properties": {"osm_id": 6972590274, "osm_type": "node", "name": "Raghudeep Eye Clinic", "amenity": "clinic"}, "geometry": {"type": "Point", "coordinates": [72.5276975, 23.0469763]}}, {"type": "Feature", "properties": {"osm_id": 6972590275, "osm_type": "node", "name": "P.N.Desai Eye Hospital", "amenity": "hospital"}, "geometry": {"type": "Point", "coordinates": [72.531753, 23.0497418]}}, {"type": "Feature", "properties": {"osm_id": 6972590276, "osm_type": "node", "name": "Jaydeep Hospital, Ahmedabad", "amenity": "hospital"}, "geometry": {"type": "Point", "coordinates": [72.5505593, 23.0474249]}}, {"type": "Feature", "properties": {"osm_id": 6972590281, "osm_type": "node", "name": "Sharda Eye Hospital Phaco And Laser Centre - Ahmedabad", "amenity": "hospital"}, "geometry": {"type": "Point", "coordinates": [72.5338753, 23.0500997]}}, {"type": "Feature", "properties": {"osm_id": 6972590282, "osm_type": "node", "name": "Shantnam Eye Care Hospital", "amenity": "hospital"}, "geometry": {"type": "Point", "coordinates": [72.5419961, 23.0456349]}}, {"type": "Feature", "properties": {"osm_id": 6972590283, "osm_type": "node", "name": "Smruti Fracture Orthopedic Hospital", "amenity": "hospital"}, "geometry": {"type": "Point", "coordinates": [72.5345345, 23.0463111]}}, {"type": "Feature", "properties": {"osm_id": 6972590284, "osm_type": "node", "name": "Rajvee Ortho Spine and Child Neuro Hospital", "amenity": "hospital"}, "geometry": {"type": "Point", "coordinates": [72.5418225, 23.0455787]}}, {"type": "Feature", "properties": {"osm_id": 6972593085, "osm_type": "node", "name": "Kidney And Urology Hospital", "amenity": "hospital"}, "geometry": {"type": "Point", "coordinates": [72.5334294, 23.0492285]}}, {"type": "Feature", "properties": {"osm_id": 6972593091, "osm_type": "node", "name": "Neil Hospital, Ahmedabad", "amenity": "hospital"}, "geometry": {"type": "Point", "coordinates": [72.5305755, 23.0529941]}}, {"type": "Feature", "properties": {"osm_id": 6972593092, "osm_type": "node", "name": "Surveen Children Hospital And Vaccination Centre", "amenity": "hospital"}, "geometry": {"type": "Point", "coordinates": [72.5209102, 23.0553553]}}, {"type": "Feature", "properties": {"osm_id": 6972593093, "osm_type": "node", "name": "Avataran Eye Hospital and Oculoplasty Clinic", "amenity": "hospital"}, "geometry": {"type": "Point", "coordinates": [72.522199, 23.0371812]}}, {"type": "Feature", "properties": {"osm_id": 6972593094, "osm_type": "node", "name": "Akshay Heart and Medical Hospital", "amenity": "hospital"}, "geometry": {"type": "Point", "coordinates": [72.5271638, 23.0311411]}}, {"type": "Feature", "properties": {"osm_id": 6973933639, "osm_type": "node", "name": "Samdev Urology and Surgery Clinic", "amenity": "clinic"}, "geometry": {"type": "Point", "coordinates": [72.5583807, 23.0402999]}}, {"type": "Feature", "properties": {"osm_id": 6973933640, "osm_type": "node", "name": "Nova Pulse Ivf Clinic Ahmedabad Pvt.Ltd.", "amenity": "clinic"}, "geometry": {"type": "Point", "coordinates": [72.5585751, 23.0385165]}}, {"type": "Feature", "properties": {"osm_id": 6973933641, "osm_type": "node", "name": "Aalok Hospital, Ahmedabad", "amenity": "hospital"}, "geometry": {"type": "Point", "coordinates": [72.5716656, 23.0481314]}}, {"type": "Feature", "properties": {"osm_id": 6973933650, "osm_type": "node", "name": "Dr. Manish Ravals Hospital", "amenity": "hospital"}, "geometry": {"type": "Point", "coordinates": [72.5720197, 23.0542867]}}, {"type": "Feature", "properties": {"osm_id": 6973933651, "osm_type": "node", "name": "Harsh Neurosurgical Hospital", "amenity": "hospital"}, "geometry": {"type": "Point", "coordinates": [72.5720304, 23.0541596]}}, {"type": "Feature", "properties": {"osm_id": 6973933652, "osm_type": "node", "name": "Bodycare Orthopaedic and Trauma Hospital", "amenity": "hospital"}, "geometry": {"type": "Point", "coordinates": [72.5720505, 23.0542275]}}, {"type": "Feature", "properties": {"osm_id": 6973933657, "osm_type": "node", "name": "Shalin Eyecare Hospital, Ahmedabad", "amenity": "hospital"}, "geometry": {"type": "Point", "coordinates": [72.5622028, 23.0472984]}}, {"type": "Feature", "properties": {"osm_id": 6973933658, "osm_type": "node", "name": "Devasya Kidney and Multi speciality Hospital, Ahmedabad", "amenity": "hospital"}, "geometry": {"type": "Point", "coordinates": [72.5703634, 23.0575728]}}, {"type": "Feature", "properties": {"osm_id": 6973933659, "osm_type": "node", "name": "Manshi Multispeciality Hospital", "amenity": "hospital"}, "geometry": {"type": "Point", "coordinates": [72.5621612, 23.0670629]}}, {"type": "Feature", "properties": {"osm_id": 6973933665, "osm_type": "node", "name": "Vardan Eye Hospital, Ahmedabad", "amenity": "hospital"}, "geometry": {"type": "Point", "coordinates": [72.5590418, 23.0728484]}}, {"type": "Feature", "properties": {"osm_id": 6973933666, "osm_type": "node", "name": "Kumud Heart Hospital and Medical Nursing Home, Ahmedabad", "amenity": "hospital"}, "geometry": {"type": "Point", "coordinates": [72.5578952, 23.0606194]}}, {"type": "Feature", "properties": {"osm_id": 6973933671, "osm_type": "node", "name": "Matruchhaya Children Hospital", "amenity": "hospital"}, "geometry": {"type": "Point", "coordinates": [72.5594985, 23.0584236]}}, {"type": "Feature", "properties": {"osm_id": 6973933676, "osm_type": "node", "name": "Neo Children Hospital", "amenity": "hospital"}, "geometry": {"type": "Point", "coordinates": [72.5500202, 23.0643212]}}, {"type": "Feature", "properties": {"osm_id": 6973933681, "osm_type": "node", "name": "Aastha Orthopaedic Hospital, Ahmedabad", "amenity": "hospital"}, "geometry": {"type": "Point", "coordinates": [72.4742572, 23.0296366]}}, {"type": "Feature", "properties": {"osm_id": 6973933682, "osm_type": "node", "name": "Aarambh Heart and Medical Hospital", "amenity": "hospital"}, "geometry": {"type": "Point", "coordinates": [72.5558715, 23.0591455]}}, {"type": "Feature", "properties": {"osm_id": 6973949891, "osm_type": "node", "name": "Sanghvi Hospital", "amenity": "hospital"}, "geometry": {"type": "Point", "coordinates": [72.5554725, 23.0584884]}}, {"type": "Feature", "properties": {"osm_id": 6973949892, "osm_type": "node", "name": "Riddhi Maternity Home", "amenity": "hospital"}, "geometry": {"type": "Point", "coordinates": [72.5555255, 23.0584551]}}, {"type": "Feature", "properties": {"osm_id": 6973949897, "osm_type": "node", "name": "Pruthvi Medical Nursing Home and Heart Centre", "amenity": "clinic"}, "geometry": {"type": "Point", "coordinates": [72.5626641, 23.0477513]}}, {"type": "Feature", "properties": {"osm_id": 6973949902, "osm_type": "node", "name": "Lady Care Womens Hospital Child Care", "amenity": "hospital"}, "geometry": {"type": "Point", "coordinates": [72.5476894, 23.0538437]}}, {"type": "Feature", "properties": {"osm_id": 6973949907, "osm_type": "node", "name": "Ankur Superspeciality Hospital", "amenity": "hospital"}, "geometry": {"type": "Point", "coordinates": [72.5562523, 23.0585304]}}, {"type": "Feature", "properties": {"osm_id": 6974438114, "osm_type": "node", "name": "Kalpana Maternity and Nursing Home, Ahmedabad", "amenity": "clinic"}, "geometry": {"type": "Point", "coordinates": [72.5310852, 23.0636536]}}, {"type": "Feature", "properties": {"osm_id": 6974588378, "osm_type": "node", "name": "Arthro Care Hospital", "amenity": "hospital"}, "geometry": {"type": "Point", "coordinates": [72.5211865, 23.0405047]}}, {"type": "Feature", "properties": {"osm_id": 6974599099, "osm_type": "node", "name": "Kheteswar Medical Educational and Research Centre Hospital", "amenity": "hospital"}, "geometry": {"type": "Point", "coordinates": [72.5654282, 23.0471775]}}, {"type": "Feature", "properties": {"osm_id": 6974747456, "osm_type": "node", "name": "Shail Eye Hospital", "amenity": "hospital"}, "geometry": {"type": "Point", "coordinates": [72.5609992, 23.0521364]}}, {"type": "Feature", "properties": {"osm_id": 6974764947, "osm_type": "node", "name": "Shah Hospital - Vadaj", "amenity": "hospital"}, "geometry": {"type": "Point", "coordinates": [72.5697197, 23.052411]}}, {"type": "Feature", "properties": {"osm_id": 6974862427, "osm_type": "node", "name": "Stavya Spine Hospital and Research Institute", "amenity": "hospital"}, "geometry": {"type": "Point", "coordinates": [72.5660652, 23.0259277]}}, {"type": "Feature", "properties": {"osm_id": 6974893894, "osm_type": "node", "name": "Vatsalya Maternity Nursing Home", "amenity": "clinic"}, "geometry": {"type": "Point", "coordinates": [72.5212294, 23.0344821]}}, {"type": "Feature", "properties": {"osm_id": 6974916862, "osm_type": "node", "name": "Gurukrupa Hospital, Ahmedabad", "amenity": "hospital"}, "geometry": {"type": "Point", "coordinates": [72.5352037, 23.0604405]}}, {"type": "Feature", "properties": {"osm_id": 6974947589, "osm_type": "node", "name": "Laxmi Heart and Medical Hospital", "amenity": "hospital"}, "geometry": {"type": "Point", "coordinates": [72.4775523, 23.0283086]}}, {"type": "Feature", "properties": {"osm_id": 6975089038, "osm_type": "node", "name": "Bopal Multispeciality Hospital", "amenity": "hospital"}, "geometry": {"type": "Point", "coordinates": [72.4717694, 23.0315422]}}, {"type": "Feature", "properties": {"osm_id": 6975130062, "osm_type": "node", "name": "Mother's Maternity and Nursing Home", "amenity": "hospital"}, "geometry": {"type": "Point", "coordinates": [72.549178, 23.0526874]}}, {"type": "Feature", "properties": {"osm_id": 6975283854, "osm_type": "node", "name": "Vaishali Hospital", "amenity": "hospital"}, "geometry": {"type": "Point", "coordinates": [72.4773833, 23.0283536]}}, {"type": "Feature", "properties": {"osm_id": 6975641054, "osm_type": "node", "name": "Deep Urosurgical Hospital", "amenity": "hospital"}, "geometry": {"type": "Point", "coordinates": [72.5623074, 23.0454856]}}, {"type": "Feature", "properties": {"osm_id": 6975686200, "osm_type": "node", "name": "Vadaj Orthopaedic Hospital", "amenity": "hospital"}, "geometry": {"type": "Point", "coordinates": [72.5692952, 23.0576184]}}, {"type": "Feature", "properties": {"osm_id": 6975737976, "osm_type": "node", "name": "Sahjanand Eye Care Hospital", "amenity": "hospital"}, "geometry": {"type": "Point", "coordinates": [72.5532469, 23.0403424]}}, {"type": "Feature", "properties": {"osm_id": 6975737981, "osm_type": "node", "name": "Maniar Hospital", "amenity": "hospital"}, "geometry": {"type": "Point", "coordinates": [72.5553042, 23.0328949]}}, {"type": "Feature", "properties": {"osm_id": 6975854570, "osm_type": "node", "name": "Aashwi E.N.T.Hospital", "amenity": "hospital"}, "geometry": {"type": "Point", "coordinates": [72.5290078, 23.0371183]}}, {"type": "Feature", "properties": {"osm_id": 6975865066, "osm_type": "node", "name": "Aarogyam Speciality Hospital", "amenity": "hospital"}, "geometry": {"type": "Point", "coordinates": [72.5556147, 23.0469542]}}, {"type": "Feature", "properties": {"osm_id": 6975865077, "osm_type": "node", "name": "Trisha Trauma Centre and Icu", "amenity": "hospital"}, "geometry": {"type": "Point", "coordinates": [72.5591303, 23.0713999]}}, {"type": "Feature", "properties": {"osm_id": 6975868154, "osm_type": "node", "name": "Harsiddh Hospital", "amenity": "hospital"}, "geometry": {"type": "Point", "coordinates": [72.5740326, 23.079662]}}, {"type": "Feature", "properties": {"osm_id": 6975868164, "osm_type": "node", "name": "Rushabh Uro Hospital", "amenity": "hospital"}, "geometry": {"type": "Point", "coordinates": [72.533758, 23.046184]}}, {"type": "Feature", "properties": {"osm_id": 6975868185, "osm_type": "node", "name": "Vallabh Surgical Hospital", "amenity": "hospital"}, "geometry": {"type": "Point", "coordinates": [72.5360284, 23.0594844]}}, {"type": "Feature", "properties": {"osm_id": 6976102868, "osm_type": "node", "name": "Sangini Hospital", "amenity": "hospital"}, "geometry": {"type": "Point", "coordinates": [72.5233135, 23.0250378]}}, {"type": "Feature", "properties": {"osm_id": 6976113859, "osm_type": "node", "name": "Aneri Children Hospital", "amenity": "hospital"}, "geometry": {"type": "Point", "coordinates": [72.5431028, 23.0694294]}}, {"type": "Feature", "properties": {"osm_id": 6976120285, "osm_type": "node", "name": "Raj Ent Hospital", "amenity": "hospital"}, "geometry": {"type": "Point", "coordinates": [72.5640978, 23.0519939]}}, {"type": "Feature", "properties": {"osm_id": 6976120295, "osm_type": "node", "name": "Valu Hospital", "amenity": "hospital"}, "geometry": {"type": "Point", "coordinates": [72.5616597, 23.0461976]}}, {"type": "Feature", "properties": {"osm_id": 6976489896, "osm_type": "node", "name": "Pankit Nursing Home", "amenity": "clinic"}, "geometry": {"type": "Point", "coordinates": [72.5661081, 23.0397778]}}, {"type": "Feature", "properties": {"osm_id": 6976524012, "osm_type": "node", "name": "Dr. Rajendra C. Patel Orthopaedic Nursing Home", "amenity": "clinic"}, "geometry": {"type": "Point", "coordinates": [72.5653041, 23.0315465]}}, {"type": "Feature", "properties": {"osm_id": 6977128145, "osm_type": "node", "name": "Sushri Jasumatiben Shantilal Surti Charitable General Hospital", "amenity": "hospital"}, "geometry": {"type": "Point", "coordinates": [72.5319609, 23.0256722]}}, {"type": "Feature", "properties": {"osm_id": 6977209293, "osm_type": "node", "name": "Vrundavan Hospital, Ahmedabad", "amenity": "hospital"}, "geometry": {"type": "Point", "coordinates": [72.5582439, 23.0471713]}}, {"type": "Feature", "properties": {"osm_id": 6977866283, "osm_type": "node", "name": "Pushpam Hospital, Ahmedabad", "amenity": "hospital"}, "geometry": {"type": "Point", "coordinates": [72.5697277, 23.1029936]}}, {"type": "Feature", "properties": {"osm_id": 6977886679, "osm_type": "node", "name": "Chhabra Eye Hospital", "amenity": "hospital"}, "geometry": {"type": "Point", "coordinates": [72.5268432, 23.0259215]}}, {"type": "Feature", "properties": {"osm_id": 6977959988, "osm_type": "node", "name": "Vatsalya Children Hospital, Ahmedabad", "amenity": "hospital"}, "geometry": {"type": "Point", "coordinates": [72.5337875, 23.0482795]}}, {"type": "Feature", "properties": {"osm_id": 6977983456, "osm_type": "node", "name": "Aastha Eye Hospital", "amenity": "hospital"}, "geometry": {"type": "Point", "coordinates": [72.5275755, 23.0255723]}}, {"type": "Feature", "properties": {"osm_id": 6977984314, "osm_type": "node", "name": "Gmers Medical College Hospital", "amenity": "hospital"}, "geometry": {"type": "Point", "coordinates": [72.524609, 23.0827619]}}, {"type": "Feature", "properties": {"osm_id": 6978013050, "osm_type": "node", "name": "Super Surgical Hospital, Ahmedabad", "amenity": "hospital"}, "geometry": {"type": "Point", "coordinates": [72.5594562, 23.0354102]}}, {"type": "Feature", "properties": {"osm_id": 6978023117, "osm_type": "node", "name": "Krishna Hospital and ICCU", "amenity": "hospital"}, "geometry": {"type": "Point", "coordinates": [72.5631899, 23.0672085]}}, {"type": "Feature", "properties": {"osm_id": 6978420762, "osm_type": "node", "name": "Jay Prasuti Gruh and Nursing Home", "amenity": "clinic"}, "geometry": {"type": "Point", "coordinates": [72.4778487, 23.0282894]}}, {"type": "Feature", "properties": {"osm_id": 6978561277, "osm_type": "node", "name": "Shantilal Parikh Hospital and Check Up Clinic", "amenity": "hospital"}, "geometry": {"type": "Point", "coordinates": [72.57069, 23.0373342]}}, {"type": "Feature", "properties": {"osm_id": 6978571652, "osm_type": "node", "name": "Dr.Anil V.Patel Eye Hospital", "amenity": "hospital"}, "geometry": {"type": "Point", "coordinates": [72.566613, 23.0671493]}}, {"type": "Feature", "properties": {"osm_id": 6978633948, "osm_type": "node", "name": "Dr.Nagoris Institute Hospital", "amenity": "hospital"}, "geometry": {"type": "Point", "coordinates": [72.5260802, 23.0263782]}}, {"type": "Feature", "properties": {"osm_id": 6978935663, "osm_type": "node", "name": "Astha Orthopedic and Spine Hospital", "amenity": "hospital"}, "geometry": {"type": "Point", "coordinates": [72.5629491, 23.0662892]}}, {"type": "Feature", "properties": {"osm_id": 6978995195, "osm_type": "node", "name": "Pramukh Neurosurgical Hosptial", "amenity": "hospital"}, "geometry": {"type": "Point", "coordinates": [72.5621706, 23.0411786]}}, {"type": "Feature", "properties": {"osm_id": 6979129057, "osm_type": "node", "name": "Aash Surgical Hospital", "amenity": "hospital"}, "geometry": {"type": "Point", "coordinates": [72.5624844, 23.0472453]}}, {"type": "Feature", "properties": {"osm_id": 6979198636, "osm_type": "node", "name": "Shree Mahavir Mutlispeciality Hospital and Icu", "amenity": "hospital"}, "geometry": {"type": "Point", "coordinates": [72.5355001, 23.0603035]}}, {"type": "Feature", "properties": {"osm_id": 6979224512, "osm_type": "node", "name": "Jainee Surgical Hospital", "amenity": "hospital"}, "geometry": {"type": "Point", "coordinates": [72.5666606, 23.0803277]}}, {"type": "Feature", "properties": {"osm_id": 6979298469, "osm_type": "node", "name": "Shri Rang Hospitaland Research Centre", "amenity": "hospital"}, "geometry": {"type": "Point", "coordinates": [72.5390634, 23.0767892]}}, {"type": "Feature", "properties": {"osm_id": 6979320336, "osm_type": "node", "name": "Brain and Spine Hospital", "amenity": "hospital"}, "geometry": {"type": "Point", "coordinates": [72.5659271, 23.0402678]}}, {"type": "Feature", "properties": {"osm_id": 6979376698, "osm_type": "node", "name": "Om Children Hospital", "amenity": "hospital"}, "geometry": {"type": "Point", "coordinates": [72.5306962, 23.0620742]}}, {"type": "Feature", "properties": {"osm_id": 6979404752, "osm_type": "node", "name": "Shashwat Hospital and Research Center, Ahmedabad", "amenity": "hospital"}, "geometry": {"type": "Point", "coordinates": [72.5332966, 23.0583008]}}, {"type": "Feature", "properties": {"osm_id": 6979534905, "osm_type": "node", "name": "Aditya Eye Hospital, Ahmedabad", "amenity": "hospital"}, "geometry": {"type": "Point", "coordinates": [72.5348282, 23.0499602]}}, {"type": "Feature", "properties": {"osm_id": 6979632818, "osm_type": "node", "name": "Aayush Surgical Hospital", "amenity": "hospital"}, "geometry": {"type": "Point", "coordinates": [72.5337466, 23.0462322]}}, {"type": "Feature", "properties": {"osm_id": 6979632882, "osm_type": "node", "name": "J J Hospital, Ahmedabad", "amenity": "hospital"}, "geometry": {"type": "Point", "coordinates": [72.5368439, 23.0731297]}}, {"type": "Feature", "properties": {"osm_id": 6979940473, "osm_type": "node", "name": "Chikhalkar Hospital and Iccu", "amenity": "hospital"}, "geometry": {"type": "Point", "coordinates": [72.5493899, 23.0561654]}}, {"type": "Feature", "properties": {"osm_id": 6979940478, "osm_type": "node", "name": "The Holistic Medical Centre Ayulink Ayurveda Hospital", "amenity": "hospital"}, "geometry": {"type": "Point", "coordinates": [72.5595984, 23.0379772]}}, {"type": "Feature", "properties": {"osm_id": 6980252908, "osm_type": "node", "name": "Aditya Multi-Speciality Hospital", "amenity": "hospital"}, "geometry": {"type": "Point", "coordinates": [72.5315224, 23.0632822]}}, {"type": "Feature", "properties": {"osm_id": 6980840228, "osm_type": "node", "name": "Motherhood Womens and Child Care Hospital", "amenity": "hospital"}, "geometry": {"type": "Point", "coordinates": [72.5125068, 23.0745277]}}, {"type": "Feature", "properties": {"osm_id": 6981405297, "osm_type": "node", "name": "Rainbow Super Speciality Children's Hospital", "amenity": "hospital"}, "geometry": {"type": "Point", "coordinates": [72.5286249, 23.0460902]}}, {"type": "Feature", "properties": {"osm_id": 6981446717, "osm_type": "node", "name": "Gayatri Heart And Medical Hospital, Bhimjipura", "amenity": "hospital"}, "geometry": {"type": "Point", "coordinates": [72.5647576, 23.0602795]}}, {"type": "Feature", "properties": {"osm_id": 6981550649, "osm_type": "node", "name": "Jalaram Hospital, Ahmedabad", "amenity": "hospital"}, "geometry": {"type": "Point", "coordinates": [72.5218208, 23.0277853]}}, {"type": "Feature", "properties": {"osm_id": 6981560332, "osm_type": "node", "name": "Kruti Orthopedic Hospital", "amenity": "hospital"}, "geometry": {"type": "Point", "coordinates": [72.5709508, 23.0464247]}}, {"type": "Feature", "properties": {"osm_id": 6981571792, "osm_type": "node", "name": "Banker`S Retina Clinic and Laser Centre", "amenity": "clinic"}, "geometry": {"type": "Point", "coordinates": [72.5542541, 23.0416302]}}, {"type": "Feature", "properties": {"osm_id": 6981681464, "osm_type": "node", "name": "CGHS Dispensary No.3", "amenity": "clinic"}, "geometry": {"type": "Point", "coordinates": [72.5694904, 23.0355015]}}, {"type": "Feature", "properties": {"osm_id": 6981694438, "osm_type": "node", "name": "HCG Cancer Centre", "amenity": "hospital"}, "geometry": {"type": "Point", "coordinates": [72.5227287, 23.0705004]}}, {"type": "Feature", "properties": {"osm_id": 6981802923, "osm_type": "node", "name": "Jaju Plastic Surgery Center", "amenity": "hospital"}, "geometry": {"type": "Point", "coordinates": [72.5592698, 23.0421276]}}, {"type": "Feature", "properties": {"osm_id": 6981922067, "osm_type": "node", "name": "Patel E.N.T Hospital", "amenity": "hospital"}, "geometry": {"type": "Point", "coordinates": [72.5712056, 23.0477933]}}, {"type": "Feature", "properties": {"osm_id": 6981937281, "osm_type": "node", "name": "Rosemaarry Womens Hospital", "amenity": "hospital"}, "geometry": {"type": "Point", "coordinates": [72.5260091, 23.0318187]}}, {"type": "Feature", "properties": {"osm_id": 6981966028, "osm_type": "node", "name": "Sainath Orhtopaedic Hospital", "amenity": "hospital"}, "geometry": {"type": "Point", "coordinates": [72.5360379, 23.0592152]}}, {"type": "Feature", "properties": {"osm_id": 6981984553, "osm_type": "node", "name": "HCG Multi Specialty Hospital", "amenity": "hospital"}, "geometry": {"type": "Point", "coordinates": [72.5642949, 23.0288615]}}, {"type": "Feature", "properties": {"osm_id": 6982009469, "osm_type": "node", "name": "Aalap Clinic and Surgical Nursing Home", "amenity": "clinic"}, "geometry": {"type": "Point", "coordinates": [72.5710642, 23.045074]}}, {"type": "Feature", "properties": {"osm_id": 6982031216, "osm_type": "node", "name": "Sukhmani Hospital / Saviour Annexe Hospital", "amenity": "hospital"}, "geometry": {"type": "Point", "coordinates": [72.5696392, 23.0364864]}}, {"type": "Feature", "properties": {"osm_id": 6982051126, "osm_type": "node", "name": "Auro Ent Hospital", "amenity": "hospital"}, "geometry": {"type": "Point", "coordinates": [72.5701462, 23.0578122]}}, {"type": "Feature", "properties": {"osm_id": 6982070577, "osm_type": "node", "name": "Sanjivani Eye Hospital and Phaco Centre, Ahmedabad", "amenity": "hospital"}, "geometry": {"type": "Point", "coordinates": [72.5615689, 23.0459888]}}, {"type": "Feature", "properties": {"osm_id": 6982092102, "osm_type": "node", "name": "Sanjeevani Hospital, Ahmedabad", "amenity": "hospital"}, "geometry": {"type": "Point", "coordinates": [72.5356453, 23.0595717]}}, {"type": "Feature", "properties": {"osm_id": 6982092139, "osm_type": "node", "name": "Hcg Medi-Surge Hospitals Private Limited", "amenity": "hospital"}, "geometry": {"type": "Point", "coordinates": [72.5643083, 23.0288813]}}, {"type": "Feature", "properties": {"osm_id": 6982092151, "osm_type": "node", "name": "The Vitreoretina Clinic and Eye Hospital", "amenity": "hospital"}, "geometry": {"type": "Point", "coordinates": [72.5161432, 23.0389016]}}, {"type": "Feature", "properties": {"osm_id": 6982092173, "osm_type": "node", "name": "Jay Umiya Hospital", "amenity": "hospital"}, "geometry": {"type": "Point", "coordinates": [72.5590798, 23.0728893]}}, {"type": "Feature", "properties": {"osm_id": 6982092222, "osm_type": "node", "name": "Siddhi Heart and Medical Hospital", "amenity": "hospital"}, "geometry": {"type": "Point", "coordinates": [72.5591692, 23.0729002]}}, {"type": "Feature", "properties": {"osm_id": 6982092223, "osm_type": "node", "name": "Ashish Orthopaedic Hospital, Ahmedabad", "amenity": "hospital"}, "geometry": {"type": "Point", "coordinates": [72.5273097, 23.0369328]}}, {"type": "Feature", "properties": {"osm_id": 6982092239, "osm_type": "node", "name": "Sanjivani Heart and Medical Hospital (Ahmedabad)", "amenity": "hospital"}, "geometry": {"type": "Point", "coordinates": [72.5701541, 23.0578196]}}, {"type": "Feature", "properties": {"osm_id": 6982197103, "osm_type": "node", "name": "Raksha Hospital Pvt Ltd", "amenity": "hospital"}, "geometry": {"type": "Point", "coordinates": [72.5174716, 23.036039]}}, {"type": "Feature", "properties": {"osm_id": 6982581436, "osm_type": "node", "name": "Adarsh Hospital, Ahmedabad", "amenity": "hospital"}, "geometry": {"type": "Point", "coordinates": [72.5663294, 23.0476847]}}, {"type": "Feature", "properties": {"osm_id": 6983294306, "osm_type": "node", "name": "Dr. Suresh K. Bhanshali", "amenity": "doctors"}, "geometry": {"type": "Point", "coordinates": [72.5652552, 23.0376687]}}, {"type": "Feature", "properties": {"osm_id": 6983409961, "osm_type": "node", "name": "J.Chirag Surgical Hospital", "amenity": "hospital"}, "geometry": {"type": "Point", "coordinates": [72.5624067, 23.0463124]}}, {"type": "Feature", "properties": {"osm_id": 6983440879, "osm_type": "node", "name": "Shri Yogeshwar General Hospital", "amenity": "hospital"}, "geometry": {"type": "Point", "coordinates": [72.5380576, 23.0812863]}}, {"type": "Feature", "properties": {"osm_id": 6983511155, "osm_type": "node", "name": "Mahalaxmi Maternity Nursing Home and Sonography Center", "amenity": "clinic"}, "geometry": {"type": "Point", "coordinates": [72.5355068, 23.0804227]}}, {"type": "Feature", "properties": {"osm_id": 6983511178, "osm_type": "node", "name": "Shaishav Children Hospital, Ahmedabad", "amenity": "hospital"}, "geometry": {"type": "Point", "coordinates": [72.5372905, 23.0592497]}}, {"type": "Feature", "properties": {"osm_id": 6983631097, "osm_type": "node", "name": "Bopal Eye Care Centre", "amenity": "hospital"}, "geometry": {"type": "Point", "coordinates": [72.4779037, 23.0288344]}}, {"type": "Feature", "properties": {"osm_id": 6983633938, "osm_type": "node", "name": "Devam Orthopaedic Hospital", "amenity": "hospital"}, "geometry": {"type": "Point", "coordinates": [72.5378671, 23.0590239]}}, {"type": "Feature", "properties": {"osm_id": 6983683410, "osm_type": "node", "name": "Samved Orthopaedic Hospital, Ahmedabad", "amenity": "hospital"}, "geometry": {"type": "Point", "coordinates": [72.5581983, 23.0405319]}}, {"type": "Feature", "properties": {"osm_id": 6983693366, "osm_type": "node", "name": "Dr. Devendra Patel Nursing Home", "amenity": "clinic"}, "geometry": {"type": "Point", "coordinates": [72.5625488, 23.0377477]}}, {"type": "Feature", "properties": {"osm_id": 6983723687, "osm_type": "node", "name": "Cheers Interventional Pain Management Hospital", "amenity": "hospital"}, "geometry": {"type": "Point", "coordinates": [72.5543117, 23.0403048]}}, {"type": "Feature", "properties": {"osm_id": 6986103057, "osm_type": "node", "name": "Dr Yashvant Chhatbar", "amenity": "doctors"}, "geometry": {"type": "Point", "coordinates": [72.571964, 23.1111304]}}, {"type": "Feature", "properties": {"osm_id": 6986279383, "osm_type": "node", "name": "Tirtham Surgical and Laparoscopic Centre", "amenity": "hospital"}, "geometry": {"type": "Point", "coordinates": [72.5304455, 23.0638572]}}, {"type": "Feature", "properties": {"osm_id": 6986477087, "osm_type": "node", "name": "Vedanta Institute Of Medical Sciences Hospital", "amenity": "hospital"}, "geometry": {"type": "Point", "coordinates": [72.5598545, 23.0402147]}}, {"type": "Feature", "properties": {"osm_id": 6986591574, "osm_type": "node", "name": "Lions Karnavati Shantaben Vishnubhai Patel Eye Hospital", "amenity": "hospital"}, "geometry": {"type": "Point", "coordinates": [72.5045286, 23.1224896]}}, {"type": "Feature", "properties": {"osm_id": 6986602477, "osm_type": "node", "name": "Devasya Superspeciality Kidney Institute and Research Centre", "amenity": "hospital"}, "geometry": {"type": "Point", "coordinates": [72.4773597, 23.0269892]}}, {"type": "Feature", "properties": {"osm_id": 6986605689, "osm_type": "node", "name": "Dr Pratap Desai Eye Clinic", "amenity": "clinic"}, "geometry": {"type": "Point", "coordinates": [72.5617717, 23.045286]}}, {"type": "Feature", "properties": {"osm_id": 6986605757, "osm_type": "node", "name": "Netram Care Eye Hospital", "amenity": "hospital"}, "geometry": {"type": "Point", "coordinates": [72.5305813, 23.062087]}}, {"type": "Feature", "properties": {"osm_id": 6986625079, "osm_type": "node", "name": "Dr.Saurabh Shah Orthopaedic Hospital", "amenity": "hospital"}, "geometry": {"type": "Point", "coordinates": [72.5629216, 23.0663546]}}, {"type": "Feature", "properties": {"osm_id": 6987434973, "osm_type": "node", "name": "Jigisha Nursing Home", "amenity": "clinic"}, "geometry": {"type": "Point", "coordinates": [72.5669832, 23.0657698]}}, {"type": "Feature", "properties": {"osm_id": 6987724550, "osm_type": "node", "name": "Vinayak Children Hospital-Ahmedabad", "amenity": "hospital"}, "geometry": {"type": "Point", "coordinates": [72.5679736, 23.0804356]}}, {"type": "Feature", "properties": {"osm_id": 6988407390, "osm_type": "node", "name": "Krishna Maternity Nursing Home", "amenity": "clinic"}, "geometry": {"type": "Point", "coordinates": [72.4780579, 23.0286529]}}, {"type": "Feature", "properties": {"osm_id": 6988501343, "osm_type": "node", "name": "Netr-The Eye Care Clinic, Ahmedabad", "amenity": "clinic"}, "geometry": {"type": "Point", "coordinates": [72.5263859, 23.0280247]}}, {"type": "Feature", "properties": {"osm_id": 6989122223, "osm_type": "node", "name": "Sitababa Hospital", "amenity": "hospital"}, "geometry": {"type": "Point", "coordinates": [72.5377853, 23.0626813]}}, {"type": "Feature", "properties": {"osm_id": 6989177912, "osm_type": "node", "name": "Rangshree Clinic", "amenity": "clinic"}, "geometry": {"type": "Point", "coordinates": [72.5579488, 23.0429384]}}, {"type": "Feature", "properties": {"osm_id": 6989221492, "osm_type": "node", "name": "Dr J J Vora Memorial General Hospital", "amenity": "hospital"}, "geometry": {"type": "Point", "coordinates": [72.5689566, 23.040701]}}, {"type": "Feature", "properties": {"osm_id": 6990595051, "osm_type": "node", "name": "Aastha Eye Care Centre", "amenity": "hospital"}, "geometry": {"type": "Point", "coordinates": [72.5428694, 23.0696614]}}, {"type": "Feature", "properties": {"osm_id": 6990990485, "osm_type": "node", "name": "Gayatri Childrens Hospital", "amenity": "hospital"}, "geometry": {"type": "Point", "coordinates": [72.5629981, 23.0671591]}}, {"type": "Feature", "properties": {"osm_id": 6991032343, "osm_type": "node", "name": "Chokshi Maternity Nursing Home and Sonography Clinic", "amenity": "clinic"}, "geometry": {"type": "Point", "coordinates": [72.5442159, 23.067744]}}, {"type": "Feature", "properties": {"osm_id": 6991207885, "osm_type": "node", "name": "Kavit Urosurgical Hospital", "amenity": "hospital"}, "geometry": {"type": "Point", "coordinates": [72.5659411, 23.0396353]}}, {"type": "Feature", "properties": {"osm_id": 6991208200, "osm_type": "node", "name": "Auroma Ent Hospital", "amenity": "hospital"}, "geometry": {"type": "Point", "coordinates": [72.5357951, 23.0598028]}}, {"type": "Feature", "properties": {"osm_id": 6993387967, "osm_type": "node", "name": "Bhadra Clinic Hospital", "amenity": "hospital"}, "geometry": {"type": "Point", "coordinates": [72.5586636, 23.0473058]}}, {"type": "Feature", "properties": {"osm_id": 6993572196, "osm_type": "node", "name": "Mahavir Clinic & Nursing Home", "amenity": "clinic"}, "geometry": {"type": "Point", "coordinates": [72.5696943, 23.1059184]}}, {"type": "Feature", "properties": {"osm_id": 6993703101, "osm_type": "node", "name": "Anand Eye Hospital,(Dr. Rohit Desai)", "amenity": "hospital"}, "geometry": {"type": "Point", "coordinates": [72.560481, 23.0519251]}}, {"type": "Feature", "properties": {"osm_id": 6993868949, "osm_type": "node", "name": "Killol Children Hospital", "amenity": "hospital"}, "geometry": {"type": "Point", "coordinates": [72.5641722, 23.0520284]}}, {"type": "Feature", "properties": {"osm_id": 6993975134, "osm_type": "node", "name": "Amdawad Eye Laser Hospitals Pvt Ltd", "amenity": "hospital"}, "geometry": {"type": "Point", "coordinates": [72.5454128, 23.027216]}}, {"type": "Feature", "properties": {"osm_id": 7864133778, "osm_type": "node", "name": "Hridaan Hospital & Pharmacy", "amenity": "hospital"}, "geometry": {"type": "Point", "coordinates": [72.5469031, 23.0943467]}}, {"type": "Feature", "properties": {"osm_id": 7864133783, "osm_type": "node", "name": "Shreeji ENT and Orthopaedic Hospital", "amenity": "hospital"}, "geometry": {"type": "Point", "coordinates": [72.5343808, 23.0464267]}}, {"type": "Feature", "properties": {"osm_id": 7864133785, "osm_type": "node", "name": "Dr. Shailesh Jain", "amenity": "doctors"}, "geometry": {"type": "Point", "coordinates": [72.527118, 23.031238]}}, {"type": "Feature", "properties": {"osm_id": 7864133797, "osm_type": "node", "name": "Life Care Hospital", "amenity": "hospital"}, "geometry": {"type": "Point", "coordinates": [72.459589, 23.032409]}}, {"type": "Feature", "properties": {"osm_id": 7864133804, "osm_type": "node", "name": "Tender Touch Children's Hospital", "amenity": "hospital"}, "geometry": {"type": "Point", "coordinates": [72.5247419, 23.0323612]}}, {"type": "Feature", "properties": {"osm_id": 7864133810, "osm_type": "node", "name": "Shivam Hospital", "amenity": "hospital"}, "geometry": {"type": "Point", "coordinates": [72.4658969, 23.0333202]}}, {"type": "Feature", "properties": {"osm_id": 7864133820, "osm_type": "node", "name": "Devi Hospital", "amenity": "hospital"}, "geometry": {"type": "Point", "coordinates": [72.5257914, 23.0310152]}}, {"type": "Feature", "properties": {"osm_id": 7864133824, "osm_type": "node", "name": "Dr. Manish Goyal", "amenity": "doctors"}, "geometry": {"type": "Point", "coordinates": [72.527537, 23.04711]}}, {"type": "Feature", "properties": {"osm_id": 7864133831, "osm_type": "node", "name": "Adarsh Hospital", "amenity": "hospital"}, "geometry": {"type": "Point", "coordinates": [72.4653431, 23.0341111]}}, {"type": "Feature", "properties": {"osm_id": 7864133836, "osm_type": "node", "name": "Satyam Hospital", "amenity": "hospital"}, "geometry": {"type": "Point", "coordinates": [72.546777, 23.0940118]}}, {"type": "Feature", "properties": {"osm_id": 7864133843, "osm_type": "node", "name": "Brinda Women's Hospital", "amenity": "hospital"}, "geometry": {"type": "Point", "coordinates": [72.5264512, 23.0405865]}}, {"type": "Feature", "properties": {"osm_id": 7864133850, "osm_type": "node", "name": "Shri Gordhandas Charitable Hospital", "amenity": "hospital"}, "geometry": {"type": "Point", "coordinates": [72.526418, 23.040905]}}, {"type": "Feature", "properties": {"osm_id": 7866803597, "osm_type": "node", "name": "Arvind Clinic", "amenity": "clinic"}, "geometry": {"type": "Point", "coordinates": [72.44412, 23.137604]}}, {"type": "Feature", "properties": {"osm_id": 10038497023, "osm_type": "node", "name": "INDU MEDICARE", "amenity": "hospital"}, "geometry": {"type": "Point", "coordinates": [72.4675268, 23.0451918]}}, {"type": "Feature", "properties": {"osm_id": 10172958942, "osm_type": "node", "name": "Sukhmani hospital", "amenity": "hospital"}, "geometry": {"type": "Point", "coordinates": [72.5696194, 23.036498]}}, {"type": "Feature", "properties": {"osm_id": 10172958943, "osm_type": "node", "name": "Sanjivani Eye Hospital", "amenity": "hospital"}, "geometry": {"type": "Point", "coordinates": [72.5615306, 23.046029]}}, {"type": "Feature", "properties": {"osm_id": 10172958944, "osm_type": "node", "name": "Shreyas Dental Hospital", "amenity": "hospital"}, "geometry": {"type": "Point", "coordinates": [72.5617682, 23.0482467]}}, {"type": "Feature", "properties": {"osm_id": 10172958945, "osm_type": "node", "name": "", "amenity": "hospital"}, "geometry": {"type": "Point", "coordinates": [72.5610257, 23.0673766]}}, {"type": "Feature", "properties": {"osm_id": 10172958946, "osm_type": "node", "name": "GuruKrupa Hospital", "amenity": "hospital"}, "geometry": {"type": "Point", "coordinates": [72.5352149, 23.0604678]}}, {"type": "Feature", "properties": {"osm_id": 10172958947, "osm_type": "node", "name": "Aneri CHildren Hospital", "amenity": "hospital"}, "geometry": {"type": "Point", "coordinates": [72.5431127, 23.0694667]}}, {"type": "Feature", "properties": {"osm_id": 10172958948, "osm_type": "node", "name": "Rosemary Womens Hospital", "amenity": "hospital"}, "geometry": {"type": "Point", "coordinates": [72.5259992, 23.0318655]}}, {"type": "Feature", "properties": {"osm_id": 10172958949, "osm_type": "node", "name": "Akshay Heart and Medical Hospital", "amenity": "hospital"}, "geometry": {"type": "Point", "coordinates": [72.5271428, 23.0311855]}}, {"type": "Feature", "properties": {"osm_id": 10172958950, "osm_type": "node", "name": "Sangini Hospital", "amenity": "hospital"}, "geometry": {"type": "Point", "coordinates": [72.5233013, 23.0251067]}}, {"type": "Feature", "properties": {"osm_id": 10172958964, "osm_type": "node", "name": "Aneri CHildren Hospital", "amenity": "hospital"}, "geometry": {"type": "Point", "coordinates": [72.5431262, 23.0694304]}}, {"type": "Feature", "properties": {"osm_id": 10172958965, "osm_type": "node", "name": "Cornea Foundation Hospital", "amenity": "hospital"}, "geometry": {"type": "Point", "coordinates": [72.536403, 23.0461549]}}, {"type": "Feature", "properties": {"osm_id": 10839117487, "osm_type": "node", "name": "KD Blossom", "amenity": "hospital"}, "geometry": {"type": "Point", "coordinates": [72.5415625, 23.1354749]}}, {"type": "Feature", "properties": {"osm_id": 10882768855, "osm_type": "node", "name": "Diva Women's Hospital", "amenity": "hospital"}, "geometry": {"type": "Point", "coordinates": [72.5219853, 23.0492471]}}, {"type": "Feature", "properties": {"osm_id": 11119044788, "osm_type": "node", "name": "Dr Alka Makwana - Arista Skin, Hair and Laser Clinic", "amenity": "doctors"}, "geometry": {"type": "Point", "coordinates": [72.5459217, 23.092598]}}, {"type": "Feature", "properties": {"osm_id": 11900351768, "osm_type": "node", "name": "ADORN Cosmetic Clinic", "amenity": "hospital"}, "geometry": {"type": "Point", "coordinates": [72.527325, 23.0255598]}}, {"type": "Feature", "properties": {"osm_id": 12055091288, "osm_type": "node", "name": "Trisha Hospital", "amenity": "clinic", "building": "yes"}, "geometry": {"type": "Point", "coordinates": [72.5594745, 23.0731673]}}, {"type": "Feature", "properties": {"osm_id": 257623327, "osm_type": "way", "name": "Sanjivani Super Speciality Hospital", "amenity": "hospital", "building": "hospital"}, "geometry": {"type": "LineString", "coordinates": [[72.5283242, 23.0403578], [72.5283592, 23.0402288], [72.5282564, 23.0402051], [72.5282769, 23.0401298], [72.5280635, 23.0400807], [72.528043, 23.0401561], [72.5280696, 23.0401622], [72.5280554, 23.0402144], [72.5281238, 23.0402302], [72.528103, 23.0403069], [72.5283242, 23.0403578]]}}, {"type": "Feature", "properties": {"osm_id": 316004546, "osm_type": "way", "name": "Columbia Asia Hospital", "amenity": "hospital"}, "geometry": {"type": "LineString", "coordinates": [[72.5119844, 23.0582986], [72.512333, 23.0575882], [72.5128522, 23.0578093], [72.5125035, 23.0585197], [72.5119844, 23.0582986]]}}, {"type": "Feature", "properties": {"osm_id": 356715675, "osm_type": "way", "name": "Dispensary", "amenity": "doctors", "building": "yes"}, "geometry": {"type": "LineString", "coordinates": [[72.5019396, 23.0296086], [72.5019403, 23.0293992], [72.5021225, 23.0293996], [72.5021219, 23.029609], [72.5019396, 23.0296086]]}}, {"type": "Feature", "properties": {"osm_id": 366805677, "osm_type": "way", "name": "", "amenity": "hospital"}, "geometry": {"type": "LineString", "coordinates": [[72.5277172, 23.0364344], [72.5277946, 23.0364314], [72.5277933, 23.0364034], [72.5278188, 23.0364024], [72.5278213, 23.0364304], [72.5278922, 23.0364276], [72.5278836, 23.0362382], [72.5278087, 23.0362411], [72.5278117, 23.036307], [72.5277926, 23.0363078], [72.5277896, 23.0362418], [72.5277086, 23.0362449], [72.5277172, 23.0364344]]}}, {"type": "Feature", "properties": {"osm_id": 367203318, "osm_type": "way", "name": "Sal Hospital and Medical Institute", "amenity": "hospital", "building": "hospital"}, "geometry": {"type": "LineString", "coordinates": [[72.5243717, 23.0496697], [72.5245202, 23.0496548], [72.5244714, 23.049242], [72.5243189, 23.0492573], [72.5243292, 23.0493439], [72.5243419, 23.0493426], [72.5243471, 23.0493864], [72.5242727, 23.0493939], [72.5242925, 23.0495614], [72.5243581, 23.0495548], [72.5243717, 23.0496697]]}}, {"type": "Feature", "properties": {"osm_id": 367432722, "osm_type": "way", "name": "Zydus Hospitals", "amenity": "hospital"}, "geometry": {"type": "LineString", "coordinates": [[72.517118, 23.0590469], [72.5179962, 23.0588641], [72.5177604, 23.0579497], [72.5168822, 23.0581597], [72.517118, 23.0590469]]}}, {"type": "Feature", "properties": {"osm_id": 487512848, "osm_type": "way", "name": "Infocus Diagnostics", "amenity": "hospital", "building": "hospital"}, "geometry": {"type": "LineString", "coordinates": [[72.5625257, 23.0393653], [72.5627417, 23.0395748], [72.5628257, 23.0395694], [72.5628351, 23.0395318], [72.5628316, 23.0394297], [72.562751, 23.0393664], [72.5628012, 23.0393105], [72.5626821, 23.0392181], [72.5625257, 23.0393653]]}}, {"type": "Feature", "properties": {"osm_id": 487512858, "osm_type": "way", "name": "Deep Urosurgical Hospital", "amenity": "hospital"}, "geometry": {"type": "LineString", "coordinates": [[72.5627384, 23.0401244], [72.5627455, 23.0400328], [72.5627109, 23.0400318], [72.5627089, 23.039986], [72.5626784, 23.0399832], [72.5626774, 23.0399682], [72.5626327, 23.0399673], [72.5626306, 23.0399813], [72.5626012, 23.0399823], [72.5625981, 23.04], [72.5625524, 23.0399926], [72.5625473, 23.0400917], [72.5625778, 23.0400936], [72.5625747, 23.0400655], [72.5626642, 23.0400711], [72.5626693, 23.0401011], [72.5627008, 23.0401085], [72.5626987, 23.0401263], [72.5627384, 23.0401244]]}}, {"type": "Feature", "properties": {"osm_id": 487512941, "osm_type": "way", "name": "Nidhi Hospital, Ahmedabad", "amenity": "hospital", "building": "hospital"}, "geometry": {"type": "LineString", "coordinates": [[72.5612674, 23.040171], [72.5612639, 23.0400179], [72.5615258, 23.0400114], [72.5615293, 23.040171], [72.5612674, 23.040171]]}}, {"type": "Feature", "properties": {"osm_id": 487512942, "osm_type": "way", "name": "", "amenity": "hospital", "building": "hospital"}, "geometry": {"type": "LineString", "coordinates": [[72.5612639, 23.0402915], [72.5612674, 23.0402231], [72.5614975, 23.0402231], [72.561501, 23.0402915], [72.5612639, 23.0402915]]}}, {"type": "Feature", "properties": {"osm_id": 746254979, "osm_type": "way", "name": "Shaishav Children Hospital", "amenity": "hospital"}, "geometry": {"type": "LineString", "coordinates": [[72.5372251, 23.0593369], [72.5373359, 23.0593247], [72.5373127, 23.0591464], [72.5372019, 23.0591586], [72.5372251, 23.0593369]]}}, {"type": "Feature", "properties": {"osm_id": 1153424460, "osm_type": "way", "name": "Lions Karnavati Shantaben Vishnubhai Patel Eye Hospital", "amenity": "hospital"}, "geometry": {"type": "LineString", "coordinates": [[72.5038625, 23.1229767], [72.5048783, 23.1231881], [72.5052676, 23.1221243], [72.5046411, 23.121964], [72.5041294, 23.1220527], [72.504033, 23.1223596], [72.5038625, 23.1229767]]}}, {"type": "Feature", "properties": {"osm_id": 1153427198, "osm_type": "way", "name": "", "amenity": "hospital"}, "geometry": {"type": "LineString", "coordinates": [[72.5235439, 23.0540983], [72.5236282, 23.0542759], [72.5239411, 23.054137], [72.5238677, 23.0539343], [72.5235439, 23.0540983]]}}, {"type": "Feature", "properties": {"osm_id": 1324432333, "osm_type": "way", "name": "Dr. Parth Amin (ENT Surgeon) Shaleen Hospital", "amenity": "hospital"}, "geometry": {"type": "LineString", "coordinates": [[72.5178271, 23.0756582], [72.5174632, 23.0757103], [72.5174491, 23.0754199], [72.5177735, 23.075369], [72.5177987, 23.0755176], [72.5178016, 23.0755332], [72.5178271, 23.0756582]]}}, {"type": "Feature", "properties": {"osm_id": 611572691, "osm_type": "node", "name": "", "amenity": "hospital"}, "geometry": {"type": "Point", "coordinates": [72.5917525, 23.0924908]}}, {"type": "Feature", "properties": {"osm_id": 3500454471, "osm_type": "node", "name": "Geeta Maternity Hospital", "amenity": "hospital"}, "geometry": {"type": "Point", "coordinates": [72.5901213, 23.0836049]}}, {"type": "Feature", "properties": {"osm_id": 3500459652, "osm_type": "node", "name": "Sabarmati Development Society Sanchalit Sheth Shri Pukhraj Raichand General Hospital", "amenity": "hospital"}, "geometry": {"type": "Point", "coordinates": [72.5906964, 23.0829627]}}, {"type": "Feature", "properties": {"osm_id": 3727529631, "osm_type": "node", "name": "GCS Medical College Hospital and Research Centre", "amenity": "hospital"}, "geometry": {"type": "Point", "coordinates": [72.6107232, 23.0389267]}}, {"type": "Feature", "properties": {"osm_id": 4341555092, "osm_type": "node", "name": "shilpa medical store", "amenity": "pharmacy"}, "geometry": {"type": "Point", "coordinates": [72.6371657, 23.047818]}}, {"type": "Feature", "properties": {"osm_id": 4423349191, "osm_type": "node", "name": "Aryan's Villa💞", "amenity": "pharmacy"}, "geometry": {"type": "Point", "coordinates": [72.584299, 23.0882437]}}, {"type": "Feature", "properties": {"osm_id": 4488014610, "osm_type": "node", "name": "Kidny hospital , asarwa", "amenity": "hospital"}, "geometry": {"type": "Point", "coordinates": [72.6074852, 23.0494133]}}, {"type": "Feature", "properties": {"osm_id": 4488016247, "osm_type": "node", "name": "Gujarat Institute Of Nursing Education And Research , Asarwa ,Ahemedabad", "amenity": "hospital"}, "geometry": {"type": "Point", "coordinates": [72.6071588, 23.0496453]}}, {"type": "Feature", "properties": {"osm_id": 4488020552, "osm_type": "node", "name": "Government Dental College and Hospital", "amenity": "hospital"}, "geometry": {"type": "Point", "coordinates": [72.604565, 23.0499136]}}, {"type": "Feature", "properties": {"osm_id": 4547563289, "osm_type": "node", "name": "", "amenity": "hospital"}, "geometry": {"type": "Point", "coordinates": [72.657885, 23.044384]}}, {"type": "Feature", "properties": {"osm_id": 6968282377, "osm_type": "node", "name": "Shree Bharti Vallabh Hospital", "amenity": "hospital"}, "geometry": {"type": "Point", "coordinates": [72.5928806, 23.0495869]}}, {"type": "Feature", "properties": {"osm_id": 6968418270, "osm_type": "node", "name": "Prathna Surgical And Medical Hospital", "amenity": "hospital"}, "geometry": {"type": "Point", "coordinates": [72.6411603, 23.056598]}}, {"type": "Feature", "properties": {"osm_id": 6968717606, "osm_type": "node", "name": "Jeevandeep Hospital, Sardanagar", "amenity": "hospital"}, "geometry": {"type": "Point", "coordinates": [72.6335469, 23.0856728]}}, {"type": "Feature", "properties": {"osm_id": 6968717638, "osm_type": "node", "name": "Vasudha Eye Hospital", "amenity": "hospital"}, "geometry": {"type": "Point", "coordinates": [72.5895064, 23.0834466]}}, {"type": "Feature", "properties": {"osm_id": 6968861329, "osm_type": "node", "name": "Kakadiya Hospital", "amenity": "hospital"}, "geometry": {"type": "Point", "coordinates": [72.6302853, 23.0401061]}}, {"type": "Feature", "properties": {"osm_id": 6969601192, "osm_type": "node", "name": "Suvan Eye Care", "amenity": "hospital"}, "geometry": {"type": "Point", "coordinates": [72.6369452, 23.0577024]}}, {"type": "Feature", "properties": {"osm_id": 6969601214, "osm_type": "node", "name": "Lifecare Emergency Centre", "amenity": "hospital"}, "geometry": {"type": "Point", "coordinates": [72.5789867, 23.0333194]}}, {"type": "Feature", "properties": {"osm_id": 6969874820, "osm_type": "node", "name": "Raj Nursing Home, Ahmedabad", "amenity": "clinic"}, "geometry": {"type": "Point", "coordinates": [72.6002191, 23.0524295]}}, {"type": "Feature", "properties": {"osm_id": 6969989859, "osm_type": "node", "name": "Community Health Centre, Singarva", "amenity": "clinic"}, "geometry": {"type": "Point", "coordinates": [72.6897398, 23.0252575]}}, {"type": "Feature", "properties": {"osm_id": 6970030047, "osm_type": "node", "name": "Anand Hospital and Multispeciality", "amenity": "hospital"}, "geometry": {"type": "Point", "coordinates": [72.6406024, 23.0459742]}}, {"type": "Feature", "properties": {"osm_id": 6970058728, "osm_type": "node", "name": "Satyam Children Hospital", "amenity": "hospital"}, "geometry": {"type": "Point", "coordinates": [72.5838657, 23.1148697]}}, {"type": "Feature", "properties": {"osm_id": 6970228163, "osm_type": "node", "name": "Akshardeep Orthopaedic Hospital, Shahibaug", "amenity": "hospital"}, "geometry": {"type": "Point", "coordinates": [72.5955185, 23.0539474]}}, {"type": "Feature", "properties": {"osm_id": 6970233678, "osm_type": "node", "name": "Tapan Hospital Pvt Ltd", "amenity": "hospital"}, "geometry": {"type": "Point", "coordinates": [72.6297381, 23.0360347]}}, {"type": "Feature", "properties": {"osm_id": 6970343514, "osm_type": "node", "name": "Metalia Hospital and ICCU, Diamond Market", "amenity": "hospital"}, "geometry": {"type": "Point", "coordinates": [72.6297938, 23.0361821]}}, {"type": "Feature", "properties": {"osm_id": 6970365464, "osm_type": "node", "name": "Chitrakut Surgical Hospital", "amenity": "hospital"}, "geometry": {"type": "Point", "coordinates": [72.6254641, 23.0352325]}}, {"type": "Feature", "properties": {"osm_id": 6970401154, "osm_type": "node", "name": "Jivansudha Heart and Medical Hospital", "amenity": "hospital"}, "geometry": {"type": "Point", "coordinates": [72.6059912, 23.0487003]}}, {"type": "Feature", "properties": {"osm_id": 6970426107, "osm_type": "node", "name": "Om Pediatric and Neonatal Criticare Hospital", "amenity": "hospital"}, "geometry": {"type": "Point", "coordinates": [72.5914751, 23.0997283]}}, {"type": "Feature", "properties": {"osm_id": 6970427669, "osm_type": "node", "name": "Priyal Hospital", "amenity": "hospital"}, "geometry": {"type": "Point", "coordinates": [72.6644231, 23.0605503]}}, {"type": "Feature", "properties": {"osm_id": 6970443663, "osm_type": "node", "name": "Anand Multi Speciality Hospital, Ahmedabad", "amenity": "hospital"}, "geometry": {"type": "Point", "coordinates": [72.5975604, 23.0551196]}}, {"type": "Feature", "properties": {"osm_id": 6970446765, "osm_type": "node", "name": "Jeevandeep Hospital, Shashibaug", "amenity": "hospital"}, "geometry": {"type": "Point", "coordinates": [72.5906771, 23.0494136]}}, {"type": "Feature", "properties": {"osm_id": 6970462555, "osm_type": "node", "name": "Baps Yogiji Maharaj Hospital", "amenity": "hospital"}, "geometry": {"type": "Point", "coordinates": [72.5887862, 23.0462013]}}, {"type": "Feature", "properties": {"osm_id": 6970512563, "osm_type": "node", "name": "Gitanjali Children Hospital", "amenity": "hospital"}, "geometry": {"type": "Point", "coordinates": [72.6595862, 23.0738176]}}, {"type": "Feature", "properties": {"osm_id": 6970516275, "osm_type": "node", "name": "Shilp E.N.T Clinic and Hospital", "amenity": "hospital"}, "geometry": {"type": "Point", "coordinates": [72.5930405, 23.1089581]}}, {"type": "Feature", "properties": {"osm_id": 6970522371, "osm_type": "node", "name": "Shivam Surgical Hospital", "amenity": "hospital"}, "geometry": {"type": "Point", "coordinates": [72.6528769, 23.0730267]}}, {"type": "Feature", "properties": {"osm_id": 6970537843, "osm_type": "node", "name": "Netra Jyoti Eye and Ent Hospital", "amenity": "hospital"}, "geometry": {"type": "Point", "coordinates": [72.588505, 23.1093376]}}, {"type": "Feature", "properties": {"osm_id": 6970546258, "osm_type": "node", "name": "Utkarsh Hospital, Ahmedabad", "amenity": "hospital"}, "geometry": {"type": "Point", "coordinates": [72.5783663, 23.1078991]}}, {"type": "Feature", "properties": {"osm_id": 6970549388, "osm_type": "node", "name": "Tilak Hospital (Multispeciality), Ahmedabad", "amenity": "hospital"}, "geometry": {"type": "Point", "coordinates": [72.6222763, 23.0334255]}}, {"type": "Feature", "properties": {"osm_id": 6970554098, "osm_type": "node", "name": "Sagar Orthopaedic Hospital, Bapunagar", "amenity": "hospital"}, "geometry": {"type": "Point", "coordinates": [72.630339, 23.0362408]}}, {"type": "Feature", "properties": {"osm_id": 6970555031, "osm_type": "node", "name": "Kalrav Nenotal And Children Hospital", "amenity": "hospital"}, "geometry": {"type": "Point", "coordinates": [72.6365779, 23.0389968]}}, {"type": "Feature", "properties": {"osm_id": 6970563969, "osm_type": "node", "name": "Savalia Hospital, (Dr. Anjana J Savalia)", "amenity": "doctors"}, "geometry": {"type": "Point", "coordinates": [72.6377883, 23.0333438]}}, {"type": "Feature", "properties": {"osm_id": 6970569366, "osm_type": "node", "name": "Panchshil Hospital", "amenity": "hospital"}, "geometry": {"type": "Point", "coordinates": [72.5919754, 23.0843348]}}, {"type": "Feature", "properties": {"osm_id": 6970575492, "osm_type": "node", "name": "Smruti Eye Hospital", "amenity": "clinic"}, "geometry": {"type": "Point", "coordinates": [72.6302717, 23.0395468]}}, {"type": "Feature", "properties": {"osm_id": 6970657650, "osm_type": "node", "name": "Vasundhara Medical Hospital", "amenity": "hospital"}, "geometry": {"type": "Point", "coordinates": [72.6252736, 23.0348264]}}, {"type": "Feature", "properties": {"osm_id": 6970732333, "osm_type": "node", "name": "Khara Fracture and Orthopaedic Hospital", "amenity": "hospital"}, "geometry": {"type": "Point", "coordinates": [72.5887057, 23.0826952]}}, {"type": "Feature", "properties": {"osm_id": 6970793021, "osm_type": "node", "name": "Navjivan Orthopaedic and Maternity Hospital", "amenity": "hospital"}, "geometry": {"type": "Point", "coordinates": [72.6427073, 23.0536919]}}, {"type": "Feature", "properties": {"osm_id": 6970826977, "osm_type": "node", "name": "Anand Surgical Hospital Ltd.", "amenity": "hospital"}, "geometry": {"type": "Point", "coordinates": [72.630925, 23.0549888]}}, {"type": "Feature", "properties": {"osm_id": 6970923829, "osm_type": "node", "name": "Chandramani Hospital", "amenity": "hospital"}, "geometry": {"type": "Point", "coordinates": [72.5948212, 23.0488268]}}, {"type": "Feature", "properties": {"osm_id": 6971932536, "osm_type": "node", "name": "Pooja Hospital, Ahmedabad", "amenity": "hospital"}, "geometry": {"type": "Point", "coordinates": [72.6207709, 23.0562136]}}, {"type": "Feature", "properties": {"osm_id": 6974284441, "osm_type": "node", "name": "Parth Maternity and Medical Nursing Home", "amenity": "clinic"}, "geometry": {"type": "Point", "coordinates": [72.6429051, 23.0542201]}}, {"type": "Feature", "properties": {"osm_id": 6974296173, "osm_type": "node", "name": "Jeel Children Hospital And Neonatal and Vaccination Center", "amenity": "hospital"}, "geometry": {"type": "Point", "coordinates": [72.6008186, 23.0549308]}}, {"type": "Feature", "properties": {"osm_id": 6974503519, "osm_type": "node", "name": "Sivmm Kidney Hospital", "amenity": "hospital"}, "geometry": {"type": "Point", "coordinates": [72.5912216, 23.0834799]}}, {"type": "Feature", "properties": {"osm_id": 6974509084, "osm_type": "node", "name": "U. N.Mehta Institute Of Cardiology and Research Centre", "amenity": "hospital"}, "geometry": {"type": "Point", "coordinates": [72.6013067, 23.0527257]}}, {"type": "Feature", "properties": {"osm_id": 6974515481, "osm_type": "node", "name": "Shreeji Neonatal and Child Care", "amenity": "hospital"}, "geometry": {"type": "Point", "coordinates": [72.5959396, 23.0544261]}}, {"type": "Feature", "properties": {"osm_id": 6974530664, "osm_type": "node", "name": "Sharda Eye Hospital", "amenity": "hospital"}, "geometry": {"type": "Point", "coordinates": [72.5920974, 23.0870576]}}, {"type": "Feature", "properties": {"osm_id": 6974791050, "osm_type": "node", "name": "Dhruvi ENT Hospital", "amenity": "hospital"}, "geometry": {"type": "Point", "coordinates": [72.5922891, 23.0872193]}}, {"type": "Feature", "properties": {"osm_id": 6974913360, "osm_type": "node", "name": "Kothari Hospital, Ahmedabad", "amenity": "hospital"}, "geometry": {"type": "Point", "coordinates": [72.6305442, 23.0855562]}}, {"type": "Feature", "properties": {"osm_id": 6975498331, "osm_type": "node", "name": "Aadya Eye and Ent Hospital", "amenity": "hospital"}, "geometry": {"type": "Point", "coordinates": [72.6398085, 23.0619138]}}, {"type": "Feature", "properties": {"osm_id": 6975593887, "osm_type": "node", "name": "Gayathri Hospital, Ahmedabad", "amenity": "hospital"}, "geometry": {"type": "Point", "coordinates": [72.6659513, 23.1018186]}}, {"type": "Feature", "properties": {"osm_id": 6975608462, "osm_type": "node", "name": "Rukshmani Surgical Hospital", "amenity": "hospital"}, "geometry": {"type": "Point", "coordinates": [72.6416056, 23.0518255]}}, {"type": "Feature", "properties": {"osm_id": 6975627959, "osm_type": "node", "name": "Sanket Children's Speciality Hospital", "amenity": "hospital"}, "geometry": {"type": "Point", "coordinates": [72.6442704, 23.0379081]}}, {"type": "Feature", "properties": {"osm_id": 6975631040, "osm_type": "node", "name": "Neelkamal Hospital Pvt Ltd (Pooja Hospital)", "amenity": "hospital"}, "geometry": {"type": "Point", "coordinates": [72.5912485, 23.0838969]}}, {"type": "Feature", "properties": {"osm_id": 6975633410, "osm_type": "node", "name": "Trupti Hospital, Saijpur", "amenity": "hospital"}, "geometry": {"type": "Point", "coordinates": [72.6422949, 23.0638912]}}, {"type": "Feature", "properties": {"osm_id": 6975657008, "osm_type": "node", "name": "Karnavati Super Speciality Hospital", "amenity": "hospital"}, "geometry": {"type": "Point", "coordinates": [72.6398112, 23.0604664]}}, {"type": "Feature", "properties": {"osm_id": 6975679362, "osm_type": "node", "name": "Sanskar Heart Care And Medical Hospital", "amenity": "hospital"}, "geometry": {"type": "Point", "coordinates": [72.5891134, 23.0981234]}}, {"type": "Feature", "properties": {"osm_id": 6975823755, "osm_type": "node", "name": "Parvati Jadav Hospital", "amenity": "hospital"}, "geometry": {"type": "Point", "coordinates": [72.6544695, 23.0763407]}}, {"type": "Feature", "properties": {"osm_id": 6975839535, "osm_type": "node", "name": "Matru Hospital, Ahmedabad", "amenity": "hospital"}, "geometry": {"type": "Point", "coordinates": [72.622926, 23.0302148]}}, {"type": "Feature", "properties": {"osm_id": 6975854571, "osm_type": "node", "name": "Pushpa Children Hospital and Neonatal Care", "amenity": "hospital"}, "geometry": {"type": "Point", "coordinates": [72.5980747, 23.1067781]}}, {"type": "Feature", "properties": {"osm_id": 6975896997, "osm_type": "node", "name": "Venkaria Ortho Hospital", "amenity": "hospital"}, "geometry": {"type": "Point", "coordinates": [72.6309961, 23.0388744]}}, {"type": "Feature", "properties": {"osm_id": 6976079944, "osm_type": "node", "name": "Poojan Maternity and Infertility Clinic", "amenity": "clinic"}, "geometry": {"type": "Point", "coordinates": [72.6528548, 23.0730915]}}, {"type": "Feature", "properties": {"osm_id": 6976102828, "osm_type": "node", "name": "Uma Maternity and Nursing Home", "amenity": "clinic"}, "geometry": {"type": "Point", "coordinates": [72.6627067, 23.0662385]}}, {"type": "Feature", "properties": {"osm_id": 6976113864, "osm_type": "node", "name": "Divya Jyot Eye Hospital", "amenity": "hospital"}, "geometry": {"type": "Point", "coordinates": [72.5911814, 23.0838463]}}, {"type": "Feature", "properties": {"osm_id": 6976136403, "osm_type": "node", "name": "Satyamev Hospital", "amenity": "hospital"}, "geometry": {"type": "Point", "coordinates": [72.5815442, 23.1204422]}}, {"type": "Feature", "properties": {"osm_id": 6976489668, "osm_type": "node", "name": "Saraswati Eye Hospital, Ahmedabad", "amenity": "hospital"}, "geometry": {"type": "Point", "coordinates": [72.6422057, 23.063798]}}, {"type": "Feature", "properties": {"osm_id": 6977547385, "osm_type": "node", "name": "Arihant Heart And Medical Hospital", "amenity": "hospital"}, "geometry": {"type": "Point", "coordinates": [72.5956231, 23.0538573]}}, {"type": "Feature", "properties": {"osm_id": 6977562492, "osm_type": "node", "name": "Sparsh Netralaya", "amenity": "hospital"}, "geometry": {"type": "Point", "coordinates": [72.595426, 23.0539511]}}, {"type": "Feature", "properties": {"osm_id": 6977588678, "osm_type": "node", "name": "Swastik Hospital, Ahmedabad", "amenity": "hospital"}, "geometry": {"type": "Point", "coordinates": [72.67597, 23.0395285]}}, {"type": "Feature", "properties": {"osm_id": 6977867216, "osm_type": "node", "name": "Swari Ent Hospital, Ahmedabad", "amenity": "hospital"}, "geometry": {"type": "Point", "coordinates": [72.583823, 23.0668688]}}, {"type": "Feature", "properties": {"osm_id": 6978383380, "osm_type": "node", "name": "Adwait Ent Hospital", "amenity": "hospital"}, "geometry": {"type": "Point", "coordinates": [72.5777945, 23.0400753]}}, {"type": "Feature", "properties": {"osm_id": 6978571769, "osm_type": "node", "name": "Sharda Clinic and Hospital", "amenity": "hospital"}, "geometry": {"type": "Point", "coordinates": [72.6049981, 23.0442336]}}, {"type": "Feature", "properties": {"osm_id": 6978612436, "osm_type": "node", "name": "Dr.Haroonbhai Jusabbhai Memon", "amenity": "doctors"}, "geometry": {"type": "Point", "coordinates": [72.5860812, 23.0273162]}}, {"type": "Feature", "properties": {"osm_id": 6978692867, "osm_type": "node", "name": "Eye Research Centre And Retina Foundation", "amenity": "hospital"}, "geometry": {"type": "Point", "coordinates": [72.5907777, 23.0557144]}}, {"type": "Feature", "properties": {"osm_id": 6978708767, "osm_type": "node", "name": "Prasad Hospital, Ahmedabad", "amenity": "hospital"}, "geometry": {"type": "Point", "coordinates": [72.6573488, 23.0496493]}}, {"type": "Feature", "properties": {"osm_id": 6978978091, "osm_type": "node", "name": "Amrut Arogyadham Medical Hospital", "amenity": "hospital"}, "geometry": {"type": "Point", "coordinates": [72.5849734, 23.1105464]}}, {"type": "Feature", "properties": {"osm_id": 6978995190, "osm_type": "node", "name": "Jay Orthopaedic Hospital", "amenity": "hospital"}, "geometry": {"type": "Point", "coordinates": [72.6002379, 23.0520957]}}, {"type": "Feature", "properties": {"osm_id": 6979173508, "osm_type": "node", "name": "Kanoria Hospital And Research Centre, Gandhinagar", "amenity": "hospital"}, "geometry": {"type": "Point", "coordinates": [72.6285593, 23.0993792]}}, {"type": "Feature", "properties": {"osm_id": 6979370261, "osm_type": "node", "name": "Siddhi Hospital, Ahmedabad", "amenity": "hospital"}, "geometry": {"type": "Point", "coordinates": [72.6429212, 23.0672116]}}, {"type": "Feature", "properties": {"osm_id": 6979376762, "osm_type": "node", "name": "Netra Raksha Hospital, Thakkarbapa Nagar", "amenity": "hospital"}, "geometry": {"type": "Point", "coordinates": [72.6383065, 23.0392262]}}, {"type": "Feature", "properties": {"osm_id": 6979376763, "osm_type": "node", "name": "Shivam Heart and Medical Hospital", "amenity": "hospital"}, "geometry": {"type": "Point", "coordinates": [72.634133, 23.0567152]}}, {"type": "Feature", "properties": {"osm_id": 6980252878, "osm_type": "node", "name": "Amruta Hospital and Heart Centre", "amenity": "hospital"}, "geometry": {"type": "Point", "coordinates": [72.5896941, 23.082678]}}, {"type": "Feature", "properties": {"osm_id": 6980252896, "osm_type": "node", "name": "Hari Krishna Uro Surgical Hospital", "amenity": "hospital"}, "geometry": {"type": "Point", "coordinates": [72.6439887, 23.0381006]}}, {"type": "Feature", "properties": {"osm_id": 6981256117, "osm_type": "node", "name": "Shushilaben Neonatal And Child Care Centre", "amenity": "hospital"}, "geometry": {"type": "Point", "coordinates": [72.6149404, 23.0310362]}}, {"type": "Feature", "properties": {"osm_id": 6981277613, "osm_type": "node", "name": "Shree Aman Hospital", "amenity": "hospital"}, "geometry": {"type": "Point", "coordinates": [72.5914161, 23.0844866]}}, {"type": "Feature", "properties": {"osm_id": 6981412703, "osm_type": "node", "name": "Parth Hospital, Ahmedabad", "amenity": "hospital"}, "geometry": {"type": "Point", "coordinates": [72.5889122, 23.0837834]}}, {"type": "Feature", "properties": {"osm_id": 6981479135, "osm_type": "node", "name": "Shiv Sharddha Nursing Home and Super Speciality Clinics", "amenity": "clinic"}, "geometry": {"type": "Point", "coordinates": [72.5971869, 23.0545162]}}, {"type": "Feature", "properties": {"osm_id": 6981636783, "osm_type": "node", "name": "Jariwala Women's Hospital", "amenity": "hospital"}, "geometry": {"type": "Point", "coordinates": [72.5964291, 23.0547211]}}, {"type": "Feature", "properties": {"osm_id": 6981717526, "osm_type": "node", "name": "Zeal Maternity And Nursing Home", "amenity": "hospital"}, "geometry": {"type": "Point", "coordinates": [72.6029496, 23.0544878]}}, {"type": "Feature", "properties": {"osm_id": 6981819871, "osm_type": "node", "name": "Shachi Women's Hospital", "amenity": "hospital"}, "geometry": {"type": "Point", "coordinates": [72.5838341, 23.066349]}}, {"type": "Feature", "properties": {"osm_id": 6981886630, "osm_type": "node", "name": "Anand Children Hospital Neonatal Intensive Care", "amenity": "hospital"}, "geometry": {"type": "Point", "coordinates": [72.6059926, 23.0487768]}}, {"type": "Feature", "properties": {"osm_id": 6981887874, "osm_type": "node", "name": "Ami Eye Clinic", "amenity": "clinic"}, "geometry": {"type": "Point", "coordinates": [72.5809816, 23.0633976]}}, {"type": "Feature", "properties": {"osm_id": 6981956892, "osm_type": "node", "name": "Sanjivan Heart and Medical Hospital", "amenity": "hospital"}, "geometry": {"type": "Point", "coordinates": [72.5903244, 23.0837698]}}, {"type": "Feature", "properties": {"osm_id": 6981981192, "osm_type": "node", "name": "Sardar Hospital", "amenity": "hospital"}, "geometry": {"type": "Point", "coordinates": [72.6445547, 23.0380179]}}, {"type": "Feature", "properties": {"osm_id": 6981988318, "osm_type": "node", "name": "Rugved Multispeciality Hospital", "amenity": "hospital"}, "geometry": {"type": "Point", "coordinates": [72.6468533, 23.0504316]}}, {"type": "Feature", "properties": {"osm_id": 6982028883, "osm_type": "node", "name": "Kalptaru Hospital", "amenity": "hospital"}, "geometry": {"type": "Point", "coordinates": [72.594506, 23.049363]}}, {"type": "Feature", "properties": {"osm_id": 6982046922, "osm_type": "node", "name": "Setu Surgical Hospital, Ahmedabad", "amenity": "hospital"}, "geometry": {"type": "Point", "coordinates": [72.6429145, 23.0540923]}}, {"type": "Feature", "properties": {"osm_id": 6982092152, "osm_type": "node", "name": "Soni Nursing Home", "amenity": "clinic"}, "geometry": {"type": "Point", "coordinates": [72.6604924, 23.0726584]}}, {"type": "Feature", "properties": {"osm_id": 6982092220, "osm_type": "node", "name": "Aarna Medical Hospital", "amenity": "hospital"}, "geometry": {"type": "Point", "coordinates": [72.6388644, 23.0395124]}}, {"type": "Feature", "properties": {"osm_id": 6982092221, "osm_type": "node", "name": "Akshar Krupa Hospital", "amenity": "hospital"}, "geometry": {"type": "Point", "coordinates": [72.5958726, 23.0544298]}}, {"type": "Feature", "properties": {"osm_id": 6982197104, "osm_type": "node", "name": "B.J. Medical College Hospital", "amenity": "hospital"}, "geometry": {"type": "Point", "coordinates": [72.6028262, 23.0526578]}}, {"type": "Feature", "properties": {"osm_id": 6982197122, "osm_type": "node", "name": "Government Spine Institute Hospital", "amenity": "hospital"}, "geometry": {"type": "Point", "coordinates": [72.6080297, 23.0500108]}}, {"type": "Feature", "properties": {"osm_id": 6982197140, "osm_type": "node", "name": "Austmangal Surgical Hospital", "amenity": "hospital"}, "geometry": {"type": "Point", "coordinates": [72.595823, 23.0545187]}}, {"type": "Feature", "properties": {"osm_id": 6982197141, "osm_type": "node", "name": "Rudraksh Hospital", "amenity": "hospital"}, "geometry": {"type": "Point", "coordinates": [72.643695, 23.0626344]}}, {"type": "Feature", "properties": {"osm_id": 6983272102, "osm_type": "node", "name": "Navjivan Maternity and Orthopaedic Hospital, Ahmedabad", "amenity": "hospital"}, "geometry": {"type": "Point", "coordinates": [72.6428729, 23.0543583]}}, {"type": "Feature", "properties": {"osm_id": 6983432193, "osm_type": "node", "name": "Urvashi Nursing Home", "amenity": "clinic"}, "geometry": {"type": "Point", "coordinates": [72.5802205, 23.0342994]}}, {"type": "Feature", "properties": {"osm_id": 6983477494, "osm_type": "node", "name": "Memon Ent Hospital", "amenity": "hospital"}, "geometry": {"type": "Point", "coordinates": [72.5861375, 23.0272274]}}, {"type": "Feature", "properties": {"osm_id": 6983617695, "osm_type": "node", "name": "Shreeji Clinic and Nursing Home", "amenity": "clinic"}, "geometry": {"type": "Point", "coordinates": [72.5911599, 23.0835144]}}, {"type": "Feature", "properties": {"osm_id": 6983623764, "osm_type": "node", "name": "Shiv Jyoti Eye Hospital", "amenity": "hospital"}, "geometry": {"type": "Point", "coordinates": [72.6331285, 23.0388164]}}, {"type": "Feature", "properties": {"osm_id": 6983634254, "osm_type": "node", "name": "Reshambhai Fertility Hospital", "amenity": "hospital"}, "geometry": {"type": "Point", "coordinates": [72.5964371, 23.0539073]}}, {"type": "Feature", "properties": {"osm_id": 6983724286, "osm_type": "node", "name": "Narang Eye Hospital, Munohwa By Pass Chowk", "amenity": "hospital"}, "geometry": {"type": "Point", "coordinates": [72.6016447, 23.0482079]}}, {"type": "Feature", "properties": {"osm_id": 6986256251, "osm_type": "node", "name": "Vikas Medical and Heart Hospital", "amenity": "hospital"}, "geometry": {"type": "Point", "coordinates": [72.6527891, 23.0730767]}}, {"type": "Feature", "properties": {"osm_id": 6986279311, "osm_type": "node", "name": "Dr. Suresh Balani", "amenity": "doctors"}, "geometry": {"type": "Point", "coordinates": [72.6425953, 23.0652293]}}, {"type": "Feature", "properties": {"osm_id": 6986602457, "osm_type": "node", "name": "Shree Sai Children Hospital", "amenity": "hospital"}, "geometry": {"type": "Point", "coordinates": [72.5838912, 23.1146062]}}, {"type": "Feature", "properties": {"osm_id": 6986605704, "osm_type": "node", "name": "Shivam Medical Hospital, Sardar Nagar", "amenity": "hospital"}, "geometry": {"type": "Point", "coordinates": [72.6213037, 23.0809819]}}, {"type": "Feature", "properties": {"osm_id": 6986605752, "osm_type": "node", "name": "Aagman Maternity and Gynec Hospital", "amenity": "hospital"}, "geometry": {"type": "Point", "coordinates": [72.6502608, 23.0436594]}}, {"type": "Feature", "properties": {"osm_id": 6986605758, "osm_type": "node", "name": "Mahadev Eye Care", "amenity": "clinic"}, "geometry": {"type": "Point", "coordinates": [72.6426128, 23.065196]}}, {"type": "Feature", "properties": {"osm_id": 6986619078, "osm_type": "node", "name": "Tejal Eye Hospital", "amenity": "hospital"}, "geometry": {"type": "Point", "coordinates": [72.5753262, 23.0790988]}}, {"type": "Feature", "properties": {"osm_id": 6986625078, "osm_type": "node", "name": "Ano Care Hospital", "amenity": "hospital"}, "geometry": {"type": "Point", "coordinates": [72.6440035, 23.0377884]}}, {"type": "Feature", "properties": {"osm_id": 6986736364, "osm_type": "node", "name": "Adinath Hospital, Ahmedabad", "amenity": "hospital"}, "geometry": {"type": "Point", "coordinates": [72.5964358, 23.054805]}}, {"type": "Feature", "properties": {"osm_id": 6987246245, "osm_type": "node", "name": "Akshar Eye Hospital", "amenity": "hospital"}, "geometry": {"type": "Point", "coordinates": [72.6426671, 23.0650523]}}, {"type": "Feature", "properties": {"osm_id": 6987886544, "osm_type": "node", "name": "Rachana Hospital", "amenity": "hospital"}, "geometry": {"type": "Point", "coordinates": [72.6016849, 23.0489292]}}, {"type": "Feature", "properties": {"osm_id": 6988042721, "osm_type": "node", "name": "Kalrav Maternity Hospital and Sonography Centre", "amenity": "hospital"}, "geometry": {"type": "Point", "coordinates": [72.6583895, 23.0405269]}}, {"type": "Feature", "properties": {"osm_id": 6988048676, "osm_type": "node", "name": "Aashirwad Surgical Hospital and Nursing Home", "amenity": "hospital"}, "geometry": {"type": "Point", "coordinates": [72.5911881, 23.0839074]}}, {"type": "Feature", "properties": {"osm_id": 6988536883, "osm_type": "node", "name": "Smt Shobhadevi Ent Hospital", "amenity": "hospital"}, "geometry": {"type": "Point", "coordinates": [72.6426845, 23.064969]}}, {"type": "Feature", "properties": {"osm_id": 6989177887, "osm_type": "node", "name": "The Gujarat Research and Medical Institute ( Rajasthan Hospital)", "amenity": "hospital"}, "geometry": {"type": "Point", "coordinates": [72.5969093, 23.0552899]}}, {"type": "Feature", "properties": {"osm_id": 6990600365, "osm_type": "node", "name": "Raghukul Ortho Hospital", "amenity": "hospital"}, "geometry": {"type": "Point", "coordinates": [72.635415, 23.0395927]}}, {"type": "Feature", "properties": {"osm_id": 6990726309, "osm_type": "node", "name": "Madhuram Surgical Hospital", "amenity": "hospital"}, "geometry": {"type": "Point", "coordinates": [72.6284051, 23.0328727]}}, {"type": "Feature", "properties": {"osm_id": 6990752682, "osm_type": "node", "name": "Shreyas Orthopedic Hospital, Ahmedabad", "amenity": "hospital"}, "geometry": {"type": "Point", "coordinates": [72.5822818, 23.1154284]}}, {"type": "Feature", "properties": {"osm_id": 6990776817, "osm_type": "node", "name": "Sanjeevani Fracture andAccident Hospital", "amenity": "hospital"}, "geometry": {"type": "Point", "coordinates": [72.6062142, 23.0487456]}}, {"type": "Feature", "properties": {"osm_id": 6990786215, "osm_type": "node", "name": "Gujarat Research And Medical Institute Hospital", "amenity": "hospital"}, "geometry": {"type": "Point", "coordinates": [72.628334, 23.0869528]}}, {"type": "Feature", "properties": {"osm_id": 6990824177, "osm_type": "node", "name": "Chirayu Surgical Hospital", "amenity": "hospital"}, "geometry": {"type": "Point", "coordinates": [72.6412113, 23.0633896]}}, {"type": "Feature", "properties": {"osm_id": 6991317932, "osm_type": "node", "name": "Radha Krishna Hospital", "amenity": "hospital"}, "geometry": {"type": "Point", "coordinates": [72.6041847, 23.0489175]}}, {"type": "Feature", "properties": {"osm_id": 7862753702, "osm_type": "node", "name": "Shree Jee Eye and Orthopedic Hospital", "amenity": "hospital"}, "geometry": {"type": "Point", "coordinates": [72.596633, 23.028639]}}, {"type": "Feature", "properties": {"osm_id": 7862753714, "osm_type": "node", "name": "Chhapan Hospital", "amenity": "hospital"}, "geometry": {"type": "Point", "coordinates": [72.591737, 23.02645]}}, {"type": "Feature", "properties": {"osm_id": 7862753719, "osm_type": "node", "name": "Pinakin Dalal Hospital", "amenity": "hospital"}, "geometry": {"type": "Point", "coordinates": [72.5933157, 23.029419]}}, {"type": "Feature", "properties": {"osm_id": 7862753739, "osm_type": "node", "name": "Dr. Tanumati Shah Hospital", "amenity": "hospital"}, "geometry": {"type": "Point", "coordinates": [72.592461, 23.029011]}}, {"type": "Feature", "properties": {"osm_id": 7862753745, "osm_type": "node", "name": "Jay Orthopedic Hospital", "amenity": "hospital"}, "geometry": {"type": "Point", "coordinates": [72.587214, 23.02691]}}, {"type": "Feature", "properties": {"osm_id": 7862753750, "osm_type": "node", "name": "Sheth Jamnabhai Bhagubhai Trust", "amenity": "hospital"}, "geometry": {"type": "Point", "coordinates": [72.5919014, 23.0259793]}}, {"type": "Feature", "properties": {"osm_id": 7862753752, "osm_type": "node", "name": "Parijat Children Hospital", "amenity": "hospital"}, "geometry": {"type": "Point", "coordinates": [72.5905625, 23.0293947]}}, {"type": "Feature", "properties": {"osm_id": 7862753754, "osm_type": "node", "name": "Dr. Nilofar Shaikh", "amenity": "doctors"}, "geometry": {"type": "Point", "coordinates": [72.5946976, 23.0290414]}}, {"type": "Feature", "properties": {"osm_id": 7864058597, "osm_type": "node", "name": "Rameshwar Multi Speciality Hospital", "amenity": "hospital"}, "geometry": {"type": "Point", "coordinates": [72.6222017, 23.0582776]}}, {"type": "Feature", "properties": {"osm_id": 7864058598, "osm_type": "node", "name": "Sevak Maternity & Surgical Hospital", "amenity": "hospital"}, "geometry": {"type": "Point", "coordinates": [72.596062, 23.096892]}}, {"type": "Feature", "properties": {"osm_id": 7864058601, "osm_type": "node", "name": "Navjivan Hospital", "amenity": "hospital"}, "geometry": {"type": "Point", "coordinates": [72.581545, 23.114943]}}, {"type": "Feature", "properties": {"osm_id": 7864058602, "osm_type": "node", "name": "Gayatri X Ray Clinic and Health Care", "amenity": "clinic"}, "geometry": {"type": "Point", "coordinates": [72.62133, 23.059159]}}, {"type": "Feature", "properties": {"osm_id": 7864058603, "osm_type": "node", "name": "Munciapl Prasuti Hospital", "amenity": "hospital"}, "geometry": {"type": "Point", "coordinates": [72.5798849, 23.0376047]}}, {"type": "Feature", "properties": {"osm_id": 7864058605, "osm_type": "node", "name": "Pushp Hospital and Maternity Home", "amenity": "hospital"}, "geometry": {"type": "Point", "coordinates": [72.578769, 23.114332]}}, {"type": "Feature", "properties": {"osm_id": 7864058606, "osm_type": "node", "name": "Devarshi Super Speciality Hospital", "amenity": "hospital"}, "geometry": {"type": "Point", "coordinates": [72.582052, 23.122105]}}, {"type": "Feature", "properties": {"osm_id": 7864058608, "osm_type": "node", "name": "Adhvait Psychiatry Hospital", "amenity": "hospital"}, "geometry": {"type": "Point", "coordinates": [72.576487, 23.038118]}}, {"type": "Feature", "properties": {"osm_id": 7864058610, "osm_type": "node", "name": "Shahpur Medical Hospital", "amenity": "hospital"}, "geometry": {"type": "Point", "coordinates": [72.5781671, 23.0360108]}}, {"type": "Feature", "properties": {"osm_id": 7864058611, "osm_type": "node", "name": "Dr. Yasin", "amenity": "doctors"}, "geometry": {"type": "Point", "coordinates": [72.5810933, 23.0360714]}}, {"type": "Feature", "properties": {"osm_id": 7864058612, "osm_type": "node", "name": "Krishna Maternity and Nursing Home", "amenity": "hospital"}, "geometry": {"type": "Point", "coordinates": [72.5815979, 23.045083]}}, {"type": "Feature", "properties": {"osm_id": 7864058613, "osm_type": "node", "name": "Rajdip Children Hospital", "amenity": "hospital"}, "geometry": {"type": "Point", "coordinates": [72.590307, 23.08992]}}, {"type": "Feature", "properties": {"osm_id": 7864058614, "osm_type": "node", "name": "Dr. Atul Vaidhya", "amenity": "doctors"}, "geometry": {"type": "Point", "coordinates": [72.601561, 23.048502]}}, {"type": "Feature", "properties": {"osm_id": 7864058615, "osm_type": "node", "name": "Navodaya Hospital for Neonates and Children", "amenity": "hospital"}, "geometry": {"type": "Point", "coordinates": [72.5847083, 23.1112092]}}, {"type": "Feature", "properties": {"osm_id": 7864058616, "osm_type": "node", "name": "ESIC Hospital", "amenity": "hospital"}, "geometry": {"type": "Point", "coordinates": [72.589815, 23.053458]}}, {"type": "Feature", "properties": {"osm_id": 7864058617, "osm_type": "node", "name": "Chandkheda Orthopedic & Surgical Hospital", "amenity": "hospital"}, "geometry": {"type": "Point", "coordinates": [72.583096, 23.113705]}}, {"type": "Feature", "properties": {"osm_id": 7864058619, "osm_type": "node", "name": "Parimal Hospital", "amenity": "hospital"}, "geometry": {"type": "Point", "coordinates": [72.5958301, 23.0958571]}}, {"type": "Feature", "properties": {"osm_id": 7864058621, "osm_type": "node", "name": "Shivam Surgical and Dental Hospital", "amenity": "hospital"}, "geometry": {"type": "Point", "coordinates": [72.582827, 23.114583]}}, {"type": "Feature", "properties": {"osm_id": 7864058623, "osm_type": "node", "name": "Maheshwari Children Hospital", "amenity": "hospital"}, "geometry": {"type": "Point", "coordinates": [72.5795035, 23.0403546]}}, {"type": "Feature", "properties": {"osm_id": 7864058625, "osm_type": "node", "name": "Sagar Multi Speciality Hospital", "amenity": "hospital"}, "geometry": {"type": "Point", "coordinates": [72.581574, 23.048956]}}, {"type": "Feature", "properties": {"osm_id": 7864058626, "osm_type": "node", "name": "Kamal Hospital", "amenity": "hospital"}, "geometry": {"type": "Point", "coordinates": [72.61811, 23.059688]}}, {"type": "Feature", "properties": {"osm_id": 7864058628, "osm_type": "node", "name": "Gcs Hospital", "amenity": "hospital"}, "geometry": {"type": "Point", "coordinates": [72.6082995, 23.0465734]}}, {"type": "Feature", "properties": {"osm_id": 7864058629, "osm_type": "node", "name": "Shreeja Krupa Children Hospital", "amenity": "hospital"}, "geometry": {"type": "Point", "coordinates": [72.5774069, 23.032378]}}, {"type": "Feature", "properties": {"osm_id": 7864058632, "osm_type": "node", "name": "Shraddha Multi Speciality Hospital", "amenity": "hospital"}, "geometry": {"type": "Point", "coordinates": [72.577351, 23.032023]}}, {"type": "Feature", "properties": {"osm_id": 7864058634, "osm_type": "node", "name": "Neuron Neuro Surgical Hospital", "amenity": "hospital"}, "geometry": {"type": "Point", "coordinates": [72.576397, 23.037853]}}, {"type": "Feature", "properties": {"osm_id": 7864058635, "osm_type": "node", "name": "Military Hospital", "amenity": "hospital"}, "geometry": {"type": "Point", "coordinates": [72.601892, 23.058909]}}, {"type": "Feature", "properties": {"osm_id": 7864058636, "osm_type": "node", "name": "Krishna Hospital", "amenity": "hospital"}, "geometry": {"type": "Point", "coordinates": [72.5777147, 23.0402323]}}, {"type": "Feature", "properties": {"osm_id": 7864058637, "osm_type": "node", "name": "Ansh Multispeciality Hospital", "amenity": "hospital"}, "geometry": {"type": "Point", "coordinates": [72.580661, 23.114667]}}, {"type": "Feature", "properties": {"osm_id": 7864058638, "osm_type": "node", "name": "Sonal Maternity Hospital", "amenity": "hospital"}, "geometry": {"type": "Point", "coordinates": [72.6208766, 23.0547951]}}, {"type": "Feature", "properties": {"osm_id": 7864058639, "osm_type": "node", "name": "Sentara Multispeciality Hospital", "amenity": "hospital"}, "geometry": {"type": "Point", "coordinates": [72.5834513, 23.1125242]}}, {"type": "Feature", "properties": {"osm_id": 7864058641, "osm_type": "node", "name": "Lokhandwala General Hospital", "amenity": "hospital"}, "geometry": {"type": "Point", "coordinates": [72.5951832, 23.0347002]}}, {"type": "Feature", "properties": {"osm_id": 7864058642, "osm_type": "node", "name": "Bachardas Lashkari Hospital", "amenity": "hospital"}, "geometry": {"type": "Point", "coordinates": [72.588423, 23.035637]}}, {"type": "Feature", "properties": {"osm_id": 7864058644, "osm_type": "node", "name": "Rhythm Heart and Medical Hospital", "amenity": "hospital"}, "geometry": {"type": "Point", "coordinates": [72.583182, 23.113388]}}, {"type": "Feature", "properties": {"osm_id": 7864058646, "osm_type": "node", "name": "Lotus Multispeciality Hospital", "amenity": "hospital"}, "geometry": {"type": "Point", "coordinates": [72.6025578, 23.1044464]}}, {"type": "Feature", "properties": {"osm_id": 7864058647, "osm_type": "node", "name": "Namrata Heart and Medical Clinic", "amenity": "clinic"}, "geometry": {"type": "Point", "coordinates": [72.601662, 23.048981]}}, {"type": "Feature", "properties": {"osm_id": 7864058651, "osm_type": "node", "name": "Gujarat State Police Welfare Hospital", "amenity": "hospital"}, "geometry": {"type": "Point", "coordinates": [72.590092, 23.055335]}}, {"type": "Feature", "properties": {"osm_id": 7864058652, "osm_type": "node", "name": "Ashirwad Maternity and Nursing Home", "amenity": "hospital"}, "geometry": {"type": "Point", "coordinates": [72.620709, 23.056258]}}, {"type": "Feature", "properties": {"osm_id": 7864058655, "osm_type": "node", "name": "Puneet Maternity Nursing Home", "amenity": "hospital"}, "geometry": {"type": "Point", "coordinates": [72.596142, 23.051416]}}, {"type": "Feature", "properties": {"osm_id": 7864058656, "osm_type": "node", "name": "Indus Hospital", "amenity": "hospital"}, "geometry": {"type": "Point", "coordinates": [72.591111, 23.092043]}}, {"type": "Feature", "properties": {"osm_id": 7864058658, "osm_type": "node", "name": "Jain Hospital", "amenity": "hospital"}, "geometry": {"type": "Point", "coordinates": [72.5953342, 23.0521027]}}, {"type": "Feature", "properties": {"osm_id": 7864058660, "osm_type": "node", "name": "Clear Vision Eye Hospital", "amenity": "hospital"}, "geometry": {"type": "Point", "coordinates": [72.589386, 23.045993]}}, {"type": "Feature", "properties": {"osm_id": 7864058661, "osm_type": "node", "name": "Param Multispeciality Hospital", "amenity": "hospital"}, "geometry": {"type": "Point", "coordinates": [72.5976157, 23.1047391]}}, {"type": "Feature", "properties": {"osm_id": 7864058664, "osm_type": "node", "name": "Shivam Hospital", "amenity": "hospital"}, "geometry": {"type": "Point", "coordinates": [72.5778602, 23.0399922]}}, {"type": "Feature", "properties": {"osm_id": 10172958936, "osm_type": "node", "name": "Parijat Children Hospital", "amenity": "hospital"}, "geometry": {"type": "Point", "coordinates": [72.5905818, 23.0294026]}}, {"type": "Feature", "properties": {"osm_id": 10172958937, "osm_type": "node", "name": "Pinakin Dala Hospital", "amenity": "hospital"}, "geometry": {"type": "Point", "coordinates": [72.5933151, 23.0294443]}}, {"type": "Feature", "properties": {"osm_id": 10172958938, "osm_type": "node", "name": "muncipal parsuti Hospital", "amenity": "hospital"}, "geometry": {"type": "Point", "coordinates": [72.5798827, 23.0376253]}}, {"type": "Feature", "properties": {"osm_id": 10172958939, "osm_type": "node", "name": "Shahur Medical Hospital", "amenity": "hospital"}, "geometry": {"type": "Point", "coordinates": [72.5781781, 23.0360259]}}, {"type": "Feature", "properties": {"osm_id": 10172958940, "osm_type": "node", "name": "Paras Hospital", "amenity": "hospital"}, "geometry": {"type": "Point", "coordinates": [72.5804374, 23.0342097]}}, {"type": "Feature", "properties": {"osm_id": 10172958941, "osm_type": "node", "name": "Shraddha Multispecialist Hospital", "amenity": "hospital"}, "geometry": {"type": "Point", "coordinates": [72.577354, 23.0320391]}}, {"type": "Feature", "properties": {"osm_id": 10172958956, "osm_type": "node", "name": "Kalptaru Hospital", "amenity": "hospital"}, "geometry": {"type": "Point", "coordinates": [72.5944694, 23.0493049]}}, {"type": "Feature", "properties": {"osm_id": 10172958957, "osm_type": "node", "name": "Kidney Hospital", "amenity": "hospital"}, "geometry": {"type": "Point", "coordinates": [72.6074913, 23.04949]}}, {"type": "Feature", "properties": {"osm_id": 10172958958, "osm_type": "node", "name": "Civil Hospital", "amenity": "hospital"}, "geometry": {"type": "Point", "coordinates": [72.6043839, 23.0522972]}}, {"type": "Feature", "properties": {"osm_id": 10172958959, "osm_type": "node", "name": "Military Hospital", "amenity": "hospital"}, "geometry": {"type": "Point", "coordinates": [72.601975, 23.0590415]}}, {"type": "Feature", "properties": {"osm_id": 10172958960, "osm_type": "node", "name": "GCS Hospital", "amenity": "hospital"}, "geometry": {"type": "Point", "coordinates": [72.6082954, 23.0465729]}}, {"type": "Feature", "properties": {"osm_id": 10172958963, "osm_type": "node", "name": "Shivam Surgical Hospital", "amenity": "hospital"}, "geometry": {"type": "Point", "coordinates": [72.6528746, 23.0729799]}}, {"type": "Feature", "properties": {"osm_id": 11083136960, "osm_type": "node", "name": "Skinfluent Clinic", "amenity": "doctors"}, "geometry": {"type": "Point", "coordinates": [72.5921024, 23.0522056]}}, {"type": "Feature", "properties": {"osm_id": 11290225014, "osm_type": "node", "name": "Dr. Arora's Orthodontic & Dental Clinic", "amenity": "doctors"}, "geometry": {"type": "Point", "coordinates": [72.5952869, 23.1089092]}}, {"type": "Feature", "properties": {"osm_id": 12016441172, "osm_type": "node", "name": "TEJASYA ORTHOPAEDIC HOSPITAL - DR RAVI PATEL orthopaedic surgeon", "amenity": "hospital"}, "geometry": {"type": "Point", "coordinates": [72.6701157, 23.0497137]}}, {"type": "Feature", "properties": {"osm_id": 332262395, "osm_type": "way", "name": "Victoria Jubilee Hospital", "amenity": "hospital"}, "geometry": {"type": "LineString", "coordinates": [[72.5984666, 23.023398], [72.5986437, 23.0258932], [72.6000601, 23.0270101], [72.6001671, 23.0268913], [72.6000527, 23.0252448], [72.5999716, 23.0250445], [72.5992154, 23.023768], [72.5989609, 23.0234285], [72.5988834, 23.023364], [72.5986769, 23.0233131], [72.5984777, 23.0232961], [72.5984666, 23.023398]]}}, {"type": "Feature", "properties": {"osm_id": 368781664, "osm_type": "way", "name": "", "amenity": "hospital"}, "geometry": {"type": "LineString", "coordinates": [[72.58175, 23.121959], [72.581798, 23.122107], [72.5818768, 23.1223203], [72.5822663, 23.1221473], [72.582215, 23.1218332], [72.5819556, 23.1219096], [72.58175, 23.121959]]}}, {"type": "Feature", "properties": {"osm_id": 551631340, "osm_type": "way", "name": "SMS Multi-Speciality Hospital", "amenity": "hospital"}, "geometry": {"type": "LineString", "coordinates": [[72.6060982, 23.1184582], [72.606121, 23.1181839], [72.6061801, 23.1174764], [72.6053326, 23.1172977], [72.6057511, 23.1156858], [72.6067038, 23.1157249], [72.6072645, 23.1156956], [72.6079511, 23.1156156], [72.6089981, 23.1153706], [72.6102847, 23.116402], [72.6099057, 23.1168235], [72.6103152, 23.1171437], [72.6099345, 23.1176924], [72.6098346, 23.1179302], [72.6097559, 23.1181778], [72.6097137, 23.1183613], [72.6096661, 23.1187088], [72.6060982, 23.1184582]]}}, {"type": "Feature", "properties": {"osm_id": 551913407, "osm_type": "way", "name": "Apollo Hospitals International Limited", "amenity": "hospital"}, "geometry": {"type": "LineString", "coordinates": [[72.6255585, 23.1114904], [72.625386, 23.1085778], [72.6266184, 23.1084787], [72.6268772, 23.1110343], [72.6269052, 23.1113114], [72.6255585, 23.1114904]]}}, {"type": "Feature", "properties": {"osm_id": 744794009, "osm_type": "way", "name": "Utkarsh hospital", "amenity": "hospital"}, "geometry": {"type": "LineString", "coordinates": [[72.5783674, 23.1079764], [72.5784506, 23.1079775], [72.578453, 23.1078226], [72.5783086, 23.1078207], [72.5783066, 23.1079513], [72.5783037, 23.1080319], [72.5783653, 23.1080338], [72.5783674, 23.1079764]]}}, {"type": "Feature", "properties": {"osm_id": 1153427200, "osm_type": "way", "name": "", "amenity": "hospital"}, "geometry": {"type": "LineString", "coordinates": [[72.6228424, 23.0292258], [72.6234156, 23.0292357], [72.6234003, 23.028821], [72.6228271, 23.0288012], [72.6228363, 23.029041], [72.6228424, 23.0292258]]}}, {"type": "Feature", "properties": {"osm_id": 1153427246, "osm_type": "way", "name": "", "amenity": "hospital"}, "geometry": {"type": "LineString", "coordinates": [[72.6004093, 23.0327718], [72.5995587, 23.0317704], [72.6005549, 23.0315094], [72.6004093, 23.0327718]]}}, {"type": "Feature", "properties": {"osm_id": 1153427742, "osm_type": "way", "name": "", "amenity": "hospital"}, "geometry": {"type": "LineString", "coordinates": [[72.6480002, 23.0871386], [72.6474488, 23.0866293], [72.6475925, 23.0862977], [72.6482878, 23.0866708], [72.6480002, 23.0871386]]}}, {"type": "Feature", "properties": {"osm_id": 1153427861, "osm_type": "way", "name": "", "amenity": "hospital"}, "geometry": {"type": "LineString", "coordinates": [[72.5922414, 23.0417178], [72.5921688, 23.0410469], [72.5930051, 23.0409337], [72.5930525, 23.041561], [72.592639, 23.0416336], [72.5922414, 23.0417178]]}}, {"type": "Feature", "properties": {"osm_id": 1153428084, "osm_type": "way", "name": "Community Health Centre, Chandkheda", "amenity": "hospital"}, "geometry": {"type": "LineString", "coordinates": [[72.5759983, 23.1136379], [72.5755978, 23.1136017], [72.5755352, 23.1134701], [72.5755852, 23.1132218], [72.5757033, 23.1129866], [72.5758195, 23.1130277], [72.5760788, 23.1131741], [72.5759983, 23.1136379]]}}, {"type": "Feature", "properties": {"osm_id": 1153428116, "osm_type": "way", "name": "", "amenity": "hospital"}, "geometry": {"type": "LineString", "coordinates": [[72.630903, 23.0374427], [72.6305658, 23.0374991], [72.6304125, 23.0367868], [72.6310946, 23.0366634], [72.6310524, 23.0371324], [72.630903, 23.0374427]]}}, {"type": "Feature", "properties": {"osm_id": 1153428117, "osm_type": "way", "name": "", "amenity": "hospital"}, "geometry": {"type": "LineString", "coordinates": [[72.629972, 23.0391817], [72.6302939, 23.0393516], [72.6305557, 23.0392982], [72.6301115, 23.0389349], [72.629972, 23.0391817]]}}, {"type": "Feature", "properties": {"osm_id": 1153428139, "osm_type": "way", "name": "", "amenity": "hospital"}, "geometry": {"type": "LineString", "coordinates": [[72.6626864, 23.0664139], [72.6625789, 23.0661382], [72.6629727, 23.0660748], [72.662974, 23.0663037], [72.6628152, 23.0664158], [72.6626864, 23.0664139]]}}, {"type": "Feature", "properties": {"osm_id": 1153428150, "osm_type": "way", "name": "", "amenity": "hospital"}, "geometry": {"type": "LineString", "coordinates": [[72.6595139, 23.0904221], [72.6598186, 23.0906531], [72.6600503, 23.0904261], [72.6598164, 23.0901715], [72.6595139, 23.0904221]]}}]}