{"type": "FeatureCollection", "features": [{"type": "Feature", "properties": {"osm_id": 1559491365, "osm_type": "node", "name": "Paldi", "place": "suburb"}, "geometry": {"type": "Point", "coordinates": [72.5635432, 23.0145531]}}, {"type": "Feature", "properties": {"osm_id": 3415707455, "osm_type": "node", "name": "Jodhpur", "place": "suburb"}, "geometry": {"type": "Point", "coordinates": [72.5204317, 23.0169268]}}, {"type": "Feature", "properties": {"osm_id": 4484992694, "osm_type": "node", "name": "Jivraj park", "place": "suburb"}, "geometry": {"type": "Point", "coordinates": [72.536517, 23.0063315]}}, {"type": "Feature", "properties": {"osm_id": 4485345489, "osm_type": "node", "name": "vejalpur", "place": "suburb"}, "geometry": {"type": "Point", "coordinates": [72.5208415, 23.0069372]}}, {"type": "Feature", "properties": {"osm_id": 4485383290, "osm_type": "node", "name": "Makarba", "place": "suburb"}, "geometry": {"type": "Point", "coordinates": [72.5043085, 22.996342]}}, {"type": "Feature", "properties": {"osm_id": 4486247794, "osm_type": "node", "name": "Mumatpura", "place": "suburb"}, "geometry": {"type": "Point", "coordinates": [72.495454, 23.018494]}}, {"type": "Feature", "properties": {"osm_id": 4486247797, "osm_type": "node", "name": "Ranna Park", "place": "suburb"}, "geometry": {"type": "Point", "coordinates": [72.5628171, 22.9999136]}}, {"type": "Feature", "properties": {"osm_id": 4486451843, "osm_type": "node", "name": "Prahladnagar", "place": "suburb"}, "geometry": {"type": "Point", "coordinates": [72.5092934, 23.0114464]}}, {"type": "Feature", "properties": {"osm_id": 4486562250, "osm_type": "node", "name": "Vasna", "place": "suburb"}, "geometry": {"type": "Point", "coordinates": [72.5472413, 23.0020055]}}, {"type": "Feature", "properties": {"osm_id": 4487963613, "osm_type": "node", "name": "Ambawadi", "place": "suburb"}, "geometry": {"type": "Point", "coordinates": [72.5490834, 23.0226117]}}, {"type": "Feature", "properties": {"osm_id": 4488561154, "osm_type": "node", "name": "Kochrab", "place": "suburb"}, "geometry": {"type": "Point", "coordinates": [72.5689204, 23.0155336]}}, {"type": "Feature", "properties": {"osm_id": 5496300946, "osm_type": "node", "name": "Quresh Nagar Society", "place": "quarter"}, "geometry": {"type": "Point", "coordinates": [72.5165644, 22.9954947]}}, {"type": "Feature", "properties": {"osm_id": 574046220, "osm_type": "way", "name": "South Bopal", "place": "neighbourhood"}, "geometry": {"type": "LineString", "coordinates": [[72.4631061, 23.033916], [72.4657025, 23.0303022], [72.4681487, 23.0270834], [72.4686422, 23.0266292], [72.4701443, 23.0243186], [72.4761953, 23.0251086], [72.4774399, 23.0227585], [72.4791136, 23.0198554], [72.4799504, 23.0185717], [72.480165, 23.0174263], [72.4792852, 23.0147206], [72.4791779, 23.0144441], [72.4780836, 23.0116199], [72.4706378, 23.0124099], [72.4676337, 23.018315], [72.4622478, 23.0261157], [72.4590547, 23.0316739], [72.4588548, 23.0319247], [72.4631061, 23.033916]]}}, {"type": "Feature", "properties": {"osm_id": 574062476, "osm_type": "way", "name": "", "place": "suburb"}, "geometry": {"type": "LineString", "coordinates": [[72.479585, 23.0480893], [72.460978, 23.045624], [72.4499916, 23.041981], [72.4488973, 23.0409344], [72.4504384, 23.03751], [72.4506568, 23.0370247], [72.4527135, 23.0325114], [72.4532377, 23.0313611], [72.4533427, 23.0311306], [72.4534463, 23.0309032], [72.4535364, 23.0307344], [72.4563008, 23.0255549], [72.4586689, 23.021024], [72.4588322, 23.0208119], [72.464261, 23.0143736], [72.4662136, 23.0121221], [72.4673938, 23.0105026], [72.4771464, 23.0094251], [72.4772429, 23.0094163], [72.4799358, 23.0163821], [72.4801631, 23.0180805], [72.4788593, 23.0205097], [72.4765481, 23.0247744], [72.4762407, 23.026627], [72.4766926, 23.0284955], [72.478057, 23.0328645], [72.4787462, 23.0372884], [72.4797517, 23.0445379], [72.479585, 23.0480893]]}}, {"type": "Feature", "properties": {"osm_id": 1560819593, "osm_type": "node", "name": "Kankaria", "place": "suburb"}, "geometry": {"type": "Point", "coordinates": [72.5940885, 23.0017632]}}, {"type": "Feature", "properties": {"osm_id": 3278532328, "osm_type": "node", "name": "Maninagar", "place": "suburb"}, "geometry": {"type": "Point", "coordinates": [72.6067174, 22.9977135]}}, {"type": "Feature", "properties": {"osm_id": 3333409840, "osm_type": "node", "name": "Jamalpur", "place": "suburb"}, "geometry": {"type": "Point", "coordinates": [72.5820624, 23.0139241]}}, {"type": "Feature", "properties": {"osm_id": 3333538371, "osm_type": "node", "name": "Gita Mandir", "place": "neighbourhood"}, "geometry": {"type": "Point", "coordinates": [72.5932216, 23.0151998]}}, {"type": "Feature", "properties": {"osm_id": 3333984475, "osm_type": "node", "name": "Dalal Colony", "place": "neighbourhood"}, "geometry": {"type": "Point", "coordinates": [72.6116113, 22.992195]}}, {"type": "Feature", "properties": {"osm_id": 3333984476, "osm_type": "node", "name": "Uttamnagar", "place": "neighbourhood"}, "geometry": {"type": "Point", "coordinates": [72.6053857, 22.9930907]}}, {"type": "Feature", "properties": {"osm_id": 4486255693, "osm_type": "node", "name": "Pratapnagar", "place": "suburb"}, "geometry": {"type": "Point", "coordinates": [72.616789, 23.018721]}}, {"type": "Feature", "properties": {"osm_id": 4486513046, "osm_type": "node", "name": "Manek Chowk", "place": "quarter"}, "geometry": {"type": "Point", "coordinates": [72.5889516, 23.0231798]}}, {"type": "Feature", "properties": {"osm_id": 4486573997, "osm_type": "node", "name": "Amraiwadi", "place": "suburb"}, "geometry": {"type": "Point", "coordinates": [72.6269822, 23.0057574]}}, {"type": "Feature", "properties": {"osm_id": 4486582190, "osm_type": "node", "name": "Rajpur Gomtipur", "place": "suburb"}, "geometry": {"type": "Point", "coordinates": [72.620581, 23.0136957]}}, {"type": "Feature", "properties": {"osm_id": 4486779303, "osm_type": "node", "name": "Behrampura", "place": "suburb"}, "geometry": {"type": "Point", "coordinates": [72.58384, 23.0035894]}}, {"type": "Feature", "properties": {"osm_id": 4486781257, "osm_type": "node", "name": "Bhavna colony", "place": "suburb"}, "geometry": {"type": "Point", "coordinates": [72.5818122, 23.0034169]}}, {"type": "Feature", "properties": {"osm_id": 4486802743, "osm_type": "node", "name": "Khadia", "place": "suburb"}, "geometry": {"type": "Point", "coordinates": [72.5892915, 23.02139]}}, {"type": "Feature", "properties": {"osm_id": 4486815737, "osm_type": "node", "name": "Khokhra", "place": "suburb"}, "geometry": {"type": "Point", "coordinates": [72.6186315, 23.0008422]}}, {"type": "Feature", "properties": {"osm_id": 4486815738, "osm_type": "node", "name": "Maninagar East", "place": "suburb"}, "geometry": {"type": "Point", "coordinates": [72.6137203, 22.9993547]}}, {"type": "Feature", "properties": {"osm_id": 4486815739, "osm_type": "node", "name": "Mehmdabad - Khokhra", "place": "suburb"}, "geometry": {"type": "Point", "coordinates": [72.6157743, 23.0001627]}}, {"type": "Feature", "properties": {"osm_id": 4486828735, "osm_type": "node", "name": "Isanpur", "place": "suburb"}, "geometry": {"type": "Point", "coordinates": [72.6012948, 22.9811295]}}, {"type": "Feature", "properties": {"osm_id": 4486833131, "osm_type": "node", "name": "Ramol -Jantanagar", "place": "suburb"}, "geometry": {"type": "Point", "coordinates": [72.6458765, 22.9867206]}}, {"type": "Feature", "properties": {"osm_id": 4486834935, "osm_type": "node", "name": "Jantanagar -Ramol", "place": "suburb"}, "geometry": {"type": "Point", "coordinates": [72.6303338, 23.0080221]}}, {"type": "Feature", "properties": {"osm_id": 4486857480, "osm_type": "node", "name": "Sukhrampura", "place": "suburb"}, "geometry": {"type": "Point", "coordinates": [72.6146603, 23.0225452]}}, {"type": "Feature", "properties": {"osm_id": 4486861229, "osm_type": "node", "name": "Shah E Alam Roza", "place": "suburb"}, "geometry": {"type": "Point", "coordinates": [72.5893917, 22.9941743]}}, {"type": "Feature", "properties": {"osm_id": 4487915089, "osm_type": "node", "name": "DaniLimda", "place": "suburb"}, "geometry": {"type": "Point", "coordinates": [72.5833917, 22.9966938]}}, {"type": "Feature", "properties": {"osm_id": 4487915189, "osm_type": "node", "name": "Rambag", "place": "suburb"}, "geometry": {"type": "Point", "coordinates": [72.5996856, 22.9981997]}}, {"type": "Feature", "properties": {"osm_id": 4487915389, "osm_type": "node", "name": "Sherkotda", "place": "suburb"}, "geometry": {"type": "Point", "coordinates": [72.6014624, 23.0129731]}}, {"type": "Feature", "properties": {"osm_id": 4487915390, "osm_type": "node", "name": "Sarangpur", "place": "suburb"}, "geometry": {"type": "Point", "coordinates": [72.59979, 23.019776]}}, {"type": "Feature", "properties": {"osm_id": 4488603442, "osm_type": "node", "name": "Rabari Colony", "place": "suburb"}, "geometry": {"type": "Point", "coordinates": [72.6335677, 23.0031192]}}, {"type": "Feature", "properties": {"osm_id": 4488607993, "osm_type": "node", "name": "Vastral", "place": "suburb"}, "geometry": {"type": "Point", "coordinates": [72.6624431, 22.9948656]}}, {"type": "Feature", "properties": {"osm_id": 4488625363, "osm_type": "node", "name": "Narol gam", "place": "suburb"}, "geometry": {"type": "Point", "coordinates": [72.5977854, 22.9483926]}}, {"type": "Feature", "properties": {"osm_id": 451500979, "osm_type": "way", "name": "Aslali", "place": "suburb"}, "geometry": {"type": "LineString", "coordinates": [[72.5903841, 22.9185691], [72.5914862, 22.9187583], [72.5940827, 22.9181733], [72.5939333, 22.9145257], [72.5932795, 22.9124266], [72.5907577, 22.9119448], [72.5897303, 22.9134762], [72.5887029, 22.9135966], [72.5884974, 22.9138719], [72.5903094, 22.9145429], [72.5903841, 22.9185691]]}}, {"type": "Feature", "properties": {"osm_id": 3011954391, "osm_type": "node", "name": "Godrej Garden City", "place": "quarter"}, "geometry": {"type": "Point", "coordinates": [72.5539974, 23.1109557]}}, {"type": "Feature", "properties": {"osm_id": 3415661205, "osm_type": "node", "name": "Memnagar", "place": "suburb"}, "geometry": {"type": "Point", "coordinates": [72.535169, 23.0516973]}}, {"type": "Feature", "properties": {"osm_id": 3415668799, "osm_type": "node", "name": "Vastrapur", "place": "suburb"}, "geometry": {"type": "Point", "coordinates": [72.5290418, 23.0400861]}}, {"type": "Feature", "properties": {"osm_id": 4485395390, "osm_type": "node", "name": "Memnagar", "place": "suburb"}, "geometry": {"type": "Point", "coordinates": [72.5329308, 23.0530844]}}, {"type": "Feature", "properties": {"osm_id": 4485418391, "osm_type": "node", "name": "Akhbar nagar", "place": "suburb"}, "geometry": {"type": "Point", "coordinates": [72.5630118, 23.067119]}}, {"type": "Feature", "properties": {"osm_id": 4485418689, "osm_type": "node", "name": "Bodakdev", "place": "suburb"}, "geometry": {"type": "Point", "coordinates": [72.517344, 23.0445921]}}, {"type": "Feature", "properties": {"osm_id": 4486247798, "osm_type": "node", "name": "Gulbai tekra", "place": "suburb"}, "geometry": {"type": "Point", "coordinates": [72.5489628, 23.0265739]}}, {"type": "Feature", "properties": {"osm_id": 4486254294, "osm_type": "node", "name": "Ramdev nagar", "place": "suburb"}, "geometry": {"type": "Point", "coordinates": [72.5120935, 23.0264444]}}, {"type": "Feature", "properties": {"osm_id": 4486254295, "osm_type": "node", "name": "Nirnay Nagar", "place": "suburb"}, "geometry": {"type": "Point", "coordinates": [72.5524459, 23.0697965]}}, {"type": "Feature", "properties": {"osm_id": 4486254296, "osm_type": "node", "name": "Usmanpura", "place": "suburb"}, "geometry": {"type": "Point", "coordinates": [72.5672615, 23.0494863]}}, {"type": "Feature", "properties": {"osm_id": 4486254297, "osm_type": "node", "name": "Panjrapole", "place": "suburb"}, "geometry": {"type": "Point", "coordinates": [72.5433079, 23.027547]}}, {"type": "Feature", "properties": {"osm_id": 4486388479, "osm_type": "node", "name": "Naranpura", "place": "suburb"}, "geometry": {"type": "Point", "coordinates": [72.5508575, 23.0567133]}}, {"type": "Feature", "properties": {"osm_id": 4486389279, "osm_type": "node", "name": "Nava-Vadaj", "place": "suburb"}, "geometry": {"type": "Point", "coordinates": [72.5640995, 23.0682238]}}, {"type": "Feature", "properties": {"osm_id": 4486395734, "osm_type": "node", "name": "Chanakyapuri", "place": "suburb"}, "geometry": {"type": "Point", "coordinates": [72.534872, 23.086171]}}, {"type": "Feature", "properties": {"osm_id": 4486509289, "osm_type": "node", "name": "Thaltej", "place": "suburb"}, "geometry": {"type": "Point", "coordinates": [72.511742, 23.0485393]}}, {"type": "Feature", "properties": {"osm_id": 4486679705, "osm_type": "node", "name": "Ghuma", "place": "suburb"}, "geometry": {"type": "Point", "coordinates": [72.4506006, 23.0295113]}}, {"type": "Feature", "properties": {"osm_id": 4486797825, "osm_type": "node", "name": "Karmachari Nagar", "place": "suburb"}, "geometry": {"type": "Point", "coordinates": [72.5390686, 23.0650046]}}, {"type": "Feature", "properties": {"osm_id": 4487896892, "osm_type": "node", "name": "Shilaj", "place": "suburb"}, "geometry": {"type": "Point", "coordinates": [72.4720756, 23.0544372]}}, {"type": "Feature", "properties": {"osm_id": 4487915096, "osm_type": "node", "name": "New Ranip", "place": "suburb"}, "geometry": {"type": "Point", "coordinates": [72.561323, 23.092529]}}, {"type": "Feature", "properties": {"osm_id": 4487915290, "osm_type": "node", "name": "Ghatlodiya", "place": "suburb"}, "geometry": {"type": "Point", "coordinates": [72.549728, 23.075569]}}, {"type": "Feature", "properties": {"osm_id": 4487915789, "osm_type": "node", "name": "Bhagvat", "place": "suburb"}, "geometry": {"type": "Point", "coordinates": [72.5238115, 23.0880625]}}, {"type": "Feature", "properties": {"osm_id": 5495444216, "osm_type": "node", "name": "Sola", "place": "suburb"}, "geometry": {"type": "Point", "coordinates": [72.5111307, 23.069237]}}, {"type": "Feature", "properties": {"osm_id": 10130918336, "osm_type": "node", "name": "Gota", "place": "suburb"}, "geometry": {"type": "Point", "coordinates": [72.5408363, 23.1010002]}}, {"type": "Feature", "properties": {"osm_id": 10131664917, "osm_type": "node", "name": "Khodiyar Nagar", "place": "neighbourhood"}, "geometry": {"type": "Point", "coordinates": [72.5430733, 23.06384]}}, {"type": "Feature", "properties": {"osm_id": 113936314, "osm_type": "way", "name": "D-cabin", "place": "suburb"}, "geometry": {"type": "LineString", "coordinates": [[72.5676641, 23.103767], [72.5681289, 23.103498], [72.5692447, 23.1028665], [72.572635, 23.1010112], [72.5758108, 23.1004191], [72.5762763, 23.1020502], [72.5755962, 23.1034191], [72.5747379, 23.1044059], [72.5727209, 23.1055901], [72.5710901, 23.1068138], [72.5699743, 23.107169], [72.5678714, 23.107169], [72.5664434, 23.1072832], [72.5658973, 23.1073269], [72.5660261, 23.106498], [72.5676641, 23.103767]]}}, {"type": "Feature", "properties": {"osm_id": 1005780460, "osm_type": "way", "name": "Krishnakunj Society", "place": "neighbourhood"}, "geometry": {"type": "LineString", "coordinates": [[72.5641471, 23.0270855], [72.5641847, 23.0269004], [72.5652549, 23.0270262], [72.5652549, 23.027357], [72.5649572, 23.0273743], [72.5644395, 23.0273447], [72.5644958, 23.0276705], [72.5640774, 23.0276829], [72.5640935, 23.0273422], [72.5641471, 23.0270855]]}}, {"type": "Feature", "properties": {"osm_id": 1008019384, "osm_type": "way", "name": "Lapkaman", "place": "suburb"}, "geometry": {"type": "LineString", "coordinates": [[72.4957657, 23.127906], [72.4967963, 23.1279644], [72.4972131, 23.1274227], [72.4973081, 23.1267176], [72.4985612, 23.1270683], [72.4990911, 23.1277621], [72.4997743, 23.1280609], [72.5002055, 23.1279186], [72.5009857, 23.1280114], [72.5013129, 23.129219], [72.5010926, 23.1300227], [72.5006331, 23.1302992], [72.5014423, 23.1314151], [72.501662, 23.1325228], [72.500103, 23.134313], [72.4992072, 23.1354502], [72.4980059, 23.1362093], [72.4963432, 23.1361636], [72.4955339, 23.1351785], [72.4950237, 23.134061], [72.4949757, 23.1320605], [72.4950677, 23.1294231], [72.4955759, 23.1280374], [72.4957657, 23.127906]]}}, {"type": "Feature", "properties": {"osm_id": 1355784334, "osm_type": "way", "name": "Pride Heritage Villas", "place": "neighbourhood"}, "geometry": {"type": "LineString", "coordinates": [[72.5391128, 23.1431527], [72.5393092, 23.1431355], [72.5395226, 23.1431168], [72.5393398, 23.1424023], [72.5389513, 23.1424708], [72.5391128, 23.1431527]]}}, {"type": "Feature", "properties": {"osm_id": 3335472848, "osm_type": "node", "name": "Sahijpur", "place": "suburb"}, "geometry": {"type": "Point", "coordinates": [72.6302233, 23.0531752]}}, {"type": "Feature", "properties": {"osm_id": 3335579003, "osm_type": "node", "name": "Naroda", "place": "suburb"}, "geometry": {"type": "Point", "coordinates": [72.6508299, 23.0732586]}}, {"type": "Feature", "properties": {"osm_id": 3335579004, "osm_type": "node", "name": "Shahibaug", "place": "suburb"}, "geometry": {"type": "Point", "coordinates": [72.5965538, 23.0556364]}}, {"type": "Feature", "properties": {"osm_id": 4481536389, "osm_type": "node", "name": "Nava Naroda", "place": "suburb"}, "geometry": {"type": "Point", "coordinates": [72.6734956, 23.0687402]}}, {"type": "Feature", "properties": {"osm_id": 4486255692, "osm_type": "node", "name": "Madhupura", "place": "suburb"}, "geometry": {"type": "Point", "coordinates": [72.5907907, 23.0433545]}}, {"type": "Feature", "properties": {"osm_id": 4486353734, "osm_type": "node", "name": "Bhat", "place": "suburb"}, "geometry": {"type": "Point", "coordinates": [72.6329349, 23.1026771]}}, {"type": "Feature", "properties": {"osm_id": 4486401683, "osm_type": "node", "name": "Ranip", "place": "suburb"}, "geometry": {"type": "Point", "coordinates": [72.5764197, 23.0766234]}}, {"type": "Feature", "properties": {"osm_id": 4486450276, "osm_type": "node", "name": "Sabarmati", "place": "suburb"}, "geometry": {"type": "Point", "coordinates": [72.5876185, 23.0839931]}}, {"type": "Feature", "properties": {"osm_id": 4486558589, "osm_type": "node", "name": "Revdi Bazar", "place": "suburb"}, "geometry": {"type": "Point", "coordinates": [72.5985383, 23.0268473]}}, {"type": "Feature", "properties": {"osm_id": 4486621110, "osm_type": "node", "name": "Dudheshwar", "place": "suburb"}, "geometry": {"type": "Point", "coordinates": [72.5841384, 23.0559546]}}, {"type": "Feature", "properties": {"osm_id": 4486711960, "osm_type": "node", "name": "Shastri Nagar", "place": "suburb"}, "geometry": {"type": "Point", "coordinates": [72.6372435, 23.0302382]}}, {"type": "Feature", "properties": {"osm_id": 4486723723, "osm_type": "node", "name": "Thakkarabapa Nagar", "place": "suburb"}, "geometry": {"type": "Point", "coordinates": [72.6429795, 23.0404388]}}, {"type": "Feature", "properties": {"osm_id": 4486851843, "osm_type": "node", "name": "Dariyapur", "place": "suburb"}, "geometry": {"type": "Point", "coordinates": [72.5955886, 23.0334462]}}, {"type": "Feature", "properties": {"osm_id": 4486854977, "osm_type": "node", "name": "Girdharnagar", "place": "suburb"}, "geometry": {"type": "Point", "coordinates": [72.5978915, 23.0502144]}}, {"type": "Feature", "properties": {"osm_id": 4486859524, "osm_type": "node", "name": "Kalapi nagar", "place": "suburb"}, "geometry": {"type": "Point", "coordinates": [72.6176279, 23.0506582]}}, {"type": "Feature", "properties": {"osm_id": 4488009674, "osm_type": "node", "name": "Sahijpur boga", "place": "suburb"}, "geometry": {"type": "Point", "coordinates": [72.6299656, 23.0562936]}}, {"type": "Feature", "properties": {"osm_id": 4488010406, "osm_type": "node", "name": "Asarwa", "place": "suburb"}, "geometry": {"type": "Point", "coordinates": [72.6088046, 23.0472488]}}, {"type": "Feature", "properties": {"osm_id": 4488023191, "osm_type": "node", "name": "Meghaninagar", "place": "suburb"}, "geometry": {"type": "Point", "coordinates": [72.6156446, 23.0556421]}}, {"type": "Feature", "properties": {"osm_id": 4488251086, "osm_type": "node", "name": "Chandkheda", "place": "suburb"}, "geometry": {"type": "Point", "coordinates": [72.5811205, 23.1100643]}}, {"type": "Feature", "properties": {"osm_id": 4488657845, "osm_type": "node", "name": "Ambavadi / kubernagar", "place": "suburb"}, "geometry": {"type": "Point", "coordinates": [72.6340502, 23.0804086]}}, {"type": "Feature", "properties": {"osm_id": 4489834663, "osm_type": "node", "name": "Sarangpur", "place": "suburb"}, "geometry": {"type": "Point", "coordinates": [72.6073078, 23.0275877]}}, {"type": "Feature", "properties": {"osm_id": 11148616279, "osm_type": "node", "name": "Amiyapur", "place": "neighbourhood"}, "geometry": {"type": "Point", "coordinates": [72.6160352, 23.1242671]}}, {"type": "Feature", "properties": {"osm_id": 451822018, "osm_type": "way", "name": "Koteshwar Village", "place": "suburb", "landuse": "residential"}, "geometry": {"type": "LineString", "coordinates": [[72.6125908, 23.0947696], [72.6121069, 23.0955326], [72.6129201, 23.0956932], [72.6128327, 23.096084], [72.6123946, 23.09607], [72.6122691, 23.0968409], [72.6116801, 23.0968563], [72.6118102, 23.0970283], [72.6120347, 23.0979605], [72.6122497, 23.0978474], [72.6124953, 23.0977388], [72.6127214, 23.0976855], [72.6140015, 23.0976641], [72.613909, 23.0973252], [72.6145432, 23.0972881], [72.6147595, 23.0958778], [72.6149919, 23.0959484], [72.6151236, 23.0956184], [72.6134039, 23.0951865], [72.6135218, 23.0945564], [72.6125908, 23.0947696]]}}, {"type": "Feature", "properties": {"osm_id": 544499329, "osm_type": "way", "name": "GIFT City", "place": "suburb"}, "geometry": {"type": "LineString", "coordinates": [[72.6813586, 23.1517349], [72.6824033, 23.1511427], [72.6822531, 23.1495841], [72.6846221, 23.1489784], [72.6869094, 23.1497123], [72.6862631, 23.151159], [72.6869159, 23.1516142], [72.6874, 23.1515231], [72.6874719, 23.1515549], [72.6879175, 23.1517907], [72.6882839, 23.1521876], [72.6886954, 23.1524317], [72.6890901, 23.1524325], [72.6894629, 23.1523388], [72.6895165, 23.1524745], [72.6883578, 23.152657], [72.6886529, 23.1532439], [72.6898584, 23.1527714], [72.6900396, 23.1530811], [72.6890203, 23.1536434], [72.6890451, 23.1545208], [72.6894006, 23.1549616], [72.6895578, 23.1556074], [72.6902407, 23.1567076], [72.690889, 23.1574452], [72.6911058, 23.1578098], [72.6915091, 23.1584238], [72.6924133, 23.1591157], [72.6927727, 23.1588593], [72.6934576, 23.1578496], [72.6936981, 23.1586398], [72.6937086, 23.1594933], [72.694326, 23.1602553], [72.6944365, 23.1603917], [72.6956512, 23.1611243], [72.6958435, 23.1611966], [72.6960007, 23.161203], [72.6961143, 23.1611738], [72.6966516, 23.1610358], [72.6973066, 23.1609733], [72.6974808, 23.1610138], [72.6981901, 23.1616703], [72.6987153, 23.161708], [72.6990275, 23.1617619], [72.6991743, 23.1618236], [72.6996276, 23.161851], [72.6998773, 23.161963], [72.7004762, 23.162101], [72.7005674, 23.1620772], [72.7013259, 23.1617061], [72.7020004, 23.161173], [72.7024954, 23.160889], [72.7048091, 23.1641201], [72.7008891, 23.1644892], [72.6938885, 23.164361], [72.6938295, 23.1646174], [72.6933145, 23.1648048], [72.6931053, 23.1647111], [72.6927359, 23.1647751], [72.6923919, 23.1646224], [72.6917857, 23.1647259], [72.6914343, 23.1649922], [72.6914987, 23.1656556], [72.6915067, 23.1659145], [72.6919842, 23.1659885], [72.6918983, 23.1662795], [72.6912707, 23.1665655], [72.6917604, 23.1676376], [72.6926833, 23.1673536], [72.6927237, 23.1674899], [72.6926077, 23.1676878], [72.6925723, 23.1679703], [72.6934854, 23.1682963], [72.6938412, 23.1684798], [72.693743, 23.1686032], [72.6932167, 23.1687644], [72.6932481, 23.1688651], [72.6929675, 23.1689229], [72.6928552, 23.1688071], [72.6927489, 23.1685425], [72.6925648, 23.1684123], [72.6921803, 23.1681077], [72.6914876, 23.1680777], [72.6912193, 23.1686918], [72.6916158, 23.1687304], [72.6916476, 23.1689332], [72.6919769, 23.1690217], [72.691969, 23.1692415], [72.6914247, 23.169213], [72.6914483, 23.1689801], [72.6908683, 23.1689825], [72.6906599, 23.1701689], [72.6899992, 23.1702038], [72.6900672, 23.1690233], [72.6897579, 23.1690343], [72.6897318, 23.1693838], [72.6894664, 23.1693946], [72.689557, 23.1695796], [72.6892062, 23.1696266], [72.6888852, 23.1696175], [72.6889888, 23.1692742], [72.6891023, 23.1688979], [72.6892105, 23.1685409], [72.6895644, 23.168514], [72.6898722, 23.1682458], [72.6900674, 23.1681556], [72.6900135, 23.1671903], [72.689892, 23.1668466], [72.6885509, 23.1671697], [72.6884785, 23.1667973], [72.6895894, 23.1661214], [72.6893092, 23.1655864], [72.6890525, 23.165166], [72.6884416, 23.1650441], [72.6879943, 23.1650082], [72.6876937, 23.1650715], [72.6876873, 23.1653446], [72.6873296, 23.1653463], [72.687297, 23.1669274], [72.6869178, 23.1670369], [72.6867613, 23.1666861], [72.6868644, 23.1665043], [72.6867642, 23.1660639], [72.6861134, 23.1660458], [72.6860618, 23.1653416], [72.684991, 23.1655646], [72.6845002, 23.1656825], [72.684694, 23.1664381], [72.6847847, 23.1669514], [72.6848227, 23.167764], [72.6855066, 23.1682251], [72.6854181, 23.1682596], [72.6847744, 23.1680007], [72.6842594, 23.1693619], [72.6836318, 23.1689525], [72.6834547, 23.168553], [72.6838034, 23.1678626], [72.6834923, 23.1676209], [72.6830041, 23.1674039], [72.6829237, 23.1670045], [72.6828834, 23.1658159], [72.6818937, 23.1658603], [72.6803809, 23.166383], [72.6747842, 23.1663295], [72.6746381, 23.1677727], [72.665087, 23.1761576], [72.6615896, 23.1755942], [72.6637566, 23.1718277], [72.6675868, 23.1684544], [72.6722003, 23.1643569], [72.672919, 23.1635225], [72.6739825, 23.162288], [72.6747538, 23.1619036], [72.6772707, 23.1592871], [72.679187, 23.1561571], [72.6794608, 23.1549083], [72.6796379, 23.1519483], [72.6809013, 23.1519319], [72.6813586, 23.1517349]]}}, {"type": "Feature", "properties": {"osm_id": 993784184, "osm_type": "way", "name": "Zundal", "place": "suburb"}, "geometry": {"type": "LineString", "coordinates": [[72.5776969, 23.1334567], [72.5777147, 23.1339972], [72.5777412, 23.1348002], [72.5782135, 23.135913], [72.5793646, 23.1358316], [72.5792318, 23.1365373], [72.5796007, 23.1375416], [72.5800434, 23.1387222], [72.5804124, 23.1389122], [72.5819325, 23.1388715], [72.5825671, 23.1387222], [72.5839838, 23.1384508], [72.5846922, 23.1378944], [72.5856515, 23.137813], [72.5862861, 23.137718], [72.5864779, 23.1373516], [72.586168, 23.1366052], [72.585799, 23.1350581], [72.5852382, 23.1329681], [72.5849431, 23.1318552], [72.5832459, 23.1318959], [72.582449, 23.1320317], [72.5780806, 23.1330631], [72.5776969, 23.1334567]]}}, {"type": "Feature", "properties": {"osm_id": 8139233244, "osm_type": "node", "name": "Ruchit Flats", "landuse": "residential"}, "geometry": {"type": "Point", "coordinates": [72.5461438, 23.007513]}}, {"type": "Feature", "properties": {"osm_id": 142748769, "osm_type": "way", "name": "Pushkar-I Apartments", "landuse": "residential"}, "geometry": {"type": "LineString", "coordinates": [[72.568106, 23.0083859], [72.5684705, 23.0088902], [72.5690056, 23.0085488], [72.5686454, 23.0080308], [72.568106, 23.0083859]]}}, {"type": "Feature", "properties": {"osm_id": 170607714, "osm_type": "way", "name": "Kendriya Vihar, Bopal", "landuse": "residential"}, "geometry": {"type": "LineString", "coordinates": [[72.4744945, 23.0214214], [72.4743265, 23.0219536], [72.4750014, 23.0221096], [72.475267, 23.0214559], [72.4745213, 23.0212683], [72.474495, 23.0213468], [72.4744945, 23.0214214]]}}, {"type": "Feature", "properties": {"osm_id": 317511131, "osm_type": "way", "name": "Jain Society", "landuse": "residential"}, "geometry": {"type": "LineString", "coordinates": [[72.5633594, 23.0155266], [72.5639502, 23.0159377], [72.5633807, 23.016509], [72.5628872, 23.0160865], [72.5633594, 23.0155266]]}}, {"type": "Feature", "properties": {"osm_id": 317511358, "osm_type": "way", "name": "Jain Society", "landuse": "residential"}, "geometry": {"type": "LineString", "coordinates": [[72.5625926, 23.0164855], [72.5628834, 23.0166222], [72.5630622, 23.0163321], [72.5633955, 23.0165552], [72.5633738, 23.016588], [72.5630258, 23.0171185], [72.5623775, 23.016809], [72.5624138, 23.0167365], [72.5625926, 23.0164855]]}}, {"type": "Feature", "properties": {"osm_id": 317667686, "osm_type": "way", "name": "CG Road Society", "landuse": "residential"}, "geometry": {"type": "LineString", "coordinates": [[72.5553869, 23.0217341], [72.5557214, 23.0213011], [72.5564435, 23.0216529], [72.5562267, 23.0220977], [72.5561918, 23.0221619], [72.5561513, 23.0222499], [72.5553869, 23.0217341]]}}, {"type": "Feature", "properties": {"osm_id": 323031492, "osm_type": "way", "name": "Prathna Vihar Society", "landuse": "residential"}, "geometry": {"type": "LineString", "coordinates": [[72.5412718, 23.0149271], [72.5410405, 23.0160837], [72.5425974, 23.0163703], [72.5426819, 23.0160632], [72.5426774, 23.0157152], [72.5426552, 23.0150827], [72.5412718, 23.0149271]]}}, {"type": "Feature", "properties": {"osm_id": 323032124, "osm_type": "way", "name": "Mithila Society", "landuse": "residential"}, "geometry": {"type": "LineString", "coordinates": [[72.5427942, 23.0134821], [72.542755, 23.014063], [72.5428226, 23.0148291], [72.5428475, 23.0156214], [72.5429222, 23.0156493], [72.5432175, 23.015664], [72.5432157, 23.0155625], [72.5432175, 23.0155412], [72.5434842, 23.0155641], [72.5441121, 23.013806], [72.5427924, 23.0134623], [72.5427942, 23.0134821]]}}, {"type": "Feature", "properties": {"osm_id": 323037188, "osm_type": "way", "name": "Indraprasth Bungalows and Apartments", "landuse": "residential"}, "geometry": {"type": "LineString", "coordinates": [[72.5377077, 23.0110578], [72.5378144, 23.0101934], [72.5378571, 23.0101443], [72.539255, 23.0103964], [72.5391832, 23.0114546], [72.5383604, 23.0110709], [72.5377077, 23.0110578]]}}, {"type": "Feature", "properties": {"osm_id": 324985547, "osm_type": "way", "name": "New Bhrahmakshatriya Society", "landuse": "residential"}, "geometry": {"type": "LineString", "coordinates": [[72.5636408, 23.0155966], [72.5637706, 23.0156876], [72.5639626, 23.0158175], [72.5640684, 23.0159001], [72.5641416, 23.0159593], [72.5642228, 23.0160826], [72.5644176, 23.0162703], [72.5647753, 23.0166797], [72.5652001, 23.0162161], [72.5655594, 23.0159699], [72.5652081, 23.0156209], [72.5656233, 23.0152902], [72.5655095, 23.0150918], [72.5650145, 23.0153692], [72.5648468, 23.0151212], [72.5643957, 23.0153857], [72.5643079, 23.0154059], [72.5641941, 23.0154335], [72.5640664, 23.015439], [72.5638887, 23.0154702], [72.5637151, 23.0155437], [72.5636408, 23.0155966]]}}, {"type": "Feature", "properties": {"osm_id": 326493623, "osm_type": "way", "name": "Bopal 444", "landuse": "residential"}, "geometry": {"type": "LineString", "coordinates": [[72.4799509, 23.0168413], [72.477619, 23.0159358], [72.4770856, 23.0164466], [72.4777155, 23.0167461], [72.4766891, 23.0186492], [72.4782766, 23.0192144], [72.4786713, 23.0183804], [72.4787975, 23.0183372], [72.4788821, 23.0181334], [72.4793201, 23.0182777], [72.4799509, 23.0168413]]}}, {"type": "Feature", "properties": {"osm_id": 328729111, "osm_type": "way", "name": "Tulip Citadel Towers", "landuse": "residential"}, "geometry": {"type": "LineString", "coordinates": [[72.5376316, 23.0123334], [72.5389492, 23.0124905], [72.5390751, 23.0120798], [72.5376998, 23.0115676], [72.5376316, 23.0123334]]}}, {"type": "Feature", "properties": {"osm_id": 336332300, "osm_type": "way", "name": "Juhapura", "landuse": "residential"}, "geometry": {"type": "LineString", "coordinates": [[72.5329552, 23.006278], [72.5342542, 23.0037474], [72.533745, 23.0035746], [72.5326686, 23.0037078], [72.5324789, 23.0037157], [72.5315821, 23.0035331], [72.5299654, 23.0029895], [72.5293704, 23.0027236], [72.5284996, 23.002045], [72.5284564, 23.0020251], [72.5280857, 23.0023247], [72.5276028, 23.0028367], [72.5273571, 23.0030291], [72.526428, 23.0034915], [72.5255506, 23.0038209], [72.5250505, 23.003932], [72.524738, 23.0039538], [72.524296, 23.0039677], [72.5240352, 23.0039141], [72.523063, 23.0036562], [72.5228884, 23.0041879], [72.5236666, 23.0044935], [72.5245784, 23.0048487], [72.5257339, 23.0051007], [72.5273829, 23.0053804], [72.529392, 23.0056959], [72.5311984, 23.0059856], [72.5325241, 23.0062694], [72.532864, 23.0063468], [72.5329552, 23.006278]]}}, {"type": "Feature", "properties": {"osm_id": 336340799, "osm_type": "way", "name": "Shyamal Row Houses II", "landuse": "residential"}, "geometry": {"type": "LineString", "coordinates": [[72.5287541, 23.0159686], [72.5287716, 23.0143782], [72.5299293, 23.0146293], [72.5298668, 23.0149079], [72.529855, 23.0149691], [72.529674, 23.0159042], [72.5287541, 23.0159686]]}}, {"type": "Feature", "properties": {"osm_id": 374077287, "osm_type": "way", "name": "Sagar Appartment", "landuse": "residential"}, "geometry": {"type": "LineString", "coordinates": [[72.5304541, 23.0128414], [72.5303908, 23.0128323], [72.5296374, 23.0127442], [72.5296152, 23.0127416], [72.5296527, 23.0125194], [72.5295508, 23.0124947], [72.5295991, 23.0120503], [72.5303716, 23.0121985], [72.5303072, 23.0125589], [72.5305003, 23.0125787], [72.5304541, 23.0128414]]}}, {"type": "Feature", "properties": {"osm_id": 413841390, "osm_type": "way", "name": "Green Acres", "landuse": "residential"}, "geometry": {"type": "LineString", "coordinates": [[72.5101316, 23.0072488], [72.511698, 23.0072883], [72.51155, 23.0081614], [72.5100249, 23.0081547], [72.5100672, 23.0076438], [72.5101316, 23.0072488]]}}, {"type": "Feature", "properties": {"osm_id": 451518492, "osm_type": "way", "name": "Vraj Vihar-8", "landuse": "residential"}, "geometry": {"type": "LineString", "coordinates": [[72.5090096, 23.0091939], [72.5110179, 23.0091977], [72.5112375, 23.009018], [72.5113757, 23.0086176], [72.5114489, 23.0083669], [72.5114164, 23.008322], [72.5089893, 23.0082285], [72.5090096, 23.0091939]]}}, {"type": "Feature", "properties": {"osm_id": 531442551, "osm_type": "way", "name": "Green Park", "landuse": "residential"}, "geometry": {"type": "LineString", "coordinates": [[72.4572987, 22.9835571], [72.4552177, 22.9834761], [72.4552051, 22.983772], [72.4551492, 22.9837797], [72.4550961, 22.9843574], [72.45537, 22.9843845], [72.4553518, 22.9854225], [72.4554619, 22.9854792], [72.4554607, 22.9855162], [72.4556845, 22.9855232], [72.4561968, 22.9855393], [72.4572287, 22.9855718], [72.4572987, 22.9835571]]}}, {"type": "Feature", "properties": {"osm_id": 531442552, "osm_type": "way", "name": "Safal Vihaan", "landuse": "residential"}, "geometry": {"type": "LineString", "coordinates": [[72.4596097, 22.983207], [72.4605687, 22.9834623], [72.4618445, 22.9835854], [72.4619303, 22.9837617], [72.4616861, 22.9848861], [72.4614814, 22.9853815], [72.4612767, 22.9853283], [72.4609499, 22.9861412], [72.4596477, 22.9858692], [72.4583091, 22.9855456], [72.4591195, 22.9839957], [72.4591789, 22.9839001], [72.4596097, 22.983207]]}}, {"type": "Feature", "properties": {"osm_id": 531468258, "osm_type": "way", "name": "Gala Villa Aqua", "landuse": "residential"}, "geometry": {"type": "LineString", "coordinates": [[72.4602826, 22.971544], [72.4603586, 22.9730868], [72.4590852, 22.9731189], [72.4592004, 22.9740588], [72.4586528, 22.9740147], [72.4572927, 22.9736664], [72.4572496, 22.973244], [72.4573955, 22.9732182], [72.4572467, 22.9722162], [72.4588748, 22.9716912], [72.4602826, 22.971544]]}}, {"type": "Feature", "properties": {"osm_id": 531468542, "osm_type": "way", "name": "The Meadows Gokuldham By Pacifica", "landuse": "residential"}, "geometry": {"type": "LineString", "coordinates": [[72.4574372, 22.9768398], [72.4583743, 22.9768401], [72.4582965, 22.97712], [72.4582773, 22.978639], [72.4599388, 22.9786019], [72.4599196, 22.9790728], [72.4596696, 22.9798802], [72.4595869, 22.9805317], [72.4596681, 22.9812436], [72.4580092, 22.9809764], [72.4578124, 22.9808956], [72.4575812, 22.9805579], [72.4575782, 22.9804957], [72.457484, 22.9785466], [72.4574812, 22.9784896], [72.4574372, 22.9768398]]}}, {"type": "Feature", "properties": {"osm_id": 531471610, "osm_type": "way", "name": "KP Courtyard", "landuse": "residential"}, "geometry": {"type": "LineString", "coordinates": [[72.4509389, 22.980674], [72.4521586, 22.9807179], [72.4522138, 22.9796849], [72.4522161, 22.9796423], [72.4517281, 22.9795427], [72.4507469, 22.9794222], [72.4509389, 22.980674]]}}, {"type": "Feature", "properties": {"osm_id": 531471832, "osm_type": "way", "name": "78@Gokuldham", "landuse": "residential"}, "geometry": {"type": "LineString", "coordinates": [[72.4541553, 22.9808029], [72.4548288, 22.9808794], [72.4555426, 22.9808529], [72.4556107, 22.9791133], [72.4552402, 22.9790956], [72.4551473, 22.9788971], [72.4549011, 22.9788752], [72.454208, 22.9788135], [72.4541553, 22.9808029]]}}, {"type": "Feature", "properties": {"osm_id": 531471834, "osm_type": "way", "name": "Safal Amrakunj Bunglows", "landuse": "residential"}, "geometry": {"type": "LineString", "coordinates": [[72.4572974, 22.9766428], [72.4573338, 22.9774225], [72.4573799, 22.9784121], [72.4574199, 22.9792687], [72.4558127, 22.9792793], [72.4556941, 22.9791143], [72.4556107, 22.9791133], [72.4552402, 22.9790956], [72.4551473, 22.9788971], [72.4549011, 22.9788752], [72.454208, 22.9788135], [72.4533869, 22.978723], [72.4532769, 22.9780506], [72.454211, 22.9778233], [72.4549984, 22.9775883], [72.4549331, 22.9772691], [72.4556976, 22.9772089], [72.4556548, 22.9767067], [72.4572974, 22.9766428]]}}, {"type": "Feature", "properties": {"osm_id": 531624591, "osm_type": "way", "name": "Green County , Gokuldham", "landuse": "residential"}, "geometry": {"type": "LineString", "coordinates": [[72.4533869, 22.978723], [72.454208, 22.9788135], [72.4541553, 22.9808029], [72.4534007, 22.9807693], [72.4529228, 22.9807481], [72.4526176, 22.9807345], [72.4524605, 22.9805643], [72.4525221, 22.9797417], [72.4526491, 22.979502], [72.452677, 22.9785582], [72.4526823, 22.9783773], [72.4530273, 22.9780988], [72.4530829, 22.9780539], [72.4532769, 22.9780506], [72.4533869, 22.978723]]}}, {"type": "Feature", "properties": {"osm_id": 547231308, "osm_type": "way", "name": "Smarana Apartment", "landuse": "residential"}, "geometry": {"type": "LineString", "coordinates": [[72.5187041, 22.9989683], [72.5185988, 22.9989582], [72.5180865, 22.9989306], [72.5178442, 22.9989207], [72.517923, 22.9974046], [72.51793, 22.9972702], [72.5185546, 22.9974331], [72.5186325, 22.997456], [72.5186245, 22.9976368], [72.5186346, 22.9979387], [72.5186508, 22.9984009], [72.518671, 22.9985819], [72.518699, 22.998821], [72.5187077, 22.9989117], [72.5187041, 22.9989683]]}}, {"type": "Feature", "properties": {"osm_id": 547235577, "osm_type": "way", "name": "Venus Parkland", "landuse": "residential"}, "geometry": {"type": "LineString", "coordinates": [[72.5197869, 23.0017731], [72.5197913, 23.0017202], [72.5198143, 23.0016738], [72.5198621, 23.001633], [72.5199205, 23.0016298], [72.521683, 23.0017245], [72.5217004, 23.0032481], [72.5217126, 23.0037821], [72.5211475, 23.0036214], [72.5202256, 23.0033734], [72.5196951, 23.0032808], [72.5197869, 23.0017731]]}}, {"type": "Feature", "properties": {"osm_id": 621294303, "osm_type": "way", "name": "KP Villas", "landuse": "residential"}, "geometry": {"type": "LineString", "coordinates": [[72.4523679, 22.9828137], [72.4524363, 22.9810867], [72.4524933, 22.981008], [72.4524698, 22.9809262], [72.4536667, 22.9809753], [72.4543497, 22.9809982], [72.4545231, 22.981004], [72.4545062, 22.9814738], [72.4545034, 22.9815429], [72.4544776, 22.9821891], [72.4543578, 22.9822206], [72.4542894, 22.9824935], [72.4533315, 22.982693], [72.4529837, 22.982714], [72.4523679, 22.9828137]]}}, {"type": "Feature", "properties": {"osm_id": 621382648, "osm_type": "way", "name": "Riviera Greens", "landuse": "residential"}, "geometry": {"type": "LineString", "coordinates": [[72.45758, 22.9835802], [72.4591959, 22.9836227], [72.4593937, 22.9833373], [72.4596054, 22.9830967], [72.459961, 22.9827157], [72.4606472, 22.9815658], [72.4601775, 22.9814915], [72.4595256, 22.9813883], [72.4577383, 22.9811333], [72.4576328, 22.9812001], [72.45758, 22.9835802]]}}, {"type": "Feature", "properties": {"osm_id": 621389516, "osm_type": "way", "name": "Gokuldham", "landuse": "residential"}, "geometry": {"type": "LineString", "coordinates": [[72.4574192, 22.9877515], [72.4575125, 22.9873419], [72.4579789, 22.9861505], [72.4585444, 22.9849859], [72.4588039, 22.9845418], [72.4591789, 22.9839001], [72.4592923, 22.9836843], [72.4596054, 22.9830967], [72.459961, 22.9827157], [72.4606472, 22.9815658], [72.4606829, 22.9813482], [72.4598828, 22.9812457], [72.4597288, 22.9812224], [72.4595869, 22.9805317], [72.4596696, 22.9798802], [72.4599196, 22.9790728], [72.4599388, 22.9786019], [72.4582773, 22.978639], [72.4582965, 22.97712], [72.4602796, 22.9768072], [72.4602708, 22.9761294], [72.4596942, 22.9761864], [72.459689, 22.976397], [72.4584037, 22.9764981], [72.4583803, 22.9750571], [72.4583102, 22.9742064], [72.4583291, 22.9739786], [72.4586182, 22.9739662], [72.4592292, 22.9740848], [72.4590283, 22.973071], [72.4603586, 22.9730868], [72.4602826, 22.971544], [72.4588748, 22.9716912], [72.4572467, 22.9722162], [72.4573955, 22.9732182], [72.4572107, 22.9732349], [72.4571613, 22.9732397], [72.4563608, 22.9733117], [72.4560933, 22.9718067], [72.4546964, 22.9721761], [72.4548896, 22.9731201], [72.4555584, 22.9730244], [72.4554543, 22.9738727], [72.4568364, 22.9741189], [72.4571355, 22.9742344], [72.4572974, 22.9766428], [72.4556548, 22.9767067], [72.4556976, 22.9772089], [72.4549331, 22.9772691], [72.4549984, 22.9775883], [72.454211, 22.9778233], [72.4532769, 22.9780506], [72.4530829, 22.9780539], [72.4526823, 22.9783773], [72.452677, 22.9785582], [72.4526491, 22.979502], [72.4525221, 22.9797417], [72.4523904, 22.9796989], [72.4522839, 22.9796643], [72.4522161, 22.9796423], [72.4517281, 22.9795427], [72.4507469, 22.9794222], [72.4509389, 22.980674], [72.4509478, 22.9807321], [72.4509661, 22.9808513], [72.4509713, 22.980885], [72.451229, 22.9815562], [72.4514619, 22.9820439], [72.4521797, 22.9826538], [72.4522954, 22.9827521], [72.4523679, 22.9828137], [72.4529837, 22.982714], [72.4533315, 22.982693], [72.4544847, 22.9824465], [72.4544121, 22.982646], [72.454433, 22.9836728], [72.4540508, 22.9836684], [72.4541593, 22.9843575], [72.454573, 22.9842887], [72.4545712, 22.9837377], [72.4551492, 22.9837797], [72.4550961, 22.9843574], [72.45537, 22.9843845], [72.4553518, 22.9854225], [72.4554619, 22.9854792], [72.4552935, 22.9865419], [72.4559328, 22.9866727], [72.4558499, 22.9869343], [72.4563708, 22.9870215], [72.4561772, 22.9877644], [72.4574192, 22.9877515]]}}, {"type": "Feature", "properties": {"osm_id": 912638639, "osm_type": "way", "name": "Applewoods Apartments", "landuse": "residential"}, "geometry": {"type": "LineString", "coordinates": [[72.4691029, 22.9944503], [72.4689748, 22.9937074], [72.4705717, 22.9934041], [72.4705527, 22.9923891], [72.471218, 22.9924299], [72.4714778, 22.9939465], [72.4691029, 22.9944503]]}}, {"type": "Feature", "properties": {"osm_id": 913552102, "osm_type": "way", "name": "Samatva Bungalows", "landuse": "residential"}, "geometry": {"type": "LineString", "coordinates": [[72.4559454, 23.0066959], [72.4557979, 23.0059438], [72.4551615, 23.0060526], [72.4549618, 23.0053678], [72.4555509, 23.0052299], [72.455486, 23.0047474], [72.4555487, 23.0045793], [72.4555659, 23.0044165], [72.4552064, 23.0038329], [72.4553812, 23.0037823], [72.4553113, 23.0033503], [72.4562199, 23.0031481], [72.4562499, 23.0030838], [72.4572634, 23.002854], [72.4574581, 23.0037456], [72.4572684, 23.0038007], [72.4573034, 23.0039478], [72.4570038, 23.0040167], [72.4569589, 23.0038788], [72.4567542, 23.0039064], [72.4568474, 23.0045046], [72.4574781, 23.0046417], [72.4578476, 23.0059147], [72.4578775, 23.005956], [72.4580473, 23.0059882], [72.4590258, 23.0059009], [72.4591756, 23.0066086], [72.4589509, 23.0066362], [72.4590308, 23.0071831], [72.4589659, 23.0075875], [72.4572734, 23.0072658], [72.4569389, 23.0072014], [72.4569888, 23.0069303], [72.4559454, 23.0066959]]}}, {"type": "Feature", "properties": {"osm_id": 972232424, "osm_type": "way", "name": "Maulik Villa Row House", "landuse": "residential"}, "geometry": {"type": "LineString", "coordinates": [[72.5232486, 23.0166689], [72.5232331, 23.0166481], [72.5231983, 23.0166013], [72.5231762, 23.0165715], [72.5231513, 23.0165381], [72.5231308, 23.0165105], [72.5231078, 23.0164797], [72.5230851, 23.0164491], [72.5230633, 23.0164198], [72.5230381, 23.016386], [72.5230154, 23.0163554], [72.5229919, 23.0163238], [72.5229664, 23.0162895], [72.5229432, 23.0162583], [72.5229244, 23.0162331], [72.5227939, 23.0160576], [72.5228184, 23.0160429], [72.5229034, 23.0159922], [72.5229319, 23.0159752], [72.5229599, 23.0159584], [72.5229833, 23.0159445], [72.5230055, 23.0159312], [72.5230305, 23.0159163], [72.5230544, 23.0159021], [72.5230764, 23.0158889], [72.5230991, 23.0158753], [72.5231191, 23.0158634], [72.5231515, 23.0158441], [72.5231773, 23.0158287], [72.523188, 23.0158223], [72.5232619, 23.0157782], [72.5233527, 23.0158858], [72.5235709, 23.0161442], [72.5234193, 23.0162268], [72.5234222, 23.0162316], [72.5234398, 23.0162602], [72.5234559, 23.0162864], [72.5234735, 23.016315], [72.5234916, 23.0163443], [72.5235105, 23.016375], [72.5235272, 23.0164022], [72.5235463, 23.0164331], [72.5235825, 23.0164866], [72.5236047, 23.0165218], [72.5232486, 23.0166689]]}}, {"type": "Feature", "properties": {"osm_id": 972261925, "osm_type": "way", "name": "Aaryabhumi", "landuse": "residential"}, "geometry": {"type": "LineString", "coordinates": [[72.5227857, 23.0168906], [72.5232486, 23.0166689], [72.5232331, 23.0166481], [72.5231983, 23.0166013], [72.5231762, 23.0165715], [72.5231513, 23.0165381], [72.5231308, 23.0165105], [72.5231078, 23.0164797], [72.5230851, 23.0164491], [72.5230633, 23.0164198], [72.5230381, 23.016386], [72.5230154, 23.0163554], [72.5229919, 23.0163238], [72.5229664, 23.0162895], [72.5229432, 23.0162583], [72.5229244, 23.0162331], [72.5227939, 23.0160576], [72.5223215, 23.0163513], [72.5227857, 23.0168906]]}}, {"type": "Feature", "properties": {"osm_id": 972299532, "osm_type": "way", "name": "Twinkle Residency", "landuse": "residential"}, "geometry": {"type": "LineString", "coordinates": [[72.5234193, 23.0162268], [72.5235709, 23.0161442], [72.5236268, 23.0162117], [72.5237206, 23.0161459], [72.5237444, 23.0161782], [72.5239216, 23.0164194], [72.5236047, 23.0165218], [72.5235825, 23.0164866], [72.5235463, 23.0164331], [72.5235272, 23.0164022], [72.5235105, 23.016375], [72.5234916, 23.0163443], [72.5234735, 23.016315], [72.5234559, 23.0162864], [72.5234398, 23.0162602], [72.5234222, 23.0162316], [72.5234193, 23.0162268]]}}, {"type": "Feature", "properties": {"osm_id": 972299533, "osm_type": "way", "name": "Nandanvan 3", "landuse": "residential"}, "geometry": {"type": "LineString", "coordinates": [[72.5237444, 23.0161782], [72.5239216, 23.0164194], [72.5245521, 23.0164581], [72.5246125, 23.0164388], [72.5241922, 23.0159117], [72.5237444, 23.0161782]]}}, {"type": "Feature", "properties": {"osm_id": 972303787, "osm_type": "way", "name": "Riddhi Towers", "landuse": "residential"}, "geometry": {"type": "LineString", "coordinates": [[72.5220389, 23.0190931], [72.5227226, 23.0190841], [72.5227323, 23.0186745], [72.5227323, 23.0185973], [72.5220582, 23.0185736], [72.5220389, 23.0190931]]}}, {"type": "Feature", "properties": {"osm_id": 972303789, "osm_type": "way", "name": "Shwetang Flats", "landuse": "residential"}, "geometry": {"type": "LineString", "coordinates": [[72.5223098, 23.017778], [72.5226807, 23.0178373], [72.5227485, 23.017585], [72.5223775, 23.0174989], [72.5223098, 23.017778]]}}, {"type": "Feature", "properties": {"osm_id": 992677969, "osm_type": "way", "name": "Safal Parivesh", "landuse": "residential"}, "geometry": {"type": "LineString", "coordinates": [[72.507581, 23.0069828], [72.5088903, 23.0069849], [72.5089021, 23.0057689], [72.5075691, 23.0057319], [72.507581, 23.0069828]]}}, {"type": "Feature", "properties": {"osm_id": 992677970, "osm_type": "way", "name": "Indraprastha Kadamb", "landuse": "residential"}, "geometry": {"type": "LineString", "coordinates": [[72.5070199, 23.0069795], [72.5075296, 23.0069765], [72.5075312, 23.0064819], [72.5070264, 23.0064759], [72.5070199, 23.0069795]]}}, {"type": "Feature", "properties": {"osm_id": 1005772529, "osm_type": "way", "name": "Shreeji Enclave", "landuse": "residential"}, "geometry": {"type": "LineString", "coordinates": [[72.5127559, 23.0159002], [72.5134865, 23.0160475], [72.5137366, 23.0160691], [72.5138067, 23.0157047], [72.5134451, 23.0156203], [72.5128531, 23.0154928], [72.5127667, 23.0154795], [72.5127559, 23.0159002]]}}, {"type": "Feature", "properties": {"osm_id": 1006189326, "osm_type": "way", "name": "Orchid Whitefield", "landuse": "residential"}, "geometry": {"type": "LineString", "coordinates": [[72.5031437, 22.9983771], [72.5039117, 22.9990231], [72.5043302, 22.9992932], [72.5046185, 22.9991006], [72.5049273, 22.9987929], [72.505282, 22.9984711], [72.5053509, 22.9979285], [72.5053764, 22.9975621], [72.5051569, 22.9974893], [72.5042205, 22.9975504], [72.5041108, 22.9976067], [72.5039449, 22.9983771], [72.5031539, 22.9982409], [72.5031437, 22.9983771]]}}, {"type": "Feature", "properties": {"osm_id": 1006191438, "osm_type": "way", "name": "Palm Greens", "landuse": "residential"}, "geometry": {"type": "LineString", "coordinates": [[72.5045392, 22.9994325], [72.5053, 22.9999647], [72.505438, 22.9997283], [72.5058103, 22.9990903], [72.5051212, 22.9988477], [72.5047218, 22.9991489], [72.5045392, 22.9994325]]}}, {"type": "Feature", "properties": {"osm_id": 1111960578, "osm_type": "way", "name": "Stanza", "landuse": "residential"}, "geometry": {"type": "LineString", "coordinates": [[72.4588238, 23.0098642], [72.4595949, 23.0097469], [72.4598819, 23.0105048], [72.4589592, 23.010669], [72.4588238, 23.0098642]]}}, {"type": "Feature", "properties": {"osm_id": 1167381337, "osm_type": "way", "name": "Applewoods Villas", "landuse": "residential"}, "geometry": {"type": "LineString", "coordinates": [[72.4644873, 22.9938823], [72.4647479, 22.9925012], [72.4647018, 22.9922205], [72.4648501, 22.9910999], [72.4648386, 22.9905143], [72.4639728, 22.9903705], [72.4640762, 22.9899054], [72.463486, 22.9897194], [72.4632196, 22.9907574], [72.4595409, 22.989871], [72.4595246, 22.9898927], [72.4590239, 22.9924761], [72.4596004, 22.9925966], [72.4624319, 22.9937593], [72.4633964, 22.9939284], [72.4644873, 22.9938823]]}}, {"type": "Feature", "properties": {"osm_id": 1184404128, "osm_type": "way", "name": "Orchid Harmony", "landuse": "residential"}, "geometry": {"type": "LineString", "coordinates": [[72.4668532, 22.9942243], [72.4671837, 22.9942289], [72.4675247, 22.9942706], [72.4686278, 22.9941792], [72.4687226, 22.9947008], [72.4676966, 22.9950379], [72.4676083, 22.9951023], [72.4670686, 22.9952022], [72.4668532, 22.9942243]]}}, {"type": "Feature", "properties": {"osm_id": 1191865460, "osm_type": "way", "name": "Pramukh Residency", "landuse": "residential"}, "geometry": {"type": "LineString", "coordinates": [[72.5279806, 23.0222696], [72.5284185, 23.0221997], [72.5283891, 23.0220437], [72.5283533, 23.0218537], [72.5281412, 23.0218876], [72.5279154, 23.0219236], [72.5279806, 23.0222696]]}}, {"type": "Feature", "properties": {"osm_id": 1392285477, "osm_type": "way", "name": "Royal Orchid", "landuse": "residential"}, "geometry": {"type": "LineString", "coordinates": [[72.5062325, 23.0069815], [72.5069952, 23.0069799], [72.5070306, 23.0062551], [72.5066448, 23.0062567], [72.5066397, 23.0057488], [72.5062854, 23.0057403], [72.5062669, 23.0063415], [72.5059557, 23.0065684], [72.5062325, 23.0069815]]}}, {"type": "Feature", "properties": {"osm_id": 1466485197, "osm_type": "way", "name": "Dipawali Society", "landuse": "residential"}, "geometry": {"type": "LineString", "coordinates": [[72.567712, 23.0067916], [72.567307, 23.0065479], [72.5670438, 23.006144], [72.5674822, 23.0058901], [72.5677554, 23.0062685], [72.567712, 23.0067916]]}}, {"type": "Feature", "properties": {"osm_id": 318501826, "osm_type": "way", "name": "Amraiwadi", "landuse": "residential"}, "geometry": {"type": "LineString", "coordinates": [[72.6197458, 23.0104411], [72.6197865, 23.0104679], [72.6208871, 23.0101705], [72.621057, 23.0101246], [72.6221835, 23.0096506], [72.6224778, 23.0095085], [72.6241407, 23.0089305], [72.6242475, 23.0088212], [72.6242659, 23.0086631], [72.6241542, 23.0071722], [72.6241667, 23.0070459], [72.6242054, 23.006951], [72.6242919, 23.0068268], [72.624354, 23.0067699], [72.6242896, 23.0062431], [72.6235921, 23.0062235], [72.6224258, 23.0062975], [72.6220482, 23.0062808], [72.6214592, 23.0063254], [72.6215042, 23.0066817], [72.6221605, 23.006665], [72.6221687, 23.0075399], [72.6211808, 23.0076391], [72.6201555, 23.0077405], [72.620127, 23.0063692], [72.6198035, 23.0063903], [72.6197646, 23.0064461], [72.6197256, 23.0071382], [72.619788, 23.007792], [72.6197646, 23.0078564], [72.6197938, 23.0082641], [72.6197821, 23.0084787], [72.6197384, 23.0088783], [72.6196597, 23.0094469], [72.6197005, 23.0100477], [72.6197238, 23.0103615], [72.6197458, 23.0104411]]}}, {"type": "Feature", "properties": {"osm_id": 326731570, "osm_type": "way", "name": "Railway Colony", "landuse": "residential"}, "geometry": {"type": "LineString", "coordinates": [[72.6077854, 23.0074389], [72.6100954, 23.0067595], [72.6101909, 23.0058802], [72.6106761, 23.0047719], [72.611674, 23.0024564], [72.6140257, 23.0023543], [72.614011, 23.0021958], [72.612961, 23.0009522], [72.610996, 23.0002061], [72.6099091, 23.0024671], [72.6101117, 23.0025434], [72.6089726, 23.0050219], [72.6087945, 23.0049456], [72.6077138, 23.0073959], [72.6077854, 23.0074389]]}}, {"type": "Feature", "properties": {"osm_id": 330923421, "osm_type": "way", "name": "Raipur - Khadiya", "landuse": "residential"}, "geometry": {"type": "LineString", "coordinates": [[72.5903323, 23.0209381], [72.5909679, 23.0208384], [72.5916748, 23.0207276], [72.59243, 23.0207132], [72.5930149, 23.0207446], [72.5932931, 23.0206949], [72.593516, 23.0206361], [72.5936494, 23.0206008], [72.5937062, 23.0204963], [72.5940426, 23.0199005], [72.5943947, 23.0188736], [72.594723, 23.0176433], [72.5946075, 23.0175297], [72.5945342, 23.0174955], [72.5943335, 23.0174752], [72.594078, 23.0173845], [72.5940118, 23.0173513], [72.5926937, 23.0171385], [72.5926681, 23.0172365], [72.5926937, 23.0173149], [72.5925404, 23.0172653], [72.5923984, 23.0171607], [72.5921514, 23.0170641], [72.5912372, 23.0169883], [72.5910555, 23.0169804], [72.5908397, 23.0169674], [72.590692, 23.0169804], [72.5905898, 23.0169883], [72.5904791, 23.0170196], [72.5903315, 23.0170876], [72.590164, 23.0172026], [72.5900532, 23.0173149], [72.5899709, 23.0174482], [72.5898687, 23.0176233], [72.5897949, 23.0177487], [72.5896898, 23.0179159], [72.5896302, 23.0180597], [72.5895592, 23.0182165], [72.5894087, 23.0184438], [72.5892582, 23.0184725], [72.5889715, 23.0185614], [72.5878841, 23.0190176], [72.5873431, 23.0191937], [72.5870178, 23.0193156], [72.5866284, 23.0194819], [72.586279, 23.0197258], [72.5860903, 23.0199254], [72.5859297, 23.0200954], [72.5861947, 23.0203873], [72.5862308, 23.020476], [72.5863071, 23.0205942], [72.5863513, 23.0206866], [72.5863874, 23.0210044], [72.5863674, 23.0213001], [72.586275, 23.0223126], [72.5862429, 23.0227708], [72.586279, 23.0238203], [72.586267, 23.0240901], [72.586276, 23.0241821], [72.5876823, 23.0241454], [72.5884902, 23.0240903], [72.5885041, 23.0241692], [72.5895129, 23.0241529], [72.5895591, 23.0234038], [72.5895932, 23.0231673], [72.5896434, 23.0228292], [72.5898344, 23.0221753], [72.5902404, 23.0211144], [72.5902556, 23.0209531], [72.5903323, 23.0209381]]}}, {"type": "Feature", "properties": {"osm_id": 369466174, "osm_type": "way", "name": "The Homeland Stay", "landuse": "residential"}, "geometry": {"type": "LineString", "coordinates": [[72.5963616, 22.9966994], [72.5964404, 22.9966532], [72.5963751, 22.996527], [72.5962909, 22.9965716], [72.5963616, 22.9966994]]}}, {"type": "Feature", "properties": {"osm_id": 422803570, "osm_type": "way", "name": "Harihar Society", "landuse": "residential"}, "geometry": {"type": "LineString", "coordinates": [[72.6100288, 22.9923559], [72.6106084, 22.9935867], [72.6114354, 22.9932936], [72.6108266, 22.9920019], [72.6100288, 22.9923559]]}}, {"type": "Feature", "properties": {"osm_id": 422803930, "osm_type": "way", "name": "Sitabaug Society", "landuse": "residential"}, "geometry": {"type": "LineString", "coordinates": [[72.6091251, 22.9927146], [72.6088306, 22.9922014], [72.6098758, 22.9917106], [72.6101147, 22.9922421], [72.6091251, 22.9927146]]}}, {"type": "Feature", "properties": {"osm_id": 422900886, "osm_type": "way", "name": "Nutanshakti Nagar Society Part-II", "landuse": "residential"}, "geometry": {"type": "LineString", "coordinates": [[72.6107516, 22.9918704], [72.6102826, 22.990872], [72.6095531, 22.9912318], [72.610136, 22.9921448], [72.6107516, 22.9918704]]}}, {"type": "Feature", "properties": {"osm_id": 422901876, "osm_type": "way", "name": "Sardar Patel Society", "landuse": "residential"}, "geometry": {"type": "LineString", "coordinates": [[72.6105469, 22.9935259], [72.6095317, 22.9938207], [72.6091605, 22.992856], [72.6094189, 22.9927521], [72.6095972, 22.9926249], [72.6097718, 22.9925311], [72.6100229, 22.9923904], [72.6105469, 22.9935259]]}}, {"type": "Feature", "properties": {"osm_id": 730859584, "osm_type": "way", "name": "Shakti Society", "landuse": "residential"}, "geometry": {"type": "LineString", "coordinates": [[72.5765024, 22.9960844], [72.5771052, 22.996227], [72.5785777, 22.9969356], [72.580069, 22.9937431], [72.5803234, 22.9930598], [72.5792482, 22.9928617], [72.5791866, 22.9930049], [72.5789532, 22.9929308], [72.5788218, 22.9933407], [72.5785053, 22.9933654], [72.5783202, 22.994353], [72.5777845, 22.9942826], [72.5772812, 22.9942201], [72.5770117, 22.9941984], [72.5769743, 22.9941809], [72.5765024, 22.9960844]]}}, {"type": "Feature", "properties": {"osm_id": 1340257802, "osm_type": "way", "name": "Vallabhpark row house", "landuse": "residential"}, "geometry": {"type": "LineString", "coordinates": [[72.6084251, 22.9629522], [72.6084324, 22.9633953], [72.6084129, 22.963823], [72.6079042, 22.9638162], [72.6078215, 22.9633378], [72.6078239, 22.9629064], [72.6084251, 22.9629522]]}}, {"type": "Feature", "properties": {"osm_id": 1444544978, "osm_type": "way", "name": "Gulfam Raw House", "landuse": "residential"}, "geometry": {"type": "LineString", "coordinates": [[72.5881576, 22.9955146], [72.58812, 22.9949072], [72.5883748, 22.9949047], [72.5884124, 22.9955121], [72.5881576, 22.9955146]]}}, {"type": "Feature", "properties": {"osm_id": 1444545743, "osm_type": "way", "name": "Gulshan Row House", "landuse": "residential"}, "geometry": {"type": "LineString", "coordinates": [[72.5881321, 22.9955035], [72.5880999, 22.994906], [72.5877324, 22.9949084], [72.5877324, 22.9950418], [72.5880033, 22.9950418], [72.5880141, 22.9955084], [72.5881321, 22.9955035]]}}, {"type": "Feature", "properties": {"osm_id": 1489394828, "osm_type": "way", "name": "Samir Duplex", "landuse": "residential"}, "geometry": {"type": "LineString", "coordinates": [[72.5888826, 22.9952726], [72.5893823, 22.9952397], [72.5893823, 22.995126], [72.588901, 22.9951651], [72.5888826, 22.9952726]]}}, {"type": "Feature", "properties": {"osm_id": 1536018162, "osm_type": "way", "name": "Saral Sapphire", "landuse": "residential"}, "geometry": {"type": "LineString", "coordinates": [[72.6719945, 23.0002115], [72.6712892, 23.0005213], [72.6711271, 23.0001708], [72.6714404, 23.0000481], [72.6718437, 22.9998901], [72.6719945, 23.0002115]]}}, {"type": "Feature", "properties": {"osm_id": 1536018163, "osm_type": "way", "name": "Madhav Raj Bunglows", "landuse": "residential"}, "geometry": {"type": "LineString", "coordinates": [[72.6703522, 23.0002094], [72.6699219, 22.9993379], [72.6708464, 22.9989871], [72.6712297, 22.9998473], [72.6703522, 23.0002094]]}}, {"type": "Feature", "properties": {"osm_id": 1536018164, "osm_type": "way", "name": "Radhe Krishna Heritage", "landuse": "residential"}, "geometry": {"type": "LineString", "coordinates": [[72.6714506, 23.0009307], [72.6713012, 23.0005909], [72.6722252, 23.0001948], [72.6723317, 23.0005429], [72.6714506, 23.0009307]]}}, {"type": "Feature", "properties": {"osm_id": 1536018165, "osm_type": "way", "name": "Vedant Skyline", "landuse": "residential"}, "geometry": {"type": "LineString", "coordinates": [[72.6712533, 22.9998346], [72.6708672, 22.9989845], [72.6718012, 22.9985978], [72.6721455, 22.9995176], [72.6712533, 22.9998346]]}}, {"type": "Feature", "properties": {"osm_id": 4797415997, "osm_type": "node", "name": "aarohi apartment", "landuse": "residential"}, "geometry": {"type": "Point", "coordinates": [72.547834, 23.042497]}}, {"type": "Feature", "properties": {"osm_id": 8139020066, "osm_type": "node", "name": "Aman Apartment", "landuse": "residential"}, "geometry": {"type": "Point", "coordinates": [72.5540638, 23.0352526]}}, {"type": "Feature", "properties": {"osm_id": 8139093605, "osm_type": "node", "name": "Triveni Vista", "landuse": "residential"}, "geometry": {"type": "Point", "coordinates": [72.5496698, 23.0259222]}}, {"type": "Feature", "properties": {"osm_id": 8196333041, "osm_type": "node", "name": "Sambhavi Apartments", "landuse": "residential"}, "geometry": {"type": "Point", "coordinates": [72.539578, 23.0713102]}}, {"type": "Feature", "properties": {"osm_id": 8196383750, "osm_type": "node", "name": "Vandemataram Icon", "landuse": "residential"}, "geometry": {"type": "Point", "coordinates": [72.547552, 23.0975425]}}, {"type": "Feature", "properties": {"osm_id": 118696271, "osm_type": "way", "name": "Adarsh Nagar", "landuse": "residential"}, "geometry": {"type": "LineString", "coordinates": [[72.5691122, 23.1043356], [72.5699107, 23.1041686], [72.5702077, 23.1048965], [72.5706089, 23.10588], [72.5703398, 23.1059696], [72.5701314, 23.1060083], [72.5697283, 23.1056242], [72.5695199, 23.1053521], [72.569224, 23.1047804], [72.5691122, 23.1043356]]}}, {"type": "Feature", "properties": {"osm_id": 120327574, "osm_type": "way", "name": "Adhikar Society", "landuse": "residential"}, "geometry": {"type": "LineString", "coordinates": [[72.5681409, 23.1045334], [72.5689884, 23.1043557], [72.5696751, 23.105757], [72.5683372, 23.1060121], [72.5682181, 23.1054768], [72.5681838, 23.1053228], [72.5679799, 23.1046123], [72.5681409, 23.1045334]]}}, {"type": "Feature", "properties": {"osm_id": 120327575, "osm_type": "way", "name": "Abu Nagar", "landuse": "residential"}, "geometry": {"type": "LineString", "coordinates": [[72.5670251, 23.104484], [72.5673914, 23.1054965], [72.5681054, 23.1052562], [72.5678083, 23.1040202], [72.5672611, 23.1042275], [72.5670251, 23.104484]]}}, {"type": "Feature", "properties": {"osm_id": 239945749, "osm_type": "way", "name": "Shivam Appartments", "landuse": "residential"}, "geometry": {"type": "LineString", "coordinates": [[72.5640332, 23.0697867], [72.5660485, 23.0696128], [72.5662458, 23.0688547], [72.5663883, 23.0685145], [72.566501, 23.0679324], [72.5656239, 23.0679242], [72.5655593, 23.0679227], [72.5651603, 23.0679265], [72.5647349, 23.0679259], [72.5643392, 23.0679274], [72.5638457, 23.0678978], [72.5635111, 23.0678513], [72.563438, 23.0678386], [72.5630946, 23.0677547], [72.5634149, 23.0684795], [72.5640332, 23.0697867]]}}, {"type": "Feature", "properties": {"osm_id": 255198262, "osm_type": "way", "name": "Raviniketan Appartments", "landuse": "residential"}, "geometry": {"type": "LineString", "coordinates": [[72.5269878, 23.0391946], [72.5271441, 23.0391419], [72.527333, 23.0390777], [72.5274991, 23.0394493], [72.5273211, 23.0395224], [72.5271051, 23.0396112], [72.5270595, 23.0394583], [72.5270474, 23.0394191], [72.5269878, 23.0391946]]}}, {"type": "Feature", "properties": {"osm_id": 257623239, "osm_type": "way", "name": "Chinmay Crystal Towers", "landuse": "residential"}, "geometry": {"type": "LineString", "coordinates": [[72.5266513, 23.0392273], [72.5270558, 23.0390815], [72.5274167, 23.0389693], [72.5273431, 23.0385526], [72.526428, 23.0384207], [72.5266513, 23.0392273]]}}, {"type": "Feature", "properties": {"osm_id": 297317215, "osm_type": "way", "name": "Rajdhani Bungalows", "landuse": "residential"}, "geometry": {"type": "LineString", "coordinates": [[72.5640467, 23.089156], [72.5651094, 23.0890738], [72.564904, 23.0881866], [72.564136, 23.0883099], [72.5641807, 23.0885645], [72.5639217, 23.088622], [72.5640467, 23.089156]]}}, {"type": "Feature", "properties": {"osm_id": 316004496, "osm_type": "way", "name": "La Habitat", "landuse": "residential"}, "geometry": {"type": "LineString", "coordinates": [[72.5088793, 23.0595286], [72.5095818, 23.0594775], [72.5112331, 23.0601574], [72.5112265, 23.0605195], [72.5112332, 23.0610027], [72.5089176, 23.0601023], [72.5088793, 23.0595286]]}}, {"type": "Feature", "properties": {"osm_id": 323433737, "osm_type": "way", "name": "Goyal Intercity", "landuse": "residential"}, "geometry": {"type": "LineString", "coordinates": [[72.5242994, 23.049849], [72.5251271, 23.0514067], [72.5269444, 23.0507253], [72.5264062, 23.0489358], [72.5252546, 23.0491507], [72.5252875, 23.0495275], [72.5242994, 23.049849]]}}, {"type": "Feature", "properties": {"osm_id": 326490919, "osm_type": "way", "name": "RAMA PIR NO TEKRO", "landuse": "residential"}, "geometry": {"type": "LineString", "coordinates": [[72.5717974, 23.0578443], [72.5719524, 23.0577363], [72.5721206, 23.057727], [72.5724215, 23.0578114], [72.5725846, 23.0579005], [72.5726866, 23.0579428], [72.5728243, 23.0578959], [72.5728905, 23.0579428], [72.5729517, 23.0580319], [72.5731149, 23.0587966], [72.5732169, 23.0592798], [72.573273, 23.0594628], [72.5733002, 23.0595411], [72.5733634, 23.0601156], [72.574264, 23.0600922], [72.5747074, 23.0602049], [72.5749021, 23.0602049], [72.5753095, 23.0610143], [72.5755655, 23.0611437], [72.5758287, 23.0612133], [72.575156, 23.062476], [72.574684, 23.0622715], [72.5742748, 23.0626596], [72.5741125, 23.0628885], [72.574024, 23.0632332], [72.5740274, 23.063245], [72.5741017, 23.0634989], [72.5741954, 23.0635387], [72.5742875, 23.0636145], [72.5745986, 23.0639263], [72.5746446, 23.0640782], [72.5747615, 23.0644476], [72.5747687, 23.0645637], [72.5747795, 23.064703], [72.5747543, 23.0648556], [72.5747182, 23.0649452], [72.5746605, 23.0651111], [72.574592, 23.0653035], [72.574282, 23.0658674], [72.5742387, 23.0659636], [72.5742387, 23.0660631], [72.5742784, 23.0661527], [72.5743036, 23.0662754], [72.5742279, 23.0663981], [72.5741414, 23.0665275], [72.574199, 23.0665839], [72.5745199, 23.0665772], [72.5746641, 23.0667265], [72.5748552, 23.0668194], [72.5748659, 23.0668212], [72.5752626, 23.0668891], [72.5756268, 23.0667564], [72.5761784, 23.0667298], [72.5763334, 23.0667663], [72.5764452, 23.0668692], [72.5764365, 23.0670166], [72.5764344, 23.0670516], [72.5764164, 23.0673734], [72.5763402, 23.0675002], [72.5737514, 23.067493], [72.5737118, 23.0669546], [72.5726685, 23.0669861], [72.5726602, 23.0667189], [72.5728047, 23.0667181], [72.5727946, 23.0661871], [72.5718485, 23.0661741], [72.5718114, 23.0608347], [72.5717974, 23.0578443]]}}, {"type": "Feature", "properties": {"osm_id": 334470479, "osm_type": "way", "name": "Shyam Sunder Row Houses", "landuse": "residential"}, "geometry": {"type": "LineString", "coordinates": [[72.5367745, 23.0470191], [72.5373197, 23.046912], [72.537514, 23.0468772], [72.5377781, 23.0477007], [72.5374379, 23.047811], [72.5372763, 23.047337], [72.5370774, 23.0473906], [72.5370072, 23.0472331], [72.5369766, 23.047146], [72.5368175, 23.0471869], [72.5367745, 23.0470191]]}}, {"type": "Feature", "properties": {"osm_id": 367945412, "osm_type": "way", "name": "Harmony Harikesh", "landuse": "residential"}, "geometry": {"type": "LineString", "coordinates": [[72.4989658, 23.0840023], [72.4990582, 23.0841401], [72.4993712, 23.0839658], [72.5003854, 23.0834826], [72.5003278, 23.0832007], [72.5002302, 23.0829965], [72.5000088, 23.0831081], [72.4996633, 23.0832627], [72.4994961, 23.0833575], [72.4993672, 23.083422], [72.4992765, 23.0834761], [72.4991279, 23.0835496], [72.499023, 23.0836005], [72.4989298, 23.0836377], [72.498852, 23.0836809], [72.4987904, 23.0837244], [72.4989658, 23.0840023]]}}, {"type": "Feature", "properties": {"osm_id": 425874352, "osm_type": "way", "name": "NewGunjan Flats", "landuse": "residential"}, "geometry": {"type": "LineString", "coordinates": [[72.5600967, 23.0731802], [72.5603732, 23.0728696], [72.5606475, 23.0725409], [72.5610204, 23.0727993], [72.5604687, 23.0734409], [72.5600967, 23.0731802]]}}, {"type": "Feature", "properties": {"osm_id": 425878950, "osm_type": "way", "name": "Sector1", "landuse": "residential"}, "geometry": {"type": "LineString", "coordinates": [[72.5599402, 23.074972], [72.5609008, 23.0739113], [72.5611134, 23.0740565], [72.5601684, 23.0751407], [72.5599402, 23.074972]]}}, {"type": "Feature", "properties": {"osm_id": 447096923, "osm_type": "way", "name": "Hollywood Basti", "landuse": "residential"}, "geometry": {"type": "LineString", "coordinates": [[72.551187, 23.0291649], [72.5494865, 23.029002], [72.5478181, 23.0289353], [72.5477803, 23.0292569], [72.5480003, 23.029465], [72.5477337, 23.0297967], [72.5479496, 23.0300116], [72.548056, 23.0299014], [72.5482597, 23.0296837], [72.5486201, 23.0299795], [72.5495535, 23.0302881], [72.5492665, 23.0309496], [72.5493041, 23.0310286], [72.5497762, 23.0311742], [72.5499693, 23.0307521], [72.550157, 23.0304287], [72.5505459, 23.0299746], [72.5508785, 23.0295352], [72.5510395, 23.0293229], [72.551187, 23.0291649]]}}, {"type": "Feature", "properties": {"osm_id": 460267704, "osm_type": "way", "name": "Riddhi Siddhi (Parinay) Society,", "landuse": "residential"}, "geometry": {"type": "LineString", "coordinates": [[72.5677983, 23.0845386], [72.5678619, 23.0848686], [72.5678773, 23.0849708], [72.5679026, 23.0849964], [72.5681483, 23.0850967], [72.5683399, 23.0851457], [72.56867, 23.0851718], [72.5689138, 23.0851709], [72.5687669, 23.0843811], [72.5686478, 23.0844005], [72.5684102, 23.0844391], [72.5680526, 23.0844973], [72.5677983, 23.0845386]]}}, {"type": "Feature", "properties": {"osm_id": 461843425, "osm_type": "way", "name": "IndraPrastha Appartment", "landuse": "residential"}, "geometry": {"type": "LineString", "coordinates": [[72.5581337, 23.0908076], [72.5592121, 23.0909181], [72.5593846, 23.0898269], [72.5583771, 23.0896881], [72.5581337, 23.0908076]]}}, {"type": "Feature", "properties": {"osm_id": 461843692, "osm_type": "way", "name": "AryaVilla Appartment", "landuse": "residential"}, "geometry": {"type": "LineString", "coordinates": [[72.5572243, 23.0891165], [72.5584147, 23.0893307], [72.5584749, 23.0890567], [72.5594613, 23.0892004], [72.5596222, 23.0884109], [72.5576448, 23.088055], [72.5574711, 23.0880358], [72.5572243, 23.0891165]]}}, {"type": "Feature", "properties": {"osm_id": 462034570, "osm_type": "way", "name": "Bhavana Society", "landuse": "residential"}, "geometry": {"type": "LineString", "coordinates": [[72.5689138, 23.0851709], [72.5692798, 23.0851732], [72.5691653, 23.0845663], [72.5697107, 23.0844676], [72.5694961, 23.0834061], [72.5685885, 23.0835776], [72.5687001, 23.0840802], [72.5687382, 23.0842518], [72.5687669, 23.0843811], [72.5689138, 23.0851709]]}}, {"type": "Feature", "properties": {"osm_id": 462034718, "osm_type": "way", "name": "Ami-Park Society", "landuse": "residential"}, "geometry": {"type": "LineString", "coordinates": [[72.5677983, 23.0845386], [72.5687669, 23.0843811], [72.5687382, 23.0842518], [72.567779, 23.0844145], [72.5677983, 23.0845386]]}}, {"type": "Feature", "properties": {"osm_id": 462035089, "osm_type": "way", "name": "Surya-Ami Appartment", "landuse": "residential"}, "geometry": {"type": "LineString", "coordinates": [[72.567745, 23.0842534], [72.5687001, 23.0840802], [72.5685885, 23.0835776], [72.5676539, 23.0837465], [72.567745, 23.0842534]]}}, {"type": "Feature", "properties": {"osm_id": 462145077, "osm_type": "way", "name": "Swaminarayan Avenue", "landuse": "residential"}, "geometry": {"type": "LineString", "coordinates": [[72.5647945, 23.0758574], [72.5648951, 23.0759659], [72.5652491, 23.0761239], [72.566192, 23.0765051], [72.5664054, 23.0764246], [72.565469, 23.07428], [72.5650845, 23.074288], [72.5646487, 23.0743562], [72.5647451, 23.0757734], [72.5647945, 23.0758574]]}}, {"type": "Feature", "properties": {"osm_id": 462299625, "osm_type": "way", "name": "Green Avenue Appartment", "landuse": "residential"}, "geometry": {"type": "LineString", "coordinates": [[72.5673959, 23.0848074], [72.567521, 23.084559], [72.5677164, 23.0846408], [72.567762, 23.0848321], [72.5677164, 23.0848925], [72.567648, 23.0849049], [72.5673959, 23.0848074]]}}, {"type": "Feature", "properties": {"osm_id": 462299752, "osm_type": "way", "name": "Saket Appartment", "landuse": "residential"}, "geometry": {"type": "LineString", "coordinates": [[72.567521, 23.084559], [72.5673959, 23.0848074], [72.5665762, 23.0844819], [72.5667026, 23.0842156], [72.567521, 23.084559]]}}, {"type": "Feature", "properties": {"osm_id": 462301379, "osm_type": "way", "name": "Nilkanth Mahadev", "landuse": "residential"}, "geometry": {"type": "LineString", "coordinates": [[72.5665207, 23.0804092], [72.5664081, 23.079896], [72.5668506, 23.0798195], [72.5667487, 23.079321], [72.5676553, 23.0791532], [72.568012, 23.0801106], [72.5665207, 23.0804092]]}}, {"type": "Feature", "properties": {"osm_id": 492704312, "osm_type": "way", "name": "amay apartments", "landuse": "residential"}, "geometry": {"type": "LineString", "coordinates": [[72.5551567, 23.0363872], [72.555156, 23.0362712], [72.5552987, 23.0362705], [72.5552994, 23.0363865], [72.5551567, 23.0363872]]}}, {"type": "Feature", "properties": {"osm_id": 541501796, "osm_type": "way", "name": "Malabar county 2", "landuse": "residential"}, "geometry": {"type": "LineString", "coordinates": [[72.5481867, 23.1275811], [72.5485949, 23.1287121], [72.5495483, 23.1284211], [72.5491402, 23.1272901], [72.5481867, 23.1275811]]}}, {"type": "Feature", "properties": {"osm_id": 544545137, "osm_type": "way", "name": "Riddhi Raw House", "landuse": "residential"}, "geometry": {"type": "LineString", "coordinates": [[72.4365244, 23.0380475], [72.4369696, 23.0369664], [72.4360738, 23.0365739], [72.4359044, 23.0365424], [72.4356956, 23.0365394], [72.4356533, 23.0357371], [72.43565, 23.0356755], [72.4383778, 23.0357964], [72.441811, 23.0363271], [72.4413389, 23.0376945], [72.4401427, 23.0398666], [72.4365244, 23.0380475]]}}, {"type": "Feature", "properties": {"osm_id": 547576304, "osm_type": "way", "name": "Ratnasagar Part-2", "landuse": "residential"}, "geometry": {"type": "LineString", "coordinates": [[72.5221238, 23.0822363], [72.5220582, 23.0836765], [72.5212861, 23.0836807], [72.5212647, 23.083918], [72.5200791, 23.0838113], [72.5198182, 23.0835315], [72.5197297, 23.0831192], [72.5205216, 23.083167], [72.5205704, 23.0821619], [72.5221238, 23.0822363]]}}, {"type": "Feature", "properties": {"osm_id": 547576305, "osm_type": "way", "name": "Gujarat State Judicial Academy", "landuse": "residential"}, "geometry": {"type": "LineString", "coordinates": [[72.5188701, 23.0791117], [72.5219851, 23.0788185], [72.522273, 23.0788307], [72.5222685, 23.0822943], [72.5222423, 23.0822178], [72.522198, 23.0821493], [72.519514, 23.082015], [72.5194879, 23.0820048], [72.5194738, 23.081984], [72.5188419, 23.079168], [72.5188419, 23.0791398], [72.5188701, 23.0791117]]}}, {"type": "Feature", "properties": {"osm_id": 548985399, "osm_type": "way", "name": "Sentossa Greenland", "landuse": "residential"}, "geometry": {"type": "LineString", "coordinates": [[72.4923178, 23.0990559], [72.4925304, 23.09926], [72.4925889, 23.0994329], [72.4934917, 23.0992798], [72.4937381, 23.0993648], [72.4937813, 23.0995661], [72.494, 23.0996199], [72.4939476, 23.1001584], [72.4933746, 23.1001244], [72.4933314, 23.100541], [72.4931373, 23.1008414], [72.492897, 23.1019778], [72.49286, 23.1020656], [72.4928785, 23.1022555], [72.4926382, 23.1029357], [72.4927015, 23.1030353], [72.4927578, 23.10352], [72.4928933, 23.1041972], [72.4941332, 23.1038865], [72.4943904, 23.1038992], [72.4946805, 23.1039174], [72.4952084, 23.103957], [72.4960785, 23.1040763], [72.4962193, 23.1040831], [72.4962146, 23.1034347], [72.4974593, 23.1036147], [72.4975055, 23.1032959], [72.497219, 23.1028155], [72.4966644, 23.1020872], [72.4966445, 23.1016902], [72.4965957, 23.101449], [72.4965083, 23.1014172], [72.4964046, 23.1012003], [72.4954248, 23.1010208], [72.4956492, 23.0996884], [72.4948203, 23.0995404], [72.494861, 23.0990935], [72.4963692, 23.0995123], [72.4969486, 23.099675], [72.4981215, 23.0998096], [72.4980727, 23.0996357], [72.4970075, 23.0995123], [72.4963855, 23.0993422], [72.4948732, 23.0989289], [72.4948406, 23.0988635], [72.4946008, 23.0988467], [72.49455, 23.0984353], [72.4938954, 23.0984297], [72.493499, 23.0983269], [72.4934401, 23.0985138], [72.4930539, 23.0985812], [72.4928729, 23.0986466], [72.492631, 23.0986111], [72.4923178, 23.0990559]]}}, {"type": "Feature", "properties": {"osm_id": 587522696, "osm_type": "way", "name": "Umed Park Society", "landuse": "residential"}, "geometry": {"type": "LineString", "coordinates": [[72.5311571, 23.067141], [72.5324189, 23.0665217], [72.533255, 23.0679636], [72.5316491, 23.0687518], [72.5313641, 23.0682604], [72.5317082, 23.0680915], [72.5311571, 23.067141]]}}, {"type": "Feature", "properties": {"osm_id": 616132409, "osm_type": "way", "name": "Nijanand Society", "landuse": "residential"}, "geometry": {"type": "LineString", "coordinates": [[72.5609032, 23.0896634], [72.5608367, 23.0892963], [72.5608067, 23.0891304], [72.5627164, 23.0888639], [72.5628344, 23.0896239], [72.5618795, 23.0896535], [72.5609032, 23.0896634]]}}, {"type": "Feature", "properties": {"osm_id": 649553548, "osm_type": "way", "name": "Surel Apartment", "landuse": "residential"}, "geometry": {"type": "LineString", "coordinates": [[72.5123127, 23.0329758], [72.5131334, 23.0325784], [72.5129698, 23.0322772], [72.5125326, 23.0322229], [72.5121759, 23.0322118], [72.5119371, 23.0323463], [72.5123127, 23.0329758]]}}, {"type": "Feature", "properties": {"osm_id": 674051094, "osm_type": "way", "name": "Lad Society", "landuse": "residential"}, "geometry": {"type": "LineString", "coordinates": [[72.5219213, 23.0359067], [72.5199459, 23.0359153], [72.5199692, 23.0362591], [72.5201, 23.0362763], [72.5201233, 23.0365857], [72.5206277, 23.0365814], [72.520623, 23.037239], [72.5207538, 23.0372991], [72.5208098, 23.0375226], [72.5209873, 23.0375398], [72.521076, 23.0375613], [72.52109, 23.0376988], [72.5211227, 23.0377332], [72.5214683, 23.0375742], [72.5217018, 23.0376644], [72.521954, 23.0377031], [72.5220894, 23.0374581], [72.522066, 23.0373507], [72.5224303, 23.0370971], [72.5223556, 23.0370198], [72.5216691, 23.0370069], [72.5216784, 23.0368866], [72.5214169, 23.0368522], [72.5214076, 23.0366717], [72.5213982, 23.0363708], [72.5221174, 23.036388], [72.5219213, 23.0359067]]}}, {"type": "Feature", "properties": {"osm_id": 794652902, "osm_type": "way", "name": "Shivani Apartment", "landuse": "residential"}, "geometry": {"type": "LineString", "coordinates": [[72.5412286, 23.0278766], [72.541213, 23.027818], [72.5412593, 23.0278076], [72.5412422, 23.0277429], [72.541194, 23.0277537], [72.5411797, 23.0276999], [72.5413619, 23.027659], [72.541377, 23.027716], [72.541333, 23.0277259], [72.5413501, 23.0277904], [72.5413913, 23.0277812], [72.541406, 23.0278368], [72.5412286, 23.0278766]]}}, {"type": "Feature", "properties": {"osm_id": 794655461, "osm_type": "way", "name": "Shivani Apartment", "landuse": "residential"}, "geometry": {"type": "LineString", "coordinates": [[72.5414109, 23.0277588], [72.541432, 23.0278349], [72.5416622, 23.0277807], [72.5416405, 23.0277025], [72.5415728, 23.0277184], [72.541567, 23.0276977], [72.5416325, 23.0276823], [72.5416075, 23.027592], [72.5413741, 23.0276468], [72.5413992, 23.0277373], [72.5414889, 23.0277163], [72.5414952, 23.027739], [72.5414109, 23.0277588]]}}, {"type": "Feature", "properties": {"osm_id": 794658976, "osm_type": "way", "name": "Shivani Apartment", "place": "plot", "landuse": "residential"}, "geometry": {"type": "LineString", "coordinates": [[72.5414226, 23.0279695], [72.5416244, 23.0278831], [72.5418585, 23.0281388], [72.5421675, 23.0279115], [72.5417485, 23.0271879], [72.5412365, 23.0264247], [72.540881, 23.0265197], [72.5412535, 23.0280038], [72.5414226, 23.0279695]]}}, {"type": "Feature", "properties": {"osm_id": 986534247, "osm_type": "way", "name": "shilaj", "landuse": "residential"}, "geometry": {"type": "LineString", "coordinates": [[72.4620511, 23.0604007], [72.4786544, 23.0602383], [72.4785371, 23.0501587], [72.4619337, 23.0503237], [72.4620511, 23.0604007]]}}, {"type": "Feature", "properties": {"osm_id": 991963705, "osm_type": "way", "name": "Iscon Platinum", "landuse": "residential"}, "geometry": {"type": "LineString", "coordinates": [[72.4758126, 23.0322565], [72.4750771, 23.0302332], [72.475777, 23.0299748], [72.4758956, 23.030255], [72.4771649, 23.029862], [72.4777462, 23.0316888], [72.4778134, 23.0319617], [72.4758126, 23.0322565]]}}, {"type": "Feature", "properties": {"osm_id": 995214549, "osm_type": "way", "name": "J P farm", "landuse": "residential"}, "geometry": {"type": "LineString", "coordinates": [[72.4701987, 23.0649367], [72.4713331, 23.065017], [72.4713913, 23.0641071], [72.4702841, 23.0640452], [72.4701987, 23.0649367]]}}, {"type": "Feature", "properties": {"osm_id": 1072528781, "osm_type": "way", "name": "Shukan Residency", "landuse": "residential"}, "geometry": {"type": "LineString", "coordinates": [[72.5445383, 23.0943427], [72.5444713, 23.0941895], [72.5444568, 23.0941588], [72.5445185, 23.0941401], [72.5444981, 23.0940769], [72.5445045, 23.0940681], [72.5444906, 23.0940483], [72.5444562, 23.0939832], [72.5445271, 23.0939398], [72.5444359, 23.093691], [72.5445929, 23.0936194], [72.5447881, 23.0935537], [72.5456365, 23.0932943], [72.5457782, 23.0937074], [72.5460155, 23.0943154], [72.5459768, 23.0943315], [72.545745, 23.094428], [72.5456097, 23.094475], [72.5454605, 23.0940842], [72.5445383, 23.0943427]]}}, {"type": "Feature", "properties": {"osm_id": 1072528783, "osm_type": "way", "name": "Aaryan60 Appartment", "landuse": "residential"}, "geometry": {"type": "LineString", "coordinates": [[72.5452313, 23.0946049], [72.5452256, 23.0945886], [72.5451699, 23.0944293], [72.5451634, 23.0944105], [72.5451068, 23.0942487], [72.5450962, 23.0942183], [72.5454482, 23.0940996], [72.5454977, 23.0942282], [72.5455453, 23.0943517], [72.5455939, 23.0944779], [72.5452313, 23.0946049]]}}, {"type": "Feature", "properties": {"osm_id": 1074703589, "osm_type": "way", "name": "Casa Elite", "landuse": "residential"}, "geometry": {"type": "LineString", "coordinates": [[72.5400424, 23.1210555], [72.5406309, 23.1209167], [72.540818, 23.1216813], [72.5406888, 23.1218014], [72.5402386, 23.121857], [72.5400424, 23.1210555]]}}, {"type": "Feature", "properties": {"osm_id": 1154738491, "osm_type": "way", "name": "Samprat Residence", "landuse": "residential"}, "geometry": {"type": "LineString", "coordinates": [[72.4676512, 23.0464845], [72.4674525, 23.0464578], [72.4673839, 23.0468909], [72.4675826, 23.0469175], [72.4676512, 23.0464845]]}}, {"type": "Feature", "properties": {"osm_id": 1241921148, "osm_type": "way", "name": "Green Glades", "landuse": "residential"}, "geometry": {"type": "LineString", "coordinates": [[72.5521185, 23.1117954], [72.5524461, 23.1127581], [72.5506404, 23.1132778], [72.5503128, 23.1123154], [72.5521185, 23.1117954]]}}, {"type": "Feature", "properties": {"osm_id": 1306307803, "osm_type": "way", "name": "Stavya Roots", "landuse": "residential"}, "geometry": {"type": "LineString", "coordinates": [[72.5011477, 23.0572532], [72.5008894, 23.0574192], [72.5006805, 23.0574811], [72.5005567, 23.0578849], [72.5004576, 23.0581096], [72.5004505, 23.0583962], [72.5005284, 23.0586958], [72.5006133, 23.0589693], [72.5006629, 23.0590181], [72.5011529, 23.0589564], [72.501491, 23.0589139], [72.5018449, 23.0588488], [72.5020856, 23.0587739], [72.5022732, 23.0586762], [72.5025953, 23.0583636], [72.5030872, 23.0580249], [72.5011477, 23.0572532]]}}, {"type": "Feature", "properties": {"osm_id": 1355784337, "osm_type": "way", "name": "Magnate Lavish", "landuse": "residential"}, "geometry": {"type": "LineString", "coordinates": [[72.532918, 23.145154], [72.5330795, 23.1446141], [72.5338547, 23.1447919], [72.5337501, 23.1453286], [72.532918, 23.145154]]}}, {"type": "Feature", "properties": {"osm_id": 1368330295, "osm_type": "way", "name": "Tremont Group", "landuse": "residential"}, "geometry": {"type": "LineString", "coordinates": [[72.5523639, 23.1360469], [72.5530966, 23.1359834], [72.5530928, 23.1359463], [72.5530329, 23.135361], [72.5523002, 23.1354245], [72.5523639, 23.1360469]]}}, {"type": "Feature", "properties": {"osm_id": 1368330299, "osm_type": "way", "name": "Ratna Paradise", "landuse": "residential"}, "geometry": {"type": "LineString", "coordinates": [[72.5519565, 23.1365137], [72.5523703, 23.1364782], [72.5522655, 23.1354466], [72.5518517, 23.1354822], [72.5519565, 23.1365137]]}}, {"type": "Feature", "properties": {"osm_id": 1368330315, "osm_type": "way", "name": "Malabar Exotica", "landuse": "residential"}, "geometry": {"type": "LineString", "coordinates": [[72.5516698, 23.1293865], [72.5525629, 23.1290979], [72.5523484, 23.128464], [72.5514498, 23.1287402], [72.5516698, 23.1293865]]}}, {"type": "Feature", "properties": {"osm_id": 1436156191, "osm_type": "way", "name": "Harmony Status", "landuse": "residential"}, "geometry": {"type": "LineString", "coordinates": [[72.4958233, 23.0865463], [72.4952817, 23.0855611], [72.4960443, 23.0851401], [72.4966433, 23.086155], [72.4958233, 23.0865463]]}}, {"type": "Feature", "properties": {"osm_id": 1466485196, "osm_type": "way", "name": "Kalasagar Heights", "landuse": "residential"}, "geometry": {"type": "LineString", "coordinates": [[72.5576862, 23.0945153], [72.5584852, 23.0944511], [72.5583826, 23.0933434], [72.5578305, 23.0933846], [72.5578834, 23.0939942], [72.5576252, 23.0940264], [72.5576862, 23.0945153]]}}, {"type": "Feature", "properties": {"osm_id": 1472671803, "osm_type": "way", "name": "Dwarkapuri society", "landuse": "residential"}, "geometry": {"type": "LineString", "coordinates": [[72.5406487, 23.0778025], [72.5412736, 23.0780567], [72.5413138, 23.0769093], [72.5408546, 23.0769157], [72.5408471, 23.0769808], [72.5406487, 23.0778025]]}}, {"type": "Feature", "properties": {"osm_id": 1488485678, "osm_type": "way", "name": "Green Part Society Part II", "landuse": "residential"}, "geometry": {"type": "LineString", "coordinates": [[72.5616166, 23.1139129], [72.5638056, 23.1081934], [72.5608468, 23.1081934], [72.5616166, 23.1139129]]}}, {"type": "Feature", "properties": {"osm_id": 1537519295, "osm_type": "way", "name": "Samprat Residence", "landuse": "residential"}, "geometry": {"type": "LineString", "coordinates": [[72.4680132, 23.0465366], [72.4678145, 23.0465099], [72.4677459, 23.046943], [72.4679446, 23.0469696], [72.4680132, 23.0465366]]}}, {"type": "Feature", "properties": {"osm_id": 1537519296, "osm_type": "way", "name": "Samprat Residence", "landuse": "residential"}, "geometry": {"type": "LineString", "coordinates": [[72.4677513, 23.0459704], [72.4675526, 23.0459437], [72.467484, 23.0463768], [72.4676827, 23.0464034], [72.4677513, 23.0459704]]}}, {"type": "Feature", "properties": {"osm_id": 1537519297, "osm_type": "way", "name": "Samprat Residence", "landuse": "residential"}, "geometry": {"type": "LineString", "coordinates": [[72.4681189, 23.046018], [72.4679201, 23.0459914], [72.4678516, 23.0464244], [72.4680503, 23.0464511], [72.4681189, 23.046018]]}}, {"type": "Feature", "properties": {"osm_id": 9120524223, "osm_type": "node", "name": "Avichal Park", "landuse": "residential"}, "geometry": {"type": "Point", "coordinates": [72.5785461, 23.1191796]}}, {"type": "Feature", "properties": {"osm_id": 10959671663, "osm_type": "node", "name": "Hariom Bungalows", "landuse": "residential"}, "geometry": {"type": "Point", "coordinates": [72.5943537, 23.1091252]}}, {"type": "Feature", "properties": {"osm_id": 11384955028, "osm_type": "node", "name": "Shyam Elegance", "landuse": "residential"}, "geometry": {"type": "Point", "coordinates": [72.6597701, 23.1073065]}}, {"type": "Feature", "properties": {"osm_id": 13582340755, "osm_type": "node", "name": "Sakal Residency", "landuse": "residential"}, "geometry": {"type": "Point", "coordinates": [72.5915248, 23.1080196]}}, {"type": "Feature", "properties": {"osm_id": 118695847, "osm_type": "way", "name": "Vishwakarma Government Engineering College, Chandkheda", "landuse": "residential"}, "geometry": {"type": "LineString", "coordinates": [[72.5947372, 23.1083971], [72.5965837, 23.1079573], [72.5968476, 23.1073286], [72.5967864, 23.1063643], [72.5969848, 23.1057592], [72.5946723, 23.1038359], [72.5943065, 23.1044286], [72.5924997, 23.103461], [72.5916704, 23.1050611], [72.5918326, 23.1056439], [72.5921091, 23.1055916], [72.592044, 23.106661], [72.5918245, 23.1067358], [72.5919058, 23.1073939], [72.5927184, 23.1072547], [72.5927352, 23.1072518], [72.5929547, 23.108052], [72.5947372, 23.1083971]]}}, {"type": "Feature", "properties": {"osm_id": 118696147, "osm_type": "way", "name": "Railway Colony", "landuse": "residential"}, "geometry": {"type": "LineString", "coordinates": [[72.5759628, 23.1004768], [72.5790302, 23.1025453], [72.581133, 23.1035321], [72.5817298, 23.1026473], [72.5825988, 23.101359], [72.5832874, 23.1001299], [72.5838582, 23.099111], [72.5851671, 23.0971017], [72.5840727, 23.0965491], [72.5850169, 23.0947924], [72.5850075, 23.0945861], [72.5842312, 23.0929657], [72.5838679, 23.0921944], [72.5834627, 23.0920461], [72.5841423, 23.0904808], [72.5824849, 23.0895578], [72.5816909, 23.0921277], [72.5778296, 23.0989571], [72.5759628, 23.1004768]]}}, {"type": "Feature", "properties": {"osm_id": 322218325, "osm_type": "way", "name": "Sarabhai Estate", "landuse": "residential"}, "geometry": {"type": "LineString", "coordinates": [[72.5932237, 23.0509915], [72.5930008, 23.0514245], [72.5928646, 23.051698], [72.5926335, 23.0520094], [72.5920391, 23.0527577], [72.5918285, 23.0530425], [72.5915561, 23.0534223], [72.5913167, 23.0538287], [72.5912424, 23.0540262], [72.5912292, 23.0542252], [72.5912742, 23.0543288], [72.5912909, 23.0543607], [72.591309, 23.0543948], [72.5913291, 23.0544136], [72.5916387, 23.0545694], [72.5921051, 23.0546225], [72.5933104, 23.054839], [72.5936613, 23.054877], [72.5939833, 23.0548049], [72.5945777, 23.0545808], [72.5952835, 23.0544023], [72.5944868, 23.0528222], [72.5943878, 23.0528488], [72.5937934, 23.052826], [72.5936035, 23.052788], [72.5935622, 23.0527311], [72.5935746, 23.0526019], [72.5935994, 23.0522107], [72.593587, 23.052055], [72.5934962, 23.051736], [72.5934466, 23.0515308], [72.5933063, 23.0511966], [72.5932237, 23.0509915]]}}, {"type": "Feature", "properties": {"osm_id": 327200897, "osm_type": "way", "name": "Gujarat Circuit House", "landuse": "residential"}, "geometry": {"type": "LineString", "coordinates": [[72.5927721, 23.0619559], [72.5926237, 23.062534], [72.594741, 23.0635444], [72.5947919, 23.0635482], [72.595064, 23.0623807], [72.595346, 23.0622441], [72.5932015, 23.0612155], [72.5927721, 23.0619559]]}}, {"type": "Feature", "properties": {"osm_id": 343143989, "osm_type": "way", "name": "Dharamnagar Society Lane-1", "landuse": "residential"}, "geometry": {"type": "LineString", "coordinates": [[72.5897344, 23.0790381], [72.5911424, 23.0796588], [72.5914413, 23.0791033], [72.5913735, 23.0790693], [72.5916354, 23.0785818], [72.5903568, 23.0774678], [72.5897005, 23.0788822], [72.5897344, 23.0790381]]}}, {"type": "Feature", "properties": {"osm_id": 343143991, "osm_type": "way", "name": "Sabarmati Society", "landuse": "residential"}, "geometry": {"type": "LineString", "coordinates": [[72.5916354, 23.0785818], [72.5913735, 23.0790693], [72.5914413, 23.0791033], [72.5911424, 23.0796588], [72.5913029, 23.0797275], [72.5916863, 23.0798916], [72.5923772, 23.0801873], [72.5927443, 23.0794659], [72.5923205, 23.0791571], [72.5922612, 23.079223], [72.5919023, 23.0789757], [72.5919883, 23.0788553], [72.5916354, 23.0785818]]}}, {"type": "Feature", "properties": {"osm_id": 343143995, "osm_type": "way", "name": "Sabarbag Society", "landuse": "residential"}, "geometry": {"type": "LineString", "coordinates": [[72.5920199, 23.0787251], [72.5924597, 23.0790688], [72.5942363, 23.0775977], [72.5940019, 23.0773439], [72.5945586, 23.0768901], [72.5943256, 23.0765826], [72.5936816, 23.0771001], [72.5920199, 23.0787251]]}}, {"type": "Feature", "properties": {"osm_id": 343143996, "osm_type": "way", "name": "Rajshree Park Society", "landuse": "residential"}, "geometry": {"type": "LineString", "coordinates": [[72.5924597, 23.0790688], [72.5926495, 23.0792191], [72.5942109, 23.0780154], [72.5943875, 23.0778793], [72.5941876, 23.0776732], [72.5924597, 23.0790688]]}}, {"type": "Feature", "properties": {"osm_id": 343143997, "osm_type": "way", "name": "Jalsabar Society", "landuse": "residential"}, "geometry": {"type": "LineString", "coordinates": [[72.5926495, 23.0792191], [72.5931797, 23.0796083], [72.5941082, 23.0789371], [72.5943213, 23.0790765], [72.5948772, 23.0783212], [72.5948191, 23.0782994], [72.594462, 23.0778921], [72.5926495, 23.0792191]]}}, {"type": "Feature", "properties": {"osm_id": 343146002, "osm_type": "way", "name": "Varsoda ni Chali", "landuse": "residential"}, "geometry": {"type": "LineString", "coordinates": [[72.5901645, 23.0811014], [72.5917268, 23.0816942], [72.5924413, 23.0802383], [72.5897666, 23.0790706], [72.590009, 23.0799062], [72.5901645, 23.0811014]]}}, {"type": "Feature", "properties": {"osm_id": 343148383, "osm_type": "way", "name": "Dhaneshwar Society", "landuse": "residential"}, "geometry": {"type": "LineString", "coordinates": [[72.592496, 23.0802026], [72.5930124, 23.0803871], [72.5931719, 23.0800589], [72.5929926, 23.0799757], [72.593116, 23.0797654], [72.5928068, 23.0795884], [72.592496, 23.0802026]]}}, {"type": "Feature", "properties": {"osm_id": 424069259, "osm_type": "way", "name": "Hansol", "landuse": "residential"}, "geometry": {"type": "LineString", "coordinates": [[72.6196129, 23.0828509], [72.6178534, 23.0826041], [72.617494, 23.0824413], [72.6163675, 23.081553], [72.6176201, 23.0796991], [72.6205045, 23.0794856], [72.620657, 23.0796813], [72.6208683, 23.0796423], [72.6217018, 23.0796325], [72.622444, 23.0796325], [72.6242655, 23.0796261], [72.6247692, 23.0796018], [72.6249837, 23.0790541], [72.6254603, 23.0792184], [72.6254888, 23.0788741], [72.625681, 23.0788713], [72.6256973, 23.0787822], [72.6264508, 23.0789728], [72.6264761, 23.0788101], [72.6272198, 23.078957], [72.6279735, 23.0790534], [72.6279822, 23.0790021], [72.6280648, 23.079028], [72.6283401, 23.0785271], [72.6288618, 23.0786447], [72.628935, 23.0783611], [72.6297317, 23.0785398], [72.6295067, 23.0792045], [72.6295016, 23.0793299], [72.6294831, 23.0794104], [72.6295032, 23.0794736], [72.6299063, 23.0795514], [72.6309991, 23.0795163], [72.6325429, 23.0795055], [72.6334218, 23.0795123], [72.6337354, 23.0795251], [72.6344361, 23.0801136], [72.6346692, 23.0798982], [72.6348672, 23.0800323], [72.6362094, 23.0813079], [72.6361274, 23.0813896], [72.6363611, 23.0817207], [72.6371579, 23.082451], [72.637033, 23.0825249], [72.6370033, 23.082637], [72.6376931, 23.0836712], [72.6368874, 23.0843295], [72.6368247, 23.0847328], [72.6369346, 23.0852344], [72.6373209, 23.0858019], [72.6372565, 23.0861227], [72.6353107, 23.0860848], [72.6332976, 23.0859944], [72.630331, 23.0859056], [72.6246984, 23.0856736], [72.6224802, 23.0855619], [72.6220242, 23.0855125], [72.6217077, 23.0854237], [72.6212625, 23.085098], [72.6209835, 23.0847723], [72.6206966, 23.0841142], [72.6204578, 23.0829661], [72.6196129, 23.0828509]]}}, {"type": "Feature", "properties": {"osm_id": 451826621, "osm_type": "way", "name": "Police Head Quaters ,Ranip", "landuse": "residential"}, "geometry": {"type": "LineString", "coordinates": [[72.5813227, 23.0769416], [72.582322, 23.0770705], [72.5824341, 23.0771307], [72.582266, 23.0779813], [72.5831626, 23.0781875], [72.5830417, 23.0791592], [72.58264, 23.0792138], [72.5822749, 23.0792646], [72.5822193, 23.0789952], [72.581304, 23.0791241], [72.5813227, 23.0769416]]}}, {"type": "Feature", "properties": {"osm_id": 462739600, "osm_type": "way", "name": "AMC LIG-5, Chandkheda", "landuse": "residential"}, "geometry": {"type": "LineString", "coordinates": [[72.5853139, 23.1136503], [72.5855164, 23.1136639], [72.5854989, 23.1138823], [72.5852954, 23.1138701], [72.5853139, 23.1136503]]}}, {"type": "Feature", "properties": {"osm_id": 547618486, "osm_type": "way", "name": "Sparsh Residency", "landuse": "residential"}, "geometry": {"type": "LineString", "coordinates": [[72.6579096, 23.1136992], [72.6590296, 23.1134595], [72.6589123, 23.112983], [72.6588709, 23.1128051], [72.6577055, 23.1130499], [72.6579096, 23.1136992]]}}, {"type": "Feature", "properties": {"osm_id": 547618487, "osm_type": "way", "name": "Crystal Bungalows", "landuse": "residential"}, "geometry": {"type": "LineString", "coordinates": [[72.6589123, 23.112983], [72.659539, 23.1128787], [72.6593409, 23.1120362], [72.6587184, 23.1121512], [72.6588709, 23.1128051], [72.6589123, 23.112983]]}}, {"type": "Feature", "properties": {"osm_id": 547618488, "osm_type": "way", "name": "Keshav Bungalows", "landuse": "residential"}, "geometry": {"type": "LineString", "coordinates": [[72.6602293, 23.1135783], [72.6612204, 23.1133956], [72.6610877, 23.1128142], [72.6619953, 23.11265], [72.6618642, 23.1121391], [72.6609715, 23.1123054], [72.6609549, 23.1122329], [72.6601241, 23.1123824], [72.6602293, 23.1135783]]}}, {"type": "Feature", "properties": {"osm_id": 547618489, "osm_type": "way", "name": "Coral Bungalows", "landuse": "residential"}, "geometry": {"type": "LineString", "coordinates": [[72.661717, 23.1096338], [72.661568, 23.1076695], [72.6620602, 23.10763], [72.6621369, 23.108417], [72.6624846, 23.1084004], [72.6625613, 23.1095756], [72.661717, 23.1096338]]}}, {"type": "Feature", "properties": {"osm_id": 547622939, "osm_type": "way", "name": "Prince Residency", "landuse": "residential"}, "geometry": {"type": "LineString", "coordinates": [[72.6588275, 23.104733], [72.6594425, 23.1046571], [72.6594222, 23.104113], [72.6587066, 23.1040653], [72.6588275, 23.104733]]}}, {"type": "Feature", "properties": {"osm_id": 547622945, "osm_type": "way", "name": "Kailash Kunj", "landuse": "residential"}, "geometry": {"type": "LineString", "coordinates": [[72.6675082, 23.1038751], [72.6679543, 23.1048053], [72.6677753, 23.1048626], [72.6681332, 23.105602], [72.6673682, 23.1059204], [72.6668806, 23.1059515], [72.6666589, 23.1055221], [72.6666771, 23.1054243], [72.6671299, 23.1052501], [72.6668703, 23.1046833], [72.6672292, 23.1045462], [72.6669786, 23.1040977], [72.6675082, 23.1038751]]}}, {"type": "Feature", "properties": {"osm_id": 551631345, "osm_type": "way", "name": "Shree Rang Earth & Heaven", "landuse": "residential"}, "geometry": {"type": "LineString", "coordinates": [[72.606121, 23.1181839], [72.6060977, 23.1184587], [72.6060644, 23.1188506], [72.6049648, 23.1187798], [72.6051196, 23.1181089], [72.606121, 23.1181839]]}}, {"type": "Feature", "properties": {"osm_id": 551631346, "osm_type": "way", "name": "Shree Rang Pineapple", "landuse": "residential"}, "geometry": {"type": "LineString", "coordinates": [[72.6060644, 23.1188506], [72.6060184, 23.1194302], [72.6048332, 23.1193467], [72.6048334, 23.1193459], [72.6049648, 23.1187798], [72.6060644, 23.1188506]]}}, {"type": "Feature", "properties": {"osm_id": 551631347, "osm_type": "way", "name": "Saamarth Heaven III", "landuse": "residential"}, "geometry": {"type": "LineString", "coordinates": [[72.6048334, 23.1193459], [72.6060184, 23.1194302], [72.6059252, 23.1205579], [72.6046103, 23.1203969], [72.6047412, 23.1195675], [72.6048332, 23.1193467], [72.6048334, 23.1193459]]}}, {"type": "Feature", "properties": {"osm_id": 551631348, "osm_type": "way", "name": "SWA Bungalows", "landuse": "residential"}, "geometry": {"type": "LineString", "coordinates": [[72.6060982, 23.1184582], [72.6096661, 23.1187088], [72.6096356, 23.1193764], [72.609604, 23.1200699], [72.6095716, 23.1207803], [72.6095272, 23.1208223], [72.6087731, 23.1207755], [72.6063645, 23.120628], [72.606193, 23.120598], [72.6059252, 23.1205579], [72.6060982, 23.1184582]]}}, {"type": "Feature", "properties": {"osm_id": 551640841, "osm_type": "way", "name": "Shikhar Bunglows", "landuse": "residential"}, "geometry": {"type": "LineString", "coordinates": [[72.6321462, 23.1198722], [72.6348207, 23.1196911], [72.6346854, 23.1183373], [72.6320243, 23.1185623], [72.6320456, 23.1187908], [72.6320588, 23.1189326], [72.6321462, 23.1198722]]}}, {"type": "Feature", "properties": {"osm_id": 551655654, "osm_type": "way", "name": "Narayan Avenue", "landuse": "residential"}, "geometry": {"type": "LineString", "coordinates": [[72.6333179, 23.1023264], [72.6338228, 23.1024213], [72.633878, 23.1030849], [72.6338854, 23.103173], [72.6339342, 23.1037258], [72.6336084, 23.1037482], [72.6332042, 23.1032178], [72.6332736, 23.1026734], [72.6333179, 23.1023264]]}}, {"type": "Feature", "properties": {"osm_id": 551655658, "osm_type": "way", "name": "Anurag Bungalows", "landuse": "residential"}, "geometry": {"type": "LineString", "coordinates": [[72.6329964, 23.1053814], [72.6321678, 23.1054297], [72.6321567, 23.1049969], [72.6329018, 23.1047896], [72.6329557, 23.104813], [72.6329964, 23.1053814]]}}, {"type": "Feature", "properties": {"osm_id": 551912361, "osm_type": "way", "name": "Shree Balaji Agora Residency", "landuse": "residential"}, "geometry": {"type": "LineString", "coordinates": [[72.6242497, 23.1191208], [72.6264611, 23.1187479], [72.626639, 23.1198704], [72.6265253, 23.1210138], [72.6248372, 23.1210416], [72.6247196, 23.12067], [72.6246545, 23.1205651], [72.6244537, 23.1206449], [72.6245167, 23.1203433], [72.6242497, 23.1191208]]}}, {"type": "Feature", "properties": {"osm_id": 551912362, "osm_type": "way", "name": "Parshwanath Atlantis Park", "landuse": "residential"}, "geometry": {"type": "LineString", "coordinates": [[72.6223021, 23.1190149], [72.622509, 23.1190156], [72.6225051, 23.1188801], [72.6224612, 23.1185549], [72.6226501, 23.1184893], [72.6239538, 23.1184602], [72.6239265, 23.1185832], [72.6241643, 23.1191577], [72.6242142, 23.1193179], [72.6243045, 23.1198272], [72.6243933, 23.1204234], [72.624265, 23.1207259], [72.6241831, 23.1208778], [72.6241421, 23.1210033], [72.624108, 23.1211539], [72.623936, 23.1211301], [72.623674, 23.1209669], [72.6233751, 23.1206343], [72.6230926, 23.1206104], [72.6230939, 23.1204887], [72.6223351, 23.1204397], [72.6223021, 23.1190149]]}}, {"type": "Feature", "properties": {"osm_id": 551912363, "osm_type": "way", "name": "Parshwanath Divine", "landuse": "residential"}, "geometry": {"type": "LineString", "coordinates": [[72.622509, 23.1190156], [72.6206192, 23.1189968], [72.620509, 23.1188043], [72.6204579, 23.1186175], [72.6204033, 23.11827], [72.6204377, 23.1180055], [72.6205839, 23.1177094], [72.6208963, 23.1176733], [72.6209914, 23.1176886], [72.622291, 23.1177411], [72.6224612, 23.1185549], [72.6225051, 23.1188801], [72.622509, 23.1190156]]}}, {"type": "Feature", "properties": {"osm_id": 736870314, "osm_type": "way", "name": "Gitanjali Society", "landuse": "residential"}, "geometry": {"type": "LineString", "coordinates": [[72.5772649, 23.0770342], [72.5786409, 23.0769221], [72.5786233, 23.0766801], [72.5785575, 23.0765016], [72.5779193, 23.0766211], [72.5772425, 23.076627], [72.5772649, 23.0770342]]}}, {"type": "Feature", "properties": {"osm_id": 776683602, "osm_type": "way", "name": "Sabarmati Ashram", "landuse": "residential"}, "geometry": {"type": "LineString", "coordinates": [[72.5802582, 23.0604501], [72.5803556, 23.0606779], [72.580395, 23.0607699], [72.5805356, 23.0611754], [72.5810371, 23.0609395], [72.581455, 23.0605899], [72.5815006, 23.0606319], [72.5817399, 23.0604326], [72.5814664, 23.0602264], [72.5814512, 23.0602089], [72.5812954, 23.060326], [72.5811149, 23.0601302], [72.581246, 23.0600271], [72.5811036, 23.0599082], [72.5811434, 23.0598803], [72.5811396, 23.0598366], [72.5807255, 23.0594853], [72.5806666, 23.0594835], [72.5806286, 23.0595097], [72.580585, 23.059466], [72.5805356, 23.0594346], [72.5805546, 23.0594084], [72.5804064, 23.0592528], [72.5802373, 23.059113], [72.5801784, 23.0591077], [72.5800872, 23.0592004], [72.5800588, 23.0591724], [72.5798764, 23.0593437], [72.5796921, 23.0595569], [72.5799372, 23.0597911], [72.5799679, 23.0598456], [72.5800227, 23.0599432], [72.5801461, 23.0602001], [72.5802582, 23.0604501]]}}, {"type": "Feature", "properties": {"osm_id": 986704166, "osm_type": "way", "name": "Avichal Park", "landuse": "residential"}, "geometry": {"type": "LineString", "coordinates": [[72.5783819, 23.119854], [72.5779612, 23.1192953], [72.5779384, 23.1192633], [72.5785871, 23.1188154], [72.579035, 23.1195282], [72.5783819, 23.119854]]}}, {"type": "Feature", "properties": {"osm_id": 1033827286, "osm_type": "way", "name": "Aditya Residency", "landuse": "residential"}, "geometry": {"type": "LineString", "coordinates": [[72.598715, 23.101812], [72.5993353, 23.1013616], [72.5990778, 23.1009237], [72.5983829, 23.1014394], [72.598715, 23.101812]]}}, {"type": "Feature", "properties": {"osm_id": 1098750714, "osm_type": "way", "name": "Victoria Heights", "landuse": "residential"}, "geometry": {"type": "LineString", "coordinates": [[72.6536398, 23.0606803], [72.6540234, 23.0606787], [72.6540304, 23.0600258], [72.6536381, 23.0600852], [72.6536398, 23.0606803]]}}, {"type": "Feature", "properties": {"osm_id": 1100694842, "osm_type": "way", "name": "Victoria Residency", "landuse": "residential"}, "geometry": {"type": "LineString", "coordinates": [[72.6535671, 23.0597577], [72.6535804, 23.0592519], [72.653971, 23.0592486], [72.6539681, 23.0596141], [72.6538834, 23.0596459], [72.6538035, 23.0597018], [72.6536797, 23.0597152], [72.6535671, 23.0597577]]}}, {"type": "Feature", "properties": {"osm_id": 1190558951, "osm_type": "way", "name": "Shilp Bunglows", "landuse": "residential"}, "geometry": {"type": "LineString", "coordinates": [[72.6640999, 23.0612945], [72.6638431, 23.0612472], [72.663306, 23.0611699], [72.6632943, 23.0611269], [72.6629908, 23.0610861], [72.6626172, 23.0610324], [72.6623767, 23.060983], [72.6623487, 23.0613396], [72.6625541, 23.061374], [72.6626585, 23.0613925], [72.6627316, 23.0614019], [72.6630819, 23.061447], [72.6631939, 23.061447], [72.6633807, 23.0614836], [72.6635445, 23.0615056], [72.6637321, 23.0615431], [72.6639038, 23.0615642], [72.6639688, 23.0615688], [72.664021, 23.0615694], [72.6640507, 23.061431], [72.6640694, 23.0613642], [72.6640806, 23.0613258], [72.6640999, 23.0612945]]}}, {"type": "Feature", "properties": {"osm_id": 1426329709, "osm_type": "way", "name": "Devbhumi Society", "landuse": "residential"}, "geometry": {"type": "LineString", "coordinates": [[72.5850034, 23.1322984], [72.5846575, 23.1322508], [72.584641, 23.1325257], [72.5846645, 23.132556], [72.5846575, 23.1327529], [72.5839843, 23.1328655], [72.5840197, 23.1337182], [72.584095, 23.1338502], [72.5850599, 23.1335342], [72.5848952, 23.1327789], [72.5850034, 23.1322984]]}}]}