{"type": "FeatureCollection", "features": [{"type": "Feature", "properties": {"osm_id": 3808256133, "osm_type": "node", "name": "manegbaug", "leisure": "park"}, "geometry": {"type": "Point", "coordinates": [72.550513, 23.0114634]}}, {"type": "Feature", "properties": {"osm_id": 5119000602, "osm_type": "node", "name": "EVENT GROUND", "leisure": "garden"}, "geometry": {"type": "Point", "coordinates": [72.5733412, 23.0160978]}}, {"type": "Feature", "properties": {"osm_id": 49406376, "osm_type": "way", "name": "", "leisure": "garden"}, "geometry": {"type": "LineString", "coordinates": [[72.5699969, 23.0106048], [72.570157, 23.0105087], [72.570255, 23.0106028], [72.5699969, 23.0106048]]}}, {"type": "Feature", "properties": {"osm_id": 49406389, "osm_type": "way", "name": "", "leisure": "garden"}, "geometry": {"type": "LineString", "coordinates": [[72.5699549, 23.0110309], [72.570061, 23.011263], [72.570171, 23.011211], [72.570175, 23.011139], [72.570099, 23.0110749], [72.5699549, 23.0110309]]}}, {"type": "Feature", "properties": {"osm_id": 172153337, "osm_type": "way", "name": "Law Garden", "leisure": "park"}, "geometry": {"type": "LineString", "coordinates": [[72.5597556, 23.0251093], [72.5597634, 23.0250508], [72.559814, 23.0249978], [72.5599292, 23.0249543], [72.5599483, 23.0249578], [72.5604207, 23.02528], [72.5611557, 23.0257739], [72.5616164, 23.0260227], [72.5619524, 23.0261577], [72.5621364, 23.026224], [72.5621564, 23.0263384], [72.5621339, 23.0264505], [72.5618963, 23.0267528], [72.5616531, 23.0270451], [72.5613364, 23.0274125], [72.5610225, 23.0277532], [72.5608214, 23.027926], [72.560765, 23.0279433], [72.5607087, 23.0279383], [72.5606634, 23.0279288], [72.5606256, 23.0278865], [72.5605507, 23.0277437], [72.5602849, 23.027262], [72.5601562, 23.0269559], [72.5599821, 23.0264551], [72.5598692, 23.0259759], [72.559797, 23.0255838], [72.5597556, 23.0251093]]}}, {"type": "Feature", "properties": {"osm_id": 312551684, "osm_type": "way", "name": "Parimal Garden", "leisure": "park"}, "geometry": {"type": "LineString", "coordinates": [[72.55534, 23.019905], [72.5552246, 23.0199452], [72.5551621, 23.0199677], [72.5552298, 23.0201318], [72.5549724, 23.0201263], [72.555038, 23.0203385], [72.5550863, 23.0204694], [72.5551453, 23.0205953], [72.5551775, 23.020699], [72.5552285, 23.020815], [72.5552526, 23.0208915], [72.5552985, 23.0209337], [72.5553358, 23.020968], [72.5553907, 23.0210023], [72.5555973, 23.0211248], [72.5556354, 23.0210998], [72.555722, 23.0211568], [72.5558952, 23.0212545], [72.5561415, 23.0213936], [72.5563087, 23.0214886], [72.5564784, 23.0215568], [72.5565723, 23.0215704], [72.5567507, 23.0211318], [72.5572133, 23.0200287], [72.557275, 23.0198201], [72.5572885, 23.0197559], [72.5572723, 23.0197041], [72.5572362, 23.0196655], [72.5570873, 23.0195527], [72.5570121, 23.0195066], [72.5569612, 23.0194795], [72.5568512, 23.0194276], [72.5566527, 23.0193437], [72.5565588, 23.0193129], [72.556477, 23.0192857], [72.5563523, 23.0192869], [72.5562544, 23.0192943], [72.5555034, 23.0195424], [72.5553532, 23.0196276], [72.5552446, 23.0196634], [72.555279, 23.0197569], [72.5553003, 23.0198079], [72.55534, 23.019905]]}}, {"type": "Feature", "properties": {"osm_id": 317359485, "osm_type": "way", "name": "Bhikhbhai Garden", "leisure": "garden"}, "geometry": {"type": "LineString", "coordinates": [[72.572674, 23.0254354], [72.5730149, 23.0254952], [72.5730937, 23.0254681], [72.5731764, 23.0248257], [72.5734523, 23.0228732], [72.5732202, 23.0228546], [72.5727569, 23.0229329], [72.572715, 23.024022], [72.572674, 23.0254354]]}}, {"type": "Feature", "properties": {"osm_id": 317476729, "osm_type": "way", "name": "Rasala Nature Park", "leisure": "park"}, "geometry": {"type": "LineString", "coordinates": [[72.5584004, 23.0237443], [72.5585053, 23.0238022], [72.5586627, 23.0238263], [72.5588358, 23.0238263], [72.5590719, 23.0238119], [72.5593447, 23.0237925], [72.5594391, 23.0237781], [72.5595231, 23.0237587], [72.5598431, 23.0224068], [72.5602575, 23.0210307], [72.55967, 23.0209872], [72.5594339, 23.0218467], [72.5593447, 23.0218805], [72.559182, 23.0218612], [72.5586312, 23.0234208], [72.5584895, 23.023638], [72.5584581, 23.0236863], [72.5584004, 23.0237443]]}}, {"type": "Feature", "properties": {"osm_id": 317787177, "osm_type": "way", "name": "Bansidhar Garden", "leisure": "park"}, "geometry": {"type": "LineString", "coordinates": [[72.5537951, 23.0004235], [72.5542728, 22.9994941], [72.5553169, 22.999961], [72.5548096, 23.0009267], [72.5537951, 23.0004235]]}}, {"type": "Feature", "properties": {"osm_id": 323421777, "osm_type": "way", "name": "Paldi Municipal Garden", "leisure": "garden"}, "geometry": {"type": "LineString", "coordinates": [[72.5637592, 23.0122748], [72.5642977, 23.0130156], [72.5643934, 23.0120623], [72.5641128, 23.0119944], [72.5637592, 23.0122748]]}}, {"type": "Feature", "properties": {"osm_id": 330926672, "osm_type": "way", "name": "Sukhipura Park", "leisure": "park"}, "geometry": {"type": "LineString", "coordinates": [[72.5510489, 23.0128911], [72.5521408, 23.0128812], [72.552172, 23.0122063], [72.5513303, 23.0121831], [72.5510243, 23.0121714], [72.5510489, 23.0128911]]}}, {"type": "Feature", "properties": {"osm_id": 334995867, "osm_type": "way", "name": "Sukan Udyan", "leisure": "park"}, "geometry": {"type": "LineString", "coordinates": [[72.5401792, 23.0188614], [72.5408833, 23.0189145], [72.5408524, 23.0190713], [72.5414371, 23.0191706], [72.5412769, 23.0195181], [72.5411797, 23.0197588], [72.5404905, 23.0196785], [72.5401711, 23.0196403], [72.5401792, 23.0188614]]}}, {"type": "Feature", "properties": {"osm_id": 345877405, "osm_type": "way", "name": "Parth Public Park", "leisure": "park"}, "geometry": {"type": "LineString", "coordinates": [[72.5229287, 23.013981], [72.5233939, 23.0137177], [72.5236449, 23.0140316], [72.5231865, 23.0143312], [72.5230718, 23.0141723], [72.5229287, 23.013981]]}}, {"type": "Feature", "properties": {"osm_id": 364851722, "osm_type": "way", "name": "", "leisure": "park"}, "geometry": {"type": "LineString", "coordinates": [[72.4685955, 23.0246023], [72.4688081, 23.02471], [72.468956, 23.0244548], [72.4687434, 23.0243527], [72.4685955, 23.0246023]]}}, {"type": "Feature", "properties": {"osm_id": 364876981, "osm_type": "way", "name": "", "leisure": "park"}, "geometry": {"type": "LineString", "coordinates": [[72.4665323, 23.0250266], [72.4665899, 23.0248609], [72.4668075, 23.0249249], [72.4667499, 23.0250906], [72.4665323, 23.0250266]]}}, {"type": "Feature", "properties": {"osm_id": 365045070, "osm_type": "way", "name": "", "leisure": "park", "building": "yes"}, "geometry": {"type": "LineString", "coordinates": [[72.4694998, 23.0208163], [72.4695367, 23.0207037], [72.4695282, 23.0206823], [72.4695082, 23.0206717], [72.4694607, 23.020662], [72.4694383, 23.0206831], [72.4694045, 23.0207898], [72.469408, 23.0208104], [72.469447, 23.0208201], [72.4694808, 23.0208211], [72.4694998, 23.0208163]]}}, {"type": "Feature", "properties": {"osm_id": 365045072, "osm_type": "way", "name": "", "leisure": "park", "building": "yes"}, "geometry": {"type": "LineString", "coordinates": [[72.4695722, 23.0174622], [72.4696186, 23.0175205], [72.4696882, 23.0175612], [72.4697704, 23.0175748], [72.4698147, 23.0175476], [72.4698734, 23.0173226], [72.4698548, 23.0173012], [72.4696819, 23.0172274], [72.469652, 23.0172294], [72.469568, 23.0173982], [72.4695722, 23.0174622]]}}, {"type": "Feature", "properties": {"osm_id": 365045128, "osm_type": "way", "name": "", "leisure": "park", "building": "yes"}, "geometry": {"type": "LineString", "coordinates": [[72.4694889, 23.0195408], [72.469776, 23.0196161], [72.4698249, 23.019458], [72.4695378, 23.0193827], [72.4694889, 23.0195408]]}}, {"type": "Feature", "properties": {"osm_id": 365045156, "osm_type": "way", "name": "", "leisure": "park", "building": "yes"}, "geometry": {"type": "LineString", "coordinates": [[72.4651816, 23.0234917], [72.4653726, 23.0235674], [72.4654875, 23.0233217], [72.4652964, 23.0232461], [72.4651816, 23.0234917]]}}, {"type": "Feature", "properties": {"osm_id": 365045205, "osm_type": "way", "name": "", "leisure": "park", "building": "yes"}, "geometry": {"type": "LineString", "coordinates": [[72.4701489, 23.0158841], [72.4703009, 23.0159311], [72.4704202, 23.0156045], [72.4702681, 23.0155574], [72.4701489, 23.0158841]]}}, {"type": "Feature", "properties": {"osm_id": 365065661, "osm_type": "way", "name": "", "leisure": "park", "building": "yes"}, "geometry": {"type": "LineString", "coordinates": [[72.4749506, 23.014834], [72.4748444, 23.0151539], [72.4752515, 23.0152624], [72.4753153, 23.0150961], [72.4749506, 23.014834]]}}, {"type": "Feature", "properties": {"osm_id": 365091580, "osm_type": "way", "name": "", "leisure": "park", "building": "yes"}, "geometry": {"type": "LineString", "coordinates": [[72.4729129, 23.0220158], [72.4730771, 23.0220824], [72.4731454, 23.02194], [72.4729812, 23.0218733], [72.4729129, 23.0220158]]}}, {"type": "Feature", "properties": {"osm_id": 365091615, "osm_type": "way", "name": "", "leisure": "park", "building": "yes"}, "geometry": {"type": "LineString", "coordinates": [[72.4615936, 23.0220532], [72.4616386, 23.022207], [72.461699, 23.0221921], [72.4617406, 23.0222145], [72.4617603, 23.0222818], [72.4618304, 23.0222644], [72.4617567, 23.0220127], [72.4615936, 23.0220532]]}}, {"type": "Feature", "properties": {"osm_id": 365522477, "osm_type": "way", "name": "", "leisure": "park", "building": "yes"}, "geometry": {"type": "LineString", "coordinates": [[72.4552701, 23.0058064], [72.4554241, 23.0057791], [72.4553783, 23.0055599], [72.4552243, 23.0055872], [72.4552701, 23.0058064]]}}, {"type": "Feature", "properties": {"osm_id": 365522586, "osm_type": "way", "name": "", "leisure": "park", "building": "yes"}, "geometry": {"type": "LineString", "coordinates": [[72.4585767, 23.0064725], [72.4587801, 23.0064459], [72.458743, 23.0062052], [72.4585396, 23.0062318], [72.4585767, 23.0064725]]}}, {"type": "Feature", "properties": {"osm_id": 365522701, "osm_type": "way", "name": "", "leisure": "park", "building": "yes"}, "geometry": {"type": "LineString", "coordinates": [[72.4562324, 23.0044915], [72.4564915, 23.0044559], [72.4564509, 23.0042054], [72.4561918, 23.004241], [72.4562324, 23.0044915]]}}, {"type": "Feature", "properties": {"osm_id": 365522724, "osm_type": "way", "name": "", "leisure": "park", "building": "yes"}, "geometry": {"type": "LineString", "coordinates": [[72.4490872, 23.0080138], [72.4492351, 23.0079693], [72.4491704, 23.0077871], [72.4490225, 23.0078316], [72.4490872, 23.0080138]]}}, {"type": "Feature", "properties": {"osm_id": 365522779, "osm_type": "way", "name": "", "leisure": "park"}, "geometry": {"type": "LineString", "coordinates": [[72.4500458, 23.007041], [72.4503333, 23.0069152], [72.4502422, 23.0067389], [72.4499547, 23.0068647], [72.4500458, 23.007041]]}}, {"type": "Feature", "properties": {"osm_id": 365522783, "osm_type": "way", "name": "", "leisure": "park"}, "geometry": {"type": "LineString", "coordinates": [[72.4495474, 23.008585], [72.4499009, 23.0084369], [72.449881, 23.0083753], [72.4495122, 23.008482], [72.4495474, 23.008585]]}}, {"type": "Feature", "properties": {"osm_id": 365668161, "osm_type": "way", "name": "", "leisure": "park", "building": "yes"}, "geometry": {"type": "LineString", "coordinates": [[72.4720392, 23.0252121], [72.4720696, 23.0249711], [72.4718348, 23.0249461], [72.4718044, 23.025187], [72.4720392, 23.0252121]]}}, {"type": "Feature", "properties": {"osm_id": 367426637, "osm_type": "way", "name": "", "leisure": "park"}, "geometry": {"type": "LineString", "coordinates": [[72.5206515, 23.0157346], [72.521045, 23.0157005], [72.5210678, 23.0155738], [72.5211945, 23.0154151], [72.5211204, 23.0153634], [72.5208363, 23.0153499], [72.520629, 23.01534], [72.5206515, 23.0157346]]}}, {"type": "Feature", "properties": {"osm_id": 367427547, "osm_type": "way", "name": "", "leisure": "park", "building": "yes"}, "geometry": {"type": "LineString", "coordinates": [[72.5450631, 23.0034108], [72.5460683, 23.0038395], [72.5463825, 23.0032152], [72.5452592, 23.002974], [72.5450631, 23.0034108]]}}, {"type": "Feature", "properties": {"osm_id": 367552932, "osm_type": "way", "name": "", "leisure": "park", "natural": "grassland"}, "geometry": {"type": "LineString", "coordinates": [[72.5033469, 23.0223571], [72.5034915, 23.0224479], [72.5037765, 23.0224751], [72.5039, 23.0223888], [72.5038587, 23.0222599], [72.5036131, 23.0221079], [72.5035053, 23.0220318], [72.5036315, 23.0218861], [72.5036686, 23.0216872], [72.5036315, 23.0215651], [72.5036315, 23.0214489], [72.5035236, 23.0214045], [72.5034112, 23.0214235], [72.5032919, 23.02147], [72.5032299, 23.0216179], [72.5031955, 23.021677], [72.5032047, 23.0217657], [72.5032597, 23.0218565], [72.5032758, 23.0219389], [72.5032207, 23.0220213], [72.5033469, 23.0223571]]}}, {"type": "Feature", "properties": {"osm_id": 367553061, "osm_type": "way", "name": "", "leisure": "park", "building": "yes"}, "geometry": {"type": "LineString", "coordinates": [[72.5153646, 23.0231842], [72.5157173, 23.0235806], [72.5159591, 23.0233983], [72.5159641, 23.0233128], [72.515729, 23.0231021], [72.515615, 23.0230716], [72.5155077, 23.0230926], [72.5153646, 23.0231842]]}}, {"type": "Feature", "properties": {"osm_id": 367585823, "osm_type": "way", "name": "", "leisure": "park", "building": "yes"}, "geometry": {"type": "LineString", "coordinates": [[72.5160725, 23.0159576], [72.5163794, 23.0159888], [72.5164475, 23.0154213], [72.5161406, 23.0153901], [72.5160725, 23.0159576]]}}, {"type": "Feature", "properties": {"osm_id": 367585840, "osm_type": "way", "name": "", "leisure": "park"}, "geometry": {"type": "LineString", "coordinates": [[72.512189, 23.012968], [72.5125471, 23.0130439], [72.5125866, 23.0130693], [72.5125974, 23.0131143], [72.5125772, 23.0131884], [72.5127516, 23.0132464], [72.5126657, 23.0135512], [72.5121085, 23.0134273], [72.5121518, 23.013174], [72.512189, 23.012968]]}}, {"type": "Feature", "properties": {"osm_id": 367591782, "osm_type": "way", "name": "", "leisure": "park", "building": "yes"}, "geometry": {"type": "LineString", "coordinates": [[72.5155096, 23.0185313], [72.515839, 23.0185597], [72.5158773, 23.018183], [72.5155479, 23.0181546], [72.5155096, 23.0185313]]}}, {"type": "Feature", "properties": {"osm_id": 367591892, "osm_type": "way", "name": "", "leisure": "park", "building": "yes"}, "geometry": {"type": "LineString", "coordinates": [[72.5152268, 23.0175129], [72.5151946, 23.0177834], [72.5153007, 23.0177941], [72.5152907, 23.0178779], [72.5156736, 23.0179166], [72.5156655, 23.0179853], [72.5159291, 23.0180119], [72.5159795, 23.017589], [72.5152268, 23.0175129]]}}, {"type": "Feature", "properties": {"osm_id": 367807245, "osm_type": "way", "name": "", "leisure": "park"}, "geometry": {"type": "LineString", "coordinates": [[72.5235228, 23.0192008], [72.5237225, 23.0191953], [72.5238399, 23.019192], [72.5238225, 23.0186623], [72.5235054, 23.0186711], [72.5235228, 23.0192008]]}}, {"type": "Feature", "properties": {"osm_id": 367807257, "osm_type": "way", "name": "Marichi Public Park", "leisure": "park"}, "geometry": {"type": "LineString", "coordinates": [[72.5275444, 23.0219048], [72.5278871, 23.0218515], [72.5277646, 23.0211622], [72.5276945, 23.0209754], [72.5275408, 23.0209802], [72.5275428, 23.0215047], [72.5275444, 23.0219048]]}}, {"type": "Feature", "properties": {"osm_id": 367948291, "osm_type": "way", "name": "", "leisure": "park"}, "geometry": {"type": "LineString", "coordinates": [[72.5280743, 23.0191354], [72.5282001, 23.0191434], [72.5282157, 23.0189364], [72.5280899, 23.0189284], [72.5280743, 23.0191354]]}}, {"type": "Feature", "properties": {"osm_id": 367948316, "osm_type": "way", "name": "", "leisure": "park"}, "geometry": {"type": "LineString", "coordinates": [[72.5224621, 23.0151913], [72.5226898, 23.0154788], [72.5229125, 23.0153342], [72.52294, 23.0153164], [72.5226796, 23.0150227], [72.5224621, 23.0151913]]}}, {"type": "Feature", "properties": {"osm_id": 367976278, "osm_type": "way", "name": "", "leisure": "park", "building": "yes"}, "geometry": {"type": "LineString", "coordinates": [[72.4870694, 23.0148708], [72.4870383, 23.0151527], [72.4874682, 23.0151928], [72.4874993, 23.014911], [72.4870694, 23.0148708]]}}, {"type": "Feature", "properties": {"osm_id": 368457410, "osm_type": "way", "name": "Utsav Public Park", "leisure": "park"}, "geometry": {"type": "LineString", "coordinates": [[72.5155644, 23.0116634], [72.5162612, 23.0118724], [72.5162896, 23.0114135], [72.5160383, 23.011405], [72.5157096, 23.0113847], [72.5155644, 23.0116634]]}}, {"type": "Feature", "properties": {"osm_id": 368569069, "osm_type": "way", "name": "Pancha Talav", "leisure": "park"}, "geometry": {"type": "LineString", "coordinates": [[72.5112569, 23.0093729], [72.5112759, 23.0093158], [72.5115493, 23.008494], [72.5116338, 23.0085298], [72.5117023, 23.0085214], [72.51178, 23.0084828], [72.5118148, 23.0084248], [72.5124605, 23.0086728], [72.5129333, 23.0088544], [72.5124143, 23.0100086], [72.5119878, 23.0098271], [72.5119503, 23.0097605], [72.5117223, 23.0096889], [72.5116231, 23.0099567], [72.5114045, 23.0099037], [72.5114487, 23.0094185], [72.5112569, 23.0093729]]}}, {"type": "Feature", "properties": {"osm_id": 368608009, "osm_type": "way", "name": "", "leisure": "park", "building": "yes"}, "geometry": {"type": "LineString", "coordinates": [[72.502207, 23.0051627], [72.5027393, 23.00505], [72.5025589, 23.0043456], [72.5019889, 23.0044558], [72.5020885, 23.0048055], [72.502207, 23.0051627]]}}, {"type": "Feature", "properties": {"osm_id": 472446481, "osm_type": "way", "name": "Malav Talav", "leisure": "park"}, "geometry": {"type": "LineString", "coordinates": [[72.5389887, 23.0075423], [72.5389856, 23.0073213], [72.5385752, 23.0070892], [72.539073, 23.0060113], [72.5391403, 23.0058609], [72.5407585, 23.0069425], [72.5401047, 23.0078849], [72.5390397, 23.0075579], [72.5389887, 23.0075423]]}}, {"type": "Feature", "properties": {"osm_id": 526388325, "osm_type": "way", "name": "Flower Park, Sabarmati Riverfront", "leisure": "park"}, "geometry": {"type": "LineString", "coordinates": [[72.5736854, 23.0222173], [72.5739238, 23.0221987], [72.5740573, 23.0221976], [72.5740995, 23.02169], [72.5740654, 23.0216907], [72.574099, 23.0212287], [72.5741406, 23.0212358], [72.5741562, 23.0209237], [72.5741928, 23.020925], [72.5742447, 23.0199924], [72.5742683, 23.0196689], [72.5739957, 23.0191514], [72.5740236, 23.0183702], [72.5739325, 23.0183659], [72.5739449, 23.0178031], [72.5739851, 23.0178007], [72.5740152, 23.0170041], [72.5740055, 23.0163892], [72.5740064, 23.0162123], [72.5734625, 23.0162247], [72.5734555, 23.0165191], [72.5731248, 23.0165205], [72.5730886, 23.0173385], [72.5730721, 23.0177844], [72.5730855, 23.0183485], [72.5730954, 23.018433], [72.5731446, 23.0188545], [72.5732264, 23.0194174], [72.5733117, 23.019963], [72.5733229, 23.0200346], [72.5734374, 23.0205709], [72.5734904, 23.0209102], [72.5735804, 23.0214935], [72.5736341, 23.0214565], [72.5737306, 23.0215564], [72.5738138, 23.0216663], [72.5738392, 23.0217428], [72.5738379, 23.0218243], [72.5738191, 23.0219033], [72.573799, 23.021944], [72.573744, 23.0219687], [72.573661, 23.0220114], [72.5736854, 23.0222173]]}}, {"type": "Feature", "properties": {"osm_id": 531442556, "osm_type": "way", "name": "", "leisure": "garden"}, "geometry": {"type": "LineString", "coordinates": [[72.4633568, 22.9839392], [72.4636165, 22.983938], [72.4636154, 22.9837218], [72.4633557, 22.9837229], [72.4633568, 22.9839392]]}}, {"type": "Feature", "properties": {"osm_id": 531442557, "osm_type": "way", "name": "", "leisure": "garden"}, "geometry": {"type": "LineString", "coordinates": [[72.464089, 22.9836412], [72.4642841, 22.983635], [72.4642807, 22.9835069], [72.4640873, 22.9834889], [72.464089, 22.9836412]]}}, {"type": "Feature", "properties": {"osm_id": 531468268, "osm_type": "way", "name": "", "leisure": "garden"}, "geometry": {"type": "LineString", "coordinates": [[72.4590363, 22.9725774], [72.4593623, 22.9725563], [72.4593809, 22.9727996], [72.4590549, 22.9728207], [72.4590363, 22.9725774]]}}, {"type": "Feature", "properties": {"osm_id": 531468269, "osm_type": "way", "name": "", "leisure": "garden"}, "geometry": {"type": "LineString", "coordinates": [[72.4594412, 22.9725404], [72.4597672, 22.9725193], [72.4597858, 22.9727625], [72.4594597, 22.9727837], [72.4594412, 22.9725404]]}}, {"type": "Feature", "properties": {"osm_id": 531468270, "osm_type": "way", "name": "", "leisure": "garden"}, "geometry": {"type": "LineString", "coordinates": [[72.4580698, 22.9731118], [72.4589291, 22.9730452], [72.4589595, 22.9730258], [72.4589676, 22.9730032], [72.4589723, 22.9729667], [72.458963, 22.9729334], [72.4589104, 22.9729183], [72.4580477, 22.9729818], [72.4580231, 22.9729957], [72.458015, 22.9730269], [72.4580138, 22.973071], [72.4580336, 22.9730946], [72.4580698, 22.9731118]]}}, {"type": "Feature", "properties": {"osm_id": 531471608, "osm_type": "way", "name": "", "leisure": "garden"}, "geometry": {"type": "LineString", "coordinates": [[72.4511079, 22.9802868], [72.4512846, 22.9802913], [72.4512881, 22.9801716], [72.4511114, 22.9801671], [72.4511079, 22.9802868]]}}, {"type": "Feature", "properties": {"osm_id": 531471609, "osm_type": "way", "name": "", "leisure": "garden"}, "geometry": {"type": "LineString", "coordinates": [[72.4515622, 22.980312], [72.4517388, 22.9803164], [72.4517424, 22.9801967], [72.4515657, 22.9801923], [72.4515622, 22.980312]]}}, {"type": "Feature", "properties": {"osm_id": 544549762, "osm_type": "way", "name": "", "leisure": "garden"}, "geometry": {"type": "LineString", "coordinates": [[72.4545561, 22.9998972], [72.4550244, 22.9995441], [72.4554927, 23.0001354], [72.4548996, 23.0005169], [72.4545561, 22.9998972]]}}, {"type": "Feature", "properties": {"osm_id": 544549763, "osm_type": "way", "name": "", "leisure": "garden"}, "geometry": {"type": "LineString", "coordinates": [[72.4551577, 22.9994859], [72.4561914, 22.9997313], [72.4555891, 23.0000631], [72.4551315, 22.99952], [72.4551577, 22.9994859]]}}, {"type": "Feature", "properties": {"osm_id": 544549764, "osm_type": "way", "name": "", "leisure": "garden"}, "geometry": {"type": "LineString", "coordinates": [[72.4561914, 22.9997313], [72.456678, 23.0003314], [72.4561065, 23.0007199], [72.4555891, 23.0000631], [72.4561914, 22.9997313]]}}, {"type": "Feature", "properties": {"osm_id": 544550230, "osm_type": "way", "name": "", "leisure": "garden"}, "geometry": {"type": "LineString", "coordinates": [[72.4487266, 23.0088973], [72.4493457, 23.0087197], [72.4491739, 23.0081875], [72.4485826, 23.0083957], [72.4487266, 23.0088973]]}}, {"type": "Feature", "properties": {"osm_id": 551578950, "osm_type": "way", "name": "", "leisure": "garden"}, "geometry": {"type": "LineString", "coordinates": [[72.512956, 23.0015554], [72.5131114, 23.0014792], [72.5131587, 23.0016772], [72.5130671, 23.0016588], [72.512956, 23.0015554]]}}, {"type": "Feature", "properties": {"osm_id": 560735699, "osm_type": "way", "name": "Prahladnagar Garden", "leisure": "park"}, "geometry": {"type": "LineString", "coordinates": [[72.5066068, 23.0120073], [72.5064193, 23.0119878], [72.5061223, 23.0119795], [72.505847, 23.0119674], [72.5056803, 23.011968], [72.5056775, 23.0123451], [72.5056626, 23.0125458], [72.5055972, 23.0134494], [72.5055864, 23.0139583], [72.5060946, 23.0139698], [72.5060937, 23.0136333], [72.5065072, 23.0136379], [72.5065621, 23.012538], [72.5066068, 23.0120073]]}}, {"type": "Feature", "properties": {"osm_id": 621705859, "osm_type": "way", "name": "", "leisure": "garden"}, "geometry": {"type": "LineString", "coordinates": [[72.451574, 22.9799641], [72.4517506, 22.9799685], [72.4517542, 22.9798488], [72.4515775, 22.9798444], [72.451574, 22.9799641]]}}, {"type": "Feature", "properties": {"osm_id": 621705860, "osm_type": "way", "name": "", "leisure": "garden"}, "geometry": {"type": "LineString", "coordinates": [[72.4511107, 22.9799576], [72.4512873, 22.979962], [72.4512909, 22.9798423], [72.4511142, 22.9798379], [72.4511107, 22.9799576]]}}, {"type": "Feature", "properties": {"osm_id": 746839528, "osm_type": "way", "name": "AUDA Garden South Bopal", "leisure": "park"}, "geometry": {"type": "LineString", "coordinates": [[72.4717907, 23.0177513], [72.4718043, 23.0176987], [72.4720146, 23.017055], [72.4725687, 23.0172025], [72.4726446, 23.0172266], [72.4724207, 23.017923], [72.4717907, 23.0177513]]}}, {"type": "Feature", "properties": {"osm_id": 992677968, "osm_type": "way", "name": "", "leisure": "park"}, "geometry": {"type": "LineString", "coordinates": [[72.5082521, 23.0061586], [72.5081854, 23.0061546], [72.5081207, 23.0061698], [72.5080644, 23.006203], [72.5080221, 23.0062506], [72.507998, 23.006308], [72.5079946, 23.0063695], [72.5080122, 23.0064288], [72.508049, 23.0064802], [72.5081067, 23.006521], [72.5081761, 23.0065415], [72.5082488, 23.0065391], [72.5083164, 23.0065141], [72.5083708, 23.0064696], [72.5084055, 23.0064107], [72.5084166, 23.0063445], [72.5084026, 23.0062788], [72.5083652, 23.0062213], [72.5083141, 23.0061816], [72.5082521, 23.0061586]]}}, {"type": "Feature", "properties": {"osm_id": 1005794408, "osm_type": "way", "name": "", "leisure": "park"}, "geometry": {"type": "LineString", "coordinates": [[72.5079153, 23.0236954], [72.5090762, 23.0236791], [72.5090729, 23.0236113], [72.5090732, 23.0232046], [72.5088734, 23.0232046], [72.5088673, 23.0230469], [72.5085896, 23.0230519], [72.5085996, 23.0228793], [72.5085818, 23.0226665], [72.5085388, 23.0226561], [72.5083992, 23.0226458], [72.5080504, 23.0226157], [72.507958, 23.0226186], [72.5079153, 23.0236954]]}}, {"type": "Feature", "properties": {"osm_id": 1008895292, "osm_type": "way", "name": "Dhanvantari Garden", "leisure": "park"}, "geometry": {"type": "LineString", "coordinates": [[72.5585738, 23.0037105], [72.5597057, 23.0041833], [72.5599337, 23.0035402], [72.5588742, 23.0030637], [72.5585738, 23.0037105]]}}, {"type": "Feature", "properties": {"osm_id": 1019202194, "osm_type": "way", "name": "Harenbhai Viththalbhai Pandya Udhyan", "leisure": "park"}, "geometry": {"type": "LineString", "coordinates": [[72.5441329, 23.0082874], [72.5440966, 23.008389], [72.5449884, 23.0086779], [72.5452553, 23.0080187], [72.5447551, 23.0078631], [72.544346, 23.0077163], [72.5441329, 23.0082874]]}}, {"type": "Feature", "properties": {"osm_id": 1019202197, "osm_type": "way", "name": "Shardanagar Park", "leisure": "park"}, "geometry": {"type": "LineString", "coordinates": [[72.5502576, 23.0103301], [72.5504491, 23.0103732], [72.5505047, 23.0103857], [72.5506304, 23.009958], [72.5503971, 23.0098956], [72.5502576, 23.0103301]]}}, {"type": "Feature", "properties": {"osm_id": 1019202205, "osm_type": "way", "name": "Popatlal Chhotalal Dani Udhyan", "leisure": "park"}, "geometry": {"type": "LineString", "coordinates": [[72.5427223, 23.0119423], [72.5427209, 23.0119476], [72.5427012, 23.0120079], [72.5433322, 23.0121775], [72.543404, 23.0118445], [72.54279, 23.0116925], [72.5427223, 23.0119423]]}}, {"type": "Feature", "properties": {"osm_id": 1019902820, "osm_type": "way", "name": "Vishwamitra Public Park", "leisure": "park"}, "geometry": {"type": "LineString", "coordinates": [[72.5249737, 23.0178116], [72.5249563, 23.0180208], [72.5253962, 23.0182183], [72.5255544, 23.0180949], [72.5255477, 23.0178122], [72.5252544, 23.0178119], [72.5249737, 23.0178116]]}}, {"type": "Feature", "properties": {"osm_id": 1033606021, "osm_type": "way", "name": "", "leisure": "park"}, "geometry": {"type": "LineString", "coordinates": [[72.5067887, 23.0200405], [72.506786, 23.0202198], [72.5069563, 23.020221], [72.5069533, 23.0204858], [72.5063404, 23.0204858], [72.506323, 23.0202451], [72.5062586, 23.0202364], [72.5062506, 23.020034], [72.5063445, 23.0200451], [72.5063471, 23.0199612], [72.5066997, 23.0200245], [72.5067887, 23.0200405]]}}, {"type": "Feature", "properties": {"osm_id": 1036620591, "osm_type": "way", "name": "", "leisure": "park"}, "geometry": {"type": "LineString", "coordinates": [[72.5320736, 23.0216127], [72.5323445, 23.0221558], [72.5324809, 23.0221441], [72.5325922, 23.0221345], [72.5325537, 23.0219188], [72.5326033, 23.0219176], [72.5325792, 23.0215559], [72.5321808, 23.0215584], [72.5320736, 23.0216127]]}}, {"type": "Feature", "properties": {"osm_id": 1036620595, "osm_type": "way", "name": "", "leisure": "park"}, "geometry": {"type": "LineString", "coordinates": [[72.5327937, 23.0156052], [72.5327012, 23.015325], [72.5330763, 23.0153864], [72.5334857, 23.0154534], [72.5335622, 23.0154658], [72.5335501, 23.0155806], [72.5327937, 23.0156052]]}}, {"type": "Feature", "properties": {"osm_id": 1112152330, "osm_type": "way", "name": "", "leisure": "park"}, "geometry": {"type": "LineString", "coordinates": [[72.4631699, 23.0049533], [72.4632049, 23.00361], [72.4635178, 23.0035993], [72.4635131, 23.0037218], [72.4635411, 23.0038336], [72.4637162, 23.0037863], [72.4644027, 23.0037153], [72.4646572, 23.0041646], [72.4648207, 23.0041323], [72.4648157, 23.0042916], [72.4648062, 23.0045956], [72.464795, 23.0049555], [72.4646753, 23.004958], [72.4639077, 23.004954], [72.4636816, 23.004954], [72.4634493, 23.0049537], [72.4632403, 23.0049534], [72.4631699, 23.0049533]]}}, {"type": "Feature", "properties": {"osm_id": 1199739136, "osm_type": "way", "name": "Senior Citizen Park", "leisure": "park"}, "geometry": {"type": "LineString", "coordinates": [[72.5471611, 23.0074534], [72.5476354, 23.0076432], [72.5479059, 23.0070707], [72.5474316, 23.0068808], [72.5471611, 23.0074534]]}}, {"type": "Feature", "properties": {"osm_id": 1204808501, "osm_type": "way", "name": "", "leisure": "garden"}, "geometry": {"type": "LineString", "coordinates": [[72.4783796, 22.9665545], [72.4783684, 22.966492], [72.4786253, 22.9663554], [72.4785729, 22.9665926], [72.4783796, 22.9665545]]}}, {"type": "Feature", "properties": {"osm_id": 1204808502, "osm_type": "way", "name": "", "leisure": "garden"}, "geometry": {"type": "LineString", "coordinates": [[72.4776348, 22.9656455], [72.4776234, 22.9656184], [72.4776307, 22.9655906], [72.4776603, 22.9655572], [72.4776998, 22.9655492], [72.4778158, 22.9655393], [72.4776348, 22.9656455]]}}, {"type": "Feature", "properties": {"osm_id": 1204808503, "osm_type": "way", "name": "", "leisure": "garden"}, "geometry": {"type": "LineString", "coordinates": [[72.478119, 22.9657376], [72.4782386, 22.9659189], [72.4782703, 22.9659011], [72.4781508, 22.9657198], [72.478119, 22.9657376]]}}, {"type": "Feature", "properties": {"osm_id": 1204808504, "osm_type": "way", "name": "", "leisure": "garden"}, "geometry": {"type": "LineString", "coordinates": [[72.4779161, 22.9658395], [72.4779575, 22.9658981], [72.4780287, 22.9658553], [72.4779873, 22.9657968], [72.4779161, 22.9658395]]}}, {"type": "Feature", "properties": {"osm_id": 1204808505, "osm_type": "way", "name": "", "leisure": "garden"}, "geometry": {"type": "LineString", "coordinates": [[72.477791, 22.9660506], [72.4779251, 22.9662284], [72.4780539, 22.9661642], [72.4780874, 22.9660296], [72.4780002, 22.9659209], [72.477791, 22.9660506]]}}, {"type": "Feature", "properties": {"osm_id": 1204808506, "osm_type": "way", "name": "", "leisure": "garden"}, "geometry": {"type": "LineString", "coordinates": [[72.4786064, 22.9662555], [72.4784723, 22.9660654], [72.478475, 22.9660246], [72.4785031, 22.9659802], [72.4785085, 22.9659197], [72.4785367, 22.9658962], [72.4786361, 22.9658337], [72.4787191, 22.9659308], [72.4786444, 22.9662689], [72.4786064, 22.9662555]]}}, {"type": "Feature", "properties": {"osm_id": 1204808507, "osm_type": "way", "name": "", "leisure": "garden"}, "geometry": {"type": "LineString", "coordinates": [[72.4781891, 22.9660896], [72.4783065, 22.9662584], [72.4784665, 22.966164], [72.478349, 22.9659952], [72.4781891, 22.9660896]]}}, {"type": "Feature", "properties": {"osm_id": 1204808508, "osm_type": "way", "name": "", "leisure": "garden"}, "geometry": {"type": "LineString", "coordinates": [[72.4782993, 22.9657295], [72.478369, 22.9658419], [72.4784575, 22.9657925], [72.4783958, 22.9657122], [72.4782993, 22.9657295]]}}, {"type": "Feature", "properties": {"osm_id": 1239619358, "osm_type": "way", "name": "", "leisure": "park"}, "geometry": {"type": "LineString", "coordinates": [[72.522081, 23.0230815], [72.5220622, 23.0235962], [72.5223774, 23.0236048], [72.5223921, 23.0230815], [72.5222138, 23.0230815], [72.522081, 23.0230815]]}}, {"type": "Feature", "properties": {"osm_id": 1289249651, "osm_type": "way", "name": "Ahmedabad Municipal Udhyan", "leisure": "park"}, "geometry": {"type": "LineString", "coordinates": [[72.5023574, 22.9982788], [72.5032841, 22.9990158], [72.5038634, 22.9994812], [72.5046641, 23.0001157], [72.5060776, 23.0012268], [72.5068045, 23.0017514], [72.5069875, 23.0018878], [72.5071344, 23.0016971], [72.5071338, 23.0016788], [72.5071283, 23.0016613], [72.5071149, 23.0016416], [72.5070955, 23.0016267], [72.5067649, 23.0013922], [72.506716, 23.0013984], [72.5064477, 23.0012008], [72.5064585, 23.0011379], [72.5062452, 23.0009737], [72.5061621, 23.0009712], [72.5058778, 23.0007527], [72.5058939, 23.0006972], [72.5057638, 23.000591], [72.5056444, 23.0004935], [72.5055961, 23.0005071], [72.5053246, 23.000312], [72.5053239, 23.0002608], [72.5044378, 22.9995818], [72.5043838, 22.9995404], [72.5035751, 22.9988849], [72.5035456, 22.9988997], [72.50339, 22.9987738], [72.5033967, 22.9987121], [72.5031339, 22.9985059], [72.5030588, 22.9985121], [72.5028549, 22.9983701], [72.5028603, 22.9983479], [72.502863, 22.9982899], [72.5027557, 22.9981948], [72.5027119, 22.9981799], [72.5026666, 22.99817], [72.5026202, 22.9981652], [72.5025587, 22.9981669], [72.5025281, 22.9981705], [72.5024982, 22.9981776], [72.5024562, 22.9981938], [72.5024179, 22.9982166], [72.5023847, 22.9982452], [72.5023574, 22.9982788]]}}, {"type": "Feature", "properties": {"osm_id": 1291987405, "osm_type": "way", "name": "AMC Udhyan", "leisure": "park"}, "geometry": {"type": "LineString", "coordinates": [[72.501149, 23.0244293], [72.501186, 23.0244264], [72.5015916, 23.0243941], [72.5020891, 23.0243516], [72.5020167, 23.0234456], [72.5011691, 23.0235382], [72.501149, 23.0244293]]}}, {"type": "Feature", "properties": {"osm_id": 1349726067, "osm_type": "way", "name": "Riverfront Biodiversity Park", "leisure": "park"}, "geometry": {"type": "LineString", "coordinates": [[72.5623023, 22.9973595], [72.5627788, 22.9969515], [72.5624442, 22.9966307], [72.5619292, 22.9962048], [72.5610253, 22.9954641], [72.5600692, 22.994819], [72.5595656, 22.9955131], [72.5606209, 22.9962417], [72.5616756, 22.996953], [72.5621679, 22.9972665], [72.5623023, 22.9973595]]}}, {"type": "Feature", "properties": {"osm_id": 1362243492, "osm_type": "way", "name": "yoga nursery", "leisure": "garden"}, "geometry": {"type": "LineString", "coordinates": [[72.5353874, 23.0171414], [72.5357099, 23.0170651], [72.5355295, 23.0168682], [72.5353553, 23.0169597], [72.5353681, 23.0170564], [72.5353874, 23.0171414]]}}, {"type": "Feature", "properties": {"osm_id": 1451639412, "osm_type": "way", "name": "Shaligram Oxygen Park", "leisure": "park"}, "geometry": {"type": "LineString", "coordinates": [[72.4655239, 23.0162928], [72.4656111, 23.0166248], [72.4655534, 23.01671], [72.4659048, 23.0167742], [72.4658364, 23.0162557], [72.4656647, 23.016278], [72.4655239, 23.0162928]]}}, {"type": "Feature", "properties": {"osm_id": 1462819404, "osm_type": "way", "name": "AMC Electrotherm Park", "leisure": "park"}, "geometry": {"type": "LineString", "coordinates": [[72.4627118, 23.0167071], [72.462754, 23.0167008], [72.4630304, 23.0166592], [72.4634203, 23.0166006], [72.463519, 23.0165858], [72.4632854, 23.0152696], [72.4624783, 23.0153909], [72.4627118, 23.0167071]]}}, {"type": "Feature", "properties": {"osm_id": 1539970804, "osm_type": "way", "name": "Jambavan Udhyan", "leisure": "park"}, "geometry": {"type": "LineString", "coordinates": [[72.539923, 23.0101345], [72.5402685, 23.0102447], [72.5405522, 23.0103352], [72.5406839, 23.0099854], [72.5400547, 23.0097847], [72.539923, 23.0101345]]}}, {"type": "Feature", "properties": {"osm_id": 1539971633, "osm_type": "way", "name": "", "leisure": "park"}, "geometry": {"type": "LineString", "coordinates": [[72.5064537, 23.0180419], [72.5064556, 23.0180122], [72.5064696, 23.0178003], [72.5071197, 23.0177826], [72.5071266, 23.0179884], [72.5068407, 23.017985], [72.5064537, 23.0180419]]}}, {"type": "Feature", "properties": {"osm_id": 2599150148, "osm_type": "node", "name": "Uttamnagar Garden (Public Park)", "leisure": "garden"}, "geometry": {"type": "Point", "coordinates": [72.606752, 22.9921976]}}, {"type": "Feature", "properties": {"osm_id": 4636987361, "osm_type": "node", "name": "", "leisure": "park"}, "geometry": {"type": "Point", "coordinates": [72.6280301, 22.9831433]}}, {"type": "Feature", "properties": {"osm_id": 7088275199, "osm_type": "node", "name": "Akha Bhagat Chowk", "leisure": "park"}, "geometry": {"type": "Point", "coordinates": [72.5937037, 23.0224593]}}, {"type": "Feature", "properties": {"osm_id": 7311053166, "osm_type": "node", "name": "karanj bhag", "leisure": "park"}, "geometry": {"type": "Point", "coordinates": [72.5822747, 23.0242357]}}, {"type": "Feature", "properties": {"osm_id": 9709187217, "osm_type": "node", "name": "One Tree Hill Garden", "leisure": "garden"}, "geometry": {"type": "Point", "coordinates": [72.598021, 23.0048635]}}, {"type": "Feature", "properties": {"osm_id": 10310283832, "osm_type": "node", "name": "Suresh Rathod House", "leisure": "park"}, "geometry": {"type": "Point", "coordinates": [72.6123046, 22.9818173]}}, {"type": "Feature", "properties": {"osm_id": 172640658, "osm_type": "way", "name": "Naginawadi", "leisure": "park"}, "geometry": {"type": "LineString", "coordinates": [[72.6007155, 23.0066488], [72.600746, 23.0067093], [72.6007839, 23.0067374], [72.6008373, 23.0067452], [72.6016169, 23.0067432], [72.6016723, 23.0067244], [72.6017069, 23.0066639], [72.6017409, 23.0059737], [72.6017295, 23.0059051], [72.6017108, 23.0058588], [72.6016529, 23.005814], [72.6015887, 23.0058085], [72.6013896, 23.0058136], [72.6013706, 23.005801], [72.6013573, 23.0057822], [72.6013551, 23.0057603], [72.6013673, 23.0039798], [72.60136, 23.003956], [72.6013381, 23.0039305], [72.6013171, 23.0039166], [72.6012852, 23.0038962], [72.6012257, 23.0038823], [72.6011546, 23.0038901], [72.6011268, 23.0038968], [72.6011035, 23.00391], [72.6010848, 23.0039309], [72.6010675, 23.0039653], [72.601085, 23.0057262], [72.6010728, 23.0057799], [72.6010362, 23.0058091], [72.6009645, 23.0058199], [72.6008158, 23.005831], [72.6007738, 23.0058442], [72.6007275, 23.0058698], [72.6007155, 23.0066488]]}}, {"type": "Feature", "properties": {"osm_id": 314446428, "osm_type": "way", "name": "Lokmanya Tilak Garden (Victoria Garden)", "leisure": "park"}, "geometry": {"type": "LineString", "coordinates": [[72.5797337, 23.0218925], [72.5796184, 23.0218805], [72.5794236, 23.0218817], [72.5790498, 23.0218458], [72.5785812, 23.0218214], [72.5784301, 23.0217809], [72.5783398, 23.0217302], [72.578292, 23.0216869], [72.578216, 23.0216011], [72.5781, 23.0214207], [72.5780346, 23.0213203], [72.577991, 23.0211899], [72.578037, 23.021044], [72.5781073, 23.0208209], [72.5782776, 23.020849], [72.5783483, 23.0205372], [72.5784395, 23.020465], [72.5787101, 23.0204427], [72.5788779, 23.020433], [72.5790454, 23.0204231], [72.5792438, 23.0204062], [72.5795066, 23.0204096], [72.5797977, 23.0204034], [72.5798944, 23.0208742], [72.5799581, 23.0210305], [72.580034, 23.02117], [72.5800887, 23.0212999], [72.5801159, 23.0214456], [72.580137, 23.0217049], [72.5801192, 23.0218658], [72.5799651, 23.0218709], [72.5798096, 23.0218902], [72.5797337, 23.0218925]]}}, {"type": "Feature", "properties": {"osm_id": 318506393, "osm_type": "way", "name": "Khokhra Municipal Garden", "leisure": "garden"}, "geometry": {"type": "LineString", "coordinates": [[72.6192804, 23.0010888], [72.6201885, 23.0011644], [72.6202199, 23.0011533], [72.6200508, 23.0002373], [72.6192804, 23.0002129], [72.6192804, 23.0010888]]}}, {"type": "Feature", "properties": {"osm_id": 323895528, "osm_type": "way", "name": "Ahmed Sah Mosque", "leisure": "garden"}, "geometry": {"type": "LineString", "coordinates": [[72.5790575, 23.0229033], [72.5794541, 23.0229197], [72.5794758, 23.0224761], [72.5790792, 23.0224597], [72.5790575, 23.0229033]]}}, {"type": "Feature", "properties": {"osm_id": 326736137, "osm_type": "way", "name": "Uttamnagar Garden", "leisure": "park"}, "geometry": {"type": "LineString", "coordinates": [[72.6067942, 22.991576], [72.6070279, 22.9916326], [72.6072202, 22.9917672], [72.607342, 22.9919593], [72.6073746, 22.9921797], [72.6073131, 22.9923948], [72.6071669, 22.9925719], [72.6069582, 22.992684], [72.6067188, 22.992714], [72.6065711, 22.9926782], [72.6064852, 22.9926574], [72.6063834, 22.9925862], [72.6062928, 22.9925228], [72.6061711, 22.9923307], [72.6061435, 22.9921103], [72.6061999, 22.9918952], [72.6063461, 22.9917181], [72.6065548, 22.9916061], [72.6067942, 22.991576]]}}, {"type": "Feature", "properties": {"osm_id": 367949942, "osm_type": "way", "name": "krupa", "leisure": "park"}, "geometry": {"type": "LineString", "coordinates": [[72.6347692, 22.9881907], [72.6349051, 22.9881582], [72.6348645, 22.9880182], [72.634801, 22.9880186], [72.6347692, 22.9881907]]}}, {"type": "Feature", "properties": {"osm_id": 368911567, "osm_type": "way", "name": "Kankaria Football Ground", "leisure": "park"}, "geometry": {"type": "LineString", "coordinates": [[72.5973275, 23.0076782], [72.5964217, 23.0067594], [72.5968335, 23.0061268], [72.5969414, 23.0059942], [72.5974168, 23.0063281], [72.5974452, 23.0069522], [72.5974261, 23.0074797], [72.5974261, 23.0076442], [72.5973275, 23.0076782]]}}, {"type": "Feature", "properties": {"osm_id": 469342324, "osm_type": "way", "name": "Oxygen Park", "leisure": "park"}, "geometry": {"type": "LineString", "coordinates": [[72.6297817, 22.9846886], [72.6297908, 22.9843509], [72.6292304, 22.9844476], [72.6290117, 22.9844854], [72.6289915, 22.9845212], [72.6289995, 22.9845648], [72.6293654, 22.9846227], [72.6297817, 22.9846886]]}}, {"type": "Feature", "properties": {"osm_id": 548348674, "osm_type": "way", "name": "", "leisure": "garden"}, "geometry": {"type": "LineString", "coordinates": [[72.5994334, 23.0113613], [72.5993877, 23.0113276], [72.5998318, 23.0107865], [72.5998823, 23.0108224], [72.5994334, 23.0113613]]}}, {"type": "Feature", "properties": {"osm_id": 548349916, "osm_type": "way", "name": "", "leisure": "garden"}, "geometry": {"type": "LineString", "coordinates": [[72.599482, 23.009874], [72.5994252, 23.0099366], [72.6000282, 23.0103716], [72.6000844, 23.010301], [72.599482, 23.009874]]}}, {"type": "Feature", "properties": {"osm_id": 548349917, "osm_type": "way", "name": "", "leisure": "garden"}, "geometry": {"type": "LineString", "coordinates": [[72.5994814, 23.0105368], [72.599642, 23.0103509], [72.5997034, 23.0102798], [72.5999584, 23.0104591], [72.5997458, 23.0107251], [72.5994814, 23.0105368]]}}, {"type": "Feature", "properties": {"osm_id": 555775170, "osm_type": "way", "name": "", "leisure": "park"}, "geometry": {"type": "LineString", "coordinates": [[72.5992762, 23.0094748], [72.5996344, 23.00882], [72.5990644, 23.0084372], [72.5986553, 23.0080467], [72.5981791, 23.008255], [72.5992762, 23.0094748]]}}, {"type": "Feature", "properties": {"osm_id": 555775527, "osm_type": "way", "name": "", "leisure": "park"}, "geometry": {"type": "LineString", "coordinates": [[72.5981791, 23.008255], [72.5973275, 23.0076782], [72.5974309, 23.0076632], [72.5981507, 23.0070374], [72.5983456, 23.0075459], [72.5985527, 23.0078893], [72.5983375, 23.0080212], [72.5983858, 23.0081199], [72.5981791, 23.008255]]}}, {"type": "Feature", "properties": {"osm_id": 555776167, "osm_type": "way", "name": "", "leisure": "park"}, "geometry": {"type": "LineString", "coordinates": [[72.6046639, 23.0060235], [72.6046003, 23.0058264], [72.605093, 23.0054275], [72.6057733, 23.0065521], [72.6046639, 23.0060235]]}}, {"type": "Feature", "properties": {"osm_id": 584631607, "osm_type": "way", "name": "", "leisure": "park"}, "geometry": {"type": "LineString", "coordinates": [[72.6171321, 22.9918023], [72.6176627, 22.9918676], [72.6177945, 22.9913139], [72.6172335, 22.9912423], [72.6171321, 22.9918023]]}}, {"type": "Feature", "properties": {"osm_id": 885948541, "osm_type": "way", "name": "", "leisure": "park"}, "geometry": {"type": "LineString", "coordinates": [[72.6184112, 22.9766089], [72.6192534, 22.9768781], [72.6194358, 22.9764954], [72.6194251, 22.9763003], [72.6185802, 22.9759916], [72.6184112, 22.9766089]]}}, {"type": "Feature", "properties": {"osm_id": 924843966, "osm_type": "way", "name": "", "leisure": "park"}, "geometry": {"type": "LineString", "coordinates": [[72.6336039, 22.9845914], [72.6338615, 22.9844507], [72.6335444, 22.9839971], [72.6332924, 22.9841483], [72.6336039, 22.9845914]]}}, {"type": "Feature", "properties": {"osm_id": 924843967, "osm_type": "way", "name": "", "leisure": "park"}, "geometry": {"type": "LineString", "coordinates": [[72.632604, 22.9844084], [72.6327381, 22.9843912], [72.6326894, 22.9841382], [72.6325495, 22.9841554], [72.632604, 22.9844084]]}}, {"type": "Feature", "properties": {"osm_id": 1290938439, "osm_type": "way", "name": "Jadeshwar Van", "leisure": "park"}, "geometry": {"type": "LineString", "coordinates": [[72.6610771, 23.0108332], [72.661171, 23.0112208], [72.6613989, 23.0123613], [72.6614338, 23.0124379], [72.6618066, 23.0139512], [72.6621956, 23.0139784], [72.6633167, 23.0141586], [72.663483, 23.012939], [72.6635849, 23.0116898], [72.6636413, 23.0103838], [72.6631236, 23.0104702], [72.662787, 23.0104838], [72.6622868, 23.0105023], [72.661289, 23.0108109], [72.6610771, 23.0108332]]}}, {"type": "Feature", "properties": {"osm_id": 1290938442, "osm_type": "way", "name": "Vastral Lake Park", "leisure": "park"}, "geometry": {"type": "LineString", "coordinates": [[72.6669645, 22.9996478], [72.6671442, 22.9991331], [72.6670611, 22.9986541], [72.6678684, 22.9985109], [72.6682278, 22.9986565], [72.6688609, 22.9986368], [72.6691237, 22.9991861], [72.6694188, 22.9998478], [72.6684116, 23.0002157], [72.6684572, 23.0003219], [72.6679838, 23.0005268], [72.6678497, 23.0002453], [72.6669283, 23.0005898], [72.6668036, 23.0000812], [72.666699, 22.9996738], [72.6669645, 22.9996478]]}}, {"type": "Feature", "properties": {"osm_id": 1349775591, "osm_type": "way", "name": "Ratanpura garden", "leisure": "park"}, "geometry": {"type": "LineString", "coordinates": [[72.6568902, 22.994395], [72.6565871, 22.9927629], [72.6571561, 22.992661], [72.6578557, 22.9925357], [72.6579443, 22.9931184], [72.6580194, 22.9934641], [72.658191, 22.9938765], [72.6582661, 22.9941308], [72.6568902, 22.994395]]}}, {"type": "Feature", "properties": {"osm_id": 4486254293, "osm_type": "node", "name": "Samarpan Paltry Plots", "leisure": "park"}, "geometry": {"type": "Point", "coordinates": [72.5138775, 23.0279896]}}, {"type": "Feature", "properties": {"osm_id": 10750415884, "osm_type": "node", "name": "park", "leisure": "park"}, "geometry": {"type": "Point", "coordinates": [72.528048, 23.040704]}}, {"type": "Feature", "properties": {"osm_id": 11631472492, "osm_type": "node", "name": "kalrav villa", "leisure": "park"}, "geometry": {"type": "Point", "coordinates": [72.4449298, 23.0837381]}}, {"type": "Feature", "properties": {"osm_id": 12072205472, "osm_type": "node", "name": "Olivewoods Club House", "leisure": "park"}, "geometry": {"type": "Point", "coordinates": [72.4461408, 23.0609759]}}, {"type": "Feature", "properties": {"osm_id": 12165401782, "osm_type": "node", "name": "Iskcon Garden", "leisure": "park"}, "geometry": {"type": "Point", "coordinates": [72.5062996, 23.0287739]}}, {"type": "Feature", "properties": {"osm_id": 12253947237, "osm_type": "node", "name": "Dr. Parth Amin (ENT Specialist) Mediheal Hospital", "leisure": "park"}, "geometry": {"type": "Point", "coordinates": [72.5017605, 23.0797582]}}, {"type": "Feature", "properties": {"osm_id": 172152761, "osm_type": "way", "name": "Bhakt Kavi Narsinh Mehta Sarovar", "leisure": "park"}, "geometry": {"type": "LineString", "coordinates": [[72.529202, 23.0391065], [72.5296837, 23.0390386], [72.5298672, 23.0388918], [72.5299344, 23.0387882], [72.5299967, 23.0386923], [72.5301357, 23.0382179], [72.5302037, 23.0377113], [72.5300478, 23.0377225], [72.5300391, 23.0376201], [72.5295138, 23.0376122], [72.529467, 23.0375879], [72.529398, 23.037581], [72.5292868, 23.0375737], [72.5292318, 23.03757], [72.5289741, 23.0375577], [72.52849, 23.0376131], [72.5280159, 23.0377482], [72.5279416, 23.0377612], [72.5278839, 23.0378131], [72.5278203, 23.0378501], [72.5277579, 23.0378871], [72.5276987, 23.0379735], [72.5276055, 23.0383245], [72.5276196, 23.0388437], [72.5276291, 23.0389473], [72.5276989, 23.0391015], [72.5277445, 23.0391966], [72.5279287, 23.0390739], [72.5280006, 23.0390682], [72.5288899, 23.0390847], [72.5289146, 23.0394421], [72.5289483, 23.039441], [72.5290038, 23.0394458], [72.5289769, 23.0390966], [72.529202, 23.0391065]]}}, {"type": "Feature", "properties": {"osm_id": 172153337, "osm_type": "way", "name": "Law Garden", "leisure": "park"}, "geometry": {"type": "LineString", "coordinates": [[72.5597556, 23.0251093], [72.5597634, 23.0250508], [72.559814, 23.0249978], [72.5599292, 23.0249543], [72.5599483, 23.0249578], [72.5604207, 23.02528], [72.5611557, 23.0257739], [72.5616164, 23.0260227], [72.5619524, 23.0261577], [72.5621364, 23.026224], [72.5621564, 23.0263384], [72.5621339, 23.0264505], [72.5618963, 23.0267528], [72.5616531, 23.0270451], [72.5613364, 23.0274125], [72.5610225, 23.0277532], [72.5608214, 23.027926], [72.560765, 23.0279433], [72.5607087, 23.0279383], [72.5606634, 23.0279288], [72.5606256, 23.0278865], [72.5605507, 23.0277437], [72.5602849, 23.027262], [72.5601562, 23.0269559], [72.5599821, 23.0264551], [72.5598692, 23.0259759], [72.559797, 23.0255838], [72.5597556, 23.0251093]]}}, {"type": "Feature", "properties": {"osm_id": 172153457, "osm_type": "way", "name": "Lion Sharad Mehta Garden", "leisure": "park"}, "geometry": {"type": "LineString", "coordinates": [[72.5477414, 23.0458836], [72.5474186, 23.0440618], [72.5473783, 23.0440194], [72.5473166, 23.0440243], [72.5469464, 23.0442662], [72.5473032, 23.0459371], [72.5477414, 23.0458836]]}}, {"type": "Feature", "properties": {"osm_id": 219744447, "osm_type": "way", "name": "AUDA Garden", "leisure": "park"}, "geometry": {"type": "LineString", "coordinates": [[72.5259046, 23.0647678], [72.5264679, 23.0647999], [72.5265242, 23.0640695], [72.5259019, 23.064035], [72.5259046, 23.0647678]]}}, {"type": "Feature", "properties": {"osm_id": 229021483, "osm_type": "way", "name": "Bagban Party Plot", "amenity": "events_venue", "leisure": "park"}, "geometry": {"type": "LineString", "coordinates": [[72.4984346, 23.0506155], [72.4985339, 23.0513658], [72.4991079, 23.051277], [72.4990435, 23.0508895], [72.498904, 23.0505563], [72.4984346, 23.0506155]]}}, {"type": "Feature", "properties": {"osm_id": 294809276, "osm_type": "way", "name": "", "leisure": "park"}, "geometry": {"type": "LineString", "coordinates": [[72.558684, 23.0797433], [72.5587146, 23.0795776], [72.5587269, 23.0794176], [72.5592717, 23.0794531], [72.5592365, 23.0797828], [72.558684, 23.0797433]]}}, {"type": "Feature", "properties": {"osm_id": 317359485, "osm_type": "way", "name": "Bhikhbhai Garden", "leisure": "garden"}, "geometry": {"type": "LineString", "coordinates": [[72.572674, 23.0254354], [72.5730149, 23.0254952], [72.5730937, 23.0254681], [72.5731764, 23.0248257], [72.5734523, 23.0228732], [72.5732202, 23.0228546], [72.5727569, 23.0229329], [72.572715, 23.024022], [72.572674, 23.0254354]]}}, {"type": "Feature", "properties": {"osm_id": 334470472, "osm_type": "way", "name": "", "leisure": "park"}, "geometry": {"type": "LineString", "coordinates": [[72.5372597, 23.0471207], [72.5370031, 23.0472136], [72.5369812, 23.0471431], [72.5372512, 23.0470804], [72.5372597, 23.0471207]]}}, {"type": "Feature", "properties": {"osm_id": 334470475, "osm_type": "way", "name": "", "leisure": "garden"}, "geometry": {"type": "LineString", "coordinates": [[72.528435, 23.0484049], [72.5288971, 23.0482572], [72.529279, 23.0484787], [72.5291939, 23.0488995], [72.5290479, 23.0488861], [72.528902, 23.0488503], [72.5287804, 23.0487898], [72.5286101, 23.0486779], [72.5284763, 23.0485101], [72.528435, 23.0484049]]}}, {"type": "Feature", "properties": {"osm_id": 335743759, "osm_type": "way", "name": "Trikonya Garden", "leisure": "park"}, "geometry": {"type": "LineString", "coordinates": [[72.5490669, 23.0254601], [72.5495472, 23.0250673], [72.5497916, 23.0251038], [72.5499356, 23.0251553], [72.5499375, 23.0254896], [72.5499382, 23.0256254], [72.5499325, 23.0257051], [72.5498808, 23.0257175], [72.5490669, 23.0254601]]}}, {"type": "Feature", "properties": {"osm_id": 356210143, "osm_type": "way", "name": "VikramNagar Park", "leisure": "park"}, "geometry": {"type": "LineString", "coordinates": [[72.5005729, 23.0296244], [72.5008196, 23.0296269], [72.5008304, 23.0293257], [72.5005648, 23.0293158], [72.5005729, 23.0296244]]}}, {"type": "Feature", "properties": {"osm_id": 356712985, "osm_type": "way", "name": "VikramNagar Park", "leisure": "park"}, "geometry": {"type": "LineString", "coordinates": [[72.5029356, 23.0285004], [72.5029312, 23.028291], [72.5031676, 23.028289], [72.5031742, 23.0285045], [72.5029356, 23.0285004]]}}, {"type": "Feature", "properties": {"osm_id": 356715462, "osm_type": "way", "name": "VikramNagar Park", "leisure": "park"}, "geometry": {"type": "LineString", "coordinates": [[72.502845, 23.0302277], [72.5028397, 23.0300265], [72.503238, 23.0300216], [72.5032393, 23.0302338], [72.502845, 23.0302277]]}}, {"type": "Feature", "properties": {"osm_id": 356715616, "osm_type": "way", "name": "VikramNagar Nursery", "leisure": "park"}, "geometry": {"type": "LineString", "coordinates": [[72.5013113, 23.0309856], [72.5013113, 23.0302906], [72.5014612, 23.0301031], [72.5019527, 23.0300976], [72.5019407, 23.0309912], [72.5013113, 23.0309856]]}}, {"type": "Feature", "properties": {"osm_id": 362762675, "osm_type": "way", "name": "", "leisure": "park"}, "geometry": {"type": "LineString", "coordinates": [[72.5606906, 23.0345771], [72.5607697, 23.0345647], [72.5607376, 23.0343913], [72.5606585, 23.0344037], [72.5606906, 23.0345771]]}}, {"type": "Feature", "properties": {"osm_id": 364851723, "osm_type": "way", "name": "", "leisure": "park"}, "geometry": {"type": "LineString", "coordinates": [[72.4681164, 23.0257243], [72.4682216, 23.0257724], [72.468384, 23.0254717], [72.4682789, 23.0254236], [72.4681164, 23.0257243]]}}, {"type": "Feature", "properties": {"osm_id": 364876981, "osm_type": "way", "name": "", "leisure": "park"}, "geometry": {"type": "LineString", "coordinates": [[72.4665323, 23.0250266], [72.4665899, 23.0248609], [72.4668075, 23.0249249], [72.4667499, 23.0250906], [72.4665323, 23.0250266]]}}, {"type": "Feature", "properties": {"osm_id": 364876997, "osm_type": "way", "name": "", "leisure": "park"}, "geometry": {"type": "LineString", "coordinates": [[72.4688399, 23.0253396], [72.4689213, 23.0251995], [72.4691443, 23.0252809], [72.4690629, 23.0254243], [72.4688399, 23.0253396]]}}, {"type": "Feature", "properties": {"osm_id": 364876999, "osm_type": "way", "name": "", "leisure": "park"}, "geometry": {"type": "LineString", "coordinates": [[72.46854, 23.0262054], [72.4684707, 23.0261717], [72.4685175, 23.0260865], [72.468435, 23.026048], [72.4684547, 23.0259996], [72.4686051, 23.0260726], [72.46854, 23.0262054]]}}, {"type": "Feature", "properties": {"osm_id": 364893628, "osm_type": "way", "name": "", "leisure": "park"}, "geometry": {"type": "LineString", "coordinates": [[72.4697647, 23.0252676], [72.4699069, 23.0253031], [72.4699659, 23.0251179], [72.4698683, 23.0250824], [72.4697647, 23.0252676]]}}, {"type": "Feature", "properties": {"osm_id": 364902934, "osm_type": "way", "name": "", "leisure": "park"}, "geometry": {"type": "LineString", "coordinates": [[72.4679763, 23.0265902], [72.4680435, 23.0264534], [72.4682612, 23.0265576], [72.4682966, 23.0265902], [72.4683284, 23.0266179], [72.4683408, 23.0266521], [72.4683319, 23.0266863], [72.4683072, 23.0267107], [72.4682718, 23.0267253], [72.4682081, 23.0267188], [72.4679763, 23.0265902]]}}, {"type": "Feature", "properties": {"osm_id": 364915420, "osm_type": "way", "name": "", "leisure": "park", "building": "yes"}, "geometry": {"type": "LineString", "coordinates": [[72.4656469, 23.0260497], [72.4654721, 23.0264787], [72.4655653, 23.0265108], [72.46574, 23.0260819], [72.4656469, 23.0260497]]}}, {"type": "Feature", "properties": {"osm_id": 364915505, "osm_type": "way", "name": "", "leisure": "park"}, "geometry": {"type": "LineString", "coordinates": [[72.4654398, 23.0276232], [72.4655523, 23.0276785], [72.4656686, 23.027497], [72.4655484, 23.0274403], [72.4654398, 23.0276232]]}}, {"type": "Feature", "properties": {"osm_id": 364915552, "osm_type": "way", "name": "", "leisure": "park"}, "geometry": {"type": "LineString", "coordinates": [[72.4677091, 23.0264213], [72.4678067, 23.0264765], [72.4678728, 23.0263793], [72.4677721, 23.026325], [72.4677091, 23.0264213]]}}, {"type": "Feature", "properties": {"osm_id": 365045141, "osm_type": "way", "name": "", "leisure": "park", "building": "yes"}, "geometry": {"type": "LineString", "coordinates": [[72.4638617, 23.0261513], [72.4641879, 23.026279], [72.4642792, 23.0260814], [72.463953, 23.0259537], [72.4638617, 23.0261513]]}}, {"type": "Feature", "properties": {"osm_id": 365067964, "osm_type": "way", "name": "", "leisure": "park", "building": "yes"}, "geometry": {"type": "LineString", "coordinates": [[72.4647362, 23.0286581], [72.4652326, 23.0289724], [72.4654905, 23.0286274], [72.464994, 23.0283131], [72.4647362, 23.0286581]]}}, {"type": "Feature", "properties": {"osm_id": 365091504, "osm_type": "way", "name": "", "leisure": "park", "building": "yes"}, "geometry": {"type": "LineString", "coordinates": [[72.4534854, 23.0256235], [72.4537502, 23.0255964], [72.4537169, 23.0253204], [72.4534521, 23.0253475], [72.4534854, 23.0256235]]}}, {"type": "Feature", "properties": {"osm_id": 365091704, "osm_type": "way", "name": "", "leisure": "park", "building": "yes"}, "geometry": {"type": "LineString", "coordinates": [[72.4622523, 23.0314475], [72.4630886, 23.0317497], [72.4634334, 23.0309417], [72.4628866, 23.0307441], [72.4626931, 23.0311976], [72.4624036, 23.031093], [72.4622523, 23.0314475]]}}, {"type": "Feature", "properties": {"osm_id": 365457768, "osm_type": "way", "name": "", "leisure": "park", "building": "yes"}, "geometry": {"type": "LineString", "coordinates": [[72.4626865, 23.0345308], [72.4628381, 23.0345734], [72.462888, 23.0344229], [72.4627365, 23.0343803], [72.4626865, 23.0345308]]}}, {"type": "Feature", "properties": {"osm_id": 365464959, "osm_type": "way", "name": "", "leisure": "park", "building": "yes"}, "geometry": {"type": "LineString", "coordinates": [[72.4578256, 23.0283958], [72.4580421, 23.0284523], [72.4581399, 23.0281351], [72.4579234, 23.0280785], [72.4578256, 23.0283958]]}}, {"type": "Feature", "properties": {"osm_id": 365654797, "osm_type": "way", "name": "", "leisure": "park", "building": "yes"}, "geometry": {"type": "LineString", "coordinates": [[72.4589271, 23.0290782], [72.4594611, 23.0292355], [72.4595714, 23.0289182], [72.4590375, 23.0287609], [72.4589271, 23.0290782]]}}, {"type": "Feature", "properties": {"osm_id": 365654869, "osm_type": "way", "name": "", "leisure": "park", "building": "yes"}, "geometry": {"type": "LineString", "coordinates": [[72.4638116, 23.043187], [72.4638531, 23.0436358], [72.4639401, 23.0436289], [72.4639958, 23.0433613], [72.4639543, 23.0433398], [72.4639232, 23.0432777], [72.4639349, 23.0432136], [72.4638116, 23.043187]]}}, {"type": "Feature", "properties": {"osm_id": 365668161, "osm_type": "way", "name": "", "leisure": "park", "building": "yes"}, "geometry": {"type": "LineString", "coordinates": [[72.4720392, 23.0252121], [72.4720696, 23.0249711], [72.4718348, 23.0249461], [72.4718044, 23.025187], [72.4720392, 23.0252121]]}}, {"type": "Feature", "properties": {"osm_id": 366287871, "osm_type": "way", "name": "Sindhu Bhavan Park", "leisure": "park"}, "geometry": {"type": "LineString", "coordinates": [[72.5020556, 23.041302], [72.5010847, 23.0414908], [72.5011262, 23.0415562], [72.502301, 23.0418351], [72.5022233, 23.0416525], [72.5020556, 23.041302]]}}, {"type": "Feature", "properties": {"osm_id": 366293021, "osm_type": "way", "name": "", "leisure": "park", "building": "yes"}, "geometry": {"type": "LineString", "coordinates": [[72.5129175, 23.029495], [72.5131184, 23.029857], [72.5135631, 23.0296479], [72.5133623, 23.029286], [72.5129175, 23.029495]]}}, {"type": "Feature", "properties": {"osm_id": 366303534, "osm_type": "way", "name": "Ashvini Public Park", "leisure": "park"}, "geometry": {"type": "LineString", "coordinates": [[72.5195769, 23.0394981], [72.5199732, 23.0401343], [72.5201921, 23.0400017], [72.5202566, 23.0399687], [72.5198683, 23.0393479], [72.5195769, 23.0394981]]}}, {"type": "Feature", "properties": {"osm_id": 366303536, "osm_type": "way", "name": "Rohini Public Park", "leisure": "park"}, "geometry": {"type": "LineString", "coordinates": [[72.520137, 23.0390103], [72.5202701, 23.0392131], [72.5203337, 23.03931], [72.5208152, 23.0390423], [72.5206185, 23.0387426], [72.520137, 23.0390103]]}}, {"type": "Feature", "properties": {"osm_id": 366439753, "osm_type": "way", "name": "Chitra Public Park", "leisure": "park"}, "geometry": {"type": "LineString", "coordinates": [[72.521574, 23.0346857], [72.5217617, 23.0351788], [72.5218503, 23.0354176], [72.5220314, 23.0353657], [72.5219791, 23.0344994], [72.521574, 23.0346857]]}}, {"type": "Feature", "properties": {"osm_id": 366466098, "osm_type": "way", "name": "", "leisure": "park"}, "geometry": {"type": "LineString", "coordinates": [[72.5245883, 23.036894], [72.5248121, 23.0369396], [72.5248812, 23.0369537], [72.5247993, 23.0372944], [72.5245063, 23.0372347], [72.5245883, 23.036894]]}}, {"type": "Feature", "properties": {"osm_id": 366615033, "osm_type": "way", "name": "", "leisure": "park", "natural": "grassland"}, "geometry": {"type": "LineString", "coordinates": [[72.515596, 23.0335833], [72.515671, 23.0337138], [72.51578, 23.0336607], [72.5157049, 23.0335302], [72.515596, 23.0335833]]}}, {"type": "Feature", "properties": {"osm_id": 366615087, "osm_type": "way", "name": "Sandipani Park", "leisure": "park"}, "geometry": {"type": "LineString", "coordinates": [[72.517013, 23.0332183], [72.5167275, 23.0332134], [72.5165699, 23.0331796], [72.5168721, 23.0337292], [72.5166428, 23.0338378], [72.5167179, 23.0339637], [72.5167327, 23.0341118], [72.5168145, 23.0341377], [72.5169244, 23.0340834], [72.5170411, 23.0339798], [72.517139, 23.0339069], [72.5173496, 23.0338181], [72.517353, 23.0333095], [72.5173535, 23.0332356], [72.5172637, 23.0332164], [72.517013, 23.0332183]]}}, {"type": "Feature", "properties": {"osm_id": 366769533, "osm_type": "way", "name": "", "leisure": "park", "building": "yes"}, "geometry": {"type": "LineString", "coordinates": [[72.5306147, 23.0279183], [72.5308843, 23.0284], [72.5311453, 23.0282763], [72.5308757, 23.0277946], [72.5306147, 23.0279183]]}}, {"type": "Feature", "properties": {"osm_id": 366811075, "osm_type": "way", "name": "", "leisure": "park"}, "geometry": {"type": "LineString", "coordinates": [[72.5278114, 23.0350546], [72.5281039, 23.0350538], [72.5281508, 23.0350536], [72.5281515, 23.0352466], [72.5281211, 23.0352467], [72.5281215, 23.0353647], [72.5278124, 23.0353656], [72.5278114, 23.0350546]]}}, {"type": "Feature", "properties": {"osm_id": 366811127, "osm_type": "way", "name": "", "leisure": "park"}, "geometry": {"type": "LineString", "coordinates": [[72.5292908, 23.0342273], [72.5299865, 23.0341399], [72.5300344, 23.0344629], [72.529763, 23.034497], [72.5293386, 23.0345503], [72.5292908, 23.0342273]]}}, {"type": "Feature", "properties": {"osm_id": 366818501, "osm_type": "way", "name": "", "leisure": "park", "building": "yes"}, "geometry": {"type": "LineString", "coordinates": [[72.4841133, 23.0585143], [72.4842773, 23.0584492], [72.4840774, 23.0580227], [72.4839135, 23.0580877], [72.4841133, 23.0585143]]}}, {"type": "Feature", "properties": {"osm_id": 367198369, "osm_type": "way", "name": "", "leisure": "park", "building": "office"}, "geometry": {"type": "LineString", "coordinates": [[72.5322979, 23.0448234], [72.5326762, 23.0448234], [72.5326762, 23.0443457], [72.5322979, 23.0443457], [72.5322979, 23.0448234]]}}, {"type": "Feature", "properties": {"osm_id": 367198484, "osm_type": "way", "name": "", "leisure": "park", "building": "yes"}, "geometry": {"type": "LineString", "coordinates": [[72.5249407, 23.0453974], [72.5253745, 23.0452109], [72.5252546, 23.0449747], [72.5248208, 23.0451611], [72.524855, 23.0452285], [72.5249164, 23.0452021], [72.5249724, 23.0453124], [72.524911, 23.0453388], [72.5249407, 23.0453974]]}}, {"type": "Feature", "properties": {"osm_id": 367551884, "osm_type": "way", "name": "", "leisure": "park"}, "geometry": {"type": "LineString", "coordinates": [[72.5115904, 23.0569911], [72.5124691, 23.0573255], [72.5124834, 23.0568963], [72.5123332, 23.0562489], [72.5118639, 23.0562805], [72.511888, 23.0567751], [72.5115904, 23.0569911]]}}, {"type": "Feature", "properties": {"osm_id": 367756277, "osm_type": "way", "name": "JBR Residency Garden", "leisure": "park"}, "geometry": {"type": "LineString", "coordinates": [[72.5110658, 23.0739674], [72.511414, 23.0738125], [72.5113744, 23.0737373], [72.5110262, 23.0738922], [72.5110658, 23.0739674]]}}, {"type": "Feature", "properties": {"osm_id": 367971770, "osm_type": "way", "name": "", "leisure": "park", "building": "yes"}, "geometry": {"type": "LineString", "coordinates": [[72.4875838, 23.0265423], [72.4881974, 23.0267476], [72.4883579, 23.0263413], [72.4883152, 23.026327], [72.4882852, 23.0264028], [72.4881301, 23.0263509], [72.4881601, 23.0262751], [72.4877443, 23.026136], [72.4875838, 23.0265423]]}}, {"type": "Feature", "properties": {"osm_id": 369050491, "osm_type": "way", "name": "green gujrat nursery", "leisure": "garden"}, "geometry": {"type": "LineString", "coordinates": [[72.523483, 23.0542901], [72.5235702, 23.054253], [72.5235176, 23.0541482], [72.5234303, 23.0541853], [72.523483, 23.0542901]]}}, {"type": "Feature", "properties": {"osm_id": 369655295, "osm_type": "way", "name": "divya farm nursery", "leisure": "garden"}, "geometry": {"type": "LineString", "coordinates": [[72.5293571, 23.057871], [72.5294903, 23.0578661], [72.5294863, 23.0577753], [72.5293531, 23.0577802], [72.5293571, 23.057871]]}}, {"type": "Feature", "properties": {"osm_id": 374261182, "osm_type": "way", "name": "North Lawns", "leisure": "garden"}, "geometry": {"type": "LineString", "coordinates": [[72.5497556, 23.0383639], [72.5497612, 23.0384106], [72.5497782, 23.0384443], [72.5497782, 23.0384469], [72.5498345, 23.0384754], [72.5498768, 23.0384728], [72.549905, 23.0384625], [72.5499332, 23.0384651], [72.5500009, 23.038504], [72.550046, 23.0385221], [72.5500967, 23.0385507], [72.5501249, 23.0385818], [72.5501677, 23.038573], [72.5502079, 23.0385778], [72.5502229, 23.0385573], [72.5502457, 23.0384944], [72.5502565, 23.0384499], [72.5502587, 23.0384158], [72.5502462, 23.0383893], [72.5502203, 23.038349], [72.5502017, 23.0383397], [72.5501673, 23.0383332], [72.5501114, 23.0383239], [72.5500655, 23.0383292], [72.5499767, 23.0383213], [72.5499408, 23.0383081], [72.5499036, 23.0382883], [72.5498792, 23.038283], [72.5498563, 23.0382751], [72.5498334, 23.0382778], [72.5498162, 23.038287], [72.5497703, 23.0383147], [72.5497556, 23.0383639]]}}, {"type": "Feature", "properties": {"osm_id": 381421363, "osm_type": "way", "name": "Usmanpura Garden", "leisure": "park"}, "geometry": {"type": "LineString", "coordinates": [[72.568074, 23.0479227], [72.5679569, 23.047883], [72.5678306, 23.0478405], [72.5676981, 23.0477753], [72.5676334, 23.0477016], [72.5676088, 23.0476364], [72.5677567, 23.0474804], [72.567997, 23.0472026], [72.5682373, 23.0470438], [72.5682928, 23.0470183], [72.5683759, 23.0469956], [72.5684499, 23.0469871], [72.5693742, 23.047092], [72.5695005, 23.047109], [72.5694666, 23.0476789], [72.5693157, 23.0476789], [72.5691277, 23.0476902], [72.5690106, 23.0477101], [72.5688843, 23.0477299], [72.5687272, 23.0477639], [72.5686101, 23.0477923], [72.5684869, 23.0478263], [72.5684068, 23.0478462], [72.5684129, 23.0479], [72.568339, 23.0479992], [72.568074, 23.0479227]]}}, {"type": "Feature", "properties": {"osm_id": 451817621, "osm_type": "way", "name": "", "leisure": "park"}, "geometry": {"type": "LineString", "coordinates": [[72.539581, 23.0437869], [72.5398278, 23.0441695], [72.5402489, 23.0439449], [72.5402382, 23.0438931], [72.5402838, 23.043856], [72.5402409, 23.0438092], [72.5401577, 23.0437672], [72.5400907, 23.0437104], [72.5401068, 23.0436314], [72.5400772, 23.0435747], [72.5400102, 23.0435771], [72.5399861, 23.0435426], [72.539581, 23.0437869]]}}, {"type": "Feature", "properties": {"osm_id": 451817622, "osm_type": "way", "name": "", "leisure": "park"}, "geometry": {"type": "LineString", "coordinates": [[72.5401394, 23.0428576], [72.5399589, 23.0429358], [72.5403659, 23.0434829], [72.5405144, 23.0433983], [72.5401394, 23.0428576]]}}, {"type": "Feature", "properties": {"osm_id": 451817623, "osm_type": "way", "name": "", "leisure": "park"}, "geometry": {"type": "LineString", "coordinates": [[72.5405959, 23.0435644], [72.5404508, 23.0436523], [72.5408083, 23.0441994], [72.5408755, 23.0443623], [72.5411021, 23.0442353], [72.5406278, 23.0435481], [72.5405959, 23.0435644]]}}, {"type": "Feature", "properties": {"osm_id": 451817625, "osm_type": "way", "name": "", "leisure": "park"}, "geometry": {"type": "LineString", "coordinates": [[72.5382742, 23.0421053], [72.5388299, 23.0430237], [72.5389962, 23.0431117], [72.5400155, 23.0426134], [72.539205, 23.0415614], [72.5382742, 23.0421053]]}}, {"type": "Feature", "properties": {"osm_id": 462146716, "osm_type": "way", "name": "Municipal Garden", "leisure": "park"}, "geometry": {"type": "LineString", "coordinates": [[72.5672199, 23.0792163], [72.5678844, 23.0790757], [72.5677118, 23.0787095], [72.5671182, 23.0787395], [72.5672199, 23.0792163]]}}, {"type": "Feature", "properties": {"osm_id": 462300706, "osm_type": "way", "name": "Senior Citizen Park-AMC", "leisure": "park"}, "geometry": {"type": "LineString", "coordinates": [[72.5667016, 23.0817551], [72.5671052, 23.0816785], [72.5670467, 23.0813781], [72.5670221, 23.0813612], [72.5669953, 23.0813709], [72.5667016, 23.0817551]]}}, {"type": "Feature", "properties": {"osm_id": 462303087, "osm_type": "way", "name": "AMC-Garden", "leisure": "park"}, "geometry": {"type": "LineString", "coordinates": [[72.5621762, 23.0826201], [72.5622625, 23.0821652], [72.5624874, 23.082185], [72.5624397, 23.0825081], [72.5622486, 23.0824784], [72.5622194, 23.0826357], [72.5621762, 23.0826201]]}}, {"type": "Feature", "properties": {"osm_id": 462303433, "osm_type": "way", "name": "AMC- Garden", "leisure": "park"}, "geometry": {"type": "LineString", "coordinates": [[72.5632016, 23.081236], [72.5636015, 23.0812929], [72.5637112, 23.0806763], [72.5636847, 23.080629], [72.5636582, 23.0806136], [72.5633436, 23.0805449], [72.5632016, 23.081236]]}}, {"type": "Feature", "properties": {"osm_id": 486964180, "osm_type": "way", "name": "", "leisure": "park"}, "geometry": {"type": "LineString", "coordinates": [[72.5146513, 23.0555655], [72.5146299, 23.0552656], [72.5154493, 23.0553224], [72.5154399, 23.05541], [72.5153769, 23.0554211], [72.5148418, 23.0555297], [72.5146513, 23.0555655]]}}, {"type": "Feature", "properties": {"osm_id": 487820108, "osm_type": "way", "name": "Gotila Garden Talav", "leisure": "park"}, "geometry": {"type": "LineString", "coordinates": [[72.4934886, 23.0411403], [72.4936529, 23.0411223], [72.4939965, 23.0410891], [72.4944254, 23.0410514], [72.4943228, 23.0402375], [72.4952213, 23.0401333], [72.4952173, 23.0400654], [72.4959388, 23.0400234], [72.4970882, 23.0406726], [72.4968504, 23.0403105], [72.4965333, 23.0398275], [72.4965128, 23.0397963], [72.4952032, 23.0398957], [72.4950787, 23.0386381], [72.4950185, 23.0386447], [72.4930999, 23.0388447], [72.4931221, 23.0389758], [72.4932777, 23.0398927], [72.4934886, 23.0411403]]}}, {"type": "Feature", "properties": {"osm_id": 530527764, "osm_type": "way", "name": "Energy Park", "leisure": "park"}, "geometry": {"type": "LineString", "coordinates": [[72.4940666, 23.0810923], [72.494638, 23.0812127], [72.4950214, 23.0808308], [72.4948592, 23.0803224], [72.4943281, 23.0802015], [72.4939083, 23.0805926], [72.4940666, 23.0810923]]}}, {"type": "Feature", "properties": {"osm_id": 530527770, "osm_type": "way", "name": "Life Science Park", "leisure": "park"}, "geometry": {"type": "LineString", "coordinates": [[72.4943927, 23.0799859], [72.4949573, 23.080113], [72.4953475, 23.0797244], [72.4951853, 23.0792161], [72.4946542, 23.0790951], [72.4942344, 23.0794863], [72.4943927, 23.0799859]]}}, {"type": "Feature", "properties": {"osm_id": 538916426, "osm_type": "way", "name": "Botanical Garden", "leisure": "park"}, "geometry": {"type": "LineString", "coordinates": [[72.5484184, 23.1294556], [72.5484613, 23.1297245], [72.5481261, 23.129722], [72.5481207, 23.1293125], [72.5483245, 23.1293125], [72.5484184, 23.1294556]]}}, {"type": "Feature", "properties": {"osm_id": 545645100, "osm_type": "way", "name": "", "leisure": "garden"}, "geometry": {"type": "LineString", "coordinates": [[72.5001121, 23.148421], [72.5000901, 23.1484006], [72.5000622, 23.1483875], [72.5000314, 23.148383], [72.5000005, 23.1483874], [72.4999726, 23.1484004], [72.4999504, 23.1484207], [72.4999362, 23.1484463], [72.4999312, 23.1484747], [72.4999371, 23.1485061], [72.4999544, 23.1485338], [72.499981, 23.1485544], [72.5000136, 23.1485653], [72.5000483, 23.1485654], [72.5000809, 23.1485546], [72.5001076, 23.1485341], [72.500125, 23.1485065], [72.5001311, 23.1484751], [72.5001263, 23.1484467], [72.5001121, 23.148421]]}}, {"type": "Feature", "properties": {"osm_id": 545653848, "osm_type": "way", "name": "", "leisure": "garden"}, "geometry": {"type": "LineString", "coordinates": [[72.4977562, 23.1487968], [72.4985532, 23.1488386], [72.4985774, 23.1484467], [72.4977804, 23.1484049], [72.4977562, 23.1487968]]}}, {"type": "Feature", "properties": {"osm_id": 547563025, "osm_type": "way", "name": "High Court Garden", "leisure": "garden"}, "geometry": {"type": "LineString", "coordinates": [[72.5252303, 23.0788388], [72.5253763, 23.0793282], [72.5245621, 23.0795337], [72.5244162, 23.0790443], [72.5252303, 23.0788388]]}}, {"type": "Feature", "properties": {"osm_id": 547563026, "osm_type": "way", "name": "High Court Garden", "leisure": "garden"}, "geometry": {"type": "LineString", "coordinates": [[72.5257242, 23.0805438], [72.5258557, 23.0809777], [72.5250385, 23.0811874], [72.5249069, 23.0807536], [72.5257242, 23.0805438]]}}, {"type": "Feature", "properties": {"osm_id": 547563027, "osm_type": "way", "name": "High Court Garden", "leisure": "garden"}, "geometry": {"type": "LineString", "coordinates": [[72.5245813, 23.0796517], [72.5253933, 23.0794394], [72.5256893, 23.0803976], [72.5248773, 23.0806099], [72.5245813, 23.0796517]]}}, {"type": "Feature", "properties": {"osm_id": 547563030, "osm_type": "way", "name": "High Court Garden", "leisure": "garden"}, "geometry": {"type": "LineString", "coordinates": [[72.525503, 23.079395], [72.5257788, 23.0803636], [72.526085, 23.0802898], [72.525806, 23.0793223], [72.525503, 23.079395]]}}, {"type": "Feature", "properties": {"osm_id": 547568630, "osm_type": "way", "name": "", "leisure": "garden"}, "geometry": {"type": "LineString", "coordinates": [[72.5237709, 23.0806009], [72.5242084, 23.0804879], [72.5240812, 23.0800714], [72.5236437, 23.0801844], [72.5237709, 23.0806009]]}}, {"type": "Feature", "properties": {"osm_id": 547574336, "osm_type": "way", "name": "", "leisure": "garden"}, "geometry": {"type": "LineString", "coordinates": [[72.5241228, 23.0778885], [72.5251278, 23.0775201], [72.5251579, 23.0775089], [72.5251885, 23.0775126], [72.5252111, 23.0775227], [72.525243, 23.0775383], [72.5253572, 23.0779794], [72.5253487, 23.0779983], [72.5253447, 23.078018], [72.5253215, 23.0780355], [72.5252874, 23.078036], [72.5242131, 23.0782172], [72.5242189, 23.0781988], [72.5242299, 23.0781738], [72.5242365, 23.0781499], [72.5242403, 23.0781286], [72.5242449, 23.0781073], [72.5242432, 23.0780743], [72.5242432, 23.0780515], [72.5242345, 23.0780275], [72.524227, 23.0780031], [72.5242062, 23.0779653], [72.5241796, 23.0779366], [72.5241455, 23.0779084], [72.5241228, 23.0778885]]}}, {"type": "Feature", "properties": {"osm_id": 547574337, "osm_type": "way", "name": "", "leisure": "garden"}, "geometry": {"type": "LineString", "coordinates": [[72.5239729, 23.0777014], [72.5240262, 23.0778365], [72.5240178, 23.0778493], [72.5237392, 23.0777484], [72.5239729, 23.0777014]]}}, {"type": "Feature", "properties": {"osm_id": 547574344, "osm_type": "way", "name": "", "leisure": "garden"}, "geometry": {"type": "LineString", "coordinates": [[72.5242158, 23.0784748], [72.5241707, 23.0783014], [72.5241371, 23.0783079], [72.5241099, 23.0783265], [72.5240714, 23.0783571], [72.5240521, 23.0783861], [72.5240468, 23.0784184], [72.524053, 23.078453], [72.5240626, 23.0784885], [72.5240766, 23.0785103], [72.5242158, 23.0784748]]}}, {"type": "Feature", "properties": {"osm_id": 547574352, "osm_type": "way", "name": "", "leisure": "garden"}, "geometry": {"type": "LineString", "coordinates": [[72.5220773, 23.078217], [72.5221517, 23.0784663], [72.5223523, 23.0787291], [72.5225783, 23.0786863], [72.5227378, 23.0786589], [72.5228911, 23.0786252], [72.5230208, 23.0785761], [72.5232268, 23.0784824], [72.5232076, 23.0784596], [72.5231983, 23.0783958], [72.5231765, 23.0783131], [72.5231488, 23.0782363], [72.5231133, 23.0781596], [72.5231053, 23.0781133], [72.5228203, 23.0781426], [72.5223102, 23.0781872], [72.5220997, 23.0782056], [72.5220773, 23.078217]]}}, {"type": "Feature", "properties": {"osm_id": 547574353, "osm_type": "way", "name": "", "leisure": "garden"}, "geometry": {"type": "LineString", "coordinates": [[72.5222965, 23.0777761], [72.5223763, 23.078074], [72.5227256, 23.07804], [72.5229071, 23.0780336], [72.5230702, 23.0780165], [72.5231673, 23.0779836], [72.523261, 23.0779336], [72.5233396, 23.0778655], [72.5233547, 23.0778102], [72.5229557, 23.0778176], [72.5228574, 23.0777772], [72.5227811, 23.0777538], [72.5227024, 23.0777463], [72.522581, 23.0777463], [72.5222965, 23.0777761]]}}, {"type": "Feature", "properties": {"osm_id": 547576299, "osm_type": "way", "name": "", "leisure": "garden"}, "geometry": {"type": "LineString", "coordinates": [[72.5226639, 23.0813042], [72.5224939, 23.0801222], [72.5229373, 23.0800254], [72.5231968, 23.0811671], [72.5226639, 23.0813042]]}}, {"type": "Feature", "properties": {"osm_id": 547590911, "osm_type": "way", "name": "", "leisure": "garden"}, "geometry": {"type": "LineString", "coordinates": [[72.5454663, 23.1474429], [72.5455675, 23.1474426], [72.5456626, 23.1474104], [72.5457399, 23.1473503], [72.5457903, 23.1472695], [72.5458075, 23.1471778], [72.5457896, 23.1470861], [72.5457386, 23.1470056], [72.5456696, 23.1469508], [72.5455855, 23.1469183], [72.5454945, 23.1469113], [72.5454057, 23.1469304], [72.5453277, 23.1469739], [72.5452681, 23.1470374], [72.5452327, 23.1471147], [72.5452251, 23.1471983], [72.5452459, 23.14728], [72.5452932, 23.1473518], [72.545371, 23.1474114], [72.5454663, 23.1474429]]}}, {"type": "Feature", "properties": {"osm_id": 550883368, "osm_type": "way", "name": "AMC Mahila Udyan", "leisure": "park"}, "geometry": {"type": "LineString", "coordinates": [[72.5056646, 23.0329194], [72.5056287, 23.0328585], [72.505518, 23.0326135], [72.505454, 23.0324556], [72.5054089, 23.0323297], [72.5053487, 23.0321999], [72.5052895, 23.0320543], [72.5051509, 23.031707], [72.5051923, 23.0315731], [72.5052812, 23.0314729], [72.5054612, 23.0312552], [72.5055533, 23.0311583], [72.5056653, 23.031084], [72.5058471, 23.0311887], [72.5065222, 23.031529], [72.5066846, 23.0316109], [72.5068752, 23.031707], [72.5069762, 23.0317874], [72.5069605, 23.0319435], [72.5069513, 23.0320441], [72.5069159, 23.0323372], [72.5068416, 23.0325945], [72.5067549, 23.0327053], [72.5061252, 23.0327164], [72.5061176, 23.0329528], [72.5060138, 23.0329477], [72.5058895, 23.0329426], [72.5058082, 23.0329458], [72.505732, 23.0329519], [72.5056646, 23.0329194]]}}, {"type": "Feature", "properties": {"osm_id": 553677194, "osm_type": "way", "name": "Ecology Park", "leisure": "park"}, "geometry": {"type": "LineString", "coordinates": [[72.4536933, 23.0460983], [72.4541977, 23.0463418], [72.4552591, 23.0465943], [72.4552989, 23.0464166], [72.4554321, 23.0458084], [72.4545791, 23.0456656], [72.4545507, 23.0456608], [72.4544005, 23.0456357], [72.4542109, 23.045767], [72.4541799, 23.0457885], [72.4541525, 23.0458055], [72.4538815, 23.0459827], [72.4536933, 23.0460983]]}}, {"type": "Feature", "properties": {"osm_id": 555931904, "osm_type": "way", "name": "riverfront garden", "leisure": "park"}, "geometry": {"type": "LineString", "coordinates": [[72.5721538, 23.0406824], [72.57173, 23.0407096], [72.5717702, 23.0416895], [72.5719151, 23.0425237], [72.5722879, 23.0435628], [72.5727332, 23.0450043], [72.5730282, 23.0458533], [72.5731248, 23.0458311], [72.5729075, 23.0449142], [72.5728552, 23.044539], [72.5727171, 23.0438097], [72.5724958, 23.0429421], [72.5724556, 23.0428668], [72.5723657, 23.0423559], [72.5723375, 23.0418832], [72.5722276, 23.0408898], [72.5721538, 23.0406824]]}}, {"type": "Feature", "properties": {"osm_id": 557551584, "osm_type": "way", "name": "Shree Maharshi Arvind Garden", "leisure": "park"}, "geometry": {"type": "LineString", "coordinates": [[72.5549122, 23.0559786], [72.555674, 23.056719], [72.556543, 23.0561957], [72.5558886, 23.0553961], [72.5549122, 23.0559786]]}}, {"type": "Feature", "properties": {"osm_id": 557551890, "osm_type": "way", "name": "AUDA garden", "leisure": "park"}, "geometry": {"type": "LineString", "coordinates": [[72.5315448, 23.0430198], [72.5315787, 23.0427079], [72.5321083, 23.0425756], [72.5320162, 23.0431105], [72.5315448, 23.0430198]]}}, {"type": "Feature", "properties": {"osm_id": 557552211, "osm_type": "way", "name": "Uday park", "leisure": "park"}, "geometry": {"type": "LineString", "coordinates": [[72.5282, 23.0413709], [72.5278339, 23.0405697], [72.527776, 23.0404646], [72.5279158, 23.0403479], [72.5282581, 23.0404414], [72.5282223, 23.0405655], [72.5285059, 23.0406421], [72.5293782, 23.0408251], [72.5293399, 23.0408622], [72.5289705, 23.0410591], [72.5282, 23.0413709]]}}, {"type": "Feature", "properties": {"osm_id": 557554100, "osm_type": "way", "name": "vikram park", "leisure": "park"}, "geometry": {"type": "LineString", "coordinates": [[72.5075106, 23.0421332], [72.508498, 23.0417515], [72.5087217, 23.0421812], [72.5091726, 23.0419881], [72.5095491, 23.0428056], [72.5090921, 23.0430094], [72.5092198, 23.0432758], [72.50929, 23.0432473], [72.5094582, 23.0435983], [72.5084155, 23.0440214], [72.5075106, 23.0421332]]}}, {"type": "Feature", "properties": {"osm_id": 557555958, "osm_type": "way", "name": "Ishwarbhai patel garden", "leisure": "park"}, "geometry": {"type": "LineString", "coordinates": [[72.5722552, 23.0719007], [72.5716948, 23.0719673], [72.5717812, 23.0724808], [72.5723627, 23.0724142], [72.5722552, 23.0719007]]}}, {"type": "Feature", "properties": {"osm_id": 557556742, "osm_type": "way", "name": "Vande mataram park", "leisure": "park"}, "geometry": {"type": "LineString", "coordinates": [[72.5693433, 23.0652732], [72.5693809, 23.0648882], [72.5696652, 23.0648635], [72.5696759, 23.0646118], [72.5687962, 23.0646365], [72.5687377, 23.0651696], [72.5693433, 23.0652732]]}}, {"type": "Feature", "properties": {"osm_id": 557557775, "osm_type": "way", "name": "municipal park", "leisure": "park"}, "geometry": {"type": "LineString", "coordinates": [[72.5618099, 23.0544113], [72.5623839, 23.0544903], [72.5625124, 23.0540699], [72.5625288, 23.0540164], [72.5618904, 23.0539177], [72.5618836, 23.0539597], [72.561865, 23.0540736], [72.5616366, 23.0540752], [72.5618099, 23.0544113]]}}, {"type": "Feature", "properties": {"osm_id": 557558188, "osm_type": "way", "name": "Prahladbhai Patel Joggers Park", "leisure": "park"}, "geometry": {"type": "LineString", "coordinates": [[72.5549056, 23.0438714], [72.5547961, 23.0438842], [72.5543021, 23.0439418], [72.5538569, 23.0438826], [72.5539749, 23.0433248], [72.5544094, 23.0431816], [72.5548231, 23.0430995], [72.5548884, 23.0434888], [72.5549056, 23.0438714]]}}, {"type": "Feature", "properties": {"osm_id": 573008946, "osm_type": "way", "name": "Aussizz Group Imigration Agent", "leisure": "park"}, "geometry": {"type": "LineString", "coordinates": [[72.5716012, 23.0485388], [72.5716701, 23.0485356], [72.5717133, 23.0485141], [72.571711, 23.0484572], [72.5717075, 23.0484046], [72.5716596, 23.0483938], [72.5715826, 23.0484056], [72.5716012, 23.0485388]]}}, {"type": "Feature", "properties": {"osm_id": 587525868, "osm_type": "way", "name": "Pandav Park", "leisure": "garden"}, "geometry": {"type": "LineString", "coordinates": [[72.535687, 23.0697141], [72.5358803, 23.0693289], [72.5359481, 23.0693559], [72.5359865, 23.0692951], [72.5361724, 23.0693839], [72.5360308, 23.0696992], [72.5359687, 23.0698471], [72.535687, 23.0697141]]}}, {"type": "Feature", "properties": {"osm_id": 609295799, "osm_type": "way", "name": "", "leisure": "park"}, "geometry": {"type": "LineString", "coordinates": [[72.5253144, 23.061725], [72.5251977, 23.0615054], [72.5256322, 23.0613376], [72.5257355, 23.0615572], [72.5253144, 23.061725]]}}, {"type": "Feature", "properties": {"osm_id": 663417687, "osm_type": "way", "name": "Auda Gardern", "leisure": "garden"}, "geometry": {"type": "LineString", "coordinates": [[72.5122435, 23.034974], [72.5119971, 23.0344699], [72.5124477, 23.0342313], [72.512738, 23.0347544], [72.5122435, 23.034974]]}}, {"type": "Feature", "properties": {"osm_id": 697604272, "osm_type": "way", "name": "", "leisure": "garden"}, "geometry": {"type": "LineString", "coordinates": [[72.4765661, 23.0310327], [72.476658, 23.031029], [72.4767373, 23.0309672], [72.4767698, 23.0308466], [72.4767307, 23.0307265], [72.4766687, 23.030606], [72.4766156, 23.0305702], [72.4765661, 23.030549], [72.4764988, 23.0305408], [72.4764538, 23.0305519], [72.476398, 23.0305881], [72.4763732, 23.0306516], [72.4763803, 23.030733], [72.4763944, 23.0307982], [72.476421, 23.0308812], [72.4764723, 23.0309626], [72.4765218, 23.0310115], [72.4765661, 23.0310327]]}}, {"type": "Feature", "properties": {"osm_id": 763971900, "osm_type": "way", "name": "Pragatinagar Garden", "leisure": "park"}, "geometry": {"type": "LineString", "coordinates": [[72.5556887, 23.0642659], [72.5558089, 23.0643396], [72.5566588, 23.0648603], [72.5567878, 23.0649394], [72.5570583, 23.0645063], [72.5569685, 23.0644532], [72.5571388, 23.0642274], [72.5571517, 23.0642036], [72.5561583, 23.0636164], [72.5559343, 23.0639254], [72.5556887, 23.0642659]]}}, {"type": "Feature", "properties": {"osm_id": 787864234, "osm_type": "way", "name": "Sardar Patel Garden", "leisure": "park"}, "geometry": {"type": "LineString", "coordinates": [[72.5156461, 23.0684954], [72.5156919, 23.0682385], [72.515724, 23.0680876], [72.515752, 23.067947], [72.5156497, 23.0679668], [72.5139612, 23.0682922], [72.5140743, 23.0688069], [72.5149203, 23.0686393], [72.5150965, 23.0686043], [72.5156461, 23.0684954]]}}, {"type": "Feature", "properties": {"osm_id": 788861697, "osm_type": "way", "name": "childrens park", "leisure": "park"}, "geometry": {"type": "LineString", "coordinates": [[72.5242771, 23.0300941], [72.5242001, 23.0299665], [72.524123, 23.0298276], [72.5242586, 23.0297539], [72.5244188, 23.0300544], [72.524351, 23.0300828], [72.5242771, 23.0300941]]}}, {"type": "Feature", "properties": {"osm_id": 793320580, "osm_type": "way", "name": "Sundarvan", "leisure": "park"}, "geometry": {"type": "LineString", "coordinates": [[72.5212416, 23.0275579], [72.521503, 23.0274336], [72.5217834, 23.0273003], [72.5218249, 23.0272889], [72.521436, 23.0266384], [72.5216023, 23.0264607], [72.5214793, 23.0255228], [72.5210336, 23.0255685], [72.5209712, 23.0256298], [72.5209928, 23.0258161], [72.5207694, 23.0260042], [72.5204962, 23.0261785], [72.5204748, 23.0261919], [72.5203724, 23.026256], [72.5203028, 23.0263543], [72.520506, 23.0266341], [72.5211133, 23.027268], [72.5212416, 23.0275579]]}}, {"type": "Feature", "properties": {"osm_id": 1006174677, "osm_type": "way", "name": "AUDA garden, Gota", "leisure": "park"}, "geometry": {"type": "LineString", "coordinates": [[72.5397443, 23.1014722], [72.5398879, 23.1014408], [72.5404235, 23.1013234], [72.5404115, 23.101277], [72.5400915, 23.1000422], [72.5400737, 23.0999736], [72.5390129, 23.1002061], [72.5391165, 23.1006059], [72.5394982, 23.1005222], [72.5397443, 23.1014722]]}}, {"type": "Feature", "properties": {"osm_id": 1006791518, "osm_type": "way", "name": "AMC Symphony Forest Park", "leisure": "garden"}, "geometry": {"type": "LineString", "coordinates": [[72.5110925, 23.0439955], [72.5112088, 23.0442203], [72.5113977, 23.0446057], [72.5116767, 23.044634], [72.5117907, 23.0447908], [72.5117692, 23.0448364], [72.511548, 23.0449105], [72.5116115, 23.045032], [72.5117292, 23.0452693], [72.5123314, 23.0448826], [72.5122442, 23.044542], [72.5117881, 23.0436943], [72.5110925, 23.0439955]]}}, {"type": "Feature", "properties": {"osm_id": 1018475012, "osm_type": "way", "name": "Orchard Building park", "leisure": "park"}, "geometry": {"type": "LineString", "coordinates": [[72.5540268, 23.115003], [72.5540166, 23.1148082], [72.5539949, 23.1145958], [72.5539439, 23.114536], [72.5538877, 23.1145559], [72.5538329, 23.1146909], [72.5538112, 23.1148681], [72.5538227, 23.114908], [72.5537716, 23.114942], [72.5537704, 23.1150206], [72.5537755, 23.1152271], [72.5537908, 23.1153586], [72.5538125, 23.1154653], [72.553861, 23.1155921], [72.553912, 23.1157036], [72.5539554, 23.1157963], [72.5540217, 23.1158819], [72.5540791, 23.1158749], [72.5540268, 23.115003]]}}, {"type": "Feature", "properties": {"osm_id": 1035161363, "osm_type": "way", "name": "Vidyaben Vasant Gajendragadkar Udyan", "leisure": "park"}, "geometry": {"type": "LineString", "coordinates": [[72.5401457, 23.0263264], [72.5403522, 23.0262523], [72.5405695, 23.026182], [72.5406661, 23.0265536], [72.5406834, 23.0266201], [72.5402489, 23.0267213], [72.5401457, 23.0263264]]}}, {"type": "Feature", "properties": {"osm_id": 1035161368, "osm_type": "way", "name": "Chandrashekhar Azad Garden", "leisure": "park"}, "geometry": {"type": "LineString", "coordinates": [[72.5322197, 23.0291121], [72.5326151, 23.0288673], [72.5328997, 23.0286912], [72.53318, 23.0291787], [72.5333315, 23.0294305], [72.5326127, 23.0297353], [72.5322197, 23.0291121]]}}, {"type": "Feature", "properties": {"osm_id": 1036620578, "osm_type": "way", "name": "Shravan Public Park", "leisure": "park"}, "geometry": {"type": "LineString", "coordinates": [[72.5230063, 23.0367974], [72.523862, 23.0367838], [72.5238692, 23.0368951], [72.5238968, 23.0373182], [72.523343, 23.0370714], [72.5230466, 23.0369393], [72.5229822, 23.0368393], [72.5230063, 23.0367974]]}}, {"type": "Feature", "properties": {"osm_id": 1036620588, "osm_type": "way", "name": "", "leisure": "park"}, "geometry": {"type": "LineString", "coordinates": [[72.526693, 23.0288961], [72.5262022, 23.0290503], [72.5263202, 23.0293182], [72.5267977, 23.0291836], [72.5267275, 23.0289908], [72.526693, 23.0288961]]}}, {"type": "Feature", "properties": {"osm_id": 1107167554, "osm_type": "way", "name": "", "leisure": "park"}, "geometry": {"type": "LineString", "coordinates": [[72.5427782, 23.0916296], [72.5439745, 23.0912151], [72.5442642, 23.0919109], [72.5430304, 23.0923057], [72.5427782, 23.0916296]]}}, {"type": "Feature", "properties": {"osm_id": 1107167566, "osm_type": "way", "name": "Chandlodiya Garden 1", "leisure": "park"}, "geometry": {"type": "LineString", "coordinates": [[72.5533944, 23.0840351], [72.5535795, 23.0842843], [72.5535125, 23.0844299], [72.5534213, 23.0844595], [72.5532496, 23.084415], [72.5529814, 23.084346], [72.5530484, 23.0842645], [72.553145, 23.0841264], [72.5533944, 23.0840351]]}}, {"type": "Feature", "properties": {"osm_id": 1107167567, "osm_type": "way", "name": "Chandlodiya Garden 2", "leisure": "park"}, "geometry": {"type": "LineString", "coordinates": [[72.5534481, 23.0838377], [72.553778, 23.0842448], [72.5538772, 23.0842177], [72.553719, 23.0837636], [72.5534481, 23.0838377]]}}, {"type": "Feature", "properties": {"osm_id": 1122775652, "osm_type": "way", "name": "", "leisure": "park"}, "geometry": {"type": "LineString", "coordinates": [[72.5432906, 23.0556149], [72.5436269, 23.0561093], [72.5439747, 23.0559091], [72.5436384, 23.0554147], [72.5433984, 23.0555529], [72.5432906, 23.0556149]]}}, {"type": "Feature", "properties": {"osm_id": 1123468879, "osm_type": "way", "name": "", "leisure": "park"}, "geometry": {"type": "LineString", "coordinates": [[72.5388528, 23.0622951], [72.5392343, 23.0620854], [72.5392994, 23.0620495], [72.539455, 23.0623272], [72.539459, 23.0624493], [72.5395046, 23.0626566], [72.5394993, 23.0627319], [72.5394832, 23.0628121], [72.5392216, 23.0628898], [72.5388528, 23.0622951]]}}, {"type": "Feature", "properties": {"osm_id": 1180002877, "osm_type": "way", "name": "Kali Cultural Garden", "leisure": "park"}, "geometry": {"type": "LineString", "coordinates": [[72.5742679, 23.10792], [72.5742032, 23.1070221], [72.5741907, 23.1068183], [72.5746963, 23.1067954], [72.5746913, 23.1079292], [72.5742679, 23.10792]]}}, {"type": "Feature", "properties": {"osm_id": 1191865459, "osm_type": "way", "name": "Vivekanand Lake Park", "leisure": "park"}, "geometry": {"type": "LineString", "coordinates": [[72.5366266, 23.0519297], [72.5367318, 23.0519144], [72.5375547, 23.051794], [72.5375493, 23.051409], [72.5374353, 23.0514189], [72.5374326, 23.0513535], [72.5372972, 23.0513831], [72.537277, 23.0513041], [72.5368224, 23.0513979], [72.5365582, 23.0514485], [72.5366266, 23.0519297]]}}, {"type": "Feature", "properties": {"osm_id": 1192008348, "osm_type": "way", "name": "Chharodi Park", "leisure": "park"}, "geometry": {"type": "LineString", "coordinates": [[72.53941, 23.1235815], [72.5394305, 23.1236483], [72.5394779, 23.123803], [72.5395335, 23.1239396], [72.5397038, 23.1238957], [72.5397483, 23.1239816], [72.539855, 23.1240435], [72.5400506, 23.1240825], [72.5402009, 23.1240661], [72.540765, 23.1239196], [72.5409741, 23.1238812], [72.5413583, 23.123784], [72.5416397, 23.1237144], [72.5419254, 23.1236506], [72.541939, 23.1232009], [72.5417117, 23.1229015], [72.5416709, 23.1225713], [72.5416685, 23.1225069], [72.5417223, 23.1224406], [72.5418046, 23.1223176], [72.5418918, 23.1221887], [72.5419018, 23.1221665], [72.5419159, 23.1220789], [72.5418894, 23.1219683], [72.5416665, 23.1218754], [72.541511, 23.1218487], [72.541356, 23.1218355], [72.5411981, 23.1218474], [72.5411273, 23.1218592], [72.5409754, 23.1218845], [72.5406859, 23.1219343], [72.5405677, 23.1219633], [72.5403134, 23.1220258], [72.5401304, 23.1220871], [72.5400469, 23.122115], [72.5398454, 23.122169], [72.5397353, 23.1221903], [72.5396887, 23.1223683], [72.5396232, 23.1225042], [72.5395404, 23.1226167], [72.5394473, 23.1226973], [72.5393933, 23.1227965], [72.5393904, 23.1229209], [72.5394116, 23.1230162], [72.5392726, 23.1231063], [72.5393153, 23.1232772], [72.5393901, 23.1235177], [72.53941, 23.1235815]]}}, {"type": "Feature", "properties": {"osm_id": 1192008355, "osm_type": "way", "name": "", "leisure": "park"}, "geometry": {"type": "LineString", "coordinates": [[72.5277002, 23.029059], [72.5278135, 23.0291645], [72.5278518, 23.0291207], [72.5278464, 23.0289633], [72.5278048, 23.0289257], [72.5277002, 23.029059]]}}, {"type": "Feature", "properties": {"osm_id": 1196756504, "osm_type": "way", "name": "Nature Park", "leisure": "park"}, "geometry": {"type": "LineString", "coordinates": [[72.4935088, 23.0757491], [72.4972799, 23.0767041], [72.4972638, 23.0767658], [72.4952361, 23.0790779], [72.4946326, 23.078952], [72.4943992, 23.0781723], [72.494241, 23.0777553], [72.4938789, 23.0767534], [72.4934873, 23.0758157], [72.4935088, 23.0757491]]}}, {"type": "Feature", "properties": {"osm_id": 1203021938, "osm_type": "way", "name": "", "leisure": "garden"}, "geometry": {"type": "LineString", "coordinates": [[72.4527593, 23.0427045], [72.452815, 23.0428785], [72.4529377, 23.0428563], [72.452992, 23.0427033], [72.4529732, 23.0426731], [72.452935, 23.0426576], [72.4527593, 23.0427045]]}}, {"type": "Feature", "properties": {"osm_id": 1203021939, "osm_type": "way", "name": "", "leisure": "garden"}, "geometry": {"type": "LineString", "coordinates": [[72.4539214, 23.0439436], [72.4540219, 23.0437566], [72.4541245, 23.0435881], [72.4543646, 23.0437072], [72.4541923, 23.0439991], [72.4541138, 23.0439664], [72.4540662, 23.0440355], [72.4539207, 23.043959], [72.4539214, 23.0439436]]}}, {"type": "Feature", "properties": {"osm_id": 1203021940, "osm_type": "way", "name": "", "leisure": "garden"}, "geometry": {"type": "LineString", "coordinates": [[72.4523199, 23.0440031], [72.4523875, 23.0439678], [72.4524652, 23.0439654], [72.4525352, 23.0439964], [72.4525815, 23.0440539], [72.4525935, 23.0441246], [72.4525684, 23.0441923], [72.452512, 23.0442415], [72.4524372, 23.044261], [72.4523611, 23.0442462], [72.4523012, 23.0442006], [72.4522712, 23.0441346], [72.452278, 23.0440634], [72.4523199, 23.0440031]]}}, {"type": "Feature", "properties": {"osm_id": 1203021941, "osm_type": "way", "name": "", "leisure": "garden"}, "geometry": {"type": "LineString", "coordinates": [[72.4532904, 23.0440028], [72.4533963, 23.0440121], [72.4535224, 23.0440497], [72.4536136, 23.0440793], [72.4536552, 23.0440818], [72.4537162, 23.044054], [72.4537229, 23.0440269], [72.4536873, 23.0440016], [72.4534721, 23.0439004], [72.4533809, 23.0438856], [72.4533313, 23.0438967], [72.4532575, 23.0439269], [72.4532448, 23.0439454], [72.4532629, 23.0439732], [72.4532904, 23.0440028]]}}, {"type": "Feature", "properties": {"osm_id": 1211760598, "osm_type": "way", "name": "CS Garden", "leisure": "garden"}, "geometry": {"type": "LineString", "coordinates": [[72.4945256, 23.0505042], [72.4944283, 23.0499632], [72.4947314, 23.0499171], [72.4947833, 23.0502058], [72.4947018, 23.0502182], [72.4947472, 23.0504705], [72.4945256, 23.0505042]]}}, {"type": "Feature", "properties": {"osm_id": 1211935680, "osm_type": "way", "name": "Memnagar Park", "leisure": "park"}, "geometry": {"type": "LineString", "coordinates": [[72.544177, 23.0491454], [72.5442146, 23.0491919], [72.544338, 23.0494728], [72.5441113, 23.0497307], [72.5440791, 23.0496554], [72.5436768, 23.0496925], [72.5434005, 23.0496875], [72.5432892, 23.0496517], [72.543253, 23.0497838], [72.5427313, 23.0497184], [72.5427314, 23.0497367], [72.5427018, 23.0501404], [72.5426549, 23.050344], [72.5426039, 23.0503403], [72.542046, 23.0502638], [72.5416732, 23.0501873], [72.5410804, 23.0497579], [72.5407907, 23.0494296], [72.5406513, 23.0493062], [72.5406539, 23.0492272], [72.5406271, 23.0488817], [72.5409892, 23.0485781], [72.5413728, 23.0486855], [72.5418314, 23.0488829], [72.5421104, 23.0490076], [72.5424819, 23.0489804], [72.5426146, 23.0489816], [72.5426998, 23.0490094], [72.5429774, 23.0490668], [72.5433147, 23.0490656], [72.5434086, 23.0491384], [72.544177, 23.0491454]]}}, {"type": "Feature", "properties": {"osm_id": 1211935685, "osm_type": "way", "name": "Sarathi Public Park", "leisure": "park"}, "geometry": {"type": "LineString", "coordinates": [[72.5424926, 23.0512375], [72.5424995, 23.0511837], [72.5425275, 23.0509647], [72.5417295, 23.0508956], [72.5416759, 23.0513164], [72.5412266, 23.0512695], [72.5411957, 23.0516459], [72.5416236, 23.0515818], [72.5417617, 23.0514991], [72.5424926, 23.0512375]]}}, {"type": "Feature", "properties": {"osm_id": 1272460980, "osm_type": "way", "name": "Greenmosphere Park", "leisure": "park"}, "geometry": {"type": "LineString", "coordinates": [[72.5255129, 23.0994212], [72.5258857, 23.0998616], [72.5262599, 23.1002945], [72.5279242, 23.0991078], [72.5275782, 23.0979606], [72.5261298, 23.0983295], [72.5261405, 23.098438], [72.5256792, 23.0985897], [72.5260426, 23.0990203], [72.5255129, 23.0994212]]}}, {"type": "Feature", "properties": {"osm_id": 1273603789, "osm_type": "way", "name": "Oxygen Park, Sindhu Bhavan Road", "leisure": "park"}, "geometry": {"type": "LineString", "coordinates": [[72.4860549, 23.0405035], [72.4874188, 23.0403591], [72.4875792, 23.0418094], [72.4876374, 23.0421128], [72.4870205, 23.0422356], [72.486311, 23.0423769], [72.4860549, 23.0405035]]}}, {"type": "Feature", "properties": {"osm_id": 1275046999, "osm_type": "way", "name": "Khoraj Lake Garden", "leisure": "park"}, "geometry": {"type": "LineString", "coordinates": [[72.5498083, 23.1388875], [72.54976, 23.1388949], [72.5496849, 23.138155], [72.5496152, 23.1374373], [72.5496072, 23.1373879], [72.5504976, 23.1372794], [72.55068, 23.1370821], [72.5506425, 23.1367368], [72.5505191, 23.1355874], [72.5513265, 23.1354863], [72.5514472, 23.1365987], [72.5525375, 23.1364975], [72.5526877, 23.1379392], [72.5516376, 23.1380206], [72.5517207, 23.1386705], [72.551693, 23.1386736], [72.5498083, 23.1388875]]}}, {"type": "Feature", "properties": {"osm_id": 1289249841, "osm_type": "way", "name": "Usmanpura Gam Garden", "leisure": "park"}, "geometry": {"type": "LineString", "coordinates": [[72.5723268, 23.0470232], [72.5722926, 23.0469615], [72.5722611, 23.0469529], [72.5719781, 23.0469689], [72.5720707, 23.0474601], [72.5724046, 23.0474341], [72.5723853, 23.047332], [72.5723268, 23.0470232]]}}, {"type": "Feature", "properties": {"osm_id": 1303259922, "osm_type": "way", "name": "", "leisure": "garden"}, "geometry": {"type": "LineString", "coordinates": [[72.4668428, 23.0980744], [72.4668741, 23.0981079], [72.4669186, 23.0981242], [72.4669662, 23.0981195], [72.4670061, 23.098095], [72.467029, 23.0980563], [72.4670297, 23.0980123], [72.4670081, 23.0979729], [72.4669691, 23.0979473], [72.4669217, 23.0979414], [72.4668766, 23.0979563], [72.4668443, 23.0979889], [72.4668321, 23.0980315], [72.4668428, 23.0980744]]}}, {"type": "Feature", "properties": {"osm_id": 1303259923, "osm_type": "way", "name": "", "leisure": "garden"}, "geometry": {"type": "LineString", "coordinates": [[72.4691516, 23.0954477], [72.4691771, 23.0955063], [72.469222, 23.0955409], [72.4692857, 23.095573], [72.4693736, 23.0955921], [72.469448, 23.0955896], [72.4694976, 23.0955594], [72.4695513, 23.0955156], [72.469568, 23.0954761], [72.4695519, 23.0953953], [72.4694956, 23.0953484], [72.4694037, 23.0953102], [72.4693219, 23.0953102], [72.469214, 23.0953367], [72.4691664, 23.095378], [72.4691496, 23.0954231], [72.4691516, 23.0954477]]}}, {"type": "Feature", "properties": {"osm_id": 1314357199, "osm_type": "way", "name": "", "leisure": "park"}, "geometry": {"type": "LineString", "coordinates": [[72.5061612, 23.0291056], [72.5060612, 23.0284727], [72.5064586, 23.0284458], [72.5065489, 23.0290764], [72.5061612, 23.0291056]]}}, {"type": "Feature", "properties": {"osm_id": 1362243217, "osm_type": "way", "name": "jai bajrang bali nursery", "leisure": "garden"}, "geometry": {"type": "LineString", "coordinates": [[72.5368634, 23.0561896], [72.5365426, 23.056312], [72.5375286, 23.056456], [72.5376147, 23.0558152], [72.5366561, 23.0556856], [72.5365307, 23.0561318], [72.5366573, 23.0562088], [72.5368634, 23.0561896]]}}, {"type": "Feature", "properties": {"osm_id": 1368330314, "osm_type": "way", "name": "લલિતા ગોવિંદ ઉદ્યાન", "leisure": "park"}, "geometry": {"type": "LineString", "coordinates": [[72.5529143, 23.1301339], [72.5529546, 23.1301265], [72.5530976, 23.1300746], [72.553212, 23.1300377], [72.5537968, 23.129754], [72.5540516, 23.1294999], [72.5545907, 23.1287057], [72.5541615, 23.1278991], [72.5523725, 23.1284344], [72.5529143, 23.1301339]]}}, {"type": "Feature", "properties": {"osm_id": 1442597404, "osm_type": "way", "name": "Credai Garden", "leisure": "park"}, "geometry": {"type": "LineString", "coordinates": [[72.4844134, 23.0496937], [72.4843423, 23.0489101], [72.4843115, 23.0482943], [72.4841784, 23.0483062], [72.4840352, 23.048319], [72.4840513, 23.0485386], [72.4838984, 23.0485436], [72.4839118, 23.0486324], [72.4836785, 23.0486398], [72.4837267, 23.0490446], [72.4829677, 23.0491112], [72.4844134, 23.0496937]]}}, {"type": "Feature", "properties": {"osm_id": 1450460285, "osm_type": "way", "name": "", "leisure": "garden"}, "geometry": {"type": "LineString", "coordinates": [[72.5524139, 23.1358771], [72.5527661, 23.1358501], [72.5527556, 23.1357349], [72.5524034, 23.1357619], [72.5524139, 23.1358771]]}}, {"type": "Feature", "properties": {"osm_id": 1450460294, "osm_type": "way", "name": "ડૉ. વનીકર ઉદ્યાન", "leisure": "park"}, "geometry": {"type": "LineString", "coordinates": [[72.5668551, 23.0306425], [72.5669919, 23.0306413], [72.5671434, 23.0306388], [72.5671542, 23.030482], [72.5670817, 23.0296897], [72.5669141, 23.029681], [72.566784, 23.029686], [72.5668551, 23.0306425]]}}, {"type": "Feature", "properties": {"osm_id": 4488099093, "osm_type": "node", "name": "Picnic Party Plot", "leisure": "park"}, "geometry": {"type": "Point", "coordinates": [72.6489696, 23.0855359]}}, {"type": "Feature", "properties": {"osm_id": 7132838716, "osm_type": "node", "name": "Hansol Garden", "leisure": "garden"}, "geometry": {"type": "Point", "coordinates": [72.622746, 23.083742]}}, {"type": "Feature", "properties": {"osm_id": 7132880190, "osm_type": "node", "name": "Riverfront Children's Park", "leisure": "garden"}, "geometry": {"type": "Point", "coordinates": [72.5960835, 23.0652856]}}, {"type": "Feature", "properties": {"osm_id": 10959588191, "osm_type": "node", "name": "Devi Public park", "leisure": "park"}, "geometry": {"type": "Point", "coordinates": [72.5846963, 23.1082123]}}, {"type": "Feature", "properties": {"osm_id": 229082078, "osm_type": "way", "name": "Morarji Desai Park", "leisure": "park", "landuse": "garden"}, "geometry": {"type": "LineString", "coordinates": [[72.5820123, 23.0614318], [72.5821999, 23.0618035], [72.5823854, 23.0619334], [72.5824626, 23.0619314], [72.5830961, 23.0614805], [72.5825288, 23.0610418], [72.5820123, 23.0614318]]}}, {"type": "Feature", "properties": {"osm_id": 322227184, "osm_type": "way", "name": "", "leisure": "park"}, "geometry": {"type": "LineString", "coordinates": [[72.5983018, 23.0541696], [72.5984012, 23.0541849], [72.5985006, 23.054256], [72.5985669, 23.0543373], [72.5985779, 23.054444], [72.5985614, 23.0545304], [72.5985393, 23.0546066], [72.598462, 23.0546676], [72.5983902, 23.0546829], [72.5982797, 23.054693], [72.5981472, 23.0546371], [72.5980864, 23.0545507], [72.5980588, 23.0544643], [72.5980754, 23.054383], [72.598103, 23.0542916], [72.5981692, 23.0542306], [72.598241, 23.0541747], [72.5983018, 23.0541696]]}}, {"type": "Feature", "properties": {"osm_id": 322229352, "osm_type": "way", "name": "Hajipura Garden", "leisure": "garden"}, "geometry": {"type": "LineString", "coordinates": [[72.5899758, 23.0431359], [72.5901291, 23.0429661], [72.5903163, 23.0429111], [72.5906957, 23.0428657], [72.590888, 23.0428585], [72.5910492, 23.0428848], [72.5912441, 23.04277], [72.5912753, 23.0426791], [72.5909972, 23.0420549], [72.5909192, 23.0419233], [72.5908569, 23.0419114], [72.5907165, 23.0420788], [72.5905528, 23.0422271], [72.5901889, 23.0424591], [72.5897133, 23.0427269], [72.5899758, 23.0431359]]}}, {"type": "Feature", "properties": {"osm_id": 326490209, "osm_type": "way", "name": "Bhogilal Mistry (Lotikaka) Park", "leisure": "park"}, "geometry": {"type": "LineString", "coordinates": [[72.5792228, 23.0430533], [72.5794006, 23.0423704], [72.5794181, 23.0423032], [72.5799453, 23.0422384], [72.5799801, 23.0423519], [72.5801364, 23.0428625], [72.5792228, 23.0430533]]}}, {"type": "Feature", "properties": {"osm_id": 326849509, "osm_type": "way", "name": "Childrens Traffic Park", "leisure": "park"}, "geometry": {"type": "LineString", "coordinates": [[72.5778036, 23.0270066], [72.5802695, 23.0271779], [72.5804969, 23.0269932], [72.5804969, 23.0263655], [72.5789789, 23.0263286], [72.5790123, 23.0257746], [72.5778955, 23.0257254], [72.5778036, 23.0270066]]}}, {"type": "Feature", "properties": {"osm_id": 333819585, "osm_type": "way", "name": "", "leisure": "park"}, "geometry": {"type": "LineString", "coordinates": [[72.5769835, 23.0272141], [72.5780367, 23.0272843], [72.5781203, 23.0274113], [72.5780658, 23.0274548], [72.5769799, 23.027428], [72.5769835, 23.0272141]]}}, {"type": "Feature", "properties": {"osm_id": 343143992, "osm_type": "way", "name": "", "leisure": "park"}, "geometry": {"type": "LineString", "coordinates": [[72.5919023, 23.0789757], [72.5922612, 23.079223], [72.5923205, 23.0791571], [72.5919754, 23.0788801], [72.5919023, 23.0789757]]}}, {"type": "Feature", "properties": {"osm_id": 451491950, "osm_type": "way", "name": "Appartment Park", "leisure": "park"}, "geometry": {"type": "LineString", "coordinates": [[72.6657667, 23.0776571], [72.6659507, 23.0777125], [72.6660604, 23.0773445], [72.6658551, 23.077338], [72.6657667, 23.0776571]]}}, {"type": "Feature", "properties": {"osm_id": 451497109, "osm_type": "way", "name": "", "leisure": "park"}, "geometry": {"type": "LineString", "coordinates": [[72.661529, 23.0560241], [72.6618938, 23.0559896], [72.6618777, 23.0555503], [72.6614968, 23.0555503], [72.6615129, 23.0557428], [72.6615532, 23.0557687], [72.6615499, 23.0558309], [72.6615102, 23.0558649], [72.661529, 23.0560241]]}}, {"type": "Feature", "properties": {"osm_id": 451497164, "osm_type": "way", "name": "", "leisure": "park"}, "geometry": {"type": "LineString", "coordinates": [[72.6627931, 23.0548244], [72.6632484, 23.054787], [72.6632077, 23.0545102], [72.6628337, 23.0544803], [72.6627931, 23.0548244]]}}, {"type": "Feature", "properties": {"osm_id": 451497165, "osm_type": "way", "name": "", "leisure": "park"}, "geometry": {"type": "LineString", "coordinates": [[72.6624242, 23.055878], [72.6630157, 23.0557987], [72.6634471, 23.0556626], [72.6634471, 23.0553451], [72.6623995, 23.0554358], [72.6624242, 23.055878]]}}, {"type": "Feature", "properties": {"osm_id": 451498913, "osm_type": "way", "name": "", "leisure": "park"}, "geometry": {"type": "LineString", "coordinates": [[72.6636378, 23.0583455], [72.6645904, 23.0583026], [72.6646838, 23.0582424], [72.6645998, 23.0576151], [72.6637031, 23.0576408], [72.6636378, 23.0583455]]}}, {"type": "Feature", "properties": {"osm_id": 451513556, "osm_type": "way", "name": "Madhuvan Green Party Plot ,Nikol", "leisure": "park"}, "geometry": {"type": "LineString", "coordinates": [[72.671562, 23.0591118], [72.6715647, 23.0592056], [72.6714896, 23.0592476], [72.6714896, 23.0593882], [72.6716318, 23.0594746], [72.6722943, 23.0594771], [72.6723238, 23.0593981], [72.6721334, 23.0585319], [72.6721226, 23.0583468], [72.6720851, 23.0583542], [72.6720556, 23.0583616], [72.6714843, 23.0583468], [72.6715164, 23.058865], [72.6715352, 23.0590008], [72.6714735, 23.0590329], [72.6714735, 23.0590649], [72.6715325, 23.0590921], [72.671562, 23.0591118]]}}, {"type": "Feature", "properties": {"osm_id": 452010439, "osm_type": "way", "name": "Kubernagar garden", "leisure": "park"}, "geometry": {"type": "LineString", "coordinates": [[72.6416599, 23.0752501], [72.6419895, 23.0752756], [72.6421344, 23.0752019], [72.6423161, 23.0751878], [72.6423346, 23.0751339], [72.6421898, 23.0749412], [72.642045, 23.0748873], [72.641931, 23.0749837], [72.6417831, 23.0749355], [72.6416722, 23.0749043], [72.6416599, 23.0752501]]}}, {"type": "Feature", "properties": {"osm_id": 452061105, "osm_type": "way", "name": "", "leisure": "park"}, "geometry": {"type": "LineString", "coordinates": [[72.5770158, 23.0678746], [72.576607, 23.0678877], [72.5765823, 23.0679479], [72.5766212, 23.0681726], [72.5769716, 23.0682751], [72.5770282, 23.0681628], [72.5769999, 23.0680928], [72.576968, 23.068026], [72.5770707, 23.0678714], [72.5770158, 23.0678746]]}}, {"type": "Feature", "properties": {"osm_id": 452061106, "osm_type": "way", "name": "", "leisure": "park"}, "geometry": {"type": "LineString", "coordinates": [[72.5770813, 23.0681677], [72.5770371, 23.06828], [72.5770371, 23.0683012], [72.5772459, 23.0683565], [72.5773078, 23.0682344], [72.577322, 23.0681775], [72.5772441, 23.0681986], [72.5771892, 23.0681986], [72.5770813, 23.0681677]]}}, {"type": "Feature", "properties": {"osm_id": 452834975, "osm_type": "way", "name": "", "leisure": "park"}, "geometry": {"type": "LineString", "coordinates": [[72.6270102, 23.0860606], [72.6270054, 23.0862593], [72.6273703, 23.086171], [72.6273655, 23.0860606], [72.6270102, 23.0860606]]}}, {"type": "Feature", "properties": {"osm_id": 463206266, "osm_type": "way", "name": "Riverfront Park", "leisure": "park"}, "geometry": {"type": "LineString", "coordinates": [[72.5855793, 23.0598151], [72.585728, 23.0595848], [72.5850542, 23.0588093], [72.5848846, 23.058648], [72.5847006, 23.0584881], [72.5846579, 23.0585414], [72.5845303, 23.0584384], [72.5843969, 23.0583307], [72.5843876, 23.0583436], [72.5837583, 23.0578312], [72.5833938, 23.0574918], [72.5833361, 23.0574381], [72.582961, 23.0571252], [72.5827793, 23.0569687], [72.5825289, 23.0567649], [72.5822231, 23.0565243], [72.5818679, 23.0562745], [72.5817955, 23.0563482], [72.5816399, 23.0562093], [72.5816666, 23.0561346], [72.5815213, 23.0560169], [72.5815416, 23.0559736], [72.5814133, 23.0558368], [72.5814048, 23.0557993], [72.5804042, 23.0546911], [72.5803213, 23.0547287], [72.5802696, 23.0546553], [72.5802244, 23.0545912], [72.5800902, 23.0543935], [72.5800065, 23.0542856], [72.5799587, 23.0543176], [72.5793234, 23.0534969], [72.5794397, 23.0534311], [72.5791963, 23.053047], [72.5787218, 23.0533022], [72.5792207, 23.0540258], [72.5793813, 23.0540837], [72.5796052, 23.054403], [72.5796146, 23.0543977], [72.579632, 23.0543879], [72.5797009, 23.0544739], [72.5797511, 23.0544406], [72.579848, 23.0545652], [72.5797896, 23.0545985], [72.579855, 23.0546844], [72.5798293, 23.0547027], [72.5800952, 23.0550335], [72.5801137, 23.0552008], [72.5805441, 23.0556922], [72.581165, 23.0563245], [72.5812584, 23.0564171], [72.5812356, 23.0564319], [72.5817237, 23.0568687], [72.5820794, 23.0571706], [72.5820971, 23.0571494], [72.5827961, 23.0577389], [72.5833758, 23.0582263], [72.5835129, 23.0582383], [72.5839782, 23.0586119], [72.5840026, 23.0585838], [72.5844438, 23.0589318], [72.584417, 23.058959], [72.5848625, 23.0592743], [72.5849077, 23.0594005], [72.5855793, 23.0598151]]}}, {"type": "Feature", "properties": {"osm_id": 468008726, "osm_type": "way", "name": "Jethabhai Parmar Garden", "leisure": "park"}, "geometry": {"type": "LineString", "coordinates": [[72.600659, 23.0494234], [72.6013188, 23.0494383], [72.6013022, 23.0485203], [72.6005403, 23.0487632], [72.6006087, 23.0494093], [72.600659, 23.0494234]]}}, {"type": "Feature", "properties": {"osm_id": 529678702, "osm_type": "way", "name": "", "leisure": "garden"}, "geometry": {"type": "LineString", "coordinates": [[72.6211826, 23.0718267], [72.6212703, 23.0717479], [72.6214809, 23.0719464], [72.6219896, 23.0719505], [72.6223814, 23.0722878], [72.6221029, 23.0725616], [72.6220029, 23.0725718], [72.6219363, 23.0725371], [72.6211826, 23.0718267]]}}, {"type": "Feature", "properties": {"osm_id": 547617475, "osm_type": "way", "name": "", "leisure": "garden"}, "geometry": {"type": "LineString", "coordinates": [[72.6512325, 23.119273], [72.6518886, 23.1196033], [72.6517901, 23.1190774], [72.6512429, 23.1191704], [72.6512325, 23.119273]]}}, {"type": "Feature", "properties": {"osm_id": 547622943, "osm_type": "way", "name": "", "leisure": "garden"}, "geometry": {"type": "LineString", "coordinates": [[72.6587688, 23.1047403], [72.6587717, 23.1047834], [72.658015, 23.1050601], [72.6579111, 23.1048462], [72.6587688, 23.1047403]]}}, {"type": "Feature", "properties": {"osm_id": 551631352, "osm_type": "way", "name": "", "leisure": "garden"}, "geometry": {"type": "LineString", "coordinates": [[72.6141034, 23.1189711], [72.6141061, 23.1190638], [72.6141372, 23.1191411], [72.6141962, 23.1191889], [72.6142868, 23.1192417], [72.6143607, 23.1192613], [72.6144594, 23.1192614], [72.6145652, 23.119232], [72.6146617, 23.1191855], [72.6147033, 23.1191203], [72.6147138, 23.1190577], [72.614714, 23.1189655], [72.6146811, 23.1189109], [72.6146315, 23.1188676], [72.6145106, 23.118813], [72.6144171, 23.1187993], [72.6142943, 23.1188116], [72.6141558, 23.1188907], [72.6141034, 23.1189711]]}}, {"type": "Feature", "properties": {"osm_id": 551635219, "osm_type": "way", "name": "", "leisure": "garden"}, "geometry": {"type": "LineString", "coordinates": [[72.6070608, 23.1171366], [72.607214, 23.1168571], [72.6073867, 23.1166368], [72.6075179, 23.1165217], [72.6076553, 23.116411], [72.6077745, 23.1163439], [72.6078559, 23.1163092], [72.6079039, 23.116312], [72.6079416, 23.1163199], [72.607986, 23.1163506], [72.6080371, 23.1164395], [72.6080741, 23.1164708], [72.6081446, 23.1165278], [72.6082, 23.116563], [72.6082407, 23.1166245], [72.6082486, 23.1166609], [72.6082407, 23.1167028], [72.6082158, 23.1167598], [72.6081696, 23.1168308], [72.6081051, 23.1168918], [72.6080431, 23.116946], [72.6079805, 23.116941], [72.6079203, 23.1169175], [72.6078723, 23.1168823], [72.6077909, 23.116837], [72.6077429, 23.1168208], [72.6076499, 23.1168068], [72.6075562, 23.116809], [72.6074663, 23.1168202], [72.6074043, 23.1168319], [72.6073234, 23.1168733], [72.6072402, 23.1169432], [72.6071697, 23.1170377], [72.6071387, 23.1171159], [72.6071289, 23.1171551], [72.6071113, 23.1171702], [72.60709, 23.1171679], [72.6070669, 23.1171573], [72.6070608, 23.1171366]]}}, {"type": "Feature", "properties": {"osm_id": 551635222, "osm_type": "way", "name": "", "leisure": "garden"}, "geometry": {"type": "LineString", "coordinates": [[72.6070544, 23.1176768], [72.6073006, 23.1176849], [72.6073632, 23.1176583], [72.6074562, 23.1175978], [72.6075316, 23.1175211], [72.6076391, 23.1173913], [72.6077738, 23.1172349], [72.6078605, 23.1171235], [72.6078653, 23.1170815], [72.6078436, 23.1170343], [72.6078003, 23.1170062], [72.6077466, 23.1169738], [72.6076599, 23.1169458], [72.6076014, 23.1169369], [72.6075019, 23.1169428], [72.6074386, 23.1169664], [72.6073455, 23.1170276], [72.607295, 23.1170874], [72.6072581, 23.1171626], [72.6072573, 23.1172342], [72.6072533, 23.1173197], [72.6071675, 23.1173965], [72.6070648, 23.1174872], [72.6070247, 23.1175573], [72.6070159, 23.1176133], [72.6070239, 23.1176583], [72.6070544, 23.1176768]]}}, {"type": "Feature", "properties": {"osm_id": 551648439, "osm_type": "way", "name": "", "leisure": "garden"}, "geometry": {"type": "LineString", "coordinates": [[72.6332342, 23.1188369], [72.6335495, 23.1188127], [72.6336761, 23.118803], [72.6336628, 23.1186568], [72.6334603, 23.1186723], [72.6334152, 23.1186758], [72.6332209, 23.1186907], [72.6332342, 23.1188369]]}}, {"type": "Feature", "properties": {"osm_id": 551648441, "osm_type": "way", "name": "", "leisure": "garden"}, "geometry": {"type": "LineString", "coordinates": [[72.6335495, 23.1188127], [72.6338958, 23.1187867], [72.6339216, 23.1190862], [72.633814, 23.1190955], [72.6337545, 23.1191007], [72.6335789, 23.1191159], [72.6335495, 23.1188127]]}}, {"type": "Feature", "properties": {"osm_id": 551648443, "osm_type": "way", "name": "", "leisure": "garden"}, "geometry": {"type": "LineString", "coordinates": [[72.6321709, 23.1187821], [72.6321778, 23.1189257], [72.6320588, 23.1189326], [72.6320456, 23.1187908], [72.6321709, 23.1187821]]}}, {"type": "Feature", "properties": {"osm_id": 551654829, "osm_type": "way", "name": "", "leisure": "garden"}, "geometry": {"type": "LineString", "coordinates": [[72.6357099, 23.1109042], [72.6357155, 23.1109492], [72.6357292, 23.1110031], [72.6357428, 23.1110518], [72.635758, 23.1110864], [72.6357853, 23.1111388], [72.6358182, 23.111186], [72.6358503, 23.1112148], [72.6358792, 23.1112347], [72.6359185, 23.1112413], [72.635961, 23.1112413], [72.6359987, 23.1112236], [72.6360396, 23.1111838], [72.636066, 23.1111469], [72.6360805, 23.1111063], [72.6360997, 23.1110621], [72.6361101, 23.1109765], [72.6361085, 23.1108998], [72.6361037, 23.1108371], [72.6360933, 23.1107655], [72.6360716, 23.1107095], [72.6360291, 23.1106357], [72.6359987, 23.1105892], [72.6359706, 23.1105656], [72.6359425, 23.1105472], [72.6359072, 23.1105391], [72.6358631, 23.110542], [72.6358254, 23.1105553], [72.6357989, 23.1105789], [72.6357733, 23.1106069], [72.63575, 23.1106497], [72.6357356, 23.110694], [72.6357155, 23.110767], [72.6357059, 23.1108304], [72.6357099, 23.1109042]]}}, {"type": "Feature", "properties": {"osm_id": 551801625, "osm_type": "way", "name": "", "leisure": "garden"}, "geometry": {"type": "LineString", "coordinates": [[72.6206345, 23.0751587], [72.6206176, 23.0751419], [72.6205958, 23.0751307], [72.6205714, 23.0751263], [72.6205467, 23.075129], [72.6205241, 23.0751386], [72.6205059, 23.0751541], [72.6204937, 23.0751741], [72.6204889, 23.0751966], [72.6204926, 23.0752217], [72.6205055, 23.0752442], [72.6205259, 23.0752613], [72.6205515, 23.0752709], [72.6205791, 23.0752719], [72.6206054, 23.0752641], [72.6206272, 23.0752486], [72.620642, 23.0752271], [72.6206478, 23.0752022], [72.6206449, 23.0751795], [72.6206345, 23.0751587]]}}, {"type": "Feature", "properties": {"osm_id": 551886354, "osm_type": "way", "name": "", "leisure": "garden"}, "geometry": {"type": "LineString", "coordinates": [[72.6215062, 23.0732936], [72.6215142, 23.0733228], [72.621526, 23.0733407], [72.6218545, 23.0736558], [72.6219175, 23.0736779], [72.6219796, 23.0736862], [72.6220437, 23.0736742], [72.6221228, 23.0736364], [72.6226856, 23.0730643], [72.6227197, 23.0730017], [72.6227317, 23.0729206], [72.6227437, 23.0728358], [72.6227397, 23.0727805], [72.6227197, 23.072635], [72.6226716, 23.0725668], [72.6225314, 23.0724489], [72.6225013, 23.0724218], [72.6224694, 23.0724191], [72.6224269, 23.0724302], [72.6215181, 23.0732565], [72.6215062, 23.0732936]]}}, {"type": "Feature", "properties": {"osm_id": 763326396, "osm_type": "way", "name": "", "leisure": "park"}, "geometry": {"type": "LineString", "coordinates": [[72.6274314, 23.0839844], [72.6279035, 23.0840337], [72.6283863, 23.0811419], [72.6276516, 23.0809905], [72.6274314, 23.0825927], [72.6275923, 23.0826026], [72.6275065, 23.0830073], [72.6275065, 23.0832441], [72.6274314, 23.0839844]]}}, {"type": "Feature", "properties": {"osm_id": 763326648, "osm_type": "way", "name": "", "leisure": "park"}, "geometry": {"type": "LineString", "coordinates": [[72.6280661, 23.0835463], [72.6293626, 23.0836982], [72.629545, 23.0812504], [72.6285365, 23.0811616], [72.6282897, 23.0823953], [72.6280661, 23.0835463]]}}, {"type": "Feature", "properties": {"osm_id": 763326790, "osm_type": "way", "name": "santshree satramdas udyan", "leisure": "park"}, "geometry": {"type": "LineString", "coordinates": [[72.6292339, 23.0846753], [72.6294592, 23.0846802], [72.629604, 23.0839696], [72.6293572, 23.083935], [72.6293358, 23.0840781], [72.6292339, 23.0846753]]}}, {"type": "Feature", "properties": {"osm_id": 763327672, "osm_type": "way", "name": "", "leisure": "park"}, "geometry": {"type": "LineString", "coordinates": [[72.6304784, 23.0876139], [72.6316049, 23.0876411], [72.6315754, 23.0864641], [72.6304838, 23.0864888], [72.630473, 23.0871081], [72.6304784, 23.0876139]]}}, {"type": "Feature", "properties": {"osm_id": 763328615, "osm_type": "way", "name": "Manorama Garden", "leisure": "garden"}, "geometry": {"type": "LineString", "coordinates": [[72.6378241, 23.0903765], [72.6382937, 23.0885375], [72.6387014, 23.0885925], [72.6389088, 23.0880618], [72.6393048, 23.0882175], [72.6390697, 23.0890586], [72.6397134, 23.0895126], [72.6399387, 23.0891475], [72.6404365, 23.089305], [72.6402941, 23.0900876], [72.6410497, 23.0899576], [72.6409687, 23.0907562], [72.6406252, 23.0912317], [72.640136, 23.0909441], [72.639156, 23.0906127], [72.6387884, 23.090502], [72.6378241, 23.0903765]]}}, {"type": "Feature", "properties": {"osm_id": 763329771, "osm_type": "way", "name": "SardarNagar Community Garden", "leisure": "garden"}, "geometry": {"type": "LineString", "coordinates": [[72.6238356, 23.0812443], [72.6239295, 23.080926], [72.624611, 23.0809931], [72.6245544, 23.0812295], [72.6241709, 23.0812418], [72.6238356, 23.0812443]]}}, {"type": "Feature", "properties": {"osm_id": 763330804, "osm_type": "way", "name": "Hansol Garden", "leisure": "garden"}, "geometry": {"type": "LineString", "coordinates": [[72.6225797, 23.0837321], [72.6225904, 23.0838851], [72.6231134, 23.0839887], [72.6231671, 23.0837543], [72.6231912, 23.0836532], [72.6229096, 23.0835323], [72.6227701, 23.0836532], [72.622746, 23.083742], [72.6225797, 23.0837321]]}}, {"type": "Feature", "properties": {"osm_id": 763333993, "osm_type": "way", "name": "Shree Kaniyalal Nathuram Gurjar Park", "leisure": "park"}, "geometry": {"type": "LineString", "coordinates": [[72.6332723, 23.0806677], [72.6336076, 23.0809613], [72.6337766, 23.0808034], [72.6334225, 23.0805073], [72.6332723, 23.0806677]]}}, {"type": "Feature", "properties": {"osm_id": 763335399, "osm_type": "way", "name": "", "leisure": "park"}, "geometry": {"type": "LineString", "coordinates": [[72.5960835, 23.0652856], [72.5962498, 23.0650832], [72.5959118, 23.0646884], [72.5953593, 23.0643379], [72.5947317, 23.0639332], [72.5938465, 23.0634347], [72.5932135, 23.0631386], [72.5929936, 23.0630349], [72.5929131, 23.0630991], [72.5942811, 23.0638839], [72.5951072, 23.0644218], [72.5956973, 23.0649302], [72.5960835, 23.0652856]]}}, {"type": "Feature", "properties": {"osm_id": 799098179, "osm_type": "way", "name": "Shaaheed vir rushikesh park", "leisure": "park"}, "geometry": {"type": "LineString", "coordinates": [[72.6656824, 23.0532872], [72.6674553, 23.0531108], [72.66718, 23.0514703], [72.6654746, 23.0517249], [72.6656824, 23.0532872]]}}, {"type": "Feature", "properties": {"osm_id": 916255770, "osm_type": "way", "name": "Majmudar common plot", "leisure": "park"}, "geometry": {"type": "LineString", "coordinates": [[72.6340877, 23.0655957], [72.6341011, 23.0653472], [72.6343418, 23.0653582], [72.6343355, 23.0656011], [72.6340877, 23.0655957]]}}, {"type": "Feature", "properties": {"osm_id": 996610811, "osm_type": "way", "name": "", "leisure": "park"}, "geometry": {"type": "LineString", "coordinates": [[72.5961411, 23.1028568], [72.5965853, 23.1032475], [72.5969932, 23.1028938], [72.5969932, 23.1027866], [72.5966526, 23.1023351], [72.5961411, 23.1028568]]}}, {"type": "Feature", "properties": {"osm_id": 1180004257, "osm_type": "way", "name": "Devi Public Park", "leisure": "park"}, "geometry": {"type": "LineString", "coordinates": [[72.5846123, 23.1086817], [72.584412, 23.1079984], [72.5850042, 23.1078716], [72.5848821, 23.1083335], [72.5847967, 23.1085789], [72.5846123, 23.1086817]]}}, {"type": "Feature", "properties": {"osm_id": 1180013601, "osm_type": "way", "name": "Childrens Park", "leisure": "park"}, "geometry": {"type": "LineString", "coordinates": [[72.5824483, 23.1004018], [72.5825743, 23.1001513], [72.5827598, 23.1002311], [72.5826304, 23.1004879], [72.5824483, 23.1004018]]}}, {"type": "Feature", "properties": {"osm_id": 1272180403, "osm_type": "way", "name": "", "leisure": "garden"}, "geometry": {"type": "LineString", "coordinates": [[72.5845496, 23.0589055], [72.58496, 23.0592053], [72.5850002, 23.0593312], [72.5853489, 23.0595373], [72.5853623, 23.0596335], [72.5855622, 23.0597692], [72.5856829, 23.0595915], [72.5851585, 23.0589918], [72.5848916, 23.0587031], [72.5848018, 23.0586352], [72.5845496, 23.0589055]]}}, {"type": "Feature", "properties": {"osm_id": 1373280803, "osm_type": "way", "name": "AUDA park, Kathwada", "leisure": "park"}, "geometry": {"type": "LineString", "coordinates": [[72.6920915, 23.06518], [72.6929659, 23.0649159], [72.6925635, 23.0627245], [72.6921076, 23.0627739], [72.6921666, 23.0632822], [72.6920727, 23.064146], [72.6920593, 23.0650788], [72.6920915, 23.06518]]}}, {"type": "Feature", "properties": {"osm_id": 1394992785, "osm_type": "way", "name": "", "leisure": "park"}, "geometry": {"type": "LineString", "coordinates": [[72.6139472, 23.0565924], [72.6148747, 23.0565923], [72.6151021, 23.0570436], [72.6151082, 23.0570586], [72.6151041, 23.0570717], [72.6150899, 23.0570829], [72.6150736, 23.0570867], [72.6142666, 23.057081], [72.6142402, 23.0570773], [72.6142239, 23.057068], [72.6142133, 23.0570546], [72.6142016, 23.0570362], [72.6139472, 23.0565924]]}}]}