{"type": "FeatureCollection", "features": [{"type": "Feature", "properties": {"osm_id": 8196383750, "osm_type": "node", "name": "Vandemataram Icon", "landuse": "residential"}, "geometry": {"type": "Point", "coordinates": [72.547552, 23.0975425]}}, {"type": "Feature", "properties": {"osm_id": 9120524223, "osm_type": "node", "name": "Avichal Park", "landuse": "residential"}, "geometry": {"type": "Point", "coordinates": [72.5785461, 23.1191796]}}, {"type": "Feature", "properties": {"osm_id": 10959671663, "osm_type": "node", "name": "Hariom Bungalows", "landuse": "residential"}, "geometry": {"type": "Point", "coordinates": [72.5943537, 23.1091252]}}, {"type": "Feature", "properties": {"osm_id": 13582340755, "osm_type": "node", "name": "Sakal Residency", "landuse": "residential"}, "geometry": {"type": "Point", "coordinates": [72.5915248, 23.1080196]}}, {"type": "Feature", "properties": {"osm_id": 29329273, "osm_type": "way", "name": "", "natural": "water"}, "geometry": {"type": "LineString", "coordinates": [[72.6388806, 23.1236797], [72.6379537, 23.1236086], [72.6369924, 23.1235691], [72.6360568, 23.1236481], [72.6352929, 23.1237744], [72.6342372, 23.1240112], [72.6333532, 23.1243269], [72.6325034, 23.1246821], [72.6264438, 23.1273895], [72.6211738, 23.1297338], [72.6159124, 23.132086], [72.6073293, 23.1359061], [72.6022395, 23.1381871], [72.5981969, 23.1400656], [72.5922317, 23.1428832], [72.5862922, 23.1456691], [72.581417, 23.1479815], [72.5803012, 23.1485655], [72.5796489, 23.1489444], [72.5790567, 23.1493784], [72.5785073, 23.1498441], [72.5764302, 23.1517302], [72.5712718, 23.1564258], [72.5636501, 23.1632992], [72.5594529, 23.1670948], [72.5583285, 23.168089], [72.5523891, 23.1728235], [72.5507862, 23.1741155], [72.5493592, 23.1752695], [72.5485696, 23.1757666], [72.5478486, 23.1761059], [72.5471276, 23.1764136], [72.5463809, 23.1766582], [72.5454969, 23.1768634], [72.5448531, 23.1769739], [72.5440034, 23.1770054], [72.5431966, 23.1769896], [72.5422525, 23.176895], [72.5372914, 23.1762178], [72.5307082, 23.175309], [72.5223346, 23.1741241], [72.5219535, 23.1740702], [72.513894, 23.1729339], [72.5103749, 23.1723974], [72.5050234, 23.1715086], [72.504341, 23.1713953], [72.5039132, 23.1714754], [72.5038837, 23.171679], [72.5038175, 23.1719713], [72.5041694, 23.1721685], [72.5064696, 23.1725631], [72.5129241, 23.1736283], [72.5159883, 23.1740465], [72.5215415, 23.1748119], [72.5263137, 23.1754747], [72.5339183, 23.1765557], [72.5412654, 23.1775656], [72.5424585, 23.1777313], [72.5433511, 23.1778023], [72.5443124, 23.1777866], [72.5452308, 23.177684], [72.5461492, 23.1775183], [72.5469817, 23.1772895], [72.5479259, 23.1769423], [72.5486039, 23.1766188], [72.5492305, 23.1762795], [72.5498056, 23.175885], [72.5514844, 23.1745771], [72.5567063, 23.1704089], [72.5577277, 23.1696041], [72.5585174, 23.1689491], [72.5591611, 23.1684441], [72.5598306, 23.1678681], [72.5645599, 23.1635911], [72.5689372, 23.1596139], [72.5734605, 23.1555025], [72.5784387, 23.1510042], [72.5795373, 23.1500335], [72.580078, 23.1496073], [72.5807904, 23.1491653], [72.5840434, 23.1475948], [72.5899142, 23.1448326], [72.5943603, 23.1427332], [72.6008147, 23.1396473], [72.6057243, 23.1374531], [72.6107453, 23.1352589], [72.6208476, 23.130752], [72.6324691, 23.1255504], [72.6336793, 23.1250373], [72.6348123, 23.1246742], [72.6357221, 23.1244848], [72.6367349, 23.1243901], [72.6377563, 23.1243743], [72.6388549, 23.1244848], [72.6440047, 23.1250926], [72.644597, 23.1250452], [72.6446433, 23.124718], [72.6446571, 23.1244927], [72.6440906, 23.1243032], [72.6388806, 23.1236797]]}}, {"type": "Feature", "properties": {"osm_id": 29350057, "osm_type": "way", "name": "", "natural": "water"}, "geometry": {"type": "LineString", "coordinates": [[72.5989759, 23.0822486], [72.6015341, 23.0826049], [72.6016753, 23.0813745], [72.6020787, 23.0804981], [72.6023962, 23.0793136], [72.6025164, 23.0777107], [72.6024477, 23.0764473], [72.6021667, 23.0752431], [72.6017611, 23.0745877], [72.6009725, 23.073272], [72.6001979, 23.0717006], [72.5996615, 23.0707037], [72.59896, 23.0694686], [72.598477, 23.0686159], [72.5983032, 23.0682645], [72.5980715, 23.0678885], [72.5978625, 23.0675379], [72.5977432, 23.0673956], [72.5976567, 23.0672991], [72.5975469, 23.067194], [72.5974303, 23.0670742], [72.59685, 23.0662526], [72.5966969, 23.0660936], [72.5959324, 23.0653], [72.5947835, 23.0643985], [72.5946243, 23.0642992], [72.5930152, 23.0632957], [72.591374, 23.0625814], [72.5909948, 23.0624292], [72.5907275, 23.0623279], [72.5901339, 23.0620745], [72.5898814, 23.061965], [72.5893685, 23.0617158], [72.5888548, 23.061517], [72.5872273, 23.060768], [72.5856366, 23.0599592], [72.5848126, 23.0594442], [72.5834325, 23.0583984], [72.5817506, 23.0569729], [72.5811109, 23.0563755], [72.5804808, 23.0557625], [72.5797258, 23.0548739], [72.5789505, 23.0538212], [72.5786506, 23.0533321], [72.5782005, 23.0525421], [72.5774977, 23.0511658], [72.5770961, 23.0502382], [72.576424, 23.0483178], [72.5760054, 23.0466251], [72.5756358, 23.0448901], [72.5752001, 23.0427698], [72.5749244, 23.041336], [72.5748162, 23.0402659], [72.5747567, 23.0395602], [72.5746751, 23.0386261], [72.5746809, 23.0383496], [72.5747063, 23.0371485], [72.5747865, 23.0358428], [72.574857, 23.0351922], [72.5749099, 23.0347038], [72.5749245, 23.0345518], [72.5749714, 23.0340621], [72.5751185, 23.0325259], [72.5752746, 23.03157], [72.5753152, 23.0309067], [72.5754136, 23.0303215], [72.5754479, 23.0299448], [72.57552, 23.0296548], [72.5756266, 23.029163], [72.5758817, 23.0278404], [72.5763764, 23.0249013], [72.5765503, 23.0238008], [72.5767372, 23.0221234], [72.5768885, 23.0208237], [72.5769302, 23.0200969], [72.5769783, 23.0187151], [72.5770533, 23.0167072], [72.5770734, 23.0164128], [72.576966, 23.0150463], [72.5768764, 23.0137408], [72.5767802, 23.0130966], [72.5766015, 23.012344], [72.5765651, 23.0122274], [72.5763485, 23.0115323], [72.5760382, 23.0106422], [72.5756297, 23.0096388], [72.575124, 23.0087357], [72.574577, 23.0077988], [72.5740145, 23.006915], [72.57373, 23.006483], [72.573294, 23.0058627], [72.5728695, 23.0052592], [72.571962, 23.0039749], [72.5715552, 23.0033902], [72.5709086, 23.0025814], [72.5704118, 23.0019512], [72.5699076, 23.0012731], [72.5698286, 23.0011669], [72.5692674, 23.0004049], [72.5689226, 22.9999219], [72.5684932, 22.9993205], [72.5675812, 22.9981848], [72.5669858, 22.9974689], [72.5651587, 22.9954683], [72.5631126, 22.9934767], [72.5612366, 22.9916813], [72.5583204, 22.9887602], [72.5576763, 22.9883723], [72.557602, 22.9883154], [72.5545426, 22.9917077], [72.5543046, 22.9919721], [72.5541915, 22.992111], [72.5540321, 22.9922718], [72.5537781, 22.9925494], [72.5539884, 22.9926886], [72.5552711, 22.9937746], [72.5554744, 22.99374], [72.5557193, 22.9937063], [72.555936, 22.9936751], [72.5561319, 22.9936616], [72.5563233, 22.9936483], [72.5563143, 22.9937129], [72.5568607, 22.9937103], [72.5574325, 22.9937495], [72.558065, 22.9938511], [72.5584875, 22.9939512], [72.5595923, 22.994358], [72.56088, 22.995148], [72.5623531, 22.9963576], [72.5629613, 22.9968762], [72.5639906, 22.9978118], [72.5649605, 22.9988931], [72.5660213, 23.0001167], [72.5669338, 23.0013772], [72.5683141, 23.0031051], [72.5690239, 23.0041026], [72.5699348, 23.0053474], [72.5705245, 23.006269], [72.5710093, 23.0069622], [72.5714058, 23.0075326], [72.5715639, 23.0077226], [72.5728154, 23.0096903], [72.573574, 23.0112426], [72.5742348, 23.0132059], [72.5740054, 23.0137156], [72.574074, 23.0144154], [72.5741441, 23.0152486], [72.5741914, 23.0164084], [72.5741007, 23.0191448], [72.5743735, 23.0196302], [72.5742865, 23.0216201], [72.5741372, 23.0232379], [72.5738389, 23.024776], [72.5737053, 23.0256738], [72.57342, 23.0271789], [72.5730722, 23.0290367], [72.57296, 23.0299524], [72.5727297, 23.0310306], [72.5724956, 23.0331086], [72.5723151, 23.0349833], [72.5721988, 23.0361782], [72.5721272, 23.0374897], [72.5720964, 23.0381033], [72.5721503, 23.0395199], [72.5722983, 23.0409677], [72.5726016, 23.0427496], [72.5728934, 23.0444634], [72.5730702, 23.0450498], [72.5731961, 23.045829], [72.5734445, 23.0468092], [72.5737517, 23.0481428], [72.5740254, 23.0491491], [72.5742395, 23.0499066], [72.5745257, 23.0506601], [72.5749004, 23.0515149], [72.5751533, 23.052061], [72.5755197, 23.0528772], [72.5759389, 23.0536436], [72.5766195, 23.0547673], [72.5768741, 23.0551783], [72.5772256, 23.0557052], [72.5777164, 23.0562944], [72.577685, 23.0563223], [72.578296, 23.0570054], [72.5789295, 23.0577028], [72.5799795, 23.0586765], [72.5804771, 23.0590971], [72.5813747, 23.0598446], [72.5816339, 23.0600727], [72.5828541, 23.0610123], [72.5839436, 23.061816], [72.5847467, 23.0622154], [72.5855144, 23.0625732], [72.5866373, 23.063176], [72.5879911, 23.0638915], [72.5889262, 23.0643395], [72.5898507, 23.0648568], [72.5905206, 23.0652107], [72.5913751, 23.0657254], [72.5930964, 23.0669494], [72.594641, 23.0684969], [72.5952138, 23.0690151], [72.5957785, 23.0697449], [72.5964051, 23.0706088], [72.5974209, 23.0721729], [72.5983148, 23.0741773], [72.5987615, 23.0756158], [72.5987003, 23.0761211], [72.5985046, 23.0763204], [72.5986685, 23.0770843], [72.5989104, 23.0777267], [72.5990445, 23.0806126], [72.5989759, 23.0822486]]}}, {"type": "Feature", "properties": {"osm_id": 116801086, "osm_type": "way", "name": "ICD Khodiyar depot", "landuse": "industrial"}, "geometry": {"type": "LineString", "coordinates": [[72.5542824, 23.1699166], [72.5531178, 23.1701158], [72.5522104, 23.1700909], [72.5443826, 23.1657456], [72.5443962, 23.1647745], [72.5443555, 23.1639278], [72.5447483, 23.1631309], [72.5452223, 23.1617613], [72.5459265, 23.1604664], [72.5482559, 23.1615994], [72.5500164, 23.1627325], [72.5542824, 23.165011], [72.5541606, 23.1672522], [72.553998, 23.168186], [72.5542824, 23.1699166]]}}, {"type": "Feature", "properties": {"osm_id": 118695847, "osm_type": "way", "name": "Vishwakarma Government Engineering College, Chandkheda", "amenity": "college", "landuse": "residential"}, "geometry": {"type": "LineString", "coordinates": [[72.5947372, 23.1083971], [72.5965837, 23.1079573], [72.5968476, 23.1073286], [72.5967864, 23.1063643], [72.5969848, 23.1057592], [72.5946723, 23.1038359], [72.5943065, 23.1044286], [72.5924997, 23.103461], [72.5916704, 23.1050611], [72.5918326, 23.1056439], [72.5921091, 23.1055916], [72.592044, 23.106661], [72.5918245, 23.1067358], [72.5919058, 23.1073939], [72.5927184, 23.1072547], [72.5927352, 23.1072518], [72.5929547, 23.108052], [72.5947372, 23.1083971]]}}, {"type": "Feature", "properties": {"osm_id": 118696147, "osm_type": "way", "name": "Railway Colony", "landuse": "residential"}, "geometry": {"type": "LineString", "coordinates": [[72.5759628, 23.1004768], [72.5790302, 23.1025453], [72.581133, 23.1035321], [72.5817298, 23.1026473], [72.5825988, 23.101359], [72.5832874, 23.1001299], [72.5838582, 23.099111], [72.5851671, 23.0971017], [72.5840727, 23.0965491], [72.5850169, 23.0947924], [72.5850075, 23.0945861], [72.5842312, 23.0929657], [72.5838679, 23.0921944], [72.5834627, 23.0920461], [72.5841423, 23.0904808], [72.5824849, 23.0895578], [72.5816909, 23.0921277], [72.5778296, 23.0989571], [72.5759628, 23.1004768]]}}, {"type": "Feature", "properties": {"osm_id": 118696271, "osm_type": "way", "name": "Adarsh Nagar", "landuse": "residential"}, "geometry": {"type": "LineString", "coordinates": [[72.5691122, 23.1043356], [72.5699107, 23.1041686], [72.5702077, 23.1048965], [72.5706089, 23.10588], [72.5703398, 23.1059696], [72.5701314, 23.1060083], [72.5697283, 23.1056242], [72.5695199, 23.1053521], [72.569224, 23.1047804], [72.5691122, 23.1043356]]}}, {"type": "Feature", "properties": {"osm_id": 120327574, "osm_type": "way", "name": "Adhikar Society", "landuse": "residential"}, "geometry": {"type": "LineString", "coordinates": [[72.5681409, 23.1045334], [72.5689884, 23.1043557], [72.5696751, 23.105757], [72.5683372, 23.1060121], [72.5682181, 23.1054768], [72.5681838, 23.1053228], [72.5679799, 23.1046123], [72.5681409, 23.1045334]]}}, {"type": "Feature", "properties": {"osm_id": 120327575, "osm_type": "way", "name": "Abu Nagar", "landuse": "residential"}, "geometry": {"type": "LineString", "coordinates": [[72.5670251, 23.104484], [72.5673914, 23.1054965], [72.5681054, 23.1052562], [72.5678083, 23.1040202], [72.5672611, 23.1042275], [72.5670251, 23.104484]]}}, {"type": "Feature", "properties": {"osm_id": 141607197, "osm_type": "way", "name": "", "natural": "water"}, "geometry": {"type": "LineString", "coordinates": [[72.5858116, 23.1630293], [72.5855112, 23.163345], [72.5854254, 23.163345], [72.585361, 23.1634042], [72.5854683, 23.1635028], [72.5855112, 23.1634239], [72.5855327, 23.1634436], [72.5854468, 23.163562], [72.5854468, 23.1636409], [72.585597, 23.1636212], [72.5857687, 23.1636606], [72.5858116, 23.1636212], [72.5858974, 23.1636212], [72.5860691, 23.1636606], [72.586112, 23.1637001], [72.5862837, 23.1637001], [72.5864553, 23.1635817], [72.5864339, 23.1636803], [72.5864983, 23.1637001], [72.5865197, 23.1634831], [72.5866914, 23.1632069], [72.5866485, 23.1630491], [72.5864124, 23.1631082], [72.5863481, 23.1630491], [72.5863266, 23.162832], [72.586112, 23.162832], [72.5860262, 23.1627926], [72.5858974, 23.162911], [72.5858116, 23.1630293]]}}, {"type": "Feature", "properties": {"osm_id": 297224085, "osm_type": "way", "name": "Anand Party Plot", "landuse": "commercial"}, "geometry": {"type": "LineString", "coordinates": [[72.559907, 23.0860244], [72.5601934, 23.0860667], [72.5603178, 23.0854243], [72.5599812, 23.0853702], [72.559907, 23.0860244]]}}, {"type": "Feature", "properties": {"osm_id": 297225637, "osm_type": "way", "name": "Chandlodia Lake", "landuse": "basin", "natural": "water"}, "geometry": {"type": "LineString", "coordinates": [[72.5513157, 23.0844669], [72.5514632, 23.0845631], [72.5517046, 23.0845582], [72.551887, 23.0845162], [72.5528795, 23.0843114], [72.553027, 23.0841412], [72.5530377, 23.0839684], [72.5530055, 23.0838253], [72.552571, 23.0834725], [72.5525576, 23.0834601], [72.5525817, 23.0833911], [72.5524905, 23.0833343], [72.5521982, 23.0832356], [72.552107, 23.0832208], [72.5520667, 23.0830728], [72.5517422, 23.0832331], [72.5514847, 23.0834601], [72.5512353, 23.0839043], [72.5512138, 23.0841831], [72.5513157, 23.0844669]]}}, {"type": "Feature", "properties": {"osm_id": 297316929, "osm_type": "way", "name": "Auda Lake", "natural": "water"}, "geometry": {"type": "LineString", "coordinates": [[72.5631975, 23.0882751], [72.5634804, 23.0882983], [72.5637066, 23.0881422], [72.5637569, 23.087749], [72.5637066, 23.0872055], [72.5635809, 23.0870667], [72.5630467, 23.0871072], [72.5627701, 23.0876738], [72.562877, 23.0880439], [72.5630278, 23.0882058], [72.5631975, 23.0882751]]}}, {"type": "Feature", "properties": {"osm_id": 297317215, "osm_type": "way", "name": "Rajdhani Bungalows", "landuse": "residential"}, "geometry": {"type": "LineString", "coordinates": [[72.5640467, 23.089156], [72.5651094, 23.0890738], [72.564904, 23.0881866], [72.564136, 23.0883099], [72.5641807, 23.0885645], [72.5639217, 23.088622], [72.5640467, 23.089156]]}}, {"type": "Feature", "properties": {"osm_id": 326848219, "osm_type": "way", "name": "", "landuse": "industrial"}, "geometry": {"type": "LineString", "coordinates": [[72.5673038, 23.0914362], [72.5748554, 23.0880568], [72.5748629, 23.0896492], [72.5743036, 23.0899377], [72.5743754, 23.0900803], [72.5748682, 23.0901986], [72.5754744, 23.0906723], [72.5754636, 23.0908648], [72.5741826, 23.0906087], [72.5736648, 23.0904662], [72.5735023, 23.0905462], [72.5737669, 23.0910086], [72.5719502, 23.0913072], [72.5713141, 23.0913367], [72.5711965, 23.0905599], [72.5689997, 23.0915924], [72.5689676, 23.0920497], [72.569144, 23.0922808], [72.5689623, 23.0924233], [72.56761, 23.0921332], [72.5673038, 23.0914362]]}}, {"type": "Feature", "properties": {"osm_id": 327226542, "osm_type": "way", "name": "Bhat GIDC", "landuse": "industrial"}, "geometry": {"type": "LineString", "coordinates": [[72.6173347, 23.0942562], [72.618247, 23.0942331], [72.6201445, 23.0940733], [72.6216154, 23.095196], [72.6220077, 23.0949331], [72.6223008, 23.0949605], [72.6234383, 23.0950586], [72.6245364, 23.0953678], [72.6251036, 23.0956651], [72.6252112, 23.0956719], [72.6253209, 23.0956905], [72.6254132, 23.0957178], [72.6254674, 23.0957938], [72.6255301, 23.0958727], [72.6256161, 23.0959263], [72.6259879, 23.0959903], [72.626145, 23.0960065], [72.6264477, 23.0961008], [72.6265629, 23.0961413], [72.6268885, 23.096403], [72.629247, 23.0967249], [72.6292389, 23.0969162], [72.6290903, 23.1004177], [72.6200663, 23.0975345], [72.6194901, 23.0970872], [72.6191071, 23.0968009], [72.6183147, 23.096422], [72.6173024, 23.0963881], [72.6170553, 23.096329], [72.6170049, 23.0962363], [72.6170031, 23.0961235], [72.6169639, 23.09593], [72.617021, 23.0956259], [72.6173347, 23.0942562]]}}, {"type": "Feature", "properties": {"osm_id": 338847131, "osm_type": "way", "name": "", "landuse": "residential"}, "geometry": {"type": "LineString", "coordinates": [[72.6027607, 23.1965037], [72.6080625, 23.1894235], [72.6112884, 23.1910945], [72.615305, 23.1931751], [72.6140245, 23.199023], [72.6133643, 23.1991885], [72.6128241, 23.1975702], [72.6119919, 23.1979699], [72.6106033, 23.1986368], [72.6085226, 23.200016], [72.6027607, 23.1965037]]}}, {"type": "Feature", "properties": {"osm_id": 339747755, "osm_type": "way", "name": "Sargasan", "landuse": "residential"}, "geometry": {"type": "LineString", "coordinates": [[72.6130029, 23.1836986], [72.6143785, 23.1841155], [72.6143405, 23.1846587], [72.6143321, 23.1848608], [72.6146719, 23.1848726], [72.6146461, 23.185507], [72.614645, 23.1857369], [72.6146598, 23.1862355], [72.6146929, 23.186911], [72.6150889, 23.1868945], [72.6158749, 23.1866027], [72.6157948, 23.1861468], [72.6159669, 23.1861876], [72.6160896, 23.1857508], [72.6166413, 23.1851325], [72.616989, 23.1844447], [72.6170343, 23.1827356], [72.6154471, 23.1819158], [72.6153111, 23.1819922], [72.6153034, 23.1827576], [72.6161932, 23.1827512], [72.6161954, 23.1828884], [72.6158704, 23.1829787], [72.6155529, 23.1831733], [72.615296, 23.1831663], [72.6145043, 23.1826564], [72.614226, 23.1824707], [72.6134896, 23.1834026], [72.6130029, 23.1836986]]}}, {"type": "Feature", "properties": {"osm_id": 343143991, "osm_type": "way", "name": "Sabarmati Society", "landuse": "residential"}, "geometry": {"type": "LineString", "coordinates": [[72.5916354, 23.0785818], [72.5913735, 23.0790693], [72.5914413, 23.0791033], [72.5911424, 23.0796588], [72.5913029, 23.0797275], [72.5916863, 23.0798916], [72.5923772, 23.0801873], [72.5927443, 23.0794659], [72.5923205, 23.0791571], [72.5922612, 23.079223], [72.5919023, 23.0789757], [72.5919883, 23.0788553], [72.5916354, 23.0785818]]}}, {"type": "Feature", "properties": {"osm_id": 343146002, "osm_type": "way", "name": "Varsoda ni Chali", "landuse": "residential"}, "geometry": {"type": "LineString", "coordinates": [[72.5901645, 23.0811014], [72.5917268, 23.0816942], [72.5924413, 23.0802383], [72.5897666, 23.0790706], [72.590009, 23.0799062], [72.5901645, 23.0811014]]}}, {"type": "Feature", "properties": {"osm_id": 343148383, "osm_type": "way", "name": "Dhaneshwar Society", "landuse": "residential"}, "geometry": {"type": "LineString", "coordinates": [[72.592496, 23.0802026], [72.5930124, 23.0803871], [72.5931719, 23.0800589], [72.5929926, 23.0799757], [72.593116, 23.0797654], [72.5928068, 23.0795884], [72.592496, 23.0802026]]}}, {"type": "Feature", "properties": {"osm_id": 368448368, "osm_type": "way", "name": "", "natural": "grassland", "building": "yes"}, "geometry": {"type": "LineString", "coordinates": [[72.5299616, 23.0961957], [72.5299841, 23.0962941], [72.5302391, 23.0962447], [72.5302346, 23.0962251], [72.5305282, 23.0961682], [72.5305101, 23.0960894], [72.5299616, 23.0961957]]}}, {"type": "Feature", "properties": {"osm_id": 368448392, "osm_type": "way", "name": "", "natural": "grassland", "building": "yes"}, "geometry": {"type": "LineString", "coordinates": [[72.5299334, 23.0961155], [72.5301607, 23.0960589], [72.530169, 23.0960871], [72.5304383, 23.0960201], [72.5303993, 23.0958876], [72.5301945, 23.0959386], [72.5301701, 23.0958555], [72.5299402, 23.0959174], [72.5299334, 23.0961155]]}}, {"type": "Feature", "properties": {"osm_id": 368571574, "osm_type": "way", "name": "", "natural": "grassland"}, "geometry": {"type": "LineString", "coordinates": [[72.5314397, 23.1026168], [72.5314057, 23.1026315], [72.531382, 23.1026526], [72.5313436, 23.102706], [72.5313303, 23.1027688], [72.5313442, 23.1028316], [72.5313831, 23.1028846], [72.5314363, 23.1029288], [72.5315129, 23.1029447], [72.5315846, 23.1029303], [72.5316406, 23.1028872], [72.5316737, 23.1028302], [72.53168, 23.102769], [72.5316688, 23.1027059], [72.5316342, 23.1026516], [72.5315784, 23.1026139], [72.5315433, 23.1026021], [72.5315075, 23.1025964], [72.5314684, 23.1026045], [72.5314397, 23.1026168]]}}, {"type": "Feature", "properties": {"osm_id": 368571581, "osm_type": "way", "name": "", "natural": "grassland"}, "geometry": {"type": "LineString", "coordinates": [[72.5315269, 23.1030482], [72.5318596, 23.102941], [72.5317583, 23.1025386], [72.5316999, 23.1026216], [72.5317329, 23.1027336], [72.5317293, 23.1028514], [72.5317034, 23.1029168], [72.5316499, 23.1029682], [72.531587, 23.1029973], [72.5315229, 23.1030214], [72.5315269, 23.1030482]]}}, {"type": "Feature", "properties": {"osm_id": 368571670, "osm_type": "way", "name": "", "natural": "grassland"}, "geometry": {"type": "LineString", "coordinates": [[72.5301682, 23.1087928], [72.5303514, 23.1087542], [72.530277, 23.1084552], [72.5300937, 23.1084938], [72.5301682, 23.1087928]]}}, {"type": "Feature", "properties": {"osm_id": 368571795, "osm_type": "way", "name": "", "natural": "grassland"}, "geometry": {"type": "LineString", "coordinates": [[72.5313173, 23.103037], [72.5314387, 23.1029935], [72.5314084, 23.1029818], [72.5313822, 23.1029661], [72.5313418, 23.1029343], [72.5313121, 23.102896], [72.5312744, 23.1029065], [72.5313173, 23.103037]]}}, {"type": "Feature", "properties": {"osm_id": 368571801, "osm_type": "way", "name": "", "natural": "grassland"}, "geometry": {"type": "LineString", "coordinates": [[72.5311968, 23.102619], [72.5312401, 23.1027793], [72.5312799, 23.1027629], [72.5312824, 23.1027231], [72.531294, 23.1026859], [72.5313122, 23.1026561], [72.5313401, 23.1026158], [72.5313661, 23.1025746], [72.5311968, 23.102619]]}}, {"type": "Feature", "properties": {"osm_id": 368592273, "osm_type": "way", "name": "", "natural": "grassland"}, "geometry": {"type": "LineString", "coordinates": [[72.5366709, 23.1340874], [72.5366477, 23.1341443], [72.5366499, 23.134205], [72.5366773, 23.1342603], [72.5367255, 23.1343018], [72.5367874, 23.1343232], [72.5368535, 23.1343211], [72.5369137, 23.134296], [72.5369588, 23.1342516], [72.536982, 23.1341947], [72.5369867, 23.1341583], [72.5369833, 23.1341282], [72.5369724, 23.1340976], [72.5368081, 23.134003], [72.5367515, 23.1340166], [72.5367111, 23.134039], [72.5366709, 23.1340874]]}}, {"type": "Feature", "properties": {"osm_id": 368592282, "osm_type": "way", "name": "", "natural": "grassland"}, "geometry": {"type": "LineString", "coordinates": [[72.5398787, 23.1310369], [72.5398355, 23.1309014], [72.5395975, 23.130963], [72.5396862, 23.1312477], [72.5396996, 23.1312781], [72.5397246, 23.1313013], [72.5397574, 23.1313141], [72.539793, 23.1313143], [72.5400792, 23.1312469], [72.5400115, 23.131001], [72.5398787, 23.1310369]]}}, {"type": "Feature", "properties": {"osm_id": 368592283, "osm_type": "way", "name": "", "natural": "grassland"}, "geometry": {"type": "LineString", "coordinates": [[72.5402454, 23.1309452], [72.5401317, 23.1309773], [72.5402136, 23.1312377], [72.540485, 23.1311593], [72.5405184, 23.1311479], [72.5405444, 23.1311256], [72.5405592, 23.1310958], [72.5405604, 23.1310631], [72.5404767, 23.1307622], [72.5402102, 23.1308221], [72.5402454, 23.1309452]]}}, {"type": "Feature", "properties": {"osm_id": 368592284, "osm_type": "way", "name": "", "natural": "grassland"}, "geometry": {"type": "LineString", "coordinates": [[72.5397789, 23.1306972], [72.5399274, 23.1306612], [72.539856, 23.1304158], [72.5395846, 23.1304944], [72.5395513, 23.1305059], [72.5395253, 23.1305283], [72.5395105, 23.1305581], [72.5395093, 23.1305908], [72.5395813, 23.1308754], [72.5398143, 23.1308203], [72.5397789, 23.1306972]]}}, {"type": "Feature", "properties": {"osm_id": 368592285, "osm_type": "way", "name": "", "natural": "grassland"}, "geometry": {"type": "LineString", "coordinates": [[72.5372975, 23.1337867], [72.5374963, 23.1338883], [72.5377635, 23.1334548], [72.537729, 23.1333492], [72.5375403, 23.133243], [72.5374693, 23.133345], [72.5375663, 23.1333929], [72.5375158, 23.1334731], [72.5375857, 23.1335104], [72.5374937, 23.1336527], [72.5374146, 23.1336151], [72.5372975, 23.1337867]]}}, {"type": "Feature", "properties": {"osm_id": 368592286, "osm_type": "way", "name": "", "natural": "grassland"}, "geometry": {"type": "LineString", "coordinates": [[72.5401717, 23.1305946], [72.54022, 23.1307377], [72.5404122, 23.1306851], [72.5404527, 23.1306175], [72.5403676, 23.1303835], [72.5403528, 23.1303515], [72.5403259, 23.1303272], [72.5402909, 23.1303142], [72.5402531, 23.1303145], [72.5399505, 23.1303903], [72.5400314, 23.1306346], [72.5401717, 23.1305946]]}}, {"type": "Feature", "properties": {"osm_id": 368592289, "osm_type": "way", "name": "", "natural": "grassland"}, "geometry": {"type": "LineString", "coordinates": [[72.5331417, 23.106696], [72.5336323, 23.1066615], [72.5335942, 23.106528], [72.5335144, 23.1065327], [72.5335186, 23.1065925], [72.5333187, 23.1066043], [72.5333146, 23.1065444], [72.5332856, 23.1065461], [72.5332844, 23.1063854], [72.5331433, 23.1063863], [72.5331445, 23.1065544], [72.5331442, 23.1065544], [72.5331445, 23.1065583], [72.5331417, 23.106696]]}}, {"type": "Feature", "properties": {"osm_id": 368592295, "osm_type": "way", "name": "", "natural": "grassland"}, "geometry": {"type": "LineString", "coordinates": [[72.5369712, 23.1335788], [72.5370833, 23.1333949], [72.5369979, 23.1333567], [72.537061, 23.1332468], [72.537142, 23.1332921], [72.5371975, 23.1332128], [72.5372917, 23.1332626], [72.537361, 23.1331456], [72.5371519, 23.1330335], [72.5370435, 23.1330581], [72.5368388, 23.1334096], [72.5368316, 23.1334356], [72.5368327, 23.1334625], [72.5368416, 23.1334889], [72.5368576, 23.1335098], [72.5368828, 23.1335333], [72.5369712, 23.1335788]]}}, {"type": "Feature", "properties": {"osm_id": 368592312, "osm_type": "way", "name": "", "natural": "grassland"}, "geometry": {"type": "LineString", "coordinates": [[72.5372308, 23.1329874], [72.5377404, 23.1332344], [72.5380044, 23.1327737], [72.5374948, 23.1325267], [72.5372308, 23.1329874]]}}, {"type": "Feature", "properties": {"osm_id": 368592314, "osm_type": "way", "name": "", "natural": "grassland"}, "geometry": {"type": "LineString", "coordinates": [[72.5369589, 23.1340001], [72.537044, 23.1340461], [72.5371075, 23.1339469], [72.5370224, 23.1339009], [72.5369589, 23.1340001]]}}, {"type": "Feature", "properties": {"osm_id": 368592316, "osm_type": "way", "name": "", "natural": "grassland"}, "geometry": {"type": "LineString", "coordinates": [[72.5407224, 23.1320152], [72.5409551, 23.1319654], [72.5408771, 23.1316572], [72.5406444, 23.131707], [72.5407224, 23.1320152]]}}, {"type": "Feature", "properties": {"osm_id": 368592325, "osm_type": "way", "name": "", "natural": "grassland"}, "geometry": {"type": "LineString", "coordinates": [[72.5374234, 23.1319761], [72.5379825, 23.1318337], [72.5377143, 23.1309431], [72.5371551, 23.1310855], [72.5374234, 23.1319761]]}}, {"type": "Feature", "properties": {"osm_id": 368592326, "osm_type": "way", "name": "", "natural": "grassland"}, "geometry": {"type": "LineString", "coordinates": [[72.5368145, 23.1339198], [72.536896, 23.133964], [72.5369602, 23.1338639], [72.5368787, 23.1338198], [72.5368145, 23.1339198]]}}, {"type": "Feature", "properties": {"osm_id": 368592327, "osm_type": "way", "name": "", "natural": "grassland", "building": "yes"}, "geometry": {"type": "LineString", "coordinates": [[72.5331249, 23.1062629], [72.5334553, 23.1062863], [72.5334007, 23.1061476], [72.5331765, 23.1061755], [72.5331249, 23.1062629]]}}, {"type": "Feature", "properties": {"osm_id": 368608150, "osm_type": "way", "name": "", "natural": "grassland", "building": "yes"}, "geometry": {"type": "LineString", "coordinates": [[72.5332345, 23.1137623], [72.5344271, 23.1137569], [72.5344308, 23.1135431], [72.5343741, 23.1135423], [72.5343798, 23.1132098], [72.5343552, 23.1132094], [72.5343581, 23.1130405], [72.534214, 23.1130384], [72.5342166, 23.1128901], [72.5332021, 23.1128444], [72.5332345, 23.1137623]]}}, {"type": "Feature", "properties": {"osm_id": 368608155, "osm_type": "way", "name": "", "natural": "grassland"}, "geometry": {"type": "LineString", "coordinates": [[72.5381369, 23.1248338], [72.5381763, 23.1249103], [72.5383401, 23.1248389], [72.5384015, 23.124958], [72.5384699, 23.1249282], [72.5385375, 23.1250595], [72.5387439, 23.1249828], [72.538659, 23.124702], [72.5388084, 23.1246549], [72.5388943, 23.1249269], [72.5389954, 23.1249005], [72.5389746, 23.1246827], [72.5389336, 23.1245684], [72.5385504, 23.1246863], [72.5381369, 23.1248338]]}}, {"type": "Feature", "properties": {"osm_id": 368608157, "osm_type": "way", "name": "", "natural": "grassland"}, "geometry": {"type": "LineString", "coordinates": [[72.5315052, 23.1240245], [72.5319424, 23.1239888], [72.5319205, 23.1237618], [72.5316976, 23.12378], [72.5317016, 23.1238217], [72.5316234, 23.1238281], [72.5316194, 23.1237864], [72.5315718, 23.1237903], [72.5315703, 23.1237749], [72.5315302, 23.1237781], [72.5315254, 23.1237284], [72.531477, 23.1237323], [72.5315052, 23.1240245]]}}, {"type": "Feature", "properties": {"osm_id": 368608162, "osm_type": "way", "name": "", "natural": "grassland"}, "geometry": {"type": "LineString", "coordinates": [[72.53225, 23.1238712], [72.5322079, 23.1234351], [72.532001, 23.123452], [72.5320066, 23.1235103], [72.5319042, 23.1235187], [72.531896, 23.1234338], [72.5318313, 23.1234391], [72.5318425, 23.1235559], [72.5321113, 23.123534], [72.5321242, 23.1236679], [72.5320683, 23.1237356], [72.5320092, 23.1237404], [72.5320128, 23.1237784], [72.5320751, 23.1237733], [72.5320859, 23.1238846], [72.53225, 23.1238712]]}}, {"type": "Feature", "properties": {"osm_id": 368608163, "osm_type": "way", "name": "", "natural": "grassland"}, "geometry": {"type": "LineString", "coordinates": [[72.539616, 23.1280835], [72.5396383, 23.128105], [72.5396721, 23.1281172], [72.5397523, 23.1281068], [72.5398123, 23.1280797], [72.5398379, 23.1280492], [72.5398416, 23.1280234], [72.5397461, 23.1276976], [72.5397193, 23.1276652], [72.5396791, 23.1276554], [72.5396387, 23.1276592], [72.5395833, 23.1276716], [72.5395373, 23.1276981], [72.5395173, 23.1277218], [72.5395138, 23.1277498], [72.539616, 23.1280835]]}}, {"type": "Feature", "properties": {"osm_id": 368608164, "osm_type": "way", "name": "", "natural": "grassland"}, "geometry": {"type": "LineString", "coordinates": [[72.5394021, 23.1283319], [72.5394228, 23.1283499], [72.5394532, 23.1283592], [72.5395232, 23.1283468], [72.5395747, 23.1283204], [72.5395958, 23.1282925], [72.5395978, 23.1282696], [72.5394977, 23.1279867], [72.5394726, 23.1279593], [72.5394367, 23.1279523], [72.5394012, 23.1279574], [72.5393531, 23.1279706], [72.5393139, 23.1279958], [72.5392974, 23.1280175], [72.5392957, 23.1280424], [72.5394021, 23.1283319]]}}, {"type": "Feature", "properties": {"osm_id": 368608182, "osm_type": "way", "name": "", "natural": "grassland"}, "geometry": {"type": "LineString", "coordinates": [[72.5322832, 23.127825], [72.5324318, 23.1278205], [72.5324276, 23.1277031], [72.5322791, 23.1277075], [72.5322832, 23.127825]]}}, {"type": "Feature", "properties": {"osm_id": 368608190, "osm_type": "way", "name": "", "natural": "grassland"}, "geometry": {"type": "LineString", "coordinates": [[72.5386827, 23.1293935], [72.5389072, 23.1293593], [72.5388684, 23.1291435], [72.5386439, 23.1291777], [72.5386827, 23.1293935]]}}, {"type": "Feature", "properties": {"osm_id": 368608194, "osm_type": "way", "name": "", "natural": "grassland"}, "geometry": {"type": "LineString", "coordinates": [[72.530879, 23.1276616], [72.5311812, 23.1276391], [72.5311691, 23.1275019], [72.5308723, 23.1274827], [72.530879, 23.1276616]]}}, {"type": "Feature", "properties": {"osm_id": 368608206, "osm_type": "way", "name": "", "natural": "grassland"}, "geometry": {"type": "LineString", "coordinates": [[72.5365899, 23.1229454], [72.5368653, 23.1229551], [72.5368743, 23.1227369], [72.536599, 23.1227273], [72.5365899, 23.1229454]]}}, {"type": "Feature", "properties": {"osm_id": 368608228, "osm_type": "way", "name": "", "natural": "grassland"}, "geometry": {"type": "LineString", "coordinates": [[72.5325766, 23.1273521], [72.5325472, 23.1271114], [72.5325956, 23.1270582], [72.5327558, 23.1270451], [72.5328848, 23.126923], [72.5330469, 23.1269169], [72.5330744, 23.1271925], [72.5329682, 23.1273312], [72.5325766, 23.1273521]]}}, {"type": "Feature", "properties": {"osm_id": 368608286, "osm_type": "way", "name": "", "natural": "grassland", "building": "yes"}, "geometry": {"type": "LineString", "coordinates": [[72.5317328, 23.1241573], [72.5317266, 23.1240731], [72.5315048, 23.124087], [72.5315219, 23.1243176], [72.5316057, 23.1243123], [72.5316165, 23.1244574], [72.5317544, 23.1244488], [72.5317461, 23.1243372], [72.5316698, 23.1243003], [72.5316501, 23.1242596], [72.5316472, 23.1242262], [72.5316658, 23.1241847], [72.531713, 23.1241585], [72.5317328, 23.1241573]]}}, {"type": "Feature", "properties": {"osm_id": 368608294, "osm_type": "way", "name": "", "natural": "grassland", "building": "yes"}, "geometry": {"type": "LineString", "coordinates": [[72.5349744, 23.112166], [72.5351416, 23.1121299], [72.5350739, 23.1118646], [72.5349067, 23.1119007], [72.5349744, 23.112166]]}}, {"type": "Feature", "properties": {"osm_id": 368608298, "osm_type": "way", "name": "", "natural": "grassland"}, "geometry": {"type": "LineString", "coordinates": [[72.5325052, 23.1242742], [72.5330453, 23.1242307], [72.533028, 23.1240484], [72.5324878, 23.1240919], [72.5325052, 23.1242742]]}}, {"type": "Feature", "properties": {"osm_id": 368608302, "osm_type": "way", "name": "", "natural": "grassland"}, "geometry": {"type": "LineString", "coordinates": [[72.5365464, 23.123277], [72.5368746, 23.1232957], [72.5368932, 23.1230193], [72.536565, 23.1230006], [72.5365464, 23.123277]]}}, {"type": "Feature", "properties": {"osm_id": 368608314, "osm_type": "way", "name": "", "natural": "grassland"}, "geometry": {"type": "LineString", "coordinates": [[72.5376726, 23.1290414], [72.5376794, 23.1290161], [72.5376781, 23.1289866], [72.5376794, 23.1289645], [72.5376704, 23.1289458], [72.53764, 23.1289271], [72.5375811, 23.1288987], [72.5375199, 23.1288842], [72.5374896, 23.1288808], [72.5374545, 23.1288889], [72.537446, 23.1288943], [72.5374091, 23.1289046], [72.5373849, 23.128904], [72.5373596, 23.1288977], [72.5373422, 23.1288859], [72.5373232, 23.1288587], [72.5373187, 23.1288216], [72.5372474, 23.1288302], [72.5371813, 23.128847], [72.5370703, 23.1288615], [72.5369488, 23.1288642], [72.5368701, 23.1288475], [72.5368431, 23.1288306], [72.5367466, 23.1288043], [72.5366673, 23.1287767], [72.5365827, 23.1288081], [72.5365176, 23.1288668], [72.536482, 23.1289441], [72.5364811, 23.1290279], [72.5364867, 23.1290955], [72.5364982, 23.1293338], [72.5365053, 23.1293934], [72.5365249, 23.1294508], [72.5365535, 23.1294823], [72.5365966, 23.1295112], [72.5366248, 23.1295248], [72.5366899, 23.1295302], [72.5367282, 23.1295309], [72.5370895, 23.1295647], [72.5370421, 23.1294362], [72.5370786, 23.1293891], [72.5375438, 23.1294361], [72.5375908, 23.129381], [72.5376093, 23.1293563], [72.5376287, 23.1293278], [72.5376726, 23.1290414]]}}, {"type": "Feature", "properties": {"osm_id": 368608318, "osm_type": "way", "name": "", "natural": "grassland"}, "geometry": {"type": "LineString", "coordinates": [[72.5388085, 23.1302548], [72.5392596, 23.130143], [72.5392483, 23.1301044], [72.5387417, 23.1298018], [72.5386803, 23.129817], [72.5388085, 23.1302548]]}}, {"type": "Feature", "properties": {"osm_id": 368608319, "osm_type": "way", "name": "", "natural": "grassland"}, "geometry": {"type": "LineString", "coordinates": [[72.5320035, 23.1233918], [72.532187, 23.1233816], [72.5321742, 23.1231866], [72.5319514, 23.123199], [72.531962, 23.1233597], [72.5320035, 23.1233918]]}}, {"type": "Feature", "properties": {"osm_id": 368608321, "osm_type": "way", "name": "", "natural": "grassland"}, "geometry": {"type": "LineString", "coordinates": [[72.5340507, 23.1116546], [72.5346032, 23.1115395], [72.5347257, 23.1116148], [72.5345639, 23.1108735], [72.5338907, 23.1110049], [72.5340507, 23.1116546]]}}, {"type": "Feature", "properties": {"osm_id": 368608322, "osm_type": "way", "name": "", "natural": "grassland"}, "geometry": {"type": "LineString", "coordinates": [[72.5396414, 23.127525], [72.5397509, 23.1275011], [72.5396952, 23.1272962], [72.5396321, 23.127274], [72.5395783, 23.1272806], [72.5396414, 23.127525]]}}, {"type": "Feature", "properties": {"osm_id": 368608325, "osm_type": "way", "name": "", "natural": "grassland"}, "geometry": {"type": "LineString", "coordinates": [[72.5302267, 23.1272193], [72.5305808, 23.1272031], [72.5305556, 23.126735], [72.5303907, 23.1267425], [72.5303953, 23.1268293], [72.5302061, 23.1268379], [72.5302267, 23.1272193]]}}, {"type": "Feature", "properties": {"osm_id": 368608333, "osm_type": "way", "name": "", "natural": "grassland"}, "geometry": {"type": "LineString", "coordinates": [[72.5379296, 23.1296091], [72.5382604, 23.1295379], [72.5382875, 23.1287017], [72.5389769, 23.1284931], [72.5387972, 23.127876], [72.5380989, 23.1280868], [72.5379296, 23.1296091]]}}, {"type": "Feature", "properties": {"osm_id": 368608335, "osm_type": "way", "name": "", "natural": "grassland"}, "geometry": {"type": "LineString", "coordinates": [[72.5299541, 23.1277983], [72.5305057, 23.1278546], [72.5305305, 23.1275566], [72.5304481, 23.1275497], [72.5304494, 23.1275204], [72.5299397, 23.1274779], [72.5299541, 23.1277983]]}}, {"type": "Feature", "properties": {"osm_id": 368608338, "osm_type": "way", "name": "", "natural": "grassland"}, "geometry": {"type": "LineString", "coordinates": [[72.5307395, 23.1265261], [72.5308839, 23.1265148], [72.5308792, 23.1264637], [72.530852, 23.1264658], [72.5308484, 23.1264265], [72.5307311, 23.1264357], [72.5307395, 23.1265261]]}}, {"type": "Feature", "properties": {"osm_id": 368608345, "osm_type": "way", "name": "", "natural": "grassland"}, "geometry": {"type": "LineString", "coordinates": [[72.530688, 23.1268612], [72.5308015, 23.1268624], [72.5308104, 23.1268981], [72.5313308, 23.1269036], [72.5312717, 23.1263757], [72.5308907, 23.1263869], [72.5309053, 23.1265508], [72.5306764, 23.1265583], [72.530688, 23.1268612]]}}, {"type": "Feature", "properties": {"osm_id": 368608350, "osm_type": "way", "name": "", "natural": "grassland"}, "geometry": {"type": "LineString", "coordinates": [[72.5318038, 23.1273856], [72.5321633, 23.1273592], [72.5321386, 23.1270749], [72.5322123, 23.1270695], [72.5321988, 23.1269151], [72.5321252, 23.1269205], [72.5321194, 23.1268547], [72.5317599, 23.1268811], [72.5318038, 23.1273856]]}}, {"type": "Feature", "properties": {"osm_id": 368608354, "osm_type": "way", "name": "", "natural": "grassland"}, "geometry": {"type": "LineString", "coordinates": [[72.5314907, 23.12344], [72.5316302, 23.1234288], [72.5316494, 23.1234057], [72.5317078, 23.1234011], [72.531735, 23.1234204], [72.5318783, 23.123409], [72.5319288, 23.123359], [72.5319147, 23.1232088], [72.5314722, 23.1232441], [72.5314907, 23.12344]]}}, {"type": "Feature", "properties": {"osm_id": 368738860, "osm_type": "way", "name": "", "natural": "grassland"}, "geometry": {"type": "LineString", "coordinates": [[72.5497288, 23.1336818], [72.5497142, 23.1337046], [72.5497102, 23.1337308], [72.5497174, 23.1337563], [72.5497347, 23.1337774], [72.5497595, 23.1337908], [72.5497879, 23.1337945], [72.5498158, 23.1337879], [72.5498387, 23.133772], [72.5498533, 23.1337492], [72.5498573, 23.133723], [72.54985, 23.1336975], [72.5498328, 23.1336764], [72.549808, 23.133663], [72.5497795, 23.1336593], [72.5497517, 23.1336659], [72.5497288, 23.1336818]]}}, {"type": "Feature", "properties": {"osm_id": 368738883, "osm_type": "way", "name": "", "natural": "grassland", "building": "yes"}, "geometry": {"type": "LineString", "coordinates": [[72.5437699, 23.1331972], [72.5438338, 23.1331881], [72.5438074, 23.133031], [72.5440001, 23.1330036], [72.5439525, 23.1327205], [72.5435753, 23.1327741], [72.5436368, 23.1331398], [72.5437699, 23.1331972]]}}, {"type": "Feature", "properties": {"osm_id": 368740923, "osm_type": "way", "name": "", "natural": "grassland", "building": "yes"}, "geometry": {"type": "LineString", "coordinates": [[72.5736579, 23.1223438], [72.5737416, 23.1223488], [72.5737565, 23.1221366], [72.5736727, 23.1221317], [72.5736579, 23.1223438]]}}, {"type": "Feature", "properties": {"osm_id": 368740944, "osm_type": "way", "name": "", "natural": "grassland", "building": "yes"}, "geometry": {"type": "LineString", "coordinates": [[72.5774921, 23.1178735], [72.5776431, 23.1177859], [72.5775841, 23.1176999], [72.5774546, 23.117775], [72.577468, 23.1177946], [72.5774465, 23.1178071], [72.5774921, 23.1178735]]}}, {"type": "Feature", "properties": {"osm_id": 368740946, "osm_type": "way", "name": "", "natural": "grassland", "building": "yes"}, "geometry": {"type": "LineString", "coordinates": [[72.5812788, 23.1180816], [72.5818114, 23.1180318], [72.5818616, 23.1178205], [72.5813029, 23.1178334], [72.581294, 23.1178343], [72.581272, 23.1178331], [72.5812627, 23.1179843], [72.5812847, 23.1179855], [72.5812788, 23.1180816]]}}, {"type": "Feature", "properties": {"osm_id": 368746268, "osm_type": "way", "name": "", "natural": "grassland"}, "geometry": {"type": "LineString", "coordinates": [[72.5773545, 23.1232173], [72.5776304, 23.1231992], [72.5776249, 23.1231291], [72.5773491, 23.1231472], [72.5773545, 23.1232173]]}}, {"type": "Feature", "properties": {"osm_id": 368748187, "osm_type": "way", "name": "", "natural": "grassland"}, "geometry": {"type": "LineString", "coordinates": [[72.5773433, 23.1213395], [72.577451, 23.1213331], [72.5774612, 23.1214793], [72.5775253, 23.1214755], [72.5774973, 23.1210752], [72.5773255, 23.1210853], [72.5773433, 23.1213395]]}}, {"type": "Feature", "properties": {"osm_id": 368748189, "osm_type": "way", "name": "", "natural": "grassland", "building": "yes"}, "geometry": {"type": "LineString", "coordinates": [[72.5770214, 23.1206707], [72.5773022, 23.1206742], [72.5773014, 23.1207283], [72.5774052, 23.1207296], [72.5774059, 23.1206855], [72.5774858, 23.1206865], [72.5774867, 23.120626], [72.5770222, 23.1206202], [72.5770214, 23.1206707]]}}, {"type": "Feature", "properties": {"osm_id": 368777569, "osm_type": "way", "name": "", "natural": "grassland"}, "geometry": {"type": "LineString", "coordinates": [[72.5775635, 23.122085], [72.5776139, 23.1220833], [72.5776089, 23.1219549], [72.5775585, 23.1219566], [72.5775635, 23.122085]]}}, {"type": "Feature", "properties": {"osm_id": 368777571, "osm_type": "way", "name": "", "natural": "grassland"}, "geometry": {"type": "LineString", "coordinates": [[72.5782175, 23.122004], [72.5783285, 23.1220025], [72.5782809, 23.1217438], [72.5782126, 23.1217044], [72.5782175, 23.122004]]}}, {"type": "Feature", "properties": {"osm_id": 368777576, "osm_type": "way", "name": "", "natural": "grassland", "building": "yes"}, "geometry": {"type": "LineString", "coordinates": [[72.5799049, 23.1221168], [72.5802138, 23.122075], [72.5797645, 23.1211662], [72.5797387, 23.1211733], [72.5799049, 23.1221168]]}}, {"type": "Feature", "properties": {"osm_id": 368777578, "osm_type": "way", "name": "", "natural": "grassland", "building": "yes"}, "geometry": {"type": "LineString", "coordinates": [[72.5759046, 23.1233308], [72.5761429, 23.1233222], [72.576139, 23.1232333], [72.5759007, 23.123242], [72.5759046, 23.1233308]]}}, {"type": "Feature", "properties": {"osm_id": 368777580, "osm_type": "way", "name": "", "natural": "grassland"}, "geometry": {"type": "LineString", "coordinates": [[72.5782508, 23.1225065], [72.5783417, 23.1225021], [72.5783379, 23.1223982], [72.5783792, 23.1223963], [72.5783452, 23.1220958], [72.5782396, 23.1220982], [72.5782508, 23.1225065]]}}, {"type": "Feature", "properties": {"osm_id": 368781653, "osm_type": "way", "name": "", "natural": "grassland"}, "geometry": {"type": "LineString", "coordinates": [[72.5776156, 23.1230116], [72.5776594, 23.1230092], [72.5776531, 23.122912], [72.5776093, 23.1229144], [72.5776156, 23.1230116]]}}, {"type": "Feature", "properties": {"osm_id": 368781655, "osm_type": "way", "name": "", "natural": "grassland", "building": "yes"}, "geometry": {"type": "LineString", "coordinates": [[72.5758845, 23.1206063], [72.5761112, 23.1206118], [72.5761141, 23.1205109], [72.5758874, 23.1205054], [72.5758845, 23.1206063]]}}, {"type": "Feature", "properties": {"osm_id": 368781656, "osm_type": "way", "name": "", "natural": "grassland"}, "geometry": {"type": "LineString", "coordinates": [[72.5775904, 23.1225448], [72.5776357, 23.1225434], [72.5776317, 23.1224386], [72.5775865, 23.12244], [72.5775904, 23.1225448]]}}, {"type": "Feature", "properties": {"osm_id": 368781657, "osm_type": "way", "name": "", "natural": "grassland"}, "geometry": {"type": "LineString", "coordinates": [[72.5775806, 23.1223838], [72.577628, 23.1223823], [72.577624, 23.1222776], [72.5775767, 23.1222791], [72.5775806, 23.1223838]]}}, {"type": "Feature", "properties": {"osm_id": 368781658, "osm_type": "way", "name": "", "natural": "grassland"}, "geometry": {"type": "LineString", "coordinates": [[72.577575, 23.1222145], [72.5776168, 23.1222131], [72.5776128, 23.1221082], [72.577571, 23.1221096], [72.577575, 23.1222145]]}}, {"type": "Feature", "properties": {"osm_id": 368781659, "osm_type": "way", "name": "", "natural": "grassland"}, "geometry": {"type": "LineString", "coordinates": [[72.5776051, 23.1228719], [72.5776517, 23.1228704], [72.5776478, 23.1227677], [72.5776012, 23.1227692], [72.5776051, 23.1228719]]}}, {"type": "Feature", "properties": {"osm_id": 368781660, "osm_type": "way", "name": "", "natural": "grassland"}, "geometry": {"type": "LineString", "coordinates": [[72.5775974, 23.1227096], [72.5776448, 23.1227081], [72.5776408, 23.1226021], [72.5775934, 23.1226036], [72.5775974, 23.1227096]]}}, {"type": "Feature", "properties": {"osm_id": 368781663, "osm_type": "way", "name": "", "natural": "grassland", "building": "yes"}, "geometry": {"type": "LineString", "coordinates": [[72.5810346, 23.1203396], [72.5812594, 23.1203086], [72.5812297, 23.1201497], [72.5810543, 23.1201695], [72.5810184, 23.1202187], [72.5810346, 23.1203396]]}}, {"type": "Feature", "properties": {"osm_id": 368785512, "osm_type": "way", "name": "", "natural": "grassland", "building": "yes"}, "geometry": {"type": "LineString", "coordinates": [[72.5682929, 23.1191326], [72.5683727, 23.1191349], [72.5683777, 23.1189929], [72.5682979, 23.1189905], [72.5682929, 23.1191326]]}}, {"type": "Feature", "properties": {"osm_id": 369664199, "osm_type": "way", "name": "", "natural": "grassland", "building": "yes"}, "geometry": {"type": "LineString", "coordinates": [[72.6128318, 23.1187214], [72.6129451, 23.1188054], [72.6130337, 23.1187043], [72.6129203, 23.1186203], [72.6128318, 23.1187214]]}}, {"type": "Feature", "properties": {"osm_id": 369664202, "osm_type": "way", "name": "", "natural": "grassland", "building": "yes"}, "geometry": {"type": "LineString", "coordinates": [[72.6176299, 23.1194157], [72.6176744, 23.1192419], [72.6174287, 23.1191887], [72.6172951, 23.1197106], [72.6175409, 23.1197638], [72.6178493, 23.1196349], [72.6176299, 23.1194157]]}}, {"type": "Feature", "properties": {"osm_id": 374268031, "osm_type": "way", "name": "AMTS Depot", "landuse": "industrial"}, "geometry": {"type": "LineString", "coordinates": [[72.5892233, 23.0911619], [72.5900051, 23.0913502], [72.5903189, 23.0902744], [72.5892622, 23.0903345], [72.5892233, 23.0911619]]}}, {"type": "Feature", "properties": {"osm_id": 424053785, "osm_type": "way", "name": "Chenpur Lake", "natural": "water"}, "geometry": {"type": "LineString", "coordinates": [[72.5589441, 23.1033784], [72.5589119, 23.1032896], [72.5589621, 23.1028556], [72.5590337, 23.1027649], [72.5591933, 23.1027286], [72.5594618, 23.1026456], [72.5596216, 23.1026622], [72.5598855, 23.102586], [72.5600357, 23.1027271], [72.5601752, 23.1028751], [72.5602315, 23.1029171], [72.5602449, 23.1030749], [72.5602101, 23.1033532], [72.5602315, 23.1035333], [72.5602891, 23.1036569], [72.5602917, 23.1037251], [72.5602362, 23.1037871], [72.560078, 23.10387], [72.559902, 23.1039948], [72.5598319, 23.1040963], [72.5596933, 23.1040631], [72.5595987, 23.1040045], [72.5595721, 23.103947], [72.5595273, 23.1039157], [72.559493, 23.1039072], [72.5594393, 23.1038831], [72.5593976, 23.1038769], [72.5593614, 23.1038511], [72.5592445, 23.1037707], [72.5591855, 23.1037312], [72.5591747, 23.1035856], [72.559126, 23.1034991], [72.5590759, 23.1034395], [72.5589441, 23.1033784]]}}, {"type": "Feature", "properties": {"osm_id": 424069259, "osm_type": "way", "name": "Hansol", "landuse": "residential"}, "geometry": {"type": "LineString", "coordinates": [[72.6196129, 23.0828509], [72.6178534, 23.0826041], [72.617494, 23.0824413], [72.6163675, 23.081553], [72.6176201, 23.0796991], [72.6205045, 23.0794856], [72.620657, 23.0796813], [72.6208683, 23.0796423], [72.6217018, 23.0796325], [72.622444, 23.0796325], [72.6242655, 23.0796261], [72.6247692, 23.0796018], [72.6249837, 23.0790541], [72.6254603, 23.0792184], [72.6254888, 23.0788741], [72.625681, 23.0788713], [72.6256973, 23.0787822], [72.6264508, 23.0789728], [72.6264761, 23.0788101], [72.6272198, 23.078957], [72.6279735, 23.0790534], [72.6279822, 23.0790021], [72.6280648, 23.079028], [72.6283401, 23.0785271], [72.6288618, 23.0786447], [72.628935, 23.0783611], [72.6297317, 23.0785398], [72.6295067, 23.0792045], [72.6295016, 23.0793299], [72.6294831, 23.0794104], [72.6295032, 23.0794736], [72.6299063, 23.0795514], [72.6309991, 23.0795163], [72.6325429, 23.0795055], [72.6334218, 23.0795123], [72.6337354, 23.0795251], [72.6344361, 23.0801136], [72.6346692, 23.0798982], [72.6348672, 23.0800323], [72.6362094, 23.0813079], [72.6361274, 23.0813896], [72.6363611, 23.0817207], [72.6371579, 23.082451], [72.637033, 23.0825249], [72.6370033, 23.082637], [72.6376931, 23.0836712], [72.6368874, 23.0843295], [72.6368247, 23.0847328], [72.6369346, 23.0852344], [72.6373209, 23.0858019], [72.6372565, 23.0861227], [72.6353107, 23.0860848], [72.6332976, 23.0859944], [72.630331, 23.0859056], [72.6246984, 23.0856736], [72.6224802, 23.0855619], [72.6220242, 23.0855125], [72.6217077, 23.0854237], [72.6212625, 23.085098], [72.6209835, 23.0847723], [72.6206966, 23.0841142], [72.6204578, 23.0829661], [72.6196129, 23.0828509]]}}, {"type": "Feature", "properties": {"osm_id": 451822018, "osm_type": "way", "name": "Koteshwar Village", "landuse": "residential"}, "geometry": {"type": "LineString", "coordinates": [[72.6125908, 23.0947696], [72.6121069, 23.0955326], [72.6129201, 23.0956932], [72.6128327, 23.096084], [72.6123946, 23.09607], [72.6122691, 23.0968409], [72.6116801, 23.0968563], [72.6118102, 23.0970283], [72.6120347, 23.0979605], [72.6122497, 23.0978474], [72.6124953, 23.0977388], [72.6127214, 23.0976855], [72.6140015, 23.0976641], [72.613909, 23.0973252], [72.6145432, 23.0972881], [72.6147595, 23.0958778], [72.6149919, 23.0959484], [72.6151236, 23.0956184], [72.6134039, 23.0951865], [72.6135218, 23.0945564], [72.6125908, 23.0947696]]}}, {"type": "Feature", "properties": {"osm_id": 451825414, "osm_type": "way", "name": "", "natural": "water"}, "geometry": {"type": "LineString", "coordinates": [[72.5410752, 23.0845978], [72.541028, 23.0846743], [72.5409272, 23.0849535], [72.5409134, 23.0850874], [72.5409463, 23.0852119], [72.5411215, 23.0852634], [72.5413337, 23.0851871], [72.5413638, 23.0850132], [72.5413315, 23.0848729], [72.5413366, 23.0847177], [72.5412639, 23.0846225], [72.5410752, 23.0845978]]}}, {"type": "Feature", "properties": {"osm_id": 451826306, "osm_type": "way", "name": "", "natural": "water"}, "geometry": {"type": "LineString", "coordinates": [[72.5372514, 23.0864626], [72.5377536, 23.0864947], [72.537951, 23.0855596], [72.5378401, 23.0853668], [72.5376798, 23.0852875], [72.5374882, 23.0852921], [72.5373927, 23.0853239], [72.5373169, 23.0855162], [72.5372341, 23.0858719], [72.5372514, 23.0864626]]}}, {"type": "Feature", "properties": {"osm_id": 454798783, "osm_type": "way", "name": "", "natural": "water"}, "geometry": {"type": "LineString", "coordinates": [[72.5372201, 23.1674255], [72.5373511, 23.1675068], [72.5377382, 23.166979], [72.5376944, 23.1669519], [72.5378978, 23.1666746], [72.5378848, 23.1666665], [72.5379442, 23.1665856], [72.5379567, 23.1665933], [72.5382654, 23.1661736], [72.5382517, 23.1661651], [72.5383095, 23.1660866], [72.5383225, 23.1660948], [72.5386382, 23.1656664], [72.5386257, 23.1656587], [72.53868, 23.165585], [72.5386927, 23.165593], [72.5388096, 23.1654343], [72.5388516, 23.1654605], [72.5390508, 23.1651902], [72.5387272, 23.1649886], [72.5385259, 23.1652617], [72.5376449, 23.1647128], [72.5375198, 23.1648826], [72.5370493, 23.1645896], [72.5369147, 23.1647722], [72.5366667, 23.1646178], [72.5364604, 23.1648979], [72.5367177, 23.1650581], [72.5368616, 23.1648628], [72.5370331, 23.1649696], [72.5370848, 23.1648994], [72.538162, 23.1655695], [72.5380544, 23.1657157], [72.5381304, 23.165763], [72.5373809, 23.1667823], [72.537201, 23.1666704], [72.5371618, 23.1667238], [72.5361027, 23.1660664], [72.5361931, 23.1659432], [72.535878, 23.1657477], [72.5356194, 23.1661001], [72.5359723, 23.166319], [72.5359275, 23.1663801], [72.5373432, 23.1672577], [72.5372201, 23.1674255]]}}, {"type": "Feature", "properties": {"osm_id": 454856460, "osm_type": "way", "name": "Water Lily", "landuse": "residential"}, "geometry": {"type": "LineString", "coordinates": [[72.5370907, 23.1678008], [72.5371263, 23.1677845], [72.5371578, 23.1677643], [72.5371893, 23.1677379], [72.5372145, 23.1677076], [72.5373511, 23.1675068], [72.5377382, 23.166979], [72.5376944, 23.1669519], [72.5388096, 23.1654343], [72.5388516, 23.1654605], [72.5390508, 23.1651902], [72.5395673, 23.1645156], [72.5381784, 23.1636725], [72.5375913, 23.1637681], [72.5376442, 23.16404], [72.5369376, 23.1640733], [72.5356633, 23.1642732], [72.5356693, 23.1646156], [72.5355928, 23.164623], [72.5355942, 23.1651538], [72.5348593, 23.1652303], [72.5350165, 23.1666194], [72.5360722, 23.1672714], [72.5361179, 23.1672061], [72.5361729, 23.1672404], [72.5362813, 23.1673925], [72.5369101, 23.1677834], [72.5369498, 23.1678037], [72.5369956, 23.1678126], [72.5370446, 23.1678122], [72.5370907, 23.1678008]]}}, {"type": "Feature", "properties": {"osm_id": 454862685, "osm_type": "way", "name": "", "natural": "water"}, "geometry": {"type": "LineString", "coordinates": [[72.5363914, 23.1712501], [72.5364143, 23.1712702], [72.5364034, 23.1713103], [72.5363456, 23.1714307], [72.5362823, 23.1714929], [72.5361928, 23.1715441], [72.5360891, 23.1715621], [72.5359855, 23.1715581], [72.5359047, 23.171519], [72.5358491, 23.1714638], [72.5358163, 23.1714418], [72.5357923, 23.1714468], [72.5357557, 23.1714085], [72.5357749, 23.1713948], [72.5357774, 23.1713795], [72.5357657, 23.171352], [72.5357308, 23.1712725], [72.5357092, 23.1712533], [72.5356801, 23.1712381], [72.5356144, 23.1712197], [72.5355445, 23.1711723], [72.5355096, 23.171131], [72.5354979, 23.1710722], [72.5355104, 23.1709965], [72.5355428, 23.1709292], [72.5356135, 23.1708528], [72.5356834, 23.1708153], [72.5357923, 23.1707839], [72.5359428, 23.1707442], [72.5360168, 23.1708894], [72.5359861, 23.1709032], [72.5359487, 23.17093], [72.5359146, 23.1709605], [72.5358821, 23.1709972], [72.5358547, 23.1710446], [72.5358331, 23.171115], [72.5358356, 23.1711746], [72.5358583, 23.1712525], [72.5358911, 23.1712977], [72.5359459, 23.1713428], [72.5360171, 23.1713742], [72.536094, 23.1713886], [72.5361738, 23.1713841], [72.5362528, 23.17135], [72.5363154, 23.1713088], [72.5363496, 23.1712676], [72.5363674, 23.1712505], [72.5363914, 23.1712501]]}}, {"type": "Feature", "properties": {"osm_id": 454862686, "osm_type": "way", "name": "", "natural": "water"}, "geometry": {"type": "LineString", "coordinates": [[72.5360373, 23.170887], [72.5361119, 23.1708802], [72.5361732, 23.1708894], [72.5362591, 23.170928], [72.5363144, 23.1709831], [72.5363511, 23.1710431], [72.5363704, 23.1711068], [72.5363917, 23.1711289], [72.536423, 23.171135], [72.5364496, 23.1711234], [72.536461, 23.1711001], [72.536457, 23.1710278], [72.5364017, 23.1708753], [72.5363324, 23.1707939], [72.5362611, 23.1707541], [72.5361612, 23.1707228], [72.5360476, 23.1707189], [72.5359624, 23.1707397], [72.5360373, 23.170887]]}}, {"type": "Feature", "properties": {"osm_id": 454865432, "osm_type": "way", "name": "", "natural": "water"}, "geometry": {"type": "LineString", "coordinates": [[72.5360369, 23.1695677], [72.5360433, 23.1695988], [72.5360369, 23.1696221], [72.536013, 23.1696467], [72.5359764, 23.169659], [72.5359229, 23.1696557], [72.5358891, 23.1696382], [72.5358595, 23.1696253], [72.5358412, 23.1696259], [72.5358089, 23.1696408], [72.5357347, 23.1696704], [72.5356666, 23.1696821], [72.5354996, 23.169674], [72.5351563, 23.1696326], [72.5351025, 23.169636], [72.5345802, 23.1698133], [72.5344855, 23.169841], [72.5344198, 23.1698609], [72.5343775, 23.1698868], [72.5343503, 23.1698626], [72.5344031, 23.1698372], [72.5344765, 23.1698132], [72.534567, 23.1697882], [72.5346357, 23.1697637], [72.534936, 23.1696518], [72.535067, 23.1696116], [72.5351444, 23.1696002], [72.5353615, 23.1696357], [72.5356475, 23.1696532], [72.5358108, 23.1696217], [72.5358501, 23.1695976], [72.5358562, 23.1695763], [72.5358783, 23.1695513], [72.5359197, 23.1695253], [72.535959, 23.1695179], [72.5360023, 23.1695309], [72.5360205, 23.1695476], [72.5360369, 23.1695677]]}}, {"type": "Feature", "properties": {"osm_id": 454865433, "osm_type": "way", "name": "", "natural": "water"}, "geometry": {"type": "LineString", "coordinates": [[72.534261, 23.1699431], [72.534282, 23.1699608], [72.5342628, 23.1699779], [72.534247, 23.1699962], [72.5342202, 23.169986], [72.5342365, 23.1699645], [72.534261, 23.1699431]]}}, {"type": "Feature", "properties": {"osm_id": 454865434, "osm_type": "way", "name": "", "natural": "water"}, "geometry": {"type": "LineString", "coordinates": [[72.5342313, 23.170016], [72.5342126, 23.1700465], [72.5341619, 23.1701028], [72.5340978, 23.1701945], [72.5340742, 23.1702373], [72.5340576, 23.1703016], [72.5340514, 23.1703736], [72.5340597, 23.1703993], [72.534112, 23.1704588], [72.5340965, 23.1704779], [72.5340255, 23.1703936], [72.5340177, 23.1703817], [72.5340141, 23.1703212], [72.5340221, 23.1702634], [72.5340525, 23.1701785], [72.5340996, 23.170113], [72.5342036, 23.170002], [72.5342313, 23.170016]]}}, {"type": "Feature", "properties": {"osm_id": 454865435, "osm_type": "way", "name": "", "natural": "water"}, "geometry": {"type": "LineString", "coordinates": [[72.5341502, 23.1704925], [72.5341977, 23.1705267], [72.5342651, 23.1705687], [72.5343869, 23.1706123], [72.5345087, 23.1706512], [72.5345533, 23.1706896], [72.5345847, 23.1707459], [72.5345882, 23.1708021], [72.534551, 23.1708833], [72.5344654, 23.1709632], [72.53443, 23.1710013], [72.5343798, 23.1710413], [72.5343544, 23.1710198], [72.5343912, 23.170989], [72.5344246, 23.170938], [72.5344293, 23.1709042], [72.5344266, 23.1708489], [72.5344146, 23.1707991], [72.5343939, 23.1707462], [72.5343337, 23.1706546], [72.5343156, 23.1706306], [72.5342635, 23.1705901], [72.5342113, 23.1705513], [72.5341418, 23.1705009], [72.5341502, 23.1704925]]}}, {"type": "Feature", "properties": {"osm_id": 454865436, "osm_type": "way", "name": "", "natural": "water"}, "geometry": {"type": "LineString", "coordinates": [[72.5343677, 23.1710448], [72.5343148, 23.1710906], [72.5343121, 23.1711008], [72.5343174, 23.171112], [72.5342788, 23.1711329], [72.5342619, 23.1711202], [72.5342397, 23.1711222], [72.5342211, 23.1711017], [72.5342248, 23.1710935], [72.534255, 23.1710794], [72.5342973, 23.1710677], [72.5343296, 23.1710463], [72.5343502, 23.1710264], [72.5343677, 23.1710448]]}}, {"type": "Feature", "properties": {"osm_id": 454865437, "osm_type": "way", "name": "", "natural": "water"}, "geometry": {"type": "LineString", "coordinates": [[72.5343164, 23.1711255], [72.5343387, 23.1711454], [72.5343688, 23.1711588], [72.5344267, 23.1712063], [72.5345061, 23.17129], [72.5345802, 23.1714035], [72.5346272, 23.1714474], [72.5346881, 23.1714737], [72.5346897, 23.1715205], [72.534628, 23.1715006], [72.534564, 23.1714616], [72.5345277, 23.171429], [72.5344834, 23.1713407], [72.534452, 23.1712983], [72.534378, 23.1712182], [72.5343354, 23.1711783], [72.5342883, 23.1711399], [72.5343164, 23.1711255]]}}, {"type": "Feature", "properties": {"osm_id": 454865438, "osm_type": "way", "name": "", "natural": "water"}, "geometry": {"type": "LineString", "coordinates": [[72.5347125, 23.1714803], [72.5347827, 23.171498], [72.5348699, 23.1715079], [72.5349671, 23.1715135], [72.5350454, 23.1715071], [72.5351011, 23.1714987], [72.5351587, 23.1715011], [72.5352344, 23.1715047], [72.5353699, 23.171511], [72.5355394, 23.1715163], [72.5356073, 23.171515], [72.5356925, 23.1714834], [72.5357495, 23.171414], [72.5357837, 23.1714506], [72.5357296, 23.1714836], [72.5356705, 23.17151], [72.5356098, 23.1715288], [72.5355373, 23.1715322], [72.5353682, 23.1715252], [72.5352314, 23.1715195], [72.5351564, 23.1715179], [72.5351018, 23.1715178], [72.5350447, 23.1715264], [72.5349655, 23.1715309], [72.5348687, 23.1715304], [72.5347133, 23.1715243], [72.5347125, 23.1714803]]}}, {"type": "Feature", "properties": {"osm_id": 454888533, "osm_type": "way", "name": "The Meadows", "landuse": "residential"}, "geometry": {"type": "LineString", "coordinates": [[72.5428095, 23.1594743], [72.5428104, 23.1594427], [72.5432431, 23.1595858], [72.5404428, 23.1632946], [72.5395857, 23.1627916], [72.5395189, 23.1613514], [72.539718, 23.1613276], [72.5396982, 23.1587522], [72.5405009, 23.1588019], [72.5409596, 23.1588994], [72.5428095, 23.1594743]]}}, {"type": "Feature", "properties": {"osm_id": 460267704, "osm_type": "way", "name": "Riddhi Siddhi (Parinay) Society,", "landuse": "residential"}, "geometry": {"type": "LineString", "coordinates": [[72.5677983, 23.0845386], [72.5678619, 23.0848686], [72.5678773, 23.0849708], [72.5679026, 23.0849964], [72.5681483, 23.0850967], [72.5683399, 23.0851457], [72.56867, 23.0851718], [72.5689138, 23.0851709], [72.5687669, 23.0843811], [72.5686478, 23.0844005], [72.5684102, 23.0844391], [72.5680526, 23.0844973], [72.5677983, 23.0845386]]}}, {"type": "Feature", "properties": {"osm_id": 461843425, "osm_type": "way", "name": "IndraPrastha Appartment", "landuse": "residential"}, "geometry": {"type": "LineString", "coordinates": [[72.5581337, 23.0908076], [72.5592121, 23.0909181], [72.5593846, 23.0898269], [72.5583771, 23.0896881], [72.5581337, 23.0908076]]}}, {"type": "Feature", "properties": {"osm_id": 461843692, "osm_type": "way", "name": "AryaVilla Appartment", "landuse": "residential"}, "geometry": {"type": "LineString", "coordinates": [[72.5572243, 23.0891165], [72.5584147, 23.0893307], [72.5584749, 23.0890567], [72.5594613, 23.0892004], [72.5596222, 23.0884109], [72.5576448, 23.088055], [72.5574711, 23.0880358], [72.5572243, 23.0891165]]}}, {"type": "Feature", "properties": {"osm_id": 462034570, "osm_type": "way", "name": "Bhavana Society", "landuse": "residential"}, "geometry": {"type": "LineString", "coordinates": [[72.5689138, 23.0851709], [72.5692798, 23.0851732], [72.5691653, 23.0845663], [72.5697107, 23.0844676], [72.5694961, 23.0834061], [72.5685885, 23.0835776], [72.5687001, 23.0840802], [72.5687382, 23.0842518], [72.5687669, 23.0843811], [72.5689138, 23.0851709]]}}, {"type": "Feature", "properties": {"osm_id": 462034718, "osm_type": "way", "name": "Ami-Park Society", "landuse": "residential", "building": "residential"}, "geometry": {"type": "LineString", "coordinates": [[72.5677983, 23.0845386], [72.5687669, 23.0843811], [72.5687382, 23.0842518], [72.567779, 23.0844145], [72.5677983, 23.0845386]]}}, {"type": "Feature", "properties": {"osm_id": 462035089, "osm_type": "way", "name": "Surya-Ami Appartment", "landuse": "residential"}, "geometry": {"type": "LineString", "coordinates": [[72.567745, 23.0842534], [72.5687001, 23.0840802], [72.5685885, 23.0835776], [72.5676539, 23.0837465], [72.567745, 23.0842534]]}}, {"type": "Feature", "properties": {"osm_id": 462299625, "osm_type": "way", "name": "Green Avenue Appartment", "landuse": "residential"}, "geometry": {"type": "LineString", "coordinates": [[72.5673959, 23.0848074], [72.567521, 23.084559], [72.5677164, 23.0846408], [72.567762, 23.0848321], [72.5677164, 23.0848925], [72.567648, 23.0849049], [72.5673959, 23.0848074]]}}, {"type": "Feature", "properties": {"osm_id": 462299752, "osm_type": "way", "name": "Saket Appartment", "landuse": "residential"}, "geometry": {"type": "LineString", "coordinates": [[72.567521, 23.084559], [72.5673959, 23.0848074], [72.5665762, 23.0844819], [72.5667026, 23.0842156], [72.567521, 23.084559]]}}, {"type": "Feature", "properties": {"osm_id": 462301379, "osm_type": "way", "name": "Nilkanth Mahadev", "landuse": "residential"}, "geometry": {"type": "LineString", "coordinates": [[72.5665207, 23.0804092], [72.5664081, 23.079896], [72.5668506, 23.0798195], [72.5667487, 23.079321], [72.5676553, 23.0791532], [72.568012, 23.0801106], [72.5665207, 23.0804092]]}}, {"type": "Feature", "properties": {"osm_id": 462739600, "osm_type": "way", "name": "AMC LIG-5, Chandkheda", "landuse": "residential"}, "geometry": {"type": "LineString", "coordinates": [[72.5853139, 23.1136503], [72.5855164, 23.1136639], [72.5854989, 23.1138823], [72.5852954, 23.1138701], [72.5853139, 23.1136503]]}}, {"type": "Feature", "properties": {"osm_id": 487641391, "osm_type": "way", "name": "", "landuse": "industrial"}, "geometry": {"type": "LineString", "coordinates": [[72.5660008, 23.1038669], [72.5662047, 23.1039656], [72.5658989, 23.1041975], [72.5659955, 23.1044146], [72.5656038, 23.1048735], [72.5653678, 23.1053817], [72.5652498, 23.1054261], [72.5652605, 23.1055297], [72.5642198, 23.1074392], [72.5640374, 23.1073208], [72.5636888, 23.1072517], [72.5635278, 23.1076514], [72.563222, 23.1075823], [72.5629806, 23.1080116], [72.5624442, 23.1078093], [72.5624442, 23.107676], [72.5619507, 23.1077698], [72.5613445, 23.1059639], [72.5608402, 23.1060577], [72.5604325, 23.1048538], [72.5614625, 23.1050314], [72.5623798, 23.1049771], [72.563383, 23.1047452], [72.5660008, 23.1038669]]}}, {"type": "Feature", "properties": {"osm_id": 541501796, "osm_type": "way", "name": "Malabar county 2", "landuse": "residential"}, "geometry": {"type": "LineString", "coordinates": [[72.5481867, 23.1275811], [72.5485949, 23.1287121], [72.5495483, 23.1284211], [72.5491402, 23.1272901], [72.5481867, 23.1275811]]}}, {"type": "Feature", "properties": {"osm_id": 545635435, "osm_type": "way", "name": "The North Park", "landuse": "residential"}, "geometry": {"type": "LineString", "coordinates": [[72.538406, 23.1712269], [72.5364049, 23.1715541], [72.536317, 23.1717183], [72.5360507, 23.1726577], [72.5363026, 23.1727154], [72.5366082, 23.1728601], [72.537489, 23.1732994], [72.5386045, 23.1712833], [72.538406, 23.1712269]]}}, {"type": "Feature", "properties": {"osm_id": 547617462, "osm_type": "way", "name": "", "landuse": "industrial"}, "geometry": {"type": "LineString", "coordinates": [[72.5855506, 23.1907265], [72.5858842, 23.1916794], [72.5859379, 23.1917649], [72.5859924, 23.1918102], [72.586113, 23.1917959], [72.5866278, 23.1917065], [72.5871931, 23.1916814], [72.5874822, 23.1915909], [72.5876599, 23.1915551], [72.587901, 23.191455], [72.5876502, 23.1905457], [72.5866046, 23.1905923], [72.5855506, 23.1907265]]}}, {"type": "Feature", "properties": {"osm_id": 548984338, "osm_type": "way", "name": "", "natural": "grassland"}, "geometry": {"type": "LineString", "coordinates": [[72.5419164, 23.1295356], [72.5418866, 23.1295014], [72.5418459, 23.1294787], [72.5417991, 23.1294701], [72.541752, 23.1294768], [72.5417102, 23.1294979], [72.5416788, 23.1295308], [72.5416615, 23.1295717], [72.5416598, 23.1296112], [72.5416715, 23.1296492], [72.5416953, 23.129682], [72.541729, 23.1297065], [72.5417693, 23.1297201], [72.5418123, 23.1297217], [72.5418536, 23.129711], [72.5418893, 23.129689], [72.5419159, 23.129658], [72.5419307, 23.1296209], [72.5419318, 23.1295771], [72.5419164, 23.1295356]]}}, {"type": "Feature", "properties": {"osm_id": 551631344, "osm_type": "way", "name": "", "landuse": "residential"}, "geometry": {"type": "LineString", "coordinates": [[72.6061801, 23.1174764], [72.606121, 23.1181839], [72.6051196, 23.1181089], [72.6053326, 23.1172977], [72.6061801, 23.1174764]]}}, {"type": "Feature", "properties": {"osm_id": 551631345, "osm_type": "way", "name": "Shree Rang Earth & Heaven", "landuse": "residential"}, "geometry": {"type": "LineString", "coordinates": [[72.606121, 23.1181839], [72.6060977, 23.1184587], [72.6060644, 23.1188506], [72.6049648, 23.1187798], [72.6051196, 23.1181089], [72.606121, 23.1181839]]}}, {"type": "Feature", "properties": {"osm_id": 551631346, "osm_type": "way", "name": "Shree Rang Pineapple", "landuse": "residential"}, "geometry": {"type": "LineString", "coordinates": [[72.6060644, 23.1188506], [72.6060184, 23.1194302], [72.6048332, 23.1193467], [72.6048334, 23.1193459], [72.6049648, 23.1187798], [72.6060644, 23.1188506]]}}, {"type": "Feature", "properties": {"osm_id": 551631347, "osm_type": "way", "name": "Saamarth Heaven III", "landuse": "residential"}, "geometry": {"type": "LineString", "coordinates": [[72.6048334, 23.1193459], [72.6060184, 23.1194302], [72.6059252, 23.1205579], [72.6046103, 23.1203969], [72.6047412, 23.1195675], [72.6048332, 23.1193467], [72.6048334, 23.1193459]]}}, {"type": "Feature", "properties": {"osm_id": 551631348, "osm_type": "way", "name": "SWA Bungalows", "landuse": "residential"}, "geometry": {"type": "LineString", "coordinates": [[72.6060982, 23.1184582], [72.6096661, 23.1187088], [72.6096356, 23.1193764], [72.609604, 23.1200699], [72.6095716, 23.1207803], [72.6095272, 23.1208223], [72.6087731, 23.1207755], [72.6063645, 23.120628], [72.606193, 23.120598], [72.6059252, 23.1205579], [72.6060982, 23.1184582]]}}, {"type": "Feature", "properties": {"osm_id": 551631353, "osm_type": "way", "name": "", "landuse": "residential"}, "geometry": {"type": "LineString", "coordinates": [[72.6101473, 23.1201535], [72.6101773, 23.1201238], [72.6103603, 23.1199426], [72.6108454, 23.1203494], [72.6098385, 23.1208301], [72.6098069, 23.1207786], [72.6098386, 23.1199122], [72.6101473, 23.1201535]]}}, {"type": "Feature", "properties": {"osm_id": 581765501, "osm_type": "way", "name": "Sector 4", "landuse": "residential"}, "geometry": {"type": "LineString", "coordinates": [[72.5772944, 23.1888331], [72.5769989, 23.1892006], [72.5775411, 23.1895437], [72.5779532, 23.1898044], [72.5786114, 23.1902208], [72.5790857, 23.1905209], [72.5790392, 23.1901081], [72.5807853, 23.1900262], [72.5805607, 23.1887949], [72.5788456, 23.1877379], [72.5787834, 23.1877246], [72.5787157, 23.1877147], [72.5786676, 23.1877207], [72.5786074, 23.1877458], [72.5785571, 23.1877814], [72.578523, 23.1878188], [72.5779515, 23.188303], [72.5783699, 23.1885816], [72.5778764, 23.1892251], [72.5772944, 23.1888331]]}}, {"type": "Feature", "properties": {"osm_id": 581779447, "osm_type": "way", "name": "Amba Business Park", "landuse": "commercial"}, "geometry": {"type": "LineString", "coordinates": [[72.5742181, 23.188146], [72.574306, 23.1880156], [72.5743871, 23.1867573], [72.5737483, 23.1866331], [72.5734712, 23.186748], [72.5732211, 23.1868039], [72.5727276, 23.1869965], [72.5726161, 23.1871364], [72.5742181, 23.188146]]}}, {"type": "Feature", "properties": {"osm_id": 583406409, "osm_type": "way", "name": "Sector 3C", "landuse": "residential"}, "geometry": {"type": "LineString", "coordinates": [[72.5765856, 23.1868693], [72.5763818, 23.1869877], [72.5766339, 23.1893127], [72.577047, 23.1887924], [72.5777524, 23.1881662], [72.5777524, 23.18807], [72.5772311, 23.1875336], [72.5765856, 23.1868693]]}}, {"type": "Feature", "properties": {"osm_id": 583406410, "osm_type": "way", "name": "Sector 3B", "landuse": "residential"}, "geometry": {"type": "LineString", "coordinates": [[72.5766339, 23.1893127], [72.5764783, 23.1895543], [72.575789, 23.1891426], [72.5757132, 23.1885486], [72.5756454, 23.1879204], [72.575569, 23.1872127], [72.5755657, 23.1871813], [72.5755389, 23.1870259], [72.5755563, 23.1869901], [72.5757736, 23.186942], [72.5759453, 23.1868829], [72.5761652, 23.1867929], [72.5763664, 23.1866486], [72.5765856, 23.1868693], [72.5763818, 23.1869877], [72.5766339, 23.1893127]]}}, {"type": "Feature", "properties": {"osm_id": 583602815, "osm_type": "way", "name": "Sector 1A", "landuse": "residential"}, "geometry": {"type": "LineString", "coordinates": [[72.5718384, 23.1862771], [72.5716023, 23.1862574], [72.571489, 23.1862013], [72.5714327, 23.1858438], [72.5715655, 23.1856996], [72.5715373, 23.1856342], [72.5710424, 23.1854752], [72.571257, 23.1846887], [72.5713844, 23.1843423], [72.5714072, 23.1842646], [72.5718216, 23.1837185], [72.5718954, 23.183605], [72.5720315, 23.1835349], [72.5720812, 23.1835093], [72.5721394, 23.1834793], [72.5723004, 23.1835422], [72.5727242, 23.1836963], [72.572994, 23.1837914], [72.573899, 23.1841105], [72.5746352, 23.1843509], [72.5749249, 23.1837333], [72.5762607, 23.1838911], [72.5762177, 23.1841684], [72.5761835, 23.184354], [72.576323, 23.1844551], [72.5765081, 23.1846153], [72.5765611, 23.1846788], [72.5766308, 23.1847626], [72.5767032, 23.1848761], [72.5767756, 23.1850228], [72.5768279, 23.1851596], [72.5768695, 23.1853507], [72.5768729, 23.1853932], [72.5768809, 23.1854524], [72.5768836, 23.1856151], [72.5768782, 23.185768], [72.5768514, 23.1859085], [72.5768031, 23.1860417], [72.5767388, 23.1861896], [72.5766556, 23.1863178], [72.5765591, 23.1864288], [72.5764357, 23.1865545], [72.5764035, 23.186589], [72.5763664, 23.1866486], [72.5761652, 23.1867929], [72.5759453, 23.1868829], [72.5757736, 23.186942], [72.5755563, 23.1869901], [72.5753646, 23.1870037], [72.5751956, 23.1869988], [72.5750648, 23.1869852], [72.5750892, 23.1868849], [72.5750175, 23.1868706], [72.5747642, 23.1868203], [72.5746922, 23.186806], [72.5746799, 23.1867404], [72.5745263, 23.1866455], [72.5743654, 23.1865264], [72.5742485, 23.1864126], [72.5741393, 23.186369], [72.5740334, 23.1863678], [72.5739154, 23.1863764], [72.5738255, 23.1863961], [72.5736926, 23.1864553], [72.5736592, 23.1864701], [72.5732743, 23.1865983], [72.5730048, 23.1866452], [72.5727048, 23.1866315], [72.5726108, 23.1866285], [72.5726108, 23.1865446], [72.5725357, 23.1865446], [72.5725357, 23.1864288], [72.5726494, 23.1864245], [72.5727157, 23.1861096], [72.5726098, 23.1860906], [72.5724342, 23.1860142], [72.5723073, 23.1859319], [72.5719767, 23.1863096], [72.5718384, 23.1862771]]}}, {"type": "Feature", "properties": {"osm_id": 583602817, "osm_type": "way", "name": "Sector 1B", "landuse": "residential"}, "geometry": {"type": "LineString", "coordinates": [[72.5764035, 23.186589], [72.5764357, 23.1865545], [72.5765591, 23.1864288], [72.5766556, 23.1863178], [72.5767388, 23.1861896], [72.5768031, 23.1860417], [72.5768514, 23.1859085], [72.5768782, 23.185768], [72.5768836, 23.1856151], [72.5768809, 23.1854524], [72.5782006, 23.1853045], [72.5782073, 23.1854881], [72.5781992, 23.1858062], [72.5781161, 23.1862525], [72.5779364, 23.1867061], [72.5777057, 23.1870562], [72.5774831, 23.1873275], [72.5772311, 23.1875336], [72.5763664, 23.1866486], [72.5764035, 23.186589]]}}, {"type": "Feature", "properties": {"osm_id": 583602818, "osm_type": "way", "name": "Sector 1C", "landuse": "residential"}, "geometry": {"type": "LineString", "coordinates": [[72.5777524, 23.1881662], [72.5784983, 23.187558], [72.578627, 23.1873558], [72.5787021, 23.1870895], [72.578627, 23.1863351], [72.5784929, 23.1853686], [72.5784178, 23.1852897], [72.5782006, 23.1853045], [72.5782073, 23.1854881], [72.5781992, 23.1858062], [72.5781161, 23.1862525], [72.5779364, 23.1867061], [72.5777057, 23.1870562], [72.5774831, 23.1873275], [72.5772311, 23.1875336], [72.5777524, 23.18807], [72.5777524, 23.1881662]]}}, {"type": "Feature", "properties": {"osm_id": 583602819, "osm_type": "way", "name": "Sector 1D", "landuse": "residential"}, "geometry": {"type": "LineString", "coordinates": [[72.5762177, 23.1841684], [72.5771518, 23.1842566], [72.5772161, 23.1842568], [72.5783186, 23.1842245], [72.5784929, 23.1853686], [72.5784178, 23.1852897], [72.5782006, 23.1853045], [72.5768809, 23.1854524], [72.5768729, 23.1853932], [72.5768695, 23.1853507], [72.5768279, 23.1851596], [72.5767756, 23.1850228], [72.5767032, 23.1848761], [72.5766308, 23.1847626], [72.5765611, 23.1846788], [72.5765081, 23.1846153], [72.576323, 23.1844551], [72.5761835, 23.184354], [72.5762177, 23.1841684]]}}, {"type": "Feature", "properties": {"osm_id": 583602822, "osm_type": "way", "name": "", "landuse": "cemetery"}, "geometry": {"type": "LineString", "coordinates": [[72.5726495, 23.1775968], [72.5731459, 23.1773428], [72.5732318, 23.1775081], [72.5731956, 23.1777571], [72.5730373, 23.1778015], [72.5726546, 23.1777187], [72.5726495, 23.1775968]]}}, {"type": "Feature", "properties": {"osm_id": 585813387, "osm_type": "way", "name": "", "landuse": "retail"}, "geometry": {"type": "LineString", "coordinates": [[72.5737973, 23.1771155], [72.5740011, 23.1770119], [72.5743337, 23.1768763], [72.5743833, 23.1768147], [72.5743753, 23.1767247], [72.5742559, 23.1764818], [72.5742331, 23.1764387], [72.5741412, 23.1762994], [72.5733963, 23.1767506], [72.573517, 23.1767666], [72.5735894, 23.176811], [72.5737182, 23.1769959], [72.5737973, 23.1771155]]}}, {"type": "Feature", "properties": {"osm_id": 586898704, "osm_type": "way", "name": "", "landuse": "residential"}, "geometry": {"type": "LineString", "coordinates": [[72.5638516, 23.0803593], [72.5645386, 23.080467], [72.5646372, 23.0798094], [72.5639656, 23.0797074], [72.5638516, 23.0803593]]}}, {"type": "Feature", "properties": {"osm_id": 616132409, "osm_type": "way", "name": "Nijanand Society", "landuse": "residential"}, "geometry": {"type": "LineString", "coordinates": [[72.5609032, 23.0896634], [72.5608367, 23.0892963], [72.5608067, 23.0891304], [72.5627164, 23.0888639], [72.5628344, 23.0896239], [72.5618795, 23.0896535], [72.5609032, 23.0896634]]}}, {"type": "Feature", "properties": {"osm_id": 655923300, "osm_type": "way", "name": "Sargasan Lake", "natural": "water"}, "geometry": {"type": "LineString", "coordinates": [[72.6165336, 23.1875859], [72.6166999, 23.1876402], [72.6168957, 23.1875514], [72.6170781, 23.1873172], [72.61729, 23.1868956], [72.6173127, 23.1868504], [72.6173272, 23.1868024], [72.6173331, 23.1867529], [72.6173303, 23.1867032], [72.6173202, 23.1866589], [72.6173031, 23.1866164], [72.6172795, 23.1865767], [72.6172498, 23.1865405], [72.6171933, 23.1865012], [72.6171318, 23.186469], [72.6170757, 23.1864474], [72.6170173, 23.1864318], [72.6169574, 23.1864222], [72.6168314, 23.1864], [72.6167775, 23.1863947], [72.6167234, 23.1863971], [72.6166704, 23.1864074], [72.6166221, 23.1864241], [72.6165771, 23.1864473], [72.6165363, 23.1864764], [72.6165049, 23.1865118], [72.6164788, 23.1865506], [72.6164585, 23.1865923], [72.6164437, 23.1866385], [72.6164361, 23.1866862], [72.6164356, 23.1867344], [72.6164451, 23.1872309], [72.6164719, 23.1875218], [72.6165336, 23.1875859]]}}, {"type": "Feature", "properties": {"osm_id": 677535844, "osm_type": "way", "name": "", "natural": "water"}, "geometry": {"type": "LineString", "coordinates": [[72.5790404, 23.1855172], [72.5790288, 23.1854797], [72.5790615, 23.1854582], [72.5790685, 23.1854078], [72.5790323, 23.1853659], [72.5790019, 23.1853477], [72.5790019, 23.1852951], [72.5790404, 23.1852468], [72.5791152, 23.1851727], [72.5792366, 23.1851556], [72.5793055, 23.1851609], [72.5794514, 23.1851223], [72.5795623, 23.1850719], [72.579637, 23.1850933], [72.5796954, 23.1852414], [72.5797445, 23.1853294], [72.579769, 23.1853895], [72.5797491, 23.1854518], [72.5797199, 23.1854786], [72.5793638, 23.1855301], [72.5792471, 23.1855419], [72.5792413, 23.185499], [72.5790404, 23.1855172]]}}, {"type": "Feature", "properties": {"osm_id": 745992146, "osm_type": "way", "name": "", "landuse": "commercial"}, "geometry": {"type": "LineString", "coordinates": [[72.6130132, 23.1922358], [72.6128478, 23.1924729], [72.6130005, 23.1925629], [72.6130695, 23.1924639], [72.6134506, 23.1926932], [72.6134584, 23.1927371], [72.6136312, 23.1927433], [72.6136328, 23.1926118], [72.6130132, 23.1922358]]}}, {"type": "Feature", "properties": {"osm_id": 875814172, "osm_type": "way", "name": "Sector 3A", "landuse": "residential"}, "geometry": {"type": "LineString", "coordinates": [[72.5755563, 23.1869901], [72.5753646, 23.1870037], [72.5751956, 23.1869988], [72.5750648, 23.1869852], [72.574728, 23.1882967], [72.5749506, 23.1883411], [72.5748996, 23.1885852], [72.575789, 23.1891426], [72.5757132, 23.1885486], [72.5755657, 23.1871813], [72.5755389, 23.1870259], [72.5755563, 23.1869901]]}}, {"type": "Feature", "properties": {"osm_id": 910947195, "osm_type": "way", "name": "", "landuse": "recreation_ground"}, "geometry": {"type": "LineString", "coordinates": [[72.5932467, 23.0939341], [72.5936049, 23.0940153], [72.5939553, 23.0940947], [72.5943839, 23.0941956], [72.5944483, 23.094245], [72.5945556, 23.0942746], [72.5944783, 23.0946533], [72.5942069, 23.0959819], [72.5938797, 23.0959227], [72.5937509, 23.0958437], [72.5933754, 23.0955872], [72.5930321, 23.0954786], [72.5930053, 23.0953256], [72.5932467, 23.0939341]]}}, {"type": "Feature", "properties": {"osm_id": 986289292, "osm_type": "way", "name": "Chharodi Lake", "natural": "water"}, "geometry": {"type": "LineString", "coordinates": [[72.5397124, 23.1228632], [72.5396746, 23.1230401], [72.5397055, 23.1231476], [72.5397296, 23.1233023], [72.5397227, 23.1234824], [72.5397468, 23.123672], [72.5398842, 23.1237762], [72.5401933, 23.1237667], [72.5403719, 23.1237415], [72.5406914, 23.1236752], [72.5409353, 23.1235267], [72.5411311, 23.1232328], [72.5412204, 23.122879], [72.5412582, 23.1225979], [72.5411895, 23.1224273], [72.5410143, 23.1222598], [72.5407429, 23.1222598], [72.5404578, 23.1223388], [72.5399048, 23.1225915], [72.5398257, 23.1227084], [72.5397124, 23.1228632]]}}, {"type": "Feature", "properties": {"osm_id": 986704166, "osm_type": "way", "name": "Avichal Park", "landuse": "residential"}, "geometry": {"type": "LineString", "coordinates": [[72.5783819, 23.119854], [72.5779612, 23.1192953], [72.5779384, 23.1192633], [72.5785871, 23.1188154], [72.579035, 23.1195282], [72.5783819, 23.119854]]}}, {"type": "Feature", "properties": {"osm_id": 993784183, "osm_type": "way", "name": "Zundal Lake", "natural": "water"}, "geometry": {"type": "LineString", "coordinates": [[72.583286, 23.1362234], [72.5833055, 23.1362478], [72.5833781, 23.1362559], [72.5834789, 23.136251], [72.583578, 23.1362445], [72.5835763, 23.1361973], [72.583601, 23.1360851], [72.5835904, 23.1354455], [72.5835391, 23.1354146], [72.5834772, 23.1354081], [72.5833975, 23.1354162], [72.5833444, 23.135426], [72.5833144, 23.1354667], [72.583263, 23.1358328], [72.5832719, 23.1359614], [72.583279, 23.1361518], [72.583286, 23.1362234]]}}, {"type": "Feature", "properties": {"osm_id": 993792327, "osm_type": "way", "name": "Gota Lake", "natural": "water"}, "geometry": {"type": "LineString", "coordinates": [[72.5375165, 23.0947296], [72.537397, 23.0946306], [72.5373177, 23.0946031], [72.537235, 23.0946081], [72.5371674, 23.094628], [72.5371042, 23.094661], [72.5370243, 23.0946477], [72.5368996, 23.0947241], [72.5368843, 23.0948435], [72.5368555, 23.0949374], [72.536834, 23.0950061], [72.5368311, 23.0951674], [72.5368412, 23.0953089], [72.5368235, 23.095379], [72.5368316, 23.0954705], [72.5368383, 23.0955852], [72.5367945, 23.0957214], [72.5367747, 23.095848], [72.5368092, 23.0959642], [72.5368331, 23.0960325], [72.536863, 23.0961516], [72.5368999, 23.0962338], [72.53692, 23.0963416], [72.5371776, 23.0965876], [72.5372404, 23.0966567], [72.5372917, 23.096765], [72.5373422, 23.0968273], [72.537406, 23.0968994], [72.537429, 23.0969708], [72.5374477, 23.0970435], [72.5374578, 23.0971044], [72.537452, 23.0971758], [72.5374822, 23.0972353], [72.5375726, 23.0973767], [72.5376157, 23.097415], [72.5376329, 23.097456], [72.5376976, 23.0974771], [72.5377494, 23.097497], [72.5377752, 23.0975009], [72.5378687, 23.0975481], [72.5379501, 23.0975245], [72.5380709, 23.0975137], [72.5381771, 23.0975928], [72.538254, 23.0975597], [72.5383179, 23.0975215], [72.5383501, 23.097466], [72.5383875, 23.0974263], [72.5383975, 23.0973629], [72.5383717, 23.0972611], [72.5383573, 23.0972029], [72.53822, 23.0971694], [72.5381999, 23.097176], [72.5381438, 23.0971443], [72.5381295, 23.0971099], [72.5381622, 23.0969939], [72.5382393, 23.0969725], [72.5382982, 23.0969725], [72.5383773, 23.0969421], [72.5384233, 23.096872], [72.5384161, 23.096794], [72.5383485, 23.0967531], [72.5383589, 23.0966161], [72.5383907, 23.0964625], [72.53839, 23.0963262], [72.5383064, 23.0961794], [72.5382848, 23.0960997], [72.538185, 23.0960642], [72.5380988, 23.0959929], [72.5379968, 23.0960123], [72.5379235, 23.0959977], [72.5378387, 23.0960149], [72.5377869, 23.0960043], [72.5377769, 23.0959581], [72.5376288, 23.0958972], [72.5376346, 23.09581], [72.5376533, 23.0957478], [72.5376073, 23.0955535], [72.5375383, 23.095453], [72.5374722, 23.0953671], [72.5375438, 23.0953024], [72.5375357, 23.0952129], [72.5375353, 23.0951052], [72.5375198, 23.0950006], [72.5375821, 23.0949156], [72.5375566, 23.0948362], [72.5375165, 23.0947296]]}}, {"type": "Feature", "properties": {"osm_id": 996610809, "osm_type": "way", "name": "", "natural": "water"}, "geometry": {"type": "LineString", "coordinates": [[72.6047051, 23.0976053], [72.6050806, 23.0982567], [72.6059818, 23.0993916], [72.6064861, 23.0997468], [72.6072586, 23.0975461], [72.6073551, 23.0966678], [72.6055848, 23.0954046], [72.6049626, 23.095898], [72.6047051, 23.0974376], [72.6047051, 23.0976053]]}}, {"type": "Feature", "properties": {"osm_id": 1004137265, "osm_type": "way", "name": "Vatsalya and Sinchan", "landuse": "residential"}, "geometry": {"type": "LineString", "coordinates": [[72.5711102, 23.184637], [72.5711505, 23.184346], [72.5717164, 23.1835866], [72.569922, 23.1831354], [72.5701419, 23.1824302], [72.5700803, 23.1818508], [72.5697986, 23.1817546], [72.5698174, 23.1816166], [72.5696806, 23.1815722], [72.5692675, 23.182413], [72.5692649, 23.1824462], [72.5692407, 23.1827508], [72.5688982, 23.1836384], [72.5688706, 23.1837099], [72.569238, 23.1839022], [72.5690101, 23.1843978], [72.5699354, 23.1847997], [72.5701929, 23.1843781], [72.5711102, 23.184637]]}}, {"type": "Feature", "properties": {"osm_id": 1008655803, "osm_type": "way", "name": "Ghatlodiya Lake", "natural": "water"}, "geometry": {"type": "LineString", "coordinates": [[72.5300265, 23.0847932], [72.5300957, 23.0848219], [72.53017, 23.0848813], [72.530251, 23.0849391], [72.5303305, 23.0849897], [72.5304251, 23.0850189], [72.5304941, 23.0849488], [72.5305457, 23.0847726], [72.5305393, 23.0847308], [72.530449, 23.0846926], [72.5300635, 23.0846249], [72.5300194, 23.0846459], [72.5300123, 23.0847036], [72.5300265, 23.0847932]]}}, {"type": "Feature", "properties": {"osm_id": 1026135343, "osm_type": "way", "name": "Ambapur Lake", "natural": "water"}, "geometry": {"type": "LineString", "coordinates": [[72.606934, 23.1497641], [72.6068938, 23.1500058], [72.6068535, 23.1502006], [72.6068079, 23.1504053], [72.6067972, 23.1505557], [72.6068643, 23.1507013], [72.606985, 23.1507259], [72.6070359, 23.1508443], [72.6070923, 23.1508542], [72.6071835, 23.1508295], [72.6073953, 23.1508024], [72.6074919, 23.1507802], [72.6075321, 23.1505927], [72.6075482, 23.1504275], [72.6076421, 23.1501957], [72.6077548, 23.1500699], [72.6078245, 23.1499589], [72.6077843, 23.1498233], [72.6076689, 23.1496728], [72.6074812, 23.1495939], [72.6072934, 23.1495841], [72.6071593, 23.149626], [72.606934, 23.1497641]]}}, {"type": "Feature", "properties": {"osm_id": 1026135355, "osm_type": "way", "name": "", "natural": "water"}, "geometry": {"type": "LineString", "coordinates": [[72.5742486, 23.1789107], [72.5742111, 23.1789735], [72.5741588, 23.1790043], [72.5741306, 23.179066], [72.5741346, 23.1791276], [72.5741547, 23.1791683], [72.574193, 23.1792004], [72.5742298, 23.1792127], [72.5742681, 23.1792152], [72.574317, 23.1792059], [72.5743559, 23.1791868], [72.5743988, 23.1791511], [72.5744095, 23.179103], [72.5744075, 23.1790574], [72.5743894, 23.1790265], [72.574366, 23.1789963], [72.5743351, 23.1789507], [72.5743197, 23.178915], [72.574313, 23.1788811], [72.5743137, 23.1788188], [72.5743344, 23.1787701], [72.5743626, 23.1787331], [72.5743934, 23.1787017], [72.5744069, 23.1786715], [72.5743995, 23.1786339], [72.5743787, 23.1786111], [72.5743418, 23.1785938], [72.574313, 23.1785827], [72.5742821, 23.1785827], [72.5742613, 23.1785963], [72.5742506, 23.178616], [72.5742439, 23.1786524], [72.5742473, 23.178685], [72.5742573, 23.1787294], [72.5742721, 23.1787584], [72.5742882, 23.178804], [72.5742882, 23.1788176], [72.5742781, 23.1788669], [72.5742674, 23.1788897], [72.5742486, 23.1789107]]}}, {"type": "Feature", "properties": {"osm_id": 1033606002, "osm_type": "way", "name": "", "natural": "water"}, "geometry": {"type": "LineString", "coordinates": [[72.5968918, 23.1837026], [72.596987, 23.1836669], [72.597156, 23.1837026], [72.5973518, 23.1837581], [72.5974135, 23.1838222], [72.5974108, 23.1838752], [72.5972928, 23.183996], [72.5972445, 23.1840552], [72.5971332, 23.1840466], [72.5970863, 23.184049], [72.5970058, 23.1840466], [72.5969106, 23.1839023], [72.5968771, 23.1838617], [72.5968918, 23.1837026]]}}, {"type": "Feature", "properties": {"osm_id": 1033827286, "osm_type": "way", "name": "Aditya Residency", "landuse": "residential"}, "geometry": {"type": "LineString", "coordinates": [[72.598715, 23.101812], [72.5993353, 23.1013616], [72.5990778, 23.1009237], [72.5983829, 23.1014394], [72.598715, 23.101812]]}}, {"type": "Feature", "properties": {"osm_id": 1072528781, "osm_type": "way", "name": "Shukan Residency", "landuse": "residential"}, "geometry": {"type": "LineString", "coordinates": [[72.5445383, 23.0943427], [72.5444713, 23.0941895], [72.5444568, 23.0941588], [72.5445185, 23.0941401], [72.5444981, 23.0940769], [72.5445045, 23.0940681], [72.5444906, 23.0940483], [72.5444562, 23.0939832], [72.5445271, 23.0939398], [72.5444359, 23.093691], [72.5445929, 23.0936194], [72.5447881, 23.0935537], [72.5456365, 23.0932943], [72.5457782, 23.0937074], [72.5460155, 23.0943154], [72.5459768, 23.0943315], [72.545745, 23.094428], [72.5456097, 23.094475], [72.5454605, 23.0940842], [72.5445383, 23.0943427]]}}, {"type": "Feature", "properties": {"osm_id": 1072528783, "osm_type": "way", "name": "Aaryan60 Appartment", "landuse": "residential"}, "geometry": {"type": "LineString", "coordinates": [[72.5452313, 23.0946049], [72.5452256, 23.0945886], [72.5451699, 23.0944293], [72.5451634, 23.0944105], [72.5451068, 23.0942487], [72.5450962, 23.0942183], [72.5454482, 23.0940996], [72.5454977, 23.0942282], [72.5455453, 23.0943517], [72.5455939, 23.0944779], [72.5452313, 23.0946049]]}}, {"type": "Feature", "properties": {"osm_id": 1074703589, "osm_type": "way", "name": "Casa Elite", "landuse": "residential"}, "geometry": {"type": "LineString", "coordinates": [[72.5400424, 23.1210555], [72.5406309, 23.1209167], [72.540818, 23.1216813], [72.5406888, 23.1218014], [72.5402386, 23.121857], [72.5400424, 23.1210555]]}}, {"type": "Feature", "properties": {"osm_id": 1081886776, "osm_type": "way", "name": "Sector 6", "landuse": "residential"}, "geometry": {"type": "LineString", "coordinates": [[72.5772161, 23.1842568], [72.5772523, 23.18356], [72.5778799, 23.1835909], [72.5778129, 23.1832863], [72.5793753, 23.1832716], [72.5794316, 23.183475], [72.5794048, 23.1842257], [72.5772161, 23.1842568]]}}, {"type": "Feature", "properties": {"osm_id": 1104385405, "osm_type": "way", "name": "Swagat City", "landuse": "residential"}, "geometry": {"type": "LineString", "coordinates": [[72.5838684, 23.1608918], [72.5847718, 23.158861], [72.585298, 23.1590435], [72.5851342, 23.159509], [72.5872172, 23.1600389], [72.5870651, 23.1607869], [72.5860425, 23.1605769], [72.5858738, 23.1613665], [72.5838684, 23.1608918]]}}, {"type": "Feature", "properties": {"osm_id": 1107167550, "osm_type": "way", "name": "", "landuse": "industrial"}, "geometry": {"type": "LineString", "coordinates": [[72.5649988, 23.0879812], [72.5648306, 23.0869455], [72.5652089, 23.086915], [72.5652078, 23.086854], [72.5655533, 23.086854], [72.5655552, 23.0868018], [72.565899, 23.0868134], [72.5660647, 23.086772], [72.5661411, 23.0869899], [72.5663258, 23.0869644], [72.5665158, 23.0879188], [72.5661095, 23.0879826], [72.5657571, 23.0879954], [72.5649988, 23.0879812]]}}, {"type": "Feature", "properties": {"osm_id": 1107167575, "osm_type": "way", "name": "", "landuse": "industrial"}, "geometry": {"type": "LineString", "coordinates": [[72.541405, 23.0894633], [72.5427514, 23.0932383], [72.5434488, 23.0952269], [72.5431055, 23.0953256], [72.5429821, 23.0950641], [72.541995, 23.0952171], [72.5420272, 23.0957303], [72.5399244, 23.0965543], [72.5388837, 23.0944029], [72.538771, 23.0942203], [72.5384223, 23.0939267], [72.5383151, 23.0937663], [72.5381327, 23.0931544], [72.541405, 23.0894633]]}}, {"type": "Feature", "properties": {"osm_id": 1107167576, "osm_type": "way", "name": "", "landuse": "industrial"}, "geometry": {"type": "LineString", "coordinates": [[72.5402141, 23.0876326], [72.5378483, 23.0879237], [72.5354397, 23.0887922], [72.5346565, 23.0890982], [72.5356328, 23.0907908], [72.534399, 23.0913138], [72.5348926, 23.09236], [72.5339752, 23.0927399], [72.533884, 23.0937959], [72.5342595, 23.0942598], [72.5342703, 23.0944966], [72.5329292, 23.094546], [72.5329292, 23.0942104], [72.5321889, 23.0941315], [72.5321567, 23.095375], [72.5313413, 23.0952467], [72.5310302, 23.0951677], [72.5320065, 23.0982172], [72.5332618, 23.0971612], [72.5335193, 23.0964606], [72.5337338, 23.0958289], [72.5340021, 23.0954737], [72.5344098, 23.0952171], [72.5355792, 23.0947631], [72.5365448, 23.0942993], [72.5369954, 23.0939144], [72.5377142, 23.0932235], [72.5398278, 23.0909141], [72.5409865, 23.0894732], [72.5403213, 23.0880816], [72.5402141, 23.0876326]]}}, {"type": "Feature", "properties": {"osm_id": 1107179895, "osm_type": "way", "name": "", "landuse": "residential"}, "geometry": {"type": "LineString", "coordinates": [[72.5897223, 23.0782932], [72.5893092, 23.0791248], [72.5876784, 23.0810346], [72.585656, 23.0836699], [72.5855112, 23.0839462], [72.5855166, 23.0843953], [72.5850284, 23.0841239], [72.5848782, 23.0845779], [72.5853878, 23.0848543], [72.5851035, 23.0852293], [72.5850338, 23.0854415], [72.5849318, 23.0872575], [72.582165, 23.0875205], [72.5820987, 23.0867283], [72.5827371, 23.0867085], [72.5826566, 23.0857067], [72.5827753, 23.0853823], [72.5838053, 23.0853181], [72.5838321, 23.0846421], [72.5839984, 23.0843361], [72.5838911, 23.0842571], [72.5842988, 23.0837044], [72.5848292, 23.0829136], [72.5866169, 23.0810063], [72.5873357, 23.0801574], [72.5879365, 23.0792987], [72.5886923, 23.0778934], [72.5889069, 23.0779872], [72.5890517, 23.0777947], [72.5897223, 23.0782932]]}}, {"type": "Feature", "properties": {"osm_id": 1107179896, "osm_type": "way", "name": "", "landuse": "industrial"}, "geometry": {"type": "LineString", "coordinates": [[72.5905054, 23.0916349], [72.5914697, 23.0919284], [72.592442, 23.0921478], [72.592515, 23.0919306], [72.5929316, 23.0920219], [72.5930287, 23.0919767], [72.5933647, 23.0918122], [72.5920933, 23.0899025], [72.59094, 23.0902233], [72.5905054, 23.0916349]]}}, {"type": "Feature", "properties": {"osm_id": 1200779816, "osm_type": "way", "name": "Khoraj Lake", "natural": "water"}, "geometry": {"type": "LineString", "coordinates": [[72.5547275, 23.1508221], [72.5546148, 23.1509503], [72.5545666, 23.1511378], [72.5546175, 23.1514732], [72.5548482, 23.1518998], [72.555044, 23.1524745], [72.5550789, 23.1525558], [72.5550386, 23.152763], [72.5550279, 23.1528888], [72.555052, 23.1529603], [72.5551191, 23.1530146], [72.5552371, 23.1530589], [72.5553256, 23.1530614], [72.5554302, 23.1530219], [72.5554839, 23.1529011], [72.5554275, 23.1521686], [72.5553069, 23.1514448], [72.5552344, 23.1514103], [72.5552492, 23.1512771], [72.5553377, 23.1510478], [72.5553524, 23.1509158], [72.5553095, 23.1508159], [72.5552224, 23.1507641], [72.5551768, 23.150758], [72.5549729, 23.1507678], [72.5548643, 23.1507974], [72.5548616, 23.1508221], [72.5548053, 23.1508394], [72.5547825, 23.1508172], [72.5547275, 23.1508221]]}}, {"type": "Feature", "properties": {"osm_id": 1200946272, "osm_type": "way", "name": "Adalaj Lake", "natural": "water"}, "geometry": {"type": "LineString", "coordinates": [[72.5798464, 23.1689303], [72.5801817, 23.1688958], [72.580297, 23.1689624], [72.5802675, 23.1690684], [72.5800529, 23.1692386], [72.5799684, 23.1694001], [72.5797887, 23.1694247], [72.5797176, 23.169479], [72.5798343, 23.1695061], [72.5801414, 23.1695086], [72.5802474, 23.1695727], [72.5804391, 23.1697157], [72.5806135, 23.1697884], [72.5806698, 23.1697675], [72.5807489, 23.1696664], [72.5810453, 23.1696787], [72.5811164, 23.1697379], [72.5811982, 23.1697958], [72.5813793, 23.1698279], [72.5816368, 23.1697342], [72.5817373, 23.1695406], [72.5817762, 23.1692583], [72.5816998, 23.1690327], [72.5815549, 23.1687824], [72.5814316, 23.1686578], [72.5813122, 23.1685222], [72.5812076, 23.1683792], [72.5811607, 23.1682584], [72.5811177, 23.1680673], [72.5810467, 23.1679144], [72.5809541, 23.1678786], [72.5807959, 23.1678416], [72.5807101, 23.1678996], [72.5806645, 23.1679871], [72.5805826, 23.1682497], [72.5804257, 23.1682275], [72.5803211, 23.1682448], [72.580238, 23.1683028], [72.5800797, 23.168463], [72.5798719, 23.168701], [72.5798491, 23.1688218], [72.5798464, 23.1689303]]}}, {"type": "Feature", "properties": {"osm_id": 1200946286, "osm_type": "way", "name": "Zydus Corporate Park", "landuse": "commercial"}, "geometry": {"type": "LineString", "coordinates": [[72.5417432, 23.1313685], [72.5420961, 23.132732], [72.5436162, 23.1323993], [72.5432632, 23.1310358], [72.5417432, 23.1313685]]}}, {"type": "Feature", "properties": {"osm_id": 1202571601, "osm_type": "way", "name": "Samadhi Mandir Ground", "landuse": "recreation_ground"}, "geometry": {"type": "LineString", "coordinates": [[72.6122895, 23.1252676], [72.6122956, 23.1256678], [72.6126351, 23.1256634], [72.6126291, 23.1252633], [72.6122895, 23.1252676]]}}, {"type": "Feature", "properties": {"osm_id": 1202581107, "osm_type": "way", "name": "", "landuse": "industrial"}, "geometry": {"type": "LineString", "coordinates": [[72.6112332, 23.1241707], [72.6113382, 23.1232121], [72.6117816, 23.1230573], [72.6121754, 23.123143], [72.6120995, 23.124292], [72.6112332, 23.1241707]]}}, {"type": "Feature", "properties": {"osm_id": 1202581108, "osm_type": "way", "name": "", "natural": "water"}, "geometry": {"type": "LineString", "coordinates": [[72.6105982, 23.1226807], [72.6111062, 23.122468], [72.611307, 23.1223611], [72.6111957, 23.1220484], [72.6107345, 23.1219912], [72.6102385, 23.1220679], [72.6105982, 23.1226807]]}}, {"type": "Feature", "properties": {"osm_id": 1202585140, "osm_type": "way", "name": "", "natural": "water"}, "geometry": {"type": "LineString", "coordinates": [[72.6167784, 23.1246318], [72.6169176, 23.1247482], [72.617285, 23.1248333], [72.6173928, 23.1248183], [72.6174323, 23.1242083], [72.6174167, 23.1240575], [72.6173319, 23.1240058], [72.6172483, 23.1239577], [72.6170431, 23.1239703], [72.6167784, 23.1246318]]}}, {"type": "Feature", "properties": {"osm_id": 1241921148, "osm_type": "way", "name": "Green Glades", "landuse": "residential"}, "geometry": {"type": "LineString", "coordinates": [[72.5521185, 23.1117954], [72.5524461, 23.1127581], [72.5506404, 23.1132778], [72.5503128, 23.1123154], [72.5521185, 23.1117954]]}}, {"type": "Feature", "properties": {"osm_id": 1275046998, "osm_type": "way", "name": "", "natural": "water"}, "geometry": {"type": "LineString", "coordinates": [[72.5500806, 23.1382857], [72.5501074, 23.138372], [72.5501852, 23.1384201], [72.5502184, 23.1384522], [72.5502556, 23.1384804], [72.5502961, 23.1385043], [72.5503394, 23.1385237], [72.5503945, 23.1385406], [72.5504517, 23.1385502], [72.5505097, 23.1385521], [72.5505572, 23.1385614], [72.5506055, 23.1385647], [72.5506539, 23.138562], [72.5507015, 23.1385533], [72.5507509, 23.1385375], [72.5507973, 23.1385152], [72.5508397, 23.138487], [72.5508772, 23.1384534], [72.550936, 23.138379], [72.5509902, 23.1383017], [72.5510395, 23.1382216], [72.5510978, 23.13811], [72.5511467, 23.1379947], [72.5512513, 23.1377258], [72.5512683, 23.1376845], [72.5512923, 23.1376462], [72.5513226, 23.137612], [72.5513586, 23.1375828], [72.5513982, 23.1375598], [72.5514411, 23.1375429], [72.5514864, 23.1375324], [72.551533, 23.1375285], [72.5515703, 23.1375172], [72.5516047, 23.1374998], [72.5516349, 23.1374767], [72.5516579, 23.1374517], [72.5516759, 23.1374235], [72.5516885, 23.1373929], [72.5517069, 23.137344], [72.5517199, 23.1372937], [72.5517274, 23.1372424], [72.5517288, 23.137175], [72.5517207, 23.137108], [72.5517048, 23.1370641], [72.5516809, 23.1370234], [72.5516497, 23.1369871], [72.5516121, 23.1369563], [72.5515685, 23.1369316], [72.5515209, 23.1369144], [72.5514771, 23.1369103], [72.5514331, 23.1369112], [72.5513895, 23.1369168], [72.5513409, 23.1369292], [72.5512947, 23.1369475], [72.5512516, 23.1369715], [72.5512125, 23.1370007], [72.5510867, 23.1370785], [72.5509651, 23.1371616], [72.5508477, 23.1372498], [72.5507162, 23.1373591], [72.5505914, 23.1374747], [72.5505309, 23.1375342], [72.5504735, 23.1375963], [72.5504039, 23.1376809], [72.5503401, 23.1377692], [72.5502825, 23.1378611], [72.5502312, 23.1379561], [72.5501865, 23.1380539], [72.5500806, 23.1382857]]}}, {"type": "Feature", "properties": {"osm_id": 1288259746, "osm_type": "way", "name": "", "landuse": "residential"}, "geometry": {"type": "LineString", "coordinates": [[72.5946541, 23.0960437], [72.5949022, 23.0960202], [72.5956737, 23.0959486], [72.5958711, 23.0959323], [72.5959496, 23.0959067], [72.5951175, 23.0945102], [72.5949316, 23.0945418], [72.5949106, 23.0945586], [72.5948796, 23.0947052], [72.5948702, 23.0947496], [72.5946541, 23.0960437]]}}, {"type": "Feature", "properties": {"osm_id": 1288329293, "osm_type": "way", "name": "", "landuse": "residential"}, "geometry": {"type": "LineString", "coordinates": [[72.5945556, 23.0942746], [72.59424, 23.0959972], [72.5944386, 23.0960507], [72.5946305, 23.0960524], [72.5948796, 23.0947052], [72.5948889, 23.0945965], [72.5949106, 23.0945586], [72.5949204, 23.0945466], [72.5949316, 23.0945418], [72.5949492, 23.0945343], [72.5950505, 23.0945256], [72.595084, 23.0945207], [72.5951175, 23.0945102], [72.5951448, 23.0944973], [72.5942469, 23.0931251], [72.594109, 23.0931976], [72.5940379, 23.0932248], [72.5939045, 23.0932481], [72.5936816, 23.0932456], [72.5935061, 23.0932408], [72.5932272, 23.0932696], [72.5931588, 23.093895], [72.5936049, 23.0940153], [72.5939553, 23.0940947], [72.5943839, 23.0941956], [72.5944483, 23.094245], [72.5945556, 23.0942746]]}}, {"type": "Feature", "properties": {"osm_id": 1288383326, "osm_type": "way", "name": "", "landuse": "residential"}, "geometry": {"type": "LineString", "coordinates": [[72.5941084, 23.0926626], [72.5950851, 23.0941137], [72.595253, 23.0940145], [72.5953762, 23.0939465], [72.5949218, 23.0930169], [72.5953885, 23.0921964], [72.5952822, 23.0920079], [72.5941084, 23.0926626]]}}, {"type": "Feature", "properties": {"osm_id": 1288891874, "osm_type": "way", "name": "", "natural": "water"}, "geometry": {"type": "LineString", "coordinates": [[72.555626, 23.1432013], [72.5558245, 23.1437192], [72.556141, 23.1442223], [72.5565594, 23.1444147], [72.5567633, 23.1444147], [72.5569993, 23.1444838], [72.5570656, 23.144477], [72.5571303, 23.1444624], [72.5571925, 23.1444403], [72.5572511, 23.1444111], [72.5573051, 23.1443753], [72.5573518, 23.1443352], [72.5573928, 23.1442901], [72.5574275, 23.1442407], [72.5574553, 23.1441878], [72.5574607, 23.1438918], [72.5573695, 23.1437389], [72.5573212, 23.143369], [72.5573319, 23.1429448], [72.5572032, 23.1426636], [72.5571368, 23.1426192], [72.5570659, 23.1425811], [72.5569912, 23.1425498], [72.5569135, 23.1425255], [72.5568289, 23.1425077], [72.5567427, 23.1424983], [72.5566559, 23.1424973], [72.5565694, 23.1425047], [72.5564843, 23.1425206], [72.5562483, 23.1425896], [72.5559533, 23.1426439], [72.5558888, 23.1426498], [72.5558261, 23.1426645], [72.5557664, 23.1426875], [72.5557111, 23.1427185], [72.5556614, 23.1427566], [72.5556184, 23.1428012], [72.5555831, 23.142851], [72.5555588, 23.1428991], [72.5555415, 23.1429496], [72.5555317, 23.1430018], [72.5555294, 23.1430548], [72.5555348, 23.1431075], [72.555626, 23.1432013]]}}, {"type": "Feature", "properties": {"osm_id": 1289139081, "osm_type": "way", "name": "", "landuse": "residential"}, "geometry": {"type": "LineString", "coordinates": [[72.5929942, 23.0907329], [72.5933631, 23.0913], [72.5934845, 23.0912409], [72.593634, 23.0910605], [72.5935394, 23.0908468], [72.5933421, 23.090894], [72.5932507, 23.0907167], [72.5932052, 23.0906723], [72.5931769, 23.0906571], [72.5931461, 23.0906598], [72.5929942, 23.0907329]]}}, {"type": "Feature", "properties": {"osm_id": 1289139083, "osm_type": "way", "name": "", "landuse": "residential"}, "geometry": {"type": "LineString", "coordinates": [[72.5921531, 23.08944], [72.5929943, 23.0906944], [72.5931482, 23.090642], [72.5931821, 23.0906448], [72.5932144, 23.0906611], [72.5932553, 23.0907086], [72.5933443, 23.0908886], [72.5935395, 23.0908404], [72.593501, 23.0907617], [72.593091, 23.0901491], [72.5930725, 23.0901525], [72.5930367, 23.090146], [72.5929994, 23.0901238], [72.5928393, 23.0899193], [72.5927743, 23.0898527], [72.5926343, 23.0899107], [72.5922928, 23.0894043], [72.5922666, 23.0893823], [72.5922396, 23.0893763], [72.5922181, 23.0893806], [72.5921531, 23.08944]]}}, {"type": "Feature", "properties": {"osm_id": 1289139084, "osm_type": "way", "name": "", "landuse": "residential"}, "geometry": {"type": "LineString", "coordinates": [[72.5916264, 23.0886311], [72.5919895, 23.0890934], [72.5919399, 23.0891355], [72.5920916, 23.0893396], [72.5920747, 23.0893545], [72.5921293, 23.0894204], [72.5922148, 23.0893694], [72.5922426, 23.0893637], [72.5922718, 23.0893708], [72.5923034, 23.0893927], [72.592647, 23.0898987], [72.5927717, 23.0898476], [72.5923059, 23.089173], [72.5917765, 23.088613], [72.5916264, 23.0886311]]}}, {"type": "Feature", "properties": {"osm_id": 1289139085, "osm_type": "way", "name": "", "landuse": "residential"}, "geometry": {"type": "LineString", "coordinates": [[72.5940355, 23.0914331], [72.594614, 23.0923497], [72.5948152, 23.0922385], [72.5942564, 23.091377], [72.5940355, 23.0914331]]}}, {"type": "Feature", "properties": {"osm_id": 1289139086, "osm_type": "way", "name": "", "landuse": "residential"}, "geometry": {"type": "LineString", "coordinates": [[72.5933559, 23.0913319], [72.5933968, 23.0914103], [72.5934295, 23.0913985], [72.5934575, 23.0914329], [72.5935929, 23.091362], [72.5936326, 23.0914221], [72.5935287, 23.0914855], [72.5935515, 23.0915159], [72.5935245, 23.0915454], [72.5935438, 23.0915725], [72.5935372, 23.091587], [72.5937054, 23.0918212], [72.5936973, 23.0918324], [72.5937202, 23.0918661], [72.5937115, 23.0918782], [72.5938081, 23.0920007], [72.5937837, 23.0920157], [72.5938635, 23.092068], [72.5939285, 23.092155], [72.5939118, 23.0921704], [72.593928, 23.0921961], [72.5939971, 23.0921601], [72.5940434, 23.0922349], [72.5940261, 23.0922466], [72.5940535, 23.0922872], [72.5940342, 23.0923027], [72.5940479, 23.0923289], [72.5940942, 23.0923102], [72.5941084, 23.0923377], [72.594115, 23.0923359], [72.5941303, 23.0923616], [72.5941394, 23.0923588], [72.5941557, 23.092384], [72.5940927, 23.0924237], [72.5941079, 23.0924471], [72.5941369, 23.092435], [72.5941592, 23.0924752], [72.5941359, 23.0924873], [72.5941968, 23.0925818], [72.5945912, 23.0923592], [72.5941733, 23.0917133], [72.5940075, 23.0914394], [72.5947602, 23.0912068], [72.5948436, 23.0911849], [72.5950052, 23.0911974], [72.5950773, 23.091329], [72.5952252, 23.0912956], [72.5952422, 23.0913426], [72.595517, 23.0912763], [72.5955926, 23.0909519], [72.5954692, 23.0905453], [72.5954379, 23.0905553], [72.5954116, 23.0904985], [72.5951921, 23.0905857], [72.595152, 23.0905128], [72.5950133, 23.0905725], [72.5941839, 23.0908471], [72.5937624, 23.0910201], [72.5936577, 23.0910815], [72.5936117, 23.0911419], [72.5934996, 23.0912665], [72.5933559, 23.0913319]]}}, {"type": "Feature", "properties": {"osm_id": 1289139087, "osm_type": "way", "name": "", "landuse": "residential"}, "geometry": {"type": "LineString", "coordinates": [[72.5942719, 23.0913698], [72.5948346, 23.0922228], [72.595337, 23.0919545], [72.5954741, 23.091854], [72.5955124, 23.0917664], [72.595362, 23.0915466], [72.5952264, 23.0915937], [72.5950617, 23.0913274], [72.5949979, 23.0912086], [72.5948457, 23.0911956], [72.5947536, 23.0912217], [72.5944807, 23.0913096], [72.5942719, 23.0913698]]}}, {"type": "Feature", "properties": {"osm_id": 1289139088, "osm_type": "way", "name": "", "landuse": "residential"}, "geometry": {"type": "LineString", "coordinates": [[72.592858, 23.0899179], [72.5930089, 23.0901147], [72.5930417, 23.0901344], [72.5930726, 23.0901394], [72.5930967, 23.0901326], [72.593278, 23.0904202], [72.5935147, 23.0907547], [72.5935898, 23.0908894], [72.5936529, 23.0910486], [72.5945214, 23.0906792], [72.5951246, 23.0904711], [72.5952038, 23.0905535], [72.5954663, 23.0904756], [72.5955205, 23.0906385], [72.5960053, 23.090574], [72.596138, 23.0897813], [72.5958269, 23.0891691], [72.5950331, 23.0892549], [72.5946549, 23.0893407], [72.5941039, 23.0894522], [72.5939406, 23.089512], [72.5934925, 23.0896874], [72.592858, 23.0899179]]}}, {"type": "Feature", "properties": {"osm_id": 1289370577, "osm_type": "way", "name": "", "landuse": "residential"}, "geometry": {"type": "LineString", "coordinates": [[72.5916735, 23.0886063], [72.5916492, 23.0885534], [72.5916863, 23.0885419], [72.5916653, 23.088501], [72.5916268, 23.0885129], [72.5915824, 23.0883786], [72.5917844, 23.0881692], [72.5918183, 23.0881302], [72.5918337, 23.0880785], [72.5918383, 23.0879496], [72.5921002, 23.0879892], [72.5922173, 23.0879935], [72.592339, 23.0879566], [72.5926363, 23.0878447], [72.5927441, 23.0878149], [72.592852, 23.0878093], [72.5929824, 23.087834], [72.5931258, 23.0870645], [72.5932005, 23.086728], [72.593259, 23.086672], [72.5934409, 23.0866274], [72.5934512, 23.0867326], [72.5934797, 23.0868382], [72.5935084, 23.0869148], [72.5936024, 23.0870382], [72.5947539, 23.0870007], [72.5947649, 23.087635], [72.5947949, 23.0876381], [72.5960283, 23.0877692], [72.5963665, 23.0888085], [72.5960728, 23.0890182], [72.595932, 23.089153], [72.5950256, 23.0892189], [72.5946831, 23.0892956], [72.5942988, 23.0893763], [72.592849, 23.0898897], [72.5923311, 23.089169], [72.5920318, 23.0888124], [72.5917756, 23.0885946], [72.5916735, 23.0886063]]}}, {"type": "Feature", "properties": {"osm_id": 1289569744, "osm_type": "way", "name": "", "landuse": "residential"}, "geometry": {"type": "LineString", "coordinates": [[72.5921276, 23.0862271], [72.592416, 23.0862825], [72.5925222, 23.0857672], [72.5922789, 23.0857526], [72.5921276, 23.0862271]]}}, {"type": "Feature", "properties": {"osm_id": 1289569755, "osm_type": "way", "name": "", "landuse": "residential"}, "geometry": {"type": "LineString", "coordinates": [[72.5939585, 23.0852476], [72.5938664, 23.0856269], [72.5938859, 23.0858792], [72.5940044, 23.08627], [72.5960348, 23.0873669], [72.5969191, 23.0864536], [72.5970104, 23.0859594], [72.5956647, 23.0856751], [72.5950183, 23.0854433], [72.5939585, 23.0852476]]}}, {"type": "Feature", "properties": {"osm_id": 1289624892, "osm_type": "way", "name": "", "landuse": "residential"}, "geometry": {"type": "LineString", "coordinates": [[72.5933941, 23.0824101], [72.5935359, 23.0819284], [72.5943754, 23.0821415], [72.5944618, 23.082192], [72.5945944, 23.082267], [72.5946019, 23.0823132], [72.5948095, 23.0823269], [72.5948221, 23.0823212], [72.594984, 23.0822477], [72.5952615, 23.0812103], [72.5956916, 23.0814051], [72.596531, 23.0818039], [72.59662, 23.0826712], [72.5965272, 23.0830623], [72.596102, 23.0830125], [72.596049, 23.0833813], [72.5960229, 23.0835564], [72.5959793, 23.0835521], [72.5959488, 23.0836825], [72.5959047, 23.0836744], [72.5958663, 23.0838729], [72.5963037, 23.0839467], [72.5962661, 23.0840746], [72.5961395, 23.0840469], [72.5959844, 23.0840603], [72.5959028, 23.084041], [72.5951962, 23.0838076], [72.5953717, 23.0832806], [72.5953754, 23.0831865], [72.5953527, 23.0830913], [72.5953136, 23.0830402], [72.5952458, 23.0829995], [72.5950793, 23.0829628], [72.5949303, 23.0829799], [72.5948918, 23.0831542], [72.5948119, 23.0831666], [72.5946112, 23.0833565], [72.5936934, 23.0830745], [72.5935877, 23.083492], [72.5932818, 23.0834676], [72.5934056, 23.0829239], [72.5935048, 23.082429], [72.5933941, 23.0824101]]}}, {"type": "Feature", "properties": {"osm_id": 1289624893, "osm_type": "way", "name": "", "landuse": "residential"}, "geometry": {"type": "LineString", "coordinates": [[72.593542, 23.0818984], [72.5938395, 23.0808732], [72.594608, 23.0810101], [72.5943701, 23.0821099], [72.593542, 23.0818984]]}}, {"type": "Feature", "properties": {"osm_id": 1289897586, "osm_type": "way", "name": "", "landuse": "residential"}, "geometry": {"type": "LineString", "coordinates": [[72.5898726, 23.0876358], [72.5900298, 23.0879122], [72.5902285, 23.0878087], [72.5902996, 23.0879551], [72.59021, 23.0880085], [72.5902516, 23.0880751], [72.5903906, 23.0880239], [72.5904924, 23.0882224], [72.590534, 23.0883067], [72.5906078, 23.0882873], [72.590642, 23.0882904], [72.5906628, 23.0883052], [72.590702, 23.088368], [72.5907471, 23.088369], [72.5907524, 23.0883406], [72.590904, 23.0883665], [72.5912163, 23.0873488], [72.5911649, 23.0873392], [72.5912198, 23.0867903], [72.5898726, 23.0876358]]}}, {"type": "Feature", "properties": {"osm_id": 1290206681, "osm_type": "way", "name": "", "landuse": "residential"}, "geometry": {"type": "LineString", "coordinates": [[72.5931851, 23.0796283], [72.5936948, 23.0800027], [72.5943106, 23.0791106], [72.594077, 23.0789576], [72.5931851, 23.0796283]]}}, {"type": "Feature", "properties": {"osm_id": 1298730158, "osm_type": "way", "name": "", "landuse": "residential"}, "geometry": {"type": "LineString", "coordinates": [[72.5943934, 23.0852721], [72.5950297, 23.085388], [72.5952657, 23.085478], [72.5955858, 23.0855873], [72.5958429, 23.0856988], [72.5971567, 23.0859474], [72.5976862, 23.0836878], [72.5975714, 23.0836685], [72.5974082, 23.0839188], [72.5973279, 23.0840226], [72.597209, 23.0841208], [72.5969214, 23.0842002], [72.5964721, 23.084146], [72.5963619, 23.0841329], [72.5961484, 23.084081], [72.5959924, 23.0840843], [72.5958837, 23.0840712], [72.5953661, 23.0839095], [72.5952442, 23.0843508], [72.5951954, 23.0844107], [72.5951506, 23.0844369], [72.5950632, 23.0844574], [72.5949616, 23.0844705], [72.5949677, 23.0846725], [72.5947014, 23.0847828], [72.5947055, 23.0848501], [72.5944229, 23.0849941], [72.5943934, 23.0852721]]}}, {"type": "Feature", "properties": {"osm_id": 1298743362, "osm_type": "way", "name": "", "landuse": "residential"}, "geometry": {"type": "LineString", "coordinates": [[72.5962827, 23.0949864], [72.5967486, 23.0953561], [72.5967988, 23.0953915], [72.5975763, 23.0958576], [72.597701, 23.0959528], [72.5978026, 23.0960484], [72.5979088, 23.0962019], [72.5979777, 23.0963276], [72.5990114, 23.0959934], [72.598821, 23.0956023], [72.5991846, 23.0950907], [72.5990025, 23.094227], [72.5988087, 23.0940017], [72.5985569, 23.0939557], [72.598324, 23.0937501], [72.5981564, 23.0931132], [72.5977958, 23.0931408], [72.5975899, 23.0938849], [72.5974374, 23.0941559], [72.5974244, 23.0941791], [72.5972664, 23.0943207], [72.5971137, 23.0944751], [72.5969812, 23.0945133], [72.5968469, 23.0945552], [72.5964895, 23.0948324], [72.5962827, 23.0949864]]}}, {"type": "Feature", "properties": {"osm_id": 1298750635, "osm_type": "way", "name": "", "landuse": "residential"}, "geometry": {"type": "LineString", "coordinates": [[72.5925601, 23.0812269], [72.5931709, 23.0813835], [72.5931917, 23.0812744], [72.5925911, 23.0811464], [72.5925601, 23.0812269]]}}, {"type": "Feature", "properties": {"osm_id": 1299983014, "osm_type": "way", "name": "", "landuse": "residential"}, "geometry": {"type": "LineString", "coordinates": [[72.5999543, 23.0999493], [72.6004422, 23.1004018], [72.6007606, 23.100145], [72.6005058, 23.0997781], [72.6002471, 23.0993098], [72.59993, 23.0995922], [72.5999543, 23.0999493]]}}, {"type": "Feature", "properties": {"osm_id": 1303085277, "osm_type": "way", "name": "", "landuse": "residential"}, "geometry": {"type": "LineString", "coordinates": [[72.6031609, 23.1018084], [72.6018335, 23.1022466], [72.6021552, 23.1029044], [72.6023784, 23.1028239], [72.6025356, 23.103251], [72.6023714, 23.1033026], [72.6025246, 23.1037085], [72.6035995, 23.1034399], [72.6033748, 23.1025639], [72.6031609, 23.1018084]]}}, {"type": "Feature", "properties": {"osm_id": 1303085278, "osm_type": "way", "name": "", "landuse": "residential"}, "geometry": {"type": "LineString", "coordinates": [[72.6032256, 23.1017782], [72.603673, 23.103438], [72.6051909, 23.1030811], [72.6047964, 23.1014489], [72.6032256, 23.1017782]]}}, {"type": "Feature", "properties": {"osm_id": 1303085279, "osm_type": "way", "name": "", "landuse": "residential"}, "geometry": {"type": "LineString", "coordinates": [[72.6026732, 23.1001474], [72.602921, 23.1008148], [72.6035136, 23.100673], [72.6035571, 23.1008227], [72.6035996, 23.1009863], [72.6030279, 23.1011176], [72.6032158, 23.1017161], [72.6043576, 23.1014626], [72.6061025, 23.1010594], [72.6057418, 23.0999761], [72.6039047, 23.1000065], [72.6031411, 23.1000193], [72.6026732, 23.1001474]]}}, {"type": "Feature", "properties": {"osm_id": 1303085280, "osm_type": "way", "name": "", "landuse": "residential"}, "geometry": {"type": "LineString", "coordinates": [[72.6014375, 23.1009063], [72.6018525, 23.1016982], [72.6021422, 23.1016143], [72.6022629, 23.1019967], [72.6031238, 23.1017179], [72.6026035, 23.1001809], [72.602008, 23.1004375], [72.6020797, 23.100646], [72.6014375, 23.1009063]]}}, {"type": "Feature", "properties": {"osm_id": 1303085281, "osm_type": "way", "name": "", "landuse": "residential"}, "geometry": {"type": "LineString", "coordinates": [[72.6041775, 23.0987022], [72.6042537, 23.0993312], [72.6043259, 23.0997336], [72.6043492, 23.0998499], [72.6043877, 23.0999349], [72.6055501, 23.0999177], [72.6051842, 23.0993414], [72.6047689, 23.0986507], [72.6041775, 23.0987022]]}}, {"type": "Feature", "properties": {"osm_id": 1303085282, "osm_type": "way", "name": "", "landuse": "residential"}, "geometry": {"type": "LineString", "coordinates": [[72.6026965, 23.1000602], [72.6029047, 23.0999791], [72.6030214, 23.0999426], [72.6043433, 23.0999437], [72.604145, 23.0989866], [72.6030873, 23.0987346], [72.6030507, 23.0990496], [72.6025741, 23.0989805], [72.6024541, 23.099346], [72.6026965, 23.1000602]]}}, {"type": "Feature", "properties": {"osm_id": 1303085283, "osm_type": "way", "name": "", "landuse": "residential"}, "geometry": {"type": "LineString", "coordinates": [[72.6008951, 23.1001574], [72.601011, 23.1004136], [72.6012786, 23.1003059], [72.6014296, 23.1006091], [72.6019195, 23.1004107], [72.6016637, 23.0998199], [72.6008951, 23.1001574]]}}, {"type": "Feature", "properties": {"osm_id": 1303085284, "osm_type": "way", "name": "", "landuse": "residential"}, "geometry": {"type": "LineString", "coordinates": [[72.6022666, 23.0980569], [72.6033637, 23.0983597], [72.6036539, 23.0973082], [72.6025886, 23.0970282], [72.6022666, 23.0980569]]}}, {"type": "Feature", "properties": {"osm_id": 1303085285, "osm_type": "way", "name": "", "landuse": "residential"}, "geometry": {"type": "LineString", "coordinates": [[72.6000213, 23.098992], [72.6003288, 23.0992237], [72.6002531, 23.0993042], [72.6005057, 23.0997718], [72.6007685, 23.1001407], [72.6021612, 23.0995541], [72.60182, 23.0992716], [72.6014987, 23.0990576], [72.6009745, 23.0987131], [72.6007258, 23.0985576], [72.6004758, 23.0983816], [72.6000213, 23.098992]]}}, {"type": "Feature", "properties": {"osm_id": 1303085286, "osm_type": "way", "name": "", "landuse": "residential"}, "geometry": {"type": "LineString", "coordinates": [[72.5979485, 23.0977122], [72.5982887, 23.0980711], [72.598633, 23.0984005], [72.5987582, 23.0983064], [72.5995018, 23.0991395], [72.5996859, 23.0990516], [72.6000468, 23.098715], [72.6002382, 23.098483], [72.6004204, 23.0980277], [72.5998296, 23.0974951], [72.5990454, 23.0960383], [72.5980533, 23.0963401], [72.5972984, 23.0965966], [72.5974833, 23.0971153], [72.5979485, 23.0977122]]}}, {"type": "Feature", "properties": {"osm_id": 1303085287, "osm_type": "way", "name": "", "landuse": "residential"}, "geometry": {"type": "LineString", "coordinates": [[72.5956804, 23.0950438], [72.5962762, 23.0959833], [72.5966912, 23.0959554], [72.5967841, 23.096095], [72.5969004, 23.0960514], [72.5968592, 23.0959396], [72.5970691, 23.0958982], [72.5973107, 23.0965215], [72.5979472, 23.0963317], [72.5978945, 23.0962188], [72.597789, 23.0960703], [72.5975717, 23.0958836], [72.5973666, 23.0957595], [72.5962031, 23.0949934], [72.5956804, 23.0950438]]}}, {"type": "Feature", "properties": {"osm_id": 1303085288, "osm_type": "way", "name": "", "landuse": "residential"}, "geometry": {"type": "LineString", "coordinates": [[72.5954118, 23.0945783], [72.5956557, 23.0950074], [72.5961318, 23.0949667], [72.596219, 23.0949506], [72.5963213, 23.0949159], [72.5968255, 23.09452], [72.5968938, 23.0944878], [72.5970397, 23.0944556], [72.5970946, 23.0944309], [72.5972625, 23.0942974], [72.5974171, 23.0941744], [72.5974522, 23.0941141], [72.5975808, 23.0938584], [72.597689, 23.0934816], [72.5977319, 23.0933128], [72.5975161, 23.0932058], [72.5959592, 23.0946972], [72.5955392, 23.0944427], [72.5954118, 23.0945783]]}}, {"type": "Feature", "properties": {"osm_id": 1303085289, "osm_type": "way", "name": "", "landuse": "residential"}, "geometry": {"type": "LineString", "coordinates": [[72.591845, 23.0873788], [72.5918185, 23.0877659], [72.5918334, 23.0879187], [72.5921077, 23.0879554], [72.5922103, 23.0879529], [72.592328, 23.0879244], [72.5926185, 23.0878068], [72.5927433, 23.0877756], [72.5928711, 23.08776], [72.592962, 23.087777], [72.5931463, 23.0867795], [72.5931661, 23.0867194], [72.5931918, 23.0866807], [72.5932409, 23.0866464], [72.593437, 23.0865701], [72.5934114, 23.0865239], [72.5933833, 23.0864852], [72.5933425, 23.0864627], [72.5932911, 23.086439], [72.592104, 23.0862833], [72.5920155, 23.0868754], [72.5925895, 23.0869593], [72.5924366, 23.0874898], [72.591845, 23.0873788]]}}, {"type": "Feature", "properties": {"osm_id": 1303085290, "osm_type": "way", "name": "", "landuse": "residential"}, "geometry": {"type": "LineString", "coordinates": [[72.5924908, 23.0851466], [72.5926574, 23.0851875], [72.5924184, 23.0862836], [72.593647, 23.0864631], [72.5938305, 23.0858389], [72.5938085, 23.0856701], [72.5938947, 23.085194], [72.5943841, 23.085274], [72.5943852, 23.0850039], [72.5946969, 23.0848452], [72.5946842, 23.0847759], [72.5949577, 23.0846626], [72.5949534, 23.0844479], [72.5951691, 23.0843328], [72.5952761, 23.083903], [72.5935404, 23.0835308], [72.5931298, 23.0835083], [72.5930119, 23.0837234], [72.5929753, 23.0838131], [72.5929448, 23.083901], [72.5929727, 23.0840236], [72.5928976, 23.0843345], [72.5928634, 23.0843277], [72.5928006, 23.0845404], [72.5927399, 23.0847261], [72.5926203, 23.084699], [72.5925502, 23.0849207], [72.5924908, 23.0851466]]}}, {"type": "Feature", "properties": {"osm_id": 1303099084, "osm_type": "way", "name": "", "landuse": "residential"}, "geometry": {"type": "LineString", "coordinates": [[72.5918028, 23.0817082], [72.5925361, 23.0818726], [72.5927024, 23.0812915], [72.5924973, 23.0812335], [72.5925111, 23.0811903], [72.592099, 23.0810762], [72.5918028, 23.0817082]]}}, {"type": "Feature", "properties": {"osm_id": 1303208681, "osm_type": "way", "name": "", "landuse": "residential"}, "geometry": {"type": "LineString", "coordinates": [[72.5856529, 23.090195], [72.5884988, 23.0901707], [72.5897977, 23.0900996], [72.5903965, 23.09005], [72.5909156, 23.088374], [72.5907546, 23.0883453], [72.5907469, 23.0883743], [72.5906963, 23.0883748], [72.5906568, 23.0883153], [72.5906371, 23.0883025], [72.5906102, 23.0882979], [72.5905516, 23.0883153], [72.5905327, 23.0883224], [72.5905158, 23.0882838], [72.5903899, 23.0880298], [72.5902483, 23.0880833], [72.5902043, 23.0880065], [72.5902949, 23.087955], [72.5902242, 23.0878167], [72.5900128, 23.087928], [72.5898351, 23.0876562], [72.5879934, 23.0886697], [72.5865644, 23.0895336], [72.5859058, 23.0898982], [72.5856253, 23.0900141], [72.5856529, 23.090195]]}}, {"type": "Feature", "properties": {"osm_id": 1303228064, "osm_type": "way", "name": "", "landuse": "residential"}, "geometry": {"type": "LineString", "coordinates": [[72.5958072, 23.0959837], [72.5947726, 23.0960828], [72.59486, 23.0974964], [72.5949006, 23.0975693], [72.5949311, 23.0976366], [72.5950551, 23.0975413], [72.5952116, 23.0974721], [72.5959372, 23.0971553], [72.5958776, 23.0969384], [72.5958697, 23.0968961], [72.59584, 23.0968042], [72.5959095, 23.0967827], [72.5958826, 23.0966752], [72.5958692, 23.0965666], [72.5960409, 23.0965432], [72.5959671, 23.0961706], [72.5958317, 23.096178], [72.5958072, 23.0959837]]}}, {"type": "Feature", "properties": {"osm_id": 1303228065, "osm_type": "way", "name": "", "landuse": "residential"}, "geometry": {"type": "LineString", "coordinates": [[72.600404, 23.1030208], [72.6013366, 23.1023528], [72.6011006, 23.1021157], [72.6008562, 23.1022821], [72.6007289, 23.1021339], [72.6000743, 23.1025526], [72.600404, 23.1030208]]}}, {"type": "Feature", "properties": {"osm_id": 1303228066, "osm_type": "way", "name": "", "landuse": "residential"}, "geometry": {"type": "LineString", "coordinates": [[72.5990792, 23.1022799], [72.5994466, 23.1027684], [72.5998248, 23.1025069], [72.5999107, 23.1024896], [72.6000206, 23.1024872], [72.6000957, 23.1024625], [72.6004713, 23.1022404], [72.6002164, 23.1018062], [72.6004847, 23.1016903], [72.6001341, 23.1010843], [72.5999076, 23.1006415], [72.6001157, 23.1004724], [72.5990695, 23.0994493], [72.5973986, 23.1001561], [72.5983906, 23.1014026], [72.5990531, 23.1008889], [72.5991079, 23.1009459], [72.5993609, 23.1013728], [72.5996638, 23.1018646], [72.5990792, 23.1022799]]}}, {"type": "Feature", "properties": {"osm_id": 1304604334, "osm_type": "way", "name": "", "landuse": "residential"}, "geometry": {"type": "LineString", "coordinates": [[72.596335, 23.0959835], [72.5971494, 23.0972333], [72.5976713, 23.0978508], [72.5982936, 23.0984253], [72.5992159, 23.0992425], [72.5994961, 23.0991421], [72.5987592, 23.0983155], [72.598632, 23.0984084], [72.5979321, 23.0977012], [72.5974779, 23.097117], [72.5972486, 23.0965376], [72.5973023, 23.0965236], [72.5970659, 23.095904], [72.5968674, 23.0959437], [72.5969071, 23.0960559], [72.5967775, 23.0960999], [72.5966882, 23.0959646], [72.5965112, 23.0959685], [72.596335, 23.0959835]]}}, {"type": "Feature", "properties": {"osm_id": 1304604335, "osm_type": "way", "name": "", "landuse": "residential"}, "geometry": {"type": "LineString", "coordinates": [[72.6048715, 23.1014329], [72.6053214, 23.1030653], [72.6070529, 23.1029944], [72.6062857, 23.10249], [72.6061442, 23.1018792], [72.6058277, 23.1019458], [72.6056826, 23.1012669], [72.6048715, 23.1014329]]}}, {"type": "Feature", "properties": {"osm_id": 1304604336, "osm_type": "way", "name": "", "landuse": "residential"}, "geometry": {"type": "LineString", "coordinates": [[72.6079057, 23.1007975], [72.6076925, 23.1018445], [72.6072119, 23.1018077], [72.6071395, 23.1026338], [72.6077372, 23.1026749], [72.6078882, 23.1029668], [72.6089773, 23.103586], [72.6090744, 23.1036469], [72.6091422, 23.1036781], [72.6111173, 23.1039937], [72.6111846, 23.1029292], [72.6132727, 23.1031408], [72.6133743, 23.1009536], [72.6116931, 23.1008334], [72.6095335, 23.1007192], [72.609327, 23.1006822], [72.6090327, 23.1010686], [72.6079057, 23.1007975]]}}, {"type": "Feature", "properties": {"osm_id": 1304604337, "osm_type": "way", "name": "", "landuse": "residential"}, "geometry": {"type": "LineString", "coordinates": [[72.6025446, 23.1038213], [72.6029983, 23.1048017], [72.6030975, 23.1048264], [72.6032516, 23.1048028], [72.6036089, 23.1047684], [72.6037583, 23.1047255], [72.6039521, 23.1045902], [72.6040432, 23.1045687], [72.6041296, 23.1045623], [72.6042756, 23.1045856], [72.6044269, 23.1046003], [72.6047932, 23.1046027], [72.6048914, 23.1046117], [72.6049578, 23.1046223], [72.6050888, 23.104663], [72.6054207, 23.1047279], [72.6060231, 23.1048363], [72.6064679, 23.1048213], [72.6073662, 23.1049134], [72.6075734, 23.1031216], [72.6059786, 23.1032076], [72.6052547, 23.1032204], [72.6025446, 23.1038213]]}}, {"type": "Feature", "properties": {"osm_id": 1304604338, "osm_type": "way", "name": "", "landuse": "residential"}, "geometry": {"type": "LineString", "coordinates": [[72.607679, 23.1031447], [72.6073619, 23.105837], [72.6073311, 23.1070542], [72.6090424, 23.1070573], [72.6089265, 23.1037068], [72.6078881, 23.1031528], [72.6077775, 23.1031244], [72.607679, 23.1031447]]}}, {"type": "Feature", "properties": {"osm_id": 1304604339, "osm_type": "way", "name": "", "landuse": "residential"}, "geometry": {"type": "LineString", "coordinates": [[72.6030554, 23.1049158], [72.603265, 23.1053304], [72.6040233, 23.1069564], [72.6041142, 23.1069394], [72.6040141, 23.1063768], [72.6044686, 23.1064364], [72.6052573, 23.1066021], [72.6057031, 23.1067609], [72.6062152, 23.1067972], [72.6062993, 23.1070341], [72.6072584, 23.1070403], [72.6072831, 23.1058415], [72.6073704, 23.1049613], [72.6064669, 23.104851], [72.6060288, 23.1048594], [72.6051574, 23.1047013], [72.6050804, 23.1046843], [72.6049449, 23.1046418], [72.6047954, 23.1046234], [72.6045798, 23.1046205], [72.6044026, 23.1046191], [72.6041222, 23.1046035], [72.6040437, 23.104612], [72.6039728, 23.1046333], [72.6037879, 23.1047622], [72.6036816, 23.1047948], [72.6036031, 23.1048118], [72.603107, 23.1048614], [72.6030554, 23.1049158]]}}, {"type": "Feature", "properties": {"osm_id": 1304604340, "osm_type": "way", "name": "", "landuse": "residential"}, "geometry": {"type": "LineString", "coordinates": [[72.6040218, 23.1063844], [72.6041216, 23.1069449], [72.6040382, 23.1069884], [72.6048443, 23.1085369], [72.6062578, 23.1070444], [72.6061455, 23.1068009], [72.6057007, 23.1067663], [72.6052561, 23.1066056], [72.6044657, 23.1064412], [72.6040218, 23.1063844]]}}, {"type": "Feature", "properties": {"osm_id": 1304604341, "osm_type": "way", "name": "", "landuse": "residential"}, "geometry": {"type": "LineString", "coordinates": [[72.6051033, 23.1083605], [72.6058209, 23.1089177], [72.6061217, 23.1085737], [72.6064551, 23.1088261], [72.6073048, 23.1079156], [72.6072533, 23.1071157], [72.606289, 23.1070873], [72.6051033, 23.1083605]]}}, {"type": "Feature", "properties": {"osm_id": 1304604343, "osm_type": "way", "name": "", "landuse": "residential"}, "geometry": {"type": "LineString", "coordinates": [[72.6058212, 23.1096053], [72.6063609, 23.1100263], [72.606184, 23.1102357], [72.6064168, 23.1104442], [72.6066932, 23.1102179], [72.6073466, 23.1097824], [72.6074935, 23.1096994], [72.6072662, 23.1094763], [72.607144, 23.1093885], [72.6068955, 23.1092088], [72.6067145, 23.1090668], [72.6068794, 23.1089077], [72.6066541, 23.1086906], [72.6058212, 23.1096053]]}}, {"type": "Feature", "properties": {"osm_id": 1304604344, "osm_type": "way", "name": "", "landuse": "residential"}, "geometry": {"type": "LineString", "coordinates": [[72.6073471, 23.1071339], [72.6074528, 23.1088615], [72.6076866, 23.1095682], [72.6090709, 23.1092541], [72.6090302, 23.1071377], [72.6073471, 23.1071339]]}}, {"type": "Feature", "properties": {"osm_id": 1304604346, "osm_type": "way", "name": "", "landuse": "residential"}, "geometry": {"type": "LineString", "coordinates": [[72.6054866, 23.1113088], [72.6068128, 23.1122988], [72.6073802, 23.1116631], [72.6060516, 23.1110167], [72.6059536, 23.1109973], [72.6058648, 23.1109952], [72.6054866, 23.1113088]]}}, {"type": "Feature", "properties": {"osm_id": 1304604347, "osm_type": "way", "name": "", "landuse": "residential"}, "geometry": {"type": "LineString", "coordinates": [[72.6091249, 23.103866], [72.6092375, 23.1070189], [72.6108737, 23.1070683], [72.6111182, 23.1041735], [72.6091249, 23.103866]]}}, {"type": "Feature", "properties": {"osm_id": 1304616319, "osm_type": "way", "name": "", "landuse": "residential"}, "geometry": {"type": "LineString", "coordinates": [[72.6007945, 23.1075577], [72.6037045, 23.109783], [72.6046814, 23.108686], [72.6032873, 23.1058956], [72.6031526, 23.1059785], [72.6024653, 23.1056007], [72.6020152, 23.10601], [72.6007945, 23.1075577]]}}, {"type": "Feature", "properties": {"osm_id": 1304616320, "osm_type": "way", "name": "", "landuse": "residential"}, "geometry": {"type": "LineString", "coordinates": [[72.5977127, 23.105127], [72.5987371, 23.1060519], [72.5994726, 23.1065995], [72.6006378, 23.1074135], [72.602717, 23.1049776], [72.6028314, 23.1048874], [72.6016569, 23.1023435], [72.6015445, 23.102386], [72.5989456, 23.1042479], [72.5977127, 23.105127]]}}, {"type": "Feature", "properties": {"osm_id": 1304616321, "osm_type": "way", "name": "", "landuse": "residential"}, "geometry": {"type": "LineString", "coordinates": [[72.5994842, 23.1028061], [72.5999375, 23.1033821], [72.6003934, 23.1030404], [72.6000488, 23.1025359], [72.5999951, 23.1025396], [72.5999281, 23.1025433], [72.5998583, 23.1025569], [72.5997966, 23.1025877], [72.5994842, 23.1028061]]}}, {"type": "Feature", "properties": {"osm_id": 1304616322, "osm_type": "way", "name": "", "landuse": "residential"}, "geometry": {"type": "LineString", "coordinates": [[72.597362, 23.1037164], [72.5980299, 23.1046959], [72.5998894, 23.1034042], [72.599178, 23.1025155], [72.597362, 23.1037164]]}}, {"type": "Feature", "properties": {"osm_id": 1304616323, "osm_type": "way", "name": "", "landuse": "commercial"}, "geometry": {"type": "LineString", "coordinates": [[72.5964379, 23.1040298], [72.5976015, 23.1049608], [72.5978942, 23.1046986], [72.5973873, 23.104027], [72.5970602, 23.1042974], [72.5965668, 23.103902], [72.5964379, 23.1040298]]}}, {"type": "Feature", "properties": {"osm_id": 1304616324, "osm_type": "way", "name": "", "landuse": "residential"}, "geometry": {"type": "LineString", "coordinates": [[72.5969578, 23.1032733], [72.5962202, 23.1038654], [72.5964214, 23.1040122], [72.5965719, 23.103881], [72.5970597, 23.1042923], [72.5974622, 23.1039832], [72.5969578, 23.1032733]]}}, {"type": "Feature", "properties": {"osm_id": 1304616325, "osm_type": "way", "name": "", "landuse": "residential"}, "geometry": {"type": "LineString", "coordinates": [[72.5970893, 23.1025337], [72.5972905, 23.1028256], [72.5972958, 23.1028989], [72.5973029, 23.1029412], [72.5972498, 23.1030258], [72.5969932, 23.103239], [72.5971312, 23.1033904], [72.5973099, 23.1036883], [72.5991305, 23.1024808], [72.5984896, 23.1016335], [72.5977748, 23.1021322], [72.5970893, 23.1025337]]}}, {"type": "Feature", "properties": {"osm_id": 1304616326, "osm_type": "way", "name": "", "landuse": "residential"}, "geometry": {"type": "LineString", "coordinates": [[72.5961175, 23.1007083], [72.5970796, 23.1024781], [72.5977357, 23.1020958], [72.5984292, 23.1015717], [72.5978942, 23.1009519], [72.5971283, 23.1014341], [72.5964862, 23.1005514], [72.5961175, 23.1007083]]}}, {"type": "Feature", "properties": {"osm_id": 1304616327, "osm_type": "way", "name": "", "landuse": "residential"}, "geometry": {"type": "LineString", "coordinates": [[72.5964881, 23.1005491], [72.5971293, 23.1014304], [72.5976235, 23.1011185], [72.5976909, 23.101076], [72.597893, 23.1009484], [72.5972958, 23.1001821], [72.5964881, 23.1005491]]}}, {"type": "Feature", "properties": {"osm_id": 1304616328, "osm_type": "way", "name": "", "landuse": "residential"}, "geometry": {"type": "LineString", "coordinates": [[72.5953271, 23.0994564], [72.5959688, 23.1005791], [72.5988051, 23.0993338], [72.5977822, 23.0982342], [72.5953271, 23.0994564]]}}, {"type": "Feature", "properties": {"osm_id": 1304616329, "osm_type": "way", "name": "", "landuse": "residential"}, "geometry": {"type": "LineString", "coordinates": [[72.5945667, 23.0980155], [72.5952786, 23.0994051], [72.5977295, 23.0981712], [72.5973013, 23.0977676], [72.5971792, 23.0976276], [72.5970376, 23.0974436], [72.5969208, 23.0972548], [72.59685, 23.0972776], [72.5965704, 23.0968886], [72.5956803, 23.0973264], [72.5951388, 23.0975478], [72.5950787, 23.0975804], [72.5945667, 23.0980155]]}}, {"type": "Feature", "properties": {"osm_id": 1304616330, "osm_type": "way", "name": "", "landuse": "industrial"}, "geometry": {"type": "LineString", "coordinates": [[72.5902499, 23.0923398], [72.5900444, 23.0932942], [72.5914104, 23.093466], [72.59202, 23.0936052], [72.5920897, 23.0936077], [72.5921045, 23.093493], [72.5932079, 23.0932713], [72.5932541, 23.0928603], [72.5931124, 23.0929241], [72.5930354, 23.0929383], [72.5929291, 23.0929312], [72.5902499, 23.0923398]]}}, {"type": "Feature", "properties": {"osm_id": 1304616331, "osm_type": "way", "name": "", "landuse": "residential"}, "geometry": {"type": "LineString", "coordinates": [[72.5929886, 23.0923903], [72.5932834, 23.0927848], [72.5937509, 23.0925193], [72.593692, 23.0924576], [72.5934541, 23.0921322], [72.5929886, 23.0923903]]}}, {"type": "Feature", "properties": {"osm_id": 1304616332, "osm_type": "way", "name": "", "landuse": "commercial"}, "geometry": {"type": "LineString", "coordinates": [[72.5904985, 23.0916517], [72.5903115, 23.0923042], [72.5929195, 23.0928914], [72.5930354, 23.0929007], [72.5931004, 23.0928802], [72.5932244, 23.0928334], [72.5932765, 23.0928023], [72.592964, 23.0923754], [72.5934347, 23.0921003], [72.5932691, 23.091869], [72.5929325, 23.0920431], [72.5925279, 23.0919418], [72.5924815, 23.0921727], [72.5914737, 23.0919504], [72.5904985, 23.0916517]]}}, {"type": "Feature", "properties": {"osm_id": 1304616333, "osm_type": "way", "name": "", "landuse": "residential"}, "geometry": {"type": "LineString", "coordinates": [[72.5900449, 23.0933165], [72.589605, 23.0947894], [72.5899819, 23.0948092], [72.5899725, 23.0954926], [72.5905581, 23.0959956], [72.5903298, 23.0965898], [72.5902856, 23.0969072], [72.5900573, 23.0968909], [72.5900594, 23.0972928], [72.5904692, 23.0973454], [72.5904563, 23.0976096], [72.5909575, 23.0976369], [72.5913424, 23.0972126], [72.5914095, 23.0971637], [72.591373, 23.0970431], [72.5913394, 23.0968608], [72.5913363, 23.0967288], [72.5913692, 23.0963088], [72.5913791, 23.096232], [72.5914115, 23.0961541], [72.5918484, 23.0953825], [72.5919513, 23.0946216], [72.5923646, 23.0946345], [72.5927078, 23.0937625], [72.5920879, 23.0936175], [72.5920201, 23.0936132], [72.5914113, 23.0934737], [72.5900449, 23.0933165]]}}, {"type": "Feature", "properties": {"osm_id": 1304616334, "osm_type": "way", "name": "", "landuse": "residential"}, "geometry": {"type": "LineString", "coordinates": [[72.5888457, 23.0975302], [72.5887126, 23.0980199], [72.5889461, 23.0984237], [72.5890161, 23.0983764], [72.5890885, 23.098342], [72.5894481, 23.0982991], [72.5900108, 23.0983227], [72.5900762, 23.0975753], [72.5888457, 23.0975302]]}}, {"type": "Feature", "properties": {"osm_id": 1304616335, "osm_type": "way", "name": "", "landuse": "residential"}, "geometry": {"type": "LineString", "coordinates": [[72.5918535, 23.0954007], [72.5914321, 23.0961653], [72.5914018, 23.0962415], [72.5913843, 23.0963124], [72.5913551, 23.0967366], [72.5913562, 23.0967806], [72.5913574, 23.096859], [72.5914263, 23.0971522], [72.5915008, 23.0973799], [72.5915629, 23.0977891], [72.5923605, 23.0977558], [72.5924824, 23.0977596], [72.592765, 23.097767], [72.5929662, 23.0977577], [72.5931126, 23.0977418], [72.593262, 23.0977128], [72.593259, 23.0976333], [72.5932783, 23.09761], [72.5933006, 23.0975978], [72.5937401, 23.0976355], [72.593802, 23.0976312], [72.5938533, 23.0976087], [72.5938884, 23.0975754], [72.5939117, 23.0975356], [72.5939514, 23.0973928], [72.5939782, 23.0970792], [72.593937, 23.0959913], [72.5935955, 23.095823], [72.5934898, 23.0957108], [72.5932256, 23.0955893], [72.5928434, 23.0955051], [72.5919467, 23.0953547], [72.5919078, 23.0953669], [72.5918733, 23.0953823], [72.5918535, 23.0954007]]}}, {"type": "Feature", "properties": {"osm_id": 1304616336, "osm_type": "way", "name": "", "landuse": "residential"}, "geometry": {"type": "LineString", "coordinates": [[72.5939739, 23.0959944], [72.5939792, 23.0965913], [72.5940141, 23.0968368], [72.5939999, 23.0971863], [72.5939952, 23.0972511], [72.5939751, 23.0973868], [72.5939335, 23.097549], [72.5939067, 23.0975848], [72.5938587, 23.0976423], [72.5938097, 23.0976606], [72.5937396, 23.0976627], [72.5933065, 23.0976241], [72.5932878, 23.0976305], [72.593282, 23.0976445], [72.5932843, 23.0977175], [72.5933644, 23.0982236], [72.5941876, 23.0980721], [72.5944966, 23.0979749], [72.5946511, 23.0978777], [72.5948991, 23.0976814], [72.5948422, 23.0975954], [72.5948178, 23.0975224], [72.5947428, 23.0960567], [72.5946295, 23.0960681], [72.5939739, 23.0959944]]}}, {"type": "Feature", "properties": {"osm_id": 1304624167, "osm_type": "way", "name": "", "landuse": "residential"}, "geometry": {"type": "LineString", "coordinates": [[72.5901072, 23.0975838], [72.5900475, 23.0983408], [72.5902507, 23.0983723], [72.590366, 23.0983939], [72.590696, 23.0984326], [72.5909385, 23.0984651], [72.5909873, 23.0984765], [72.5910758, 23.0984928], [72.591122, 23.0985092], [72.5916092, 23.0985899], [72.5918586, 23.0986812], [72.5921483, 23.0987972], [72.5923897, 23.0989526], [72.5925517, 23.0991009], [72.5929137, 23.0994424], [72.5929415, 23.0993531], [72.5926981, 23.0990329], [72.5926657, 23.0989635], [72.5926395, 23.0988869], [72.5926218, 23.098814], [72.5926195, 23.0986446], [72.592561, 23.0983513], [72.5924657, 23.0977787], [72.591537, 23.0978163], [72.5914677, 23.097387], [72.5914107, 23.0971985], [72.5913537, 23.0972311], [72.5910132, 23.0976456], [72.590707, 23.0976253], [72.5901072, 23.0975838]]}}, {"type": "Feature", "properties": {"osm_id": 1304624168, "osm_type": "way", "name": "", "landuse": "residential"}, "geometry": {"type": "LineString", "coordinates": [[72.5924951, 23.0977772], [72.5925584, 23.0982326], [72.5926123, 23.0984905], [72.5926524, 23.0986648], [72.5926539, 23.0988079], [72.5926678, 23.0989014], [72.5926909, 23.0989595], [72.5927186, 23.0990049], [72.5929697, 23.0993365], [72.5933025, 23.0992458], [72.5933333, 23.0992245], [72.593341, 23.0991962], [72.5933379, 23.0990389], [72.5933795, 23.0989114], [72.5932632, 23.0977342], [72.5931203, 23.0977589], [72.5929708, 23.0977762], [72.5927609, 23.0977817], [72.5924951, 23.0977772]]}}, {"type": "Feature", "properties": {"osm_id": 1304624169, "osm_type": "way", "name": "", "landuse": "residential"}, "geometry": {"type": "LineString", "coordinates": [[72.5940143, 23.0985283], [72.5949048, 23.1001566], [72.5947351, 23.1002108], [72.5945221, 23.1003074], [72.5939191, 23.1006556], [72.5942966, 23.1013889], [72.5947701, 23.10186], [72.5950565, 23.1023086], [72.596469, 23.101654], [72.595857, 23.1006106], [72.5946795, 23.0983975], [72.5940143, 23.0985283]]}}, {"type": "Feature", "properties": {"osm_id": 1304624170, "osm_type": "way", "name": "", "landuse": "residential"}, "geometry": {"type": "LineString", "coordinates": [[72.5944881, 23.0980354], [72.5942307, 23.0981168], [72.5933518, 23.0982553], [72.5933919, 23.0986549], [72.593405, 23.0988615], [72.5933992, 23.0989241], [72.5933677, 23.0990419], [72.5933637, 23.099177], [72.5933606, 23.0992032], [72.5933489, 23.0992382], [72.5933123, 23.0992639], [72.592968, 23.0993603], [72.5929389, 23.0994698], [72.5929634, 23.0995783], [72.5931607, 23.1000787], [72.5933357, 23.1000878], [72.5941376, 23.1001643], [72.5941148, 23.1000903], [72.593569, 23.0986273], [72.5936052, 23.098536], [72.5946674, 23.0983547], [72.5944881, 23.0980354]]}}, {"type": "Feature", "properties": {"osm_id": 1304624171, "osm_type": "way", "name": "", "landuse": "residential"}, "geometry": {"type": "LineString", "coordinates": [[72.5936346, 23.0985636], [72.5936053, 23.0986317], [72.5941507, 23.1000869], [72.5941784, 23.1001748], [72.5941538, 23.10024], [72.59424, 23.1004469], [72.5945205, 23.1003017], [72.5947308, 23.1002032], [72.5948933, 23.1001529], [72.5940039, 23.0985207], [72.5936346, 23.0985636]]}}, {"type": "Feature", "properties": {"osm_id": 1304624172, "osm_type": "way", "name": "", "landuse": "residential"}, "geometry": {"type": "LineString", "coordinates": [[72.5931616, 23.1001136], [72.5930309, 23.1004809], [72.5927962, 23.1008073], [72.5927507, 23.1009448], [72.5926141, 23.1011155], [72.5935053, 23.1018548], [72.59417, 23.101519], [72.5942147, 23.1014886], [72.5942416, 23.1014517], [72.5942478, 23.1014049], [72.5942424, 23.1013823], [72.5942232, 23.1013525], [72.5937833, 23.1005402], [72.5935066, 23.100203], [72.5934494, 23.1001611], [72.5933981, 23.1001364], [72.5933315, 23.1001139], [72.5931616, 23.1001136]]}}, {"type": "Feature", "properties": {"osm_id": 1304624173, "osm_type": "way", "name": "", "landuse": "residential"}, "geometry": {"type": "LineString", "coordinates": [[72.5891967, 23.0983825], [72.5925929, 23.1010929], [72.5927203, 23.1009288], [72.5927726, 23.1007981], [72.5930046, 23.1004663], [72.593123, 23.1000853], [72.5929222, 23.0995913], [72.5928942, 23.0994711], [72.5925445, 23.0991133], [72.5924561, 23.0990343], [72.5921543, 23.0988337], [72.591859, 23.0987186], [72.5916321, 23.0986301], [72.59111, 23.0985252], [72.5910583, 23.0985023], [72.590341, 23.0984039], [72.5900383, 23.0983701], [72.5894386, 23.0983314], [72.5891967, 23.0983825]]}}, {"type": "Feature", "properties": {"osm_id": 1304624174, "osm_type": "way", "name": "", "landuse": "commercial"}, "geometry": {"type": "LineString", "coordinates": [[72.5895974, 23.0948466], [72.5888535, 23.0975017], [72.5904418, 23.0975917], [72.5904488, 23.0973606], [72.5900454, 23.0973052], [72.590049, 23.0968638], [72.5902708, 23.0968831], [72.5903082, 23.096576], [72.5905287, 23.0960065], [72.5899332, 23.0954909], [72.5899574, 23.0948617], [72.5895974, 23.0948466]]}}, {"type": "Feature", "properties": {"osm_id": 1304624175, "osm_type": "way", "name": "", "landuse": "residential"}, "geometry": {"type": "LineString", "coordinates": [[72.5884586, 23.0987988], [72.5873426, 23.1023575], [72.5881258, 23.1025894], [72.5883886, 23.1022095], [72.5887227, 23.1019926], [72.5888418, 23.1019862], [72.5921952, 23.1031686], [72.5926691, 23.1035584], [72.594285, 23.1043954], [72.5946752, 23.1037454], [72.590729, 23.1005242], [72.5884586, 23.0987988]]}}, {"type": "Feature", "properties": {"osm_id": 1304624176, "osm_type": "way", "name": "", "landuse": "residential"}, "geometry": {"type": "LineString", "coordinates": [[72.5898009, 23.1023917], [72.5892094, 23.1042394], [72.5899009, 23.1044137], [72.589941, 23.1044066], [72.5899949, 23.1043797], [72.5905711, 23.1026524], [72.5898009, 23.1023917]]}}, {"type": "Feature", "properties": {"osm_id": 1304624178, "osm_type": "way", "name": "", "landuse": "commercial"}, "geometry": {"type": "LineString", "coordinates": [[72.586396, 23.105348], [72.5876429, 23.1055628], [72.587811, 23.105537], [72.5884321, 23.1055585], [72.5886458, 23.1049067], [72.5887109, 23.104759], [72.5889288, 23.1045846], [72.589012, 23.104518], [72.589071, 23.1044391], [72.5891273, 23.1043256], [72.5892394, 23.1038623], [72.5883982, 23.1036753], [72.5882781, 23.1036356], [72.5879792, 23.1033295], [72.5879576, 23.1032162], [72.5879576, 23.1030858], [72.588087, 23.1026721], [72.5872767, 23.1024567], [72.586396, 23.105348]]}}, {"type": "Feature", "properties": {"osm_id": 1304624179, "osm_type": "way", "name": "", "landuse": "residential"}, "geometry": {"type": "LineString", "coordinates": [[72.5863553, 23.105437], [72.5851564, 23.1090537], [72.5894533, 23.1090389], [72.5892777, 23.1066828], [72.5891308, 23.1057713], [72.5890795, 23.1057371], [72.5890175, 23.1057208], [72.5877992, 23.1057147], [72.5876275, 23.1056358], [72.5863553, 23.105437]]}}, {"type": "Feature", "properties": {"osm_id": 1304624180, "osm_type": "way", "name": "", "landuse": "residential"}, "geometry": {"type": "LineString", "coordinates": [[72.5893155, 23.1056841], [72.5894351, 23.106767], [72.5895509, 23.1080533], [72.5896485, 23.1090704], [72.5910938, 23.1090985], [72.591045, 23.1087302], [72.5908722, 23.1056976], [72.5893155, 23.1056841]]}}, {"type": "Feature", "properties": {"osm_id": 1304624181, "osm_type": "way", "name": "", "landuse": "residential"}, "geometry": {"type": "LineString", "coordinates": [[72.5909697, 23.1063541], [72.5920296, 23.1063059], [72.5920727, 23.1056343], [72.5917338, 23.1056655], [72.5916456, 23.1050638], [72.5910448, 23.1049164], [72.5908784, 23.1050921], [72.5909697, 23.1063541]]}}, {"type": "Feature", "properties": {"osm_id": 1304624182, "osm_type": "way", "name": "", "landuse": "residential"}, "geometry": {"type": "LineString", "coordinates": [[72.5910067, 23.1072005], [72.5911023, 23.1087018], [72.5911592, 23.1091056], [72.5928016, 23.109173], [72.5928362, 23.1080811], [72.5929378, 23.1080717], [72.5927184, 23.1072547], [72.5919052, 23.1074136], [72.5918645, 23.1072098], [72.5910067, 23.1072005]]}}, {"type": "Feature", "properties": {"osm_id": 1304624183, "osm_type": "way", "name": "", "landuse": "residential"}, "geometry": {"type": "LineString", "coordinates": [[72.592865, 23.1080977], [72.592853, 23.109177], [72.5945487, 23.109191], [72.595146, 23.1090682], [72.5955283, 23.10892], [72.5957318, 23.1088159], [72.5961381, 23.1084594], [72.5963717, 23.108212], [72.596554, 23.1079858], [72.5947346, 23.1084065], [72.5930824, 23.1080868], [72.5929643, 23.1080646], [72.592865, 23.1080977]]}}, {"type": "Feature", "properties": {"osm_id": 1304624184, "osm_type": "way", "name": "", "landuse": "residential"}, "geometry": {"type": "LineString", "coordinates": [[72.5972718, 23.1059869], [72.5969822, 23.1075012], [72.5969215, 23.1076773], [72.5966696, 23.1080449], [72.5964898, 23.1083138], [72.5962431, 23.1085728], [72.59594, 23.1088343], [72.5953935, 23.1091393], [72.595113, 23.1092253], [72.5946943, 23.1093151], [72.5944178, 23.10933], [72.5935153, 23.10933], [72.5938207, 23.1103781], [72.5939398, 23.1106208], [72.5944115, 23.1123346], [72.5961144, 23.1113289], [72.5974072, 23.110454], [72.5980406, 23.1098824], [72.5985644, 23.1093323], [72.5988723, 23.1089482], [72.5994492, 23.1083264], [72.599796, 23.1080692], [72.5999093, 23.1080009], [72.5982066, 23.1067304], [72.5980353, 23.1069498], [72.5976124, 23.1067129], [72.5978395, 23.1064141], [72.5972718, 23.1059869]]}}, {"type": "Feature", "properties": {"osm_id": 1304624185, "osm_type": "way", "name": "", "landuse": "residential"}, "geometry": {"type": "LineString", "coordinates": [[72.5911723, 23.1092636], [72.5912902, 23.1103667], [72.5918967, 23.1103287], [72.591941, 23.1108334], [72.5937997, 23.1106358], [72.5938511, 23.1106165], [72.5934331, 23.1093022], [72.5911723, 23.1092636]]}}, {"type": "Feature", "properties": {"osm_id": 1304624186, "osm_type": "way", "name": "", "landuse": "residential"}, "geometry": {"type": "LineString", "coordinates": [[72.5913511, 23.1109668], [72.5915219, 23.1126157], [72.5943067, 23.1122792], [72.5938839, 23.1107013], [72.5913511, 23.1109668]]}}, {"type": "Feature", "properties": {"osm_id": 1304624188, "osm_type": "way", "name": "", "landuse": "residential"}, "geometry": {"type": "LineString", "coordinates": [[72.5897753, 23.1111729], [72.5899047, 23.1127711], [72.5905843, 23.1126956], [72.5905878, 23.1127331], [72.5914319, 23.1126517], [72.5912233, 23.1110014], [72.5897753, 23.1111729]]}}, {"type": "Feature", "properties": {"osm_id": 1304624189, "osm_type": "way", "name": "", "landuse": "residential"}, "geometry": {"type": "LineString", "coordinates": [[72.5899114, 23.1127773], [72.5899493, 23.1131984], [72.5914405, 23.1130454], [72.5914322, 23.112657], [72.5905818, 23.1127385], [72.5905787, 23.1127013], [72.5899114, 23.1127773]]}}, {"type": "Feature", "properties": {"osm_id": 1304624190, "osm_type": "way", "name": "", "landuse": "residential"}, "geometry": {"type": "LineString", "coordinates": [[72.5899454, 23.1132723], [72.5900768, 23.1145526], [72.5915466, 23.1138742], [72.5914608, 23.1131119], [72.5899454, 23.1132723]]}}, {"type": "Feature", "properties": {"osm_id": 1304624191, "osm_type": "way", "name": "", "landuse": "residential"}, "geometry": {"type": "LineString", "coordinates": [[72.5872314, 23.1113513], [72.587127, 23.1135558], [72.5898104, 23.1132149], [72.5896416, 23.1111478], [72.5872314, 23.1113513]]}}, {"type": "Feature", "properties": {"osm_id": 1304624192, "osm_type": "way", "name": "", "landuse": "residential"}, "geometry": {"type": "LineString", "coordinates": [[72.5877364, 23.1103838], [72.5877282, 23.1112401], [72.5887914, 23.1111578], [72.588767, 23.1103221], [72.5877364, 23.1103838]]}}, {"type": "Feature", "properties": {"osm_id": 1304624193, "osm_type": "way", "name": "", "landuse": "residential"}, "geometry": {"type": "LineString", "coordinates": [[72.5865752, 23.1104313], [72.5865476, 23.1113329], [72.5877199, 23.1112427], [72.587725, 23.1103789], [72.5869129, 23.1104098], [72.5865752, 23.1104313]]}}, {"type": "Feature", "properties": {"osm_id": 1304624194, "osm_type": "way", "name": "", "landuse": "residential"}, "geometry": {"type": "LineString", "coordinates": [[72.5863441, 23.1091852], [72.5860524, 23.1099997], [72.5869803, 23.1099539], [72.5869671, 23.1097754], [72.5878625, 23.1097438], [72.587896, 23.109671], [72.58859, 23.1096643], [72.5894549, 23.1096431], [72.5894386, 23.109215], [72.5863441, 23.1091852]]}}, {"type": "Feature", "properties": {"osm_id": 1304624195, "osm_type": "way", "name": "", "landuse": "residential"}, "geometry": {"type": "LineString", "coordinates": [[72.586058, 23.1100236], [72.5859289, 23.1104284], [72.5869008, 23.1103806], [72.587021, 23.1103622], [72.5894865, 23.1102315], [72.5894541, 23.1096479], [72.5881923, 23.1096694], [72.5878999, 23.1096756], [72.5878663, 23.1097476], [72.5869765, 23.1097825], [72.5869832, 23.1099592], [72.586058, 23.1100236]]}}, {"type": "Feature", "properties": {"osm_id": 1304624196, "osm_type": "way", "name": "", "landuse": "residential"}, "geometry": {"type": "LineString", "coordinates": [[72.5850879, 23.1092284], [72.5840776, 23.1125538], [72.5847361, 23.1127041], [72.5850329, 23.1122251], [72.5851715, 23.1118284], [72.5852732, 23.1116017], [72.5853379, 23.1115478], [72.5858771, 23.11042], [72.5862407, 23.1091958], [72.5850879, 23.1092284]]}}, {"type": "Feature", "properties": {"osm_id": 1304630195, "osm_type": "way", "name": "", "landuse": "residential"}, "geometry": {"type": "LineString", "coordinates": [[72.588494, 23.080306], [72.5899744, 23.0809633], [72.5898941, 23.0799147], [72.5895953, 23.0790152], [72.588494, 23.080306]]}}, {"type": "Feature", "properties": {"osm_id": 1304630196, "osm_type": "way", "name": "", "landuse": "residential"}, "geometry": {"type": "LineString", "coordinates": [[72.590183, 23.0811524], [72.5903722, 23.0823989], [72.5904125, 23.0827088], [72.5908298, 23.0833097], [72.5913566, 23.0833211], [72.591533, 23.0833275], [72.5924587, 23.0834032], [72.5929093, 23.0820264], [72.5915628, 23.0817081], [72.590183, 23.0811524]]}}, {"type": "Feature", "properties": {"osm_id": 1304630197, "osm_type": "way", "name": "", "landuse": "residential"}, "geometry": {"type": "LineString", "coordinates": [[72.5908478, 23.0833757], [72.5909692, 23.0840889], [72.5912868, 23.0850125], [72.5916931, 23.0849094], [72.5918658, 23.0848944], [72.5919826, 23.0849202], [72.5924589, 23.0834552], [72.5915296, 23.0833693], [72.5913125, 23.0833843], [72.5908478, 23.0833757]]}}, {"type": "Feature", "properties": {"osm_id": 1304630198, "osm_type": "way", "name": "", "landuse": "residential"}, "geometry": {"type": "LineString", "coordinates": [[72.5884346, 23.0803549], [72.5879569, 23.0808912], [72.5856918, 23.0838215], [72.5856351, 23.0841949], [72.5856257, 23.0845256], [72.5856117, 23.0846588], [72.5855137, 23.0848264], [72.5851634, 23.0853419], [72.5851196, 23.0855366], [72.5850622, 23.0864754], [72.5863083, 23.0862734], [72.586723, 23.0862061], [72.5878918, 23.0860098], [72.5884345, 23.0859368], [72.5892665, 23.0857295], [72.5899678, 23.0855073], [72.5911726, 23.0850498], [72.5908555, 23.0841653], [72.5907112, 23.0833705], [72.5903473, 23.0828226], [72.5902822, 23.0826974], [72.5900382, 23.0810682], [72.5884346, 23.0803549]]}}, {"type": "Feature", "properties": {"osm_id": 1304630199, "osm_type": "way", "name": "", "landuse": "retail"}, "geometry": {"type": "LineString", "coordinates": [[72.5902196, 23.086915], [72.5900921, 23.087346], [72.5911424, 23.086662], [72.590976, 23.0862518], [72.5903336, 23.0867619], [72.5902643, 23.0868378], [72.5902196, 23.086915]]}}, {"type": "Feature", "properties": {"osm_id": 1304630200, "osm_type": "way", "name": "", "landuse": "industrial"}, "geometry": {"type": "LineString", "coordinates": [[72.5894776, 23.0857431], [72.5896895, 23.0863772], [72.5899845, 23.0862958], [72.5900328, 23.0865697], [72.5902501, 23.0867745], [72.5909474, 23.0861823], [72.5914678, 23.085901], [72.5913363, 23.0855667], [72.5911526, 23.0856265], [72.5909823, 23.0851879], [72.5894776, 23.0857431]]}}, {"type": "Feature", "properties": {"osm_id": 1304630201, "osm_type": "way", "name": "", "landuse": "residential"}, "geometry": {"type": "LineString", "coordinates": [[72.589459, 23.0857441], [72.589231, 23.0858121], [72.5893311, 23.0861706], [72.5891524, 23.0862061], [72.5890091, 23.0858702], [72.588396, 23.0859935], [72.5876134, 23.0860984], [72.5863517, 23.0863262], [72.5850696, 23.0865309], [72.5850455, 23.086827], [72.5852601, 23.0880089], [72.5854183, 23.0888676], [72.5854746, 23.0892919], [72.5855792, 23.089889], [72.5858555, 23.0897632], [72.5865529, 23.0894005], [72.5882801, 23.0883547], [72.5881668, 23.0879617], [72.5884367, 23.087907], [72.5885256, 23.0882164], [72.5900315, 23.0873903], [72.5901921, 23.0868835], [72.5902307, 23.0868293], [72.5899888, 23.0865993], [72.5900253, 23.0865721], [72.5899715, 23.0863031], [72.5896817, 23.0863821], [72.589459, 23.0857441]]}}, {"type": "Feature", "properties": {"osm_id": 1304630202, "osm_type": "way", "name": "", "landuse": "residential"}, "geometry": {"type": "LineString", "coordinates": [[72.5821417, 23.0884954], [72.5825154, 23.0888885], [72.5835751, 23.0896541], [72.5836933, 23.0901902], [72.585131, 23.0900146], [72.5855139, 23.0898857], [72.5853328, 23.0887951], [72.5851325, 23.0877833], [72.5850463, 23.0873638], [72.5836506, 23.0874743], [72.583096, 23.087548], [72.5829858, 23.0877041], [72.5829309, 23.0879401], [72.5828424, 23.0880834], [72.582708, 23.0882022], [72.5824797, 23.0883422], [72.5821417, 23.0884954]]}}, {"type": "Feature", "properties": {"osm_id": 1304630203, "osm_type": "way", "name": "", "landuse": "residential"}, "geometry": {"type": "LineString", "coordinates": [[72.5855143, 23.0899014], [72.5851303, 23.0900268], [72.5837075, 23.0902058], [72.5841588, 23.0904728], [72.5835199, 23.0920166], [72.5838799, 23.0921761], [72.5849375, 23.0944046], [72.5851204, 23.0944981], [72.5852607, 23.094528], [72.5854111, 23.0945262], [72.5855209, 23.0944925], [72.5855839, 23.0944514], [72.5856124, 23.0944177], [72.5856205, 23.0943616], [72.5856083, 23.0942681], [72.5850615, 23.0931817], [72.5849985, 23.0929424], [72.5850147, 23.0927498], [72.5854703, 23.0903482], [72.5854301, 23.090305], [72.585426, 23.0902619], [72.5854328, 23.0902187], [72.5854636, 23.0901804], [72.5854985, 23.0901619], [72.5855143, 23.0899014]]}}, {"type": "Feature", "properties": {"osm_id": 1304630204, "osm_type": "way", "name": "", "landuse": "residential"}, "geometry": {"type": "LineString", "coordinates": [[72.5884635, 23.0935677], [72.5893335, 23.0937547], [72.5899799, 23.0913688], [72.5891587, 23.0911668], [72.5892278, 23.0903217], [72.5880651, 23.0903703], [72.588126, 23.0909911], [72.5885854, 23.0909574], [72.5885858, 23.0913671], [72.5885161, 23.0920423], [72.5877846, 23.0920333], [72.5877754, 23.092077], [72.5875226, 23.092055], [72.5872541, 23.0920506], [72.5872136, 23.0924075], [72.588488, 23.0924924], [72.5884106, 23.092977], [72.5884635, 23.0935677]]}}, {"type": "Feature", "properties": {"osm_id": 1304630205, "osm_type": "way", "name": "", "landuse": "industrial"}, "geometry": {"type": "LineString", "coordinates": [[72.587254, 23.0924811], [72.5872151, 23.0928392], [72.5883122, 23.0929596], [72.5883795, 23.0925592], [72.587254, 23.0924811]]}}, {"type": "Feature", "properties": {"osm_id": 1304630207, "osm_type": "way", "name": "", "landuse": "residential"}, "geometry": {"type": "LineString", "coordinates": [[72.5880544, 23.0903446], [72.5855724, 23.0903713], [72.585067, 23.0927716], [72.5850639, 23.0929417], [72.5851163, 23.0931684], [72.5853967, 23.0937522], [72.5856801, 23.0942765], [72.5856739, 23.0943871], [72.5856585, 23.0944523], [72.5856216, 23.0944976], [72.5856493, 23.0945855], [72.5890664, 23.0948795], [72.5893088, 23.0938695], [72.5878597, 23.0935236], [72.587254, 23.0935199], [72.5865568, 23.0936059], [72.5863393, 23.0927794], [72.5865133, 23.0927566], [72.5867552, 23.0927875], [72.5871971, 23.0928542], [72.5872062, 23.0923793], [72.5872438, 23.0920296], [72.5884654, 23.0920166], [72.5885351, 23.0913997], [72.5884922, 23.0909877], [72.5880899, 23.091005], [72.5880544, 23.0903446]]}}, {"type": "Feature", "properties": {"osm_id": 1304630208, "osm_type": "way", "name": "", "landuse": "residential"}, "geometry": {"type": "LineString", "coordinates": [[72.5857081, 23.094677], [72.5860079, 23.0970918], [72.5865005, 23.0994995], [72.5866474, 23.1023204], [72.5866819, 23.1024907], [72.5867158, 23.102519], [72.5872915, 23.1005547], [72.5878708, 23.0987237], [72.5879727, 23.0983363], [72.5890378, 23.0949281], [72.5857081, 23.094677]]}}, {"type": "Feature", "properties": {"osm_id": 1304630209, "osm_type": "way", "name": "", "landuse": "residential"}, "geometry": {"type": "LineString", "coordinates": [[72.5855793, 23.0945077], [72.5855209, 23.0945337], [72.5854058, 23.0945647], [72.5852395, 23.0945744], [72.5851386, 23.0945451], [72.5851015, 23.0946574], [72.585028, 23.0947966], [72.5840848, 23.0965465], [72.5851815, 23.0971036], [72.5835361, 23.099792], [72.5864937, 23.1003099], [72.586447, 23.0994851], [72.5862027, 23.0981232], [72.5859964, 23.0970938], [72.5856137, 23.0944976], [72.5855793, 23.0945077]]}}, {"type": "Feature", "properties": {"osm_id": 1304637884, "osm_type": "way", "name": "", "landuse": "residential"}, "geometry": {"type": "LineString", "coordinates": [[72.5835126, 23.0998164], [72.5826101, 23.1014116], [72.5811519, 23.1040387], [72.5857634, 23.1054111], [72.5866569, 23.102529], [72.5864258, 23.1003241], [72.5835126, 23.0998164]]}}, {"type": "Feature", "properties": {"osm_id": 1304637885, "osm_type": "way", "name": "", "landuse": "residential"}, "geometry": {"type": "LineString", "coordinates": [[72.5779158, 23.1023881], [72.5779211, 23.1025053], [72.5778786, 23.1025639], [72.5778344, 23.1026046], [72.5778149, 23.1026193], [72.5778043, 23.1026307], [72.5778008, 23.1026616], [72.577937, 23.1030018], [72.5782736, 23.1080107], [72.5783798, 23.1080953], [72.5808714, 23.1087529], [72.5810059, 23.1088163], [72.5814536, 23.1090165], [72.5819658, 23.1091816], [72.5823392, 23.1091145], [72.5824129, 23.1091013], [72.5824332, 23.1090977], [72.5825087, 23.1090841], [72.5845901, 23.1087103], [72.5843892, 23.1079898], [72.585015, 23.1078567], [72.5857831, 23.1054224], [72.5834893, 23.104765], [72.5821152, 23.104347], [72.581137, 23.1040508], [72.5811553, 23.1040187], [72.5790788, 23.1029394], [72.5779158, 23.1023881]]}}, {"type": "Feature", "properties": {"osm_id": 1304637886, "osm_type": "way", "name": "", "landuse": "residential"}, "geometry": {"type": "LineString", "coordinates": [[72.5779186, 23.0904796], [72.5777482, 23.0905827], [72.5757634, 23.0910187], [72.5751166, 23.0913688], [72.5747524, 23.0915149], [72.5745687, 23.09154], [72.5744265, 23.0915178], [72.5738471, 23.0912365], [72.5734931, 23.0912069], [72.5731203, 23.0912563], [72.5728655, 23.0913229], [72.5726482, 23.0915301], [72.5718838, 23.0925911], [72.5717067, 23.0926799], [72.5714949, 23.0926996], [72.5714117, 23.0936446], [72.5718114, 23.0938839], [72.5722405, 23.0938494], [72.5722459, 23.0942836], [72.573139, 23.0944613], [72.5737023, 23.0944168], [72.573713, 23.0937556], [72.5738659, 23.0937556], [72.5738732, 23.0934172], [72.5747771, 23.0934135], [72.5748895, 23.0939546], [72.5750928, 23.0944421], [72.5752623, 23.0945809], [72.5754379, 23.0945384], [72.5754841, 23.0941586], [72.5757152, 23.0936797], [72.575709, 23.0922371], [72.576507, 23.0921124], [72.5765418, 23.0924761], [72.5767097, 23.0924441], [72.5774145, 23.0914924], [72.5781288, 23.0905579], [72.5779186, 23.0904796]]}}, {"type": "Feature", "properties": {"osm_id": 1304637887, "osm_type": "way", "name": "", "landuse": "residential"}, "geometry": {"type": "LineString", "coordinates": [[72.5741176, 23.0906392], [72.5740315, 23.0912492], [72.5744462, 23.0914661], [72.5745661, 23.0914942], [72.574745, 23.0914605], [72.5757248, 23.0909837], [72.5757177, 23.0909152], [72.5741224, 23.0905992], [72.5741176, 23.0906392]]}}, {"type": "Feature", "properties": {"osm_id": 1304637888, "osm_type": "way", "name": "", "landuse": "residential"}, "geometry": {"type": "LineString", "coordinates": [[72.5785741, 23.0851384], [72.5786733, 23.0854567], [72.5792473, 23.0856467], [72.5803405, 23.085459], [72.5810236, 23.0852378], [72.5812918, 23.0850108], [72.5815875, 23.084363], [72.5812989, 23.0840264], [72.5804024, 23.0844491], [72.5785741, 23.0851384]]}}, {"type": "Feature", "properties": {"osm_id": 1304637889, "osm_type": "way", "name": "", "landuse": "residential"}, "geometry": {"type": "LineString", "coordinates": [[72.5714495, 23.0861504], [72.571166, 23.0870659], [72.5713724, 23.0871566], [72.5718038, 23.0873691], [72.5722475, 23.0881684], [72.5723861, 23.0880862], [72.5729561, 23.0878566], [72.5736432, 23.0877433], [72.5738219, 23.0878028], [72.5739143, 23.0878028], [72.5753285, 23.0879048], [72.5755411, 23.0879785], [72.5764925, 23.0865321], [72.5764341, 23.086313], [72.5764154, 23.0861046], [72.5763291, 23.0858705], [72.5748884, 23.0861282], [72.5737115, 23.0862528], [72.5727238, 23.0862421], [72.5714495, 23.0861504]]}}, {"type": "Feature", "properties": {"osm_id": 1304637898, "osm_type": "way", "name": "", "landuse": "residential"}, "geometry": {"type": "LineString", "coordinates": [[72.5799181, 23.0779408], [72.5798565, 23.0783093], [72.5796393, 23.0785162], [72.5790801, 23.0785261], [72.5789615, 23.07876], [72.5788891, 23.0787756], [72.5788621, 23.0789144], [72.5795513, 23.0789525], [72.5795282, 23.0796611], [72.5784606, 23.0796186], [72.5783497, 23.0802875], [72.5790599, 23.0801245], [72.5792185, 23.0806716], [72.5800733, 23.0803956], [72.5800086, 23.0796643], [72.5801102, 23.0792476], [72.5802242, 23.0790294], [72.5803198, 23.0790266], [72.580369, 23.0789557], [72.5804091, 23.078814], [72.5804707, 23.0779268], [72.5799181, 23.0779408]]}}, {"type": "Feature", "properties": {"osm_id": 1304637899, "osm_type": "way", "name": "", "landuse": "residential"}, "geometry": {"type": "LineString", "coordinates": [[72.5801909, 23.0793911], [72.5801014, 23.0796828], [72.5801949, 23.0803673], [72.5811747, 23.0801653], [72.5811825, 23.0793454], [72.5811914, 23.0791223], [72.5809153, 23.0788472], [72.5809631, 23.07859], [72.5808392, 23.0785997], [72.5806357, 23.0793812], [72.5801909, 23.0793911]]}}, {"type": "Feature", "properties": {"osm_id": 1304637901, "osm_type": "way", "name": "", "landuse": "residential"}, "geometry": {"type": "LineString", "coordinates": [[72.5812467, 23.0791489], [72.5812038, 23.0801631], [72.5843662, 23.0795191], [72.5849053, 23.078722], [72.5832611, 23.0784062], [72.5831136, 23.0791933], [72.5830546, 23.0793291], [72.5822553, 23.079371], [72.5821614, 23.0790453], [72.5812467, 23.0791489]]}}, {"type": "Feature", "properties": {"osm_id": 1304637902, "osm_type": "way", "name": "", "landuse": "residential"}, "geometry": {"type": "LineString", "coordinates": [[72.5801338, 23.0804863], [72.5803426, 23.0811245], [72.5802046, 23.0825831], [72.5800772, 23.0829185], [72.5796701, 23.0834101], [72.5794543, 23.0836315], [72.5792101, 23.0839831], [72.5790331, 23.0841785], [72.578527, 23.0844259], [72.578304, 23.084745], [72.5782899, 23.0850445], [72.5797869, 23.0845659], [72.5807284, 23.0841655], [72.5811778, 23.083905], [72.5809973, 23.0837096], [72.5822856, 23.082632], [72.5820591, 23.0824659], [72.582091, 23.0820915], [72.5814681, 23.0820524], [72.5814645, 23.081844], [72.5811637, 23.081805], [72.581169, 23.0802584], [72.5801338, 23.0804863]]}}, {"type": "Feature", "properties": {"osm_id": 1304637904, "osm_type": "way", "name": "", "landuse": "residential"}, "geometry": {"type": "LineString", "coordinates": [[72.5811777, 23.0802549], [72.5811731, 23.0818004], [72.5814874, 23.0818415], [72.5814789, 23.0820477], [72.582124, 23.0820792], [72.5820809, 23.082459], [72.5822981, 23.0826177], [72.5827356, 23.0820438], [72.5842335, 23.0796473], [72.5811777, 23.0802549]]}}, {"type": "Feature", "properties": {"osm_id": 1304637905, "osm_type": "way", "name": "", "landuse": "residential"}, "geometry": {"type": "LineString", "coordinates": [[72.5775341, 23.0808139], [72.5774524, 23.0814669], [72.5772843, 23.0814626], [72.5772793, 23.0815032], [72.5773808, 23.0815955], [72.5775517, 23.0821484], [72.5773559, 23.0821916], [72.5772339, 23.0822187], [72.5772544, 23.0826002], [72.577447, 23.0826084], [72.5774602, 23.0832746], [72.5774443, 23.0834569], [72.5773665, 23.0834602], [72.5773594, 23.0837776], [72.577554, 23.0837776], [72.577596, 23.0840651], [72.5775306, 23.0840694], [72.57754, 23.0842348], [72.578112, 23.084166], [72.5781541, 23.0847267], [72.5782872, 23.0847546], [72.5785113, 23.0844152], [72.579025, 23.0841553], [72.5792013, 23.0839738], [72.5794547, 23.0836151], [72.5800646, 23.0828997], [72.5801837, 23.082571], [72.5803217, 23.0811141], [72.580122, 23.0804869], [72.5791483, 23.0807221], [72.5781311, 23.0807379], [72.5775341, 23.0808139]]}}, {"type": "Feature", "properties": {"osm_id": 1304637906, "osm_type": "way", "name": "", "landuse": "residential"}, "geometry": {"type": "LineString", "coordinates": [[72.5707841, 23.0843027], [72.5712508, 23.085223], [72.5734878, 23.085186], [72.573469, 23.0842484], [72.5722191, 23.0842385], [72.5707841, 23.0843027]]}}, {"type": "Feature", "properties": {"osm_id": 1304637907, "osm_type": "way", "name": "", "landuse": "residential"}, "geometry": {"type": "LineString", "coordinates": [[72.5735248, 23.084283], [72.5735423, 23.0851972], [72.5737367, 23.0851935], [72.5742142, 23.0851108], [72.5747452, 23.08485], [72.5747408, 23.0842563], [72.5735248, 23.084283]]}}, {"type": "Feature", "properties": {"osm_id": 1304637908, "osm_type": "way", "name": "", "landuse": "residential"}, "geometry": {"type": "LineString", "coordinates": [[72.575584, 23.0846105], [72.5757397, 23.0854928], [72.5781534, 23.0849426], [72.578097, 23.084186], [72.5775239, 23.0842583], [72.5775147, 23.0841392], [72.5763633, 23.0843181], [72.575584, 23.0846105]]}}, {"type": "Feature", "properties": {"osm_id": 1304637909, "osm_type": "way", "name": "", "landuse": "residential"}, "geometry": {"type": "LineString", "coordinates": [[72.5736027, 23.0852676], [72.5736181, 23.0857636], [72.5738399, 23.0857466], [72.5738615, 23.0859847], [72.5757347, 23.0857296], [72.5755753, 23.084589], [72.5742327, 23.0851582], [72.5736027, 23.0852676]]}}, {"type": "Feature", "properties": {"osm_id": 1304637910, "osm_type": "way", "name": "", "landuse": "residential"}, "geometry": {"type": "LineString", "coordinates": [[72.569761, 23.0821988], [72.5700161, 23.0828622], [72.5707458, 23.084243], [72.5721376, 23.0841916], [72.5735202, 23.0842026], [72.5735202, 23.0842779], [72.5747513, 23.0842528], [72.5747749, 23.0848569], [72.5759258, 23.0843617], [72.5762047, 23.0842877], [72.576607, 23.0842088], [72.5775169, 23.0840944], [72.5775088, 23.0840438], [72.5775771, 23.0840387], [72.5775439, 23.0837871], [72.5773522, 23.083785], [72.5773553, 23.0834588], [72.5774367, 23.0834506], [72.5774412, 23.0832512], [72.577429, 23.0826156], [72.577241, 23.0826082], [72.5772166, 23.0822098], [72.5756582, 23.0821856], [72.5750923, 23.0821535], [72.5748348, 23.0821214], [72.5746283, 23.082077], [72.569761, 23.0821988]]}}, {"type": "Feature", "properties": {"osm_id": 1304640341, "osm_type": "way", "name": "", "landuse": "residential"}, "geometry": {"type": "LineString", "coordinates": [[72.5752054, 23.0760348], [72.5757525, 23.0780187], [72.5758545, 23.0789169], [72.5757954, 23.079065], [72.5761871, 23.0793611], [72.5766216, 23.0800717], [72.5768254, 23.0804665], [72.5768844, 23.0808268], [72.5781193, 23.0806838], [72.5782055, 23.0803692], [72.578301, 23.0795585], [72.5783195, 23.0788924], [72.5784181, 23.0781838], [72.5785598, 23.0778635], [72.5786646, 23.0774214], [72.5787231, 23.0769877], [72.5772427, 23.0770727], [72.5772317, 23.0766172], [72.5785665, 23.0764849], [72.5785135, 23.0763351], [72.578773, 23.0763244], [72.5787256, 23.0758035], [72.5788597, 23.0752063], [72.5788141, 23.0750805], [72.5765449, 23.0754136], [72.5765798, 23.075843], [72.5752054, 23.0760348]]}}, {"type": "Feature", "properties": {"osm_id": 1304640342, "osm_type": "way", "name": "", "landuse": "residential"}, "geometry": {"type": "LineString", "coordinates": [[72.5687499, 23.0801687], [72.5696646, 23.0820986], [72.5711566, 23.0819901], [72.5718803, 23.0820013], [72.5724598, 23.0821114], [72.5743062, 23.0820133], [72.5746238, 23.0819988], [72.5748822, 23.0820736], [72.5753016, 23.082109], [72.5756148, 23.0821367], [72.5765155, 23.0821594], [72.5772216, 23.0821871], [72.5775, 23.0821378], [72.5773513, 23.0816218], [72.576942, 23.0812543], [72.5767362, 23.0812142], [72.5767855, 23.080928], [72.5761508, 23.0809365], [72.5758427, 23.0808713], [72.5755359, 23.0806955], [72.5752044, 23.0804549], [72.5744291, 23.0801005], [72.5744548, 23.0795527], [72.5717229, 23.0794625], [72.5705904, 23.0795828], [72.5687499, 23.0801687]]}}, {"type": "Feature", "properties": {"osm_id": 1304640343, "osm_type": "way", "name": "", "landuse": "residential"}, "geometry": {"type": "LineString", "coordinates": [[72.5740956, 23.0777289], [72.5740496, 23.0777826], [72.5740461, 23.0779259], [72.5743929, 23.0795018], [72.5747168, 23.0794139], [72.5747362, 23.0795881], [72.5746743, 23.0798746], [72.5745752, 23.0801188], [72.5747875, 23.0802148], [72.5750017, 23.0802962], [72.5752282, 23.0804053], [72.5755591, 23.0806446], [72.5758581, 23.080822], [72.5761572, 23.0808855], [72.5764793, 23.0808937], [72.576796, 23.0808725], [72.5767093, 23.0804944], [72.5763458, 23.0797461], [72.576127, 23.0794372], [72.5757076, 23.0790459], [72.5757707, 23.0789003], [72.5756956, 23.078524], [72.5756382, 23.0780077], [72.5755377, 23.0775234], [72.5740956, 23.0777289]]}}, {"type": "Feature", "properties": {"osm_id": 1304654820, "osm_type": "way", "name": "", "landuse": "residential"}, "geometry": {"type": "LineString", "coordinates": [[72.5683601, 23.075299], [72.5679935, 23.0758971], [72.5686898, 23.0763421], [72.5683449, 23.0766826], [72.5681384, 23.0767776], [72.5674879, 23.0776425], [72.5686926, 23.0801105], [72.5690809, 23.0800354], [72.569332, 23.0799631], [72.5705521, 23.079534], [72.5703723, 23.078579], [72.5704129, 23.078016], [72.5703759, 23.0774403], [72.5700327, 23.075164], [72.5694281, 23.0750598], [72.5691431, 23.0755906], [72.5683601, 23.075299]]}}, {"type": "Feature", "properties": {"osm_id": 1304654834, "osm_type": "way", "name": "", "landuse": "residential"}, "geometry": {"type": "LineString", "coordinates": [[72.5676747, 23.0791545], [72.5680446, 23.080185], [72.5681932, 23.0801525], [72.5684817, 23.0801443], [72.5679225, 23.0790943], [72.5676747, 23.0791545]]}}, {"type": "Feature", "properties": {"osm_id": 1304654835, "osm_type": "way", "name": "", "landuse": "residential"}, "geometry": {"type": "LineString", "coordinates": [[72.5641363, 23.0786254], [72.5639213, 23.0796945], [72.5646589, 23.0798105], [72.5645087, 23.0807025], [72.56565, 23.0806494], [72.5665018, 23.0804778], [72.5663731, 23.079893], [72.5668423, 23.0798126], [72.5667417, 23.079312], [72.5668859, 23.0792874], [72.5667746, 23.0787295], [72.5664205, 23.0787419], [72.5654342, 23.0786916], [72.5650576, 23.0786724], [72.5641363, 23.0786254]]}}, {"type": "Feature", "properties": {"osm_id": 1304654838, "osm_type": "way", "name": "", "landuse": "residential"}, "geometry": {"type": "LineString", "coordinates": [[72.5634914, 23.0776867], [72.5635097, 23.0777877], [72.5629141, 23.0792313], [72.5627678, 23.0798653], [72.5633776, 23.0800355], [72.5633369, 23.0801551], [72.5637719, 23.0801963], [72.5642374, 23.0777783], [72.5634914, 23.0776867]]}}, {"type": "Feature", "properties": {"osm_id": 1304654843, "osm_type": "way", "name": "", "landuse": "residential"}, "geometry": {"type": "LineString", "coordinates": [[72.5581825, 23.0725814], [72.5562772, 23.080087], [72.5565316, 23.080217], [72.556714, 23.0803305], [72.5579478, 23.0756545], [72.5580551, 23.0749488], [72.5586908, 23.0724861], [72.5585594, 23.0724836], [72.5581825, 23.0725814]]}}, {"type": "Feature", "properties": {"osm_id": 1304654847, "osm_type": "way", "name": "", "landuse": "residential"}, "geometry": {"type": "LineString", "coordinates": [[72.5575823, 23.0784668], [72.557345, 23.0795846], [72.5572296, 23.0799609], [72.5578063, 23.0800942], [72.5582006, 23.0785618], [72.5575823, 23.0784668]]}}, {"type": "Feature", "properties": {"osm_id": 1304654852, "osm_type": "way", "name": "", "landuse": "residential"}, "geometry": {"type": "LineString", "coordinates": [[72.5604998, 23.075617], [72.5604209, 23.0760834], [72.5606283, 23.07615], [72.5602616, 23.0779471], [72.5589513, 23.0777095], [72.5588621, 23.0780444], [72.5584211, 23.0779923], [72.5578022, 23.0803474], [72.5577514, 23.0808467], [72.5589609, 23.080871], [72.5603577, 23.0799584], [72.5604102, 23.0796181], [72.5606307, 23.0796714], [72.5612087, 23.0771367], [72.5613498, 23.0762152], [72.5604998, 23.075617]]}}, {"type": "Feature", "properties": {"osm_id": 1304654853, "osm_type": "way", "name": "", "landuse": "residential"}, "geometry": {"type": "LineString", "coordinates": [[72.5612111, 23.0774704], [72.5607278, 23.079512], [72.5606437, 23.079961], [72.5611481, 23.080049], [72.561496, 23.0800834], [72.5625654, 23.0802488], [72.5628293, 23.079091], [72.5632122, 23.0781329], [72.5633115, 23.077654], [72.5632509, 23.0775616], [72.562841, 23.0772464], [72.5622583, 23.076856], [72.5620642, 23.0778069], [72.5614462, 23.0777246], [72.5614747, 23.0775245], [72.5612111, 23.0774704]]}}, {"type": "Feature", "properties": {"osm_id": 1304658150, "osm_type": "way", "name": "", "landuse": "residential"}, "geometry": {"type": "LineString", "coordinates": [[72.5586668, 23.0811898], [72.558827, 23.0812749], [72.5629413, 23.0829659], [72.5642756, 23.0835307], [72.565215, 23.0839283], [72.5657166, 23.0829327], [72.5653944, 23.082885], [72.5654503, 23.0825306], [72.5651678, 23.0824895], [72.5652791, 23.0819851], [72.5660784, 23.0821147], [72.5663171, 23.0821751], [72.5669381, 23.0813464], [72.5660568, 23.0811819], [72.5660922, 23.0810468], [72.5669841, 23.0809361], [72.5668885, 23.0804498], [72.5656675, 23.0807005], [72.564545, 23.0807604], [72.5626051, 23.0803316], [72.5606229, 23.080001], [72.5603225, 23.0800355], [72.5586668, 23.0811898]]}}, {"type": "Feature", "properties": {"osm_id": 1304658151, "osm_type": "way", "name": "", "landuse": "residential"}, "geometry": {"type": "LineString", "coordinates": [[72.5666655, 23.0817744], [72.5658182, 23.0828393], [72.5652695, 23.083966], [72.566342, 23.084422], [72.566463, 23.0841229], [72.5677599, 23.0846502], [72.5671305, 23.0816779], [72.5666655, 23.0817744]]}}, {"type": "Feature", "properties": {"osm_id": 1304658152, "osm_type": "way", "name": "", "landuse": "residential"}, "geometry": {"type": "LineString", "coordinates": [[72.5695088, 23.0834057], [72.5698908, 23.0851772], [72.5708768, 23.0852381], [72.5699725, 23.0832994], [72.5695088, 23.0834057]]}}, {"type": "Feature", "properties": {"osm_id": 1304658153, "osm_type": "way", "name": "", "landuse": "residential"}, "geometry": {"type": "LineString", "coordinates": [[72.566972, 23.0804307], [72.5670981, 23.0812228], [72.5676425, 23.0836977], [72.5699519, 23.0832511], [72.5685089, 23.080184], [72.5682004, 23.0802062], [72.566972, 23.0804307]]}}, {"type": "Feature", "properties": {"osm_id": 1304658154, "osm_type": "way", "name": "", "landuse": "residential"}, "geometry": {"type": "LineString", "coordinates": [[72.566885, 23.0853581], [72.568187, 23.0881749], [72.5706014, 23.0871095], [72.5703492, 23.0861988], [72.566885, 23.0853581]]}}, {"type": "Feature", "properties": {"osm_id": 1304658155, "osm_type": "way", "name": "", "landuse": "residential"}, "geometry": {"type": "LineString", "coordinates": [[72.5650206, 23.0845801], [72.5647859, 23.0850727], [72.5648208, 23.0860275], [72.5648227, 23.0869309], [72.5651986, 23.086904], [72.5651979, 23.0868424], [72.5655422, 23.0868402], [72.5655445, 23.0867877], [72.5659011, 23.086792], [72.5660809, 23.0867502], [72.5661493, 23.0869698], [72.5663451, 23.0869427], [72.5663894, 23.087166], [72.5670324, 23.0869664], [72.5669577, 23.0867602], [72.5673266, 23.0866163], [72.5667886, 23.0852831], [72.5650206, 23.0845801]]}}, {"type": "Feature", "properties": {"osm_id": 1304658156, "osm_type": "way", "name": "", "landuse": "residential"}, "geometry": {"type": "LineString", "coordinates": [[72.5663768, 23.0871714], [72.5665507, 23.0880093], [72.5664389, 23.0880616], [72.566695, 23.0889555], [72.5676793, 23.0885275], [72.566827, 23.0870324], [72.5663768, 23.0871714]]}}, {"type": "Feature", "properties": {"osm_id": 1304658157, "osm_type": "way", "name": "", "landuse": "residential"}, "geometry": {"type": "LineString", "coordinates": [[72.56503, 23.088069], [72.5656013, 23.0893742], [72.5666608, 23.0889572], [72.5663973, 23.0879468], [72.5660079, 23.0880235], [72.56503, 23.088069]]}}, {"type": "Feature", "properties": {"osm_id": 1304658158, "osm_type": "way", "name": "", "landuse": "residential"}, "geometry": {"type": "LineString", "coordinates": [[72.5611723, 23.0829386], [72.5609741, 23.0833489], [72.560783, 23.0840814], [72.5628628, 23.0842858], [72.5629486, 23.0836936], [72.5611723, 23.0829386]]}}, {"type": "Feature", "properties": {"osm_id": 1304658159, "osm_type": "way", "name": "", "landuse": "residential"}, "geometry": {"type": "LineString", "coordinates": [[72.5608048, 23.0841278], [72.5605121, 23.0851793], [72.5643542, 23.0858142], [72.5646993, 23.0852814], [72.5647301, 23.0849806], [72.564836, 23.0846376], [72.564317, 23.0844686], [72.5642668, 23.0843855], [72.5639317, 23.0842656], [72.5637237, 23.0842257], [72.56356, 23.0842209], [72.5636363, 23.0840052], [72.5629802, 23.0836887], [72.5628754, 23.0842905], [72.5608048, 23.0841278]]}}, {"type": "Feature", "properties": {"osm_id": 1304658161, "osm_type": "way", "name": "", "landuse": "residential"}, "geometry": {"type": "LineString", "coordinates": [[72.5597369, 23.0830246], [72.5594391, 23.0840831], [72.5606247, 23.0843866], [72.5609063, 23.0832689], [72.5597369, 23.0830246]]}}, {"type": "Feature", "properties": {"osm_id": 1304658162, "osm_type": "way", "name": "", "landuse": "residential"}, "geometry": {"type": "LineString", "coordinates": [[72.5586616, 23.0818374], [72.5582971, 23.0838528], [72.5593872, 23.0840676], [72.5598691, 23.0822536], [72.5592975, 23.0820957], [72.5586616, 23.0818374]]}}, {"type": "Feature", "properties": {"osm_id": 1304658163, "osm_type": "way", "name": "", "landuse": "residential"}, "geometry": {"type": "LineString", "coordinates": [[72.556465, 23.0808415], [72.5557318, 23.0836133], [72.5571283, 23.0836226], [72.5582003, 23.0838237], [72.5585977, 23.0817943], [72.5574853, 23.0813132], [72.5567428, 23.0809135], [72.556465, 23.0808415]]}}, {"type": "Feature", "properties": {"osm_id": 1304779229, "osm_type": "way", "name": "", "landuse": "residential"}, "geometry": {"type": "LineString", "coordinates": [[72.5528348, 23.0791851], [72.5517327, 23.0801582], [72.5515413, 23.0802248], [72.5516112, 23.0807303], [72.5519162, 23.0819208], [72.5522122, 23.0827693], [72.5524223, 23.0830485], [72.552908, 23.0834051], [72.5532256, 23.0837015], [72.553319, 23.0838089], [72.5537249, 23.0837132], [72.5538943, 23.0842121], [72.5537041, 23.0843283], [72.5539674, 23.0845751], [72.554385, 23.0847949], [72.5545159, 23.0845084], [72.5547342, 23.0833614], [72.5549576, 23.0824855], [72.5553843, 23.0808752], [72.5554357, 23.0807012], [72.5554964, 23.0805831], [72.5554707, 23.0803489], [72.5528348, 23.0791851]]}}, {"type": "Feature", "properties": {"osm_id": 1304779230, "osm_type": "way", "name": "", "landuse": "residential"}, "geometry": {"type": "LineString", "coordinates": [[72.5579529, 23.0728456], [72.5578189, 23.0728109], [72.5573811, 23.0739225], [72.5571839, 23.074155], [72.5570237, 23.0746], [72.5566231, 23.0752009], [72.5563736, 23.0754957], [72.5567032, 23.0757395], [72.5556773, 23.0800054], [72.5560994, 23.0800507], [72.5579529, 23.0728456]]}}, {"type": "Feature", "properties": {"osm_id": 1304779231, "osm_type": "way", "name": "", "landuse": "residential"}, "geometry": {"type": "LineString", "coordinates": [[72.5563652, 23.0755034], [72.5557056, 23.0762523], [72.5550635, 23.0770578], [72.5545988, 23.077582], [72.5539847, 23.078104], [72.5531377, 23.0788717], [72.5542626, 23.0793735], [72.5551382, 23.0798461], [72.5553531, 23.0799428], [72.5556519, 23.0800201], [72.5566949, 23.0757438], [72.5563652, 23.0755034]]}}, {"type": "Feature", "properties": {"osm_id": 1304779232, "osm_type": "way", "name": "", "landuse": "residential"}, "geometry": {"type": "LineString", "coordinates": [[72.5495352, 23.0808226], [72.5496961, 23.0809312], [72.5507316, 23.0808491], [72.551163, 23.0808066], [72.5516282, 23.080971], [72.5515173, 23.0806904], [72.5514372, 23.0806393], [72.551317, 23.0803474], [72.5495352, 23.0808226]]}}, {"type": "Feature", "properties": {"osm_id": 1304779233, "osm_type": "way", "name": "", "landuse": "residential"}, "geometry": {"type": "LineString", "coordinates": [[72.5507531, 23.0809222], [72.5508363, 23.081881], [72.5510734, 23.081881], [72.551422, 23.0821545], [72.5518715, 23.0820194], [72.5516184, 23.0811045], [72.5511353, 23.080875], [72.5507531, 23.0809222]]}}, {"type": "Feature", "properties": {"osm_id": 1304779234, "osm_type": "way", "name": "", "landuse": "residential"}, "geometry": {"type": "LineString", "coordinates": [[72.5485452, 23.0790849], [72.5487534, 23.0797595], [72.5489845, 23.0802498], [72.5491509, 23.0805247], [72.5493943, 23.0807288], [72.5501399, 23.0804255], [72.5503217, 23.0803774], [72.5504973, 23.0802782], [72.5507068, 23.08023], [72.5514832, 23.0800004], [72.5516434, 23.0798785], [72.5522134, 23.0793513], [72.551856, 23.0791841], [72.5512244, 23.079082], [72.5507068, 23.0789233], [72.5502292, 23.0788269], [72.5499858, 23.0788269], [72.5495268, 23.0788439], [72.5487372, 23.0790344], [72.5485452, 23.0790849]]}}, {"type": "Feature", "properties": {"osm_id": 1328734058, "osm_type": "way", "name": "", "landuse": "forest"}, "geometry": {"type": "LineString", "coordinates": [[72.6013545, 23.1244108], [72.6013663, 23.1243302], [72.6014119, 23.1240191], [72.6008898, 23.1239036], [72.6006749, 23.1245314], [72.6007196, 23.1246885], [72.6013545, 23.1244108]]}}, {"type": "Feature", "properties": {"osm_id": 1328734059, "osm_type": "way", "name": "", "landuse": "farmland"}, "geometry": {"type": "LineString", "coordinates": [[72.6003846, 23.1234353], [72.6014561, 23.1236828], [72.6016581, 23.1232165], [72.6017235, 23.1230398], [72.6017572, 23.1229086], [72.6005291, 23.1226336], [72.6004242, 23.1229833], [72.6004059, 23.1230732], [72.6004054, 23.1233637], [72.6003846, 23.1234353]]}}, {"type": "Feature", "properties": {"osm_id": 1328734060, "osm_type": "way", "name": "", "landuse": "forest"}, "geometry": {"type": "LineString", "coordinates": [[72.6013663, 23.1243302], [72.6014119, 23.1240191], [72.6014561, 23.1236828], [72.6016581, 23.1232165], [72.6017235, 23.1230398], [72.6017572, 23.1229086], [72.6017796, 23.1228105], [72.6036454, 23.1234553], [72.6026214, 23.1238797], [72.6013545, 23.1244108], [72.6013663, 23.1243302]]}}, {"type": "Feature", "properties": {"osm_id": 1328734061, "osm_type": "way", "name": "", "landuse": "farmland"}, "geometry": {"type": "LineString", "coordinates": [[72.5992936, 23.1227475], [72.6003027, 23.1230585], [72.6004394, 23.1225867], [72.6005741, 23.1221823], [72.600733, 23.1217898], [72.5995898, 23.1214315], [72.5995819, 23.1214603], [72.5994346, 23.1219976], [72.599117, 23.1219375], [72.5989483, 23.1219056], [72.5987788, 23.1226331], [72.5992936, 23.1227475]]}}, {"type": "Feature", "properties": {"osm_id": 1328752893, "osm_type": "way", "name": "", "landuse": "recreation_ground"}, "geometry": {"type": "LineString", "coordinates": [[72.5968661, 23.1213155], [72.5967607, 23.1213602], [72.5966676, 23.1211744], [72.5968666, 23.12109], [72.5969311, 23.1212186], [72.5968374, 23.1212583], [72.5968661, 23.1213155]]}}, {"type": "Feature", "properties": {"osm_id": 1328752894, "osm_type": "way", "name": "", "landuse": "recreation_ground"}, "geometry": {"type": "LineString", "coordinates": [[72.5989965, 23.1217595], [72.5990819, 23.1213109], [72.5995819, 23.1214603], [72.5994346, 23.1219976], [72.599117, 23.1219375], [72.5991438, 23.121782], [72.5989965, 23.1217595]]}}, {"type": "Feature", "properties": {"osm_id": 1328752895, "osm_type": "way", "name": "", "landuse": "recreation_ground"}, "geometry": {"type": "LineString", "coordinates": [[72.5985375, 23.1219466], [72.5988571, 23.1219941], [72.5988793, 23.1218681], [72.5985596, 23.1218206], [72.5985375, 23.1219466]]}}, {"type": "Feature", "properties": {"osm_id": 1328752901, "osm_type": "way", "name": "", "landuse": "industrial"}, "geometry": {"type": "LineString", "coordinates": [[72.597823, 23.1249016], [72.5986, 23.125092], [72.5987809, 23.1255409], [72.5982485, 23.1257679], [72.597823, 23.1249016]]}}, {"type": "Feature", "properties": {"osm_id": 1328753830, "osm_type": "way", "name": "Lulu Mall Ahmedabad", "landuse": "farmland"}, "geometry": {"type": "LineString", "coordinates": [[72.6007196, 23.1246885], [72.6006749, 23.1245314], [72.6008898, 23.1239036], [72.6014119, 23.1240191], [72.6014561, 23.1236828], [72.6003846, 23.1234353], [72.6002915, 23.1234086], [72.6003188, 23.1233374], [72.6003027, 23.1230585], [72.5992936, 23.1227475], [72.5987788, 23.1226331], [72.5984016, 23.1225492], [72.5978409, 23.1242551], [72.5987746, 23.1244684], [72.599765, 23.1247291], [72.5999737, 23.1243827], [72.6003865, 23.1244609], [72.6004764, 23.1247994], [72.6007196, 23.1246885]]}}, {"type": "Feature", "properties": {"osm_id": 1329924110, "osm_type": "way", "name": "", "landuse": "industrial"}, "geometry": {"type": "LineString", "coordinates": [[72.6063824, 23.1108302], [72.6068657, 23.1111416], [72.6073537, 23.110682], [72.6069731, 23.1103363], [72.6063824, 23.1108302]]}}, {"type": "Feature", "properties": {"osm_id": 1329924111, "osm_type": "way", "name": "", "landuse": "residential"}, "geometry": {"type": "LineString", "coordinates": [[72.6075242, 23.1100786], [72.607767, 23.1102632], [72.6079702, 23.1100506], [72.6088061, 23.1107293], [72.6085656, 23.1109526], [72.6092334, 23.1114852], [72.6094973, 23.1112447], [72.6088411, 23.1106949], [72.6093852, 23.1101902], [72.608656, 23.1095999], [72.6084902, 23.1097438], [72.6084147, 23.1096944], [72.6083266, 23.1097288], [72.6081357, 23.1099376], [72.6080747, 23.1098886], [72.6080137, 23.1099456], [72.6078338, 23.1097848], [72.6075242, 23.1100786]]}}, {"type": "Feature", "properties": {"osm_id": 1329930752, "osm_type": "way", "name": "", "landuse": "commercial"}, "geometry": {"type": "LineString", "coordinates": [[72.6049574, 23.1093763], [72.6046354, 23.109762], [72.6048106, 23.109902], [72.6046407, 23.1100615], [72.6048601, 23.1102357], [72.6046832, 23.1104293], [72.6049344, 23.1106198], [72.6048283, 23.1107484], [72.6053963, 23.1112204], [72.6057892, 23.1108655], [72.6049574, 23.1093763]]}}, {"type": "Feature", "properties": {"osm_id": 1330146638, "osm_type": "way", "name": "", "landuse": "residential"}, "geometry": {"type": "LineString", "coordinates": [[72.6128312, 23.1184296], [72.6122288, 23.1190781], [72.6127635, 23.1195011], [72.6131278, 23.1191704], [72.6130811, 23.1186185], [72.6128312, 23.1184296]]}}, {"type": "Feature", "properties": {"osm_id": 1330146639, "osm_type": "way", "name": "", "landuse": "residential"}, "geometry": {"type": "LineString", "coordinates": [[72.6152258, 23.115732], [72.6142549, 23.1167788], [72.6147183, 23.1171423], [72.615689, 23.1160953], [72.6152258, 23.115732]]}}, {"type": "Feature", "properties": {"osm_id": 1330865686, "osm_type": "way", "name": "", "landuse": "residential"}, "geometry": {"type": "LineString", "coordinates": [[72.6154095, 23.1203822], [72.6154073, 23.1208129], [72.6152764, 23.1209399], [72.6151313, 23.1209496], [72.6148906, 23.1207511], [72.6145756, 23.1210766], [72.6148411, 23.1212751], [72.6148304, 23.1214769], [72.6144518, 23.1214444], [72.6144562, 23.1216872], [72.614561, 23.1216893], [72.614536, 23.121979], [72.614725, 23.1219678], [72.6150726, 23.1219491], [72.6150726, 23.1222519], [72.6145156, 23.1222482], [72.6145177, 23.1223641], [72.6148144, 23.1223641], [72.6148205, 23.1224127], [72.6150706, 23.1223977], [72.6150706, 23.1225772], [72.6145421, 23.1225847], [72.614536, 23.1229623], [72.6147535, 23.1229904], [72.6152799, 23.123067], [72.6152738, 23.123411], [72.6149852, 23.1233998], [72.6149791, 23.123712], [72.6146173, 23.1237344], [72.6146152, 23.1236278], [72.6144953, 23.1236577], [72.6145408, 23.1239519], [72.6149448, 23.1239111], [72.6149471, 23.12407], [72.6150872, 23.1240679], [72.6150919, 23.1244308], [72.6152437, 23.1244287], [72.6152296, 23.1245339], [72.615323, 23.1247551], [72.6153651, 23.1247572], [72.6154164, 23.1249054], [72.6150732, 23.1249054], [72.6150849, 23.12506], [72.6150452, 23.1250686], [72.6150685, 23.1253799], [72.614821, 23.1254293], [72.6148683, 23.1255796], [72.6150917, 23.1255034], [72.6151599, 23.1254894], [72.6153677, 23.1254719], [72.6154423, 23.1254517], [72.6154787, 23.1251092], [72.6155026, 23.1250674], [72.6156417, 23.1249608], [72.615674, 23.1249293], [72.6156888, 23.1248939], [72.6156863, 23.1247753], [72.6158034, 23.1247923], [72.6157895, 23.1249723], [72.6161114, 23.1249754], [72.6160946, 23.1250247], [72.6162301, 23.1250162], [72.6162147, 23.1251678], [72.6165197, 23.1251678], [72.6165444, 23.125019], [72.6168063, 23.1250417], [72.6168248, 23.1251664], [72.6171051, 23.1250969], [72.6170882, 23.1249879], [72.6168802, 23.125019], [72.6168771, 23.1249227], [72.6165998, 23.1247498], [72.616606, 23.1246181], [72.6167138, 23.1244254], [72.6167416, 23.1243744], [72.6166722, 23.1243503], [72.616569, 23.1238984], [72.6166784, 23.1239026], [72.61668, 23.1237], [72.6167755, 23.1236915], [72.6167816, 23.1234904], [72.6169911, 23.1234932], [72.6170219, 23.1240486], [72.6173516, 23.1240287], [72.6173609, 23.1241024], [72.6175981, 23.1240939], [72.6175827, 23.123836], [72.6173732, 23.1237879], [72.6173794, 23.1229208], [72.61786, 23.1229435], [72.6178538, 23.122986], [72.6184885, 23.123105], [72.6184423, 23.1229236], [72.6183252, 23.122969], [72.618165, 23.1227281], [72.6178107, 23.1227168], [72.6178076, 23.1226601], [72.6176751, 23.122663], [72.6176721, 23.122612], [72.6174872, 23.1226091], [72.6175457, 23.1221954], [72.6173917, 23.1221841], [72.6172746, 23.1223768], [72.6173023, 23.1226828], [72.6169388, 23.122612], [72.6168741, 23.1227111], [72.616566, 23.1226941], [72.616566, 23.1225695], [72.6163903, 23.1225496], [72.6163749, 23.1219716], [72.6165475, 23.1219716], [72.6165567, 23.1217052], [72.6168001, 23.1216939], [72.6168248, 23.121453], [72.6154095, 23.1203822]]}}, {"type": "Feature", "properties": {"osm_id": 1336748409, "osm_type": "way", "name": "", "landuse": "residential"}, "geometry": {"type": "LineString", "coordinates": [[72.6198178, 23.1900938], [72.6193077, 23.1912524], [72.6204548, 23.1916791], [72.6211965, 23.1899942], [72.6206117, 23.1897767], [72.6203802, 23.1903029], [72.6198178, 23.1900938]]}}, {"type": "Feature", "properties": {"osm_id": 1336750500, "osm_type": "way", "name": "", "landuse": "residential"}, "geometry": {"type": "LineString", "coordinates": [[72.6194404, 23.1870611], [72.6191115, 23.1878179], [72.6185022, 23.1875941], [72.6184186, 23.1877864], [72.6180342, 23.1886706], [72.6189671, 23.1890134], [72.619376, 23.1880734], [72.6204555, 23.1884703], [72.6200371, 23.1894318], [72.6207421, 23.1896911], [72.6210159, 23.1890621], [72.6217318, 23.1893254], [72.6219142, 23.1879693], [72.6194404, 23.1870611]]}}, {"type": "Feature", "properties": {"osm_id": 1337941475, "osm_type": "way", "name": "", "landuse": "residential"}, "geometry": {"type": "LineString", "coordinates": [[72.6135664, 23.1363528], [72.6136953, 23.1369856], [72.61541, 23.1366902], [72.6153279, 23.1362867], [72.6157645, 23.1362115], [72.6157177, 23.1359819], [72.6135664, 23.1363528]]}}, {"type": "Feature", "properties": {"osm_id": 1337966480, "osm_type": "way", "name": "", "landuse": "commercial"}, "geometry": {"type": "LineString", "coordinates": [[72.6080208, 23.122198], [72.6083273, 23.1228169], [72.6095194, 23.1223178], [72.6092128, 23.1216987], [72.6080208, 23.122198]]}}, {"type": "Feature", "properties": {"osm_id": 1337966481, "osm_type": "way", "name": "", "landuse": "commercial"}, "geometry": {"type": "LineString", "coordinates": [[72.6035835, 23.1240702], [72.6037853, 23.1243957], [72.6045321, 23.1240702], [72.6043586, 23.1237317], [72.6035835, 23.1240702]]}}, {"type": "Feature", "properties": {"osm_id": 1337966482, "osm_type": "way", "name": "", "landuse": "residential"}, "geometry": {"type": "LineString", "coordinates": [[72.5944186, 23.1208677], [72.5947966, 23.1216491], [72.5958394, 23.1212135], [72.5954634, 23.1204265], [72.5944186, 23.1208677]]}}, {"type": "Feature", "properties": {"osm_id": 1337966483, "osm_type": "way", "name": "", "landuse": "residential"}, "geometry": {"type": "LineString", "coordinates": [[72.5950096, 23.1217054], [72.5953008, 23.1222986], [72.5954636, 23.122231], [72.5953792, 23.122059], [72.5957609, 23.1219006], [72.5960324, 23.122454], [72.5961742, 23.1223952], [72.5956959, 23.1214205], [72.5950096, 23.1217054]]}}, {"type": "Feature", "properties": {"osm_id": 1337966484, "osm_type": "way", "name": "", "landuse": "residential"}, "geometry": {"type": "LineString", "coordinates": [[72.5908368, 23.1198521], [72.591266, 23.1207549], [72.5920545, 23.1204293], [72.59173, 23.1197978], [72.5908368, 23.1198521]]}}, {"type": "Feature", "properties": {"osm_id": 1337966485, "osm_type": "way", "name": "", "landuse": "residential"}, "geometry": {"type": "LineString", "coordinates": [[72.5959816, 23.1206404], [72.5971061, 23.1230338], [72.5983884, 23.1224645], [72.5977519, 23.1211831], [72.5974351, 23.1213003], [72.597359, 23.1211424], [72.597021, 23.1212759], [72.5967857, 23.1207795], [72.5959816, 23.1206404]]}}, {"type": "Feature", "properties": {"osm_id": 1337966488, "osm_type": "way", "name": "", "landuse": "residential"}, "geometry": {"type": "LineString", "coordinates": [[72.5947429, 23.1180428], [72.594464, 23.1189457], [72.5946566, 23.1189991], [72.5945912, 23.1191699], [72.5942666, 23.1190797], [72.5940857, 23.1196573], [72.5953372, 23.119988], [72.5954306, 23.1197239], [72.5952999, 23.1196895], [72.5954073, 23.1193352], [72.5953022, 23.1185638], [72.5951035, 23.1185744], [72.5952398, 23.1181706], [72.5947429, 23.1180428]]}}, {"type": "Feature", "properties": {"osm_id": 1337966517, "osm_type": "way", "name": "", "landuse": "residential"}, "geometry": {"type": "LineString", "coordinates": [[72.5937978, 23.1159476], [72.5933554, 23.1174677], [72.5953444, 23.1180211], [72.5951604, 23.1162243], [72.5937978, 23.1159476]]}}, {"type": "Feature", "properties": {"osm_id": 1337966530, "osm_type": "way", "name": "", "landuse": "residential"}, "geometry": {"type": "LineString", "coordinates": [[72.5954972, 23.1151029], [72.5955292, 23.1157757], [72.5965566, 23.1160291], [72.5964818, 23.1162825], [72.5966967, 23.1163254], [72.5966433, 23.1165168], [72.5955935, 23.1162914], [72.5956554, 23.1167774], [72.5963839, 23.1169235], [72.5962204, 23.11763], [72.595688, 23.1175312], [72.5957581, 23.1181239], [72.5961083, 23.1182184], [72.5961901, 23.1178254], [72.5966244, 23.1179049], [72.5967679, 23.1172884], [72.5963822, 23.1172298], [72.5965329, 23.1165762], [72.5970064, 23.1166808], [72.5969685, 23.11684], [72.5976068, 23.1169692], [72.5978085, 23.1163996], [72.598541, 23.1165511], [72.5987315, 23.1158157], [72.5954972, 23.1151029]]}}, {"type": "Feature", "properties": {"osm_id": 1337966531, "osm_type": "way", "name": "", "landuse": "residential"}, "geometry": {"type": "LineString", "coordinates": [[72.5958117, 23.1183007], [72.5958092, 23.1189536], [72.5974511, 23.1193415], [72.5973413, 23.1197925], [72.5976577, 23.1198612], [72.5974803, 23.1206566], [72.5976163, 23.1206889], [72.5976475, 23.1205823], [72.5978917, 23.1206441], [72.5980628, 23.1199514], [72.5983127, 23.1189099], [72.5958117, 23.1183007]]}}, {"type": "Feature", "properties": {"osm_id": 1337966533, "osm_type": "way", "name": "", "landuse": "residential"}, "geometry": {"type": "LineString", "coordinates": [[72.5983416, 23.119702], [72.5981172, 23.120499], [72.5984663, 23.1205821], [72.5983824, 23.1208801], [72.5988384, 23.1209887], [72.5991468, 23.1198938], [72.5983416, 23.119702]]}}, {"type": "Feature", "properties": {"osm_id": 1337966534, "osm_type": "way", "name": "", "landuse": "residential"}, "geometry": {"type": "LineString", "coordinates": [[72.5999367, 23.1208138], [72.5997934, 23.1213138], [72.6009222, 23.1215876], [72.6010656, 23.1210874], [72.5999367, 23.1208138]]}}, {"type": "Feature", "properties": {"osm_id": 1337966535, "osm_type": "way", "name": "", "landuse": "residential"}, "geometry": {"type": "LineString", "coordinates": [[72.5983867, 23.11921], [72.598262, 23.1196678], [72.5993172, 23.1199109], [72.5992247, 23.1202504], [72.6000938, 23.1204508], [72.6000027, 23.1207847], [72.6010527, 23.1210269], [72.6014228, 23.1196695], [72.6003746, 23.1194278], [72.6002402, 23.1199208], [72.5991956, 23.1196801], [72.5992683, 23.1194131], [72.5983867, 23.11921]]}}, {"type": "Feature", "properties": {"osm_id": 1337966536, "osm_type": "way", "name": "", "landuse": "residential"}, "geometry": {"type": "LineString", "coordinates": [[72.5976516, 23.1178574], [72.5974697, 23.1185633], [72.5983472, 23.1187547], [72.5985292, 23.1180487], [72.5976516, 23.1178574]]}}, {"type": "Feature", "properties": {"osm_id": 1337966543, "osm_type": "way", "name": "", "landuse": "residential"}, "geometry": {"type": "LineString", "coordinates": [[72.5993445, 23.1185529], [72.5992389, 23.1189825], [72.5997114, 23.1190807], [72.5999619, 23.1180607], [72.5991679, 23.1178957], [72.5990229, 23.1184861], [72.5993445, 23.1185529]]}}, {"type": "Feature", "properties": {"osm_id": 1337966544, "osm_type": "way", "name": "", "landuse": "residential"}, "geometry": {"type": "LineString", "coordinates": [[72.5992697, 23.1159779], [72.5990816, 23.1167287], [72.6002457, 23.1169755], [72.6004338, 23.1162245], [72.5992697, 23.1159779]]}}, {"type": "Feature", "properties": {"osm_id": 1337966545, "osm_type": "way", "name": "", "landuse": "commercial"}, "geometry": {"type": "LineString", "coordinates": [[72.6005831, 23.1162326], [72.6004356, 23.1167996], [72.6013903, 23.1170098], [72.6015379, 23.1164427], [72.6005831, 23.1162326]]}}, {"type": "Feature", "properties": {"osm_id": 1337966546, "osm_type": "way", "name": "", "landuse": "commercial"}, "geometry": {"type": "LineString", "coordinates": [[72.6018336, 23.1165639], [72.6016952, 23.1170779], [72.6015819, 23.1170521], [72.6015305, 23.1172432], [72.6016663, 23.1172742], [72.601607, 23.1174944], [72.6019311, 23.1175683], [72.6021805, 23.1166429], [72.6018336, 23.1165639]]}}, {"type": "Feature", "properties": {"osm_id": 1337966547, "osm_type": "way", "name": "", "landuse": "residential"}, "geometry": {"type": "LineString", "coordinates": [[72.6014595, 23.1139312], [72.6012923, 23.1145962], [72.6017855, 23.114701], [72.6019526, 23.114036], [72.6014595, 23.1139312]]}}, {"type": "Feature", "properties": {"osm_id": 1337975487, "osm_type": "way", "name": "", "landuse": "residential"}, "geometry": {"type": "LineString", "coordinates": [[72.5986111, 23.1095119], [72.5979271, 23.1102657], [72.5998065, 23.1117222], [72.5992581, 23.1123117], [72.5989931, 23.112119], [72.5985556, 23.1125724], [72.5981243, 23.1122437], [72.5978901, 23.112578], [72.5973972, 23.112255], [72.5971876, 23.112459], [72.5965345, 23.1122437], [72.5965098, 23.112357], [72.5974465, 23.1127424], [72.5975142, 23.1126857], [72.5982599, 23.1129691], [72.5984447, 23.1127254], [72.5991041, 23.1131618], [72.5995354, 23.1126687], [72.5999359, 23.1129464], [72.6011745, 23.1114672], [72.5986111, 23.1095119]]}}, {"type": "Feature", "properties": {"osm_id": 1337975491, "osm_type": "way", "name": "", "landuse": "residential"}, "geometry": {"type": "LineString", "coordinates": [[72.6011802, 23.1090456], [72.6011925, 23.110063], [72.6028162, 23.1102954], [72.6011802, 23.1090456]]}}, {"type": "Feature", "properties": {"osm_id": 1337975492, "osm_type": "way", "name": "", "landuse": "residential"}, "geometry": {"type": "LineString", "coordinates": [[72.6026709, 23.1103266], [72.6016932, 23.1113044], [72.6019087, 23.1114782], [72.6019879, 23.1114091], [72.6021282, 23.111525], [72.602303, 23.1113436], [72.6028315, 23.111768], [72.6031527, 23.1114352], [72.602677, 23.1110464], [72.6030795, 23.1106201], [72.6026709, 23.1103266]]}}, {"type": "Feature", "properties": {"osm_id": 1337975494, "osm_type": "way", "name": "", "landuse": "residential"}, "geometry": {"type": "LineString", "coordinates": [[72.6007377, 23.1122275], [72.6000157, 23.1132756], [72.6003732, 23.1134872], [72.6012544, 23.1125856], [72.6007377, 23.1122275]]}}, {"type": "Feature", "properties": {"osm_id": 1337975495, "osm_type": "way", "name": "", "landuse": "residential"}, "geometry": {"type": "LineString", "coordinates": [[72.602888, 23.112535], [72.6027129, 23.1127401], [72.6028005, 23.1128034], [72.6026227, 23.1130117], [72.6024735, 23.112904], [72.6023774, 23.1130165], [72.602603, 23.1131793], [72.602813, 23.1129332], [72.6030969, 23.1131381], [72.6030042, 23.1132468], [72.6030376, 23.1132709], [72.6029011, 23.1134308], [72.603219, 23.1136604], [72.6036871, 23.1131121], [72.602888, 23.112535]]}}, {"type": "Feature", "properties": {"osm_id": 1337975496, "osm_type": "way", "name": "", "landuse": "residential"}, "geometry": {"type": "LineString", "coordinates": [[72.6013982, 23.1132036], [72.6010344, 23.1136466], [72.601504, 23.113742], [72.6016076, 23.113613], [72.6018312, 23.1137906], [72.6024431, 23.1139533], [72.6029025, 23.1134578], [72.6023536, 23.1130334], [72.6018658, 23.1135494], [72.6013982, 23.1132036]]}}, {"type": "Feature", "properties": {"osm_id": 1337975502, "osm_type": "way", "name": "", "landuse": "residential"}, "geometry": {"type": "LineString", "coordinates": [[72.6019019, 23.1189182], [72.6017242, 23.1195292], [72.6030427, 23.1198538], [72.6032205, 23.1192425], [72.6019019, 23.1189182]]}}, {"type": "Feature", "properties": {"osm_id": 1337975503, "osm_type": "way", "name": "", "landuse": "residential"}, "geometry": {"type": "LineString", "coordinates": [[72.6040696, 23.1191267], [72.6038169, 23.1202488], [72.604464, 23.1204018], [72.6045749, 23.1199513], [72.6041343, 23.1198521], [72.6042338, 23.119455], [72.604504, 23.1195121], [72.6045686, 23.1191926], [72.6047643, 23.11923], [72.6048027, 23.1190615], [72.604604, 23.1190218], [72.6045794, 23.1191352], [72.6040696, 23.1191267]]}}, {"type": "Feature", "properties": {"osm_id": 1337975504, "osm_type": "way", "name": "", "landuse": "residential"}, "geometry": {"type": "LineString", "coordinates": [[72.601731, 23.1197773], [72.6014029, 23.1208423], [72.6018906, 23.1209694], [72.6019444, 23.1207949], [72.602653, 23.1209797], [72.6029276, 23.1200892], [72.601731, 23.1197773]]}}, {"type": "Feature", "properties": {"osm_id": 1337975505, "osm_type": "way", "name": "", "landuse": "residential"}, "geometry": {"type": "LineString", "coordinates": [[72.6014231, 23.1209251], [72.6012882, 23.1213362], [72.6019235, 23.1215087], [72.6018173, 23.1218586], [72.6039833, 23.1225372], [72.6041921, 23.1215998], [72.603463, 23.1214062], [72.6037551, 23.120347], [72.6029464, 23.1200899], [72.6026526, 23.1209964], [72.6021341, 23.1208548], [72.6020669, 23.1210436], [72.6018944, 23.1209992], [72.601876, 23.121045], [72.6014231, 23.1209251]]}}, {"type": "Feature", "properties": {"osm_id": 1337975506, "osm_type": "way", "name": "", "landuse": "industrial"}, "geometry": {"type": "LineString", "coordinates": [[72.6045991, 23.1205593], [72.6045347, 23.1209466], [72.6051757, 23.1210527], [72.6050255, 23.1219259], [72.6055352, 23.121995], [72.6055673, 23.1217631], [72.6057497, 23.1217952], [72.6058972, 23.1208751], [72.6066, 23.1209787], [72.6066402, 23.1207591], [72.6045991, 23.1205593]]}}, {"type": "Feature", "properties": {"osm_id": 1337975507, "osm_type": "way", "name": "", "landuse": "residential"}, "geometry": {"type": "LineString", "coordinates": [[72.6038196, 23.113454], [72.6031967, 23.1142059], [72.604361, 23.1144598], [72.6046265, 23.1140757], [72.6038196, 23.113454]]}}, {"type": "Feature", "properties": {"osm_id": 1338209795, "osm_type": "way", "name": "", "landuse": "residential"}, "geometry": {"type": "LineString", "coordinates": [[72.6110348, 23.1066004], [72.6110241, 23.1070498], [72.6125925, 23.1070815], [72.612599, 23.106811], [72.6124235, 23.1068075], [72.6124274, 23.1066455], [72.6120574, 23.1066379], [72.6120531, 23.1068162], [72.6117245, 23.1068094], [72.6117292, 23.1066145], [72.6110348, 23.1066004]]}}, {"type": "Feature", "properties": {"osm_id": 1338209796, "osm_type": "way", "name": "", "landuse": "residential"}, "geometry": {"type": "LineString", "coordinates": [[72.6121807, 23.105559], [72.6121523, 23.1059803], [72.6130486, 23.1060313], [72.613077, 23.1056103], [72.6121807, 23.105559]]}}, {"type": "Feature", "properties": {"osm_id": 1338209809, "osm_type": "way", "name": "", "landuse": "residential"}, "geometry": {"type": "LineString", "coordinates": [[72.6141066, 23.097684], [72.6142699, 23.0984435], [72.6148245, 23.0983954], [72.6147783, 23.0981885], [72.6150063, 23.0981573], [72.6149693, 23.0978286], [72.6156348, 23.0978456], [72.6156718, 23.0972901], [72.6145378, 23.0973311], [72.6145702, 23.0976347], [72.6141066, 23.097684]]}}, {"type": "Feature", "properties": {"osm_id": 1338209810, "osm_type": "way", "name": "", "landuse": "residential"}, "geometry": {"type": "LineString", "coordinates": [[72.5886641, 23.1134466], [72.5888796, 23.1152301], [72.5899122, 23.1146244], [72.5898024, 23.1133008], [72.5886641, 23.1134466]]}}, {"type": "Feature", "properties": {"osm_id": 1338209812, "osm_type": "way", "name": "", "landuse": "residential"}, "geometry": {"type": "LineString", "coordinates": [[72.5871426, 23.1136363], [72.5871629, 23.1152815], [72.5875247, 23.1161788], [72.5887769, 23.1153675], [72.5885736, 23.1134306], [72.5871426, 23.1136363]]}}, {"type": "Feature", "properties": {"osm_id": 1355784337, "osm_type": "way", "name": "Magnate Lavish", "landuse": "residential"}, "geometry": {"type": "LineString", "coordinates": [[72.532918, 23.145154], [72.5330795, 23.1446141], [72.5338547, 23.1447919], [72.5337501, 23.1453286], [72.532918, 23.145154]]}}, {"type": "Feature", "properties": {"osm_id": 1368330295, "osm_type": "way", "name": "Tremont Group", "landuse": "residential"}, "geometry": {"type": "LineString", "coordinates": [[72.5523639, 23.1360469], [72.5530966, 23.1359834], [72.5530928, 23.1359463], [72.5530329, 23.135361], [72.5523002, 23.1354245], [72.5523639, 23.1360469]]}}, {"type": "Feature", "properties": {"osm_id": 1368330299, "osm_type": "way", "name": "Ratna Paradise", "landuse": "residential"}, "geometry": {"type": "LineString", "coordinates": [[72.5519565, 23.1365137], [72.5523703, 23.1364782], [72.5522655, 23.1354466], [72.5518517, 23.1354822], [72.5519565, 23.1365137]]}}, {"type": "Feature", "properties": {"osm_id": 1368330303, "osm_type": "way", "name": "Tragad Lake", "natural": "water"}, "geometry": {"type": "LineString", "coordinates": [[72.5532765, 23.1295994], [72.5533422, 23.1296148], [72.5534291, 23.1296148], [72.5534682, 23.1296121], [72.553501, 23.129598], [72.5535216, 23.12958], [72.553538, 23.1295499], [72.5535465, 23.129521], [72.553538, 23.1294957], [72.5535208, 23.1294053], [72.5535064, 23.1292919], [72.5535637, 23.1291625], [72.5536425, 23.1290842], [72.5537959, 23.1290377], [72.5539769, 23.1289782], [72.554051, 23.1289484], [72.5540794, 23.1288969], [72.5541063, 23.1288454], [72.5541126, 23.1288272], [72.5541169, 23.1288068], [72.5541184, 23.1287876], [72.5541163, 23.1287574], [72.5541064, 23.1287179], [72.5541009, 23.1286951], [72.554096, 23.1286832], [72.5540901, 23.1286734], [72.5540778, 23.1286592], [72.5540489, 23.1286362], [72.5540192, 23.1286088], [72.5539993, 23.1285952], [72.5539778, 23.1285847], [72.5539516, 23.1285765], [72.5539287, 23.1285729], [72.5538242, 23.1285777], [72.5537716, 23.1285736], [72.5537567, 23.1286418], [72.5537289, 23.1286922], [72.5536918, 23.128737], [72.5536481, 23.1287739], [72.5535983, 23.1288032], [72.553519, 23.1288336], [72.5533946, 23.1288195], [72.553326, 23.1288047], [72.5532931, 23.1288167], [72.5532383, 23.1288996], [72.5531837, 23.128925], [72.5531242, 23.1289949], [72.5530891, 23.1290475], [72.5530904, 23.1290458], [72.553123, 23.1291489], [72.5531319, 23.1292472], [72.5531475, 23.1293448], [72.5531324, 23.1294651], [72.5531428, 23.1295012], [72.5531574, 23.1295214], [72.5531847, 23.1295487], [72.5532125, 23.1295695], [72.5532437, 23.1295867], [72.5532765, 23.1295994]]}}, {"type": "Feature", "properties": {"osm_id": 1368330315, "osm_type": "way", "name": "Malabar Exotica", "landuse": "residential"}, "geometry": {"type": "LineString", "coordinates": [[72.5516698, 23.1293865], [72.5525629, 23.1290979], [72.5523484, 23.128464], [72.5514498, 23.1287402], [72.5516698, 23.1293865]]}}, {"type": "Feature", "properties": {"osm_id": 1378628240, "osm_type": "way", "name": "", "natural": "water"}, "geometry": {"type": "LineString", "coordinates": [[72.5644034, 23.1622034], [72.5641238, 23.1620667], [72.5633665, 23.1611393], [72.5627329, 23.1594765], [72.5623967, 23.1585426], [72.5624463, 23.1580643], [72.5625108, 23.158049], [72.562556, 23.1580383], [72.5626055, 23.1581034], [72.5626834, 23.1585329], [72.5627754, 23.1585361], [72.562871, 23.1588257], [72.5637133, 23.1609799], [72.5642052, 23.1616307], [72.5644565, 23.1617934], [72.5645627, 23.1620309], [72.5645556, 23.162122], [72.5644034, 23.1622034]]}}, {"type": "Feature", "properties": {"osm_id": 1426329709, "osm_type": "way", "name": "Devbhumi Society", "landuse": "residential"}, "geometry": {"type": "LineString", "coordinates": [[72.5850034, 23.1322984], [72.5846575, 23.1322508], [72.584641, 23.1325257], [72.5846645, 23.132556], [72.5846575, 23.1327529], [72.5839843, 23.1328655], [72.5840197, 23.1337182], [72.584095, 23.1338502], [72.5850599, 23.1335342], [72.5848952, 23.1327789], [72.5850034, 23.1322984]]}}, {"type": "Feature", "properties": {"osm_id": 1466485196, "osm_type": "way", "name": "Kalasagar Heights", "landuse": "residential"}, "geometry": {"type": "LineString", "coordinates": [[72.5576862, 23.0945153], [72.5584852, 23.0944511], [72.5583826, 23.0933434], [72.5578305, 23.0933846], [72.5578834, 23.0939942], [72.5576252, 23.0940264], [72.5576862, 23.0945153]]}}, {"type": "Feature", "properties": {"osm_id": 1482917213, "osm_type": "way", "name": "", "natural": "water"}, "geometry": {"type": "LineString", "coordinates": [[72.6015341, 23.0826049], [72.5989759, 23.0822486], [72.5989008, 23.083433], [72.5989114, 23.0837104], [72.5989296, 23.0839874], [72.5989553, 23.084264], [72.5989887, 23.0845398], [72.5990295, 23.0848148], [72.5990759, 23.0850779], [72.5991291, 23.0853398], [72.5991892, 23.0856006], [72.5992562, 23.0858598], [72.5993299, 23.0861176], [72.5994174, 23.0863711], [72.5995126, 23.0866221], [72.5996155, 23.0868707], [72.599726, 23.0871164], [72.5998441, 23.0873591], [72.5999696, 23.0875987], [72.6001024, 23.0878349], [72.6002542, 23.0880863], [72.6004142, 23.0883332], [72.6005824, 23.0885756], [72.6007587, 23.0888131], [72.6009427, 23.0890455], [72.6011344, 23.0892726], [72.6013336, 23.0894942], [72.6015401, 23.0897101], [72.6017757, 23.089927], [72.6020179, 23.0901377], [72.6022666, 23.090342], [72.6025214, 23.0905397], [72.6027822, 23.0907307], [72.6030489, 23.0909147], [72.6033211, 23.0910918], [72.6036066, 23.0912664], [72.6038975, 23.0914332], [72.6041936, 23.0915921], [72.6044947, 23.0917431], [72.6048004, 23.0918859], [72.6051105, 23.0920204], [72.6054247, 23.0921465], [72.6057428, 23.0922641], [72.6060645, 23.0923731], [72.6063895, 23.0924735], [72.6067599, 23.0925538], [72.6071322, 23.0926268], [72.607506, 23.0926923], [72.6078813, 23.0927504], [72.6082579, 23.092801], [72.6086356, 23.0928441], [72.6090142, 23.0928797], [72.6093936, 23.0929077], [72.6098016, 23.0929294], [72.61021, 23.0929424], [72.6106187, 23.0929467], [72.6110273, 23.0929422], [72.6114358, 23.092929], [72.6118437, 23.0929071], [72.6122511, 23.0928765], [72.6126575, 23.0928372], [72.6130628, 23.0927893], [72.6270747, 23.0917826], [72.6271176, 23.089414], [72.625637, 23.0895127], [72.6229763, 23.0897002], [72.6152086, 23.0902726], [72.6117217, 23.0905292], [72.6113178, 23.0905486], [72.6109135, 23.0905589], [72.610509, 23.0905602], [72.6101046, 23.0905523], [72.6097005, 23.0905354], [72.609297, 23.0905095], [72.6088823, 23.0904733], [72.6084687, 23.0904275], [72.6080564, 23.0903722], [72.6076458, 23.0903074], [72.6072371, 23.0902332], [72.6069755, 23.0901727], [72.6067165, 23.0901034], [72.6064605, 23.0900253], [72.6062077, 23.0899386], [72.6059587, 23.0898433], [72.6057136, 23.0897397], [72.6054678, 23.0896253], [72.605227, 23.0895025], [72.6049913, 23.0893714], [72.6047612, 23.0892322], [72.6045369, 23.0890851], [72.6043188, 23.0889304], [72.604138, 23.0887952], [72.603962, 23.0886546], [72.603791, 23.0885089], [72.6036253, 23.0883581], [72.603465, 23.0882025], [72.6033103, 23.0880421], [72.6031491, 23.0878632], [72.6029948, 23.087679], [72.6028476, 23.0874901], [72.6027078, 23.0872964], [72.6025755, 23.0870984], [72.6024508, 23.0868961], [72.602334, 23.08669], [72.6022141, 23.0864687], [72.6021027, 23.0862435], [72.6020001, 23.0860149], [72.6019064, 23.0857831], [72.6018217, 23.0855484], [72.601746, 23.085311], [72.6016796, 23.0850714], [72.6016222, 23.0848288], [72.6015742, 23.0845844], [72.6015357, 23.0843386], [72.6015067, 23.0840918], [72.6014873, 23.0838441], [72.6014775, 23.083596], [72.6014772, 23.0833477], [72.6014826, 23.0832055], [72.6014866, 23.0830995], [72.6015056, 23.0828518], [72.6015341, 23.0826049]]}}, {"type": "Feature", "properties": {"osm_id": 1482917215, "osm_type": "way", "name": "", "natural": "water"}, "geometry": {"type": "LineString", "coordinates": [[72.6077843, 23.0999047], [72.6092219, 23.0995593], [72.6094472, 23.0994212], [72.6096511, 23.0980001], [72.6095653, 23.0971908], [72.6092434, 23.0968356], [72.6089859, 23.0967467], [72.6084387, 23.0968849], [72.6076126, 23.0992633], [72.6075804, 23.0995988], [72.6077843, 23.0999047]]}}, {"type": "Feature", "properties": {"osm_id": 1488485678, "osm_type": "way", "name": "Green Part Society Part II", "landuse": "residential"}, "geometry": {"type": "LineString", "coordinates": [[72.5616166, 23.1139129], [72.5638056, 23.1081934], [72.5608468, 23.1081934], [72.5616166, 23.1139129]]}}, {"type": "Feature", "properties": {"osm_id": 11384955028, "osm_type": "node", "name": "Shyam Elegance", "landuse": "residential"}, "geometry": {"type": "Point", "coordinates": [72.6597701, 23.1073065]}}, {"type": "Feature", "properties": {"osm_id": 22826379, "osm_type": "way", "name": "", "landuse": "residential"}, "geometry": {"type": "LineString", "coordinates": [[72.65661, 23.06891], [72.6496, 23.0674], [72.6476, 23.0697], [72.6467, 23.0725], [72.6502, 23.07473], [72.65202, 23.07951], [72.655, 23.0835], [72.66025, 23.08007], [72.6633, 23.076], [72.66285, 23.07465], [72.6624045, 23.0742459], [72.6593482, 23.071474], [72.658676, 23.0708105], [72.65661, 23.06891]]}}, {"type": "Feature", "properties": {"osm_id": 29328587, "osm_type": "way", "name": "", "natural": "water"}, "geometry": {"type": "LineString", "coordinates": [[72.6497296, 23.1250768], [72.6502189, 23.1249979], [72.6530819, 23.1253538], [72.6531604, 23.1253646], [72.6532681, 23.1253795], [72.6544943, 23.1255308], [72.656124, 23.125732], [72.6655225, 23.1267976], [72.6663551, 23.126837], [72.6671962, 23.1267976], [72.6679687, 23.1267186], [72.6686811, 23.1265844], [72.6696424, 23.1262845], [72.682517, 23.1208774], [72.6950483, 23.1156202], [72.69554, 23.1154163], [72.6967048, 23.1149334], [72.6977176, 23.1146413], [72.6985759, 23.1144518], [72.6994685, 23.1143413], [72.7002668, 23.1142861], [72.7010392, 23.1143413], [72.7052813, 23.114597], [72.7121715, 23.1150123], [72.7174243, 23.1153123], [72.718377, 23.1153518], [72.7261008, 23.115107], [72.727201, 23.1149491], [72.728262, 23.1146931], [72.7308655, 23.1139668], [72.7311792, 23.1139444], [72.7312913, 23.1143091], [72.7314029, 23.1146721], [72.7311578, 23.1147907], [72.7283935, 23.1155343], [72.7275673, 23.115739], [72.7264232, 23.1159176], [72.723712, 23.1160118], [72.7183727, 23.1161535], [72.7170639, 23.1160983], [72.7011422, 23.1151623], [72.7001123, 23.1151386], [72.6990823, 23.1152176], [72.6979236, 23.1154544], [72.6968936, 23.1157701], [72.6868085, 23.1199697], [72.6711187, 23.1265608], [72.6702003, 23.1269396], [72.6690416, 23.1272869], [72.6678657, 23.1275632], [72.6667499, 23.1276658], [72.6655482, 23.1276421], [72.6583985, 23.1267976], [72.6500558, 23.1257714], [72.6496438, 23.1256293], [72.6496861, 23.1253571], [72.6497296, 23.1250768]]}}, {"type": "Feature", "properties": {"osm_id": 29329273, "osm_type": "way", "name": "", "natural": "water"}, "geometry": {"type": "LineString", "coordinates": [[72.6388806, 23.1236797], [72.6379537, 23.1236086], [72.6369924, 23.1235691], [72.6360568, 23.1236481], [72.6352929, 23.1237744], [72.6342372, 23.1240112], [72.6333532, 23.1243269], [72.6325034, 23.1246821], [72.6264438, 23.1273895], [72.6211738, 23.1297338], [72.6159124, 23.132086], [72.6073293, 23.1359061], [72.6022395, 23.1381871], [72.5981969, 23.1400656], [72.5922317, 23.1428832], [72.5862922, 23.1456691], [72.581417, 23.1479815], [72.5803012, 23.1485655], [72.5796489, 23.1489444], [72.5790567, 23.1493784], [72.5785073, 23.1498441], [72.5764302, 23.1517302], [72.5712718, 23.1564258], [72.5636501, 23.1632992], [72.5594529, 23.1670948], [72.5583285, 23.168089], [72.5523891, 23.1728235], [72.5507862, 23.1741155], [72.5493592, 23.1752695], [72.5485696, 23.1757666], [72.5478486, 23.1761059], [72.5471276, 23.1764136], [72.5463809, 23.1766582], [72.5454969, 23.1768634], [72.5448531, 23.1769739], [72.5440034, 23.1770054], [72.5431966, 23.1769896], [72.5422525, 23.176895], [72.5372914, 23.1762178], [72.5307082, 23.175309], [72.5223346, 23.1741241], [72.5219535, 23.1740702], [72.513894, 23.1729339], [72.5103749, 23.1723974], [72.5050234, 23.1715086], [72.504341, 23.1713953], [72.5039132, 23.1714754], [72.5038837, 23.171679], [72.5038175, 23.1719713], [72.5041694, 23.1721685], [72.5064696, 23.1725631], [72.5129241, 23.1736283], [72.5159883, 23.1740465], [72.5215415, 23.1748119], [72.5263137, 23.1754747], [72.5339183, 23.1765557], [72.5412654, 23.1775656], [72.5424585, 23.1777313], [72.5433511, 23.1778023], [72.5443124, 23.1777866], [72.5452308, 23.177684], [72.5461492, 23.1775183], [72.5469817, 23.1772895], [72.5479259, 23.1769423], [72.5486039, 23.1766188], [72.5492305, 23.1762795], [72.5498056, 23.175885], [72.5514844, 23.1745771], [72.5567063, 23.1704089], [72.5577277, 23.1696041], [72.5585174, 23.1689491], [72.5591611, 23.1684441], [72.5598306, 23.1678681], [72.5645599, 23.1635911], [72.5689372, 23.1596139], [72.5734605, 23.1555025], [72.5784387, 23.1510042], [72.5795373, 23.1500335], [72.580078, 23.1496073], [72.5807904, 23.1491653], [72.5840434, 23.1475948], [72.5899142, 23.1448326], [72.5943603, 23.1427332], [72.6008147, 23.1396473], [72.6057243, 23.1374531], [72.6107453, 23.1352589], [72.6208476, 23.130752], [72.6324691, 23.1255504], [72.6336793, 23.1250373], [72.6348123, 23.1246742], [72.6357221, 23.1244848], [72.6367349, 23.1243901], [72.6377563, 23.1243743], [72.6388549, 23.1244848], [72.6440047, 23.1250926], [72.644597, 23.1250452], [72.6446433, 23.124718], [72.6446571, 23.1244927], [72.6440906, 23.1243032], [72.6388806, 23.1236797]]}}, {"type": "Feature", "properties": {"osm_id": 29349715, "osm_type": "way", "name": "", "natural": "water"}, "geometry": {"type": "LineString", "coordinates": [[72.6471781, 23.1100727], [72.6472084, 23.1110601], [72.6471226, 23.1134205], [72.6468394, 23.1183779], [72.6462557, 23.1231062], [72.6457064, 23.1263662], [72.6449425, 23.1288052], [72.6445353, 23.1305265], [72.6443245, 23.1314178], [72.644007, 23.1340383], [72.6440327, 23.1360983], [72.6445305, 23.1376848], [72.6451828, 23.1390502], [72.6462042, 23.1400841], [72.6476719, 23.1412128], [72.6499121, 23.1424755], [72.6526939, 23.1438069], [72.6546514, 23.1445635], [72.6582825, 23.1446928], [72.6610162, 23.1446622], [72.665215, 23.1448368], [72.6681144, 23.1454603], [72.6706727, 23.1464291], [72.6719977, 23.1471867], [72.6731854, 23.1487784], [72.673437, 23.1501151], [72.6737219, 23.151363], [72.6738109, 23.1530228], [72.6738331, 23.1552764], [72.6725886, 23.1576044], [72.6713526, 23.1596325], [72.6699879, 23.1611319], [72.6684937, 23.1624674], [72.6666062, 23.1639648], [72.6652149, 23.1650467], [72.6636021, 23.1667503], [72.6624262, 23.1675947], [72.6609156, 23.1693149], [72.6591698, 23.1718877], [72.6579974, 23.1743728], [72.6569331, 23.1766137], [72.6562807, 23.1787835], [72.6560919, 23.1806298], [72.6558859, 23.1831862], [72.6560232, 23.1846616], [72.6561699, 23.1857544], [72.6563837, 23.1869023], [72.6570017, 23.188788], [72.6606836, 23.1876714], [72.6602255, 23.1862687], [72.6596902, 23.1840408], [72.6599257, 23.1813577], [72.6598935, 23.178744], [72.6602963, 23.1764139], [72.6615795, 23.173927], [72.6634538, 23.1718251], [72.6652863, 23.1700009], [72.6671445, 23.1684336], [72.6692426, 23.1664317], [72.6715042, 23.1641438], [72.6739354, 23.1620349], [72.6753762, 23.16032], [72.6769496, 23.1584414], [72.6778414, 23.1565627], [72.6788027, 23.1546056], [72.6789229, 23.1529957], [72.6784508, 23.150786], [72.6781075, 23.149105], [72.6774981, 23.1457666], [72.6767514, 23.1441014], [72.6754897, 23.1420336], [72.6747687, 23.1411338], [72.6734297, 23.1402972], [72.6715586, 23.1396737], [72.6700652, 23.1395869], [72.6684687, 23.1398237], [72.6669752, 23.140534], [72.6653445, 23.1414258], [72.6629755, 23.1419783], [72.6611817, 23.1421993], [72.6593792, 23.1420415], [72.6566927, 23.1415048], [72.6543667, 23.1409207], [72.6523669, 23.1399342], [72.6506846, 23.138845], [72.6498536, 23.1383118], [72.649277, 23.1378426], [72.6478264, 23.1364298], [72.6470969, 23.1352617], [72.6465475, 23.1339752], [72.6462729, 23.132144], [72.6464274, 23.1303838], [72.646908, 23.1284658], [72.6480067, 23.1267372], [72.6486075, 23.123343], [72.6498005, 23.1205092], [72.6501455, 23.1199486], [72.6503181, 23.1196681], [72.650531, 23.1193222], [72.6506846, 23.1190726], [72.6510193, 23.1164676], [72.651088, 23.1150388], [72.6511738, 23.1135231], [72.6512081, 23.1124022], [72.6510537, 23.1110128], [72.6510978, 23.1100889], [72.6471781, 23.1100727]]}}, {"type": "Feature", "properties": {"osm_id": 29349768, "osm_type": "way", "name": "", "natural": "water"}, "geometry": {"type": "LineString", "coordinates": [[72.650531, 23.1193222], [72.6515944, 23.1196962], [72.6523497, 23.1201935], [72.6529848, 23.1208013], [72.6534226, 23.1214643], [72.653723, 23.1222695], [72.6538174, 23.1230036], [72.6538174, 23.1235877], [72.6536972, 23.1238719], [72.6535685, 23.124235], [72.6532681, 23.1253795], [72.6530819, 23.1253538], [72.6531222, 23.1241876], [72.6531565, 23.1238324], [72.6530964, 23.123564], [72.6531222, 23.1230431], [72.6530535, 23.1224984], [72.6528389, 23.1219064], [72.6524184, 23.1213459], [72.652015, 23.120896], [72.651294, 23.1203908], [72.6501455, 23.1199486], [72.6503181, 23.1196681], [72.650531, 23.1193222]]}}, {"type": "Feature", "properties": {"osm_id": 29349855, "osm_type": "way", "name": "", "natural": "water"}, "geometry": {"type": "LineString", "coordinates": [[72.6613365, 23.1921336], [72.6615961, 23.1926788], [72.6622712, 23.1940961], [72.6631696, 23.195128], [72.663299, 23.1952764], [72.6638835, 23.1959467], [72.6649341, 23.197773], [72.66539, 23.1985398], [72.665744, 23.1992475], [72.6658665, 23.1992393], [72.6660078, 23.1994421], [72.6669581, 23.2012925], [72.6683743, 23.2027756], [72.6697733, 23.2041009], [72.671447, 23.2056787], [72.6735159, 23.2073074], [72.6737489, 23.2074665], [72.6748057, 23.2081744], [72.6774037, 23.2099148], [72.6797211, 23.2115556], [72.6816523, 23.2132595], [72.6831887, 23.2147661], [72.6850426, 23.2164621], [72.6861842, 23.2179056], [72.6870682, 23.2195462], [72.6880123, 23.221739], [72.6886303, 23.2236794], [72.6888878, 23.2251702], [72.6888363, 23.2264558], [72.6886561, 23.2287353], [72.6885273, 23.2305336], [72.6883814, 23.2322766], [72.6880897, 23.233549], [72.6878407, 23.2346348], [72.687566, 23.2364094], [72.6870081, 23.2384679], [72.6862528, 23.2411493], [72.6858374, 23.2430007], [72.6851667, 23.2449641], [72.6849775, 23.2453743], [72.6848681, 23.2456115], [72.6844196, 23.2468857], [72.683532, 23.2486571], [72.6833517, 23.2509441], [72.6824763, 23.2556598], [72.6823441, 23.2576299], [72.6823218, 23.2579624], [72.6826136, 23.259437], [72.6832831, 23.2605094], [72.684253, 23.2618421], [72.6851027, 23.262875], [72.686373, 23.2639396], [72.6878922, 23.2648779], [72.6905529, 23.266108], [72.6934626, 23.2671646], [72.6954024, 23.2680398], [72.696398, 23.2688993], [72.6977455, 23.2703501], [72.699136, 23.2719822], [72.7003891, 23.2738194], [72.7011959, 23.2751598], [72.6974022, 23.2750809], [72.696398, 23.2732438], [72.6954453, 23.2718403], [72.6939776, 23.2703028], [72.6923725, 23.2690649], [72.6902439, 23.267819], [72.6885702, 23.2670463], [72.6855318, 23.2660922], [72.6837723, 23.2653825], [72.6819956, 23.264665], [72.680897, 23.2635453], [72.6800473, 23.2615897], [72.679558, 23.260194], [72.6794293, 23.2582778], [72.679558, 23.2564405], [72.6794533, 23.2553665], [72.680485, 23.2526632], [72.6811974, 23.2508968], [72.6811614, 23.2488527], [72.6814224, 23.2481618], [72.6814549, 23.2473717], [72.6820587, 23.2453602], [72.6820177, 23.2440525], [72.6824931, 23.2425289], [72.6834396, 23.2387632], [72.6839036, 23.2367173], [72.6844628, 23.2337306], [72.6851626, 23.2314061], [72.6854662, 23.2266574], [72.6851926, 23.2249242], [72.6838724, 23.2218051], [72.6830348, 23.2203869], [72.6822227, 23.2192269], [72.6811353, 23.2172209], [72.6800573, 23.2158253], [72.6779091, 23.2139871], [72.6761825, 23.2125902], [72.674003, 23.2109235], [72.6718207, 23.2097526], [72.6698986, 23.2084737], [72.6675469, 23.2068674], [72.6657375, 23.2052778], [72.664512, 23.2043547], [72.6624811, 23.2024179], [72.6618892, 23.2012525], [72.661813, 23.2009792], [72.6619172, 23.200936], [72.659817, 23.1956913], [72.6590273, 23.1943027], [72.6579459, 23.1914862], [72.6570017, 23.188788], [72.6606836, 23.1876714], [72.6607515, 23.1888486], [72.6608173, 23.1900159], [72.6613365, 23.1921336]]}}, {"type": "Feature", "properties": {"osm_id": 62531507, "osm_type": "way", "name": "Sector 1", "landuse": "residential"}, "geometry": {"type": "LineString", "coordinates": [[72.640516, 23.1961985], [72.6403654, 23.1961895], [72.6401999, 23.1961985], [72.6400517, 23.1962939], [72.63999, 23.1964119], [72.6399159, 23.1966594], [72.6401628, 23.1980986], [72.6403478, 23.1987417], [72.6404567, 23.1991201], [72.6409803, 23.2007046], [72.6414224, 23.2017329], [72.6418003, 23.2023458], [72.6429536, 23.2041686], [72.6430277, 23.2041958], [72.6431537, 23.2042026], [72.6433414, 23.2041436], [72.6516948, 23.1997086], [72.6516701, 23.1996519], [72.6488361, 23.1984743], [72.6468973, 23.1978245], [72.6446653, 23.1971718], [72.6426988, 23.1966639], [72.640516, 23.1961985]]}}, {"type": "Feature", "properties": {"osm_id": 62531513, "osm_type": "way", "name": "Sector 2", "landuse": "residential"}, "geometry": {"type": "LineString", "coordinates": [[72.6322657, 23.1974768], [72.6319893, 23.1975416], [72.6318477, 23.1976034], [72.6316424, 23.1978181], [72.6316095, 23.1984044], [72.6316811, 23.1991308], [72.6317824, 23.1997982], [72.6322244, 23.201394], [72.6325924, 23.2023588], [72.6330444, 23.203344], [72.6336026, 23.2042588], [72.6357833, 23.2077454], [72.6358871, 23.2078498], [72.6359957, 23.207902], [72.6361242, 23.2079065], [72.6362872, 23.2078838], [72.6364749, 23.2077908], [72.6425158, 23.2045811], [72.6426714, 23.2044313], [72.642664, 23.2043405], [72.6425998, 23.2041929], [72.6410982, 23.2018866], [72.6408537, 23.2013486], [72.6403474, 23.1999049], [72.639888, 23.1983817], [72.6395014, 23.1968332], [72.6393022, 23.1966277], [72.639164, 23.1965343], [72.639038, 23.1964782], [72.6389201, 23.1964296], [72.638729, 23.1963998], [72.6384973, 23.1964184], [72.6340589, 23.1973031], [72.6331269, 23.197426], [72.6322657, 23.1974768]]}}, {"type": "Feature", "properties": {"osm_id": 62531515, "osm_type": "way", "name": "Sector 3", "landuse": "residential"}, "geometry": {"type": "LineString", "coordinates": [[72.631299, 23.1984927], [72.631168, 23.1977873], [72.631058, 23.1976493], [72.6308756, 23.1975408], [72.6290383, 23.1975531], [72.6272251, 23.1974323], [72.6253315, 23.1971562], [72.6243256, 23.1969836], [72.624075, 23.1970058], [72.6239793, 23.1975989], [72.6239917, 23.1985296], [72.6239731, 23.2014891], [72.6239762, 23.2021304], [72.6242325, 23.2033704], [72.6244455, 23.2041252], [72.6248283, 23.2047352], [72.6290792, 23.2115417], [72.6292143, 23.2115771], [72.6294362, 23.2115505], [72.6354272, 23.2083364], [72.635515, 23.2082459], [72.6355613, 23.2081466], [72.6355575, 23.2079977], [72.63292, 23.2038111], [72.6323122, 23.2026008], [72.631825, 23.2013417], [72.6314729, 23.2000382], [72.631299, 23.1984927]]}}, {"type": "Feature", "properties": {"osm_id": 62553550, "osm_type": "way", "name": "Sector 8", "landuse": "residential"}, "geometry": {"type": "LineString", "coordinates": [[72.647944, 23.2121617], [72.64805, 23.2122566], [72.6481804, 23.2122965], [72.6483325, 23.2123065], [72.6485281, 23.2122491], [72.6545895, 23.2089281], [72.654946, 23.2085547], [72.6584476, 23.2036673], [72.6584286, 23.2035724], [72.6549318, 23.2014382], [72.6518721, 23.199812], [72.6432806, 23.2043534], [72.6432466, 23.2044377], [72.6432364, 23.2045625], [72.6432908, 23.2047279], [72.647944, 23.2121617]]}}, {"type": "Feature", "properties": {"osm_id": 239876591, "osm_type": "way", "name": "Urjanagar-1 Society", "landuse": "residential"}, "geometry": {"type": "LineString", "coordinates": [[72.6415882, 23.1744658], [72.6415905, 23.1737924], [72.6405543, 23.173783], [72.640553, 23.1735105], [72.640412, 23.1735195], [72.6403633, 23.1731758], [72.6406628, 23.1731857], [72.64066, 23.1730873], [72.6414644, 23.1730894], [72.6423232, 23.1730876], [72.6430064, 23.1730865], [72.6430248, 23.1733157], [72.6434414, 23.1733198], [72.6434284, 23.1734612], [72.6435686, 23.1734645], [72.6435547, 23.173867], [72.6438069, 23.1738746], [72.6438504, 23.1745302], [72.6431191, 23.1745098], [72.6429668, 23.1745088], [72.6424875, 23.1745009], [72.6424892, 23.1743337], [72.6423522, 23.1743339], [72.6423515, 23.1744992], [72.6415882, 23.1744658]]}}, {"type": "Feature", "properties": {"osm_id": 244342863, "osm_type": "way", "name": "Indroda Nature Park", "landuse": "forest"}, "geometry": {"type": "LineString", "coordinates": [[72.6426251, 23.1963391], [72.6449867, 23.1969211], [72.6502806, 23.1986702], [72.6535544, 23.2001456], [72.6550061, 23.1992059], [72.6539392, 23.1959248], [72.6581478, 23.1947484], [72.6584286, 23.1946792], [72.6572193, 23.1916222], [72.6579459, 23.1914862], [72.6570017, 23.188788], [72.6563837, 23.1869023], [72.6561699, 23.1857544], [72.6532888, 23.1854618], [72.6479271, 23.1863524], [72.6476518, 23.1913631], [72.643001, 23.1908916], [72.6426251, 23.1963391]]}}, {"type": "Feature", "properties": {"osm_id": 310366539, "osm_type": "way", "name": "", "natural": "water"}, "geometry": {"type": "LineString", "coordinates": [[72.6359272, 23.1946648], [72.6361516, 23.1946353], [72.6361429, 23.1945282], [72.6359272, 23.1945496], [72.6359272, 23.1946648]]}}, {"type": "Feature", "properties": {"osm_id": 316612687, "osm_type": "way", "name": "", "natural": "water"}, "geometry": {"type": "LineString", "coordinates": [[72.6800953, 23.0918184], [72.6813858, 23.0916593], [72.6813056, 23.0911088], [72.6800151, 23.0912679], [72.6800953, 23.0918184]]}}, {"type": "Feature", "properties": {"osm_id": 316612703, "osm_type": "way", "name": "", "landuse": "residential"}, "geometry": {"type": "LineString", "coordinates": [[72.6847911, 23.110094], [72.6856759, 23.1099453], [72.6865405, 23.109492], [72.6867182, 23.1092319], [72.6866495, 23.1088343], [72.6863425, 23.1086596], [72.6868556, 23.1083029], [72.6863142, 23.1075968], [72.6851102, 23.1077232], [72.6848597, 23.1069391], [72.6843103, 23.1070432], [72.684383, 23.1073107], [72.6846012, 23.107281], [72.6847466, 23.1082323], [72.6848113, 23.1089383], [72.6844679, 23.1090275], [72.6845689, 23.1097595], [72.6847911, 23.110094]]}}, {"type": "Feature", "properties": {"osm_id": 321003782, "osm_type": "way", "name": "Naroda GIDC", "landuse": "industrial"}, "geometry": {"type": "LineString", "coordinates": [[72.6593797, 23.0814002], [72.6635718, 23.0778782], [72.6657348, 23.0791461], [72.6672853, 23.0805197], [72.6689507, 23.0812241], [72.6690856, 23.0814], [72.671152, 23.0840944], [72.6728747, 23.0865949], [72.6736978, 23.0871407], [72.6756312, 23.0896412], [72.6794213, 23.0902927], [72.6795553, 23.0914196], [72.6763394, 23.0943073], [72.6833645, 23.1001354], [72.6791533, 23.1048716], [72.6560682, 23.0833372], [72.656853, 23.0826328], [72.6571401, 23.0829146], [72.6593797, 23.0814002]]}}, {"type": "Feature", "properties": {"osm_id": 321003785, "osm_type": "way", "name": "", "landuse": "industrial"}, "geometry": {"type": "LineString", "coordinates": [[72.6629975, 23.0905392], [72.6629593, 23.0908914], [72.663457, 23.0914724], [72.6694675, 23.1023891], [72.6790576, 23.1053822], [72.6629975, 23.0905392]]}}, {"type": "Feature", "properties": {"osm_id": 321003786, "osm_type": "way", "name": "", "landuse": "industrial"}, "geometry": {"type": "LineString", "coordinates": [[72.660222, 23.093515], [72.6636101, 23.0932508], [72.6648543, 23.0949412], [72.6616385, 23.0954166], [72.6603177, 23.0946771], [72.660222, 23.093515]]}}, {"type": "Feature", "properties": {"osm_id": 325162795, "osm_type": "way", "name": "Indroda", "landuse": "residential"}, "geometry": {"type": "LineString", "coordinates": [[72.6539392, 23.1959248], [72.6581478, 23.1947484], [72.658984, 23.1968257], [72.6586889, 23.1971998], [72.6583124, 23.197312], [72.6578239, 23.1973495], [72.6575187, 23.1975178], [72.657478, 23.1978171], [72.6575797, 23.1979668], [72.6578067, 23.1980217], [72.6579589, 23.1982661], [72.657804, 23.1988492], [72.6575797, 23.1990008], [72.6571704, 23.1993388], [72.6566435, 23.1998842], [72.656379, 23.2002302], [72.6562174, 23.2002578], [72.6552435, 23.2002778], [72.6550061, 23.1992059], [72.6539392, 23.1959248]]}}, {"type": "Feature", "properties": {"osm_id": 327226542, "osm_type": "way", "name": "Bhat GIDC", "landuse": "industrial"}, "geometry": {"type": "LineString", "coordinates": [[72.6173347, 23.0942562], [72.618247, 23.0942331], [72.6201445, 23.0940733], [72.6216154, 23.095196], [72.6220077, 23.0949331], [72.6223008, 23.0949605], [72.6234383, 23.0950586], [72.6245364, 23.0953678], [72.6251036, 23.0956651], [72.6252112, 23.0956719], [72.6253209, 23.0956905], [72.6254132, 23.0957178], [72.6254674, 23.0957938], [72.6255301, 23.0958727], [72.6256161, 23.0959263], [72.6259879, 23.0959903], [72.626145, 23.0960065], [72.6264477, 23.0961008], [72.6265629, 23.0961413], [72.6268885, 23.096403], [72.629247, 23.0967249], [72.6292389, 23.0969162], [72.6290903, 23.1004177], [72.6200663, 23.0975345], [72.6194901, 23.0970872], [72.6191071, 23.0968009], [72.6183147, 23.096422], [72.6173024, 23.0963881], [72.6170553, 23.096329], [72.6170049, 23.0962363], [72.6170031, 23.0961235], [72.6169639, 23.09593], [72.617021, 23.0956259], [72.6173347, 23.0942562]]}}, {"type": "Feature", "properties": {"osm_id": 338752478, "osm_type": "way", "name": "Aranya Udhyan", "landuse": "forest"}, "geometry": {"type": "LineString", "coordinates": [[72.6632846, 23.1876342], [72.6662976, 23.1873014], [72.6721884, 23.1865466], [72.6751857, 23.1863597], [72.6758078, 23.1876402], [72.6765078, 23.1889], [72.6779835, 23.1913481], [72.679009, 23.1924744], [72.6801666, 23.1937733], [72.6805745, 23.194464], [72.6837425, 23.1999221], [72.6767759, 23.2031492], [72.6744463, 23.2029322], [72.6740835, 23.2027648], [72.6736593, 23.2026092], [72.6734575, 23.2025246], [72.6734297, 23.2021231], [72.6732825, 23.2017274], [72.6732092, 23.201701], [72.6726513, 23.2015432], [72.6724271, 23.2012977], [72.6721696, 23.2002263], [72.6709108, 23.2003603], [72.6700035, 23.1977621], [72.6694026, 23.197841], [72.6691934, 23.1970175], [72.6700517, 23.1968745], [72.6700464, 23.1967069], [72.6691076, 23.1967414], [72.6688611, 23.1957284], [72.668348, 23.1936531], [72.6636341, 23.1951687], [72.663299, 23.1952764], [72.6622712, 23.1940961], [72.6615961, 23.1926788], [72.6613365, 23.1921336], [72.6608173, 23.1900159], [72.6607515, 23.1888486], [72.6606836, 23.1876714], [72.6616045, 23.1877241], [72.6632846, 23.1876342]]}}, {"type": "Feature", "properties": {"osm_id": 338847130, "osm_type": "way", "name": "Infocity", "landuse": "commercial"}, "geometry": {"type": "LineString", "coordinates": [[72.6386365, 23.192473], [72.6345794, 23.1929386], [72.6345555, 23.1927846], [72.6342136, 23.1905776], [72.6340573, 23.189693], [72.6304083, 23.1900488], [72.631105, 23.193685], [72.6316015, 23.1969197], [72.6373787, 23.1961156], [72.6372364, 23.1940181], [72.6388209, 23.1938657], [72.6386365, 23.192473]]}}, {"type": "Feature", "properties": {"osm_id": 338847132, "osm_type": "way", "name": "Dholakuva", "landuse": "residential"}, "geometry": {"type": "LineString", "coordinates": [[72.6476518, 23.1913631], [72.6479271, 23.1863524], [72.6417934, 23.1861937], [72.6421126, 23.1895334], [72.6425527, 23.1897173], [72.6423927, 23.1900023], [72.6427228, 23.1905356], [72.6427244, 23.190791], [72.6476518, 23.1913631]]}}, {"type": "Feature", "properties": {"osm_id": 339734571, "osm_type": "way", "name": "", "landuse": "residential"}, "geometry": {"type": "LineString", "coordinates": [[72.6258087, 23.1850174], [72.6263237, 23.1836683], [72.6264468, 23.1829627], [72.6255996, 23.1827603], [72.6262138, 23.1808163], [72.6266852, 23.1809803], [72.6268293, 23.1810739], [72.6266149, 23.1817771], [72.6263874, 23.1817285], [72.6262701, 23.1821987], [72.6266964, 23.1823037], [72.6266059, 23.1826169], [72.6267487, 23.1826544], [72.6266588, 23.1829523], [72.6280167, 23.1830083], [72.6283843, 23.183016], [72.6285149, 23.1836661], [72.6288439, 23.1846289], [72.6288897, 23.1850646], [72.6258087, 23.1850174]]}}, {"type": "Feature", "properties": {"osm_id": 339747646, "osm_type": "way", "name": "Tata Consultancy Services", "landuse": "commercial"}, "geometry": {"type": "LineString", "coordinates": [[72.6259521, 23.1940022], [72.630607, 23.1933297], [72.6304304, 23.1919685], [72.6280913, 23.1922223], [72.6278949, 23.190927], [72.6267884, 23.1910845], [72.6260966, 23.191183], [72.6259521, 23.1940022]]}}, {"type": "Feature", "properties": {"osm_id": 340401815, "osm_type": "way", "name": "Lotus Pond", "natural": "water"}, "geometry": {"type": "LineString", "coordinates": [[72.6288326, 23.1886125], [72.628848, 23.1886287], [72.628868, 23.1886393], [72.6288907, 23.1886433], [72.6289135, 23.1886405], [72.6289341, 23.188631], [72.6289503, 23.1886159], [72.6289604, 23.1885969], [72.6289632, 23.1885758], [72.6289585, 23.1885551], [72.6289468, 23.1885368], [72.6289293, 23.188523], [72.6289076, 23.1885151], [72.6288842, 23.1885141], [72.6288617, 23.1885202], [72.6288426, 23.1885328], [72.6288291, 23.1885503], [72.6288226, 23.188571], [72.6288238, 23.1885926], [72.6288326, 23.1886125]]}}, {"type": "Feature", "properties": {"osm_id": 369650301, "osm_type": "way", "name": "", "natural": "grassland", "building": "yes"}, "geometry": {"type": "LineString", "coordinates": [[72.6218508, 23.1236673], [72.62206, 23.1236647], [72.6220566, 23.1234396], [72.6218475, 23.1234422], [72.6218508, 23.1236673]]}}, {"type": "Feature", "properties": {"osm_id": 369657125, "osm_type": "way", "name": "", "natural": "grassland", "building": "yes"}, "geometry": {"type": "LineString", "coordinates": [[72.623576, 23.118868], [72.6237334, 23.1188624], [72.6236893, 23.1187305], [72.6235808, 23.1187274], [72.623576, 23.118868]]}}, {"type": "Feature", "properties": {"osm_id": 369657126, "osm_type": "way", "name": "", "natural": "grassland", "building": "yes"}, "geometry": {"type": "LineString", "coordinates": [[72.6225535, 23.1195447], [72.6225488, 23.1196742], [72.6227864, 23.1196815], [72.6227911, 23.1195519], [72.6225535, 23.1195447]]}}, {"type": "Feature", "properties": {"osm_id": 369657127, "osm_type": "way", "name": "", "natural": "grassland", "building": "yes"}, "geometry": {"type": "LineString", "coordinates": [[72.6230347, 23.1188347], [72.6235097, 23.1188482], [72.6235131, 23.1187464], [72.6230381, 23.1187328], [72.6230347, 23.1188347]]}}, {"type": "Feature", "properties": {"osm_id": 369657128, "osm_type": "way", "name": "", "natural": "grassland", "building": "yes"}, "geometry": {"type": "LineString", "coordinates": [[72.6248189, 23.1200252], [72.6252974, 23.1199352], [72.6252424, 23.1196882], [72.6247639, 23.1197783], [72.6248189, 23.1200252]]}}, {"type": "Feature", "properties": {"osm_id": 369657129, "osm_type": "way", "name": "", "natural": "grassland", "building": "yes"}, "geometry": {"type": "LineString", "coordinates": [[72.6236795, 23.1203088], [72.6237851, 23.1203118], [72.6237896, 23.1201797], [72.6236839, 23.1201767], [72.6236795, 23.1203088]]}}, {"type": "Feature", "properties": {"osm_id": 369657130, "osm_type": "way", "name": "", "natural": "grassland", "building": "yes"}, "geometry": {"type": "LineString", "coordinates": [[72.6260496, 23.1207601], [72.6262052, 23.1207449], [72.6263009, 23.1203048], [72.6259717, 23.1203589], [72.6260496, 23.1207601]]}}, {"type": "Feature", "properties": {"osm_id": 369657131, "osm_type": "way", "name": "", "natural": "grassland", "building": "yes"}, "geometry": {"type": "LineString", "coordinates": [[72.6246972, 23.1206183], [72.6248212, 23.1205381], [72.6247755, 23.1203355], [72.6246326, 23.1203665], [72.6246972, 23.1206183]]}}, {"type": "Feature", "properties": {"osm_id": 369677549, "osm_type": "way", "name": "", "natural": "water"}, "geometry": {"type": "LineString", "coordinates": [[72.624571, 23.1259692], [72.6250009, 23.1259951], [72.6252346, 23.1256308], [72.625382, 23.1255114], [72.6252616, 23.1244719], [72.6243781, 23.1244835], [72.6244133, 23.125596], [72.6242242, 23.1258416], [72.6243043, 23.1258846], [72.6245246, 23.1258171], [72.624571, 23.1259692]]}}, {"type": "Feature", "properties": {"osm_id": 386478182, "osm_type": "way", "name": "", "landuse": "commercial"}, "geometry": {"type": "LineString", "coordinates": [[72.6795749, 23.1644851], [72.6810502, 23.1641356], [72.6811218, 23.164148], [72.681179, 23.1641802], [72.6814365, 23.1651176], [72.6815548, 23.1655326], [72.6815248, 23.1656112], [72.6814771, 23.1656457], [72.6810564, 23.1657723], [72.6806062, 23.1659009], [72.6804719, 23.1659166], [72.6802485, 23.1659149], [72.6798623, 23.1658762], [72.679822, 23.1658496], [72.6798017, 23.1658178], [72.6794916, 23.1645876], [72.679515, 23.1645296], [72.6795749, 23.1644851]]}}, {"type": "Feature", "properties": {"osm_id": 398297846, "osm_type": "way", "name": "", "landuse": "residential"}, "geometry": {"type": "LineString", "coordinates": [[72.6319823, 23.1960125], [72.6318816, 23.1948853], [72.6326506, 23.1948272], [72.6327514, 23.1959544], [72.6319823, 23.1960125]]}}, {"type": "Feature", "properties": {"osm_id": 399910011, "osm_type": "way", "name": "", "landuse": "residential"}, "geometry": {"type": "LineString", "coordinates": [[72.6329624, 23.1958715], [72.6346433, 23.1957211], [72.6344893, 23.1942666], [72.6328084, 23.194417], [72.6329624, 23.1958715]]}}, {"type": "Feature", "properties": {"osm_id": 400959230, "osm_type": "way", "name": "", "landuse": "residential"}, "geometry": {"type": "LineString", "coordinates": [[72.6306898, 23.183992], [72.6315152, 23.1843053], [72.631555, 23.1841807], [72.6313789, 23.1841244], [72.6315327, 23.1835139], [72.6317307, 23.1835506], [72.6317939, 23.1833082], [72.6316019, 23.1832626], [72.6316355, 23.1831032], [72.6307722, 23.183014], [72.6306898, 23.183992]]}}, {"type": "Feature", "properties": {"osm_id": 400959231, "osm_type": "way", "name": "", "landuse": "residential"}, "geometry": {"type": "LineString", "coordinates": [[72.6293905, 23.1828831], [72.6307264, 23.1829918], [72.6308004, 23.1822854], [72.6302233, 23.1822496], [72.6302579, 23.1819133], [72.6304289, 23.1819265], [72.630445, 23.1817264], [72.6293003, 23.1816181], [72.6293905, 23.1828831]]}}, {"type": "Feature", "properties": {"osm_id": 400959232, "osm_type": "way", "name": "", "landuse": "residential"}, "geometry": {"type": "LineString", "coordinates": [[72.6309195, 23.1817601], [72.6307591, 23.1829766], [72.6316239, 23.183073], [72.6316547, 23.1828393], [72.6318986, 23.1828665], [72.6319763, 23.1822783], [72.6317322, 23.1822511], [72.6317843, 23.1818565], [72.6309195, 23.1817601]]}}, {"type": "Feature", "properties": {"osm_id": 400959233, "osm_type": "way", "name": "", "landuse": "residential"}, "geometry": {"type": "LineString", "coordinates": [[72.6326067, 23.1846144], [72.6327649, 23.1846584], [72.6329376, 23.1840347], [72.6333112, 23.1841266], [72.6331597, 23.1847984], [72.6342488, 23.1852092], [72.634676, 23.1852301], [72.634851, 23.1834725], [72.6342198, 23.1834031], [72.6340493, 23.1845657], [72.633573, 23.1844312], [72.6336276, 23.1841823], [72.6329523, 23.1839914], [72.6331462, 23.1832623], [72.6329728, 23.1832231], [72.6326067, 23.1846144]]}}, {"type": "Feature", "properties": {"osm_id": 400959234, "osm_type": "way", "name": "", "landuse": "residential"}, "geometry": {"type": "LineString", "coordinates": [[72.6316155, 23.1843496], [72.6321943, 23.1844994], [72.6322393, 23.1843558], [72.6325665, 23.1844248], [72.6329259, 23.1830786], [72.6333055, 23.1831119], [72.6334285, 23.1819575], [72.6321843, 23.1818641], [72.6316155, 23.1843496]]}}, {"type": "Feature", "properties": {"osm_id": 400960921, "osm_type": "way", "name": "", "landuse": "residential"}, "geometry": {"type": "LineString", "coordinates": [[72.6303478, 23.1809673], [72.6302708, 23.1815828], [72.6306494, 23.181609], [72.6307034, 23.1809712], [72.631077, 23.1809949], [72.631019, 23.181669], [72.6312278, 23.1816875], [72.6312798, 23.1811572], [72.6330902, 23.1813167], [72.6331433, 23.1809608], [72.633385, 23.1809819], [72.6334014, 23.1808491], [72.6342185, 23.180919], [72.6340236, 23.1818687], [72.6349445, 23.1819653], [72.6346339, 23.1797424], [72.6307852, 23.179428], [72.6306027, 23.1809909], [72.6303478, 23.1809673]]}}, {"type": "Feature", "properties": {"osm_id": 400960922, "osm_type": "way", "name": "", "landuse": "residential"}, "geometry": {"type": "LineString", "coordinates": [[72.6288732, 23.1790848], [72.6346006, 23.1795588], [72.6343566, 23.1777132], [72.6287524, 23.1757439], [72.6287719, 23.1773839], [72.6288732, 23.1790848]]}}, {"type": "Feature", "properties": {"osm_id": 400960923, "osm_type": "way", "name": "", "landuse": "residential"}, "geometry": {"type": "LineString", "coordinates": [[72.6352325, 23.1823228], [72.63626, 23.182232], [72.6359732, 23.1801393], [72.6365332, 23.1802127], [72.6365625, 23.1799971], [72.6348374, 23.1797831], [72.6352325, 23.1823228]]}}, {"type": "Feature", "properties": {"osm_id": 400960924, "osm_type": "way", "name": "", "landuse": "residential"}, "geometry": {"type": "LineString", "coordinates": [[72.6348862, 23.1795425], [72.6372558, 23.1798767], [72.6371406, 23.1787122], [72.6352614, 23.1780331], [72.6352861, 23.17863], [72.6362577, 23.1787268], [72.6361347, 23.1790712], [72.6357865, 23.1790547], [72.6357809, 23.1793548], [72.6349258, 23.1792612], [72.6348862, 23.1795425]]}}, {"type": "Feature", "properties": {"osm_id": 400960925, "osm_type": "way", "name": "", "landuse": "residential"}, "geometry": {"type": "LineString", "coordinates": [[72.63168, 23.1765947], [72.6323756, 23.1767979], [72.6324214, 23.1764528], [72.6328345, 23.1764954], [72.6328255, 23.1765512], [72.633064, 23.1765683], [72.6332125, 23.1748836], [72.6324184, 23.1748283], [72.6325017, 23.1736582], [72.6319881, 23.1736308], [72.6318995, 23.1748981], [72.6325631, 23.1749346], [72.6324861, 23.1759419], [72.63183, 23.1757916], [72.63168, 23.1765947]]}}, {"type": "Feature", "properties": {"osm_id": 400960926, "osm_type": "way", "name": "", "landuse": "residential"}, "geometry": {"type": "LineString", "coordinates": [[72.6358072, 23.1779976], [72.6371429, 23.1784295], [72.6368404, 23.1758432], [72.6360738, 23.175922], [72.6361834, 23.1771539], [72.6357477, 23.1771905], [72.6358072, 23.1779976]]}}, {"type": "Feature", "properties": {"osm_id": 401444176, "osm_type": "way", "name": "Shukan Sky", "landuse": "residential"}, "geometry": {"type": "LineString", "coordinates": [[72.6378036, 23.1740919], [72.6388395, 23.1739762], [72.6387727, 23.1734703], [72.639961, 23.1733376], [72.6398209, 23.1722779], [72.6384159, 23.1724348], [72.6383681, 23.1720732], [72.637549, 23.1721646], [72.6378036, 23.1740919]]}}, {"type": "Feature", "properties": {"osm_id": 401444306, "osm_type": "way", "name": "", "landuse": "residential"}, "geometry": {"type": "LineString", "coordinates": [[72.6463415, 23.1740807], [72.647508, 23.1743407], [72.6476415, 23.1732459], [72.6464123, 23.1731248], [72.6463415, 23.1740807]]}}, {"type": "Feature", "properties": {"osm_id": 401446721, "osm_type": "way", "name": "", "landuse": "residential"}, "geometry": {"type": "LineString", "coordinates": [[72.6366302, 23.1506531], [72.6371138, 23.1514771], [72.6375116, 23.151249], [72.637891, 23.1517121], [72.6369796, 23.1524301], [72.6372785, 23.1528748], [72.637204, 23.1529766], [72.638173, 23.154249], [72.6389071, 23.153949], [72.6380636, 23.1526165], [72.6395696, 23.1513841], [72.6405921, 23.1523944], [72.6409411, 23.1519913], [72.6410521, 23.151863], [72.6416046, 23.1511721], [72.6421159, 23.1506077], [72.6426395, 23.1500507], [72.6421904, 23.1496993], [72.6424184, 23.1494338], [72.6410428, 23.1481387], [72.6399938, 23.1490565], [72.6366302, 23.1506531]]}}, {"type": "Feature", "properties": {"osm_id": 401447924, "osm_type": "way", "name": "", "landuse": "residential"}, "geometry": {"type": "LineString", "coordinates": [[72.6376477, 23.1593348], [72.6380299, 23.1592759], [72.6376233, 23.1570835], [72.6371335, 23.157166], [72.6376477, 23.1593348]]}}, {"type": "Feature", "properties": {"osm_id": 401450635, "osm_type": "way", "name": "Shree Rang Upvan", "landuse": "residential"}, "geometry": {"type": "LineString", "coordinates": [[72.6572143, 23.1583993], [72.6584176, 23.1579331], [72.6580566, 23.157206], [72.6568446, 23.1577197], [72.6572143, 23.1583993]]}}, {"type": "Feature", "properties": {"osm_id": 403531413, "osm_type": "way", "name": "", "landuse": "residential"}, "geometry": {"type": "LineString", "coordinates": [[72.6230322, 23.1822378], [72.624363, 23.182268], [72.6243757, 23.1817954], [72.6240899, 23.1817889], [72.6232971, 23.1817711], [72.6230449, 23.1817654], [72.6230322, 23.1822378]]}}, {"type": "Feature", "properties": {"osm_id": 420550103, "osm_type": "way", "name": "Suryajyot Lake", "natural": "water"}, "geometry": {"type": "LineString", "coordinates": [[72.6483261, 23.1998989], [72.6484079, 23.1999827], [72.6484992, 23.2000406], [72.6485967, 23.2001071], [72.6486691, 23.2001707], [72.6487509, 23.2002604], [72.6488484, 23.2003876], [72.6489411, 23.2005555], [72.649055, 23.2006036], [72.6492294, 23.2005955], [72.6493891, 23.2005355], [72.6495179, 23.2004756], [72.6496477, 23.2004257], [72.6498069, 23.2003438], [72.6499402, 23.2002633], [72.6501918, 23.200153], [72.6503696, 23.20006], [72.6504511, 23.1999969], [72.650497, 23.1999237], [72.650524, 23.1997896], [72.6504988, 23.1996636], [72.6504657, 23.199601], [72.6503681, 23.1994766], [72.6501857, 23.1993928], [72.6500177, 23.1993799], [72.6498737, 23.1994216], [72.6497247, 23.1994717], [72.649635, 23.1994786], [72.6495345, 23.1994296], [72.6494451, 23.1993361], [72.6493495, 23.1992535], [72.6492397, 23.1991991], [72.6491372, 23.1992061], [72.6490419, 23.1992409], [72.6489553, 23.1993078], [72.6488755, 23.1993721], [72.6488198, 23.1994183], [72.6486733, 23.1994524], [72.648567, 23.1994974], [72.6484558, 23.1995379], [72.6483481, 23.1996068], [72.6482978, 23.1997051], [72.6482884, 23.1997919], [72.6483261, 23.1998989]]}}, {"type": "Feature", "properties": {"osm_id": 424069259, "osm_type": "way", "name": "Hansol", "landuse": "residential"}, "geometry": {"type": "LineString", "coordinates": [[72.6196129, 23.0828509], [72.6178534, 23.0826041], [72.617494, 23.0824413], [72.6163675, 23.081553], [72.6176201, 23.0796991], [72.6205045, 23.0794856], [72.620657, 23.0796813], [72.6208683, 23.0796423], [72.6217018, 23.0796325], [72.622444, 23.0796325], [72.6242655, 23.0796261], [72.6247692, 23.0796018], [72.6249837, 23.0790541], [72.6254603, 23.0792184], [72.6254888, 23.0788741], [72.625681, 23.0788713], [72.6256973, 23.0787822], [72.6264508, 23.0789728], [72.6264761, 23.0788101], [72.6272198, 23.078957], [72.6279735, 23.0790534], [72.6279822, 23.0790021], [72.6280648, 23.079028], [72.6283401, 23.0785271], [72.6288618, 23.0786447], [72.628935, 23.0783611], [72.6297317, 23.0785398], [72.6295067, 23.0792045], [72.6295016, 23.0793299], [72.6294831, 23.0794104], [72.6295032, 23.0794736], [72.6299063, 23.0795514], [72.6309991, 23.0795163], [72.6325429, 23.0795055], [72.6334218, 23.0795123], [72.6337354, 23.0795251], [72.6344361, 23.0801136], [72.6346692, 23.0798982], [72.6348672, 23.0800323], [72.6362094, 23.0813079], [72.6361274, 23.0813896], [72.6363611, 23.0817207], [72.6371579, 23.082451], [72.637033, 23.0825249], [72.6370033, 23.082637], [72.6376931, 23.0836712], [72.6368874, 23.0843295], [72.6368247, 23.0847328], [72.6369346, 23.0852344], [72.6373209, 23.0858019], [72.6372565, 23.0861227], [72.6353107, 23.0860848], [72.6332976, 23.0859944], [72.630331, 23.0859056], [72.6246984, 23.0856736], [72.6224802, 23.0855619], [72.6220242, 23.0855125], [72.6217077, 23.0854237], [72.6212625, 23.085098], [72.6209835, 23.0847723], [72.6206966, 23.0841142], [72.6204578, 23.0829661], [72.6196129, 23.0828509]]}}, {"type": "Feature", "properties": {"osm_id": 424069303, "osm_type": "way", "name": "", "landuse": "residential"}, "geometry": {"type": "LineString", "coordinates": [[72.6378573, 23.0900752], [72.637278, 23.0899962], [72.636763, 23.0898186], [72.6362158, 23.0893448], [72.6350786, 23.0885652], [72.6360629, 23.0870176], [72.6351215, 23.0867497], [72.6353107, 23.0860848], [72.6372565, 23.0861227], [72.6400256, 23.086164], [72.6404239, 23.086193], [72.6409278, 23.0863253], [72.6411821, 23.0864806], [72.6421008, 23.0873384], [72.6441417, 23.0892284], [72.6434766, 23.0895442], [72.6426638, 23.0894337], [72.6427711, 23.0902035], [72.6426746, 23.0906081], [72.6423929, 23.0907483], [72.6419638, 23.0906397], [72.6414193, 23.0906673], [72.6409687, 23.0907562], [72.6410974, 23.0899173], [72.6403142, 23.0900357], [72.6404365, 23.089305], [72.640443, 23.0892659], [72.6399387, 23.0891475], [72.6397134, 23.0895126], [72.6390697, 23.0890586], [72.6393486, 23.0881901], [72.6389088, 23.0880618], [72.6387344, 23.0885671], [72.6382543, 23.0884566], [72.6378573, 23.0900752]]}}, {"type": "Feature", "properties": {"osm_id": 424076406, "osm_type": "way", "name": "", "landuse": "residential"}, "geometry": {"type": "LineString", "coordinates": [[72.6721891, 23.08066], [72.6741417, 23.0812621], [72.6748498, 23.079219], [72.6751395, 23.0792683], [72.6754056, 23.0786282], [72.6749893, 23.078459], [72.6746996, 23.0790314], [72.6729615, 23.0786169], [72.6721891, 23.08066]]}}, {"type": "Feature", "properties": {"osm_id": 424076412, "osm_type": "way", "name": "", "landuse": "residential"}, "geometry": {"type": "LineString", "coordinates": [[72.6668035, 23.0745106], [72.6668007, 23.0745083], [72.6666124, 23.0743542], [72.664368, 23.0725167], [72.6642607, 23.0724476], [72.6640891, 23.0720725], [72.6635312, 23.0716678], [72.6630913, 23.0712928], [72.6629625, 23.0710657], [72.6628284, 23.0706512], [72.6628123, 23.0701033], [72.6628231, 23.0694913], [72.6627962, 23.0691508], [72.6627104, 23.0689929], [72.6624422, 23.0688053], [72.6614122, 23.0683019], [72.6610099, 23.0681242], [72.6609142, 23.0681004], [72.6605539, 23.0680107], [72.6597522, 23.0678348], [72.659009, 23.0678626], [72.6584993, 23.0679268], [72.6582273, 23.0679091], [72.6579658, 23.0677657], [72.6574694, 23.0671963], [72.6568417, 23.0666041], [72.656209, 23.0662635], [72.6557262, 23.0659131], [72.6556028, 23.065765], [72.6556189, 23.0650987], [72.6567291, 23.0651481], [72.6567559, 23.0644127], [72.6556377, 23.06437], [72.6556431, 23.063832], [72.6558067, 23.0638303], [72.6558067, 23.0632577], [72.6572063, 23.0632889], [72.6594588, 23.0633197], [72.6604359, 23.0632972], [72.6600258, 23.0620009], [72.6614849, 23.0619268], [72.6615141, 23.0616635], [72.6617824, 23.0617079], [72.6619165, 23.0605086], [72.6639871, 23.0608442], [72.6650761, 23.0609182], [72.6688258, 23.0609034], [72.6689331, 23.0617524], [72.6711379, 23.0616981], [72.6711489, 23.062122], [72.6699121, 23.062138], [72.6702206, 23.0646743], [72.6692335, 23.0647286], [72.6693408, 23.0662487], [72.6696495, 23.0661419], [72.6699517, 23.0662601], [72.6702351, 23.066156], [72.6704248, 23.0663199], [72.6707241, 23.0662229], [72.6706176, 23.0659328], [72.6705639, 23.0647582], [72.6715486, 23.0646809], [72.6717816, 23.0658637], [72.6727901, 23.065612], [72.6731496, 23.0661747], [72.6737557, 23.0678478], [72.672699, 23.0681884], [72.6732408, 23.0696888], [72.6727204, 23.0703106], [72.6726024, 23.071347], [72.6729487, 23.0714179], [72.6731203, 23.071329], [72.6736192, 23.0713784], [72.6736592, 23.0709522], [72.6739113, 23.0709818], [72.6739279, 23.0708731], [72.6739432, 23.0707733], [72.6741044, 23.0697184], [72.6755099, 23.0695802], [72.6748769, 23.0722551], [72.6746731, 23.0730805], [72.6744102, 23.0741454], [72.6740722, 23.0750683], [72.673391, 23.0747228], [72.6730959, 23.0754877], [72.6719265, 23.0751077], [72.6712712, 23.0770455], [72.6717438, 23.0771995], [72.6715791, 23.0783035], [72.6716789, 23.0785113], [72.6714781, 23.0798814], [72.6714686, 23.0799464], [72.67079, 23.0798171], [72.6705425, 23.0804623], [72.6660578, 23.0783057], [72.6632576, 23.0768844], [72.6634239, 23.0760059], [72.6643656, 23.0764518], [72.6657896, 23.0752015], [72.6668035, 23.0745106]]}}, {"type": "Feature", "properties": {"osm_id": 483688320, "osm_type": "way", "name": "", "natural": "water"}, "geometry": {"type": "LineString", "coordinates": [[72.6356218, 23.1259785], [72.6361958, 23.1258404], [72.6363445, 23.1264206], [72.6371106, 23.126317], [72.6367952, 23.125082], [72.6353622, 23.1254384], [72.6356218, 23.1259785]]}}, {"type": "Feature", "properties": {"osm_id": 544496006, "osm_type": "way", "name": "Aawaass River Front", "landuse": "residential"}, "geometry": {"type": "LineString", "coordinates": [[72.6506492, 23.1838029], [72.6526799, 23.1837215], [72.6526297, 23.182768], [72.6518013, 23.182776], [72.6518036, 23.1830593], [72.6506883, 23.1830785], [72.6506492, 23.1838029]]}}, {"type": "Feature", "properties": {"osm_id": 544496007, "osm_type": "way", "name": "Shree Rang Oasis શ્રી રંગ ઓએસિસ", "landuse": "residential"}, "geometry": {"type": "LineString", "coordinates": [[72.6506492, 23.1838029], [72.6526799, 23.1837215], [72.6528585, 23.1846495], [72.6506909, 23.185144], [72.6506492, 23.1838029]]}}, {"type": "Feature", "properties": {"osm_id": 544496008, "osm_type": "way", "name": "Shree Rang Aroma", "landuse": "residential"}, "geometry": {"type": "LineString", "coordinates": [[72.6506492, 23.1838029], [72.6506571, 23.1845862], [72.6506976, 23.1853585], [72.6497413, 23.1856103], [72.6496799, 23.1837955], [72.6506492, 23.1838029]]}}, {"type": "Feature", "properties": {"osm_id": 544507539, "osm_type": "way", "name": "", "landuse": "commercial"}, "geometry": {"type": "LineString", "coordinates": [[72.6859169, 23.1630491], [72.6861644, 23.1630598], [72.6862929, 23.1631135], [72.686426, 23.1631897], [72.6866945, 23.1635954], [72.6869397, 23.1639142], [72.6871218, 23.1640849], [72.6874755, 23.16438], [72.6876553, 23.1645207], [72.6876799, 23.164628], [72.6876483, 23.1647171], [72.6866676, 23.1649146], [72.6853355, 23.1651958], [72.683715, 23.1656037], [72.6830204, 23.1655275], [72.6824495, 23.1653933], [72.6821424, 23.1654148], [72.6818727, 23.1654641], [72.6817922, 23.1654287], [72.6814308, 23.164165], [72.6814431, 23.1641242], [72.6814874, 23.1640835], [72.6815638, 23.164033], [72.6837149, 23.1635398], [72.6859169, 23.1630491]]}}, {"type": "Feature", "properties": {"osm_id": 544508724, "osm_type": "way", "name": "", "landuse": "retail"}, "geometry": {"type": "LineString", "coordinates": [[72.6971256, 23.1612056], [72.6976212, 23.1612384], [72.6975938, 23.1615878], [72.6970983, 23.161555], [72.6971256, 23.1612056]]}}, {"type": "Feature", "properties": {"osm_id": 544537053, "osm_type": "way", "name": "", "landuse": "commercial"}, "geometry": {"type": "LineString", "coordinates": [[72.6538619, 23.149108], [72.6540172, 23.1491112], [72.6580447, 23.1478277], [72.6575081, 23.1468988], [72.6534979, 23.1482184], [72.6538619, 23.149108]]}}, {"type": "Feature", "properties": {"osm_id": 544543895, "osm_type": "way", "name": "", "landuse": "residential"}, "geometry": {"type": "LineString", "coordinates": [[72.671425, 23.1540896], [72.6726898, 23.153904], [72.6727668, 23.1545613], [72.6714404, 23.1547468], [72.6712971, 23.1540967], [72.671425, 23.1540896]]}}, {"type": "Feature", "properties": {"osm_id": 547618486, "osm_type": "way", "name": "Sparsh Residency", "landuse": "residential"}, "geometry": {"type": "LineString", "coordinates": [[72.6579096, 23.1136992], [72.6590296, 23.1134595], [72.6589123, 23.112983], [72.6588709, 23.1128051], [72.6577055, 23.1130499], [72.6579096, 23.1136992]]}}, {"type": "Feature", "properties": {"osm_id": 547618487, "osm_type": "way", "name": "Crystal Bungalows", "landuse": "residential"}, "geometry": {"type": "LineString", "coordinates": [[72.6589123, 23.112983], [72.659539, 23.1128787], [72.6593409, 23.1120362], [72.6587184, 23.1121512], [72.6588709, 23.1128051], [72.6589123, 23.112983]]}}, {"type": "Feature", "properties": {"osm_id": 547618488, "osm_type": "way", "name": "Keshav Bungalows", "landuse": "residential"}, "geometry": {"type": "LineString", "coordinates": [[72.6602293, 23.1135783], [72.6612204, 23.1133956], [72.6610877, 23.1128142], [72.6619953, 23.11265], [72.6618642, 23.1121391], [72.6609715, 23.1123054], [72.6609549, 23.1122329], [72.6601241, 23.1123824], [72.6602293, 23.1135783]]}}, {"type": "Feature", "properties": {"osm_id": 547618489, "osm_type": "way", "name": "Coral Bungalows", "landuse": "residential"}, "geometry": {"type": "LineString", "coordinates": [[72.661717, 23.1096338], [72.661568, 23.1076695], [72.6620602, 23.10763], [72.6621369, 23.108417], [72.6624846, 23.1084004], [72.6625613, 23.1095756], [72.661717, 23.1096338]]}}, {"type": "Feature", "properties": {"osm_id": 547622939, "osm_type": "way", "name": "Prince Residency", "landuse": "residential"}, "geometry": {"type": "LineString", "coordinates": [[72.6588275, 23.104733], [72.6594425, 23.1046571], [72.6594222, 23.104113], [72.6587066, 23.1040653], [72.6588275, 23.104733]]}}, {"type": "Feature", "properties": {"osm_id": 547622941, "osm_type": "way", "name": "", "landuse": "residential"}, "geometry": {"type": "LineString", "coordinates": [[72.6578044, 23.1048594], [72.6579111, 23.1048462], [72.6587688, 23.1047403], [72.6588275, 23.104733], [72.6594425, 23.1046571], [72.6594839, 23.1053189], [72.6581236, 23.1058227], [72.6578998, 23.1052503], [72.6578044, 23.1048594]]}}, {"type": "Feature", "properties": {"osm_id": 547622945, "osm_type": "way", "name": "Kailash Kunj", "landuse": "residential"}, "geometry": {"type": "LineString", "coordinates": [[72.6675082, 23.1038751], [72.6679543, 23.1048053], [72.6677753, 23.1048626], [72.6681332, 23.105602], [72.6673682, 23.1059204], [72.6668806, 23.1059515], [72.6666589, 23.1055221], [72.6666771, 23.1054243], [72.6671299, 23.1052501], [72.6668703, 23.1046833], [72.6672292, 23.1045462], [72.6669786, 23.1040977], [72.6675082, 23.1038751]]}}, {"type": "Feature", "properties": {"osm_id": 551640841, "osm_type": "way", "name": "Shikhar Bunglows", "landuse": "residential"}, "geometry": {"type": "LineString", "coordinates": [[72.6321462, 23.1198722], [72.6348207, 23.1196911], [72.6346854, 23.1183373], [72.6320243, 23.1185623], [72.6320456, 23.1187908], [72.6320588, 23.1189326], [72.6321462, 23.1198722]]}}, {"type": "Feature", "properties": {"osm_id": 551654826, "osm_type": "way", "name": "", "landuse": "residential"}, "geometry": {"type": "LineString", "coordinates": [[72.6353581, 23.1117101], [72.6365861, 23.1116532], [72.6364995, 23.110081], [72.6352709, 23.1101427], [72.6352473, 23.1101546], [72.6352236, 23.1101734], [72.6352204, 23.1101965], [72.6352798, 23.1108491], [72.6352946, 23.1110118], [72.6353581, 23.1117101]]}}, {"type": "Feature", "properties": {"osm_id": 551655654, "osm_type": "way", "name": "Narayan Avenue", "landuse": "residential"}, "geometry": {"type": "LineString", "coordinates": [[72.6333179, 23.1023264], [72.6338228, 23.1024213], [72.633878, 23.1030849], [72.6338854, 23.103173], [72.6339342, 23.1037258], [72.6336084, 23.1037482], [72.6332042, 23.1032178], [72.6332736, 23.1026734], [72.6333179, 23.1023264]]}}, {"type": "Feature", "properties": {"osm_id": 551655655, "osm_type": "way", "name": "", "landuse": "residential"}, "geometry": {"type": "LineString", "coordinates": [[72.6322378, 23.1035707], [72.6314474, 23.1035206], [72.631439, 23.1045045], [72.6321707, 23.1045006], [72.6322378, 23.1035707]]}}, {"type": "Feature", "properties": {"osm_id": 551655656, "osm_type": "way", "name": "", "landuse": "residential"}, "geometry": {"type": "LineString", "coordinates": [[72.6314474, 23.1035206], [72.6305411, 23.1034615], [72.6306472, 23.1044929], [72.631439, 23.1045045], [72.6314474, 23.1035206]]}}, {"type": "Feature", "properties": {"osm_id": 551655657, "osm_type": "way", "name": "", "landuse": "residential"}, "geometry": {"type": "LineString", "coordinates": [[72.6332736, 23.1026734], [72.6325504, 23.1025676], [72.632427, 23.1032727], [72.6328932, 23.1033422], [72.6332042, 23.1032178], [72.6332736, 23.1026734]]}}, {"type": "Feature", "properties": {"osm_id": 551655658, "osm_type": "way", "name": "Anurag Bungalows", "landuse": "residential"}, "geometry": {"type": "LineString", "coordinates": [[72.6329964, 23.1053814], [72.6321678, 23.1054297], [72.6321567, 23.1049969], [72.6329018, 23.1047896], [72.6329557, 23.104813], [72.6329964, 23.1053814]]}}, {"type": "Feature", "properties": {"osm_id": 551655659, "osm_type": "way", "name": "", "landuse": "residential"}, "geometry": {"type": "LineString", "coordinates": [[72.6318844, 23.1054462], [72.6321678, 23.1054297], [72.6324662, 23.1054123], [72.6327209, 23.1053975], [72.6329964, 23.1053814], [72.6330589, 23.1063254], [72.631859, 23.1063888], [72.6318429, 23.106197], [72.6308227, 23.1062678], [72.6307874, 23.1059226], [72.6319199, 23.1058222], [72.6318844, 23.1054462]]}}, {"type": "Feature", "properties": {"osm_id": 551658514, "osm_type": "way", "name": "", "landuse": "residential"}, "geometry": {"type": "LineString", "coordinates": [[72.6331982, 23.1066335], [72.6342607, 23.1065798], [72.6343293, 23.1073527], [72.6347826, 23.107329], [72.6348299, 23.1078755], [72.6348161, 23.107906], [72.6347829, 23.1079255], [72.6333391, 23.1080035], [72.6333216, 23.1079971], [72.6332979, 23.107983], [72.633279, 23.1079599], [72.633272, 23.1079284], [72.6331982, 23.1066335]]}}, {"type": "Feature", "properties": {"osm_id": 551658515, "osm_type": "way", "name": "", "landuse": "residential"}, "geometry": {"type": "LineString", "coordinates": [[72.6334649, 23.1101274], [72.6325368, 23.1101703], [72.6324913, 23.1094305], [72.6334215, 23.1093886], [72.6334649, 23.1101274]]}}, {"type": "Feature", "properties": {"osm_id": 551658516, "osm_type": "way", "name": "", "landuse": "residential"}, "geometry": {"type": "LineString", "coordinates": [[72.6340141, 23.1009129], [72.6330067, 23.1009129], [72.6329618, 23.1008686], [72.6330131, 23.100215], [72.6328382, 23.100181], [72.6328495, 23.0989947], [72.6337253, 23.0991423], [72.6338055, 23.0997959], [72.6340185, 23.1008689], [72.6340141, 23.1009129]]}}, {"type": "Feature", "properties": {"osm_id": 551658517, "osm_type": "way", "name": "", "landuse": "residential"}, "geometry": {"type": "LineString", "coordinates": [[72.6322381, 23.1004127], [72.6310511, 23.1002405], [72.6309777, 23.1000618], [72.630861, 23.0995743], [72.6308853, 23.0992589], [72.6320201, 23.0993051], [72.6321454, 23.0992461], [72.632246, 23.0992802], [72.6321363, 23.1002136], [72.6322381, 23.1004127]]}}, {"type": "Feature", "properties": {"osm_id": 551658518, "osm_type": "way", "name": "", "landuse": "residential"}, "geometry": {"type": "LineString", "coordinates": [[72.6304519, 23.0975907], [72.6328474, 23.0983551], [72.6328253, 23.0975721], [72.6317234, 23.0972127], [72.6317473, 23.09715], [72.6317842, 23.0966551], [72.631049, 23.0964653], [72.6306841, 23.0964042], [72.6304519, 23.0975907]]}}, {"type": "Feature", "properties": {"osm_id": 551912361, "osm_type": "way", "name": "Shree Balaji Agora Residency", "landuse": "residential"}, "geometry": {"type": "LineString", "coordinates": [[72.6242497, 23.1191208], [72.6264611, 23.1187479], [72.626639, 23.1198704], [72.6265253, 23.1210138], [72.6248372, 23.1210416], [72.6247196, 23.12067], [72.6246545, 23.1205651], [72.6244537, 23.1206449], [72.6245167, 23.1203433], [72.6242497, 23.1191208]]}}, {"type": "Feature", "properties": {"osm_id": 551912362, "osm_type": "way", "name": "Parshwanath Atlantis Park", "landuse": "residential"}, "geometry": {"type": "LineString", "coordinates": [[72.6223021, 23.1190149], [72.622509, 23.1190156], [72.6225051, 23.1188801], [72.6224612, 23.1185549], [72.6226501, 23.1184893], [72.6239538, 23.1184602], [72.6239265, 23.1185832], [72.6241643, 23.1191577], [72.6242142, 23.1193179], [72.6243045, 23.1198272], [72.6243933, 23.1204234], [72.624265, 23.1207259], [72.6241831, 23.1208778], [72.6241421, 23.1210033], [72.624108, 23.1211539], [72.623936, 23.1211301], [72.623674, 23.1209669], [72.6233751, 23.1206343], [72.6230926, 23.1206104], [72.6230939, 23.1204887], [72.6223351, 23.1204397], [72.6223021, 23.1190149]]}}, {"type": "Feature", "properties": {"osm_id": 551912363, "osm_type": "way", "name": "Parshwanath Divine", "landuse": "residential"}, "geometry": {"type": "LineString", "coordinates": [[72.622509, 23.1190156], [72.6206192, 23.1189968], [72.620509, 23.1188043], [72.6204579, 23.1186175], [72.6204033, 23.11827], [72.6204377, 23.1180055], [72.6205839, 23.1177094], [72.6208963, 23.1176733], [72.6209914, 23.1176886], [72.622291, 23.1177411], [72.6224612, 23.1185549], [72.6225051, 23.1188801], [72.622509, 23.1190156]]}}, {"type": "Feature", "properties": {"osm_id": 554794122, "osm_type": "way", "name": "Krushnakunj complex", "landuse": "residential"}, "geometry": {"type": "LineString", "coordinates": [[72.6347542, 23.1851808], [72.6352689, 23.1852178], [72.635077, 23.1834489], [72.6349014, 23.183468], [72.63501, 23.1844565], [72.6348538, 23.1844509], [72.6348169, 23.184697], [72.6347953, 23.1848865], [72.6347542, 23.1851808]]}}, {"type": "Feature", "properties": {"osm_id": 673827810, "osm_type": "way", "name": "", "natural": "water"}, "geometry": {"type": "LineString", "coordinates": [[72.7041532, 23.1025863], [72.7048327, 23.1025094], [72.705029, 23.1023423], [72.7048218, 23.1019212], [72.7045202, 23.1017607], [72.7041423, 23.1017073], [72.7040733, 23.1018677], [72.7035937, 23.1020114], [72.7035246, 23.1021986], [72.7037027, 23.1024225], [72.7039389, 23.1024827], [72.7041532, 23.1025863]]}}, {"type": "Feature", "properties": {"osm_id": 673829870, "osm_type": "way", "name": "", "landuse": "residential"}, "geometry": {"type": "LineString", "coordinates": [[72.6823489, 23.1252995], [72.6832514, 23.1256565], [72.6859778, 23.1252264], [72.6864478, 23.1233362], [72.6851197, 23.1228266], [72.6836396, 23.122689], [72.683705, 23.1233513], [72.682426, 23.1234954], [72.6823185, 23.1237943], [72.6812803, 23.1238609], [72.6815258, 23.124906], [72.6823161, 23.1250028], [72.6823489, 23.1252995]]}}, {"type": "Feature", "properties": {"osm_id": 692144297, "osm_type": "way", "name": "Kanam Residency 1", "landuse": "residential"}, "geometry": {"type": "LineString", "coordinates": [[72.6300749, 23.1809373], [72.6305683, 23.1809819], [72.6307581, 23.1794294], [72.6302109, 23.1793801], [72.6300749, 23.1809373]]}}, {"type": "Feature", "properties": {"osm_id": 693880238, "osm_type": "way", "name": "Shree Range Entire Society", "landuse": "residential"}, "geometry": {"type": "LineString", "coordinates": [[72.649561, 23.1662284], [72.6496949, 23.1662289], [72.6497707, 23.1662304], [72.6498861, 23.1662321], [72.6499921, 23.1662326], [72.6500827, 23.1662355], [72.6501968, 23.1662358], [72.6502105, 23.1662361], [72.6503762, 23.1662391], [72.6511383, 23.1662531], [72.6511336, 23.1661721], [72.6511302, 23.166114], [72.6511292, 23.1660966], [72.6511253, 23.1660292], [72.6511163, 23.1658747], [72.651108, 23.1657507], [72.6511074, 23.1657507], [72.6510385, 23.1657469], [72.6509644, 23.1657497], [72.6509333, 23.1657494], [72.6508679, 23.1657489], [72.6507971, 23.1657483], [72.6507733, 23.1657481], [72.6507068, 23.1657475], [72.6506368, 23.1657469], [72.6505925, 23.1657466], [72.6505259, 23.165746], [72.6504547, 23.1657454], [72.6504267, 23.1657452], [72.6503589, 23.1657446], [72.6502947, 23.1657441], [72.6502632, 23.1657438], [72.6501954, 23.1657432], [72.6501266, 23.1657427], [72.6500834, 23.1657423], [72.6500157, 23.1657417], [72.6499479, 23.1657412], [72.6499234, 23.165741], [72.6498487, 23.1657403], [72.6497834, 23.1657398], [72.6495599, 23.1657379], [72.6495605, 23.165936], [72.6495608, 23.1660031], [72.6495607, 23.1660651], [72.6495614, 23.1660921], [72.6495614, 23.166153], [72.649561, 23.1662284]]}}, {"type": "Feature", "properties": {"osm_id": 693884096, "osm_type": "way", "name": "NICM", "landuse": "commercial"}, "geometry": {"type": "LineString", "coordinates": [[72.6386365, 23.192473], [72.6345794, 23.1929386], [72.6345555, 23.1927846], [72.6342136, 23.1905776], [72.6354869, 23.1904589], [72.6383972, 23.1901539], [72.6386365, 23.192473]]}}, {"type": "Feature", "properties": {"osm_id": 693886085, "osm_type": "way", "name": "Jainam Bunglows", "landuse": "residential"}, "geometry": {"type": "LineString", "coordinates": [[72.6502734, 23.163547], [72.6508813, 23.1635474], [72.6508116, 23.1627558], [72.6502362, 23.1627968], [72.6502734, 23.163547]]}}, {"type": "Feature", "properties": {"osm_id": 693886086, "osm_type": "way", "name": "Swarnim Bunglows", "landuse": "residential"}, "geometry": {"type": "LineString", "coordinates": [[72.6504227, 23.1649851], [72.6510315, 23.1649653], [72.6509564, 23.1642231], [72.6509042, 23.164214], [72.650388, 23.1642303], [72.6504058, 23.1646184], [72.6504227, 23.1649851]]}}, {"type": "Feature", "properties": {"osm_id": 693886087, "osm_type": "way", "name": "Yash Icon", "landuse": "commercial"}, "geometry": {"type": "LineString", "coordinates": [[72.6511929, 23.1655504], [72.6518748, 23.165911], [72.6518187, 23.1649901], [72.6511556, 23.1650287], [72.6511929, 23.1655504]]}}, {"type": "Feature", "properties": {"osm_id": 693886088, "osm_type": "way", "name": "GUDA Apartment", "landuse": "residential"}, "geometry": {"type": "LineString", "coordinates": [[72.6511929, 23.1655504], [72.6512373, 23.1665369], [72.653338, 23.1665348], [72.653298, 23.1662176], [72.6528543, 23.1661921], [72.6520902, 23.1660391], [72.6518748, 23.165911], [72.6511929, 23.1655504]]}}, {"type": "Feature", "properties": {"osm_id": 693889234, "osm_type": "way", "name": "Swaminarayan Dham International School", "landuse": "commercial"}, "geometry": {"type": "LineString", "coordinates": [[72.6415497, 23.1813156], [72.6428516, 23.1813287], [72.6429551, 23.1808368], [72.6430157, 23.1800105], [72.6416103, 23.1799744], [72.6415354, 23.1807942], [72.6415497, 23.1813156]]}}, {"type": "Feature", "properties": {"osm_id": 693901595, "osm_type": "way", "name": "Kanam Party Plot", "landuse": "commercial"}, "geometry": {"type": "LineString", "coordinates": [[72.6302621, 23.181584], [72.6303365, 23.1809855], [72.6300669, 23.1809583], [72.6296536, 23.1809061], [72.6296227, 23.1811119], [72.6291411, 23.1810779], [72.6292169, 23.1815192], [72.6302621, 23.181584]]}}, {"type": "Feature", "properties": {"osm_id": 693901596, "osm_type": "way", "name": "Swagat Afford", "landuse": "residential"}, "geometry": {"type": "LineString", "coordinates": [[72.6214827, 23.1920975], [72.6208867, 23.1918567], [72.6204805, 23.1916876], [72.6212168, 23.1899947], [72.621671, 23.190168], [72.6216698, 23.1902774], [72.6214827, 23.1920975]]}}, {"type": "Feature", "properties": {"osm_id": 693906120, "osm_type": "way", "name": "Kanam Residecy 2", "landuse": "residential"}, "geometry": {"type": "LineString", "coordinates": [[72.6296227, 23.1811119], [72.6296536, 23.1809061], [72.6297068, 23.1800376], [72.6289906, 23.1799768], [72.6290271, 23.1802538], [72.6290635, 23.1805295], [72.6290969, 23.1808051], [72.6291411, 23.1810779], [72.6296227, 23.1811119]]}}, {"type": "Feature", "properties": {"osm_id": 694241016, "osm_type": "way", "name": "Vrundavan Bunglows", "landuse": "residential"}, "geometry": {"type": "LineString", "coordinates": [[72.6488359, 23.1650177], [72.6496388, 23.1650033], [72.6496287, 23.164478], [72.6488592, 23.164481], [72.6488359, 23.1650177]]}}, {"type": "Feature", "properties": {"osm_id": 694241025, "osm_type": "way", "name": "IT Park", "landuse": "industrial"}, "geometry": {"type": "LineString", "coordinates": [[72.621761, 23.1940364], [72.6223505, 23.1942307], [72.6228547, 23.1929565], [72.6222489, 23.1927435], [72.621761, 23.1940364]]}}, {"type": "Feature", "properties": {"osm_id": 694242277, "osm_type": "way", "name": "Janvi Farm", "landuse": "farmland"}, "geometry": {"type": "LineString", "coordinates": [[72.6448022, 23.1608505], [72.6447087, 23.1602001], [72.645725, 23.1600992], [72.6457047, 23.1599011], [72.6462373, 23.159845], [72.6463308, 23.160716], [72.6448022, 23.1608505]]}}, {"type": "Feature", "properties": {"osm_id": 694478093, "osm_type": "way", "name": "GUDA Apartment", "landuse": "residential"}, "geometry": {"type": "LineString", "coordinates": [[72.6511074, 23.1657507], [72.6498487, 23.1657403], [72.6498607, 23.1650759], [72.6510844, 23.1650505], [72.6511074, 23.1657507]]}}, {"type": "Feature", "properties": {"osm_id": 723316972, "osm_type": "way", "name": "Hrudhyam Commercial - NCON INFRA", "landuse": "commercial"}, "geometry": {"type": "LineString", "coordinates": [[72.6352782, 23.1715623], [72.6353109, 23.1711631], [72.6361002, 23.1711631], [72.6360254, 23.171704], [72.6352782, 23.1715623]]}}, {"type": "Feature", "properties": {"osm_id": 758691086, "osm_type": "way", "name": "", "natural": "water"}, "geometry": {"type": "LineString", "coordinates": [[72.6881486, 23.1085565], [72.6880719, 23.1084528], [72.6877877, 23.1083117], [72.6876569, 23.108237], [72.6875125, 23.1080337], [72.6875125, 23.1078719], [72.6875847, 23.1077475], [72.6877471, 23.1076396], [72.6879817, 23.107594], [72.6882162, 23.1076271], [72.6883786, 23.1076852], [72.68855, 23.1078221], [72.6886403, 23.1080296], [72.6886312, 23.1082412], [72.6885906, 23.1084072], [72.6885049, 23.1085109], [72.6883741, 23.1085607], [72.6882882, 23.108576], [72.6882343, 23.1085856], [72.6881486, 23.1085565]]}}, {"type": "Feature", "properties": {"osm_id": 758691087, "osm_type": "way", "name": "", "natural": "water"}, "geometry": {"type": "LineString", "coordinates": [[72.6962607, 23.0848529], [72.6961159, 23.0848183], [72.696073, 23.0847591], [72.6961212, 23.0845963], [72.6960354, 23.084537], [72.6960354, 23.0844877], [72.6962017, 23.0843397], [72.6963251, 23.0841669], [72.6964646, 23.0840534], [72.6968454, 23.0838264], [72.6970225, 23.0837524], [72.6971297, 23.0837524], [72.69728, 23.0837869], [72.6974784, 23.0838264], [72.6976286, 23.0838856], [72.6977467, 23.0839942], [72.6978379, 23.0840633], [72.6978969, 23.0840633], [72.697972, 23.0840041], [72.6980578, 23.0840041], [72.6980524, 23.0840633], [72.6979612, 23.0841965], [72.6978593, 23.0844877], [72.6977306, 23.0846851], [72.6976662, 23.0848331], [72.6975535, 23.0850009], [72.6974516, 23.0852181], [72.6973658, 23.0853562], [72.69728, 23.0854697], [72.6972209, 23.0855734], [72.6971727, 23.0856819], [72.6970976, 23.0856721], [72.6970976, 23.0855487], [72.6970439, 23.0854303], [72.6968991, 23.0853464], [72.6967918, 23.0852575], [72.6967542, 23.0850305], [72.6967542, 23.0849812], [72.6965933, 23.0848726], [72.6965772, 23.0848134], [72.6964431, 23.0848134], [72.696368, 23.0848479], [72.6962607, 23.0848529]]}}, {"type": "Feature", "properties": {"osm_id": 761459674, "osm_type": "way", "name": "Raysan", "landuse": "residential"}, "geometry": {"type": "LineString", "coordinates": [[72.6595741, 23.1671807], [72.6596652, 23.1674143], [72.659881, 23.1676435], [72.6603269, 23.1682563], [72.6605619, 23.1681549], [72.6607872, 23.1684723], [72.6613674, 23.1679697], [72.6612955, 23.1676832], [72.6616886, 23.1673129], [72.6616503, 23.166925], [72.6619188, 23.1668104], [72.6625373, 23.1663123], [72.6622108, 23.1659975], [72.6620435, 23.1658362], [72.6613434, 23.1659596], [72.6611564, 23.1656995], [72.6609311, 23.1657789], [72.6607489, 23.1654791], [72.6594543, 23.1658229], [72.6586295, 23.1661403], [72.6584425, 23.166255], [72.6585336, 23.1672292], [72.6595837, 23.1669382], [72.6595741, 23.1671807]]}}, {"type": "Feature", "properties": {"osm_id": 761459675, "osm_type": "way", "name": "Radesan", "landuse": "residential"}, "geometry": {"type": "LineString", "coordinates": [[72.6533008, 23.1761247], [72.6535214, 23.1754856], [72.6543748, 23.1756663], [72.6552475, 23.175274], [72.6552379, 23.17508], [72.655751, 23.1750315], [72.6560866, 23.1752035], [72.6563359, 23.1752035], [72.6563551, 23.1758867], [72.6558517, 23.1761071], [72.6553674, 23.1761776], [72.6550461, 23.1761688], [72.6550461, 23.1763583], [72.6554537, 23.1763804], [72.6555256, 23.1765831], [72.6554441, 23.1768476], [72.6549263, 23.1767859], [72.6546338, 23.1768212], [72.6541303, 23.1768873], [72.6539002, 23.1770019], [72.6537611, 23.1771209], [72.6536748, 23.1772708], [72.6533727, 23.1772708], [72.6534446, 23.1768785], [72.6535933, 23.1768873], [72.6537515, 23.1762569], [72.6533008, 23.1761247]]}}, {"type": "Feature", "properties": {"osm_id": 761459676, "osm_type": "way", "name": "Priya Farm", "landuse": "farmland"}, "geometry": {"type": "LineString", "coordinates": [[72.641553, 23.1672187], [72.6416163, 23.1688939], [72.6428817, 23.1688299], [72.6428943, 23.1672973], [72.641553, 23.1672187]]}}, {"type": "Feature", "properties": {"osm_id": 798332274, "osm_type": "way", "name": "Suyash Status", "landuse": "residential"}, "geometry": {"type": "LineString", "coordinates": [[72.6412649, 23.1755177], [72.6412137, 23.174666], [72.6420549, 23.1746556], [72.6421001, 23.1755793], [72.6417264, 23.1755551], [72.6412649, 23.1755177]]}}, {"type": "Feature", "properties": {"osm_id": 798335668, "osm_type": "way", "name": "BAPS Swaminarayan Vidyamandir Raysan", "landuse": "residential"}, "geometry": {"type": "LineString", "coordinates": [[72.6438995, 23.1744959], [72.6458666, 23.1740337], [72.6460493, 23.1714084], [72.6454723, 23.1711659], [72.6463696, 23.1671607], [72.6446358, 23.1671653], [72.6445685, 23.168783], [72.6436455, 23.1688979], [72.6437268, 23.1724832], [72.6435533, 23.17248], [72.6435939, 23.173274], [72.6438857, 23.1732805], [72.6438995, 23.1744959]]}}, {"type": "Feature", "properties": {"osm_id": 922077110, "osm_type": "way", "name": "World Trade Centre-GIFT City", "landuse": "commercial"}, "geometry": {"type": "LineString", "coordinates": [[72.6882989, 23.1645567], [72.6884645, 23.1646214], [72.6886101, 23.1646444], [72.6888409, 23.1646167], [72.6890016, 23.1645429], [72.6890869, 23.164446], [72.689127, 23.164303], [72.6891471, 23.1640815], [72.6890919, 23.1639246], [72.6890267, 23.1638092], [72.6888962, 23.1637354], [72.6886753, 23.1636339], [72.6884444, 23.1634677], [72.6881834, 23.1632416], [72.6879777, 23.1630478], [72.687802, 23.1628586], [72.6876263, 23.1626417], [72.6874155, 23.1625818], [72.6871847, 23.1626002], [72.6869739, 23.1626925], [72.6868634, 23.1628909], [72.6868534, 23.163094], [72.6869337, 23.1632785], [72.6870592, 23.1634631], [72.6882989, 23.1645567]]}}, {"type": "Feature", "properties": {"osm_id": 922160497, "osm_type": "way", "name": "", "natural": "water"}, "geometry": {"type": "LineString", "coordinates": [[72.6772627, 23.1626252], [72.6772843, 23.1626004], [72.6772681, 23.162564], [72.6772447, 23.1625111], [72.6772465, 23.1624846], [72.6772285, 23.1624747], [72.6772195, 23.1624333], [72.6771673, 23.1624184], [72.6771494, 23.162392], [72.677117, 23.1623787], [72.6771044, 23.1623986], [72.6771026, 23.1624317], [72.6771422, 23.1624879], [72.6771619, 23.1625144], [72.6771691, 23.1625706], [72.6771763, 23.1626021], [72.6772141, 23.1626302], [72.6772627, 23.1626252]]}}, {"type": "Feature", "properties": {"osm_id": 922160498, "osm_type": "way", "name": "", "natural": "water"}, "geometry": {"type": "LineString", "coordinates": [[72.6767931, 23.162789], [72.6767499, 23.1627923], [72.6766977, 23.1627774], [72.6766348, 23.1627228], [72.6766222, 23.1626815], [72.6766402, 23.1626633], [72.6766725, 23.1626649], [72.6767247, 23.1626964], [72.6767571, 23.1626964], [72.6767787, 23.1626748], [72.6767841, 23.1626236], [72.6767769, 23.1625541], [72.6767733, 23.1624978], [72.6767841, 23.1624565], [72.6768165, 23.1624482], [72.6769064, 23.1624714], [72.676964, 23.1624846], [72.677018, 23.1624813], [72.6770576, 23.162483], [72.677081, 23.1624978], [72.6770828, 23.1625243], [72.6770702, 23.1625442], [72.6770396, 23.1625607], [72.6769892, 23.1625723], [72.6769208, 23.1626037], [72.6768813, 23.1626467], [72.6768561, 23.1626964], [72.6768399, 23.1627493], [72.6768255, 23.1627758], [72.6767931, 23.162789]]}}, {"type": "Feature", "properties": {"osm_id": 922315021, "osm_type": "way", "name": "Sobha Dream Heritage", "landuse": "residential"}, "geometry": {"type": "LineString", "coordinates": [[72.6961881, 23.1616608], [72.6961738, 23.1615665], [72.6961196, 23.1612085], [72.6961143, 23.1611738], [72.6960007, 23.161203], [72.6958435, 23.1611966], [72.6956512, 23.1611243], [72.6944365, 23.1603917], [72.694326, 23.1602553], [72.6943975, 23.1608435], [72.6941795, 23.161146], [72.6942949, 23.1618808], [72.6961881, 23.1616608]]}}, {"type": "Feature", "properties": {"osm_id": 1025034026, "osm_type": "way", "name": "", "natural": "water"}, "geometry": {"type": "LineString", "coordinates": [[72.6714103, 23.1940689], [72.6714438, 23.1941934], [72.6715739, 23.1942772], [72.6717576, 23.1942945], [72.6719427, 23.1942119], [72.6719306, 23.1941256], [72.6718408, 23.1939727], [72.6717375, 23.1938359], [72.6716235, 23.1938298], [72.6715069, 23.1938371], [72.671417, 23.1938803], [72.6713888, 23.1939604], [72.6714103, 23.1940689]]}}, {"type": "Feature", "properties": {"osm_id": 1033606001, "osm_type": "way", "name": "", "natural": "water"}, "geometry": {"type": "LineString", "coordinates": [[72.6227027, 23.1674212], [72.6224318, 23.1680105], [72.6223674, 23.1682226], [72.6223084, 23.1685161], [72.6223057, 23.1686689], [72.6224184, 23.1686837], [72.6227751, 23.1684495], [72.6230326, 23.1681782], [72.6230165, 23.1679834], [72.6229387, 23.1677911], [72.6228315, 23.1676555], [72.622759, 23.1674878], [72.6227027, 23.1674212]]}}, {"type": "Feature", "properties": {"osm_id": 1103412263, "osm_type": "way", "name": "", "natural": "grassland"}, "geometry": {"type": "LineString", "coordinates": [[72.6653223, 23.1569451], [72.6657586, 23.157792], [72.665233, 23.1580712], [72.6646563, 23.1583739], [72.6641663, 23.1586202], [72.663781, 23.1588102], [72.6637249, 23.1588384], [72.6635692, 23.1586038], [72.6633574, 23.1582472], [72.6631992, 23.1579727], [72.6631661, 23.1578718], [72.6653223, 23.1569451]]}}, {"type": "Feature", "properties": {"osm_id": 1103415057, "osm_type": "way", "name": "", "natural": "grassland"}, "geometry": {"type": "LineString", "coordinates": [[72.6655675, 23.1562465], [72.6658118, 23.1561167], [72.66566, 23.155828], [72.6663459, 23.1555727], [72.6663671, 23.1556438], [72.6663595, 23.1557205], [72.6663504, 23.155814], [72.6662882, 23.1558935], [72.6661987, 23.1559981], [72.6660955, 23.1561321], [72.6660424, 23.156206], [72.6660121, 23.1562716], [72.6659893, 23.1563246], [72.666006, 23.1563916], [72.6660272, 23.1564627], [72.6660318, 23.1564906], [72.6659165, 23.1565422], [72.665786, 23.1565799], [72.6657632, 23.156591], [72.6655675, 23.1562465]]}}, {"type": "Feature", "properties": {"osm_id": 1103415058, "osm_type": "way", "name": "", "natural": "grassland"}, "geometry": {"type": "LineString", "coordinates": [[72.6660918, 23.1564909], [72.6670481, 23.1560944], [72.6667197, 23.155396], [72.6664202, 23.1555254], [72.666413, 23.155683], [72.6663985, 23.1558273], [72.6663534, 23.1559501], [72.666247, 23.1560496], [72.666155, 23.1561624], [72.6660738, 23.1562852], [72.6660539, 23.1563864], [72.6660918, 23.1564909]]}}, {"type": "Feature", "properties": {"osm_id": 1103415059, "osm_type": "way", "name": "", "natural": "grassland"}, "geometry": {"type": "LineString", "coordinates": [[72.666855, 23.1555503], [72.6670265, 23.1554773], [72.6669597, 23.1553213], [72.6667684, 23.1553827], [72.666855, 23.1555503]]}}, {"type": "Feature", "properties": {"osm_id": 1103415060, "osm_type": "way", "name": "", "natural": "grassland"}, "geometry": {"type": "LineString", "coordinates": [[72.6680261, 23.15596], [72.6679485, 23.1560148], [72.6678871, 23.1560612], [72.6679106, 23.156121], [72.6673549, 23.1563151], [72.6672899, 23.1563316], [72.6672556, 23.1563482], [72.6670968, 23.1560297], [72.667575, 23.1558273], [72.6675966, 23.1558157], [72.6672773, 23.1551853], [72.6673007, 23.1551587], [72.6672719, 23.1550891], [72.6674559, 23.1549945], [72.6675299, 23.1550326], [72.6676075, 23.1550459], [72.6676869, 23.1551488], [72.6678853, 23.1555088], [72.6679503, 23.1556863], [72.6680026, 23.1558406], [72.6680261, 23.15596]]}}, {"type": "Feature", "properties": {"osm_id": 1330894779, "osm_type": "way", "name": "", "natural": "water"}, "geometry": {"type": "LineString", "coordinates": [[72.6245595, 23.125426], [72.6245665, 23.1257905], [72.6249983, 23.1258426], [72.6252461, 23.1254455], [72.6245595, 23.125426]]}}, {"type": "Feature", "properties": {"osm_id": 1331228276, "osm_type": "way", "name": "", "landuse": "residential"}, "geometry": {"type": "LineString", "coordinates": [[72.6215069, 23.122971], [72.6215028, 23.1239955], [72.6223769, 23.1240104], [72.6223932, 23.1232178], [72.623319, 23.1232254], [72.6233101, 23.1239499], [72.623699, 23.12394], [72.6238657, 23.1238711], [72.6239877, 23.1241776], [72.624504, 23.1241702], [72.6244837, 23.1242898], [72.62463, 23.124301], [72.6246219, 23.1245141], [72.6253943, 23.1244917], [72.6254065, 23.1250862], [72.6255603, 23.1256102], [72.6253672, 23.1257286], [72.6251067, 23.1261262], [72.6249245, 23.1266308], [72.6247704, 23.1266029], [72.6247798, 23.1265256], [72.624677, 23.1265277], [72.62467, 23.1262657], [72.6245953, 23.1262657], [72.6245719, 23.1260403], [72.6244412, 23.1260553], [72.6244879, 23.126474], [72.6244365, 23.1265943], [72.6247762, 23.126854], [72.6250212, 23.1268717], [72.6250456, 23.1266549], [72.624951, 23.1266287], [72.6250384, 23.1263904], [72.6251635, 23.1264222], [72.6254718, 23.1257419], [72.6256385, 23.1257587], [72.6257178, 23.1255961], [72.626023, 23.1257249], [72.6261327, 23.1257146], [72.6263593, 23.1256231], [72.6262916, 23.1254041], [72.6261998, 23.1254256], [72.6261566, 23.1252602], [72.6262173, 23.1252441], [72.6263866, 23.1253547], [72.6265526, 23.1254071], [72.6265641, 23.1253124], [72.6266341, 23.1253134], [72.6266364, 23.1253703], [72.6268419, 23.1253693], [72.6268575, 23.124953], [72.6268067, 23.1249568], [72.6268067, 23.1247698], [72.6266908, 23.1247829], [72.626703, 23.12494], [72.6264347, 23.124983], [72.6263839, 23.1248614], [72.6264716, 23.1248242], [72.6264309, 23.1247242], [72.6262841, 23.1247746], [72.6262343, 23.1245353], [72.6262765, 23.1245302], [72.6262729, 23.1245152], [72.6263567, 23.1244998], [72.6263353, 23.1243722], [72.6264466, 23.1243426], [72.6264104, 23.1241736], [72.626503, 23.124165], [72.6265056, 23.1241095], [72.626853, 23.1241169], [72.6268476, 23.124609], [72.6267068, 23.124646], [72.6267483, 23.1246884], [72.6268548, 23.124677], [72.6268629, 23.1245685], [72.6269165, 23.1245734], [72.6269152, 23.1246573], [72.6270573, 23.1246622], [72.6271043, 23.1245562], [72.6271673, 23.1244205], [72.6272, 23.1241672], [72.627201, 23.1241279], [72.6272054, 23.1240386], [72.626903, 23.1240182], [72.6269217, 23.1238775], [72.6270221, 23.1238775], [72.627021, 23.1238088], [72.6267945, 23.1237916], [72.6267921, 23.1236939], [72.627084, 23.1236896], [72.6270922, 23.123593], [72.6271646, 23.1235908], [72.6272031, 23.1234985], [72.6272019, 23.1234577], [72.6273876, 23.1234545], [72.6273829, 23.1233943], [72.6273502, 23.1233976], [72.6273222, 23.1231646], [72.6272451, 23.1231753], [72.6272206, 23.1230765], [72.6273093, 23.1230636], [72.6272988, 23.1230003], [72.6271751, 23.1230057], [72.6271599, 23.1228253], [72.6272486, 23.1228017], [72.6272307, 23.1226864], [72.62696, 23.1227285], [72.626937, 23.122626], [72.6267016, 23.1226813], [72.6267299, 23.122805], [72.6263619, 23.122831], [72.6263548, 23.1224649], [72.6261407, 23.122486], [72.6251019, 23.1228115], [72.6249993, 23.1224242], [72.6252099, 23.1223526], [72.6251249, 23.1220417], [72.6252877, 23.1220206], [72.6252683, 23.1218171], [72.6248418, 23.1218578], [72.6248683, 23.1220596], [72.6245622, 23.1220938], [72.6247377, 23.1225833], [72.6242913, 23.1226874], [72.6244498, 23.1231304], [72.6233298, 23.1231342], [72.6231712, 23.1231398], [72.6231651, 23.1229061], [72.6223541, 23.122893], [72.6223459, 23.122964], [72.6215069, 23.122971]]}}, {"type": "Feature", "properties": {"osm_id": 1331288475, "osm_type": "way", "name": "", "landuse": "residential"}, "geometry": {"type": "LineString", "coordinates": [[72.6359992, 23.1360961], [72.6354169, 23.1362321], [72.6355563, 23.1365837], [72.6353605, 23.1366195], [72.6353163, 23.1363987], [72.6351401, 23.1364367], [72.6352719, 23.1369298], [72.6349269, 23.1369973], [72.6350061, 23.1368529], [72.6348462, 23.1366906], [72.6346024, 23.136725], [72.6345506, 23.1368501], [72.634268, 23.1368688], [72.634289, 23.1369903], [72.6341804, 23.1370075], [72.6342026, 23.1372039], [72.6344618, 23.1371739], [72.6344968, 23.1372372], [72.6343532, 23.1373263], [72.6342551, 23.1373424], [72.6342715, 23.1374691], [72.6343555, 23.1374552], [72.6343547, 23.1374318], [72.6345916, 23.1372921], [72.6345345, 23.137224], [72.6345645, 23.1372093], [72.6345412, 23.1371449], [72.6346054, 23.1371331], [72.6346486, 23.1372842], [72.6347642, 23.1372587], [72.6347183, 23.1370598], [72.6347439, 23.1370453], [72.6348968, 23.1370284], [72.6352788, 23.1369654], [72.6353496, 23.1372014], [72.6355984, 23.1371395], [72.6357401, 23.1379327], [72.6364294, 23.1377735], [72.6359992, 23.1360961]]}}, {"type": "Feature", "properties": {"osm_id": 1331288476, "osm_type": "way", "name": "", "landuse": "residential"}, "geometry": {"type": "LineString", "coordinates": [[72.6365989, 23.1384561], [72.6359233, 23.1385916], [72.6358524, 23.1398532], [72.6361957, 23.1408496], [72.635096, 23.1411949], [72.6349995, 23.1422407], [72.6350209, 23.1425613], [72.6348418, 23.1425827], [72.6348601, 23.1427173], [72.6343946, 23.1427865], [72.6344007, 23.1428968], [72.6345592, 23.1428706], [72.6345796, 23.1430426], [72.6347015, 23.1430276], [72.6347361, 23.1433566], [72.6345166, 23.1433809], [72.6345775, 23.1437883], [72.6344759, 23.1437977], [72.6344901, 23.1439622], [72.6348154, 23.1439229], [72.6347727, 23.1435865], [72.6359781, 23.1434762], [72.6360147, 23.1439528], [72.6356325, 23.1439809], [72.6357237, 23.1445955], [72.6345991, 23.1446777], [72.6347347, 23.145978], [72.6351999, 23.1459469], [72.6351414, 23.1454964], [72.6352893, 23.1454823], [72.6352369, 23.1450035], [72.6354926, 23.1449865], [72.6355358, 23.1455248], [72.6357684, 23.1455021], [72.6357869, 23.1456749], [72.6360672, 23.1456537], [72.6360263, 23.1454292], [72.6365423, 23.1453777], [72.6364162, 23.1444008], [72.6370443, 23.1443578], [72.6368179, 23.1434711], [72.6372031, 23.1434668], [72.6371448, 23.1429773], [72.6367128, 23.1430674], [72.6366661, 23.1428978], [72.6355146, 23.1431185], [72.6353114, 23.1425002], [72.6351246, 23.1425388], [72.6350943, 23.142425], [72.6359022, 23.1422447], [72.6358555, 23.142103], [72.6363482, 23.1419741], [72.6362898, 23.1417981], [72.6365256, 23.1417422], [72.6364019, 23.1413944], [72.637079, 23.1412291], [72.6371818, 23.1415812], [72.6375904, 23.1414567], [72.637051, 23.1405291], [72.6365989, 23.1384561]]}}, {"type": "Feature", "properties": {"osm_id": 1331346832, "osm_type": "way", "name": "", "landuse": "residential"}, "geometry": {"type": "LineString", "coordinates": [[72.6351813, 23.1501336], [72.635259, 23.1509376], [72.6357284, 23.150797], [72.6355809, 23.1506022], [72.6355326, 23.1504542], [72.6355568, 23.1502989], [72.6356828, 23.1501287], [72.6358344, 23.1500683], [72.6359511, 23.1500917], [72.6360771, 23.1500128], [72.6362729, 23.1502224], [72.63634, 23.150178], [72.6361093, 23.149961], [72.6360288, 23.1500005], [72.635935, 23.1499141], [72.6351813, 23.1501336]]}}, {"type": "Feature", "properties": {"osm_id": 1331350324, "osm_type": "way", "name": "", "landuse": "residential"}, "geometry": {"type": "LineString", "coordinates": [[72.6365671, 23.1489192], [72.6367029, 23.149313], [72.6368091, 23.1492805], [72.6371559, 23.1500111], [72.6370957, 23.1500697], [72.6372081, 23.1502484], [72.6372905, 23.1502045], [72.6370654, 23.1497417], [72.6372583, 23.1496603], [72.6373468, 23.1498491], [72.6374866, 23.1497986], [72.6374176, 23.1496555], [72.6378423, 23.149483], [72.6376104, 23.1490144], [72.6381944, 23.1487784], [72.638205, 23.1488045], [72.6382723, 23.1487784], [72.6383006, 23.1488305], [72.6384333, 23.1487784], [72.6382687, 23.148357], [72.6379697, 23.1484335], [72.6377414, 23.1479519], [72.6380033, 23.147877], [72.6376954, 23.1471676], [72.6373592, 23.1473108], [72.6374901, 23.1475288], [72.6372424, 23.1476199], [72.6373061, 23.1477826], [72.6374653, 23.1477273], [72.6375538, 23.1478835], [72.6377095, 23.1482122], [72.6373415, 23.1483131], [72.637437, 23.1484888], [72.6371574, 23.1485799], [72.6372034, 23.1486776], [72.6370088, 23.1487264], [72.6369486, 23.1485962], [72.6365876, 23.1487134], [72.636662, 23.1488867], [72.6365671, 23.1489192]]}}, {"type": "Feature", "properties": {"osm_id": 1331350325, "osm_type": "way", "name": "", "landuse": "residential"}, "geometry": {"type": "LineString", "coordinates": [[72.640467, 23.1473811], [72.6407994, 23.1471309], [72.6410098, 23.1473727], [72.6409462, 23.1474581], [72.6412933, 23.1478126], [72.6417161, 23.1474818], [72.6413909, 23.1471323], [72.6410555, 23.1473528], [72.640405, 23.1465435], [72.6399314, 23.1468781], [72.640467, 23.1473811]]}}, {"type": "Feature", "properties": {"osm_id": 1331350326, "osm_type": "way", "name": "", "landuse": "residential"}, "geometry": {"type": "LineString", "coordinates": [[72.6386874, 23.1482835], [72.6392481, 23.1492284], [72.6395936, 23.1490116], [72.6395245, 23.148862], [72.63974, 23.1487275], [72.6398619, 23.1488919], [72.6400368, 23.1487611], [72.6397969, 23.1484957], [72.6401439, 23.1482414], [72.6400042, 23.1480882], [72.6396505, 23.1483611], [72.6392155, 23.1478079], [72.6392211, 23.1477106], [72.6392246, 23.1476097], [72.6392937, 23.1475219], [72.6398281, 23.1470451], [72.6394299, 23.1466514], [72.6391008, 23.1467522], [72.6392034, 23.1469263], [72.639405, 23.14685], [72.6394876, 23.1469786], [72.6392893, 23.1470807], [72.6391553, 23.1471557], [72.6392898, 23.1473282], [72.6390757, 23.1475055], [72.6391535, 23.1475885], [72.6391305, 23.1476975], [72.639035, 23.1477545], [72.6391659, 23.1479839], [72.6386874, 23.1482835]]}}, {"type": "Feature", "properties": {"osm_id": 1331550076, "osm_type": "way", "name": "", "landuse": "residential"}, "geometry": {"type": "LineString", "coordinates": [[72.6466495, 23.141499], [72.6466588, 23.1416407], [72.6467756, 23.141645], [72.6467791, 23.1417717], [72.6469379, 23.1417931], [72.6469729, 23.1418575], [72.646953, 23.1418983], [72.6470546, 23.1419713], [72.6466577, 23.1420733], [72.6467627, 23.1422655], [72.6468199, 23.1425146], [72.6471749, 23.1424399], [72.6472065, 23.1426337], [72.6474525, 23.1425995], [72.6474667, 23.1427996], [72.6473074, 23.1428159], [72.6472986, 23.1430844], [72.647311, 23.1431251], [72.647357, 23.1431137], [72.6473711, 23.1431495], [72.6474366, 23.1431381], [72.647449, 23.143239], [72.6475215, 23.1432211], [72.6475605, 23.1433724], [72.6475127, 23.143387], [72.6475428, 23.1434391], [72.6477003, 23.1433887], [72.6477321, 23.1434603], [72.6478507, 23.1434342], [72.6478755, 23.1436018], [72.6479622, 23.1435709], [72.6479834, 23.1436588], [72.647948, 23.1436734], [72.6480046, 23.143802], [72.6479215, 23.1438622], [72.6479781, 23.1439387], [72.648447, 23.1437743], [72.6484683, 23.1439191], [72.6482559, 23.1439647], [72.6483249, 23.14416], [72.6482754, 23.1441746], [72.6483249, 23.1443097], [72.6485107, 23.144268], [72.6485526, 23.1444221], [72.6483727, 23.1444838], [72.648447, 23.1446823], [72.648592, 23.144627], [72.6486397, 23.1447775], [72.6484134, 23.1448417], [72.6484948, 23.1450484], [72.6487125, 23.1449361], [72.648831, 23.1447653], [72.6489673, 23.1445863], [72.6490729, 23.1443171], [72.6491154, 23.144252], [72.6494551, 23.1441967], [72.6494622, 23.1441186], [72.6499789, 23.1440112], [72.6500002, 23.1441576], [72.6503039, 23.144129], [72.6506098, 23.1440689], [72.6505724, 23.1439165], [72.6501941, 23.1439723], [72.6501778, 23.1440281], [72.6500937, 23.1440367], [72.6500447, 23.1437146], [72.649949, 23.1437232], [72.6499373, 23.1436459], [72.649587, 23.1436116], [72.6495543, 23.1434119], [72.6492881, 23.143399], [72.6492741, 23.1432616], [72.6490691, 23.1432309], [72.6490695, 23.1430918], [72.6494026, 23.143092], [72.6495146, 23.1429202], [72.6493127, 23.1428473], [72.6491834, 23.142806], [72.6490993, 23.1427333], [72.6487674, 23.1426475], [72.6483285, 23.1427012], [72.6483471, 23.1427892], [72.6480319, 23.1428193], [72.6477797, 23.1425831], [72.6479689, 23.1423534], [72.6483051, 23.1424801], [72.6483658, 23.1421795], [72.6478171, 23.1419626], [72.6476887, 23.1424865], [72.6476163, 23.1424629], [72.6475673, 23.1420463], [72.6473711, 23.1418832], [72.6471446, 23.1418896], [72.6468808, 23.141501], [72.6466495, 23.141499]]}}, {"type": "Feature", "properties": {"osm_id": 1331579772, "osm_type": "way", "name": "", "landuse": "residential"}, "geometry": {"type": "LineString", "coordinates": [[72.6411422, 23.1519533], [72.6415745, 23.1530459], [72.6422778, 23.1528515], [72.641712, 23.1512698], [72.6411422, 23.1519533]]}}, {"type": "Feature", "properties": {"osm_id": 1331874669, "osm_type": "way", "name": "", "landuse": "residential"}, "geometry": {"type": "LineString", "coordinates": [[72.6441708, 23.1553331], [72.6441988, 23.1557153], [72.6449133, 23.1556229], [72.6448199, 23.1553267], [72.6441708, 23.1553331]]}}, {"type": "Feature", "properties": {"osm_id": 1331888309, "osm_type": "way", "name": "", "landuse": "residential"}, "geometry": {"type": "LineString", "coordinates": [[72.6418894, 23.1516711], [72.6423135, 23.1527855], [72.6426054, 23.1527018], [72.6423065, 23.1518345], [72.6431985, 23.1515661], [72.6428412, 23.1505914], [72.6422598, 23.150776], [72.6425386, 23.1514636], [72.6418894, 23.1516711]]}}, {"type": "Feature", "properties": {"osm_id": 1331888310, "osm_type": "way", "name": "", "landuse": "residential"}, "geometry": {"type": "LineString", "coordinates": [[72.6431583, 23.1506899], [72.643319, 23.1510013], [72.643296, 23.1510207], [72.6434169, 23.1512562], [72.6435601, 23.1511944], [72.6435711, 23.1512154], [72.6436654, 23.15118], [72.6436371, 23.1511209], [72.6435083, 23.1511746], [72.6433458, 23.1508644], [72.6436183, 23.1507455], [72.6438021, 23.1511016], [72.6443525, 23.1508615], [72.6440607, 23.1502961], [72.6431583, 23.1506899]]}}, {"type": "Feature", "properties": {"osm_id": 1331898885, "osm_type": "way", "name": "", "landuse": "residential"}, "geometry": {"type": "LineString", "coordinates": [[72.6409119, 23.1613789], [72.6409602, 23.1617858], [72.6411882, 23.1617612], [72.6412142, 23.1620649], [72.6410029, 23.1620778], [72.6410659, 23.1625147], [72.6414127, 23.1624814], [72.6412959, 23.1613382], [72.6409119, 23.1613789]]}}, {"type": "Feature", "properties": {"osm_id": 1331898886, "osm_type": "way", "name": "", "landuse": "residential"}, "geometry": {"type": "LineString", "coordinates": [[72.6419329, 23.1612836], [72.6419983, 23.1617581], [72.6423439, 23.161728], [72.6423277, 23.161575], [72.6427397, 23.1615466], [72.6427162, 23.1611894], [72.6419329, 23.1612836]]}}, {"type": "Feature", "properties": {"osm_id": 1331898887, "osm_type": "way", "name": "", "landuse": "residential"}, "geometry": {"type": "LineString", "coordinates": [[72.6431658, 23.1629487], [72.6431857, 23.163115], [72.6441419, 23.163018], [72.6440472, 23.1622294], [72.6449022, 23.1621426], [72.6449382, 23.162443], [72.6458297, 23.1623526], [72.6457675, 23.161834], [72.646166, 23.1617937], [72.6461217, 23.1614235], [72.6468789, 23.1613469], [72.6468106, 23.1607759], [72.6455604, 23.1609023], [72.645617, 23.1613761], [72.6446852, 23.1614703], [72.6446342, 23.1610436], [72.6434432, 23.161164], [72.6435793, 23.1623017], [72.6434181, 23.162318], [72.6434578, 23.1626495], [72.6433608, 23.1626593], [72.6433927, 23.1629257], [72.6431658, 23.1629487]]}}, {"type": "Feature", "properties": {"osm_id": 1331898924, "osm_type": "way", "name": "", "landuse": "residential"}, "geometry": {"type": "LineString", "coordinates": [[72.6391543, 23.1636228], [72.6393787, 23.165404], [72.6411747, 23.1652128], [72.64105, 23.1642229], [72.6404893, 23.1642826], [72.6404769, 23.1641841], [72.6400879, 23.1642256], [72.6401309, 23.1645659], [72.6397628, 23.1646052], [72.6397112, 23.1641963], [72.639813, 23.1641854], [72.6397343, 23.163561], [72.6391543, 23.1636228]]}}, {"type": "Feature", "properties": {"osm_id": 1331914829, "osm_type": "way", "name": "", "landuse": "residential"}, "geometry": {"type": "LineString", "coordinates": [[72.64887, 23.1639102], [72.6488668, 23.1644624], [72.6496229, 23.1644661], [72.6496261, 23.1639138], [72.64887, 23.1639102]]}}, {"type": "Feature", "properties": {"osm_id": 1331914850, "osm_type": "way", "name": "", "landuse": "residential"}, "geometry": {"type": "LineString", "coordinates": [[72.6497342, 23.1606794], [72.649774, 23.1613352], [72.6506627, 23.1612897], [72.6506229, 23.1606337], [72.6497342, 23.1606794]]}}, {"type": "Feature", "properties": {"osm_id": 1331914851, "osm_type": "way", "name": "", "landuse": "residential"}, "geometry": {"type": "LineString", "coordinates": [[72.6494326, 23.1605251], [72.6502567, 23.1605116], [72.6502508, 23.1602063], [72.6504433, 23.1602032], [72.6504387, 23.1599636], [72.6505465, 23.1599619], [72.6505432, 23.1597926], [72.6495899, 23.1598079], [72.6495996, 23.1603169], [72.6494287, 23.1603196], [72.6494326, 23.1605251]]}}, {"type": "Feature", "properties": {"osm_id": 1331914852, "osm_type": "way", "name": "", "landuse": "residential"}, "geometry": {"type": "LineString", "coordinates": [[72.6495954, 23.1586697], [72.649593, 23.1593159], [72.6503005, 23.1593095], [72.6503099, 23.1594447], [72.6504803, 23.1594404], [72.6504126, 23.1586633], [72.6495954, 23.1586697]]}}, {"type": "Feature", "properties": {"osm_id": 1331914853, "osm_type": "way", "name": "", "landuse": "commercial"}, "geometry": {"type": "LineString", "coordinates": [[72.6491167, 23.1584042], [72.6490797, 23.1598489], [72.6495762, 23.159841], [72.6495722, 23.1583342], [72.6491167, 23.1584042]]}}, {"type": "Feature", "properties": {"osm_id": 1332809530, "osm_type": "way", "name": "", "landuse": "residential"}, "geometry": {"type": "LineString", "coordinates": [[72.6506929, 23.1606275], [72.650749, 23.1611191], [72.6524068, 23.1610011], [72.6523041, 23.1604901], [72.6506929, 23.1606275]]}}, {"type": "Feature", "properties": {"osm_id": 1332809531, "osm_type": "way", "name": "", "landuse": "residential"}, "geometry": {"type": "LineString", "coordinates": [[72.6517597, 23.1646918], [72.6517832, 23.1649136], [72.6531176, 23.1647941], [72.6530287, 23.1639544], [72.6527916, 23.1639756], [72.6527748, 23.1638164], [72.6525743, 23.1638344], [72.6525949, 23.1640298], [72.6524646, 23.1640415], [72.6524425, 23.163832], [72.6522464, 23.1638495], [72.6522952, 23.1643122], [72.6521124, 23.1643285], [72.6520648, 23.1638772], [72.6518966, 23.1638922], [72.6519791, 23.1646722], [72.6517597, 23.1646918]]}}, {"type": "Feature", "properties": {"osm_id": 1333165114, "osm_type": "way", "name": "", "landuse": "residential"}, "geometry": {"type": "LineString", "coordinates": [[72.6511795, 23.1586747], [72.6512322, 23.1592262], [72.6517442, 23.1591848], [72.65171, 23.1588278], [72.6517742, 23.1588226], [72.6517556, 23.1586282], [72.6511795, 23.1586747]]}}, {"type": "Feature", "properties": {"osm_id": 1333165115, "osm_type": "way", "name": "", "landuse": "residential"}, "geometry": {"type": "LineString", "coordinates": [[72.6545639, 23.1661985], [72.6546546, 23.1668019], [72.655641, 23.1666767], [72.6556672, 23.1668514], [72.6562068, 23.1667829], [72.6560898, 23.1660046], [72.6545639, 23.1661985]]}}, {"type": "Feature", "properties": {"osm_id": 1333165117, "osm_type": "way", "name": "", "landuse": "residential"}, "geometry": {"type": "LineString", "coordinates": [[72.6540103, 23.1656826], [72.6540968, 23.1661284], [72.6548795, 23.1660163], [72.6546842, 23.1651167], [72.654057, 23.1652233], [72.6541447, 23.1656598], [72.6540103, 23.1656826]]}}, {"type": "Feature", "properties": {"osm_id": 1333165118, "osm_type": "way", "name": "", "landuse": "residential"}, "geometry": {"type": "LineString", "coordinates": [[72.6551693, 23.1654143], [72.6554757, 23.1653729], [72.6554919, 23.1654745], [72.6560244, 23.1654025], [72.6559986, 23.1652408], [72.6561335, 23.1652225], [72.6560932, 23.1649699], [72.6554112, 23.1650619], [72.6554313, 23.1652106], [72.6552569, 23.1652285], [72.6552436, 23.1651443], [72.6551236, 23.1651589], [72.6551693, 23.1654143]]}}, {"type": "Feature", "properties": {"osm_id": 1333165119, "osm_type": "way", "name": "", "landuse": "residential"}, "geometry": {"type": "LineString", "coordinates": [[72.6530989, 23.163782], [72.653219, 23.1644448], [72.6533762, 23.1644193], [72.6534316, 23.1647352], [72.6541572, 23.1645964], [72.6540555, 23.1641693], [72.6542481, 23.1641307], [72.6541587, 23.1635681], [72.6537397, 23.1636474], [72.6538414, 23.1641828], [72.6535117, 23.1642508], [72.6534409, 23.1638925], [72.6535641, 23.163874], [72.6535348, 23.1637041], [72.6530989, 23.163782]]}}, {"type": "Feature", "properties": {"osm_id": 1333165120, "osm_type": "way", "name": "", "landuse": "residential"}, "geometry": {"type": "LineString", "coordinates": [[72.6548353, 23.1639536], [72.6549775, 23.1644887], [72.6553342, 23.1644246], [72.6552162, 23.1639314], [72.6557365, 23.1638278], [72.6555756, 23.1632828], [72.655125, 23.1633716], [72.6552323, 23.1638722], [72.6548353, 23.1639536]]}}, {"type": "Feature", "properties": {"osm_id": 1333165121, "osm_type": "way", "name": "", "landuse": "residential"}, "geometry": {"type": "LineString", "coordinates": [[72.6524766, 23.1607711], [72.6525132, 23.1609262], [72.6529034, 23.1608459], [72.6530152, 23.1612888], [72.6526087, 23.1613598], [72.6527794, 23.1620756], [72.6534543, 23.1619653], [72.6533161, 23.1612421], [72.6538731, 23.1611356], [72.6536291, 23.1602871], [72.6527896, 23.1604067], [72.6528526, 23.1606777], [72.6524766, 23.1607711]]}}, {"type": "Feature", "properties": {"osm_id": 1333165122, "osm_type": "way", "name": "", "landuse": "residential"}, "geometry": {"type": "LineString", "coordinates": [[72.651985, 23.1589117], [72.6522655, 23.1599452], [72.6529038, 23.1598275], [72.6525541, 23.1586164], [72.652361, 23.1586669], [72.6524037, 23.1587977], [72.651985, 23.1589117]]}}, {"type": "Feature", "properties": {"osm_id": 1333184731, "osm_type": "way", "name": "", "landuse": "residential"}, "geometry": {"type": "LineString", "coordinates": [[72.6420655, 23.1747172], [72.6421326, 23.1755984], [72.6432041, 23.1755773], [72.6431866, 23.1753369], [72.6429788, 23.1753487], [72.6429554, 23.1749698], [72.6430547, 23.1749591], [72.6430512, 23.1747433], [72.6422339, 23.174768], [72.6422316, 23.1747165], [72.6420655, 23.1747172]]}}, {"type": "Feature", "properties": {"osm_id": 1333184732, "osm_type": "way", "name": "", "landuse": "residential"}, "geometry": {"type": "LineString", "coordinates": [[72.6448714, 23.174454], [72.644788, 23.1752463], [72.6448084, 23.1757303], [72.6455401, 23.1757845], [72.645653, 23.1743587], [72.645534, 23.1743447], [72.6455127, 23.1745175], [72.6448714, 23.174454]]}}, {"type": "Feature", "properties": {"osm_id": 1333188786, "osm_type": "way", "name": "", "landuse": "residential"}, "geometry": {"type": "LineString", "coordinates": [[72.6457258, 23.174256], [72.6456232, 23.1750971], [72.6455913, 23.1759642], [72.6459682, 23.1759788], [72.6459584, 23.1761839], [72.645809, 23.1761822], [72.6458017, 23.1762907], [72.6455896, 23.1762863], [72.6455782, 23.1766643], [72.6454045, 23.1766614], [72.6454002, 23.1773144], [72.6451978, 23.1773123], [72.6451949, 23.1774169], [72.6458187, 23.1774356], [72.6458231, 23.1773746], [72.646039, 23.1773795], [72.6460369, 23.177464], [72.6461824, 23.1774672], [72.6462071, 23.1769809], [72.646439, 23.1769907], [72.646419, 23.1774824], [72.6467327, 23.1774917], [72.64674, 23.1773839], [72.6464661, 23.1773681], [72.6464761, 23.1770948], [72.6465965, 23.1770981], [72.6466, 23.1769891], [72.6469415, 23.1770086], [72.6469309, 23.1774885], [72.6473503, 23.1774852], [72.647368, 23.1771745], [72.6471397, 23.1771615], [72.6471645, 23.1766344], [72.6474087, 23.1766426], [72.647435, 23.176107], [72.6471981, 23.1760992], [72.6472094, 23.1759349], [72.6474406, 23.1759447], [72.6474494, 23.1758336], [72.6472052, 23.1758178], [72.6472565, 23.1750597], [72.6466301, 23.1750499], [72.6466531, 23.1745635], [72.6469291, 23.1745928], [72.6469486, 23.1744578], [72.646285, 23.1743878], [72.6462903, 23.1743179], [72.6457258, 23.174256]]}}, {"type": "Feature", "properties": {"osm_id": 1333198897, "osm_type": "way", "name": "", "landuse": "residential"}, "geometry": {"type": "LineString", "coordinates": [[72.642567, 23.176308], [72.6425594, 23.176425], [72.6424169, 23.1764171], [72.6424103, 23.1765186], [72.6425702, 23.1765273], [72.6425628, 23.176641], [72.6427731, 23.1766525], [72.6427637, 23.1767994], [72.6429017, 23.1768069], [72.642891, 23.1769122], [72.6425004, 23.1768886], [72.6424759, 23.1772878], [72.6426631, 23.1772979], [72.6426697, 23.1771948], [72.6428496, 23.1772046], [72.6428428, 23.1773108], [72.6430267, 23.1773208], [72.6430346, 23.1771986], [72.6428676, 23.1771895], [72.6428732, 23.1771035], [72.642726, 23.1770954], [72.6427378, 23.1769137], [72.6430906, 23.1769332], [72.643066, 23.1773091], [72.6433767, 23.1773263], [72.6433898, 23.1771274], [72.6432405, 23.1771191], [72.6432523, 23.1769389], [72.64348, 23.1769515], [72.6434664, 23.1771586], [72.6438123, 23.1771778], [72.6438009, 23.1773505], [72.6439736, 23.1773602], [72.6439858, 23.1771749], [72.6441811, 23.1771858], [72.6441691, 23.1773674], [72.6443975, 23.1773801], [72.6444026, 23.1773024], [72.6443379, 23.1772974], [72.6443865, 23.1765091], [72.6436421, 23.1764649], [72.6436522, 23.1763116], [72.6434573, 23.1763007], [72.6434607, 23.1762484], [72.6432766, 23.1762382], [72.6432577, 23.1765252], [72.6430611, 23.1765143], [72.6430982, 23.1759504], [72.6429296, 23.175941], [72.6429231, 23.1760395], [72.6427675, 23.1760309], [72.6427487, 23.176318], [72.642567, 23.176308]]}}, {"type": "Feature", "properties": {"osm_id": 1333198943, "osm_type": "way", "name": "", "landuse": "residential"}, "geometry": {"type": "LineString", "coordinates": [[72.6428372, 23.1773772], [72.6428084, 23.1778947], [72.6430351, 23.1779068], [72.643023, 23.1780992], [72.6433194, 23.178115], [72.6433316, 23.1779201], [72.6435729, 23.1779329], [72.6435923, 23.1776237], [72.6437796, 23.1776337], [72.643759, 23.1779602], [72.6439459, 23.1779701], [72.6439683, 23.177615], [72.6437294, 23.1776022], [72.6437354, 23.1775069], [72.6436009, 23.1774997], [72.6436057, 23.1774238], [72.6434351, 23.1774146], [72.6434158, 23.1777198], [72.6431686, 23.1777066], [72.6431998, 23.1773886], [72.6428372, 23.1773772]]}}, {"type": "Feature", "properties": {"osm_id": 1333198944, "osm_type": "way", "name": "", "landuse": "residential"}, "geometry": {"type": "LineString", "coordinates": [[72.6445026, 23.1775594], [72.6444938, 23.1776687], [72.6445993, 23.1776764], [72.6445939, 23.1777496], [72.6444812, 23.1777407], [72.6444514, 23.1780349], [72.6451655, 23.1780917], [72.6451751, 23.1780093], [72.6454541, 23.1780264], [72.6454459, 23.1781003], [72.6455572, 23.17811], [72.64556, 23.1780756], [72.645852, 23.1780958], [72.6458566, 23.1780447], [72.6460712, 23.1780559], [72.6460954, 23.1777402], [72.6463062, 23.1777483], [72.6463224, 23.1775478], [72.6458755, 23.1775173], [72.6458679, 23.1776109], [72.6458081, 23.1776067], [72.6458146, 23.1775284], [72.645648, 23.1775167], [72.6456402, 23.1776096], [72.6454708, 23.1775975], [72.6454549, 23.1777851], [72.6453271, 23.1777759], [72.6453501, 23.1775066], [72.6450757, 23.1774868], [72.6450671, 23.1775865], [72.6447871, 23.1775661], [72.6447782, 23.1776688], [72.6446097, 23.1776565], [72.6446185, 23.1775661], [72.6445026, 23.1775594]]}}, {"type": "Feature", "properties": {"osm_id": 1333201404, "osm_type": "way", "name": "", "landuse": "residential"}, "geometry": {"type": "LineString", "coordinates": [[72.6414985, 23.1770483], [72.6416552, 23.1782884], [72.6423659, 23.1782125], [72.6423313, 23.1779385], [72.642486, 23.177922], [72.6424423, 23.1775757], [72.6423205, 23.1775886], [72.6422827, 23.1772884], [72.6424081, 23.177275], [72.6423781, 23.1770372], [72.6422102, 23.1770551], [72.6421999, 23.1769734], [72.6414985, 23.1770483]]}}, {"type": "Feature", "properties": {"osm_id": 1333693586, "osm_type": "way", "name": "", "landuse": "residential"}, "geometry": {"type": "LineString", "coordinates": [[72.6431907, 23.1800702], [72.6431397, 23.1805214], [72.6432685, 23.1805338], [72.6432598, 23.180596], [72.6433838, 23.1806102], [72.6433711, 23.1807058], [72.643129, 23.1806842], [72.6430727, 23.1810614], [72.643754, 23.1811453], [72.6438773, 23.1802576], [72.6434382, 23.1802102], [72.6434534, 23.1800915], [72.6431907, 23.1800702]]}}, {"type": "Feature", "properties": {"osm_id": 1335908573, "osm_type": "way", "name": "", "landuse": "residential"}, "geometry": {"type": "LineString", "coordinates": [[72.6637583, 23.176872], [72.6636027, 23.176838], [72.6635072, 23.1770405], [72.6632653, 23.1769796], [72.6633963, 23.1766652], [72.6631991, 23.1766596], [72.6630759, 23.1769881], [72.6627174, 23.1769493], [72.6625233, 23.1773486], [72.662363, 23.1774987], [72.6619379, 23.1775157], [72.6618947, 23.1772891], [72.6611953, 23.1771985], [72.6611491, 23.1773741], [72.6618085, 23.1775356], [72.6617684, 23.1778443], [72.6614603, 23.177833], [72.6613802, 23.1781105], [72.6617468, 23.178136], [72.6617068, 23.1783711], [72.6614973, 23.1783343], [72.6614202, 23.1785949], [72.6618608, 23.1787506], [72.6618516, 23.1788384], [72.6617684, 23.1788384], [72.6617592, 23.1789404], [72.6614141, 23.1789177], [72.661302, 23.1795058], [72.6616232, 23.1796067], [72.6620134, 23.1796553], [72.6626599, 23.1796703], [72.663042, 23.1787771], [72.6631315, 23.1785005], [72.6636034, 23.1774134], [72.6637583, 23.176872]]}}, {"type": "Feature", "properties": {"osm_id": 1335908574, "osm_type": "way", "name": "", "landuse": "residential"}, "geometry": {"type": "LineString", "coordinates": [[72.6639124, 23.1764503], [72.6637917, 23.1771111], [72.663671, 23.1774686], [72.663384, 23.1781615], [72.6636093, 23.1781788], [72.6635932, 23.1784229], [72.663781, 23.1784229], [72.6638239, 23.177873], [72.6640679, 23.1771234], [72.6643898, 23.1771703], [72.6644515, 23.1768941], [72.6645293, 23.1769089], [72.6645427, 23.1766944], [72.6641833, 23.1766328], [72.6642182, 23.1765169], [72.6639124, 23.1764503]]}}, {"type": "Feature", "properties": {"osm_id": 1335908575, "osm_type": "way", "name": "", "landuse": "residential"}, "geometry": {"type": "LineString", "coordinates": [[72.6610066, 23.1795253], [72.6609666, 23.1798426], [72.6609882, 23.1800267], [72.6611915, 23.1800777], [72.6610837, 23.1805223], [72.6609912, 23.1805053], [72.6609419, 23.1807064], [72.6610344, 23.1807178], [72.6610066, 23.1808764], [72.6613479, 23.1809361], [72.6613385, 23.1809867], [72.6616577, 23.1810039], [72.6620251, 23.181073], [72.662434, 23.1800624], [72.6626191, 23.1797394], [72.6621041, 23.1797246], [72.6616749, 23.1796752], [72.6610066, 23.1795253]]}}, {"type": "Feature", "properties": {"osm_id": 1335908576, "osm_type": "way", "name": "", "landuse": "residential"}, "geometry": {"type": "LineString", "coordinates": [[72.660476, 23.1804952], [72.6603044, 23.180505], [72.6603017, 23.1806061], [72.6603795, 23.1806037], [72.6603875, 23.180833], [72.6602668, 23.1808478], [72.6602749, 23.1809168], [72.6604063, 23.1809193], [72.6603982, 23.1810401], [72.6602078, 23.1810376], [72.6602132, 23.1811683], [72.6605619, 23.1811806], [72.6605377, 23.1815233], [72.6614202, 23.1815406], [72.6613853, 23.1819943], [72.6608649, 23.1819573], [72.6608408, 23.1822433], [72.6602094, 23.1821967], [72.6601811, 23.1831793], [72.6605598, 23.1834558], [72.6609456, 23.1835241], [72.6609562, 23.183612], [72.6610844, 23.1836167], [72.6610981, 23.1837335], [72.6611977, 23.1837353], [72.6614497, 23.1835971], [72.6613948, 23.1833373], [72.6618379, 23.1831499], [72.6622293, 23.1831278], [72.6623181, 23.1828316], [72.6625329, 23.1826169], [72.6626823, 23.1824409], [72.6627244, 23.1820503], [72.6630886, 23.1820588], [72.6630513, 23.1813763], [72.662687, 23.1813591], [72.6624862, 23.1813269], [72.6624512, 23.1810092], [72.6621266, 23.1809985], [72.6621009, 23.181138], [72.6616783, 23.1810457], [72.6612626, 23.1810242], [72.6609894, 23.1809684], [72.6608727, 23.1809255], [72.6605551, 23.180625], [72.660476, 23.1804952]]}}, {"type": "Feature", "properties": {"osm_id": 1335908577, "osm_type": "way", "name": "", "landuse": "residential"}, "geometry": {"type": "LineString", "coordinates": [[72.6609438, 23.1839027], [72.6609783, 23.1840541], [72.6608157, 23.184041], [72.6607338, 23.1842389], [72.6607385, 23.1843933], [72.6606784, 23.1843997], [72.6606753, 23.1844882], [72.66071, 23.1845788], [72.6604007, 23.1845823], [72.6603995, 23.184768], [72.6607299, 23.1848013], [72.6606964, 23.1850171], [72.6607207, 23.1852264], [72.6612289, 23.1851984], [72.6612371, 23.1852787], [72.6614342, 23.1852638], [72.6614322, 23.1853404], [72.6621254, 23.1853011], [72.6621376, 23.1854319], [72.6623042, 23.185417], [72.66229, 23.1852301], [72.6625684, 23.1852202], [72.6619738, 23.1846932], [72.6631275, 23.1844394], [72.6632125, 23.1847387], [72.6627666, 23.1848494], [72.6628515, 23.1851129], [72.6629329, 23.1853666], [72.6629612, 23.1858546], [72.6631983, 23.1858384], [72.6631806, 23.1854968], [72.6634036, 23.185487], [72.6634461, 23.1859783], [72.6635664, 23.1859653], [72.6635275, 23.185718], [72.6638348, 23.1857108], [72.6638482, 23.1857773], [72.6639032, 23.1857662], [72.663867, 23.1854975], [72.6634528, 23.1855214], [72.6631661, 23.1849162], [72.6638917, 23.1846137], [72.6639978, 23.1845519], [72.6640916, 23.1844331], [72.6639806, 23.1844293], [72.6639503, 23.1843649], [72.6633595, 23.1844078], [72.6633408, 23.1842104], [72.6632217, 23.1842082], [72.6632077, 23.1840837], [72.6635089, 23.1840558], [72.6634366, 23.1830964], [72.663063, 23.1831328], [72.662262, 23.1832316], [72.662171, 23.1832573], [72.6621827, 23.183414], [72.6620029, 23.183457], [72.6618581, 23.1832359], [72.6616153, 23.1833303], [72.6614845, 23.1834441], [72.6614658, 23.1836351], [72.6609438, 23.1839027]]}}, {"type": "Feature", "properties": {"osm_id": 1335908578, "osm_type": "way", "name": "", "landuse": "residential"}, "geometry": {"type": "LineString", "coordinates": [[72.6641585, 23.1829594], [72.6641625, 23.1831612], [72.6647154, 23.1831051], [72.6647358, 23.1833854], [72.6651789, 23.1833144], [72.6651708, 23.1836283], [72.6653415, 23.1836358], [72.6654208, 23.1831126], [72.6660875, 23.1830304], [72.666056, 23.1826457], [72.665557, 23.182662], [72.6641585, 23.1829594]]}}, {"type": "Feature", "properties": {"osm_id": 1335908579, "osm_type": "way", "name": "", "landuse": "residential"}, "geometry": {"type": "LineString", "coordinates": [[72.6652899, 23.181781], [72.6653433, 23.1820445], [72.6651045, 23.1820461], [72.6651373, 23.1823039], [72.6644601, 23.1823645], [72.664486, 23.1824989], [72.6653951, 23.1824093], [72.6654391, 23.1825878], [72.6659192, 23.1825275], [72.6659033, 23.1824038], [72.66619, 23.1823681], [72.6661245, 23.1818003], [72.6658201, 23.1818166], [72.6657989, 23.1817548], [72.6652899, 23.181781]]}}, {"type": "Feature", "properties": {"osm_id": 1335908580, "osm_type": "way", "name": "", "landuse": "residential"}, "geometry": {"type": "LineString", "coordinates": [[72.6494307, 23.1741278], [72.6493687, 23.1745976], [72.6491542, 23.1745737], [72.6491335, 23.1747303], [72.6504294, 23.1748751], [72.6505171, 23.1742116], [72.6510633, 23.1742726], [72.6510935, 23.1740439], [72.6501895, 23.173943], [72.6501545, 23.1742085], [72.6494307, 23.1741278]]}}, {"type": "Feature", "properties": {"osm_id": 1335908581, "osm_type": "way", "name": "", "landuse": "residential"}, "geometry": {"type": "LineString", "coordinates": [[72.6519591, 23.1728464], [72.6518441, 23.1732367], [72.6524428, 23.1733858], [72.6525973, 23.1728612], [72.6523955, 23.1728109], [72.6523559, 23.1729452], [72.6519591, 23.1728464]]}}, {"type": "Feature", "properties": {"osm_id": 1335908582, "osm_type": "way", "name": "", "landuse": "residential"}, "geometry": {"type": "LineString", "coordinates": [[72.6525803, 23.1713583], [72.6523608, 23.1719697], [72.6525619, 23.1720307], [72.652578, 23.1719857], [72.65278, 23.172047], [72.6528651, 23.1718099], [72.6530696, 23.1718719], [72.6531878, 23.1715426], [72.6525803, 23.1713583]]}}, {"type": "Feature", "properties": {"osm_id": 1335908590, "osm_type": "way", "name": "", "landuse": "residential"}, "geometry": {"type": "LineString", "coordinates": [[72.6615584, 23.1652698], [72.6622355, 23.1659525], [72.662894, 23.1656369], [72.6626185, 23.1648469], [72.6615584, 23.1652698]]}}, {"type": "Feature", "properties": {"osm_id": 1335908591, "osm_type": "way", "name": "", "landuse": "residential"}, "geometry": {"type": "LineString", "coordinates": [[72.65646, 23.1657425], [72.6568663, 23.1671507], [72.6581319, 23.1662706], [72.6579544, 23.165618], [72.6566935, 23.1659099], [72.6566235, 23.165691], [72.65646, 23.1657425]]}}, {"type": "Feature", "properties": {"osm_id": 1335908592, "osm_type": "way", "name": "", "landuse": "residential"}, "geometry": {"type": "LineString", "coordinates": [[72.6623072, 23.1628375], [72.6624672, 23.1631445], [72.6630067, 23.163716], [72.6631217, 23.1636672], [72.6633252, 23.1640528], [72.6634933, 23.1643033], [72.6640259, 23.1639942], [72.6645922, 23.1636298], [72.6644878, 23.1632784], [72.6645374, 23.1632605], [72.6644701, 23.1631092], [72.6644241, 23.1631222], [72.6642454, 23.1628554], [72.6640419, 23.1628212], [72.6639888, 23.1629269], [72.6639499, 23.162909], [72.6635287, 23.1635972], [72.6629359, 23.162517], [72.6623072, 23.1628375]]}}, {"type": "Feature", "properties": {"osm_id": 1335908593, "osm_type": "way", "name": "", "landuse": "residential"}, "geometry": {"type": "LineString", "coordinates": [[72.6616898, 23.1625182], [72.6622965, 23.163692], [72.6627586, 23.1634642], [72.6625428, 23.1632312], [72.6624605, 23.163147], [72.6622929, 23.1628346], [72.6623933, 23.1627819], [72.662161, 23.1623182], [72.6616898, 23.1625182]]}}, {"type": "Feature", "properties": {"osm_id": 1335908596, "osm_type": "way", "name": "", "landuse": "residential"}, "geometry": {"type": "LineString", "coordinates": [[72.6616629, 23.1644449], [72.6618161, 23.1647907], [72.6617046, 23.1648325], [72.6617496, 23.164934], [72.6626628, 23.1645916], [72.6624561, 23.1641258], [72.6620695, 23.1642708], [72.6620498, 23.1642262], [72.6619363, 23.1642687], [72.6619644, 23.164332], [72.6616629, 23.1644449]]}}, {"type": "Feature", "properties": {"osm_id": 1335908597, "osm_type": "way", "name": "", "landuse": "residential"}, "geometry": {"type": "LineString", "coordinates": [[72.6607381, 23.1628642], [72.6610055, 23.1634187], [72.6615474, 23.1631977], [72.6612798, 23.1626433], [72.6607381, 23.1628642]]}}, {"type": "Feature", "properties": {"osm_id": 1335908601, "osm_type": "way", "name": "", "landuse": "residential"}, "geometry": {"type": "LineString", "coordinates": [[72.6593703, 23.1642405], [72.6594942, 23.1645406], [72.6596381, 23.1644904], [72.6596902, 23.1646165], [72.6599816, 23.1645148], [72.6598055, 23.1640886], [72.6593703, 23.1642405]]}}, {"type": "Feature", "properties": {"osm_id": 1335908603, "osm_type": "way", "name": "", "landuse": "residential"}, "geometry": {"type": "LineString", "coordinates": [[72.6574098, 23.1640297], [72.6575914, 23.1645375], [72.6581356, 23.164373], [72.6582338, 23.1646478], [72.6585693, 23.1645465], [72.6583467, 23.1639233], [72.6580571, 23.1640107], [72.6580034, 23.1638605], [72.6578225, 23.1639152], [72.6579118, 23.1641653], [72.6577063, 23.1642274], [72.6576136, 23.1639681], [72.6574098, 23.1640297]]}}, {"type": "Feature", "properties": {"osm_id": 1335922907, "osm_type": "way", "name": "", "landuse": "residential"}, "geometry": {"type": "LineString", "coordinates": [[72.66146, 23.1620251], [72.6616567, 23.1624118], [72.6624631, 23.162065], [72.6622665, 23.1616784], [72.66146, 23.1620251]]}}, {"type": "Feature", "properties": {"osm_id": 1335922909, "osm_type": "way", "name": "", "landuse": "residential"}, "geometry": {"type": "LineString", "coordinates": [[72.6627217, 23.1604118], [72.6629624, 23.1608567], [72.6631738, 23.16076], [72.6635376, 23.1614321], [72.6646313, 23.1609315], [72.6636208, 23.1590653], [72.6631547, 23.1592786], [72.6635604, 23.1600281], [72.6627217, 23.1604118]]}}, {"type": "Feature", "properties": {"osm_id": 1335922910, "osm_type": "way", "name": "", "landuse": "residential"}, "geometry": {"type": "LineString", "coordinates": [[72.6615957, 23.1600933], [72.6619656, 23.1607819], [72.6623627, 23.1606039], [72.6619947, 23.1599136], [72.6615957, 23.1600933]]}}, {"type": "Feature", "properties": {"osm_id": 1335922911, "osm_type": "way", "name": "", "landuse": "residential"}, "geometry": {"type": "LineString", "coordinates": [[72.6615126, 23.1610664], [72.6617154, 23.1614555], [72.6620574, 23.1613049], [72.6618547, 23.1609157], [72.6615126, 23.1610664]]}}, {"type": "Feature", "properties": {"osm_id": 1335922921, "osm_type": "way", "name": "", "landuse": "residential"}, "geometry": {"type": "LineString", "coordinates": [[72.6571659, 23.1596023], [72.6574533, 23.1602739], [72.6577598, 23.1601779], [72.6579497, 23.1606229], [72.6582066, 23.1605302], [72.658015, 23.1600808], [72.6581376, 23.1600366], [72.6580365, 23.1597995], [72.6578139, 23.1598797], [72.657625, 23.1594368], [72.6571659, 23.1596023]]}}, {"type": "Feature", "properties": {"osm_id": 1335922922, "osm_type": "way", "name": "", "landuse": "residential"}, "geometry": {"type": "LineString", "coordinates": [[72.6600186, 23.1575361], [72.6601878, 23.1579254], [72.660885, 23.1576694], [72.6607158, 23.15728], [72.6600186, 23.1575361]]}}, {"type": "Feature", "properties": {"osm_id": 1335922923, "osm_type": "way", "name": "", "landuse": "industrial"}, "geometry": {"type": "LineString", "coordinates": [[72.660242, 23.1584558], [72.660993, 23.158441], [72.6609072, 23.1577012], [72.6600328, 23.1580317], [72.660242, 23.1584558]]}}, {"type": "Feature", "properties": {"osm_id": 1335922930, "osm_type": "way", "name": "", "landuse": "residential"}, "geometry": {"type": "LineString", "coordinates": [[72.657976, 23.16141], [72.6583391, 23.1621168], [72.6589322, 23.161878], [72.6588087, 23.161634], [72.660077, 23.1611149], [72.6598589, 23.1606567], [72.657976, 23.16141]]}}, {"type": "Feature", "properties": {"osm_id": 1335922933, "osm_type": "way", "name": "", "landuse": "residential"}, "geometry": {"type": "LineString", "coordinates": [[72.6603113, 23.1618068], [72.6606801, 23.1625752], [72.6609656, 23.1624617], [72.6607339, 23.1619687], [72.6612446, 23.1617659], [72.6611291, 23.16152], [72.6603113, 23.1618068]]}}, {"type": "Feature", "properties": {"osm_id": 1335922935, "osm_type": "way", "name": "", "landuse": "residential"}, "geometry": {"type": "LineString", "coordinates": [[72.6558223, 23.1637611], [72.6559865, 23.1642839], [72.6562966, 23.1642015], [72.6561323, 23.1636788], [72.6558223, 23.1637611]]}}, {"type": "Feature", "properties": {"osm_id": 1335922936, "osm_type": "way", "name": "", "landuse": "residential"}, "geometry": {"type": "LineString", "coordinates": [[72.6561208, 23.1631356], [72.6563105, 23.1636511], [72.6566162, 23.163556], [72.6564264, 23.1630405], [72.6561208, 23.1631356]]}}, {"type": "Feature", "properties": {"osm_id": 1335922937, "osm_type": "way", "name": "", "landuse": "residential"}, "geometry": {"type": "LineString", "coordinates": [[72.6572977, 23.1628099], [72.6574875, 23.1633253], [72.6577932, 23.1632302], [72.6576034, 23.1627148], [72.6572977, 23.1628099]]}}, {"type": "Feature", "properties": {"osm_id": 1335922952, "osm_type": "way", "name": "", "landuse": "residential"}, "geometry": {"type": "LineString", "coordinates": [[72.6551235, 23.161518], [72.6552769, 23.1619799], [72.6571868, 23.1614441], [72.6570333, 23.1609819], [72.6551235, 23.161518]]}}, {"type": "Feature", "properties": {"osm_id": 1335922953, "osm_type": "way", "name": "", "landuse": "residential"}, "geometry": {"type": "LineString", "coordinates": [[72.6558399, 23.1607096], [72.6560455, 23.1612472], [72.6572061, 23.1609302], [72.6572818, 23.1611544], [72.6575037, 23.1610977], [72.6574297, 23.1608909], [72.6575437, 23.1608598], [72.6573034, 23.1603244], [72.6558399, 23.1607096]]}}, {"type": "Feature", "properties": {"osm_id": 1335922954, "osm_type": "way", "name": "", "landuse": "residential"}, "geometry": {"type": "LineString", "coordinates": [[72.654388, 23.1592769], [72.6546322, 23.1600415], [72.6553329, 23.1598821], [72.6550675, 23.1591207], [72.654388, 23.1592769]]}}, {"type": "Feature", "properties": {"osm_id": 1335922955, "osm_type": "way", "name": "", "landuse": "residential"}, "geometry": {"type": "LineString", "coordinates": [[72.6549961, 23.15889], [72.6553435, 23.1598859], [72.6561333, 23.1596993], [72.655804, 23.1587032], [72.6549961, 23.15889]]}}, {"type": "Feature", "properties": {"osm_id": 1335927385, "osm_type": "way", "name": "", "landuse": "residential"}, "geometry": {"type": "LineString", "coordinates": [[72.6362466, 23.1602889], [72.6365161, 23.1625186], [72.6369158, 23.1624792], [72.6369694, 23.1628836], [72.6365563, 23.1629033], [72.636669, 23.163685], [72.6372939, 23.1636283], [72.6371786, 23.1628071], [72.6382435, 23.1627208], [72.6381652, 23.1620943], [72.6374857, 23.1621431], [72.6372945, 23.1604916], [72.6382612, 23.1603413], [72.6381865, 23.1599506], [72.6362466, 23.1602889]]}}, {"type": "Feature", "properties": {"osm_id": 1335927419, "osm_type": "way", "name": "", "landuse": "residential"}, "geometry": {"type": "LineString", "coordinates": [[72.6397577, 23.1775464], [72.6397984, 23.178563], [72.6401195, 23.1785518], [72.6401195, 23.17869], [72.6406846, 23.1786415], [72.6406735, 23.1781609], [72.6409708, 23.1781593], [72.6409655, 23.1784472], [72.641077, 23.1784488], [72.6410752, 23.1786148], [72.6412203, 23.1785952], [72.6412168, 23.1784098], [72.6413141, 23.1783935], [72.6412504, 23.1778062], [72.6409973, 23.1778111], [72.6410009, 23.1774565], [72.6408788, 23.1774663], [72.6408735, 23.1776175], [72.6406169, 23.1776175], [72.6406045, 23.1774711], [72.6404582, 23.1774751], [72.6404877, 23.1782592], [72.6403241, 23.1782468], [72.640316, 23.1784071], [72.6400827, 23.1784096], [72.6400746, 23.17766], [72.6402543, 23.1776526], [72.6402356, 23.1774874], [72.6397577, 23.1775464]]}}, {"type": "Feature", "properties": {"osm_id": 1335928725, "osm_type": "way", "name": "", "landuse": "residential"}, "geometry": {"type": "LineString", "coordinates": [[72.6383097, 23.1788667], [72.6384642, 23.1801411], [72.6386899, 23.1801318], [72.6385435, 23.1788424], [72.6383097, 23.1788667]]}}, {"type": "Feature", "properties": {"osm_id": 1335928735, "osm_type": "way", "name": "", "landuse": "residential"}, "geometry": {"type": "LineString", "coordinates": [[72.6393994, 23.1788684], [72.6395163, 23.179956], [72.6411928, 23.1800991], [72.6412919, 23.1794452], [72.6401063, 23.1794159], [72.6401523, 23.1796371], [72.6397913, 23.1796078], [72.639763, 23.1791946], [72.6400957, 23.1791784], [72.6400475, 23.1788173], [72.6395561, 23.1788584], [72.6393994, 23.1788684]]}}, {"type": "Feature", "properties": {"osm_id": 1335928736, "osm_type": "way", "name": "", "landuse": "residential"}, "geometry": {"type": "LineString", "coordinates": [[72.6395686, 23.1830583], [72.6395702, 23.1835609], [72.6412941, 23.1835564], [72.6412893, 23.1820317], [72.6400392, 23.1820349], [72.6400422, 23.1830571], [72.6395686, 23.1830583]]}}, {"type": "Feature", "properties": {"osm_id": 1335928738, "osm_type": "way", "name": "", "landuse": "residential"}, "geometry": {"type": "LineString", "coordinates": [[72.6423665, 23.1821384], [72.6423462, 23.1823122], [72.6420596, 23.1823458], [72.6420718, 23.1824841], [72.6423543, 23.1824467], [72.6422305, 23.1834383], [72.6423756, 23.1834513], [72.642358, 23.1835944], [72.6426163, 23.1836302], [72.6427614, 23.182908], [72.6430693, 23.1828461], [72.6433418, 23.1827811], [72.6437028, 23.1826282], [72.643844, 23.1825736], [72.644296, 23.1825103], [72.6444422, 23.182501], [72.6445215, 23.1824926], [72.6445317, 23.1825216], [72.6452679, 23.1824228], [72.6455224, 23.1823155], [72.6453978, 23.1819511], [72.6458531, 23.1818128], [72.6455401, 23.1811551], [72.6451091, 23.1813046], [72.645288, 23.1817269], [72.6449831, 23.181824], [72.6448733, 23.1815064], [72.644357, 23.181697], [72.6443082, 23.1815213], [72.6437513, 23.1817456], [72.6438285, 23.1820184], [72.6436212, 23.1820557], [72.6435724, 23.1818427], [72.6429138, 23.1820557], [72.6430317, 23.1824967], [72.6425967, 23.1824706], [72.6426526, 23.1821641], [72.6423665, 23.1821384]]}}, {"type": "Feature", "properties": {"osm_id": 1335953910, "osm_type": "way", "name": "", "landuse": "residential"}, "geometry": {"type": "LineString", "coordinates": [[72.6289775, 23.1615155], [72.6291076, 23.1625228], [72.6295121, 23.1624799], [72.6295385, 23.1628966], [72.6297967, 23.1628648], [72.6298333, 23.1631022], [72.6304675, 23.1630031], [72.630439, 23.1627602], [72.6315038, 23.1625072], [72.6314781, 23.162407], [72.6313095, 23.1624285], [72.6312541, 23.1622612], [72.6306484, 23.1623546], [72.6306362, 23.1623117], [72.6305224, 23.162306], [72.6304451, 23.161936], [72.6307921, 23.1619101], [72.6307469, 23.1615658], [72.6305, 23.1615697], [72.6304614, 23.1613716], [72.6305915, 23.161351], [72.6305406, 23.1611997], [72.6301992, 23.1612109], [72.6299593, 23.161237], [72.6294511, 23.1613716], [72.6289775, 23.1615155]]}}, {"type": "Feature", "properties": {"osm_id": 1336748409, "osm_type": "way", "name": "", "landuse": "residential"}, "geometry": {"type": "LineString", "coordinates": [[72.6198178, 23.1900938], [72.6193077, 23.1912524], [72.6204548, 23.1916791], [72.6211965, 23.1899942], [72.6206117, 23.1897767], [72.6203802, 23.1903029], [72.6198178, 23.1900938]]}}, {"type": "Feature", "properties": {"osm_id": 1336748410, "osm_type": "way", "name": "", "landuse": "industrial"}, "geometry": {"type": "LineString", "coordinates": [[72.6203843, 23.1897077], [72.6201685, 23.1901863], [72.6203737, 23.1902645], [72.6205896, 23.189786], [72.6203843, 23.1897077]]}}, {"type": "Feature", "properties": {"osm_id": 1336750500, "osm_type": "way", "name": "", "landuse": "residential"}, "geometry": {"type": "LineString", "coordinates": [[72.6194404, 23.1870611], [72.6191115, 23.1878179], [72.6185022, 23.1875941], [72.6184186, 23.1877864], [72.6180342, 23.1886706], [72.6189671, 23.1890134], [72.619376, 23.1880734], [72.6204555, 23.1884703], [72.6200371, 23.1894318], [72.6207421, 23.1896911], [72.6210159, 23.1890621], [72.6217318, 23.1893254], [72.6219142, 23.1879693], [72.6194404, 23.1870611]]}}, {"type": "Feature", "properties": {"osm_id": 1336760624, "osm_type": "way", "name": "", "landuse": "residential"}, "geometry": {"type": "LineString", "coordinates": [[72.6212769, 23.1817365], [72.6210736, 23.1825587], [72.6228543, 23.1829772], [72.6227324, 23.1820205], [72.6212769, 23.1817365]]}}, {"type": "Feature", "properties": {"osm_id": 1336760625, "osm_type": "way", "name": "", "landuse": "residential"}, "geometry": {"type": "LineString", "coordinates": [[72.6202122, 23.1839513], [72.6200711, 23.1845901], [72.6204223, 23.1846557], [72.6204782, 23.1844022], [72.6210269, 23.1845046], [72.621112, 23.1841193], [72.6202122, 23.1839513]]}}, {"type": "Feature", "properties": {"osm_id": 1336760626, "osm_type": "way", "name": "", "landuse": "residential"}, "geometry": {"type": "LineString", "coordinates": [[72.6202954, 23.1835955], [72.6202375, 23.1838324], [72.6215177, 23.1840963], [72.6215755, 23.1838597], [72.6202954, 23.1835955]]}}, {"type": "Feature", "properties": {"osm_id": 1336760648, "osm_type": "way", "name": "", "landuse": "industrial"}, "geometry": {"type": "LineString", "coordinates": [[72.6243013, 23.1823691], [72.6242952, 23.1828587], [72.6250514, 23.1828624], [72.6252161, 23.1823915], [72.6243013, 23.1823691]]}}, {"type": "Feature", "properties": {"osm_id": 1336760651, "osm_type": "way", "name": "", "landuse": "commercial"}, "geometry": {"type": "LineString", "coordinates": [[72.6241554, 23.1839197], [72.6246114, 23.1839296], [72.6243029, 23.1848862], [72.6240588, 23.1848788], [72.6240669, 23.1845805], [72.6242493, 23.1840923], [72.6241473, 23.1840849], [72.6241554, 23.1839197]]}}, {"type": "Feature", "properties": {"osm_id": 1336760662, "osm_type": "way", "name": "", "landuse": "residential"}, "geometry": {"type": "LineString", "coordinates": [[72.6254211, 23.183309], [72.6248357, 23.1849545], [72.6257846, 23.185014], [72.6262869, 23.1836772], [72.6263208, 23.1834959], [72.6254211, 23.183309]]}}, {"type": "Feature", "properties": {"osm_id": 1336760674, "osm_type": "way", "name": "", "landuse": "commercial"}, "geometry": {"type": "LineString", "coordinates": [[72.6271887, 23.1814684], [72.6271197, 23.1816815], [72.6278806, 23.1817937], [72.6277691, 23.1821532], [72.6285048, 23.1822017], [72.6290521, 23.1822378], [72.6290352, 23.1821264], [72.62896, 23.181631], [72.6271887, 23.1814684]]}}, {"type": "Feature", "properties": {"osm_id": 1336760675, "osm_type": "way", "name": "", "landuse": "residential"}, "geometry": {"type": "LineString", "coordinates": [[72.6268494, 23.1810996], [72.6267194, 23.1814659], [72.6265727, 23.1819661], [72.6269785, 23.1820572], [72.6267272, 23.1829155], [72.627566, 23.1829562], [72.6278562, 23.1818078], [72.6270289, 23.1816719], [72.627151, 23.1812406], [72.6268494, 23.1810996]]}}, {"type": "Feature", "properties": {"osm_id": 1336761569, "osm_type": "way", "name": "", "landuse": "residential"}, "geometry": {"type": "LineString", "coordinates": [[72.6272599, 23.1804858], [72.6273915, 23.1809454], [72.6275561, 23.1809056], [72.6276038, 23.1810722], [72.6280615, 23.1809614], [72.6280066, 23.1807696], [72.6281996, 23.1807229], [72.6281588, 23.1805803], [72.628261, 23.1805556], [72.6282098, 23.1803767], [72.6280586, 23.1804132], [72.6280064, 23.1802306], [72.6278179, 23.1802762], [72.6278762, 23.18048], [72.6277982, 23.1804989], [72.6278321, 23.1806173], [72.6275254, 23.1806915], [72.6274532, 23.180439], [72.6272599, 23.1804858]]}}, {"type": "Feature", "properties": {"osm_id": 1336761570, "osm_type": "way", "name": "", "landuse": "commercial"}, "geometry": {"type": "LineString", "coordinates": [[72.6284625, 23.1792389], [72.6284805, 23.1793667], [72.6285511, 23.1793583], [72.6286058, 23.1797461], [72.6285524, 23.1797525], [72.6286032, 23.1801126], [72.628337, 23.1801444], [72.6284278, 23.1807877], [72.6286082, 23.1807662], [72.6286366, 23.180968], [72.6288669, 23.1809406], [72.6286247, 23.1792196], [72.6284625, 23.1792389]]}}, {"type": "Feature", "properties": {"osm_id": 1336761571, "osm_type": "way", "name": "", "landuse": "residential"}, "geometry": {"type": "LineString", "coordinates": [[72.6268029, 23.1792027], [72.6265955, 23.1797521], [72.6269736, 23.1798493], [72.6273192, 23.1797633], [72.6272257, 23.179199], [72.6268029, 23.1792027]]}}, {"type": "Feature", "properties": {"osm_id": 1336770126, "osm_type": "way", "name": "", "landuse": "commercial"}, "geometry": {"type": "LineString", "coordinates": [[72.62956, 23.1837329], [72.6297546, 23.1850798], [72.6338282, 23.1852165], [72.6338353, 23.1851482], [72.6321931, 23.1846114], [72.6308022, 23.1841461], [72.62956, 23.1837329]]}}, {"type": "Feature", "properties": {"osm_id": 1336793373, "osm_type": "way", "name": "", "landuse": "industrial"}, "geometry": {"type": "LineString", "coordinates": [[72.6313203, 23.1811774], [72.6312878, 23.1816932], [72.6329444, 23.1818258], [72.6330075, 23.1813251], [72.6313203, 23.1811774]]}}, {"type": "Feature", "properties": {"osm_id": 1336811615, "osm_type": "way", "name": "", "landuse": "residential"}, "geometry": {"type": "LineString", "coordinates": [[72.6357368, 23.1835788], [72.6356317, 23.185063], [72.6370899, 23.1851502], [72.6371625, 23.1841254], [72.6365153, 23.1840867], [72.6365479, 23.1836274], [72.6357368, 23.1835788]]}}, {"type": "Feature", "properties": {"osm_id": 1336811658, "osm_type": "way", "name": "", "landuse": "commercial"}, "geometry": {"type": "LineString", "coordinates": [[72.6280363, 23.1755313], [72.62763, 23.1768493], [72.6283165, 23.1769481], [72.6283071, 23.1777466], [72.628139, 23.177738], [72.6280129, 23.1785322], [72.6270976, 23.1783605], [72.6268781, 23.1790388], [72.6286154, 23.1791289], [72.6284519, 23.1756558], [72.6280363, 23.1755313]]}}, {"type": "Feature", "properties": {"osm_id": 1337076033, "osm_type": "way", "name": "", "landuse": "residential"}, "geometry": {"type": "LineString", "coordinates": [[72.6344283, 23.1763932], [72.6344834, 23.1769448], [72.6351606, 23.1768876], [72.6352569, 23.1778509], [72.6357868, 23.1779925], [72.6357223, 23.1770167], [72.6353475, 23.1770537], [72.6352452, 23.1760261], [72.6345991, 23.1760805], [72.6346286, 23.1763763], [72.6344283, 23.1763932]]}}, {"type": "Feature", "properties": {"osm_id": 1337076034, "osm_type": "way", "name": "", "landuse": "residential"}, "geometry": {"type": "LineString", "coordinates": [[72.6342646, 23.1752082], [72.6343454, 23.1759354], [72.6352126, 23.1758539], [72.6351714, 23.1754838], [72.6356152, 23.175442], [72.6354887, 23.1743077], [72.6348419, 23.1743686], [72.6348929, 23.1748264], [72.6351572, 23.1748016], [72.6351928, 23.175121], [72.6342646, 23.1752082]]}}, {"type": "Feature", "properties": {"osm_id": 1337076035, "osm_type": "way", "name": "", "landuse": "residential"}, "geometry": {"type": "LineString", "coordinates": [[72.6347799, 23.1738503], [72.6348604, 23.1743336], [72.6353888, 23.1742695], [72.6353244, 23.1737393], [72.6347799, 23.1738503]]}}, {"type": "Feature", "properties": {"osm_id": 1337076074, "osm_type": "way", "name": "", "landuse": "residential"}, "geometry": {"type": "LineString", "coordinates": [[72.6311814, 23.1731705], [72.6311013, 23.1746406], [72.6318068, 23.1746887], [72.6319147, 23.1732413], [72.6311814, 23.1731705]]}}, {"type": "Feature", "properties": {"osm_id": 1337076075, "osm_type": "way", "name": "", "landuse": "residential"}, "geometry": {"type": "LineString", "coordinates": [[72.6296818, 23.173623], [72.6296658, 23.1738102], [72.6303054, 23.1738564], [72.6302826, 23.1741232], [72.6305737, 23.1741442], [72.6305431, 23.1745008], [72.6302337, 23.1744784], [72.6302237, 23.1745958], [72.6305097, 23.1746166], [72.6304803, 23.1749588], [72.6303258, 23.1749476], [72.6303054, 23.1751846], [72.630503, 23.175199], [72.6305249, 23.1749457], [72.6306479, 23.1749547], [72.6306803, 23.174579], [72.630797, 23.1745875], [72.6307723, 23.174874], [72.6309666, 23.1748881], [72.6309912, 23.1746009], [72.6310497, 23.1746051], [72.6311726, 23.1731641], [72.6308594, 23.1731415], [72.630826, 23.1735329], [72.6306321, 23.1735189], [72.6306174, 23.1736904], [72.6296818, 23.173623]]}}, {"type": "Feature", "properties": {"osm_id": 1337076076, "osm_type": "way", "name": "", "landuse": "residential"}, "geometry": {"type": "LineString", "coordinates": [[72.6302744, 23.1752432], [72.6302094, 23.1760168], [72.6315835, 23.1765326], [72.631738, 23.1758075], [72.6317624, 23.1753515], [72.6302744, 23.1752432]]}}, {"type": "Feature", "properties": {"osm_id": 1337080361, "osm_type": "way", "name": "", "landuse": "commercial"}, "geometry": {"type": "LineString", "coordinates": [[72.6350581, 23.1655769], [72.6351371, 23.1661937], [72.6358118, 23.1661206], [72.6357328, 23.1655038], [72.6350581, 23.1655769]]}}, {"type": "Feature", "properties": {"osm_id": 1337080363, "osm_type": "way", "name": "", "landuse": "residential"}, "geometry": {"type": "LineString", "coordinates": [[72.6336915, 23.1651319], [72.6337558, 23.1656251], [72.6342636, 23.1655914], [72.6343936, 23.1664504], [72.6348255, 23.166575], [72.6350201, 23.1679434], [72.6348502, 23.1679629], [72.6349069, 23.1684542], [72.6346202, 23.1684802], [72.6347299, 23.1694759], [72.6351865, 23.1694466], [72.6351227, 23.168887], [72.6360263, 23.1688243], [72.6359303, 23.168436], [72.635595, 23.1684655], [72.6355011, 23.1678219], [72.6353375, 23.1678318], [72.635021, 23.1654793], [72.635705, 23.1654078], [72.6356433, 23.1647938], [72.6352142, 23.1648258], [72.6352276, 23.1650453], [72.6336915, 23.1651319]]}}, {"type": "Feature", "properties": {"osm_id": 1337159398, "osm_type": "way", "name": "", "landuse": "residential"}, "geometry": {"type": "LineString", "coordinates": [[72.6322472, 23.1151917], [72.6321905, 23.1143877], [72.6326223, 23.1143193], [72.6335496, 23.1140589], [72.6337159, 23.1147815], [72.6337089, 23.114902], [72.6325409, 23.1152633], [72.6324631, 23.1151819], [72.6322472, 23.1151917]]}}, {"type": "Feature", "properties": {"osm_id": 1337159399, "osm_type": "way", "name": "", "landuse": "residential"}, "geometry": {"type": "LineString", "coordinates": [[72.6323647, 23.1102884], [72.6326975, 23.1102799], [72.6327314, 23.1110366], [72.6331566, 23.1110111], [72.6332079, 23.1117697], [72.63283, 23.111779], [72.6328423, 23.1119802], [72.633249, 23.1119668], [72.6333322, 23.1127425], [72.6330919, 23.1127623], [72.6331042, 23.1128983], [72.6326236, 23.1129125], [72.6324698, 23.1116005], [72.6323647, 23.1102884]]}}, {"type": "Feature", "properties": {"osm_id": 1337159416, "osm_type": "way", "name": "", "landuse": "residential"}, "geometry": {"type": "LineString", "coordinates": [[72.6259278, 23.115432], [72.6256351, 23.1162906], [72.6270339, 23.1168716], [72.6271387, 23.1165513], [72.6273667, 23.1166449], [72.6274098, 23.1165032], [72.6272404, 23.1158684], [72.6259278, 23.115432]]}}, {"type": "Feature", "properties": {"osm_id": 1337452930, "osm_type": "way", "name": "", "landuse": "residential"}, "geometry": {"type": "LineString", "coordinates": [[72.6279096, 23.2019874], [72.6277438, 23.2012749], [72.6283089, 23.2011418], [72.6280964, 23.2002211], [72.6269055, 23.200483], [72.627111, 23.2012878], [72.626292, 23.2014338], [72.6261096, 23.2006326], [72.6252969, 23.2008027], [72.6255114, 23.2017074], [72.6256, 23.2016951], [72.6258119, 23.2024766], [72.6276331, 23.2021241], [72.6277323, 23.2025481], [72.6243581, 23.2032088], [72.6242635, 23.2027272], [72.624188, 23.2027399], [72.6240956, 23.202284], [72.6247549, 23.2021566], [72.6244032, 23.2004377], [72.6282012, 23.199666], [72.6282817, 23.1999791], [72.6288932, 23.1998485], [72.6293197, 23.2017221], [72.62903, 23.2017911], [72.6291587, 23.2022669], [72.6282414, 23.2024642], [72.6281315, 23.2019514], [72.6279096, 23.2019874]]}}, {"type": "Feature", "properties": {"osm_id": 1337941447, "osm_type": "way", "name": "", "landuse": "residential"}, "geometry": {"type": "LineString", "coordinates": [[72.6287086, 23.1561363], [72.6287055, 23.1562524], [72.6290691, 23.1562977], [72.6290414, 23.1565499], [72.6285546, 23.1565159], [72.6285607, 23.1568218], [72.6286532, 23.1568246], [72.6286809, 23.1569408], [72.6288873, 23.1569436], [72.628875, 23.1570824], [72.6286501, 23.1570768], [72.6286624, 23.1572212], [72.6293957, 23.1572411], [72.6296976, 23.1571901], [72.6296175, 23.1567623], [72.6294111, 23.1567567], [72.6294173, 23.1566292], [72.6292355, 23.1566179], [72.6293557, 23.1562383], [72.6291523, 23.1561759], [72.6287086, 23.1561363]]}}, {"type": "Feature", "properties": {"osm_id": 1337941448, "osm_type": "way", "name": "", "landuse": "residential"}, "geometry": {"type": "LineString", "coordinates": [[72.6319287, 23.1545234], [72.6321705, 23.155151], [72.6322392, 23.1551341], [72.632203, 23.1550095], [72.6323212, 23.1549804], [72.6322655, 23.1547889], [72.6325806, 23.1547114], [72.6324998, 23.1544337], [72.6319287, 23.1545234]]}}, {"type": "Feature", "properties": {"osm_id": 1337941456, "osm_type": "way", "name": "", "landuse": "residential"}, "geometry": {"type": "LineString", "coordinates": [[72.6325603, 23.1482682], [72.6324864, 23.1488575], [72.6325102, 23.1494289], [72.6334587, 23.1493833], [72.6339578, 23.1494191], [72.6333667, 23.1485079], [72.6332853, 23.1481434], [72.6325603, 23.1482682]]}}, {"type": "Feature", "properties": {"osm_id": 1337941457, "osm_type": "way", "name": "", "landuse": "residential"}, "geometry": {"type": "LineString", "coordinates": [[72.6333172, 23.1495688], [72.6333384, 23.1497022], [72.6335047, 23.149686], [72.6337277, 23.150851], [72.6339471, 23.1508282], [72.633841, 23.1501969], [72.6340922, 23.1501806], [72.6340179, 23.14952], [72.6333172, 23.1495688]]}}, {"type": "Feature", "properties": {"osm_id": 1337941460, "osm_type": "way", "name": "", "landuse": "commercial"}, "geometry": {"type": "LineString", "coordinates": [[72.6305626, 23.1499364], [72.6306938, 23.1502857], [72.630452, 23.1503625], [72.6306283, 23.1508318], [72.6309734, 23.1509989], [72.631481, 23.1508385], [72.6315383, 23.1509918], [72.6317896, 23.1509124], [72.6316899, 23.1506457], [72.6320592, 23.1505289], [72.631724, 23.1496327], [72.6314575, 23.149717], [72.6315357, 23.149926], [72.6310433, 23.1500819], [72.6309144, 23.1497376], [72.6308137, 23.1497695], [72.6308429, 23.1498474], [72.6305626, 23.1499364]]}}, {"type": "Feature", "properties": {"osm_id": 1337941461, "osm_type": "way", "name": "", "landuse": "residential"}, "geometry": {"type": "LineString", "coordinates": [[72.6298639, 23.1495583], [72.62988, 23.1496972], [72.6304421, 23.1496422], [72.6304732, 23.1499116], [72.6306913, 23.1498903], [72.630663, 23.1496454], [72.6311581, 23.1495971], [72.6311004, 23.1490968], [72.6307771, 23.1491284], [72.6308023, 23.1493462], [72.6305759, 23.1493683], [72.6305897, 23.1494873], [72.6298639, 23.1495583]]}}, {"type": "Feature", "properties": {"osm_id": 1337941468, "osm_type": "way", "name": "", "landuse": "commercial"}, "geometry": {"type": "LineString", "coordinates": [[72.6331924, 23.143583], [72.6332621, 23.144366], [72.6334901, 23.1443488], [72.6334202, 23.1435658], [72.6331924, 23.143583]]}}, {"type": "Feature", "properties": {"osm_id": 1337941474, "osm_type": "way", "name": "", "landuse": "residential"}, "geometry": {"type": "LineString", "coordinates": [[72.629659, 23.1441324], [72.6295303, 23.1445369], [72.6295785, 23.1460537], [72.6303054, 23.1460488], [72.6302464, 23.1449143], [72.6300453, 23.1448748], [72.6302223, 23.1443692], [72.629659, 23.1441324]]}}, {"type": "Feature", "properties": {"osm_id": 1337950123, "osm_type": "way", "name": "", "landuse": "residential"}, "geometry": {"type": "LineString", "coordinates": [[72.6497812, 23.1463096], [72.6499406, 23.1466019], [72.6500629, 23.1468621], [72.6499737, 23.1468894], [72.6500714, 23.1471036], [72.6502624, 23.1470215], [72.6505551, 23.1475966], [72.6503056, 23.1476957], [72.6503949, 23.1478912], [72.651404, 23.1474798], [72.6515894, 23.1478136], [72.6518346, 23.147689], [72.6519302, 23.1479314], [72.6510827, 23.1483133], [72.6511948, 23.1484979], [72.6516011, 23.1482998], [72.6517211, 23.1484966], [72.6518906, 23.1484164], [72.6517692, 23.1480685], [72.6521334, 23.1478925], [72.652232, 23.1480577], [72.6524449, 23.14798], [72.6521003, 23.1470542], [72.6517568, 23.1471757], [72.6515088, 23.1466524], [72.6512425, 23.1467496], [72.6509234, 23.1459458], [72.6511876, 23.1457944], [72.6510831, 23.1455078], [72.6505574, 23.1456755], [72.6505118, 23.1455398], [72.6502731, 23.1455966], [72.650383, 23.1459542], [72.6502945, 23.146001], [72.6502865, 23.1459418], [72.6501202, 23.1459665], [72.6501604, 23.146149], [72.6497812, 23.1463096]]}}, {"type": "Feature", "properties": {"osm_id": 1337950124, "osm_type": "way", "name": "", "landuse": "residential"}, "geometry": {"type": "LineString", "coordinates": [[72.6573036, 23.1377176], [72.6574012, 23.1385562], [72.6579744, 23.1385936], [72.658446, 23.1401712], [72.6586412, 23.1401749], [72.6586533, 23.1402945], [72.658816, 23.1402721], [72.6588119, 23.1401712], [72.659064, 23.1400964], [72.6591534, 23.140717], [72.659564, 23.1406011], [72.6594705, 23.1399543], [72.6607105, 23.1391394], [72.6605275, 23.1386571], [72.65969, 23.1391356], [72.6592713, 23.1376963], [72.6589948, 23.1377823], [72.6590152, 23.1378571], [72.6585233, 23.1379954], [72.6584582, 23.1377674], [72.6582468, 23.1378459], [72.6583078, 23.1380216], [72.6578077, 23.1381076], [72.6576416, 23.1376645], [72.6573036, 23.1377176]]}}, {"type": "Feature", "properties": {"osm_id": 1337950125, "osm_type": "way", "name": "", "landuse": "residential"}, "geometry": {"type": "LineString", "coordinates": [[72.6385484, 23.1332425], [72.6393341, 23.1354426], [72.6405516, 23.135039], [72.6404949, 23.1348861], [72.6415178, 23.1345215], [72.641001, 23.1332848], [72.6407604, 23.1333466], [72.6405728, 23.1328291], [72.639511, 23.1331155], [72.6394296, 23.1328389], [72.6385484, 23.1332425]]}}, {"type": "Feature", "properties": {"osm_id": 1337950126, "osm_type": "way", "name": "", "landuse": "residential"}, "geometry": {"type": "LineString", "coordinates": [[72.6405333, 23.1298607], [72.6404625, 23.1302206], [72.6406073, 23.1311188], [72.6406011, 23.1312321], [72.6404748, 23.1313936], [72.640179, 23.1318044], [72.6402992, 23.1318611], [72.6405672, 23.1314956], [72.6407675, 23.1314786], [72.640749, 23.1312661], [72.6409, 23.1312859], [72.6407582, 23.1300477], [72.6413902, 23.1301021], [72.6414674, 23.129818], [72.6418049, 23.129889], [72.6418211, 23.1300872], [72.6422033, 23.1300461], [72.6421911, 23.1303975], [72.6420122, 23.1305844], [72.6420691, 23.1307527], [72.6424879, 23.1305807], [72.64237, 23.1303265], [72.6427928, 23.130218], [72.6426505, 23.1298965], [72.6427521, 23.1298778], [72.6426668, 23.12956], [72.6431018, 23.1294853], [72.6430489, 23.1293432], [72.6425651, 23.1293881], [72.6424553, 23.1291488], [72.6426139, 23.1291338], [72.6426139, 23.1289095], [72.6431587, 23.1288422], [72.6431383, 23.1286366], [72.6425854, 23.1285169], [72.6425082, 23.1282141], [72.6429961, 23.1283076], [72.6432644, 23.1274477], [72.6427562, 23.1273841], [72.6425001, 23.1280384], [72.6422724, 23.1279486], [72.6418211, 23.1287786], [72.6411341, 23.1288908], [72.641191, 23.1292348], [72.6406015, 23.1294067], [72.6402478, 23.1290179], [72.6401543, 23.1290815], [72.6405333, 23.1298607]]}}, {"type": "Feature", "properties": {"osm_id": 1337950136, "osm_type": "way", "name": "", "landuse": "residential"}, "geometry": {"type": "LineString", "coordinates": [[72.6381949, 23.1579073], [72.6384475, 23.1592047], [72.6397662, 23.1589129], [72.6395444, 23.1578988], [72.6388234, 23.1580093], [72.6387711, 23.1577656], [72.6381949, 23.1579073]]}}, {"type": "Feature", "properties": {"osm_id": 1337950137, "osm_type": "way", "name": "", "landuse": "residential"}, "geometry": {"type": "LineString", "coordinates": [[72.6378742, 23.1562729], [72.6380803, 23.1569489], [72.6378529, 23.1570069], [72.6379778, 23.1574205], [72.6380418, 23.1574042], [72.6380784, 23.1575255], [72.6386117, 23.1573894], [72.6387134, 23.1577262], [72.6388965, 23.1576794], [72.6389255, 23.1577753], [72.6389906, 23.1577586], [72.6390334, 23.1579006], [72.6392651, 23.1578415], [72.6389253, 23.1567154], [72.6385713, 23.1568057], [72.6383459, 23.156137], [72.6378742, 23.1562729]]}}, {"type": "Feature", "properties": {"osm_id": 1337950138, "osm_type": "way", "name": "", "landuse": "industrial"}, "geometry": {"type": "LineString", "coordinates": [[72.636064, 23.1559298], [72.6365908, 23.1570715], [72.6375178, 23.1568593], [72.6373087, 23.1564652], [72.6380728, 23.1561791], [72.6379031, 23.1558003], [72.637631, 23.1559076], [72.637227, 23.1550502], [72.6368154, 23.1552396], [72.636991, 23.1556362], [72.636064, 23.1559298]]}}, {"type": "Feature", "properties": {"osm_id": 1337950140, "osm_type": "way", "name": "", "landuse": "residential"}, "geometry": {"type": "LineString", "coordinates": [[72.6399428, 23.153894], [72.6399875, 23.1539818], [72.6401664, 23.1539407], [72.6402517, 23.1544192], [72.6411319, 23.1543444], [72.6412234, 23.154707], [72.6420365, 23.1545893], [72.6419227, 23.1536529], [72.6423617, 23.1535987], [72.6423268, 23.1533782], [72.6431713, 23.1533297], [72.6431123, 23.1528488], [72.6399428, 23.153894]]}}, {"type": "Feature", "properties": {"osm_id": 1337950145, "osm_type": "way", "name": "", "landuse": "residential"}, "geometry": {"type": "LineString", "coordinates": [[72.6353466, 23.1514284], [72.6355136, 23.1528559], [72.6357036, 23.1528408], [72.6356919, 23.1527005], [72.6361386, 23.1525046], [72.6364735, 23.153283], [72.63602, 23.1533696], [72.6361334, 23.1542613], [72.6359901, 23.1542838], [72.6360192, 23.1544131], [72.6363913, 23.154383], [72.6365807, 23.1548065], [72.6363135, 23.1548973], [72.6361358, 23.1549224], [72.6361613, 23.155125], [72.636401, 23.1550835], [72.6370584, 23.1547816], [72.6367504, 23.1540566], [72.6369203, 23.154001], [72.6367771, 23.1532897], [72.6371507, 23.1530609], [72.6360622, 23.1515585], [72.6355643, 23.1516415], [72.635519, 23.1514115], [72.6353466, 23.1514284]]}}, {"type": "Feature", "properties": {"osm_id": 1337950146, "osm_type": "way", "name": "", "landuse": "residential"}, "geometry": {"type": "LineString", "coordinates": [[72.6357824, 23.15092], [72.6361311, 23.1515094], [72.6364959, 23.1512505], [72.636394, 23.1511715], [72.6361606, 23.1511247], [72.6360238, 23.1511789], [72.6358334, 23.1509003], [72.6357824, 23.15092]]}}, {"type": "Feature", "properties": {"osm_id": 1338209794, "osm_type": "way", "name": "", "landuse": "residential"}, "geometry": {"type": "LineString", "coordinates": [[72.6269513, 23.1113865], [72.6275884, 23.1126885], [72.6282113, 23.1126364], [72.6288058, 23.1160152], [72.6277936, 23.116191], [72.6281475, 23.1172326], [72.6298779, 23.1169375], [72.6293612, 23.1149664], [72.6305757, 23.1146605], [72.6304807, 23.1136827], [72.6303458, 23.112294], [72.6303316, 23.1121483], [72.6302523, 23.1112558], [72.6269513, 23.1113865]]}}, {"type": "Feature", "properties": {"osm_id": 1339224133, "osm_type": "way", "name": "", "landuse": "residential"}, "geometry": {"type": "LineString", "coordinates": [[72.6319078, 23.1978027], [72.6322647, 23.197725], [72.6323094, 23.1978651], [72.6348011, 23.1973702], [72.6350979, 23.1985996], [72.634419, 23.1987117], [72.6335301, 23.1988991], [72.6334094, 23.198383], [72.6326497, 23.1985412], [72.6327535, 23.1992773], [72.6329037, 23.1992492], [72.6329732, 23.1992362], [72.6332394, 23.1991865], [72.6333146, 23.1995897], [72.6341318, 23.1993613], [72.6339853, 23.1989928], [72.6344776, 23.1988826], [72.6346507, 23.199388], [72.6351792, 23.1992367], [72.6350756, 23.1989489], [72.635291, 23.1989022], [72.6354577, 23.1993917], [72.635291, 23.1994329], [72.6355227, 23.20017], [72.635665, 23.2001306], [72.6357361, 23.2003417], [72.635665, 23.2003604], [72.6358446, 23.2008817], [72.6357869, 23.2009002], [72.635976, 23.201429], [72.635705, 23.2014984], [72.6359458, 23.2022122], [72.6354368, 23.2023588], [72.6353855, 23.2021914], [72.6345741, 23.2024515], [72.6343811, 23.2025114], [72.6347227, 23.203188], [72.6344217, 23.2033349], [72.6340962, 23.2034937], [72.633737, 23.2028204], [72.6331513, 23.202996], [72.6320477, 23.19976], [72.6325695, 23.1996104], [72.6325299, 23.1993629], [72.6320115, 23.1994304], [72.6318928, 23.1984677], [72.6320545, 23.1984451], [72.6319078, 23.1978027]]}}, {"type": "Feature", "properties": {"osm_id": 1339224143, "osm_type": "way", "name": "", "landuse": "residential"}, "geometry": {"type": "LineString", "coordinates": [[72.6435674, 23.2031167], [72.6438465, 23.2035813], [72.6459987, 23.2024612], [72.6457144, 23.2020297], [72.6462777, 23.201729], [72.6465244, 23.202153], [72.6477824, 23.2015046], [72.6477126, 23.2013814], [72.6472245, 23.201623], [72.6468195, 23.2009623], [72.6438258, 23.2025275], [72.643297, 23.2017113], [72.64376, 23.2014913], [72.6439491, 23.2016973], [72.6446006, 23.2013711], [72.6448224, 23.2017274], [72.6451913, 23.2015771], [72.6447557, 23.2007206], [72.644207, 23.1999523], [72.6437913, 23.2001562], [72.6440925, 23.2006498], [72.6438614, 23.2007721], [72.6439618, 23.200946], [72.6433547, 23.2012593], [72.6428685, 23.2005], [72.6421163, 23.2008468], [72.6423001, 23.2011465], [72.6426228, 23.2016026], [72.6429178, 23.202071], [72.6430408, 23.2022533], [72.6433922, 23.2028406], [72.6435674, 23.2031167]]}}, {"type": "Feature", "properties": {"osm_id": 1339224144, "osm_type": "way", "name": "", "landuse": "residential"}, "geometry": {"type": "LineString", "coordinates": [[72.6412663, 23.1977477], [72.6412424, 23.197827], [72.6412191, 23.1980008], [72.6417701, 23.1981768], [72.6415824, 23.1991681], [72.6421195, 23.199273], [72.6421619, 23.1988924], [72.6423495, 23.1989217], [72.6425169, 23.1980342], [72.6425299, 23.1979652], [72.6425336, 23.1979458], [72.6423123, 23.1979043], [72.642425, 23.197219], [72.6426744, 23.1972633], [72.6427173, 23.1970661], [72.6415023, 23.1968639], [72.6414728, 23.1970242], [72.6415559, 23.1971844], [72.6414647, 23.1977777], [72.6412663, 23.1977477]]}}, {"type": "Feature", "properties": {"osm_id": 1339224145, "osm_type": "way", "name": "", "landuse": "residential"}, "geometry": {"type": "LineString", "coordinates": [[72.6427084, 23.1981252], [72.6427598, 23.1978205], [72.6436448, 23.1979643], [72.6434696, 23.1988034], [72.643521, 23.1990159], [72.6434862, 23.19991], [72.64329, 23.2000065], [72.6424768, 23.2003747], [72.6420425, 23.1997051], [72.6420025, 23.1997235], [72.6418585, 23.1995046], [72.6421523, 23.1993552], [72.6423913, 23.1997], [72.6427063, 23.1995001], [72.6428181, 23.1993992], [72.6428324, 23.1990891], [72.6431573, 23.1987503], [72.6432367, 23.1982223], [72.6427084, 23.1981252]]}}, {"type": "Feature", "properties": {"osm_id": 1339224146, "osm_type": "way", "name": "", "landuse": "residential"}, "geometry": {"type": "LineString", "coordinates": [[72.6451573, 23.1986471], [72.6446618, 23.1985527], [72.6446052, 23.1988032], [72.6448529, 23.198852], [72.6447609, 23.1993497], [72.6453307, 23.1994799], [72.645189, 23.2004929], [72.6454063, 23.2008849], [72.6458622, 23.2006606], [72.6460151, 23.2009712], [72.646388, 23.2008184], [72.6461224, 23.2003845], [72.6461492, 23.2002859], [72.6464872, 23.2003623], [72.6465811, 23.1999555], [72.6463116, 23.1999075], [72.6462568, 23.2001], [72.6457364, 23.1999804], [72.6458157, 23.1993937], [72.6459275, 23.1988276], [72.6461206, 23.1988706], [72.6460514, 23.1991303], [72.6462507, 23.1991621], [72.6463076, 23.1988874], [72.6466227, 23.1989558], [72.6468442, 23.1990219], [72.6470343, 23.1982289], [72.6466707, 23.1981496], [72.6465521, 23.1984812], [72.6459644, 23.1983482], [72.6460207, 23.1981189], [72.645318, 23.1979562], [72.6452321, 23.1983285], [72.6457847, 23.1984616], [72.6456935, 23.1987772], [72.6451573, 23.1986471]]}}, {"type": "Feature", "properties": {"osm_id": 1339224147, "osm_type": "way", "name": "", "landuse": "residential"}, "geometry": {"type": "LineString", "coordinates": [[72.6468413, 23.1999389], [72.6470235, 23.1992693], [72.6474484, 23.1993766], [72.6473901, 23.1995676], [72.6480201, 23.1997092], [72.6479306, 23.200081], [72.6473045, 23.1999334], [72.6472761, 23.2000324], [72.6468413, 23.1999389]]}}, {"type": "Feature", "properties": {"osm_id": 1379019674, "osm_type": "way", "name": "", "natural": "scrub"}, "geometry": {"type": "LineString", "coordinates": [[72.6300207, 23.1876372], [72.6328814, 23.1873205], [72.6331627, 23.1895924], [72.6303549, 23.1898382], [72.6300207, 23.1876372]]}}, {"type": "Feature", "properties": {"osm_id": 1395103922, "osm_type": "way", "name": "", "natural": "water"}, "geometry": {"type": "LineString", "coordinates": [[72.6449431, 23.0930292], [72.6455366, 23.0924931], [72.6461034, 23.0930295], [72.6455176, 23.0935685], [72.6449431, 23.0930292]]}}, {"type": "Feature", "properties": {"osm_id": 1395103925, "osm_type": "way", "name": "", "natural": "water"}, "geometry": {"type": "LineString", "coordinates": [[72.6448013, 23.0927459], [72.6449942, 23.0925743], [72.6450983, 23.0926733], [72.6449055, 23.092845], [72.6448013, 23.0927459]]}}, {"type": "Feature", "properties": {"osm_id": 1416039823, "osm_type": "way", "name": "", "natural": "wood"}, "geometry": {"type": "LineString", "coordinates": [[72.6277989, 23.1901044], [72.6280852, 23.1899134], [72.6281354, 23.1899769], [72.6281838, 23.1899446], [72.6285394, 23.1903947], [72.6285325, 23.1905069], [72.6280698, 23.1908127], [72.6281325, 23.1908931], [72.6288228, 23.1907948], [72.6287747, 23.1907377], [72.6287331, 23.1906764], [72.6286983, 23.1906117], [72.6286707, 23.1905441], [72.6286505, 23.1904743], [72.6286391, 23.1904116], [72.6286337, 23.1903483], [72.6286344, 23.1902848], [72.6286411, 23.1902216], [72.6286485, 23.1901741], [72.6286466, 23.1901262], [72.6286355, 23.1900794], [72.6286156, 23.1900351], [72.6285875, 23.1899947], [72.6285525, 23.1899599], [72.6285114, 23.1899313], [72.6284654, 23.1899097], [72.6282462, 23.189914], [72.6282444, 23.1898363], [72.6281613, 23.1898483], [72.6280772, 23.1898509], [72.6279934, 23.1898443], [72.6279236, 23.1898316], [72.6278557, 23.1898124], [72.6277902, 23.189787], [72.6277278, 23.1897556], [72.6277589, 23.1898141], [72.6277823, 23.1898756], [72.6277976, 23.1899393], [72.627804, 23.1899942], [72.6278045, 23.1900494], [72.6277989, 23.1901044]]}}, {"type": "Feature", "properties": {"osm_id": 1416039824, "osm_type": "way", "name": "", "natural": "wood"}, "geometry": {"type": "LineString", "coordinates": [[72.6279885, 23.1909136], [72.6277614, 23.1905975], [72.6277167, 23.1906247], [72.6275215, 23.190353], [72.6274985, 23.1904068], [72.627393, 23.1905247], [72.6273672, 23.1905536], [72.627193, 23.1906559], [72.626993, 23.1907037], [72.6267642, 23.1906874], [72.6267368, 23.1909698], [72.6267884, 23.1910845], [72.6278949, 23.190927], [72.6279885, 23.1909136]]}}, {"type": "Feature", "properties": {"osm_id": 1416039829, "osm_type": "way", "name": "", "natural": "water"}, "geometry": {"type": "LineString", "coordinates": [[72.6283025, 23.1899084], [72.6283675, 23.1899084], [72.6283675, 23.189861], [72.6283025, 23.189861], [72.6283025, 23.1899084]]}}, {"type": "Feature", "properties": {"osm_id": 1416039831, "osm_type": "way", "name": "", "natural": "wood"}, "geometry": {"type": "LineString", "coordinates": [[72.6299517, 23.189134], [72.6298213, 23.1890751], [72.6297737, 23.1890595], [72.629724, 23.1890515], [72.6296735, 23.1890512], [72.6296236, 23.1890587], [72.6295759, 23.1890739], [72.6295364, 23.1890933], [72.6295004, 23.1891179], [72.6294689, 23.1891471], [72.6294424, 23.1891804], [72.6294217, 23.1892169], [72.6294225, 23.1892489], [72.6294185, 23.1892808], [72.6294096, 23.1893118], [72.6293942, 23.1893445], [72.6293734, 23.1893747], [72.6293513, 23.1894062], [72.6293233, 23.1894336], [72.6292904, 23.1894559], [72.6292536, 23.1894723], [72.6292143, 23.1894823], [72.6291735, 23.1894856], [72.6291271, 23.189481], [72.6290827, 23.1894676], [72.6290423, 23.1894461], [72.6290077, 23.1894173], [72.6289802, 23.1893826], [72.6289612, 23.1894182], [72.6289158, 23.189486], [72.6288638, 23.1895497], [72.6288012, 23.189619], [72.628735, 23.1896853], [72.6286909, 23.1897311], [72.6286411, 23.1897716], [72.6285888, 23.1898049], [72.6286359, 23.1898625], [72.6286754, 23.1899247], [72.6287069, 23.1899907], [72.62873, 23.1900595], [72.6287444, 23.1901303], [72.6287497, 23.1901975], [72.6287473, 23.1902647], [72.6287369, 23.1903314], [72.6287189, 23.1903966], [72.6287146, 23.1904361], [72.628716, 23.1904758], [72.6287229, 23.1905149], [72.6287402, 23.1905642], [72.6287664, 23.1906101], [72.6288007, 23.1906512], [72.628842, 23.1906864], [72.6288892, 23.1907146], [72.6301934, 23.1905171], [72.6299517, 23.189134]]}}, {"type": "Feature", "properties": {"osm_id": 1416039832, "osm_type": "way", "name": "", "natural": "wood"}, "geometry": {"type": "LineString", "coordinates": [[72.6297421, 23.1879677], [72.6293417, 23.18576], [72.629282, 23.1857002], [72.628896, 23.1856866], [72.6289006, 23.1862243], [72.6289596, 23.1862465], [72.6290143, 23.1862765], [72.6290636, 23.1863137], [72.6291016, 23.1863518], [72.6291339, 23.1863942], [72.6291598, 23.1864401], [72.6291789, 23.1864887], [72.6292064, 23.1865752], [72.6292281, 23.1866629], [72.629244, 23.1867518], [72.629254, 23.1868413], [72.6292581, 23.1869309], [72.6292563, 23.1870206], [72.6292486, 23.1871101], [72.6292305, 23.1872034], [72.6292049, 23.1872953], [72.629172, 23.1873851], [72.6291424, 23.1874496], [72.6291817, 23.1874803], [72.6292152, 23.1875163], [72.6292422, 23.1875566], [72.629262, 23.1876003], [72.6292741, 23.1876463], [72.6292783, 23.1876979], [72.6292728, 23.1877494], [72.6292579, 23.1877992], [72.6292339, 23.187846], [72.6292169, 23.1878913], [72.6292088, 23.1879387], [72.6292098, 23.1879866], [72.629218, 23.1880275], [72.6292328, 23.1880669], [72.629254, 23.1881037], [72.6292855, 23.1881318], [72.6293221, 23.188154], [72.6293626, 23.1881694], [72.6294056, 23.1881776], [72.6294487, 23.1881783], [72.6294912, 23.1881717], [72.6295317, 23.1881579], [72.6295687, 23.1881375], [72.6296009, 23.1881112], [72.6296273, 23.1880798], [72.629647, 23.1880445], [72.6297421, 23.1879677]]}}, {"type": "Feature", "properties": {"osm_id": 1416039862, "osm_type": "way", "name": "", "landuse": "industrial"}, "geometry": {"type": "LineString", "coordinates": [[72.621761, 23.1940364], [72.6212838, 23.1953176], [72.622408, 23.1956692], [72.6229155, 23.1943908], [72.6223505, 23.1942307], [72.621761, 23.1940364]]}}, {"type": "Feature", "properties": {"osm_id": 1416039885, "osm_type": "way", "name": "", "natural": "wood"}, "geometry": {"type": "LineString", "coordinates": [[72.6242557, 23.1854631], [72.622185, 23.1854113], [72.6221421, 23.1868931], [72.6217532, 23.1901205], [72.6217854, 23.1902561], [72.622515, 23.1904558], [72.6242557, 23.1854631]]}}, {"type": "Feature", "properties": {"osm_id": 1416039886, "osm_type": "way", "name": "", "natural": "wood"}, "geometry": {"type": "LineString", "coordinates": [[72.631105, 23.193685], [72.6344508, 23.1933971], [72.6343703, 23.1928177], [72.6345555, 23.1927846], [72.6342136, 23.1905776], [72.6354869, 23.1904589], [72.6353448, 23.1895674], [72.6340573, 23.189693], [72.6304083, 23.1900488], [72.631105, 23.193685]]}}, {"type": "Feature", "properties": {"osm_id": 1416039887, "osm_type": "way", "name": "", "natural": "wood"}, "geometry": {"type": "LineString", "coordinates": [[72.6336224, 23.1895441], [72.6353011, 23.1893833], [72.6382968, 23.1891222], [72.6379216, 23.186003], [72.6331751, 23.1858568], [72.6333176, 23.1872723], [72.6336224, 23.1895441]]}}, {"type": "Feature", "properties": {"osm_id": 1416039889, "osm_type": "way", "name": "", "natural": "wood"}, "geometry": {"type": "LineString", "coordinates": [[72.6262643, 23.1855942], [72.6248217, 23.1855592], [72.6247278, 23.1856283], [72.6222489, 23.1927435], [72.6228547, 23.1929565], [72.6223505, 23.1942307], [72.6229155, 23.1943908], [72.622408, 23.1956692], [72.6264363, 23.1966958], [72.628786, 23.1969078], [72.6295155, 23.1969226], [72.6295402, 23.195893], [72.6299846, 23.195902], [72.6299751, 23.1962965], [72.6304274, 23.1963057], [72.6304094, 23.197054], [72.6311047, 23.1970533], [72.6311812, 23.1969707], [72.630607, 23.1933297], [72.6259521, 23.1940022], [72.6260966, 23.191183], [72.6261498, 23.1894103], [72.6262643, 23.1855942]]}}, {"type": "Feature", "properties": {"osm_id": 1416058021, "osm_type": "way", "name": "", "natural": "wood"}, "geometry": {"type": "LineString", "coordinates": [[72.6276975, 23.188056], [72.6281463, 23.1880729], [72.6281784, 23.1881419], [72.6281744, 23.1886966], [72.6281261, 23.1887866], [72.627414, 23.1887856], [72.6274046, 23.1889703], [72.627439, 23.1890023], [72.6274703, 23.1890369], [72.6275008, 23.189077], [72.6275273, 23.1891194], [72.6275495, 23.1891639], [72.6275626, 23.1891235], [72.6275826, 23.1890856], [72.6276088, 23.1890511], [72.6276407, 23.1890209], [72.6276754, 23.1889967], [72.6277137, 23.1889777], [72.6277547, 23.1889641], [72.6279277, 23.1888939], [72.6280765, 23.1889136], [72.6280685, 23.1890973], [72.6279692, 23.189101], [72.6279786, 23.1891245], [72.627984, 23.1891491], [72.6279849, 23.1891798], [72.6279794, 23.1892102], [72.6279679, 23.189239], [72.6279661, 23.1892649], [72.627972, 23.1892902], [72.6279853, 23.189313], [72.6280077, 23.1893335], [72.6280359, 23.1893467], [72.6280671, 23.1893512], [72.6281031, 23.1893592], [72.62814, 23.1893588], [72.6281758, 23.18935], [72.6282057, 23.189335], [72.6282312, 23.189314], [72.6282509, 23.1892884], [72.6282822, 23.1892558], [72.6283206, 23.1892304], [72.628364, 23.1892135], [72.6284105, 23.1892058], [72.6284582, 23.1892074], [72.6285057, 23.1892021], [72.6285593, 23.1891873], [72.628573, 23.1891696], [72.6285808, 23.1891491], [72.6285817, 23.1891245], [72.6285741, 23.189101], [72.628568, 23.1890838], [72.6285566, 23.1890689], [72.6285403, 23.1890574], [72.6285209, 23.189051], [72.6285003, 23.1890504], [72.6282951, 23.1890467], [72.6282965, 23.1887829], [72.6287698, 23.1887928], [72.6287899, 23.1887931], [72.628792, 23.1887869], [72.6287865, 23.188782], [72.6287575, 23.1887706], [72.6287319, 23.188759], [72.6286964, 23.1887317], [72.6286668, 23.188699], [72.6286442, 23.1886619], [72.6286292, 23.1886216], [72.6286224, 23.1885795], [72.6286236, 23.188539], [72.6286325, 23.1884993], [72.6286486, 23.1884616], [72.6286716, 23.188427], [72.6287007, 23.1883966], [72.628735, 23.1883712], [72.6287198, 23.188299], [72.6287111, 23.1882259], [72.628709, 23.1881524], [72.6287135, 23.188079], [72.6287242, 23.1880083], [72.6287411, 23.1879386], [72.6287639, 23.1878704], [72.6287927, 23.1878041], [72.6288575, 23.187729], [72.6289166, 23.18765], [72.6289697, 23.1875674], [72.629019, 23.187477], [72.6290611, 23.1873836], [72.6290958, 23.1872876], [72.629128, 23.1872107], [72.6291509, 23.1871311], [72.6291642, 23.1870497], [72.6291677, 23.1869794], [72.6291642, 23.1869091], [72.6282991, 23.1869239], [72.6284587, 23.1872728], [72.6284413, 23.1874787], [72.6277654, 23.1874146], [72.6277943, 23.1875096], [72.6277997, 23.1876008], [72.6277949, 23.1876919], [72.6277831, 23.1877677], [72.6277643, 23.1878423], [72.6277386, 23.1879151], [72.6276975, 23.188056]]}}, {"type": "Feature", "properties": {"osm_id": 1416058069, "osm_type": "way", "name": "", "natural": "wood"}, "geometry": {"type": "LineString", "coordinates": [[72.6263626, 23.1874507], [72.626542, 23.1874542], [72.6265018, 23.1874279], [72.6264675, 23.1873953], [72.6264403, 23.1873574], [72.6264212, 23.1873156], [72.6264108, 23.1872713], [72.6264095, 23.1872259], [72.6264164, 23.1871846], [72.6264308, 23.187145], [72.6264524, 23.1871082], [72.6264804, 23.1870752], [72.6265141, 23.1870472], [72.6265471, 23.1869984], [72.6265872, 23.1869543], [72.6266335, 23.1869158], [72.6266852, 23.1868835], [72.6267412, 23.1868582], [72.6268006, 23.1868402], [72.6268621, 23.18683], [72.6269245, 23.1868278], [72.6269862, 23.1868334], [72.6270465, 23.1868469], [72.6271042, 23.1868678], [72.6271582, 23.1868959], [72.6272075, 23.1869305], [72.6272511, 23.186971], [72.6272882, 23.1870167], [72.6273181, 23.1870667], [72.6273403, 23.1871199], [72.6274221, 23.1872087], [72.6275468, 23.1871618], [72.6275253, 23.1867057], [72.6275234, 23.1866494], [72.6275313, 23.1865936], [72.6275486, 23.1865396], [72.6275749, 23.1864887], [72.627602, 23.1864514], [72.6276339, 23.1864176], [72.6276702, 23.1863877], [72.6275226, 23.1861608], [72.6277278, 23.1858489], [72.6279672, 23.1857109], [72.6281932, 23.1856954], [72.6282147, 23.1858748], [72.6286893, 23.185828], [72.628686, 23.1856792], [72.6262643, 23.1855942], [72.6261498, 23.1894103], [72.6264768, 23.1894091], [72.626435, 23.1891774], [72.6265249, 23.1891269], [72.6265249, 23.1887287], [72.6265249, 23.1883182], [72.6263532, 23.1881345], [72.6263626, 23.1874507]]}}, {"type": "Feature", "properties": {"osm_id": 1482917208, "osm_type": "way", "name": "", "landuse": "residential"}, "geometry": {"type": "LineString", "coordinates": [[72.6304503, 23.09472], [72.6322903, 23.0947272], [72.6322937, 23.093991], [72.6304536, 23.0939839], [72.6304503, 23.09472]]}}, {"type": "Feature", "properties": {"osm_id": 1482917213, "osm_type": "way", "name": "", "natural": "water"}, "geometry": {"type": "LineString", "coordinates": [[72.6015341, 23.0826049], [72.5989759, 23.0822486], [72.5989008, 23.083433], [72.5989114, 23.0837104], [72.5989296, 23.0839874], [72.5989553, 23.084264], [72.5989887, 23.0845398], [72.5990295, 23.0848148], [72.5990759, 23.0850779], [72.5991291, 23.0853398], [72.5991892, 23.0856006], [72.5992562, 23.0858598], [72.5993299, 23.0861176], [72.5994174, 23.0863711], [72.5995126, 23.0866221], [72.5996155, 23.0868707], [72.599726, 23.0871164], [72.5998441, 23.0873591], [72.5999696, 23.0875987], [72.6001024, 23.0878349], [72.6002542, 23.0880863], [72.6004142, 23.0883332], [72.6005824, 23.0885756], [72.6007587, 23.0888131], [72.6009427, 23.0890455], [72.6011344, 23.0892726], [72.6013336, 23.0894942], [72.6015401, 23.0897101], [72.6017757, 23.089927], [72.6020179, 23.0901377], [72.6022666, 23.090342], [72.6025214, 23.0905397], [72.6027822, 23.0907307], [72.6030489, 23.0909147], [72.6033211, 23.0910918], [72.6036066, 23.0912664], [72.6038975, 23.0914332], [72.6041936, 23.0915921], [72.6044947, 23.0917431], [72.6048004, 23.0918859], [72.6051105, 23.0920204], [72.6054247, 23.0921465], [72.6057428, 23.0922641], [72.6060645, 23.0923731], [72.6063895, 23.0924735], [72.6067599, 23.0925538], [72.6071322, 23.0926268], [72.607506, 23.0926923], [72.6078813, 23.0927504], [72.6082579, 23.092801], [72.6086356, 23.0928441], [72.6090142, 23.0928797], [72.6093936, 23.0929077], [72.6098016, 23.0929294], [72.61021, 23.0929424], [72.6106187, 23.0929467], [72.6110273, 23.0929422], [72.6114358, 23.092929], [72.6118437, 23.0929071], [72.6122511, 23.0928765], [72.6126575, 23.0928372], [72.6130628, 23.0927893], [72.6270747, 23.0917826], [72.6271176, 23.089414], [72.625637, 23.0895127], [72.6229763, 23.0897002], [72.6152086, 23.0902726], [72.6117217, 23.0905292], [72.6113178, 23.0905486], [72.6109135, 23.0905589], [72.610509, 23.0905602], [72.6101046, 23.0905523], [72.6097005, 23.0905354], [72.609297, 23.0905095], [72.6088823, 23.0904733], [72.6084687, 23.0904275], [72.6080564, 23.0903722], [72.6076458, 23.0903074], [72.6072371, 23.0902332], [72.6069755, 23.0901727], [72.6067165, 23.0901034], [72.6064605, 23.0900253], [72.6062077, 23.0899386], [72.6059587, 23.0898433], [72.6057136, 23.0897397], [72.6054678, 23.0896253], [72.605227, 23.0895025], [72.6049913, 23.0893714], [72.6047612, 23.0892322], [72.6045369, 23.0890851], [72.6043188, 23.0889304], [72.604138, 23.0887952], [72.603962, 23.0886546], [72.603791, 23.0885089], [72.6036253, 23.0883581], [72.603465, 23.0882025], [72.6033103, 23.0880421], [72.6031491, 23.0878632], [72.6029948, 23.087679], [72.6028476, 23.0874901], [72.6027078, 23.0872964], [72.6025755, 23.0870984], [72.6024508, 23.0868961], [72.602334, 23.08669], [72.6022141, 23.0864687], [72.6021027, 23.0862435], [72.6020001, 23.0860149], [72.6019064, 23.0857831], [72.6018217, 23.0855484], [72.601746, 23.085311], [72.6016796, 23.0850714], [72.6016222, 23.0848288], [72.6015742, 23.0845844], [72.6015357, 23.0843386], [72.6015067, 23.0840918], [72.6014873, 23.0838441], [72.6014775, 23.083596], [72.6014772, 23.0833477], [72.6014826, 23.0832055], [72.6014866, 23.0830995], [72.6015056, 23.0828518], [72.6015341, 23.0826049]]}}, {"type": "Feature", "properties": {"osm_id": 1482917214, "osm_type": "way", "name": "", "natural": "water"}, "geometry": {"type": "LineString", "coordinates": [[72.6271176, 23.089414], [72.6270747, 23.0917826], [72.6296499, 23.0918965], [72.6316817, 23.0919863], [72.6339133, 23.0921363], [72.6362049, 23.0927758], [72.6385653, 23.093589], [72.6405394, 23.0948207], [72.6423762, 23.0967234], [72.6441958, 23.099084], [72.6453974, 23.1009788], [72.6465218, 23.104413], [72.6466763, 23.1064419], [72.6471781, 23.1100727], [72.6510978, 23.1100889], [72.6501009, 23.105763], [72.6495001, 23.1038209], [72.6493071, 23.1033049], [72.648762, 23.1018472], [72.6480582, 23.1003078], [72.6472685, 23.098863], [72.6457751, 23.0968734], [72.6445391, 23.0952707], [72.6423247, 23.0926969], [72.6414921, 23.0917415], [72.6406252, 23.0912317], [72.640136, 23.0909441], [72.6387884, 23.090502], [72.6378241, 23.0903765], [72.6370289, 23.090273], [72.6354067, 23.0901072], [72.6340163, 23.0898624], [72.6326859, 23.0895545], [72.6309103, 23.0897016], [72.6297979, 23.0895757], [72.6292441, 23.0895131], [72.6271176, 23.089414]]}}, {"type": "Feature", "properties": {"osm_id": 1482920019, "osm_type": "way", "name": "", "landuse": "residential"}, "geometry": {"type": "LineString", "coordinates": [[72.6738685, 23.1858033], [72.6735789, 23.1849552], [72.6727993, 23.1851801], [72.673089, 23.1860283], [72.6738685, 23.1858033]]}}, {"type": "Feature", "properties": {"osm_id": 62531510, "osm_type": "way", "name": "Sector 4", "landuse": "residential"}, "geometry": {"type": "LineString", "coordinates": [[72.6175349, 23.207104], [72.6174353, 23.2071709], [72.6174069, 23.2072595], [72.617429, 23.2073902], [72.6224313, 23.2152306], [72.6288361, 23.2118154], [72.6238422, 23.2037901], [72.6175854, 23.2070779], [72.6175349, 23.207104]]}}, {"type": "Feature", "properties": {"osm_id": 338782450, "osm_type": "way", "name": "", "landuse": "residential"}, "geometry": {"type": "LineString", "coordinates": [[72.6110278, 23.2212299], [72.6124227, 23.2224556], [72.6129127, 23.2228162], [72.6129937, 23.222889], [72.613097, 23.2229821], [72.6142723, 23.2235681], [72.6147286, 23.2237921], [72.6160727, 23.2242919], [72.6164982, 23.224555], [72.6157556, 23.2253269], [72.6162684, 23.2265699], [72.6165159, 23.227293], [72.6160915, 23.2274717], [72.6166927, 23.2286903], [72.6169049, 23.2289828], [72.6171348, 23.2291534], [72.6176475, 23.2292753], [72.6180454, 23.229259], [72.6189825, 23.2292753], [72.6201141, 23.2290965], [72.6206207, 23.2291516], [72.6222336, 23.229772], [72.6225524, 23.230042], [72.6232588, 23.2312369], [72.6242528, 23.2328109], [72.6244104, 23.2329291], [72.6245353, 23.2303839], [72.6254888, 23.2307177], [72.6259655, 23.2307803], [72.6259655, 23.2304048], [72.6258066, 23.2301544], [72.6261018, 23.2300293], [72.6266853, 23.2302296], [72.6238687, 23.2256756], [72.6237839, 23.2251417], [72.6217335, 23.2218039], [72.6215959, 23.2216258], [72.6212021, 23.2222233], [72.6201456, 23.2218614], [72.6195767, 23.2216546], [72.6191266, 23.2208043], [72.6172632, 23.2217811], [72.616363, 23.2201553], [72.6156003, 23.2205919], [72.6143438, 23.2213732], [72.6133436, 23.2198623], [72.6110278, 23.2212299]]}}, {"type": "Feature", "properties": {"osm_id": 338847131, "osm_type": "way", "name": "", "landuse": "residential"}, "geometry": {"type": "LineString", "coordinates": [[72.6027607, 23.1965037], [72.6080625, 23.1894235], [72.6112884, 23.1910945], [72.615305, 23.1931751], [72.6140245, 23.199023], [72.6133643, 23.1991885], [72.6128241, 23.1975702], [72.6119919, 23.1979699], [72.6106033, 23.1986368], [72.6085226, 23.200016], [72.6027607, 23.1965037]]}}, {"type": "Feature", "properties": {"osm_id": 516471696, "osm_type": "way", "name": "Sundervan farm", "landuse": "farmland"}, "geometry": {"type": "LineString", "coordinates": [[72.6152137, 23.3013905], [72.6155678, 23.3021837], [72.6158467, 23.3021246], [72.6161471, 23.3027405], [72.6153908, 23.3029868], [72.6158575, 23.3035238], [72.6161418, 23.3037652], [72.6163295, 23.3038539], [72.6163725, 23.3039475], [72.6163403, 23.3048097], [72.6164046, 23.3049674], [72.6164207, 23.3053073], [72.6163939, 23.3055684], [72.6163993, 23.3058246], [72.6163295, 23.3060808], [72.6162759, 23.3062335], [72.6162437, 23.3063961], [72.6166299, 23.3074898], [72.6167372, 23.3080613], [72.6175634, 23.3078396], [72.6174453, 23.3077657], [72.6173273, 23.3077263], [72.6173005, 23.307677], [72.6173702, 23.3076278], [72.6176599, 23.3075736], [72.6189903, 23.3071105], [72.6195857, 23.3069085], [72.6197306, 23.3069381], [72.6199773, 23.3068494], [72.6201275, 23.3067952], [72.6201705, 23.3064848], [72.6202348, 23.3064503], [72.6202563, 23.3061793], [72.6202295, 23.3061005], [72.6202456, 23.3060512], [72.6202944, 23.3059671], [72.6201905, 23.3057026], [72.6200961, 23.3055135], [72.6200428, 23.3053846], [72.6199205, 23.3054047], [72.6197914, 23.305429], [72.6197205, 23.3052375], [72.6196793, 23.3051129], [72.6195909, 23.304939], [72.6194247, 23.3048043], [72.6192454, 23.304357], [72.6193586, 23.3043035], [72.6196327, 23.3042024], [72.6195572, 23.303696], [72.6186273, 23.303862], [72.6179159, 23.3039946], [72.6178233, 23.3034915], [72.6178026, 23.302785], [72.6180498, 23.3027064], [72.6190663, 23.3025075], [72.6188598, 23.3016189], [72.6186131, 23.3010191], [72.6181403, 23.3011928], [72.6180121, 23.300825], [72.6177875, 23.3002422], [72.6164899, 23.3007966], [72.6152137, 23.3013905]]}}, {"type": "Feature", "properties": {"osm_id": 665671693, "osm_type": "way", "name": "", "natural": "water"}, "geometry": {"type": "LineString", "coordinates": [[72.5665668, 23.2991716], [72.5670576, 23.2994081], [72.5673848, 23.2994919], [72.5677389, 23.2994869], [72.5679535, 23.2993933], [72.5682914, 23.2988046], [72.5682887, 23.2986838], [72.5680795, 23.2983439], [72.5678381, 23.2981148], [72.5677094, 23.2981049], [72.5675511, 23.2981887], [72.567248, 23.2982207], [72.5666767, 23.2982798], [72.5665185, 23.298334], [72.5663951, 23.2985976], [72.5665212, 23.2987578], [72.5665668, 23.2991716]]}}, {"type": "Feature", "properties": {"osm_id": 675205014, "osm_type": "way", "name": "", "natural": "water"}, "geometry": {"type": "LineString", "coordinates": [[72.5730553, 23.3017161], [72.5731127, 23.3011681], [72.5732084, 23.3010333], [72.5733839, 23.3009747], [72.5738242, 23.3012209], [72.574105, 23.3014055], [72.5741497, 23.3016722], [72.5740827, 23.3018568], [72.5739519, 23.3019242], [72.5731478, 23.3018216], [72.5730553, 23.3017161]]}}, {"type": "Feature", "properties": {"osm_id": 675205241, "osm_type": "way", "name": "", "landuse": "industrial"}, "geometry": {"type": "LineString", "coordinates": [[72.5761873, 23.2917473], [72.5771291, 23.2895847], [72.5804126, 23.290957], [72.5783706, 23.293037], [72.5761873, 23.2917473]]}}, {"type": "Feature", "properties": {"osm_id": 693902518, "osm_type": "way", "name": "Shalin-3", "landuse": "residential"}, "geometry": {"type": "LineString", "coordinates": [[72.6184084, 23.2279152], [72.619068, 23.2279723], [72.6191112, 23.227714], [72.6189842, 23.227637], [72.6189788, 23.2269787], [72.6184462, 23.2267675], [72.6182597, 23.2267054], [72.6181489, 23.2266955], [72.6183597, 23.2276792], [72.6184084, 23.2279152]]}}, {"type": "Feature", "properties": {"osm_id": 693902519, "osm_type": "way", "name": "Tulsi Bunglows", "landuse": "residential"}, "geometry": {"type": "LineString", "coordinates": [[72.6165723, 23.229814], [72.616948, 23.2297284], [72.6164294, 23.2288238], [72.6162959, 23.2288837], [72.6161748, 23.2286697], [72.6155848, 23.2289722], [72.6160506, 23.2297455], [72.6164232, 23.2295457], [72.6165723, 23.229814]]}}, {"type": "Feature", "properties": {"osm_id": 964720701, "osm_type": "way", "name": "", "natural": "scrub"}, "geometry": {"type": "LineString", "coordinates": [[72.6142978, 23.2138492], [72.6135104, 23.2133975], [72.6121358, 23.215489], [72.6132191, 23.2154807], [72.6130734, 23.2148365], [72.6136742, 23.2146775], [72.6135741, 23.2140668], [72.6142978, 23.2138492]]}}, {"type": "Feature", "properties": {"osm_id": 964720702, "osm_type": "way", "name": "", "landuse": "farmland"}, "geometry": {"type": "LineString", "coordinates": [[72.6142978, 23.2138492], [72.614885, 23.2142466], [72.6150989, 23.2144725], [72.6152764, 23.2150331], [72.615991, 23.2149536], [72.6172609, 23.2160663], [72.6182714, 23.2170158], [72.6173747, 23.2172836], [72.6174748, 23.217476], [72.6123451, 23.2202242], [72.6118718, 23.2200401], [72.6116624, 23.220609], [72.610854, 23.2211147], [72.6104678, 23.2208292], [72.6093502, 23.2194545], [72.6121358, 23.215489], [72.6132191, 23.2154807], [72.6130734, 23.2148365], [72.6136742, 23.2146775], [72.6135741, 23.2140668], [72.6142978, 23.2138492]]}}, {"type": "Feature", "properties": {"osm_id": 964720703, "osm_type": "way", "name": "", "landuse": "farmland"}, "geometry": {"type": "LineString", "coordinates": [[72.6249987, 23.2205421], [72.6235604, 23.2208767], [72.6223132, 23.2211444], [72.6219491, 23.2213368], [72.6216851, 23.2213619], [72.6202559, 23.2190697], [72.6194821, 23.2179319], [72.6187629, 23.2170535], [72.6200738, 23.2167021], [72.6214666, 23.2163005], [72.622031, 23.2176558], [72.6232326, 23.2175806], [72.6234238, 23.2179068], [72.623442, 23.2182833], [72.6236696, 23.2183335], [72.6249987, 23.2205421]]}}, {"type": "Feature", "properties": {"osm_id": 964720704, "osm_type": "way", "name": "", "landuse": "farmland"}, "geometry": {"type": "LineString", "coordinates": [[72.6185718, 23.2168862], [72.617625, 23.2159575], [72.6170879, 23.2154807], [72.61595, 23.2146106], [72.6144571, 23.2136401], [72.6137744, 23.213205], [72.6157224, 23.2104358], [72.6161321, 23.2096661], [72.6163961, 23.2089298], [72.6172154, 23.2088712], [72.617097, 23.2074238], [72.6178837, 23.2086971], [72.6183169, 23.2093983], [72.6175158, 23.2095155], [72.617971, 23.2107955], [72.6191271, 23.2106868], [72.6205563, 23.2129792], [72.6204926, 23.2140668], [72.6189541, 23.214117], [72.6189905, 23.2146859], [72.6211298, 23.2146022], [72.6211935, 23.2157651], [72.6202832, 23.21615], [72.6191271, 23.2166352], [72.6185718, 23.2168862]]}}, {"type": "Feature", "properties": {"osm_id": 997945861, "osm_type": "way", "name": "", "natural": "water"}, "geometry": {"type": "LineString", "coordinates": [[72.5820901, 23.2097543], [72.5820707, 23.2098065], [72.5820832, 23.2098243], [72.5820957, 23.2098549], [72.5820929, 23.2098753], [72.582122, 23.2099008], [72.5821428, 23.2099339], [72.5821677, 23.2099466], [72.5822107, 23.2099441], [72.582237, 23.2099415], [72.5822633, 23.2099008], [72.5822772, 23.2098587], [72.5823118, 23.2098078], [72.5823409, 23.2097963], [72.5823701, 23.2097976], [72.582395, 23.2097989], [72.5824393, 23.2097963], [72.5825197, 23.2097797], [72.5825599, 23.2097339], [72.5825835, 23.2097033], [72.5826112, 23.2096957], [72.5826306, 23.2096906], [72.5826292, 23.2096511], [72.5826043, 23.2096027], [72.5825738, 23.209553], [72.5825225, 23.2095492], [72.5824684, 23.2095594], [72.5824005, 23.2095747], [72.5823243, 23.2096116], [72.5822273, 23.2096537], [72.5821497, 23.2096931], [72.5821081, 23.2097288], [72.5820901, 23.2097543]]}}, {"type": "Feature", "properties": {"osm_id": 997945862, "osm_type": "way", "name": "", "natural": "water"}, "geometry": {"type": "LineString", "coordinates": [[72.5862945, 23.211241], [72.5862945, 23.2113481], [72.5863246, 23.2114], [72.5864223, 23.2114587], [72.5865727, 23.2114864], [72.5867006, 23.2115347], [72.5867645, 23.211711], [72.5868021, 23.2119736], [72.586851, 23.2120704], [72.5869149, 23.2121671], [72.5870277, 23.2121533], [72.5872533, 23.2122121], [72.5873624, 23.2121913], [72.5874526, 23.212143], [72.5875391, 23.2120807], [72.5875767, 23.2118803], [72.5875955, 23.2117836], [72.5876068, 23.2116522], [72.5876181, 23.2114933], [72.5875917, 23.2113861], [72.5875692, 23.2112756], [72.587494, 23.2111892], [72.5874225, 23.2111615], [72.5872458, 23.2111477], [72.5871067, 23.2111373], [72.5868848, 23.2110958], [72.5867419, 23.2110198], [72.5866592, 23.2109956], [72.58649, 23.2109784], [72.5863998, 23.2110302], [72.5863546, 23.2111062], [72.5862945, 23.211241]]}}, {"type": "Feature", "properties": {"osm_id": 997945863, "osm_type": "way", "name": "", "natural": "water"}, "geometry": {"type": "LineString", "coordinates": [[72.5921046, 23.2101423], [72.5921221, 23.2102123], [72.5922188, 23.2102984], [72.5922862, 23.2103927], [72.592377, 23.2104519], [72.5924708, 23.2104627], [72.5926026, 23.2104788], [72.5927872, 23.2104708], [72.5929952, 23.2104411], [72.5931564, 23.2103684], [72.5932472, 23.2103119], [72.5932648, 23.2101611], [72.5931739, 23.2100049], [72.5931036, 23.2098784], [72.5929835, 23.2097922], [72.5930685, 23.2098299], [72.5931622, 23.2098703], [72.5932384, 23.2098811], [72.5933146, 23.2098434], [72.5933849, 23.2098218], [72.5934171, 23.2097464], [72.593379, 23.2096172], [72.593297, 23.2095418], [72.5931417, 23.2094018], [72.5931095, 23.2093021], [72.5928253, 23.2091971], [72.592711, 23.2091998], [72.5925792, 23.209216], [72.592421, 23.2092348], [72.5922891, 23.2092968], [72.5922218, 23.2093883], [72.5922071, 23.2094718], [72.5923097, 23.209601], [72.592336, 23.209741], [72.5923302, 23.2098757], [72.5923214, 23.2099834], [72.5923917, 23.2100372], [72.5923975, 23.2101019], [72.5922423, 23.2101073], [72.5921573, 23.2101073], [72.5921046, 23.2101423]]}}, {"type": "Feature", "properties": {"osm_id": 997945864, "osm_type": "way", "name": "", "natural": "water"}, "geometry": {"type": "LineString", "coordinates": [[72.5895382, 23.206828], [72.5895563, 23.2069587], [72.589621, 23.2071132], [72.5896649, 23.207213], [72.5897787, 23.2072891], [72.5899882, 23.2073794], [72.5901046, 23.2074365], [72.5902054, 23.2074697], [72.5903477, 23.2074864], [72.5904485, 23.207503], [72.5906063, 23.2074412], [72.590764, 23.2073556], [72.5908157, 23.2073105], [72.590808, 23.2072867], [72.5906683, 23.2071964], [72.5905313, 23.2071156], [72.5903658, 23.2070799], [72.5901925, 23.2070276], [72.5899597, 23.2069563], [72.5898666, 23.2068613], [72.589864, 23.2068018], [72.5897865, 23.2067567], [72.5896623, 23.2067329], [72.5895744, 23.2067281], [72.5895382, 23.206828]]}}, {"type": "Feature", "properties": {"osm_id": 997945865, "osm_type": "way", "name": "", "natural": "water"}, "geometry": {"type": "LineString", "coordinates": [[72.5917623, 23.2086106], [72.5917674, 23.2085393], [72.5918217, 23.2084751], [72.5918373, 23.2083872], [72.5918838, 23.2082398], [72.5919614, 23.2081519], [72.5920002, 23.2080711], [72.5920571, 23.2080521], [72.5921295, 23.2080378], [72.5921657, 23.2080735], [72.5922588, 23.2081329], [72.5922769, 23.2082541], [72.5922795, 23.2083111], [72.5922407, 23.2083563], [72.5921786, 23.2084252], [72.5921631, 23.2084585], [72.592176, 23.2085132], [72.5921269, 23.2086154], [72.5920312, 23.2087176], [72.5919381, 23.2087818], [72.5918683, 23.208758], [72.5917959, 23.2086724], [72.5917623, 23.2086106]]}}, {"type": "Feature", "properties": {"osm_id": 997945866, "osm_type": "way", "name": "", "natural": "water"}, "geometry": {"type": "LineString", "coordinates": [[72.5892625, 23.2059624], [72.5892688, 23.2060072], [72.5893504, 23.206023], [72.5894069, 23.2060548], [72.589454, 23.2061067], [72.5895467, 23.2061717], [72.5896299, 23.2062034], [72.5896707, 23.2062193], [72.5897131, 23.2061442], [72.58971, 23.2060548], [72.5897445, 23.2060057], [72.589801, 23.205935], [72.5898293, 23.2058383], [72.589834, 23.2057416], [72.5898308, 23.2056825], [72.5898104, 23.2056392], [72.5897508, 23.2055901], [72.5896895, 23.2055497], [72.589531, 23.205505], [72.5894368, 23.2055035], [72.5894052, 23.2055348], [72.5894022, 23.2056132], [72.5893834, 23.2056926], [72.5893787, 23.2057561], [72.5893944, 23.2057965], [72.5893928, 23.2058556], [72.5893426, 23.2058787], [72.5893096, 23.2058932], [72.5892751, 23.2059162], [72.5892625, 23.2059624]]}}, {"type": "Feature", "properties": {"osm_id": 1331594002, "osm_type": "way", "name": "", "landuse": "residential"}, "geometry": {"type": "LineString", "coordinates": [[72.6179823, 23.2312713], [72.6192188, 23.2317421], [72.6194737, 23.2306995], [72.6194844, 23.2301893], [72.6185751, 23.2300414], [72.6182452, 23.230628], [72.6179823, 23.2312713]]}}, {"type": "Feature", "properties": {"osm_id": 1331594004, "osm_type": "way", "name": "", "landuse": "residential"}, "geometry": {"type": "LineString", "coordinates": [[72.6182383, 23.2334669], [72.6190349, 23.2330307], [72.6185467, 23.2322346], [72.6177582, 23.2326536], [72.6182383, 23.2334669]]}}, {"type": "Feature", "properties": {"osm_id": 1331594005, "osm_type": "way", "name": "", "landuse": "residential"}, "geometry": {"type": "LineString", "coordinates": [[72.61964, 23.2360862], [72.6204525, 23.2356568], [72.6198523, 23.2346979], [72.6190398, 23.2351273], [72.61964, 23.2360862]]}}, {"type": "Feature", "properties": {"osm_id": 1332659033, "osm_type": "way", "name": "", "landuse": "residential"}, "geometry": {"type": "LineString", "coordinates": [[72.6168159, 23.2286243], [72.6176259, 23.228225], [72.6176045, 23.2278356], [72.6181704, 23.2277567], [72.6183072, 23.2286785], [72.6177332, 23.2286982], [72.6176847, 23.2283451], [72.6171101, 23.2286395], [72.6174814, 23.2288618], [72.6177017, 23.2288462], [72.6177155, 23.2290585], [72.6174028, 23.2290911], [72.6169638, 23.2288108], [72.6168159, 23.2286243]]}}, {"type": "Feature", "properties": {"osm_id": 1332659048, "osm_type": "way", "name": "", "landuse": "residential"}, "geometry": {"type": "LineString", "coordinates": [[72.6158791, 23.2253207], [72.6164699, 23.2247843], [72.616631, 23.2249924], [72.6169532, 23.2254988], [72.6176327, 23.2254237], [72.6176818, 23.2256447], [72.6175673, 23.2257585], [72.617572, 23.2258636], [72.6169929, 23.2261597], [72.6168645, 23.2261769], [72.6159889, 23.2254538], [72.6158791, 23.2253207]]}}, {"type": "Feature", "properties": {"osm_id": 1332659049, "osm_type": "way", "name": "", "landuse": "residential"}, "geometry": {"type": "LineString", "coordinates": [[72.616313, 23.2277101], [72.6160139, 23.2272759], [72.6162493, 23.2271214], [72.6164687, 23.2270645], [72.6163767, 23.2267734], [72.6165006, 23.2267344], [72.6163891, 23.2263896], [72.6167731, 23.2263441], [72.6171305, 23.2263571], [72.6170874, 23.2266899], [72.6169729, 23.2268723], [72.6168679, 23.2270204], [72.616597, 23.2270955], [72.6163612, 23.2273251], [72.6164826, 23.2275203], [72.616313, 23.2277101]]}}, {"type": "Feature", "properties": {"osm_id": 1332659050, "osm_type": "way", "name": "", "landuse": "residential"}, "geometry": {"type": "LineString", "coordinates": [[72.6171901, 23.2267672], [72.6173699, 23.2264217], [72.6177388, 23.2258681], [72.6178135, 23.2257801], [72.6179583, 23.2258295], [72.6179677, 23.2261921], [72.6180073, 23.2269045], [72.6174166, 23.2269925], [72.6173979, 23.2267865], [72.6171901, 23.2267672]]}}, {"type": "Feature", "properties": {"osm_id": 1332659057, "osm_type": "way", "name": "", "landuse": "residential"}, "geometry": {"type": "LineString", "coordinates": [[72.6175806, 23.2243907], [72.6177362, 23.2235638], [72.6180554, 23.2236308], [72.6181085, 23.2233674], [72.6177776, 23.2232925], [72.6178714, 23.2229283], [72.6188447, 23.2231202], [72.6188659, 23.2232747], [72.6187473, 23.2239674], [72.6187739, 23.2242374], [72.6185863, 23.2246293], [72.6175806, 23.2243907]]}}, {"type": "Feature", "properties": {"osm_id": 1332659058, "osm_type": "way", "name": "", "landuse": "residential"}, "geometry": {"type": "LineString", "coordinates": [[72.6166548, 23.2242909], [72.6168017, 23.2236258], [72.6172158, 23.2237006], [72.617237, 23.2236193], [72.6175449, 23.2236778], [72.6175839, 23.2237526], [72.6174281, 23.2245332], [72.616915, 23.2243885], [72.6166548, 23.2242909]]}}, {"type": "Feature", "properties": {"osm_id": 1332659059, "osm_type": "way", "name": "", "landuse": "residential"}, "geometry": {"type": "LineString", "coordinates": [[72.6191646, 23.223371], [72.6192276, 23.2229899], [72.6198719, 23.2230945], [72.6199431, 23.2227172], [72.6190812, 23.2225434], [72.6192072, 23.2219307], [72.6194695, 23.2216617], [72.6198415, 23.2218056], [72.6202744, 23.2219513], [72.6204923, 23.2220725], [72.6209701, 23.2222026], [72.6206761, 23.2236726], [72.6195557, 23.2234832], [72.6191646, 23.223371]]}}, {"type": "Feature", "properties": {"osm_id": 1332659073, "osm_type": "way", "name": "", "landuse": "residential"}, "geometry": {"type": "LineString", "coordinates": [[72.6200218, 23.2282033], [72.6203491, 23.2280856], [72.6206662, 23.2278876], [72.6209081, 23.227684], [72.6211622, 23.227202], [72.6207394, 23.2270731], [72.6207577, 23.2269032], [72.6209569, 23.2268079], [72.6209548, 23.2265221], [72.6208715, 23.2260831], [72.6209853, 23.2259486], [72.6209203, 23.2257413], [72.6209203, 23.2253863], [72.6208288, 23.2252332], [72.6208451, 23.2251541], [72.6208615, 23.2249092], [72.6210946, 23.224915], [72.620947, 23.2241238], [72.6208129, 23.2241312], [72.6208424, 23.2243136], [72.6206574, 23.224321], [72.6206413, 23.2246094], [72.6203435, 23.2245847], [72.6203945, 23.2241706], [72.6206118, 23.2241854], [72.62066, 23.223796], [72.6204347, 23.2237664], [72.6203811, 23.2241115], [72.6200431, 23.2240474], [72.6196649, 23.2239266], [72.6196944, 23.2236752], [72.6192787, 23.2235175], [72.6191645, 23.2235926], [72.6190832, 23.2237831], [72.6195609, 23.2239251], [72.6195913, 23.2241941], [72.6193576, 23.2241885], [72.6193942, 23.2244762], [72.6193982, 23.2248236], [72.6191746, 23.224747], [72.6187782, 23.2247489], [72.6187274, 23.2251262], [72.6184623, 23.2251683], [72.6184499, 23.2252773], [72.6182635, 23.2252674], [72.618262, 23.2256581], [72.6180848, 23.225685], [72.6181613, 23.2264455], [72.61834, 23.2264439], [72.6184285, 23.2267463], [72.6187913, 23.2268797], [72.6188001, 23.2267236], [72.6190107, 23.2267203], [72.619246, 23.2268211], [72.6192637, 23.2271821], [72.6190036, 23.2272391], [72.6190744, 23.2274927], [72.6193965, 23.2274228], [72.619492, 23.2277269], [72.6197557, 23.2277513], [72.6197875, 23.2280717], [72.6200218, 23.2282033]]}}, {"type": "Feature", "properties": {"osm_id": 1332659084, "osm_type": "way", "name": "", "landuse": "residential"}, "geometry": {"type": "LineString", "coordinates": [[72.6184104, 23.2279575], [72.6190367, 23.2280166], [72.6189281, 23.2288091], [72.6189442, 23.2290482], [72.6187041, 23.2292158], [72.6185673, 23.2287943], [72.6184104, 23.2279575]]}}, {"type": "Feature", "properties": {"osm_id": 1342083096, "osm_type": "way", "name": "", "landuse": "residential"}, "geometry": {"type": "LineString", "coordinates": [[72.616289, 23.2300605], [72.6171136, 23.2314428], [72.6176764, 23.2304118], [72.6173401, 23.2298557], [72.616289, 23.2300605]]}}, {"type": "Feature", "properties": {"osm_id": 1342083107, "osm_type": "way", "name": "", "landuse": "residential"}, "geometry": {"type": "LineString", "coordinates": [[72.6178446, 23.2313137], [72.6176576, 23.2317396], [72.6185154, 23.2321132], [72.6186374, 23.2318591], [72.6189748, 23.2319861], [72.6190846, 23.2319376], [72.6190236, 23.2318143], [72.6178446, 23.2313137]]}}, {"type": "Feature", "properties": {"osm_id": 1342083108, "osm_type": "way", "name": "", "landuse": "residential"}, "geometry": {"type": "LineString", "coordinates": [[72.6195127, 23.2309032], [72.6201049, 23.2319274], [72.6195981, 23.2321879], [72.6198815, 23.232631], [72.6215669, 23.2317321], [72.6207243, 23.2302816], [72.6195127, 23.2309032]]}}, {"type": "Feature", "properties": {"osm_id": 1392893314, "osm_type": "way", "name": "", "natural": "water"}, "geometry": {"type": "LineString", "coordinates": [[72.5921287, 23.3097465], [72.5924221, 23.3095807], [72.5928885, 23.3095531], [72.5936634, 23.309864], [72.5938891, 23.3101818], [72.5938891, 23.3105826], [72.5936108, 23.3106102], [72.5933174, 23.3107829], [72.5933174, 23.3111422], [72.5932797, 23.3115499], [72.5934754, 23.31184], [72.5933926, 23.311999], [72.593039, 23.311771], [72.593039, 23.3116397], [72.5930089, 23.3113011], [72.5929036, 23.3108866], [72.5926478, 23.3106171], [72.5923769, 23.3105826], [72.5922189, 23.3103684], [72.5920384, 23.3101058], [72.5921287, 23.3097465]]}}, {"type": "Feature", "properties": {"osm_id": 1392893315, "osm_type": "way", "name": "", "natural": "water"}, "geometry": {"type": "LineString", "coordinates": [[72.5914603, 23.3154723], [72.5912978, 23.3156255], [72.5913962, 23.3159632], [72.5916656, 23.3161949], [72.5919992, 23.3162813], [72.5923413, 23.3162538], [72.5927775, 23.3161242], [72.593064, 23.3161007], [72.5931196, 23.3158101], [72.5928673, 23.3156608], [72.5924738, 23.3155744], [72.5923969, 23.3157079], [72.5922173, 23.3156019], [72.5918965, 23.3155234], [72.5914603, 23.3154723]]}}, {"type": "Feature", "properties": {"osm_id": 1392893316, "osm_type": "way", "name": "", "natural": "water"}, "geometry": {"type": "LineString", "coordinates": [[72.5976041, 23.3069669], [72.597516, 23.3070725], [72.5974255, 23.3071152], [72.5972836, 23.307095], [72.5973325, 23.3069691], [72.5973325, 23.306886], [72.597171, 23.3068523], [72.5971147, 23.3066455], [72.5972566, 23.3065489], [72.597308, 23.3063804], [72.5976897, 23.3063624], [72.5982403, 23.3063107], [72.5982941, 23.3065871], [72.5983993, 23.3066725], [72.5983602, 23.3067556], [72.5984238, 23.3068051], [72.598392, 23.3069017], [72.5981693, 23.3068613], [72.5976041, 23.3069669]]}}, {"type": "Feature", "properties": {"osm_id": 1392893790, "osm_type": "way", "name": "", "natural": "water"}, "geometry": {"type": "LineString", "coordinates": [[72.5372001, 23.3072634], [72.5374978, 23.3072634], [72.5378911, 23.307466], [72.5380087, 23.307682], [72.5381484, 23.307709], [72.5381484, 23.3079217], [72.5382476, 23.3081445], [72.537983, 23.3082862], [72.5376853, 23.3083099], [72.5373104, 23.3084685], [72.5369943, 23.3084348], [72.5368215, 23.3085698], [72.5365936, 23.308509], [72.5364062, 23.3083335], [72.5360938, 23.3082964], [72.5358916, 23.3081208], [72.5356674, 23.3080803], [72.5356674, 23.3079723], [72.5355461, 23.3078778], [72.5356123, 23.3076888], [72.5360203, 23.3077327], [72.5363216, 23.3075639], [72.536487, 23.3073276], [72.5367884, 23.3072466], [72.5372001, 23.3072634]]}}, {"type": "Feature", "properties": {"osm_id": 1392893791, "osm_type": "way", "name": "", "natural": "water"}, "geometry": {"type": "LineString", "coordinates": [[72.5397594, 23.3062814], [72.5398079, 23.3065283], [72.5402839, 23.3064493], [72.5403231, 23.3063554], [72.5405051, 23.3063104], [72.5405149, 23.3061562], [72.5397594, 23.3062814]]}}, {"type": "Feature", "properties": {"osm_id": 1392893792, "osm_type": "way", "name": "", "natural": "water"}, "geometry": {"type": "LineString", "coordinates": [[72.5372241, 23.3048683], [72.5374994, 23.3048243], [72.5378125, 23.3048427], [72.5378285, 23.3050002], [72.5378604, 23.3051944], [72.5377228, 23.3051999], [72.537637, 23.3050826], [72.5375093, 23.3050497], [72.5374295, 23.3051266], [72.5373019, 23.3051138], [72.5371902, 23.3050112], [72.5372241, 23.3048683]]}}, {"type": "Feature", "properties": {"osm_id": 1392893793, "osm_type": "way", "name": "", "natural": "water"}, "geometry": {"type": "LineString", "coordinates": [[72.5324362, 23.302854], [72.5324407, 23.3030321], [72.5330772, 23.3030185], [72.5330727, 23.3028405], [72.5324362, 23.302854]]}}, {"type": "Feature", "properties": {"osm_id": 1392893971, "osm_type": "way", "name": "", "natural": "water"}, "geometry": {"type": "LineString", "coordinates": [[72.5651377, 23.2630508], [72.565055, 23.2634483], [72.5651822, 23.2637639], [72.5658694, 23.263799], [72.5662385, 23.2639919], [72.5662385, 23.2642257], [72.5661112, 23.264553], [72.5661112, 23.2648161], [72.5664866, 23.2647927], [72.5668302, 23.2649038], [72.5666329, 23.2642725], [72.5666775, 23.2639568], [72.5670274, 23.2636528], [72.5665566, 23.2629397], [72.565774, 23.2631677], [72.5651377, 23.2630508]]}}, {"type": "Feature", "properties": {"osm_id": 1392893972, "osm_type": "way", "name": "", "natural": "water"}, "geometry": {"type": "LineString", "coordinates": [[72.5699489, 23.2653776], [72.5700091, 23.2655067], [72.5699231, 23.2657516], [72.5697768, 23.2658702], [72.5695303, 23.2659571], [72.5693669, 23.2660493], [72.5690945, 23.2661309], [72.5689999, 23.2660335], [72.5688164, 23.2658148], [72.5689081, 23.2656489], [72.5691031, 23.2655357], [72.5693812, 23.2654356], [72.5696134, 23.2653934], [72.5699489, 23.2653776]]}}, {"type": "Feature", "properties": {"osm_id": 1392893973, "osm_type": "way", "name": "", "natural": "water"}, "geometry": {"type": "LineString", "coordinates": [[72.5638213, 23.2742067], [72.5639309, 23.2741972], [72.5639775, 23.27425], [72.5640571, 23.2742432], [72.5641113, 23.2747752], [72.5638813, 23.274795], [72.5638213, 23.2742067]]}}, {"type": "Feature", "properties": {"osm_id": 1392893974, "osm_type": "way", "name": "", "natural": "water"}, "geometry": {"type": "LineString", "coordinates": [[72.5571514, 23.2622101], [72.5573321, 23.2622136], [72.5574398, 23.2618251], [72.5573898, 23.2617569], [72.5571719, 23.2617215], [72.5571489, 23.2617851], [72.5571617, 23.2618993], [72.5571514, 23.2622101]]}}, {"type": "Feature", "properties": {"osm_id": 1392894150, "osm_type": "way", "name": "", "natural": "water"}, "geometry": {"type": "LineString", "coordinates": [[72.5741616, 23.2969231], [72.5747839, 23.2969763], [72.574921, 23.2971362], [72.5748419, 23.2974219], [72.5749368, 23.2976205], [72.5745782, 23.2976593], [72.5743198, 23.297606], [72.5736553, 23.2976012], [72.5739243, 23.2970877], [72.5741616, 23.2969231]]}}, {"type": "Feature", "properties": {"osm_id": 1392894151, "osm_type": "way", "name": "", "natural": "water"}, "geometry": {"type": "LineString", "coordinates": [[72.5710829, 23.2971156], [72.5712922, 23.2970753], [72.571486, 23.2971389], [72.5714732, 23.2972312], [72.5715369, 23.2973662], [72.571626, 23.2974662], [72.5715298, 23.2974974], [72.5714294, 23.2974662], [72.5714308, 23.2973987], [72.5712866, 23.2974104], [72.5711027, 23.2974727], [72.5710108, 23.2975312], [72.5709246, 23.2975156], [72.5708638, 23.2975273], [72.5708185, 23.2974623], [72.5708185, 23.2974013], [72.5709373, 23.297387], [72.5710023, 23.2972779], [72.5710193, 23.2971688], [72.5710829, 23.2971156]]}}, {"type": "Feature", "properties": {"osm_id": 1392894152, "osm_type": "way", "name": "", "natural": "water"}, "geometry": {"type": "LineString", "coordinates": [[72.5655909, 23.2963696], [72.5654711, 23.2964508], [72.5654546, 23.2965306], [72.5655969, 23.2965953], [72.5655714, 23.2966338], [72.5654291, 23.2965966], [72.5654291, 23.2966351], [72.5654636, 23.2966929], [72.5654411, 23.2967369], [72.5654531, 23.2968277], [72.5655744, 23.2968539], [72.5656583, 23.296902], [72.5656807, 23.296946], [72.5658919, 23.2969956], [72.5660597, 23.2969997], [72.566217, 23.2970121], [72.5662679, 23.2969392], [72.5663488, 23.2968209], [72.5662904, 23.2967204], [72.56619, 23.29662], [72.5659743, 23.2965182], [72.5655909, 23.2963696]]}}, {"type": "Feature", "properties": {"osm_id": 1392894264, "osm_type": "way", "name": "", "natural": "water"}, "geometry": {"type": "LineString", "coordinates": [[72.5838524, 23.2879034], [72.5837573, 23.2879533], [72.5834297, 23.2880312], [72.5834076, 23.2878769], [72.5833465, 23.2877428], [72.5832463, 23.2877022], [72.5832022, 23.2875322], [72.5832497, 23.2874527], [72.5833685, 23.2874589], [72.5834823, 23.2875587], [72.5834772, 23.2876632], [72.583557, 23.2878005], [72.5836317, 23.2878036], [72.5838286, 23.2878223], [72.5838745, 23.2878675], [72.5838524, 23.2879034]]}}, {"type": "Feature", "properties": {"osm_id": 1392894265, "osm_type": "way", "name": "", "natural": "water"}, "geometry": {"type": "LineString", "coordinates": [[72.5836089, 23.2889741], [72.5835867, 23.2890337], [72.5835662, 23.2892628], [72.5837028, 23.2894604], [72.5838241, 23.2894133], [72.5839504, 23.28928], [72.5839812, 23.2891577], [72.5839094, 23.2890259], [72.5838104, 23.2889553], [72.5836089, 23.2889741]]}}, {"type": "Feature", "properties": {"osm_id": 1392894266, "osm_type": "way", "name": "", "natural": "water"}, "geometry": {"type": "LineString", "coordinates": [[72.5759258, 23.2898871], [72.5759258, 23.2901058], [72.576034, 23.2902234], [72.5761909, 23.2902516], [72.5763117, 23.2903278], [72.5764813, 23.2902466], [72.5765372, 23.2901505], [72.576548, 23.2900743], [72.5764614, 23.2899667], [72.5763496, 23.2899037], [72.5761404, 23.2898805], [72.5759258, 23.2898871]]}}, {"type": "Feature", "properties": {"osm_id": 1392894457, "osm_type": "way", "name": "", "natural": "water"}, "geometry": {"type": "LineString", "coordinates": [[72.5649831, 23.3022473], [72.5651713, 23.3021609], [72.5653712, 23.3022941], [72.5654693, 23.3024273], [72.5653673, 23.3026758], [72.5652771, 23.3027982], [72.5651948, 23.3029278], [72.5650733, 23.3030035], [72.5650106, 23.3029422], [72.5648577, 23.302917], [72.5648694, 23.3026434], [72.5650066, 23.3025426], [72.5649321, 23.3024165], [72.5648812, 23.3022689], [72.5649831, 23.3022473]]}}, {"type": "Feature", "properties": {"osm_id": 1392894458, "osm_type": "way", "name": "", "natural": "water"}, "geometry": {"type": "LineString", "coordinates": [[72.5589176, 23.3121757], [72.5590794, 23.3121858], [72.5591658, 23.312242], [72.5591501, 23.3123848], [72.5590763, 23.3124266], [72.5589773, 23.3124757], [72.5588894, 23.3125291], [72.5590292, 23.3125738], [72.5589805, 23.3126214], [72.5588328, 23.3126156], [72.5587119, 23.3125896], [72.5587088, 23.3124843], [72.5587669, 23.3123704], [72.5588407, 23.3122752], [72.5589176, 23.3121757]]}}, {"type": "Feature", "properties": {"osm_id": 1392894591, "osm_type": "way", "name": "", "natural": "water"}, "geometry": {"type": "LineString", "coordinates": [[72.5561759, 23.2421856], [72.5564793, 23.2422593], [72.5567304, 23.2424195], [72.5562492, 23.2429065], [72.5559946, 23.2429065], [72.5557958, 23.242804], [72.5556005, 23.242663], [72.5556598, 23.2424291], [72.5559493, 23.242192], [72.5561759, 23.2421856]]}}, {"type": "Feature", "properties": {"osm_id": 1392894592, "osm_type": "way", "name": "", "natural": "water"}, "geometry": {"type": "LineString", "coordinates": [[72.5570652, 23.2425412], [72.5572675, 23.2425989], [72.5576197, 23.2428392], [72.5577278, 23.2430283], [72.5576755, 23.2431917], [72.5577522, 23.2432878], [72.5579893, 23.2432526], [72.5581881, 23.2433359], [72.5582299, 23.2435057], [72.5581253, 23.2437524], [72.557951, 23.2436499], [72.5576789, 23.243605], [72.5575081, 23.2435025], [72.5572256, 23.2434705], [72.5570757, 23.2434], [72.5567757, 23.2433038], [72.5566363, 23.2432109], [72.5565282, 23.2430571], [72.5566467, 23.2427976], [72.5568036, 23.2426854], [72.5570652, 23.2425412]]}}, {"type": "Feature", "properties": {"osm_id": 1392894593, "osm_type": "way", "name": "", "natural": "water"}, "geometry": {"type": "LineString", "coordinates": [[72.574165, 23.2600162], [72.574045, 23.2600092], [72.5738969, 23.260096], [72.5737718, 23.2599904], [72.5736543, 23.2598896], [72.5736543, 23.2597582], [72.5737156, 23.2596339], [72.573639, 23.2595143], [72.5736722, 23.2593688], [72.5736058, 23.2591953], [72.573708, 23.2590897], [72.5738484, 23.2590686], [72.5739965, 23.2590358], [72.5740705, 23.2591859], [72.5740118, 23.259336], [72.5738892, 23.2594955], [72.5740296, 23.2596527], [72.5741241, 23.2598098], [72.5741879, 23.2599107], [72.574165, 23.2600162]]}}, {"type": "Feature", "properties": {"osm_id": 1392894594, "osm_type": "way", "name": "", "natural": "water"}, "geometry": {"type": "LineString", "coordinates": [[72.5738092, 23.2587025], [72.5737286, 23.2588238], [72.5737066, 23.2589434], [72.5738257, 23.2589957], [72.5739486, 23.2589586], [72.5740219, 23.2588777], [72.5740293, 23.2587666], [72.5739523, 23.2587143], [72.5738092, 23.2587025]]}}, {"type": "Feature", "properties": {"osm_id": 1392894595, "osm_type": "way", "name": "", "natural": "water"}, "geometry": {"type": "LineString", "coordinates": [[72.5740898, 23.2587969], [72.5741411, 23.2587632], [72.5741576, 23.2588104], [72.5741833, 23.2588895], [72.5740751, 23.258935], [72.5740495, 23.2588996], [72.5740623, 23.2588626], [72.5740898, 23.2587969]]}}, {"type": "Feature", "properties": {"osm_id": 1392894596, "osm_type": "way", "name": "", "natural": "water"}, "geometry": {"type": "LineString", "coordinates": [[72.5753825, 23.2562161], [72.5754891, 23.2562011], [72.5756498, 23.256236], [72.5756534, 23.2570323], [72.5754999, 23.2571152], [72.5754259, 23.2570439], [72.5752435, 23.2570654], [72.5752561, 23.2563621], [72.5753825, 23.2562161]]}}, {"type": "Feature", "properties": {"osm_id": 1392894597, "osm_type": "way", "name": "", "natural": "water"}, "geometry": {"type": "LineString", "coordinates": [[72.5715356, 23.2548849], [72.5715824, 23.254891], [72.5716401, 23.254957], [72.571605, 23.2550584], [72.5715507, 23.2551091], [72.5714688, 23.2551283], [72.5714036, 23.2551114], [72.5713576, 23.2550423], [72.5713133, 23.2549678], [72.5713459, 23.2549025], [72.5714437, 23.2549125], [72.5715356, 23.2548849]]}}, {"type": "Feature", "properties": {"osm_id": 1392894709, "osm_type": "way", "name": "", "natural": "water"}, "geometry": {"type": "LineString", "coordinates": [[72.5769937, 23.256877], [72.5765295, 23.2569565], [72.5763564, 23.2569662], [72.5758331, 23.2569487], [72.5758162, 23.2566599], [72.5758964, 23.2566599], [72.5759007, 23.2564602], [72.5762973, 23.256433], [72.5764429, 23.2562993], [72.5766033, 23.256338], [72.5767721, 23.2563885], [72.5768713, 23.2564292], [72.5768966, 23.2566036], [72.5769388, 23.2567723], [72.5769937, 23.256877]]}}, {"type": "Feature", "properties": {"osm_id": 1392894710, "osm_type": "way", "name": "", "natural": "water"}, "geometry": {"type": "LineString", "coordinates": [[72.5922661, 23.2578662], [72.5922443, 23.2581142], [72.5923479, 23.2583773], [72.592487, 23.2585327], [72.5927189, 23.2585728], [72.5928061, 23.2585202], [72.592847, 23.2582846], [72.5928389, 23.257999], [72.5926834, 23.2578336], [72.5924761, 23.2577885], [72.5922661, 23.2578662]]}}, {"type": "Feature", "properties": {"osm_id": 1392894860, "osm_type": "way", "name": "", "natural": "water"}, "geometry": {"type": "LineString", "coordinates": [[72.5496664, 23.2862254], [72.549755, 23.2862157], [72.549853, 23.2862532], [72.549769, 23.2866558], [72.5497923, 23.2866783], [72.5497504, 23.2868775], [72.5497224, 23.2868668], [72.5497096, 23.2869139], [72.5496023, 23.2869118], [72.5496256, 23.2866301], [72.5496116, 23.2865049], [72.5496664, 23.2862254]]}}, {"type": "Feature", "properties": {"osm_id": 1392894861, "osm_type": "way", "name": "", "natural": "water"}, "geometry": {"type": "LineString", "coordinates": [[72.5342949, 23.2923822], [72.534383, 23.2929345], [72.5346215, 23.2929024], [72.5345335, 23.2923502], [72.5342949, 23.2923822]]}}, {"type": "Feature", "properties": {"osm_id": 1417369030, "osm_type": "way", "name": "", "natural": "water"}, "geometry": {"type": "LineString", "coordinates": [[72.5334269, 23.2708515], [72.5334005, 23.2707404], [72.5334656, 23.2705733], [72.5337664, 23.2705518], [72.5337979, 23.2705546], [72.5338152, 23.2705733], [72.5338274, 23.2706797], [72.533806, 23.2707647], [72.5338111, 23.2708618], [72.5337573, 23.2708609], [72.5337186, 23.2708244], [72.5336759, 23.2708198], [72.5336373, 23.270816], [72.5335977, 23.2708356], [72.5335774, 23.2708581], [72.5334269, 23.2708515]]}}, {"type": "Feature", "properties": {"osm_id": 1417369033, "osm_type": "way", "name": "", "natural": "water"}, "geometry": {"type": "LineString", "coordinates": [[72.5484204, 23.2702044], [72.5483641, 23.2701514], [72.5482501, 23.2700528], [72.5482488, 23.2700171], [72.548454, 23.2698619], [72.5485733, 23.2698015], [72.5486605, 23.269804], [72.5487262, 23.2698384], [72.5487879, 23.2698902], [72.5488603, 23.2699284], [72.5488161, 23.269969], [72.5486511, 23.2700491], [72.5484982, 23.2701637], [72.5484204, 23.2702044]]}}, {"type": "Feature", "properties": {"osm_id": 1417369035, "osm_type": "way", "name": "", "natural": "water"}, "geometry": {"type": "LineString", "coordinates": [[72.5507719, 23.2748631], [72.5507159, 23.274818], [72.5506744, 23.2747289], [72.5506715, 23.2746346], [72.5507007, 23.2745875], [72.5507894, 23.2745156], [72.5508525, 23.2744781], [72.550905, 23.2744641], [72.5509564, 23.274462], [72.5510194, 23.2744931], [72.5510603, 23.2745585], [72.5510743, 23.2746239], [72.5510766, 23.2746904], [72.5510568, 23.2747376], [72.5510206, 23.2747944], [72.5509762, 23.2748309], [72.5509272, 23.2748459], [72.5508431, 23.274862], [72.5507719, 23.2748631]]}}, {"type": "Feature", "properties": {"osm_id": 1417370006, "osm_type": "way", "name": "", "natural": "water"}, "geometry": {"type": "LineString", "coordinates": [[72.5493329, 23.2671809], [72.5492235, 23.2669149], [72.5491434, 23.2667691], [72.5490325, 23.2666997], [72.5490125, 23.2666389], [72.5490972, 23.2666177], [72.5492544, 23.2666403], [72.5494623, 23.2667068], [72.5496734, 23.26682], [72.5498259, 23.2669446], [72.549943, 23.2671441], [72.5500108, 23.2673876], [72.5499491, 23.2675135], [72.5498398, 23.2676112], [72.5497519, 23.267655], [72.5496934, 23.2676904], [72.5496811, 23.2677456], [72.5496903, 23.2678107], [72.5496765, 23.2678659], [72.5496164, 23.2679055], [72.5495702, 23.2679013], [72.549487, 23.2677612], [72.5494331, 23.2675659], [72.5494254, 23.2673989], [72.5493791, 23.2672715], [72.5493329, 23.2671809]]}}, {"type": "Feature", "properties": {"osm_id": 1417370015, "osm_type": "way", "name": "", "natural": "water"}, "geometry": {"type": "LineString", "coordinates": [[72.5495057, 23.2624318], [72.5495103, 23.2623327], [72.5495488, 23.2622549], [72.5496582, 23.2622139], [72.5497383, 23.2621672], [72.5497706, 23.2621134], [72.5499755, 23.2621275], [72.5500063, 23.2621558], [72.5499879, 23.2622676], [72.5499601, 23.2624516], [72.5499293, 23.2624983], [72.5498692, 23.262504], [72.5495812, 23.2624644], [72.5495349, 23.2624516], [72.5495057, 23.2624318]]}}, {"type": "Feature", "properties": {"osm_id": 1417384237, "osm_type": "way", "name": "", "natural": "water"}, "geometry": {"type": "LineString", "coordinates": [[72.5397094, 23.2740333], [72.5396673, 23.2740033], [72.5396545, 23.2739239], [72.5396522, 23.2738038], [72.5396849, 23.273777], [72.5397316, 23.2737641], [72.5397713, 23.2737995], [72.5398226, 23.2739357], [72.5398285, 23.2739957], [72.5398004, 23.2740108], [72.5397094, 23.2740333]]}}, {"type": "Feature", "properties": {"osm_id": 1417385389, "osm_type": "way", "name": "", "natural": "water"}, "geometry": {"type": "LineString", "coordinates": [[72.549751, 23.2546338], [72.549731, 23.2545305], [72.5497926, 23.254287], [72.5498558, 23.2541214], [72.549922, 23.2539997], [72.5500067, 23.2539926], [72.5502286, 23.2540832], [72.5505151, 23.2542955], [72.550586, 23.2543705], [72.550606, 23.2544455], [72.5505752, 23.2545022], [72.5504489, 23.2545531], [72.5501916, 23.2546536], [72.5500776, 23.2547102], [72.5500252, 23.2547314], [72.5499574, 23.2547399], [72.5498881, 23.2547215], [72.549751, 23.2546338]]}}, {"type": "Feature", "properties": {"osm_id": 1417398816, "osm_type": "way", "name": "", "natural": "water"}, "geometry": {"type": "LineString", "coordinates": [[72.5359272, 23.2582243], [72.5357849, 23.2581683], [72.5356405, 23.2580301], [72.535604, 23.2579199], [72.5356487, 23.2578359], [72.5357158, 23.2577724], [72.5357645, 23.2577574], [72.535915, 23.2577873], [72.5360471, 23.2578172], [72.5361264, 23.2578695], [72.5362219, 23.2578657], [72.5363256, 23.2578807], [72.53635, 23.2579554], [72.5362971, 23.2580189], [72.5362077, 23.25806], [72.536106, 23.2580936], [72.5360695, 23.2581496], [72.5360756, 23.258215], [72.5360369, 23.2582673], [72.5359759, 23.2582673], [72.5359272, 23.2582243]]}}, {"type": "Feature", "properties": {"osm_id": 1417398817, "osm_type": "way", "name": "", "natural": "water"}, "geometry": {"type": "LineString", "coordinates": [[72.5399786, 23.2527507], [72.5399379, 23.2525491], [72.5403325, 23.2524922], [72.5403838, 23.2526873], [72.5399786, 23.2527507]]}}, {"type": "Feature", "properties": {"osm_id": 1417399080, "osm_type": "way", "name": "", "natural": "water"}, "geometry": {"type": "LineString", "coordinates": [[72.5535752, 23.253662], [72.5536035, 23.253462], [72.5536654, 23.253423], [72.5537486, 23.2534263], [72.5538335, 23.253449], [72.5539308, 23.2534328], [72.5540087, 23.253371], [72.5541237, 23.2533775], [72.554152, 23.2534279], [72.554152, 23.2535124], [72.5541273, 23.2536132], [72.5541096, 23.253701], [72.5539769, 23.2536831], [72.5538105, 23.2536734], [72.5536495, 23.2536701], [72.5535752, 23.253662]]}}, {"type": "Feature", "properties": {"osm_id": 1417399082, "osm_type": "way", "name": "", "natural": "water"}, "geometry": {"type": "LineString", "coordinates": [[72.548907, 23.2531948], [72.548769, 23.25312], [72.5487123, 23.2530647], [72.5486929, 23.2529851], [72.5487389, 23.2529005], [72.5488946, 23.2527835], [72.5489937, 23.2527412], [72.549061, 23.2527396], [72.5491601, 23.2527737], [72.5492768, 23.2528517], [72.5493105, 23.2529444], [72.5493264, 23.2530143], [72.5493317, 23.2530859], [72.5492945, 23.2531346], [72.5492273, 23.2531867], [72.5491547, 23.2532078], [72.5490698, 23.2532208], [72.5490114, 23.2532159], [72.548907, 23.2531948]]}}, {"type": "Feature", "properties": {"osm_id": 1417400010, "osm_type": "way", "name": "", "natural": "water"}, "geometry": {"type": "LineString", "coordinates": [[72.5326505, 23.2424534], [72.5326364, 23.2423851], [72.5326718, 23.2422892], [72.5328027, 23.2423119], [72.533277, 23.2424583], [72.5333584, 23.2425428], [72.5333725, 23.2426404], [72.5333513, 23.2427331], [72.5332876, 23.2427818], [72.5332309, 23.2427851], [72.5331566, 23.2427623], [72.5330823, 23.2426924], [72.5330504, 23.2426144], [72.5330151, 23.242564], [72.5327779, 23.2424989], [72.5326505, 23.2424534]]}}, {"type": "Feature", "properties": {"osm_id": 1417400011, "osm_type": "way", "name": "", "natural": "water"}, "geometry": {"type": "LineString", "coordinates": [[72.535852, 23.2491563], [72.5358601, 23.2489776], [72.5358963, 23.2489554], [72.5361645, 23.2489677], [72.5362128, 23.2489899], [72.5362168, 23.2490478], [72.5362047, 23.2491402], [72.53619, 23.2491723], [72.5360612, 23.2491686], [72.5360022, 23.249139], [72.5359768, 23.2491316], [72.5359473, 23.2491427], [72.5359271, 23.2491575], [72.535852, 23.2491563]]}}, {"type": "Feature", "properties": {"osm_id": 1417400014, "osm_type": "way", "name": "", "natural": "water"}, "geometry": {"type": "LineString", "coordinates": [[72.5408724, 23.2461238], [72.5408362, 23.2460776], [72.5408665, 23.2459146], [72.5408981, 23.245714], [72.5409553, 23.2456657], [72.5410312, 23.2456518], [72.5411829, 23.2456571], [72.5412378, 23.2456807], [72.5412857, 23.2457301], [72.541316, 23.2458116], [72.541302, 23.2459071], [72.541232, 23.245965], [72.5411444, 23.2460304], [72.5411129, 23.2460851], [72.5410849, 23.246127], [72.5410358, 23.2461474], [72.5409938, 23.2461484], [72.5408724, 23.2461238]]}}, {"type": "Feature", "properties": {"osm_id": 1417400016, "osm_type": "way", "name": "", "natural": "water"}, "geometry": {"type": "LineString", "coordinates": [[72.5381115, 23.249274], [72.5380068, 23.2492782], [72.5379544, 23.2492245], [72.5379683, 23.2491622], [72.5380777, 23.2490688], [72.5381793, 23.2489824], [72.5382348, 23.2489598], [72.5382409, 23.2489824], [72.5382209, 23.2490688], [72.538244, 23.2491098], [72.5382456, 23.2491438], [72.5382117, 23.2491792], [72.5381547, 23.2492329], [72.5381115, 23.249274]]}}, {"type": "Feature", "properties": {"osm_id": 13764283849, "osm_type": "node", "name": "Bansari Greencity 1", "landuse": "residential"}, "geometry": {"type": "Point", "coordinates": [72.6433813, 23.2661166]}}, {"type": "Feature", "properties": {"osm_id": 13764283850, "osm_type": "node", "name": "Bansari Greencity 2", "landuse": "residential"}, "geometry": {"type": "Point", "coordinates": [72.6440966, 23.2665874]}}, {"type": "Feature", "properties": {"osm_id": 29349855, "osm_type": "way", "name": "", "natural": "water"}, "geometry": {"type": "LineString", "coordinates": [[72.6613365, 23.1921336], [72.6615961, 23.1926788], [72.6622712, 23.1940961], [72.6631696, 23.195128], [72.663299, 23.1952764], [72.6638835, 23.1959467], [72.6649341, 23.197773], [72.66539, 23.1985398], [72.665744, 23.1992475], [72.6658665, 23.1992393], [72.6660078, 23.1994421], [72.6669581, 23.2012925], [72.6683743, 23.2027756], [72.6697733, 23.2041009], [72.671447, 23.2056787], [72.6735159, 23.2073074], [72.6737489, 23.2074665], [72.6748057, 23.2081744], [72.6774037, 23.2099148], [72.6797211, 23.2115556], [72.6816523, 23.2132595], [72.6831887, 23.2147661], [72.6850426, 23.2164621], [72.6861842, 23.2179056], [72.6870682, 23.2195462], [72.6880123, 23.221739], [72.6886303, 23.2236794], [72.6888878, 23.2251702], [72.6888363, 23.2264558], [72.6886561, 23.2287353], [72.6885273, 23.2305336], [72.6883814, 23.2322766], [72.6880897, 23.233549], [72.6878407, 23.2346348], [72.687566, 23.2364094], [72.6870081, 23.2384679], [72.6862528, 23.2411493], [72.6858374, 23.2430007], [72.6851667, 23.2449641], [72.6849775, 23.2453743], [72.6848681, 23.2456115], [72.6844196, 23.2468857], [72.683532, 23.2486571], [72.6833517, 23.2509441], [72.6824763, 23.2556598], [72.6823441, 23.2576299], [72.6823218, 23.2579624], [72.6826136, 23.259437], [72.6832831, 23.2605094], [72.684253, 23.2618421], [72.6851027, 23.262875], [72.686373, 23.2639396], [72.6878922, 23.2648779], [72.6905529, 23.266108], [72.6934626, 23.2671646], [72.6954024, 23.2680398], [72.696398, 23.2688993], [72.6977455, 23.2703501], [72.699136, 23.2719822], [72.7003891, 23.2738194], [72.7011959, 23.2751598], [72.6974022, 23.2750809], [72.696398, 23.2732438], [72.6954453, 23.2718403], [72.6939776, 23.2703028], [72.6923725, 23.2690649], [72.6902439, 23.267819], [72.6885702, 23.2670463], [72.6855318, 23.2660922], [72.6837723, 23.2653825], [72.6819956, 23.264665], [72.680897, 23.2635453], [72.6800473, 23.2615897], [72.679558, 23.260194], [72.6794293, 23.2582778], [72.679558, 23.2564405], [72.6794533, 23.2553665], [72.680485, 23.2526632], [72.6811974, 23.2508968], [72.6811614, 23.2488527], [72.6814224, 23.2481618], [72.6814549, 23.2473717], [72.6820587, 23.2453602], [72.6820177, 23.2440525], [72.6824931, 23.2425289], [72.6834396, 23.2387632], [72.6839036, 23.2367173], [72.6844628, 23.2337306], [72.6851626, 23.2314061], [72.6854662, 23.2266574], [72.6851926, 23.2249242], [72.6838724, 23.2218051], [72.6830348, 23.2203869], [72.6822227, 23.2192269], [72.6811353, 23.2172209], [72.6800573, 23.2158253], [72.6779091, 23.2139871], [72.6761825, 23.2125902], [72.674003, 23.2109235], [72.6718207, 23.2097526], [72.6698986, 23.2084737], [72.6675469, 23.2068674], [72.6657375, 23.2052778], [72.664512, 23.2043547], [72.6624811, 23.2024179], [72.6618892, 23.2012525], [72.661813, 23.2009792], [72.6619172, 23.200936], [72.659817, 23.1956913], [72.6590273, 23.1943027], [72.6579459, 23.1914862], [72.6570017, 23.188788], [72.6606836, 23.1876714], [72.6607515, 23.1888486], [72.6608173, 23.1900159], [72.6613365, 23.1921336]]}}, {"type": "Feature", "properties": {"osm_id": 62531507, "osm_type": "way", "name": "Sector 1", "landuse": "residential"}, "geometry": {"type": "LineString", "coordinates": [[72.640516, 23.1961985], [72.6403654, 23.1961895], [72.6401999, 23.1961985], [72.6400517, 23.1962939], [72.63999, 23.1964119], [72.6399159, 23.1966594], [72.6401628, 23.1980986], [72.6403478, 23.1987417], [72.6404567, 23.1991201], [72.6409803, 23.2007046], [72.6414224, 23.2017329], [72.6418003, 23.2023458], [72.6429536, 23.2041686], [72.6430277, 23.2041958], [72.6431537, 23.2042026], [72.6433414, 23.2041436], [72.6516948, 23.1997086], [72.6516701, 23.1996519], [72.6488361, 23.1984743], [72.6468973, 23.1978245], [72.6446653, 23.1971718], [72.6426988, 23.1966639], [72.640516, 23.1961985]]}}, {"type": "Feature", "properties": {"osm_id": 62531510, "osm_type": "way", "name": "Sector 4", "landuse": "residential"}, "geometry": {"type": "LineString", "coordinates": [[72.6175349, 23.207104], [72.6174353, 23.2071709], [72.6174069, 23.2072595], [72.617429, 23.2073902], [72.6224313, 23.2152306], [72.6288361, 23.2118154], [72.6238422, 23.2037901], [72.6175854, 23.2070779], [72.6175349, 23.207104]]}}, {"type": "Feature", "properties": {"osm_id": 62531513, "osm_type": "way", "name": "Sector 2", "landuse": "residential"}, "geometry": {"type": "LineString", "coordinates": [[72.6322657, 23.1974768], [72.6319893, 23.1975416], [72.6318477, 23.1976034], [72.6316424, 23.1978181], [72.6316095, 23.1984044], [72.6316811, 23.1991308], [72.6317824, 23.1997982], [72.6322244, 23.201394], [72.6325924, 23.2023588], [72.6330444, 23.203344], [72.6336026, 23.2042588], [72.6357833, 23.2077454], [72.6358871, 23.2078498], [72.6359957, 23.207902], [72.6361242, 23.2079065], [72.6362872, 23.2078838], [72.6364749, 23.2077908], [72.6425158, 23.2045811], [72.6426714, 23.2044313], [72.642664, 23.2043405], [72.6425998, 23.2041929], [72.6410982, 23.2018866], [72.6408537, 23.2013486], [72.6403474, 23.1999049], [72.639888, 23.1983817], [72.6395014, 23.1968332], [72.6393022, 23.1966277], [72.639164, 23.1965343], [72.639038, 23.1964782], [72.6389201, 23.1964296], [72.638729, 23.1963998], [72.6384973, 23.1964184], [72.6340589, 23.1973031], [72.6331269, 23.197426], [72.6322657, 23.1974768]]}}, {"type": "Feature", "properties": {"osm_id": 62531515, "osm_type": "way", "name": "Sector 3", "landuse": "residential"}, "geometry": {"type": "LineString", "coordinates": [[72.631299, 23.1984927], [72.631168, 23.1977873], [72.631058, 23.1976493], [72.6308756, 23.1975408], [72.6290383, 23.1975531], [72.6272251, 23.1974323], [72.6253315, 23.1971562], [72.6243256, 23.1969836], [72.624075, 23.1970058], [72.6239793, 23.1975989], [72.6239917, 23.1985296], [72.6239731, 23.2014891], [72.6239762, 23.2021304], [72.6242325, 23.2033704], [72.6244455, 23.2041252], [72.6248283, 23.2047352], [72.6290792, 23.2115417], [72.6292143, 23.2115771], [72.6294362, 23.2115505], [72.6354272, 23.2083364], [72.635515, 23.2082459], [72.6355613, 23.2081466], [72.6355575, 23.2079977], [72.63292, 23.2038111], [72.6323122, 23.2026008], [72.631825, 23.2013417], [72.6314729, 23.2000382], [72.631299, 23.1984927]]}}, {"type": "Feature", "properties": {"osm_id": 62553550, "osm_type": "way", "name": "Sector 8", "landuse": "residential"}, "geometry": {"type": "LineString", "coordinates": [[72.647944, 23.2121617], [72.64805, 23.2122566], [72.6481804, 23.2122965], [72.6483325, 23.2123065], [72.6485281, 23.2122491], [72.6545895, 23.2089281], [72.654946, 23.2085547], [72.6584476, 23.2036673], [72.6584286, 23.2035724], [72.6549318, 23.2014382], [72.6518721, 23.199812], [72.6432806, 23.2043534], [72.6432466, 23.2044377], [72.6432364, 23.2045625], [72.6432908, 23.2047279], [72.647944, 23.2121617]]}}, {"type": "Feature", "properties": {"osm_id": 62553551, "osm_type": "way", "name": "Sector 10", "landuse": "commercial"}, "geometry": {"type": "LineString", "coordinates": [[72.6485831, 23.2124155], [72.6484179, 23.2125373], [72.6483744, 23.212777], [72.6483918, 23.2129488], [72.6585048, 23.2290917], [72.6585813, 23.2291277], [72.6586943, 23.2291452], [72.6588039, 23.2291325], [72.6652097, 23.2256894], [72.6652431, 23.2256229], [72.6652515, 23.225559], [72.6652417, 23.2254708], [72.6625122, 23.2214155], [72.6550042, 23.2091928], [72.6548964, 23.2091417], [72.6548129, 23.2091321], [72.6547051, 23.2091305], [72.6546373, 23.2091464], [72.6542578, 23.2093513], [72.6485831, 23.2124155]]}}, {"type": "Feature", "properties": {"osm_id": 141607162, "osm_type": "way", "name": "Vavol Lake", "natural": "water"}, "geometry": {"type": "LineString", "coordinates": [[72.6231197, 23.2285131], [72.6233306, 23.2284961], [72.6234055, 23.2284312], [72.6234269, 23.2282932], [72.6233869, 23.2282487], [72.6232634, 23.2281577], [72.6227403, 23.2274256], [72.6226643, 23.2272386], [72.6225042, 23.2270904], [72.622446, 23.2270587], [72.6222897, 23.2269721], [72.6221609, 23.2269721], [72.6220126, 23.2270293], [72.6219598, 23.2270995], [72.6219288, 23.2271711], [72.6218397, 23.2271677], [72.6217318, 23.2271693], [72.6216245, 23.2272679], [72.6215386, 23.2273824], [72.621441, 23.227533], [72.6213082, 23.2277555], [72.6212927, 23.227881], [72.6213667, 23.2279743], [72.6214662, 23.2280291], [72.6231197, 23.2285131]]}}, {"type": "Feature", "properties": {"osm_id": 141607166, "osm_type": "way", "name": "", "natural": "water"}, "geometry": {"type": "LineString", "coordinates": [[72.6307869, 23.3197352], [72.6306152, 23.3197352], [72.6305723, 23.3196563], [72.6303577, 23.3196958], [72.6302719, 23.319814], [72.6302075, 23.3198337], [72.6302075, 23.3199519], [72.62995, 23.320149], [72.6300359, 23.3203854], [72.6301217, 23.3204248], [72.6301217, 23.3205036], [72.6301861, 23.3205628], [72.6304436, 23.3206416], [72.6305723, 23.3206022], [72.6307011, 23.320681], [72.6308727, 23.320681], [72.6309586, 23.3207204], [72.6311517, 23.3206219], [72.6311946, 23.3204248], [72.6311517, 23.3201096], [72.6310658, 23.3200701], [72.6310229, 23.3199913], [72.6310658, 23.3199125], [72.6309371, 23.3198337], [72.6309371, 23.3197943], [72.6307869, 23.3197352]]}}, {"type": "Feature", "properties": {"osm_id": 141607182, "osm_type": "way", "name": "", "natural": "water"}, "geometry": {"type": "LineString", "coordinates": [[72.6418161, 23.2930522], [72.6418805, 23.2928354], [72.6417732, 23.2927368], [72.6416016, 23.2926974], [72.6414299, 23.2925398], [72.6410866, 23.2924215], [72.6409578, 23.2922638], [72.6408076, 23.2923624], [72.6408076, 23.2925595], [72.6408505, 23.2925989], [72.6408505, 23.2926777], [72.6408076, 23.292796], [72.6407218, 23.2928748], [72.6407647, 23.2929536], [72.6407647, 23.2930325], [72.6407218, 23.2930719], [72.6407218, 23.2931902], [72.6408291, 23.2932887], [72.6411295, 23.2932493], [72.6411724, 23.2932887], [72.6413012, 23.2932887], [72.6415157, 23.2932493], [72.6416016, 23.2931704], [72.6417303, 23.293131], [72.6418161, 23.2930522]]}}, {"type": "Feature", "properties": {"osm_id": 146474802, "osm_type": "way", "name": "", "natural": "water"}, "geometry": {"type": "LineString", "coordinates": [[72.7227104, 23.3479649], [72.7234912, 23.346273], [72.7242037, 23.3424486], [72.7242037, 23.3402847], [72.7239297, 23.338926], [72.7226143, 23.3365608], [72.7217922, 23.3346485], [72.7191614, 23.3310754], [72.7169143, 23.3284081], [72.714722, 23.3256401], [72.7131874, 23.3229727], [72.7113788, 23.3199529], [72.709022, 23.3158761], [72.7072682, 23.3123025], [72.705624, 23.3087288], [72.7043086, 23.3057087], [72.7035413, 23.3025878], [72.7029384, 23.2999199], [72.7022807, 23.2962956], [72.7021163, 23.2938793], [72.7020615, 23.2880397], [72.7021163, 23.2851702], [72.7023355, 23.2830054], [72.7023355, 23.2805888], [72.7017874, 23.2785247], [72.7011959, 23.2751598], [72.6974022, 23.2750809], [72.6986634, 23.2782226], [72.6990471, 23.2823006], [72.6992115, 23.2869322], [72.6991567, 23.2921174], [72.6992115, 23.2978057], [72.6995951, 23.3018831], [72.7008557, 23.3058093], [72.7028999, 23.3104898], [72.7046527, 23.3138099], [72.7067201, 23.3177887], [72.709022, 23.3228217], [72.7123653, 23.326697], [72.714722, 23.3296662], [72.7167499, 23.3321322], [72.7193807, 23.3362085], [72.7206412, 23.3392783], [72.7212989, 23.3419957], [72.7212989, 23.3444111], [72.7204768, 23.3469774], [72.7227104, 23.3479649]]}}, {"type": "Feature", "properties": {"osm_id": 244342863, "osm_type": "way", "name": "Indroda Nature Park", "landuse": "forest"}, "geometry": {"type": "LineString", "coordinates": [[72.6426251, 23.1963391], [72.6449867, 23.1969211], [72.6502806, 23.1986702], [72.6535544, 23.2001456], [72.6550061, 23.1992059], [72.6539392, 23.1959248], [72.6581478, 23.1947484], [72.6584286, 23.1946792], [72.6572193, 23.1916222], [72.6579459, 23.1914862], [72.6570017, 23.188788], [72.6563837, 23.1869023], [72.6561699, 23.1857544], [72.6532888, 23.1854618], [72.6479271, 23.1863524], [72.6476518, 23.1913631], [72.643001, 23.1908916], [72.6426251, 23.1963391]]}}, {"type": "Feature", "properties": {"osm_id": 325161419, "osm_type": "way", "name": "", "landuse": "residential"}, "geometry": {"type": "LineString", "coordinates": [[72.6294078, 23.2119616], [72.6312302, 23.2148658], [72.633042, 23.2139673], [72.632105, 23.2124301], [72.6320696, 23.2122739], [72.6320767, 23.2121178], [72.6321262, 23.2119161], [72.6322466, 23.211773], [72.6332589, 23.2112004], [72.6325864, 23.2101204], [72.6325468, 23.210082], [72.6293131, 23.2118578], [72.6294078, 23.2119616]]}}, {"type": "Feature", "properties": {"osm_id": 325161420, "osm_type": "way", "name": "", "landuse": "residential"}, "geometry": {"type": "LineString", "coordinates": [[72.6327671, 23.2100176], [72.6334278, 23.2110849], [72.6356103, 23.2099164], [72.6349896, 23.2087841], [72.6327671, 23.2100176]]}}, {"type": "Feature", "properties": {"osm_id": 325161430, "osm_type": "way", "name": "", "landuse": "residential"}, "geometry": {"type": "LineString", "coordinates": [[72.6363935, 23.2085], [72.6387139, 23.2122535], [72.6392846, 23.2119682], [72.6395549, 23.2117566], [72.6398152, 23.211499], [72.6393246, 23.2107813], [72.6386638, 23.2096587], [72.6383935, 23.2092355], [72.6384039, 23.2091044], [72.6386839, 23.208757], [72.6401528, 23.2079888], [72.6393146, 23.2067235], [72.6392428, 23.2066542], [72.6363049, 23.2082157], [72.6363935, 23.2085]]}}, {"type": "Feature", "properties": {"osm_id": 325161460, "osm_type": "way", "name": "", "landuse": "residential"}, "geometry": {"type": "LineString", "coordinates": [[72.6389282, 23.2096477], [72.6392344, 23.2101333], [72.6399282, 23.2097635], [72.6405237, 23.2107073], [72.641579, 23.2101448], [72.6412296, 23.2095909], [72.6407963, 23.2098218], [72.6402444, 23.2089466], [72.6389282, 23.2096477]]}}, {"type": "Feature", "properties": {"osm_id": 325161499, "osm_type": "way", "name": "", "landuse": "residential"}, "geometry": {"type": "LineString", "coordinates": [[72.6418569, 23.2093781], [72.642101, 23.2098063], [72.6435134, 23.2090827], [72.6431421, 23.2084429], [72.6425452, 23.2075201], [72.6424037, 23.2072468], [72.6421417, 23.2071948], [72.6419223, 23.2072728], [72.6405772, 23.2079625], [72.641558, 23.2095241], [72.6418569, 23.2093781]]}}, {"type": "Feature", "properties": {"osm_id": 325161570, "osm_type": "way", "name": "", "landuse": "residential"}, "geometry": {"type": "LineString", "coordinates": [[72.6399852, 23.2062436], [72.6406455, 23.2073332], [72.6402423, 23.2075793], [72.6403882, 23.2078268], [72.6417545, 23.2071632], [72.641955, 23.2070863], [72.6418047, 23.2068213], [72.6424776, 23.2064269], [72.6421069, 23.205848], [72.64182, 23.205993], [72.6415102, 23.2054461], [72.6399852, 23.2062436]]}}, {"type": "Feature", "properties": {"osm_id": 325162059, "osm_type": "way", "name": "", "landuse": "residential"}, "geometry": {"type": "LineString", "coordinates": [[72.663121, 23.2216411], [72.6654737, 23.2254409], [72.6725018, 23.2216687], [72.6726219, 23.2213191], [72.6726119, 23.2210615], [72.6707598, 23.2173813], [72.6692881, 23.2181357], [72.6631911, 23.2214111], [72.663141, 23.2215123], [72.663121, 23.2216411]]}}, {"type": "Feature", "properties": {"osm_id": 325162774, "osm_type": "way", "name": "", "landuse": "forest"}, "geometry": {"type": "LineString", "coordinates": [[72.6597477, 23.2162831], [72.6609277, 23.2181677], [72.6687635, 23.2140215], [72.66749, 23.2121699], [72.6673676, 23.2121831], [72.6597477, 23.2162831]]}}, {"type": "Feature", "properties": {"osm_id": 325162795, "osm_type": "way", "name": "Indroda", "landuse": "residential"}, "geometry": {"type": "LineString", "coordinates": [[72.6539392, 23.1959248], [72.6581478, 23.1947484], [72.658984, 23.1968257], [72.6586889, 23.1971998], [72.6583124, 23.197312], [72.6578239, 23.1973495], [72.6575187, 23.1975178], [72.657478, 23.1978171], [72.6575797, 23.1979668], [72.6578067, 23.1980217], [72.6579589, 23.1982661], [72.657804, 23.1988492], [72.6575797, 23.1990008], [72.6571704, 23.1993388], [72.6566435, 23.1998842], [72.656379, 23.2002302], [72.6562174, 23.2002578], [72.6552435, 23.2002778], [72.6550061, 23.1992059], [72.6539392, 23.1959248]]}}, {"type": "Feature", "properties": {"osm_id": 325164037, "osm_type": "way", "name": "Udyog Bhavan", "amenity": "public_building", "landuse": "commercial", "building": "office"}, "geometry": {"type": "LineString", "coordinates": [[72.6459339, 23.2221457], [72.6457683, 23.2221109], [72.6457468, 23.2220789], [72.6458045, 23.2218638], [72.646001, 23.2219107], [72.6460305, 23.2218231], [72.6462658, 23.2218817], [72.6462866, 23.2218252], [72.6462598, 23.2218208], [72.6462162, 23.2217672], [72.6462343, 23.2217111], [72.6462719, 23.2216976], [72.6462913, 23.2217358], [72.6462947, 23.221758], [72.6463034, 23.2217604], [72.6463181, 23.2217025], [72.6463449, 23.2216643], [72.6463711, 23.2216557], [72.6464261, 23.2214961], [72.6464569, 23.2214813], [72.6467761, 23.2215639], [72.6467667, 23.221591], [72.6467956, 23.2216015], [72.6467412, 23.2217623], [72.6467775, 23.2218091], [72.6467868, 23.2218125], [72.6467775, 23.2218806], [72.6467982, 23.2219031], [72.6468076, 23.2218698], [72.6468412, 23.2218501], [72.646866, 23.2218723], [72.6468458, 23.2219376], [72.646823, 23.2220005], [72.6471007, 23.2220769], [72.6471342, 23.2220609], [72.6471717, 23.2221139], [72.6471463, 23.2221952], [72.6471114, 23.2222235], [72.647098, 23.2222728], [72.6471342, 23.2222975], [72.6471469, 23.2223412], [72.6471463, 23.2223961], [72.6471563, 23.2224053], [72.6471731, 23.2223622], [72.6472113, 23.2223529], [72.6472321, 23.2223831], [72.647212, 23.2224275], [72.6471463, 23.222462], [72.6471147, 23.2224577], [72.647098, 23.2225113], [72.6473012, 23.2225699], [72.6473233, 23.2226007], [72.6473038, 23.222658], [72.6474668, 23.2227097], [72.6474809, 23.2227535], [72.6474279, 23.2229112], [72.6473997, 23.2229143], [72.647391, 23.2229371], [72.6472375, 23.2229008], [72.64721, 23.2229988], [72.6471791, 23.2229944], [72.6471664, 23.2230179], [72.6469706, 23.2229624], [72.6469451, 23.2230524], [72.6469665, 23.2230641], [72.6470111, 23.2231402], [72.6470024, 23.223183], [72.6469719, 23.2232073], [72.6469407, 23.2231796], [72.6469501, 23.2231396], [72.646932, 23.2231351], [72.646921, 23.2231597], [72.6468844, 23.2231835], [72.6468673, 23.2231785], [72.6468445, 23.2232377], [72.6468328, 23.2232372], [72.6468106, 23.2233053], [72.6467838, 23.2232979], [72.6467771, 23.2233176], [72.6464546, 23.2232449], [72.646464, 23.2232147], [72.6464284, 23.2232098], [72.646462, 23.2230973], [72.6464325, 23.2230604], [72.6464398, 23.2230357], [72.6464197, 23.2230302], [72.646411, 23.2230636], [72.6463899, 23.2230761], [72.6463795, 23.2230742], [72.6463607, 23.2230544], [72.6463734, 23.2229891], [72.6464459, 23.2229509], [72.646474, 23.2229491], [72.6465096, 23.2228397], [72.6464573, 23.2228212], [72.6465065, 23.2226631], [72.6463342, 23.2226279], [72.6463406, 23.2225983], [72.6463161, 23.2225935], [72.6463211, 23.2225753], [72.6463198, 23.2225743], [72.6462982, 23.2225689], [72.6462859, 23.2226001], [72.6461002, 23.2225608], [72.6460814, 23.2225244], [72.6460881, 23.2224991], [72.6460667, 23.2224924], [72.6460569, 23.222528], [72.6460258, 23.2225437], [72.646017, 23.22254], [72.646001, 23.2225187], [72.6460154, 23.2224699], [72.6460942, 23.2224212], [72.6461119, 23.2224289], [72.6461324, 23.2223322], [72.6459419, 23.2222933], [72.6459279, 23.2222872], [72.6459024, 23.2222564], [72.6459339, 23.2221457]]}}, {"type": "Feature", "properties": {"osm_id": 325166057, "osm_type": "way", "name": "", "landuse": "residential"}, "geometry": {"type": "LineString", "coordinates": [[72.6391476, 23.2130945], [72.640878, 23.2157253], [72.6411254, 23.2156127], [72.6413187, 23.2159608], [72.6432212, 23.2150101], [72.6423532, 23.2135414], [72.6422074, 23.2136409], [72.641842, 23.2137604], [72.64167, 23.2137557], [72.6415047, 23.213705], [72.6406741, 23.2123207], [72.6391476, 23.2130945]]}}, {"type": "Feature", "properties": {"osm_id": 325166081, "osm_type": "way", "name": "", "landuse": "residential"}, "geometry": {"type": "LineString", "coordinates": [[72.6435321, 23.212947], [72.644346, 23.2142667], [72.6461904, 23.2133391], [72.6457953, 23.2127073], [72.6453532, 23.2119762], [72.6452446, 23.2120697], [72.6435321, 23.212947]]}}, {"type": "Feature", "properties": {"osm_id": 325166993, "osm_type": "way", "name": "", "natural": "scrub"}, "geometry": {"type": "LineString", "coordinates": [[72.6275676, 23.2316363], [72.6266853, 23.2302296], [72.6265558, 23.2301962], [72.6261018, 23.2300293], [72.6258066, 23.2301544], [72.6259655, 23.2304048], [72.6259655, 23.2307803], [72.6254888, 23.2307177], [72.624785, 23.2304882], [72.6245353, 23.2303839], [72.6244104, 23.2329291], [72.6245976, 23.2332305], [72.6269835, 23.2319608], [72.6275676, 23.2316363]]}}, {"type": "Feature", "properties": {"osm_id": 325168246, "osm_type": "way", "name": "", "landuse": "residential"}, "geometry": {"type": "LineString", "coordinates": [[72.6335026, 23.2112568], [72.6337354, 23.2116637], [72.6337978, 23.2118202], [72.6338091, 23.2119819], [72.6338318, 23.2121593], [72.6339113, 23.2123386], [72.6346884, 23.2135302], [72.6353225, 23.2142457], [72.6362456, 23.2155809], [72.6363901, 23.215876], [72.6364302, 23.2163038], [72.6364784, 23.2165768], [72.6366871, 23.2169604], [72.6367754, 23.2171079], [72.6381158, 23.2164071], [72.6381742, 23.2163364], [72.6382054, 23.2162347], [72.6382253, 23.2161408], [72.6382202, 23.2160457], [72.6349613, 23.210822], [72.6348138, 23.2107698], [72.6346094, 23.2107385], [72.6344505, 23.2107541], [72.6335026, 23.2112568]]}}, {"type": "Feature", "properties": {"osm_id": 325168348, "osm_type": "way", "name": "", "landuse": "residential"}, "geometry": {"type": "LineString", "coordinates": [[72.6368128, 23.224026], [72.6381742, 23.2233499], [72.6373349, 23.2220395], [72.6370014, 23.2215682], [72.6356797, 23.2222387], [72.6368128, 23.224026]]}}, {"type": "Feature", "properties": {"osm_id": 325169203, "osm_type": "way", "name": "", "landuse": "residential"}, "geometry": {"type": "LineString", "coordinates": [[72.6306907, 23.222171], [72.6314051, 23.2233181], [72.6317469, 23.2231388], [72.6321683, 23.2228991], [72.6330024, 23.2224366], [72.633171, 23.2223555], [72.6332833, 23.2223259], [72.6333562, 23.2223274], [72.6334887, 23.2223311], [72.633573, 23.2223274], [72.6336372, 23.2223459], [72.6337295, 23.2223827], [72.6337897, 23.2224307], [72.6354512, 23.2248022], [72.6365268, 23.2241678], [72.636599, 23.2241272], [72.634199, 23.2203137], [72.6341549, 23.220251], [72.6340827, 23.2202178], [72.6340024, 23.2202251], [72.6306713, 23.2220102], [72.6306593, 23.2220692], [72.6306907, 23.222171]]}}, {"type": "Feature", "properties": {"osm_id": 325169756, "osm_type": "way", "name": "", "landuse": "residential"}, "geometry": {"type": "LineString", "coordinates": [[72.6368654, 23.2241406], [72.638348, 23.2264302], [72.6396703, 23.2257458], [72.6382661, 23.2235216], [72.638217, 23.2234599], [72.6368654, 23.2241406]]}}, {"type": "Feature", "properties": {"osm_id": 326052923, "osm_type": "way", "name": "", "landuse": "residential"}, "geometry": {"type": "LineString", "coordinates": [[72.6375239, 23.2360417], [72.6388289, 23.238182], [72.6389306, 23.2382239], [72.6390253, 23.2382336], [72.6391306, 23.2381981], [72.6419054, 23.236696], [72.6419089, 23.2366122], [72.6418983, 23.2365671], [72.6404881, 23.2343494], [72.6404425, 23.234359], [72.6401373, 23.2344912], [72.6375064, 23.2359643], [72.6374853, 23.2360062], [72.6375239, 23.2360417]]}}, {"type": "Feature", "properties": {"osm_id": 326054953, "osm_type": "way", "name": "", "landuse": "residential"}, "geometry": {"type": "LineString", "coordinates": [[72.6432362, 23.2100309], [72.6438176, 23.2109341], [72.6442107, 23.2107203], [72.6445314, 23.2112184], [72.6443363, 23.2113245], [72.644585, 23.211711], [72.6453228, 23.2113101], [72.644657, 23.2102753], [72.6441747, 23.2105373], [72.6436599, 23.209737], [72.6432562, 23.2099563], [72.6432318, 23.2099883], [72.6432362, 23.2100309]]}}, {"type": "Feature", "properties": {"osm_id": 326055781, "osm_type": "way", "name": "Gandhinagar Thermal Power Station", "landuse": "industrial"}, "geometry": {"type": "LineString", "coordinates": [[72.6635061, 23.2563352], [72.6767923, 23.2541603], [72.6767726, 23.25116], [72.6769791, 23.2508075], [72.6772644, 23.2505816], [72.6774316, 23.2503376], [72.6787693, 23.2460719], [72.6788972, 23.2454664], [72.6777705, 23.243432], [72.6771623, 23.2432036], [72.6765078, 23.2431116], [72.6761474, 23.2431132], [72.6759426, 23.2432504], [72.6754959, 23.2435051], [72.672744, 23.2450048], [72.6735377, 23.2469144], [72.6675145, 23.2501658], [72.6638962, 23.2520915], [72.664135, 23.2524743], [72.6631238, 23.2531973], [72.6635061, 23.2563352]]}}, {"type": "Feature", "properties": {"osm_id": 326055812, "osm_type": "way", "name": "GEB Colony", "landuse": "residential"}, "geometry": {"type": "LineString", "coordinates": [[72.6695425, 23.2557764], [72.6701524, 23.2589212], [72.6724048, 23.2589483], [72.6734278, 23.2592375], [72.6738704, 23.2591833], [72.6739196, 23.2586591], [72.6746868, 23.258623], [72.675395, 23.2581711], [72.6768606, 23.2582163], [72.6767328, 23.2560927], [72.6760639, 23.2556408], [72.6760737, 23.2546829], [72.6695425, 23.2557764]]}}, {"type": "Feature", "properties": {"osm_id": 326056681, "osm_type": "way", "name": "", "landuse": "residential"}, "geometry": {"type": "LineString", "coordinates": [[72.6476592, 23.2421857], [72.6464665, 23.2427679], [72.6463882, 23.2428122], [72.6472151, 23.2440987], [72.6472349, 23.2441834], [72.6472382, 23.2442893], [72.6472316, 23.2443984], [72.6472053, 23.2444892], [72.6470504, 23.2446587], [72.6457523, 23.2453398], [72.6457523, 23.2454034], [72.6457721, 23.2454669], [72.6457919, 23.2455275], [72.6465068, 23.2466021], [72.6493863, 23.2450885], [72.6495082, 23.2449765], [72.6495476, 23.2448646], [72.649518, 23.2447434], [72.6478229, 23.2421004], [72.6476592, 23.2421857]]}}, {"type": "Feature", "properties": {"osm_id": 326056825, "osm_type": "way", "name": "", "landuse": "residential"}, "geometry": {"type": "LineString", "coordinates": [[72.6482164, 23.2422011], [72.6498257, 23.2447557], [72.6526106, 23.2433184], [72.6528214, 23.2432275], [72.6526345, 23.2429093], [72.6525531, 23.2427574], [72.6524286, 23.2426036], [72.6522475, 23.2423542], [72.6520876, 23.242222], [72.6519583, 23.2420883], [72.6519989, 23.2416359], [72.6506843, 23.2412182], [72.6505698, 23.2415759], [72.6504049, 23.2420009], [72.65035, 23.2422449], [72.650437, 23.2425016], [72.6505744, 23.2427667], [72.6506385, 23.2428424], [72.6500202, 23.2431748], [72.6492314, 23.2419651], [72.6493196, 23.241883], [72.6492417, 23.2417484], [72.6491639, 23.24166], [72.6481884, 23.2421229], [72.6482164, 23.2422011]]}}, {"type": "Feature", "properties": {"osm_id": 326057303, "osm_type": "way", "name": "", "landuse": "residential"}, "geometry": {"type": "LineString", "coordinates": [[72.657511, 23.2410532], [72.6581748, 23.2421388], [72.658507, 23.241982], [72.6597439, 23.2442509], [72.6602952, 23.2440546], [72.6596073, 23.2426712], [72.6595817, 23.2425679], [72.659599, 23.2424486], [72.6597359, 23.2421595], [72.6605661, 23.2408463], [72.6606933, 23.2407699], [72.660703, 23.2406662], [72.6606715, 23.2405721], [72.6601164, 23.2397043], [72.6599426, 23.2396633], [72.657511, 23.2410532]]}}, {"type": "Feature", "properties": {"osm_id": 326057481, "osm_type": "way", "name": "", "landuse": "residential"}, "geometry": {"type": "LineString", "coordinates": [[72.6544826, 23.248744], [72.6555554, 23.2482417], [72.6562968, 23.2478671], [72.6560136, 23.2475173], [72.656017, 23.2473672], [72.6561702, 23.2472836], [72.6572904, 23.2468296], [72.6584841, 23.2489961], [72.6584988, 23.249095], [72.6584303, 23.2491534], [72.6581416, 23.2493152], [72.6558777, 23.2505268], [72.6557383, 23.2505874], [72.6556502, 23.2506256], [72.6555866, 23.2506144], [72.6555499, 23.2505897], [72.6555108, 23.2505537], [72.6544321, 23.2487761], [72.6544826, 23.248744]]}}, {"type": "Feature", "properties": {"osm_id": 326057483, "osm_type": "way", "name": "", "landuse": "residential"}, "geometry": {"type": "LineString", "coordinates": [[72.6537032, 23.248949], [72.6531117, 23.2492329], [72.6529355, 23.2493287], [72.6526925, 23.2494569], [72.6548439, 23.2528342], [72.654875, 23.2528787], [72.6549303, 23.2529232], [72.6550064, 23.2529614], [72.655086, 23.2529836], [72.6551448, 23.2529709], [72.6570559, 23.2519526], [72.6566058, 23.251151], [72.6572443, 23.2507917], [72.6568259, 23.250155], [72.6557917, 23.2507017], [72.6556948, 23.2507176], [72.6555979, 23.2507239], [72.6555426, 23.2507017], [72.6554561, 23.2506381], [72.6543933, 23.2489709], [72.6538948, 23.249273], [72.6537032, 23.248949]]}}, {"type": "Feature", "properties": {"osm_id": 326058054, "osm_type": "way", "name": "", "landuse": "residential"}, "geometry": {"type": "LineString", "coordinates": [[72.6548221, 23.2381555], [72.6565472, 23.2407925], [72.6572142, 23.2404777], [72.6574079, 23.2407711], [72.6586645, 23.2401122], [72.6579452, 23.2388427], [72.6564858, 23.2379547], [72.6557843, 23.2376022], [72.6555417, 23.2379318], [72.6548221, 23.2381555]]}}, {"type": "Feature", "properties": {"osm_id": 334486681, "osm_type": "way", "name": "", "landuse": "residential"}, "geometry": {"type": "LineString", "coordinates": [[72.6448511, 23.2369185], [72.6449031, 23.2370674], [72.6454287, 23.237863], [72.6460601, 23.2388427], [72.6472106, 23.2407421], [72.6473126, 23.2407844], [72.6477563, 23.2405064], [72.6483539, 23.2411931], [72.6513676, 23.2403991], [72.6505498, 23.2391262], [72.6525281, 23.2386172], [72.6518585, 23.2375747], [72.6525129, 23.2372762], [72.6511332, 23.2349172], [72.6510237, 23.2347176], [72.6506328, 23.2349066], [72.6498615, 23.2352911], [72.6488502, 23.2358394], [72.6483357, 23.2349955], [72.6449168, 23.236786], [72.6448511, 23.2369185]]}}, {"type": "Feature", "properties": {"osm_id": 334487044, "osm_type": "way", "name": "", "landuse": "residential"}, "geometry": {"type": "LineString", "coordinates": [[72.6629182, 23.2377816], [72.6627304, 23.2374473], [72.6629495, 23.2373499], [72.6619287, 23.2354238], [72.6611891, 23.2343525], [72.6605406, 23.2345901], [72.6601139, 23.2350384], [72.6589313, 23.2387734], [72.6604683, 23.2390908], [72.6626666, 23.237916], [72.6628309, 23.2378282], [72.6629182, 23.2377816]]}}, {"type": "Feature", "properties": {"osm_id": 334489024, "osm_type": "way", "name": "", "landuse": "residential"}, "geometry": {"type": "LineString", "coordinates": [[72.6705272, 23.234092], [72.6687515, 23.234993], [72.6696877, 23.2366705], [72.6716159, 23.2356712], [72.6706296, 23.2341286], [72.6705272, 23.234092]]}}, {"type": "Feature", "properties": {"osm_id": 334494889, "osm_type": "way", "name": "", "landuse": "residential"}, "geometry": {"type": "LineString", "coordinates": [[72.6760511, 23.2367743], [72.6781994, 23.2368054], [72.6842851, 23.2336883], [72.6843999, 23.2315775], [72.6837341, 23.2303838], [72.683819, 23.2298231], [72.6829193, 23.229871], [72.6828974, 23.2295233], [72.6835712, 23.2293918], [72.6835256, 23.2286968], [72.6822019, 23.2287702], [72.6821239, 23.2280857], [72.6812699, 23.225929], [72.6813286, 23.2255935], [72.6811852, 23.2242995], [72.6811591, 23.2242096], [72.6813547, 23.2241497], [72.6813807, 23.2240179], [72.6817067, 23.223922], [72.6816741, 23.2237722], [72.6815828, 23.2233648], [72.6821761, 23.2232151], [72.6824499, 23.2229934], [72.6821826, 23.2220887], [72.6820001, 23.2210762], [72.6819284, 23.2210163], [72.6810483, 23.2218191], [72.6800378, 23.2221127], [72.6792098, 23.2222685], [72.6787078, 23.2226339], [72.6783623, 23.2226639], [72.677743, 23.2226938], [72.6777299, 23.2227777], [72.6771627, 23.2229455], [72.6761196, 23.2215316], [72.6759501, 23.2213578], [72.6734272, 23.2218371], [72.6740661, 23.2236704], [72.6751483, 23.227277], [72.6756242, 23.2300388], [72.6759893, 23.232477], [72.676087, 23.2348852], [72.6760511, 23.2367743]]}}, {"type": "Feature", "properties": {"osm_id": 334497628, "osm_type": "way", "name": "", "landuse": "residential"}, "geometry": {"type": "LineString", "coordinates": [[72.6489947, 23.2289306], [72.6507654, 23.2315739], [72.6526725, 23.2305399], [72.6540025, 23.2298683], [72.6544909, 23.2296917], [72.6573572, 23.2283593], [72.6562784, 23.2265978], [72.6553788, 23.2270273], [72.6550313, 23.226483], [72.6547185, 23.2266607], [72.6540014, 23.2270441], [72.6536428, 23.227158], [72.653343, 23.2272179], [72.6525411, 23.2274335], [72.6517066, 23.2277391], [72.651348, 23.2278649], [72.6510416, 23.2280087], [72.6506537, 23.2280626], [72.6489718, 23.2289073], [72.6489947, 23.2289306]]}}, {"type": "Feature", "properties": {"osm_id": 335021303, "osm_type": "way", "name": "", "landuse": "residential"}, "geometry": {"type": "LineString", "coordinates": [[72.6295702, 23.2227254], [72.6277228, 23.2236762], [72.6277449, 23.223887], [72.6298247, 23.22697], [72.6302878, 23.2267734], [72.6304383, 23.2266635], [72.6300624, 23.2260211], [72.6306528, 23.2257112], [72.6299012, 23.2244305], [72.6302872, 23.224021], [72.6295702, 23.2227254]]}}, {"type": "Feature", "properties": {"osm_id": 335022731, "osm_type": "way", "name": "", "landuse": "residential"}, "geometry": {"type": "LineString", "coordinates": [[72.628923, 23.212067], [72.625655, 23.2137411], [72.6265745, 23.2151257], [72.6271512, 23.2148226], [72.627503, 23.2154057], [72.6271449, 23.2155992], [72.6280877, 23.2171092], [72.6297965, 23.2162407], [72.6304546, 23.2172487], [72.631824, 23.2165106], [72.6315932, 23.2160462], [72.6290541, 23.2120556], [72.6289823, 23.2120384], [72.628923, 23.212067]]}}, {"type": "Feature", "properties": {"osm_id": 337176302, "osm_type": "way", "name": "", "landuse": "residential"}, "geometry": {"type": "LineString", "coordinates": [[72.6332682, 23.2332574], [72.6310973, 23.2343199], [72.6322785, 23.2361548], [72.6316688, 23.2364821], [72.6332859, 23.2393393], [72.6360776, 23.2378105], [72.6337947, 23.2341036], [72.6332682, 23.2332574]]}}, {"type": "Feature", "properties": {"osm_id": 337374560, "osm_type": "way", "name": "", "landuse": "residential"}, "geometry": {"type": "LineString", "coordinates": [[72.6259723, 23.2210501], [72.6272852, 23.2231604], [72.6274165, 23.2233129], [72.6274958, 23.2233607], [72.6275725, 23.2233766], [72.6276964, 23.2233675], [72.62947, 23.2224547], [72.6309439, 23.2216283], [72.6295677, 23.2193269], [72.6290967, 23.2195678], [72.6287905, 23.2190915], [72.627988, 23.2195169], [72.6275818, 23.2188732], [72.6277531, 23.2176938], [72.6268596, 23.2162077], [72.6263119, 23.2152512], [72.6255167, 23.2139312], [72.6254607, 23.2138958], [72.6226161, 23.2153993], [72.622525, 23.2154444], [72.622518, 23.2155216], [72.6225531, 23.2156118], [72.6227457, 23.2158983], [72.6248827, 23.2193013], [72.6259723, 23.2210501]]}}, {"type": "Feature", "properties": {"osm_id": 337375508, "osm_type": "way", "name": "", "landuse": "residential"}, "geometry": {"type": "LineString", "coordinates": [[72.6325894, 23.2158936], [72.6332758, 23.2155097], [72.6334184, 23.2156961], [72.6339871, 23.2154247], [72.6342658, 23.2158382], [72.6348071, 23.2167203], [72.6354914, 23.217852], [72.6355825, 23.2182475], [72.6359212, 23.2187974], [72.6343746, 23.2196073], [72.6342327, 23.2193766], [72.6341481, 23.2194126], [72.6338123, 23.2189577], [72.6343206, 23.2186926], [72.6328192, 23.2162203], [72.6325894, 23.2158936]]}}, {"type": "Feature", "properties": {"osm_id": 337381938, "osm_type": "way", "name": "", "landuse": "residential"}, "geometry": {"type": "LineString", "coordinates": [[72.6446376, 23.2322425], [72.6456845, 23.2317463], [72.6463205, 23.232814], [72.6464913, 23.2330842], [72.6465926, 23.2332767], [72.6463052, 23.2334307], [72.6464509, 23.2336504], [72.6468093, 23.2334674], [72.6469825, 23.2337896], [72.6471442, 23.2340863], [72.6461984, 23.234553], [72.646108, 23.2345587], [72.6460597, 23.2345496], [72.6459953, 23.2344654], [72.6456039, 23.2338393], [72.6451604, 23.2330984], [72.6446376, 23.2322425]]}}, {"type": "Feature", "properties": {"osm_id": 337381940, "osm_type": "way", "name": "", "landuse": "residential"}, "geometry": {"type": "LineString", "coordinates": [[72.6442986, 23.2316112], [72.6455472, 23.2309601], [72.6455076, 23.2305367], [72.6457355, 23.2305503], [72.6459336, 23.2305312], [72.6460948, 23.2305151], [72.6462489, 23.2304443], [72.6469637, 23.2300708], [72.6464804, 23.2293739], [72.6461318, 23.2295341], [72.6452318, 23.2280065], [72.6455416, 23.2278576], [72.6451587, 23.2271385], [72.6424512, 23.2285062], [72.6424196, 23.2285738], [72.6424126, 23.2286897], [72.6424336, 23.2287573], [72.6442029, 23.2316065], [72.6442344, 23.2316355], [72.6442986, 23.2316112]]}}, {"type": "Feature", "properties": {"osm_id": 337381941, "osm_type": "way", "name": "", "landuse": "residential"}, "geometry": {"type": "LineString", "coordinates": [[72.6477181, 23.2337514], [72.648848, 23.2331429], [72.6488725, 23.2330801], [72.6488813, 23.2330222], [72.6488182, 23.2329095], [72.6482067, 23.2320005], [72.6479663, 23.2321327], [72.647726, 23.2317287], [72.6474962, 23.2318524], [72.6476749, 23.232174], [72.6475517, 23.2322432], [72.6473373, 23.2323349], [72.6470662, 23.2324843], [72.64687, 23.2325702], [72.6466783, 23.2326477], [72.6468654, 23.232928], [72.6469968, 23.2330568], [72.6471421, 23.2331582], [72.6473979, 23.2334093], [72.6476274, 23.2336781], [72.6477181, 23.2337514]]}}, {"type": "Feature", "properties": {"osm_id": 337791892, "osm_type": "way", "name": "", "landuse": "residential"}, "geometry": {"type": "LineString", "coordinates": [[72.6617439, 23.2403546], [72.6610152, 23.23909], [72.6633, 23.2379012], [72.6634703, 23.2379039], [72.6636342, 23.2380418], [72.6650185, 23.2404353], [72.6634298, 23.2408059], [72.6628827, 23.2410534], [72.6629485, 23.2411975], [72.6625072, 23.2414498], [72.6626228, 23.2416469], [72.6619567, 23.2419994], [72.6617777, 23.2420784], [72.6618111, 23.2422437], [72.6611853, 23.2425409], [72.6615759, 23.2432463], [72.6603379, 23.243746], [72.660112, 23.2432916], [72.6597528, 23.242654], [72.6597013, 23.2424884], [72.65981, 23.2422204], [72.6606538, 23.240922], [72.6609599, 23.2407354], [72.6617439, 23.2403546]]}}, {"type": "Feature", "properties": {"osm_id": 338323955, "osm_type": "way", "name": "", "landuse": "residential"}, "geometry": {"type": "LineString", "coordinates": [[72.6413563, 23.2456346], [72.642221, 23.2470503], [72.6423959, 23.246973], [72.6430721, 23.2465836], [72.6440511, 23.2460983], [72.6448552, 23.2456655], [72.6455314, 23.2452884], [72.6446264, 23.2438448], [72.644521, 23.2436875], [72.6437924, 23.2440649], [72.6433085, 23.2443157], [72.6414699, 23.2453152], [72.6412386, 23.2454646], [72.6413563, 23.2456346]]}}, {"type": "Feature", "properties": {"osm_id": 338323956, "osm_type": "way", "name": "", "landuse": "residential"}, "geometry": {"type": "LineString", "coordinates": [[72.6470662, 23.2441743], [72.6470852, 23.2443098], [72.6470519, 23.244441], [72.6469068, 23.2445635], [72.6456519, 23.2452435], [72.644614, 23.2436153], [72.6454746, 23.2431369], [72.6453117, 23.2428284], [72.6459162, 23.242486], [72.6470662, 23.2441743]]}}, {"type": "Feature", "properties": {"osm_id": 338323957, "osm_type": "way", "name": "", "landuse": "residential"}, "geometry": {"type": "LineString", "coordinates": [[72.6399487, 23.2500505], [72.6395327, 23.2494155], [72.6405002, 23.2489382], [72.6399496, 23.2481414], [72.6413299, 23.2474034], [72.6418787, 23.2471283], [72.642046, 23.2471941], [72.6427727, 23.2483255], [72.6427929, 23.2484182], [72.6427693, 23.2485047], [72.642702, 23.2486191], [72.6415616, 23.2492775], [72.6399681, 23.2500904], [72.6399487, 23.2500505]]}}, {"type": "Feature", "properties": {"osm_id": 338475758, "osm_type": "way", "name": "", "landuse": "residential"}, "geometry": {"type": "LineString", "coordinates": [[72.6435489, 23.2393244], [72.6423371, 23.2399654], [72.6427058, 23.2404153], [72.6432389, 23.2408426], [72.6436094, 23.2413498], [72.6440026, 23.2420064], [72.6443089, 23.242465], [72.6449441, 23.2422774], [72.6455944, 23.2419647], [72.6456662, 23.2419057], [72.6440896, 23.23938], [72.6439837, 23.2392827], [72.6438627, 23.239248], [72.6436888, 23.2392619], [72.6435489, 23.2393244]]}}, {"type": "Feature", "properties": {"osm_id": 338475759, "osm_type": "way", "name": "", "landuse": "retail"}, "geometry": {"type": "LineString", "coordinates": [[72.6434016, 23.2388559], [72.6435904, 23.2391986], [72.6437832, 23.2391499], [72.6440177, 23.2391743], [72.6442294, 23.2392889], [72.6453447, 23.2411128], [72.6454582, 23.2411059], [72.6466416, 23.2404909], [72.6466718, 23.2404006], [72.6466756, 23.2403138], [72.6451557, 23.2378819], [72.6450722, 23.2379484], [72.6449193, 23.238053], [72.6447474, 23.238141], [72.6441638, 23.2384501], [72.6438198, 23.2386344], [72.6434016, 23.2388559]]}}, {"type": "Feature", "properties": {"osm_id": 338486818, "osm_type": "way", "name": "", "landuse": "industrial"}, "geometry": {"type": "LineString", "coordinates": [[72.6562145, 23.2539323], [72.6568025, 23.2535985], [72.6584594, 23.252658], [72.6604819, 23.2559202], [72.6597998, 23.2563657], [72.6589399, 23.2566924], [72.658122, 23.2568587], [72.6560369, 23.2571884], [72.6542964, 23.2575643], [72.6501767, 23.2582304], [72.649299, 23.2583816], [72.6489744, 23.2577936], [72.6536421, 23.2552987], [72.6539896, 23.2561513], [72.6543736, 23.2567477], [72.6570161, 23.2553071], [72.6569109, 23.2551267], [72.6562145, 23.2539323]]}}, {"type": "Feature", "properties": {"osm_id": 338486819, "osm_type": "way", "name": "", "landuse": "industrial"}, "geometry": {"type": "LineString", "coordinates": [[72.6610618, 23.2527962], [72.6613204, 23.2531586], [72.6594778, 23.2540674], [72.6606157, 23.2558376], [72.6611717, 23.2552792], [72.6620575, 23.254109], [72.6626516, 23.2535562], [72.662404, 23.2520397], [72.6610618, 23.2527962]]}}, {"type": "Feature", "properties": {"osm_id": 338639998, "osm_type": "way", "name": "", "landuse": "residential"}, "geometry": {"type": "LineString", "coordinates": [[72.6508564, 23.244573], [72.6528936, 23.2434424], [72.6557496, 23.2419633], [72.6562816, 23.2429208], [72.6562452, 23.2430912], [72.6570739, 23.2443807], [72.6579591, 23.2439349], [72.6591413, 23.2457704], [72.657807, 23.2464437], [72.6574389, 23.24664], [72.6562986, 23.2471519], [72.6547403, 23.2449066], [72.6542369, 23.245124], [72.6550589, 23.2466182], [72.6542615, 23.2470271], [72.6537766, 23.2472526], [72.6538459, 23.2473865], [72.6537275, 23.2474385], [72.6529273, 23.2478748], [72.6521069, 23.2465563], [72.6515087, 23.2455994], [72.6508564, 23.244573]]}}, {"type": "Feature", "properties": {"osm_id": 338640006, "osm_type": "way", "name": "", "landuse": "commercial"}, "geometry": {"type": "LineString", "coordinates": [[72.6357043, 23.2478365], [72.6372756, 23.2470701], [72.6374368, 23.2473397], [72.6357914, 23.2482102], [72.6344641, 23.2489126], [72.634325, 23.2489569], [72.6333902, 23.2473785], [72.6349176, 23.2465249], [72.6357043, 23.2478365]]}}, {"type": "Feature", "properties": {"osm_id": 338640007, "osm_type": "way", "name": "", "landuse": "residential"}, "geometry": {"type": "LineString", "coordinates": [[72.6414192, 23.2603547], [72.6448929, 23.2584781], [72.6397763, 23.2503964], [72.636434, 23.2521961], [72.6364002, 23.2522928], [72.6389943, 23.2565103], [72.6414192, 23.2603547]]}}, {"type": "Feature", "properties": {"osm_id": 338640012, "osm_type": "way", "name": "", "landuse": "residential"}, "geometry": {"type": "LineString", "coordinates": [[72.650814, 23.239245], [72.6522818, 23.2415773], [72.6529631, 23.2418389], [72.6538957, 23.2413123], [72.6539476, 23.2412228], [72.6524388, 23.2388608], [72.6519174, 23.2389354], [72.6510407, 23.2390958], [72.6508767, 23.2391587], [72.650814, 23.239245]]}}, {"type": "Feature", "properties": {"osm_id": 338750592, "osm_type": "way", "name": "", "landuse": "industrial"}, "geometry": {"type": "LineString", "coordinates": [[72.6408417, 23.2602816], [72.6400248, 23.2601608], [72.6399966, 23.2599969], [72.6345975, 23.2601522], [72.6344567, 23.2588151], [72.634128, 23.2588323], [72.6317055, 23.2549934], [72.6341562, 23.2536735], [72.6372548, 23.2586167], [72.6384849, 23.2585477], [72.6394708, 23.2580559], [72.6408417, 23.2602816]]}}, {"type": "Feature", "properties": {"osm_id": 338750593, "osm_type": "way", "name": "", "landuse": "industrial"}, "geometry": {"type": "LineString", "coordinates": [[72.637225, 23.2542628], [72.635346, 23.2552145], [72.6343103, 23.2535491], [72.636156, 23.2525914], [72.637225, 23.2542628]]}}, {"type": "Feature", "properties": {"osm_id": 338750594, "osm_type": "way", "name": "", "landuse": "industrial"}, "geometry": {"type": "LineString", "coordinates": [[72.6393604, 23.2578243], [72.6383179, 23.2583428], [72.6373154, 23.2583794], [72.6354818, 23.2554043], [72.6373222, 23.2544424], [72.6377241, 23.2551194], [72.6381476, 23.2558222], [72.6388888, 23.2570174], [72.6393604, 23.2578243]]}}, {"type": "Feature", "properties": {"osm_id": 338750595, "osm_type": "way", "name": "", "landuse": "industrial"}, "geometry": {"type": "LineString", "coordinates": [[72.6313431, 23.2545393], [72.6358033, 23.2521475], [72.6331671, 23.2479221], [72.6309425, 23.2443612], [72.6266138, 23.2467381], [72.6262857, 23.2469305], [72.6272683, 23.2483275], [72.6283174, 23.2495659], [72.6286942, 23.2501853], [72.6313431, 23.2545393]]}}, {"type": "Feature", "properties": {"osm_id": 338750596, "osm_type": "way", "name": "", "landuse": "industrial"}, "geometry": {"type": "LineString", "coordinates": [[72.6244137, 23.2388803], [72.626877, 23.2375564], [72.6307271, 23.2440268], [72.6292698, 23.2447737], [72.6269584, 23.2459709], [72.6259853, 23.2464684], [72.6254594, 23.2456315], [72.6252998, 23.2447084], [72.6246331, 23.2446911], [72.6244137, 23.2388803]]}}, {"type": "Feature", "properties": {"osm_id": 338752476, "osm_type": "way", "name": "", "natural": "scrub"}, "geometry": {"type": "LineString", "coordinates": [[72.6286942, 23.2501853], [72.6283174, 23.2495659], [72.6272683, 23.2483275], [72.624059, 23.2497535], [72.6244627, 23.2503876], [72.6245561, 23.2509825], [72.623361, 23.2511838], [72.623288, 23.2507995], [72.6222788, 23.2511045], [72.6227724, 23.251707], [72.6230512, 23.2530063], [72.6241513, 23.2557902], [72.6244518, 23.2572395], [72.6281326, 23.2564113], [72.6298427, 23.255522], [72.6306296, 23.2551096], [72.6292566, 23.2528951], [72.6290551, 23.2528609], [72.6289879, 23.2528129], [72.6272642, 23.253711], [72.6248987, 23.252237], [72.6273089, 23.2507903], [72.6286942, 23.2501853]]}}, {"type": "Feature", "properties": {"osm_id": 338752478, "osm_type": "way", "name": "Aranya Udhyan", "landuse": "forest"}, "geometry": {"type": "LineString", "coordinates": [[72.6632846, 23.1876342], [72.6662976, 23.1873014], [72.6721884, 23.1865466], [72.6751857, 23.1863597], [72.6758078, 23.1876402], [72.6765078, 23.1889], [72.6779835, 23.1913481], [72.679009, 23.1924744], [72.6801666, 23.1937733], [72.6805745, 23.194464], [72.6837425, 23.1999221], [72.6767759, 23.2031492], [72.6744463, 23.2029322], [72.6740835, 23.2027648], [72.6736593, 23.2026092], [72.6734575, 23.2025246], [72.6734297, 23.2021231], [72.6732825, 23.2017274], [72.6732092, 23.201701], [72.6726513, 23.2015432], [72.6724271, 23.2012977], [72.6721696, 23.2002263], [72.6709108, 23.2003603], [72.6700035, 23.1977621], [72.6694026, 23.197841], [72.6691934, 23.1970175], [72.6700517, 23.1968745], [72.6700464, 23.1967069], [72.6691076, 23.1967414], [72.6688611, 23.1957284], [72.668348, 23.1936531], [72.6636341, 23.1951687], [72.663299, 23.1952764], [72.6622712, 23.1940961], [72.6615961, 23.1926788], [72.6613365, 23.1921336], [72.6608173, 23.1900159], [72.6607515, 23.1888486], [72.6606836, 23.1876714], [72.6616045, 23.1877241], [72.6632846, 23.1876342]]}}, {"type": "Feature", "properties": {"osm_id": 338752479, "osm_type": "way", "name": "", "landuse": "forest"}, "geometry": {"type": "LineString", "coordinates": [[72.6640976, 23.2043187], [72.6638463, 23.2041854], [72.662897, 23.2066992], [72.6659771, 23.20978], [72.6693484, 23.2140768], [72.6696459, 23.2145637], [72.6717359, 23.2132165], [72.672389, 23.2144503], [72.6740218, 23.21377], [72.6749071, 23.2148705], [72.6750087, 23.215464], [72.6736517, 23.2160243], [72.6731002, 23.2147237], [72.6721931, 23.2153573], [72.6737751, 23.2174781], [72.6718955, 23.2184919], [72.6726575, 23.2200658], [72.6745733, 23.2192055], [72.6755095, 23.2198724], [72.6757635, 23.2211795], [72.6761626, 23.2212062], [72.6771568, 23.2224533], [72.677743, 23.2226938], [72.6787078, 23.2226339], [72.6792098, 23.2222685], [72.6800378, 23.2221127], [72.6810483, 23.2218191], [72.6819284, 23.2210163], [72.6821169, 23.220933], [72.6825777, 23.2207293], [72.6827627, 23.2205926], [72.6830348, 23.2203869], [72.6822227, 23.2192269], [72.6811353, 23.2172209], [72.6800573, 23.2158253], [72.6779091, 23.2139871], [72.6761825, 23.2125902], [72.674003, 23.2109235], [72.6718207, 23.2097526], [72.6698986, 23.2084737], [72.6675469, 23.2068674], [72.6657375, 23.2052778], [72.664512, 23.2043547], [72.6640976, 23.2043187]]}}, {"type": "Feature", "properties": {"osm_id": 338777624, "osm_type": "way", "name": "", "landuse": "residential"}, "geometry": {"type": "LineString", "coordinates": [[72.6305936, 23.227866], [72.6316427, 23.2295916], [72.6326782, 23.2290527], [72.6315854, 23.227329], [72.6305936, 23.227866]]}}, {"type": "Feature", "properties": {"osm_id": 338777882, "osm_type": "way", "name": "", "landuse": "industrial"}, "geometry": {"type": "LineString", "coordinates": [[72.6241217, 23.2575924], [72.6243717, 23.2602673], [72.6272654, 23.2601032], [72.63006, 23.2601603], [72.6310457, 23.2601771], [72.6318358, 23.2601943], [72.6318381, 23.2588943], [72.631981, 23.2588779], [72.6310185, 23.2575847], [72.6298197, 23.2559458], [72.6285991, 23.2565585], [72.6277001, 23.2568484], [72.6241217, 23.2575924]]}}, {"type": "Feature", "properties": {"osm_id": 338777883, "osm_type": "way", "name": "", "landuse": "residential"}, "geometry": {"type": "LineString", "coordinates": [[72.6558593, 23.2328442], [72.6560826, 23.2319688], [72.6562135, 23.2319496], [72.6585117, 23.2331844], [72.6581445, 23.2338837], [72.6588508, 23.2342352], [72.6586549, 23.234597], [72.6580023, 23.2350961], [72.6571729, 23.2342333], [72.6573498, 23.2333783], [72.6566635, 23.2330766], [72.6558593, 23.2328442]]}}, {"type": "Feature", "properties": {"osm_id": 338777884, "osm_type": "way", "name": "", "landuse": "industrial"}, "geometry": {"type": "LineString", "coordinates": [[72.634325, 23.2489569], [72.6344641, 23.2489126], [72.6357914, 23.2482102], [72.6374368, 23.2473397], [72.6381534, 23.2484831], [72.6394362, 23.2503734], [72.6375524, 23.2513296], [72.6363078, 23.2520001], [72.6358885, 23.251343], [72.634325, 23.2489569]]}}, {"type": "Feature", "properties": {"osm_id": 338777885, "osm_type": "way", "name": "", "landuse": "residential"}, "geometry": {"type": "LineString", "coordinates": [[72.6548936, 23.2368906], [72.6548466, 23.236772], [72.6555726, 23.2340196], [72.6568328, 23.2343206], [72.657077, 23.2344428], [72.6569136, 23.2352481], [72.6563944, 23.2365293], [72.6553481, 23.2370562], [72.6548936, 23.2368906]]}}, {"type": "Feature", "properties": {"osm_id": 338777886, "osm_type": "way", "name": "", "landuse": "residential"}, "geometry": {"type": "LineString", "coordinates": [[72.6534334, 23.2357547], [72.6520167, 23.2336247], [72.6518923, 23.2332287], [72.6544362, 23.2317619], [72.6547259, 23.232146], [72.6558149, 23.2324093], [72.6549433, 23.2356369], [72.6540667, 23.2354084], [72.6534334, 23.2357547]]}}, {"type": "Feature", "properties": {"osm_id": 338777887, "osm_type": "way", "name": "", "landuse": "residential"}, "geometry": {"type": "LineString", "coordinates": [[72.6577198, 23.2364859], [72.659072, 23.2367596], [72.6592284, 23.2367877], [72.6586748, 23.2388195], [72.6584752, 23.2387296], [72.6582437, 23.238615], [72.6573081, 23.238113], [72.6572825, 23.2378124], [72.6575024, 23.2370333], [72.6577198, 23.2364859]]}}, {"type": "Feature", "properties": {"osm_id": 338777888, "osm_type": "way", "name": "", "landuse": "residential"}, "geometry": {"type": "LineString", "coordinates": [[72.6562626, 23.2317696], [72.6577483, 23.2326588], [72.6591153, 23.2333048], [72.6593043, 23.2329522], [72.6599912, 23.2324975], [72.6586115, 23.2300969], [72.6581518, 23.2299399], [72.6565018, 23.2308098], [72.6562626, 23.2317696]]}}, {"type": "Feature", "properties": {"osm_id": 338778398, "osm_type": "way", "name": "", "landuse": "residential"}, "geometry": {"type": "LineString", "coordinates": [[72.6343511, 23.2138414], [72.6342986, 23.2136599], [72.6345071, 23.2135493], [72.6336959, 23.2122367], [72.6335319, 23.2117132], [72.6333032, 23.2113642], [72.6324273, 23.2117885], [72.6322288, 23.2119948], [72.6321641, 23.2121891], [72.632272, 23.2124349], [72.6334843, 23.2142883], [72.6343511, 23.2138414]]}}, {"type": "Feature", "properties": {"osm_id": 338778399, "osm_type": "way", "name": "", "landuse": "industrial"}, "geometry": {"type": "LineString", "coordinates": [[72.625381, 23.2248658], [72.6267062, 23.2241747], [72.6277289, 23.2257965], [72.6264111, 23.2265182], [72.625381, 23.2248658]]}}, {"type": "Feature", "properties": {"osm_id": 338779418, "osm_type": "way", "name": "", "landuse": "residential"}, "geometry": {"type": "LineString", "coordinates": [[72.6519517, 23.2487661], [72.6544008, 23.2526977], [72.6537363, 23.2530472], [72.6526517, 23.2513069], [72.6515538, 23.2518845], [72.6512819, 23.2514482], [72.649751, 23.2522535], [72.6494113, 23.2517084], [72.6499841, 23.2514072], [72.6492303, 23.2501972], [72.6519517, 23.2487661]]}}, {"type": "Feature", "properties": {"osm_id": 338779420, "osm_type": "way", "name": "", "landuse": "residential"}, "geometry": {"type": "LineString", "coordinates": [[72.6604522, 23.2517188], [72.6598775, 23.250732], [72.6615128, 23.2498717], [72.6616638, 23.2498717], [72.6618925, 23.2500977], [72.6622809, 23.2507796], [72.6604522, 23.2517188]]}}, {"type": "Feature", "properties": {"osm_id": 338779422, "osm_type": "way", "name": "", "landuse": "residential"}, "geometry": {"type": "LineString", "coordinates": [[72.6616764, 23.2550068], [72.6622805, 23.2542555], [72.6625795, 23.253936], [72.6630127, 23.2563579], [72.6621401, 23.2564925], [72.661896, 23.2551357], [72.6616764, 23.2550068]]}}, {"type": "Feature", "properties": {"osm_id": 338779424, "osm_type": "way", "name": "", "landuse": "industrial"}, "geometry": {"type": "LineString", "coordinates": [[72.6594778, 23.2540674], [72.6584097, 23.252309], [72.6600839, 23.2514329], [72.6603945, 23.2520394], [72.6606326, 23.2520086], [72.6610618, 23.2527962], [72.6613204, 23.2531586], [72.6594778, 23.2540674]]}}, {"type": "Feature", "properties": {"osm_id": 338779426, "osm_type": "way", "name": "", "landuse": "residential"}, "geometry": {"type": "LineString", "coordinates": [[72.6512617, 23.2550474], [72.6484974, 23.2565779], [72.6482289, 23.2565443], [72.6459284, 23.2529113], [72.6459965, 23.2529888], [72.6489987, 23.2513742], [72.6491869, 23.2515882], [72.6499131, 23.252788], [72.6512617, 23.2550474]]}}, {"type": "Feature", "properties": {"osm_id": 338779427, "osm_type": "way", "name": "", "landuse": "residential"}, "geometry": {"type": "LineString", "coordinates": [[72.6401079, 23.2503561], [72.6429148, 23.2488536], [72.6431467, 23.2489769], [72.6479308, 23.2566466], [72.647821, 23.2568596], [72.6455388, 23.2580482], [72.6447333, 23.2574539], [72.6441719, 23.256826], [72.6401079, 23.2503561]]}}, {"type": "Feature", "properties": {"osm_id": 338779429, "osm_type": "way", "name": "", "landuse": "residential"}, "geometry": {"type": "LineString", "coordinates": [[72.6465607, 23.246876], [72.6478543, 23.2488888], [72.6493189, 23.2481768], [72.6498925, 23.2489954], [72.651418, 23.2481824], [72.6514546, 23.2479862], [72.6497521, 23.2452557], [72.6495568, 23.2452781], [72.6465607, 23.246876]]}}, {"type": "Feature", "properties": {"osm_id": 338779431, "osm_type": "way", "name": "", "landuse": "residential"}, "geometry": {"type": "LineString", "coordinates": [[72.6543992, 23.2564905], [72.6541063, 23.2560644], [72.6533863, 23.2541863], [72.6561938, 23.2526738], [72.6565142, 23.2531649], [72.6568025, 23.2535985], [72.6562145, 23.2539323], [72.6569109, 23.2551267], [72.6543992, 23.2564905]]}}, {"type": "Feature", "properties": {"osm_id": 338780858, "osm_type": "way", "name": "", "landuse": "recreation_ground"}, "geometry": {"type": "LineString", "coordinates": [[72.6357849, 23.2367971], [72.6372967, 23.2359888], [72.6373851, 23.2360619], [72.6387776, 23.2383081], [72.6386405, 23.2383772], [72.6372304, 23.2390839], [72.6357849, 23.2367971]]}}, {"type": "Feature", "properties": {"osm_id": 338782450, "osm_type": "way", "name": "", "landuse": "residential"}, "geometry": {"type": "LineString", "coordinates": [[72.6110278, 23.2212299], [72.6124227, 23.2224556], [72.6129127, 23.2228162], [72.6129937, 23.222889], [72.613097, 23.2229821], [72.6142723, 23.2235681], [72.6147286, 23.2237921], [72.6160727, 23.2242919], [72.6164982, 23.224555], [72.6157556, 23.2253269], [72.6162684, 23.2265699], [72.6165159, 23.227293], [72.6160915, 23.2274717], [72.6166927, 23.2286903], [72.6169049, 23.2289828], [72.6171348, 23.2291534], [72.6176475, 23.2292753], [72.6180454, 23.229259], [72.6189825, 23.2292753], [72.6201141, 23.2290965], [72.6206207, 23.2291516], [72.6222336, 23.229772], [72.6225524, 23.230042], [72.6232588, 23.2312369], [72.6242528, 23.2328109], [72.6244104, 23.2329291], [72.6245353, 23.2303839], [72.6254888, 23.2307177], [72.6259655, 23.2307803], [72.6259655, 23.2304048], [72.6258066, 23.2301544], [72.6261018, 23.2300293], [72.6266853, 23.2302296], [72.6238687, 23.2256756], [72.6237839, 23.2251417], [72.6217335, 23.2218039], [72.6215959, 23.2216258], [72.6212021, 23.2222233], [72.6201456, 23.2218614], [72.6195767, 23.2216546], [72.6191266, 23.2208043], [72.6172632, 23.2217811], [72.616363, 23.2201553], [72.6156003, 23.2205919], [72.6143438, 23.2213732], [72.6133436, 23.2198623], [72.6110278, 23.2212299]]}}, {"type": "Feature", "properties": {"osm_id": 338785228, "osm_type": "way", "name": "", "landuse": "forest"}, "geometry": {"type": "LineString", "coordinates": [[72.6760511, 23.2367743], [72.6759326, 23.2390586], [72.6756404, 23.2417051], [72.6757064, 23.2418827], [72.6761683, 23.2423158], [72.676503, 23.2424501], [72.6820177, 23.2440525], [72.6824931, 23.2425289], [72.6834396, 23.2387632], [72.6839036, 23.2367173], [72.6844628, 23.2337306], [72.6842851, 23.2336883], [72.6781994, 23.2368054], [72.6760511, 23.2367743]]}}, {"type": "Feature", "properties": {"osm_id": 338817493, "osm_type": "way", "name": "", "landuse": "forest"}, "geometry": {"type": "LineString", "coordinates": [[72.6851667, 23.2449641], [72.6906138, 23.2465491], [72.6906871, 23.2460958], [72.6901271, 23.2405768], [72.6901938, 23.240099], [72.6925937, 23.2325215], [72.6944803, 23.2256849], [72.6930137, 23.2254031], [72.693127, 23.2245454], [72.6921604, 23.224625], [72.6918937, 23.2235591], [72.6917738, 23.2225482], [72.6909071, 23.2226462], [72.6908204, 23.2218866], [72.6902805, 23.2218314], [72.6903671, 23.2205204], [72.6914004, 23.2201896], [72.6911738, 23.21905], [72.6919137, 23.2185109], [72.6926604, 23.2184741], [72.6929937, 23.2191358], [72.6946803, 23.2190194], [72.6945003, 23.2170405], [72.6927204, 23.214308], [72.6908338, 23.2148901], [72.6904071, 23.2144183], [72.6901479, 23.2140667], [72.6900959, 23.2142994], [72.6899633, 23.2144931], [72.6898165, 23.2146001], [72.6895946, 23.2146729], [72.6894582, 23.2146891], [72.6891736, 23.2146086], [72.6888012, 23.2147473], [72.6887877, 23.2149338], [72.6886863, 23.2150953], [72.6884448, 23.2151877], [72.6881836, 23.2151805], [72.6880139, 23.2152281], [72.6880692, 23.2158256], [72.6880581, 23.2160618], [72.6881937, 23.2163107], [72.6881487, 23.2163828], [72.6880407, 23.2165559], [72.6880286, 23.2165753], [72.6878751, 23.2166366], [72.6875858, 23.216752], [72.6874305, 23.2167583], [72.6873402, 23.2167699], [72.6872556, 23.2167994], [72.6871559, 23.2167942], [72.6870348, 23.2167584], [72.686954, 23.2167591], [72.686883, 23.2167598], [72.6867338, 23.2168139], [72.6864835, 23.2167865], [72.6861739, 23.2165323], [72.6858455, 23.2162202], [72.6855362, 23.2159342], [72.6852306, 23.2156618], [72.6845485, 23.2149229], [72.6842041, 23.2146436], [72.6839397, 23.2143635], [72.6836344, 23.2140773], [72.6831661, 23.2135519], [72.6832067, 23.2123755], [72.6827221, 23.21235], [72.6827262, 23.2121505], [72.6827743, 23.2121514], [72.6827784, 23.2119583], [72.6827225, 23.2119573], [72.682727, 23.2117411], [72.682632, 23.2117526], [72.6826402, 23.2116156], [72.6829547, 23.2116211], [72.6829604, 23.2117559], [72.6831787, 23.2117734], [72.6832762, 23.2108459], [72.6832278, 23.2103799], [72.6832559, 23.2099373], [72.6832857, 23.2095372], [72.6833238, 23.2079858], [72.6832717, 23.2078464], [72.684489, 23.2073577], [72.6841213, 23.2067165], [72.6836311, 23.2065952], [72.6835179, 23.2053301], [72.6815947, 23.2057287], [72.6817078, 23.2066038], [72.680765, 23.2069158], [72.679794, 23.2069504], [72.6797374, 23.207427], [72.6786909, 23.207453], [72.6788997, 23.208086], [72.6781879, 23.208151], [72.6780323, 23.2076268], [72.6775656, 23.2071892], [72.6771414, 23.2072369], [72.6770895, 23.2073928], [72.6762976, 23.2069769], [72.6758073, 23.206431], [72.6753218, 23.2070116], [72.675303, 23.2076268], [72.6748057, 23.2081744], [72.6774037, 23.2099148], [72.6797211, 23.2115556], [72.6816523, 23.2132595], [72.6831887, 23.2147661], [72.6850426, 23.2164621], [72.6861842, 23.2179056], [72.6870682, 23.2195462], [72.6880123, 23.221739], [72.6886303, 23.2236794], [72.6888878, 23.2251702], [72.6888363, 23.2264558], [72.6886561, 23.2287353], [72.6885273, 23.2305336], [72.6883814, 23.2322766], [72.6880897, 23.233549], [72.6878407, 23.2346348], [72.687566, 23.2364094], [72.6870081, 23.2384679], [72.6862528, 23.2411493], [72.6858374, 23.2430007], [72.6851667, 23.2449641]]}}, {"type": "Feature", "properties": {"osm_id": 338817494, "osm_type": "way", "name": "", "landuse": "forest"}, "geometry": {"type": "LineString", "coordinates": [[72.6811614, 23.2488527], [72.6810997, 23.2479347], [72.6801109, 23.2476192], [72.6794379, 23.2479536], [72.678504, 23.2478148], [72.6775907, 23.2506918], [72.6771718, 23.251266], [72.6770963, 23.2516382], [72.6771649, 23.2531777], [72.6778928, 23.2534237], [72.6780164, 23.2537896], [72.6781057, 23.254837], [72.6794533, 23.2553665], [72.6811974, 23.2508968], [72.6811614, 23.2488527]]}}, {"type": "Feature", "properties": {"osm_id": 338817495, "osm_type": "way", "name": "", "landuse": "forest"}, "geometry": {"type": "LineString", "coordinates": [[72.6892635, 23.2601303], [72.6887302, 23.2587706], [72.6883169, 23.2580111], [72.6872969, 23.2585011], [72.6863969, 23.258691], [72.6856503, 23.2591932], [72.6836037, 23.2594627], [72.6830904, 23.2576436], [72.6823441, 23.2576299], [72.6824763, 23.2556598], [72.6833517, 23.2509441], [72.683532, 23.2486571], [72.6844196, 23.2468857], [72.6848681, 23.2456115], [72.6849775, 23.2453743], [72.6902129, 23.246783], [72.6901862, 23.2476038], [72.6900901, 23.2508389], [72.6912701, 23.2563329], [72.6919101, 23.2586481], [72.6925234, 23.2594688], [72.6914368, 23.2598975], [72.6902233, 23.2598795], [72.6899101, 23.2599343], [72.6892635, 23.2601303]]}}, {"type": "Feature", "properties": {"osm_id": 398319224, "osm_type": "way", "name": "Megh Malhar complex", "landuse": "commercial"}, "geometry": {"type": "LineString", "coordinates": [[72.6488558, 23.2154035], [72.6489605, 23.2155612], [72.6490261, 23.2156469], [72.6490647, 23.2157479], [72.6489859, 23.2158687], [72.648808, 23.2159335], [72.6486986, 23.215901], [72.6486332, 23.2158391], [72.6485538, 23.2157509], [72.6484682, 23.2155815], [72.6486586, 23.2154946], [72.6488558, 23.2154035]]}}, {"type": "Feature", "properties": {"osm_id": 407873219, "osm_type": "way", "name": "Shopping Centre, Sector-2/A", "landuse": "commercial"}, "geometry": {"type": "LineString", "coordinates": [[72.6368354, 23.2019606], [72.6369194, 23.2022893], [72.6374044, 23.2021944], [72.6372555, 23.201773], [72.636809, 23.2018811], [72.6368354, 23.2019606]]}}, {"type": "Feature", "properties": {"osm_id": 420550103, "osm_type": "way", "name": "Suryajyot Lake", "natural": "water"}, "geometry": {"type": "LineString", "coordinates": [[72.6483261, 23.1998989], [72.6484079, 23.1999827], [72.6484992, 23.2000406], [72.6485967, 23.2001071], [72.6486691, 23.2001707], [72.6487509, 23.2002604], [72.6488484, 23.2003876], [72.6489411, 23.2005555], [72.649055, 23.2006036], [72.6492294, 23.2005955], [72.6493891, 23.2005355], [72.6495179, 23.2004756], [72.6496477, 23.2004257], [72.6498069, 23.2003438], [72.6499402, 23.2002633], [72.6501918, 23.200153], [72.6503696, 23.20006], [72.6504511, 23.1999969], [72.650497, 23.1999237], [72.650524, 23.1997896], [72.6504988, 23.1996636], [72.6504657, 23.199601], [72.6503681, 23.1994766], [72.6501857, 23.1993928], [72.6500177, 23.1993799], [72.6498737, 23.1994216], [72.6497247, 23.1994717], [72.649635, 23.1994786], [72.6495345, 23.1994296], [72.6494451, 23.1993361], [72.6493495, 23.1992535], [72.6492397, 23.1991991], [72.6491372, 23.1992061], [72.6490419, 23.1992409], [72.6489553, 23.1993078], [72.6488755, 23.1993721], [72.6488198, 23.1994183], [72.6486733, 23.1994524], [72.648567, 23.1994974], [72.6484558, 23.1995379], [72.6483481, 23.1996068], [72.6482978, 23.1997051], [72.6482884, 23.1997919], [72.6483261, 23.1998989]]}}, {"type": "Feature", "properties": {"osm_id": 516471696, "osm_type": "way", "name": "Sundervan farm", "landuse": "farmland"}, "geometry": {"type": "LineString", "coordinates": [[72.6152137, 23.3013905], [72.6155678, 23.3021837], [72.6158467, 23.3021246], [72.6161471, 23.3027405], [72.6153908, 23.3029868], [72.6158575, 23.3035238], [72.6161418, 23.3037652], [72.6163295, 23.3038539], [72.6163725, 23.3039475], [72.6163403, 23.3048097], [72.6164046, 23.3049674], [72.6164207, 23.3053073], [72.6163939, 23.3055684], [72.6163993, 23.3058246], [72.6163295, 23.3060808], [72.6162759, 23.3062335], [72.6162437, 23.3063961], [72.6166299, 23.3074898], [72.6167372, 23.3080613], [72.6175634, 23.3078396], [72.6174453, 23.3077657], [72.6173273, 23.3077263], [72.6173005, 23.307677], [72.6173702, 23.3076278], [72.6176599, 23.3075736], [72.6189903, 23.3071105], [72.6195857, 23.3069085], [72.6197306, 23.3069381], [72.6199773, 23.3068494], [72.6201275, 23.3067952], [72.6201705, 23.3064848], [72.6202348, 23.3064503], [72.6202563, 23.3061793], [72.6202295, 23.3061005], [72.6202456, 23.3060512], [72.6202944, 23.3059671], [72.6201905, 23.3057026], [72.6200961, 23.3055135], [72.6200428, 23.3053846], [72.6199205, 23.3054047], [72.6197914, 23.305429], [72.6197205, 23.3052375], [72.6196793, 23.3051129], [72.6195909, 23.304939], [72.6194247, 23.3048043], [72.6192454, 23.304357], [72.6193586, 23.3043035], [72.6196327, 23.3042024], [72.6195572, 23.303696], [72.6186273, 23.303862], [72.6179159, 23.3039946], [72.6178233, 23.3034915], [72.6178026, 23.302785], [72.6180498, 23.3027064], [72.6190663, 23.3025075], [72.6188598, 23.3016189], [72.6186131, 23.3010191], [72.6181403, 23.3011928], [72.6180121, 23.300825], [72.6177875, 23.3002422], [72.6164899, 23.3007966], [72.6152137, 23.3013905]]}}, {"type": "Feature", "properties": {"osm_id": 541914622, "osm_type": "way", "name": "", "landuse": "commercial"}, "geometry": {"type": "LineString", "coordinates": [[72.6498681, 23.252441], [72.6511824, 23.2516968], [72.6528947, 23.2542063], [72.6514238, 23.254999], [72.6498681, 23.252441]]}}, {"type": "Feature", "properties": {"osm_id": 678188813, "osm_type": "way", "name": "Housing Block", "landuse": "residential"}, "geometry": {"type": "LineString", "coordinates": [[72.6893052, 23.2109045], [72.6902101, 23.2103655], [72.6883868, 23.2078066], [72.6872609, 23.2060119], [72.6862303, 23.2066272], [72.6879856, 23.209108], [72.6893052, 23.2109045]]}}, {"type": "Feature", "properties": {"osm_id": 693622794, "osm_type": "way", "name": "Green", "landuse": "forest"}, "geometry": {"type": "LineString", "coordinates": [[72.6849571, 23.2118283], [72.6849448, 23.212369], [72.6856031, 23.2129178], [72.6853603, 23.2130015], [72.6843893, 23.2129876], [72.6842771, 23.2130625], [72.6841937, 23.2129686], [72.6842201, 23.2118141], [72.6849571, 23.2118283]]}}, {"type": "Feature", "properties": {"osm_id": 693624082, "osm_type": "way", "name": "Jal Mandap", "natural": "water"}, "geometry": {"type": "LineString", "coordinates": [[72.6840299, 23.2114818], [72.6841224, 23.2113905], [72.6842267, 23.2113777], [72.6842799, 23.2113724], [72.6842568, 23.2114404], [72.6842518, 23.2115177], [72.6842116, 23.2115794], [72.6841521, 23.2116082], [72.6841003, 23.2116044], [72.6840686, 23.2116014], [72.6840402, 23.2115682], [72.6840299, 23.2114818]]}}, {"type": "Feature", "properties": {"osm_id": 693624125, "osm_type": "way", "name": "Jal Mandap", "natural": "water"}, "geometry": {"type": "LineString", "coordinates": [[72.6859333, 23.2119669], [72.68586, 23.2117456], [72.6858881, 23.2116348], [72.6860381, 23.2116669], [72.6860826, 23.2116921], [72.686071, 23.2119717], [72.6859333, 23.2119669]]}}, {"type": "Feature", "properties": {"osm_id": 693624543, "osm_type": "way", "name": "", "natural": "grassland"}, "geometry": {"type": "LineString", "coordinates": [[72.6849416, 23.2117028], [72.6849635, 23.211172], [72.6847456, 23.2111644], [72.6847236, 23.2116952], [72.6849416, 23.2117028]]}}, {"type": "Feature", "properties": {"osm_id": 693625349, "osm_type": "way", "name": "", "natural": "grassland"}, "geometry": {"type": "LineString", "coordinates": [[72.6860626, 23.2131996], [72.6863899, 23.213201], [72.6863997, 23.2112948], [72.6851833, 23.2112895], [72.6850972, 23.2113778], [72.6850885, 23.2123162], [72.6860626, 23.2131996]]}}, {"type": "Feature", "properties": {"osm_id": 693693986, "osm_type": "way", "name": "", "natural": "grassland"}, "geometry": {"type": "LineString", "coordinates": [[72.6841139, 23.2127558], [72.6841363, 23.2118187], [72.6833346, 23.2118025], [72.6833243, 23.2122365], [72.6839048, 23.2122481], [72.6838928, 23.2127514], [72.6841139, 23.2127558]]}}, {"type": "Feature", "properties": {"osm_id": 693906755, "osm_type": "way", "name": "Musical Fountain", "natural": "water"}, "geometry": {"type": "LineString", "coordinates": [[72.6515645, 23.2220998], [72.6514244, 23.2218615], [72.65234, 23.221385], [72.6524848, 23.2216104], [72.6515645, 23.2220998]]}}, {"type": "Feature", "properties": {"osm_id": 694242274, "osm_type": "way", "name": "", "natural": "water"}, "geometry": {"type": "LineString", "coordinates": [[72.6244447, 23.2288892], [72.62425, 23.2288599], [72.6240518, 23.2288404], [72.6239244, 23.2288046], [72.623745, 23.2287285], [72.6235846, 23.2286225], [72.6235209, 23.2285314], [72.6234962, 23.2284339], [72.623528, 23.2283656], [72.6236236, 23.2282778], [72.6240306, 23.2283272], [72.6248108, 23.2284999], [72.6248297, 23.2283737], [72.6252268, 23.2284371], [72.6253259, 23.2284664], [72.6254002, 23.2284957], [72.6254746, 23.2285379], [72.62551, 23.2285867], [72.6255277, 23.2286778], [72.6255206, 23.2287396], [72.6254781, 23.2288437], [72.6254038, 23.2289412], [72.625333, 23.2289737], [72.6251985, 23.2290095], [72.625103, 23.2290095], [72.6250003, 23.2290095], [72.6248871, 23.228977], [72.6247243, 23.228925], [72.6245792, 23.2288957], [72.6244447, 23.2288892]]}}, {"type": "Feature", "properties": {"osm_id": 919935097, "osm_type": "way", "name": "", "landuse": "industrial"}, "geometry": {"type": "LineString", "coordinates": [[72.6308995, 23.2633182], [72.6308995, 23.2625322], [72.6321414, 23.2625051], [72.6321682, 23.2633059], [72.6308995, 23.2633182]]}}, {"type": "Feature", "properties": {"osm_id": 964717143, "osm_type": "way", "name": "", "natural": "scrub"}, "geometry": {"type": "LineString", "coordinates": [[72.6309589, 23.2571877], [72.632509, 23.2592677], [72.6324359, 23.2604267], [72.6331198, 23.2599753], [72.6338701, 23.2599997], [72.6341954, 23.2596886], [72.634128, 23.2588323], [72.6317055, 23.2549934], [72.6315621, 23.2548137], [72.6309132, 23.2551987], [72.6315997, 23.2566659], [72.6314878, 23.2568579], [72.6309589, 23.2571877]]}}, {"type": "Feature", "properties": {"osm_id": 964717145, "osm_type": "way", "name": "", "landuse": "recreation_ground"}, "geometry": {"type": "LineString", "coordinates": [[72.6281315, 23.2277312], [72.6272356, 23.2261784], [72.6262057, 23.2267404], [72.6271337, 23.2282242], [72.6281315, 23.2277312]]}}, {"type": "Feature", "properties": {"osm_id": 964717157, "osm_type": "way", "name": "", "natural": "scrub"}, "geometry": {"type": "LineString", "coordinates": [[72.6279341, 23.2386035], [72.6311646, 23.2438056], [72.6342442, 23.2422808], [72.6311773, 23.2373914], [72.6306206, 23.2376985], [72.6291776, 23.2385069], [72.627992, 23.238571], [72.6279341, 23.2386035]]}}, {"type": "Feature", "properties": {"osm_id": 964720703, "osm_type": "way", "name": "", "landuse": "farmland"}, "geometry": {"type": "LineString", "coordinates": [[72.6249987, 23.2205421], [72.6235604, 23.2208767], [72.6223132, 23.2211444], [72.6219491, 23.2213368], [72.6216851, 23.2213619], [72.6202559, 23.2190697], [72.6194821, 23.2179319], [72.6187629, 23.2170535], [72.6200738, 23.2167021], [72.6214666, 23.2163005], [72.622031, 23.2176558], [72.6232326, 23.2175806], [72.6234238, 23.2179068], [72.623442, 23.2182833], [72.6236696, 23.2183335], [72.6249987, 23.2205421]]}}, {"type": "Feature", "properties": {"osm_id": 964720704, "osm_type": "way", "name": "", "landuse": "farmland"}, "geometry": {"type": "LineString", "coordinates": [[72.6185718, 23.2168862], [72.617625, 23.2159575], [72.6170879, 23.2154807], [72.61595, 23.2146106], [72.6144571, 23.2136401], [72.6137744, 23.213205], [72.6157224, 23.2104358], [72.6161321, 23.2096661], [72.6163961, 23.2089298], [72.6172154, 23.2088712], [72.617097, 23.2074238], [72.6178837, 23.2086971], [72.6183169, 23.2093983], [72.6175158, 23.2095155], [72.617971, 23.2107955], [72.6191271, 23.2106868], [72.6205563, 23.2129792], [72.6204926, 23.2140668], [72.6189541, 23.214117], [72.6189905, 23.2146859], [72.6211298, 23.2146022], [72.6211935, 23.2157651], [72.6202832, 23.21615], [72.6191271, 23.2166352], [72.6185718, 23.2168862]]}}, {"type": "Feature", "properties": {"osm_id": 964720705, "osm_type": "way", "name": "", "landuse": "farmland"}, "geometry": {"type": "LineString", "coordinates": [[72.6244269, 23.2245362], [72.6236605, 23.2245827], [72.6218489, 23.2216464], [72.6222586, 23.2214121], [72.6241976, 23.2209771], [72.6242431, 23.2229849], [72.6244269, 23.2245362]]}}, {"type": "Feature", "properties": {"osm_id": 964720706, "osm_type": "way", "name": "", "natural": "scrub"}, "geometry": {"type": "LineString", "coordinates": [[72.6244889, 23.2250596], [72.6244269, 23.2245362], [72.6242431, 23.2229849], [72.6241976, 23.2209771], [72.6251898, 23.2207178], [72.6254174, 23.2206759], [72.6270742, 23.2233865], [72.6270833, 23.2235621], [72.6269104, 23.2238131], [72.6244889, 23.2250596]]}}, {"type": "Feature", "properties": {"osm_id": 996292432, "osm_type": "way", "name": "", "natural": "water"}, "geometry": {"type": "LineString", "coordinates": [[72.6593871, 23.2018722], [72.6593773, 23.2018318], [72.6593855, 23.2017884], [72.659405, 23.2017584], [72.6594457, 23.2017375], [72.6595011, 23.2017375], [72.6595776, 23.2017674], [72.659589, 23.2018213], [72.6595955, 23.2018976], [72.6595906, 23.2019485], [72.659602, 23.2020188], [72.6596427, 23.2020533], [72.6597111, 23.2020892], [72.659786, 23.2021116], [72.6599, 23.2021191], [72.6599424, 23.2020922], [72.660001, 23.2020593], [72.6601019, 23.2019799], [72.6601899, 23.201947], [72.6602566, 23.201938], [72.6604097, 23.2019844], [72.660509, 23.2021161], [72.6605286, 23.2022089], [72.6605106, 23.2022748], [72.660452, 23.2023227], [72.6603788, 23.2023646], [72.6603183, 23.2024235], [72.66027, 23.202495], [72.6602325, 23.2025665], [72.6601949, 23.2026404], [72.6601601, 23.2026946], [72.6600662, 23.202776], [72.6599482, 23.2028475], [72.6598597, 23.2028327], [72.6597631, 23.202813], [72.6597121, 23.2027809], [72.6596531, 23.2027119], [72.6596317, 23.2026478], [72.659629, 23.2025689], [72.6596102, 23.2025048], [72.6596049, 23.2024728], [72.6595834, 23.2024358], [72.6595405, 23.2023939], [72.6594761, 23.2023446], [72.6594412, 23.202352], [72.6593983, 23.2023446], [72.6593554, 23.2023446], [72.6593152, 23.2023224], [72.6593125, 23.2022731], [72.6593232, 23.2022065], [72.6593527, 23.2021572], [72.659401, 23.2020931], [72.6594573, 23.202029], [72.6594627, 23.2019699], [72.6594493, 23.2019452], [72.6594091, 23.2019107], [72.6593871, 23.2018722]]}}, {"type": "Feature", "properties": {"osm_id": 996292433, "osm_type": "way", "name": "", "natural": "water"}, "geometry": {"type": "LineString", "coordinates": [[72.6594162, 23.202107], [72.6594513, 23.2020629], [72.6594734, 23.2020409], [72.6595122, 23.2020358], [72.6595583, 23.2020358], [72.6595933, 23.202046], [72.6596339, 23.2020799], [72.6596819, 23.2021002], [72.6597649, 23.2021307], [72.6598239, 23.2021392], [72.6599051, 23.2021392], [72.6599604, 23.2021172], [72.6600361, 23.2020663], [72.6600914, 23.2020273], [72.6601228, 23.2020019], [72.6601671, 23.2019832], [72.6602206, 23.2019713], [72.6602704, 23.201968], [72.6603441, 23.2019883], [72.6603884, 23.2020086], [72.6604179, 23.2020341], [72.6604567, 23.2020917], [72.660488, 23.2021426], [72.6604954, 23.2021985], [72.660488, 23.2022528], [72.6604585, 23.2022715], [72.6604069, 23.2022952], [72.6603571, 23.2023291], [72.6603128, 23.2023834], [72.6602704, 23.2024563], [72.6602353, 23.2025156], [72.6602003, 23.2025902], [72.6601818, 23.2026309], [72.6601043, 23.2027106], [72.6600379, 23.2027801], [72.6599789, 23.2028089], [72.6599125, 23.2028157], [72.6598258, 23.2027988], [72.6597557, 23.2027632], [72.6597022, 23.2027259], [72.6596782, 23.2026496], [72.6596597, 23.2025834], [72.6596561, 23.2025326], [72.6596339, 23.2024885], [72.659597, 23.2024105], [72.6595325, 23.2023579], [72.6594956, 23.2023291], [72.6594494, 23.202324], [72.6594199, 23.2023291], [72.6593738, 23.2023257], [72.6593535, 23.2023138], [72.6593406, 23.2022715], [72.6593517, 23.2022172], [72.6593701, 23.2021884], [72.6594033, 23.2021375], [72.6594162, 23.202107]]}}, {"type": "Feature", "properties": {"osm_id": 1003091534, "osm_type": "way", "name": "", "landuse": "industrial"}, "geometry": {"type": "LineString", "coordinates": [[72.6815665, 23.2754462], [72.6829398, 23.2754166], [72.6831543, 23.2735243], [72.6820922, 23.273613], [72.6819366, 23.2742931], [72.6816845, 23.2747809], [72.6814967, 23.2751012], [72.6815665, 23.2754462]]}}, {"type": "Feature", "properties": {"osm_id": 1004372794, "osm_type": "way", "name": "Kamal Kund", "natural": "water"}, "geometry": {"type": "LineString", "coordinates": [[72.6664969, 23.2160574], [72.6666086, 23.2161018], [72.6667947, 23.2161765], [72.6670181, 23.2162906], [72.667138, 23.2163337], [72.6671959, 23.2163147], [72.6671959, 23.2162158], [72.6671408, 23.2160828], [72.6670898, 23.2160144], [72.6669795, 23.2159535], [72.6668209, 23.2158889], [72.6666789, 23.2158509], [72.6666237, 23.2158458], [72.6665975, 23.2158712], [72.6665617, 23.2158978], [72.66653, 23.2159409], [72.6664762, 23.2160283], [72.6664969, 23.2160574]]}}, {"type": "Feature", "properties": {"osm_id": 1025034033, "osm_type": "way", "name": "", "natural": "water"}, "geometry": {"type": "LineString", "coordinates": [[72.6760787, 23.2009879], [72.6758909, 23.2009929], [72.675797, 23.2011309], [72.6757756, 23.2012566], [72.6757944, 23.2014958], [72.6758856, 23.2016462], [72.6759875, 23.2017472], [72.6761726, 23.2017793], [72.6764005, 23.2019321], [72.6765856, 23.2020258], [72.6767559, 23.2020418], [72.6768753, 23.2020739], [72.6769678, 23.2020603], [72.6769759, 23.2018717], [72.676937, 23.2017016], [72.6768887, 23.2015808], [72.6767613, 23.2015636], [72.6767693, 23.2014465], [72.6767439, 23.2013343], [72.6766272, 23.2012123], [72.6764502, 23.2011013], [72.676253, 23.2010323], [72.6760787, 23.2009879]]}}, {"type": "Feature", "properties": {"osm_id": 1135168627, "osm_type": "way", "name": "Green Field", "natural": "grassland"}, "geometry": {"type": "LineString", "coordinates": [[72.6844274, 23.2114338], [72.6844731, 23.2113744], [72.6845035, 23.211252], [72.6845064, 23.2111305], [72.6845673, 23.2111331], [72.6845625, 23.2114312], [72.6844274, 23.2114338]]}}, {"type": "Feature", "properties": {"osm_id": 1135175624, "osm_type": "way", "name": "", "landuse": "forest"}, "geometry": {"type": "LineString", "coordinates": [[72.6865262, 23.2111016], [72.6887584, 23.2110884], [72.6888948, 23.2110555], [72.6890527, 23.2109565], [72.6866247, 23.2074598], [72.6865262, 23.2111016]]}}, {"type": "Feature", "properties": {"osm_id": 1135177875, "osm_type": "way", "name": "Mirror Lake", "natural": "water"}, "geometry": {"type": "LineString", "coordinates": [[72.6854248, 23.2083888], [72.6855204, 23.2084045], [72.6856505, 23.2083413], [72.6856786, 23.208335], [72.6858854, 23.2082887], [72.6859611, 23.2081315], [72.6860969, 23.20801], [72.6861926, 23.2078209], [72.6861842, 23.2076747], [72.6861805, 23.2076106], [72.6861474, 23.2073781], [72.6859998, 23.20732], [72.6858703, 23.207237], [72.6858376, 23.2072358], [72.6856385, 23.2072287], [72.685503, 23.2072729], [72.6853129, 23.2074246], [72.6852741, 23.2074556], [72.6851777, 23.2076078], [72.6851476, 23.2078348], [72.6852349, 23.2081282], [72.6853102, 23.2082721], [72.6854248, 23.2083888]]}}, {"type": "Feature", "properties": {"osm_id": 1135222384, "osm_type": "way", "name": "", "landuse": "residential"}, "geometry": {"type": "LineString", "coordinates": [[72.686435, 23.2132082], [72.6864288, 23.2121939], [72.6864296, 23.2119878], [72.68643, 23.2118685], [72.6864302, 23.2118187], [72.6864302, 23.2118024], [72.6864281, 23.2117569], [72.6864306, 23.2117094], [72.6864287, 23.2116181], [72.6864335, 23.2115455], [72.6864312, 23.2115283], [72.6864264, 23.2114567], [72.6864319, 23.2113371], [72.6864321, 23.2112746], [72.6887281, 23.2113457], [72.688935, 23.2113203], [72.6890177, 23.2112855], [72.6890936, 23.2112284], [72.6892659, 23.2111112], [72.689459, 23.2114059], [72.68949, 23.211596], [72.68949, 23.2117576], [72.6894762, 23.2119477], [72.6894762, 23.2122423], [72.6894762, 23.2125307], [72.6894728, 23.2127429], [72.6895176, 23.2128317], [72.6895831, 23.2129235], [72.6896831, 23.2130281], [72.6897314, 23.213101], [72.6896348, 23.213196], [72.6895211, 23.2132467], [72.6894107, 23.2132626], [72.6892384, 23.2132752], [72.686435, 23.2132082]]}}, {"type": "Feature", "properties": {"osm_id": 1135236972, "osm_type": "way", "name": "", "natural": "grassland"}, "geometry": {"type": "LineString", "coordinates": [[72.6868539, 23.2165533], [72.6868936, 23.2166539], [72.686954, 23.2167591], [72.6870348, 23.2167584], [72.6871559, 23.2167942], [72.6872556, 23.2167994], [72.6873402, 23.2167699], [72.6873939, 23.2167185], [72.6872051, 23.2166861], [72.6872051, 23.2166148], [72.6872245, 23.2165029], [72.6870734, 23.2165108], [72.6868296, 23.2165422], [72.6868539, 23.2165533]]}}, {"type": "Feature", "properties": {"osm_id": 1135236973, "osm_type": "way", "name": "", "natural": "grassland"}, "geometry": {"type": "LineString", "coordinates": [[72.6868275, 23.2161212], [72.6868237, 23.2157985], [72.686869, 23.2157812], [72.6868936, 23.2157586], [72.6869125, 23.2157222], [72.6870597, 23.215769], [72.6872372, 23.2157777], [72.6874543, 23.2157846], [72.6876356, 23.215795], [72.6878527, 23.2158089], [72.6879471, 23.2157482], [72.6880113, 23.2157291], [72.6880692, 23.2158256], [72.6880581, 23.2160618], [72.6881937, 23.2163107], [72.6881487, 23.2163828], [72.6881066, 23.2163278], [72.6880564, 23.2162469], [72.6878949, 23.2161657], [72.6878049, 23.2161543], [72.6876683, 23.2161424], [72.6868275, 23.2161212]]}}, {"type": "Feature", "properties": {"osm_id": 1145558568, "osm_type": "way", "name": "", "landuse": "farmland"}, "geometry": {"type": "LineString", "coordinates": [[72.6852416, 23.2070476], [72.6847736, 23.2061186], [72.6847329, 23.2060191], [72.6846134, 23.2055122], [72.6841738, 23.2050261], [72.683502, 23.2052304], [72.6836311, 23.2065952], [72.6841213, 23.2067165], [72.684489, 23.2073577], [72.6852416, 23.2070476]]}}, {"type": "Feature", "properties": {"osm_id": 1281166898, "osm_type": "way", "name": "Hostel Power", "landuse": "industrial"}, "geometry": {"type": "LineString", "coordinates": [[72.6845638, 23.2100564], [72.6846213, 23.2100574], [72.6846283, 23.2097154], [72.6845707, 23.2097144], [72.6845638, 23.2100564]]}}, {"type": "Feature", "properties": {"osm_id": 1281184385, "osm_type": "way", "name": "Staff Quater", "landuse": "residential"}, "geometry": {"type": "LineString", "coordinates": [[72.6851733, 23.206786], [72.6851862, 23.2067782], [72.6852113, 23.2068133], [72.6851929, 23.2068244], [72.6852298, 23.206876], [72.6852518, 23.2068627], [72.6852653, 23.2068816], [72.6852235, 23.2069069], [72.6852325, 23.2069196], [72.6852184, 23.2069281], [72.6852628, 23.2069903], [72.6853001, 23.2069678], [72.6852915, 23.2069558], [72.6853295, 23.2069329], [72.6853327, 23.2069507], [72.6853962, 23.2069228], [72.6853798, 23.2068913], [72.6854243, 23.2068718], [72.6854319, 23.2068865], [72.6854951, 23.2068587], [72.6854829, 23.2068353], [72.6855301, 23.2068146], [72.6855301, 23.2068363], [72.6855969, 23.2067959], [72.6855862, 23.2067808], [72.6856008, 23.206772], [72.6855219, 23.2066616], [72.6855027, 23.2066732], [72.6854921, 23.2066583], [72.6854419, 23.2066886], [72.6854591, 23.2067126], [72.6854372, 23.2067258], [72.685468, 23.2067689], [72.6853898, 23.206816], [72.6853404, 23.2067468], [72.6853, 23.2067712], [72.6852514, 23.2067031], [72.6852717, 23.2066908], [72.685283, 23.2067067], [72.6853708, 23.206654], [72.6853611, 23.2066402], [72.6853744, 23.2066323], [72.6853822, 23.2066433], [72.6854599, 23.2065972], [72.6854515, 23.2065851], [72.6854701, 23.2065741], [72.6854361, 23.2065254], [72.6855076, 23.2064833], [72.6854893, 23.2064714], [72.6854138, 23.2065136], [72.6853788, 23.2064606], [72.6853574, 23.2064665], [72.6853454, 23.2064496], [72.6852731, 23.2064926], [72.6852911, 23.2065181], [72.685261, 23.206536], [72.6852506, 23.2065213], [72.6852034, 23.2065495], [72.6852215, 23.2065751], [72.6851637, 23.2066096], [72.6851516, 23.2065925], [72.685116, 23.2066139], [72.6851279, 23.2066307], [72.6851132, 23.2066395], [72.6851613, 23.2067069], [72.6851302, 23.2067257], [72.6851733, 23.206786]]}}, {"type": "Feature", "properties": {"osm_id": 1281184386, "osm_type": "way", "name": "Staff Quater", "landuse": "residential"}, "geometry": {"type": "LineString", "coordinates": [[72.6849965, 23.2063062], [72.6849563, 23.2063312], [72.6849992, 23.2063895], [72.6850214, 23.2063544], [72.6850318, 23.2063707], [72.6851258, 23.2063199], [72.685092, 23.2062671], [72.6851022, 23.2062616], [72.6851291, 23.2063042], [72.6852223, 23.2062546], [72.6852179, 23.2062476], [72.6852474, 23.2062323], [72.6852036, 23.2061607], [72.6853084, 23.2061067], [72.6853443, 23.2061658], [72.6853684, 23.2061535], [72.6853751, 23.2061647], [72.6854447, 23.2061296], [72.685436, 23.2061149], [72.6854591, 23.2061033], [72.6854267, 23.2060483], [72.6854548, 23.2060344], [72.6854964, 23.2061051], [72.6855944, 23.2060565], [72.6855612, 23.206027], [72.6855764, 23.2060179], [72.6854822, 23.2058851], [72.6854567, 23.2059004], [72.6854321, 23.2058657], [72.6854089, 23.2058796], [72.6854354, 23.205917], [72.6853984, 23.2059391], [72.6853874, 23.2059236], [72.6853127, 23.2059684], [72.6853568, 23.2060305], [72.6853401, 23.2060405], [72.6853006, 23.205985], [72.6852154, 23.2060363], [72.6852276, 23.2060534], [72.68517, 23.2060881], [72.6851538, 23.2060654], [72.6850714, 23.2061149], [72.6851144, 23.2061754], [72.6850904, 23.2061898], [72.6850534, 23.2061378], [72.6849758, 23.2061845], [72.684998, 23.2062015], [72.6849362, 23.2062398], [72.6849064, 23.2061994], [72.6849356, 23.2061813], [72.6849136, 23.2061513], [72.6848477, 23.2061923], [72.684935, 23.2063111], [72.6849797, 23.2062833], [72.6849965, 23.2063062]]}}, {"type": "Feature", "properties": {"osm_id": 1281184390, "osm_type": "way", "name": "", "natural": "grassland"}, "geometry": {"type": "LineString", "coordinates": [[72.6861573, 23.2065415], [72.687183, 23.2059143], [72.6874834, 23.2057684], [72.6873976, 23.205583], [72.6871701, 23.205299], [72.6869642, 23.2050466], [72.6867496, 23.2048691], [72.6864835, 23.204731], [72.6862389, 23.2047153], [72.6859385, 23.2046916], [72.6856681, 23.2047271], [72.6853377, 23.2048296], [72.6850759, 23.2049282], [72.6861573, 23.2065415]]}}, {"type": "Feature", "properties": {"osm_id": 1331387438, "osm_type": "way", "name": "", "landuse": "residential"}, "geometry": {"type": "LineString", "coordinates": [[72.624472, 23.2387984], [72.6268068, 23.2375768], [72.6251718, 23.2347525], [72.6243953, 23.2354548], [72.6244279, 23.2356715], [72.6245417, 23.2358022], [72.6245035, 23.236326], [72.6244075, 23.2374235], [72.6245539, 23.2375132], [72.6244197, 23.238025], [72.6244197, 23.2383686], [72.624472, 23.2387984]]}}, {"type": "Feature", "properties": {"osm_id": 1331594000, "osm_type": "way", "name": "", "landuse": "residential"}, "geometry": {"type": "LineString", "coordinates": [[72.6217463, 23.2376411], [72.6223684, 23.2376485], [72.6224009, 23.2370994], [72.6238202, 23.2371851], [72.624006, 23.2372908], [72.6243847, 23.2373363], [72.624397, 23.2373168], [72.6244324, 23.2368908], [72.6244537, 23.235772], [72.624344, 23.2357639], [72.6242608, 23.2361981], [72.6239812, 23.2361883], [72.623967, 23.2359314], [72.6232238, 23.2358664], [72.6232244, 23.2352036], [72.6225805, 23.2352135], [72.6226005, 23.2349587], [72.622277, 23.2349361], [72.6220624, 23.235577], [72.6218989, 23.2360254], [72.6217799, 23.2367184], [72.6217191, 23.2373707], [72.6217215, 23.2376432], [72.6217463, 23.2376411]]}}, {"type": "Feature", "properties": {"osm_id": 1331594001, "osm_type": "way", "name": "", "landuse": "residential"}, "geometry": {"type": "LineString", "coordinates": [[72.6200899, 23.2304891], [72.620731, 23.2301736], [72.6211789, 23.2307774], [72.6222759, 23.2301391], [72.6220882, 23.2299222], [72.6218146, 23.2297743], [72.6210421, 23.2294884], [72.6209803, 23.2294722], [72.6208593, 23.2299417], [72.6201629, 23.2298199], [72.6200813, 23.2302234], [72.6200289, 23.2304881], [72.6200899, 23.2304891]]}}, {"type": "Feature", "properties": {"osm_id": 1331594003, "osm_type": "way", "name": "", "landuse": "residential"}, "geometry": {"type": "LineString", "coordinates": [[72.6215025, 23.2312402], [72.6223481, 23.2308091], [72.6223602, 23.2304067], [72.6224871, 23.2303419], [72.6235372, 23.2320797], [72.6232203, 23.2322413], [72.6233557, 23.2324656], [72.6231461, 23.2325725], [72.6225687, 23.2316162], [72.6219271, 23.2319433], [72.6215025, 23.2312402]]}}, {"type": "Feature", "properties": {"osm_id": 1331594005, "osm_type": "way", "name": "", "landuse": "residential"}, "geometry": {"type": "LineString", "coordinates": [[72.61964, 23.2360862], [72.6204525, 23.2356568], [72.6198523, 23.2346979], [72.6190398, 23.2351273], [72.61964, 23.2360862]]}}, {"type": "Feature", "properties": {"osm_id": 1331956633, "osm_type": "way", "name": "", "landuse": "residential"}, "geometry": {"type": "LineString", "coordinates": [[72.6378978, 23.2465528], [72.6393081, 23.245789], [72.6385574, 23.2445109], [72.6377904, 23.2449651], [72.6367536, 23.2433045], [72.637378, 23.2429679], [72.6380674, 23.244076], [72.6395416, 23.2432745], [72.6380659, 23.2409702], [72.6376129, 23.2411977], [72.6374739, 23.240959], [72.6368405, 23.2413171], [72.6370478, 23.2416868], [72.6367069, 23.2418671], [72.6364973, 23.2415549], [72.6354834, 23.2420816], [72.6363053, 23.2433389], [72.6359504, 23.2435878], [72.6378978, 23.2465528]]}}, {"type": "Feature", "properties": {"osm_id": 1331956639, "osm_type": "way", "name": "", "landuse": "residential"}, "geometry": {"type": "LineString", "coordinates": [[72.6284522, 23.2303478], [72.6288875, 23.231112], [72.6291918, 23.2311543], [72.6294113, 23.2311673], [72.6298218, 23.2309494], [72.630381, 23.230634], [72.6298318, 23.2297113], [72.6307689, 23.2291921], [72.6292109, 23.2266881], [72.6284497, 23.2254972], [72.6272588, 23.2261173], [72.6275274, 23.2265851], [72.6281335, 23.2276055], [72.6282086, 23.2277929], [72.6272484, 23.2282562], [72.6277205, 23.2289661], [72.6279351, 23.229464], [72.6284522, 23.2303478]]}}, {"type": "Feature", "properties": {"osm_id": 1332659059, "osm_type": "way", "name": "", "landuse": "residential"}, "geometry": {"type": "LineString", "coordinates": [[72.6191646, 23.223371], [72.6192276, 23.2229899], [72.6198719, 23.2230945], [72.6199431, 23.2227172], [72.6190812, 23.2225434], [72.6192072, 23.2219307], [72.6194695, 23.2216617], [72.6198415, 23.2218056], [72.6202744, 23.2219513], [72.6204923, 23.2220725], [72.6209701, 23.2222026], [72.6206761, 23.2236726], [72.6195557, 23.2234832], [72.6191646, 23.223371]]}}, {"type": "Feature", "properties": {"osm_id": 1332659062, "osm_type": "way", "name": "", "landuse": "residential"}, "geometry": {"type": "LineString", "coordinates": [[72.6211485, 23.22296], [72.6218405, 23.2230586], [72.6218352, 23.2234703], [72.6221463, 23.2234974], [72.6222187, 23.2236182], [72.6225164, 23.223559], [72.6225996, 23.2239904], [72.6227739, 23.2244957], [72.6227992, 23.2247002], [72.6229107, 23.2247914], [72.6229215, 23.225033], [72.623067, 23.2250485], [72.6230879, 23.2251592], [72.6229428, 23.2251919], [72.6228724, 23.2253265], [72.6228741, 23.2254347], [72.6231951, 23.2254292], [72.6232626, 23.2254798], [72.6235193, 23.2256447], [72.6235688, 23.225819], [72.6235501, 23.2264048], [72.6234941, 23.2266623], [72.6233983, 23.2267632], [72.6231602, 23.2268061], [72.6223873, 23.226716], [72.6224994, 23.226231], [72.6220837, 23.2261924], [72.6220277, 23.2266859], [72.6217919, 23.2266409], [72.6215467, 23.2265164], [72.6213225, 23.2262289], [72.6211171, 23.2259542], [72.6210398, 23.2258404], [72.6209947, 23.2255415], [72.620998, 23.2253728], [72.6212011, 23.2250916], [72.6212431, 23.2248813], [72.6211708, 23.2247934], [72.6210727, 23.2241518], [72.6211747, 23.2240407], [72.6214828, 23.2238368], [72.6214227, 23.2236514], [72.621016, 23.2236783], [72.6210022, 23.2233102], [72.6211485, 23.22296]]}}, {"type": "Feature", "properties": {"osm_id": 1332659073, "osm_type": "way", "name": "", "landuse": "residential"}, "geometry": {"type": "LineString", "coordinates": [[72.6200218, 23.2282033], [72.6203491, 23.2280856], [72.6206662, 23.2278876], [72.6209081, 23.227684], [72.6211622, 23.227202], [72.6207394, 23.2270731], [72.6207577, 23.2269032], [72.6209569, 23.2268079], [72.6209548, 23.2265221], [72.6208715, 23.2260831], [72.6209853, 23.2259486], [72.6209203, 23.2257413], [72.6209203, 23.2253863], [72.6208288, 23.2252332], [72.6208451, 23.2251541], [72.6208615, 23.2249092], [72.6210946, 23.224915], [72.620947, 23.2241238], [72.6208129, 23.2241312], [72.6208424, 23.2243136], [72.6206574, 23.224321], [72.6206413, 23.2246094], [72.6203435, 23.2245847], [72.6203945, 23.2241706], [72.6206118, 23.2241854], [72.62066, 23.223796], [72.6204347, 23.2237664], [72.6203811, 23.2241115], [72.6200431, 23.2240474], [72.6196649, 23.2239266], [72.6196944, 23.2236752], [72.6192787, 23.2235175], [72.6191645, 23.2235926], [72.6190832, 23.2237831], [72.6195609, 23.2239251], [72.6195913, 23.2241941], [72.6193576, 23.2241885], [72.6193942, 23.2244762], [72.6193982, 23.2248236], [72.6191746, 23.224747], [72.6187782, 23.2247489], [72.6187274, 23.2251262], [72.6184623, 23.2251683], [72.6184499, 23.2252773], [72.6182635, 23.2252674], [72.618262, 23.2256581], [72.6180848, 23.225685], [72.6181613, 23.2264455], [72.61834, 23.2264439], [72.6184285, 23.2267463], [72.6187913, 23.2268797], [72.6188001, 23.2267236], [72.6190107, 23.2267203], [72.619246, 23.2268211], [72.6192637, 23.2271821], [72.6190036, 23.2272391], [72.6190744, 23.2274927], [72.6193965, 23.2274228], [72.619492, 23.2277269], [72.6197557, 23.2277513], [72.6197875, 23.2280717], [72.6200218, 23.2282033]]}}, {"type": "Feature", "properties": {"osm_id": 1333160700, "osm_type": "way", "name": "", "landuse": "residential"}, "geometry": {"type": "LineString", "coordinates": [[72.6362241, 23.2187031], [72.639217, 23.2171114], [72.6389018, 23.2166107], [72.638514, 23.2168169], [72.6383314, 23.2165268], [72.6368291, 23.2173252], [72.6370476, 23.2176725], [72.6359445, 23.2182589], [72.6362241, 23.2187031]]}}, {"type": "Feature", "properties": {"osm_id": 1333160701, "osm_type": "way", "name": "", "landuse": "residential"}, "geometry": {"type": "LineString", "coordinates": [[72.6655129, 23.2473458], [72.6673762, 23.2462688], [72.6669465, 23.2455865], [72.6660452, 23.2460413], [72.6658164, 23.2457839], [72.6646536, 23.2466163], [72.6649291, 23.2469725], [72.6652233, 23.2468738], [72.6655129, 23.2473458]]}}, {"type": "Feature", "properties": {"osm_id": 1333160702, "osm_type": "way", "name": "", "landuse": "residential"}, "geometry": {"type": "LineString", "coordinates": [[72.662977, 23.24375], [72.663346, 23.2434668], [72.6639951, 23.2429862], [72.6643874, 23.2429047], [72.6658257, 23.2454792], [72.6654895, 23.2458139], [72.6649992, 23.2461057], [72.6644014, 23.2466206], [72.6642379, 23.2463546], [72.6644855, 23.2462216], [72.664294, 23.2458912], [72.6640838, 23.2459813], [72.6636308, 23.2452003], [72.663346, 23.2447369], [72.6631031, 23.244222], [72.6630701, 23.2440982], [72.662977, 23.24375]]}}, {"type": "Feature", "properties": {"osm_id": 1333160703, "osm_type": "way", "name": "", "landuse": "residential"}, "geometry": {"type": "LineString", "coordinates": [[72.6658893, 23.2436666], [72.6652765, 23.2426886], [72.6659397, 23.2423496], [72.6663372, 23.2431031], [72.6665608, 23.2430105], [72.6667336, 23.2432679], [72.666173, 23.2435721], [72.6667943, 23.244611], [72.6672664, 23.2444154], [72.6678876, 23.2453572], [72.6672886, 23.2457105], [72.6668877, 23.2451345], [72.6662946, 23.2454735], [72.6653478, 23.2439522], [72.6658893, 23.2436666]]}}, {"type": "Feature", "properties": {"osm_id": 1333160704, "osm_type": "way", "name": "", "landuse": "residential"}, "geometry": {"type": "LineString", "coordinates": [[72.6613994, 23.2485015], [72.6627008, 23.247824], [72.6609223, 23.2449392], [72.6603065, 23.2452597], [72.6605566, 23.2456652], [72.6598704, 23.2460225], [72.6613994, 23.2485015]]}}, {"type": "Feature", "properties": {"osm_id": 1333460312, "osm_type": "way", "name": "", "landuse": "residential"}, "geometry": {"type": "LineString", "coordinates": [[72.6410984, 23.2127556], [72.6414976, 23.2134043], [72.6416236, 23.2135014], [72.6418065, 23.2135799], [72.6420301, 23.213606], [72.6432481, 23.2129726], [72.6427956, 23.2122376], [72.6419088, 23.2126987], [72.6417389, 23.2124227], [72.6410984, 23.2127556]]}}, {"type": "Feature", "properties": {"osm_id": 1333460313, "osm_type": "way", "name": "", "landuse": "residential"}, "geometry": {"type": "LineString", "coordinates": [[72.6418575, 23.2117419], [72.6416727, 23.2114343], [72.641303, 23.2112305], [72.6420601, 23.2108459], [72.6420012, 23.210748], [72.6422742, 23.2106094], [72.6426983, 23.2113151], [72.6425468, 23.211392], [72.6424628, 23.2114346], [72.6418575, 23.2117419]]}}, {"type": "Feature", "properties": {"osm_id": 1333460314, "osm_type": "way", "name": "Panchsheel Park", "landuse": "residential"}, "geometry": {"type": "LineString", "coordinates": [[72.6642916, 23.2369848], [72.6662463, 23.2359419], [72.6656017, 23.2349085], [72.6657434, 23.2346289], [72.6633173, 23.2332993], [72.6630421, 23.2339488], [72.6621941, 23.2343892], [72.6619958, 23.2344917], [72.6621888, 23.2348011], [72.6633011, 23.2365744], [72.6634958, 23.2364662], [72.6637889, 23.2369127], [72.6639603, 23.2371643], [72.6642916, 23.2369848]]}}, {"type": "Feature", "properties": {"osm_id": 1333460315, "osm_type": "way", "name": "", "landuse": "residential"}, "geometry": {"type": "LineString", "coordinates": [[72.6680164, 23.2350213], [72.6673695, 23.2339852], [72.6686735, 23.2333183], [72.6689418, 23.2336687], [72.6688707, 23.2337139], [72.6692569, 23.2343473], [72.6680164, 23.2350213]]}}, {"type": "Feature", "properties": {"osm_id": 1333460316, "osm_type": "way", "name": "", "landuse": "residential"}, "geometry": {"type": "LineString", "coordinates": [[72.666167, 23.234348], [72.6660376, 23.2341696], [72.6658803, 23.2342394], [72.6656718, 23.2340502], [72.665559, 23.234082], [72.6653879, 23.233883], [72.6650563, 23.233478], [72.6649333, 23.233064], [72.6648303, 23.231883], [72.6636014, 23.231747], [72.6636152, 23.2312189], [72.6641161, 23.2309321], [72.6649101, 23.2310686], [72.6652848, 23.2314346], [72.6655456, 23.231549], [72.6656347, 23.2315727], [72.6657398, 23.2314967], [72.666187, 23.2317201], [72.6663472, 23.2315955], [72.6662794, 23.2307235], [72.6661192, 23.2302875], [72.6659405, 23.2299194], [72.665694, 23.2295514], [72.6653551, 23.2290644], [72.6645664, 23.2280565], [72.6625452, 23.2291607], [72.6620707, 23.2294551], [72.6618859, 23.2297269], [72.661738, 23.230112], [72.6617441, 23.2303838], [72.6617565, 23.2308594], [72.6618612, 23.2312841], [72.6619598, 23.2317201], [72.6620954, 23.2322127], [72.6627494, 23.2327254], [72.6646516, 23.2338019], [72.6659695, 23.2345357], [72.666167, 23.234348]]}}, {"type": "Feature", "properties": {"osm_id": 1333460317, "osm_type": "way", "name": "", "landuse": "residential"}, "geometry": {"type": "LineString", "coordinates": [[72.6606796, 23.2321436], [72.661707, 23.2316329], [72.6616509, 23.2311008], [72.6615949, 23.2306802], [72.6615622, 23.230427], [72.6615669, 23.2300751], [72.6616276, 23.2298005], [72.6617864, 23.2294614], [72.6619591, 23.2292898], [72.6627417, 23.2288104], [72.6620215, 23.2276908], [72.6591852, 23.2292726], [72.659825, 23.2300665], [72.659386, 23.2303069], [72.66039, 23.2317659], [72.6606796, 23.2321436]]}}, {"type": "Feature", "properties": {"osm_id": 1333460318, "osm_type": "way", "name": "", "landuse": "residential"}, "geometry": {"type": "LineString", "coordinates": [[72.6700881, 23.2382204], [72.6725165, 23.2369287], [72.6717459, 23.2356714], [72.6693269, 23.2370446], [72.6700881, 23.2382204]]}}, {"type": "Feature", "properties": {"osm_id": 1333460319, "osm_type": "way", "name": "", "landuse": "residential"}, "geometry": {"type": "LineString", "coordinates": [[72.6736975, 23.2428534], [72.6742999, 23.2425573], [72.6743233, 23.2414889], [72.6740244, 23.2414459], [72.6742205, 23.2406135], [72.6734406, 23.2406092], [72.673506, 23.2399569], [72.6735761, 23.2393004], [72.6735387, 23.2387683], [72.6733612, 23.2383092], [72.6705639, 23.2397767], [72.6704238, 23.2400385], [72.6708021, 23.2407208], [72.6709795, 23.241034], [72.670746, 23.2411413], [72.6713765, 23.2421797], [72.6721797, 23.2419051], [72.6726654, 23.242626], [72.6732351, 23.2422913], [72.6736975, 23.2428534]]}}, {"type": "Feature", "properties": {"osm_id": 1333460320, "osm_type": "way", "name": "", "landuse": "residential"}, "geometry": {"type": "LineString", "coordinates": [[72.6665738, 23.2413735], [72.6678505, 23.2406834], [72.6687571, 23.2420932], [72.6689395, 23.2424283], [72.6691219, 23.2426846], [72.6693096, 23.2428424], [72.6696691, 23.2429902], [72.6700017, 23.243005], [72.6710048, 23.2425466], [72.6718309, 23.2439711], [72.6699695, 23.2449865], [72.6691648, 23.2435029], [72.6682582, 23.2440155], [72.6665738, 23.2413735]]}}, {"type": "Feature", "properties": {"osm_id": 1333460321, "osm_type": "way", "name": "", "landuse": "residential"}, "geometry": {"type": "LineString", "coordinates": [[72.6687753, 23.2419752], [72.6701865, 23.2412505], [72.6709783, 23.2425244], [72.6705716, 23.2427113], [72.6703436, 23.2428273], [72.6701279, 23.2428981], [72.6699153, 23.2429547], [72.6696904, 23.2429066], [72.6694532, 23.2428302], [72.6692098, 23.2426716], [72.6690526, 23.2425159], [72.6688986, 23.24223], [72.6687753, 23.2419752]]}}, {"type": "Feature", "properties": {"osm_id": 1333460322, "osm_type": "way", "name": "", "landuse": "residential"}, "geometry": {"type": "LineString", "coordinates": [[72.6667305, 23.240956], [72.6677103, 23.2404853], [72.6675476, 23.2401342], [72.6682876, 23.239783], [72.6685112, 23.2397606], [72.6688486, 23.2395776], [72.6688567, 23.2393833], [72.6687307, 23.2390695], [72.6686372, 23.238681], [72.6685437, 23.2385204], [72.668686, 23.2384308], [72.6685559, 23.238229], [72.66856, 23.2380236], [72.6687226, 23.2377434], [72.66856, 23.2374782], [72.6666329, 23.2384718], [72.6664256, 23.2381356], [72.6654865, 23.238681], [72.6660516, 23.2395216], [72.6654295, 23.2398652], [72.6660841, 23.2409411], [72.6665801, 23.2406945], [72.6667305, 23.240956]]}}, {"type": "Feature", "properties": {"osm_id": 1333460323, "osm_type": "way", "name": "", "landuse": "residential"}, "geometry": {"type": "LineString", "coordinates": [[72.6767988, 23.2343305], [72.6768417, 23.2343995], [72.6774396, 23.2340352], [72.6784564, 23.2342862], [72.6785405, 23.2348967], [72.6797922, 23.2346854], [72.6801677, 23.2351882], [72.6808597, 23.2352129], [72.6821472, 23.2347199], [72.6827963, 23.2343601], [72.6827158, 23.2337883], [72.6839013, 23.2335517], [72.6837779, 23.2331524], [72.6833005, 23.2329306], [72.6831664, 23.2323686], [72.6832147, 23.2322996], [72.6833649, 23.2319496], [72.6842661, 23.2318609], [72.6842607, 23.2314222], [72.6839281, 23.2311412], [72.68322, 23.2310032], [72.6825978, 23.2307567], [72.6841337, 23.2305778], [72.684157, 23.2290716], [72.6836854, 23.2285437], [72.6829288, 23.2285308], [72.6836433, 23.2281274], [72.6836854, 23.2270245], [72.683053, 23.2266591], [72.6825733, 23.226689], [72.6825896, 23.2261511], [72.6837929, 23.2261062], [72.6839474, 23.2252694], [72.6837604, 23.2245819], [72.6823294, 23.2247837], [72.6826465, 23.2237824], [72.6823375, 23.2233191], [72.6826221, 23.2230352], [72.6821169, 23.220933], [72.6813159, 23.2217163], [72.6807848, 23.2220368], [72.6797549, 23.2222882], [72.6790682, 23.2224361], [72.6783623, 23.2226639], [72.6788881, 23.2243984], [72.6793626, 23.2248118], [72.6797631, 23.2262728], [72.6806628, 23.2271392], [72.6812174, 23.2281868], [72.6807121, 23.2292796], [72.6804732, 23.2299655], [72.6806556, 23.2304141], [72.6790463, 23.2304831], [72.6778071, 23.2310007], [72.67726, 23.2315774], [72.6770239, 23.2322725], [72.6770883, 23.2334605], [72.6767988, 23.2343305]]}}, {"type": "Feature", "properties": {"osm_id": 1333460324, "osm_type": "way", "name": "", "landuse": "residential"}, "geometry": {"type": "LineString", "coordinates": [[72.6759183, 23.2308336], [72.6786435, 23.2303067], [72.6786364, 23.2293896], [72.6778153, 23.2292465], [72.678509, 23.2277895], [72.6792451, 23.227796], [72.6792876, 23.2282318], [72.6807953, 23.2281407], [72.6805121, 23.2272235], [72.6797689, 23.2264235], [72.6794504, 23.2253762], [72.6784736, 23.2251811], [72.6772844, 23.2249924], [72.6773339, 23.2242119], [72.6771358, 23.2234248], [72.6765766, 23.2226832], [72.6758404, 23.2215383], [72.6738655, 23.2219026], [72.6747786, 23.224472], [72.6750618, 23.2259421], [72.6756493, 23.2275163], [72.6758758, 23.2282123], [72.6758404, 23.2294156], [72.6759183, 23.2308336]]}}, {"type": "Feature", "properties": {"osm_id": 1333460325, "osm_type": "way", "name": "", "landuse": "residential"}, "geometry": {"type": "LineString", "coordinates": [[72.6714585, 23.2249389], [72.6720002, 23.2242523], [72.6719068, 23.2240806], [72.6729622, 23.2234454], [72.6730369, 23.2227759], [72.6725793, 23.2220034], [72.6673022, 23.2248531], [72.6663682, 23.2253423], [72.6679653, 23.227737], [72.6686077, 23.2273798], [72.6682362, 23.2263637], [72.6691888, 23.2257371], [72.6704217, 23.2249389], [72.6714585, 23.2249389]]}}, {"type": "Feature", "properties": {"osm_id": 1333460326, "osm_type": "way", "name": "", "landuse": "residential"}, "geometry": {"type": "LineString", "coordinates": [[72.6676396, 23.2287155], [72.6687226, 23.2282602], [72.6695083, 23.2296521], [72.6696056, 23.2300106], [72.670363, 23.2309505], [72.6700788, 23.2310797], [72.6712161, 23.2327903], [72.6703309, 23.2331994], [72.6676396, 23.2287155]]}}, {"type": "Feature", "properties": {"osm_id": 1333460327, "osm_type": "way", "name": "", "landuse": "residential"}, "geometry": {"type": "LineString", "coordinates": [[72.6694498, 23.2289487], [72.6698738, 23.2299334], [72.6712246, 23.2298121], [72.6725955, 23.2302618], [72.6729996, 23.2293485], [72.6736111, 23.228683], [72.6728547, 23.2273767], [72.6724524, 23.2268196], [72.6719052, 23.2264745], [72.6714278, 23.2263119], [72.6696897, 23.2255576], [72.668885, 23.2266274], [72.6685918, 23.2271594], [72.6694498, 23.2289487]]}}, {"type": "Feature", "properties": {"osm_id": 1333460328, "osm_type": "way", "name": "", "landuse": "residential"}, "geometry": {"type": "LineString", "coordinates": [[72.6707824, 23.2335978], [72.6724246, 23.233214], [72.6723857, 23.2330254], [72.6723255, 23.2328661], [72.6722158, 23.2326547], [72.6720601, 23.2324433], [72.6718371, 23.2322091], [72.6717911, 23.2319327], [72.6725308, 23.2304139], [72.671961, 23.2301765], [72.671416, 23.2300203], [72.671055, 23.2299488], [72.6706338, 23.2299748], [72.6699401, 23.2301374], [72.6707117, 23.2310351], [72.6715363, 23.2317603], [72.6714514, 23.2323392], [72.671554, 23.2325864], [72.6716991, 23.2329213], [72.6706303, 23.2333214], [72.6707824, 23.2335978]]}}, {"type": "Feature", "properties": {"osm_id": 1333460329, "osm_type": "way", "name": "", "landuse": "residential"}, "geometry": {"type": "LineString", "coordinates": [[72.6576209, 23.2052911], [72.658258, 23.2057075], [72.6576775, 23.2064491], [72.6577979, 23.2066768], [72.6587696, 23.2073062], [72.6589007, 23.2071114], [72.6593637, 23.2073338], [72.6589855, 23.2079389], [72.6583438, 23.2082191], [72.6592116, 23.2095347], [72.6600786, 23.2090634], [72.6595916, 23.2083095], [72.6604492, 23.2078556], [72.6604745, 23.2078919], [72.6606006, 23.2078271], [72.6606647, 23.2078], [72.6607391, 23.2077897], [72.660818, 23.207793], [72.6613197, 23.2086502], [72.6610159, 23.2088102], [72.6614233, 23.2095088], [72.6614276, 23.2095468], [72.6614163, 23.2095741], [72.6613988, 23.2096025], [72.6613822, 23.209624], [72.6613611, 23.2096613], [72.6613587, 23.209705], [72.6616002, 23.2101537], [72.6600644, 23.2109827], [72.6591798, 23.2096743], [72.6590864, 23.2096484], [72.6582142, 23.2094574], [72.6563259, 23.2104582], [72.6557573, 23.209551], [72.65749, 23.2086291], [72.6569107, 23.208136], [72.6567605, 23.2081114], [72.6562669, 23.2088066], [72.6554462, 23.2083086], [72.6576209, 23.2052911]]}}, {"type": "Feature", "properties": {"osm_id": 1334759517, "osm_type": "way", "name": "", "landuse": "residential"}, "geometry": {"type": "LineString", "coordinates": [[72.6424726, 23.247139], [72.6445584, 23.2460119], [72.6452509, 23.2470994], [72.6431574, 23.2482305], [72.6424726, 23.247139]]}}, {"type": "Feature", "properties": {"osm_id": 1337452930, "osm_type": "way", "name": "", "landuse": "residential"}, "geometry": {"type": "LineString", "coordinates": [[72.6279096, 23.2019874], [72.6277438, 23.2012749], [72.6283089, 23.2011418], [72.6280964, 23.2002211], [72.6269055, 23.200483], [72.627111, 23.2012878], [72.626292, 23.2014338], [72.6261096, 23.2006326], [72.6252969, 23.2008027], [72.6255114, 23.2017074], [72.6256, 23.2016951], [72.6258119, 23.2024766], [72.6276331, 23.2021241], [72.6277323, 23.2025481], [72.6243581, 23.2032088], [72.6242635, 23.2027272], [72.624188, 23.2027399], [72.6240956, 23.202284], [72.6247549, 23.2021566], [72.6244032, 23.2004377], [72.6282012, 23.199666], [72.6282817, 23.1999791], [72.6288932, 23.1998485], [72.6293197, 23.2017221], [72.62903, 23.2017911], [72.6291587, 23.2022669], [72.6282414, 23.2024642], [72.6281315, 23.2019514], [72.6279096, 23.2019874]]}}, {"type": "Feature", "properties": {"osm_id": 1337452931, "osm_type": "way", "name": "", "landuse": "residential"}, "geometry": {"type": "LineString", "coordinates": [[72.6291904, 23.2114538], [72.6315627, 23.2102327], [72.6309323, 23.2091339], [72.630526, 23.2093357], [72.6298932, 23.2082841], [72.6304116, 23.2080051], [72.6298605, 23.2071016], [72.6284759, 23.2078463], [72.6280719, 23.2071703], [72.6272547, 23.207518], [72.626839, 23.2077047], [72.6291904, 23.2114538]]}}, {"type": "Feature", "properties": {"osm_id": 1337452932, "osm_type": "way", "name": "", "landuse": "residential"}, "geometry": {"type": "LineString", "coordinates": [[72.6265892, 23.2072821], [72.6277306, 23.206656], [72.6276456, 23.2065161], [72.628311, 23.2062055], [72.6285871, 23.2066609], [72.6295311, 23.2061699], [72.6284176, 23.2043853], [72.6280601, 23.204561], [72.6278849, 23.2043105], [72.6271868, 23.204679], [72.6273677, 23.2049481], [72.6268371, 23.2052339], [72.6267477, 23.2050957], [72.6264977, 23.2052096], [72.626209, 23.204765], [72.6268371, 23.2044137], [72.6269692, 23.2046249], [72.6272193, 23.2044959], [72.6267706, 23.2038048], [72.6278606, 23.2035966], [72.6277615, 23.2031282], [72.6250859, 23.2036665], [72.6251726, 23.2039137], [72.6246559, 23.2041675], [72.6258026, 23.2060223], [72.6265892, 23.2072821]]}}, {"type": "Feature", "properties": {"osm_id": 1337452933, "osm_type": "way", "name": "", "landuse": "residential"}, "geometry": {"type": "LineString", "coordinates": [[72.6310266, 23.207399], [72.6317167, 23.2085005], [72.6319016, 23.2084128], [72.6326287, 23.209653], [72.6353616, 23.2082089], [72.6343787, 23.2065438], [72.6341344, 23.2066649], [72.6342725, 23.2069089], [72.6339964, 23.2070617], [72.6336973, 23.2065901], [72.634276, 23.2062664], [72.6334852, 23.2050384], [72.6322651, 23.205688], [72.6326513, 23.206324], [72.6318225, 23.2067529], [72.6319218, 23.2069279], [72.6310266, 23.207399]]}}, {"type": "Feature", "properties": {"osm_id": 1337452934, "osm_type": "way", "name": "", "landuse": "residential"}, "geometry": {"type": "LineString", "coordinates": [[72.6285899, 23.2042375], [72.6282891, 23.2030014], [72.6304975, 23.2025687], [72.6307736, 23.2038048], [72.6285899, 23.2042375]]}}, {"type": "Feature", "properties": {"osm_id": 1337452935, "osm_type": "way", "name": "", "landuse": "residential"}, "geometry": {"type": "LineString", "coordinates": [[72.6323049, 23.2032823], [72.6325735, 23.2037137], [72.6321205, 23.2039519], [72.6323306, 23.2042759], [72.632793, 23.2040527], [72.6329611, 23.204336], [72.6330732, 23.2042931], [72.6332483, 23.2046], [72.6319967, 23.2052438], [72.6318846, 23.2050786], [72.631483, 23.2053125], [72.6317702, 23.2057846], [72.6313453, 23.20601], [72.6306378, 23.2048618], [72.6302128, 23.205085], [72.6299367, 23.2052057], [72.6299814, 23.2054113], [72.6294834, 23.2054972], [72.629335, 23.2048433], [72.6299834, 23.2047219], [72.6297924, 23.2044248], [72.6304799, 23.2040586], [72.6307808, 23.2045205], [72.6313541, 23.2042115], [72.63114, 23.2038813], [72.6323049, 23.2032823]]}}, {"type": "Feature", "properties": {"osm_id": 1337452936, "osm_type": "way", "name": "", "landuse": "residential"}, "geometry": {"type": "LineString", "coordinates": [[72.6211907, 23.2054074], [72.6232181, 23.2043466], [72.6234893, 23.2047629], [72.6240839, 23.2044486], [72.6247941, 23.2055608], [72.6264317, 23.2081978], [72.6252732, 23.2087953], [72.6247648, 23.2079996], [72.6235724, 23.2086509], [72.623289, 23.2082375], [72.6229223, 23.20843], [72.6223431, 23.2074871], [72.6227036, 23.2072917], [72.622226, 23.2064733], [72.6223986, 23.2063799], [72.622226, 23.2060599], [72.6224895, 23.2059285], [72.6223231, 23.2056537], [72.62184, 23.205896], [72.6215887, 23.2055154], [72.6213339, 23.2056439], [72.6211907, 23.2054074]]}}, {"type": "Feature", "properties": {"osm_id": 1337452937, "osm_type": "way", "name": "", "landuse": "residential"}, "geometry": {"type": "LineString", "coordinates": [[72.6257007, 23.2094535], [72.6269186, 23.2088193], [72.6271801, 23.2092503], [72.6270943, 23.209302], [72.6281877, 23.2110756], [72.6282717, 23.2110294], [72.6285237, 23.2114503], [72.6281241, 23.2116747], [72.6283051, 23.2119606], [72.6277191, 23.2122379], [72.627585, 23.2120395], [72.6272041, 23.2122404], [72.6273302, 23.2124598], [72.6270767, 23.2126052], [72.6266517, 23.2119015], [72.6272786, 23.2115272], [72.6268448, 23.2107716], [72.6267786, 23.2108027], [72.6266482, 23.2105669], [72.6258683, 23.210967], [72.6261579, 23.2114541], [72.625385, 23.2118791], [72.6252355, 23.2116408], [72.6257703, 23.2113426], [72.6256208, 23.2111043], [72.6250884, 23.2113769], [72.6249413, 23.2111258], [72.6262793, 23.2104112], [72.6257007, 23.2094535]]}}, {"type": "Feature", "properties": {"osm_id": 1339224132, "osm_type": "way", "name": "", "landuse": "residential"}, "geometry": {"type": "LineString", "coordinates": [[72.6338863, 23.2042815], [72.6358907, 23.2032962], [72.6360383, 23.2035378], [72.6362877, 23.2033924], [72.6367142, 23.2040506], [72.6369717, 23.2039027], [72.6371165, 23.2041344], [72.6372184, 23.2040876], [72.6375068, 23.2045412], [72.6377938, 23.2043908], [72.6380497, 23.2047906], [72.6375304, 23.205068], [72.6376876, 23.2053144], [72.6369995, 23.2056796], [72.6367007, 23.2052139], [72.6361837, 23.2054908], [72.6363536, 23.2057429], [72.6360859, 23.2059], [72.6364539, 23.2064772], [72.6370721, 23.2061682], [72.6369039, 23.2059105], [72.6378526, 23.2054146], [72.6383008, 23.2061207], [72.6383357, 23.2061022], [72.6385824, 23.2064892], [72.6365286, 23.2075487], [72.6363579, 23.2073637], [72.6359717, 23.2075711], [72.6338863, 23.2042815]]}}, {"type": "Feature", "properties": {"osm_id": 1339224133, "osm_type": "way", "name": "", "landuse": "residential"}, "geometry": {"type": "LineString", "coordinates": [[72.6319078, 23.1978027], [72.6322647, 23.197725], [72.6323094, 23.1978651], [72.6348011, 23.1973702], [72.6350979, 23.1985996], [72.634419, 23.1987117], [72.6335301, 23.1988991], [72.6334094, 23.198383], [72.6326497, 23.1985412], [72.6327535, 23.1992773], [72.6329037, 23.1992492], [72.6329732, 23.1992362], [72.6332394, 23.1991865], [72.6333146, 23.1995897], [72.6341318, 23.1993613], [72.6339853, 23.1989928], [72.6344776, 23.1988826], [72.6346507, 23.199388], [72.6351792, 23.1992367], [72.6350756, 23.1989489], [72.635291, 23.1989022], [72.6354577, 23.1993917], [72.635291, 23.1994329], [72.6355227, 23.20017], [72.635665, 23.2001306], [72.6357361, 23.2003417], [72.635665, 23.2003604], [72.6358446, 23.2008817], [72.6357869, 23.2009002], [72.635976, 23.201429], [72.635705, 23.2014984], [72.6359458, 23.2022122], [72.6354368, 23.2023588], [72.6353855, 23.2021914], [72.6345741, 23.2024515], [72.6343811, 23.2025114], [72.6347227, 23.203188], [72.6344217, 23.2033349], [72.6340962, 23.2034937], [72.633737, 23.2028204], [72.6331513, 23.202996], [72.6320477, 23.19976], [72.6325695, 23.1996104], [72.6325299, 23.1993629], [72.6320115, 23.1994304], [72.6318928, 23.1984677], [72.6320545, 23.1984451], [72.6319078, 23.1978027]]}}, {"type": "Feature", "properties": {"osm_id": 1339224134, "osm_type": "way", "name": "", "landuse": "residential"}, "geometry": {"type": "LineString", "coordinates": [[72.6373354, 23.202466], [72.6389741, 23.201687], [72.6388927, 23.2015634], [72.6396077, 23.2011731], [72.6397775, 23.2014756], [72.6394024, 23.201648], [72.6397386, 23.2022075], [72.6405501, 23.2018026], [72.6408871, 23.2023325], [72.6408201, 23.2023695], [72.6415228, 23.2034936], [72.6416816, 23.2034216], [72.6418003, 23.2036269], [72.6420226, 23.2040542], [72.6417794, 23.2041699], [72.6420319, 23.2045554], [72.6418347, 23.2046517], [72.6413885, 23.2048941], [72.640227, 23.2054884], [72.6402636, 23.2055482], [72.6390321, 23.2062038], [72.638713, 23.2057275], [72.6389222, 23.2056079], [72.638874, 23.2055266], [72.6391891, 23.2053454], [72.6390537, 23.2051223], [72.6390054, 23.2051482], [72.6388495, 23.2049089], [72.639646, 23.204508], [72.6397793, 23.2047266], [72.639284, 23.2049969], [72.6395652, 23.2053867], [72.6401479, 23.2051163], [72.6398855, 23.2047108], [72.6409623, 23.204117], [72.6406776, 23.2036364], [72.6403537, 23.2038066], [72.640114, 23.2034301], [72.6393814, 23.2037955], [72.6396538, 23.20426], [72.6387416, 23.2047432], [72.6373354, 23.202466]]}}, {"type": "Feature", "properties": {"osm_id": 1339224143, "osm_type": "way", "name": "", "landuse": "residential"}, "geometry": {"type": "LineString", "coordinates": [[72.6435674, 23.2031167], [72.6438465, 23.2035813], [72.6459987, 23.2024612], [72.6457144, 23.2020297], [72.6462777, 23.201729], [72.6465244, 23.202153], [72.6477824, 23.2015046], [72.6477126, 23.2013814], [72.6472245, 23.201623], [72.6468195, 23.2009623], [72.6438258, 23.2025275], [72.643297, 23.2017113], [72.64376, 23.2014913], [72.6439491, 23.2016973], [72.6446006, 23.2013711], [72.6448224, 23.2017274], [72.6451913, 23.2015771], [72.6447557, 23.2007206], [72.644207, 23.1999523], [72.6437913, 23.2001562], [72.6440925, 23.2006498], [72.6438614, 23.2007721], [72.6439618, 23.200946], [72.6433547, 23.2012593], [72.6428685, 23.2005], [72.6421163, 23.2008468], [72.6423001, 23.2011465], [72.6426228, 23.2016026], [72.6429178, 23.202071], [72.6430408, 23.2022533], [72.6433922, 23.2028406], [72.6435674, 23.2031167]]}}, {"type": "Feature", "properties": {"osm_id": 1339224145, "osm_type": "way", "name": "", "landuse": "residential"}, "geometry": {"type": "LineString", "coordinates": [[72.6427084, 23.1981252], [72.6427598, 23.1978205], [72.6436448, 23.1979643], [72.6434696, 23.1988034], [72.643521, 23.1990159], [72.6434862, 23.19991], [72.64329, 23.2000065], [72.6424768, 23.2003747], [72.6420425, 23.1997051], [72.6420025, 23.1997235], [72.6418585, 23.1995046], [72.6421523, 23.1993552], [72.6423913, 23.1997], [72.6427063, 23.1995001], [72.6428181, 23.1993992], [72.6428324, 23.1990891], [72.6431573, 23.1987503], [72.6432367, 23.1982223], [72.6427084, 23.1981252]]}}, {"type": "Feature", "properties": {"osm_id": 1339224146, "osm_type": "way", "name": "", "landuse": "residential"}, "geometry": {"type": "LineString", "coordinates": [[72.6451573, 23.1986471], [72.6446618, 23.1985527], [72.6446052, 23.1988032], [72.6448529, 23.198852], [72.6447609, 23.1993497], [72.6453307, 23.1994799], [72.645189, 23.2004929], [72.6454063, 23.2008849], [72.6458622, 23.2006606], [72.6460151, 23.2009712], [72.646388, 23.2008184], [72.6461224, 23.2003845], [72.6461492, 23.2002859], [72.6464872, 23.2003623], [72.6465811, 23.1999555], [72.6463116, 23.1999075], [72.6462568, 23.2001], [72.6457364, 23.1999804], [72.6458157, 23.1993937], [72.6459275, 23.1988276], [72.6461206, 23.1988706], [72.6460514, 23.1991303], [72.6462507, 23.1991621], [72.6463076, 23.1988874], [72.6466227, 23.1989558], [72.6468442, 23.1990219], [72.6470343, 23.1982289], [72.6466707, 23.1981496], [72.6465521, 23.1984812], [72.6459644, 23.1983482], [72.6460207, 23.1981189], [72.645318, 23.1979562], [72.6452321, 23.1983285], [72.6457847, 23.1984616], [72.6456935, 23.1987772], [72.6451573, 23.1986471]]}}, {"type": "Feature", "properties": {"osm_id": 1339224147, "osm_type": "way", "name": "", "landuse": "residential"}, "geometry": {"type": "LineString", "coordinates": [[72.6468413, 23.1999389], [72.6470235, 23.1992693], [72.6474484, 23.1993766], [72.6473901, 23.1995676], [72.6480201, 23.1997092], [72.6479306, 23.200081], [72.6473045, 23.1999334], [72.6472761, 23.2000324], [72.6468413, 23.1999389]]}}, {"type": "Feature", "properties": {"osm_id": 1339224152, "osm_type": "way", "name": "", "landuse": "residential"}, "geometry": {"type": "LineString", "coordinates": [[72.6476347, 23.2023375], [72.6478736, 23.2027327], [72.6479585, 23.202692], [72.6481953, 23.2030715], [72.6482356, 23.2032231], [72.6481685, 23.2032564], [72.6483321, 23.2035288], [72.6480567, 23.2036705], [72.6481823, 23.2038964], [72.6482329, 23.2039763], [72.6486017, 23.2037679], [72.6487048, 23.2039327], [72.6486941, 23.2040152], [72.6491399, 23.2047563], [72.6495681, 23.204527], [72.6493805, 23.2041643], [72.6488072, 23.203138], [72.6491229, 23.2029773], [72.6491668, 23.202952], [72.6496735, 23.2037869], [72.649858, 23.2036731], [72.6500845, 23.2040272], [72.6496735, 23.204229], [72.6500097, 23.2047247], [72.6492662, 23.205115], [72.6487884, 23.2053801], [72.6491042, 23.205829], [72.6492187, 23.2057668], [72.6501016, 23.2070283], [72.6502652, 23.2069297], [72.6509723, 23.2080175], [72.6505122, 23.2082712], [72.6507564, 23.2086388], [72.6504202, 23.208821], [72.6501724, 23.2084339], [72.6500543, 23.2085009], [72.6499828, 23.2085415], [72.6497194, 23.2086909], [72.6484289, 23.2066157], [72.6469919, 23.2073476], [72.6470253, 23.2074284], [72.6466708, 23.2076038], [72.646178, 23.2069065], [72.6458237, 23.2063536], [72.6449941, 23.2050335], [72.6446278, 23.2044504], [72.6443665, 23.2040556], [72.6450192, 23.2037061], [72.6452345, 23.2040736], [72.6456816, 23.2038556], [72.6454498, 23.2034808], [72.6460318, 23.2031762], [72.6462646, 23.2035291], [72.6466867, 23.2033037], [72.6464545, 23.2029551], [72.6476347, 23.2023375]]}}, {"type": "Feature", "properties": {"osm_id": 1339871539, "osm_type": "way", "name": "", "landuse": "residential"}, "geometry": {"type": "LineString", "coordinates": [[72.6540157, 23.2049513], [72.6562517, 23.206289], [72.6578941, 23.2037929], [72.6554874, 23.2024627], [72.6540157, 23.2049513]]}}, {"type": "Feature", "properties": {"osm_id": 1342083108, "osm_type": "way", "name": "", "landuse": "residential"}, "geometry": {"type": "LineString", "coordinates": [[72.6195127, 23.2309032], [72.6201049, 23.2319274], [72.6195981, 23.2321879], [72.6198815, 23.232631], [72.6215669, 23.2317321], [72.6207243, 23.2302816], [72.6195127, 23.2309032]]}}, {"type": "Feature", "properties": {"osm_id": 1342083109, "osm_type": "way", "name": "", "landuse": "residential"}, "geometry": {"type": "LineString", "coordinates": [[72.6228521, 23.2332223], [72.6239389, 23.2347695], [72.6242884, 23.2345621], [72.6242464, 23.2340772], [72.623971, 23.2336849], [72.6240321, 23.2336487], [72.6237757, 23.2332836], [72.6239694, 23.2331687], [72.6236674, 23.2327388], [72.6228521, 23.2332223]]}}, {"type": "Feature", "properties": {"osm_id": 1342083113, "osm_type": "way", "name": "", "landuse": "residential"}, "geometry": {"type": "LineString", "coordinates": [[72.6226293, 23.2371416], [72.6226216, 23.2375726], [72.6218026, 23.2380356], [72.6218678, 23.2381342], [72.622218, 23.2386636], [72.623057, 23.2382197], [72.6227273, 23.237666], [72.6238232, 23.2377514], [72.6238299, 23.2376275], [72.6238503, 23.2372517], [72.6226293, 23.2371416]]}}, {"type": "Feature", "properties": {"osm_id": 1342083115, "osm_type": "way", "name": "", "landuse": "residential"}, "geometry": {"type": "LineString", "coordinates": [[72.6248867, 23.2461145], [72.6250485, 23.2463893], [72.625371, 23.2462289], [72.6254801, 23.246414], [72.6248334, 23.2467356], [72.6250266, 23.2470636], [72.6256664, 23.2467454], [72.6258033, 23.2469777], [72.6251783, 23.2472885], [72.6253725, 23.2476183], [72.6260054, 23.2473037], [72.6260914, 23.2474498], [72.6264149, 23.2472891], [72.6262531, 23.2470142], [72.6260534, 23.2471134], [72.6256717, 23.2464647], [72.6258408, 23.2463807], [72.6254054, 23.2456409], [72.6251472, 23.2457692], [72.6252455, 23.2459361], [72.6248867, 23.2461145]]}}, {"type": "Feature", "properties": {"osm_id": 1342083117, "osm_type": "way", "name": "", "landuse": "residential"}, "geometry": {"type": "LineString", "coordinates": [[72.6286834, 23.2502076], [72.6273216, 23.2508248], [72.6256635, 23.2518483], [72.626028, 23.2524402], [72.6271924, 23.2518906], [72.6275605, 23.2524954], [72.6269411, 23.2528304], [72.627111, 23.2531555], [72.6268279, 23.2533344], [72.6272066, 23.2536335], [72.6289655, 23.2527068], [72.6290304, 23.2524804], [72.6291702, 23.2524002], [72.6293843, 23.2524422], [72.6294535, 23.2526667], [72.6294068, 23.2528169], [72.6307165, 23.2549522], [72.6312261, 23.2547008], [72.6286834, 23.2502076]]}}, {"type": "Feature", "properties": {"osm_id": 1342361187, "osm_type": "way", "name": "", "landuse": "residential"}, "geometry": {"type": "LineString", "coordinates": [[72.6452721, 23.2464519], [72.6456423, 23.2470409], [72.6463638, 23.2467082], [72.6460817, 23.2461762], [72.6452721, 23.2464519]]}}, {"type": "Feature", "properties": {"osm_id": 1342361809, "osm_type": "way", "name": "", "landuse": "commercial"}, "geometry": {"type": "LineString", "coordinates": [[72.6468465, 23.2253218], [72.6489346, 23.2287953], [72.6508812, 23.2278456], [72.6518155, 23.2274813], [72.6537479, 23.2269609], [72.6546044, 23.2265316], [72.6531604, 23.2244306], [72.653578, 23.2242224], [72.653217, 23.223663], [72.6522105, 23.2241188], [72.6514262, 23.2228304], [72.6468465, 23.2253218]]}}, {"type": "Feature", "properties": {"osm_id": 1342376147, "osm_type": "way", "name": "", "landuse": "residential"}, "geometry": {"type": "LineString", "coordinates": [[72.673274, 23.2276236], [72.6737943, 23.2286391], [72.6745829, 23.2283433], [72.6740035, 23.226051], [72.6733437, 23.2239017], [72.6725712, 23.2241087], [72.6727375, 23.2246658], [72.6730862, 23.2246066], [72.6738641, 23.2275151], [72.673274, 23.2276236]]}}, {"type": "Feature", "properties": {"osm_id": 1342381952, "osm_type": "way", "name": "", "landuse": "residential"}, "geometry": {"type": "LineString", "coordinates": [[72.6715088, 23.2171979], [72.6720049, 23.2180539], [72.6721718, 23.2179722], [72.6720103, 23.2176937], [72.6728613, 23.2172769], [72.6730884, 23.2176686], [72.6736024, 23.2174168], [72.6732005, 23.2167239], [72.672959, 23.2168422], [72.6725428, 23.2161243], [72.6721341, 23.2163245], [72.6721772, 23.2163989], [72.6719513, 23.2165095], [72.6721643, 23.216877], [72.6715088, 23.2171979]]}}, {"type": "Feature", "properties": {"osm_id": 1342381956, "osm_type": "way", "name": "", "landuse": "residential"}, "geometry": {"type": "LineString", "coordinates": [[72.6736308, 23.2203259], [72.6734229, 23.2205824], [72.6747109, 23.2214298], [72.6749958, 23.2213826], [72.675339, 23.2209514], [72.6751829, 23.2208465], [72.674875, 23.2210083], [72.6742822, 23.2205916], [72.6741711, 23.2207252], [72.6736308, 23.2203259]]}}, {"type": "Feature", "properties": {"osm_id": 1365928477, "osm_type": "way", "name": "", "landuse": "residential"}, "geometry": {"type": "LineString", "coordinates": [[72.6621941, 23.2343892], [72.6616606, 23.2334787], [72.6626519, 23.2329373], [72.6633173, 23.2332993], [72.6630421, 23.2339488], [72.6629118, 23.2340182], [72.6621941, 23.2343892]]}}, {"type": "Feature", "properties": {"osm_id": 1365931189, "osm_type": "way", "name": "", "landuse": "retail"}, "geometry": {"type": "LineString", "coordinates": [[72.668476, 23.2310359], [72.6674622, 23.2315783], [72.6684733, 23.2331744], [72.6694872, 23.232632], [72.668476, 23.2310359]]}}, {"type": "Feature", "properties": {"osm_id": 1365931190, "osm_type": "way", "name": "", "landuse": "retail"}, "geometry": {"type": "LineString", "coordinates": [[72.668476, 23.2310359], [72.6674622, 23.2315783], [72.667379, 23.2314465], [72.6665821, 23.2318712], [72.6664939, 23.2318819], [72.6664305, 23.2309593], [72.6664293, 23.2309087], [72.6662934, 23.2302229], [72.6662516, 23.2301388], [72.6658097, 23.2294695], [72.6670717, 23.2287313], [72.668476, 23.2310359]]}}, {"type": "Feature", "properties": {"osm_id": 1504111199, "osm_type": "way", "name": "Bansari Greencity", "landuse": "residential", "building": "apartments"}, "geometry": {"type": "LineString", "coordinates": [[72.6429734, 23.265838], [72.6429145, 23.2662568], [72.6438238, 23.2663893], [72.6437272, 23.2667774], [72.6444855, 23.2669285], [72.6445821, 23.2665513], [72.6439318, 23.2661382], [72.6436235, 23.2659893], [72.6433173, 23.265865], [72.6429734, 23.265838]]}}, {"type": "Feature", "properties": {"osm_id": 1504115136, "osm_type": "way", "name": "Tilak", "landuse": "residential"}, "geometry": {"type": "LineString", "coordinates": [[72.6445173, 23.2669262], [72.6446089, 23.2665868], [72.6450581, 23.2669464], [72.6448893, 23.2671856], [72.6445173, 23.2669262]]}}]}