{"type": "FeatureCollection", "features": [{"type": "Feature", "properties": {"objectid": 436, "name_of_park": "FP. 126 Garden", "zone_id": 3, "ward_id": 46, "village_division": "Lambha", "road_name": "Isanpur Gebanshah Road", "contact_person": "Bhanu Bhai , Kanu Bhai", "maintained_by": "Mother Dairy", "garden_area": 2650.33374848, "plot_area": 0, "structure_type": "Garden", "no_of_trees": 27, "variety_of_trees": 4, "variety_of_shurbs": 2, "internal_walk_way": 1, "walkway_length": 136, "boundary_wall_details": "Bricks Masonary ,  Chainlinked", "shopping_area": 2, "no_of_shops": 0, "tp_no": "54-Isanpur South", "survey_no_fp_no": "126", "statues": 2, "no_of_statues": 0, "bird_feeder": 2, "no_of_bird_feeders": 0, "phone_number": "8160617980", "play_apparatus": 1, "play_apparatus_type": "Children Play", "no_of_play_apparatus": 8, "maintenance_trust_details": "Amul Fed", "no_of_benches": 5, "rent_on_shops": 2, "urinal_facilities": 2, "rest_hut": 1, "no_of_rest_huts": 1, "water_connection": 1, "water_connection_size": 1, "sewage_connection": 2, "no_of_water_bodies": 0, "total_area_of_water_bodies": 0, "fountain": 2, "no_of_fountains": 0, "no_of_light_poles": 19, "music_system": 2, "no_of_entry_gates": "1", "water_tank": 2, "water_tank_capacity": 0, "drinking_water_facility": 2, "remarks": "", "address": "Garden Nr. Partheshvar Appt. , Nr. Sitabaug Soc. , Ahmedabad Gujarat", "ward": "46_LAMBHA", "zone": "SOUTH ZONE", "road_id": "", "source_of_water2": "A.M.C. Supply", "st_length(shape)": 225.8079213043463}, "geometry": {"type": "Polygon", "coordinates": [[[72.60428010056886, 22.965735896571292], [72.60425609984769, 22.96576230797979], [72.60414727024252, 22.96568431609675], [72.6039622548935, 22.965908741903224], [72.60394357187847, 22.965931478023144], [72.6040466462893, 22.965996096600286], [72.60422828329403, 22.966049407157943], [72.60437639643587, 22.966098102152834], [72.60438648616979, 22.966101418967185], [72.60475639329263, 22.965715590170248], [72.60471744364594, 22.96568598113123], [72.60450099181095, 22.9655214377868], [72.60428010056886, 22.965735896571292]]]}}, {"type": "Feature", "properties": {"objectid": 437, "name_of_park": "Municipal Garden Nr.Girivar Bunglow", "zone_id": 4, "ward_id": 48, "village_division": "Ramol", "road_name": "Yogiraj Road", "contact_person": "Bhavin Rupapara", "maintained_by": "Mother Dairy", "garden_area": 2400, "plot_area": 0, "structure_type": "Garden", "no_of_trees": 25, "variety_of_trees": 12, "variety_of_shurbs": 13, "internal_walk_way": 1, "walkway_length": 80, "boundary_wall_details": "Compound Wall", "shopping_area": 1, "no_of_shops": 1, "tp_no": "1-Khokhra Mehmedabad", "survey_no_fp_no": "96", "statues": 2, "no_of_statues": 0, "bird_feeder": 2, "no_of_bird_feeders": 0, "phone_number": "9510926793", "play_apparatus": 1, "play_apparatus_type": "Swing,Slider,Multipurpose", "no_of_play_apparatus": 8, "maintenance_trust_details": "Mother Dairy", "no_of_benches": 7, "rent_on_shops": 2, "urinal_facilities": 2, "rest_hut": 2, "no_of_rest_huts": 0, "water_connection": 1, "water_connection_size": 1, "sewage_connection": 2, "no_of_water_bodies": 0, "total_area_of_water_bodies": 0, "fountain": 2, "no_of_fountains": 0, "no_of_light_poles": 7, "music_system": 2, "no_of_entry_gates": "1", "water_tank": 1, "water_tank_capacity": 20000, "drinking_water_facility": 2, "remarks": "", "address": "Nr.Girivar Bunglows , Nr. Express Way , Ahmedabad , Gujarat 380038.", "ward": "48_RAMOL_HATHIJAN", "zone": "EAST ZONE", "road_id": "", "source_of_water2": "", "st_length(shape)": 208.3882421617048}, "geometry": {"type": "Polygon", "coordinates": [[[72.6297958930657, 22.984369786170678], [72.62978607447002, 22.984364001218054], [72.62965117071982, 22.984391267589615], [72.62939395924414, 22.984435191851386], [72.629023912517, 22.984504058493695], [72.62900612692471, 22.984512990032233], [72.6290007846043, 22.98452342051934], [72.62899436920279, 22.9845362237654], [72.62899357828938, 22.984551976712165], [72.62899444382124, 22.98456154496042], [72.6289970866797, 22.98457269173704], [72.62901790332327, 22.984577302513337], [72.62906420475424, 22.984585162087466], [72.62957907674902, 22.984663811874302], [72.62976843434429, 22.984693877024668], [72.62977920518543, 22.984697620541464], [72.62978775400205, 22.984695598892337], [72.62979103491719, 22.984682990654886], [72.62979874166348, 22.98439132640801], [72.6297958930657, 22.984369786170678]]]}}, {"type": "Feature", "properties": {"objectid": 438, "name_of_park": "Ghodasar Lake Garden", "zone_id": 3, "ward_id": 44, "village_division": "Khokhara", "road_name": "Ghodasar Village Road", "contact_person": "Bhanu Bhai , Kanu Bhai", "maintained_by": "Mother Dairy ", "garden_area": 17066.94194367, "plot_area": 0, "structure_type": "Garden", "no_of_trees": 249, "variety_of_trees": 21, "variety_of_shurbs": 7, "internal_walk_way": 1, "walkway_length": 676, "boundary_wall_details": "Bricks Masonary", "shopping_area": 2, "no_of_shops": 0, "tp_no": "52-Ghodasar-North", "survey_no_fp_no": "96/1", "statues": 2, "no_of_statues": 0, "bird_feeder": 1, "no_of_bird_feeders": 1, "phone_number": "8160617980", "play_apparatus": 1, "play_apparatus_type": "Children Play", "no_of_play_apparatus": 0, "maintenance_trust_details": "Amul Fed", "no_of_benches": 0, "rent_on_shops": 2, "urinal_facilities": 1, "rest_hut": 2, "no_of_rest_huts": 0, "water_connection": 1, "water_connection_size": 0.6, "sewage_connection": 1, "no_of_water_bodies": 1, "total_area_of_water_bodies": 18545, "fountain": 2, "no_of_fountains": 0, "no_of_light_poles": 34, "music_system": 2, "no_of_entry_gates": "4", "water_tank": 1, "water_tank_capacity": 0, "drinking_water_facility": 1, "remarks": "", "address": "Ghodasar Lake Garden , Ghodasar Village  , Ahmedabad , Gujarat", "ward": "44_KHOKHRA", "zone": "SOUTH ZONE", "road_id": "", "source_of_water2": "A.M.C. Supply", "st_length(shape)": 1323.0222279082493}, "geometry": {"type": "Polygon", "coordinates": [[[72.61361617076267, 22.98644842938076], [72.61394120049682, 22.986392176414114], [72.61399105800434, 22.986373818920136], [72.61400081553101, 22.986368673717884], [72.61400975557869, 22.986362383187526], [72.61401888398004, 22.9863538087061], [72.6140264916402, 22.986344045801197], [72.6140324019682, 22.986333322026173], [72.61403647596359, 22.98632188987635], [72.61403861827166, 22.986310015143626], [72.61403877815829, 22.986297976931297], [72.61403695359954, 22.986286056881976], [72.61401654189692, 22.986215595628096], [72.61401116278454, 22.98618710533343], [72.6140017581114, 22.986159523997888], [72.61398849387334, 22.986133338021588], [72.61397919636687, 22.986119078185745], [72.61387250969443, 22.985955450182885], [72.61355168162125, 22.985537856955727], [72.61320517398525, 22.98505490364239], [72.61290724931423, 22.984626188061654], [72.61287047797303, 22.984604614016792], [72.6127998239235, 22.98460259306551], [72.61269749778174, 22.984611799475083], [72.61261749675776, 22.984627791918683], [72.61241829126092, 22.98468856636065], [72.61232764596427, 22.98472153690497], [72.6122782526661, 22.984750783224605], [72.61222460528255, 22.984799311443645], [72.61221510497465, 22.984814063476197], [72.6122080545955, 22.984829950244894], [72.61220360846207, 22.984846624693937], [72.6122018636309, 22.9848637244594], [72.61220231980796, 22.984876263973014], [72.61220272563803, 22.98488739707172], [72.61213016286801, 22.985052554171332], [72.61203250406993, 22.985261177205473], [72.61192343371518, 22.98554102221232], [72.61181416720119, 22.985768686072], [72.6117601896104, 22.985845264438865], [72.6116391428139, 22.986214635911296], [72.61159777320597, 22.98632245694352], [72.61160768658314, 22.98634553749108], [72.61174033135191, 22.98637348869294], [72.61179063477655, 22.98639226617537], [72.61195418505437, 22.9864768841764], [72.61221118363645, 22.98665083078235], [72.61226585403845, 22.986710893891118], [72.61228635404804, 22.986718846944996], [72.61242933405529, 22.986686605919317], [72.61294517299787, 22.98657781506226], [72.61361617076267, 22.98644842938076]], [[72.61230520792819, 22.984966576339872], [72.61230773408185, 22.984961103745835], [72.61233814840833, 22.98497100280552], [72.61295019265214, 22.984966015560243], [72.61297765091686, 22.98494206377638], [72.61331336124192, 22.985407823526074], [72.61329202113967, 22.985463640636297], [72.61338910683024, 22.985593163733473], [72.61345608251882, 22.98559895057453], [72.61380086392559, 22.98607566349939], [72.61380618309585, 22.986083151100047], [72.61361770029119, 22.98627498699301], [72.61345158607288, 22.986280366265422], [72.61246969417692, 22.986425129521322], [72.612353527803, 22.986353958546058], [72.61228228279543, 22.98631030852465], [72.61228531072489, 22.986301811001592], [72.61228833866979, 22.98629331257589], [72.61229136659838, 22.986284815052638], [72.61229439454243, 22.986276316626732], [72.61229742247018, 22.986267819103286], [72.6123004503975, 22.986259321579738], [72.61230347834027, 22.986250823153537], [72.61230650626673, 22.9862423256298], [72.61230953323381, 22.98623382718869], [72.61231256115943, 22.98622532966475], [72.6123155891005, 22.98621683123816], [72.61231861702525, 22.986208333714025], [72.61232164496548, 22.986199835287234], [72.61232527738349, 22.986191618618264], [72.61232890980105, 22.986183401949148], [72.61233254125916, 22.986175184362647], [72.61233617367574, 22.986166967693286], [72.61233980610773, 22.986158750121227], [72.61234343852335, 22.986150533451596], [72.61234706997953, 22.9861423158646], [72.6123507023942, 22.986134099194715], [72.61235433480839, 22.986125882524714], [72.61235796723797, 22.98611766495202], [72.61236159965118, 22.986109448281745], [72.61236523110496, 22.986101230694107], [72.61236886351722, 22.98609301402358], [72.61237249594487, 22.986084796450385], [72.61237612835617, 22.9860765797796], [72.61237976078287, 22.986068362206133], [72.61238339221836, 22.986060145520405], [72.61238702462823, 22.98605192884924], [72.61239065705347, 22.986043711275386], [72.61239428946237, 22.98603549460398], [72.61239792091182, 22.986027277015168], [72.61240155331976, 22.986019060343505], [72.61240518574309, 22.98601084276914], [72.61240881815004, 22.9860026260972], [72.61241245057242, 22.985994408522593], [72.6124160820036, 22.985986191835703], [72.61241971440913, 22.985977975163397], [72.6124217911965, 22.98596994448879], [72.61242386700873, 22.985961913799454], [72.61242594282065, 22.98595388311004], [72.61242801959126, 22.985945853337842], [72.61242421392674, 22.985937585022768], [72.61242040923749, 22.985929316722316], [72.6124166035738, 22.98592104840713], [72.61241279890126, 22.985912779203996], [72.61240899323845, 22.985904510888684], [72.61240518855087, 22.985896242587994], [72.61240138386373, 22.985887974287255], [72.61239757820216, 22.985879705971747], [72.61239377351586, 22.985871437670887], [72.61238996785517, 22.985863169355255], [72.6123861631697, 22.985854901054285], [72.61238235750984, 22.985846632738532], [72.61237855282523, 22.98583836443743], [72.61237474716621, 22.98583009612156], [72.61237094248247, 22.985821827820338], [72.61236713779911, 22.985813559519062], [72.61235993447873, 22.98580747891966], [72.61235273213384, 22.985801398334694], [72.6123455287989, 22.985795318637315], [72.61233655900973, 22.985791932438346], [72.6123275882621, 22.985788545321668], [72.6123186184739, 22.985785159121754], [72.6123096477114, 22.98578177290669], [72.61230067794007, 22.98577838580328], [72.61229170717853, 22.985774999587267], [72.61228273739232, 22.985771613385484], [72.61227376663176, 22.985768227168517], [72.61226479686239, 22.98576484006323], [72.61225582707763, 22.985761453860015], [72.61224685631854, 22.985758067641644], [72.61223788655063, 22.985754680534924], [72.61222891579251, 22.985751294315612], [72.61221994600973, 22.985747908110522], [72.6122109752526, 22.98574452189025], [72.61220200548665, 22.985741134781662], [72.61219303570532, 22.98573774857514], [72.61218406494966, 22.985734362353462], [72.61217773441939, 22.985727612390324], [72.61217140289907, 22.985720863314825], [72.61216507139521, 22.985714113336577], [72.61215874085094, 22.98570736427538], [72.61215240934835, 22.98570061429672], [72.6121460788212, 22.98569386433256], [72.61213974730396, 22.985687115256045], [72.61213860985197, 22.98567843937612], [72.61213747240005, 22.98566976349619], [72.61213633496409, 22.985661086713694], [72.61213519751236, 22.985652410833772], [72.61213406006073, 22.985643734953825], [72.61213292260918, 22.985635059073875], [72.61213178613255, 22.985626383208633], [72.61213064868119, 22.985617707328675], [72.61213529865107, 22.985610014279732], [72.6121399486204, 22.985602321230584], [72.61214459858915, 22.985594628181264], [72.61214924855737, 22.985586935131757], [72.61215303629683, 22.98557870184877], [72.61215682306097, 22.98557046855097], [72.61216060980873, 22.98556223615559], [72.61216439754669, 22.9855540028722], [72.61216818429345, 22.98554577047655], [72.61217197105559, 22.985537537178182], [72.61217575879205, 22.985529303894392], [72.61217954553733, 22.985521071498308], [72.61218333229796, 22.985512838199547], [72.61218711904222, 22.98550460580319], [72.61219090677669, 22.985496372518853], [72.61219469353583, 22.985488139219665], [72.61219848027858, 22.985479906822917], [72.61220226801156, 22.985471673538168], [72.61220605476919, 22.98546344023857], [72.61220984151045, 22.9854552078414], [72.61221362924191, 22.98544697455623], [72.61221005205577, 22.985438911908673], [72.61220647584486, 22.985430849275758], [72.61220289965019, 22.98542278574024], [72.61219932344002, 22.98541472310722], [72.61219574723027, 22.985406660474155], [72.61219217103675, 22.98539859693847], [72.61218859482776, 22.9853905343053], [72.61218501861914, 22.98538247167207], [72.6121814424268, 22.985374408136234], [72.61217786524413, 22.985366345488206], [72.61217428905256, 22.985358281952244], [72.61217071284548, 22.985350219318807], [72.6121671366388, 22.98534215668532], [72.6121635604484, 22.985334093149223], [72.6121599842425, 22.985326030515623], [72.61215640803697, 22.98531796788198], [72.6121528318477, 22.985309904345723], [72.61215568889428, 22.98530225107106], [72.61215854693118, 22.98529459690844], [72.61216140495185, 22.985286943648287], [72.61216426297216, 22.985279290388064], [72.612167121008, 22.985271636225185], [72.6121699790276, 22.9852639829648], [72.61217283608788, 22.98525632878705], [72.61217569410675, 22.985248675526492], [72.61217855214113, 22.98524102136327], [72.6121822775454, 22.98523294964228], [72.61218600294917, 22.985224877921162], [72.61218972737765, 22.985216806185218], [72.61219345279633, 22.985208733561272], [72.61219717819867, 22.985200661839755], [72.61220090360052, 22.985192590118107], [72.61220462802707, 22.98518451838163], [72.61220835342796, 22.985176446659715], [72.61221207884424, 22.985168374035094], [72.61221580424416, 22.98516030231292], [72.61221952964361, 22.985152230590607], [72.61222325406774, 22.985144158853462], [72.61222697948209, 22.98513608622833], [72.61223070488008, 22.985128014505623], [72.6122344302776, 22.98511994278278], [72.61223815469981, 22.985111871045113], [72.61224188009635, 22.985103799322005], [72.61224560550829, 22.98509572669621], [72.6122493309039, 22.985087654972837], [72.61225305629898, 22.985079583249316], [72.61225678071878, 22.985071511510984], [72.61226050611293, 22.985063439787215], [72.61226423152246, 22.985055367160758], [72.61226795691563, 22.985047295436726], [72.6122716813335, 22.98503922369786], [72.61227540672571, 22.985031151973562], [72.61227913211745, 22.985023080249128], [72.61228285752456, 22.985015007622007], [72.61228658291535, 22.985006935897314], [72.6122903073308, 22.984998864157788], [72.6122940327206, 22.98499079243281], [72.61229775810992, 22.984982720707716], [72.61230148351464, 22.984974648079934], [72.61230520792819, 22.984966576339872]]]}}, {"type": "Feature", "properties": {"objectid": 439, "name_of_park": "Kailash Van Garden", "zone_id": 3, "ward_id": 44, "village_division": "Khokhara", "road_name": "Ghodasar Canal Road", "contact_person": "Bhanu Bhai , Kanu Bhai", "maintained_by": "Mother Dairy", "garden_area": 4252.57684726, "plot_area": 0, "structure_type": "Garden", "no_of_trees": 158, "variety_of_trees": 28, "variety_of_shurbs": 21, "internal_walk_way": 1, "walkway_length": 270, "boundary_wall_details": "Bricks Masonary", "shopping_area": 2, "no_of_shops": 0, "tp_no": "51-East-Khokhara", "survey_no_fp_no": "100", "statues": 1, "no_of_statues": 1, "bird_feeder": 2, "no_of_bird_feeders": 0, "phone_number": "8160617980", "play_apparatus": 2, "play_apparatus_type": "", "no_of_play_apparatus": 0, "maintenance_trust_details": "Amul Fed", "no_of_benches": 44, "rent_on_shops": 2, "urinal_facilities": 2, "rest_hut": 2, "no_of_rest_huts": 0, "water_connection": 1, "water_connection_size": 0.79, "sewage_connection": 2, "no_of_water_bodies": 0, "total_area_of_water_bodies": 0, "fountain": 1, "no_of_fountains": 1, "no_of_light_poles": 10, "music_system": 1, "no_of_entry_gates": "1", "water_tank": 1, "water_tank_capacity": 0, "drinking_water_facility": 2, "remarks": "", "address": "Kailash Van Garden , Gor na Kuva, Maninagar (East) Kailashvan , Canal Rd  , Jashoda Nagar Ahmedabad, Gujarat ", "ward": "44_KHOKHRA", "zone": "SOUTH ZONE", "road_id": "", "source_of_water2": "A.M.C. Supply", "st_length(shape)": 307.6992172588293}, "geometry": {"type": "Polygon", "coordinates": [[[72.61795507796275, 22.986182873578485], [72.61808472473984, 22.98616414932791], [72.61817175809493, 22.986151579491928], [72.6184819934978, 22.98595770635136], [72.61869893118015, 22.985835986369967], [72.61870581495766, 22.98578847617216], [72.61871399302159, 22.985727437106245], [72.61870987297863, 22.985711052527055], [72.61868129831892, 22.985663327886535], [72.61851043928058, 22.985696588292576], [72.61820509356787, 22.98579114308277], [72.61763435124838, 22.985908200706877], [72.61761029526313, 22.985920782293753], [72.61746875259168, 22.986226823843833], [72.61779333056897, 22.98620623376364], [72.61795507796275, 22.986182873578485]]]}}, {"type": "Feature", "properties": {"objectid": 440, "name_of_park": "Ghodasar Feeder Canal Garden 1\r\n Garden Part-I", "zone_id": 3, "ward_id": 45, "village_division": "Isanpur", "road_name": "Ghodasar Feeder Canal Road", "contact_person": "Bhanu Bhai , Kanu Bhai", "maintained_by": "Mother Dairy", "garden_area": 1802.29768204, "plot_area": 0, "structure_type": "Garden", "no_of_trees": 89, "variety_of_trees": 8, "variety_of_shurbs": 7, "internal_walk_way": 1, "walkway_length": 140, "boundary_wall_details": "Chainlinked", "shopping_area": 2, "no_of_shops": 0, "tp_no": "52-Ghodasar-North", "survey_no_fp_no": " ", "statues": 2, "no_of_statues": 0, "bird_feeder": 2, "no_of_bird_feeders": 0, "phone_number": "8160617980", "play_apparatus": 1, "play_apparatus_type": "Children Play", "no_of_play_apparatus": 13, "maintenance_trust_details": "Amul Fed", "no_of_benches": 13, "rent_on_shops": 2, "urinal_facilities": 2, "rest_hut": 2, "no_of_rest_huts": 0, "water_connection": 2, "water_connection_size": 0, "sewage_connection": 2, "no_of_water_bodies": 0, "total_area_of_water_bodies": 0, "fountain": 2, "no_of_fountains": 0, "no_of_light_poles": 0, "music_system": 2, "no_of_entry_gates": "3", "water_tank": 2, "water_tank_capacity": 0, "drinking_water_facility": 2, "remarks": "", "address": "Ghodasar Feeder Canal Garden 1 , Opp. Avakar Hall , Isanpur , Ahmedabad , Gujarat\r\n Garden Part-I-Opp.Avkar Hall,Ahmedabad Gujarat", "ward": "45_ISANPUR", "zone": "SOUTH ZONE", "road_id": "", "source_of_water2": "", "st_length(shape)": 292.70191643171455}, "geometry": {"type": "Polygon", "coordinates": [[[72.61102310103828, 22.986981666024157], [72.61101022491849, 22.986980277393236], [72.61068435509728, 22.987025522630084], [72.61037729910991, 22.987064483211206], [72.60998358580055, 22.98711646733985], [72.60973463173464, 22.98714961554495], [72.60973343439498, 22.9871504415883], [72.609731107294, 22.98715268602642], [72.60972921231833, 22.987155253867964], [72.60972780352371, 22.987158065579926], [72.60972691136313, 22.98716105300946], [72.60972656064709, 22.987164136182127], [72.60972676165892, 22.987167229487508], [72.60972750803012, 22.98717025157783], [72.60972877880143, 22.9871731190795], [72.60973054122012, 22.987175753857684], [72.60974407597563, 22.987190187106158], [72.60977412309845, 22.987222230340134], [72.60979421801522, 22.98724365995781], [72.60979557728962, 22.987245709958568], [72.60980024698225, 22.9872511963103], [72.60980422845498, 22.98725412368118], [72.6098086968162, 22.987256368663893], [72.60981351775474, 22.987257861521616], [72.60981794464254, 22.98725847452528], [72.60981854579128, 22.987258557627285], [72.60982362820937, 22.98725843571731], [72.60987397543279, 22.987253015018663], [72.61012043506688, 22.987220050148405], [72.61054127275264, 22.98716608614247], [72.61103189796852, 22.987104813821286], [72.6110604703075, 22.987093899370905], [72.61106315382408, 22.9870879678487], [72.61105494348342, 22.98704059071023], [72.61104675967621, 22.986993368350003], [72.61103397810406, 22.986986606797387], [72.61102310103828, 22.986981666024157]]]}}, {"type": "Feature", "properties": {"objectid": 441, "name_of_park": "Ghodasar Feeder Canal Garden 3\r\n Garden Part-III", "zone_id": 3, "ward_id": 45, "village_division": "Isanpur", "road_name": "Ghodasar Feeder Canal Road", "contact_person": "Bhanu Bhai , Kanu Bhai", "maintained_by": "Mother Dairy", "garden_area": 7863.09438734, "plot_area": 0, "structure_type": "Garden", "no_of_trees": 244, "variety_of_trees": 6, "variety_of_shurbs": 6, "internal_walk_way": 1, "walkway_length": 774, "boundary_wall_details": "Chainlinked", "shopping_area": 2, "no_of_shops": 0, "tp_no": "52-Ghodasar-North", "survey_no_fp_no": " ", "statues": 2, "no_of_statues": 0, "bird_feeder": 2, "no_of_bird_feeders": 0, "phone_number": "8160617980", "play_apparatus": 1, "play_apparatus_type": "Children Play", "no_of_play_apparatus": 14, "maintenance_trust_details": "Amul Fed", "no_of_benches": 26, "rent_on_shops": 2, "urinal_facilities": 2, "rest_hut": 1, "no_of_rest_huts": 1, "water_connection": 2, "water_connection_size": 0, "sewage_connection": 2, "no_of_water_bodies": 0, "total_area_of_water_bodies": 0, "fountain": 2, "no_of_fountains": 0, "no_of_light_poles": 0, "music_system": 2, "no_of_entry_gates": "6", "water_tank": 2, "water_tank_capacity": 0, "drinking_water_facility": 2, "remarks": "", "address": "Ghodasar Feeder Canal Garden 3 , Opp. Shulkleshwar Mahadev Temple , Ghodasar , Ahmedabad , Gujarat\r\n Garden Part-III-Opp.Sukleshvar Mahadev,Ahmedabad Gujarat", "ward": "45_ISANPUR", "zone": "SOUTH ZONE", "road_id": "", "source_of_water2": "", "st_length(shape)": 858.2937098789606}, "geometry": {"type": "Polygon", "coordinates": [[[72.60574392318955, 22.988332748632132], [72.60592190752504, 22.988290605731777], [72.60592201864497, 22.98829088456951], [72.60597157910591, 22.988278845706194], [72.60605434273393, 22.988258742132352], [72.60630748997933, 22.988186902730888], [72.60630935397042, 22.988186372977953], [72.60635458824059, 22.988173536432793], [72.60635505767412, 22.988173402692148], [72.60643179725815, 22.988151625261626], [72.60643233125411, 22.98815147985744], [72.60653457513071, 22.9881248101107], [72.60670335055826, 22.98807677992293], [72.60673715554162, 22.988067318522262], [72.60715760232769, 22.98794964043705], [72.60767014023594, 22.987809049102804], [72.60776989133001, 22.98777042577243], [72.60778569519462, 22.98775203351027], [72.60778741902038, 22.98774202678516], [72.60777720531561, 22.987707968025706], [72.60775525368607, 22.98763476821656], [72.60774371032436, 22.987631011555983], [72.60761923621953, 22.9876671109451], [72.60730340123733, 22.987757645773744], [72.60701552304964, 22.987842870534028], [72.60678612000626, 22.987903897876087], [72.60662215658648, 22.98794083241945], [72.60645717613181, 22.987977652107578], [72.60645552856303, 22.987978019019263], [72.60639059636766, 22.987992510623958], [72.60634334237233, 22.988002159583946], [72.60627028228552, 22.988020156618582], [72.60626846169104, 22.988020547996783], [72.6061507828224, 22.988042192227546], [72.60612767142074, 22.98804619976328], [72.6059788993966, 22.988076578746924], [72.6052863234102, 22.98824382260151], [72.60480463033333, 22.988346893696033], [72.60440249523937, 22.98841533669844], [72.60402459978498, 22.98846981353821], [72.60387089694171, 22.988495435788447], [72.60386159890264, 22.988496011019272], [72.60385022424003, 22.988510045270903], [72.60384163829536, 22.98852568625781], [72.60383609896208, 22.988542465721647], [72.60383377409457, 22.988559878832717], [72.60383473144111, 22.988577402093327], [72.60383682055193, 22.98858588475221], [72.6038389442218, 22.988594508769754], [72.60384628500853, 22.988610684147112], [72.6038565332208, 22.988625442795797], [72.60386937977691, 22.988638341281142], [72.60388444050251, 22.988648991908136], [72.60390289753775, 22.988655719824727], [72.6040269686284, 22.988642549258447], [72.60441095372161, 22.988593896403188], [72.60463899050191, 22.988566532530772], [72.60496584212392, 22.988509848628635], [72.60530621362751, 22.988432587956964], [72.60544259334517, 22.988404098694183], [72.60544274997332, 22.988404064047927], [72.6057428744654, 22.98833299729562], [72.60574392318955, 22.988332748632132]]]}}, {"type": "Feature", "properties": {"objectid": 442, "name_of_park": "Ghodasar Feeder Canal Garden 2\r\n Garden Part-II", "zone_id": 3, "ward_id": 45, "village_division": "Isanpur", "road_name": "Ghodasar Feeder Canal Road", "contact_person": "Bhanu Bhai , Kanu Bhai", "maintained_by": "Mother Dairy", "garden_area": 2770.64916428, "plot_area": 0, "structure_type": "Store Room", "no_of_trees": 135, "variety_of_trees": 6, "variety_of_shurbs": 5, "internal_walk_way": 1, "walkway_length": 392, "boundary_wall_details": "Chainlinked", "shopping_area": 2, "no_of_shops": 0, "tp_no": "52-Ghodasar-North", "survey_no_fp_no": " ", "statues": 2, "no_of_statues": 0, "bird_feeder": 2, "no_of_bird_feeders": 0, "phone_number": "8160617980", "play_apparatus": 1, "play_apparatus_type": "Children Play", "no_of_play_apparatus": 18, "maintenance_trust_details": "Amul Fed", "no_of_benches": 13, "rent_on_shops": 2, "urinal_facilities": 2, "rest_hut": 2, "no_of_rest_huts": 0, "water_connection": 2, "water_connection_size": 0, "sewage_connection": 2, "no_of_water_bodies": 0, "total_area_of_water_bodies": 0, "fountain": 2, "no_of_fountains": 0, "no_of_light_poles": 0, "music_system": 2, "no_of_entry_gates": "3", "water_tank": 2, "water_tank_capacity": 0, "drinking_water_facility": 2, "remarks": "", "address": "Ghodasar Feeder Canal Garden 2 , Opp. Ramkrushan Society , Ghodasar , Ahmedabad , Gujarat\r\n Garden Part-II-Opp.Ramkrishna Soc.,Ahmedabad Gujarat", "ward": "45_ISANPUR", "zone": "SOUTH ZONE", "road_id": "", "source_of_water2": "", "st_length(shape)": 355.0236887129753}, "geometry": {"type": "Polygon", "coordinates": [[[72.60932384887374, 22.987269821058998], [72.60930451673684, 22.987268813313936], [72.6092020245301, 22.987287330746874], [72.60869298869025, 22.987405049171993], [72.60822823553595, 22.98751340281478], [72.60780934920183, 22.98761026645327], [72.60779760386788, 22.987617971343557], [72.60779434462404, 22.987627238056707], [72.6077980108098, 22.98763875893586], [72.60781575203765, 22.987697567780224], [72.60783384334538, 22.987757538392092], [72.60784235470189, 22.987757666956607], [72.60785630851856, 22.987756444089804], [72.60815314332658, 22.98768998491275], [72.60864508117254, 22.987576309273578], [72.60908187728299, 22.987473265084994], [72.60927127481567, 22.987427989940546], [72.60935016433396, 22.987405124919952], [72.6093651998612, 22.987382950806698], [72.60937159195895, 22.98737158178664], [72.60936244117863, 22.987337884918666], [72.60936099708799, 22.987332567318113], [72.60935342046929, 22.98730466488454], [72.60933919830462, 22.98727721915939], [72.60932384887374, 22.987269821058998]]]}}, {"type": "Feature", "properties": {"objectid": 443, "name_of_park": "Ghodasar Feeder Canal Garden 4\r\n Garden Part-IV", "zone_id": 3, "ward_id": 45, "village_division": "Danilimda", "road_name": "Ghodasar Feeder Canal Road", "contact_person": "Bhanu Bhai , Kanu Bhai", "maintained_by": "Mother Dairy", "garden_area": 7221.41209896, "plot_area": 0, "structure_type": "Garden", "no_of_trees": 296, "variety_of_trees": 8, "variety_of_shurbs": 7, "internal_walk_way": 1, "walkway_length": 209.5, "boundary_wall_details": "M.S. Grill", "shopping_area": 2, "no_of_shops": 0, "tp_no": "52-Ghodasar-North", "survey_no_fp_no": " ", "statues": 2, "no_of_statues": 0, "bird_feeder": 2, "no_of_bird_feeders": 0, "phone_number": "8160617980", "play_apparatus": 1, "play_apparatus_type": "Children Play", "no_of_play_apparatus": 30, "maintenance_trust_details": "Amul Fed", "no_of_benches": 24, "rent_on_shops": 2, "urinal_facilities": 1, "rest_hut": 1, "no_of_rest_huts": 1, "water_connection": 2, "water_connection_size": 0, "sewage_connection": 2, "no_of_water_bodies": 0, "total_area_of_water_bodies": 0, "fountain": 2, "no_of_fountains": 0, "no_of_light_poles": 0, "music_system": 2, "no_of_entry_gates": "6", "water_tank": 2, "water_tank_capacity": 0, "drinking_water_facility": 2, "remarks": "", "address": "Ghodasar Feeder Canal Garden 4 , BH Ishwarnagar Society , Ghodasar , Ahmedabad , Gujarat\r\n Garden Part-IV-B/h.Ishvarnagar Soc., Danilimda,Ahmedabad Gujarat", "ward": "45_ISANPUR", "zone": "SOUTH ZONE", "road_id": "", "source_of_water2": "Bore", "st_length(shape)": 836.8666896706895}, "geometry": {"type": "Polygon", "coordinates": [[[72.60098296694512, 22.988909328971594], [72.60127517861798, 22.988900379641724], [72.60166513336455, 22.98890819616473], [72.60192526010289, 22.988904492442625], [72.60214303666179, 22.988903012509326], [72.60224336661322, 22.988890199804732], [72.60269227779308, 22.98883202484069], [72.60324528996, 22.98874166689598], [72.60336678504233, 22.988727605634544], [72.60338350441766, 22.988726877325437], [72.60339180904026, 22.98872413663663], [72.60339202828607, 22.988711718423218], [72.60337952296712, 22.988652376356864], [72.60337203188351, 22.988616825648144], [72.60335685975886, 22.98859939782662], [72.60331983617034, 22.988592149622466], [72.60328986560208, 22.988594562411954], [72.6030262224609, 22.988622102201596], [72.60266925186494, 22.988674981223564], [72.60226700350219, 22.988720485997547], [72.60199300854828, 22.98874977850819], [72.60186384170134, 22.98875928800927], [72.60170389223788, 22.988758776971803], [72.60129869953462, 22.98873735219182], [72.6006897015211, 22.988744369623667], [72.60025856519265, 22.98878943154562], [72.59948775893007, 22.98884272044484], [72.59946365763327, 22.98886337479708], [72.59945210578054, 22.988874665137324], [72.59945790753908, 22.98891674371527], [72.5994649115263, 22.988967538911805], [72.59948994386508, 22.98901091380354], [72.59950628299934, 22.989020715719963], [72.59974815975934, 22.988998584726957], [72.60010785532528, 22.98896677343877], [72.60046543639744, 22.988937795644436], [72.60068772766172, 22.98891441127207], [72.60098296694512, 22.988909328971594]]]}}, {"type": "Feature", "properties": {"objectid": 444, "name_of_park": "Ghodasar Feeder Canal Garden 5\r\n Garden Part-V", "zone_id": 3, "ward_id": 45, "village_division": "Danilimda", "road_name": "Isanpur Road", "contact_person": "Bhanu Bhai , Kanu Bhai", "maintained_by": "Mother Dairy", "garden_area": 6858.19940357, "plot_area": 0, "structure_type": "Garden", "no_of_trees": 124, "variety_of_trees": 9, "variety_of_shurbs": 5, "internal_walk_way": 1, "walkway_length": 562, "boundary_wall_details": "M.S. Grill", "shopping_area": 2, "no_of_shops": 0, "tp_no": "52-Ghodasar-North", "survey_no_fp_no": " ", "statues": 2, "no_of_statues": 0, "bird_feeder": 2, "no_of_bird_feeders": 0, "phone_number": "8160617980", "play_apparatus": 1, "play_apparatus_type": "Children Play", "no_of_play_apparatus": 12, "maintenance_trust_details": "Amul Fed", "no_of_benches": 23, "rent_on_shops": 2, "urinal_facilities": 2, "rest_hut": 2, "no_of_rest_huts": 0, "water_connection": 1, "water_connection_size": 1, "sewage_connection": 2, "no_of_water_bodies": 0, "total_area_of_water_bodies": 0, "fountain": 2, "no_of_fountains": 0, "no_of_light_poles": 0, "music_system": 2, "no_of_entry_gates": "6", "water_tank": 1, "water_tank_capacity": 0, "drinking_water_facility": 2, "remarks": "", "address": "Ghodasar Feeder Canal Garden 5 , Nr. Chandola Lake , Ghodasar , Ahmedabad , Gujarat\r\n Garden Part-V-Nr.Chandola Lake, Danilimda,Ahmedabad Gujarat", "ward": "45_ISANPUR", "zone": "SOUTH ZONE", "road_id": "", "source_of_water2": "Pumping Station", "st_length(shape)": 674.7535362962653}, "geometry": {"type": "Polygon", "coordinates": [[[72.59851741301397, 22.989015803536176], [72.59884868119134, 22.98901581083926], [72.59928342259315, 22.98902956747525], [72.59936465750978, 22.98903151577466], [72.59938869525705, 22.989029013805226], [72.599398082024, 22.989023423375244], [72.59940144322272, 22.989008425699428], [72.5994035867358, 22.98897477866016], [72.59940042475569, 22.988919899696945], [72.59939648047786, 22.988851416448494], [72.59938122018058, 22.988839003753935], [72.59935496174299, 22.98883573933585], [72.5990061622645, 22.988820418700474], [72.59864712608949, 22.988814974790838], [72.59826178190959, 22.98880913107872], [72.59790006989643, 22.988823709415215], [72.5975794066177, 22.988836760107546], [72.59726263688961, 22.98884843558846], [72.59685213881271, 22.988864421744125], [72.59665076528212, 22.988872114376505], [72.5963576915504, 22.988856917699035], [72.59632098155417, 22.9888757081937], [72.59629817375313, 22.988896143325793], [72.59629568677427, 22.988905420563], [72.59629698111084, 22.98891977199869], [72.59630544030706, 22.988979786061712], [72.59631692193456, 22.98906124392642], [72.59633676072252, 22.989077309566422], [72.59635450771655, 22.989080445295045], [72.59649547524454, 22.98907470262468], [72.59682862194259, 22.9890561109023], [72.59717499827836, 22.989033420119103], [72.59744998269406, 22.98902111000683], [72.59770932757907, 22.989017878964063], [72.5980700505592, 22.989015468358556], [72.59851741301397, 22.989015803536176]]]}}, {"type": "Feature", "properties": {"objectid": 445, "name_of_park": "Sarkhej Roja Garden", "zone_id": 7, "ward_id": 33, "village_division": "Sarkhej", "road_name": "Sarkhej Roja Road", "contact_person": "Vijay Bhai", "maintained_by": "Mother Dairy", "garden_area": 13741.82297384, "plot_area": 0, "structure_type": "Garden", "no_of_trees": 170, "variety_of_trees": 10, "variety_of_shurbs": 7, "internal_walk_way": 1, "walkway_length": 1000, "boundary_wall_details": "Compound Wall With Chainlink Net", "shopping_area": 2, "no_of_shops": 0, "tp_no": "84-B-Makarba", "survey_no_fp_no": "35", "statues": 2, "no_of_statues": 0, "bird_feeder": 2, "no_of_bird_feeders": 0, "phone_number": "9898278795", "play_apparatus": 1, "play_apparatus_type": "Children Play", "no_of_play_apparatus": 2, "maintenance_trust_details": "Amul Fed", "no_of_benches": 0, "rent_on_shops": 2, "urinal_facilities": 2, "rest_hut": 2, "no_of_rest_huts": 0, "water_connection": 2, "water_connection_size": 0, "sewage_connection": 2, "no_of_water_bodies": 0, "total_area_of_water_bodies": 0, "fountain": 2, "no_of_fountains": 0, "no_of_light_poles": 0, "music_system": 2, "no_of_entry_gates": "2", "water_tank": 2, "water_tank_capacity": 0, "drinking_water_facility": 2, "remarks": "", "address": "Sarkhej Roja Garden ,Nr.Roja Lake , Ahmedabad ,  Gujarat", "ward": "33_SARKHEJ", "zone": "SOUTH WEST ZONE", "road_id": "", "source_of_water2": "Tanker", "st_length(shape)": 780.6846691393532}, "geometry": {"type": "Polygon", "coordinates": [[[72.50424198733792, 22.99078329486692], [72.50425758728967, 22.99080287396217], [72.5042539361594, 22.990927670744394], [72.5058360705334, 22.99090709237844], [72.50586456151039, 22.99194524346177], [72.50637801343571, 22.99195758335872], [72.50641000075274, 22.991947831004016], [72.50642064610099, 22.991930084535703], [72.50642254997724, 22.991896674954663], [72.50636312046775, 22.991480303762273], [72.50632497145213, 22.991281932704567], [72.50624620362703, 22.99112788416631], [72.50598165417364, 22.99079580364808], [72.50589936585291, 22.990744331945766], [72.50583569915473, 22.99069914144594], [72.50573046441976, 22.990599554708222], [72.50570125665529, 22.99057055788463], [72.5056569925841, 22.990522102592244], [72.50559347408753, 22.990452569963317], [72.5055307549315, 22.99039992405174], [72.50539163533197, 22.99036223368427], [72.50495528586332, 22.99024458904448], [72.50463958998056, 22.990156016419274], [72.50442815892724, 22.990090699101057], [72.50436699930523, 22.990075930409727], [72.5042987551118, 22.99005945127279], [72.50422708134955, 22.99006663771416], [72.50420894784695, 22.990075185278], [72.50420538049863, 22.99007738952823], [72.50415806206371, 22.99010662843211], [72.50412588321574, 22.99017299938822], [72.50411971474817, 22.990227837884806], [72.50413417954579, 22.99028300250703], [72.50414764134014, 22.990320226388288], [72.50420148341632, 22.990364781501068], [72.50421893470421, 22.99037949689203], [72.50423158321813, 22.99061759248177], [72.50424044656016, 22.99064066193895], [72.50424198733792, 22.99078329486692]]]}}, {"type": "Feature", "properties": {"objectid": 446, "name_of_park": "Kamla Nehru Udhyan\r\n (Uttam Nagar Garden)", "zone_id": 3, "ward_id": 37, "village_division": "Maninagar", "road_name": "Jaihind School Road", "contact_person": "Shailesh Bhai", "maintained_by": "Aashma Group", "garden_area": 12334.97184259, "plot_area": 0, "structure_type": "Garden", "no_of_trees": 121, "variety_of_trees": 30, "variety_of_shurbs": 16, "internal_walk_way": 1, "walkway_length": 300, "boundary_wall_details": "Bricks Masonary ,  Chainlinked", "shopping_area": 1, "no_of_shops": 1, "tp_no": "24-Manipur", "survey_no_fp_no": "121", "statues": 2, "no_of_statues": 0, "bird_feeder": 1, "no_of_bird_feeders": 1, "phone_number": "9726408283", "play_apparatus": 1, "play_apparatus_type": "Children Play", "no_of_play_apparatus": 28, "maintenance_trust_details": "Aashima Group", "no_of_benches": 58, "rent_on_shops": 2, "urinal_facilities": 2, "rest_hut": 1, "no_of_rest_huts": 1, "water_connection": 1, "water_connection_size": 1.5, "sewage_connection": 2, "no_of_water_bodies": 0, "total_area_of_water_bodies": 0, "fountain": 1, "no_of_fountains": 1, "no_of_light_poles": 19, "music_system": 1, "no_of_entry_gates": "3", "water_tank": 2, "water_tank_capacity": 0, "drinking_water_facility": 1, "remarks": "", "address": "Kamla Nehru Udhyan ,  Uttamnagar , Maninagar , Ahmedabad , Gujarat\r\n (Uttam Nagar Garden)-Nr.Jay Ambe Nagar Daxini Society, Maninagar, Ahmedabad, Gujarat 380008,Ahmedabad Gujarat", "ward": "37_MANINAGAR", "zone": "SOUTH ZONE", "road_id": "", "source_of_water2": "A.M.C. Supply , Internal & Sprinkler", "st_length(shape)": 394.29089379265804}, "geometry": {"type": "Polygon", "coordinates": [[[72.6067601676895, 22.991611457502078], [72.60671635088725, 22.991609042029516], [72.60667245659853, 22.991609085488538], [72.60664330885297, 22.991610475802723], [72.60662595272672, 22.991613228804727], [72.60656004488973, 22.991630856360235], [72.60649666570745, 22.991655165772514], [72.60643660255636, 22.99168585477347], [72.60638060228025, 22.991722541940394], [72.60632936037156, 22.99176477194895], [72.60628351309313, 22.991812019967714], [72.6062436305427, 22.99186369787268], [72.60621020866311, 22.99191916495967], [72.60618366334502, 22.991977730563292], [72.60616432237293, 22.992038668379568], [72.60615242828584, 22.99210122012012], [72.60614812739828, 22.99216460979073], [72.60615147363562, 22.99222804736032], [72.60616242626524, 22.992290746782473], [72.6061808479143, 22.99235192777103], [72.60620651014776, 22.992410831231922], [72.60623909437884, 22.992466722888313], [72.6062781954657, 22.992518910488215], [72.60632332754432, 22.992566744795617], [72.6063739296704, 22.992609631412467], [72.60642937350704, 22.992647037214695], [72.60648896904641, 22.992678497661334], [72.60655197720384, 22.992703621499263], [72.60661761458107, 22.99272209715495], [72.60668506415844, 22.992733694702], [72.60675348987084, 22.99273826878998], [72.60682044848012, 22.99273590346425], [72.60688673290247, 22.992726812032934], [72.60695155623439, 22.992711102675223], [72.60701415066109, 22.992688962403225], [72.60707377437656, 22.992660651749752], [72.6071297202944, 22.99262650851082], [72.60718132502888, 22.992586936145056], [72.60722797667837, 22.99254240479374], [72.60726912279961, 22.99249344147037], [72.60730427437079, 22.992440626509122], [72.60733301566766, 22.99238458649142], [72.60735500635619, 22.99232598615214], [72.60736998457597, 22.992265519398114], [72.6073728503085, 22.99224285109431], [72.60737556641736, 22.992221368607296], [72.60737784509666, 22.99219521657587], [72.60737911815511, 22.992146842405234], [72.60737658745181, 22.992098510066196], [72.6073702660199, 22.99205047614952], [72.60736618636675, 22.99202899660361], [72.6073530060832, 22.99198515364209], [72.60733372064347, 22.991943293953796], [72.60730866247648, 22.991904142087424], [72.60715756415941, 22.991762967500723], [72.60709931955759, 22.991722702918146], [72.60703701233622, 22.99168803924924], [72.60697127015827, 22.99165932632801], [72.60690275200339, 22.991636852169663], [72.60683214818425, 22.991620842068077], [72.6067601676895, 22.991611457502078]]]}}, {"type": "Feature", "properties": {"objectid": 447, "name_of_park": "Laxminarayan Garden\r\n (Municipal Garden)", "zone_id": 3, "ward_id": 44, "village_division": "Khokhara", "road_name": "Maniyasa Society Road", "contact_person": "Bhanu Bhai , Kanu Bhai", "maintained_by": "Mother Dairy", "garden_area": 4201.42591562, "plot_area": 0, "structure_type": "Garden", "no_of_trees": 242, "variety_of_trees": 28, "variety_of_shurbs": 13, "internal_walk_way": 1, "walkway_length": 225, "boundary_wall_details": "Chainlinked", "shopping_area": 2, "no_of_shops": 0, "tp_no": "25-KHokhara", "survey_no_fp_no": "365", "statues": 2, "no_of_statues": 0, "bird_feeder": 1, "no_of_bird_feeders": 2, "phone_number": "8160617980", "play_apparatus": 1, "play_apparatus_type": "Children Play", "no_of_play_apparatus": 14, "maintenance_trust_details": "Amul Fed", "no_of_benches": 24, "rent_on_shops": 2, "urinal_facilities": 2, "rest_hut": 2, "no_of_rest_huts": 0, "water_connection": 1, "water_connection_size": 1.5, "sewage_connection": 2, "no_of_water_bodies": 0, "total_area_of_water_bodies": 0, "fountain": 2, "no_of_fountains": 0, "no_of_light_poles": 8, "music_system": 2, "no_of_entry_gates": "2", "water_tank": 2, "water_tank_capacity": 0, "drinking_water_facility": 1, "remarks": "", "address": "Laxminarayan Garden , Maniyasa Society Road , Khokhara , Ahmedabad , Gujarat\r\n (Municipal Garden)-8, Maniyasa Rd, Maningar East, Maninagar East, Khokhra Mehmadabad, Ahmedabad, Gujarat 380008,Ahmedabad Gujarat", "ward": "44_KHOKHRA", "zone": "SOUTH ZONE", "road_id": "", "source_of_water2": "A.M.C. Supply", "st_length(shape)": 260.0247891570893}, "geometry": {"type": "Polygon", "coordinates": [[[72.61776361440106, 22.991394850630712], [72.61775777600873, 22.99137469807725], [72.61774968938015, 22.99136502209291], [72.6177166069579, 22.991354746168525], [72.61722049665134, 22.991253622588776], [72.6172171801185, 22.991280846250024], [72.6172007605549, 22.991373678684305], [72.61711267567932, 22.991366519296545], [72.61709017832182, 22.991366355892108], [72.61708340929951, 22.99139921703447], [72.61706336846161, 22.99183532406723], [72.61706481497102, 22.991841078610225], [72.61707864342117, 22.991847019485917], [72.61718243986344, 22.991853631713262], [72.61767451977693, 22.991899829087387], [72.61770960013186, 22.99190284137046], [72.61772107364278, 22.991819393087553], [72.61776361440106, 22.991394850630712]]]}}, {"type": "Feature", "properties": {"objectid": 448, "name_of_park": "Tusharbhai Deshmukh Municipal Garden\r\n Muni. Udhyan", "zone_id": 3, "ward_id": 42, "village_division": "Indrapuri", "road_name": "Revabhai Road", "contact_person": "Bhanu Bhai , Kanu Bhai", "maintained_by": "Mother Dairy", "garden_area": 5098.96110135, "plot_area": 0, "structure_type": "Garden", "no_of_trees": 203, "variety_of_trees": 8, "variety_of_shurbs": 8, "internal_walk_way": 1, "walkway_length": 240, "boundary_wall_details": "Bricks Masonary", "shopping_area": 2, "no_of_shops": 0, "tp_no": "50-Bage-Firdosh", "survey_no_fp_no": "94", "statues": 2, "no_of_statues": 0, "bird_feeder": 2, "no_of_bird_feeders": 0, "phone_number": "8160617980", "play_apparatus": 1, "play_apparatus_type": "Children Play", "no_of_play_apparatus": 10, "maintenance_trust_details": "Amul Fed", "no_of_benches": 0, "rent_on_shops": 2, "urinal_facilities": 1, "rest_hut": 2, "no_of_rest_huts": 0, "water_connection": 1, "water_connection_size": 1, "sewage_connection": 1, "no_of_water_bodies": 0, "total_area_of_water_bodies": 0, "fountain": 1, "no_of_fountains": 2, "no_of_light_poles": 6, "music_system": 2, "no_of_entry_gates": "2", "water_tank": 1, "water_tank_capacity": 0, "drinking_water_facility": 2, "remarks": "", "address": "Tusharbhai Deshmukh MUnicipal Garden , Nr. Shankriba Party Plot , Nr. CTM Cross Road , Ahmedabad , Gujarat\r\n Muni. Udhyan-C.T.M, Janta Nagar, Ahmedabad, Gujarat 382449,Ahmedabad Gujarat", "ward": "42_INDRAPURI", "zone": "SOUTH ZONE", "road_id": "", "source_of_water2": "A.M.C. Supply", "st_length(shape)": 292.5252997001369}, "geometry": {"type": "Polygon", "coordinates": [[[72.63624128261316, 22.993592483440523], [72.63613444477787, 22.992793402279336], [72.63560572917936, 22.992867984342134], [72.63567278554922, 22.99334373058336], [72.63569453352589, 22.993451427123688], [72.63574401746547, 22.993673512743506], [72.63576976391577, 22.993701092449143], [72.63578750813323, 22.993719272708326], [72.63580402495994, 22.993733851396144], [72.63583739141615, 22.993743904911344], [72.63588136652541, 22.99373739501354], [72.63594499964398, 22.993713264194206], [72.63596459526612, 22.9936992246916], [72.6359778250831, 22.993680312486006], [72.63624128261316, 22.993592483440523]]]}}, {"type": "Feature", "properties": {"objectid": 449, "name_of_park": "Rashmi Shukla Udhyan", "zone_id": 3, "ward_id": 37, "village_division": "Maninagar", "road_name": "Bhairavnath Road", "contact_person": "Bhanu Bhai , Kanu Bhai", "maintained_by": "Mother Dairy", "garden_area": 898.45899511, "plot_area": 0, "structure_type": "Garden", "no_of_trees": 15, "variety_of_trees": 4, "variety_of_shurbs": 6, "internal_walk_way": 2, "walkway_length": 0, "boundary_wall_details": "Bricks Masonary", "shopping_area": 2, "no_of_shops": 0, "tp_no": "24-Manipur", "survey_no_fp_no": "22", "statues": 2, "no_of_statues": 0, "bird_feeder": 2, "no_of_bird_feeders": 0, "phone_number": "8160617980", "play_apparatus": 1, "play_apparatus_type": "Children Play", "no_of_play_apparatus": 16, "maintenance_trust_details": "Amul Fed", "no_of_benches": 10, "rent_on_shops": 2, "urinal_facilities": 2, "rest_hut": 2, "no_of_rest_huts": 0, "water_connection": 1, "water_connection_size": 0.6, "sewage_connection": 2, "no_of_water_bodies": 0, "total_area_of_water_bodies": 0, "fountain": 2, "no_of_fountains": 0, "no_of_light_poles": 0, "music_system": 2, "no_of_entry_gates": "1", "water_tank": 2, "water_tank_capacity": 0, "drinking_water_facility": 2, "remarks": "", "address": "Rashmi Shukla Udhyan , Gopal Chowk , Bhairavnath  , Ahmedabad  , Gujarat", "ward": "37_MANINAGAR", "zone": "SOUTH ZONE", "road_id": "", "source_of_water2": "A.M.C. Supply", "st_length(shape)": 121.22765756516466}, "geometry": {"type": "Polygon", "coordinates": [[[72.60004185009363, 22.993630389750408], [72.59992944067318, 22.993355298157148], [72.59989845784487, 22.993370722157174], [72.59969114944428, 22.99355033160569], [72.59970924378456, 22.99365317831387], [72.59975183404221, 22.993751540249104], [72.60004185009363, 22.993630389750408]]]}}, {"type": "Feature", "properties": {"objectid": 450, "name_of_park": "Late Chandulal Jaychanddas Shah Mu. Garden\r\n Muni. Udhyan", "zone_id": 3, "ward_id": 37, "village_division": "Maninagar", "road_name": "Best School Roa", "contact_person": "Bhanu Bhai , Kanu Bhai", "maintained_by": "Mother Dairy", "garden_area": 3623.3126778, "plot_area": 0, "structure_type": "Garden", "no_of_trees": 92, "variety_of_trees": 21, "variety_of_shurbs": 9, "internal_walk_way": 1, "walkway_length": 70, "boundary_wall_details": "Bricks Masonary", "shopping_area": 2, "no_of_shops": 0, "tp_no": "4-Manipur", "survey_no_fp_no": "28/3", "statues": 2, "no_of_statues": 0, "bird_feeder": 2, "no_of_bird_feeders": 0, "phone_number": "8160617980", "play_apparatus": 2, "play_apparatus_type": "", "no_of_play_apparatus": 0, "maintenance_trust_details": "Amul Fed", "no_of_benches": 0, "rent_on_shops": 2, "urinal_facilities": 1, "rest_hut": 2, "no_of_rest_huts": 0, "water_connection": 1, "water_connection_size": 1, "sewage_connection": 1, "no_of_water_bodies": 0, "total_area_of_water_bodies": 0, "fountain": 2, "no_of_fountains": 0, "no_of_light_poles": 4, "music_system": 2, "no_of_entry_gates": "1", "water_tank": 2, "water_tank_capacity": 0, "drinking_water_facility": 2, "remarks": "", "address": "Late Chandulal Jaychanddas Shah Mu. Garden , Opp. Best School . Kankaria , Maninagar , Ahmedabad , Gujarat\r\n Muni. Udhyan- Nr.Best High School,Ahmedabad Gujarat", "ward": "37_MANINAGAR", "zone": "SOUTH ZONE", "road_id": "", "source_of_water2": "A.M.C. Supply", "st_length(shape)": 271.2957992422567}, "geometry": {"type": "Polygon", "coordinates": [[[72.59556892197445, 22.998174994735777], [72.59591173271806, 22.998161299264297], [72.59599169576543, 22.998162513544294], [72.59613172001954, 22.998154515009315], [72.59656414300106, 22.99808225526144], [72.59645928447816, 22.997753181970875], [72.59644796589879, 22.997749041469714], [72.5961783952128, 22.997791912560196], [72.59552516266284, 22.99791957759686], [72.5955275824421, 22.99817615348674], [72.59556892197445, 22.998174994735777]]]}}, {"type": "Feature", "properties": {"objectid": 451, "name_of_park": "Bansidhar Garden", "zone_id": 5, "ward_id": 31, "village_division": "Vasna", "road_name": "Barrage Road", "contact_person": "Kanu Bhai", "maintained_by": "Mother Dairy", "garden_area": 14149.62205134, "plot_area": 0, "structure_type": "Store Room", "no_of_trees": 318, "variety_of_trees": 5, "variety_of_shurbs": 5, "internal_walk_way": 1, "walkway_length": 170, "boundary_wall_details": "Chainlinked", "shopping_area": 2, "no_of_shops": 0, "tp_no": "22-Paldi", "survey_no_fp_no": "226,227", "statues": 2, "no_of_statues": 0, "bird_feeder": 2, "no_of_bird_feeders": 0, "phone_number": "9725609844", "play_apparatus": 1, "play_apparatus_type": "Children Play, GYM Equipment", "no_of_play_apparatus": 40, "maintenance_trust_details": "Amul Fed", "no_of_benches": 141, "rent_on_shops": 2, "urinal_facilities": 2, "rest_hut": 1, "no_of_rest_huts": 1, "water_connection": 1, "water_connection_size": 1, "sewage_connection": 2, "no_of_water_bodies": 0, "total_area_of_water_bodies": 0, "fountain": 1, "no_of_fountains": 1, "no_of_light_poles": 29, "music_system": 2, "no_of_entry_gates": "2", "water_tank": 1, "water_tank_capacity": 2500, "drinking_water_facility": 2, "remarks": "", "address": "Bansidhar Garden , Nr.Bansidhar Society ,Chitrakar Vasudev Pandya Marg, Narayan Nagar, Ahmedabad, Gujarat 380007\r", "ward": "31_VASNA", "zone": "WEST ZONE", "road_id": "", "source_of_water2": "Shellow Bore", "st_length(shape)": 471.08222159312794}, "geometry": {"type": "Polygon", "coordinates": [[[72.55431583358867, 22.999532113476437], [72.55430103390405, 22.99953009373303], [72.5542932208814, 22.999534152846326], [72.55428268839944, 22.99954593285738], [72.55427153974377, 22.9995703637843], [72.55378386775794, 23.000430599946707], [72.55377423312015, 23.000449798300536], [72.55377409103461, 23.00045767818072], [72.55378483363972, 23.000462860877903], [72.55379402910285, 23.000468018763137], [72.55409568894231, 23.000608829444094], [72.55477793879822, 23.000934661973837], [72.55481402432794, 23.0009509844579], [72.5548264701181, 23.000947593617354], [72.55484073518633, 23.000929183517304], [72.55486625232693, 23.00088320331384], [72.55487430709755, 23.00087022584079], [72.55522385678066, 23.00024360575106], [72.55532301221953, 23.000067426873077], [72.55532590142857, 23.000035942259334], [72.55531778981923, 23.000013602533237], [72.55530404125973, 23.000003358630067], [72.55468404789721, 22.99970213653119], [72.55440895328806, 22.999576654828953], [72.55431583358867, 22.999532113476437]]]}}, {"type": "Feature", "properties": {"objectid": 452, "name_of_park": "Vasna Telephone Exchange Garden\r\n Exchange Garden", "zone_id": 5, "ward_id": 31, "village_division": "Vasna", "road_name": "R.G Shah College Road", "contact_person": "Kanu Bhai", "maintained_by": "Mother Dairy", "garden_area": 3739.89542394, "plot_area": 0, "structure_type": "Store Room", "no_of_trees": 70, "variety_of_trees": 4, "variety_of_shurbs": 5, "internal_walk_way": 1, "walkway_length": 351, "boundary_wall_details": "Chainlinked", "shopping_area": 2, "no_of_shops": 0, "tp_no": "22-Paldi", "survey_no_fp_no": "345", "statues": 2, "no_of_statues": 0, "bird_feeder": 2, "no_of_bird_feeders": 0, "phone_number": "9825511398", "play_apparatus": 1, "play_apparatus_type": "GYM Equipment", "no_of_play_apparatus": 0, "maintenance_trust_details": "Amul Fed", "no_of_benches": 32, "rent_on_shops": 2, "urinal_facilities": 2, "rest_hut": 1, "no_of_rest_huts": 1, "water_connection": 1, "water_connection_size": 1, "sewage_connection": 2, "no_of_water_bodies": 0, "total_area_of_water_bodies": 0, "fountain": 2, "no_of_fountains": 0, "no_of_light_poles": 22, "music_system": 2, "no_of_entry_gates": "2", "water_tank": 2, "water_tank_capacity": 0, "drinking_water_facility": 2, "remarks": "", "address": "Vasna Telephone Exchange  Vasna , Ahmedabad , GUjarat\r\n Exchange Garden-Amul Garden Vasma, Vasna, Ahmedabad, Gujarat 380007,Ahmedabad Gujarat", "ward": "31_VASNA", "zone": "WEST ZONE", "road_id": "", "source_of_water2": "Shellow Bore", "st_length(shape)": 245.46686476202365}, "geometry": {"type": "Polygon", "coordinates": [[[72.54786010910144, 22.999656704022133], [72.54745778654454, 22.99950429095924], [72.54744075449098, 22.99950450464554], [72.54742650750765, 22.999519119973694], [72.54729185461984, 22.999905129209925], [72.54729996546142, 22.99992080141322], [72.54730804633589, 22.9999376458449], [72.54737463588678, 22.999964952579322], [72.54742197371112, 22.999983096754587], [72.54788731842676, 23.000159894083094], [72.5479127695791, 23.000169151691875], [72.54792828908863, 23.00016700427746], [72.54794772111075, 23.000162527844687], [72.54809134228185, 22.9998051553839], [72.5481163608102, 22.999754066254305], [72.54811544060736, 22.999747841871525], [72.54811137865175, 22.99974419587663], [72.54786010910144, 22.999656704022133]]]}}, {"type": "Feature", "properties": {"objectid": 453, "name_of_park": "Late Shambhubhai Jagabhai Udhyan", "zone_id": 3, "ward_id": 44, "village_division": "Khokhara", "road_name": "Rukshamani Hospital Road", "contact_person": "Bhanu Bhai , Kanu Bhai", "maintained_by": "Mother Dairy", "garden_area": 7599.90804198, "plot_area": 0, "structure_type": "Garden", "no_of_trees": 98, "variety_of_trees": 8, "variety_of_shurbs": 10, "internal_walk_way": 1, "walkway_length": 392, "boundary_wall_details": "Bricks Masonary", "shopping_area": 2, "no_of_shops": 0, "tp_no": "7-Khokhara", "survey_no_fp_no": "172", "statues": 2, "no_of_statues": 0, "bird_feeder": 2, "no_of_bird_feeders": 0, "phone_number": "8160617980", "play_apparatus": 1, "play_apparatus_type": "Children Play", "no_of_play_apparatus": 10, "maintenance_trust_details": "Amul Fed", "no_of_benches": 24, "rent_on_shops": 2, "urinal_facilities": 2, "rest_hut": 1, "no_of_rest_huts": 1, "water_connection": 1, "water_connection_size": 1, "sewage_connection": 2, "no_of_water_bodies": 0, "total_area_of_water_bodies": 0, "fountain": 2, "no_of_fountains": 0, "no_of_light_poles": 16, "music_system": 2, "no_of_entry_gates": "2", "water_tank": 1, "water_tank_capacity": 0, "drinking_water_facility": 2, "remarks": "", "address": "Late Shambhubhai Jagabhai Udhyan , Nr. Rukshamani Hospital , Maninagar East, Khokhra Mehmadabad , Ahmedabad , Gujarat .", "ward": "44_KHOKHRA", "zone": "SOUTH ZONE", "road_id": "", "source_of_water2": "A.M.C. Supply", "st_length(shape)": 346.16850954520896}, "geometry": {"type": "Polygon", "coordinates": [[[72.61962411527519, 23.00027180834902], [72.61930913833301, 23.000256940551647], [72.61930246544028, 23.000659939223503], [72.6193021525971, 23.001030654628174], [72.61930694225839, 23.001051747440982], [72.61931080199165, 23.00106709258971], [72.61932166466828, 23.00108010369336], [72.61980494730008, 23.001080017835896], [72.620112076377, 23.001058945505527], [72.62015121556607, 23.001050588084137], [72.62014666357085, 23.00101588373833], [72.62021516860477, 23.00100855369879], [72.62012493720567, 23.00056290595586], [72.62007023695247, 23.00029813654361], [72.6200498958539, 23.000296936058298], [72.61962411527519, 23.00027180834902]]]}}, {"type": "Feature", "properties": {"objectid": 454, "name_of_park": "Late Ramniklal V Bhatt Udhyan\r\nGordhanwadi Tekra", "zone_id": 3, "ward_id": 37, "village_division": "Maninagar", "road_name": "Gordhanwadi Tekra Road", "contact_person": "Bhanu Bhai , Kanu Bhai", "maintained_by": "Mother Dairy", "garden_area": 3390.19559897, "plot_area": 0, "structure_type": "Garden", "no_of_trees": 192, "variety_of_trees": 21, "variety_of_shurbs": 4, "internal_walk_way": 1, "walkway_length": 193, "boundary_wall_details": "Bricks Masonary", "shopping_area": 2, "no_of_shops": 0, "tp_no": "4-Manipur", "survey_no_fp_no": "14/1", "statues": 2, "no_of_statues": 0, "bird_feeder": 2, "no_of_bird_feeders": 0, "phone_number": "8160617980", "play_apparatus": 1, "play_apparatus_type": "Children Play", "no_of_play_apparatus": 17, "maintenance_trust_details": "Amul Fed", "no_of_benches": 43, "rent_on_shops": 2, "urinal_facilities": 2, "rest_hut": 2, "no_of_rest_huts": 0, "water_connection": 1, "water_connection_size": 1.5, "sewage_connection": 2, "no_of_water_bodies": 0, "total_area_of_water_bodies": 0, "fountain": 2, "no_of_fountains": 0, "no_of_light_poles": 8, "music_system": 2, "no_of_entry_gates": "1", "water_tank": 2, "water_tank_capacity": 0, "drinking_water_facility": 2, "remarks": "", "address": "Late Ramniklal V Bhatt Udhyan , Gordhanwadi Tekra , Maninagar , AHmedabad , Gujarat\r\nGordhanwadi Tekra- ,Ahmedabad Gujarat", "ward": "37_MANINAGAR", "zone": "SOUTH ZONE", "road_id": "", "source_of_water2": "A.M.C. Supply", "st_length(shape)": 251.03951306014602}, "geometry": {"type": "Polygon", "coordinates": [[[72.59448861304035, 23.002255609522532], [72.59485736274767, 23.00227392418488], [72.59532604128744, 23.002298411780185], [72.59534239900785, 23.00194072190807], [72.59450262277666, 23.001902591343168], [72.59450217534886, 23.00191385494715], [72.59449970716707, 23.001976052924018], [72.59449819836861, 23.002014064446534], [72.59448861304035, 23.002255609522532]]]}}, {"type": "Feature", "properties": {"objectid": 455, "name_of_park": "Prof.Chaitanya Khambholja (Prajapati) Garden \r\n Udhyan (Prajapati Garden)", "zone_id": 5, "ward_id": 31, "village_division": "Vasna", "road_name": "Prajapati Garden Road", "contact_person": "Kanu Bhai", "maintained_by": "Mother Dairy", "garden_area": 7805.48166369, "plot_area": 0, "structure_type": "Store Room", "no_of_trees": 227, "variety_of_trees": 4, "variety_of_shurbs": 6, "internal_walk_way": 1, "walkway_length": 542, "boundary_wall_details": "Chainlinked , Brick Wall", "shopping_area": 2, "no_of_shops": 0, "tp_no": "26-Vasna", "survey_no_fp_no": "250,251", "statues": 2, "no_of_statues": 0, "bird_feeder": 2, "no_of_bird_feeders": 0, "phone_number": "9825511398", "play_apparatus": 1, "play_apparatus_type": "Children Play", "no_of_play_apparatus": 19, "maintenance_trust_details": "Amul Fed", "no_of_benches": 109, "rent_on_shops": 2, "urinal_facilities": 2, "rest_hut": 1, "no_of_rest_huts": 1, "water_connection": 1, "water_connection_size": 1, "sewage_connection": 2, "no_of_water_bodies": 0, "total_area_of_water_bodies": 0, "fountain": 2, "no_of_fountains": 0, "no_of_light_poles": 22, "music_system": 2, "no_of_entry_gates": "2", "water_tank": 1, "water_tank_capacity": 10000, "drinking_water_facility": 2, "remarks": "", "address": "Prof.Chaitanya Khambholja , Vasna Road , Vasna , Ahmedabad , Gujarat\r\n Udhyan (Prajapati Garden)-Nr.Vasna Bus-Stand Vasna Municipal Garden, Vasna, Ahmedabad, Gujarat 380007,Ahmedabad Gujarat", "ward": "31_VASNA", "zone": "WEST ZONE", "road_id": "", "source_of_water2": "Shellow Bore", "st_length(shape)": 357.3871879635284}, "geometry": {"type": "Polygon", "coordinates": [[[72.54532593403015, 23.002942659880013], [72.54530541071779, 23.00294172501102], [72.54529765893817, 23.002942321589007], [72.54529069366176, 23.00294752453377], [72.54510646191116, 23.00334899570388], [72.54509935791266, 23.0033708606184], [72.54510047649177, 23.00338896305081], [72.54510481864467, 23.003408487682496], [72.54540868196847, 23.003555559036617], [72.54575453930781, 23.003720478680858], [72.54598477233544, 23.00383010079622], [72.54600425592149, 23.00383709056096], [72.54603481860026, 23.003833462248604], [72.54604020751606, 23.00383098104376], [72.54604535552046, 23.003828609851983], [72.54605656483982, 23.00381855531428], [72.54621877506348, 23.003563061679138], [72.54637416936475, 23.003288952773456], [72.54639428060416, 23.003253477112008], [72.5463945527249, 23.003238433136648], [72.54639015542573, 23.003224750369025], [72.54637113326973, 23.003206541020905], [72.54633573173592, 23.003195243910014], [72.54622635214291, 23.003165602279235], [72.54576030693899, 23.003040858348346], [72.54532593403015, 23.002942659880013]]]}}, {"type": "Feature", "properties": {"objectid": 456, "name_of_park": "Vastral Park", "zone_id": 4, "ward_id": 42, "village_division": "Vastral", "road_name": "S.P. Ring Road", "contact_person": "Trushar Patel", "maintained_by": "A.M.C.", "garden_area": 3795.42819565, "plot_area": 0, "structure_type": "Garden", "no_of_trees": 3, "variety_of_trees": 3, "variety_of_shurbs": 4, "internal_walk_way": 1, "walkway_length": 485, "boundary_wall_details": "Compound Wall", "shopping_area": 2, "no_of_shops": 0, "tp_no": "106-Vastral-Ramol", "survey_no_fp_no": "147", "statues": 2, "no_of_statues": 0, "bird_feeder": 2, "no_of_bird_feeders": 0, "phone_number": "7622980573", "play_apparatus": 1, "play_apparatus_type": "Swing,Slider,Exercise", "no_of_play_apparatus": 3, "maintenance_trust_details": "A.M.C.", "no_of_benches": 0, "rent_on_shops": 2, "urinal_facilities": 1, "rest_hut": 2, "no_of_rest_huts": 0, "water_connection": 1, "water_connection_size": 0, "sewage_connection": 2, "no_of_water_bodies": 1, "total_area_of_water_bodies": 0, "fountain": 2, "no_of_fountains": 0, "no_of_light_poles": 0, "music_system": 1, "no_of_entry_gates": "2", "water_tank": 1, "water_tank_capacity": 10000, "drinking_water_facility": 2, "remarks": "", "address": "Nr.Bharat Petrol Pump , S.P. Ring Road , Vastral , Ahmedabad, Gujarat 382418.", "ward": "42_INDRAPURI", "zone": "EAST ZONE", "road_id": "", "source_of_water2": "", "st_length(shape)": 299.17438483455584}, "geometry": {"type": "Polygon", "coordinates": [[[72.64495511194423, 23.003001038020074], [72.64475163184237, 23.002980095127796], [72.644735988211, 23.002989416806482], [72.64473055911577, 23.00300486256357], [72.64472857999614, 23.003027351923322], [72.64466768259413, 23.00320815991435], [72.64460446965988, 23.003356512578392], [72.64450600016399, 23.003603471861588], [72.64439872470436, 23.00376311198094], [72.64429030521195, 23.00391437405374], [72.64430532879743, 23.00392251348661], [72.64448127858601, 23.00394770585554], [72.64448960646189, 23.003948473490603], [72.64481017882741, 23.003978013264007], [72.64483407532911, 23.003794492471986], [72.64487719934594, 23.003540090987414], [72.6449073816912, 23.00336203541371], [72.64493940855338, 23.00317058427757], [72.64495511194423, 23.003001038020074]]]}}, {"type": "Feature", "properties": {"objectid": 457, "name_of_park": "Dhanvantari Aruvedic Garden\r\n Udhyan", "zone_id": 5, "ward_id": 30, "village_division": "Paldi", "road_name": "Somnath-Prabhashankar Dave Road", "contact_person": "Kanu Bhai", "maintained_by": "Mother Dairy", "garden_area": 9383.96799613, "plot_area": 0, "structure_type": "Store Room", "no_of_trees": 205, "variety_of_trees": 4, "variety_of_shurbs": 5, "internal_walk_way": 1, "walkway_length": 550, "boundary_wall_details": "Compound Wall", "shopping_area": 2, "no_of_shops": 0, "tp_no": "22-Paldi", "survey_no_fp_no": "86", "statues": 2, "no_of_statues": 0, "bird_feeder": 2, "no_of_bird_feeders": 0, "phone_number": "9725609844", "play_apparatus": 1, "play_apparatus_type": "GYM Equipment", "no_of_play_apparatus": 24, "maintenance_trust_details": "Amul Fed", "no_of_benches": 41, "rent_on_shops": 2, "urinal_facilities": 2, "rest_hut": 1, "no_of_rest_huts": 2, "water_connection": 1, "water_connection_size": 1, "sewage_connection": 2, "no_of_water_bodies": 0, "total_area_of_water_bodies": 0, "fountain": 2, "no_of_fountains": 0, "no_of_light_poles": 29, "music_system": 2, "no_of_entry_gates": "1", "water_tank": 1, "water_tank_capacity": 5000, "drinking_water_facility": 1, "remarks": "CCTV Cemera 4", "address": "Dhanvantari Aruvedic Garden ,  Shantivan , Paldi , Ahmedabad , Gujarat\r\n Udhyan-Opp.Prashan Park Soc. Near Prashant park society, Shantivan, Paldi, Ahmedabad. 380007,Ahmedabad Gujarat", "ward": "30_PALDI", "zone": "WEST ZONE", "road_id": "", "source_of_water2": "Shellow Bore", "st_length(shape)": 395.120710081533}, "geometry": {"type": "Polygon", "coordinates": [[[72.55890286325776, 23.003057881700595], [72.55888841790072, 23.0030576589184], [72.55887910761228, 23.00307224494433], [72.55879089042324, 23.00324286227841], [72.55859317638722, 23.003648261567317], [72.55859070721027, 23.00366597827716], [72.55860203526464, 23.003681678862666], [72.55861727576942, 23.003695051063247], [72.55915974436834, 23.003947053717248], [72.55967420506555, 23.004178319488872], [72.55969674016497, 23.00419012220125], [72.55971118467635, 23.004190344905027], [72.5597185110126, 23.004184725262622], [72.55973142713655, 23.0041529265698], [72.5597436790025, 23.004117287174953], [72.55990414425467, 23.00358073786493], [72.55990630393202, 23.003559670679454], [72.55989830700337, 23.00354521589789], [72.55988508303965, 23.00353450196606], [72.55968054576428, 23.003430072092275], [72.55894489187696, 23.003073816499622], [72.55890286325776, 23.003057881700595]]]}}, {"type": "Feature", "properties": {"objectid": 458, "name_of_park": "Dhyan Public Park", "zone_id": 7, "ward_id": 32, "village_division": "Vejalpur", "road_name": "Polio Foundation Road", "contact_person": "Vijay Bhai", "maintained_by": "Mother Dairy", "garden_area": 1287.97684314, "plot_area": 0, "structure_type": "Garden", "no_of_trees": 17, "variety_of_trees": 6, "variety_of_shurbs": 2, "internal_walk_way": 1, "walkway_length": 55.28, "boundary_wall_details": "Compound Wall With Chainlink Net", "shopping_area": 2, "no_of_shops": 0, "tp_no": "1-Vejalpur", "survey_no_fp_no": "206", "statues": 2, "no_of_statues": 0, "bird_feeder": 2, "no_of_bird_feeders": 0, "phone_number": "9898278795", "play_apparatus": 1, "play_apparatus_type": "Children Play", "no_of_play_apparatus": 9, "maintenance_trust_details": "Amul Fed", "no_of_benches": 9, "rent_on_shops": 2, "urinal_facilities": 2, "rest_hut": 2, "no_of_rest_huts": 0, "water_connection": 2, "water_connection_size": 0, "sewage_connection": 2, "no_of_water_bodies": 0, "total_area_of_water_bodies": 0, "fountain": 2, "no_of_fountains": 0, "no_of_light_poles": 4, "music_system": 2, "no_of_entry_gates": "1", "water_tank": 2, "water_tank_capacity": 0, "drinking_water_facility": 2, "remarks": "", "address": "Dhyan Public Park , Nr. Pavansut Society , Polio Foundation Road , Vejalpur , ,Ahmedabad ,  Gujarat", "ward": "32_VEJALPUR", "zone": "SOUTH WEST ZONE", "road_id": "", "source_of_water2": "Tanker", "st_length(shape)": 150.30775197961614}, "geometry": {"type": "Polygon", "coordinates": [[[72.53614632610338, 23.0048004666891], [72.53642580647903, 23.00491655182715], [72.536474663817, 23.00484088461466], [72.5366078328783, 23.004634641768714], [72.53645488234224, 23.0045564698892], [72.5364623916435, 23.004512476995632], [72.5363698381931, 23.004482055050822], [72.53635782883514, 23.004477541186507], [72.53631537816075, 23.004461584936905], [72.5362995341524, 23.00446170031553], [72.53629001604197, 23.004461769720834], [72.536276637891, 23.00446700692446], [72.53627569010163, 23.004467377649622], [72.5362681031065, 23.004473285473725], [72.53618181733806, 23.004705111740225], [72.5361500927984, 23.00479034580153], [72.53614632610338, 23.0048004666891]]]}}, {"type": "Feature", "properties": {"objectid": 459, "name_of_park": "Saptrushi Public Park", "zone_id": 7, "ward_id": 32, "village_division": "Vejalpur", "road_name": "Gyanda Society Road", "contact_person": "Vijay Bhai", "maintained_by": "Mother Dairy", "garden_area": 3005.50289033, "plot_area": 0, "structure_type": "Garden", "no_of_trees": 82, "variety_of_trees": 14, "variety_of_shurbs": 11, "internal_walk_way": 1, "walkway_length": 76.25, "boundary_wall_details": "Compound Wall With Chainlink Net", "shopping_area": 2, "no_of_shops": 0, "tp_no": "1-Vejalpur", "survey_no_fp_no": "213", "statues": 2, "no_of_statues": 0, "bird_feeder": 1, "no_of_bird_feeders": 1, "phone_number": "9898278795", "play_apparatus": 1, "play_apparatus_type": "Children Play", "no_of_play_apparatus": 31, "maintenance_trust_details": "Amul Fed", "no_of_benches": 43, "rent_on_shops": 2, "urinal_facilities": 2, "rest_hut": 1, "no_of_rest_huts": 1, "water_connection": 1, "water_connection_size": 1, "sewage_connection": 2, "no_of_water_bodies": 0, "total_area_of_water_bodies": 0, "fountain": 2, "no_of_fountains": 0, "no_of_light_poles": 9, "music_system": 2, "no_of_entry_gates": "1", "water_tank": 1, "water_tank_capacity": 1500, "drinking_water_facility": 2, "remarks": "", "address": "Saptrushi Public Park , BH. HP Petrol Pump  , Opp. Gyanda Society , Vejalpur , Ahmedabad , Gujarat", "ward": "32_VEJALPUR", "zone": "SOUTH WEST ZONE", "road_id": "", "source_of_water2": "Tanker , A.M.C. Supply", "st_length(shape)": 211.13204654061292}, "geometry": {"type": "Polygon", "coordinates": [[[72.53453651131699, 23.006000250406142], [72.53453977469925, 23.00600806226549], [72.5347395010658, 23.00605054733482], [72.53489096641061, 23.006085820314276], [72.53505157270612, 23.006123221594134], [72.5350537260351, 23.00611667040334], [72.53515156128957, 23.005819103544493], [72.5351533932805, 23.005772065797345], [72.53513764410063, 23.00570159755152], [72.53512759193282, 23.00565844706829], [72.535116992007, 23.00564538335318], [72.53507221381692, 23.005638953439497], [72.53465487918746, 23.005545927244835], [72.53464604804574, 23.00554913440526], [72.5346397705183, 23.005553813119704], [72.5346356911957, 23.00556175795457], [72.53453651131699, 23.006000250406142]]]}}, {"type": "Feature", "properties": {"objectid": 460, "name_of_park": "Pandit Dindayal Upadyay Circle Garden\r\n Garden", "zone_id": 3, "ward_id": 37, "village_division": "Maninagar", "road_name": "Anupam Bridge Road", "contact_person": "Bhanu Bhai , Kanu Bhai", "maintained_by": "Mother Dairy", "garden_area": 2022.85757231, "plot_area": 0, "structure_type": "Garden", "no_of_trees": 40, "variety_of_trees": 12, "variety_of_shurbs": 15, "internal_walk_way": 1, "walkway_length": 123, "boundary_wall_details": "Decorative Grill", "shopping_area": 2, "no_of_shops": 0, "tp_no": "2-Kankaria", "survey_no_fp_no": "206/1", "statues": 1, "no_of_statues": 1, "bird_feeder": 2, "no_of_bird_feeders": 0, "phone_number": "8160617980", "play_apparatus": 2, "play_apparatus_type": "", "no_of_play_apparatus": 0, "maintenance_trust_details": "Amul Fed", "no_of_benches": 4, "rent_on_shops": 2, "urinal_facilities": 2, "rest_hut": 2, "no_of_rest_huts": 0, "water_connection": 1, "water_connection_size": 1.5, "sewage_connection": 2, "no_of_water_bodies": 0, "total_area_of_water_bodies": 0, "fountain": 1, "no_of_fountains": 1, "no_of_light_poles": 27, "music_system": 2, "no_of_entry_gates": "1", "water_tank": 2, "water_tank_capacity": 0, "drinking_water_facility": 2, "remarks": "", "address": "Pandit Dindayal Upadyay Circle Garden , Ramanand Kot , End Of Khokhara Bridge , Kankaria , Ahmedabad , Gujarat\r\n Garden-Kankaria, Ahmedabad, Gujarat 380002,Ahmedabad Gujarat", "ward": "37_MANINAGAR", "zone": "SOUTH ZONE", "road_id": "", "source_of_water2": "Borewell", "st_length(shape)": 260.0317830591556}, "geometry": {"type": "Polygon", "coordinates": [[[72.60576558185888, 23.008459736536633], [72.60577480209916, 23.00845364766155], [72.60602591997149, 23.008293568015862], [72.60615802986426, 23.00821010622605], [72.60615801237502, 23.008210047279988], [72.60615752275245, 23.008208613461548], [72.60615698017781, 23.008207195995237], [72.60615638458735, 23.008205798491236], [72.60615573892198, 23.008204420091232], [72.60615504311797, 23.008203064405425], [72.60615429910936, 23.008201732365865], [72.60615350393937, 23.008200425733417], [72.60615266344193, 23.008199145499123], [72.60615177563524, 23.008197893438588], [72.6061508424374, 23.0081966713864], [72.60614986383251, 23.008195480245117], [72.60614884172274, 23.008194322751898], [72.60614755448934, 23.008193046593707], [72.60614621870087, 23.00819181393791], [72.60614483721858, 23.008190628438914], [72.60614340903561, 23.0081894918871], [72.60614194004967, 23.00818840166331], [72.60614042923801, 23.00818736046045], [72.60613888048464, 23.00818636924004], [72.60613729570765, 23.008185429836676], [72.60613567492302, 23.008184541347834], [72.60613402196695, 23.00818370744268], [72.60613233783033, 23.00818292723344], [72.60613062540632, 23.008182202569444], [72.60612888565394, 23.008181534367978], [72.60612712148222, 23.00818092357585], [72.60612533485708, 23.008180369319994], [72.60612352865569, 23.00817987435233], [72.60612170289397, 23.008179437770284], [72.60611986144002, 23.008179061437957], [72.60611800625975, 23.008178744482297], [72.60611614026216, 23.008178487850078], [72.60611426538135, 23.00817829247339], [72.60611238260817, 23.008178157464382], [72.60611049485172, 23.00817808376987], [72.6061086060119, 23.008178071448864], [72.60610671608873, 23.008178120501334], [72.60610482706403, 23.00817822915168], [72.606102943765, 23.0081784001813], [72.60610106719842, 23.00817863179985], [72.6060991993143, 23.0081789240368], [72.60609734402851, 23.008179276048626], [72.60609550036608, 23.008179687820544], [72.60609367320194, 23.00818015942633], [72.60573356793661, 23.008285583833647], [72.60571773533968, 23.008287042457177], [72.60570195840758, 23.00828899394314], [72.60568625275587, 23.00829143762495], [72.60567063796383, 23.00829436928489], [72.60565513162892, 23.00829778648083], [72.60563974845546, 23.00830168492132], [72.6056245099887, 23.008306059515576], [72.60560942994204, 23.008310906859958], [72.6055945259767, 23.00831622090212], [72.6055798157539, 23.00832199558982], [72.60556531599173, 23.008328223050874], [72.60555104139458, 23.008334898993894], [72.60553701066243, 23.008342013771088], [72.60552323659749, 23.00834956035391], [72.60550973593386, 23.008357529967697], [72.60549652443066, 23.008365913822995], [72.60548361690385, 23.008374701310586], [72.60547102615571, 23.00838388540185], [72.60545876901601, 23.008393451906862], [72.60544685828707, 23.008403393797042], [72.60542347065758, 23.008419199003527], [72.60540067368079, 23.00843574169664], [72.60537849692491, 23.00845300426818], [72.60535696517888, 23.008470963620915], [72.60533610316796, 23.008489600267758], [72.60531593764709, 23.008508890238463], [72.6052964914554, 23.008528810406265], [72.60527778938201, 23.008549337673937], [72.60525985332302, 23.008570447094908], [72.60523511756062, 23.008603499575546], [72.60521140718836, 23.008637191397206], [72.6051887412414, 23.00867149395912], [72.60516713680505, 23.00870637863094], [72.60514661486464, 23.008741816841358], [72.60514520362987, 23.00874424927445], [72.6051438823521, 23.008746723694458], [72.60514265398815, 23.00874923834055], [72.60514151956083, 23.00875179051986], [72.60514047914985, 23.008754375719594], [72.6051395337621, 23.008756992149436], [72.60513868736128, 23.008759636258176], [72.60513793802929, 23.00876230621123], [72.60513728878675, 23.008764996637545], [72.6051367396815, 23.008767704829467], [72.60513628980227, 23.00877042716205], [72.60513594209002, 23.008773162777008], [72.6051356956813, 23.00877590534171], [72.60513555059205, 23.00877865395363], [72.60513550787701, 23.008781404114764], [72.60513556758396, 23.008784153117443], [72.60513572881763, 23.008786896434188], [72.60513643588298, 23.008788276669716], [72.60513719212832, 23.00878963327406], [72.60513799758552, 23.008790964442177], [72.60513885227049, 23.008792269271463], [72.60513975330609, 23.008793545010036], [72.6051407006764, 23.00879479256042], [72.6051416934861, 23.008796007395127], [72.60514273074428, 23.00879719040192], [72.6051438105328, 23.00879833974624], [72.60514493190857, 23.00879945360819], [72.60514609293753, 23.008800531055716], [72.60514729365157, 23.00880157028372], [72.60514853112572, 23.008802571247934], [72.60514980636684, 23.008803532158012], [72.60515111453182, 23.00880445113509], [72.60515245657975, 23.008805329096468], [72.60515383060844, 23.008806163304975], [72.60515523567477, 23.00880695194074], [72.60515666685599, 23.00880769763769], [72.60515812715674, 23.008808395927286], [72.60515961168613, 23.008809047638312], [72.60516111946916, 23.008809652756042], [72.60516264956273, 23.008810209460606], [72.60516420003277, 23.008810716819937], [72.60516576697933, 23.00881117477502], [72.60516735235237, 23.008811583355364], [72.60516895033382, 23.008811940667332], [72.60517056285774, 23.00881224764301], [72.60517218504914, 23.00881250420858], [72.60518653525345, 23.008808730120155], [72.60570378222293, 23.008494920495227], [72.60576558185888, 23.008459736536633]]]}}, {"type": "Feature", "properties": {"objectid": 461, "name_of_park": "Late Ramlal Rupala(Rasiklal Park)", "zone_id": 4, "ward_id": 39, "village_division": "Amraiwadi", "road_name": "Amraiwadi Road", "contact_person": "Vishalkumar S. Vasava", "maintained_by": "Mother Dairy", "garden_area": 8094, "plot_area": 0, "structure_type": "Garden", "no_of_trees": 66, "variety_of_trees": 10, "variety_of_shurbs": 11, "internal_walk_way": 1, "walkway_length": 197, "boundary_wall_details": "Compound Wall", "shopping_area": 1, "no_of_shops": 1, "tp_no": "27-Amraiwadi", "survey_no_fp_no": "48", "statues": 2, "no_of_statues": 0, "bird_feeder": 2, "no_of_bird_feeders": 0, "phone_number": "7874127452", "play_apparatus": 1, "play_apparatus_type": "Swing,Slider,Rides", "no_of_play_apparatus": 6, "maintenance_trust_details": "Amul Fed", "no_of_benches": 20, "rent_on_shops": 2, "urinal_facilities": 2, "rest_hut": 1, "no_of_rest_huts": 1, "water_connection": 1, "water_connection_size": 0.5, "sewage_connection": 2, "no_of_water_bodies": 0, "total_area_of_water_bodies": 0, "fountain": 2, "no_of_fountains": 0, "no_of_light_poles": 5, "music_system": 2, "no_of_entry_gates": "1", "water_tank": 2, "water_tank_capacity": 0, "drinking_water_facility": 2, "remarks": "", "address": "Late Ramlal Rupala(Rasiklal Park) , Nr. Amraiwadi Cross Road ,  Janata Nagar, Amraiwadi, Ahmedabad , Gujarat 380026.", "ward": "39_AMRAIWADI", "zone": "EAST ZONE", "road_id": "", "source_of_water2": "", "st_length(shape)": 244.7938485606913}, "geometry": {"type": "Polygon", "coordinates": [[[72.62466716975237, 23.008805554545233], [72.62466780681608, 23.008805486466212], [72.62467093168873, 23.00884384282829], [72.62471133630336, 23.008842648179225], [72.62480576432536, 23.00883985656483], [72.62498659468358, 23.008834510231573], [72.62514549331229, 23.008817525186693], [72.62523639901471, 23.00880780833241], [72.62525651686614, 23.008799279913532], [72.62526978741585, 23.008784345386193], [72.625275576754, 23.008766401509476], [72.6252782569825, 23.008743554810632], [72.62527825214973, 23.008740544798442], [72.62527821702139, 23.008720662780178], [72.62526936942089, 23.008610165262397], [72.62523772305626, 23.00821496126606], [72.62489855984674, 23.0082976257138], [72.6248029821538, 23.00832092172871], [72.62479524668173, 23.00837976396554], [72.62465378802332, 23.008401656265626], [72.62463882697561, 23.008403971291504], [72.62462756760945, 23.008406142356705], [72.62466436439433, 23.00878748711291], [72.62466716975237, 23.008805554545233]]]}}, {"type": "Feature", "properties": {"objectid": 462, "name_of_park": "Late Atmaram Mancharam Garden\r\nGujjar Udhyan (Fatehpura Garden)", "zone_id": 5, "ward_id": 30, "village_division": "Paldi", "road_name": "Mahalaxmi -Dharnidhar Road", "contact_person": "Kanu Bhai", "maintained_by": "Mother Dairy", "garden_area": 3553.94714222, "plot_area": 0, "structure_type": "Garden", "no_of_trees": 39, "variety_of_trees": 4, "variety_of_shurbs": 5, "internal_walk_way": 1, "walkway_length": 92, "boundary_wall_details": "Chainlinked", "shopping_area": 2, "no_of_shops": 0, "tp_no": "6-Paldi", "survey_no_fp_no": "331/1", "statues": 2, "no_of_statues": 0, "bird_feeder": 2, "no_of_bird_feeders": 0, "phone_number": "9725609844", "play_apparatus": 1, "play_apparatus_type": "Children Play", "no_of_play_apparatus": 13, "maintenance_trust_details": "Amul Fed", "no_of_benches": 30, "rent_on_shops": 2, "urinal_facilities": 2, "rest_hut": 1, "no_of_rest_huts": 1, "water_connection": 1, "water_connection_size": 1, "sewage_connection": 2, "no_of_water_bodies": 0, "total_area_of_water_bodies": 0, "fountain": 2, "no_of_fountains": 0, "no_of_light_poles": 6, "music_system": 2, "no_of_entry_gates": "1", "water_tank": 1, "water_tank_capacity": 2000, "drinking_water_facility": 2, "remarks": "", "address": "Late Atmaram Mancharam  , Mahalaxmi-Dharnidhar Road , Paldi , Ahmedabad , Gujarat\r\nGujjar Udhyan (Fatehpura Garden)-Nr.Fatehpura Tubewell St.,Ahmedabad Gujarat", "ward": "30_PALDI", "zone": "WEST ZONE", "road_id": "", "source_of_water2": "A.M.C. Supply", "st_length(shape)": 279.4366686955036}, "geometry": {"type": "Polygon", "coordinates": [[[72.55706273533694, 23.0095459211724], [72.55762421774767, 23.00955203946763], [72.55763741746804, 23.009552585338973], [72.55768232705711, 23.009530978231783], [72.55779798544211, 23.009252725738893], [72.55787164704373, 23.009074001819652], [72.55789866874578, 23.008992013058023], [72.55789581837651, 23.008978353492846], [72.55789130364417, 23.00897111853594], [72.55765800586491, 23.008924130123585], [72.55763119166437, 23.00892912568807], [72.5576202666328, 23.00893397286679], [72.55759996580736, 23.008944122656267], [72.55755180321772, 23.00921094769627], [72.55752901110999, 23.009213706864088], [72.55713595291024, 23.009162803760045], [72.55711443367251, 23.009168367561518], [72.55709720243168, 23.00917956674002], [72.55706273533694, 23.0095459211724]]]}}, {"type": "Feature", "properties": {"objectid": 463, "name_of_park": "Late Haren Pandya Udhyan", "zone_id": 5, "ward_id": 31, "village_division": "Vasna", "road_name": "Jivraj Mehta Road", "contact_person": "Kanu Bhai", "maintained_by": "Mother Dairy", "garden_area": 7415.25703963, "plot_area": 0, "structure_type": "Store Room", "no_of_trees": 285, "variety_of_trees": 3, "variety_of_shurbs": 4, "internal_walk_way": 1, "walkway_length": 400, "boundary_wall_details": "Chainlinked", "shopping_area": 2, "no_of_shops": 0, "tp_no": "26-Vasna", "survey_no_fp_no": " 57", "statues": 2, "no_of_statues": 0, "bird_feeder": 2, "no_of_bird_feeders": 0, "phone_number": "9825511398", "play_apparatus": 1, "play_apparatus_type": "GYM Equipment", "no_of_play_apparatus": 21, "maintenance_trust_details": "Amul Fed", "no_of_benches": 65, "rent_on_shops": 2, "urinal_facilities": 2, "rest_hut": 1, "no_of_rest_huts": 2, "water_connection": 1, "water_connection_size": 1, "sewage_connection": 2, "no_of_water_bodies": 0, "total_area_of_water_bodies": 0, "fountain": 1, "no_of_fountains": 1, "no_of_light_poles": 12, "music_system": 2, "no_of_entry_gates": "2", "water_tank": 1, "water_tank_capacity": 5000, "drinking_water_facility": 2, "remarks": "", "address": "Late Haren Pandya Udhyan , Opp.Jivraj Mehta , Ahmedabad Gujarat", "ward": "31_VASNA", "zone": "WEST ZONE", "road_id": "", "source_of_water2": "Shellow Bore", "st_length(shape)": 344.6581163875418}, "geometry": {"type": "Polygon", "coordinates": [[[72.54437129992851, 23.007738236197145], [72.54435659684634, 23.00773800805279], [72.54434571044308, 23.007740705405304], [72.54433301737545, 23.007757706099056], [72.54409895617513, 23.008350761992236], [72.54451419198308, 23.008508290149962], [72.5449802734404, 23.00867640557998], [72.54498639295676, 23.008674089231306], [72.54525003275153, 23.008050463508564], [72.54524724851345, 23.008033222662437], [72.54523499640902, 23.008025866472895], [72.54437129992851, 23.007738236197145]]]}}, {"type": "Feature", "properties": {"objectid": 464, "name_of_park": "Pancha Lake Garden", "zone_id": 7, "ward_id": 33, "village_division": "Sarkhej", "road_name": "Green Acors Road", "contact_person": "Vijay Bhai", "maintained_by": "Mother Dairy ", "garden_area": 18940.52573149, "plot_area": 0, "structure_type": "Garden", "no_of_trees": 276, "variety_of_trees": 25, "variety_of_shurbs": 20, "internal_walk_way": 1, "walkway_length": 400, "boundary_wall_details": "Compound Wall With Chainlink Net", "shopping_area": 2, "no_of_shops": 0, "tp_no": "27-Vejalpur", "survey_no_fp_no": "75,76", "statues": 2, "no_of_statues": 0, "bird_feeder": 2, "no_of_bird_feeders": 0, "phone_number": "9898278795", "play_apparatus": 1, "play_apparatus_type": "Children Play", "no_of_play_apparatus": 5, "maintenance_trust_details": "Amul Fed", "no_of_benches": 42, "rent_on_shops": 2, "urinal_facilities": 2, "rest_hut": 1, "no_of_rest_huts": 1, "water_connection": 1, "water_connection_size": 2, "sewage_connection": 1, "no_of_water_bodies": 1, "total_area_of_water_bodies": 9218, "fountain": 2, "no_of_fountains": 0, "no_of_light_poles": 23, "music_system": 2, "no_of_entry_gates": "3", "water_tank": 1, "water_tank_capacity": 40000, "drinking_water_facility": 2, "remarks": "", "address": "Pancha Lake Garden , Opp. Bansri Appartment , Green Acors Road , Anandnagar , Sarkhej , Ahmedabad , Gujarat", "ward": "33_SARKHEJ", "zone": "SOUTH WEST ZONE", "road_id": "", "source_of_water2": "A.M.C. Supply", "st_length(shape)": 596.2177968258387}, "geometry": {"type": "Polygon", "coordinates": [[[72.51242994680992, 23.00996889145861], [72.51259384550639, 23.009614383858157], [72.51275109704693, 23.00927051875915], [72.51289427104281, 23.00892046140441], [72.51290277543077, 23.008878795988515], [72.51289554109569, 23.008851213450043], [72.51287396536655, 23.008831766773714], [72.5125305472521, 23.008704553947393], [72.51203865817008, 23.008512904398422], [72.5116053316431, 23.008363974232235], [72.51126459991734, 23.00935582584279], [72.51147788794948, 23.009417682677466], [72.51143130184012, 23.009837869879306], [72.51167801431839, 23.00989190803808], [72.51176493604557, 23.009639095251618], [72.51199451751178, 23.009793655376555], [72.51239488222366, 23.00998147793801], [72.51241554054145, 23.009980608353754], [72.51242994680992, 23.00996889145861]]]}}, {"type": "Feature", "properties": {"objectid": 465, "name_of_park": "Dr.Baba Saheb Ambedkar Garden\r\n Ambedkar Udhyan", "zone_id": 3, "ward_id": 37, "village_division": "Danilimda", "road_name": "Majur Gam Road", "contact_person": "Bhanu Bhai , Kanu Bhai", "maintained_by": "Mother Dairy", "garden_area": 967.12848899, "plot_area": 0, "structure_type": "Store Room", "no_of_trees": 21, "variety_of_trees": 5, "variety_of_shurbs": 3, "internal_walk_way": 1, "walkway_length": 27, "boundary_wall_details": "Chainlinked", "shopping_area": 2, "no_of_shops": 0, "tp_no": "2-Kankaria", "survey_no_fp_no": "97", "statues": 2, "no_of_statues": 0, "bird_feeder": 1, "no_of_bird_feeders": 1, "phone_number": "8160617980", "play_apparatus": 2, "play_apparatus_type": "", "no_of_play_apparatus": 0, "maintenance_trust_details": "Amul Fed", "no_of_benches": 5, "rent_on_shops": 2, "urinal_facilities": 2, "rest_hut": 1, "no_of_rest_huts": 1, "water_connection": 1, "water_connection_size": 0.79, "sewage_connection": 2, "no_of_water_bodies": 0, "total_area_of_water_bodies": 0, "fountain": 1, "no_of_fountains": 1, "no_of_light_poles": 1, "music_system": 2, "no_of_entry_gates": "0", "water_tank": 2, "water_tank_capacity": 0, "drinking_water_facility": 2, "remarks": "", "address": "Dr.Baba Saheb Ambedkar Garden , Nr. Jogni Mata Temple , Majur Gam , Ahmedabad , Gujarat\r\n Ambedkar Udhyan-Nr.Jogni Mata Mandir, Majur Gam,Ahmedabad Gujarat", "ward": "37_MANINAGAR", "zone": "SOUTH ZONE", "road_id": "", "source_of_water2": "", "st_length(shape)": 124.38433396016346}, "geometry": {"type": "Polygon", "coordinates": [[[72.59405513395691, 23.009936505717732], [72.59407357416715, 23.009886150561858], [72.59403493765178, 23.009872508853217], [72.59404439539226, 23.009843666866477], [72.59369050087507, 23.009778092714765], [72.5936676707158, 23.009999491644507], [72.59366865197984, 23.01000113158166], [72.59366994864929, 23.010003133818387], [72.59367131823701, 23.01000509383015], [72.5936727569071, 23.01000700794745], [72.59367426664156, 23.01000887439486], [72.59367584357247, 23.010010691308015], [72.59367748674083, 23.0100124577695], [72.59367919330178, 23.01001416922213], [72.59368096036235, 23.010015823816353], [72.59368278888152, 23.01001742246954], [72.59368467310543, 23.010018959677456], [72.59368661399304, 23.010020436357504], [72.59368860673348, 23.010021848825325], [72.59369065134275, 23.01002319617842], [72.59369274294588, 23.010024478342643], [72.59369488064793, 23.010025690790467], [72.59369706248295, 23.01002683439475], [72.59369928362399, 23.010027906373754], [72.59370154311206, 23.010028905810092], [72.5937038380222, 23.010029832659306], [72.59370616547746, 23.01003068416929], [72.59370852351184, 23.010031461212915], [72.59371090828942, 23.010032160120716], [72.5937133178442, 23.010032781765574], [72.59371574925123, 23.01003332610302], [72.5937773794878, 23.01003992730724], [72.5939668238207, 23.010060219807922], [72.59396887599235, 23.010059712045702], [72.59397090788313, 23.010059138071657], [72.59397291851809, 23.010058497870965], [72.59397490398119, 23.010057792286865], [72.59397686229045, 23.010057023094845], [72.59397879248684, 23.010056189377487], [72.59398068963138, 23.010055294670853], [72.59398255276506, 23.010054338057603], [72.59398437990588, 23.010053321313148], [72.5939861690558, 23.010052247115496], [72.59398791732187, 23.01005111361508], [72.59398962169904, 23.010049925280136], [72.59399128218732, 23.01004868211068], [72.59399289582966, 23.01004738586733], [72.59399446067613, 23.010046036520425], [72.59399597469663, 23.010044638553037], [72.59399743592519, 23.010043192838083], [72.59399884338677, 23.010041699360723], [72.5940001931014, 23.010040162574395], [72.59400148604401, 23.0100385824939], [72.5940027202166, 23.010036961797237], [72.59400389365315, 23.010035301357323], [72.59400500336466, 23.010033604739828], [72.59400605128508, 23.010031872876954], [72.59400703346641, 23.010030108417045], [72.5940079488856, 23.010028314052914], [72.59405513395691, 23.009936505717732]]]}}, {"type": "Feature", "properties": {"objectid": 466, "name_of_park": "Sharda Mandir Garden", "zone_id": 5, "ward_id": 30, "village_division": "Paldi", "road_name": "New Sharda Mandir Road", "contact_person": "Kanu Bhai", "maintained_by": "Mother Dairy", "garden_area": 7419.96306189, "plot_area": 0, "structure_type": "Store Room", "no_of_trees": 160, "variety_of_trees": 3, "variety_of_shurbs": 4, "internal_walk_way": 1, "walkway_length": 414, "boundary_wall_details": "Chainlinked", "shopping_area": 2, "no_of_shops": 0, "tp_no": "6-Paldi", "survey_no_fp_no": "479/2", "statues": 2, "no_of_statues": 0, "bird_feeder": 2, "no_of_bird_feeders": 0, "phone_number": "9725609844", "play_apparatus": 1, "play_apparatus_type": "Children Play", "no_of_play_apparatus": 23, "maintenance_trust_details": "Amul Fed", "no_of_benches": 29, "rent_on_shops": 2, "urinal_facilities": 2, "rest_hut": 1, "no_of_rest_huts": 1, "water_connection": 1, "water_connection_size": 2, "sewage_connection": 2, "no_of_water_bodies": 0, "total_area_of_water_bodies": 0, "fountain": 2, "no_of_fountains": 0, "no_of_light_poles": 13, "music_system": 2, "no_of_entry_gates": "3", "water_tank": 1, "water_tank_capacity": 10000, "drinking_water_facility": 2, "remarks": "", "address": "Sharda Mandir Garden  -Sharda Mandir Road, Paldi Sukhipura, Girikunj Society, Sarda Nagar, Ahmedabad, Gujarat 380007", "ward": "30_PALDI", "zone": "WEST ZONE", "road_id": "", "source_of_water2": "Shellow Bore", "st_length(shape)": 357.3961026577017}, "geometry": {"type": "Polygon", "coordinates": [[[72.55217344795098, 23.01230711808196], [72.55215289677395, 23.012302023618567], [72.55208711589779, 23.012301005983602], [72.55205580536352, 23.01230090256543], [72.55200852325778, 23.012295012670695], [72.55201330912912, 23.012244814323545], [72.55201427795203, 23.012226210644396], [72.5517927335602, 23.01222559245254], [72.55131174619717, 23.012220437445624], [72.55106876704433, 23.012215759910497], [72.55106096297119, 23.012219222209783], [72.55105879036613, 23.012232545016726], [72.5510750074152, 23.012834717422542], [72.55109818153666, 23.01283746480616], [72.55178475661647, 23.012826372353796], [72.55215534472963, 23.012809633251962], [72.55216082668942, 23.012791804451624], [72.55217344795098, 23.01230711808196]]]}}, {"type": "Feature", "properties": {"objectid": 467, "name_of_park": "Late Popatlal Chotalal Dani Udhyan", "zone_id": 5, "ward_id": 18, "village_division": "Navrangpura", "road_name": "Shreyas Railway Crossing Road", "contact_person": "Arif Bhai", "maintained_by": "Mother Dairy", "garden_area": 2830.18129777, "plot_area": 0, "structure_type": "Store Room", "no_of_trees": 89, "variety_of_trees": 4, "variety_of_shurbs": 5, "internal_walk_way": 1, "walkway_length": 249, "boundary_wall_details": "Chainlinked", "shopping_area": 2, "no_of_shops": 0, "tp_no": "21-Ambawadi", "survey_no_fp_no": "636", "statues": 2, "no_of_statues": 0, "bird_feeder": 2, "no_of_bird_feeders": 0, "phone_number": "9825911398", "play_apparatus": 2, "play_apparatus_type": "", "no_of_play_apparatus": 0, "maintenance_trust_details": "Amul Fed", "no_of_benches": 54, "rent_on_shops": 2, "urinal_facilities": 2, "rest_hut": 1, "no_of_rest_huts": 1, "water_connection": 1, "water_connection_size": 1, "sewage_connection": 2, "no_of_water_bodies": 0, "total_area_of_water_bodies": 0, "fountain": 2, "no_of_fountains": 0, "no_of_light_poles": 8, "music_system": 2, "no_of_entry_gates": "1", "water_tank": 1, "water_tank_capacity": 5000, "drinking_water_facility": 2, "remarks": "CCTV Cemera 4", "address": "Late Popatlal Chotalal Dani Udhyan, Shreyas Crossing Mithila Society, Bhudarpura, Ambawadi, Ahmedabad, Gujarat 380015", "ward": "18_NAVRANGPURA", "zone": "WEST ZONE", "road_id": "", "source_of_water2": "A.M.C. Supply ", "st_length(shape)": 220.0958655637776}, "geometry": {"type": "Polygon", "coordinates": [[[72.54326366639434, 23.01218422876008], [72.54337765378972, 23.011890302989254], [72.54296406544657, 23.01172659034251], [72.54275852921917, 23.011645596804613], [72.54275251442243, 23.011643793568314], [72.54274643774217, 23.01164217624268], [72.5427403098212, 23.01164074950679], [72.54273413265851, 23.011639510683416], [72.54272791595467, 23.01163846263146], [72.54272166549406, 23.011637609051785], [72.5427153881505, 23.011636947342865], [72.542709090716, 23.011636479415685], [72.54270792035238, 23.011636429644096], [72.54270674832684, 23.011636417762702], [72.54270557853924, 23.01163644383211], [72.54270440803198, 23.011636509611876], [72.54270324077034, 23.011636611552547], [72.5427020796465, 23.011636751504565], [72.54270092269421, 23.01163693034015], [72.542699773846, 23.011637146314854], [72.5426986331019, 23.011637399428658], [72.54269750340316, 23.011637688824496], [72.54269638375845, 23.01163801538974], [72.54269527904262, 23.011638379200058], [72.54269418639619, 23.011638776600034], [72.54269310966993, 23.011639210357746], [72.54269205084654, 23.01163967869845], [72.54269100795968, 23.011640182494364], [72.54268998499103, 23.011640717293535], [72.54268898285011, 23.01164128672112], [72.54268800351959, 23.011641889002377], [72.54268704508223, 23.011642522302033], [72.54268611147063, 23.011643184875606], [72.54268520361066, 23.01164387944579], [72.54268432156779, 23.01164460240252], [72.54268346634964, 23.01164535195594], [72.54268263987348, 23.01164612994135], [72.54268184314698, 23.01164693456888], [72.54268107618648, 23.011647764935997], [72.54268034193325, 23.011648620185635], [72.54267963848643, 23.011649497579967], [72.54267896680464, 23.01165039803666], [72.54267833082042, 23.011651319811264], [72.54267772959156, 23.01165226108361], [72.54267716215944, 23.011653220936058], [72.54267663144896, 23.011654199414025], [72.54267613848414, 23.011655193825124], [72.54267463806916, 23.01165850352431], [72.5426732548728, 23.0116618565709], [72.54267199186904, 23.0116652503028], [72.54267084621478, 23.011668680162042], [72.54266982184261, 23.0116721444042], [72.54266892081695, 23.011675636741973], [72.54266814313782, 23.01167915717536], [72.54266748797745, 23.01168269756666], [72.54266695827714, 23.0116862570588], [72.54266655220147, 23.011689829303904], [72.54266627365027, 23.011693414362572], [72.54266612082084, 23.01169700408193], [72.54266609468817, 23.011700598477116], [72.54266619346592, 23.011704188492764], [72.54268025945493, 23.012015806792103], [72.54324952690261, 23.012220687583476], [72.54326366639434, 23.01218422876008]]]}}, {"type": "Feature", "properties": {"objectid": 468, "name_of_park": "Jagannath Temple", "zone_id": 1, "ward_id": 29, "village_division": "Jamalpur", "road_name": "Jamalpur Darwaja Road", "contact_person": "Sneha Patel", "maintained_by": "Jagannath Temple Trust", "garden_area": 2044.08916471, "plot_area": 0, "structure_type": "Garden", "no_of_trees": 58, "variety_of_trees": 14, "variety_of_shurbs": 0, "internal_walk_way": 1, "walkway_length": 110, "boundary_wall_details": "Compouind Wall", "shopping_area": 2, "no_of_shops": 0, "tp_no": "13-Behrampura", "survey_no_fp_no": "4", "statues": 2, "no_of_statues": 0, "bird_feeder": 2, "no_of_bird_feeders": 0, "phone_number": "7600366798", "play_apparatus": 2, "play_apparatus_type": "", "no_of_play_apparatus": 0, "maintenance_trust_details": "Jagannath Temple Trust", "no_of_benches": 0, "rent_on_shops": 2, "urinal_facilities": 2, "rest_hut": 2, "no_of_rest_huts": 0, "water_connection": 1, "water_connection_size": 0, "sewage_connection": 2, "no_of_water_bodies": 0, "total_area_of_water_bodies": 0, "fountain": 2, "no_of_fountains": 0, "no_of_light_poles": 0, "music_system": 2, "no_of_entry_gates": "2", "water_tank": 2, "water_tank_capacity": 0, "drinking_water_facility": 2, "remarks": "", "address": "Jagannath Temple Park , Jamalpur , Ahmedabad  Gujarat", "ward": "29_JAMALPUR", "zone": "CENTRAL ZONE", "road_id": "", "source_of_water2": "A.M.C. Supply", "st_length(shape)": 197.7982625301358}, "geometry": {"type": "Polygon", "coordinates": [[[72.58124651540115, 23.012167234592702], [72.58058070603468, 23.012308341057782], [72.58056211542441, 23.012337914462382], [72.58063501073475, 23.012591027538022], [72.58067393999238, 23.012578485492877], [72.58074144276966, 23.012559486672263], [72.58125305882204, 23.012391637705516], [72.58128101682945, 23.012366213937003], [72.58130080600465, 23.012302901980384], [72.58129168032343, 23.01223588088185], [72.58126927201475, 23.01219015466877], [72.58124651540115, 23.012167234592702]]]}}, {"type": "Feature", "properties": {"objectid": 469, "name_of_park": "Sheth Manjulal S Udhyan", "zone_id": 5, "ward_id": 30, "village_division": "Paldi", "road_name": "Paldi Road", "contact_person": "Kanu Bhai", "maintained_by": "Mother Dairy", "garden_area": 3416.50997172, "plot_area": 0, "structure_type": "Store Room", "no_of_trees": 59, "variety_of_trees": 4, "variety_of_shurbs": 5, "internal_walk_way": 1, "walkway_length": 244, "boundary_wall_details": "Chainlinked", "shopping_area": 2, "no_of_shops": 0, "tp_no": "3-Ellisebridge", "survey_no_fp_no": "942", "statues": 2, "no_of_statues": 0, "bird_feeder": 2, "no_of_bird_feeders": 0, "phone_number": "9725609844", "play_apparatus": 2, "play_apparatus_type": "", "no_of_play_apparatus": 0, "maintenance_trust_details": "Amul Fed", "no_of_benches": 24, "rent_on_shops": 2, "urinal_facilities": 2, "rest_hut": 2, "no_of_rest_huts": 0, "water_connection": 1, "water_connection_size": 1, "sewage_connection": 2, "no_of_water_bodies": 0, "total_area_of_water_bodies": 0, "fountain": 2, "no_of_fountains": 0, "no_of_light_poles": 7, "music_system": 2, "no_of_entry_gates": "2", "water_tank": 1, "water_tank_capacity": 5000, "drinking_water_facility": 2, "remarks": "", "address": "Sheth Manjulal S Udhyan , Paldi Char Rasta , Paldi Bus Stop, Paldi Rd, Paldi Gaam, Paldi, Ahmedabad, Gujarat 380007", "ward": "30_PALDI", "zone": "WEST ZONE", "road_id": "", "source_of_water2": "A.M.C. Supply", "st_length(shape)": 260.54698242522073}, "geometry": {"type": "Polygon", "coordinates": [[[72.56434876863148, 23.012630485941216], [72.56438394143701, 23.012389486866777], [72.56441400868039, 23.012122586268596], [72.56438386785362, 23.01207673903771], [72.56434883022648, 23.01205244867122], [72.56431104851812, 23.012036937954885], [72.5642379147758, 23.012014315379133], [72.56417086498882, 23.012012088882557], [72.56414373601822, 23.012014059099723], [72.56410599819621, 23.01203199042292], [72.56408441589656, 23.012048378435274], [72.56393552796754, 23.012184490424637], [72.56390667903287, 23.012210320580134], [72.5638430946866, 23.012281292634086], [72.56398777107736, 23.01250135902982], [72.56402118475708, 23.012479899043395], [72.5640435159397, 23.012520030727043], [72.56401696585266, 23.012535209265767], [72.56423504774166, 23.01289207782739], [72.56425648198322, 23.01291987644451], [72.56430006518575, 23.01292847007448], [72.5643126020253, 23.012920064147192], [72.56431765202356, 23.012908278546146], [72.56431859825491, 23.012898276847913], [72.56432123460993, 23.012870414529303], [72.56434876863148, 23.012630485941216]]]}}, {"type": "Feature", "properties": {"objectid": 470, "name_of_park": "Utsav Public Park\r\n (AUDA Garden)", "zone_id": 7, "ward_id": 33, "village_division": "Sarkhej", "road_name": "Ramdev Nagar Road", "contact_person": "Vijay Bhai", "maintained_by": "Mother Dairy", "garden_area": 2320.41284538, "plot_area": 0, "structure_type": "Garden", "no_of_trees": 21, "variety_of_trees": 15, "variety_of_shurbs": 9, "internal_walk_way": 1, "walkway_length": 180, "boundary_wall_details": "Compound Wall With Chainlink Net", "shopping_area": 2, "no_of_shops": 0, "tp_no": "3-Vejalpur", "survey_no_fp_no": "285", "statues": 2, "no_of_statues": 0, "bird_feeder": 2, "no_of_bird_feeders": 0, "phone_number": "9898278795", "play_apparatus": 1, "play_apparatus_type": "Children Play", "no_of_play_apparatus": 14, "maintenance_trust_details": "Amul Fed", "no_of_benches": 22, "rent_on_shops": 2, "urinal_facilities": 2, "rest_hut": 2, "no_of_rest_huts": 0, "water_connection": 1, "water_connection_size": 0.5, "sewage_connection": 2, "no_of_water_bodies": 0, "total_area_of_water_bodies": 0, "fountain": 2, "no_of_fountains": 0, "no_of_light_poles": 8, "music_system": 2, "no_of_entry_gates": "1", "water_tank": 2, "water_tank_capacity": 0, "drinking_water_facility": 2, "remarks": "", "address": "Utsav Public Park , Nr. Earth Tower , Anand Nagar Cross Road , Ramdev Nagar Road , Ahmedabad , Gujarat\r\n (AUDA Garden)-Jodhpur Village, Jodhpur, Ahmedabad, Gujarat 380015,Ahmedabad Gujarat", "ward": "33_SARKHEJ", "zone": "SOUTH WEST ZONE", "road_id": "", "source_of_water2": "A.M.C. Supply , Tanker", "st_length(shape)": 201.11453543463858}, "geometry": {"type": "Polygon", "coordinates": [[[72.51601973111644, 23.011785251221394], [72.51627116768373, 23.011874904327218], [72.51627813174537, 23.011465131667517], [72.51627828675261, 23.011456030767825], [72.51618270873335, 23.01145144761402], [72.51576504560511, 23.01143142106142], [72.51575324741383, 23.011434289836387], [72.51573593689015, 23.01144138269861], [72.51572041507102, 23.01145038406946], [72.51570117153885, 23.011465519871784], [72.51568181106276, 23.011486931558103], [72.51567465976828, 23.01150225810957], [72.51565184942696, 23.011549403580307], [72.51564459129727, 23.011570933052294], [72.51560865728757, 23.01163867633597], [72.51581867765859, 23.011713562648406], [72.51601973111644, 23.011785251221394]]]}}, {"type": "Feature", "properties": {"objectid": 471, "name_of_park": "Anandnagar Garden (Safal Garden)", "zone_id": 7, "ward_id": 20, "village_division": "Jodhpur", "road_name": "Anandnagar Cross Road", "contact_person": "Vijay Bhai", "maintained_by": "Mother Dairy", "garden_area": 2796.79820521, "plot_area": 0, "structure_type": "Garden", "no_of_trees": 41, "variety_of_trees": 9, "variety_of_shurbs": 9, "internal_walk_way": 1, "walkway_length": 280, "boundary_wall_details": "Compound Wall With Chainlink Net", "shopping_area": 2, "no_of_shops": 0, "tp_no": "27-Vejalpur", "survey_no_fp_no": "67", "statues": 2, "no_of_statues": 0, "bird_feeder": 2, "no_of_bird_feeders": 0, "phone_number": "9898278795", "play_apparatus": 1, "play_apparatus_type": "Children Play, GYM Equipment", "no_of_play_apparatus": 9, "maintenance_trust_details": "Amul Fed", "no_of_benches": 33, "rent_on_shops": 2, "urinal_facilities": 2, "rest_hut": 1, "no_of_rest_huts": 1, "water_connection": 1, "water_connection_size": 1, "sewage_connection": 2, "no_of_water_bodies": 0, "total_area_of_water_bodies": 0, "fountain": 2, "no_of_fountains": 0, "no_of_light_poles": 12, "music_system": 2, "no_of_entry_gates": "1", "water_tank": 1, "water_tank_capacity": 20000, "drinking_water_facility": 2, "remarks": "", "address": "Anandnagar Garden , Opp. Shel Petrol Pump , Anandnagar Cross Road , Jodhpur , Ahmedabad , Gujarat\r\nAhmedabad", "ward": "20_JODHPUR", "zone": "SOUTH WEST ZONE", "road_id": "", "source_of_water2": "A.M.C. Supply", "st_length(shape)": 209.30775775235625}, "geometry": {"type": "Polygon", "coordinates": [[[72.51210988837137, 23.013362660615744], [72.5121153774805, 23.013372201405247], [72.51211758586156, 23.013374622092336], [72.51211988134726, 23.01337697283188], [72.51212226413635, 23.01337924279409], [72.51212473414603, 23.01338143649137], [72.51212728174266, 23.013383547453], [72.51212990791772, 23.013385574791815], [72.51213260885424, 23.013387513934074], [72.51213538166043, 23.013389363028793], [72.51213822342798, 23.01339112112751], [72.51214112738188, 23.01339278541542], [72.51214409451363, 23.013394355005374], [72.51214711999812, 23.01339582711326], [72.51215019611851, 23.013397197103988], [72.51236549551014, 23.013446320869487], [72.51250561747946, 23.013478290154037], [72.51257441642747, 23.013493988148916], [72.51267880120244, 23.013517804249535], [72.5126971348189, 23.013450396267768], [72.51271567225649, 23.013382243107813], [72.51273568570898, 23.01330991626969], [72.51274772763855, 23.013266396298114], [72.51275168521805, 23.01325209307605], [72.51254962341419, 23.013207243934485], [72.51257958060488, 23.01307744650876], [72.51251373848712, 23.01305740585336], [72.51247174781554, 23.013043899601563], [72.512343518463, 23.013009212252673], [72.51224727826956, 23.012996402131435], [72.51220973275784, 23.012995811808423], [72.51219391650687, 23.013014991170415], [72.51216821221514, 23.013119743625325], [72.51210988837137, 23.013362660615744]]]}}, {"type": "Feature", "properties": {"objectid": 472, "name_of_park": "Garden Opp.Vidhyanagar School", "zone_id": 7, "ward_id": 20, "village_division": "Jodhpur", "road_name": "Jodhpur Road", "contact_person": "Mayur BHai", "maintained_by": "Shree Pushti Seva Trust", "garden_area": 3079.99358657, "plot_area": 0, "structure_type": "Garden", "no_of_trees": 450, "variety_of_trees": 6, "variety_of_shurbs": 5, "internal_walk_way": 1, "walkway_length": 156, "boundary_wall_details": "Compound Wall", "shopping_area": 2, "no_of_shops": 0, "tp_no": "4-Vejalpur", "survey_no_fp_no": "183", "statues": 2, "no_of_statues": 0, "bird_feeder": 2, "no_of_bird_feeders": 0, "phone_number": "9408311671", "play_apparatus": 2, "play_apparatus_type": "", "no_of_play_apparatus": 0, "maintenance_trust_details": "Shree Pushti Seva Trust", "no_of_benches": 8, "rent_on_shops": 2, "urinal_facilities": 1, "rest_hut": 2, "no_of_rest_huts": 0, "water_connection": 1, "water_connection_size": 1, "sewage_connection": 1, "no_of_water_bodies": 0, "total_area_of_water_bodies": 0, "fountain": 2, "no_of_fountains": 0, "no_of_light_poles": 15, "music_system": 2, "no_of_entry_gates": "1", "water_tank": 1, "water_tank_capacity": 1000, "drinking_water_facility": 2, "remarks": "", "address": "Garden Opp. Vidhyanagar School , Nr. Vrajj Dham , Prerna Tirth Drasar Road , Ahmedabad , Gujarat", "ward": "20_JODHPUR", "zone": "SOUTH WEST ZONE", "road_id": "", "source_of_water2": "A.M.C. Supply", "st_length(shape)": 289.31509060434433}, "geometry": {"type": "Polygon", "coordinates": [[[72.5190377213068, 23.014386930863445], [72.51906786356497, 23.014387931615982], [72.51913627477491, 23.014390203164396], [72.51930883108074, 23.014395932950546], [72.51930873405797, 23.014398250597573], [72.51930701470609, 23.014439235633855], [72.5192954302653, 23.01471533653253], [72.5193318971475, 23.014716175508802], [72.51955432678805, 23.014721294961326], [72.5195936411951, 23.01472219928242], [72.51967338034262, 23.0147240343292], [72.51967512384586, 23.014672235600866], [72.5196800364523, 23.014526271794267], [72.51965162687493, 23.014524540910365], [72.5196380859848, 23.014523715665106], [72.51963579963697, 23.014516326008845], [72.5195594626193, 23.014269652188695], [72.51952417629342, 23.014155630358285], [72.51951907873216, 23.01413915647543], [72.51921645522404, 23.01413383409613], [72.51922096538782, 23.013995123043326], [72.51903935095164, 23.013990596263184], [72.51900803605217, 23.013990208147064], [72.5189919302175, 23.0143852893148], [72.51899750303069, 23.014385489544747], [72.5190377213068, 23.014386930863445]]]}}, {"type": "Feature", "properties": {"objectid": 473, "name_of_park": "Parth Public Park,\r\n (Auda Garden)", "zone_id": 7, "ward_id": 20, "village_division": "Jodhpur", "road_name": "Hethwi Tower Road", "contact_person": "Bhavan Thakor", "maintained_by": "Mother Dairy", "garden_area": 2574.01061513, "plot_area": 0, "structure_type": "Garden", "no_of_trees": 95, "variety_of_trees": 8, "variety_of_shurbs": 8, "internal_walk_way": 1, "walkway_length": 90, "boundary_wall_details": "Compound Wall With Chainlink Net", "shopping_area": 2, "no_of_shops": 0, "tp_no": "3-Vejalpur", "survey_no_fp_no": "290", "statues": 2, "no_of_statues": 0, "bird_feeder": 2, "no_of_bird_feeders": 0, "phone_number": "8401085735", "play_apparatus": 1, "play_apparatus_type": "Children Play", "no_of_play_apparatus": 16, "maintenance_trust_details": "Amul Fed", "no_of_benches": 35, "rent_on_shops": 2, "urinal_facilities": 2, "rest_hut": 1, "no_of_rest_huts": 1, "water_connection": 1, "water_connection_size": 0.5, "sewage_connection": 2, "no_of_water_bodies": 0, "total_area_of_water_bodies": 0, "fountain": 2, "no_of_fountains": 0, "no_of_light_poles": 6, "music_system": 2, "no_of_entry_gates": "1", "water_tank": 1, "water_tank_capacity": 5000, "drinking_water_facility": 2, "remarks": "", "address": "Parth Public Park , Nr. Hethwi Tower , Jodhpur , Ahmedabad , Gujarat\r\n (Auda Garden)-Jodhpur Village, Jodhpur, Ahmedabad, Gujarat 380015 India,Ahmedabad Gujarat", "ward": "20_JODHPUR", "zone": "SOUTH WEST ZONE", "road_id": "", "source_of_water2": "Tanker , A.M.C. Supply", "st_length(shape)": 207.09561103613353}, "geometry": {"type": "Polygon", "coordinates": [[[72.5235850424421, 23.013998811881603], [72.52338629766778, 23.013721986284267], [72.52301855476797, 23.013947547571092], [72.52295412065041, 23.013987069743486], [72.52292849652684, 23.014002786336654], [72.52297047489104, 23.01406098140444], [72.52303171138797, 23.014145874454368], [72.52307492309303, 23.014209431301175], [72.52312614827964, 23.014282073411813], [72.5231564629392, 23.01432483383441], [72.52317958329702, 23.014357445723572], [72.52323172301976, 23.014326011968727], [72.52328951708324, 23.014291169439314], [72.52344926325915, 23.014192882057355], [72.52364071242674, 23.01407741387484], [72.52362266187104, 23.014051927387484], [72.5235850424421, 23.013998811881603]]]}}, {"type": "Feature", "properties": {"objectid": 474, "name_of_park": "Prahladnagar Garden", "zone_id": 7, "ward_id": 20, "village_division": "Jodhpur", "road_name": "Corporate Road", "contact_person": "Vijay Bhai", "maintained_by": "Mother Dairy", "garden_area": 16249.45928412, "plot_area": 0, "structure_type": "Garden", "no_of_trees": 399, "variety_of_trees": 6, "variety_of_shurbs": 7, "internal_walk_way": 1, "walkway_length": 350, "boundary_wall_details": "Compound Wall With Chainlink Net", "shopping_area": 2, "no_of_shops": 0, "tp_no": "24-Vejalpur", "survey_no_fp_no": "41", "statues": 2, "no_of_statues": 0, "bird_feeder": 1, "no_of_bird_feeders": 2, "phone_number": "9898278795", "play_apparatus": 1, "play_apparatus_type": "Children Play, GYM Equipment", "no_of_play_apparatus": 20, "maintenance_trust_details": "Amul Fed", "no_of_benches": 21, "rent_on_shops": 2, "urinal_facilities": 1, "rest_hut": 1, "no_of_rest_huts": 3, "water_connection": 1, "water_connection_size": 0.5, "sewage_connection": 1, "no_of_water_bodies": 0, "total_area_of_water_bodies": 0, "fountain": 1, "no_of_fountains": 3, "no_of_light_poles": 19, "music_system": 1, "no_of_entry_gates": "4", "water_tank": 2, "water_tank_capacity": 0, "drinking_water_facility": 2, "remarks": "", "address": "Prahladnagar Garden , Paras-I Bungalows , Prahlad Nagar, Anandnagar to S.G. Highway 100ft Road ,  Ahmedabad, Gujarat 380015", "ward": "20_JODHPUR", "zone": "SOUTH WEST ZONE", "road_id": "", "source_of_water2": "A.M.C. Supply", "st_length(shape)": 530.1185457707702}, "geometry": {"type": "Polygon", "coordinates": [[[72.5065119783593, 23.01290346945383], [72.50653316446903, 23.01225747642957], [72.50653886968716, 23.012083640688758], [72.50652545911755, 23.01205427519486], [72.50650347770784, 23.012048749749646], [72.5057020968635, 23.01200975893065], [72.50568275729105, 23.012016431383874], [72.50567215393495, 23.01203178964398], [72.50565894286909, 23.01211876218264], [72.50564783104014, 23.012442231935367], [72.5056281999458, 23.01294828746243], [72.50560666961066, 23.01359402000046], [72.50560550701202, 23.013613320412205], [72.50561696921946, 23.01362883784731], [72.50563751723631, 23.013633939112186], [72.50569024501911, 23.013643129770074], [72.50633653835948, 23.013647346238095], [72.5063572918075, 23.013648385587338], [72.50638096604428, 23.013647624852148], [72.50641961023216, 23.013646384163067], [72.50644855093365, 23.013645454550982], [72.50646046747292, 23.013643327713744], [72.50647354082037, 23.01363397999203], [72.50648395327948, 23.01355890568454], [72.50650949317719, 23.012941876409474], [72.5065119783593, 23.01290346945383]]]}}, {"type": "Feature", "properties": {"objectid": 475, "name_of_park": "Manubhai Parmar Garden", "zone_id": 4, "ward_id": 39, "village_division": "Amraiwadi", "road_name": "Amraiwadi Road", "contact_person": "Vishalkumar S. Vasava", "maintained_by": "Mother Dairy", "garden_area": 16188, "plot_area": 0, "structure_type": "Garden", "no_of_trees": 85, "variety_of_trees": 9, "variety_of_shurbs": 9, "internal_walk_way": 1, "walkway_length": 450, "boundary_wall_details": "Compound Wall", "shopping_area": 1, "no_of_shops": 1, "tp_no": "9-Rajpur-Hirpur", "survey_no_fp_no": "29,30,31", "statues": 2, "no_of_statues": 0, "bird_feeder": 2, "no_of_bird_feeders": 0, "phone_number": "7874127452", "play_apparatus": 1, "play_apparatus_type": "Swing,Slider,Rides", "no_of_play_apparatus": 15, "maintenance_trust_details": "Amul Fed", "no_of_benches": 45, "rent_on_shops": 2, "urinal_facilities": 2, "rest_hut": 1, "no_of_rest_huts": 1, "water_connection": 1, "water_connection_size": 1, "sewage_connection": 2, "no_of_water_bodies": 0, "total_area_of_water_bodies": 0, "fountain": 2, "no_of_fountains": 0, "no_of_light_poles": 14, "music_system": 2, "no_of_entry_gates": "1", "water_tank": 1, "water_tank_capacity": 0, "drinking_water_facility": 2, "remarks": "", "address": "Manubhai Parmar Garden , Rajpur Hirpur, Nr.Topi Mill , Gomtipur, Ahmedabad , Gujarat 380021.", "ward": "39_AMRAIWADI", "zone": "EAST ZONE", "road_id": "", "source_of_water2": "", "st_length(shape)": 312.0359432900536}, "geometry": {"type": "Polygon", "coordinates": [[[72.61384413632078, 23.016007831220016], [72.61379584189456, 23.016010326747296], [72.61372554203331, 23.016013959219855], [72.61341702715038, 23.016021228162884], [72.61287781214257, 23.01607034621299], [72.6128448054498, 23.01607335286945], [72.61286294858043, 23.01616460757554], [72.61288031812728, 23.01619721678454], [72.61297621099484, 23.016426177818314], [72.61303185020623, 23.016559026637267], [72.61304838495245, 23.01659850524449], [72.6138711092829, 23.016526044440965], [72.61388571071011, 23.016247104964464], [72.6138885067892, 23.016193696227013], [72.61389254046871, 23.016116630343255], [72.61389799391873, 23.01601242797755], [72.61387825631982, 23.016011223905675], [72.61384413632078, 23.016007831220016]]]}}, {"type": "Feature", "properties": {"objectid": 476, "name_of_park": "Gitabaug Garden", "zone_id": 5, "ward_id": 30, "village_division": "Paldi", "road_name": "Gita Baug Road", "contact_person": "Kanu Bhai ", "maintained_by": "Mother Dairy", "garden_area": 2923.50872754, "plot_area": 0, "structure_type": "Store Room", "no_of_trees": 50, "variety_of_trees": 4, "variety_of_shurbs": 5, "internal_walk_way": 1, "walkway_length": 215, "boundary_wall_details": "Chainlinked", "shopping_area": 2, "no_of_shops": 0, "tp_no": "3-Ellisebridge", "survey_no_fp_no": "772", "statues": 2, "no_of_statues": 0, "bird_feeder": 2, "no_of_bird_feeders": 0, "phone_number": "9725609844", "play_apparatus": 1, "play_apparatus_type": "Children Play", "no_of_play_apparatus": 9, "maintenance_trust_details": "Amul Fed", "no_of_benches": 15, "rent_on_shops": 2, "urinal_facilities": 2, "rest_hut": 2, "no_of_rest_huts": 0, "water_connection": 1, "water_connection_size": 1, "sewage_connection": 2, "no_of_water_bodies": 0, "total_area_of_water_bodies": 0, "fountain": 2, "no_of_fountains": 0, "no_of_light_poles": 7, "music_system": 2, "no_of_entry_gates": "2", "water_tank": 2, "water_tank_capacity": 0, "drinking_water_facility": 2, "remarks": "", "address": "Gitabaug Garden , Nr.Gitabaug Tubewell St..Vajubhai Dave Rd ,  Laxmi Nivas Society, Paldi, Ahmedabad, Gujarat 380007", "ward": "30_PALDI", "zone": "WEST ZONE", "road_id": "", "source_of_water2": "A.M.C. Supply", "st_length(shape)": 219.57141660559475}, "geometry": {"type": "Polygon", "coordinates": [[[72.559379396867, 23.01612897032749], [72.55937243138077, 23.016128862876897], [72.55935689502319, 23.016131847904617], [72.55934985861022, 23.016135679950494], [72.55934298999625, 23.016151697467386], [72.55933713798026, 23.016170241269986], [72.55925412686328, 23.016438799560667], [72.55925187934503, 23.01644640864206], [72.55924031360708, 23.01648068714305], [72.5592343300804, 23.016508970701896], [72.55923746800488, 23.016517125986336], [72.55926964169288, 23.01652606413646], [72.55930384678008, 23.016534359249075], [72.55987495155242, 23.01667285782072], [72.5598913221675, 23.01666844569395], [72.55990382093412, 23.016662189072647], [72.55991299144013, 23.01662578546347], [72.55997361353764, 23.016354422308364], [72.55997231119709, 23.01634078663987], [72.55995257860565, 23.01632944323677], [72.559379396867, 23.01612897032749]]]}}, {"type": "Feature", "properties": {"objectid": 477, "name_of_park": "Keval Public Park\r\n(AUDA Garden)", "zone_id": 7, "ward_id": 20, "village_division": "Jodhpur", "road_name": "Shyamal Cross Road", "contact_person": "Bhavan Thakor", "maintained_by": "Mother Dairy", "garden_area": 1699.91623357, "plot_area": 0, "structure_type": "Garden", "no_of_trees": 70, "variety_of_trees": 6, "variety_of_shurbs": 6, "internal_walk_way": 1, "walkway_length": 30, "boundary_wall_details": "Compound Wall With Chainlink Net", "shopping_area": 2, "no_of_shops": 0, "tp_no": "5-Vejalpur", "survey_no_fp_no": "288", "statues": 2, "no_of_statues": 0, "bird_feeder": 2, "no_of_bird_feeders": 0, "phone_number": "8401085735", "play_apparatus": 1, "play_apparatus_type": "Children Play, GYM Equipment", "no_of_play_apparatus": 6, "maintenance_trust_details": "Amul Fed", "no_of_benches": 28, "rent_on_shops": 2, "urinal_facilities": 1, "rest_hut": 1, "no_of_rest_huts": 3, "water_connection": 2, "water_connection_size": 0, "sewage_connection": 2, "no_of_water_bodies": 0, "total_area_of_water_bodies": 0, "fountain": 2, "no_of_fountains": 0, "no_of_light_poles": 5, "music_system": 2, "no_of_entry_gates": "1", "water_tank": 2, "water_tank_capacity": 0, "drinking_water_facility": 2, "remarks": "", "address": "Keval Public Park , Kenyug Cross Road , Shymal to Manekbaug Road , Jodhpur , Ahmedabad , Gujarat\r\n(AUDA Garden)-Ma Anandmayi Marg, Nehru Nagar, Ambawadi, Ahmedabad, Gujarat 380015,Ahmedabad Gujarat", "ward": "20_JODHPUR", "zone": "SOUTH WEST ZONE", "road_id": "", "source_of_water2": "Tanker", "st_length(shape)": 220.2575506217197}, "geometry": {"type": "Polygon", "coordinates": [[[72.5328170192655, 23.015581922778136], [72.5329234955152, 23.01557363293045], [72.53311990747184, 23.015558340638794], [72.53354048769934, 23.01552559349077], [72.53356015646838, 23.015486376463414], [72.53355898499352, 23.015458834011625], [72.5326558480541, 23.015256335025715], [72.5327761318368, 23.015585106550073], [72.5328170192655, 23.015581922778136]]]}}, {"type": "Feature", "properties": {"objectid": 478, "name_of_park": "Mukta Public Park", "zone_id": 7, "ward_id": 20, "village_division": "Jodhpur", "road_name": "Hethwi Tower Road", "contact_person": "Bhavan Thakor", "maintained_by": "Mother Dairy", "garden_area": 1056.12201456, "plot_area": 0, "structure_type": "Garden", "no_of_trees": 66, "variety_of_trees": 8, "variety_of_shurbs": 7, "internal_walk_way": 1, "walkway_length": 20, "boundary_wall_details": "Fencing", "shopping_area": 2, "no_of_shops": 0, "tp_no": "3-Vejalpur", "survey_no_fp_no": "295", "statues": 2, "no_of_statues": 0, "bird_feeder": 2, "no_of_bird_feeders": 0, "phone_number": "8401085735", "play_apparatus": 1, "play_apparatus_type": "Children Play", "no_of_play_apparatus": 8, "maintenance_trust_details": "Amul Fed", "no_of_benches": 25, "rent_on_shops": 2, "urinal_facilities": 2, "rest_hut": 2, "no_of_rest_huts": 0, "water_connection": 2, "water_connection_size": 0, "sewage_connection": 2, "no_of_water_bodies": 0, "total_area_of_water_bodies": 0, "fountain": 2, "no_of_fountains": 0, "no_of_light_poles": 3, "music_system": 2, "no_of_entry_gates": "1", "water_tank": 1, "water_tank_capacity": 5000, "drinking_water_facility": 2, "remarks": "", "address": "Mukta Public Park , Nr.Ashvamegh Bunglows No.6 , Jodhpur , Ahmedabad  , Gujarat", "ward": "20_JODHPUR", "zone": "SOUTH WEST ZONE", "road_id": "", "source_of_water2": "Tanker", "st_length(shape)": 131.08698103747716}, "geometry": {"type": "Polygon", "coordinates": [[[72.52248494283205, 23.01514005282679], [72.52253699284712, 23.015216868828063], [72.52256775754304, 23.015262272446577], [72.5225866904422, 23.015290384528885], [72.52262242177181, 23.015343440908087], [72.52266225873826, 23.01540259376199], [72.5226712141722, 23.01541403464714], [72.52267812006522, 23.015418086004328], [72.52269031948299, 23.01542524266361], [72.5227030179523, 23.015430386775197], [72.52271821703908, 23.015434407294226], [72.52273610946003, 23.015435083757097], [72.52275153835147, 23.015431598772647], [72.52281826160899, 23.015392962074003], [72.52282823131468, 23.01538711125246], [72.52290536849333, 23.015341847959235], [72.52290642334758, 23.01534122803375], [72.52288079520862, 23.01530436368897], [72.5227630497175, 23.015124752746132], [72.52272554482967, 23.01506766943284], [72.52269099762061, 23.015015085703144], [72.5226797896045, 23.015021883976924], [72.52248494283205, 23.01514005282679]]]}}, {"type": "Feature", "properties": {"objectid": 479, "name_of_park": "Asavalli Garden\r\n(Ashaval Garden)", "zone_id": 1, "ward_id": 28, "village_division": "Khadia", "road_name": "Raipur-Astodiya Road", "contact_person": "Sneha Patel", "maintained_by": "Mother Dairy ", "garden_area": 2867.1605451, "plot_area": 0, "structure_type": "Garden", "no_of_trees": 25, "variety_of_trees": 9, "variety_of_shurbs": 8, "internal_walk_way": 1, "walkway_length": 62, "boundary_wall_details": "Compouind Wall", "shopping_area": 2, "no_of_shops": 0, "tp_no": "2-Kankaria", "survey_no_fp_no": "2-3", "statues": 2, "no_of_statues": 0, "bird_feeder": 2, "no_of_bird_feeders": 0, "phone_number": "7600366798", "play_apparatus": 2, "play_apparatus_type": "", "no_of_play_apparatus": 0, "maintenance_trust_details": "Amul Fed", "no_of_benches": 2, "rent_on_shops": 2, "urinal_facilities": 2, "rest_hut": 2, "no_of_rest_huts": 0, "water_connection": 1, "water_connection_size": 0, "sewage_connection": 2, "no_of_water_bodies": 0, "total_area_of_water_bodies": 0, "fountain": 2, "no_of_fountains": 0, "no_of_light_poles": 21, "music_system": 2, "no_of_entry_gates": "3", "water_tank": 2, "water_tank_capacity": 0, "drinking_water_facility": 2, "remarks": "", "address": "Asavalli Garden , Astodiya Road , Ahmedabad , Gujarat", "ward": "28_KHADIA", "zone": "CENTRAL ZONE", "road_id": "", "source_of_water2": "A.M.C. Supply", "st_length(shape)": 269.3653926979149}, "geometry": {"type": "Polygon", "coordinates": [[[72.59257258992825, 23.016627394258773], [72.5925874456996, 23.016418648918876], [72.5923998836673, 23.016417870344483], [72.59150312687213, 23.016472017125732], [72.59148574316143, 23.01649913125527], [72.5914795092422, 23.016532934129078], [72.59147893029652, 23.01656551946766], [72.59147835134975, 23.016598104806096], [72.59148769855229, 23.0166269294847], [72.59150835669541, 23.01665331910735], [72.59152797741658, 23.0166588322804], [72.59253790397892, 23.016686830381], [72.59255064758841, 23.016673084382916], [72.5925633604676, 23.016657169425073], [72.59257258992825, 23.016627394258773]]]}}, {"type": "Feature", "properties": {"objectid": 480, "name_of_park": "Shramik Kanti Garden", "zone_id": 4, "ward_id": 39, "village_division": "Amraiwadi", "road_name": "Chakudiya Mahadev Temple Road", "contact_person": "Vishalkumar S. Vasava", "maintained_by": "Mother Dairy", "garden_area": 14088.99651926, "plot_area": 0, "structure_type": "Garden", "no_of_trees": 70, "variety_of_trees": 9, "variety_of_shurbs": 11, "internal_walk_way": 1, "walkway_length": 300, "boundary_wall_details": "Compound Wall", "shopping_area": 1, "no_of_shops": 1, "tp_no": "10-Rakhial", "survey_no_fp_no": "67 ", "statues": 2, "no_of_statues": 0, "bird_feeder": 2, "no_of_bird_feeders": 0, "phone_number": "7874127452", "play_apparatus": 1, "play_apparatus_type": "Swing,Slider,Rides", "no_of_play_apparatus": 8, "maintenance_trust_details": "Amul Fed", "no_of_benches": 9, "rent_on_shops": 2, "urinal_facilities": 2, "rest_hut": 1, "no_of_rest_huts": 1, "water_connection": 1, "water_connection_size": 1, "sewage_connection": 2, "no_of_water_bodies": 0, "total_area_of_water_bodies": 0, "fountain": 2, "no_of_fountains": 0, "no_of_light_poles": 7, "music_system": 2, "no_of_entry_gates": "1", "water_tank": 2, "water_tank_capacity": 0, "drinking_water_facility": 2, "remarks": "", "address": "Shramik Kanti Garden , Nr.Chakudia Mahadev  , Ahmedabad ,  Gujarat 380038.", "ward": "39_AMRAIWADI", "zone": "EAST ZONE", "road_id": "", "source_of_water2": "", "st_length(shape)": 480.711649996645}, "geometry": {"type": "Polygon", "coordinates": [[[72.62578873618976, 23.015768774651434], [72.62558233036441, 23.016143830715173], [72.6252604386807, 23.016750115357304], [72.6252034830579, 23.016857391599277], [72.62518858468205, 23.016880683220155], [72.62517471595069, 23.016911061930827], [72.62517354365977, 23.016913341961896], [72.62517306839237, 23.016914527427524], [72.62517259416326, 23.01691570929755], [72.62517148191054, 23.016920073893367], [72.62517112755742, 23.01692454556224], [72.62517153889918, 23.016929013376732], [72.62517270522068, 23.016933365228734], [72.62517459819239, 23.016937492356945], [72.62517717084779, 23.016941292039906], [72.62518035854274, 23.01694466851321], [72.62518408082639, 23.01694753751161], [72.62518824531, 23.01694982813266], [72.6251927476826, 23.016951481934157], [72.62519418557203, 23.01695185651198], [72.62519803612648, 23.016952859541128], [72.62519868840847, 23.016953261147343], [72.62520024214123, 23.016954149351815], [72.62520182505216, 23.016954986534625], [72.62520343423186, 23.01695577174926], [72.62520506776185, 23.016956503161374], [72.62520672172603, 23.016957181614934], [72.62553126003463, 23.01703964831468], [72.62594483929338, 23.017147325061785], [72.626141524111, 23.017194716651662], [72.6261911821989, 23.01720733445853], [72.62619141114025, 23.017206736628093], [72.62620695957725, 23.017166143448797], [72.6263477647446, 23.016798537295035], [72.62653124776273, 23.016358137330894], [72.62664012673432, 23.01607093560758], [72.62578873618976, 23.015768774651434]]]}}, {"type": "Feature", "properties": {"objectid": 481, "name_of_park": "Visvamitra Public Park", "zone_id": 7, "ward_id": 20, "village_division": "Jodhpur", "road_name": "Bandhan Party Plot Road", "contact_person": "Bhavan Thakor", "maintained_by": "Mother Dairy", "garden_area": 2759.54545466, "plot_area": 0, "structure_type": "Garden", "no_of_trees": 153, "variety_of_trees": 7, "variety_of_shurbs": 8, "internal_walk_way": 1, "walkway_length": 100, "boundary_wall_details": "Compound Wall With Chainlink Net", "shopping_area": 2, "no_of_shops": 0, "tp_no": "5-Vejalpur", "survey_no_fp_no": "294", "statues": 2, "no_of_statues": 0, "bird_feeder": 2, "no_of_bird_feeders": 0, "phone_number": "8401085735", "play_apparatus": 1, "play_apparatus_type": "Children Play", "no_of_play_apparatus": 15, "maintenance_trust_details": "Amul Fed", "no_of_benches": 11, "rent_on_shops": 2, "urinal_facilities": 2, "rest_hut": 2, "no_of_rest_huts": 0, "water_connection": 2, "water_connection_size": 0, "sewage_connection": 1, "no_of_water_bodies": 0, "total_area_of_water_bodies": 0, "fountain": 2, "no_of_fountains": 0, "no_of_light_poles": 5, "music_system": 2, "no_of_entry_gates": "1", "water_tank": 1, "water_tank_capacity": 5000, "drinking_water_facility": 2, "remarks": "", "address": "Visvamitra Public Park ,Nr. Bandhan Water Tank , Opp. Bandhan Party Plot , Ahmedabad  , Gujarat", "ward": "20_JODHPUR", "zone": "SOUTH WEST ZONE", "road_id": "", "source_of_water2": "Tanker", "st_length(shape)": 202.9438238984535}, "geometry": {"type": "Polygon", "coordinates": [[[72.52555008249197, 23.017846683690948], [72.52554901659943, 23.017789567828437], [72.52554894363708, 23.017785657762374], [72.52552605416672, 23.017786603321266], [72.52537499114884, 23.017784271130807], [72.52524536538341, 23.017782544966817], [72.5250780991397, 23.01778080039135], [72.52481758203385, 23.01777754703869], [72.52481851643013, 23.017780533523048], [72.52482587172398, 23.01780404707383], [72.5248440084461, 23.017862558445596], [72.52487787577151, 23.017972859552213], [72.52488910002317, 23.017976664229888], [72.52500891192399, 23.01801427238635], [72.52510456745875, 23.018045724028227], [72.52515457733394, 23.018061722291893], [72.52519213330561, 23.018074440105863], [72.52526435425933, 23.018096686192905], [72.5253962310472, 23.018139024556177], [72.52543857209024, 23.018118711371894], [72.52555290796883, 23.01806796309737], [72.52555089583097, 23.01789022721038], [72.52555008249197, 23.017846683690948]]]}}, {"type": "Feature", "properties": {"objectid": 482, "name_of_park": "Sukan Udhyan", "zone_id": 5, "ward_id": 18, "village_division": "Navrangpura", "road_name": "Tapovan Society Road", "contact_person": "Kanu Bhai", "maintained_by": "Torrent", "garden_area": 8480.5942288, "plot_area": 0, "structure_type": "Garden", "no_of_trees": 23, "variety_of_trees": 4, "variety_of_shurbs": 5, "internal_walk_way": 1, "walkway_length": 500, "boundary_wall_details": "Chainlinked", "shopping_area": 2, "no_of_shops": 0, "tp_no": "21-Ambawadi", "survey_no_fp_no": "601", "statues": 2, "no_of_statues": 0, "bird_feeder": 2, "no_of_bird_feeders": 0, "phone_number": "9824444663", "play_apparatus": 1, "play_apparatus_type": "Children Play", "no_of_play_apparatus": 6, "maintenance_trust_details": "Torrent", "no_of_benches": 15, "rent_on_shops": 2, "urinal_facilities": 1, "rest_hut": 1, "no_of_rest_huts": 1, "water_connection": 1, "water_connection_size": 1, "sewage_connection": 1, "no_of_water_bodies": 0, "total_area_of_water_bodies": 0, "fountain": 2, "no_of_fountains": 0, "no_of_light_poles": 6, "music_system": 2, "no_of_entry_gates": "2", "water_tank": 1, "water_tank_capacity": 15000, "drinking_water_facility": 2, "remarks": "", "address": "Sukan Udhyan , Nr. Tapovan Soc., Manek Baug West,Ahmedabad , Gujarat", "ward": "18_NAVRANGPURA", "zone": "WEST ZONE", "road_id": "", "source_of_water2": "A.M.C. Supply , Borewell", "st_length(shape)": 397.1358436068968}, "geometry": {"type": "Polygon", "coordinates": [[[72.54019121340953, 23.01960965089347], [72.54108792848686, 23.01968091704344], [72.54112325635853, 23.019668089953544], [72.54114193453692, 23.019662647742965], [72.54125547418172, 23.01943511112447], [72.54132897032305, 23.01925281141652], [72.54133609732666, 23.01920132937251], [72.54086151794912, 23.01913185004576], [72.54089939113152, 23.018864919945784], [72.54090054931258, 23.018858011062555], [72.54073944998599, 23.01883674739795], [72.54051903701495, 23.01880765351414], [72.54051970466335, 23.01880122720798], [72.54030041167394, 23.018783031415573], [72.54021525644005, 23.018775965818836], [72.54019652054646, 23.019569477507055], [72.54019121340953, 23.01960965089347]]]}}, {"type": "Feature", "properties": {"objectid": 483, "name_of_park": "Parimal Garden\r\n(Parimal Garden)", "zone_id": 5, "ward_id": 18, "village_division": "Navrangpura", "road_name": "Parimal Underpass Road", "contact_person": "Sunil Bhai", "maintained_by": "Torrent Ltd.", "garden_area": 37774.48552525, "plot_area": 0, "structure_type": "Garden", "no_of_trees": 700, "variety_of_trees": 4, "variety_of_shurbs": 5, "internal_walk_way": 1, "walkway_length": 1500, "boundary_wall_details": "Chainlinked", "shopping_area": 2, "no_of_shops": 0, "tp_no": "3-Ellisebridge", "survey_no_fp_no": "675/1", "statues": 1, "no_of_statues": 1, "bird_feeder": 1, "no_of_bird_feeders": 6, "phone_number": "9824444663", "play_apparatus": 1, "play_apparatus_type": "Children Play, GYM Equipment", "no_of_play_apparatus": 16, "maintenance_trust_details": "Torrent", "no_of_benches": 210, "rent_on_shops": 2, "urinal_facilities": 1, "rest_hut": 1, "no_of_rest_huts": 1, "water_connection": 1, "water_connection_size": 2, "sewage_connection": 1, "no_of_water_bodies": 0, "total_area_of_water_bodies": 0, "fountain": 1, "no_of_fountains": 4, "no_of_light_poles": 44, "music_system": 2, "no_of_entry_gates": "4", "water_tank": 1, "water_tank_capacity": 50000, "drinking_water_facility": 1, "remarks": "", "address": "Parimal Garden , Parimal Underpass Road , Navarangpura , Ahmedabad , Gujarat\r\n(Parimal Garden)-Nr.Chadavad Police chowki Parimal Cross Road, Ambawadi, Panchavati Society, Ambawadi, Ahmedabad, Gujarat 380006,Ahmedabad Gujarat", "ward": "18_NAVRANGPURA", "zone": "WEST ZONE", "road_id": "", "source_of_water2": "A.M.C. Supply", "st_length(shape)": 778.4022968748991}, "geometry": {"type": "Polygon", "coordinates": [[[72.55665330840206, 23.021385025333473], [72.5568224334998, 23.020933870020674], [72.55685912399974, 23.020847190435994], [72.55717946899313, 23.020025188007217], [72.55724998193, 23.019815817077145], [72.55725965334234, 23.019794427257132], [72.55726531246168, 23.01977183979776], [72.55726679953557, 23.019748693198654], [72.55726407249858, 23.019725644026238], [72.5572572083536, 23.019703344365777], [72.55724640053927, 23.01968242553095], [72.55723195728866, 23.01966348088589], [72.557214285395, 23.01964704663656], [72.55719388657174, 23.019633587330215], [72.557111783807, 23.019593027389664], [72.55708840917295, 23.019581687859834], [72.55690073741889, 23.019490642409302], [72.55663712938053, 23.019369530814224], [72.55646525287906, 23.01931313244845], [72.55627816017298, 23.019313299237325], [72.55624590635526, 23.019313327310396], [72.556163202565, 23.019320410250945], [72.55601929290405, 23.019358792664047], [72.55596909092559, 23.019376486818047], [72.55583750334267, 23.019422863856256], [72.55526855844673, 23.01964120348089], [72.55525002031354, 23.01965177458149], [72.55534749257335, 23.01988958039629], [72.55516449627841, 23.019973995822035], [72.55521768574569, 23.02017259170559], [72.5551458116115, 23.020208743549066], [72.55518337068763, 23.02030104522856], [72.5550740442695, 23.0203436453532], [72.5550639598494, 23.020346278142068], [72.55508557509009, 23.02040080897551], [72.55522743535701, 23.020776574866197], [72.55518419587696, 23.02082750068135], [72.55520827277317, 23.020866089657492], [72.5552652680997, 23.020910919951895], [72.55545290156319, 23.021038026059657], [72.55558938780001, 23.0211395001478], [72.55560386950694, 23.021137812769055], [72.5556373909596, 23.021110623006564], [72.55596822010644, 23.021310643289365], [72.55637760705508, 23.021507276009768], [72.5564581024869, 23.021544313334395], [72.55656311698249, 23.02159263299891], [72.55665330840206, 23.021385025333473]]]}}, {"type": "Feature", "properties": {"objectid": 484, "name_of_park": "Varahi Public Park", "zone_id": 7, "ward_id": 20, "village_division": "Jodhpur", "road_name": "Prernatirth Derasar Road", "contact_person": "Bhavan Thakor", "maintained_by": "Mother Dairy", "garden_area": 1769.00357209, "plot_area": 0, "structure_type": "Garden", "no_of_trees": 70, "variety_of_trees": 6, "variety_of_shurbs": 6, "internal_walk_way": 1, "walkway_length": 130, "boundary_wall_details": "Compound Wall With Chainlink Net", "shopping_area": 2, "no_of_shops": 0, "tp_no": "5-Vejalpur", "survey_no_fp_no": "291", "statues": 2, "no_of_statues": 0, "bird_feeder": 1, "no_of_bird_feeders": 1, "phone_number": "8401085735", "play_apparatus": 1, "play_apparatus_type": "Children Play", "no_of_play_apparatus": 6, "maintenance_trust_details": "Amul Fed", "no_of_benches": 25, "rent_on_shops": 2, "urinal_facilities": 2, "rest_hut": 2, "no_of_rest_huts": 0, "water_connection": 2, "water_connection_size": 0, "sewage_connection": 2, "no_of_water_bodies": 0, "total_area_of_water_bodies": 0, "fountain": 2, "no_of_fountains": 0, "no_of_light_poles": 6, "music_system": 2, "no_of_entry_gates": "1", "water_tank": 1, "water_tank_capacity": 5000, "drinking_water_facility": 2, "remarks": "", "address": "Varahi Public Park-17, Jodhpur Gam Road , Nr. JIvan Sathi Party Plot , Jodhpur, Ahmedabad, Gujarat 380015", "ward": "20_JODHPUR", "zone": "SOUTH WEST ZONE", "road_id": "", "source_of_water2": "Tanker", "st_length(shape)": 179.06975245789735}, "geometry": {"type": "Polygon", "coordinates": [[[72.5237669000781, 23.018596193046914], [72.52370061030409, 23.01859506242934], [72.52354786224618, 23.018595452739802], [72.52346615805605, 23.018595661443534], [72.52349424223212, 23.019138039020547], [72.52353744941718, 23.019137822592], [72.52372955943751, 23.01913685775416], [72.52374479828416, 23.019136484225317], [72.52375471436096, 23.01913230171521], [72.52376157985105, 23.019128807197024], [72.52377404851806, 23.01911921833246], [72.52378703376608, 23.019107511569377], [72.52379289575211, 23.019099529103286], [72.52379470425504, 23.01909353243771], [72.52378934209554, 23.01899242502119], [72.52378719696429, 23.018951986022316], [72.52378141941588, 23.018838916041222], [72.52376989001048, 23.01864617653722], [72.5237669000781, 23.018596193046914]]]}}, {"type": "Feature", "properties": {"objectid": 485, "name_of_park": "Vedant Public Park", "zone_id": 7, "ward_id": 20, "village_division": "Jodhpur", "road_name": "D Mart Road", "contact_person": "Nisarg Bhai", "maintained_by": "A-One School", "garden_area": 1247.93975749, "plot_area": 0, "structure_type": "Garden", "no_of_trees": 40, "variety_of_trees": 4, "variety_of_shurbs": 2, "internal_walk_way": 1, "walkway_length": 38, "boundary_wall_details": "Compound Wall", "shopping_area": 2, "no_of_shops": 0, "tp_no": "5-Vejalpur", "survey_no_fp_no": "295", "statues": 2, "no_of_statues": 0, "bird_feeder": 2, "no_of_bird_feeders": 0, "phone_number": "9825545926", "play_apparatus": 1, "play_apparatus_type": "Children Play", "no_of_play_apparatus": 5, "maintenance_trust_details": "A-One School", "no_of_benches": 5, "rent_on_shops": 2, "urinal_facilities": 2, "rest_hut": 2, "no_of_rest_huts": 0, "water_connection": 1, "water_connection_size": 1, "sewage_connection": 2, "no_of_water_bodies": 0, "total_area_of_water_bodies": 0, "fountain": 2, "no_of_fountains": 0, "no_of_light_poles": 0, "music_system": 2, "no_of_entry_gates": "2", "water_tank": 2, "water_tank_capacity": 0, "drinking_water_facility": 2, "remarks": "", "address": "Vedant Public Park , Nr. A-One School , Opp. D-Mart , Nr. JIvandhara Society , Jodhpur ,  Ahmedabad , Gujarat", "ward": "20_JODHPUR", "zone": "SOUTH WEST ZONE", "road_id": "", "source_of_water2": "A.M.C. Supply", "st_length(shape)": 135.70502361611608}, "geometry": {"type": "Polygon", "coordinates": [[[72.52837671720512, 23.018839684026254], [72.52837525565286, 23.018807839068607], [72.52836814990513, 23.01880793568382], [72.52806736601154, 23.01881203968376], [72.52808007616399, 23.019149200656617], [72.52811882276028, 23.019150198796304], [72.5281792652014, 23.01915175529849], [72.52830671559272, 23.0191550367168], [72.52832154643107, 23.01915388090362], [72.52833401317528, 23.019151066803662], [72.52835147724211, 23.019143656314775], [72.52835958651079, 23.019139659228454], [72.52836645226671, 23.019135074880065], [72.52837145038771, 23.019129899837793], [72.52837832934414, 23.019120687269012], [72.52838271297857, 23.019112038753825], [72.52838836814097, 23.019093562850486], [72.52838800103142, 23.019085562314462], [72.52837671720512, 23.018839684026254]]]}}, {"type": "Feature", "properties": {"objectid": 486, "name_of_park": "Late Harishkumar Vaghela (Harish Dabhi) Udhyan\r\nDabhi Udhyan", "zone_id": 4, "ward_id": 38, "village_division": "Gomtipur", "road_name": "Rakhiyal Road", "contact_person": "Harsal J. Tala", "maintained_by": "Mother Dairy", "garden_area": 11405, "plot_area": 0, "structure_type": "Garden", "no_of_trees": 119, "variety_of_trees": 6, "variety_of_shurbs": 3, "internal_walk_way": 1, "walkway_length": 243, "boundary_wall_details": "Compound Wall", "shopping_area": 1, "no_of_shops": 1, "tp_no": "16-Shaherkotda", "survey_no_fp_no": "204", "statues": 2, "no_of_statues": 0, "bird_feeder": 1, "no_of_bird_feeders": 1, "phone_number": "8469840162", "play_apparatus": 1, "play_apparatus_type": "Swing,Siso,Loopring", "no_of_play_apparatus": 3, "maintenance_trust_details": "Mother Dairy", "no_of_benches": 7, "rent_on_shops": 2, "urinal_facilities": 2, "rest_hut": 2, "no_of_rest_huts": 0, "water_connection": 1, "water_connection_size": 1.75, "sewage_connection": 2, "no_of_water_bodies": 0, "total_area_of_water_bodies": 0, "fountain": 2, "no_of_fountains": 0, "no_of_light_poles": 4, "music_system": 2, "no_of_entry_gates": "1", "water_tank": 2, "water_tank_capacity": 0, "drinking_water_facility": 2, "remarks": "", "address": "Late Shree Harishbhai Dabhi  , Nr.Hathikhai Tank , Rakhiyal , Ahmedabad , Gujarat 380021.\r\nDabhi Udhyan-Rajpur Rd, Gomtipur Police Lines, Gomtipur, Ahmedabad, Gujarat 380021,Ahmedabad Gujarat", "ward": "38_GOMTIPUR", "zone": "EAST ZONE", "road_id": "", "source_of_water2": "", "st_length(shape)": 381.6802652627845}, "geometry": {"type": "Polygon", "coordinates": [[[72.60944205179725, 23.020725675966542], [72.60943215839633, 23.020898564784368], [72.60943148623129, 23.020901670165166], [72.60943092866427, 23.02090480345873], [72.60943048579081, 23.020907959249772], [72.60943015860191, 23.02091113665044], [72.60942994624988, 23.02091432842561], [72.60942985167586, 23.02091753371693], [72.60942987203423, 23.02092074796743], [72.60943000837965, 23.02092396667909], [72.60943026175093, 23.020927186256404], [72.60943063024564, 23.020930403962293], [72.60943111300017, 23.020933613464127], [72.60943171004634, 23.020936812956823], [72.6094324205046, 23.02093999701029], [72.6094332453978, 23.020943162931648], [72.60943418087338, 23.020946307954276], [72.60943522702684, 23.020949426662874], [72.60943638197173, 23.020952515417736], [72.60943764575583, 23.02095557151122], [72.60943901454243, 23.02095859127417], [72.60944048844304, 23.020961568388707], [72.60944206550745, 23.020964502825375], [72.60944374289002, 23.020967390027202], [72.60944551873615, 23.020970224549398], [72.60944739109563, 23.020973006362482], [72.60944935910483, 23.020975729133852], [72.60945060831824, 23.02097734414954], [72.60952158004092, 23.02101462044254], [72.60952099394332, 23.021017988934332], [72.60987166858841, 23.021107880314485], [72.61016400096328, 23.0211828150152], [72.61084468783936, 23.02135729699335], [72.61088774593111, 23.0211427565193], [72.61094385005426, 23.020945147226954], [72.61025136792702, 23.020839332830914], [72.60948264774703, 23.020705419567996], [72.60944205179725, 23.020725675966542]]]}}, {"type": "Feature", "properties": {"objectid": 487, "name_of_park": "Lokmanya Tilak Garden", "zone_id": 1, "ward_id": 29, "village_division": "Jamalpur", "road_name": "Lokmanya Tilak Road", "contact_person": "", "maintained_by": "Torrent Power", "garden_area": 27442.65889947, "plot_area": 0, "structure_type": "Garden", "no_of_trees": 0, "variety_of_trees": 0, "variety_of_shurbs": 0, "internal_walk_way": 2, "walkway_length": 0, "boundary_wall_details": "Compouind Wall", "shopping_area": 2, "no_of_shops": 0, "tp_no": "Walled City", "survey_no_fp_no": " ", "statues": 2, "no_of_statues": 0, "bird_feeder": 2, "no_of_bird_feeders": 0, "phone_number": "", "play_apparatus": 2, "play_apparatus_type": "", "no_of_play_apparatus": 0, "maintenance_trust_details": "Torrent Power", "no_of_benches": 0, "rent_on_shops": 2, "urinal_facilities": 2, "rest_hut": 2, "no_of_rest_huts": 0, "water_connection": 2, "water_connection_size": 0, "sewage_connection": 2, "no_of_water_bodies": 0, "total_area_of_water_bodies": 0, "fountain": 2, "no_of_fountains": 0, "no_of_light_poles": 0, "music_system": 2, "no_of_entry_gates": "1", "water_tank": 2, "water_tank_capacity": 0, "drinking_water_facility": 2, "remarks": "Redevelopment", "address": "Lokmanya Tilak Garden , Nr.Elige bridge laldarwaja, Jijabai Marg, Raikhad, Ahmedabad, Gujarat 380001", "ward": "29_JAMALPUR", "zone": "CENTRAL ZONE", "road_id": "", "source_of_water2": "", "st_length(shape)": 673.658301989303}, "geometry": {"type": "Polygon", "coordinates": [[[72.58005893200627, 23.021886033945066], [72.58005981379283, 23.021576483516913], [72.58006093945218, 23.021513441603343], [72.57996338021027, 23.02114686156195], [72.57985489996902, 23.02073924648882], [72.57974353969891, 23.02047240732919], [72.57958642082201, 23.02060042160087], [72.5794682676001, 23.020453863949943], [72.57900604919502, 23.020507954041534], [72.57894414431547, 23.02050571926393], [72.57881399906528, 23.020501019960815], [72.57860472812953, 23.020518354163805], [72.57853491742021, 23.02052413676316], [72.57853454596379, 23.020631617712215], [72.57837752361472, 23.020650772411916], [72.57836725744782, 23.020755518126848], [72.57829180410144, 23.020785550431032], [72.57824384411947, 23.02078338260009], [72.57806596263683, 23.02075683406244], [72.57795048143487, 23.02121176800939], [72.57816053220347, 23.021587606700553], [72.57827379386337, 23.021706798501373], [72.57857211965229, 23.021821719263762], [72.57877131532294, 23.021851998857407], [72.57905798805186, 23.021839188573598], [72.57922678856393, 23.021837471959458], [72.57941228303766, 23.02185464217338], [72.57963753830771, 23.021899651077522], [72.57986790509925, 23.021893122377453], [72.58005893200627, 23.021886033945066]]]}}, {"type": "Feature", "properties": {"objectid": 488, "name_of_park": "Sheth B G Park\r\n (Bhikhabhai Garden)", "zone_id": 5, "ward_id": 18, "village_division": "Navrangpura", "road_name": "Ellis Bridge", "contact_person": "Sunil Bhai", "maintained_by": "Mother Dairy", "garden_area": 16133.64279346, "plot_area": 0, "structure_type": "Garden", "no_of_trees": 0, "variety_of_trees": 0, "variety_of_shurbs": 0, "internal_walk_way": 2, "walkway_length": 0, "boundary_wall_details": "Compouind Wall", "shopping_area": 2, "no_of_shops": 0, "tp_no": "3-Ellisebridge", "survey_no_fp_no": "524", "statues": 2, "no_of_statues": 0, "bird_feeder": 2, "no_of_bird_feeders": 0, "phone_number": "", "play_apparatus": 2, "play_apparatus_type": "", "no_of_play_apparatus": 0, "maintenance_trust_details": "", "no_of_benches": 0, "rent_on_shops": 2, "urinal_facilities": 2, "rest_hut": 2, "no_of_rest_huts": 0, "water_connection": 2, "water_connection_size": 0, "sewage_connection": 2, "no_of_water_bodies": 0, "total_area_of_water_bodies": 0, "fountain": 2, "no_of_fountains": 0, "no_of_light_poles": 0, "music_system": 2, "no_of_entry_gates": "0", "water_tank": 2, "water_tank_capacity": 0, "drinking_water_facility": 2, "remarks": "", "address": "Sheth B G Park , Ahmedabad\r\n (Bhikhabhai Garden)- Nr.Ellisbridge Near River Front, Behind UKO Bank, Ashram Rd, Ellisbridge, Ahmedabad, Gujarat 380009,Ahmedabad Gujarat", "ward": "18_NAVRANGPURA", "zone": "WEST ZONE", "road_id": "", "source_of_water2": "", "st_length(shape)": 823.1351334642235}, "geometry": {"type": "Polygon", "coordinates": [[[72.57321077508865, 23.02285656573322], [72.57319623791246, 23.022843861824438], [72.57273794880098, 23.022842562648993], [72.57270929068021, 23.02368760935493], [72.57268521773403, 23.02420699134454], [72.57266931620715, 23.025089419875936], [72.57266232408391, 23.025364479447582], [72.5726509205945, 23.025540104617555], [72.57255195152521, 23.0258787225957], [72.57247495553331, 23.026143152713093], [72.57257588397655, 23.026156167019295], [72.5727933763984, 23.026174277912958], [72.57281625366208, 23.02614415941954], [72.57310764187721, 23.024643813915663], [72.57322502283431, 23.02388469403909], [72.57324094912354, 23.023603884383725], [72.57325880637687, 23.022952548201385], [72.57323513427744, 23.022891036397997], [72.57321077508865, 23.02285656573322]]]}}, {"type": "Feature", "properties": {"objectid": 489, "name_of_park": "Marichi Public Park\r\n (Auda Garden)", "zone_id": 7, "ward_id": 20, "village_division": "Jodhpur", "road_name": "Mahabaleshwar Road", "contact_person": "Bhavan Thakor", "maintained_by": "Mother Dairy", "garden_area": 2739.95481521, "plot_area": 0, "structure_type": "Garden", "no_of_trees": 98, "variety_of_trees": 6, "variety_of_shurbs": 6, "internal_walk_way": 1, "walkway_length": 190, "boundary_wall_details": "Compound Wall With Chainlink Net", "shopping_area": 2, "no_of_shops": 0, "tp_no": "5-Vejalpur", "survey_no_fp_no": "284", "statues": 2, "no_of_statues": 0, "bird_feeder": 1, "no_of_bird_feeders": 1, "phone_number": "8401085735", "play_apparatus": 1, "play_apparatus_type": "Children Play", "no_of_play_apparatus": 11, "maintenance_trust_details": "Amul Fed", "no_of_benches": 27, "rent_on_shops": 2, "urinal_facilities": 2, "rest_hut": 2, "no_of_rest_huts": 0, "water_connection": 1, "water_connection_size": 0.5, "sewage_connection": 2, "no_of_water_bodies": 0, "total_area_of_water_bodies": 0, "fountain": 2, "no_of_fountains": 0, "no_of_light_poles": 9, "music_system": 2, "no_of_entry_gates": "1", "water_tank": 1, "water_tank_capacity": 5000, "drinking_water_facility": 2, "remarks": "", "address": "Marichi Public Park , Opp. Maulik Tenament , Mahabaleshwar Road , Jodhpur , Ahmedabad , Gujarat\r\n (Auda Garden)-Opp Maulik Tenaments, Mahabaleswar Rd, Jodhpur Village, Jodhpur, Ahmedabad, Gujarat 380015,Ahmedabad Gujarat", "ward": "20_JODHPUR", "zone": "SOUTH WEST ZONE", "road_id": "", "source_of_water2": "A.M.C. Supply, Tanker", "st_length(shape)": 250.5413976128436}, "geometry": {"type": "Polygon", "coordinates": [[[72.52760481800524, 23.020948281658303], [72.52747816607484, 23.020946318320895], [72.52748645300935, 23.02140896695426], [72.5274865110837, 23.021412198820702], [72.52749119188995, 23.021673540896938], [72.52749407798113, 23.02183465547824], [72.52749699611229, 23.02184312193238], [72.52750123932088, 23.021851008092153], [72.52750669688842, 23.02185810818313], [72.52751322640997, 23.021864236941855], [72.52752065751001, 23.021869234449962], [72.52752879628805, 23.021872970306916], [72.52753764077758, 23.021875622185178], [72.52754677974208, 23.021876940055133], [72.52755444224404, 23.021877010559304], [72.5275620564646, 23.02187614884462], [72.52756950941205, 23.02187436769854], [72.52757934005042, 23.02187337756542], [72.52758428224053, 23.021872879758998], [72.52769644918213, 23.021854238797676], [72.52769875888376, 23.02185385511652], [72.52771303385555, 23.02185148280858], [72.5277894781233, 23.02183877876644], [72.52783236270479, 23.021831651912752], [72.5278273959955, 23.021802697874055], [72.52770979527595, 23.021117137844293], [72.52760481800524, 23.020948281658303]]]}}, {"type": "Feature", "properties": {"objectid": 490, "name_of_park": "Mahara Public Park", "zone_id": 7, "ward_id": 20, "village_division": "Jodhpur", "road_name": "Shree shree Ravishankar School Road", "contact_person": "Bhavan Thakor", "maintained_by": "Mother Dairy", "garden_area": 2573.49850705, "plot_area": 0, "structure_type": "Garden", "no_of_trees": 87, "variety_of_trees": 9, "variety_of_shurbs": 7, "internal_walk_way": 1, "walkway_length": 180, "boundary_wall_details": "Compound Wall With Chainlink Net", "shopping_area": 2, "no_of_shops": 0, "tp_no": "5-Vejalpur", "survey_no_fp_no": "273", "statues": 2, "no_of_statues": 0, "bird_feeder": 2, "no_of_bird_feeders": 0, "phone_number": "8401085735", "play_apparatus": 1, "play_apparatus_type": "Children Play", "no_of_play_apparatus": 11, "maintenance_trust_details": "Amul Fed", "no_of_benches": 24, "rent_on_shops": 2, "urinal_facilities": 2, "rest_hut": 2, "no_of_rest_huts": 0, "water_connection": 2, "water_connection_size": 0, "sewage_connection": 2, "no_of_water_bodies": 0, "total_area_of_water_bodies": 0, "fountain": 2, "no_of_fountains": 0, "no_of_light_poles": 5, "music_system": 2, "no_of_entry_gates": "1", "water_tank": 1, "water_tank_capacity": 5000, "drinking_water_facility": 2, "remarks": "", "address": "Mahara Public Park ,Pintu NIi Gali , Opp. Ravishankar School , Jodhpur , Ahmedabad , Gujarat", "ward": "20_JODHPUR", "zone": "SOUTH WEST ZONE", "road_id": "", "source_of_water2": "Tanker", "st_length(shape)": 293.1046512302991}, "geometry": {"type": "Polygon", "coordinates": [[[72.53234763835327, 23.022088573111983], [72.53235990519839, 23.022092571403746], [72.53238921622878, 23.022093054840013], [72.53240417887211, 23.022093301798687], [72.53252096962783, 23.02209522750349], [72.5325261873152, 23.02195810880018], [72.53252806888908, 23.021908655335068], [72.53260598048986, 23.021909144848316], [72.53265490624486, 23.02190945212097], [72.53264793316436, 23.021887145460994], [72.5326253393586, 23.021814866773767], [72.5326064145407, 23.021754327893447], [72.53263106414724, 23.021745562946197], [72.53284787448584, 23.02166847200741], [72.53287344191361, 23.021659380995757], [72.53290509860304, 23.021648124447434], [72.53290646508134, 23.021647638410247], [72.53296390168583, 23.02164969244987], [72.53304327042498, 23.021652530867843], [72.53308653137316, 23.021654077609387], [72.53305950573836, 23.02155933876525], [72.53288475528471, 23.021558241916622], [72.5328306191675, 23.021557902207288], [72.53271354968463, 23.02155716766709], [72.53211445261353, 23.02155766654756], [72.53210770922695, 23.021557672379473], [72.53211172942297, 23.021568117706384], [72.53213433088146, 23.02162683715915], [72.53214508683946, 23.021650657194726], [72.53216221306698, 23.021688588302297], [72.53225245972547, 23.02188846190999], [72.53234763835327, 23.022088573111983]]]}}, {"type": "Feature", "properties": {"objectid": 491, "name_of_park": "Sardarbaug Garden\r\nDarwaja Garden", "zone_id": 1, "ward_id": 29, "village_division": "Laldarwaja", "road_name": "Rupali Cinema Road", "contact_person": "Dhiral Ben", "maintained_by": "Mother Dairy", "garden_area": 42035.59844256, "plot_area": 0, "structure_type": "Garden", "no_of_trees": 85, "variety_of_trees": 7, "variety_of_shurbs": 8, "internal_walk_way": 1, "walkway_length": 610, "boundary_wall_details": "Compouind Wall", "shopping_area": 2, "no_of_shops": 0, "tp_no": "Walled City", "survey_no_fp_no": "4253", "statues": 1, "no_of_statues": 1, "bird_feeder": 2, "no_of_bird_feeders": 0, "phone_number": "8758503066", "play_apparatus": 2, "play_apparatus_type": "", "no_of_play_apparatus": 0, "maintenance_trust_details": "Amul Fed", "no_of_benches": 12, "rent_on_shops": 1, "urinal_facilities": 1, "rest_hut": 2, "no_of_rest_huts": 0, "water_connection": 1, "water_connection_size": 0.5, "sewage_connection": 2, "no_of_water_bodies": 0, "total_area_of_water_bodies": 0, "fountain": 2, "no_of_fountains": 0, "no_of_light_poles": 0, "music_system": 2, "no_of_entry_gates": "2", "water_tank": 2, "water_tank_capacity": 0, "drinking_water_facility": 2, "remarks": "", "address": "Sardarbaug Garden , Opp. Rupali Cinema , Laldarwaja , Ahmedabad , Gujarat\r\nDarwaja Garden-Lal Darwaja, Ahmedabad, Gujarat 380001,Ahmedabad Gujarat", "ward": "29_JAMALPUR", "zone": "CENTRAL ZONE", "road_id": "", "source_of_water2": "Pumping Station", "st_length(shape)": 939.650718042496}, "geometry": {"type": "Polygon", "coordinates": [[[72.58033569261246, 23.02638549137878], [72.58035390108536, 23.02594387767936], [72.57907879892367, 23.025926742492793], [72.57909417728725, 23.02516737736494], [72.5779042856417, 23.025107359975078], [72.5778492674784, 23.0270590823794], [72.57838840706171, 23.027089138590465], [72.57845609942223, 23.02709276150401], [72.58000936620593, 23.02717590002108], [72.58005622957484, 23.02717646722074], [72.58007576111699, 23.02694984901115], [72.58010401442925, 23.02639385537317], [72.58033569261246, 23.02638549137878]]]}}, {"type": "Feature", "properties": {"objectid": 492, "name_of_park": "Nr.Jain Derasar Garden", "zone_id": 4, "ward_id": 40, "village_division": "Odhav", "road_name": "Jain Derasar Road", "contact_person": "Narendra Sapra", "maintained_by": "Mother Dairy", "garden_area": 4030, "plot_area": 0, "structure_type": "Garden", "no_of_trees": 50, "variety_of_trees": 6, "variety_of_shurbs": 7, "internal_walk_way": 1, "walkway_length": 311.9, "boundary_wall_details": "Compound Wall", "shopping_area": 1, "no_of_shops": 1, "tp_no": "1-Odhav", "survey_no_fp_no": "181", "statues": 2, "no_of_statues": 0, "bird_feeder": 2, "no_of_bird_feeders": 0, "phone_number": "8690739373", "play_apparatus": 1, "play_apparatus_type": "Swing,Slider,Rides", "no_of_play_apparatus": 4, "maintenance_trust_details": "Mother Dairy", "no_of_benches": 16, "rent_on_shops": 2, "urinal_facilities": 1, "rest_hut": 1, "no_of_rest_huts": 1, "water_connection": 1, "water_connection_size": 1.5, "sewage_connection": 2, "no_of_water_bodies": 0, "total_area_of_water_bodies": 0, "fountain": 1, "no_of_fountains": 2, "no_of_light_poles": 14, "music_system": 2, "no_of_entry_gates": "2", "water_tank": 1, "water_tank_capacity": 15000, "drinking_water_facility": 2, "remarks": "", "address": "Nr.Jain Derasar Garden 47-48 , Somnath Nagar Society ,  Odhav , Ahmedabad , Gujarat 380038.", "ward": "40_ODHAV", "zone": "EAST ZONE", "road_id": "", "source_of_water2": "", "st_length(shape)": 255.08128545454898}, "geometry": {"type": "Polygon", "coordinates": [[[72.66162942539096, 23.025666881121257], [72.66155805967094, 23.02529595037787], [72.66113044474442, 23.0253069556459], [72.66108780251778, 23.025310385963916], [72.66113083124418, 23.025789041628276], [72.66114458089223, 23.025950077095207], [72.6611484878746, 23.025985368163578], [72.66115162094738, 23.02599078895582], [72.66116170614735, 23.025992738300562], [72.66165950845175, 23.02596449594075], [72.66169593179173, 23.02596241714735], [72.6616862816339, 23.025922708563176], [72.66162942539096, 23.025666881121257]]]}}, {"type": "Feature", "properties": {"objectid": 493, "name_of_park": "Madhuvan Garden", "zone_id": 4, "ward_id": 25, "village_division": "Viratnagar", "road_name": "Virat Nagar Road", "contact_person": "Kinjal Sapra", "maintained_by": "Mother Dairy", "garden_area": 5808.30136437, "plot_area": 0, "structure_type": "Garden", "no_of_trees": 75, "variety_of_trees": 10, "variety_of_shurbs": 16, "internal_walk_way": 1, "walkway_length": 334.3, "boundary_wall_details": "Compound Wall", "shopping_area": 1, "no_of_shops": 1, "tp_no": "1-Odhav", "survey_no_fp_no": "110", "statues": 2, "no_of_statues": 0, "bird_feeder": 2, "no_of_bird_feeders": 0, "phone_number": "9824585765", "play_apparatus": 1, "play_apparatus_type": "Swing,Slider,Rides", "no_of_play_apparatus": 7, "maintenance_trust_details": "Mother Dairy", "no_of_benches": 22, "rent_on_shops": 2, "urinal_facilities": 2, "rest_hut": 1, "no_of_rest_huts": 1, "water_connection": 1, "water_connection_size": 1.5, "sewage_connection": 2, "no_of_water_bodies": 0, "total_area_of_water_bodies": 0, "fountain": 1, "no_of_fountains": 1, "no_of_light_poles": 15, "music_system": 2, "no_of_entry_gates": "1", "water_tank": 2, "water_tank_capacity": 0, "drinking_water_facility": 2, "remarks": "", "address": "Madhuvan Garden-7-10 , Virat Nagar Road, Soni ni Chali, G I D C Industrial Area, Odhav, Ahmedabad , Gujarat 380038.", "ward": "25_VIRATNAGAR", "zone": "EAST ZONE", "road_id": "", "source_of_water2": "", "st_length(shape)": 308.55643150279417}, "geometry": {"type": "Polygon", "coordinates": [[[72.64256567061821, 23.025786726108944], [72.64254176851061, 23.0257959251723], [72.64253119833408, 23.02581009969676], [72.64252284307483, 23.02581570799128], [72.64249839299775, 23.026216998125715], [72.64269697023536, 23.02623617045304], [72.64267964426081, 23.026411826091888], [72.64335118036009, 23.026443600037542], [72.64343971338162, 23.025920948371034], [72.64256567061821, 23.025786726108944]]]}}, {"type": "Feature", "properties": {"objectid": 494, "name_of_park": "Law Garden\r\n(Lawgarden)", "zone_id": 5, "ward_id": 18, "village_division": "Navrangpura", "road_name": "Law College Road", "contact_person": "Sunil Bhai", "maintained_by": "Aashima", "garden_area": 42619.24285255, "plot_area": 0, "structure_type": "Garden", "no_of_trees": 500, "variety_of_trees": 4, "variety_of_shurbs": 5, "internal_walk_way": 1, "walkway_length": 880, "boundary_wall_details": "Compound Wall", "shopping_area": 2, "no_of_shops": 0, "tp_no": "3-Ellisebridge", "survey_no_fp_no": "430", "statues": 2, "no_of_statues": 0, "bird_feeder": 2, "no_of_bird_feeders": 0, "phone_number": "9327542869", "play_apparatus": 1, "play_apparatus_type": "Children Play, GYM Equipment", "no_of_play_apparatus": 30, "maintenance_trust_details": "Aashima", "no_of_benches": 80, "rent_on_shops": 2, "urinal_facilities": 1, "rest_hut": 1, "no_of_rest_huts": 2, "water_connection": 1, "water_connection_size": 1, "sewage_connection": 1, "no_of_water_bodies": 0, "total_area_of_water_bodies": 0, "fountain": 1, "no_of_fountains": 4, "no_of_light_poles": 63, "music_system": 2, "no_of_entry_gates": "4", "water_tank": 1, "water_tank_capacity": 2250, "drinking_water_facility": 1, "remarks": "", "address": "Law Garden , Nr. Law College , Ahmedabad , Gujarat\r\n(Lawgarden)-Opp.Law college,Ahmedabad Gujarat", "ward": "18_NAVRANGPURA", "zone": "WEST ZONE", "road_id": "", "source_of_water2": "A.M.C. Supply , Borewell", "st_length(shape)": 887.805019151431}, "geometry": {"type": "Polygon", "coordinates": [[[72.56034013594291, 23.02520811135733], [72.56010093610502, 23.025020500320878], [72.56008646730577, 23.02503580295453], [72.5599770153452, 23.02495170877072], [72.5599927956721, 23.024935232015693], [72.55996880850304, 23.024925725037487], [72.55994347668933, 23.024919935680764], [72.55991746659569, 23.024918015056965], [72.55989146296686, 23.02492001435412], [72.55986615145757, 23.02492588005343], [72.55984219805892, 23.024935459028537], [72.55982023447234, 23.02494849831981], [72.55980083940476, 23.02496465477622], [72.5597845228374, 23.024983502034562], [72.55977171603138, 23.025004543906824], [72.55976275472372, 23.02502722675942], [72.55975682055798, 23.025070129602057], [72.55975488646152, 23.025105927974575], [72.55976993568662, 23.02520170386484], [72.55979786136879, 23.025657159411846], [72.55982983046418, 23.025888150446313], [72.55988734037288, 23.02613386789206], [72.55997643294373, 23.02641709515051], [72.56007771673836, 23.02673992175775], [72.56019635012507, 23.027102428177795], [72.56027316769915, 23.027279173883517], [72.56044475548562, 23.02756725662777], [72.560613548884, 23.02786723886587], [72.56063223622516, 23.027885317986787], [72.56065391682125, 23.027900263719566], [72.56067798568785, 23.02791165687425], [72.56070376774653, 23.027919179192924], [72.56073054403907, 23.027922620073547], [72.5607575652327, 23.027921884903275], [72.56078407703812, 23.027916991839586], [72.56080933665632, 23.027908079286], [72.56083263928552, 23.027895396370496], [72.56085333383652, 23.02787929686834], [72.5610582449568, 23.0276782333636], [72.5613204950205, 23.027445807664673], [72.56154198030252, 23.027184089996307], [72.56183499349385, 23.026819571208225], [72.56203084967964, 23.026547902672903], [72.56215494040697, 23.026320511747247], [72.56216020263808, 23.026304564168143], [72.56216253374788, 23.026288029746855], [72.56216186989215, 23.026271367009695], [72.56215822911784, 23.026255036647818], [72.56215171253288, 23.026239490702036], [72.56214250060047, 23.026225161672457], [72.56213084858841, 23.026212444392964], [72.5621170788169, 23.026201693203447], [72.56186188051745, 23.02611415831842], [72.56165043347315, 23.026033270284792], [72.56143199955272, 23.025910473291685], [72.56110581073715, 23.025752574049264], [72.56079856439209, 23.025546000977954], [72.56045502790928, 23.025276763389595], [72.56034013594291, 23.02520811135733]]]}}, {"type": "Feature", "properties": {"objectid": 495, "name_of_park": "Dus Bungla Garden", "zone_id": 5, "ward_id": 18, "village_division": "Navrangpura", "road_name": "Gulbai Tekra Road", "contact_person": "Kanu Bhai", "maintained_by": "Mother Dairy", "garden_area": 3732.88372944, "plot_area": 0, "structure_type": "Store Room", "no_of_trees": 81, "variety_of_trees": 3, "variety_of_shurbs": 4, "internal_walk_way": 1, "walkway_length": 280, "boundary_wall_details": "Chainlinked", "shopping_area": 2, "no_of_shops": 0, "tp_no": "20-Gulbaitekra", "survey_no_fp_no": "373", "statues": 2, "no_of_statues": 0, "bird_feeder": 2, "no_of_bird_feeders": 0, "phone_number": "9825511398", "play_apparatus": 1, "play_apparatus_type": "Children Play", "no_of_play_apparatus": 27, "maintenance_trust_details": "Amul Fed", "no_of_benches": 41, "rent_on_shops": 2, "urinal_facilities": 1, "rest_hut": 1, "no_of_rest_huts": 1, "water_connection": 1, "water_connection_size": 1, "sewage_connection": 2, "no_of_water_bodies": 0, "total_area_of_water_bodies": 0, "fountain": 2, "no_of_fountains": 0, "no_of_light_poles": 5, "music_system": 2, "no_of_entry_gates": "1", "water_tank": 1, "water_tank_capacity": 10000, "drinking_water_facility": 2, "remarks": "", "address": "Dus Bungla Garden , -Gulbai Tekra ,  Triangular Garden, Ambawadi , Ahmedabad , Gujarat 380006", "ward": "18_NAVRANGPURA", "zone": "WEST ZONE", "road_id": "", "source_of_water2": "A.M.C. Supply", "st_length(shape)": 246.73603793073977}, "geometry": {"type": "Polygon", "coordinates": [[[72.54964951192355, 23.025044867617748], [72.54960113874785, 23.025044118196973], [72.54956876074975, 23.025050781816436], [72.54926211924128, 23.025284596230343], [72.54920504093468, 23.02533190046328], [72.54919017156908, 23.025345287357], [72.54912545361728, 23.025396404716766], [72.54911991761898, 23.025419965943907], [72.54912578927984, 23.025448432622735], [72.54914849865692, 23.025464154990186], [72.54921662237521, 23.02548374255135], [72.54985472892231, 23.02568555400288], [72.54988931538466, 23.025680177584068], [72.54991138873626, 23.025660420368453], [72.54990186056487, 23.025186177696053], [72.54990107188759, 23.025146887985894], [72.54990020445919, 23.025131156509993], [72.54988899466882, 23.025108888594247], [72.54972847553356, 23.025066394108414], [72.54964951192355, 23.025044867617748]]]}}, {"type": "Feature", "properties": {"objectid": 496, "name_of_park": "FP. 239 Garden Anandiketan School", "zone_id": 7, "ward_id": 20, "village_division": "Jodhpur", "road_name": "Anandiketan School Road", "contact_person": "Vijay Bhai", "maintained_by": "Mother Dairy", "garden_area": 11130.28335241, "plot_area": 0, "structure_type": "Garden", "no_of_trees": 97, "variety_of_trees": 8, "variety_of_shurbs": 7, "internal_walk_way": 1, "walkway_length": 500, "boundary_wall_details": "Compound Wall With Chainlink Net", "shopping_area": 2, "no_of_shops": 0, "tp_no": "6-Vejalpur", "survey_no_fp_no": "239", "statues": 2, "no_of_statues": 0, "bird_feeder": 2, "no_of_bird_feeders": 0, "phone_number": "9898278795", "play_apparatus": 1, "play_apparatus_type": "Children Play", "no_of_play_apparatus": 20, "maintenance_trust_details": "Amul Fed", "no_of_benches": 40, "rent_on_shops": 2, "urinal_facilities": 1, "rest_hut": 2, "no_of_rest_huts": 0, "water_connection": 1, "water_connection_size": 1.5, "sewage_connection": 2, "no_of_water_bodies": 0, "total_area_of_water_bodies": 0, "fountain": 2, "no_of_fountains": 0, "no_of_light_poles": 26, "music_system": 2, "no_of_entry_gates": "2", "water_tank": 1, "water_tank_capacity": 0, "drinking_water_facility": 2, "remarks": "", "address": "FP. 239 Garden , Nr. Anandiketan School , Art Galary , Jodhpur , Ahmedabad , Gujarat", "ward": "20_JODHPUR", "zone": "SOUTH WEST ZONE", "road_id": "", "source_of_water2": "Bore", "st_length(shape)": 474.4041020166188}, "geometry": {"type": "Polygon", "coordinates": [[[72.50889097147528, 23.02307661079526], [72.50889185729018, 23.0230593019615], [72.50888529217431, 23.02305910738806], [72.50858997497912, 23.02305036030472], [72.50860676548956, 23.022652508613323], [72.50856718370568, 23.02264927532291], [72.50852127976754, 23.022645524468732], [72.50849624036356, 23.022643478938996], [72.50797000806983, 23.022600486643576], [72.50793305827214, 23.023189783441644], [72.5079597047498, 23.02319057339188], [72.50800708471589, 23.0231919779702], [72.50800656812602, 23.023201612954853], [72.50800600670138, 23.023212094910807], [72.5079779659064, 23.023735374373288], [72.50880988352779, 23.02374300246024], [72.5088974273963, 23.023743805316204], [72.50902154248092, 23.02374551358435], [72.50905435255619, 23.023304944285265], [72.50906053323695, 23.02322195291299], [72.50906133599457, 23.02321117774471], [72.50897103200285, 23.02320720984123], [72.50889221568589, 23.023203745993452], [72.50888448092134, 23.023203405711133], [72.50889097147528, 23.02307661079526]]]}}, {"type": "Feature", "properties": {"objectid": 497, "name_of_park": "Gayatri Vatika Udhyan", "zone_id": 4, "ward_id": 40, "village_division": "Odhav", "road_name": "Ambika Nagar Road", "contact_person": "Narendra Sapra", "maintained_by": "Mother Dairy", "garden_area": 6273.06569817, "plot_area": 0, "structure_type": "Garden", "no_of_trees": 85, "variety_of_trees": 7, "variety_of_shurbs": 6, "internal_walk_way": 1, "walkway_length": 386.41, "boundary_wall_details": "Compound Wall (One Side)", "shopping_area": 1, "no_of_shops": 1, "tp_no": "1-Odhav", "survey_no_fp_no": "111", "statues": 2, "no_of_statues": 0, "bird_feeder": 2, "no_of_bird_feeders": 0, "phone_number": "8690739373", "play_apparatus": 1, "play_apparatus_type": "Swing,Slider,Rides", "no_of_play_apparatus": 9, "maintenance_trust_details": "Mother Dairy", "no_of_benches": 23, "rent_on_shops": 2, "urinal_facilities": 2, "rest_hut": 2, "no_of_rest_huts": 0, "water_connection": 1, "water_connection_size": 1.5, "sewage_connection": 2, "no_of_water_bodies": 0, "total_area_of_water_bodies": 0, "fountain": 2, "no_of_fountains": 0, "no_of_light_poles": 11, "music_system": 2, "no_of_entry_gates": "2", "water_tank": 1, "water_tank_capacity": 15000, "drinking_water_facility": 2, "remarks": "", "address": "Gayatri Vatika Udhyan , Opp. Ambica Nagar School  , AmbicaNagar, Odhav GIDC ,  Ahmedabad , Gujarat 380038.", "ward": "40_ODHAV", "zone": "EAST ZONE", "road_id": "", "source_of_water2": "", "st_length(shape)": 315.98980754700585}, "geometry": {"type": "Polygon", "coordinates": [[[72.656627932347, 23.02819552866362], [72.65700531926178, 23.0282106165588], [72.65703230939009, 23.02763338702125], [72.65704403335073, 23.02738262626429], [72.65704170973449, 23.02738229842837], [72.65681930182838, 23.027350893569935], [72.65670184546214, 23.027334095364882], [72.6564388363292, 23.02729648196134], [72.65642722687252, 23.027564582833946], [72.65640592827994, 23.02802003104223], [72.6563998579777, 23.02819192798979], [72.656627932347, 23.02819552866362]]]}}, {"type": "Feature", "properties": {"objectid": 498, "name_of_park": "Late Narayanbhai Ambalal Dave Garden", "zone_id": 2, "ward_id": 27, "village_division": "Saraspur", "road_name": "General Hospital Road", "contact_person": "Mittal Bhai Gor", "maintained_by": "Mother Dairy ", "garden_area": 6327.33135636, "plot_area": 3852, "structure_type": "Garden", "no_of_trees": 150, "variety_of_trees": 7, "variety_of_shurbs": 3, "internal_walk_way": 1, "walkway_length": 264, "boundary_wall_details": "Compouind Wall", "shopping_area": 2, "no_of_shops": 0, "tp_no": "11-Bapunagar", "survey_no_fp_no": "175/1", "statues": 2, "no_of_statues": 0, "bird_feeder": 2, "no_of_bird_feeders": 0, "phone_number": "9824130843", "play_apparatus": 1, "play_apparatus_type": "Children Play, GYM Equipment", "no_of_play_apparatus": 5, "maintenance_trust_details": "Amul Fed", "no_of_benches": 49, "rent_on_shops": 2, "urinal_facilities": 2, "rest_hut": 1, "no_of_rest_huts": 1, "water_connection": 1, "water_connection_size": 1, "sewage_connection": 2, "no_of_water_bodies": 0, "total_area_of_water_bodies": 0, "fountain": 2, "no_of_fountains": 0, "no_of_light_poles": 4, "music_system": 2, "no_of_entry_gates": "1", "water_tank": 1, "water_tank_capacity": 10000, "drinking_water_facility": 2, "remarks": "", "address": "Late Narayanbhai Garden , Opp. Soneria Block , General Hospital Road , Saraspur , Ahmedabad , Gujarat\r\n(Naranbhai Ambalal Garden)-Near General Hospital, Rajiv Nagar, Rakhiyal, Kailash Nagar, Bapunagar, Ahmedabad, Gujarat 380024,Ahmedabad Gujarat", "ward": "27_SARASPUR_RAKHIYAL", "zone": "NORTH ZONE", "road_id": "", "source_of_water2": "A.M.C. Supply", "st_length(shape)": 368.68751770655257}, "geometry": {"type": "Polygon", "coordinates": [[[72.62173991763144, 23.027047314769206], [72.62188480023406, 23.028298589275966], [72.621985174896, 23.028314430468644], [72.62226930819156, 23.028335461111567], [72.62227645959356, 23.027387491522802], [72.62229286935474, 23.027155951999926], [72.62206829985928, 23.02715854686666], [72.62173991763144, 23.027047314769206]]]}}, {"type": "Feature", "properties": {"objectid": 499, "name_of_park": "Dr.Vanikaran Garden\r\n (Mithakhali Garden)", "zone_id": 5, "ward_id": 18, "village_division": "Navrangpura", "road_name": "Purshottam Mavlankar Marg Road", "contact_person": "Kanu Bhai", "maintained_by": "Mother Dairy", "garden_area": 2935.62317936, "plot_area": 0, "structure_type": "Store Room", "no_of_trees": 70, "variety_of_trees": 3, "variety_of_shurbs": 5, "internal_walk_way": 1, "walkway_length": 188, "boundary_wall_details": "Chainlinked", "shopping_area": 2, "no_of_shops": 0, "tp_no": "3-Ellisebridge", "survey_no_fp_no": "473/2", "statues": 2, "no_of_statues": 0, "bird_feeder": 2, "no_of_bird_feeders": 0, "phone_number": "9825511398", "play_apparatus": 1, "play_apparatus_type": "Children Play", "no_of_play_apparatus": 13, "maintenance_trust_details": "Amul Fed", "no_of_benches": 15, "rent_on_shops": 2, "urinal_facilities": 2, "rest_hut": 2, "no_of_rest_huts": 0, "water_connection": 1, "water_connection_size": 1, "sewage_connection": 2, "no_of_water_bodies": 0, "total_area_of_water_bodies": 0, "fountain": 2, "no_of_fountains": 0, "no_of_light_poles": 14, "music_system": 2, "no_of_entry_gates": "3", "water_tank": 1, "water_tank_capacity": 5000, "drinking_water_facility": 2, "remarks": "", "address": "Dr.Vanikaran Udhyan , MIthakhaldi , Ahmedabad , Gujarat\r\n (Mithakhali Garden)-Mithakhali Gam Dr. Vankar Garden, Purshottam Mavlankar Marg Ellisbridge Ahmedabad, Gujarat 380009,Ahmedabad Gujarat", "ward": "18_NAVRANGPURA", "zone": "WEST ZONE", "road_id": "", "source_of_water2": "A.M.C. Supply", "st_length(shape)": 255.78147390142485}, "geometry": {"type": "Polygon", "coordinates": [[[72.56692854415286, 23.029606572436872], [72.56687196701816, 23.029601847131968], [72.5668356704797, 23.029608557804632], [72.56682363673418, 23.029618031415797], [72.56682312207211, 23.029646686519925], [72.5668478960029, 23.030414302306728], [72.56684928263412, 23.03050566524064], [72.56686254244559, 23.03055761616758], [72.56688080970218, 23.030575095042984], [72.56699040977728, 23.030593979137286], [72.56704317063652, 23.030587624669636], [72.56708828741829, 23.030573717348044], [72.56711971068849, 23.03054840406362], [72.56713357240115, 23.030523776633554], [72.56714160331234, 23.03047899447824], [72.56714254676804, 23.030426460414485], [72.56712725839839, 23.030128128845817], [72.56707818399661, 23.029816579999604], [72.56707729202604, 23.02980851354668], [72.56706594794434, 23.029748355209687], [72.56704209565775, 23.029699052568006], [72.56700282556514, 23.02964398865904], [72.56692854415286, 23.029606572436872]]]}}, {"type": "Feature", "properties": {"objectid": 500, "name_of_park": "Bapunagar Post Office Garden\r\n Office Garden", "zone_id": 2, "ward_id": 26, "village_division": "Bapunagar", "road_name": "Chandra Shekhar Azad Road", "contact_person": "Mittal Bhai Gor", "maintained_by": "Mother Dairy", "garden_area": 7870.21924053, "plot_area": 2400, "structure_type": "Garden", "no_of_trees": 80, "variety_of_trees": 7, "variety_of_shurbs": 4, "internal_walk_way": 1, "walkway_length": 310, "boundary_wall_details": "Compouind Wall", "shopping_area": 2, "no_of_shops": 0, "tp_no": "11-Bapunagar", "survey_no_fp_no": "185/186/183/1", "statues": 2, "no_of_statues": 0, "bird_feeder": 2, "no_of_bird_feeders": 0, "phone_number": "9824130843", "play_apparatus": 1, "play_apparatus_type": "Children Play, GYM Equipment", "no_of_play_apparatus": 15, "maintenance_trust_details": "Amul Fed", "no_of_benches": 8, "rent_on_shops": 2, "urinal_facilities": 2, "rest_hut": 1, "no_of_rest_huts": 1, "water_connection": 1, "water_connection_size": 1, "sewage_connection": 2, "no_of_water_bodies": 0, "total_area_of_water_bodies": 0, "fountain": 2, "no_of_fountains": 0, "no_of_light_poles": 6, "music_system": 2, "no_of_entry_gates": "1", "water_tank": 1, "water_tank_capacity": 5000, "drinking_water_facility": 2, "remarks": "", "address": "Nr. Bapunagar Post Office , Azad Chowk , Bapunagar , Ahmedabad , Gujarat\r\n Office Garden- ,Ahmedabad Gujarat", "ward": "26_BAPUNAGAR", "zone": "NORTH ZONE", "road_id": "", "source_of_water2": "A.M.C. Supply", "st_length(shape)": 353.01065541423173}, "geometry": {"type": "Polygon", "coordinates": [[[72.6266144809087, 23.028972112977133], [72.6266088339968, 23.029823569053196], [72.6274101427065, 23.029834985151837], [72.6274111827895, 23.029834857210442], [72.6274122196041, 23.029834693108004], [72.62741324816388, 23.02983449908931], [72.62741426760434, 23.029834268821773], [72.62741527781482, 23.02983400862335], [72.62741627789917, 23.0298337139666], [72.62741726584387, 23.029833388432486], [72.62741823971442, 23.02983303108923], [72.62741920048595, 23.02983264195142], [72.62742014424202, 23.029832221863128], [72.62742107290133, 23.029831772658728], [72.62742198355424, 23.029831293391783], [72.62742287327525, 23.029830784018383], [72.62742374396724, 23.029830247275473], [72.62742459273638, 23.029829681314077], [72.62742542049456, 23.029829089759033], [72.62742622530732, 23.029828471678538], [72.62742700719043, 23.02982782617004], [72.62742776120487, 23.029827156770622], [72.62742849027613, 23.02982646352419], [72.62742919243809, 23.029825747304024], [72.62742986671554, 23.029825008095543], [72.62743051307694, 23.02982424770382], [72.62743112955613, 23.029823467002185], [72.62743171618473, 23.029822664185517], [72.6274322718769, 23.02982184555712], [72.62743279568915, 23.02982100929723], [72.62743328762144, 23.02982015540586], [72.62743374569185, 23.029819285658885], [72.6274341718191, 23.029818401890665], [72.62743456402124, 23.02981750587709], [72.62743492232988, 23.029816595813017], [72.62743524569088, 23.029815676196666], [72.62743553317641, 23.029814744305664], [72.62743578470752, 23.02981380465288], [72.62743600124352, 23.02981285815547], [72.62743618185668, 23.029811902091133], [72.62743632739573, 23.029810943695], [72.6274364349984, 23.029809979312947], [72.62743650656758, 23.029809011681884], [72.62743654013715, 23.029808041675146], [72.6274370922433, 23.029201544158184], [72.62743724459497, 23.029034492257278], [72.62743733888243, 23.029033619760977], [72.62743740102144, 23.029032744976796], [72.62743743099617, 23.029031868807266], [72.62743742879081, 23.029030992154997], [72.6274373924709, 23.029030114088116], [72.62743732293252, 23.029029239134115], [72.62743722217341, 23.02902836461454], [72.62743708814845, 23.029027495915507], [72.62743692186439, 23.029026631246523], [72.62743672330541, 23.02902577151016], [72.62743649437442, 23.02902491944337], [72.62743623120241, 23.029024073182477], [72.62743593762677, 23.029023236396295], [72.6274356136475, 23.029022409084803], [72.6274352583053, 23.02902159033081], [72.62743487342394, 23.029020787384077], [72.62743445909832, 23.02901999482922], [72.62743401433747, 23.029019213554182], [72.62743354294717, 23.02901844903285], [72.62743304009905, 23.029017698484406], [72.62743251351533, 23.029016966538684], [72.6274319574083, 23.029016249497673], [72.62743137465604, 23.029015550112916], [72.62743076815234, 23.029014870233453], [72.62743013692209, 23.02901420984465], [72.62742947901496, 23.029013568917264], [72.62742879927512, 23.02901294932953], [72.62742809768677, 23.029012351984047], [72.62742737327474, 23.02901177686616], [72.6274266289329, 23.029011225824895], [72.62742586565219, 23.029010697972318], [72.62742508052294, 23.029010192361973], [72.6274242783261, 23.029009714482395], [72.62742346104362, 23.029009262557718], [72.62742262482226, 23.029008833821717], [72.62742177444296, 23.029008433762932], [72.62742090990575, 23.029008062381333], [72.62742003322413, 23.029007716095975], [72.6274191413936, 23.029007399375754], [72.62741824227864, 23.02900710872746], [72.62741733188379, 23.029006849507947], [72.62741641126324, 23.029006617219043], [72.62741627910071, 23.029006589055115], [72.62741548326339, 23.02900641641744], [72.62741454893846, 23.029006242604957], [72.6274136101597, 23.02900610032366], [72.62741266502425, 23.029005986836616], [72.62741171738527, 23.02900590491001], [72.62741076729019, 23.02900585183617], [72.62740981665773, 23.029005829449495], [72.6274088645285, 23.029005836832752], [72.62671546892703, 23.028976400081106], [72.6266144809087, 23.028972112977133]]]}}, {"type": "Feature", "properties": {"objectid": 501, "name_of_park": "Kirtan Public Park", "zone_id": 6, "ward_id": 19, "village_division": "Bodakdev", "road_name": "Ramdev Nagar Road", "contact_person": "Ajit Chauhan", "maintained_by": "Mother Dairy", "garden_area": 1966.91042523, "plot_area": 0, "structure_type": "Garden", "no_of_trees": 15, "variety_of_trees": 6, "variety_of_shurbs": 3, "internal_walk_way": 1, "walkway_length": 25, "boundary_wall_details": "Compound Wall", "shopping_area": 2, "no_of_shops": 0, "tp_no": "6-Vejalpur", "survey_no_fp_no": "229", "statues": 2, "no_of_statues": 0, "bird_feeder": 2, "no_of_bird_feeders": 0, "phone_number": "8401181424", "play_apparatus": 1, "play_apparatus_type": "Children Play", "no_of_play_apparatus": 7, "maintenance_trust_details": "Amul Fed", "no_of_benches": 1, "rent_on_shops": 2, "urinal_facilities": 2, "rest_hut": 2, "no_of_rest_huts": 0, "water_connection": 2, "water_connection_size": 0, "sewage_connection": 2, "no_of_water_bodies": 0, "total_area_of_water_bodies": 0, "fountain": 2, "no_of_fountains": 0, "no_of_light_poles": 3, "music_system": 2, "no_of_entry_gates": "1", "water_tank": 2, "water_tank_capacity": 0, "drinking_water_facility": 2, "remarks": "", "address": "Kirtan Public Park ,   Revti Tower, Ramdev Nagar Cross Rd.11, Satellite Rd, Satellite, Ahmedabad, Gujarat 380015.", "ward": "19_BODAKDEV", "zone": "NORTH WEST ZONE", "road_id": "", "source_of_water2": "Tanker", "st_length(shape)": 203.62540089761455}, "geometry": {"type": "Polygon", "coordinates": [[[72.51215637252326, 23.028871179340573], [72.51210433928296, 23.028782761843907], [72.5118280372465, 23.028313253941757], [72.51182019183439, 23.028310211926474], [72.51181037148794, 23.028308967802385], [72.5118005413765, 23.028309529919763], [72.51179004518173, 23.028311893368713], [72.51178084024087, 23.028317873675185], [72.51177162685529, 23.028325057209216], [72.51176765556903, 23.028332261834528], [72.51180186472239, 23.028983870739875], [72.5118023127086, 23.028992404228376], [72.51180367054162, 23.028992290180575], [72.51215797312085, 23.02896247671481], [72.51219425959756, 23.028959423032507], [72.51220764064563, 23.02895829656832], [72.51215637252326, 23.028871179340573]]]}}, {"type": "Feature", "properties": {"objectid": 502, "name_of_park": "Swami Public Park\r\n (AUDA Garden)", "zone_id": 7, "ward_id": 20, "village_division": "Jodhpur", "road_name": "Kameshwar School Road", "contact_person": "Bhavan Thakor", "maintained_by": "Mother Dairy", "garden_area": 1529.14831408, "plot_area": 0, "structure_type": "Garden", "no_of_trees": 55, "variety_of_trees": 6, "variety_of_shurbs": 6, "internal_walk_way": 1, "walkway_length": 200, "boundary_wall_details": "Compound Wall With Chainlink Net", "shopping_area": 2, "no_of_shops": 0, "tp_no": "5-Vejalpur", "survey_no_fp_no": "70", "statues": 2, "no_of_statues": 0, "bird_feeder": 2, "no_of_bird_feeders": 0, "phone_number": "8401085735", "play_apparatus": 1, "play_apparatus_type": "Children Play, GYM Equipment", "no_of_play_apparatus": 7, "maintenance_trust_details": "Amul Fed", "no_of_benches": 23, "rent_on_shops": 2, "urinal_facilities": 2, "rest_hut": 2, "no_of_rest_huts": 0, "water_connection": 2, "water_connection_size": 0, "sewage_connection": 1, "no_of_water_bodies": 0, "total_area_of_water_bodies": 0, "fountain": 2, "no_of_fountains": 0, "no_of_light_poles": 4, "music_system": 2, "no_of_entry_gates": "1", "water_tank": 1, "water_tank_capacity": 5000, "drinking_water_facility": 2, "remarks": "", "address": "Swami Public Park , Opp. Kameshwar School , Nr. Setellite Appartment , Jodhpur Cross Road , Ahmedabad , Gujarat\r\n (AUDA Garden)-Suryapooja Block B, Satellite, Ahmedabad, Gujarat 380015,Ahmedabad Gujarat", "ward": "20_JODHPUR", "zone": "SOUTH WEST ZONE", "road_id": "", "source_of_water2": "Tanker", "st_length(shape)": 176.7185833635308}, "geometry": {"type": "Polygon", "coordinates": [[[72.52666934787865, 23.02886088671445], [72.52666239074175, 23.028839191264044], [72.52619158411734, 23.029024296928736], [72.52616447838042, 23.029034954209738], [72.52612038827085, 23.029052365602755], [72.52623139478175, 23.029296048084273], [72.52627556000301, 23.029278800335828], [72.52630180784926, 23.02926854939973], [72.5267257613859, 23.02910297120247], [72.52674543105144, 23.029098132228714], [72.5267446208328, 23.02909560448601], [72.5266912095912, 23.028929055206216], [72.52666934787865, 23.02886088671445]]]}}, {"type": "Feature", "properties": {"objectid": 503, "name_of_park": "Sachivalay Garden", "zone_id": 5, "ward_id": 18, "village_division": "Navrangpura", "road_name": "120 Feet Ring Road", "contact_person": "Sunil Bhai", "maintained_by": "Mother Dairy", "garden_area": 5582.12723077, "plot_area": 0, "structure_type": "Garden", "no_of_trees": 0, "variety_of_trees": 0, "variety_of_shurbs": 0, "internal_walk_way": 2, "walkway_length": 0, "boundary_wall_details": "Compouind Wall", "shopping_area": 2, "no_of_shops": 0, "tp_no": "20-Gulbaitekra", "survey_no_fp_no": "284/1", "statues": 2, "no_of_statues": 0, "bird_feeder": 2, "no_of_bird_feeders": 0, "phone_number": "", "play_apparatus": 2, "play_apparatus_type": "", "no_of_play_apparatus": 0, "maintenance_trust_details": "", "no_of_benches": 0, "rent_on_shops": 2, "urinal_facilities": 2, "rest_hut": 2, "no_of_rest_huts": 0, "water_connection": 2, "water_connection_size": 0, "sewage_connection": 2, "no_of_water_bodies": 0, "total_area_of_water_bodies": 0, "fountain": 2, "no_of_fountains": 0, "no_of_light_poles": 0, "music_system": 2, "no_of_entry_gates": "0", "water_tank": 2, "water_tank_capacity": 0, "drinking_water_facility": 2, "remarks": "", "address": "Sachivalay Garden-Gulbai Tekra,Ahmedabad Gujarat", "ward": "18_NAVRANGPURA", "zone": "WEST ZONE", "road_id": "", "source_of_water2": "", "st_length(shape)": 331.22471687164887}, "geometry": {"type": "Polygon", "coordinates": [[[72.54766449312493, 23.029687600453066], [72.54768117545734, 23.029702983145256], [72.54800267697843, 23.029300893370955], [72.54809705233477, 23.02916490725837], [72.54810749984698, 23.029149854061238], [72.54783554084594, 23.029103415063165], [72.54784017484073, 23.02903400843211], [72.54781394864717, 23.029033601770163], [72.54781895517286, 23.02894113530857], [72.54719087616236, 23.02887577224709], [72.5470305888435, 23.028862203806497], [72.54701759681382, 23.028865927502057], [72.54700273419112, 23.028872766505575], [72.54698937842885, 23.028881926412915], [72.54697793636407, 23.02889313187289], [72.54696875843128, 23.028906044368853], [72.54696211810355, 23.02892026641358], [72.54695822308719, 23.028935369708453], [72.54695718610135, 23.028950892884726], [72.54695904294734, 23.028966367061], [72.54696373485847, 23.028981320986126], [72.54697040281856, 23.02899417684697], [72.54714981692523, 23.02919232848618], [72.54762994727356, 23.029654357619467], [72.54766449312493, 23.029687600453066]]]}}, {"type": "Feature", "properties": {"objectid": 504, "name_of_park": "Pujan Public Park", "zone_id": 6, "ward_id": 19, "village_division": "Bodakdev", "road_name": "Ramdev Nagar Road", "contact_person": "Ajit Chauhan", "maintained_by": "Mother Dairy", "garden_area": 1060.10409628, "plot_area": 0, "structure_type": "Garden", "no_of_trees": 15, "variety_of_trees": 6, "variety_of_shurbs": 6, "internal_walk_way": 1, "walkway_length": 50, "boundary_wall_details": "Compound Wall", "shopping_area": 2, "no_of_shops": 0, "tp_no": "6-Vejalpur", "survey_no_fp_no": "230", "statues": 2, "no_of_statues": 0, "bird_feeder": 2, "no_of_bird_feeders": 0, "phone_number": "8401181424", "play_apparatus": 1, "play_apparatus_type": "Children Play", "no_of_play_apparatus": 7, "maintenance_trust_details": "Amul Fed", "no_of_benches": 2, "rent_on_shops": 2, "urinal_facilities": 2, "rest_hut": 1, "no_of_rest_huts": 1, "water_connection": 1, "water_connection_size": 0.5, "sewage_connection": 2, "no_of_water_bodies": 0, "total_area_of_water_bodies": 0, "fountain": 2, "no_of_fountains": 0, "no_of_light_poles": 5, "music_system": 2, "no_of_entry_gates": "1", "water_tank": 2, "water_tank_capacity": 0, "drinking_water_facility": 2, "remarks": "", "address": "Pujan Public Park BH.Rudra Bunglows , Nr.Ashish School , Ahmedabad ,   Gujarat", "ward": "19_BODAKDEV", "zone": "NORTH WEST ZONE", "road_id": "", "source_of_water2": "A.M.C. Supply", "st_length(shape)": 158.22578084192804}, "geometry": {"type": "Polygon", "coordinates": [[[72.51092402989408, 23.031069378490624], [72.51079230943957, 23.031043382305718], [72.51070743661383, 23.031498744395137], [72.51069472224673, 23.03159748787297], [72.51069523457542, 23.031597579893603], [72.51069420207857, 23.031605942924674], [72.51085099521106, 23.03162242266444], [72.51091331904783, 23.031303005706345], [72.51095760993229, 23.031076006010025], [72.51092402989408, 23.031069378490624]]]}}, {"type": "Feature", "properties": {"objectid": 505, "name_of_park": "Chandra Shekhar Azad Garden\r\n Azad Garden", "zone_id": 5, "ward_id": 18, "village_division": "Navrangpura", "road_name": "Heera Baug Himmatlal Park Road", "contact_person": "Kanu Bhai", "maintained_by": "Mother Dairy", "garden_area": 6642.67299512, "plot_area": 0, "structure_type": "Store Room", "no_of_trees": 155, "variety_of_trees": 5, "variety_of_shurbs": 6, "internal_walk_way": 1, "walkway_length": 362, "boundary_wall_details": "Chainlinked", "shopping_area": 2, "no_of_shops": 0, "tp_no": "31-University", "survey_no_fp_no": "68", "statues": 2, "no_of_statues": 0, "bird_feeder": 2, "no_of_bird_feeders": 0, "phone_number": "9825511398", "play_apparatus": 1, "play_apparatus_type": "Children Play,  GYM Equipment", "no_of_play_apparatus": 21, "maintenance_trust_details": "Amul Fed", "no_of_benches": 124, "rent_on_shops": 2, "urinal_facilities": 2, "rest_hut": 2, "no_of_rest_huts": 0, "water_connection": 1, "water_connection_size": 1, "sewage_connection": 2, "no_of_water_bodies": 0, "total_area_of_water_bodies": 0, "fountain": 2, "no_of_fountains": 0, "no_of_light_poles": 16, "music_system": 2, "no_of_entry_gates": "1", "water_tank": 1, "water_tank_capacity": 5000, "drinking_water_facility": 1, "remarks": "", "address": "Chandra Shekhar Azad Garden , Azad Society , Ahmedabad , Gujarat \r\n Azad Garden-Nr.Azad Soc. Bima Nagar Rd, Bimanagar, Mahadev Nagar, Ahmedabad, Gujarat 380015,Ahmedabad Gujarat", "ward": "18_NAVRANGPURA", "zone": "WEST ZONE", "road_id": "", "source_of_water2": "A.M.C. Supply  , Shellow Bore", "st_length(shape)": 335.78858334770473}, "geometry": {"type": "Polygon", "coordinates": [[[72.5322502944775, 23.02907366733441], [72.53225806384555, 23.02908937646237], [72.53225891247139, 23.02909114014896], [72.53225980138814, 23.029092887311894], [72.53235816000868, 23.029258449309676], [72.53250019580616, 23.029497529850207], [72.53259199296602, 23.029652046145188], [72.53327064564625, 23.029351796373867], [72.53327823857572, 23.029348437391825], [72.53327606430015, 23.029344644398474], [72.53327635964955, 23.029328423760948], [72.53326759120979, 23.029313955727577], [72.53303318488246, 23.02892090783825], [72.53297201693722, 23.028818342070156], [72.5330027103201, 23.028867740353512], [72.53286898719114, 23.028634441170873], [72.53229859931724, 23.028975087231743], [72.5322956202212, 23.028976765912258], [72.53229270963796, 23.028978538645696], [72.53228986958342, 23.028980401852486], [72.53228710394148, 23.028982356495977], [72.53228441476094, 23.028984397191643], [72.53228180789232, 23.028986524030753], [72.53227928341778, 23.028988732500817], [72.53227684622922, 23.028991021775415], [72.5322744993505, 23.02899338648522], [72.53227224669843, 23.028995825788567], [72.53227008734723, 23.02899833696277], [72.53226802722958, 23.0290009155866], [72.53226606736993, 23.029003558967833], [72.53226421171792, 23.02900626445978], [72.5322624613308, 23.0290090275652], [72.5322608172166, 23.029011846494278], [72.53225928434934, 23.02901471590812], [72.53225786079531, 23.029017634873806], [72.53225655252011, 23.029020597165143], [72.53225535664778, 23.02902360002895], [72.53225427810312, 23.02902664083384], [72.53225331794337, 23.029029715082526], [72.53225247525923, 23.0290328191498], [72.53225175307458, 23.029035947666312], [72.53225115138945, 23.029039100632062], [72.53225067132689, 23.02904226993978], [72.53225031290333, 23.02904545468694], [72.53225007621745, 23.029048649458574], [72.53224996326871, 23.02905185157762], [72.5322499712305, 23.02905505558341], [72.53225010403608, 23.029058259731833], [72.53225035790017, 23.029061457644502], [72.53225073383076, 23.029064647531662], [72.53225123194292, 23.0290678230758], [72.53225155592955, 23.02906947385592], [72.5322502944775, 23.02907366733441]]]}}, {"type": "Feature", "properties": {"objectid": 506, "name_of_park": "Sandipani Public Park", "zone_id": 6, "ward_id": 19, "village_division": "Bodakdev", "road_name": "Satyagrahchhavni Road", "contact_person": "Ajit Chauhan", "maintained_by": "Mother Dairy", "garden_area": 5079.98609433, "plot_area": 0, "structure_type": "Garden", "no_of_trees": 36, "variety_of_trees": 7, "variety_of_shurbs": 6, "internal_walk_way": 1, "walkway_length": 300, "boundary_wall_details": "Compound Wall", "shopping_area": 1, "no_of_shops": 1, "tp_no": "1-B-Bodakdev", "survey_no_fp_no": "178", "statues": 2, "no_of_statues": 0, "bird_feeder": 1, "no_of_bird_feeders": 1, "phone_number": "8401181424", "play_apparatus": 1, "play_apparatus_type": "Children Play", "no_of_play_apparatus": 12, "maintenance_trust_details": "Amul Fed", "no_of_benches": 42, "rent_on_shops": 2, "urinal_facilities": 1, "rest_hut": 1, "no_of_rest_huts": 1, "water_connection": 2, "water_connection_size": 0, "sewage_connection": 2, "no_of_water_bodies": 0, "total_area_of_water_bodies": 0, "fountain": 2, "no_of_fountains": 0, "no_of_light_poles": 14, "music_system": 2, "no_of_entry_gates": "1", "water_tank": 2, "water_tank_capacity": 0, "drinking_water_facility": 2, "remarks": "", "address": "Sandipani Public Park-555, Premchand Nagar Rd, Satellite, Ahmedabad, Gujarat 380054.", "ward": "19_BODAKDEV", "zone": "NORTH WEST ZONE", "road_id": "", "source_of_water2": "A.M.C. Connection , Tanker", "st_length(shape)": 322.9954180024698}, "geometry": {"type": "Polygon", "coordinates": [[[72.51679923776547, 23.033599216000912], [72.5168318616949, 23.03365613387453], [72.51681570175403, 23.03366260917433], [72.51677760315177, 23.03367787574118], [72.5168112708465, 23.033738086988212], [72.5168174303725, 23.033749102463716], [72.516640045913, 23.033830088915558], [72.51679556773594, 23.034123863688954], [72.51706834235242, 23.033970433638846], [72.51733192208155, 23.033899018749903], [72.51733138698829, 23.033897454009498], [72.5173369237555, 23.033315650844493], [72.51733731312234, 23.033286745529498], [72.51724697941587, 23.03328575415374], [72.51705028377606, 23.033282320706125], [72.51683324330152, 23.033277732469205], [72.51679222183351, 23.033276865266888], [72.51668485192401, 23.033267371150572], [72.5166802068667, 23.03326696057038], [72.51663491163306, 23.03325963655364], [72.51662382253468, 23.033263357750634], [72.5166184903344, 23.033267122420515], [72.5166152218321, 23.03327175003067], [72.51661493581467, 23.03327766756749], [72.51679923776547, 23.033599216000912]]]}}, {"type": "Feature", "properties": {"objectid": 507, "name_of_park": "Mahila Udyan", "zone_id": 6, "ward_id": 19, "village_division": "Bodakdev", "road_name": "S.G. Highay ", "contact_person": "Ajit Chauhan", "maintained_by": "Mother Dairy", "garden_area": 13927.22639294, "plot_area": 0, "structure_type": "Garden", "no_of_trees": 23, "variety_of_trees": 7, "variety_of_shurbs": 5, "internal_walk_way": 1, "walkway_length": 250, "boundary_wall_details": "Compound Wall With Chainlink Net", "shopping_area": 1, "no_of_shops": 1, "tp_no": "50-Bodakdev", "survey_no_fp_no": "307", "statues": 2, "no_of_statues": 0, "bird_feeder": 2, "no_of_bird_feeders": 0, "phone_number": "8401181424", "play_apparatus": 1, "play_apparatus_type": "Rides", "no_of_play_apparatus": 17, "maintenance_trust_details": "Amul Fed", "no_of_benches": 38, "rent_on_shops": 2, "urinal_facilities": 1, "rest_hut": 1, "no_of_rest_huts": 1, "water_connection": 1, "water_connection_size": 0.5, "sewage_connection": 1, "no_of_water_bodies": 1, "total_area_of_water_bodies": 19000, "fountain": 1, "no_of_fountains": 2, "no_of_light_poles": 55, "music_system": 2, "no_of_entry_gates": "3", "water_tank": 1, "water_tank_capacity": 5000, "drinking_water_facility": 2, "remarks": "", "address": "Mahila Udyan , Nr. Mahakali Temple , BH.Rajpath Club ,  Bodakdev , Ahmedabad, Gujarat 380054.", "ward": "19_BODAKDEV", "zone": "NORTH WEST ZONE", "road_id": "", "source_of_water2": "A.M.C. Supply", "st_length(shape)": 950.7427613641798}, "geometry": {"type": "Polygon", "coordinates": [[[72.5052653795567, 23.031537098585673], [72.50522642334161, 23.031594933881433], [72.5052148476874, 23.03161897274791], [72.50520514451156, 23.031643826545423], [72.50520529053864, 23.031728150462648], [72.50526204811501, 23.03189719716429], [72.5053815188266, 23.03219352790141], [72.50548070635675, 23.032482908847697], [72.50551141639556, 23.032566990942566], [72.50552263101926, 23.032588664881956], [72.50554927838245, 23.03263245755142], [72.50557659718295, 23.032644717160366], [72.50565821600179, 23.032681344391136], [72.50575334378011, 23.032700759025904], [72.50604596894863, 23.032716122766047], [72.50634812913754, 23.032704168565267], [72.50655347571022, 23.032694270127294], [72.50662090591007, 23.032676225059696], [72.50672102484799, 23.032634810613995], [72.50678169709884, 23.03263337862926], [72.50691738593768, 23.032622381348357], [72.50692181840265, 23.03245167287974], [72.50692267542512, 23.032405110230563], [72.50693874830608, 23.032373118541383], [72.50695097229305, 23.03229656270328], [72.50695933543486, 23.032134225953353], [72.50696224672551, 23.032112031857253], [72.50696029922527, 23.032063736857243], [72.50695112154195, 23.03191113588056], [72.50695083279533, 23.031864661686964], [72.50689291075791, 23.031778849922226], [72.50677432941967, 23.031701741981568], [72.50639677983796, 23.031533369684013], [72.50618099746772, 23.031409346667406], [72.50598334093317, 23.031282027179458], [72.50590715189934, 23.031215140991353], [72.50578461362555, 23.031142747284953], [72.50572646656407, 23.031110052638947], [72.50567681283322, 23.031096859401075], [72.5056427757422, 23.031095367397104], [72.50561387240276, 23.031095389020827], [72.50558074079996, 23.03112878335562], [72.5053630574418, 23.031402320872463], [72.50532448471768, 23.031455543815376], [72.5052653795567, 23.031537098585673]], [[72.5062067358421, 23.032653362035933], [72.5060271375363, 23.032652440529148], [72.5059803766152, 23.032647328291034], [72.5059768986121, 23.032646947542798], [72.5057922515151, 23.032626761036973], [72.50568254720329, 23.032606053960837], [72.50567436850415, 23.032601720869504], [72.505666190764, 23.032597388695667], [72.50565801206595, 23.03259305560357], [72.50564983336845, 23.032588722511097], [72.50564165562999, 23.03258439033612], [72.50563546366752, 23.032578367955125], [72.50562927266408, 23.032572346491815], [72.50562308068609, 23.032566325012905], [72.50561688968376, 23.032560303549193], [72.50561069772348, 23.032554281167403], [72.50560450672224, 23.032548259703297], [72.50559831572154, 23.032542238238975], [72.50557405640406, 23.032511297688117], [72.50555725776024, 23.032456574705822], [72.50555409092536, 23.03237627088554], [72.50555956503148, 23.032301203876987], [72.5055671049175, 23.03219780346063], [72.50556755640898, 23.03219161234862], [72.50557526356546, 23.03211519665845], [72.50558641058191, 23.032004685359478], [72.50559678261058, 23.031900928794688], [72.50560313090216, 23.031894858688222], [72.50560947919318, 23.031888788581455], [72.5056150391559, 23.031883472467687], [72.50561582847534, 23.03188271758726], [72.50562217676521, 23.03187664747987], [72.50562852505452, 23.031870577372153], [72.50563487334327, 23.031864507264146], [72.50564421786979, 23.031863844909193], [72.50564441417774, 23.031863830853748], [72.50565395501219, 23.03186315444275], [72.50566349680507, 23.03186247894904], [72.50567303763945, 23.031861802536874], [72.5056825784738, 23.031861126124134], [72.5056921193081, 23.031860449710795], [72.50570166111746, 23.031859773312256], [72.50571120195168, 23.031859096897765], [72.50572074278588, 23.031858420482674], [72.50573028360341, 23.031857744969493], [72.50573982541262, 23.031857068568613], [72.5057493662467, 23.03185639215178], [72.50575890708075, 23.031855715734352], [72.50576833319614, 23.031856237252605], [72.50577775929504, 23.031856759672777], [72.5057871854107, 23.0318572811899], [72.50579661053479, 23.031857803593585], [72.5058060366507, 23.03185832510961], [72.50581546276673, 23.031858846625063], [72.5058248888663, 23.031859369042458], [72.50583431498261, 23.03185989055682], [72.50584374108242, 23.031860412973103], [72.50585316719898, 23.031860934486335], [72.50586259234059, 23.03186145598364], [72.5058720184408, 23.031861978398258], [72.50588144455774, 23.031862499909817], [72.50589087065822, 23.03186302232332], [72.50590029677544, 23.031863543833786], [72.50590972289278, 23.03186406534368], [72.50591932201908, 23.031865361427414], [72.50592892212073, 23.03186665752596], [72.50593852222264, 23.03186795362392], [72.50594812232475, 23.031869249721332], [72.50595772244375, 23.0318705449157], [72.50596732157129, 23.031871840996576], [72.50597692167413, 23.03187313709229], [72.50598652177725, 23.03187443318743], [72.50599612188059, 23.03187572928199], [72.5060057210257, 23.031877024458133], [72.50601532112952, 23.03187832055156], [72.5060249212336, 23.03187961664443], [72.50603452133791, 23.03188091273673], [72.50604412046738, 23.03188220881308], [72.5060537205888, 23.031883504001765], [72.50606332069383, 23.031884800092353], [72.50607292079911, 23.031886096182383], [72.50608252090463, 23.03188739227185], [72.50609212003532, 23.031888688345358], [72.50610172015793, 23.031889983531205], [72.50611132026418, 23.03189127961897], [72.50612092037068, 23.031892575706156], [72.50613051950234, 23.031893871777402], [72.5061401196093, 23.031895167863464], [72.50614916734587, 23.031898229128174], [72.50615821506628, 23.031901291294893], [72.50616726278714, 23.031904353461133], [72.50617364097184, 23.03190651230789], [72.50617631050847, 23.03190741562689], [72.50618535823024, 23.031910477792167], [72.50619440596908, 23.03191353905448], [72.50620345369178, 23.03191660121878], [72.50621250141492, 23.031919663382602], [72.50622154913853, 23.031922725545943], [72.50623059686257, 23.031925787708794], [72.50623964362862, 23.03192884895331], [72.50624869135358, 23.031931911115198], [72.50625773907899, 23.031934973276584], [72.50631703829701, 23.03197843579829], [72.5063911118996, 23.032034061949773], [72.50645710627663, 23.03206591420036], [72.50654359322805, 23.032084838199673], [72.50654886727706, 23.032085992019677], [72.50664386829978, 23.032098238119648], [72.50670187767363, 23.03210130315449], [72.50676143924392, 23.032111607370343], [72.50676146250314, 23.032111721482785], [72.5067632886277, 23.032120558346755], [72.50676511574414, 23.032129394323604], [72.50676694186907, 23.032138231187542], [72.50676876898589, 23.032147067164377], [72.50677059511118, 23.03215590402831], [72.50677242222837, 23.03216474000513], [72.506774248354, 23.032173576869045], [72.50677607547155, 23.032182412845827], [72.50677790257267, 23.0321912497251], [72.50677972871547, 23.0322000856865], [72.50678155581696, 23.032208922565758], [72.50678338196012, 23.032217758527146], [72.50678520906196, 23.032226595406364], [72.5067870352055, 23.032235431367734], [72.50678760927315, 23.03223821003705], [72.50679982204927, 23.032297286768465], [72.50678006316687, 23.03239403461214], [72.50677832543084, 23.032402545362064], [72.5067765341226, 23.032411317062905], [72.50677474281404, 23.032420088763697], [72.50677295150521, 23.032428860464435], [72.50677116021271, 23.032437631262646], [72.50676936890329, 23.03244640296329], [72.5067675766185, 23.032455174648508], [72.50676578530852, 23.03246394634905], [72.50671698134767, 23.032524785457184], [72.50662703589212, 23.032588334914], [72.5065988737464, 23.03260413299432], [72.50650125331275, 23.032636032124124], [72.50642158012982, 23.03264624054014], [72.50622891964937, 23.032652626805962], [72.5062067358421, 23.032653362035933]]]}}, {"type": "Feature", "properties": {"objectid": 508, "name_of_park": "Sadguru Garden", "zone_id": 4, "ward_id": 25, "village_division": "Viratnagar", "road_name": "Virat Nagar Road", "contact_person": "Kinjal Sapra", "maintained_by": "Mother Dairy", "garden_area": 6108, "plot_area": 0, "structure_type": "Garden", "no_of_trees": 50, "variety_of_trees": 13, "variety_of_shurbs": 9, "internal_walk_way": 1, "walkway_length": 445.9, "boundary_wall_details": "Compound Wall", "shopping_area": 1, "no_of_shops": 1, "tp_no": "1-Nikol-Rakhial", "survey_no_fp_no": "194", "statues": 2, "no_of_statues": 0, "bird_feeder": 1, "no_of_bird_feeders": 1, "phone_number": "9824585765", "play_apparatus": 1, "play_apparatus_type": "Swing,Slider,Rides", "no_of_play_apparatus": 8, "maintenance_trust_details": "Mother Dairy", "no_of_benches": 35, "rent_on_shops": 2, "urinal_facilities": 1, "rest_hut": 1, "no_of_rest_huts": 2, "water_connection": 1, "water_connection_size": 1.5, "sewage_connection": 2, "no_of_water_bodies": 0, "total_area_of_water_bodies": 0, "fountain": 2, "no_of_fountains": 0, "no_of_light_poles": 15, "music_system": 2, "no_of_entry_gates": "2", "water_tank": 1, "water_tank_capacity": 20000, "drinking_water_facility": 2, "remarks": "", "address": "Sadguru Garden , Nr, Sadguru Society , Virat Nagar , Ahmedabad, Gujarat 382350.", "ward": "25_VIRATNAGAR", "zone": "EAST ZONE", "road_id": "", "source_of_water2": "", "st_length(shape)": 369.55022131490216}, "geometry": {"type": "Polygon", "coordinates": [[[72.65377660182011, 23.035739124054363], [72.65386604773404, 23.036028902336742], [72.65386716973997, 23.036030692107442], [72.65386842235344, 23.036032544304483], [72.65386974495824, 23.036034354205103], [72.65387113461308, 23.03603612266846], [72.65387258749524, 23.03603784512377], [72.65387410656166, 23.036039519809258], [72.65387568597663, 23.036041145735563], [72.65387732481184, 23.036042720180465], [72.65387902210772, 23.03604424222689], [72.65388077498548, 23.036045709123705], [72.6538825824699, 23.036047120856427], [72.65388444073828, 23.036048472854265], [72.65388634782454, 23.036049765990885], [72.65388830377556, 23.036050997558537], [72.65389030472174, 23.036052165694162], [72.65389234772177, 23.03605327125692], [72.65389443088772, 23.036054310607582], [72.65389655129395, 23.036055283702716], [72.65389870703692, 23.03605618780564], [72.65390089613487, 23.036057024692592], [72.65390311474948, 23.03605779069534], [72.6539053618899, 23.03605848670201], [72.65390763271125, 23.03605911083507], [72.65390992625396, 23.036059662177482], [72.6539122386171, 23.036060140671385], [72.6539145688255, 23.036060546302288], [72.653916912003, 23.03606087899783], [72.65391926723693, 23.03606113513323], [72.65392163059512, 23.036061316455772], [72.65392399912062, 23.036061424727187], [72.65392637092553, 23.036061456308243], [72.65392874302164, 23.03606141476582], [72.65393111155494, 23.036061297334317], [72.65456400912385, 23.036019872959326], [72.65457027723973, 23.036012171962163], [72.65457295562918, 23.036003625047073], [72.65444787587097, 23.035660803695205], [72.65443250250897, 23.035618668010823], [72.65418345929314, 23.03493671338131], [72.65417771462172, 23.034933173997093], [72.65415407201661, 23.034930090431065], [72.6536119421173, 23.03509024944387], [72.6536018519493, 23.035100437809586], [72.65359645944076, 23.03511373384629], [72.6537414233751, 23.035625154734472], [72.65377660182011, 23.035739124054363]]]}}, {"type": "Feature", "properties": {"objectid": 509, "name_of_park": "Late Revabhai Parmar Garden\r\n (Manchani Masjid garden)", "zone_id": 2, "ward_id": 27, "village_division": "Saraspur", "road_name": "Ambar Cinema Road", "contact_person": "Mittal Bhai Gor", "maintained_by": "Mother Dairy", "garden_area": 5947.51633559, "plot_area": 1050, "structure_type": "Garden", "no_of_trees": 160, "variety_of_trees": 4, "variety_of_shurbs": 4, "internal_walk_way": 1, "walkway_length": 264, "boundary_wall_details": "Compouind Wall", "shopping_area": 2, "no_of_shops": 0, "tp_no": "12-Asarwa Extension", "survey_no_fp_no": "181", "statues": 2, "no_of_statues": 0, "bird_feeder": 1, "no_of_bird_feeders": 3, "phone_number": "9824130843", "play_apparatus": 1, "play_apparatus_type": "Children Play, GYM Equipment", "no_of_play_apparatus": 22, "maintenance_trust_details": "Amul Fed", "no_of_benches": 15, "rent_on_shops": 2, "urinal_facilities": 1, "rest_hut": 1, "no_of_rest_huts": 1, "water_connection": 1, "water_connection_size": 1, "sewage_connection": 2, "no_of_water_bodies": 0, "total_area_of_water_bodies": 0, "fountain": 2, "no_of_fountains": 0, "no_of_light_poles": 14, "music_system": 2, "no_of_entry_gates": "2", "water_tank": 1, "water_tank_capacity": 5000, "drinking_water_facility": 2, "remarks": "", "address": "Late Revabhai Parmar Garden , Machha Ni Masjid , Opp. Ambar Cinema , Saraspur , Ahmedabad , Gujarat\r\n (Manchani Masjid garden)-Opp.Ambar Cinema Bapunagar, Ahmedabad, Gujarat 380024,Ahmedabad Gujarat", "ward": "27_SARASPUR_RAKHIYAL", "zone": "NORTH ZONE", "road_id": "", "source_of_water2": "A.M.C. Supply", "st_length(shape)": 352.8223959659799}, "geometry": {"type": "Polygon", "coordinates": [[[72.61951474938124, 23.035104843211958], [72.61927125730804, 23.03518349415923], [72.61930883040077, 23.035283288912645], [72.61932801818499, 23.035334250856703], [72.61939058236227, 23.03549509518819], [72.61942048114747, 23.03555008145508], [72.61939077390582, 23.035586143255433], [72.61913349455264, 23.03568689262003], [72.61895379420976, 23.035773798133878], [72.61905063135944, 23.035873514884962], [72.6191106630878, 23.035926380185327], [72.6191534802149, 23.03596408560348], [72.61927108351168, 23.036076157326807], [72.61933582001365, 23.036137847806415], [72.61935741545197, 23.036157282447626], [72.61938317627212, 23.036160059116728], [72.61943122514695, 23.03614286747348], [72.61995074337867, 23.035585771912306], [72.61991888578842, 23.03550407861267], [72.61987708271597, 23.035415546780996], [72.6197694108922, 23.035197991522672], [72.61973029326616, 23.035191669900062], [72.61963833763856, 23.035215807637822], [72.61959431111836, 23.035195080190423], [72.61955833971184, 23.03512185903636], [72.61952741807825, 23.0351045355973], [72.61951474938124, 23.035104843211958]]]}}, {"type": "Feature", "properties": {"objectid": 510, "name_of_park": "Kasturba Garden\r\n (Manpasand Garden)", "zone_id": 2, "ward_id": 26, "village_division": "Bapunagar", "road_name": "Hirawadi Road", "contact_person": "Mittal Bhai Gor", "maintained_by": "Mother Dairy", "garden_area": 2178.23076687, "plot_area": 750, "structure_type": "Garden", "no_of_trees": 80, "variety_of_trees": 6, "variety_of_shurbs": 5, "internal_walk_way": 1, "walkway_length": 180, "boundary_wall_details": "Compouind Wall", "shopping_area": 2, "no_of_shops": 0, "tp_no": "12-Asarwa Extension", "survey_no_fp_no": "92", "statues": 2, "no_of_statues": 0, "bird_feeder": 1, "no_of_bird_feeders": 2, "phone_number": "9824130843", "play_apparatus": 1, "play_apparatus_type": "Children Play", "no_of_play_apparatus": 8, "maintenance_trust_details": "Amul Fed", "no_of_benches": 24, "rent_on_shops": 2, "urinal_facilities": 2, "rest_hut": 1, "no_of_rest_huts": 2, "water_connection": 1, "water_connection_size": 1, "sewage_connection": 2, "no_of_water_bodies": 0, "total_area_of_water_bodies": 0, "fountain": 2, "no_of_fountains": 0, "no_of_light_poles": 8, "music_system": 2, "no_of_entry_gates": "1", "water_tank": 2, "water_tank_capacity": 0, "drinking_water_facility": 2, "remarks": "", "address": "Kasturba Garden , Hirawadi Road , Bapunagar , Ahmedabad , Gujarat\r\n (Manpasand Garden)-Nr.Bapunagar Hira Bazar,Ahmedabad Gujarat", "ward": "26_BAPUNAGAR", "zone": "NORTH ZONE", "road_id": "", "source_of_water2": "A.M.C. Supply", "st_length(shape)": 188.0751282426999}, "geometry": {"type": "Polygon", "coordinates": [[[72.62699857640014, 23.037033713989338], [72.6264718811069, 23.037094018164076], [72.62650502256773, 23.037469158395986], [72.62666487817577, 23.037456946277135], [72.62684256456889, 23.037443332358464], [72.62696794330436, 23.037432891025123], [72.62699857640014, 23.037033713989338]]]}}, {"type": "Feature", "properties": {"objectid": 511, "name_of_park": "Indra Public Park", "zone_id": 6, "ward_id": 19, "village_division": "Bodakdev", "road_name": "Sarkari Vasahat Road", "contact_person": "Kanaiyalal", "maintained_by": "Mother Dairy", "garden_area": 365.67642055, "plot_area": 0, "structure_type": "Garden", "no_of_trees": 46, "variety_of_trees": 5, "variety_of_shurbs": 5, "internal_walk_way": 1, "walkway_length": 66, "boundary_wall_details": "Compound Wall With Chainlink Net", "shopping_area": 1, "no_of_shops": 1, "tp_no": "1-B-Bodakdev", "survey_no_fp_no": "233", "statues": 2, "no_of_statues": 0, "bird_feeder": 2, "no_of_bird_feeders": 0, "phone_number": "8401181424", "play_apparatus": 1, "play_apparatus_type": "Children Play", "no_of_play_apparatus": 8, "maintenance_trust_details": "Amul Fed", "no_of_benches": 12, "rent_on_shops": 2, "urinal_facilities": 2, "rest_hut": 2, "no_of_rest_huts": 0, "water_connection": 1, "water_connection_size": 0.5, "sewage_connection": 2, "no_of_water_bodies": 0, "total_area_of_water_bodies": 0, "fountain": 2, "no_of_fountains": 0, "no_of_light_poles": 4, "music_system": 2, "no_of_entry_gates": "1", "water_tank": 2, "water_tank_capacity": 0, "drinking_water_facility": 2, "remarks": "", "address": "Indra Public Park Nr. Sarkari Vasahat , Ahmedabad , Gujarat 380054.", "ward": "19_BODAKDEV", "zone": "NORTH WEST ZONE", "road_id": "", "source_of_water2": "A.M.C. Supply", "st_length(shape)": 75.34056401916168}, "geometry": {"type": "Polygon", "coordinates": [[[72.52129020136844, 23.036236280705197], [72.52111825149005, 23.036236280437073], [72.52111750834295, 23.036236274201883], [72.52111505024156, 23.036236171566426], [72.52110293799863, 23.036235351540213], [72.5211020752615, 23.03640307531482], [72.52110361865066, 23.036405723808382], [72.52110675598301, 23.036410550352514], [72.52112608460416, 23.03641204774328], [72.52127655737728, 23.036404255489526], [72.52128177141618, 23.036401351839647], [72.52128639651207, 23.03639545265839], [72.52128821255847, 23.036386508695298], [72.52129234106296, 23.036239284299164], [72.52129020136844, 23.036236280705197]]]}}, {"type": "Feature", "properties": {"objectid": 512, "name_of_park": "Chitra Public Park\r\n (Amul Garden)", "zone_id": 6, "ward_id": 19, "village_division": "Bodakdev", "road_name": "Sandesh Press Road", "contact_person": "Ajit Chauhan", "maintained_by": "Mother Dairy", "garden_area": 2452.04923251, "plot_area": 0, "structure_type": "Garden", "no_of_trees": 24, "variety_of_trees": 7, "variety_of_shurbs": 5, "internal_walk_way": 1, "walkway_length": 110, "boundary_wall_details": "Compound Wall With Chainlink Net+Compound Wall", "shopping_area": 1, "no_of_shops": 2, "tp_no": "1-B-Bodakdev", "survey_no_fp_no": "216", "statues": 2, "no_of_statues": 0, "bird_feeder": 2, "no_of_bird_feeders": 0, "phone_number": "8401181424", "play_apparatus": 1, "play_apparatus_type": "Children Play", "no_of_play_apparatus": 11, "maintenance_trust_details": "Amul Fed", "no_of_benches": 37, "rent_on_shops": 2, "urinal_facilities": 1, "rest_hut": 1, "no_of_rest_huts": 1, "water_connection": 1, "water_connection_size": 0.5, "sewage_connection": 2, "no_of_water_bodies": 0, "total_area_of_water_bodies": 0, "fountain": 2, "no_of_fountains": 0, "no_of_light_poles": 9, "music_system": 2, "no_of_entry_gates": "1", "water_tank": 1, "water_tank_capacity": 5000, "drinking_water_facility": 1, "remarks": "", "address": "Chitra Public Park , Nr. Ghoyal Plaza , Bodekdev , Ahmedabad , Gujarat 380054.\r\n (Amul Garden)-Vastrapur, Ahmedabad, Gujarat 380054, India,Ahmedabad Gujarat", "ward": "19_BODAKDEV", "zone": "NORTH WEST ZONE", "road_id": "", "source_of_water2": "A.M.C. Supply", "st_length(shape)": 217.92011819372618}, "geometry": {"type": "Polygon", "coordinates": [[[72.52161308267775, 23.03469142544829], [72.52161116737268, 23.034699627417808], [72.52161036327183, 23.034708011576637], [72.5216106847474, 23.034716428069427], [72.52161212605343, 23.03472472646291], [72.52161409922101, 23.03473128608421], [72.52161507865492, 23.034733837263076], [72.52164505099358, 23.03481185605628], [72.52166381592903, 23.034857578405436], [72.521764435836, 23.035056316290078], [72.52176735701879, 23.035063253675155], [72.52177470350738, 23.03508096343402], [72.52177704928484, 23.035086617116168], [72.521884259471, 23.03534505061583], [72.52190794166326, 23.035351639041007], [72.52192860393485, 23.035350768547957], [72.5219700804136, 23.035340670463704], [72.52200001261542, 23.03532680842015], [72.52201555916555, 23.03530913067005], [72.52201849217668, 23.035021682131276], [72.52200820916272, 23.03467960503021], [72.52200158815323, 23.034633757979563], [72.52199724171501, 23.03461744847153], [72.52199022677517, 23.03460587359573], [72.52197231173407, 23.034573723012358], [72.52196510148256, 23.034554484331824], [72.5219588370626, 23.034543205584043], [72.52165475614008, 23.034673430550846], [72.52161308267775, 23.03469142544829]]]}}, {"type": "Feature", "properties": {"objectid": 513, "name_of_park": "Surbhi Public Park", "zone_id": 6, "ward_id": 19, "village_division": "Bodakdev", "road_name": "Sandesh Press Road", "contact_person": "Ajit Chauhan", "maintained_by": "Mother Dairy", "garden_area": 685.02634452, "plot_area": 0, "structure_type": "Garden", "no_of_trees": 10, "variety_of_trees": 5, "variety_of_shurbs": 3, "internal_walk_way": 2, "walkway_length": 0, "boundary_wall_details": "Compound Wall With Chainlink Net", "shopping_area": 2, "no_of_shops": 0, "tp_no": "1-B-Bodakdev", "survey_no_fp_no": "217", "statues": 2, "no_of_statues": 0, "bird_feeder": 2, "no_of_bird_feeders": 0, "phone_number": "8401181424", "play_apparatus": 2, "play_apparatus_type": "", "no_of_play_apparatus": 0, "maintenance_trust_details": "Amul Fed", "no_of_benches": 4, "rent_on_shops": 2, "urinal_facilities": 2, "rest_hut": 2, "no_of_rest_huts": 0, "water_connection": 2, "water_connection_size": 0, "sewage_connection": 2, "no_of_water_bodies": 0, "total_area_of_water_bodies": 0, "fountain": 2, "no_of_fountains": 0, "no_of_light_poles": 4, "music_system": 2, "no_of_entry_gates": "1", "water_tank": 2, "water_tank_capacity": 0, "drinking_water_facility": 2, "remarks": "", "address": "Surbhi Public Park , Nr. Ghoyal Tower, Nr.Sandesh Press,Ahmedabad , Gujarat 380054.", "ward": "19_BODAKDEV", "zone": "NORTH WEST ZONE", "road_id": "", "source_of_water2": "Tanker", "st_length(shape)": 116.03378832768153}, "geometry": {"type": "Polygon", "coordinates": [[[72.52201701785513, 23.035717137258906], [72.52212234848882, 23.035970869455262], [72.52218339505269, 23.036099419166263], [72.52219481221101, 23.03610778875298], [72.52221078817274, 23.03611393318612], [72.5222238864129, 23.036116040555044], [72.5222330345926, 23.036115410265584], [72.5222413887544, 23.036114835238298], [72.52224507650517, 23.036114689912523], [72.52225752889626, 23.036103582622072], [72.52225867522819, 23.036101384333787], [72.52229577698762, 23.036030253958742], [72.52233191481795, 23.03597006334679], [72.52233325688363, 23.03595791258939], [72.52233266628812, 23.035942583653206], [72.52232935914063, 23.035932855241143], [72.52229176087366, 23.035900825932686], [72.52225397632306, 23.035868636618456], [72.52202587003941, 23.035710825844287], [72.52202040980326, 23.0357119941876], [72.52201701785513, 23.035717137258906]]]}}, {"type": "Feature", "properties": {"objectid": 514, "name_of_park": "Sravan Public Park", "zone_id": 6, "ward_id": 19, "village_division": "Bodakdev", "road_name": "Basera Appartment Road", "contact_person": "Ajit Chauhan", "maintained_by": "Mother Dairy", "garden_area": 6253.01058816, "plot_area": 0, "structure_type": "Garden", "no_of_trees": 23, "variety_of_trees": 7, "variety_of_shurbs": 4, "internal_walk_way": 1, "walkway_length": 100, "boundary_wall_details": "Compound Wall With Chainlink Net", "shopping_area": 1, "no_of_shops": 1, "tp_no": "1-B-Bodakdev", "survey_no_fp_no": "135", "statues": 2, "no_of_statues": 0, "bird_feeder": 2, "no_of_bird_feeders": 0, "phone_number": "8401181424", "play_apparatus": 1, "play_apparatus_type": "Children Play", "no_of_play_apparatus": 13, "maintenance_trust_details": "Amul Fed", "no_of_benches": 7, "rent_on_shops": 2, "urinal_facilities": 2, "rest_hut": 2, "no_of_rest_huts": 0, "water_connection": 1, "water_connection_size": 0.5, "sewage_connection": 2, "no_of_water_bodies": 0, "total_area_of_water_bodies": 0, "fountain": 2, "no_of_fountains": 0, "no_of_light_poles": 5, "music_system": 2, "no_of_entry_gates": "1", "water_tank": 2, "water_tank_capacity": 0, "drinking_water_facility": 2, "remarks": "", "address": "Sravan Public Park , Nr.Shrijee Dairy , Ahmedabad ,  Gujarat", "ward": "19_BODAKDEV", "zone": "NORTH WEST ZONE", "road_id": "", "source_of_water2": "A.M.C. Supply , Tanker", "st_length(shape)": 317.58394157300773}, "geometry": {"type": "Polygon", "coordinates": [[[72.51425980453637, 23.036221391673276], [72.5141480337197, 23.035992051855978], [72.51341952208936, 23.036305415834338], [72.5133594927317, 23.036333624095583], [72.51357458472724, 23.036763118645162], [72.51364720393195, 23.03691234905539], [72.51410198000609, 23.036713132524394], [72.51440416401427, 23.036572591024658], [72.51441953152603, 23.036566215489522], [72.51442273273415, 23.03656053337383], [72.51442182280043, 23.03655383061612], [72.51425980453637, 23.036221391673276]]]}}, {"type": "Feature", "properties": {"objectid": 515, "name_of_park": "Swastik Public Park", "zone_id": 6, "ward_id": 19, "village_division": "Bodakdev", "road_name": "Sandesh Press Road", "contact_person": "Ajit Chauhan", "maintained_by": "Mother Dairy", "garden_area": 2331.36925369, "plot_area": 0, "structure_type": "Garden", "no_of_trees": 15, "variety_of_trees": 4, "variety_of_shurbs": 5, "internal_walk_way": 2, "walkway_length": 0, "boundary_wall_details": "Compound Wall With Chainlink Net", "shopping_area": 2, "no_of_shops": 0, "tp_no": "1-Vastrapur", "survey_no_fp_no": "236", "statues": 2, "no_of_statues": 0, "bird_feeder": 2, "no_of_bird_feeders": 0, "phone_number": "8401181424", "play_apparatus": 2, "play_apparatus_type": "", "no_of_play_apparatus": 0, "maintenance_trust_details": "Amul Fed", "no_of_benches": 8, "rent_on_shops": 2, "urinal_facilities": 2, "rest_hut": 2, "no_of_rest_huts": 0, "water_connection": 2, "water_connection_size": 0, "sewage_connection": 2, "no_of_water_bodies": 0, "total_area_of_water_bodies": 0, "fountain": 2, "no_of_fountains": 0, "no_of_light_poles": 4, "music_system": 2, "no_of_entry_gates": "1", "water_tank": 2, "water_tank_capacity": 0, "drinking_water_facility": 2, "remarks": "", "address": "Swastik Public Park , Nr. Ghoyal Tower, Nr.Sandesh Press,Ahmedabad Gujarat 380054.", "ward": "19_BODAKDEV", "zone": "NORTH WEST ZONE", "road_id": "", "source_of_water2": "Tanker", "st_length(shape)": 234.77819835556676}, "geometry": {"type": "Polygon", "coordinates": [[[72.52298516836441, 23.0368062631], [72.5229920099402, 23.036822633348706], [72.52309498804787, 23.036884721093326], [72.5231156483862, 23.036894688860215], [72.52341454590774, 23.037032545124447], [72.5236677783413, 23.0371527265235], [72.52374548497995, 23.037187714662135], [72.52377109016123, 23.03719606262652], [72.52381235836023, 23.037199675426972], [72.52382053831336, 23.037200523036333], [72.52382875389637, 23.037200062213802], [72.52383676198625, 23.037198306303814], [72.52384432851827, 23.03719530670828], [72.52385122751093, 23.037191152871326], [72.52385725580852, 23.03718596619087], [72.52386136606597, 23.03718095981098], [72.5238502187641, 23.03681293929617], [72.52384947504929, 23.036783089907765], [72.52381401441718, 23.036785514507965], [72.52315920788446, 23.03680586892517], [72.52298516836441, 23.0368062631]]]}}, {"type": "Feature", "properties": {"objectid": 516, "name_of_park": "Shrijee Public Park-2", "zone_id": 4, "ward_id": 24, "village_division": "Nikol", "road_name": "Nikol Gam Road", "contact_person": "Dilipsinh C. Rathod", "maintained_by": "Mother Dairy", "garden_area": 1629.60670818, "plot_area": 0, "structure_type": "Garden", "no_of_trees": 5, "variety_of_trees": 3, "variety_of_shurbs": 5, "internal_walk_way": 1, "walkway_length": 20, "boundary_wall_details": "Compound Wall", "shopping_area": 2, "no_of_shops": 0, "tp_no": "103-Nikol", "survey_no_fp_no": "113/1", "statues": 2, "no_of_statues": 0, "bird_feeder": 2, "no_of_bird_feeders": 0, "phone_number": "7487048423", "play_apparatus": 2, "play_apparatus_type": "", "no_of_play_apparatus": 0, "maintenance_trust_details": "Mother Dairy", "no_of_benches": 3, "rent_on_shops": 2, "urinal_facilities": 2, "rest_hut": 2, "no_of_rest_huts": 0, "water_connection": 1, "water_connection_size": 1, "sewage_connection": 2, "no_of_water_bodies": 0, "total_area_of_water_bodies": 0, "fountain": 2, "no_of_fountains": 0, "no_of_light_poles": 3, "music_system": 2, "no_of_entry_gates": "1", "water_tank": 2, "water_tank_capacity": 0, "drinking_water_facility": 2, "remarks": "", "address": "Shrijee Public Park-2 , Nr.Khodiyar Temple ,  Nikol ,Ahmedbad , Gujarat 382350.", "ward": "24_NIKOL", "zone": "EAST ZONE", "road_id": "", "source_of_water2": "", "st_length(shape)": 181.95229266524038}, "geometry": {"type": "Polygon", "coordinates": [[[72.661838527129, 23.0409772509675], [72.66180973241136, 23.04100479158305], [72.66180453656702, 23.041019212135364], [72.6618085131307, 23.041027664419488], [72.66185210691438, 23.04103365023203], [72.66225147359415, 23.041058780921897], [72.6623774949719, 23.041069651802417], [72.66238060249465, 23.041056625892963], [72.66241417391419, 23.040903092112643], [72.66241485785383, 23.040896757241054], [72.66236883455383, 23.04089306040959], [72.66236251683738, 23.040714744971446], [72.66232804521034, 23.040667222957353], [72.66231612790429, 23.040660525704098], [72.66230125172675, 23.040662595269573], [72.66226214264634, 23.040683381173803], [72.66215865133627, 23.04074718931367], [72.66209291630582, 23.040787540860112], [72.66205157984042, 23.040812916180343], [72.6619864875864, 23.04085287362542], [72.66198121071989, 23.04085611252722], [72.66193630511862, 23.040851414628676], [72.66191549618019, 23.040903632645392], [72.66189144461917, 23.04096398581441], [72.66185109444127, 23.04096523078206], [72.661838527129, 23.0409772509675]]]}}, {"type": "Feature", "properties": {"objectid": 517, "name_of_park": "Shrijee Public Park-1", "zone_id": 4, "ward_id": 24, "village_division": "Nikol", "road_name": "Nikol Gam Road", "contact_person": "Dilipsinh C. Rathod", "maintained_by": "Mother Dairy", "garden_area": 1445.66709451, "plot_area": 0, "structure_type": "Garden", "no_of_trees": 7, "variety_of_trees": 6, "variety_of_shurbs": 5, "internal_walk_way": 1, "walkway_length": 70, "boundary_wall_details": "Compound Wall", "shopping_area": 1, "no_of_shops": 1, "tp_no": "103-NIkol", "survey_no_fp_no": "113/2", "statues": 2, "no_of_statues": 0, "bird_feeder": 1, "no_of_bird_feeders": 1, "phone_number": "7487048423", "play_apparatus": 2, "play_apparatus_type": "", "no_of_play_apparatus": 0, "maintenance_trust_details": "Mother Dairy", "no_of_benches": 8, "rent_on_shops": 2, "urinal_facilities": 2, "rest_hut": 2, "no_of_rest_huts": 0, "water_connection": 1, "water_connection_size": 1, "sewage_connection": 2, "no_of_water_bodies": 0, "total_area_of_water_bodies": 0, "fountain": 2, "no_of_fountains": 0, "no_of_light_poles": 4, "music_system": 2, "no_of_entry_gates": "1", "water_tank": 2, "water_tank_capacity": 0, "drinking_water_facility": 2, "remarks": "", "address": "Shrijee Public Park-1 , Nr.Khodiyar Temple ,  Nikol ,Ahmedbad , Gujarat 382350.", "ward": "24_NIKOL", "zone": "EAST ZONE", "road_id": "", "source_of_water2": "", "st_length(shape)": 164.77335752448428}, "geometry": {"type": "Polygon", "coordinates": [[[72.6622101324035, 23.04164288131323], [72.662207176921, 23.04158980806278], [72.66217471223914, 23.041272586176923], [72.66216651879168, 23.04125383361859], [72.6621488875167, 23.041243539900808], [72.66211331473313, 23.041240864234492], [72.66186037557625, 23.041225657694692], [72.66185409604394, 23.041230580858926], [72.66185316182784, 23.041239883187945], [72.66188415996167, 23.041372914593182], [72.66190990173793, 23.04158612849136], [72.66185493951515, 23.04158531559312], [72.66185694730247, 23.041648406902137], [72.6622101324035, 23.04164288131323]]]}}, {"type": "Feature", "properties": {"objectid": 518, "name_of_park": "Vastrapur Lake Garden", "zone_id": 6, "ward_id": 19, "village_division": "Vastrapur", "road_name": "Vastrapur Village Road", "contact_person": "Kanaiyalal", "maintained_by": "Mother Dairy", "garden_area": 28681.72930898, "plot_area": 0, "structure_type": "Garden", "no_of_trees": 116, "variety_of_trees": 6, "variety_of_shurbs": 5, "internal_walk_way": 1, "walkway_length": 900, "boundary_wall_details": "Compound Wall With Chainlink Net", "shopping_area": 1, "no_of_shops": 2, "tp_no": "1-Vastrapur", "survey_no_fp_no": "209", "statues": 1, "no_of_statues": 1, "bird_feeder": 1, "no_of_bird_feeders": 8, "phone_number": "8401181424", "play_apparatus": 1, "play_apparatus_type": "Children Play + GYM Equipment", "no_of_play_apparatus": 11, "maintenance_trust_details": "Amul Fed", "no_of_benches": 57, "rent_on_shops": 1, "urinal_facilities": 1, "rest_hut": 1, "no_of_rest_huts": 3, "water_connection": 1, "water_connection_size": 0.5, "sewage_connection": 1, "no_of_water_bodies": 1, "total_area_of_water_bodies": 45000, "fountain": 1, "no_of_fountains": 4, "no_of_light_poles": 78, "music_system": 1, "no_of_entry_gates": "6", "water_tank": 1, "water_tank_capacity": 40000, "drinking_water_facility": 1, "remarks": "", "address": "Vastrapur Lake Garden , Vastrapur Village , Ahmedabad , Gujarat 380052.", "ward": "19_BODAKDEV", "zone": "NORTH WEST ZONE", "road_id": "", "source_of_water2": "Bore", "st_length(shape)": 1516.1094922292843}, "geometry": {"type": "Polygon", "coordinates": [[[72.52774766256576, 23.03795122483436], [72.52770611679068, 23.038025195819735], [72.52765954606852, 23.038149253296705], [72.52763944547605, 23.038301835539166], [72.52763923093065, 23.038303382211048], [72.52763737101036, 23.038316138816548], [72.5276193979207, 23.038439435610112], [72.52761035117088, 23.03850149562128], [72.5276079768404, 23.038803293068945], [72.52767527855399, 23.03900438573929], [72.52791741066265, 23.039524694145417], [72.52792740909399, 23.039551182901338], [72.52797279705351, 23.039594303086538], [72.5279926607992, 23.039608944904575], [72.52802829191383, 23.039608069397502], [72.52806397633127, 23.03960432757173], [72.52822688123112, 23.039602820504143], [72.52836125681898, 23.039606109511002], [72.52855043537464, 23.039591869701606], [72.52860322643907, 23.039584096276872], [72.52861955766596, 23.039556440254167], [72.52863814677436, 23.039537348741227], [72.52874367655535, 23.03952466723516], [72.52878883235113, 23.039511041903932], [72.5288170373929, 23.03949285267701], [72.52883451010582, 23.03946876229282], [72.52886302986899, 23.039433380520578], [72.5289918584522, 23.039416763218], [72.5290258112411, 23.03942302640386], [72.52906566868477, 23.039445146660892], [72.52911300551932, 23.03948171412307], [72.52943271788877, 23.039442284552273], [72.52996522591184, 23.039371862890615], [72.52998848139639, 23.039351054853608], [72.52999984476585, 23.039258676628393], [72.530045046765, 23.038959515917657], [72.53011672576315, 23.03836236431012], [72.53015207692128, 23.038122151122533], [72.53018289117847, 23.038085006621305], [72.53020658015043, 23.03799094588579], [72.5302133362923, 23.037849681904987], [72.53012796821862, 23.03783085016781], [72.53010204294151, 23.037808947856675], [72.530079476039, 23.037772767687592], [72.53006291743472, 23.03774671278939], [72.53004806416028, 23.037712085797644], [72.5299757707754, 23.037602610478594], [72.5296838315551, 23.03760459227092], [72.52929708720877, 23.037582619705006], [72.52891824795205, 23.037553053018026], [72.52887718541513, 23.037554560656623], [72.52887090175115, 23.037559478140228], [72.5288652572732, 23.037571810000564], [72.52883110617425, 23.037604716002644], [72.52880631171251, 23.03761985400412], [72.52876352294084, 23.037631127701072], [72.52872344414128, 23.03763527859071], [72.52868592475717, 23.03764066382096], [72.52862516248611, 23.037646879150476], [72.52856842210507, 23.03764479782967], [72.52852077789585, 23.037639276560324], [72.52848734579682, 23.037632782208263], [72.5283850991902, 23.037635022272152], [72.5282998860563, 23.03765865661553], [72.52819619328493, 23.037683906796605], [72.52801750493803, 23.03775276898997], [72.52789697774294, 23.037816568716003], [72.52778541741601, 23.037919323337615], [72.52774766256576, 23.03795122483436]], [[72.5289779303355, 23.037868374370618], [72.52919905374203, 23.03784113221072], [72.52920160585104, 23.03784977082707], [72.52920415796036, 23.03785840944338], [72.52920671006993, 23.037867048059688], [72.52920926217978, 23.037875686675974], [72.52921181526506, 23.03788432530746], [72.52921436737545, 23.037892963923703], [72.52921872526137, 23.037900198090906], [72.52922308413936, 23.037907431370765], [72.5292274430013, 23.037914665553046], [72.52923180188017, 23.03792189883274], [72.52923616074301, 23.03792913301484], [72.5292405186476, 23.037936366279105], [72.5292448775113, 23.037943600461038], [72.52924923639192, 23.03795083374039], [72.5292535952565, 23.037958067922148], [72.52925795316285, 23.037965301186084], [72.52926463176928, 23.037970600909198], [72.5292713094011, 23.037975900616836], [72.5292779870499, 23.03798119942173], [72.52928466565791, 23.03798649914411], [72.52929134329132, 23.037991798851024], [72.52929802094172, 23.037997097655204], [72.52930469955135, 23.03800239737688], [72.52931210245993, 23.038007881746296], [72.52935419571759, 23.03803906438769], [72.5294114739412, 23.03803995949981], [72.52945185384831, 23.038033425363622], [72.52950503635472, 23.038004160424634], [72.52953631094188, 23.037987451674333], [72.52955226188386, 23.037961904733425], [72.52956519514804, 23.03793201081798], [72.52958279915921, 23.03790075721593], [72.52986419568657, 23.03790395975278], [72.52986911366999, 23.037907495044166], [72.52987645020802, 23.037912768912456], [72.52988378674662, 23.03791804278044], [72.52989112328581, 23.037923316648126], [72.52989845982559, 23.03792859051552], [72.52990579636594, 23.03793386438262], [72.52990952201876, 23.037941804539468], [72.52991324864713, 23.03794974471148], [72.5299169752759, 23.037957684883427], [72.5299207018886, 23.03796562595783], [72.52992442754302, 23.037973566114427], [72.52992815417298, 23.037981506286215], [72.52993188080335, 23.037989446457935], [72.52993560741766, 23.037997387532105], [72.5299359595059, 23.038006373632037], [72.52993631159416, 23.038015359731965], [72.52993666366591, 23.038024346734403], [72.52993701575413, 23.038033332834317], [72.52993736880101, 23.038042319851947], [72.52993772088921, 23.03805130595187], [72.52993807297737, 23.03806029205177], [72.52993842504907, 23.038069279054152], [72.52993877713722, 23.038078265154038], [72.52993912922535, 23.038087251253927], [72.52993948227216, 23.03809623827154], [72.52993983436026, 23.0381052243714], [72.52994018644836, 23.03811421047126], [72.52994053851998, 23.038123197473624], [72.52994089060805, 23.038132183573477], [72.5299395474023, 23.038141062840985], [72.52993820320471, 23.038149942995723], [72.5299368599985, 23.038158822263178], [72.5299355158169, 23.03816770151534], [72.52993417261024, 23.03817658078271], [72.52993282842816, 23.038185460034807], [72.52993148520456, 23.038194340204605], [72.52993014102204, 23.038203219456626], [72.52992879781442, 23.038212098723868], [72.52992745363142, 23.03822097797582], [72.52992611040686, 23.03822985814547], [72.5299247662234, 23.03823873739735], [72.52992342301485, 23.03824761666443], [72.52992207883091, 23.03825649591624], [72.52992073463028, 23.038265376070527], [72.52991939142102, 23.038274255337505], [72.5299180472364, 23.038283134589207], [72.52991670402666, 23.038292013856108], [72.52991535984155, 23.03830089310774], [72.5299140166149, 23.038309773277067], [72.52991267242932, 23.03831865252864], [72.52991132921866, 23.0383275317954], [72.52990998503262, 23.038336411046892], [72.52990864180502, 23.038345291216075], [72.52990729761851, 23.038354170467496], [72.52990595440691, 23.038363049734105], [72.52990461021993, 23.038371928985452], [72.52990326699141, 23.03838080915451], [72.52990192280396, 23.038389688405783], [72.52990057959143, 23.03839856767226], [72.5298992354035, 23.038407446923465], [72.5298978921905, 23.038416326189868], [72.52989654798566, 23.03842520634349], [72.52989520477217, 23.038434085609836], [72.52989386058331, 23.0384429648609], [72.52989251736938, 23.038451844127152], [72.5298911731636, 23.038460724280636], [72.52988982994918, 23.038469603546833], [72.52988852539211, 23.038478235159598], [72.52988722085126, 23.038486865869828], [72.52988591629374, 23.03849549748253], [72.529884611736, 23.03850412909519], [72.52988330717804, 23.038512760707828], [72.52988200261984, 23.038521392320444], [72.52988069806143, 23.038530023933003], [72.52987939351927, 23.038538654643038], [72.52987808896042, 23.03854728625554], [72.52987678440132, 23.038555917868003], [72.52987547984205, 23.038564549480427], [72.52987417625768, 23.03857318110806], [72.52987287171442, 23.038581811817924], [72.52987156715446, 23.03859044343025], [72.52987026259427, 23.03859907504255], [72.52986895803387, 23.038607706654805], [72.52986765347325, 23.038616338267037], [72.52986634892886, 23.038624968976734], [72.52986504436781, 23.038633600588888], [72.52986373980652, 23.038642232201013], [72.52986243524502, 23.038650863813107], [72.52986113068329, 23.03865949542516], [72.52985982612135, 23.03866812703719], [72.52985852157563, 23.038676757746686], [72.52985721701324, 23.03868538935864], [72.52985591342579, 23.038694020985805], [72.52985460886296, 23.03870265259769], [72.52984896598983, 23.038709550842867], [72.52984332409126, 23.038716449103028], [72.52983768121696, 23.038723347347698], [72.52983203931721, 23.038730245607344], [72.52982639644172, 23.038737143851478], [72.5298207545408, 23.038744042110608], [72.52981511166412, 23.038750940354245], [72.52980946976201, 23.038757838612867], [72.52980382686769, 23.038764737758488], [72.5297981849644, 23.03877163601659], [72.52979254208537, 23.038778534259183], [72.5297869001809, 23.03878543251677], [72.52978125730068, 23.038792330758874], [72.52977561539502, 23.03879922901595], [72.52976997251363, 23.038806127257516], [72.5297643306068, 23.03881302551408], [72.52975638052698, 23.038817320271562], [72.52974843044667, 23.03882161502859], [72.52974048038237, 23.038825908882664], [72.52973253127627, 23.03883020365405], [72.52972458119453, 23.038834498409734], [72.52971663111232, 23.03883879316499], [72.52970868102963, 23.038843087919776], [72.52970073096294, 23.03884738177163], [72.52969278185445, 23.038851676540787], [72.52968483177033, 23.03885597129424], [72.52967688168573, 23.03886026604726], [72.52966893160067, 23.03886456079982], [72.52960798503243, 23.038925118478193], [72.5295531936047, 23.03895770208325], [72.52947629699318, 23.038996321790776], [72.5294687159381, 23.03899637484204], [72.52945900329752, 23.038996442427617], [72.52944929064054, 23.038996510915098], [72.52943957897523, 23.038996578514727], [72.52942986631835, 23.03899664700102], [72.52942015367798, 23.038996714584208], [72.52941044103765, 23.038996782166805], [72.52940072838092, 23.038996850651287], [72.52939101574071, 23.038996918232687], [72.52938130405923, 23.038996986731217], [72.52937159141912, 23.038997054311437], [72.52936187876259, 23.03899712279353], [72.52935216612256, 23.03899719037253], [72.52934266530363, 23.038996982310376], [72.52933316448477, 23.03899677424766], [72.52932366366599, 23.038996566184373], [72.5293141628473, 23.03899635812052], [72.52930466202871, 23.038996150056096], [72.52929516218533, 23.03899594200634], [72.52928566136693, 23.038995733940776], [72.52927616054858, 23.038995525874647], [72.52926665973033, 23.038995317807945], [72.52925715891216, 23.038995109740675], [72.52924765809408, 23.03899490167284], [72.5292381572761, 23.03899469360443], [72.52922865645819, 23.03899448553545], [72.52921915564038, 23.038994277465907], [72.52920965482264, 23.03899406939579], [72.529200154005, 23.038993861325107], [72.52919065318744, 23.038993653253858], [72.52918115236997, 23.038993445182033], [72.52917165155259, 23.03899323710964], [72.52916215171047, 23.038993029051923], [72.52915265089325, 23.038992820978393], [72.52914315007612, 23.038992612904295], [72.5291336492591, 23.038992404829628], [72.52912414844215, 23.038992196754393], [72.52911464762529, 23.038991988678585], [72.52910514680852, 23.038991780602213], [72.52910154738525, 23.03898376657015], [72.52909794700368, 23.038975751620306], [72.52909434759765, 23.03896773668564], [72.529090748192, 23.038959721750928], [72.52908714779512, 23.03895170770341], [72.52908354839026, 23.038943692768594], [72.52907981018079, 23.038936388839666], [72.52907607197167, 23.038929084910677], [72.52907233374647, 23.03892178188412], [72.52906859651326, 23.03891447797025], [72.52906485830526, 23.03890717404109], [72.52906112008117, 23.038899871014358], [72.52905738187393, 23.038892567085067], [72.5290536446422, 23.038885263170958], [72.5290499064357, 23.03887795924156], [72.52904437916006, 23.038871731416705], [72.52903885190139, 23.038865502689184], [72.52903332462674, 23.038859274864027], [72.52902779736905, 23.0388530461362], [72.52902227009541, 23.038846818310738], [72.52901674283872, 23.038840589582602], [72.52901121558254, 23.038834360854334], [72.52900388293345, 23.038830049341367], [72.52899655125998, 23.038825737843343], [72.528989219587, 23.03882142634501], [72.52898188693936, 23.038817114831144], [72.52897455526737, 23.03881280333221], [72.52897196114806, 23.038811277755176], [72.52888493853816, 23.038806334499583], [72.5287838133282, 23.038832221862943], [72.52871673515034, 23.03890163502665], [72.52868575676025, 23.03897280682783], [72.52866645370098, 23.03898217266203], [72.52865681866608, 23.038981729550166], [72.52864718462293, 23.038981285550488], [72.52863754960474, 23.038980841534958], [72.52862791457021, 23.038980398421344], [72.52861827955228, 23.038979954404677], [72.52860864453447, 23.038979510387403], [72.52859900951677, 23.03897906636955], [72.52858937545788, 23.03897862326887], [72.52857974044043, 23.038978179249852], [72.52857010542313, 23.03897773523027], [72.52856047038944, 23.03897729211258], [72.52855083537237, 23.038976848091814], [72.52854120133055, 23.03897640408573], [72.52853156631372, 23.038975960063798], [72.52852193128054, 23.038975516943797], [72.52851229626395, 23.038975072920703], [72.52850266124749, 23.038974628897027], [72.52849302621466, 23.038974185775277], [72.5284833921736, 23.038973741765684], [72.52847375715751, 23.03897329774026], [72.52846412214153, 23.03897285371427], [72.52845448710922, 23.038972410590173], [72.52844485209349, 23.03897196656302], [72.52843521805302, 23.038971522550515], [72.52842558302106, 23.038971079424673], [72.5284159480057, 23.03897063539577], [72.52840631299047, 23.03897019136627], [72.52839667797535, 23.03896974733619], [72.52838704391904, 23.038969304223283], [72.52837740890416, 23.038968860192035], [72.5283677738894, 23.038968416160223], [72.52835813885832, 23.038967973030303], [72.52834850384382, 23.03896752899731], [72.52833886882944, 23.038967084963748], [72.52832923479032, 23.03896664094484], [72.52831959975971, 23.03896619781261], [72.5283099647457, 23.038965753777287], [72.52830032973182, 23.03896530974138], [72.52829069470157, 23.038964866607405], [72.52828106066309, 23.038964422585583], [72.52827142564956, 23.038963978547944], [72.52826179063617, 23.03896353450971], [72.52825215560641, 23.038963091373386], [72.52824252059325, 23.038962647334003], [72.5282330606295, 23.038962499425786], [72.52822359969066, 23.038962351501763], [72.52821413972705, 23.038962203592416], [72.52820467976353, 23.038962055682507], [72.52819521882493, 23.038961907756782], [72.52818575886157, 23.038961759845744], [72.52817629792312, 23.038961611918896], [72.52816683795992, 23.038961464006725], [72.52815737799678, 23.03896131609399], [72.52814791705858, 23.038961168165443], [72.52813845709558, 23.03896102025158], [72.52812899615755, 23.038960872321905], [72.52811953619472, 23.03896072440691], [72.52811007623198, 23.038960576491352], [72.52810061529415, 23.038960428559978], [72.52809115533157, 23.03896028064329], [72.52808169439392, 23.038960132710788], [72.52807223443148, 23.038959984792974], [72.52806280063196, 23.038958403711533], [72.52805336584107, 23.0389568235168], [72.52804393204211, 23.03895524243427], [72.5280344972518, 23.038953662238463], [72.52802506345337, 23.038952081154843], [72.5280156286636, 23.03895050095793], [72.52800619486574, 23.038948919873224], [72.52799676105167, 23.038947339690466], [72.52798732627919, 23.038945758589442], [72.52798058303786, 23.03893951171685], [72.52797383981361, 23.038933263941548], [72.52796709559837, 23.038927017053233], [72.52796035237536, 23.03892076927745], [72.52795360816137, 23.038914522388655], [72.52794686493962, 23.038908274612396], [72.52794012171847, 23.038902026835885], [72.52793747858478, 23.038894103567053], [72.52793483642648, 23.03888618031344], [72.52793219329332, 23.038878257044544], [72.52792955115203, 23.038870332888393], [72.5279269080194, 23.03886240961946], [72.52792426586217, 23.038854486365757], [72.52792162274655, 23.03884656219427], [72.52791898058986, 23.038838638940515], [72.52791633745828, 23.038830715671484], [72.52792088413281, 23.038430831893038], [72.52795459681215, 23.038365434593445], [72.52798161932552, 23.03832716332288], [72.52798980469159, 23.038302927807802], [72.52804380280966, 23.0383138044322], [72.52807946072014, 23.038311495735883], [72.52816977058927, 23.03828424536183], [72.52816400084916, 23.038259188603718], [72.52815860625289, 23.0382517341793], [72.52815321165718, 23.038244279754714], [72.52814781805368, 23.03823682444277], [72.52814242345912, 23.03822937001791], [72.52813702886513, 23.038221915592914], [72.52813163524687, 23.03821446118304], [72.5281262406705, 23.03820700585527], [72.52812084607822, 23.03819955142987], [72.52811545246168, 23.03819209701956], [72.52811005788702, 23.038184641691373], [72.52810466329646, 23.038177187265564], [72.52810227714816, 23.038173888308876], [72.52816952147577, 23.03810594767839], [72.52817530558151, 23.03810926997076], [72.52818317186198, 23.038113787564274], [72.52819103812651, 23.03811830605994], [72.52819890440806, 23.03812282365276], [72.52820677166531, 23.038127341260473], [72.52821463793148, 23.038131859755087], [72.5282225042147, 23.038136377346863], [72.52823037049843, 23.038140894938284], [72.52823823676626, 23.038145413431856], [72.52824610305112, 23.038149931022584], [72.52825397031167, 23.038154448628205], [72.52826183658115, 23.03815896712073], [72.52826526959959, 23.038151137951818], [72.52826870357627, 23.038143309700516], [72.52827213657739, 23.038135481433866], [72.52827557055319, 23.03812765318235], [72.52827900356988, 23.038119824012956], [72.52828243656968, 23.038111995745957], [72.5282858705442, 23.038104167494094], [72.52828930354312, 23.038096339226865], [72.52828852164913, 23.038088301524468], [72.52828773878005, 23.038080263806815], [72.52828695690263, 23.038072225201915], [72.52828617403364, 23.038064187484277], [72.52828539213984, 23.038056149781866], [72.52827953338189, 23.038049916752026], [72.5282736736658, 23.038043682804293], [72.5282678149089, 23.0380374497741], [72.52826195616903, 23.038031215841258], [72.5282560974132, 23.03802498281072], [72.52825023769924, 23.038018748862285], [72.52824839962956, 23.038016791843486], [72.52827111062896, 23.037992039541322], [72.52843367728403, 23.037908592924936], [72.52861437476841, 23.0378497939687], [72.5287523864884, 23.03783905279215], [72.52886526247875, 23.037847983212725], [72.5289779303355, 23.037868374370618]]]}}, {"type": "Feature", "properties": {"objectid": 519, "name_of_park": "Rohini Public Park \r\n(AMC Garden)", "zone_id": 6, "ward_id": 19, "village_division": "Bodakdev", "road_name": "Juges Bunglow Raod", "contact_person": "Ajit Chauhan", "maintained_by": "Mother Dairy", "garden_area": 2196.91163926, "plot_area": 0, "structure_type": "Garden", "no_of_trees": 21, "variety_of_trees": 6, "variety_of_shurbs": 6, "internal_walk_way": 1, "walkway_length": 120, "boundary_wall_details": "Compound Wall With Chainlink Net", "shopping_area": 1, "no_of_shops": 1, "tp_no": "1-B-Bodakdev", "survey_no_fp_no": "256", "statues": 2, "no_of_statues": 0, "bird_feeder": 2, "no_of_bird_feeders": 0, "phone_number": "8401181424", "play_apparatus": 1, "play_apparatus_type": "Children Play", "no_of_play_apparatus": 5, "maintenance_trust_details": "Amul Fed", "no_of_benches": 19, "rent_on_shops": 2, "urinal_facilities": 2, "rest_hut": 1, "no_of_rest_huts": 1, "water_connection": 1, "water_connection_size": 0.5, "sewage_connection": 1, "no_of_water_bodies": 0, "total_area_of_water_bodies": 0, "fountain": 2, "no_of_fountains": 0, "no_of_light_poles": 7, "music_system": 2, "no_of_entry_gates": "1", "water_tank": 1, "water_tank_capacity": 5000, "drinking_water_facility": 1, "remarks": "", "address": "Rohini Public Park  , Nr, Juges Bunglow , Ahmedabad , Gujarat 380054..\r\n(AMC Garden)-Chief Justice Bungalow Ln, Bodakdev, Ahmedabad, Gujarat 380015,Ahmedabad Gujarat", "ward": "19_BODAKDEV", "zone": "NORTH WEST ZONE", "road_id": "", "source_of_water2": "A.M.C. Supply", "st_length(shape)": 191.31119200776703}, "geometry": {"type": "Polygon", "coordinates": [[[72.5206284415902, 23.038742291610287], [72.52061249678962, 23.038717439807805], [72.52013240126196, 23.038991611647013], [72.52031593305666, 23.039281950344208], [72.5203257466131, 23.039276530699034], [72.52043741752898, 23.03921485869375], [72.52046890680612, 23.039197468218525], [72.52080233338778, 23.039013327678436], [72.52067627977713, 23.03881685519424], [72.5206284415902, 23.038742291610287]]]}}, {"type": "Feature", "properties": {"objectid": 520, "name_of_park": "Ashvini Public Park \r\n(Amul Garden)", "zone_id": 6, "ward_id": 19, "village_division": "Bodakdev", "road_name": "Juges Bunglow Raod", "contact_person": "Ajit Chauhan", "maintained_by": "Mother Dairy", "garden_area": 3732.99728131, "plot_area": 0, "structure_type": "Garden", "no_of_trees": 33, "variety_of_trees": 8, "variety_of_shurbs": 4, "internal_walk_way": 1, "walkway_length": 125, "boundary_wall_details": "Compound Wall", "shopping_area": 1, "no_of_shops": 1, "tp_no": "1-B-Bodakdev", "survey_no_fp_no": "260", "statues": 2, "no_of_statues": 0, "bird_feeder": 2, "no_of_bird_feeders": 0, "phone_number": "8401181424", "play_apparatus": 1, "play_apparatus_type": "GYM Equipment", "no_of_play_apparatus": 4, "maintenance_trust_details": "Amul Fed", "no_of_benches": 33, "rent_on_shops": 2, "urinal_facilities": 1, "rest_hut": 1, "no_of_rest_huts": 2, "water_connection": 1, "water_connection_size": 0.5, "sewage_connection": 1, "no_of_water_bodies": 0, "total_area_of_water_bodies": 0, "fountain": 2, "no_of_fountains": 0, "no_of_light_poles": 8, "music_system": 2, "no_of_entry_gates": "1", "water_tank": 2, "water_tank_capacity": 0, "drinking_water_facility": 1, "remarks": "", "address": "Ashvini Public Park , Nr. Simandhar Tower , Bodakdev , Ahmedabad , Gujarat 380054.\r\n(Amul Garden)-Vastrapur, Ahmedabad, Gujarat 380054,Ahmedabad Gujarat", "ward": "19_BODAKDEV", "zone": "NORTH WEST ZONE", "road_id": "", "source_of_water2": "Bore", "st_length(shape)": 269.4700917752739}, "geometry": {"type": "Polygon", "coordinates": [[[72.5198408001724, 23.03933664308855], [72.51955312352885, 23.039486103392925], [72.51989870473187, 23.040074482911344], [72.51994570244938, 23.04004533832797], [72.52022930242401, 23.03986947299891], [72.52034193119201, 23.03979962999593], [72.52037048124242, 23.039778159963603], [72.52039073240164, 23.03975988006779], [72.52040277951728, 23.039735030369158], [72.52040426853792, 23.03970251050711], [72.52040322170271, 23.03968840577817], [72.52030619006253, 23.039536628359237], [72.52024708737305, 23.03944418053879], [72.52022820548815, 23.039414645203113], [72.52000341268953, 23.039536012479072], [72.51999020051433, 23.03954314636845], [72.51984883429407, 23.039332995640066], [72.51984857125252, 23.039332605136643], [72.5198408001724, 23.03933664308855]]]}}, {"type": "Feature", "properties": {"objectid": 521, "name_of_park": "River Front\r\n Garden (West)", "zone_id": 5, "ward_id": 10, "village_division": "Navrangpura", "road_name": "River Front Park Road", "contact_person": "Sunil Bhai", "maintained_by": "River Front", "garden_area": 24333.35340783, "plot_area": 0, "structure_type": "Garden", "no_of_trees": 0, "variety_of_trees": 0, "variety_of_shurbs": 0, "internal_walk_way": 2, "walkway_length": 0, "boundary_wall_details": "Compouind Wall", "shopping_area": 2, "no_of_shops": 0, "tp_no": " ", "survey_no_fp_no": " ", "statues": 2, "no_of_statues": 0, "bird_feeder": 2, "no_of_bird_feeders": 0, "phone_number": "", "play_apparatus": 2, "play_apparatus_type": "", "no_of_play_apparatus": 0, "maintenance_trust_details": "", "no_of_benches": 0, "rent_on_shops": 2, "urinal_facilities": 2, "rest_hut": 2, "no_of_rest_huts": 0, "water_connection": 2, "water_connection_size": 0, "sewage_connection": 2, "no_of_water_bodies": 0, "total_area_of_water_bodies": 0, "fountain": 2, "no_of_fountains": 0, "no_of_light_poles": 0, "music_system": 2, "no_of_entry_gates": "0", "water_tank": 2, "water_tank_capacity": 0, "drinking_water_facility": 2, "remarks": "", "address": "River Front\r\n Garden (West)- ,Ahmedabad Gujarat", "ward": "10_S_P_STADIUM", "zone": "WEST ZONE", "road_id": "", "source_of_water2": "", "st_length(shape)": 1333.1059402237004}, "geometry": {"type": "Polygon", "coordinates": [[[72.57167718979393, 23.040383048320898], [72.57170066743883, 23.04070389629995], [72.5717007652456, 23.04070556793351], [72.57170515028592, 23.040804216363696], [72.5717239447923, 23.041196640119573], [72.57173057732756, 23.04140189368373], [72.5717407626172, 23.041580218820116], [72.57174143306874, 23.04159379961089], [72.57174216011876, 23.041606998495087], [72.57174296422615, 23.04162019766017], [72.57174384329481, 23.04163340519891], [72.57174479707797, 23.041646580482695], [72.57174489150219, 23.04164778803861], [72.57174582844053, 23.04165978133307], [72.5717469197804, 23.04167279261953], [72.57174809987603, 23.041685967768593], [72.5717493743521, 23.041699319505494], [72.57175068779219, 23.041712293578783], [72.57175209457282, 23.04172544783504], [72.57175358015095, 23.04173861413498], [72.57175516041717, 23.04175193987479], [72.57175677100014, 23.041764880595952], [72.57175850469773, 23.041778190637118], [72.57176026734841, 23.04179113730527], [72.57176215099747, 23.041804408122236], [72.57176408910061, 23.041817525401363], [72.57176607463308, 23.04183044570163], [72.5717681597622, 23.041843523711616], [72.5717703183396, 23.041856585697133], [72.57177258683627, 23.04186982812024], [72.57177487305714, 23.04188273498383], [72.57177725755558, 23.041895764328704], [72.57177971732332, 23.04190878489924], [72.57178225588892, 23.041921817513455], [72.57178483226143, 23.0419346457788], [72.57178754833963, 23.041947788549756], [72.57179030472957, 23.04196075048245], [72.57179324361695, 23.041974197299478], [72.57182443399896, 23.042125267159985], [72.57182444300646, 23.04212530882594], [72.5718454960254, 23.042227277293385], [72.57185189038704, 23.04225658836389], [72.57186862901989, 23.042335923024837], [72.57187149825965, 23.04234395303272], [72.57194126576225, 23.042586963485995], [72.57195230787106, 23.042629190606608], [72.57207081524218, 23.04300673890716], [72.57214954306477, 23.043236536713028], [72.57226990167601, 23.043605990192972], [72.57236362713816, 23.043906242322844], [72.5724491337299, 23.04418988715713], [72.57252291038544, 23.04443680663931], [72.57254200833881, 23.044485293604094], [72.57274556419016, 23.045131174591006], [72.57278997579988, 23.045245314480646], [72.57286532922372, 23.04543791831763], [72.5728654271731, 23.045438168084498], [72.57289362810609, 23.04551024886546], [72.57291867571428, 23.04557844172511], [72.57295430316398, 23.045666955977726], [72.57296600628742, 23.04569187439241], [72.57296800993113, 23.045696664582213], [72.5730060956567, 23.045801286849656], [72.57300987495556, 23.04581166809914], [72.57303197708084, 23.045872382279146], [72.57311547649564, 23.045847236594124], [72.57308408770155, 23.04570631101746], [72.57270086923377, 23.043863120310082], [72.57255419160893, 23.043234100924405], [72.5724904820733, 23.04287196699757], [72.57246902428346, 23.042875019260954], [72.57246693177785, 23.042864579047446], [72.5724547405645, 23.042800851899866], [72.57243916256755, 23.042803274945808], [72.57236838431486, 23.042426768609108], [72.57234919228775, 23.042328488608955], [72.57238468272945, 23.042323831868373], [72.57236174081272, 23.042163921497963], [72.57229816902358, 23.041794146756978], [72.57222348866416, 23.041237890551955], [72.57216444727273, 23.040730601721613], [72.57213428758058, 23.04042482222752], [72.57216746491179, 23.040423526211207], [72.57215331332885, 23.0402627956831], [72.57171757021837, 23.040296231351824], [72.57171965091945, 23.040328266638525], [72.57172075046856, 23.040377970384466], [72.57171125202844, 23.04037907753304], [72.57167718979393, 23.040383048320898]]]}}, {"type": "Feature", "properties": {"objectid": 522, "name_of_park": "TP-50 Bodakdev Garden\r\n(Auda Garden and Park)", "zone_id": 6, "ward_id": 19, "village_division": "Bodakdev", "road_name": "Sindhubhavan Road", "contact_person": "Ajit Chauhan", "maintained_by": "Mother Dairy", "garden_area": 26886.90432473, "plot_area": 0, "structure_type": "Garden", "no_of_trees": 277, "variety_of_trees": 6, "variety_of_shurbs": 5, "internal_walk_way": 1, "walkway_length": 600, "boundary_wall_details": "Compound Wall", "shopping_area": 1, "no_of_shops": 1, "tp_no": "50-Bodakdev", "survey_no_fp_no": "118", "statues": 2, "no_of_statues": 0, "bird_feeder": 2, "no_of_bird_feeders": 0, "phone_number": "8401181424", "play_apparatus": 1, "play_apparatus_type": "Children Play", "no_of_play_apparatus": 18, "maintenance_trust_details": "Amul Fed", "no_of_benches": 11, "rent_on_shops": 2, "urinal_facilities": 2, "rest_hut": 1, "no_of_rest_huts": 1, "water_connection": 1, "water_connection_size": 0.5, "sewage_connection": 1, "no_of_water_bodies": 1, "total_area_of_water_bodies": 3000, "fountain": 1, "no_of_fountains": 2, "no_of_light_poles": 43, "music_system": 2, "no_of_entry_gates": "2", "water_tank": 2, "water_tank_capacity": 0, "drinking_water_facility": 2, "remarks": "", "address": "Bodakdev Garden , Nr. GItanjali Party Plot , Nr. Starling HospitaL , Ahmedabad , Gujarat \r\n(Auda Garden and Park)-Bodakdev, Ahmedabad, Gujarat 380054\r\nIndia,Ahmedabad Gujarat", "ward": "19_BODAKDEV", "zone": "NORTH WEST ZONE", "road_id": "", "source_of_water2": "Bore", "st_length(shape)": 913.9147224751206}, "geometry": {"type": "Polygon", "coordinates": [[[72.50940465323042, 23.04288782403807], [72.50925985770745, 23.04257127566924], [72.50921277273176, 23.042459621709583], [72.50906546525351, 23.04235551426392], [72.50876162555993, 23.04231728651141], [72.50840380746293, 23.041723921893148], [72.50754240004278, 23.042106851903043], [72.50753733279919, 23.042116378995797], [72.50753398006414, 23.042126506364596], [72.50753242746164, 23.042136980786097], [72.50753270802358, 23.042147544596677], [72.50753482162632, 23.042157939609893], [72.50753871157032, 23.042167907649848], [72.50774392573595, 23.04258560628811], [72.50779944000747, 23.042698600470477], [72.50802605907728, 23.043211417144445], [72.50813277242545, 23.043409307143744], [72.50829794096924, 23.043757456712257], [72.5083895832013, 23.043968335998898], [72.50841615548714, 23.044032049820984], [72.50842052771708, 23.044039881432667], [72.50842776457353, 23.04404020314077], [72.5095985315924, 23.043529083602888], [72.50930094814251, 23.042930244778024], [72.50940465323042, 23.04288782403807]], [[72.50804729039717, 23.042070042411748], [72.50809766629874, 23.04206362545009], [72.50810646443166, 23.042064122536065], [72.50811526258133, 23.04206461871907], [72.5081240607145, 23.04206511580407], [72.50813285884774, 23.042065612888592], [72.50814165698115, 23.042066109972627], [72.50815045511465, 23.042066607056192], [72.50815925324827, 23.042067104139257], [72.508168051382, 23.042067601221838], [72.50817637745895, 23.042070957073012], [72.50825742604931, 23.042098732922778], [72.50831730058115, 23.042140878854184], [72.50834635811383, 23.042181477377806], [72.50836768581466, 23.042212028388615], [72.50837829788415, 23.04222722905199], [72.50839239694987, 23.04226745907947], [72.50839915166547, 23.04228607630797], [72.50840123203245, 23.042318263019904], [72.50840316966139, 23.04234824117661], [72.50839451366113, 23.04238358797326], [72.50839158391727, 23.0423913523298], [72.50838865319787, 23.042399116670882], [72.50838572345326, 23.042406881027247], [72.50838279273312, 23.042414645368147], [72.50837986298775, 23.04242240972433], [72.50837693226684, 23.04243017406507], [72.50837400252072, 23.042437938421067], [72.50837107179906, 23.042445702761604], [72.5083681420688, 23.042453466214944], [72.5083652113464, 23.0424612305553], [72.5083592730381, 23.04246837424509], [72.50835333472914, 23.042475517934594], [72.50834739641955, 23.04248266162381], [72.50834145810931, 23.042489805312748], [72.50833551979845, 23.0424969490014], [72.50832958051176, 23.042504092674413], [72.5083236421996, 23.042511236362497], [72.5083177039034, 23.04251837914782], [72.50831176558995, 23.042525522835334], [72.50830582727586, 23.04253266652257], [72.508297549213, 23.04253719418911], [72.50828927214135, 23.04254172096804], [72.50828099409404, 23.04254624773113], [72.50827271700474, 23.042550775411577], [72.50826443895637, 23.0425553021737], [72.50825616186604, 23.04255982985317], [72.50824788381662, 23.042564356614324], [72.50823960674184, 23.04256888339035], [72.50823132867475, 23.04257341105301], [72.50822305159893, 23.042577937828067], [72.50821477354741, 23.04258246458728], [72.50820649547875, 23.04258699224849], [72.50819709571273, 23.042588707333085], [72.50818769596316, 23.04259042151462], [72.50817829522161, 23.042592136582684], [72.50816889545507, 23.042593851665536], [72.50815949471315, 23.042595566732448], [72.50815009496284, 23.04259728091166], [72.50814069519573, 23.042598995992773], [72.50813129445329, 23.04260071105793], [72.50812189468581, 23.042602426137893], [72.50811249493476, 23.042604140314786], [72.50810345439356, 23.0426031383826], [72.50809441386917, 23.04260213554742], [72.50808537332834, 23.04260113361422], [72.50807633280432, 23.04260013077803], [72.50806729226386, 23.042599128843815], [72.50805825174021, 23.042598126006617], [72.50804921120013, 23.04259712407141], [72.50804017067685, 23.042596121233203], [72.50803113013714, 23.04259511929696], [72.5080220905894, 23.04259411647311], [72.50801399146468, 23.04259008803512], [72.50800589333224, 23.042586058709645], [72.50799779420855, 23.0425820302709], [72.50798969607713, 23.042578000944662], [72.50798159695445, 23.04257397250517], [72.50797349882407, 23.042569943178194], [72.50796539970241, 23.04256591473795], [72.50795730157306, 23.042561885410226], [72.50794920245244, 23.042557856969232], [72.50794262372571, 23.04255246859231], [72.50793604499952, 23.04254708021515], [72.50792946627386, 23.042541691837762], [72.50792288754874, 23.042536303460146], [72.50791630882414, 23.042530915082313], [72.50790973010007, 23.04252552670423], [72.50790315040136, 23.042520138310543], [72.50789657167836, 23.042514749932], [72.50789094309097, 23.042508193036518], [72.50788531452072, 23.04250163523841], [72.50787968497588, 23.042495077424757], [72.50787405639008, 23.042488520528817], [72.50786842782146, 23.04248196273022], [72.5078627982782, 23.04247540491611], [72.5078618797143, 23.042468075505134], [72.50786096115044, 23.04246074609416], [72.5078600416115, 23.0424534166678], [72.50785912304777, 23.04244608725682], [72.50785839437061, 23.04242982007011], [72.50785844422522, 23.04242976127507], [72.50787686194663, 23.042408017491013], [72.5079101646884, 23.042386447894497], [72.50793690700688, 23.04237842072974], [72.50794119477095, 23.042373985444957], [72.50794694527318, 23.04236803675168], [72.50795269577489, 23.042362088058145], [72.50795844629269, 23.042356138461873], [72.50796419679338, 23.042350189767806], [72.50796994729356, 23.0423442410735], [72.50797569779321, 23.042338292378936], [72.50798155248117, 23.042331505775355], [72.50798740619334, 23.042324719156127], [72.50799326088007, 23.042317932551995], [72.50799911556621, 23.042311145947597], [72.50800497025175, 23.04230435934292], [72.50800628727623, 23.042295870846953], [72.50800760527567, 23.042287382366307], [72.50800892327487, 23.04227889388563], [72.50801024028209, 23.042270406292044], [72.50801155828086, 23.042261917811295], [72.50801287627941, 23.042253429330525], [72.50801419330259, 23.04224494083434], [72.5080155113007, 23.042236452353492], [72.50801421332068, 23.04219621106234], [72.50800873630952, 23.042187248944387], [72.50800168648324, 23.04217571178078], [72.50798063877592, 23.0421371614181], [72.50798017335832, 23.042135737676375], [72.50798179183727, 23.042120834524805], [72.5079830085701, 23.042109633509362], [72.50798972199428, 23.042095408296074], [72.50800446056697, 23.042083399449808], [72.50804729039717, 23.042070042411748]]]}}, {"type": "Feature", "properties": {"objectid": 523, "name_of_park": "Asarva Lake Garden", "zone_id": 1, "ward_id": 15, "village_division": "Asarwa", "road_name": "Asarwa Road", "contact_person": "Vijay Bhai", "maintained_by": "Mother Dairy", "garden_area": 34861.71654148, "plot_area": 20000, "structure_type": "Garden", "no_of_trees": 322, "variety_of_trees": 14, "variety_of_shurbs": 12, "internal_walk_way": 1, "walkway_length": 3000, "boundary_wall_details": "Compouind Wall", "shopping_area": 2, "no_of_shops": 0, "tp_no": "8-Asarwa", "survey_no_fp_no": "158+164 to 170", "statues": 2, "no_of_statues": 0, "bird_feeder": 2, "no_of_bird_feeders": 0, "phone_number": "9173634272", "play_apparatus": 1, "play_apparatus_type": "Childern Play , GYM Equipment", "no_of_play_apparatus": 27, "maintenance_trust_details": "Amul Fed", "no_of_benches": 12, "rent_on_shops": 2, "urinal_facilities": 1, "rest_hut": 1, "no_of_rest_huts": 3, "water_connection": 1, "water_connection_size": 0, "sewage_connection": 2, "no_of_water_bodies": 1, "total_area_of_water_bodies": 14861, "fountain": 1, "no_of_fountains": 1, "no_of_light_poles": 106, "music_system": 2, "no_of_entry_gates": "2", "water_tank": 1, "water_tank_capacity": 10000, "drinking_water_facility": 2, "remarks": "", "address": "Asarva Lake Garden , Nr. Santoshi Circle , Asarwa , Ahmedabad Gujarat", "ward": "15_ASARWA", "zone": "CENTRAL ZONE", "road_id": "", "source_of_water2": "Bore", "st_length(shape)": 1521.5569947565018}, "geometry": {"type": "Polygon", "coordinates": [[[72.60756382734408, 23.044835416723224], [72.60757555157662, 23.04478543246669], [72.60761116001517, 23.044785971420524], [72.60765097994306, 23.044723514235567], [72.60771811063994, 23.044693000318198], [72.6078591241647, 23.0446879681098], [72.60801194209358, 23.044716077982276], [72.60838075075769, 23.044790451302493], [72.60873618322418, 23.044833092377385], [72.60879034597353, 23.044835344489506], [72.60881290678299, 23.04478552404497], [72.60882394626611, 23.044774225609935], [72.6088944262731, 23.044729430044644], [72.60903096876203, 23.044626873820047], [72.60924103567763, 23.044482433229337], [72.60926819077432, 23.044435548550958], [72.60934211051686, 23.044195892276363], [72.60940013432636, 23.043804077520992], [72.60947752037828, 23.04336812647464], [72.60945185827157, 23.043330475695196], [72.60941206089436, 23.043245602823212], [72.60935489525764, 23.04309186510378], [72.60929133551087, 23.042949497012412], [72.60927126607818, 23.042916707459746], [72.6091926423924, 23.042691942203643], [72.60906735038927, 23.042712978075127], [72.60903391051325, 23.042618837544047], [72.60888369031059, 23.042239160025847], [72.60876729981052, 23.042282306059597], [72.6085602023392, 23.04237567427363], [72.60824375271896, 23.04252280368597], [72.60804398038344, 23.04261054928306], [72.60790048370339, 23.042668571418176], [72.60778136749545, 23.042690655765828], [72.60757269154284, 23.042698007951486], [72.60727320565967, 23.04270302928319], [72.60704585015195, 23.04271583073871], [72.60704822058258, 23.04275695077978], [72.60710867506528, 23.042812040538312], [72.60715733088493, 23.04286293787309], [72.60718380557623, 23.04294216391617], [72.60720413816551, 23.04301843062488], [72.6072046982934, 23.043074332627445], [72.60718721283195, 23.043099865165278], [72.60712051730076, 23.04319344536133], [72.60702861999974, 23.043311008498986], [72.60701743429516, 23.043505752365725], [72.60702516002704, 23.043769574190446], [72.607045676572, 23.044010659691125], [72.60705661866332, 23.044092516067582], [72.6070678393202, 23.04415861305034], [72.6070841863012, 23.044197555890165], [72.60709299435328, 23.044224920075273], [72.6070826442915, 23.04437238123576], [72.60705790493044, 23.044545420865983], [72.60701742727053, 23.044645131472873], [72.60718880102526, 23.044762380118907], [72.60716019874116, 23.044803509761273], [72.60724766237409, 23.044849261875076], [72.60727636592472, 23.044802401937023], [72.6074206066045, 23.044877676990637], [72.60739479691371, 23.044936047093447], [72.60749289517013, 23.04499342548724], [72.60756382734408, 23.044835416723224]], [[72.60799103796191, 23.042914346880828], [72.60810732169662, 23.042906552225517], [72.60825679120889, 23.04291956245292], [72.60848948796855, 23.042969661649817], [72.60862565448906, 23.043005161912497], [72.60874864642994, 23.04305598986075], [72.60883775566478, 23.04312541455284], [72.60890990300504, 23.043205330350613], [72.60894763842995, 23.043260839568024], [72.60899403456162, 23.043366494380322], [72.6089962620924, 23.0433751406964], [72.60899848963935, 23.043383786109906], [72.60900071717059, 23.043392432425946], [72.60900294470207, 23.043401078741976], [72.6090051722338, 23.043409725057984], [72.60900739978167, 23.043418370471432], [72.60900962731387, 23.04342701678741], [72.60901185484627, 23.043435663103377], [72.60901408239486, 23.043444308516772], [72.60901631090299, 23.04345295484745], [72.60901853843612, 23.043461601163365], [72.60902076596946, 23.043470247479263], [72.60902299351899, 23.043478892892594], [72.6090252210528, 23.04348753920846], [72.60902744858686, 23.04349618552431], [72.60902967613708, 23.043504830937593], [72.6090319036716, 23.043513477253413], [72.60903413120636, 23.04352212356921], [72.60903635874135, 23.043530769884995], [72.60903858629251, 23.043539415298213], [72.60904081382796, 23.043548061613965], [72.60904304136363, 23.043556707929703], [72.60904526889956, 23.04356535424544], [72.60904749645165, 23.04357399965858], [72.60904972398805, 23.043582645974286], [72.60904828086306, 23.04359128281082], [72.60904683773784, 23.043599919647342], [72.60904539558763, 23.04360855649857], [72.60904395244599, 23.04361719423754], [72.60904250932005, 23.043625831073946], [72.60904106619387, 23.043634467910316], [72.60903962306746, 23.04364310474663], [72.60903817994082, 23.043651741582924], [72.60903673681393, 23.04366037841918], [72.60903529367087, 23.043669016157946], [72.60903385054351, 23.04367765299411], [72.60903240741591, 23.04368628983026], [72.60903096428808, 23.04369492666636], [72.60902952116001, 23.043703563502415], [72.60902807803171, 23.043712200338447], [72.60902663586248, 23.043720838091744], [72.60902341523028, 23.043729206093353], [72.60902019459765, 23.043737574094862], [72.60901697394864, 23.04374594299882], [72.60901375331511, 23.043754311000114], [72.60901053364046, 23.0437626799186], [72.60900731300606, 23.04377104791969], [72.60900409235528, 23.043779416823206], [72.60900087171999, 23.04378778482407], [72.60899765108427, 23.04379615282484], [72.60899443043215, 23.04380452172803], [72.60899121077078, 23.043812889743325], [72.60898799011778, 23.043821258646325], [72.60898476948029, 23.04382962664665], [72.6089815488264, 23.04383799554942], [72.608978328188, 23.04384636354953], [72.60897510852443, 23.043854731564302], [72.60897188786922, 23.043863100466748], [72.6089686672295, 23.043871468466534], [72.60896544657341, 23.043879837368785], [72.6089622259328, 23.04388820536836], [72.60895900625107, 23.043896574285128], [72.60888879659697, 23.04403506289519], [72.60879510658437, 23.044151883184334], [72.60858690683851, 23.044249056056287], [72.60848299619181, 23.044286897074123], [72.60840801858753, 23.044294122507253], [72.60788720849455, 23.04426235569301], [72.60774319398516, 23.04423270700253], [72.60759996275091, 23.044118165357652], [72.60759226193852, 23.04411320533639], [72.60758705457683, 23.044105924063846], [72.6075818472157, 23.044098642791152], [72.60757663985508, 23.04409136151834], [72.60757143247906, 23.044084081147936], [72.60756622511953, 23.04407679987486], [72.60756101776055, 23.044069518601642], [72.60755581040209, 23.044062237328294], [72.60755060304417, 23.04405495605483], [72.60754539567085, 23.044047675683764], [72.60754018831402, 23.044040394410043], [72.60753498095772, 23.04403311313617], [72.60752977360197, 23.044025831862164], [72.60752456623081, 23.044018551490595], [72.60751935887613, 23.044011270216334], [72.60751415152198, 23.044003988941952], [72.60750894416839, 23.043996707667436], [72.60750373681532, 23.043989426392788], [72.60749852944686, 23.043982146020547], [72.60749332209487, 23.04397486474563], [72.60748811474342, 23.0439675834706], [72.60748290739252, 23.043960302195416], [72.60747770002621, 23.04395302182267], [72.60747249267638, 23.04394574054723], [72.60746919670602, 23.04393750055005], [72.60746590072007, 23.04392926145538], [72.60746260572569, 23.043921021472862], [72.60745930974045, 23.0439127823781], [72.60745601375558, 23.043904543283293], [72.60745271778703, 23.043896303285884], [72.60744942180287, 23.043888064190995], [72.60744612681029, 23.04387982420828], [72.60744283082683, 23.043871585113287], [72.60743953485972, 23.04386334511572], [72.607436238877, 23.04385510602066], [72.60743294291059, 23.043846866022992], [72.60742964790383, 23.04383862694261], [72.6074263519222, 23.043830387847418], [72.60742305595687, 23.043822147849625], [72.60741975997595, 23.043813908754355], [72.60741646498658, 23.043805668771245], [72.60741316900638, 23.043797429675887], [72.60740987304249, 23.043789189677916], [72.607406577063, 23.04378095058247], [72.60740328109982, 23.043772710584435], [72.60740297762123, 23.043763718717933], [72.6074026741426, 23.043754726851425], [72.60740237064802, 23.04374573588746], [72.60740206716936, 23.04373674402094], [72.60740176369069, 23.043727752154414], [72.607401460212, 23.043718760287877], [72.60740115673329, 23.043709768421344], [72.60740085325455, 23.04370077655479], [72.60740054977579, 23.043691784688264], [72.60740024629703, 23.0436827928217], [72.60739994281825, 23.043673800955133], [72.60739963933945, 23.043664809088565], [72.60739933586062, 23.043655817221982], [72.60739903238179, 23.043646825355395], [72.60739872890294, 23.043637833488805], [72.60739842542405, 23.04362884162221], [72.60739812194517, 23.0436198497556], [72.60739781846624, 23.04361085788899], [72.60739751498733, 23.043601866022392], [72.60739721053312, 23.043592874141], [72.60739690705417, 23.043583882274373], [72.60739660357517, 23.043574890407733], [72.60739630009617, 23.043565898541093], [72.60739599661714, 23.043556906674446], [72.6073956931381, 23.043547914807785], [72.60739538965905, 23.04353892294112], [72.60739508617998, 23.043529931074453], [72.60739478270088, 23.0435209392078], [72.60739447922177, 23.04351194734111], [72.60739417574263, 23.04350295547442], [72.60739387226349, 23.043493963607727], [72.60739356878433, 23.04348497174102], [72.60739326530513, 23.043475979874312], [72.60739296180999, 23.043466988910144], [72.60739265833077, 23.043457997043422], [72.60739235485153, 23.043449005176697], [72.60739205137226, 23.043440013309976], [72.60739174789299, 23.043431021443237], [72.6073914444137, 23.043422029576483], [72.60739114093438, 23.04341303770973], [72.60739083745504, 23.04340404584297], [72.60739053300047, 23.04339505396144], [72.60739022952109, 23.043386062094665], [72.6073899260417, 23.04337707022789], [72.6073896225623, 23.043368078361098], [72.60738931908288, 23.043359086494306], [72.60738901560345, 23.043350094627524], [72.60738871212398, 23.043341102760714], [72.60739093074442, 23.04333241810009], [72.60744664372726, 23.04319513270494], [72.60747838834536, 23.043151423416287], [72.607620152276, 23.0430162230566], [72.60768152921466, 23.042975350066047], [72.60799103796191, 23.042914346880828]]]}}, {"type": "Feature", "properties": {"objectid": 524, "name_of_park": "Hajipura Garden", "zone_id": 1, "ward_id": 16, "village_division": "Shahibag", "road_name": "Namaste Circle Road", "contact_person": "Aman Malek", "maintained_by": "Mother Dairy ", "garden_area": 29600.97928251, "plot_area": 0, "structure_type": "Garden", "no_of_trees": 375, "variety_of_trees": 10, "variety_of_shurbs": 8, "internal_walk_way": 1, "walkway_length": 1000, "boundary_wall_details": "Compouind Wall", "shopping_area": 2, "no_of_shops": 0, "tp_no": "5-Citywall", "survey_no_fp_no": "216,215/A,214", "statues": 2, "no_of_statues": 0, "bird_feeder": 1, "no_of_bird_feeders": 1, "phone_number": "9409048103", "play_apparatus": 1, "play_apparatus_type": "Chledern Play ", "no_of_play_apparatus": 7, "maintenance_trust_details": "Amul Fed", "no_of_benches": 52, "rent_on_shops": 2, "urinal_facilities": 1, "rest_hut": 1, "no_of_rest_huts": 3, "water_connection": 1, "water_connection_size": 0, "sewage_connection": 2, "no_of_water_bodies": 0, "total_area_of_water_bodies": 0, "fountain": 2, "no_of_fountains": 0, "no_of_light_poles": 42, "music_system": 2, "no_of_entry_gates": "2", "water_tank": 1, "water_tank_capacity": 0, "drinking_water_facility": 2, "remarks": "", "address": "Hajipura Garden , Bhai Motiji Prajapati Marg , Madhupura, Ahmedabad, Gujarat 380004", "ward": "16_SHAHIBAG", "zone": "CENTRAL ZONE", "road_id": "", "source_of_water2": "A.M.C. Supply", "st_length(shape)": 970.2922557338645}, "geometry": {"type": "Polygon", "coordinates": [[[72.59168757456074, 23.043501387944623], [72.59169426955513, 23.043499459588975], [72.59171356442667, 23.043519501024534], [72.59198084895722, 23.043442316243777], [72.5920941583235, 23.0434095948476], [72.59232746715372, 23.04335806808434], [72.5928601106158, 23.043357071982708], [72.59275779951959, 23.0429535045995], [72.59276363220249, 23.042905596955073], [72.59267032290833, 23.042893115064402], [72.5924930925482, 23.04263083507402], [72.5923381266224, 23.042644134524046], [72.59227886626172, 23.042619136634624], [72.59220658583625, 23.042590805039293], [72.59216400146927, 23.042547161355056], [72.59213432829276, 23.04250178598454], [72.5921207084562, 23.04248149431052], [72.59206891655352, 23.04240433537019], [72.59203601685228, 23.042355321371506], [72.59128271871595, 23.042654842439124], [72.59106656953125, 23.042182902551804], [72.59094324421878, 23.04223834984246], [72.59085955528839, 23.042067959812726], [72.59056832378381, 23.042262674889077], [72.59044811515365, 23.042331043854237], [72.5899780250131, 23.042598406378985], [72.5897347496029, 23.042716878796192], [72.58992631049324, 23.04309099093457], [72.59018588749373, 23.042984708778498], [72.59053874036015, 23.042962743224386], [72.5908209669915, 23.042941246950065], [72.59095564462265, 23.043118146767505], [72.59102928776294, 23.04324395505864], [72.59116587585027, 23.043661655908128], [72.5912640791251, 23.043886726465402], [72.5913612256439, 23.043997127507566], [72.59141345613772, 23.04402085406043], [72.59157472346669, 23.04400897964198], [72.59188543733877, 23.043803739858483], [72.59164655858982, 23.043516700758268], [72.59168757456074, 23.043501387944623]]]}}, {"type": "Feature", "properties": {"objectid": 525, "name_of_park": "Bhogilal MIstri(Loti Kaka) Garden\r\nBhogilal Mistry Udhyan", "zone_id": 1, "ward_id": 17, "village_division": "Shahpur", "road_name": "Shahpur-Dhudheshwar Road", "contact_person": "Rajesh Bhai B. Dabhi", "maintained_by": "Mother Dairy", "garden_area": 4320.66115407, "plot_area": 0, "structure_type": "Garden", "no_of_trees": 85, "variety_of_trees": 10, "variety_of_shurbs": 8, "internal_walk_way": 1, "walkway_length": 245, "boundary_wall_details": "Compouind Wall", "shopping_area": 2, "no_of_shops": 0, "tp_no": "3-Ellisebridge", "survey_no_fp_no": "47 ", "statues": 2, "no_of_statues": 0, "bird_feeder": 2, "no_of_bird_feeders": 0, "phone_number": "8156002312", "play_apparatus": 1, "play_apparatus_type": "Chledern Play , GYm Equipment", "no_of_play_apparatus": 13, "maintenance_trust_details": "Amul Fed", "no_of_benches": 52, "rent_on_shops": 2, "urinal_facilities": 1, "rest_hut": 1, "no_of_rest_huts": 1, "water_connection": 1, "water_connection_size": 0.5, "sewage_connection": 2, "no_of_water_bodies": 0, "total_area_of_water_bodies": 0, "fountain": 2, "no_of_fountains": 0, "no_of_light_poles": 14, "music_system": 1, "no_of_entry_gates": "2", "water_tank": 2, "water_tank_capacity": 0, "drinking_water_facility": 1, "remarks": "", "address": "Outside Shahpur Darwaja , Opp. Kirannagar , Shahpur , Ahmedabad , Gujarat \r\nBhogilal Mistry Udhyan- ,Ahmedabad Gujarat", "ward": "17_SHAHPUR", "zone": "CENTRAL ZONE", "road_id": "", "source_of_water2": "A.M.C. Supply", "st_length(shape)": 263.3943891524916}, "geometry": {"type": "Polygon", "coordinates": [[[72.57990153393223, 23.042322070196125], [72.57988922553713, 23.0423175818296], [72.57942279422917, 23.042334804328426], [72.57940096637752, 23.042343069033986], [72.57938355292036, 23.042364300212277], [72.57927861181113, 23.042950289068067], [72.57928916763657, 23.042966215010136], [72.5793199771534, 23.04297528577179], [72.58008167610876, 23.042813536598192], [72.57990153393223, 23.042322070196125]]]}}, {"type": "Feature", "properties": {"objectid": 526, "name_of_park": "Prahladbhai Patel Joggers Park", "zone_id": 5, "ward_id": 18, "village_division": "Navrangpura", "road_name": "Ishwar Bhuvan Road", "contact_person": "Vijay Bhai", "maintained_by": "Mother Dairy", "garden_area": 7150.18703587, "plot_area": 0, "structure_type": "Store Room", "no_of_trees": 140, "variety_of_trees": 3, "variety_of_shurbs": 5, "internal_walk_way": 1, "walkway_length": 400, "boundary_wall_details": "Chainlinked", "shopping_area": 2, "no_of_shops": 0, "tp_no": "19-Memnagar", "survey_no_fp_no": "235", "statues": 2, "no_of_statues": 0, "bird_feeder": 1, "no_of_bird_feeders": 1, "phone_number": "9586638106", "play_apparatus": 1, "play_apparatus_type": "GYM Equipment", "no_of_play_apparatus": 8, "maintenance_trust_details": "Amul Fed", "no_of_benches": 55, "rent_on_shops": 2, "urinal_facilities": 1, "rest_hut": 1, "no_of_rest_huts": 1, "water_connection": 1, "water_connection_size": 1, "sewage_connection": 2, "no_of_water_bodies": 0, "total_area_of_water_bodies": 0, "fountain": 1, "no_of_fountains": 1, "no_of_light_poles": 17, "music_system": 1, "no_of_entry_gates": "2", "water_tank": 1, "water_tank_capacity": 10000, "drinking_water_facility": 1, "remarks": "", "address": "Prahladbhai Patel Joggers Park, Ishvar Bhuvan Sarvottam Nagar Society, Navrangpura, Ahmedabad, Gujarat 380014", "ward": "18_NAVRANGPURA", "zone": "WEST ZONE", "road_id": "", "source_of_water2": "A.M.C. Supply", "st_length(shape)": 339.3242810287119}, "geometry": {"type": "Polygon", "coordinates": [[[72.55471339236644, 23.043055900962862], [72.55446412523477, 23.043138910582872], [72.55441214258103, 23.04315622122638], [72.55418601061058, 23.04323997921395], [72.55401741172197, 23.043293570219237], [72.55398451888682, 23.043316989918143], [72.55396691587514, 23.04334531079949], [72.55394621555148, 23.043462507911144], [72.5539053050274, 23.043841180572997], [72.55391522871912, 23.043863308345944], [72.55392945400337, 23.043875949626536], [72.55397877020947, 23.043889133028863], [72.55409942178362, 23.043896732588752], [72.55434208559049, 23.043893799684685], [72.55482751583683, 23.043882200878418], [72.55483934728834, 23.043878752980028], [72.55483152822742, 23.043848054457246], [72.55481177164039, 23.04348345409612], [72.5547919831306, 23.043036907404662], [72.55471339236644, 23.043055900962862]]]}}, {"type": "Feature", "properties": {"objectid": 527, "name_of_park": "Sumel-5 Garden", "zone_id": 1, "ward_id": 15, "village_division": "Asarwa", "road_name": "Asarwa Road", "contact_person": "Vijay Bhai", "maintained_by": "Safal Organization", "garden_area": 1059.42340047, "plot_area": 0, "structure_type": "Garden", "no_of_trees": 12, "variety_of_trees": 5, "variety_of_shurbs": 2, "internal_walk_way": 2, "walkway_length": 0, "boundary_wall_details": "Compouind Wall", "shopping_area": 2, "no_of_shops": 0, "tp_no": "30-Asarwa", "survey_no_fp_no": "160", "statues": 2, "no_of_statues": 0, "bird_feeder": 2, "no_of_bird_feeders": 0, "phone_number": "9173634272", "play_apparatus": 1, "play_apparatus_type": "Childern Play", "no_of_play_apparatus": 3, "maintenance_trust_details": "Safal Organization", "no_of_benches": 7, "rent_on_shops": 2, "urinal_facilities": 2, "rest_hut": 2, "no_of_rest_huts": 0, "water_connection": 2, "water_connection_size": 0, "sewage_connection": 2, "no_of_water_bodies": 0, "total_area_of_water_bodies": 0, "fountain": 2, "no_of_fountains": 0, "no_of_light_poles": 9, "music_system": 2, "no_of_entry_gates": "1", "water_tank": 2, "water_tank_capacity": 0, "drinking_water_facility": 2, "remarks": "", "address": "Sumel-5 ,Under Asarwa Bridge , Chamanpura , Ahmedabad , Gujarat\r\nChamunda Bridge-Nr. Chamanpura Cross Road,Ahmedabad Gujarat", "ward": "15_ASARWA", "zone": "CENTRAL ZONE", "road_id": "", "source_of_water2": "", "st_length(shape)": 163.5159908287834}, "geometry": {"type": "Polygon", "coordinates": [[[72.61001346191655, 23.045165418786535], [72.61000687410291, 23.045187473664868], [72.61006223151819, 23.045194729529516], [72.61016591067097, 23.045170022309378], [72.61019439004365, 23.04515272027885], [72.61023212909316, 23.045120328155676], [72.61025197530948, 23.045092681410562], [72.61026113526002, 23.045056273111584], [72.61026708835861, 23.04500374664738], [72.61026733493316, 23.044968226450173], [72.6102892171721, 23.044825238294916], [72.61028087632464, 23.044771368137987], [72.61025449774124, 23.044642699871908], [72.61023724701819, 23.044567196844277], [72.61023036834432, 23.04456207603746], [72.61021571113484, 23.044558988076464], [72.61020776820712, 23.044570333434937], [72.6100601079232, 23.045025638079725], [72.61001346191655, 23.045165418786535]]]}}, {"type": "Feature", "properties": {"objectid": 528, "name_of_park": "Saurabh Garden \r\r\n(Lion Sharad Mehta Garden)", "zone_id": 5, "ward_id": 18, "village_division": "Navrangpura", "road_name": "Vijay Cross Road", "contact_person": "Sunil Bhai", "maintained_by": "Mother Dairy", "garden_area": 10661.36152361, "plot_area": 0, "structure_type": "Garden", "no_of_trees": 225, "variety_of_trees": 3, "variety_of_shurbs": 4, "internal_walk_way": 1, "walkway_length": 520, "boundary_wall_details": "Compound Wall", "shopping_area": 2, "no_of_shops": 0, "tp_no": "19-Memnagar", "survey_no_fp_no": "392", "statues": 2, "no_of_statues": 0, "bird_feeder": 1, "no_of_bird_feeders": 1, "phone_number": "9586638106", "play_apparatus": 1, "play_apparatus_type": "Children Play", "no_of_play_apparatus": 14, "maintenance_trust_details": "Amul Fed", "no_of_benches": 65, "rent_on_shops": 2, "urinal_facilities": 1, "rest_hut": 1, "no_of_rest_huts": 2, "water_connection": 1, "water_connection_size": 1, "sewage_connection": 1, "no_of_water_bodies": 0, "total_area_of_water_bodies": 0, "fountain": 1, "no_of_fountains": 1, "no_of_light_poles": 16, "music_system": 2, "no_of_entry_gates": "2", "water_tank": 2, "water_tank_capacity": 0, "drinking_water_facility": 1, "remarks": "", "address": "Saurabh Garden , Vijay Cross Road , Ahmedabad , Gujarat  \r\r\n(Lion Sharad Mehta Garden)-Nr.St.Xavier Loyla School Near Vijay Cross Road, Drive In Rd, Saurabh Society, Memnagar, Ahmedabad, Gujarat 380009,Ahmedabad Gujarat", "ward": "18_NAVRANGPURA", "zone": "WEST ZONE", "road_id": "", "source_of_water2": "A.M.C. Supply", "st_length(shape)": 508.86799466993017}, "geometry": {"type": "Polygon", "coordinates": [[[72.54738956289319, 23.044033006085552], [72.54736891114351, 23.044023793436253], [72.54735539678776, 23.04402595168264], [72.547324160806, 23.04404593802745], [72.54718889072329, 23.044120210835036], [72.54707789013804, 23.04416957288624], [72.54707234365516, 23.04419314819796], [72.54689900292261, 23.04426727769567], [72.5470230990792, 23.044764788158105], [72.54713902369262, 23.045289681606278], [72.54726497634347, 23.04590215316008], [72.54727045507171, 23.045941649144037], [72.54727647895871, 23.045951058221924], [72.54728495464902, 23.045953339224997], [72.54741459002403, 23.045935286997405], [72.54774879536023, 23.045894373089016], [72.54776076645985, 23.04588178022791], [72.54776322897713, 23.045859843403743], [72.54759231988584, 23.044979156414936], [72.54749836816627, 23.0444665467493], [72.54746147352306, 23.044280621016284], [72.54742846471676, 23.044108132698206], [72.54740371831292, 23.044049468220074], [72.54738956289319, 23.044033006085552]]]}}, {"type": "Feature", "properties": {"objectid": 529, "name_of_park": "Panchamrut Public Park\r\n (Sunrise Park)", "zone_id": 6, "ward_id": 8, "village_division": "Thaltej", "road_name": "Soham Tower Road", "contact_person": "Kanti Bhai", "maintained_by": "Mother Dairy", "garden_area": 6395.43641939, "plot_area": 0, "structure_type": "Garden", "no_of_trees": 30, "variety_of_trees": 4, "variety_of_shurbs": 2, "internal_walk_way": 1, "walkway_length": 200, "boundary_wall_details": "Compound Wall", "shopping_area": 1, "no_of_shops": 1, "tp_no": "1-B-Bodakdev", "survey_no_fp_no": "708", "statues": 2, "no_of_statues": 0, "bird_feeder": 2, "no_of_bird_feeders": 0, "phone_number": "9558340466", "play_apparatus": 1, "play_apparatus_type": "Children Play", "no_of_play_apparatus": 9, "maintenance_trust_details": "Amul Fed", "no_of_benches": 13, "rent_on_shops": 2, "urinal_facilities": 1, "rest_hut": 1, "no_of_rest_huts": 1, "water_connection": 1, "water_connection_size": 1, "sewage_connection": 2, "no_of_water_bodies": 0, "total_area_of_water_bodies": 0, "fountain": 2, "no_of_fountains": 0, "no_of_light_poles": 9, "music_system": 2, "no_of_entry_gates": "1", "water_tank": 1, "water_tank_capacity": 5000, "drinking_water_facility": 2, "remarks": "", "address": "Panchamrut Public Park , Nr. Soham Tower , Thaltej , Ahmedabad , Gujarat\r\n (Sunrise Park)-Gurukul,, Sunrise Park, Gurukul, Ahmedabad, Gujarat 380052,Ahmedabad Gujarat", "ward": "08_THALTEJ", "zone": "NORTH WEST ZONE", "road_id": "", "source_of_water2": "", "st_length(shape)": 321.6298602334217}, "geometry": {"type": "Polygon", "coordinates": [[[72.52483930899876, 23.04397368871786], [72.52481410972267, 23.043968516752486], [72.5239898750968, 23.044320304398056], [72.52424258522082, 23.04485883313858], [72.52425938437207, 23.044862217082294], [72.5242811628448, 23.044856825739142], [72.52507093220356, 23.044508175822195], [72.5250908948849, 23.044493360093014], [72.52509776038124, 23.044484868886613], [72.52509896674728, 23.044475333958637], [72.52509807763677, 23.044458925170296], [72.52485164148422, 23.04397674807107], [72.52483930899876, 23.04397368871786]]]}}, {"type": "Feature", "properties": {"objectid": 530, "name_of_park": "Baba Ramdevpir Udhyan", "zone_id": 1, "ward_id": 15, "village_division": "Asarwa", "road_name": "Asarwa Road", "contact_person": "Vijay Bhai", "maintained_by": "Mother Dairy", "garden_area": 771.75242194, "plot_area": 0, "structure_type": "Garden", "no_of_trees": 55, "variety_of_trees": 8, "variety_of_shurbs": 7, "internal_walk_way": 1, "walkway_length": 500, "boundary_wall_details": "Compouind Wall", "shopping_area": 2, "no_of_shops": 0, "tp_no": "30-AsaRWA", "survey_no_fp_no": "206", "statues": 2, "no_of_statues": 0, "bird_feeder": 2, "no_of_bird_feeders": 0, "phone_number": "9173634272", "play_apparatus": 2, "play_apparatus_type": "", "no_of_play_apparatus": 0, "maintenance_trust_details": "Amul Fed", "no_of_benches": 0, "rent_on_shops": 2, "urinal_facilities": 2, "rest_hut": 2, "no_of_rest_huts": 0, "water_connection": 1, "water_connection_size": 0, "sewage_connection": 2, "no_of_water_bodies": 0, "total_area_of_water_bodies": 0, "fountain": 2, "no_of_fountains": 0, "no_of_light_poles": 1, "music_system": 2, "no_of_entry_gates": "1", "water_tank": 2, "water_tank_capacity": 0, "drinking_water_facility": 2, "remarks": "", "address": "Baba Ramdevpir Udhyan , Nr.Ramchandra Colony , Chamanpura , Ahmedabad ,  Gujarat", "ward": "15_ASARWA", "zone": "CENTRAL ZONE", "road_id": "", "source_of_water2": "A.M.C. Supply", "st_length(shape)": 115.80869533428164}, "geometry": {"type": "Polygon", "coordinates": [[[72.61451667641842, 23.047432884241914], [72.61449208961551, 23.04750851836933], [72.61440457234383, 23.047777743632853], [72.61443035091199, 23.047786270504197], [72.61459462793707, 23.047828553210156], [72.61466649336418, 23.047597303208477], [72.61468621413886, 23.04753384650967], [72.61468602807936, 23.047532225896884], [72.61468567281727, 23.04752991028839], [72.61468522763876, 23.04752760415639], [72.61468469636543, 23.04752531207251], [72.61468407603965, 23.047523035797717], [72.61468336952363, 23.047520778986367], [72.61468257777673, 23.047518542555732], [72.61468170071947, 23.04751633101859], [72.61468074124585, 23.047514146224184], [72.61467969834877, 23.04751198996291], [72.6146785738993, 23.047509866776956], [72.61467736984797, 23.047507776695777], [72.61467608806583, 23.04750572426155], [72.61467472754579, 23.04750371126468], [72.61467329215715, 23.047501739569142], [72.61462093215086, 23.04747300970634], [72.61451667641842, 23.047432884241914]]]}}, {"type": "Feature", "properties": {"objectid": 531, "name_of_park": "Bakul Tripathi Garden", "zone_id": 5, "ward_id": 10, "village_division": "Ushmanpura", "road_name": "Ushmanpura Road", "contact_person": "Vijay Bhai", "maintained_by": "Mother Dairy", "garden_area": 16312.99153824, "plot_area": 0, "structure_type": "Squre", "no_of_trees": 260, "variety_of_trees": 3, "variety_of_shurbs": 4, "internal_walk_way": 1, "walkway_length": 580, "boundary_wall_details": "Compound Wall", "shopping_area": 2, "no_of_shops": 0, "tp_no": "3-Ushmanpura", "survey_no_fp_no": "27", "statues": 2, "no_of_statues": 0, "bird_feeder": 1, "no_of_bird_feeders": 1, "phone_number": "9586638106", "play_apparatus": 1, "play_apparatus_type": "GYM Equipment", "no_of_play_apparatus": 16, "maintenance_trust_details": "Amul Fed", "no_of_benches": 43, "rent_on_shops": 2, "urinal_facilities": 2, "rest_hut": 1, "no_of_rest_huts": 1, "water_connection": 1, "water_connection_size": 1, "sewage_connection": 2, "no_of_water_bodies": 0, "total_area_of_water_bodies": 0, "fountain": 1, "no_of_fountains": 1, "no_of_light_poles": 22, "music_system": 1, "no_of_entry_gates": "2", "water_tank": 1, "water_tank_capacity": 10000, "drinking_water_facility": 1, "remarks": "", "address": "Usmanpura Garden , Nr.Usmanpura Zonal Office. BH. Hotel Fortune, Vishwa Kosh Marg, Shanti Nagar, Usmanpura, Ahmedabad, Gujarat 380013", "ward": "10_S_P_STADIUM", "zone": "WEST ZONE", "road_id": "", "source_of_water2": "A.M.C. Supply , Shellow Bore", "st_length(shape)": 579.436218190688}, "geometry": {"type": "Polygon", "coordinates": [[[72.56836564727382, 23.047033622821925], [72.5683415012637, 23.04703173196458], [72.56831731954831, 23.047033186225182], [72.5682936411722, 23.047037954175224], [72.56827099288864, 23.04704592836459], [72.56824987830244, 23.047056932376655], [72.56823076714237, 23.047070720663285], [72.5679968430736, 23.04727636113041], [72.56781170346257, 23.047467466223534], [72.56758951140777, 23.04770959327203], [72.56757779811048, 23.047729477084673], [72.56768154686723, 23.047777911369813], [72.56769138087648, 23.047781449008397], [72.5685193521103, 23.04810872379762], [72.56853956491986, 23.04809937962534], [72.56854446740876, 23.048085123551598], [72.56856174322154, 23.047813089985368], [72.56856816766575, 23.047800290924982], [72.5685775855839, 23.047793269612793], [72.56861575458151, 23.04778773150481], [72.56895480034797, 23.0477603975897], [72.56947099076636, 23.047734976575224], [72.56970863969335, 23.047724299588424], [72.56972169226559, 23.0477161406289], [72.56973631279942, 23.047692479904963], [72.5697432347143, 23.047666311161716], [72.56975385812247, 23.04729027224164], [72.56975305689038, 23.047191132837593], [72.56974589516513, 23.04715877750159], [72.56973223861961, 23.04714369253516], [72.56927292459706, 23.047102250724773], [72.56865043037548, 23.047042781477177], [72.56836564727382, 23.047033622821925]]]}}, {"type": "Feature", "properties": {"objectid": 532, "name_of_park": "Jethabhai Parmar Garden", "zone_id": 1, "ward_id": 16, "village_division": "Shahibag", "road_name": "New Civil Hospital Road", "contact_person": "Aman Malek", "maintained_by": "Mother Dairy", "garden_area": 5635.38429457, "plot_area": 0, "structure_type": "Garden", "no_of_trees": 90, "variety_of_trees": 7, "variety_of_shurbs": 5, "internal_walk_way": 1, "walkway_length": 130, "boundary_wall_details": "Compouind Wall", "shopping_area": 2, "no_of_shops": 0, "tp_no": "8-Asarwa", "survey_no_fp_no": "61/3", "statues": 2, "no_of_statues": 0, "bird_feeder": 2, "no_of_bird_feeders": 0, "phone_number": "9409048103", "play_apparatus": 2, "play_apparatus_type": "", "no_of_play_apparatus": 0, "maintenance_trust_details": "Amul Fed", "no_of_benches": 53, "rent_on_shops": 2, "urinal_facilities": 2, "rest_hut": 1, "no_of_rest_huts": 1, "water_connection": 1, "water_connection_size": 0, "sewage_connection": 2, "no_of_water_bodies": 0, "total_area_of_water_bodies": 0, "fountain": 1, "no_of_fountains": 1, "no_of_light_poles": 18, "music_system": 2, "no_of_entry_gates": "1", "water_tank": 2, "water_tank_capacity": 0, "drinking_water_facility": 1, "remarks": "", "address": "Jethabhai Parmar Garden , Haripura , Asarwa, Ahmedabad, Gujarat 380016", "ward": "16_SHAHIBAG", "zone": "CENTRAL ZONE", "road_id": "", "source_of_water2": "A.M.C. Supply", "st_length(shape)": 343.9583040787922}, "geometry": {"type": "Polygon", "coordinates": [[[72.60131913115536, 23.049456195388977], [72.60132310803002, 23.04905697402714], [72.60131329063344, 23.048655166250537], [72.60073636921496, 23.04869157638426], [72.6007477304101, 23.04885920398374], [72.60061919714327, 23.04886993681507], [72.60058563982221, 23.048869976244433], [72.60061289650675, 23.049079634236755], [72.60062524641009, 23.04925658005253], [72.60075120554501, 23.049256581112314], [72.60074968265262, 23.049284266309268], [72.60081563529582, 23.049288058951117], [72.6008128886728, 23.049396666682966], [72.6006888287461, 23.049398649028756], [72.6006860709366, 23.0494453119034], [72.60131913115536, 23.049456195388977]]]}}, {"type": "Feature", "properties": {"objectid": 533, "name_of_park": "Madhav Smruti Garden", "zone_id": 5, "ward_id": 9, "village_division": "Naranpura", "road_name": "D.K Patel Side Road", "contact_person": "Vijay Bhai", "maintained_by": "Mother Dairy", "garden_area": 8416.37372204, "plot_area": 0, "structure_type": "Garden", "no_of_trees": 366, "variety_of_trees": 3, "variety_of_shurbs": 4, "internal_walk_way": 1, "walkway_length": 520, "boundary_wall_details": "Chainlinked", "shopping_area": 2, "no_of_shops": 0, "tp_no": "19-Memnagar", "survey_no_fp_no": "55", "statues": 2, "no_of_statues": 0, "bird_feeder": 1, "no_of_bird_feeders": 1, "phone_number": "9586638106", "play_apparatus": 2, "play_apparatus_type": "", "no_of_play_apparatus": 0, "maintenance_trust_details": "Amul Fed", "no_of_benches": 43, "rent_on_shops": 2, "urinal_facilities": 2, "rest_hut": 1, "no_of_rest_huts": 1, "water_connection": 1, "water_connection_size": 1, "sewage_connection": 2, "no_of_water_bodies": 0, "total_area_of_water_bodies": 0, "fountain": 1, "no_of_fountains": 1, "no_of_light_poles": 24, "music_system": 2, "no_of_entry_gates": "2", "water_tank": 1, "water_tank_capacity": 10000, "drinking_water_facility": 2, "remarks": "", "address": "Madhav Smruti Garden , Nr. D.K. Hall ,  Ahmedabad ,  Gujarat", "ward": "09_NARANPURA", "zone": "WEST ZONE", "road_id": "", "source_of_water2": "A.M.C. Supply", "st_length(shape)": 477.6904165369274}, "geometry": {"type": "Polygon", "coordinates": [[[72.55743449884172, 23.05013430025221], [72.55743017239935, 23.050694541437895], [72.55754000651423, 23.05070113563943], [72.55795923624828, 23.050709467038978], [72.5579631993786, 23.05070954633661], [72.55798306099233, 23.049829397018414], [72.55725698269897, 23.049787601708662], [72.55663821374608, 23.049749373376063], [72.55660324311657, 23.05008514360765], [72.55741447620903, 23.050099595393597], [72.55743078333904, 23.050111312567314], [72.55743449884172, 23.05013430025221]]]}}, {"type": "Feature", "properties": {"objectid": 534, "name_of_park": "Memnagar R.M.S. Lake Garden", "zone_id": 6, "ward_id": 19, "village_division": "Memnagar-Bodakdev", "road_name": "132ft Ring Road", "contact_person": "Kanaiyalal", "maintained_by": "Mother Dairy", "garden_area": 19384.91993211, "plot_area": 0, "structure_type": "Garden", "no_of_trees": 126, "variety_of_trees": 5, "variety_of_shurbs": 2, "internal_walk_way": 1, "walkway_length": 500, "boundary_wall_details": "Compound Wall (50% Remaining)", "shopping_area": 1, "no_of_shops": 1, "tp_no": "1-Memnagar", "survey_no_fp_no": "18", "statues": 2, "no_of_statues": 0, "bird_feeder": 1, "no_of_bird_feeders": 5, "phone_number": "9558340466", "play_apparatus": 1, "play_apparatus_type": "Children Play", "no_of_play_apparatus": 78, "maintenance_trust_details": "Amul Fed", "no_of_benches": 34, "rent_on_shops": 2, "urinal_facilities": 1, "rest_hut": 1, "no_of_rest_huts": 2, "water_connection": 1, "water_connection_size": 0.5, "sewage_connection": 1, "no_of_water_bodies": 1, "total_area_of_water_bodies": 45000, "fountain": 2, "no_of_fountains": 0, "no_of_light_poles": 125, "music_system": 2, "no_of_entry_gates": "3", "water_tank": 1, "water_tank_capacity": 40000, "drinking_water_facility": 2, "remarks": "", "address": "Memnagar Lake Garden , Swami Vivekanand Road , Ahmedabad ,  Gujarat", "ward": "19_BODAKDEV", "zone": "NORTH WEST ZONE", "road_id": "", "source_of_water2": "Bore", "st_length(shape)": 1483.6932137543588}, "geometry": {"type": "Polygon", "coordinates": [[[72.54267230596012, 23.050307391850634], [72.5427020121, 23.050092883349944], [72.54274941020988, 23.04975683430953], [72.54280433458659, 23.049717083106692], [72.54295355971749, 23.04974328847219], [72.54326009940026, 23.049776716741242], [72.54328588021558, 23.049636193159092], [72.54338375859552, 23.0496472685943], [72.54375261614645, 23.049660168093787], [72.5440960175637, 23.04965356152069], [72.54415857343932, 23.04965518182753], [72.54431864659253, 23.049481871214766], [72.54454973620545, 23.049263803612288], [72.54472974245796, 23.049243670200408], [72.54477760124172, 23.04922339476559], [72.54481713433354, 23.049206811355525], [72.54464142549621, 23.04899006689397], [72.54459542244614, 23.04902183617812], [72.54416791113742, 23.049105311444155], [72.54395602113905, 23.049118737734783], [72.54346278969365, 23.04913256910973], [72.54345316220268, 23.049094202938075], [72.54341755755138, 23.04906498687599], [72.54331980864602, 23.049046747398283], [72.54330393667227, 23.04906799717857], [72.54329604213937, 23.049092326601656], [72.54330827745552, 23.049092839988113], [72.54331338355306, 23.049100510667095], [72.54332951086546, 23.049124741366125], [72.54333767471654, 23.049137006776597], [72.54334578057912, 23.049202340906497], [72.543347518814, 23.04931988464672], [72.54331511192692, 23.04948419136216], [72.54326196032284, 23.049554304842857], [72.54318580567679, 23.04956800926746], [72.54269650373676, 23.04956557732505], [72.54265415136673, 23.049708135196916], [72.54263547403808, 23.04977099999663], [72.54264053212613, 23.05006815861867], [72.54258313544432, 23.050101900456347], [72.54242523628545, 23.050126913273424], [72.54232329182679, 23.05012652223796], [72.54222774329911, 23.050058156267788], [72.54213238999768, 23.04997904593802], [72.54205004266224, 23.04991469302613], [72.54121363135627, 23.049592920317735], [72.54116118741256, 23.04957274470287], [72.54115767481342, 23.049570208367822], [72.54115418612845, 23.049567644419245], [72.5411507223493, 23.049565051969857], [72.54114728147628, 23.049562433696792], [72.54114386650072, 23.049559786035566], [72.5411404744313, 23.04955711255068], [72.54113710916897, 23.049554413302815], [72.54113376882884, 23.049551684651647], [72.54113045233731, 23.04954893199698], [72.54112716369369, 23.04954614998452], [72.54112389889868, 23.04954334396859], [72.54112066383647, 23.049540512235215], [72.54111745268843, 23.04953765288835], [72.54111426732305, 23.049534770470874], [72.54111111073166, 23.049531861418284], [72.54110798192261, 23.04952892661791], [72.54110487792099, 23.049525968731768], [72.54110180366855, 23.04952298422568], [72.54109875713289, 23.049519977581827], [72.54109573740432, 23.04951694517502], [72.54109274640052, 23.04951388884064], [72.54108978509674, 23.049510808593848], [72.54108685250135, 23.04950770532196], [72.5410839476227, 23.04950457991233], [72.54108107246044, 23.049501429687773], [72.54107822696542, 23.049498257355822], [72.54107541115403, 23.04949506201397], [72.54107262500983, 23.04949184456471], [72.54106986851646, 23.049488605910557], [72.54106714268194, 23.04948534426169], [72.54105116769401, 23.04947009366021], [72.5410080426391, 23.049412187767743], [72.54098903557106, 23.049367954770645], [72.54097527014355, 23.049308140473432], [72.54097422608874, 23.04930412771666], [72.54097322016662, 23.049300110136652], [72.54097225050872, 23.049296083190583], [72.54097131802463, 23.049292050503617], [72.54097042471406, 23.0492880093986], [72.5409695676513, 23.049283959830024], [72.54096874774595, 23.049279905423038], [72.54096796602248, 23.049275843485347], [72.54096722244807, 23.04927177582193], [72.54096651798156, 23.049267703350488], [72.54096584973001, 23.04926362422048], [72.54096522060277, 23.049259539379925], [72.5409646276249, 23.049255451490822], [72.54096407378772, 23.049251356988687], [72.54096355707516, 23.049247259453153], [72.5409630804621, 23.04924315622228], [72.54096263996561, 23.04923905174784], [72.54096223956864, 23.04923494157804], [72.54102768349357, 23.04883607218444], [72.54106944600113, 23.04875359958529], [72.54111218447224, 23.04870267189929], [72.54116529118765, 23.04867770183757], [72.54122603419694, 23.04865858307886], [72.54137940809834, 23.048645825415345], [72.54142888345571, 23.04865734424293], [72.54144093416132, 23.048668876679727], [72.54146178535743, 23.0486936504657], [72.54146309962529, 23.048696536267137], [72.54146445023915, 23.048699408189847], [72.54146583432247, 23.048702263480795], [72.54146725473537, 23.048705105795523], [72.54146871056822, 23.048707931508847], [72.54147019983776, 23.048710742395397], [72.54147172351921, 23.048713538470373], [72.541473282637, 23.048716317041425], [72.54147487424905, 23.04871907896555], [72.54147650223986, 23.048721825205938], [72.54147816179888, 23.0487245520767], [72.54147985482739, 23.048727262315694], [72.54148158134177, 23.04872995502042], [72.54148334236643, 23.04873262749854], [72.54148513391851, 23.048735284201893], [72.54148695902204, 23.048737919760946], [72.541488816669, 23.048740535965564], [72.54149070490895, 23.048743132785372], [72.54149262668395, 23.0487457093634], [72.54149458005995, 23.048748264766793], [72.54149656303728, 23.048750801672735], [72.54149857764843, 23.04875331559902], [72.54150062386056, 23.04875580835068], [72.54150270069846, 23.04875827991252], [72.5415048081949, 23.04876072847957], [72.54150694340782, 23.048763154908762], [72.54150911121336, 23.048765559276003], [72.54151130579291, 23.048767939685227], [72.54151353200626, 23.048770297114793], [72.54151578497724, 23.048772631488873], [72.54151806766431, 23.048774941047945], [72.54152037810064, 23.04877722666417], [72.54152271823669, 23.0487794883679], [72.54152508418792, 23.048781725195933], [72.54152747694596, 23.048783936260943], [72.5415298994201, 23.048786122510965], [72.54153234577535, 23.04878828295243], [72.54153481893741, 23.048790417630876], [72.54153732088952, 23.048792524771628], [72.54153984573111, 23.048794606991162], [72.5415423973959, 23.04879666254518], [72.54154497299096, 23.04879868958312], [72.54154757441762, 23.048800690842874], [72.54155020172502, 23.04880266361692], [72.54155285099583, 23.048804608747055], [72.5415555232053, 23.048806526248477], [72.54155822032027, 23.04880841524899], [72.54156094136555, 23.048810275733455], [72.54156368442342, 23.04881210586649], [72.54156644846947, 23.04881390834047], [72.5415692364458, 23.048815682298383], [72.54157204545949, 23.048817425889712], [72.54157487551055, 23.048819139114432], [72.54157772658256, 23.048820822875093], [72.54158059865915, 23.04882247807416], [72.54158348985543, 23.048824101071283], [72.54158640208905, 23.048825693701815], [72.54158933243434, 23.04882725592025], [72.54159228285813, 23.048828786854415], [72.54159525236882, 23.048830287391638], [72.5415982390651, 23.04883175479406], [72.54160124289778, 23.048833191769223], [72.54160426680899, 23.048834597460097], [72.54160730593892, 23.048835970888344], [72.54161036225445, 23.04883731118179], [72.54161343572277, 23.048838620145464], [72.54161652343458, 23.04883989683132], [72.54161962735674, 23.048841140367216], [72.54162274649764, 23.048842351640456], [72.54162588089002, 23.048843528846074], [72.5416290295259, 23.048844673773882], [72.54163219143003, 23.048845786408698], [72.54163536665158, 23.04884686404303], [72.54163855611661, 23.04884790939955], [72.54164175696496, 23.048848918822735], [72.54165060870966, 23.0488524653323], [72.54165946045484, 23.048856011841405], [72.54166831220053, 23.04885955835007], [72.5416771629715, 23.048863104843093], [72.5416860147182, 23.048866651350828], [72.5416948664654, 23.048870197858122], [72.54170371821311, 23.048873744364936], [72.54171256996133, 23.048877290871314], [72.54172142169367, 23.04888083827972], [72.54173027344288, 23.04888438478517], [72.54173912519262, 23.048887931290174], [72.54174797596762, 23.048891477779534], [72.54175682771836, 23.04889502428362], [72.54164005244148, 23.048819987778536], [72.54159162088891, 23.048758087840262], [72.54156985041195, 23.048706156522478], [72.54154429975912, 23.048635057704576], [72.54153096011594, 23.04857370273428], [72.54152140260157, 23.04853151619489], [72.54150509621678, 23.048519797495672], [72.54127988541399, 23.048527758960258], [72.54127620839589, 23.048502860546215], [72.54127672893338, 23.0484742060587], [72.54127721477856, 23.048447461268594], [72.54121122786155, 23.048442613283687], [72.54115734973595, 23.04845324007471], [72.5411217027088, 23.048483259186867], [72.5410735304377, 23.0485207261652], [72.54092901540098, 23.04863312793013], [72.5406632463651, 23.04882772017722], [72.54062298402484, 23.048884418774403], [72.54059330204652, 23.049040645902984], [72.54053749511338, 23.04927099003944], [72.54055503195237, 23.049328588103428], [72.54062162586968, 23.049413701043157], [72.5407071095799, 23.049481911276533], [72.54081908193099, 23.049569641443597], [72.54101730204049, 23.049683554765732], [72.54115579713692, 23.049788894954368], [72.54137634367494, 23.049924174168787], [72.5414664768407, 23.04996379378711], [72.54163060133314, 23.05006849414738], [72.54169486402095, 23.050122124643675], [72.541850117782, 23.05021434970737], [72.54203902491828, 23.050272702056674], [72.54224906094238, 23.050304631341955], [72.54257679420833, 23.050336480386324], [72.54265617357717, 23.050342968796507], [72.54267230596012, 23.050307391850634]]]}}, {"type": "Feature", "properties": {"objectid": 535, "name_of_park": "Chandan Public Park", "zone_id": 6, "ward_id": 8, "village_division": "Thaltej", "road_name": "Vastrapura Police Station- Udgam School Road", "contact_person": "Kanti Bhai", "maintained_by": "Mother Dairy", "garden_area": 853, "plot_area": 1003, "structure_type": "Garden", "no_of_trees": 11, "variety_of_trees": 4, "variety_of_shurbs": 3, "internal_walk_way": 2, "walkway_length": 0, "boundary_wall_details": "Compound Wall", "shopping_area": 2, "no_of_shops": 0, "tp_no": "2-Thaltej", "survey_no_fp_no": "9", "statues": 2, "no_of_statues": 0, "bird_feeder": 2, "no_of_bird_feeders": 0, "phone_number": "9558340466", "play_apparatus": 1, "play_apparatus_type": "Children Play", "no_of_play_apparatus": 9, "maintenance_trust_details": "Amul Fed", "no_of_benches": 0, "rent_on_shops": 2, "urinal_facilities": 2, "rest_hut": 2, "no_of_rest_huts": 0, "water_connection": 2, "water_connection_size": 0, "sewage_connection": 2, "no_of_water_bodies": 0, "total_area_of_water_bodies": 0, "fountain": 2, "no_of_fountains": 0, "no_of_light_poles": 5, "music_system": 2, "no_of_entry_gates": "1", "water_tank": 2, "water_tank_capacity": 0, "drinking_water_facility": 2, "remarks": "", "address": "Chandan Public Park , Nr.Udgam  School , Ahmedabad , Gujarat", "ward": "08_THALTEJ", "zone": "NORTH WEST ZONE", "road_id": "", "source_of_water2": "Tanker , Bore", "st_length(shape)": 134.09646589973232}, "geometry": {"type": "Polygon", "coordinates": [[[72.52210825326327, 23.04930310338379], [72.52210663573521, 23.04929863559182], [72.52204095177352, 23.04931496104789], [72.52167968334989, 23.04939979931406], [72.52173695209949, 23.049554032975635], [72.5217581843735, 23.04955203955214], [72.52186084250096, 23.049542402930296], [72.52192975739678, 23.04953636359442], [72.52210386292838, 23.049521107213263], [72.5221341164937, 23.04951725830636], [72.52218349611705, 23.04951094144358], [72.52211983405422, 23.04933509334054], [72.52210825326327, 23.04930310338379]]]}}, {"type": "Feature", "properties": {"objectid": 536, "name_of_park": "Dariyakhan Ghumat Garden", "zone_id": 1, "ward_id": 17, "village_division": "Shahpur", "road_name": "Mahakali Temple Road", "contact_person": "Rajesh Bhai B. Dabhi", "maintained_by": "Mother Dairy ", "garden_area": 6953.71852008, "plot_area": 0, "structure_type": "Garden", "no_of_trees": 80, "variety_of_trees": 6, "variety_of_shurbs": 7, "internal_walk_way": 1, "walkway_length": 510, "boundary_wall_details": "Compouind Wall", "shopping_area": 2, "no_of_shops": 0, "tp_no": "14-Shahibag", "survey_no_fp_no": "345", "statues": 2, "no_of_statues": 0, "bird_feeder": 2, "no_of_bird_feeders": 0, "phone_number": "8156002312", "play_apparatus": 1, "play_apparatus_type": "Chledern Play ", "no_of_play_apparatus": 1, "maintenance_trust_details": "Amul Fed", "no_of_benches": 5, "rent_on_shops": 2, "urinal_facilities": 2, "rest_hut": 2, "no_of_rest_huts": 0, "water_connection": 1, "water_connection_size": 0, "sewage_connection": 2, "no_of_water_bodies": 0, "total_area_of_water_bodies": 0, "fountain": 2, "no_of_fountains": 0, "no_of_light_poles": 14, "music_system": 2, "no_of_entry_gates": "1", "water_tank": 2, "water_tank_capacity": 0, "drinking_water_facility": 2, "remarks": "", "address": "Dariyakhan Ghumat Garden , Dudeshwar , Udyog Nagar, Dudeshwar, Ahmedabad, Gujarat 380004", "ward": "17_SHAHPUR", "zone": "CENTRAL ZONE", "road_id": "", "source_of_water2": "Bore", "st_length(shape)": 334.12407757943663}, "geometry": {"type": "Polygon", "coordinates": [[[72.58716163846142, 23.05215900322856], [72.5872031618144, 23.052160768415938], [72.58761572818425, 23.05203734308261], [72.58758920923776, 23.05189562700588], [72.58758097329304, 23.05187287851386], [72.58750056260318, 23.051650731674098], [72.58737812842924, 23.051386770156594], [72.58728262102707, 23.05118085585105], [72.58727917984159, 23.051173437531798], [72.58721255222812, 23.051132480397403], [72.58710337225087, 23.051065364583252], [72.58690341575249, 23.05110990956557], [72.58688187576459, 23.051328252849125], [72.58681649056614, 23.05199103845312], [72.58681628674917, 23.051993605554124], [72.58681617940545, 23.051996178642252], [72.5868161705821, 23.05199875233209], [72.58681626031132, 23.052001324818562], [72.58681644573163, 23.052003892446887], [72.58681672882581, 23.052006453441738], [72.58681710775592, 23.052009001455627], [72.58681758541566, 23.05201153833827], [72.58681815800047, 23.05201405861492], [72.58681882559078, 23.05201655777288], [72.5868195882027, 23.05201903490964], [72.58682044299086, 23.052021485467854], [72.58682139190581, 23.05202390947728], [72.5868224321183, 23.052026301478044], [72.58682356170986, 23.052028659635297], [72.58682477976966, 23.052030980323995], [72.58682608730516, 23.05203326175399], [72.58682748047956, 23.052035500255542], [72.5868289554078, 23.052037694866552], [72.58683051511231, 23.05203984021648], [72.58683215372531, 23.052041937118542], [72.5868338732617, 23.052043981992345], [72.58683566699104, 23.052045969318442], [72.58683753585642, 23.052047900916783], [72.58683947896303, 23.052049772259817], [72.58684149047522, 23.05205158235565], [72.58684357044129, 23.05205332849666], [72.58684571500832, 23.05205500791568], [72.58684792224187, 23.052056619680396], [72.5868501902557, 23.052058160150864], [72.58685251511648, 23.052059631072584], [72.58685489495407, 23.052061027903093], [72.58685732494033, 23.052062347860343], [72.58685980502696, 23.05206359365191], [72.58686233045015, 23.052064758885603], [72.58686490117773, 23.05206584536645], [72.58686751041485, 23.052066851185177], [72.58687015723447, 23.052067773619264], [72.5868728367119, 23.05206861530185], [72.58687554600169, 23.05206937167557], [72.58687828315328, 23.052070042710664], [72.58688104524076, 23.05207062836243], [72.58688358716687, 23.052071086971363], [72.58688397147323, 23.05207114520111], [72.58694029999991, 23.052099708952454], [72.58703348265038, 23.05212616591591], [72.58707374492279, 23.05213759690091], [72.58716163846142, 23.05215900322856]]]}}, {"type": "Feature", "properties": {"objectid": 537, "name_of_park": "Vivekanand Public Park", "zone_id": 6, "ward_id": 19, "village_division": "Bodakdev", "road_name": "Memnagar Road", "contact_person": "Kanaiyalal", "maintained_by": "Mother Dairy", "garden_area": 4846.87194096, "plot_area": 0, "structure_type": "Garden", "no_of_trees": 17, "variety_of_trees": 4, "variety_of_shurbs": 4, "internal_walk_way": 1, "walkway_length": 100, "boundary_wall_details": "Compound Wall", "shopping_area": 1, "no_of_shops": 1, "tp_no": "1-Memnagar", "survey_no_fp_no": "45", "statues": 2, "no_of_statues": 0, "bird_feeder": 2, "no_of_bird_feeders": 0, "phone_number": "9558340466", "play_apparatus": 2, "play_apparatus_type": "", "no_of_play_apparatus": 0, "maintenance_trust_details": "Amul Fed", "no_of_benches": 12, "rent_on_shops": 2, "urinal_facilities": 1, "rest_hut": 1, "no_of_rest_huts": 1, "water_connection": 1, "water_connection_size": 0.5, "sewage_connection": 1, "no_of_water_bodies": 1, "total_area_of_water_bodies": 4000, "fountain": 1, "no_of_fountains": 1, "no_of_light_poles": 7, "music_system": 2, "no_of_entry_gates": "2", "water_tank": 2, "water_tank_capacity": 0, "drinking_water_facility": 2, "remarks": "", "address": "Vivekanand Public Park Swami VivekanandChawk ,  Memnagar , Ahmedabad , Gujarat 380052.", "ward": "19_BODAKDEV", "zone": "NORTH WEST ZONE", "road_id": "", "source_of_water2": "Tanker", "st_length(shape)": 291.6191305692329}, "geometry": {"type": "Polygon", "coordinates": [[[72.53751872031708, 23.051359767913134], [72.53750689758326, 23.051318881095437], [72.53749820856159, 23.051312931039828], [72.53745660263611, 23.0513204228459], [72.53738965784872, 23.05133914907948], [72.53734296297576, 23.051350050703736], [72.53727380210735, 23.051352462040704], [72.53712770659385, 23.051306780632494], [72.53699061174898, 23.051308943734185], [72.53696184027025, 23.051315660470614], [72.53695479485592, 23.051319850486234], [72.53695161204685, 23.051329212112034], [72.536957411406, 23.051365131095437], [72.53682229882935, 23.051380368867665], [72.53682293574396, 23.05139136172777], [72.53660919816537, 23.051411879003748], [72.5366469125721, 23.05182530632186], [72.53665398470113, 23.051851001577546], [72.53666382402369, 23.051862784262855], [72.53667636606761, 23.051864142524515], [72.53670314995419, 23.05186276265466], [72.53677868420723, 23.051852365850465], [72.53683895905706, 23.051844068390906], [72.5374457540192, 23.051778447857327], [72.53751629814957, 23.05176908151331], [72.53754685198477, 23.051747461764727], [72.53755451663814, 23.05174060379668], [72.53755979598465, 23.051726730350307], [72.53755628119009, 23.05170249614848], [72.53755467791686, 23.051662689391964], [72.53755514332187, 23.05163711252348], [72.53751872031708, 23.051359767913134]]]}}, {"type": "Feature", "properties": {"objectid": 538, "name_of_park": "Sarthi Public Park", "zone_id": 6, "ward_id": 19, "village_division": "Bodakdev", "road_name": "Divyapath School Road", "contact_person": "Kaniyalal", "maintained_by": "Mother Dairy", "garden_area": 7122.32561962, "plot_area": 0, "structure_type": "Garden", "no_of_trees": 52, "variety_of_trees": 6, "variety_of_shurbs": 5, "internal_walk_way": 1, "walkway_length": 250, "boundary_wall_details": "Compound Wall", "shopping_area": 2, "no_of_shops": 0, "tp_no": "1-Memnagar", "survey_no_fp_no": "32", "statues": 2, "no_of_statues": 0, "bird_feeder": 2, "no_of_bird_feeders": 0, "phone_number": "8401181424", "play_apparatus": 2, "play_apparatus_type": "", "no_of_play_apparatus": 0, "maintenance_trust_details": "Amul Fed", "no_of_benches": 12, "rent_on_shops": 2, "urinal_facilities": 2, "rest_hut": 2, "no_of_rest_huts": 0, "water_connection": 1, "water_connection_size": 0.5, "sewage_connection": 2, "no_of_water_bodies": 0, "total_area_of_water_bodies": 0, "fountain": 2, "no_of_fountains": 0, "no_of_light_poles": 15, "music_system": 2, "no_of_entry_gates": "2", "water_tank": 2, "water_tank_capacity": 0, "drinking_water_facility": 2, "remarks": "", "address": "Sarthi Public Park ,  Nr.Memnagar Lake  , Divyapath School , Ahmedabad , Gujarat 380052.", "ward": "19_BODAKDEV", "zone": "NORTH WEST ZONE", "road_id": "", "source_of_water2": "A.M.C. Supply + Tanker", "st_length(shape)": 469.0279897923055}, "geometry": {"type": "Polygon", "coordinates": [[[72.54224350230474, 23.05130412553022], [72.54226830874568, 23.051294632450812], [72.54248336124643, 23.051227199758944], [72.54248516706907, 23.051214730047352], [72.54249632396079, 23.05115581075724], [72.542537951992, 23.050953637970427], [72.54261152999904, 23.05049913620036], [72.54259707109814, 23.050498260472274], [72.54226256556242, 23.050478003164894], [72.54223866198753, 23.050638204223592], [72.54221556321089, 23.050639673062783], [72.54220331935467, 23.050795396310242], [72.54218831937794, 23.05088909146058], [72.54218494539973, 23.050904326302657], [72.542179034296, 23.05091713208184], [72.54217211738896, 23.050928489539064], [72.5421569863935, 23.050937331443198], [72.54212544558872, 23.05094018469614], [72.54175509809694, 23.05092391415992], [72.54174680595376, 23.050925696308724], [72.54174049167447, 23.050932285720293], [72.54173489690723, 23.050956083875487], [72.5416912559153, 23.05128516915269], [72.54166639974814, 23.05130255328005], [72.54163792827255, 23.05130688775729], [72.54153994051794, 23.051301780308084], [72.5414316213849, 23.051299065966322], [72.54126554571405, 23.051288912437172], [72.54124461907033, 23.05129001951363], [72.54123534962403, 23.051303012227116], [72.54121648435778, 23.05134690690982], [72.54120412315645, 23.051458977084746], [72.54119934225973, 23.05150906175223], [72.54120126512422, 23.05151109669745], [72.54120733769012, 23.05150594796396], [72.54131472915302, 23.05154270910996], [72.54148516718377, 23.05160621308569], [72.54152073977262, 23.051591452121272], [72.54159688208505, 23.051551055642012], [72.54167970869301, 23.05150711415763], [72.54177223971203, 23.0514580225893], [72.54195801471886, 23.051390450272315], [72.54210539925666, 23.051345885042753], [72.54224350230474, 23.05130412553022]]]}}, {"type": "Feature", "properties": {"objectid": 539, "name_of_park": "Palas Public Park", "zone_id": 6, "ward_id": 8, "village_division": "Thaltej", "road_name": "S.G. Highway", "contact_person": "Kanti Bhai", "maintained_by": "Mother Dairy", "garden_area": 1280, "plot_area": 1580, "structure_type": "Garden", "no_of_trees": 29, "variety_of_trees": 3, "variety_of_shurbs": 3, "internal_walk_way": 1, "walkway_length": 100, "boundary_wall_details": "Compound Wall", "shopping_area": 2, "no_of_shops": 0, "tp_no": "2-Thaltej", "survey_no_fp_no": "29", "statues": 2, "no_of_statues": 0, "bird_feeder": 2, "no_of_bird_feeders": 0, "phone_number": "9558340466", "play_apparatus": 1, "play_apparatus_type": "Children Play", "no_of_play_apparatus": 3, "maintenance_trust_details": "Amul Fed", "no_of_benches": 7, "rent_on_shops": 2, "urinal_facilities": 2, "rest_hut": 1, "no_of_rest_huts": 1, "water_connection": 1, "water_connection_size": 0, "sewage_connection": 2, "no_of_water_bodies": 0, "total_area_of_water_bodies": 0, "fountain": 2, "no_of_fountains": 0, "no_of_light_poles": 6, "music_system": 2, "no_of_entry_gates": "1", "water_tank": 2, "water_tank_capacity": 0, "drinking_water_facility": 2, "remarks": "", "address": "Palas Public Park , Nr.Lov-Kush Tower, Ahmedabad , Gujarat", "ward": "08_THALTEJ", "zone": "NORTH WEST ZONE", "road_id": "", "source_of_water2": "Tanker", "st_length(shape)": 160.02495323499465}, "geometry": {"type": "Polygon", "coordinates": [[[72.51981764048048, 23.051503438494155], [72.51981712921005, 23.051816524287574], [72.52002739154847, 23.051815744752822], [72.52022959801754, 23.05181294455364], [72.52026217167021, 23.051812782267135], [72.5202556464849, 23.051498737397], [72.52024271246476, 23.05149887657326], [72.51982760248544, 23.051503331246064], [72.51981764048048, 23.051503438494155]]]}}, {"type": "Feature", "properties": {"objectid": 540, "name_of_park": "Hitendra Desai\r\n(Municipal Garden)", "zone_id": 1, "ward_id": 16, "village_division": "Shahibag", "road_name": "Camp Road", "contact_person": "Aman Malek", "maintained_by": "Mother Dairy ", "garden_area": 4489.7047505, "plot_area": 0, "structure_type": "Garden", "no_of_trees": 75, "variety_of_trees": 10, "variety_of_shurbs": 9, "internal_walk_way": 1, "walkway_length": 30, "boundary_wall_details": "Compouind Wall", "shopping_area": 2, "no_of_shops": 0, "tp_no": "8-Asarwa", "survey_no_fp_no": "211", "statues": 2, "no_of_statues": 0, "bird_feeder": 2, "no_of_bird_feeders": 0, "phone_number": "9409048103", "play_apparatus": 1, "play_apparatus_type": "Chledern Play ", "no_of_play_apparatus": 9, "maintenance_trust_details": "Amul Fed", "no_of_benches": 44, "rent_on_shops": 2, "urinal_facilities": 2, "rest_hut": 1, "no_of_rest_huts": 3, "water_connection": 1, "water_connection_size": 0, "sewage_connection": 2, "no_of_water_bodies": 0, "total_area_of_water_bodies": 0, "fountain": 1, "no_of_fountains": 1, "no_of_light_poles": 2, "music_system": 2, "no_of_entry_gates": "2", "water_tank": 2, "water_tank_capacity": 0, "drinking_water_facility": 2, "remarks": "", "address": "Hitendra Desai , Vitthalnagr Cross Road , Shahibag , Ahmedabad , Gujarat\r\n(Municipal Garden)-Camp Rd, Ahmedabad Cantonment, Ahmedabad, Gujarat 380016\r\n,Ahmedabad Gujarat", "ward": "16_SHAHIBAG", "zone": "CENTRAL ZONE", "road_id": "", "source_of_water2": "A.M.C. Supply", "st_length(shape)": 272.8702979314088}, "geometry": {"type": "Polygon", "coordinates": [[[72.60229843428864, 23.055216862598144], [72.60267279451611, 23.05521067932998], [72.60315106083361, 23.055202777989486], [72.60313547240553, 23.054811063366113], [72.60313344899029, 23.054807156106396], [72.6031312780458, 23.054803316123376], [72.60312896726276, 23.05479954985326], [72.60312651758453, 23.05479585911586], [72.60312392990647, 23.05479224843874], [72.60312120704269, 23.05478872418406], [72.60311835575644, 23.054785290065553], [72.60311537892578, 23.05478194883524], [72.60311227645475, 23.054778705908387], [72.60310905606602, 23.05477556591605], [72.60310572065356, 23.054772530707716], [72.60310227112875, 23.054769603908305], [72.60309871617358, 23.05476679106629], [72.6030963221404, 23.05476502591413], [72.60309505770667, 23.054764094016296], [72.60309130057269, 23.054761514637384], [72.60308744760165, 23.054759058389223], [72.6030835075075, 23.05475672901509], [72.6030794812496, 23.05475452743237], [72.6030753765825, 23.054752456467025], [72.60307119345823, 23.054750518826676], [72.60306694351675, 23.05474871829905], [72.60306262774931, 23.05474705399635], [72.60305825290321, 23.054745530534912], [72.60305382385506, 23.054744147988657], [72.60304934346689, 23.054742910012177], [72.60304482149185, 23.054741816753392], [72.6030402608559, 23.054740868256694], [72.60303566733104, 23.05474006912359], [72.60303104680116, 23.05473941763772], [72.60302660379594, 23.054738933151896], [72.6030221456814, 23.054738585660342], [72.60301767632677, 23.05473837702731], [72.60301320551729, 23.054738305595684], [72.60300873128628, 23.05473837223841], [72.60300426338696, 23.054738577103432], [72.60229980467042, 23.054737130937625], [72.60229843428864, 23.055216862598144]]]}}, {"type": "Feature", "properties": {"objectid": 541, "name_of_park": "Maharshi Rangavdhut Garden", "zone_id": 5, "ward_id": 9, "village_division": "Naranpura", "road_name": "Sanghvi Crossing Road", "contact_person": "Vijay Bhai", "maintained_by": "Mother Dairy", "garden_area": 3184.36281739, "plot_area": 0, "structure_type": "Garden", "no_of_trees": 95, "variety_of_trees": 3, "variety_of_shurbs": 4, "internal_walk_way": 1, "walkway_length": 280, "boundary_wall_details": "Compound Wall", "shopping_area": 2, "no_of_shops": 0, "tp_no": "29-Naranpura", "survey_no_fp_no": "15", "statues": 2, "no_of_statues": 0, "bird_feeder": 2, "no_of_bird_feeders": 0, "phone_number": "9586638106", "play_apparatus": 1, "play_apparatus_type": "GYM Equipment", "no_of_play_apparatus": 25, "maintenance_trust_details": "Amul Fed", "no_of_benches": 49, "rent_on_shops": 2, "urinal_facilities": 2, "rest_hut": 1, "no_of_rest_huts": 1, "water_connection": 1, "water_connection_size": 1, "sewage_connection": 2, "no_of_water_bodies": 0, "total_area_of_water_bodies": 0, "fountain": 1, "no_of_fountains": 1, "no_of_light_poles": 9, "music_system": 2, "no_of_entry_gates": "1", "water_tank": 1, "water_tank_capacity": 10000, "drinking_water_facility": 1, "remarks": "", "address": "Maharshi Rangavdhut Garden ,  Sanghvai Crossing Road , Ahmedabad , Gujarat", "ward": "09_NARANPURA", "zone": "WEST ZONE", "road_id": "", "source_of_water2": "A.M.C. Supply", "st_length(shape)": 229.63558853420415}, "geometry": {"type": "Polygon", "coordinates": [[[72.56249836168686, 23.05412461095045], [72.56183316165897, 23.053985510556767], [72.56174315334422, 23.05440646530431], [72.56199179709463, 23.054453152697015], [72.56217078679052, 23.054473857715433], [72.56241247497503, 23.05450181575529], [72.56249836168686, 23.05412461095045]]]}}, {"type": "Feature", "properties": {"objectid": 542, "name_of_park": "Tulshi Public Park", "zone_id": 6, "ward_id": 8, "village_division": "Thaltej", "road_name": "Triveni Park Cross Road", "contact_person": "Kanti Bhai", "maintained_by": "Mother Dairy", "garden_area": 5819.16720576, "plot_area": 5561, "structure_type": "Garden", "no_of_trees": 24, "variety_of_trees": 6, "variety_of_shurbs": 6, "internal_walk_way": 1, "walkway_length": 200, "boundary_wall_details": "Compound Wall", "shopping_area": 1, "no_of_shops": 1, "tp_no": "2-Thaltej", "survey_no_fp_no": "76", "statues": 2, "no_of_statues": 0, "bird_feeder": 2, "no_of_bird_feeders": 0, "phone_number": "9558340466", "play_apparatus": 1, "play_apparatus_type": "Children Play", "no_of_play_apparatus": 13, "maintenance_trust_details": "Amul Fed", "no_of_benches": 16, "rent_on_shops": 2, "urinal_facilities": 2, "rest_hut": 1, "no_of_rest_huts": 2, "water_connection": 1, "water_connection_size": 1, "sewage_connection": 1, "no_of_water_bodies": 0, "total_area_of_water_bodies": 0, "fountain": 2, "no_of_fountains": 0, "no_of_light_poles": 13, "music_system": 2, "no_of_entry_gates": "2", "water_tank": 2, "water_tank_capacity": 0, "drinking_water_facility": 2, "remarks": "", "address": "Tulshi Public Park , Swami Vivekanand Marg, Nr. Jeevandeep Bunglow , Thaltej, Ahmedabad, Gujarat 380059.", "ward": "08_THALTEJ", "zone": "NORTH WEST ZONE", "road_id": "", "source_of_water2": "", "st_length(shape)": 296.34789072257223}, "geometry": {"type": "Polygon", "coordinates": [[[72.5223586143916, 23.05432554766707], [72.52225814256474, 23.054098228951624], [72.52219938254983, 23.053965283184002], [72.52218530090765, 23.053959090679868], [72.52192754682387, 23.053939523050946], [72.52170033188723, 23.053950481992885], [72.52163754133667, 23.053945535882836], [72.52154130674138, 23.05392347896361], [72.52148546378201, 23.05391396372633], [72.52144048417358, 23.05390605875778], [72.52138068734085, 23.053942558658644], [72.52135366216747, 23.053973813079597], [72.52134506705066, 23.054018315560345], [72.52137786585784, 23.05409658561108], [72.52166596997915, 23.05465606049374], [72.52167952567328, 23.05464958645489], [72.52235074055781, 23.054329024364726], [72.5223586143916, 23.05432554766707]]]}}, {"type": "Feature", "properties": {"objectid": 543, "name_of_park": "Kandarb Public Park", "zone_id": 6, "ward_id": 8, "village_division": "Thaltej", "road_name": "Jai Ambe Nagar Road", "contact_person": "Kanti Bhai", "maintained_by": "Mother Dairy", "garden_area": 1169.46829208, "plot_area": 1440, "structure_type": "Garden", "no_of_trees": 10, "variety_of_trees": 3, "variety_of_shurbs": 2, "internal_walk_way": 1, "walkway_length": 50, "boundary_wall_details": "Compound Wall With Chainlink Net", "shopping_area": 2, "no_of_shops": 0, "tp_no": "2-Thaltej", "survey_no_fp_no": "51", "statues": 2, "no_of_statues": 0, "bird_feeder": 2, "no_of_bird_feeders": 0, "phone_number": "9558340466", "play_apparatus": 1, "play_apparatus_type": "Children Play", "no_of_play_apparatus": 3, "maintenance_trust_details": "Amul Fed", "no_of_benches": 7, "rent_on_shops": 2, "urinal_facilities": 2, "rest_hut": 1, "no_of_rest_huts": 1, "water_connection": 1, "water_connection_size": 1, "sewage_connection": 1, "no_of_water_bodies": 0, "total_area_of_water_bodies": 0, "fountain": 2, "no_of_fountains": 0, "no_of_light_poles": 5, "music_system": 2, "no_of_entry_gates": "1", "water_tank": 2, "water_tank_capacity": 0, "drinking_water_facility": 2, "remarks": "", "address": "Kandarb Public Park , Nr. Jay Ambe Nagar , Ahmedabad  Gujarat", "ward": "08_THALTEJ", "zone": "NORTH WEST ZONE", "road_id": "", "source_of_water2": "A.M.C. Supply , Tanker", "st_length(shape)": 138.90360154212482}, "geometry": {"type": "Polygon", "coordinates": [[[72.52022091155486, 23.052401742266365], [72.52021636178404, 23.052576131480173], [72.52021303484257, 23.052756773356567], [72.52050316228816, 23.05276328239039], [72.5205039855186, 23.052749925604775], [72.5205139192118, 23.05258877478707], [72.52052189005649, 23.05241234664727], [72.52023703534853, 23.052402310355713], [72.52022091155486, 23.052401742266365]]]}}, {"type": "Feature", "properties": {"objectid": 544, "name_of_park": "Tirthankar Udhyan\r\n(Municipal Garden)", "zone_id": 1, "ward_id": 16, "village_division": "Shahibag", "road_name": "Rajasthan Hospital Road", "contact_person": "Aman Malek", "maintained_by": "Mother Dairy", "garden_area": 3680.01068832, "plot_area": 0, "structure_type": "Garden", "no_of_trees": 120, "variety_of_trees": 4, "variety_of_shurbs": 5, "internal_walk_way": 1, "walkway_length": 200, "boundary_wall_details": "Compouind Wall", "shopping_area": 2, "no_of_shops": 0, "tp_no": "8-Asarwa", "survey_no_fp_no": "17", "statues": 1, "no_of_statues": 1, "bird_feeder": 1, "no_of_bird_feeders": 1, "phone_number": "9409048103", "play_apparatus": 2, "play_apparatus_type": "", "no_of_play_apparatus": 0, "maintenance_trust_details": "Amul Fed", "no_of_benches": 19, "rent_on_shops": 2, "urinal_facilities": 1, "rest_hut": 2, "no_of_rest_huts": 0, "water_connection": 1, "water_connection_size": 0, "sewage_connection": 2, "no_of_water_bodies": 0, "total_area_of_water_bodies": 0, "fountain": 2, "no_of_fountains": 0, "no_of_light_poles": 13, "music_system": 2, "no_of_entry_gates": "1", "water_tank": 2, "water_tank_capacity": 0, "drinking_water_facility": 2, "remarks": "", "address": "Tirthankar Udhyan , Opp. Rajasthan Hospital , Shahibag , Ahmedabd , Gujarat\r\n(Municipal Garden)-Municipal Garden, Camp Rd, Ahmedabad Cantonment, Ahmedabad, Gujarat 380016\r\nIndia,Ahmedabad Gujarat", "ward": "16_SHAHIBAG", "zone": "CENTRAL ZONE", "road_id": "", "source_of_water2": "A.M.C. Supply", "st_length(shape)": 240.89392883037166}, "geometry": {"type": "Polygon", "coordinates": [[[72.59861635950185, 23.05414573421841], [72.5986094808501, 23.05414061380957], [72.59833417275519, 23.05416366034365], [72.5980402330575, 23.05418928861326], [72.59805471498001, 23.054303852734602], [72.59810549998775, 23.05474999721282], [72.59865375503162, 23.05470509563077], [72.59866165027219, 23.054691745164433], [72.5986592297236, 23.0545663061528], [72.59864310480869, 23.05439185432555], [72.59862099230116, 23.054152617940996], [72.59861635950185, 23.05414573421841]]]}}, {"type": "Feature", "properties": {"objectid": 545, "name_of_park": "Maharshi Arvind Ghosh Udhyan", "zone_id": 5, "ward_id": 9, "village_division": "Naranpura", "road_name": "Ankur Road", "contact_person": "Vijay Bhai", "maintained_by": "Mother Dairy", "garden_area": 11901.55075106, "plot_area": 0, "structure_type": "Garden", "no_of_trees": 172, "variety_of_trees": 3, "variety_of_shurbs": 5, "internal_walk_way": 1, "walkway_length": 440, "boundary_wall_details": "Chainlinked", "shopping_area": 2, "no_of_shops": 0, "tp_no": "29-Naranpura", "survey_no_fp_no": "160", "statues": 1, "no_of_statues": 1, "bird_feeder": 1, "no_of_bird_feeders": 1, "phone_number": "9586638106", "play_apparatus": 1, "play_apparatus_type": "GYM Equipment", "no_of_play_apparatus": 18, "maintenance_trust_details": "Amul Fed", "no_of_benches": 126, "rent_on_shops": 2, "urinal_facilities": 2, "rest_hut": 1, "no_of_rest_huts": 1, "water_connection": 1, "water_connection_size": 1, "sewage_connection": 1, "no_of_water_bodies": 0, "total_area_of_water_bodies": 0, "fountain": 1, "no_of_fountains": 1, "no_of_light_poles": 21, "music_system": 1, "no_of_entry_gates": "2", "water_tank": 1, "water_tank_capacity": 20000, "drinking_water_facility": 1, "remarks": "", "address": "Maharshi Arvind Ghosh Udhyan , Kameshvar Mahadev, Ankur Jivansmruti Society, Rang Jyot Society, Naryanpura, Ahmedabad, Gujarat 380013", "ward": "09_NARANPURA", "zone": "WEST ZONE", "road_id": "", "source_of_water2": "A.M.C. Supply", "st_length(shape)": 437.3359819763742}, "geometry": {"type": "Polygon", "coordinates": [[[72.55568065883725, 23.05670982341195], [72.55605687327058, 23.05644249366756], [72.5564228169378, 23.05618923254952], [72.55644294575521, 23.056160881062773], [72.55644229339956, 23.056139851895594], [72.55643644527781, 23.05612065262427], [72.55625074839557, 23.055883700893844], [72.55600515354037, 23.05559040717716], [72.55592740127007, 23.055493662179085], [72.55587931623182, 23.055526357686198], [72.55583791079043, 23.055475080211657], [72.55582175850482, 23.055454766404427], [72.55581245159499, 23.055455577560473], [72.55579894724264, 23.055460146091203], [72.55492804434516, 23.055946359742503], [72.5549194930725, 23.05596246994771], [72.55492444720123, 23.05597401171986], [72.5549344407971, 23.05599231915558], [72.55495071381861, 23.05600594723786], [72.5550621318133, 23.056125188727847], [72.55555695048524, 23.056682215942452], [72.5555797878081, 23.056667090463367], [72.55562593811935, 23.056635511664215], [72.55568065883725, 23.05670982341195]]]}}, {"type": "Feature", "properties": {"objectid": 546, "name_of_park": "Vadilo Nu Vrundavan\r\n (Akashganga)", "zone_id": 5, "ward_id": 9, "village_division": "Naranpura", "road_name": "Paras Nagar Road", "contact_person": "Vijay Bhai", "maintained_by": "Mother Dairy", "garden_area": 2190.28272815, "plot_area": 0, "structure_type": "Garden", "no_of_trees": 45, "variety_of_trees": 3, "variety_of_shurbs": 4, "internal_walk_way": 1, "walkway_length": 300, "boundary_wall_details": "Compound Wall", "shopping_area": 2, "no_of_shops": 0, "tp_no": "29-Naranpura", "survey_no_fp_no": "361", "statues": 2, "no_of_statues": 0, "bird_feeder": 2, "no_of_bird_feeders": 0, "phone_number": "9586638106", "play_apparatus": 1, "play_apparatus_type": "Children Play", "no_of_play_apparatus": 3, "maintenance_trust_details": "Amul Fed", "no_of_benches": 35, "rent_on_shops": 2, "urinal_facilities": 2, "rest_hut": 1, "no_of_rest_huts": 1, "water_connection": 1, "water_connection_size": 1, "sewage_connection": 2, "no_of_water_bodies": 0, "total_area_of_water_bodies": 0, "fountain": 2, "no_of_fountains": 0, "no_of_light_poles": 4, "music_system": 2, "no_of_entry_gates": "2", "water_tank": 1, "water_tank_capacity": 10000, "drinking_water_facility": 2, "remarks": "", "address": "Vadilo Nu Vrundavan , Paras Nagar Road , Naranpura , Ahmedabad , Gujarat\r\n (Akashganga)-Nr.Parasnagar,Ahmedabad Gujarat", "ward": "09_NARANPURA", "zone": "WEST ZONE", "road_id": "", "source_of_water2": "A.M.C. Supply", "st_length(shape)": 194.5955113031662}, "geometry": {"type": "Polygon", "coordinates": [[[72.54389701327595, 23.055974576747637], [72.5435876336021, 23.05549969965411], [72.54328724440977, 23.05566700491536], [72.54361103945433, 23.056144017796665], [72.54389701327595, 23.055974576747637]]]}}, {"type": "Feature", "properties": {"objectid": 547, "name_of_park": "Rajendra Park", "zone_id": 1, "ward_id": 15, "village_division": "Meghaninagar", "road_name": "Meghaninagar Housing Road", "contact_person": "Vijay Bhai", "maintained_by": "Mother Dairy", "garden_area": 5093.92017265, "plot_area": 0, "structure_type": "Garden", "no_of_trees": 110, "variety_of_trees": 11, "variety_of_shurbs": 10, "internal_walk_way": 1, "walkway_length": 425, "boundary_wall_details": "Compouind Wall", "shopping_area": 2, "no_of_shops": 0, "tp_no": "30-Asarwa", "survey_no_fp_no": "", "statues": 2, "no_of_statues": 0, "bird_feeder": 2, "no_of_bird_feeders": 0, "phone_number": "9173634272", "play_apparatus": 2, "play_apparatus_type": "", "no_of_play_apparatus": 0, "maintenance_trust_details": "Amul Fed", "no_of_benches": 30, "rent_on_shops": 2, "urinal_facilities": 2, "rest_hut": 1, "no_of_rest_huts": 3, "water_connection": 1, "water_connection_size": 0, "sewage_connection": 2, "no_of_water_bodies": 0, "total_area_of_water_bodies": 0, "fountain": 1, "no_of_fountains": 1, "no_of_light_poles": 12, "music_system": 2, "no_of_entry_gates": "2", "water_tank": 1, "water_tank_capacity": 10000, "drinking_water_facility": 2, "remarks": "", "address": "Rajendra Park , Meghaninagar , Ahmedabad, Gujarat 380016", "ward": "15_ASARWA", "zone": "CENTRAL ZONE", "road_id": "", "source_of_water2": "Pumping Station", "st_length(shape)": 296.95926387556733}, "geometry": {"type": "Polygon", "coordinates": [[[72.61484331852633, 23.056598661448596], [72.61478339395507, 23.05659357691173], [72.61432463945802, 23.056589636422732], [72.61405290456368, 23.056592698748805], [72.61400494239601, 23.056604515162004], [72.61398174352304, 23.056631070735463], [72.61398029697293, 23.05664809450022], [72.61399135449541, 23.05667979147936], [72.61426666641582, 23.05711457409158], [72.61509467221296, 23.05708530764787], [72.61504897637604, 23.056977793214156], [72.61487199477119, 23.05660865851079], [72.61484331852633, 23.056598661448596]]]}}, {"type": "Feature", "properties": {"objectid": 548, "name_of_park": "River Front \r\nGarden (East)", "zone_id": 1, "ward_id": 17, "village_division": "Shahpur", "road_name": "River Front Park Road", "contact_person": "", "maintained_by": "River Front ", "garden_area": 60542.60686689, "plot_area": 0, "structure_type": "Garden", "no_of_trees": 0, "variety_of_trees": 0, "variety_of_shurbs": 0, "internal_walk_way": 2, "walkway_length": 0, "boundary_wall_details": "Compouind Wall", "shopping_area": 2, "no_of_shops": 0, "tp_no": " ", "survey_no_fp_no": " ", "statues": 2, "no_of_statues": 0, "bird_feeder": 2, "no_of_bird_feeders": 0, "phone_number": "", "play_apparatus": 2, "play_apparatus_type": "", "no_of_play_apparatus": 0, "maintenance_trust_details": "", "no_of_benches": 0, "rent_on_shops": 2, "urinal_facilities": 2, "rest_hut": 2, "no_of_rest_huts": 0, "water_connection": 2, "water_connection_size": 0, "sewage_connection": 2, "no_of_water_bodies": 0, "total_area_of_water_bodies": 0, "fountain": 2, "no_of_fountains": 0, "no_of_light_poles": 0, "music_system": 2, "no_of_entry_gates": "0", "water_tank": 2, "water_tank_capacity": 0, "drinking_water_facility": 2, "remarks": "", "address": "River Front \r\nGarden (East)- ,Ahmedabad Gujarat", "ward": "17_SHAHPUR", "zone": "CENTRAL ZONE", "road_id": "", "source_of_water2": "", "st_length(shape)": 2365.793974228219}, "geometry": {"type": "Polygon", "coordinates": [[[72.58621355837904, 23.060026162584936], [72.58584804764423, 23.059823517330397], [72.58567757822661, 23.05972571251608], [72.58566409724129, 23.059716801910152], [72.5857269431001, 23.059623108712827], [72.58574497910108, 23.05959621882802], [72.58554006308272, 23.059362587203694], [72.58535682742695, 23.059143618319712], [72.58515212588159, 23.058898045797047], [72.585047013963, 23.05878536853605], [72.584892156186, 23.058639685358408], [72.58472050360737, 23.058494939675853], [72.58467700422231, 23.05853806753143], [72.58465348943425, 23.058518278453885], [72.58462272918035, 23.058549836044495], [72.58443407830292, 23.058402076732552], [72.58442201266406, 23.05841346316168], [72.58437213304637, 23.058373527192416], [72.58438075143158, 23.05836030868505], [72.58440892555409, 23.058336827574745], [72.58403540206778, 23.05803397413848], [72.58356511535972, 23.057657026010098], [72.5830573903306, 23.05723746430953], [72.58253741842692, 23.05681007088068], [72.5822139182736, 23.056539508514216], [72.5821849610744, 23.056563739196783], [72.58216570183824, 23.056579854257755], [72.58212100203541, 23.056539041788533], [72.58213907293744, 23.056524622921575], [72.5821598422402, 23.056503329170432], [72.58197483003133, 23.056340939283203], [72.58194929942485, 23.05636171236608], [72.58190026235663, 23.056411456015415], [72.58165023090126, 23.056189789232366], [72.581675652708, 23.056153871355146], [72.58150684925546, 23.056008926965145], [72.58152644906316, 23.055970646804983], [72.58136934122341, 23.055814898127256], [72.5813960134185, 23.05579798934219], [72.58135444390345, 23.0557553134238], [72.58101905017654, 23.055399532526586], [72.58077312526017, 23.05512155625835], [72.58048643611849, 23.054756009984583], [72.58019279674097, 23.05437507013645], [72.57983790301255, 23.053928682902637], [72.57981922008338, 23.05390309374262], [72.57984744897745, 23.053883461898245], [72.57986468401242, 23.053875132342302], [72.57989535653432, 23.05386030908684], [72.57967044975746, 23.053504307691686], [72.57933335607368, 23.052955498717374], [72.57929409209467, 23.05297833149639], [72.57870591789184, 23.053281036865556], [72.57872148086598, 23.05330628854107], [72.57888618880234, 23.0535686040263], [72.57905108069727, 23.05382121645255], [72.57920506696976, 23.054047128182077], [72.57922448357564, 23.054072054274176], [72.57938784076762, 23.054281767373197], [72.57944131778822, 23.054250340329784], [72.57960116293988, 23.054477317393772], [72.5799066337201, 23.054860588960835], [72.57984799619321, 23.054891937110085], [72.58011348470738, 23.055215087676096], [72.58064484264291, 23.05579986480873], [72.5810504041079, 23.0562157198915], [72.58126417648248, 23.056446579778093], [72.58124898653253, 23.056460064032144], [72.58201503908587, 23.057153136622585], [72.58203970908745, 23.05711583948356], [72.58231577325391, 23.057339815327293], [72.5825738160093, 23.05756112626045], [72.58291842598122, 23.057849448172394], [72.5838265527729, 23.058599029213678], [72.58386086809341, 23.058556558314802], [72.58388383688877, 23.058571241168053], [72.58398180342034, 23.05865036917033], [72.58422733249219, 23.058849989421944], [72.58449086356913, 23.059053467699833], [72.58446310580595, 23.059090066221856], [72.58491078081958, 23.059426658064226], [72.58515518949989, 23.059589128657052], [72.58540399130771, 23.059745787160875], [72.5855061553276, 23.05980766319377], [72.5855914851309, 23.05985828605666], [72.5855930008086, 23.05985595928837], [72.58560219417582, 23.05986108763691], [72.58605069436756, 23.060112052537537], [72.58620289826126, 23.060189619292338], [72.5862196936133, 23.06018868153055], [72.586285091683, 23.060067861588344], [72.58621355837904, 23.060026162584936]]]}}, {"type": "Feature", "properties": {"objectid": 549, "name_of_park": "Altius Garden\r\nSynthesis Park", "zone_id": 6, "ward_id": 8, "village_division": "Thalted", "road_name": "Zydus Hospital Road", "contact_person": "Kanti Bhai", "maintained_by": "Mother Dairy", "garden_area": 2762, "plot_area": 3382, "structure_type": "Garden", "no_of_trees": 10, "variety_of_trees": 5, "variety_of_shurbs": 4, "internal_walk_way": 1, "walkway_length": 200, "boundary_wall_details": "Compound Wall With Chainlink Net", "shopping_area": 1, "no_of_shops": 1, "tp_no": "38-Thaltej", "survey_no_fp_no": "271", "statues": 2, "no_of_statues": 0, "bird_feeder": 2, "no_of_bird_feeders": 0, "phone_number": "9558340466", "play_apparatus": 1, "play_apparatus_type": "GYM Equipment", "no_of_play_apparatus": 2, "maintenance_trust_details": "Amul Fed", "no_of_benches": 10, "rent_on_shops": 2, "urinal_facilities": 2, "rest_hut": 2, "no_of_rest_huts": 0, "water_connection": 1, "water_connection_size": 1, "sewage_connection": 2, "no_of_water_bodies": 0, "total_area_of_water_bodies": 0, "fountain": 2, "no_of_fountains": 0, "no_of_light_poles": 8, "music_system": 2, "no_of_entry_gates": "1", "water_tank": 2, "water_tank_capacity": 0, "drinking_water_facility": 2, "remarks": "", "address": "Nr.Thaltej Ward Office , Thaltej , Ahmedabad , Gujarat 380059.", "ward": "08_THALTEJ", "zone": "NORTH WEST ZONE", "road_id": "", "source_of_water2": "", "st_length(shape)": 315.6670214815096}, "geometry": {"type": "Polygon", "coordinates": [[[72.5124865195213, 23.05678904936267], [72.51213011330293, 23.056810102831392], [72.51133748889929, 23.056830568933506], [72.51132837006607, 23.05683520171305], [72.51132950660451, 23.056843579924056], [72.51135056702718, 23.056854175855154], [72.51141096940906, 23.056878726800736], [72.5119823278492, 23.057135706395147], [72.51247973433989, 23.057317303333342], [72.51252921040691, 23.057328830381373], [72.51254057849968, 23.057327825866686], [72.51253563280792, 23.057274959133633], [72.51249475616754, 23.056838019308135], [72.51248891711164, 23.056788907465048], [72.5124865195213, 23.05678904936267]]]}}, {"type": "Feature", "properties": {"objectid": 550, "name_of_park": "Tilak Public Park", "zone_id": 6, "ward_id": 8, "village_division": "Thaltej", "road_name": "Satadhar Circle Road", "contact_person": "Kanti Bhai", "maintained_by": "Mother Dairy", "garden_area": 1402.29089237, "plot_area": 1051, "structure_type": "Garden", "no_of_trees": 25, "variety_of_trees": 3, "variety_of_shurbs": 2, "internal_walk_way": 1, "walkway_length": 100, "boundary_wall_details": "Compound Wall With Chainlink Net", "shopping_area": 2, "no_of_shops": 0, "tp_no": "1-Thaltej", "survey_no_fp_no": "103", "statues": 2, "no_of_statues": 0, "bird_feeder": 2, "no_of_bird_feeders": 0, "phone_number": "9558340466", "play_apparatus": 1, "play_apparatus_type": "Children Play", "no_of_play_apparatus": 8, "maintenance_trust_details": "Amul Fed", "no_of_benches": 20, "rent_on_shops": 2, "urinal_facilities": 1, "rest_hut": 1, "no_of_rest_huts": 2, "water_connection": 1, "water_connection_size": 1, "sewage_connection": 2, "no_of_water_bodies": 0, "total_area_of_water_bodies": 0, "fountain": 2, "no_of_fountains": 0, "no_of_light_poles": 12, "music_system": 2, "no_of_entry_gates": "2", "water_tank": 2, "water_tank_capacity": 0, "drinking_water_facility": 2, "remarks": "", "address": "Tilak Public Park , Nr.Nikita Park , Ahmedabad ,  Gujarat", "ward": "08_THALTEJ", "zone": "NORTH WEST ZONE", "road_id": "", "source_of_water2": "", "st_length(shape)": 172.6307858221862}, "geometry": {"type": "Polygon", "coordinates": [[[72.52908129433382, 23.058161724301883], [72.52923761259412, 23.05841653966662], [72.5293905010202, 23.058347011974472], [72.52939316887027, 23.058342276330414], [72.52938955957985, 23.05832788869918], [72.5293166848753, 23.058148803096806], [72.5290979181517, 23.057807802201808], [72.52908643620599, 23.057800457485886], [72.52904022914838, 23.057810084867008], [72.5289543768147, 23.057846958312272], [72.52893209361343, 23.057865718338924], [72.52893810899164, 23.057889698335874], [72.52901028156214, 23.05803652769533], [72.52908129433382, 23.058161724301883]]]}}, {"type": "Feature", "properties": {"objectid": 551, "name_of_park": "Bhairavi Public Park\r\n (Municipal Park)", "zone_id": 6, "ward_id": 8, "village_division": "Thaltej", "road_name": "Gurukul Road", "contact_person": "Kanti Bhai", "maintained_by": "Mother Dairy", "garden_area": 5110.53061373, "plot_area": 5110.53061373, "structure_type": "Garden", "no_of_trees": 23, "variety_of_trees": 4, "variety_of_shurbs": 3, "internal_walk_way": 1, "walkway_length": 350, "boundary_wall_details": "Compound Wall With Chainlink Net", "shopping_area": 1, "no_of_shops": 2, "tp_no": "1-Memnagar", "survey_no_fp_no": "97+98/3", "statues": 2, "no_of_statues": 0, "bird_feeder": 2, "no_of_bird_feeders": 0, "phone_number": "9558340466", "play_apparatus": 1, "play_apparatus_type": "Children Play", "no_of_play_apparatus": 5, "maintenance_trust_details": "Amul Fed", "no_of_benches": 73, "rent_on_shops": 1, "urinal_facilities": 2, "rest_hut": 1, "no_of_rest_huts": 2, "water_connection": 1, "water_connection_size": 1, "sewage_connection": 2, "no_of_water_bodies": 0, "total_area_of_water_bodies": 0, "fountain": 2, "no_of_fountains": 0, "no_of_light_poles": 11, "music_system": 2, "no_of_entry_gates": "1", "water_tank": 2, "water_tank_capacity": 0, "drinking_water_facility": 2, "remarks": "", "address": "Bhairavi Public Park , Nr. H.B. Kapadiya School ,  Vishram Nagar , Ahmedabad , Gujarat 380052.\r\n (Municipal Park)-Memnagar, Ahmedabad, Gujarat 380052, India,Ahmedabad Gujarat", "ward": "08_THALTEJ", "zone": "NORTH WEST ZONE", "road_id": "", "source_of_water2": "A.M.C. Supply", "st_length(shape)": 315.6812377859269}, "geometry": {"type": "Polygon", "coordinates": [[[72.53390930724, 23.057242445012665], [72.53390898214904, 23.05721944407779], [72.53372009938607, 23.057227867725373], [72.5337090600402, 23.057068168798832], [72.53370735797913, 23.057044444931044], [72.53369685321303, 23.05703539423876], [72.53367763061381, 23.05702367794187], [72.53310622272434, 23.05705909679731], [72.5328278020867, 23.057073554609858], [72.53281930144537, 23.057086797970385], [72.53281888340967, 23.057109721389214], [72.53285698403113, 23.057511591320655], [72.5328670965119, 23.057523214206192], [72.53290012667681, 23.05752372998753], [72.53316542621491, 23.057510912474132], [72.5331877639565, 23.0575098339927], [72.53389492764138, 23.057473579336627], [72.5339046273674, 23.05746123571751], [72.53391348505134, 23.057443600549977], [72.53390930724, 23.057242445012665]]]}}, {"type": "Feature", "properties": {"objectid": 552, "name_of_park": "Senior Citizen Park Bhimjipura\r\n Bhimjipura", "zone_id": 5, "ward_id": 10, "village_division": "Navrangpura", "road_name": "Bhimjipura Road", "contact_person": "Sunil Bhai", "maintained_by": "Mother Dairy", "garden_area": 1730.1396433, "plot_area": 0, "structure_type": "Garden", "no_of_trees": 15, "variety_of_trees": 3, "variety_of_shurbs": 4, "internal_walk_way": 1, "walkway_length": 125, "boundary_wall_details": "Compound Wall", "shopping_area": 2, "no_of_shops": 0, "tp_no": "28-New Wadaj", "survey_no_fp_no": "505", "statues": 2, "no_of_statues": 0, "bird_feeder": 2, "no_of_bird_feeders": 0, "phone_number": "9586638106", "play_apparatus": 2, "play_apparatus_type": "", "no_of_play_apparatus": 0, "maintenance_trust_details": "Amul Fed", "no_of_benches": 33, "rent_on_shops": 2, "urinal_facilities": 1, "rest_hut": 1, "no_of_rest_huts": 1, "water_connection": 1, "water_connection_size": 1, "sewage_connection": 2, "no_of_water_bodies": 0, "total_area_of_water_bodies": 0, "fountain": 2, "no_of_fountains": 0, "no_of_light_poles": 18, "music_system": 2, "no_of_entry_gates": "1", "water_tank": 1, "water_tank_capacity": 10000, "drinking_water_facility": 1, "remarks": "", "address": "Senior Citizen Park , Bhimjipura Road , New Wadaj , Ahmedabad , Gujarat\r\n Bhimjipura-Nilkanth Society, Bhimjipura Rd, Bhimjipura, Nava Vadaj, Ahmedabad, Gujarat 380013,Ahmedabad Gujarat", "ward": "10_S_P_STADIUM", "zone": "WEST ZONE", "road_id": "", "source_of_water2": "A.M.C. Supply", "st_length(shape)": 196.81040029267302}, "geometry": {"type": "Polygon", "coordinates": [[[72.56971004488263, 23.06083628332078], [72.56973249795341, 23.060816768677537], [72.56979045865054, 23.060766393762982], [72.56982639046066, 23.060735218624927], [72.5698560179793, 23.060709250278798], [72.56993134016864, 23.06064330957607], [72.56993544660232, 23.060639720131224], [72.56996728321612, 23.060611885409003], [72.57004710429035, 23.060542171651242], [72.57006831287765, 23.06052366155303], [72.57009566643588, 23.060499795939943], [72.57010003341192, 23.06049598570763], [72.57027180862663, 23.06034624988287], [72.57027997258578, 23.060338261337446], [72.57026230948262, 23.060317497677985], [72.57015987116215, 23.060320187734007], [72.56970103625918, 23.060331208765426], [72.56971004488263, 23.06083628332078]]]}}, {"type": "Feature", "properties": {"objectid": 553, "name_of_park": "Vaman Public Park", "zone_id": 6, "ward_id": 8, "village_division": "Thaltej", "road_name": "Gulab Tower Road", "contact_person": "Kanti BHai", "maintained_by": "Mother Dairy", "garden_area": 1238.0134156, "plot_area": 1294, "structure_type": "Garden", "no_of_trees": 23, "variety_of_trees": 6, "variety_of_shurbs": 3, "internal_walk_way": 1, "walkway_length": 50, "boundary_wall_details": "Compound Wall With Chainlink Net", "shopping_area": 2, "no_of_shops": 0, "tp_no": "1-Thaltej", "survey_no_fp_no": "21", "statues": 2, "no_of_statues": 0, "bird_feeder": 2, "no_of_bird_feeders": 0, "phone_number": "9558340466", "play_apparatus": 1, "play_apparatus_type": "Children Play", "no_of_play_apparatus": 6, "maintenance_trust_details": "Amul Fed", "no_of_benches": 0, "rent_on_shops": 2, "urinal_facilities": 2, "rest_hut": 1, "no_of_rest_huts": 1, "water_connection": 1, "water_connection_size": 1, "sewage_connection": 2, "no_of_water_bodies": 0, "total_area_of_water_bodies": 0, "fountain": 2, "no_of_fountains": 0, "no_of_light_poles": 4, "music_system": 2, "no_of_entry_gates": "1", "water_tank": 2, "water_tank_capacity": 0, "drinking_water_facility": 2, "remarks": "", "address": "Vaman Public Park , Gulab Tower Road , Ahmedabad ,   Gujarat", "ward": "08_THALTEJ", "zone": "NORTH WEST ZONE", "road_id": "", "source_of_water2": "", "st_length(shape)": 153.15392210443653}, "geometry": {"type": "Polygon", "coordinates": [[[72.52372090858518, 23.060940017318437], [72.52375171619975, 23.06092586847656], [72.52417312253871, 23.060732333977047], [72.52407360324607, 23.060541718674138], [72.52406661240043, 23.060528329664553], [72.52387788490785, 23.06061474742761], [72.52361967392233, 23.060732980954818], [72.52372090858518, 23.060940017318437]]]}}, {"type": "Feature", "properties": {"objectid": 554, "name_of_park": "Pragatinagar Garden", "zone_id": 5, "ward_id": 9, "village_division": "Naranpura", "road_name": "Pragati Nagar Road", "contact_person": "Vijay Bhai", "maintained_by": "Mother Dairy", "garden_area": 9446.16055364, "plot_area": 0, "structure_type": "Store Room", "no_of_trees": 160, "variety_of_trees": 3, "variety_of_shurbs": 4, "internal_walk_way": 1, "walkway_length": 440, "boundary_wall_details": "Compouind Wall", "shopping_area": 2, "no_of_shops": 0, "tp_no": "29-Naranpura", "survey_no_fp_no": "79", "statues": 2, "no_of_statues": 0, "bird_feeder": 1, "no_of_bird_feeders": 1, "phone_number": "9586638106", "play_apparatus": 1, "play_apparatus_type": "GYM Equipment", "no_of_play_apparatus": 42, "maintenance_trust_details": "Amul Fed", "no_of_benches": 80, "rent_on_shops": 2, "urinal_facilities": 2, "rest_hut": 1, "no_of_rest_huts": 1, "water_connection": 1, "water_connection_size": 1, "sewage_connection": 1, "no_of_water_bodies": 0, "total_area_of_water_bodies": 0, "fountain": 2, "no_of_fountains": 0, "no_of_light_poles": 13, "music_system": 2, "no_of_entry_gates": "2", "water_tank": 1, "water_tank_capacity": 5000, "drinking_water_facility": 1, "remarks": "", "address": "Pragatinagar Garden , -Opp.Guj.Housing Board  ,Off. Pragatinagar, Naryanpura, Ahmedabad, Gujarat 380013", "ward": "09_NARANPURA", "zone": "WEST ZONE", "road_id": "", "source_of_water2": "A.M.C. Supply", "st_length(shape)": 393.62049961095374}, "geometry": {"type": "Polygon", "coordinates": [[[72.55575780203135, 23.064238965265783], [72.55620737885319, 23.064519117662883], [72.5566176996002, 23.064757984905448], [72.55671172565867, 23.06481272049977], [72.55673706453342, 23.06482548031707], [72.55675557612041, 23.06482958895899], [72.55677001078985, 23.06483076735799], [72.5567825704209, 23.06482140767283], [72.55684778115773, 23.06470413793691], [72.55694692098368, 23.064525855995846], [72.55711856045397, 23.064235772013216], [72.55676962294844, 23.06402870483178], [72.55649244040983, 23.06386421723528], [72.55619553414301, 23.063688024848897], [72.55617140081789, 23.06367308357637], [72.55614989622231, 23.06366319601964], [72.556118790722, 23.063670358481506], [72.5560257612549, 23.063790258781673], [72.55592732840658, 23.0639234507612], [72.55578507098761, 23.064139086534464], [72.55576590355108, 23.064171274999577], [72.55575100288823, 23.064195885783366], [72.5557495911971, 23.064216882991964], [72.55575746879295, 23.064238023943048], [72.55575780203135, 23.064238965265783]]]}}, {"type": "Feature", "properties": {"objectid": 555, "name_of_park": "Sant Shree Kanvararam \r\nSaheb Mu. Udhyan", "zone_id": 2, "ward_id": 13, "village_division": "Saijpur_Bogha", "road_name": "Saijpur Garnala Road", "contact_person": "Mittal Bhai Gor", "maintained_by": "Mother Dairy", "garden_area": 1228.96671037, "plot_area": 400, "structure_type": "Public Park", "no_of_trees": 27, "variety_of_trees": 5, "variety_of_shurbs": 5, "internal_walk_way": 1, "walkway_length": 180, "boundary_wall_details": "Compouind Wall", "shopping_area": 2, "no_of_shops": 0, "tp_no": "47-Saijpur-Bogha", "survey_no_fp_no": "43", "statues": 2, "no_of_statues": 0, "bird_feeder": 2, "no_of_bird_feeders": 0, "phone_number": "9824130843", "play_apparatus": 1, "play_apparatus_type": "GYM Equipment", "no_of_play_apparatus": 1, "maintenance_trust_details": "Amul Fed", "no_of_benches": 19, "rent_on_shops": 2, "urinal_facilities": 1, "rest_hut": 2, "no_of_rest_huts": 0, "water_connection": 1, "water_connection_size": 1.5, "sewage_connection": 1, "no_of_water_bodies": 0, "total_area_of_water_bodies": 0, "fountain": 2, "no_of_fountains": 0, "no_of_light_poles": 4, "music_system": 2, "no_of_entry_gates": "1", "water_tank": 2, "water_tank_capacity": 0, "drinking_water_facility": 2, "remarks": "", "address": "Sant Shree Kanvararam  , Saijpur Garnala Road , Saijpur Bogha , Ahmedabad , Gujarat\r\nSaheb Mu. Udhyan- ,Ahmedabad Gujarat", "ward": "13_SAIJPUR_BOGHA", "zone": "NORTH ZONE", "road_id": "", "source_of_water2": "A.M.C. Supply", "st_length(shape)": 140.70017034497786}, "geometry": {"type": "Polygon", "coordinates": [[[72.63763354292773, 23.06433501007764], [72.63763499730419, 23.06434028071708], [72.63779995428143, 23.064363773829005], [72.63796947741399, 23.06438347105788], [72.63804869331226, 23.06439267604378], [72.63804938709288, 23.064390995469584], [72.63804964300603, 23.06437634140464], [72.63806732984364, 23.0642243835333], [72.6380727995192, 23.064186946675235], [72.63807438020041, 23.06416978908658], [72.63807145817339, 23.06415374864855], [72.63806520230911, 23.064145361068128], [72.63805495994048, 23.06413557231644], [72.63789033564022, 23.064112148560334], [72.6376955910312, 23.064081772224444], [72.63766991400789, 23.06408553570486], [72.63766200503596, 23.064098451176882], [72.6376577701592, 23.064157634209135], [72.63763354292773, 23.06433501007764]]]}}, {"type": "Feature", "properties": {"objectid": 557, "name_of_park": "Upasna Public Park", "zone_id": 6, "ward_id": 8, "village_division": "Thaltej", "road_name": "Nilkhant Mahadev Road", "contact_person": "Kanti Bhai", "maintained_by": "Mother Dairy", "garden_area": 4502.25669746, "plot_area": 4502.25669746, "structure_type": "Garden", "no_of_trees": 80, "variety_of_trees": 5, "variety_of_shurbs": 4, "internal_walk_way": 1, "walkway_length": 200, "boundary_wall_details": "Compound Wall", "shopping_area": 1, "no_of_shops": 1, "tp_no": "1-Thaltej", "survey_no_fp_no": "51", "statues": 2, "no_of_statues": 0, "bird_feeder": 2, "no_of_bird_feeders": 0, "phone_number": "9558340466", "play_apparatus": 1, "play_apparatus_type": "Children Play", "no_of_play_apparatus": 7, "maintenance_trust_details": "Amul Fed", "no_of_benches": 0, "rent_on_shops": 2, "urinal_facilities": 2, "rest_hut": 1, "no_of_rest_huts": 1, "water_connection": 1, "water_connection_size": 0.5, "sewage_connection": 2, "no_of_water_bodies": 0, "total_area_of_water_bodies": 0, "fountain": 2, "no_of_fountains": 0, "no_of_light_poles": 5, "music_system": 2, "no_of_entry_gates": "1", "water_tank": 2, "water_tank_capacity": 0, "drinking_water_facility": 2, "remarks": "", "address": "Upasna Public Park , Opp.Shiv Temple , Ahmedabad  Gujarat", "ward": "08_THALTEJ", "zone": "NORTH WEST ZONE", "road_id": "", "source_of_water2": "A.M.C. Supply , Tanker", "st_length(shape)": 292.6478656057151}, "geometry": {"type": "Polygon", "coordinates": [[[72.52717744565082, 23.0609769319433], [72.52724429950146, 23.0611170959307], [72.52728095584796, 23.06119520065883], [72.52732163477283, 23.061282048294082], [72.52747736191016, 23.06122755016877], [72.52772336228313, 23.061152028618395], [72.52828183492127, 23.06100916693646], [72.52807066978748, 23.060587500814897], [72.52791863602269, 23.060651884744647], [72.52717744565082, 23.0609769319433]]]}}, {"type": "Feature", "properties": {"objectid": 558, "name_of_park": "Meghanand Public Park", "zone_id": 6, "ward_id": 7, "village_division": "Ghatlodiya", "road_name": "C P Nagar Road", "contact_person": "Dinesh Bhai", "maintained_by": "Mother Dairy", "garden_area": 3485.58578843, "plot_area": 3485.58578843, "structure_type": "Garden", "no_of_trees": 21, "variety_of_trees": 4, "variety_of_shurbs": 5, "internal_walk_way": 1, "walkway_length": 220, "boundary_wall_details": "Compound Wall With Chainlink Net", "shopping_area": 2, "no_of_shops": 0, "tp_no": "1-Ghatlodia", "survey_no_fp_no": "29", "statues": 2, "no_of_statues": 0, "bird_feeder": 1, "no_of_bird_feeders": 1, "phone_number": "9724853446", "play_apparatus": 1, "play_apparatus_type": "Children Play", "no_of_play_apparatus": 16, "maintenance_trust_details": "Amul Fed", "no_of_benches": 38, "rent_on_shops": 2, "urinal_facilities": 1, "rest_hut": 1, "no_of_rest_huts": 1, "water_connection": 1, "water_connection_size": 0.5, "sewage_connection": 2, "no_of_water_bodies": 0, "total_area_of_water_bodies": 0, "fountain": 2, "no_of_fountains": 0, "no_of_light_poles": 9, "music_system": 2, "no_of_entry_gates": "1", "water_tank": 1, "water_tank_capacity": 0, "drinking_water_facility": 2, "remarks": "", "address": "Meghanand Public Park , CP Nagar 2 , Sola, Ahmedabad , Gujarat 380061.", "ward": "07_GHATLODIA", "zone": "NORTH WEST ZONE", "road_id": "", "source_of_water2": "A.M.C. Supply", "st_length(shape)": 262.57030318922494}, "geometry": {"type": "Polygon", "coordinates": [[[72.53961909041607, 23.06314290077652], [72.5393961583642, 23.06230625184828], [72.53903586370531, 23.06245179855415], [72.5389821844145, 23.06247348333247], [72.53897813085334, 23.0624834516075], [72.53898254172641, 23.06249641890721], [72.53900189616142, 23.062567659923705], [72.53904334559833, 23.062630408079627], [72.53922143916492, 23.06291503115926], [72.53933757006288, 23.063129420376658], [72.53937134373543, 23.063188465856395], [72.53938376857708, 23.063214934124836], [72.53939785307568, 23.06322112435229], [72.53945082047265, 23.06321836728729], [72.53958411077863, 23.063198946130363], [72.53960643704826, 23.063177796542476], [72.53961909041607, 23.06314290077652]]]}}, {"type": "Feature", "properties": {"objectid": 559, "name_of_park": "Lalabhai Chaganbhai Patel Udhyan", "zone_id": 5, "ward_id": 6, "village_division": "New Wadaj", "road_name": "Akhabar Nagar Road", "contact_person": "Jaykishan", "maintained_by": "Mother Dairy", "garden_area": 4072.06260431, "plot_area": 0, "structure_type": "Store Room", "no_of_trees": 20, "variety_of_trees": 3, "variety_of_shurbs": 4, "internal_walk_way": 1, "walkway_length": 275, "boundary_wall_details": "Chainlinked", "shopping_area": 2, "no_of_shops": 0, "tp_no": "28-New Wadaj", "survey_no_fp_no": "737", "statues": 2, "no_of_statues": 0, "bird_feeder": 1, "no_of_bird_feeders": 1, "phone_number": "9586638106", "play_apparatus": 1, "play_apparatus_type": "GYM Equipment", "no_of_play_apparatus": 18, "maintenance_trust_details": "Amul Fed", "no_of_benches": 28, "rent_on_shops": 2, "urinal_facilities": 2, "rest_hut": 1, "no_of_rest_huts": 1, "water_connection": 1, "water_connection_size": 1, "sewage_connection": 2, "no_of_water_bodies": 0, "total_area_of_water_bodies": 0, "fountain": 1, "no_of_fountains": 1, "no_of_light_poles": 26, "music_system": 1, "no_of_entry_gates": "1", "water_tank": 1, "water_tank_capacity": 10000, "drinking_water_facility": 1, "remarks": "", "address": "Lalabhai Chaganbhai Patel Udhyan , Akhbar Nagar Road ,  Krushikunj Society, Nava Vadaj, Ahmedabad, Gujarat 380013", "ward": "06_NEW WADAJ", "zone": "WEST ZONE", "road_id": "", "source_of_water2": "A.M.C. Supply , Shellow Bore", "st_length(shape)": 270.6614159169}, "geometry": {"type": "Polygon", "coordinates": [[[72.56168245986136, 23.065741674753724], [72.5616768077707, 23.065726047277106], [72.56144757094286, 23.065805310069855], [72.56090645904261, 23.065970624714517], [72.5608794484988, 23.066184446662636], [72.56123373986675, 23.066245989138032], [72.56133245685585, 23.066269243817548], [72.5613346774917, 23.06629320773182], [72.56133653702832, 23.06631328236984], [72.56134370419268, 23.066321285914928], [72.5613705471721, 23.066319445248453], [72.56187290039367, 23.066168212485444], [72.56168245986136, 23.065741674753724]]]}}, {"type": "Feature", "properties": {"objectid": 560, "name_of_park": "Vande Matram Udhyan", "zone_id": 5, "ward_id": 10, "village_division": "Navrangpura", "road_name": "Nava Wadaj Road", "contact_person": "Sunil Bhai", "maintained_by": "Mother Dairy", "garden_area": 4122.48564307, "plot_area": 0, "structure_type": "Garden", "no_of_trees": 62, "variety_of_trees": 3, "variety_of_shurbs": 4, "internal_walk_way": 1, "walkway_length": 340, "boundary_wall_details": "Chainlinked", "shopping_area": 2, "no_of_shops": 0, "tp_no": "28-New-Wadaj", "survey_no_fp_no": "334", "statues": 2, "no_of_statues": 0, "bird_feeder": 1, "no_of_bird_feeders": 1, "phone_number": "9586638106", "play_apparatus": 1, "play_apparatus_type": "GYM Equipment", "no_of_play_apparatus": 22, "maintenance_trust_details": "Amul Fed", "no_of_benches": 25, "rent_on_shops": 2, "urinal_facilities": 2, "rest_hut": 1, "no_of_rest_huts": 0, "water_connection": 1, "water_connection_size": 1, "sewage_connection": 1, "no_of_water_bodies": 0, "total_area_of_water_bodies": 0, "fountain": 2, "no_of_fountains": 0, "no_of_light_poles": 28, "music_system": 1, "no_of_entry_gates": "2", "water_tank": 1, "water_tank_capacity": 10000, "drinking_water_facility": 1, "remarks": "", "address": "Vande Matram Udhyan,  Nr.Swastik School Keshavbaug Wadi, Champak Nagar, Nava Vadaj, Ahmedabad, Gujarat 380013", "ward": "10_S_P_STADIUM", "zone": "WEST ZONE", "road_id": "", "source_of_water2": "A.M.C. Supply , Shellow Bore", "st_length(shape)": 288.9210686541818}, "geometry": {"type": "Polygon", "coordinates": [[[72.56938599831687, 23.064907733546697], [72.56964703735181, 23.064931912658878], [72.5696492924604, 23.064646478717368], [72.56964953208829, 23.06464210216226], [72.56964857837043, 23.06464164242241], [72.56951748397175, 23.064641523856956], [72.56889638624654, 23.064640960119835], [72.56886658442501, 23.0646396022809], [72.56886707289071, 23.064688521880058], [72.56886275824051, 23.0649166567786], [72.56886608773316, 23.065132903386314], [72.56886670118861, 23.065168899046004], [72.56886674834472, 23.06517018351075], [72.5688668462526, 23.065171466951092], [72.56886699296155, 23.065172749336995], [72.56886719045472, 23.065174028893466], [72.56886743780545, 23.065175302897924], [72.56886770774813, 23.06517645989], [72.56928811841868, 23.0652449810321], [72.5693484340635, 23.065251796166837], [72.56936238335568, 23.06491172783127], [72.56938599831687, 23.064907733546697]]]}}, {"type": "Feature", "properties": {"objectid": 561, "name_of_park": "Madhav Udhyan", "zone_id": 2, "ward_id": 12, "village_division": "Naroda", "road_name": "Payalnagar Road", "contact_person": "Mahesh Bhai", "maintained_by": "Mother Dairy", "garden_area": 8221.16848293, "plot_area": 0, "structure_type": "Garden", "no_of_trees": 610, "variety_of_trees": 11, "variety_of_shurbs": 5, "internal_walk_way": 1, "walkway_length": 4.57, "boundary_wall_details": "Compouind Wall", "shopping_area": 2, "no_of_shops": 0, "tp_no": "1-Naroda", "survey_no_fp_no": "264", "statues": 1, "no_of_statues": 1, "bird_feeder": 2, "no_of_bird_feeders": 0, "phone_number": "9662902219", "play_apparatus": 1, "play_apparatus_type": "Children Play, GYM Equipment", "no_of_play_apparatus": 40, "maintenance_trust_details": "Amul Fed", "no_of_benches": 41, "rent_on_shops": 2, "urinal_facilities": 1, "rest_hut": 1, "no_of_rest_huts": 2, "water_connection": 1, "water_connection_size": 1, "sewage_connection": 1, "no_of_water_bodies": 0, "total_area_of_water_bodies": 0, "fountain": 2, "no_of_fountains": 0, "no_of_light_poles": 23, "music_system": 2, "no_of_entry_gates": "1", "water_tank": 1, "water_tank_capacity": 50000, "drinking_water_facility": 1, "remarks": "", "address": "Madhav Udhyan , Payal nagar Road , Naroda, Ahmedabad, Gujarat 382330", "ward": "12_NARODA", "zone": "NORTH ZONE", "road_id": "", "source_of_water2": "A.M.C. Supply", "st_length(shape)": 393.7754249883837}, "geometry": {"type": "Polygon", "coordinates": [[[72.65061311649556, 23.067019068460656], [72.65057044198393, 23.067205439404162], [72.65050450582952, 23.067493393953267], [72.65050429184669, 23.067496724837323], [72.65050419683702, 23.067500059296744], [72.65050421982505, 23.067503397317015], [72.65050436090492, 23.06750673348266], [72.6505046211305, 23.06751006329535], [72.65050499957331, 23.067513384032857], [72.6505054953521, 23.067516690265204], [72.6505061075698, 23.067519977465036], [72.65050683625775, 23.06752324382719], [72.65050768051897, 23.067526484824274], [72.65050863948774, 23.06752969412376], [72.65050971121322, 23.067532871696667], [72.6505108948454, 23.067536010307844], [72.65051218944019, 23.067539108137662], [72.65051359216537, 23.06754215972713], [72.65051510303661, 23.067545164173666], [72.6505167182619, 23.06754811510124], [72.6505184378726, 23.067551010704676], [72.65052025806104, 23.067553845510492], [72.65052217884286, 23.067556618616106], [72.65052419543498, 23.067559324533526], [72.6505263059178, 23.067561961428588], [72.65052850937865, 23.067564525676488], [72.650530801003, 23.067567013594367], [72.65053317887131, 23.067569423348054], [72.65053564210226, 23.067571749507582], [72.65053818385198, 23.067573992873974], [72.6505408042146, 23.067576148031776], [72.65054349834422, 23.06757821310327], [72.65054626336156, 23.067580185337224], [72.65054909733139, 23.06758206380204], [72.65055199446375, 23.06758384480034], [72.6505549528391, 23.06758552649798], [72.65055796761156, 23.06758710701723], [72.65056103687729, 23.06758858362138], [72.65145926288112, 23.068002328130156], [72.6514819390802, 23.06797233458264], [72.65166276308031, 23.06773316098777], [72.65141874018781, 23.067575013564674], [72.65140781082602, 23.067535438082242], [72.65141128259307, 23.067484132590224], [72.65146022729945, 23.06741639413318], [72.65151153788543, 23.067346023037835], [72.65073489397459, 23.06682541563317], [72.65073377245966, 23.066824205441183], [72.65073260927059, 23.066823035255673], [72.65073140538286, 23.066821905091178], [72.65073016565795, 23.066820815922796], [72.65072888709118, 23.066819772219866], [72.65072757463814, 23.066818769542067], [72.65072622818907, 23.06681781420743], [72.65072484875076, 23.06681690442528], [72.65072344017797, 23.0668160429614], [72.6507220024707, 23.066815229815774], [72.65072053756411, 23.06681446592], [72.65071904739345, 23.06681375220566], [72.6507175328871, 23.066813091395], [72.65071599701842, 23.066812480823792], [72.65071444263538, 23.06681192504846], [72.65071286880952, 23.066811421346767], [72.65071128037103, 23.06681097249896], [72.6507096773356, 23.066810577602467], [72.65070806066296, 23.066810237574398], [72.65070643425494, 23.06680995247274], [72.65070479806442, 23.06680972500526], [72.65070315799117, 23.06680955255125], [72.65070151106175, 23.066809437774925], [72.65069986220045, 23.066809378041093], [72.65069821235133, 23.066809375169427], [72.65069656541618, 23.066809429217937], [72.65069492043524, 23.066809539269567], [72.65069328129455, 23.066809706284893], [72.65069164800983, 23.066809929361373], [72.65069002545827, 23.06681020857153], [72.65068841365557, 23.06681054301279], [72.65068681456827, 23.066810931811602], [72.65068523107566, 23.066811377719205], [72.65068366325613, 23.066811876222744], [72.65068211498011, 23.06681242918538], [72.65068058725437, 23.06681303481648], [72.65067908201415, 23.066813694047656], [72.65067759932214, 23.06681440326859], [72.65067614403988, 23.066815163454407], [72.65067471520759, 23.066815973688023], [72.65067331674274, 23.066816833124896], [72.650671948661, 23.066817740862458], [72.65067061392004, 23.066818695139073], [72.65066931255124, 23.066819694149615], [72.65066804549869, 23.066820739713734], [72.65066681869341, 23.066821827405587], [72.65066562922478, 23.06682295627911], [72.65066447902798, 23.06682412726588], [72.6506633710764, 23.066825337701697], [72.65066230637683, 23.066826585795933], [72.6506612839852, 23.066827869728918], [72.6506603087787, 23.06682918957321], [72.65065937886916, 23.066830541689484], [72.65065849619184, 23.06683192700933], [72.65065766277597, 23.06683334104891], [72.65065687862156, 23.06683478380822], [72.6506561437443, 23.06683625438468], [72.65065546210869, 23.066837749226032], [72.6506548317795, 23.066839267400677], [72.65065425374787, 23.066840808020583], [72.65065372906766, 23.066842366587338], [72.6506532586986, 23.066843944018064], [72.65065284367886, 23.06684553671695], [72.65065248304869, 23.066847143766935], [72.65063582146907, 23.0669199104885], [72.65061311649556, 23.067019068460656]]]}}, {"type": "Feature", "properties": {"objectid": 562, "name_of_park": "Sardar Patel Garden", "zone_id": 2, "ward_id": 12, "village_division": "Naroda", "road_name": "Sardar Patel Society Road", "contact_person": "Mahesh Bhai", "maintained_by": "Mother Dairy", "garden_area": 4770.15354966, "plot_area": 0, "structure_type": "Garden", "no_of_trees": 153, "variety_of_trees": 4, "variety_of_shurbs": 2, "internal_walk_way": 1, "walkway_length": 1414, "boundary_wall_details": "Compouind Wall", "shopping_area": 2, "no_of_shops": 0, "tp_no": "1-Naroda", "survey_no_fp_no": "337", "statues": 2, "no_of_statues": 0, "bird_feeder": 2, "no_of_bird_feeders": 0, "phone_number": "9662902219", "play_apparatus": 1, "play_apparatus_type": "Children Play, GYM Equipment", "no_of_play_apparatus": 36, "maintenance_trust_details": "Amul Fed", "no_of_benches": 37, "rent_on_shops": 2, "urinal_facilities": 1, "rest_hut": 1, "no_of_rest_huts": 1, "water_connection": 1, "water_connection_size": 1, "sewage_connection": 2, "no_of_water_bodies": 0, "total_area_of_water_bodies": 0, "fountain": 2, "no_of_fountains": 0, "no_of_light_poles": 13, "music_system": 2, "no_of_entry_gates": "1", "water_tank": 1, "water_tank_capacity": 10000, "drinking_water_facility": 1, "remarks": "", "address": "Sardar Patel Udhyan ,  Sardar Patel Road , Nr.Saurashtra Soc. Nava Naroda , Ahmedabad , Gujarat 382330", "ward": "12_NARODA", "zone": "NORTH ZONE", "road_id": "", "source_of_water2": "A.M.C. Supply", "st_length(shape)": 282.80249380698206}, "geometry": {"type": "Polygon", "coordinates": [[[72.65543887711127, 23.06882249683436], [72.65588984637589, 23.06915770220518], [72.65590554085072, 23.06913878384035], [72.65594002203281, 23.069097220157214], [72.65602030001801, 23.069000451322513], [72.65616174608894, 23.06882995039279], [72.65619229564497, 23.068783395345623], [72.65624234336464, 23.068703201140753], [72.65624459240897, 23.06870032837062], [72.65624900551013, 23.068691436180067], [72.65625029146426, 23.06868428875929], [72.65624617301958, 23.068676518552557], [72.6558122201133, 23.068400103152978], [72.65560035162818, 23.068257508729662], [72.65556724868621, 23.068235229873697], [72.65555008346213, 23.068233462877313], [72.65549969033522, 23.06822827484369], [72.65545049230269, 23.068780947727763], [72.65543887711127, 23.06882249683436]]]}}, {"type": "Feature", "properties": {"objectid": 563, "name_of_park": "Pandav Public Park", "zone_id": 6, "ward_id": 1, "village_division": "Ghatlodiya", "road_name": "Pavapuri to Chankyapuri Bridge Road", "contact_person": "Dinesh Bhai", "maintained_by": "Mother Dairy", "garden_area": 1800.10235765, "plot_area": 1800.10235765, "structure_type": "Garden", "no_of_trees": 12, "variety_of_trees": 3, "variety_of_shurbs": 6, "internal_walk_way": 1, "walkway_length": 225, "boundary_wall_details": "Compound Wall With Chainlink Net", "shopping_area": 2, "no_of_shops": 0, "tp_no": "2-Ghatlodia", "survey_no_fp_no": "15", "statues": 2, "no_of_statues": 0, "bird_feeder": 2, "no_of_bird_feeders": 0, "phone_number": "9724853446", "play_apparatus": 1, "play_apparatus_type": "Children Play", "no_of_play_apparatus": 13, "maintenance_trust_details": "Amul Fed", "no_of_benches": 27, "rent_on_shops": 2, "urinal_facilities": 2, "rest_hut": 2, "no_of_rest_huts": 0, "water_connection": 1, "water_connection_size": 0.5, "sewage_connection": 2, "no_of_water_bodies": 0, "total_area_of_water_bodies": 0, "fountain": 2, "no_of_fountains": 0, "no_of_light_poles": 8, "music_system": 2, "no_of_entry_gates": "1", "water_tank": 1, "water_tank_capacity": 2500, "drinking_water_facility": 2, "remarks": "", "address": "Pandav Public Park , Nr. Raj Residency , Pavapuri Road , Ghatlodiya , Ahmedabad , Gujarat 380061.", "ward": "01_GOTA", "zone": "NORTH WEST ZONE", "road_id": "", "source_of_water2": "A.M.C. Supply", "st_length(shape)": 178.05876780608668}, "geometry": {"type": "Polygon", "coordinates": [[[72.53568601579722, 23.069715754899406], [72.53568623064884, 23.069719758354918], [72.53569235902907, 23.06972343701307], [72.53599014092084, 23.06987139554901], [72.53615275844068, 23.069532132762696], [72.53615685164064, 23.069520014855126], [72.53615467285, 23.069512098916643], [72.53609550248848, 23.06948681225865], [72.536149780306, 23.069398088684252], [72.5361499108353, 23.069390925560242], [72.53614388688523, 23.069381516059718], [72.5359569941757, 23.069310526254704], [72.5359242602682, 23.06936447507849], [72.53588119689417, 23.069340806423234], [72.5358773217414, 23.069347543699088], [72.53575193889654, 23.06958594741297], [72.53568601579722, 23.069715754899406]]]}}, {"type": "Feature", "properties": {"objectid": 564, "name_of_park": "Joggers Park", "zone_id": 5, "ward_id": 5, "village_division": "Ranip", "road_name": "Ranip Road", "contact_person": "Dharmendra Bhai", "maintained_by": "Mother Dairy", "garden_area": 2846.67575688, "plot_area": 0, "structure_type": "Store Room ", "no_of_trees": 75, "variety_of_trees": 3, "variety_of_shurbs": 4, "internal_walk_way": 1, "walkway_length": 200, "boundary_wall_details": "Chainlinked", "shopping_area": 2, "no_of_shops": 0, "tp_no": "2-Ranip", "survey_no_fp_no": "102", "statues": 2, "no_of_statues": 0, "bird_feeder": 2, "no_of_bird_feeders": 0, "phone_number": "9898464050", "play_apparatus": 1, "play_apparatus_type": "Children Play", "no_of_play_apparatus": 15, "maintenance_trust_details": "Amul Fed", "no_of_benches": 31, "rent_on_shops": 2, "urinal_facilities": 1, "rest_hut": 1, "no_of_rest_huts": 1, "water_connection": 1, "water_connection_size": 11.5, "sewage_connection": 1, "no_of_water_bodies": 0, "total_area_of_water_bodies": 0, "fountain": 1, "no_of_fountains": 1, "no_of_light_poles": 8, "music_system": 1, "no_of_entry_gates": "1", "water_tank": 1, "water_tank_capacity": 10000, "drinking_water_facility": 2, "remarks": "", "address": "Ishwarbhai Patel Joggers Park , Nr.Kiran Park , Ahmedabad  Gujarat", "ward": "05_RANIP", "zone": "WEST ZONE", "road_id": "", "source_of_water2": "A.M.C. Supply , Shellow Bore ", "st_length(shape)": 207.70526863847823}, "geometry": {"type": "Polygon", "coordinates": [[[72.57224977283481, 23.071962063116533], [72.57222863039459, 23.071953378424666], [72.5717567943021, 23.07199998683568], [72.57173797231609, 23.072013072867737], [72.57172527563067, 23.07203007541586], [72.57180234396921, 23.072453563054584], [72.57181036176077, 23.072467061790555], [72.57182274968017, 23.072467252272496], [72.57229892521931, 23.072401960840963], [72.57233016945818, 23.072387153642957], [72.57233453855613, 23.072373845355354], [72.57227877667769, 23.072000129273246], [72.57224977283481, 23.071962063116533]]]}}, {"type": "Feature", "properties": {"objectid": 565, "name_of_park": "Sadhna Public Park", "zone_id": 6, "ward_id": 7, "village_division": "Ghatlodiya", "road_name": "Pavapuri to Chankyapuri Bridge Road", "contact_person": "Dinesh Bhai", "maintained_by": "Mother Dairy", "garden_area": 744.67234309, "plot_area": 744.67234309, "structure_type": "Garden", "no_of_trees": 8, "variety_of_trees": 2, "variety_of_shurbs": 5, "internal_walk_way": 1, "walkway_length": 25, "boundary_wall_details": "Compound Wall With Chainlink Net", "shopping_area": 2, "no_of_shops": 0, "tp_no": "2-Ghatlodia", "survey_no_fp_no": "42", "statues": 2, "no_of_statues": 0, "bird_feeder": 2, "no_of_bird_feeders": 0, "phone_number": "9724853446", "play_apparatus": 1, "play_apparatus_type": "Children Play", "no_of_play_apparatus": 16, "maintenance_trust_details": "Amul Fed", "no_of_benches": 7, "rent_on_shops": 2, "urinal_facilities": 2, "rest_hut": 2, "no_of_rest_huts": 0, "water_connection": 1, "water_connection_size": 0.5, "sewage_connection": 2, "no_of_water_bodies": 0, "total_area_of_water_bodies": 0, "fountain": 2, "no_of_fountains": 0, "no_of_light_poles": 6, "music_system": 2, "no_of_entry_gates": "1", "water_tank": 2, "water_tank_capacity": 0, "drinking_water_facility": 1, "remarks": "", "address": "Sadhna Public Park , Nr.Nalanda School, Pavapuri Road , Ahmedabad , Gujarat 380061.", "ward": "07_GHATLODIA", "zone": "NORTH WEST ZONE", "road_id": "", "source_of_water2": "A.M.C. Supply", "st_length(shape)": 125.22004107664323}, "geometry": {"type": "Polygon", "coordinates": [[[72.53921691607496, 23.07159613937402], [72.5392008179086, 23.071592148404935], [72.53916846746864, 23.07159257954695], [72.53902040099292, 23.071620197600435], [72.53899725795566, 23.071625025074567], [72.53898286282683, 23.071628028992375], [72.53897359901946, 23.071637236266234], [72.53896817205508, 23.071657725485807], [72.53900417666361, 23.072011780310046], [72.53900395541807, 23.07202393426833], [72.53900791237321, 23.072028672207118], [72.53901505307608, 23.072025042471044], [72.5390377333012, 23.07199418857177], [72.5392158345152, 23.071696674134014], [72.53923700435908, 23.071640729850376], [72.53924272795068, 23.071621791660952], [72.53923399167594, 23.07160201698462], [72.53921691607496, 23.07159613937402]]]}}, {"type": "Feature", "properties": {"objectid": 566, "name_of_park": "Kautilya Public Park", "zone_id": 6, "ward_id": 7, "village_division": "Ghatlodiya", "road_name": "K.K. Nagar Road", "contact_person": "Dinesh Bhai", "maintained_by": "Mother Dairy", "garden_area": 7081.5185634, "plot_area": 7081.5185634, "structure_type": "Garden", "no_of_trees": 35, "variety_of_trees": 4, "variety_of_shurbs": 4, "internal_walk_way": 1, "walkway_length": 450, "boundary_wall_details": "Compound Wall With Chainlink Net", "shopping_area": 2, "no_of_shops": 0, "tp_no": "2-Ghatlodia", "survey_no_fp_no": "253", "statues": 2, "no_of_statues": 0, "bird_feeder": 2, "no_of_bird_feeders": 0, "phone_number": "9724853446", "play_apparatus": 1, "play_apparatus_type": "Children Play", "no_of_play_apparatus": 18, "maintenance_trust_details": "Amul Fed", "no_of_benches": 36, "rent_on_shops": 2, "urinal_facilities": 1, "rest_hut": 2, "no_of_rest_huts": 0, "water_connection": 2, "water_connection_size": 0, "sewage_connection": 2, "no_of_water_bodies": 0, "total_area_of_water_bodies": 0, "fountain": 2, "no_of_fountains": 0, "no_of_light_poles": 16, "music_system": 2, "no_of_entry_gates": "1", "water_tank": 1, "water_tank_capacity": 0, "drinking_water_facility": 1, "remarks": "", "address": "Kautilya Public Park , Ghatlodiya, K.K. Nagar,  Nr. Water Tank , Ahmedabad , Gujarat 380061.", "ward": "07_GHATLODIA", "zone": "NORTH WEST ZONE", "road_id": "", "source_of_water2": "A.M.C. Supply", "st_length(shape)": 443.81721817084394}, "geometry": {"type": "Polygon", "coordinates": [[[72.55553595977081, 23.073852936256333], [72.55554853091756, 23.073857562525156], [72.55563271859154, 23.073888396935487], [72.55567608388877, 23.07379335095981], [72.55594792080741, 23.07321866714012], [72.55597870910361, 23.07322917516561], [72.55599992772291, 23.073169311831357], [72.55601337121051, 23.073135991269808], [72.55613997200031, 23.072822208242638], [72.55625081433011, 23.07255443699034], [72.55604160340928, 23.07247476501714], [72.55603049349502, 23.072500387730855], [72.55589741898521, 23.072796423271267], [72.55577181720632, 23.072759844707402], [72.55564540805804, 23.07299834081317], [72.5555152467377, 23.073247798723962], [72.55529670893155, 23.073169891586744], [72.55512172353029, 23.073574175002502], [72.55508337007561, 23.073661021875463], [72.55553595977081, 23.073852936256333]]]}}, {"type": "Feature", "properties": {"objectid": 567, "name_of_park": "Nehru Children Park", "zone_id": 2, "ward_id": 14, "village_division": "Kubernagar", "road_name": "Kubernagar Market Road", "contact_person": "Mahesh Bhai", "maintained_by": "Mother Dairy ", "garden_area": 1814.62837765, "plot_area": 0, "structure_type": "Garden", "no_of_trees": 35, "variety_of_trees": 4, "variety_of_shurbs": 3, "internal_walk_way": 1, "walkway_length": 71.42, "boundary_wall_details": "Compouind Wall", "shopping_area": 2, "no_of_shops": 0, "tp_no": " ", "survey_no_fp_no": " ", "statues": 2, "no_of_statues": 0, "bird_feeder": 1, "no_of_bird_feeders": 1, "phone_number": "9601488572", "play_apparatus": 1, "play_apparatus_type": "Children Play, GYM Equipment", "no_of_play_apparatus": 7, "maintenance_trust_details": "Amul Fed", "no_of_benches": 40, "rent_on_shops": 2, "urinal_facilities": 2, "rest_hut": 1, "no_of_rest_huts": 1, "water_connection": 1, "water_connection_size": 1, "sewage_connection": 2, "no_of_water_bodies": 0, "total_area_of_water_bodies": 0, "fountain": 1, "no_of_fountains": 1, "no_of_light_poles": 8, "music_system": 2, "no_of_entry_gates": "1", "water_tank": 2, "water_tank_capacity": 0, "drinking_water_facility": 2, "remarks": "", "address": "Nehru Children Park , Kubernagar Market , Nr, Rajvir Circle ., Kubernagar , Ahmedabad  Gujarat", "ward": "14_KUBERNAGR", "zone": "NORTH ZONE", "road_id": "", "source_of_water2": "A.M.C. Supply", "st_length(shape)": 190.35197084016957}, "geometry": {"type": "Polygon", "coordinates": [[[72.64170654470364, 23.074933456327116], [72.64169456524002, 23.07499801197175], [72.64167799209613, 23.07522078466486], [72.64168392423485, 23.075250731647923], [72.64169797383973, 23.075259302330377], [72.64173652174524, 23.075269432389458], [72.64230738391285, 23.07517763296401], [72.64232039289037, 23.075171855158423], [72.64232838530747, 23.075157642496816], [72.64232998826823, 23.075139751211285], [72.64231868638815, 23.075121667246847], [72.64225826264399, 23.075033578688576], [72.64220481091841, 23.07498978460381], [72.64214240945631, 23.074941079235433], [72.64210898128873, 23.074933414543693], [72.6420859395519, 23.07499637049481], [72.64187856460376, 23.07497058094928], [72.64188435080122, 23.07493483782956], [72.64185477357834, 23.074928424097802], [72.6418290472659, 23.074923262277252], [72.64175933906128, 23.07492341566232], [72.64173527627693, 23.074925140872523], [72.64171798096123, 23.074926381228973], [72.64170654470364, 23.074933456327116]]]}}, {"type": "Feature", "properties": {"objectid": 568, "name_of_park": "Vrajbhumi Garden", "zone_id": 2, "ward_id": 13, "village_division": "Saijpur Bogha", "road_name": "Vrajbhumi Party Plot Road", "contact_person": "Mahesh Bhai", "maintained_by": "Mother Dairy", "garden_area": 6287.92805137, "plot_area": 1042, "structure_type": "Garden", "no_of_trees": 47, "variety_of_trees": 5, "variety_of_shurbs": 5, "internal_walk_way": 1, "walkway_length": 276, "boundary_wall_details": "Compouind Wall", "shopping_area": 2, "no_of_shops": 0, "tp_no": "1-Naroda", "survey_no_fp_no": "687", "statues": 2, "no_of_statues": 0, "bird_feeder": 2, "no_of_bird_feeders": 0, "phone_number": "6353087676", "play_apparatus": 1, "play_apparatus_type": "Children Play", "no_of_play_apparatus": 4, "maintenance_trust_details": "Amul Fed", "no_of_benches": 8, "rent_on_shops": 2, "urinal_facilities": 1, "rest_hut": 2, "no_of_rest_huts": 0, "water_connection": 1, "water_connection_size": 1, "sewage_connection": 1, "no_of_water_bodies": 0, "total_area_of_water_bodies": 0, "fountain": 2, "no_of_fountains": 0, "no_of_light_poles": 5, "music_system": 2, "no_of_entry_gates": "2", "water_tank": 1, "water_tank_capacity": 5000, "drinking_water_facility": 1, "remarks": "", "address": "Vraj Bhumi Garden , Nr. Kubernagar ITI Under Bridge , Ahmedabad  Gujarat", "ward": "13_SAIJPUR_BOGHA", "zone": "NORTH ZONE", "road_id": "", "source_of_water2": "A.M.C. Supply", "st_length(shape)": 403.22411736656966}, "geometry": {"type": "Polygon", "coordinates": [[[72.64995596267707, 23.077164363811956], [72.65031153005869, 23.076862648069383], [72.65006640882741, 23.076601762777745], [72.650060310218, 23.07659593016852], [72.65003196788173, 23.076622381290885], [72.65001372065436, 23.076602761684843], [72.6498376400967, 23.076751702301816], [72.64967000550463, 23.07688520403767], [72.64964245687749, 23.076893049230133], [72.64962398959614, 23.076886086352967], [72.64960150924648, 23.07687237484825], [72.6495768640618, 23.076864364836087], [72.64951388585885, 23.07686342735329], [72.64948912442755, 23.07686210268053], [72.64943993596061, 23.076899589827267], [72.64934025461199, 23.076812113634265], [72.64931683486144, 23.076831661917375], [72.64929414679229, 23.07685060086177], [72.64928483840214, 23.07685141835496], [72.64909216351825, 23.076676045291254], [72.6490531010554, 23.07663776434021], [72.64904271076269, 23.076641431216995], [72.64888200951286, 23.076796691803313], [72.64887872950386, 23.076807152524008], [72.6488857400986, 23.07681967861421], [72.64891580326407, 23.07684420407752], [72.64958999625654, 23.077461681552357], [72.64959835358354, 23.077463598027656], [72.64960546184462, 23.077463106182115], [72.6496198029209, 23.07745495967663], [72.64963087752288, 23.077445386864618], [72.64995596267707, 23.077164363811956]]]}}, {"type": "Feature", "properties": {"objectid": 569, "name_of_park": "Vibhuti Garden\r\n(KR Park)", "zone_id": 5, "ward_id": 6, "village_division": "New Wadaj", "road_name": "Geeta Vidhyalaya Road", "contact_person": "Dharmendra Bhai", "maintained_by": "Mother Dairy", "garden_area": 2939.69628572, "plot_area": 0, "structure_type": "Garden", "no_of_trees": 22, "variety_of_trees": 4, "variety_of_shurbs": 4, "internal_walk_way": 1, "walkway_length": 208, "boundary_wall_details": "Compouind Wall", "shopping_area": 2, "no_of_shops": 0, "tp_no": "2-Ranip", "survey_no_fp_no": " 21", "statues": 2, "no_of_statues": 0, "bird_feeder": 2, "no_of_bird_feeders": 0, "phone_number": "9898464050", "play_apparatus": 1, "play_apparatus_type": "Children Play", "no_of_play_apparatus": 7, "maintenance_trust_details": "Amul Fed", "no_of_benches": 21, "rent_on_shops": 2, "urinal_facilities": 2, "rest_hut": 2, "no_of_rest_huts": 0, "water_connection": 1, "water_connection_size": 1.5, "sewage_connection": 1, "no_of_water_bodies": 0, "total_area_of_water_bodies": 0, "fountain": 2, "no_of_fountains": 0, "no_of_light_poles": 8, "music_system": 2, "no_of_entry_gates": "2", "water_tank": 1, "water_tank_capacity": 5000, "drinking_water_facility": 2, "remarks": "", "address": "Vibhiti Park , Nava Wadaj , Nr. K.R. Raval School , Nava Wadaj , Ahmedabad , Gujarat\r\n(KR Park)-Ayodhyanagar Society, Anand Nagar, Ranip, Ahmedabad, Gujarat 382481,Ahmedabad Gujarat", "ward": "06_NEW WADAJ", "zone": "WEST ZONE", "road_id": "", "source_of_water2": "Shellow Bore ", "st_length(shape)": 214.75676577704303}, "geometry": {"type": "Polygon", "coordinates": [[[72.56774211956262, 23.0787624965679], [72.56772037614532, 23.078745094765434], [72.56735031354414, 23.078748497699035], [72.56716996421285, 23.078758662663724], [72.56715734516854, 23.078764235096276], [72.56715295771534, 23.078792830370656], [72.56717936439591, 23.078932720337594], [72.56721684198499, 23.07908794468672], [72.5672440054833, 23.079184766223484], [72.5672580071267, 23.07919573032755], [72.56728624681125, 23.079204525998556], [72.56736261877117, 23.079194790107316], [72.56765095706282, 23.07913892136866], [72.56778363558662, 23.079109480451432], [72.56785231011371, 23.079095012588436], [72.56788220566632, 23.07908352950209], [72.56788607865812, 23.079064428811492], [72.567748421888, 23.078770953291848], [72.56774211956262, 23.0787624965679]]]}}, {"type": "Feature", "properties": {"objectid": 570, "name_of_park": "Kalptaru Public Park", "zone_id": 6, "ward_id": 7, "village_division": "Ghatlodiya", "road_name": "K.K. Nagar Road", "contact_person": "Dinesh Bhai", "maintained_by": "Mother Dairy", "garden_area": 758.38948524, "plot_area": 758.38948524, "structure_type": "Garden", "no_of_trees": 32, "variety_of_trees": 4, "variety_of_shurbs": 5, "internal_walk_way": 1, "walkway_length": 130, "boundary_wall_details": "Compound Wall With Chainlink Net", "shopping_area": 2, "no_of_shops": 0, "tp_no": "2-Ghatlodia", "survey_no_fp_no": "219", "statues": 2, "no_of_statues": 0, "bird_feeder": 2, "no_of_bird_feeders": 0, "phone_number": "9724853446", "play_apparatus": 1, "play_apparatus_type": "Children Play", "no_of_play_apparatus": 4, "maintenance_trust_details": "Amul Fed", "no_of_benches": 38, "rent_on_shops": 2, "urinal_facilities": 2, "rest_hut": 2, "no_of_rest_huts": 0, "water_connection": 1, "water_connection_size": 0.5, "sewage_connection": 2, "no_of_water_bodies": 0, "total_area_of_water_bodies": 0, "fountain": 2, "no_of_fountains": 0, "no_of_light_poles": 5, "music_system": 2, "no_of_entry_gates": "1", "water_tank": 2, "water_tank_capacity": 0, "drinking_water_facility": 1, "remarks": "", "address": "Kalptaru Public Park , Nr. Umiya Hall , Nirnay Nagar Garnala , Ahmedabad , Gujarat 380061.", "ward": "07_GHATLODIA", "zone": "NORTH WEST ZONE", "road_id": "", "source_of_water2": "A.M.C. Supply", "st_length(shape)": 144.73972958252128}, "geometry": {"type": "Polygon", "coordinates": [[[72.55183189418531, 23.076318793268864], [72.55181844933884, 23.076316449774446], [72.55181004971683, 23.076329739078144], [72.55166487917822, 23.07668729699539], [72.5516627174665, 23.07670655457207], [72.55166342621824, 23.076717468205278], [72.55167588597718, 23.076730242286395], [72.55171631795761, 23.076750160330537], [72.55172980542274, 23.0767562401219], [72.55175061831592, 23.076758240175163], [72.55177357264535, 23.076792144501567], [72.55179050261025, 23.076808342548187], [72.55181108867579, 23.076822919953237], [72.55182993732771, 23.07683327709205], [72.5518571248935, 23.076833698644112], [72.55187733535172, 23.076818915139317], [72.55189577898926, 23.076801588242265], [72.55189967709906, 23.07678655181058], [72.55188824500298, 23.076767083457035], [72.55188243323629, 23.076737638267055], [72.55187832752632, 23.0767140910868], [72.55187524950745, 23.076683849618565], [72.55186827240637, 23.07666864456647], [72.55184744433745, 23.076667482959234], [72.5518261038846, 23.076659433463366], [72.5518099283375, 23.076636707518638], [72.55180852602874, 23.076614040016935], [72.5518163080405, 23.076584805602376], [72.55185553916645, 23.076520833078852], [72.55188027129849, 23.076456635737774], [72.5518971607005, 23.07642502562809], [72.55190587825842, 23.076394128381878], [72.55191628765536, 23.076369967588796], [72.55191376653035, 23.076359024952097], [72.55190468370726, 23.07634592860265], [72.55183189418531, 23.076318793268864]]]}}, {"type": "Feature", "properties": {"objectid": 571, "name_of_park": "Popatlal Maganlal Dani Senior Citizen Park\r\nDharamnagar", "zone_id": 5, "ward_id": 4, "village_division": "Sabarmati", "road_name": "Dharma Nagar Road", "contact_person": "Ashwin Bhai", "maintained_by": "Mother Dairy ", "garden_area": 2779.21110225, "plot_area": 0, "structure_type": "Garden", "no_of_trees": 58, "variety_of_trees": 4, "variety_of_shurbs": 3, "internal_walk_way": 1, "walkway_length": 121, "boundary_wall_details": "Chainlinked", "shopping_area": 2, "no_of_shops": 0, "tp_no": "23-Sabarmati ", "survey_no_fp_no": "415", "statues": 2, "no_of_statues": 0, "bird_feeder": 1, "no_of_bird_feeders": 1, "phone_number": "9099131880", "play_apparatus": 2, "play_apparatus_type": "", "no_of_play_apparatus": 0, "maintenance_trust_details": "Amul Fed", "no_of_benches": 17, "rent_on_shops": 2, "urinal_facilities": 1, "rest_hut": 1, "no_of_rest_huts": 1, "water_connection": 1, "water_connection_size": 1, "sewage_connection": 1, "no_of_water_bodies": 0, "total_area_of_water_bodies": 0, "fountain": 2, "no_of_fountains": 0, "no_of_light_poles": 8, "music_system": 2, "no_of_entry_gates": "1", "water_tank": 1, "water_tank_capacity": 5000, "drinking_water_facility": 2, "remarks": "", "address": "Senior Citizen Park , Nr. Dharamnagar Party Plot , Sabarmati , Ahmedabad , Gujarat\r\nDharamnagar- ,Ahmedabad Gujarat", "ward": "04_SABARMATI", "zone": "WEST ZONE", "road_id": "", "source_of_water2": "A.M.C. Supply", "st_length(shape)": 218.45699778462458}, "geometry": {"type": "Polygon", "coordinates": [[[72.5890893655873, 23.080125845464547], [72.58881632172182, 23.079975493316283], [72.58859430305483, 23.080264466962156], [72.58861041206693, 23.080287643565907], [72.58876685333341, 23.080375067412422], [72.58921443421274, 23.080582545996663], [72.5893824342746, 23.080253572376268], [72.5890893655873, 23.080125845464547]]]}}, {"type": "Feature", "properties": {"objectid": 572, "name_of_park": "Virat Public Park \r\nAmbica Garden", "zone_id": 5, "ward_id": 6, "village_division": "New Wadaj", "road_name": "Ambika Nagar Road", "contact_person": "Ashwin Bhai", "maintained_by": "Mother Dairy", "garden_area": 2825.42705254, "plot_area": 0, "structure_type": "Garden", "no_of_trees": 30, "variety_of_trees": 3, "variety_of_shurbs": 4, "internal_walk_way": 1, "walkway_length": 190, "boundary_wall_details": "Chainlinked", "shopping_area": 2, "no_of_shops": 0, "tp_no": "1-Ranip", "survey_no_fp_no": "16", "statues": 2, "no_of_statues": 0, "bird_feeder": 2, "no_of_bird_feeders": 0, "phone_number": "9898464050", "play_apparatus": 1, "play_apparatus_type": "Children Play", "no_of_play_apparatus": 12, "maintenance_trust_details": "Amul Fed", "no_of_benches": 12, "rent_on_shops": 2, "urinal_facilities": 2, "rest_hut": 2, "no_of_rest_huts": 0, "water_connection": 1, "water_connection_size": 1.5, "sewage_connection": 1, "no_of_water_bodies": 0, "total_area_of_water_bodies": 0, "fountain": 2, "no_of_fountains": 0, "no_of_light_poles": 11, "music_system": 2, "no_of_entry_gates": "2", "water_tank": 1, "water_tank_capacity": 5000, "drinking_water_facility": 2, "remarks": "", "address": "Virat Public Park  , Nr. Ambika Cross Road , New Wadaj , Ahmedabad , Gujarat\r\nAmbica Garden-8, Umiya Nagar Rd, Anand Nagar, Ranip Anand Nagar, Ranip Ahmedabad, Gujarat 382481,Ahmedabad Gujarat", "ward": "06_NEW WADAJ", "zone": "WEST ZONE", "road_id": "", "source_of_water2": "A.M.C. Supply , Shellow Bore", "st_length(shape)": 215.27261298506227}, "geometry": {"type": "Polygon", "coordinates": [[[72.56368606766381, 23.08066939853232], [72.56368186346815, 23.080664131011048], [72.56340981801742, 23.080585723336785], [72.56337547417789, 23.080588069485522], [72.56334969483528, 23.080600192062896], [72.56333245835643, 23.080638875866626], [72.56321843574828, 23.08120885383757], [72.5632254994877, 23.081234001983415], [72.56326124882331, 23.08125263799148], [72.56357446167192, 23.08128536765503], [72.56359767692938, 23.08127313235369], [72.56361827090628, 23.08121502496797], [72.56369358617934, 23.080707048866913], [72.56369105612693, 23.08068057863591], [72.56368606766381, 23.08066939853232]]]}}, {"type": "Feature", "properties": {"objectid": 573, "name_of_park": "Bhakti Public Park", "zone_id": 5, "ward_id": 6, "village_division": "New Wadaj", "road_name": "Giriraj Society Road", "contact_person": "Ashwin Bhai", "maintained_by": "Mother Dairy", "garden_area": 2140.47064121, "plot_area": 0, "structure_type": "Garden", "no_of_trees": 21, "variety_of_trees": 3, "variety_of_shurbs": 4, "internal_walk_way": 1, "walkway_length": 130, "boundary_wall_details": "Chainlinked", "shopping_area": 2, "no_of_shops": 0, "tp_no": "1-Chandlodiya", "survey_no_fp_no": "13", "statues": 2, "no_of_statues": 0, "bird_feeder": 2, "no_of_bird_feeders": 0, "phone_number": "9898464050", "play_apparatus": 1, "play_apparatus_type": "Children Play", "no_of_play_apparatus": 11, "maintenance_trust_details": "Amul Fed", "no_of_benches": 22, "rent_on_shops": 2, "urinal_facilities": 2, "rest_hut": 1, "no_of_rest_huts": 1, "water_connection": 1, "water_connection_size": 1, "sewage_connection": 1, "no_of_water_bodies": 0, "total_area_of_water_bodies": 0, "fountain": 2, "no_of_fountains": 0, "no_of_light_poles": 5, "music_system": 2, "no_of_entry_gates": "1", "water_tank": 2, "water_tank_capacity": 0, "drinking_water_facility": 2, "remarks": "", "address": "Bhakti Public Park, -Taranga Hill Society, Nirnay Nagar Sector VIII, Nirnay Nagar, Ahmedabad, Gujarat 382481", "ward": "06_NEW WADAJ", "zone": "WEST ZONE", "road_id": "", "source_of_water2": "A.M.C. Supply , Tanker", "st_length(shape)": 191.22775315861463}, "geometry": {"type": "Polygon", "coordinates": [[[72.55867719173598, 23.079737641752715], [72.55872714210862, 23.07974189882071], [72.55882095386032, 23.07974989355655], [72.55894381410874, 23.07975947396222], [72.55911279421498, 23.07977367900423], [72.55926263180633, 23.079787638483754], [72.55926490761719, 23.079757362458352], [72.5592681444145, 23.07972033958583], [72.55927329711803, 23.07966140645495], [72.55928005965168, 23.079584057446837], [72.55929071719127, 23.07946452019099], [72.55926434703157, 23.079462131855728], [72.55906880008554, 23.079445535593717], [72.5588664118693, 23.07942880081226], [72.55871464183411, 23.079416676214706], [72.55870287267858, 23.079515079657007], [72.55867719173598, 23.079737641752715]]]}}, {"type": "Feature", "properties": {"objectid": 574, "name_of_park": "Vedant Public Park", "zone_id": 5, "ward_id": 5, "village_division": "Ranip", "road_name": "Nagar Palika Road", "contact_person": "Dharmendra Bhai", "maintained_by": "Mother Dairy", "garden_area": 1838.27892908, "plot_area": 0, "structure_type": "Garden", "no_of_trees": 52, "variety_of_trees": 4, "variety_of_shurbs": 4, "internal_walk_way": 1, "walkway_length": 120, "boundary_wall_details": "Chainlinked", "shopping_area": 2, "no_of_shops": 0, "tp_no": "1-Ranip", "survey_no_fp_no": "76", "statues": 2, "no_of_statues": 0, "bird_feeder": 2, "no_of_bird_feeders": 0, "phone_number": "9898464050", "play_apparatus": 1, "play_apparatus_type": "Children Play", "no_of_play_apparatus": 8, "maintenance_trust_details": "Amul Fed", "no_of_benches": 11, "rent_on_shops": 2, "urinal_facilities": 2, "rest_hut": 2, "no_of_rest_huts": 0, "water_connection": 1, "water_connection_size": 1, "sewage_connection": 1, "no_of_water_bodies": 0, "total_area_of_water_bodies": 0, "fountain": 2, "no_of_fountains": 0, "no_of_light_poles": 4, "music_system": 2, "no_of_entry_gates": "1", "water_tank": 2, "water_tank_capacity": 0, "drinking_water_facility": 2, "remarks": "", "address": "Vedant Public Park , Nr. Nagar Palika Office , Shyamrang Society, Parshwanath Society, Ranip, Ahmedabad, Gujarat 382480", "ward": "05_RANIP", "zone": "WEST ZONE", "road_id": "", "source_of_water2": "A.M.C. Supply", "st_length(shape)": 170.71659195893574}, "geometry": {"type": "Polygon", "coordinates": [[[72.5711115692584, 23.08111011824875], [72.57068622854513, 23.081122380154163], [72.5706819807119, 23.081129184863013], [72.57072241653988, 23.081425525439993], [72.57072489653348, 23.081472281012708], [72.57072574777587, 23.081488326392304], [72.57116818535208, 23.08146762931522], [72.57116630908432, 23.081447372994067], [72.57114646015934, 23.081233042620372], [72.5711445895385, 23.081191625467305], [72.57113770191624, 23.081141394122813], [72.57112825688571, 23.081123841606285], [72.57112319760671, 23.081118031181266], [72.5711115692584, 23.08111011824875]]]}}, {"type": "Feature", "properties": {"objectid": 575, "name_of_park": "Pancham Public Park", "zone_id": 6, "ward_id": 7, "village_division": "Chandlodia", "road_name": "Chandlodia Bridge Road", "contact_person": "Dinesh Bhai", "maintained_by": "Mother Dairy", "garden_area": 1026.21835755, "plot_area": 1026.21835755, "structure_type": "Garden", "no_of_trees": 6, "variety_of_trees": 3, "variety_of_shurbs": 6, "internal_walk_way": 1, "walkway_length": 55, "boundary_wall_details": "Compound Wall With Chainlink Net", "shopping_area": 2, "no_of_shops": 0, "tp_no": "1-Chandlodia", "survey_no_fp_no": "57", "statues": 2, "no_of_statues": 0, "bird_feeder": 2, "no_of_bird_feeders": 0, "phone_number": "9724853446", "play_apparatus": 1, "play_apparatus_type": "Children Play", "no_of_play_apparatus": 4, "maintenance_trust_details": "Amul Fed", "no_of_benches": 2, "rent_on_shops": 2, "urinal_facilities": 2, "rest_hut": 2, "no_of_rest_huts": 0, "water_connection": 1, "water_connection_size": 2, "sewage_connection": 2, "no_of_water_bodies": 0, "total_area_of_water_bodies": 0, "fountain": 2, "no_of_fountains": 0, "no_of_light_poles": 5, "music_system": 2, "no_of_entry_gates": "1", "water_tank": 1, "water_tank_capacity": 0, "drinking_water_facility": 2, "remarks": "", "address": "Pancham Public Park , Nr.Chandlodia Bridge , Ahmedabad  , Gujarat 380061.", "ward": "07_GHATLODIA", "zone": "NORTH WEST ZONE", "road_id": "", "source_of_water2": "A.M.C. Supply", "st_length(shape)": 160.38266355787314}, "geometry": {"type": "Polygon", "coordinates": [[[72.55382187921163, 23.07828339848373], [72.55382165913929, 23.078329305021942], [72.55382092931649, 23.07848197509632], [72.55378088675542, 23.078733162003076], [72.55400035329666, 23.07873656227054], [72.55401845006439, 23.07873371276101], [72.55402682162845, 23.078721163168066], [72.55393339738684, 23.078213412663626], [72.55393268159224, 23.078207514664324], [72.55392676576201, 23.078148911408594], [72.55382214564474, 23.078227652560624], [72.55382187921163, 23.07828339848373]]]}}, {"type": "Feature", "properties": {"objectid": 576, "name_of_park": "Vidhata Public Park\r\n (Kidzee Fairy Land)", "zone_id": 5, "ward_id": 5, "village_division": "Ranip", "road_name": "Kamdhenu Road", "contact_person": "Dharmendra Bhai", "maintained_by": "Mother Dairy", "garden_area": 3637.31803649, "plot_area": 0, "structure_type": "Garden", "no_of_trees": 39, "variety_of_trees": 3, "variety_of_shurbs": 4, "internal_walk_way": 1, "walkway_length": 163, "boundary_wall_details": "Chainlinked", "shopping_area": 2, "no_of_shops": 0, "tp_no": "1-Ranip", "survey_no_fp_no": "125", "statues": 2, "no_of_statues": 0, "bird_feeder": 2, "no_of_bird_feeders": 0, "phone_number": "9898464050", "play_apparatus": 1, "play_apparatus_type": "Children Play", "no_of_play_apparatus": 18, "maintenance_trust_details": "Amul Fed", "no_of_benches": 11, "rent_on_shops": 2, "urinal_facilities": 2, "rest_hut": 2, "no_of_rest_huts": 0, "water_connection": 1, "water_connection_size": 1, "sewage_connection": 1, "no_of_water_bodies": 0, "total_area_of_water_bodies": 0, "fountain": 2, "no_of_fountains": 0, "no_of_light_poles": 9, "music_system": 2, "no_of_entry_gates": "2", "water_tank": 2, "water_tank_capacity": 0, "drinking_water_facility": 2, "remarks": "", "address": "Vidhata Public Park , Nr. Kamdhenu Society , Ranip , Ahmedabad , Gujarat\r\n (Kidzee Fairy Land)-15, Narayan Park, Bank Of Baroda Lane,Navrangpura, Khodiyar Nagar, Ranip, Ahmedabad380009,Ahmedabad Gujarat", "ward": "05_RANIP", "zone": "WEST ZONE", "road_id": "", "source_of_water2": "A.M.C. Supply", "st_length(shape)": 300.8961307773901}, "geometry": {"type": "Polygon", "coordinates": [[[72.57499019066393, 23.08308898025918], [72.57500263077402, 23.083325766920012], [72.57500627867832, 23.083431057186175], [72.5750111134673, 23.08357058161321], [72.57502641181104, 23.08409453852536], [72.57504249165656, 23.08406115912579], [72.57507370372922, 23.083996363734236], [72.5752149912489, 23.083803159052025], [72.57524039958489, 23.083817894374572], [72.5752934529005, 23.0838486623408], [72.57538801442539, 23.083843679845312], [72.57539021071015, 23.083595508346516], [72.57540416327085, 23.08315580217669], [72.5753500708399, 23.083155439890906], [72.57532572037847, 23.08315527622353], [72.57532613913467, 23.083118725833444], [72.57532687362317, 23.083080948009894], [72.57532697678877, 23.083079875296583], [72.5753270390155, 23.083078800148947], [72.57532706126273, 23.083077723484454], [72.57532704351418, 23.083076646205644], [72.57532698474581, 23.083075571005114], [72.57532688593314, 23.083074497897805], [72.57532674803544, 23.08307342780126], [72.57532656905313, 23.08307236339308], [72.57532634994553, 23.083071305590767], [72.57532609264746, 23.08307025532679], [72.5753257951917, 23.083069213473717], [72.57532545949687, 23.08306818186656], [72.57532508553061, 23.083067162310382], [72.5753246732929, 23.083066154805163], [72.57532422275135, 23.08306516115594], [72.57532373680009, 23.083064183212727], [72.57532338067867, 23.083063528650253], [72.5753232134881, 23.083063220945558], [72.57532265473401, 23.083062276189423], [72.57532206148095, 23.083061350764375], [72.5753214337289, 23.08306044467039], [72.5753207724372, 23.083059558825], [72.57532007854891, 23.083058695048198], [72.5753193530072, 23.08305785516006], [72.57531859582825, 23.083057038258012], [72.57531780893066, 23.083056246177115], [72.57531699325757, 23.083055480737357], [72.57531614880898, 23.083054741938746], [72.57531527751969, 23.083054030713797], [72.57531438034903, 23.083053347979977], [72.57531345825629, 23.083052694654825], [72.5753125122008, 23.08305207165582], [72.57531154314185, 23.08305147990049], [72.57531055303048, 23.083050919418792], [72.57530954280976, 23.08305039203075], [72.57530851249592, 23.083049896833852], [72.57530746498311, 23.083049435678074], [72.57530640124678, 23.083049008578413], [72.57530532224624, 23.083048616452373], [72.57530422895705, 23.083048259314946], [72.57530312333016, 23.08304793719608], [72.57530200630873, 23.083047651915823], [72.57530087888443, 23.083047402586608], [72.57503584105254, 23.083035818582253], [72.575033203508, 23.08303712500038], [72.57503061713436, 23.08303851616222], [72.57502808485818, 23.083039992112756], [72.57502560965452, 23.083041550189375], [72.57502319547399, 23.08304318774447], [72.57502084527553, 23.083044903017907], [72.57501856102631, 23.08304669513719], [72.57501634669318, 23.08304856055215], [72.57501420328397, 23.083050497472726], [72.57501213572488, 23.08305250326629], [72.57501014502375, 23.08305457614277], [72.5750085370366, 23.083056039208405], [72.57500698377855, 23.08305755186438], [72.57500548432273, 23.083059111388156], [72.57500404258732, 23.08306071693715], [72.57500265958026, 23.08306236672132], [72.57500133728496, 23.083064058965583], [72.57500007574995, 23.083065790962376], [72.57499887791802, 23.083067561854133], [72.57499774383771, 23.08306936893328], [72.57499667646796, 23.08307121043975], [72.57499567486565, 23.083073084553497], [72.57499474200588, 23.0830749886119], [72.57499387694557, 23.083076920794973], [72.57499308363529, 23.08307887845506], [72.57499236014029, 23.08308086065966], [72.57499170847632, 23.083082863828697], [72.57499112965131, 23.083084886172067], [72.57499062272214, 23.083086925869768], [72.57499019066393, 23.08308898025918]]]}}, {"type": "Feature", "properties": {"objectid": 577, "name_of_park": "Varun Public Park", "zone_id": 5, "ward_id": 6, "village_division": "New Wadaj", "road_name": "G.S.T. Road", "contact_person": "Ashwin Bhai", "maintained_by": "Mother Dairy", "garden_area": 999.55928841, "plot_area": 0, "structure_type": "Garden", "no_of_trees": 18, "variety_of_trees": 3, "variety_of_shurbs": 4, "internal_walk_way": 1, "walkway_length": 40, "boundary_wall_details": "Chainlinked", "shopping_area": 2, "no_of_shops": 0, "tp_no": "1-Ranip", "survey_no_fp_no": "12", "statues": 2, "no_of_statues": 0, "bird_feeder": 2, "no_of_bird_feeders": 0, "phone_number": "9898464050", "play_apparatus": 1, "play_apparatus_type": "Children Play", "no_of_play_apparatus": 5, "maintenance_trust_details": "Amul Fed", "no_of_benches": 4, "rent_on_shops": 2, "urinal_facilities": 2, "rest_hut": 2, "no_of_rest_huts": 0, "water_connection": 1, "water_connection_size": 0, "sewage_connection": 1, "no_of_water_bodies": 0, "total_area_of_water_bodies": 0, "fountain": 2, "no_of_fountains": 0, "no_of_light_poles": 5, "music_system": 2, "no_of_entry_gates": "1", "water_tank": 2, "water_tank_capacity": 0, "drinking_water_facility": 2, "remarks": "", "address": "Varun Public Park , Ambicakrupa Society, Nirnay Nagar Sector V, Ranip, Ahmedabad, Gujarat 380081", "ward": "06_NEW WADAJ", "zone": "WEST ZONE", "road_id": "", "source_of_water2": "Tanker", "st_length(shape)": 159.91192876901425}, "geometry": {"type": "Polygon", "coordinates": [[[72.56222346206583, 23.082649344563873], [72.5622419022486, 23.08265717734587], [72.56228728468696, 23.082676454354186], [72.56232200757172, 23.082485073472604], [72.5624818130207, 23.08250742899671], [72.56248537936075, 23.082485363603237], [72.56253131431541, 23.08220116099898], [72.56251464356339, 23.082198827235786], [72.56251512391414, 23.082195999066364], [72.56237355181484, 23.08217326974094], [72.5623226094682, 23.08216509037073], [72.5622992945169, 23.082159579169144], [72.56229772631909, 23.082168458025194], [72.56221140617444, 23.082644223875345], [72.56222346206583, 23.082649344563873]]]}}, {"type": "Feature", "properties": {"objectid": 578, "name_of_park": "Sant Shree Santram Das\r\n Udhyan", "zone_id": 2, "ward_id": 11, "village_division": "Sardarnagar", "road_name": "Sardarnagar Road", "contact_person": "Pravin Bhai", "maintained_by": "Mother Dairy", "garden_area": 2354.12001823, "plot_area": 500, "structure_type": "Garden", "no_of_trees": 16, "variety_of_trees": 7, "variety_of_shurbs": 4, "internal_walk_way": 1, "walkway_length": 121.21, "boundary_wall_details": "Compouind Wall", "shopping_area": 2, "no_of_shops": 0, "tp_no": "68-Hansol2", "survey_no_fp_no": "44", "statues": 2, "no_of_statues": 0, "bird_feeder": 2, "no_of_bird_feeders": 0, "phone_number": "9601488572", "play_apparatus": 1, "play_apparatus_type": "Children Play, GYM Equipment", "no_of_play_apparatus": 6, "maintenance_trust_details": "Amul Fed", "no_of_benches": 12, "rent_on_shops": 2, "urinal_facilities": 2, "rest_hut": 1, "no_of_rest_huts": 1, "water_connection": 1, "water_connection_size": 2, "sewage_connection": 2, "no_of_water_bodies": 0, "total_area_of_water_bodies": 0, "fountain": 2, "no_of_fountains": 0, "no_of_light_poles": 9, "music_system": 2, "no_of_entry_gates": "1", "water_tank": 1, "water_tank_capacity": 5000, "drinking_water_facility": 2, "remarks": "", "address": "Sant Shree Santram Das Garden , BH. Urvashi BUnglow , Sardarnagar , Ahmedabad , Gujarat\r\n Udhyan-B/h. Urvashi Bunglow,,Ahmedabad Gujarat", "ward": "11_SARDARNAGAR", "zone": "NORTH ZONE", "road_id": "", "source_of_water2": "A.M.C. Supply", "st_length(shape)": 228.80405255218227}, "geometry": {"type": "Polygon", "coordinates": [[[72.62940058253663, 23.083899954691365], [72.62935863867246, 23.083897994089586], [72.62934446448236, 23.08389941799942], [72.62923157937736, 23.084688081792578], [72.62924184409232, 23.08470787266854], [72.62925767223867, 23.08471301888451], [72.62944180847569, 23.084710835081548], [72.62945802499284, 23.084710642557468], [72.62946842642597, 23.084705511983035], [72.62947424758949, 23.08469747784624], [72.62961185214908, 23.08394264891438], [72.6296108066198, 23.08393332899723], [72.62960956205686, 23.08393068226938], [72.62960624483674, 23.08392848290093], [72.6295973189313, 23.08392454448788], [72.62940058253663, 23.083899954691365]]]}}, {"type": "Feature", "properties": {"objectid": 579, "name_of_park": "208-D Chandlodia-4\r\n Park-IV", "zone_id": 6, "ward_id": 2, "village_division": "Chandlodia", "road_name": "Chandlodia Lake Road", "contact_person": "Dinesh Bhai", "maintained_by": "Mother Dairy", "garden_area": 3526.09390476, "plot_area": 3526.09390476, "structure_type": "Garden", "no_of_trees": 47, "variety_of_trees": 5, "variety_of_shurbs": 5, "internal_walk_way": 1, "walkway_length": 450, "boundary_wall_details": "Only Chainlink Net", "shopping_area": 1, "no_of_shops": 1, "tp_no": "45-Chandlodia-Gota", "survey_no_fp_no": "208", "statues": 2, "no_of_statues": 0, "bird_feeder": 2, "no_of_bird_feeders": 0, "phone_number": "9724853446", "play_apparatus": 1, "play_apparatus_type": "Children Play", "no_of_play_apparatus": 9, "maintenance_trust_details": "Amul Fed", "no_of_benches": 10, "rent_on_shops": 2, "urinal_facilities": 1, "rest_hut": 1, "no_of_rest_huts": 1, "water_connection": 1, "water_connection_size": 0.5, "sewage_connection": 1, "no_of_water_bodies": 0, "total_area_of_water_bodies": 0, "fountain": 2, "no_of_fountains": 0, "no_of_light_poles": 10, "music_system": 2, "no_of_entry_gates": "1", "water_tank": 1, "water_tank_capacity": 5000, "drinking_water_facility": 1, "remarks": "", "address": "Nr.Chandlodia Lake , Ahmedabad , Gujarat 380061.\r\n Park-IV-Nr.Chandlodia Nagar Palika chandlodia lage, Gayatri Park Society, Gayatri Nagar, Chandlodiya, Ahmedabad, Gujarat 382481,Ahmedabad Gujarat", "ward": "02_CHANDLODIA", "zone": "NORTH WEST ZONE", "road_id": "", "source_of_water2": "A.M.C. Supply", "st_length(shape)": 256.0076154668653}, "geometry": {"type": "Polygon", "coordinates": [[[72.55086086501777, 23.0835611119916], [72.55086076035538, 23.083534909568534], [72.55054321400902, 23.083569252553982], [72.55041177399013, 23.08357772918291], [72.55011408081623, 23.083582613580198], [72.55010525201821, 23.083589721203765], [72.55010561172045, 23.083641081162767], [72.55011815757112, 23.083945816366885], [72.55012837394912, 23.08395194667823], [72.55013609481006, 23.083953259953006], [72.55019930759593, 23.08395543534396], [72.55065201364842, 23.08397679175307], [72.55086902336136, 23.083981706184318], [72.55088716575617, 23.08396491467256], [72.55089383506278, 23.083953075537522], [72.5508956883194, 23.08392205296363], [72.55089694351103, 23.08385280457828], [72.55089087431888, 23.08368909422023], [72.55089163175592, 23.083647306384925], [72.55088408404109, 23.083636441023888], [72.55082861384538, 23.08363438604622], [72.5508268993389, 23.08358658810314], [72.55085402111504, 23.083585814551352], [72.5508721098386, 23.08358490084743], [72.55087613304613, 23.083576603711123], [72.55086086501777, 23.0835611119916]]]}}, {"type": "Feature", "properties": {"objectid": 580, "name_of_park": "Chandlodia Lake Garden", "zone_id": 6, "ward_id": 2, "village_division": "Chandlodia", "road_name": "New Ranip Road", "contact_person": "Dinesh Bhai", "maintained_by": "Mother Dairy", "garden_area": 6033.27357997, "plot_area": 6033.27357997, "structure_type": "Garden", "no_of_trees": 59, "variety_of_trees": 7, "variety_of_shurbs": 10, "internal_walk_way": 1, "walkway_length": 70, "boundary_wall_details": "Only Chainlink Net", "shopping_area": 2, "no_of_shops": 0, "tp_no": "45-Chandlodia-Gota", "survey_no_fp_no": "128", "statues": 2, "no_of_statues": 0, "bird_feeder": 2, "no_of_bird_feeders": 0, "phone_number": "9724853446", "play_apparatus": 1, "play_apparatus_type": "Children Play", "no_of_play_apparatus": 14, "maintenance_trust_details": "Amul Fed", "no_of_benches": 0, "rent_on_shops": 2, "urinal_facilities": 2, "rest_hut": 2, "no_of_rest_huts": 0, "water_connection": 2, "water_connection_size": 0, "sewage_connection": 2, "no_of_water_bodies": 0, "total_area_of_water_bodies": 0, "fountain": 2, "no_of_fountains": 0, "no_of_light_poles": 15, "music_system": 2, "no_of_entry_gates": "2", "water_tank": 1, "water_tank_capacity": 5000, "drinking_water_facility": 2, "remarks": "", "address": "Chandlodia Lake , Ahmedabad , Gujarat", "ward": "02_CHANDLODIA", "zone": "NORTH WEST ZONE", "road_id": "", "source_of_water2": "Tanker", "st_length(shape)": 1288.1087024937328}, "geometry": {"type": "Polygon", "coordinates": [[[72.55176728944107, 23.084576308424023], [72.55192580101038, 23.08454819304927], [72.55197534115953, 23.084538653633032], [72.55219213369327, 23.084496909185074], [72.55240445088057, 23.084462940024316], [72.55259615518503, 23.0844267398346], [72.5527743173998, 23.084397017108152], [72.55285104423791, 23.084380053899682], [72.55289326928839, 23.084386441033203], [72.55297154130345, 23.084398164373077], [72.55301511171811, 23.08441415513639], [72.55313270347762, 23.084448187583376], [72.55320775727435, 23.084466548576263], [72.55332390035235, 23.084497011483723], [72.55337866030763, 23.084511263540325], [72.5533861330351, 23.084511141938076], [72.55344558358311, 23.084507285970854], [72.55348447120707, 23.084498334771283], [72.55350830889331, 23.084464518473318], [72.55352247349842, 23.084423655157508], [72.55352843141715, 23.084379797479087], [72.55353137858422, 23.08433111662922], [72.55351889061565, 23.084279330290965], [72.55344840416407, 23.08417982966518], [72.5533970488543, 23.084107376146974], [72.55336663026927, 23.08407633177569], [72.55333582761564, 23.084013042949476], [72.55323953080043, 23.08391314129329], [72.55319148348029, 23.08386666358047], [72.553107036408, 23.083759175468554], [72.55306507677915, 23.083681135875107], [72.55298789493771, 23.083609237929682], [72.55289231935552, 23.083526544868896], [72.5527277007066, 23.08337876842932], [72.55261990971283, 23.083286331930502], [72.5525313024635, 23.083218078942867], [72.55244644392631, 23.083170903010018], [72.55242407032583, 23.083160200543404], [72.55231846718566, 23.08310968226526], [72.55222285263099, 23.083086224681427], [72.552143669544, 23.083067799248294], [72.55211952228593, 23.083063978063702], [72.55207872286508, 23.08306326955787], [72.5520543128085, 23.083065067583135], [72.55201096349151, 23.083068788182075], [72.55194715684547, 23.083080989822907], [72.55188520867452, 23.08309967319003], [72.55182588719292, 23.083124606453765], [72.55174311911956, 23.08317070147323], [72.55174241435148, 23.08317109317389], [72.55172102936858, 23.083183002936888], [72.55156418711027, 23.083285530649384], [72.55146782808177, 23.083358997641373], [72.55144330750835, 23.083382291280607], [72.55142586657867, 23.083401789390244], [72.5513824265109, 23.08345154104029], [72.55132879799568, 23.083520054678196], [72.55131349669834, 23.083542524446827], [72.5512577272834, 23.083632089708114], [72.55120603123288, 23.08373519002101], [72.5511497517393, 23.083844168393888], [72.55114704462109, 23.083849409348655], [72.55112710059409, 23.08388802785985], [72.55110766255001, 23.08399186688632], [72.551115418429, 23.084190715361274], [72.55112790950149, 23.08435619726189], [72.55115727156526, 23.08444550691975], [72.55119458821343, 23.084494812298736], [72.55125650846205, 23.084554054160524], [72.5513148534226, 23.084582666767194], [72.55136511294538, 23.084601599117867], [72.55145598143442, 23.08460205355886], [72.55155927437175, 23.084600789522394], [72.55157535839035, 23.08460028610138], [72.55168066800532, 23.08459133556946], [72.55176728944107, 23.084576308424023]], [[72.5520042770781, 23.083112979335805], [72.55206132969306, 23.083098936025525], [72.55216375080013, 23.083110078170602], [72.55236594399274, 23.083171733010012], [72.55245734854634, 23.083220921623006], [72.55256345936643, 23.083288724722163], [72.55265657554928, 23.083375086564697], [72.55279572284086, 23.083496671809897], [72.55294836591911, 23.08362145249107], [72.55298283499067, 23.083657546570766], [72.5529094873029, 23.0837105201242], [72.55289100455396, 23.083723867997346], [72.55278806157226, 23.083632951161764], [72.5527863631463, 23.083637886404368], [72.5527834431693, 23.08364637132261], [72.55278052415105, 23.083654857158393], [72.55277760417323, 23.08366334207643], [72.552774684195, 23.08367182699439], [72.5527717642, 23.08368031281476], [72.55277335640632, 23.083698158898436], [72.55295642026873, 23.08385386402625], [72.55297392521555, 23.08388518674632], [72.55300660665972, 23.08400512139941], [72.55300451603297, 23.084049277327583], [72.55297936207057, 23.08415517845245], [72.55296269540409, 23.08422012830297], [72.5529341069793, 23.08425909604482], [72.55288064908083, 23.08431718689959], [72.55287301579864, 23.084321163486116], [72.55286538253237, 23.08432513916975], [72.55285775022483, 23.08432911577059], [72.55285011694134, 23.084333092355884], [72.55284248463296, 23.084337068955914], [72.55272997691729, 23.084368432566507], [72.55250155304935, 23.084407884977683], [72.55216574184576, 23.084463091468816], [72.55215619574041, 23.084464875342004], [72.5521466496512, 23.08446665831209], [72.55213710356182, 23.084468441281587], [72.55212755649671, 23.084470224235343], [72.55211801040693, 23.08447200720363], [72.5521084643006, 23.08447379107382], [72.55209891821042, 23.0844755740409], [72.55208937212004, 23.084477357007383], [72.55207982602947, 23.08447913997327], [72.5520702789632, 23.08448092292343], [72.55206073285586, 23.08448270679061], [72.55205118676471, 23.084484489754697], [72.55204164067335, 23.0844862727182], [72.55203209458179, 23.08448805568108], [72.55202254751454, 23.08448983862824], [72.55201300142258, 23.084491621589926], [72.5518184477362, 23.084534872554826], [72.55162373249875, 23.08456624766358], [72.55138165249804, 23.084568583562362], [72.55128024952862, 23.084522583916957], [72.5512105977293, 23.084434081935036], [72.55117576830234, 23.08430455978828], [72.5511636150256, 23.084034941642628], [72.55116873763122, 23.083923236859672], [72.55133444704084, 23.083604785090984], [72.55139989296346, 23.083520502087573], [72.55140614030921, 23.083513582742224], [72.551412387638, 23.083506664299072], [72.55141863595794, 23.08349974496824], [72.55142488330176, 23.083492825621967], [72.55143113064491, 23.083485906275403], [72.55143737798744, 23.08347898692851], [72.55144362628843, 23.083472068498953], [72.55144987362964, 23.083465149151447], [72.5514561209702, 23.08345822980364], [72.55146119312107, 23.083452192278834], [72.55146626429598, 23.083446154738674], [72.55147133644593, 23.08344011721344], [72.5514764085954, 23.083434079688], [72.55148147976892, 23.083428042147222], [72.55148655191746, 23.08342200462137], [72.55149225626256, 23.083415541770897], [72.55149796158256, 23.083409078935304], [72.55150366592653, 23.08340261608434], [72.55150937028628, 23.083396152330586], [72.55151507560464, 23.083389689494215], [72.55152077994694, 23.08338322664246], [72.55152648428867, 23.083376763790433], [72.55153386811511, 23.083371097945324], [72.55154125096547, 23.083365432084687], [72.5515486338152, 23.08335976622364], [72.55155601666434, 23.083354100362197], [72.55156340048836, 23.083348434515475], [72.55157078333627, 23.08334276865322], [72.55157816618357, 23.083337102790587], [72.55158554998941, 23.083331437845164], [72.55159293283549, 23.083325771981706], [72.55160031568097, 23.083320106117842], [72.55160769852584, 23.08331444025358], [72.55161508234559, 23.083308774404045], [72.55162246518924, 23.083303108538974], [72.55162984803229, 23.083297442673505], [72.55163723087472, 23.08329177680763], [72.55164555711389, 23.083287197149794], [72.55165388335251, 23.083282617491474], [72.55166220959062, 23.083278037832653], [72.55167053582818, 23.08327345817334], [72.55167886108971, 23.083268878498405], [72.5516871873262, 23.083264298838127], [72.5516955135785, 23.083259718274842], [72.55170383981391, 23.083255138613566], [72.55171216507328, 23.083250558936687], [72.55172049130762, 23.08324597927443], [72.55172881754143, 23.08324139961169], [72.5517371437747, 23.083236819948468], [72.55174547000743, 23.083232240284744], [72.55175379526412, 23.0832276606054], [72.55176212149578, 23.08322308094069], [72.55177044772691, 23.08321850127551], [72.5517787739575, 23.08321392160982], [72.55178710018754, 23.083209341943643], [72.55179542544155, 23.08320476226186], [72.55180375168688, 23.0832001816922], [72.55181207791533, 23.08319560202455], [72.55181997343362, 23.083191313587555], [72.5518278689678, 23.083187024247607], [72.55183576448513, 23.083182735809718], [72.55184366001838, 23.083178446468903], [72.55185155553477, 23.083174158030136], [72.55185945009156, 23.083169868673288], [72.55186734560701, 23.083165580233658], [72.55187524113832, 23.083161290891063], [72.5518831366528, 23.083157002450534], [72.55189103218318, 23.083152713107076], [72.55189892771307, 23.08314842376316], [72.5520042770781, 23.083112979335805]]]}}, {"type": "Feature", "properties": {"objectid": 581, "name_of_park": "Shyamaldas Lallubhai Patel Udhyan \r\nUdhyan (Kids Garden)", "zone_id": 5, "ward_id": 4, "village_division": "Sabarmati", "road_name": "Sabarmati Power House to Vasat Petrol Pump Road", "contact_person": "Ashwin Bhai", "maintained_by": "Mother Dairy", "garden_area": 5695.0751191, "plot_area": 0, "structure_type": "Store Room", "no_of_trees": 64, "variety_of_trees": 5, "variety_of_shurbs": 4, "internal_walk_way": 1, "walkway_length": 241, "boundary_wall_details": "Chainlinked", "shopping_area": 2, "no_of_shops": 0, "tp_no": "23-Sabarmati", "survey_no_fp_no": "191/P", "statues": 2, "no_of_statues": 0, "bird_feeder": 2, "no_of_bird_feeders": 0, "phone_number": "9099131880", "play_apparatus": 1, "play_apparatus_type": "Children Play", "no_of_play_apparatus": 12, "maintenance_trust_details": "Amul Fed", "no_of_benches": 10, "rent_on_shops": 2, "urinal_facilities": 1, "rest_hut": 1, "no_of_rest_huts": 1, "water_connection": 1, "water_connection_size": 1, "sewage_connection": 1, "no_of_water_bodies": 0, "total_area_of_water_bodies": 0, "fountain": 1, "no_of_fountains": 1, "no_of_light_poles": 13, "music_system": 2, "no_of_entry_gates": "1", "water_tank": 1, "water_tank_capacity": 5000, "drinking_water_facility": 1, "remarks": "", "address": "Shyamaldas Lallubhai Patel  Garden , Nr. Sabarmati Police Station , Tollnaka , Sabarmati , Ahmedabad , Gujarat\r\nUdhyan (Kids Garden)-Ambica Nagar, Sabarmati, Ahmedabad, Gujarat 380005,Ahmedabad Gujarat", "ward": "04_SABARMATI", "zone": "WEST ZONE", "road_id": "", "source_of_water2": "A.M.C. Supply", "st_length(shape)": 313.15470252689045}, "geometry": {"type": "Polygon", "coordinates": [[[72.59137394740812, 23.085628395195336], [72.59135964534666, 23.08558782185469], [72.59128754592138, 23.08559200562009], [72.59128872492715, 23.085572890123952], [72.59108838047227, 23.085573431283755], [72.59093455476153, 23.085557041871493], [72.59070572611232, 23.085529985029332], [72.59058253225311, 23.085497869688528], [72.59046074243003, 23.085473590135102], [72.59044171494448, 23.085479137045354], [72.59043824881185, 23.085496596224615], [72.59047430033782, 23.08559784061342], [72.59058787326803, 23.085868993940505], [72.59070179185191, 23.086177968960136], [72.59072752038699, 23.08620875008658], [72.5907627352588, 23.086229761692866], [72.59079587693799, 23.086228808652162], [72.59080328870074, 23.086226262194], [72.59147157714737, 23.086000399675033], [72.59148002284185, 23.08598824172929], [72.59148037375394, 23.085967955330396], [72.59146409877812, 23.085905474859622], [72.59137394740812, 23.085628395195336]]]}}, {"type": "Feature", "properties": {"objectid": 582, "name_of_park": "R.C.Technical Garden", "zone_id": 6, "ward_id": 1, "village_division": "Gota", "road_name": "Sola Bhagwat Road", "contact_person": "Kanaiyalal", "maintained_by": "Mother Dairy", "garden_area": 13763.64855557, "plot_area": 0, "structure_type": "Garden", "no_of_trees": 186, "variety_of_trees": 11, "variety_of_shurbs": 6, "internal_walk_way": 1, "walkway_length": 300, "boundary_wall_details": "Compound Wall", "shopping_area": 2, "no_of_shops": 0, "tp_no": "29-Naranpura", "survey_no_fp_no": "63", "statues": 2, "no_of_statues": 0, "bird_feeder": 2, "no_of_bird_feeders": 0, "phone_number": "9558340466", "play_apparatus": 1, "play_apparatus_type": "Children Play", "no_of_play_apparatus": 7, "maintenance_trust_details": "Amul Fed", "no_of_benches": 19, "rent_on_shops": 2, "urinal_facilities": 2, "rest_hut": 2, "no_of_rest_huts": 0, "water_connection": 1, "water_connection_size": 1, "sewage_connection": 2, "no_of_water_bodies": 1, "total_area_of_water_bodies": 2250, "fountain": 2, "no_of_fountains": 0, "no_of_light_poles": 21, "music_system": 2, "no_of_entry_gates": "2", "water_tank": 2, "water_tank_capacity": 0, "drinking_water_facility": 2, "remarks": "", "address": "R.C.Technical Garden Nr, R.C. Techinal College , Sola Bhagwat Road  Ahmedabad , Gujarat", "ward": "01_GOTA", "zone": "NORTH WEST ZONE", "road_id": "", "source_of_water2": "A.M.C. Supply", "st_length(shape)": 853.8980486727554}, "geometry": {"type": "Polygon", "coordinates": [[[72.53061103267527, 23.085430349443165], [72.53073403549845, 23.08519819780442], [72.53076349848556, 23.085210601190475], [72.53081573158316, 23.085248440974468], [72.5308465952431, 23.0852548945641], [72.53086485767184, 23.085244432095347], [72.5309454104643, 23.085145374014587], [72.53097657381785, 23.08510632732957], [72.53125983437288, 23.08475140716813], [72.53115623477103, 23.08468256262163], [72.53112811689995, 23.084673445601045], [72.53083004231081, 23.084565765846254], [72.53078337288042, 23.08454690045639], [72.53021078716553, 23.084445983879508], [72.52983993497624, 23.08439599310897], [72.52951401072966, 23.0843598414651], [72.52933192121779, 23.084364157528363], [72.52920851780785, 23.08440641375285], [72.52915392942947, 23.084443945996604], [72.52911508752273, 23.08471546009278], [72.52912263673953, 23.084796787803167], [72.52913766401984, 23.084822103219413], [72.5291694458742, 23.084848874334728], [72.52923891325297, 23.08486190418713], [72.5296189607335, 23.08492263593018], [72.52972682732694, 23.08494874975883], [72.5297419638935, 23.08496809514686], [72.52975150161285, 23.085011237866823], [72.52975067209951, 23.08505660701826], [72.52974656388686, 23.08514014096366], [72.52973356982733, 23.08523037327177], [72.52972837443814, 23.085260387834662], [72.52971955699634, 23.08531900711266], [72.52973625140326, 23.085337899329083], [72.5297591139823, 23.085358320738816], [72.5298204550601, 23.085392241903666], [72.53016965431645, 23.085525254027562], [72.5302899991889, 23.085551500471897], [72.53042370579865, 23.085609483524063], [72.53054682218863, 23.085686487836956], [72.53056541637957, 23.085666100348675], [72.53057103597777, 23.08564110896629], [72.53058872903306, 23.085591226266274], [72.53064050090836, 23.085513792150664], [72.53062049083118, 23.08550097782156], [72.53059870417746, 23.085487026216494], [72.53059487027217, 23.08546711927532], [72.53061103267527, 23.085430349443165]], [[72.52997818538839, 23.084572519039085], [72.5300253761513, 23.084533130240043], [72.53013164275002, 23.08453861527675], [72.53041471139686, 23.084588903915275], [72.53062645826513, 23.084642853675202], [72.53071823949018, 23.084706390562378], [72.53073110160845, 23.084737165211955], [72.53073677225399, 23.084765916240176], [72.53073571029651, 23.08482129960479], [72.53073118290574, 23.084828872367435], [72.53067832840166, 23.08492135560245], [72.53055746574502, 23.085132841539846], [72.530484850057, 23.085158471113722], [72.53043921597872, 23.08516922208224], [72.5303783918383, 23.085163494000888], [72.53023952245046, 23.085077244500134], [72.53002330946481, 23.08492863867929], [72.52997844278676, 23.08489736317213], [72.52994922007821, 23.08485773466719], [72.52992843047397, 23.08480868341878], [72.52992632865549, 23.084754191240176], [72.52995351567732, 23.08462277005185], [72.52997818538839, 23.084572519039085]]]}}, {"type": "Feature", "properties": {"objectid": 583, "name_of_park": "Motera Lake Garden\r\n(Auda Lake & Garden)", "zone_id": 5, "ward_id": 4, "village_division": "Sabarmati", "road_name": "Motera PVR Road", "contact_person": "Ashwin Bhai", "maintained_by": "Mother Dairy", "garden_area": 9988.47312871, "plot_area": 0, "structure_type": "Store Room", "no_of_trees": 55, "variety_of_trees": 4, "variety_of_shurbs": 5, "internal_walk_way": 1, "walkway_length": 382, "boundary_wall_details": "Chainlinked", "shopping_area": 2, "no_of_shops": 0, "tp_no": "21-Motera", "survey_no_fp_no": "368", "statues": 2, "no_of_statues": 0, "bird_feeder": 2, "no_of_bird_feeders": 0, "phone_number": "9099131880", "play_apparatus": 1, "play_apparatus_type": "Children Play, GYM Equipment", "no_of_play_apparatus": 38, "maintenance_trust_details": "Amul Fed", "no_of_benches": 10, "rent_on_shops": 2, "urinal_facilities": 1, "rest_hut": 2, "no_of_rest_huts": 0, "water_connection": 1, "water_connection_size": 1.51, "sewage_connection": 2, "no_of_water_bodies": 1, "total_area_of_water_bodies": 6629, "fountain": 2, "no_of_fountains": 0, "no_of_light_poles": 22, "music_system": 2, "no_of_entry_gates": "2", "water_tank": 1, "water_tank_capacity": 10000, "drinking_water_facility": 1, "remarks": "", "address": "Motera Lake Garden , BH. 4-D Mall , MOtera , Ahmedabad , Gujarat\r\n(Auda Lake & Garden)-Behind 4 D Square Mall, Kalol Road, Motera, Ahmedabad, Gujarat 380005,Ahmedabad Gujarat", "ward": "04_SABARMATI", "zone": "WEST ZONE", "road_id": "", "source_of_water2": "A.M.C. Supply , Shellow Bore ", "st_length(shape)": 832.7325030734714}, "geometry": {"type": "Polygon", "coordinates": [[[72.59670272682752, 23.103361775595523], [72.59720645858147, 23.10298727154121], [72.59722089023144, 23.102974354100112], [72.59722764178352, 23.10295773655118], [72.59722540020631, 23.10293859327436], [72.59722182531881, 23.102921818444898], [72.5970953723749, 23.102700140518987], [72.59687104981113, 23.10231932384461], [72.59654538970354, 23.101756622098115], [72.5965364604273, 23.101750515081473], [72.59652097189002, 23.101750279118995], [72.59650277423432, 23.101757167242006], [72.5962028915932, 23.101922189891113], [72.59562665433737, 23.102235870627503], [72.59647778775496, 23.103523162710793], [72.59670272682752, 23.103361775595523]], [[72.5966366832292, 23.10228140105735], [72.59665559224477, 23.10228099036938], [72.59673345033177, 23.10230484794922], [72.596779512304, 23.10232824099524], [72.59683659535781, 23.10238524357336], [72.59690438175564, 23.102493762882784], [72.5969930259828, 23.102663510414164], [72.59705537311206, 23.102787473726625], [72.5970628204026, 23.10280430663937], [72.59705844907126, 23.10282021473988], [72.59705577450276, 23.10283038714609], [72.596656559173, 23.10324924859294], [72.59663202468336, 23.103267478390716], [72.59657147332442, 23.10327606667274], [72.59650029496945, 23.103249304493584], [72.59642596702984, 23.10318188819108], [72.59612565016181, 23.102936062614354], [72.5961043240516, 23.102901103432906], [72.59609070025985, 23.102868649467993], [72.5960938771964, 23.1028352571353], [72.59610737957401, 23.102802022140267], [72.59619848108052, 23.102688757355004], [72.5964568621328, 23.10238934135707], [72.59652762423298, 23.102330704190866], [72.59659804520223, 23.102291170019463], [72.5966366832292, 23.10228140105735]]]}}, {"type": "Feature", "properties": {"objectid": 584, "name_of_park": "Devi Public Park", "zone_id": 5, "ward_id": 3, "village_division": "Chandkheda", "road_name": "Jantanagar-Chendkheda Road", "contact_person": "Ashwin Bhai", "maintained_by": "Mother Dairy ", "garden_area": 3029.09978504, "plot_area": 0, "structure_type": "Garden", "no_of_trees": 126, "variety_of_trees": 5, "variety_of_shurbs": 4, "internal_walk_way": 1, "walkway_length": 42, "boundary_wall_details": "Chainlinked", "shopping_area": 2, "no_of_shops": 0, "tp_no": "20A-Chandkheda", "survey_no_fp_no": "102", "statues": 2, "no_of_statues": 0, "bird_feeder": 1, "no_of_bird_feeders": 1, "phone_number": "9099131880", "play_apparatus": 1, "play_apparatus_type": "Children Play", "no_of_play_apparatus": 9, "maintenance_trust_details": "Amul Fed", "no_of_benches": 27, "rent_on_shops": 2, "urinal_facilities": 2, "rest_hut": 2, "no_of_rest_huts": 0, "water_connection": 1, "water_connection_size": 1.5, "sewage_connection": 1, "no_of_water_bodies": 0, "total_area_of_water_bodies": 0, "fountain": 2, "no_of_fountains": 0, "no_of_light_poles": 3, "music_system": 2, "no_of_entry_gates": "2", "water_tank": 2, "water_tank_capacity": 0, "drinking_water_facility": 2, "remarks": "", "address": "Devi Public Park , Parshvanath , Jantanagar,Ahmedabad , Gujarat", "ward": "03_CHANDKHEDA", "zone": "WEST ZONE", "road_id": "", "source_of_water2": "A.M.C. Supply , Tanker", "st_length(shape)": 261.5642892948515}, "geometry": {"type": "Polygon", "coordinates": [[[72.58469910701723, 23.1087835907573], [72.58500426366753, 23.107892540636318], [72.5844159076281, 23.108014903723088], [72.58463486765582, 23.108765886763226], [72.58465995613746, 23.10880687679704], [72.58467815526632, 23.108799989275727], [72.58469910701723, 23.1087835907573]]]}}, {"type": "Feature", "properties": {"objectid": 585, "name_of_park": "Veer Sahid Rushikesh Ramani Garden", "zone_id": 4, "ward_id": 24, "village_division": "Nikol", "road_name": "Rajhans Cinema Cross Road", "contact_person": "Dilipsinh C. Rathod", "maintained_by": "Mother Dairy", "garden_area": 33350, "plot_area": 0, "structure_type": "Garden", "no_of_trees": 185, "variety_of_trees": 8, "variety_of_shurbs": 9, "internal_walk_way": 1, "walkway_length": 1100, "boundary_wall_details": "Compound Wall", "shopping_area": 1, "no_of_shops": 2, "tp_no": "102-Nikol", "survey_no_fp_no": "86", "statues": 1, "no_of_statues": 1, "bird_feeder": 2, "no_of_bird_feeders": 0, "phone_number": "7487048423", "play_apparatus": 1, "play_apparatus_type": "Swing,Slider,Multipurpose,Exercise", "no_of_play_apparatus": 31, "maintenance_trust_details": "Mother Dairy", "no_of_benches": 16, "rent_on_shops": 1, "urinal_facilities": 1, "rest_hut": 1, "no_of_rest_huts": 1, "water_connection": 1, "water_connection_size": 1, "sewage_connection": 1, "no_of_water_bodies": 0, "total_area_of_water_bodies": 0, "fountain": 1, "no_of_fountains": 1, "no_of_light_poles": 42, "music_system": 2, "no_of_entry_gates": "2", "water_tank": 1, "water_tank_capacity": 20000, "drinking_water_facility": 1, "remarks": "", "address": "Opp. Surohi Bunglow-1 , Rajhans Cinema Cross Road , Nikol , Ahmedabad , Gujarat 382350", "ward": "24_NIKOL", "zone": "EAST ZONE", "road_id": "", "source_of_water2": "", "st_length(shape)": 742.3751493345737}, "geometry": {"type": "Polygon", "coordinates": [[[72.66545446032019, 23.051668514985536], [72.66547440179613, 23.051808695407193], [72.66552307383486, 23.052152293782015], [72.6656036753032, 23.052693508906348], [72.6655534557727, 23.05269749961081], [72.6656348564797, 23.053281529002117], [72.66737702443879, 23.053147366227158], [72.66737968820516, 23.05314711845158], [72.66738234172969, 23.053146785660047], [72.66738498207079, 23.053146368711975], [72.66738760630236, 23.053145867564165], [72.66739020852559, 23.053145284837978], [72.66739278974697, 23.05314461874266], [72.6673953440832, 23.053143870996994], [72.66739786859273, 23.05314304246036], [72.66740036324435, 23.053142134937957], [72.66740282121063, 23.05314114832898], [72.667405242476, 23.053140083536054], [72.66740762115717, 23.053138942277943], [72.66740995819842, 23.05313772637422], [72.66741224869183, 23.053136437558102], [72.66741448969579, 23.053135076688946], [72.66741667922847, 23.053133645543145], [72.66741881434822, 23.053132144980108], [72.66742089305768, 23.053130577678804], [72.66742291337502, 23.053128945415605], [72.66742487136769, 23.053127249938107], [72.66742676503831, 23.053125493925247], [72.66742859437133, 23.05312367827966], [72.66743035445883, 23.053121804734516], [72.6674320432879, 23.053119876871367], [72.6674336607963, 23.05311789830057], [72.66743520407354, 23.053115868076333], [72.66743667110666, 23.053113789780227], [72.66743806085807, 23.053111667008206], [72.6674393713304, 23.053109502439213], [72.6674406005885, 23.053107295141903], [72.66744174657275, 23.053105051405566], [72.66744281022741, 23.053102773049787], [72.66744378859529, 23.05310046183655], [72.6674446806388, 23.053098121361803], [72.66744548632684, 23.053095753430703], [72.66744620169578, 23.053093361596037], [72.66744682960942, 23.053090949511354], [72.66744736808596, 23.053088518953007], [72.6674478151436, 23.053086071697376], [72.66744817265523, 23.0530836122862], [72.66744843860795, 23.053081144301025], [72.66744861202638, 23.053078667727473], [72.6674486947679, 23.053076188009832], [72.66744868385979, 23.05307370781269], [72.667448582197, 23.05307122898441], [72.66744838874193, 23.05306875512095], [72.66744810247256, 23.053066288915637], [72.66744772722812, 23.053063834036436], [72.66717168241821, 23.051460973811835], [72.66617192374837, 23.05162918095415], [72.66616201485454, 23.05157927231735], [72.66615957775636, 23.051560211289484], [72.66545446032019, 23.051668514985536]]]}}, {"type": "Feature", "properties": {"objectid": 586, "name_of_park": "Garden Near Madhav School", "zone_id": 4, "ward_id": 41, "village_division": "Vastral", "road_name": "Madhav School Road", "contact_person": "Trushar Patel", "maintained_by": "Mother Dairy", "garden_area": 11482, "plot_area": 0, "structure_type": "Garden", "no_of_trees": 80, "variety_of_trees": 2, "variety_of_shurbs": 1, "internal_walk_way": 1, "walkway_length": 600, "boundary_wall_details": "Compound Wall", "shopping_area": 1, "no_of_shops": 1, "tp_no": "113-Vastral", "survey_no_fp_no": "185", "statues": 2, "no_of_statues": 0, "bird_feeder": 2, "no_of_bird_feeders": 0, "phone_number": "7622980573", "play_apparatus": 1, "play_apparatus_type": "Swing, Slider,Rock Climber,Exercise", "no_of_play_apparatus": 5, "maintenance_trust_details": "Mother Dairy", "no_of_benches": 26, "rent_on_shops": 2, "urinal_facilities": 1, "rest_hut": 1, "no_of_rest_huts": 1, "water_connection": 1, "water_connection_size": 1, "sewage_connection": 2, "no_of_water_bodies": 0, "total_area_of_water_bodies": 0, "fountain": 1, "no_of_fountains": 1, "no_of_light_poles": 16, "music_system": 2, "no_of_entry_gates": "2", "water_tank": 1, "water_tank_capacity": 20000, "drinking_water_facility": 2, "remarks": "", "address": "Madhav School Road , Vastral , Ahmedabad , Gujarat 382418.", "ward": "41_VASTRAL", "zone": "EAST ZONE", "road_id": "", "source_of_water2": "", "st_length(shape)": 431.9918322049465}, "geometry": {"type": "Polygon", "coordinates": [[[72.66154101677665, 23.004530629535612], [72.66136980253054, 23.003666980264196], [72.660216137669, 23.003910483447722], [72.66037424707875, 23.00472595410503], [72.66154101677665, 23.004530629535612]]]}}, {"type": "Feature", "properties": {"objectid": 587, "name_of_park": "Dipali Nagar Garden", "zone_id": 4, "ward_id": 41, "village_division": "Vastral", "road_name": "Seth R.T. Road", "contact_person": "Trushar Patel", "maintained_by": "Mother Dairy", "garden_area": 2220, "plot_area": 0, "structure_type": "Garden", "no_of_trees": 31, "variety_of_trees": 3, "variety_of_shurbs": 3, "internal_walk_way": 1, "walkway_length": 300, "boundary_wall_details": "Compound Wall", "shopping_area": 2, "no_of_shops": 0, "tp_no": "104-Odhav", "survey_no_fp_no": "41", "statues": 2, "no_of_statues": 0, "bird_feeder": 1, "no_of_bird_feeders": 1, "phone_number": "7622980573", "play_apparatus": 1, "play_apparatus_type": "Slider & Exercise", "no_of_play_apparatus": 4, "maintenance_trust_details": "Mother Dairy", "no_of_benches": 9, "rent_on_shops": 2, "urinal_facilities": 2, "rest_hut": 1, "no_of_rest_huts": 1, "water_connection": 1, "water_connection_size": 1.5, "sewage_connection": 2, "no_of_water_bodies": 0, "total_area_of_water_bodies": 0, "fountain": 2, "no_of_fountains": 0, "no_of_light_poles": 10, "music_system": 2, "no_of_entry_gates": "2", "water_tank": 1, "water_tank_capacity": 15000, "drinking_water_facility": 2, "remarks": "", "address": "Bhavik Nagar, Adinath Nagar, Odhav, Ahmedabad, Gujarat 382415.", "ward": "41_VASTRAL", "zone": "EAST ZONE", "road_id": "", "source_of_water2": "", "st_length(shape)": 267.94521038169796}, "geometry": {"type": "Polygon", "coordinates": [[[72.65771661537792, 23.016265550106862], [72.65784224402287, 23.016274812037384], [72.65817523108078, 23.016295837237422], [72.65871210502024, 23.016336906026222], [72.65873749061657, 23.016047605095103], [72.65774062355788, 23.015986940990075], [72.65771661537792, 23.016265550106862]]]}}, {"type": "Feature", "properties": {"objectid": 588, "name_of_park": "Virmaya Udhyan", "zone_id": 4, "ward_id": 39, "village_division": "Amraiwadi", "road_name": "Amraiwadi Road", "contact_person": "Vishalkumar S. Vasava", "maintained_by": "Mother Dairy", "garden_area": 12141, "plot_area": 0, "structure_type": "Garden", "no_of_trees": 81, "variety_of_trees": 10, "variety_of_shurbs": 10, "internal_walk_way": 1, "walkway_length": 255, "boundary_wall_details": "Compound Wall", "shopping_area": 2, "no_of_shops": 0, "tp_no": "10-Rakhial", "survey_no_fp_no": "159", "statues": 2, "no_of_statues": 0, "bird_feeder": 2, "no_of_bird_feeders": 0, "phone_number": "7874127452", "play_apparatus": 1, "play_apparatus_type": "Swing,Slider,Rides", "no_of_play_apparatus": 10, "maintenance_trust_details": "Amul Fed", "no_of_benches": 26, "rent_on_shops": 2, "urinal_facilities": 2, "rest_hut": 1, "no_of_rest_huts": 1, "water_connection": 1, "water_connection_size": 1, "sewage_connection": 2, "no_of_water_bodies": 0, "total_area_of_water_bodies": 0, "fountain": 2, "no_of_fountains": 0, "no_of_light_poles": 10, "music_system": 2, "no_of_entry_gates": "2", "water_tank": 1, "water_tank_capacity": 15000, "drinking_water_facility": 2, "remarks": "", "address": "Virmaya Udhyan , Jantanagar Housing Society , Nr. A.E.C. , Amraiwadi , Ahmedabad , Gujarat 380038.", "ward": "39_AMRAIWADI", "zone": "EAST ZONE", "road_id": "", "source_of_water2": "", "st_length(shape)": 276.6714173537988}, "geometry": {"type": "Polygon", "coordinates": [[[72.62075039531233, 23.00896644949945], [72.62134153868588, 23.008898783748148], [72.6213350132354, 23.00884851800117], [72.6213153847529, 23.00868112200603], [72.62126980234078, 23.008471434272327], [72.62126959296607, 23.00847036040505], [72.62126929029681, 23.00846787767103], [72.62125685691878, 23.008293723124023], [72.62125207307761, 23.008220674321368], [72.62124942139316, 23.008207272128814], [72.62123706997633, 23.008201922465663], [72.62118883881321, 23.00819468561814], [72.62094306178618, 23.008226635483535], [72.62068749433787, 23.008263461845594], [72.62067337647004, 23.008270135244402], [72.62066525122913, 23.008281218631662], [72.62065904623495, 23.008302198484177], [72.62065538641053, 23.00834676160631], [72.62065447494284, 23.008398713028466], [72.62066103900582, 23.00843625712046], [72.62068234174629, 23.008541585587498], [72.620682511614, 23.008542520732977], [72.62069785965147, 23.008642000716996], [72.6207150491561, 23.00876231700517], [72.6207326494759, 23.00885905203228], [72.62075039531233, 23.00896644949945]]]}}, {"type": "Feature", "properties": {"objectid": 589, "name_of_park": "Municipal Garden Nr. Takshshila School", "zone_id": 4, "ward_id": 42, "village_division": "Vastral", "road_name": "Takshshila School Road", "contact_person": "Trushar Patel", "maintained_by": "Mother Dairy", "garden_area": 2606, "plot_area": 0, "structure_type": "Garden", "no_of_trees": 15, "variety_of_trees": 3, "variety_of_shurbs": 4, "internal_walk_way": 1, "walkway_length": 150, "boundary_wall_details": "Compound Wall", "shopping_area": 1, "no_of_shops": 1, "tp_no": "2-Odhav", "survey_no_fp_no": "20", "statues": 2, "no_of_statues": 0, "bird_feeder": 2, "no_of_bird_feeders": 0, "phone_number": "7622980573", "play_apparatus": 2, "play_apparatus_type": "", "no_of_play_apparatus": 0, "maintenance_trust_details": "Mother Dairy", "no_of_benches": 11, "rent_on_shops": 2, "urinal_facilities": 1, "rest_hut": 1, "no_of_rest_huts": 1, "water_connection": 1, "water_connection_size": 0.5, "sewage_connection": 2, "no_of_water_bodies": 0, "total_area_of_water_bodies": 0, "fountain": 2, "no_of_fountains": 0, "no_of_light_poles": 11, "music_system": 2, "no_of_entry_gates": "1", "water_tank": 1, "water_tank_capacity": 10000, "drinking_water_facility": 2, "remarks": "", "address": "Nr.Takshshila School , Vastral , Ahmedabad , Gujarat 380038.", "ward": "42_INDRAPURI", "zone": "EAST ZONE", "road_id": "", "source_of_water2": "", "st_length(shape)": 175.21102938924753}, "geometry": {"type": "Polygon", "coordinates": [[[72.65195799466245, 23.01050166373885], [72.65126021838276, 23.01048502627732], [72.6512347744277, 23.010684392393745], [72.65123857189123, 23.010696685482916], [72.65125204562607, 23.01071447225766], [72.651268085826, 23.010725305739328], [72.65129757700949, 23.010732716771074], [72.65133020212619, 23.01072209006318], [72.65148113154683, 23.010669412805477], [72.65192498982631, 23.010512990949465], [72.65195799466245, 23.01050166373885]]]}}, {"type": "Feature", "properties": {"objectid": 590, "name_of_park": "Municipal Garden Nr. Satadhar Society", "zone_id": 4, "ward_id": 48, "village_division": "Ramol", "road_name": "Express Highway", "contact_person": "Bhavin Rupapara", "maintained_by": "Mother Dairy", "garden_area": 7066, "plot_area": 0, "structure_type": "Garden", "no_of_trees": 31, "variety_of_trees": 14, "variety_of_shurbs": 25, "internal_walk_way": 1, "walkway_length": 215, "boundary_wall_details": "Compound Wall", "shopping_area": 1, "no_of_shops": 1, "tp_no": "1-Khokhra Mehmedabad", "survey_no_fp_no": "89", "statues": 2, "no_of_statues": 0, "bird_feeder": 2, "no_of_bird_feeders": 0, "phone_number": "9510926793", "play_apparatus": 1, "play_apparatus_type": "Swing,Slider,Multipurpose", "no_of_play_apparatus": 4, "maintenance_trust_details": "Mother Dairy", "no_of_benches": 14, "rent_on_shops": 2, "urinal_facilities": 2, "rest_hut": 2, "no_of_rest_huts": 0, "water_connection": 1, "water_connection_size": 2, "sewage_connection": 2, "no_of_water_bodies": 0, "total_area_of_water_bodies": 0, "fountain": 2, "no_of_fountains": 0, "no_of_light_poles": 15, "music_system": 2, "no_of_entry_gates": "1", "water_tank": 1, "water_tank_capacity": 20000, "drinking_water_facility": 2, "remarks": "", "address": "Nr. Satadhar Society , Express Highway , Ahmedabad , Gujarat 382445.", "ward": "48_RAMOL_HATHIJAN", "zone": "EAST ZONE", "road_id": "", "source_of_water2": "", "st_length(shape)": 253.13347252445658}, "geometry": {"type": "Polygon", "coordinates": [[[72.63440918408568, 22.98352522968133], [72.63420788533348, 22.983639909578084], [72.63458078436051, 22.98420495976954], [72.63458856181647, 22.984200698203992], [72.63463584971475, 22.984174787818635], [72.63478327468181, 22.98409400867757], [72.63487725964835, 22.98404251027224], [72.63500075840847, 22.983974840823045], [72.63502618371534, 22.983960909143065], [72.63464316700974, 22.983391929661803], [72.63463149840896, 22.983398577026644], [72.63440918408568, 22.98352522968133]]]}}, {"type": "Feature", "properties": {"objectid": 591, "name_of_park": "Senior Citizen Park", "zone_id": 4, "ward_id": 25, "village_division": "Viratnagar", "road_name": "Virat Nagar Road", "contact_person": "Kinjal Sapra", "maintained_by": "Mother Dairy", "garden_area": 3446, "plot_area": 0, "structure_type": "Garden", "no_of_trees": 30, "variety_of_trees": 10, "variety_of_shurbs": 7, "internal_walk_way": 1, "walkway_length": 176.8, "boundary_wall_details": "Compound Wall", "shopping_area": 1, "no_of_shops": 1, "tp_no": "1-Nikol-Rakhial", "survey_no_fp_no": "197", "statues": 2, "no_of_statues": 0, "bird_feeder": 2, "no_of_bird_feeders": 0, "phone_number": "9824585765", "play_apparatus": 1, "play_apparatus_type": "Exercise Instrument", "no_of_play_apparatus": 1, "maintenance_trust_details": "Mother Dairy", "no_of_benches": 7, "rent_on_shops": 2, "urinal_facilities": 1, "rest_hut": 1, "no_of_rest_huts": 1, "water_connection": 1, "water_connection_size": 1.5, "sewage_connection": 2, "no_of_water_bodies": 0, "total_area_of_water_bodies": 0, "fountain": 2, "no_of_fountains": 0, "no_of_light_poles": 0, "music_system": 2, "no_of_entry_gates": "1", "water_tank": 1, "water_tank_capacity": 10000, "drinking_water_facility": 2, "remarks": "", "address": "Senior Citizen Park , Virat Nagar Road , Virat Nagar ,  Ahmedabad , Gujarat 382350.", "ward": "25_VIRATNAGAR", "zone": "EAST ZONE", "road_id": "", "source_of_water2": "", "st_length(shape)": 245.61105451531046}, "geometry": {"type": "Polygon", "coordinates": [[[72.65206878494583, 23.031741960437415], [72.65160660051077, 23.031666661746286], [72.65177227872452, 23.031768649735742], [72.6519159083475, 23.03189815288088], [72.6523774915871, 23.032314335273206], [72.65241920178451, 23.03183735819919], [72.65225307279105, 23.031792131134345], [72.65206878494583, 23.031741960437415]]]}}, {"type": "Feature", "properties": {"objectid": 592, "name_of_park": "Parijat Public Park", "zone_id": 6, "ward_id": 7, "village_division": "Ghatlodiya", "road_name": "K.K. Nagar Road", "contact_person": "Dinesh Bhai", "maintained_by": "Mother Dairy", "garden_area": 1376.87564541, "plot_area": 1376.87564541, "structure_type": "Garden", "no_of_trees": 5, "variety_of_trees": 1, "variety_of_shurbs": 3, "internal_walk_way": 1, "walkway_length": 105, "boundary_wall_details": "Compound Wall With Chainlink Net", "shopping_area": 2, "no_of_shops": 0, "tp_no": "2-Ghatlodia", "survey_no_fp_no": "205", "statues": 2, "no_of_statues": 0, "bird_feeder": 2, "no_of_bird_feeders": 0, "phone_number": "9724853446", "play_apparatus": 2, "play_apparatus_type": "", "no_of_play_apparatus": 0, "maintenance_trust_details": "Amul Fed", "no_of_benches": 1, "rent_on_shops": 2, "urinal_facilities": 2, "rest_hut": 2, "no_of_rest_huts": 0, "water_connection": 2, "water_connection_size": 0, "sewage_connection": 2, "no_of_water_bodies": 0, "total_area_of_water_bodies": 0, "fountain": 2, "no_of_fountains": 0, "no_of_light_poles": 4, "music_system": 2, "no_of_entry_gates": "1", "water_tank": 2, "water_tank_capacity": 0, "drinking_water_facility": 2, "remarks": "", "address": "BH. Kalptaru Public Park , Ahmedabad , Gujarat", "ward": "07_GHATLODIA", "zone": "NORTH WEST ZONE", "road_id": "", "source_of_water2": "", "st_length(shape)": 148.80362661161556}, "geometry": {"type": "Polygon", "coordinates": [[[72.54982983437715, 23.075304227293792], [72.54980982359525, 23.075295347780056], [72.54976207982855, 23.075393450116216], [72.5497335829174, 23.07545090642278], [72.54966522029972, 23.075590081205196], [72.54986478552149, 23.07566781733504], [72.54998233544771, 23.07571446067941], [72.55002117329887, 23.075730245924838], [72.55011184088445, 23.07553548382771], [72.55015368751033, 23.07544609088666], [72.55011734302082, 23.075429908330765], [72.54997336288271, 23.075366818367378], [72.54982983437715, 23.075304227293792]]]}}, {"type": "Feature", "properties": {"objectid": 593, "name_of_park": "Swami Vivekanand Garden", "zone_id": 6, "ward_id": 2, "village_division": "Chandlodiya", "road_name": "Maharana Pratap Road", "contact_person": "Dinesh Bhai", "maintained_by": "Mother Dairy", "garden_area": 1270.6048901, "plot_area": 0, "structure_type": "Garden", "no_of_trees": 12, "variety_of_trees": 5, "variety_of_shurbs": 3, "internal_walk_way": 1, "walkway_length": 150, "boundary_wall_details": "Compound Wall With Chainlink Net", "shopping_area": 1, "no_of_shops": 1, "tp_no": "29-Naranpura", "survey_no_fp_no": "85", "statues": 2, "no_of_statues": 0, "bird_feeder": 2, "no_of_bird_feeders": 0, "phone_number": "9724853446", "play_apparatus": 1, "play_apparatus_type": "Childern Ply", "no_of_play_apparatus": 7, "maintenance_trust_details": "Amul Fed", "no_of_benches": 10, "rent_on_shops": 2, "urinal_facilities": 2, "rest_hut": 2, "no_of_rest_huts": 0, "water_connection": 1, "water_connection_size": 0.5, "sewage_connection": 2, "no_of_water_bodies": 0, "total_area_of_water_bodies": 0, "fountain": 2, "no_of_fountains": 0, "no_of_light_poles": 5, "music_system": 2, "no_of_entry_gates": "1", "water_tank": 2, "water_tank_capacity": 0, "drinking_water_facility": 2, "remarks": "", "address": "Nr. Torrent Power , Chankaypuri , Ahmedbabad , Gujarat", "ward": "02_CHANDLODIA", "zone": "NORTH WEST ZONE", "road_id": "", "source_of_water2": "A.M.C. Supply", "st_length(shape)": 177.0703521292922}, "geometry": {"type": "Polygon", "coordinates": [[[72.53527965414723, 23.08137801751063], [72.53560725297847, 23.081796183742746], [72.53561120186755, 23.081118133547264], [72.53558427243725, 23.081153604812204], [72.53552305970284, 23.08120414495823], [72.53527965414723, 23.08137801751063]]]}}, {"type": "Feature", "properties": {"objectid": 594, "name_of_park": "Gotila Lake Garden", "zone_id": 6, "ward_id": 8, "village_division": "Thaltej", "road_name": "Sindhubhavan Road", "contact_person": "Kanti BHai", "maintained_by": "Mother Dairy", "garden_area": 54463.39218641, "plot_area": 54463.39218641, "structure_type": "Garden", "no_of_trees": 464, "variety_of_trees": 7, "variety_of_shurbs": 5, "internal_walk_way": 2, "walkway_length": 0, "boundary_wall_details": "Compound Wall With Chainlink Net", "shopping_area": 1, "no_of_shops": 2, "tp_no": "213-Bodakdev", "survey_no_fp_no": "93,147,38", "statues": 2, "no_of_statues": 0, "bird_feeder": 2, "no_of_bird_feeders": 0, "phone_number": "9558340466", "play_apparatus": 2, "play_apparatus_type": "", "no_of_play_apparatus": 0, "maintenance_trust_details": "Amul Fed", "no_of_benches": 0, "rent_on_shops": 1, "urinal_facilities": 1, "rest_hut": 1, "no_of_rest_huts": 1, "water_connection": 2, "water_connection_size": 0, "sewage_connection": 2, "no_of_water_bodies": 0, "total_area_of_water_bodies": 0, "fountain": 2, "no_of_fountains": 0, "no_of_light_poles": 70, "music_system": 2, "no_of_entry_gates": "6", "water_tank": 2, "water_tank_capacity": 0, "drinking_water_facility": 2, "remarks": "", "address": "Sindhubhavan Road , Bodakdev , Ahmedabad , Gujarat", "ward": "08_THALTEJ", "zone": "NORTH WEST ZONE", "road_id": "", "source_of_water2": "Bore", "st_length(shape)": 1387.054639014862}, "geometry": {"type": "Polygon", "coordinates": [[[72.4956989171805, 23.03990423271415], [72.49570522374965, 23.039892130315906], [72.49607309519764, 23.040080228502703], [72.49622950906763, 23.040160203283587], [72.49627163824503, 23.040181744552033], [72.49664211757757, 23.040386150164217], [72.4968438091229, 23.040467728789544], [72.49708258212507, 23.040563800082214], [72.496899504339, 23.040279032066422], [72.49653130359188, 23.039709071362285], [72.49580720239005, 23.039779778771187], [72.49521084442107, 23.039838008957663], [72.49508260129652, 23.03861140453695], [72.49397385450844, 23.038719663273977], [72.49330357622966, 23.03876942512593], [72.4931782810385, 23.03878073024691], [72.49312823158985, 23.038805812638522], [72.49311218228418, 23.03885648962915], [72.49339227079994, 23.04121393993933], [72.49341877254746, 23.0412591828482], [72.49349867001276, 23.041271724935466], [72.49457145418172, 23.041177027144865], [72.49447458283336, 23.040221347460122], [72.49527319440053, 23.040150846626453], [72.49558473247586, 23.04012334354101], [72.4956989171805, 23.03990423271415]]]}}, {"type": "Feature", "properties": {"objectid": 595, "name_of_park": "Bodakdev Triangle Garden", "zone_id": 6, "ward_id": 19, "village_division": "Bodakdev", "road_name": "AMC Zonal Office Road", "contact_person": "Ajit Chauhan", "maintained_by": "Mother Dairy", "garden_area": 1598.56975354, "plot_area": 0, "structure_type": "Garden", "no_of_trees": 41, "variety_of_trees": 4, "variety_of_shurbs": 5, "internal_walk_way": 1, "walkway_length": 70, "boundary_wall_details": "Compound Wall With Chainlink Net", "shopping_area": 2, "no_of_shops": 0, "tp_no": "1-B-Bodakdev", "survey_no_fp_no": "368", "statues": 2, "no_of_statues": 0, "bird_feeder": 2, "no_of_bird_feeders": 0, "phone_number": "8401181424", "play_apparatus": 1, "play_apparatus_type": "GYM Equipment", "no_of_play_apparatus": 5, "maintenance_trust_details": "Amul Fed", "no_of_benches": 8, "rent_on_shops": 2, "urinal_facilities": 2, "rest_hut": 2, "no_of_rest_huts": 0, "water_connection": 1, "water_connection_size": 0.5, "sewage_connection": 2, "no_of_water_bodies": 0, "total_area_of_water_bodies": 0, "fountain": 2, "no_of_fountains": 0, "no_of_light_poles": 4, "music_system": 2, "no_of_entry_gates": "1", "water_tank": 1, "water_tank_capacity": 5000, "drinking_water_facility": 1, "remarks": "", "address": "Nr.New Grand Bhagawati , Bodakdev , Ahmedabad , Gujarat", "ward": "19_BODAKDEV", "zone": "NORTH WEST ZONE", "road_id": "", "source_of_water2": "A.M.C. Supply", "st_length(shape)": 182.23868567054305}, "geometry": {"type": "Polygon", "coordinates": [[[72.51472091728526, 23.04075658010651], [72.51451178463273, 23.040338803142852], [72.51449856260652, 23.04032142772143], [72.51448599547307, 23.040311364913606], [72.51447517942594, 23.040307296792676], [72.51446615258412, 23.04030523381806], [72.51444473013791, 23.040313042471976], [72.51443670412513, 23.04031995770046], [72.51442939008108, 23.040328206646794], [72.51442274482837, 23.04034210737201], [72.5144190154673, 23.040353705900724], [72.51436817903151, 23.040581157916822], [72.51429605123957, 23.04088449670151], [72.51428126785262, 23.0409490850489], [72.51472091728526, 23.04075658010651]]]}}, {"type": "Feature", "properties": {"objectid": 596, "name_of_park": "Virta Public Park", "zone_id": 6, "ward_id": 19, "village_division": "Vastrapur-Bodakdev", "road_name": "L.J. College Road", "contact_person": "Ajit Chauhan", "maintained_by": "Mother Dairy", "garden_area": 2095.59885984, "plot_area": 0, "structure_type": "Garden", "no_of_trees": 14, "variety_of_trees": 5, "variety_of_shurbs": 5, "internal_walk_way": 1, "walkway_length": 50, "boundary_wall_details": "Compound Wall With Chainlink Net", "shopping_area": 1, "no_of_shops": 1, "tp_no": "1-Vastrapur", "survey_no_fp_no": "14", "statues": 2, "no_of_statues": 0, "bird_feeder": 2, "no_of_bird_feeders": 0, "phone_number": "8401181424", "play_apparatus": 1, "play_apparatus_type": "Children Play", "no_of_play_apparatus": 8, "maintenance_trust_details": "Amul Fed", "no_of_benches": 8, "rent_on_shops": 2, "urinal_facilities": 2, "rest_hut": 2, "no_of_rest_huts": 0, "water_connection": 1, "water_connection_size": 0.5, "sewage_connection": 2, "no_of_water_bodies": 0, "total_area_of_water_bodies": 0, "fountain": 2, "no_of_fountains": 0, "no_of_light_poles": 8, "music_system": 2, "no_of_entry_gates": "1", "water_tank": 1, "water_tank_capacity": 5000, "drinking_water_facility": 2, "remarks": "", "address": "Nr. L.J. College , Vastrapur , Ahmedabad , Gujarat", "ward": "19_BODAKDEV", "zone": "NORTH WEST ZONE", "road_id": "", "source_of_water2": "A.M.C. Supply", "st_length(shape)": 191.07901597674692}, "geometry": {"type": "Polygon", "coordinates": [[[72.52998429494028, 23.03415649755483], [72.52992178003012, 23.034162845910213], [72.52937379833362, 23.034231464468416], [72.52939269079519, 23.034462249995922], [72.52939829828082, 23.03448203932522], [72.52940502566865, 23.034491661279457], [72.5294185400833, 23.034502449116914], [72.52943331770105, 23.03450986504334], [72.52944934395826, 23.034515028246105], [72.53003319172801, 23.034452696865294], [72.52998429494028, 23.03415649755483]]]}}, {"type": "Feature", "properties": {"objectid": 597, "name_of_park": "Visamo Public Park", "zone_id": 6, "ward_id": 19, "village_division": "Vastrapur-Bodakdev", "road_name": "Nirman School Road", "contact_person": "Ajit Chauhan", "maintained_by": "Mother Dairy", "garden_area": 836.05153156, "plot_area": 0, "structure_type": "Garden", "no_of_trees": 11, "variety_of_trees": 5, "variety_of_shurbs": 3, "internal_walk_way": 1, "walkway_length": 30, "boundary_wall_details": "Compound Wall With Chainlink Net", "shopping_area": 2, "no_of_shops": 0, "tp_no": "1-Vastrapur", "survey_no_fp_no": "62", "statues": 2, "no_of_statues": 0, "bird_feeder": 2, "no_of_bird_feeders": 0, "phone_number": "8401181424", "play_apparatus": 1, "play_apparatus_type": "Children Play", "no_of_play_apparatus": 6, "maintenance_trust_details": "Amul Fed", "no_of_benches": 8, "rent_on_shops": 2, "urinal_facilities": 2, "rest_hut": 2, "no_of_rest_huts": 0, "water_connection": 1, "water_connection_size": 0.5, "sewage_connection": 2, "no_of_water_bodies": 0, "total_area_of_water_bodies": 0, "fountain": 2, "no_of_fountains": 0, "no_of_light_poles": 6, "music_system": 2, "no_of_entry_gates": "1", "water_tank": 2, "water_tank_capacity": 0, "drinking_water_facility": 2, "remarks": "", "address": "Nr. Hanuman Temple , Vastrapur , Ahmedabad , Gujarat", "ward": "19_BODAKDEV", "zone": "NORTH WEST ZONE", "road_id": "", "source_of_water2": "A.M.C. Supply", "st_length(shape)": 125.46589145867996}, "geometry": {"type": "Polygon", "coordinates": [[[72.52808739758568, 23.035271788071025], [72.52808454436436, 23.0350638022962], [72.5279515347685, 23.035059241987653], [72.52781094552027, 23.03505162549374], [72.52782455159708, 23.035376666087103], [72.52797656879396, 23.03537366162813], [72.52797145298103, 23.03527623231273], [72.52808739758568, 23.035271788071025]]]}}, {"type": "Feature", "properties": {"objectid": 598, "name_of_park": "Krutik Public Park", "zone_id": 6, "ward_id": 19, "village_division": "Vastrapur-Bodakdev", "road_name": "Lad Society Road", "contact_person": "Ajit Chauhan", "maintained_by": "Mother Dairy", "garden_area": 1352.64671875, "plot_area": 0, "structure_type": "Garden", "no_of_trees": 11, "variety_of_trees": 4, "variety_of_shurbs": 5, "internal_walk_way": 1, "walkway_length": 50, "boundary_wall_details": "Compound Wall With Chainlink Net", "shopping_area": 2, "no_of_shops": 0, "tp_no": "1-Vastrapur", "survey_no_fp_no": "160", "statues": 2, "no_of_statues": 0, "bird_feeder": 2, "no_of_bird_feeders": 0, "phone_number": "8401181424", "play_apparatus": 1, "play_apparatus_type": "Children Play", "no_of_play_apparatus": 5, "maintenance_trust_details": "Amul Fed", "no_of_benches": 12, "rent_on_shops": 2, "urinal_facilities": 2, "rest_hut": 2, "no_of_rest_huts": 0, "water_connection": 1, "water_connection_size": 0.5, "sewage_connection": 2, "no_of_water_bodies": 0, "total_area_of_water_bodies": 0, "fountain": 2, "no_of_fountains": 0, "no_of_light_poles": 4, "music_system": 2, "no_of_entry_gates": "1", "water_tank": 2, "water_tank_capacity": 0, "drinking_water_facility": 2, "remarks": "", "address": "Krutik Public Park , Lad Society Road , Vastrapur , Ahmedabad , Gujarat", "ward": "19_BODAKDEV", "zone": "NORTH WEST ZONE", "road_id": "", "source_of_water2": "Tanker", "st_length(shape)": 156.33197000492729}, "geometry": {"type": "Polygon", "coordinates": [[[72.5248515810256, 23.03712967441684], [72.52487940606494, 23.037025537059222], [72.52490016141124, 23.036929342464816], [72.52474075664136, 23.03689926869682], [72.52460388187262, 23.03687288861298], [72.52457558118087, 23.03688003945172], [72.524565671739, 23.03690182206723], [72.52456449555055, 23.036917554864033], [72.52456749269548, 23.037108925582416], [72.52452861134527, 23.0372571751375], [72.52462960371801, 23.037275821137623], [72.524715859961, 23.037291934340793], [72.52471249582477, 23.037338676712036], [72.52477944916338, 23.037348621582293], [72.52478085669601, 23.037344245412026], [72.52478364887466, 23.037335624514913], [72.52483839913106, 23.037167731183185], [72.5248515810256, 23.03712967441684]]]}}, {"type": "Feature", "properties": {"objectid": 599, "name_of_park": "Senior Citizen Park", "zone_id": 6, "ward_id": 1, "village_division": "Gota", "road_name": "S.G. Highway , Gota", "contact_person": "Suresh Bhai Kharadi", "maintained_by": "A.M.C.", "garden_area": 2400, "plot_area": 0, "structure_type": "Garden", "no_of_trees": 44, "variety_of_trees": 7, "variety_of_shurbs": 2, "internal_walk_way": 1, "walkway_length": 170, "boundary_wall_details": "Fencing", "shopping_area": 2, "no_of_shops": 0, "tp_no": "", "survey_no_fp_no": "", "statues": 2, "no_of_statues": 0, "bird_feeder": 1, "no_of_bird_feeders": 1, "phone_number": "7383351773", "play_apparatus": 2, "play_apparatus_type": "", "no_of_play_apparatus": 0, "maintenance_trust_details": "A.M.C.", "no_of_benches": 7, "rent_on_shops": 2, "urinal_facilities": 2, "rest_hut": 2, "no_of_rest_huts": 0, "water_connection": 1, "water_connection_size": 1, "sewage_connection": 2, "no_of_water_bodies": 0, "total_area_of_water_bodies": 0, "fountain": 2, "no_of_fountains": 0, "no_of_light_poles": 9, "music_system": 2, "no_of_entry_gates": "1", "water_tank": 2, "water_tank_capacity": 0, "drinking_water_facility": 2, "remarks": "", "address": "Nr.Audi Show Room , Gota , Ahmedabad , Gujarat", "ward": "01_GOTA", "zone": "NORTH WEST ZONE", "road_id": "", "source_of_water2": "A.M.C. Supply", "st_length(shape)": 79.50765503627484}, "geometry": {"type": "Polygon", "coordinates": [[[72.52644816270468, 23.073841642038847], [72.52660727227776, 23.073787407417274], [72.5266134808951, 23.073785376310962], [72.52661928069239, 23.073782370537604], [72.52662451983797, 23.07377846878471], [72.52662906117736, 23.07377377319544], [72.52663278582381, 23.07376840669463], [72.52663559627057, 23.073762509770763], [72.52663741894355, 23.073756236798165], [72.52663820612742, 23.07374975199565], [72.5266379372146, 23.073743225127487], [72.52663661924495, 23.07373682705918], [72.5266342867213, 23.0737307252844], [72.52663100070629, 23.07372507954021], [72.52658064142861, 23.0736556203911], [72.52656840754531, 23.07364347524067], [72.52655449543421, 23.073633295567564], [72.52653921779792, 23.073625310180358], [72.52652291803193, 23.07361969856664], [72.52650596250619, 23.073616586858684], [72.52648873233014, 23.07361604499836], [72.52647161478652, 23.07361808516507], [72.52639075136888, 23.073804915283482], [72.52638974903546, 23.07381081827336], [72.52638974262608, 23.07381680575369], [72.52639073231936, 23.073822710875955], [72.52639269053627, 23.07382836908666], [72.52639556270867, 23.07383362271278], [72.52639926879996, 23.073838325355563], [72.52640370553533, 23.07384234597007], [72.5264087492797, 23.073845572516927], [72.52641425948289, 23.073847915084436], [72.52642008259633, 23.07384930839406], [72.52642605635177, 23.073849713619516], [72.52643201428317, 23.073849119468694], [72.52643779036543, 23.073847542498342], [72.52644322364091, 23.07384502665268], [72.52644816270468, 23.073841642038847]]]}}, {"type": "Feature", "properties": {"objectid": 600, "name_of_park": "Vandematram Garden", "zone_id": 6, "ward_id": 2, "village_division": "Chandlodiya", "road_name": "Vandematram Road", "contact_person": "Sonalben ", "maintained_by": "A.M.C.", "garden_area": 5990.56236431, "plot_area": 0, "structure_type": "Garden", "no_of_trees": 21, "variety_of_trees": 5, "variety_of_shurbs": 3, "internal_walk_way": 1, "walkway_length": 250, "boundary_wall_details": "Compound Wall", "shopping_area": 2, "no_of_shops": 2, "tp_no": "33-Gota", "survey_no_fp_no": "142", "statues": 2, "no_of_statues": 0, "bird_feeder": 2, "no_of_bird_feeders": 0, "phone_number": "8160787941", "play_apparatus": 1, "play_apparatus_type": "Children Play", "no_of_play_apparatus": 15, "maintenance_trust_details": "A.M.C", "no_of_benches": 24, "rent_on_shops": 1, "urinal_facilities": 1, "rest_hut": 1, "no_of_rest_huts": 1, "water_connection": 1, "water_connection_size": 2, "sewage_connection": 1, "no_of_water_bodies": 0, "total_area_of_water_bodies": 0, "fountain": 2, "no_of_fountains": 0, "no_of_light_poles": 22, "music_system": 2, "no_of_entry_gates": "2", "water_tank": 1, "water_tank_capacity": 5000, "drinking_water_facility": 1, "remarks": "", "address": "Nr.Vandematram City , Chandlodiya , Ahmedabad , Gujarat", "ward": "02_CHANDLODIA", "zone": "NORTH WEST ZONE", "road_id": "", "source_of_water2": "A.M.C. Supply", "st_length(shape)": 315.5936406243572}, "geometry": {"type": "Polygon", "coordinates": [[[72.54677609043246, 23.09635169875844], [72.54661132291808, 23.095895851066985], [72.54661047797941, 23.095893640619714], [72.54660955149394, 23.095891460501], [72.54660854346172, 23.095889310710856], [72.54660745580105, 23.095887193084586], [72.54660628940557, 23.095885112149904], [72.54660504617723, 23.09588307064464], [72.5466037280508, 23.095881069501623], [72.54660233400149, 23.095879111413183], [72.54660086887445, 23.095877198260176], [72.5465993335796, 23.09587533366778], [72.5465977281006, 23.095873518538493], [72.54659605625773, 23.095871757445497], [72.54659432003497, 23.09587004861411], [72.54659252030953, 23.095868397474522], [72.54659066000812, 23.095866804072237], [72.54658874200827, 23.095865271160257], [72.54658676821194, 23.095863801476433], [72.54658473961113, 23.09586239413343], [72.546582659067, 23.095861052786734], [72.5465805304326, 23.095859780204556], [72.54657835666752, 23.0958585746274], [72.54657613674695, 23.095857438747572], [72.54657387743435, 23.09585637628127], [72.54657157973809, 23.095855385438647], [72.54656924559292, 23.09585446715257], [72.54656687979475, 23.09585362601137], [72.54656448138438, 23.09585286109737], [72.54656205816644, 23.095852172531952], [72.54655961012453, 23.095851561217575], [72.54655714114453, 23.09585102811743], [72.546554654104, 23.09585057598453], [72.54655215100327, 23.09585020214171], [72.54654963571186, 23.095849908454657], [72.54654711016451, 23.095849695856177], [72.54654457923913, 23.095849564422153], [72.54654204491962, 23.095849512377878], [72.54653951008353, 23.09584954247641], [72.54653697767401, 23.095849653860736], [72.54653445162613, 23.09584984478651], [72.54653193286627, 23.095850117976415], [72.54652942731349, 23.09585046991148], [72.54652693591058, 23.09585090241187], [72.54652446355178, 23.09585141465089], [72.54652201026991, 23.095852004823605], [72.54651957996727, 23.095852672990635], [72.54651717851371, 23.09585341834052], [72.5456756342679, 23.096129625500872], [72.54587512417785, 23.096647407762152], [72.54677609043246, 23.09635169875844]]]}}, {"type": "Feature", "properties": {"objectid": 601, "name_of_park": "Garden Opp. White Field Makarba", "zone_id": 7, "ward_id": 33, "village_division": "Makarba", "road_name": "Makarba Railway Parallel Road", "contact_person": "Bharat Bhai", "maintained_by": "A.M.C.", "garden_area": 4000, "plot_area": 19413.83388032, "structure_type": "Garden", "no_of_trees": 12, "variety_of_trees": 7, "variety_of_shurbs": 10, "internal_walk_way": 1, "walkway_length": 360, "boundary_wall_details": "Compound Wall With Chainlink Net", "shopping_area": 2, "no_of_shops": 0, "tp_no": "84-A-Makarba", "survey_no_fp_no": "89", "statues": 2, "no_of_statues": 0, "bird_feeder": 2, "no_of_bird_feeders": 0, "phone_number": "9664628191", "play_apparatus": 2, "play_apparatus_type": "", "no_of_play_apparatus": 0, "maintenance_trust_details": "A.M.C.", "no_of_benches": 6, "rent_on_shops": 2, "urinal_facilities": 2, "rest_hut": 2, "no_of_rest_huts": 0, "water_connection": 2, "water_connection_size": 0, "sewage_connection": 2, "no_of_water_bodies": 0, "total_area_of_water_bodies": 0, "fountain": 2, "no_of_fountains": 0, "no_of_light_poles": 8, "music_system": 2, "no_of_entry_gates": "1", "water_tank": 2, "water_tank_capacity": 0, "drinking_water_facility": 2, "remarks": "", "address": "Makarba Railway Parallel Garden , Opp. White Field , Makarba , Ahmedabad , Gujarat", "ward": "33_SARKHEJ", "zone": "SOUTH WEST ZONE", "road_id": "", "source_of_water2": "Bore", "st_length(shape)": 1282.2607793086038}, "geometry": {"type": "Polygon", "coordinates": [[[72.50710799144268, 23.001739696136003], [72.50710981488486, 23.001737472500956], [72.50711155355009, 23.00173519246317], [72.50711320737203, 23.001732859632583], [72.5071147733929, 23.0017304757681], [72.50711624863834, 23.001728043531124], [72.50711763403345, 23.001725565644456], [72.50711892657074, 23.001723046574497], [72.50712012428384, 23.001720487192987], [72.50712122611499, 23.001717891997036], [72.50712223103956, 23.001715263678737], [72.50712313801635, 23.001712605832683], [72.50712394506245, 23.001709920233132], [72.50712465209494, 23.001707211392535], [72.50712525808922, 23.00170448200297], [72.50712576202064, 23.001701734756566], [72.50712616284801, 23.00169897324788], [72.507126460505, 23.001696201086887], [72.50712665590015, 23.001693421898874], [72.50712674800884, 23.001690638375948], [72.50712673484816, 23.00168785229237], [72.5071266202015, 23.001685070026944], [72.50712640015281, 23.00168229242075], [72.50712607754379, 23.001679524032276], [72.50712565230809, 23.001676768471484], [72.50712512538742, 23.001674027558664], [72.50712449574058, 23.0016713048884], [72.507123765251, 23.00166860410139], [72.50712293482717, 23.001665928822884], [72.50712200539424, 23.001663281775702], [72.50712097787732, 23.001660665682653], [72.50711985320154, 23.001658083266555], [72.5071186332503, 23.00165553816805], [72.50711731893215, 23.001653034012417], [72.50711591213046, 23.001650574440326], [72.50711441576988, 23.00164815949781], [72.507112828776, 23.00164579458446], [72.50711115504832, 23.00164347976166], [72.50710939642049, 23.001641221377508], [72.5071075538674, 23.001639019447385], [72.50710563023068, 23.00163687852976], [72.507103628435, 23.00163479867068], [72.50710155034714, 23.00163278441327], [72.50709939887516, 23.00163083670611], [72.50709717494412, 23.001628958271986], [72.50709488336206, 23.0016271527976], [72.50709252508727, 23.001625421200796], [72.50675959312197, 23.001389406486254], [72.50656548293384, 23.001237029192325], [72.50579286728943, 23.000631916791026], [72.50502025767942, 23.000026801163358], [72.50424758531308, 22.99942118110402], [72.50347492191125, 22.998815557864887], [72.50270226357432, 22.99820993138481], [72.50269205458045, 22.99820311981285], [72.50267580847033, 22.998195171308165], [72.50265853763126, 22.998189801676993], [72.50264064863862, 22.998187137326617], [72.50261961530295, 22.998187616103955], [72.502598952881, 22.99819157776473], [72.50257923405754, 22.998198912506567], [72.50257910700725, 22.998198980916307], [72.50250877855233, 22.998236620811287], [72.50245603317836, 22.998264849822544], [72.50241782068737, 22.998285311589637], [72.50238669822593, 22.998301964588276], [72.50236376463796, 22.99831423305679], [72.50235903944825, 22.99831676111806], [72.50236467627577, 22.99832117781141], [72.5023839965822, 22.99833631924606], [72.50245357054565, 22.998390841361193], [72.50323089862844, 22.999000011943732], [72.50402316925705, 22.99962108998164], [72.50481544825345, 23.000242163756976], [72.5054627850853, 23.00074874401752], [72.50590723857611, 23.001099857314543], [72.50656426521027, 23.001612205880253], [72.50697122602014, 23.00190069912223], [72.50710799144268, 23.001739696136003]]]}}, {"type": "Feature", "properties": {"objectid": 602, "name_of_park": "Senior Citizen Garden", "zone_id": 7, "ward_id": 20, "village_division": "Jodhpur", "road_name": "Shelby Hospital Road", "contact_person": "Vijay Bhai", "maintained_by": "Mother Dairy", "garden_area": 3462.36308108, "plot_area": 0, "structure_type": "Garden", "no_of_trees": 69, "variety_of_trees": 6, "variety_of_shurbs": 8, "internal_walk_way": 1, "walkway_length": 220, "boundary_wall_details": "Compound Wall", "shopping_area": 1, "no_of_shops": 3, "tp_no": "6-Vejalpur", "survey_no_fp_no": "242+243", "statues": 2, "no_of_statues": 0, "bird_feeder": 2, "no_of_bird_feeders": 0, "phone_number": "9898278795", "play_apparatus": 1, "play_apparatus_type": "Children Play", "no_of_play_apparatus": 5, "maintenance_trust_details": "Amul Fed", "no_of_benches": 13, "rent_on_shops": 2, "urinal_facilities": 1, "rest_hut": 1, "no_of_rest_huts": 1, "water_connection": 1, "water_connection_size": 1, "sewage_connection": 2, "no_of_water_bodies": 0, "total_area_of_water_bodies": 0, "fountain": 2, "no_of_fountains": 0, "no_of_light_poles": 15, "music_system": 2, "no_of_entry_gates": "1", "water_tank": 1, "water_tank_capacity": 25000, "drinking_water_facility": 2, "remarks": "", "address": "Senior Citizen Garden , Opp. Shelby Hospital , Karnavati Club Road , Jodhpur , Ahmedabad , Gujarat", "ward": "20_JODHPUR", "zone": "SOUTH WEST ZONE", "road_id": "", "source_of_water2": "Tanker , A.M.C. Supply", "st_length(shape)": 265.4494353089166}, "geometry": {"type": "Polygon", "coordinates": [[[72.50635006121617, 23.01992989314837], [72.50618739058993, 23.01990462293677], [72.5062709998964, 23.020230382887018], [72.50631084490279, 23.020232570957077], [72.50633685529085, 23.020450241820523], [72.5066918092599, 23.020465868249826], [72.50697983198216, 23.020477377853524], [72.50697826954911, 23.020225956828614], [72.50677631273226, 23.020218298971265], [72.50677859360208, 23.020003493386454], [72.50635006121617, 23.01992989314837]]]}}, {"type": "Feature", "properties": {"objectid": 603, "name_of_park": "FP.184 Garden Nr. Ishan Tower", "zone_id": 7, "ward_id": 20, "village_division": "Jothpur", "road_name": "Keshav Party Plot Road", "contact_person": "Bhavan Thakor", "maintained_by": "Mother Dairy ", "garden_area": 2145.94071197, "plot_area": 0, "structure_type": "Garden", "no_of_trees": 86, "variety_of_trees": 9, "variety_of_shurbs": 4, "internal_walk_way": 1, "walkway_length": 100, "boundary_wall_details": "Compound Wall With Chainlink Net", "shopping_area": 2, "no_of_shops": 0, "tp_no": "4-Vejalpur", "survey_no_fp_no": "184", "statues": 2, "no_of_statues": 0, "bird_feeder": 2, "no_of_bird_feeders": 0, "phone_number": "8401085735", "play_apparatus": 2, "play_apparatus_type": "", "no_of_play_apparatus": 0, "maintenance_trust_details": "Amul Fed", "no_of_benches": 4, "rent_on_shops": 2, "urinal_facilities": 2, "rest_hut": 2, "no_of_rest_huts": 0, "water_connection": 2, "water_connection_size": 0, "sewage_connection": 2, "no_of_water_bodies": 0, "total_area_of_water_bodies": 0, "fountain": 2, "no_of_fountains": 0, "no_of_light_poles": 7, "music_system": 2, "no_of_entry_gates": "1", "water_tank": 2, "water_tank_capacity": 0, "drinking_water_facility": 2, "remarks": "", "address": "FP. 184 Garden , Opp. Keshav Party Plot , Ne, Ishan Tower , Jodhpur , Ahmedabad , Gujarat", "ward": "20_JODHPUR", "zone": "SOUTH WEST ZONE", "road_id": "", "source_of_water2": "Tanker", "st_length(shape)": 183.70599434681256}, "geometry": {"type": "Polygon", "coordinates": [[[72.52101440442154, 23.015690004466872], [72.52108364794415, 23.015556081930082], [72.52116995722068, 23.015450861617836], [72.5211703065845, 23.015447862732387], [72.52117054590768, 23.015444854900867], [72.5211706761157, 23.01544184084602], [72.52117069615107, 23.015438825065022], [72.52117060695579, 23.015435809378147], [72.52117040843083, 23.015432799200372], [72.52117010054322, 23.015429796336665], [72.52116968418538, 23.015426805314764], [72.52116915833291, 23.015423828826897], [72.52116852485318, 23.015420871416065], [72.52116778468823, 23.01541793490255], [72.52116693874702, 23.01541502291158], [72.52116598694704, 23.015412139955625], [72.52116493023027, 23.015409287854965], [72.52116377143913, 23.015406471167864], [72.52116251052415, 23.015403692601833], [72.52116114938576, 23.01540095489486], [72.52115968990792, 23.01539826168751], [72.5211581330326, 23.015395614800017], [72.52115648061076, 23.01539301967792], [72.52115473457586, 23.015390477254225], [72.52115289778682, 23.015387991184756], [72.5211509721441, 23.015385564207516], [72.52114895857316, 23.0153831990453], [72.52114685994947, 23.01538089845138], [72.52114241595149, 23.015376351173575], [72.52113780543449, 23.015371950240805], [72.52113303319085, 23.015367700241878], [72.52112810397993, 23.015363607570624], [72.52112302652706, 23.01535967507199], [72.52111780461661, 23.015355909124526], [72.52111244500739, 23.015352313445106], [72.52110695444178, 23.015348892653122], [72.52110133966208, 23.015345651367976], [72.5210956074436, 23.01534259240404], [72.5210897635537, 23.01533972036543], [72.52108381671768, 23.0153370380971], [72.52107777271935, 23.015334549300693], [72.52107163930903, 23.015332256805838], [72.52106542425349, 23.01533016253974], [72.52105913527006, 23.015328271137076], [72.52059611334768, 23.015312751040796], [72.52062479352118, 23.01572489867505], [72.52101440442154, 23.015690004466872]]]}}, {"type": "Feature", "properties": {"objectid": 604, "name_of_park": "Vidhur Public Park", "zone_id": 7, "ward_id": 32, "village_division": "Vejalpur", "road_name": "Opp. P & T Colony Road", "contact_person": "Vijay Bhai", "maintained_by": "Mother Dairy", "garden_area": 1544.04553624, "plot_area": 0, "structure_type": "Garden", "no_of_trees": 12, "variety_of_trees": 4, "variety_of_shurbs": 4, "internal_walk_way": 1, "walkway_length": 19.6, "boundary_wall_details": "Compound Wall", "shopping_area": 2, "no_of_shops": 0, "tp_no": "1-Vejalpur", "survey_no_fp_no": "204", "statues": 2, "no_of_statues": 0, "bird_feeder": 2, "no_of_bird_feeders": 0, "phone_number": "9898278795", "play_apparatus": 2, "play_apparatus_type": "", "no_of_play_apparatus": 0, "maintenance_trust_details": "Amul Fed", "no_of_benches": 0, "rent_on_shops": 2, "urinal_facilities": 2, "rest_hut": 2, "no_of_rest_huts": 0, "water_connection": 2, "water_connection_size": 0, "sewage_connection": 2, "no_of_water_bodies": 0, "total_area_of_water_bodies": 0, "fountain": 2, "no_of_fountains": 0, "no_of_light_poles": 0, "music_system": 2, "no_of_entry_gates": "1", "water_tank": 2, "water_tank_capacity": 0, "drinking_water_facility": 2, "remarks": "", "address": "Vidhur Public Park , Opp. P & T Coloy , Vejalpur , Ahmedabad , Gujarat", "ward": "32_VEJALPUR", "zone": "SOUTH WEST ZONE", "road_id": "", "source_of_water2": "Tanker", "st_length(shape)": 171.53879653177967}, "geometry": {"type": "Polygon", "coordinates": [[[72.5376892069765, 23.005949728404108], [72.53764659286517, 23.006041197565782], [72.53763548068532, 23.006085445927297], [72.53755214294043, 23.006362067813154], [72.53753087168826, 23.00645590923949], [72.53775468392996, 23.006521202582633], [72.53787628390116, 23.006183474822073], [72.53790438160554, 23.006193937095997], [72.53795824931387, 23.00605321134319], [72.5376892069765, 23.005949728404108]]]}}, {"type": "Feature", "properties": {"objectid": 605, "name_of_park": "Senior Citizen Garden", "zone_id": 7, "ward_id": 20, "village_division": "Jodhpur", "road_name": "Vishweshwar  Mahadev Temple Road", "contact_person": "Bhavan Thakor", "maintained_by": "Mother Dairy", "garden_area": 271.97659906, "plot_area": 0, "structure_type": "Garden", "no_of_trees": 11, "variety_of_trees": 4, "variety_of_shurbs": 6, "internal_walk_way": 1, "walkway_length": 20, "boundary_wall_details": "Compound Wall With Chainlink Net", "shopping_area": 2, "no_of_shops": 0, "tp_no": "5-Vejalpur", "survey_no_fp_no": "30", "statues": 2, "no_of_statues": 0, "bird_feeder": 2, "no_of_bird_feeders": 0, "phone_number": "8401085735", "play_apparatus": 2, "play_apparatus_type": "", "no_of_play_apparatus": 0, "maintenance_trust_details": "Amul Fed", "no_of_benches": 4, "rent_on_shops": 2, "urinal_facilities": 2, "rest_hut": 1, "no_of_rest_huts": 1, "water_connection": 1, "water_connection_size": 1, "sewage_connection": 2, "no_of_water_bodies": 0, "total_area_of_water_bodies": 0, "fountain": 2, "no_of_fountains": 0, "no_of_light_poles": 0, "music_system": 2, "no_of_entry_gates": "1", "water_tank": 2, "water_tank_capacity": 0, "drinking_water_facility": 2, "remarks": "", "address": "Senior Citizen Garden , BH Saman Mall , Vishweshawar Mahadev Road , Jodhpur , Ahmedabad , Gujarat", "ward": "20_JODHPUR", "zone": "SOUTH WEST ZONE", "road_id": "", "source_of_water2": "A.M.C. Supply", "st_length(shape)": 66.42589941033046}, "geometry": {"type": "Polygon", "coordinates": [[[72.52762723235382, 23.028991094266818], [72.52773410899984, 23.029095013746883], [72.52786578259486, 23.029007999232768], [72.52778524381675, 23.028897916817], [72.52762723235382, 23.028991094266818]]]}}, {"type": "Feature", "properties": {"objectid": 606, "name_of_park": "Shiv Public Park", "zone_id": 7, "ward_id": 20, "village_division": "Jodhpur", "road_name": "Shelraj Bunglow Road", "contact_person": "Vijay Bhai", "maintained_by": "Mother Dairy", "garden_area": 688.45306386, "plot_area": 0, "structure_type": "Garden", "no_of_trees": 17, "variety_of_trees": 8, "variety_of_shurbs": 6, "internal_walk_way": 1, "walkway_length": 100, "boundary_wall_details": "Compound Wall With Chainlink Net", "shopping_area": 2, "no_of_shops": 0, "tp_no": "6-Vejalpur", "survey_no_fp_no": "235", "statues": 2, "no_of_statues": 0, "bird_feeder": 1, "no_of_bird_feeders": 1, "phone_number": "9898278795", "play_apparatus": 2, "play_apparatus_type": "", "no_of_play_apparatus": 0, "maintenance_trust_details": "Amul Fed", "no_of_benches": 5, "rent_on_shops": 2, "urinal_facilities": 2, "rest_hut": 1, "no_of_rest_huts": 1, "water_connection": 2, "water_connection_size": 0, "sewage_connection": 2, "no_of_water_bodies": 0, "total_area_of_water_bodies": 0, "fountain": 2, "no_of_fountains": 0, "no_of_light_poles": 6, "music_system": 2, "no_of_entry_gates": "1", "water_tank": 1, "water_tank_capacity": 5000, "drinking_water_facility": 2, "remarks": "", "address": "Shiv Public Park , Nr. Shelraj Bunglow , Ramdevnagar , Jodhpur , Ahmedabad , Gujarat ", "ward": "20_JODHPUR", "zone": "SOUTH WEST ZONE", "road_id": "", "source_of_water2": "Tanker", "st_length(shape)": 110.18942028141078}, "geometry": {"type": "Polygon", "coordinates": [[[72.51022782621047, 23.02337213696547], [72.51022302366256, 23.023544874970632], [72.51057427629125, 23.023550018221606], [72.5105773502055, 23.023382692013826], [72.51022815537542, 23.02336648373379], [72.51022782621047, 23.02337213696547]]]}}, {"type": "Feature", "properties": {"objectid": 607, "name_of_park": "OM Public Park", "zone_id": 7, "ward_id": 32, "village_division": "Vejalpur", "road_name": "Devansh Flats Road", "contact_person": "Vijay BHai", "maintained_by": "Mother Dairy", "garden_area": 396.62659133, "plot_area": 0, "structure_type": "Garden", "no_of_trees": 13, "variety_of_trees": 4, "variety_of_shurbs": 4, "internal_walk_way": 2, "walkway_length": 0, "boundary_wall_details": "Compound Wall", "shopping_area": 2, "no_of_shops": 0, "tp_no": "1-Vejalpur", "survey_no_fp_no": "207", "statues": 2, "no_of_statues": 0, "bird_feeder": 2, "no_of_bird_feeders": 0, "phone_number": "9898278795", "play_apparatus": 1, "play_apparatus_type": "Children Play", "no_of_play_apparatus": 7, "maintenance_trust_details": "Amul Fed", "no_of_benches": 0, "rent_on_shops": 2, "urinal_facilities": 1, "rest_hut": 2, "no_of_rest_huts": 0, "water_connection": 2, "water_connection_size": 0, "sewage_connection": 2, "no_of_water_bodies": 0, "total_area_of_water_bodies": 0, "fountain": 2, "no_of_fountains": 0, "no_of_light_poles": 0, "music_system": 2, "no_of_entry_gates": "1", "water_tank": 2, "water_tank_capacity": 0, "drinking_water_facility": 2, "remarks": "", "address": "OM Public Park , Opp. JIvraj Police Chowky , Devansh Flat Road , Vejalpur , Ahmedabad , Gujarat", "ward": "32_VEJALPUR", "zone": "SOUTH WEST ZONE", "road_id": "", "source_of_water2": "Tanker", "st_length(shape)": 84.57973392980568}, "geometry": {"type": "Polygon", "coordinates": [[[72.53606150564595, 23.001006585799967], [72.53606981436003, 23.00078267613811], [72.53604493180927, 23.00078156842125], [72.53601532754911, 23.000782338970964], [72.53598784637404, 23.00079008027809], [72.53596816418302, 23.000802887400816], [72.53595338957177, 23.000819957917336], [72.53594243453313, 23.00083692810074], [72.5358577710407, 23.001029986232922], [72.53606150564595, 23.001006585799967]]]}}, {"type": "Feature", "properties": {"objectid": 608, "name_of_park": "FP. 212 Garden Jodhpur", "zone_id": 7, "ward_id": 20, "village_division": "Jodhpur", "road_name": "Sidhhraj  Appartment Road", "contact_person": "Nisarg Bhai", "maintained_by": "A.M.C.", "garden_area": 1468.29834203, "plot_area": 0, "structure_type": "Garden", "no_of_trees": 35, "variety_of_trees": 2, "variety_of_shurbs": 10, "internal_walk_way": 1, "walkway_length": 90, "boundary_wall_details": "Compound Wall With Chainlink Net", "shopping_area": 2, "no_of_shops": 0, "tp_no": "4-Vejalpur", "survey_no_fp_no": "212", "statues": 2, "no_of_statues": 0, "bird_feeder": 1, "no_of_bird_feeders": 1, "phone_number": "9825545926", "play_apparatus": 1, "play_apparatus_type": "Children Play, GYM Equipment", "no_of_play_apparatus": 8, "maintenance_trust_details": "A.M.C.", "no_of_benches": 4, "rent_on_shops": 2, "urinal_facilities": 2, "rest_hut": 1, "no_of_rest_huts": 1, "water_connection": 1, "water_connection_size": 1, "sewage_connection": 2, "no_of_water_bodies": 0, "total_area_of_water_bodies": 0, "fountain": 2, "no_of_fountains": 0, "no_of_light_poles": 6, "music_system": 2, "no_of_entry_gates": "1", "water_tank": 1, "water_tank_capacity": 20000, "drinking_water_facility": 2, "remarks": "", "address": "FP. 212 Garden , Nr. Sidhhraj Appartment ,  Jodhpur , Ahmedabad , Gujarat", "ward": "20_JODHPUR", "zone": "SOUTH WEST ZONE", "road_id": "", "source_of_water2": "A.M.C. Supply", "st_length(shape)": 161.396908263286}, "geometry": {"type": "Polygon", "coordinates": [[[72.52236451198144, 23.023030525589768], [72.52209046759211, 23.023025606210982], [72.52207216816146, 23.02350189126234], [72.52233785781641, 23.023510339626014], [72.52235275479494, 23.02324831721197], [72.52236451198144, 23.023030525589768]]]}}, {"type": "Feature", "properties": {"objectid": 609, "name_of_park": "Senior Citizen Park", "zone_id": 6, "ward_id": 7, "village_division": "Ghatlodiya", "road_name": "Chanakya Bridge Road", "contact_person": "Dinesh Bhai", "maintained_by": "Mother Dairy", "garden_area": 385.36838417, "plot_area": 0, "structure_type": "Garden", "no_of_trees": 0, "variety_of_trees": 0, "variety_of_shurbs": 3, "internal_walk_way": 2, "walkway_length": 0, "boundary_wall_details": "Compound Wall With Chainlink Net", "shopping_area": 2, "no_of_shops": 0, "tp_no": "2-Ghatlodia", "survey_no_fp_no": "", "statues": 2, "no_of_statues": 0, "bird_feeder": 2, "no_of_bird_feeders": 0, "phone_number": "9724853446", "play_apparatus": 2, "play_apparatus_type": "", "no_of_play_apparatus": 0, "maintenance_trust_details": "Amul Fed", "no_of_benches": 12, "rent_on_shops": 2, "urinal_facilities": 2, "rest_hut": 2, "no_of_rest_huts": 0, "water_connection": 2, "water_connection_size": 0, "sewage_connection": 2, "no_of_water_bodies": 0, "total_area_of_water_bodies": 0, "fountain": 2, "no_of_fountains": 0, "no_of_light_poles": 0, "music_system": 2, "no_of_entry_gates": "1", "water_tank": 2, "water_tank_capacity": 0, "drinking_water_facility": 2, "remarks": "", "address": "Senior Citizen Park , Below Chanakyapuri Bridge , Ghatlodia , Ahmedabad , Gujarat", "ward": "07_GHATLODIA", "zone": "NORTH WEST ZONE", "road_id": "", "source_of_water2": "Tanker", "st_length(shape)": 82.40317236796736}, "geometry": {"type": "Polygon", "coordinates": [[[72.54115885367972, 23.073842924626963], [72.54129515926866, 23.073890257086983], [72.54140072312103, 23.073670041167393], [72.54127339527784, 23.073625215627537], [72.54115885367972, 23.073842924626963]]]}}, {"type": "Feature", "properties": {"objectid": 610, "name_of_park": "H.L. Patel Garden", "zone_id": 6, "ward_id": 8, "village_division": "Thaltej", "road_name": "Thaltej-Shilaj Road", "contact_person": "Kanti Bhai", "maintained_by": "Mother Dairy", "garden_area": 565.74292244, "plot_area": 0, "structure_type": "Garden", "no_of_trees": 12, "variety_of_trees": 6, "variety_of_shurbs": 55, "internal_walk_way": 2, "walkway_length": 0, "boundary_wall_details": "Compound Wall", "shopping_area": 2, "no_of_shops": 0, "tp_no": "38-Thaltej", "survey_no_fp_no": "", "statues": 2, "no_of_statues": 0, "bird_feeder": 2, "no_of_bird_feeders": 0, "phone_number": "9558340466", "play_apparatus": 2, "play_apparatus_type": "", "no_of_play_apparatus": 0, "maintenance_trust_details": "Amul Fed", "no_of_benches": 3, "rent_on_shops": 2, "urinal_facilities": 2, "rest_hut": 2, "no_of_rest_huts": 0, "water_connection": 2, "water_connection_size": 0, "sewage_connection": 2, "no_of_water_bodies": 0, "total_area_of_water_bodies": 0, "fountain": 2, "no_of_fountains": 0, "no_of_light_poles": 0, "music_system": 2, "no_of_entry_gates": "1", "water_tank": 2, "water_tank_capacity": 0, "drinking_water_facility": 2, "remarks": "", "address": "H.L. Patel Garde , Nr. Thaltej Gamtalav , Thaltej , Ahmedabad , Gujarat", "ward": "08_THALTEJ", "zone": "NORTH WEST ZONE", "road_id": "", "source_of_water2": "Tanker", "st_length(shape)": 95.23623391083466}, "geometry": {"type": "Polygon", "coordinates": [[[72.51247265786549, 23.050993353607588], [72.51259723516684, 23.051180664322796], [72.51266695293991, 23.05114298792192], [72.51279458054393, 23.05107401754125], [72.51265929062322, 23.050886778479846], [72.51247265786549, 23.050993353607588]]]}}, {"type": "Feature", "properties": {"objectid": 611, "name_of_park": "Sardar Patel Garden", "zone_id": 6, "ward_id": 1, "village_division": "Gota", "road_name": "SIMS Hospital Road", "contact_person": "Kanaiyalal", "maintained_by": "Mother Dairy", "garden_area": 1562, "plot_area": 2773, "structure_type": "Garden", "no_of_trees": 304, "variety_of_trees": 5, "variety_of_shurbs": 5, "internal_walk_way": 1, "walkway_length": 300, "boundary_wall_details": "Wall + Fencing", "shopping_area": 2, "no_of_shops": 0, "tp_no": "42-Sola-Thaltej", "survey_no_fp_no": "260", "statues": 1, "no_of_statues": 2, "bird_feeder": 2, "no_of_bird_feeders": 0, "phone_number": "9558340466", "play_apparatus": 1, "play_apparatus_type": "Children Play", "no_of_play_apparatus": 13, "maintenance_trust_details": "Amul Fed", "no_of_benches": 77, "rent_on_shops": 2, "urinal_facilities": 1, "rest_hut": 1, "no_of_rest_huts": 1, "water_connection": 1, "water_connection_size": 2, "sewage_connection": 2, "no_of_water_bodies": 0, "total_area_of_water_bodies": 0, "fountain": 2, "no_of_fountains": 0, "no_of_light_poles": 21, "music_system": 2, "no_of_entry_gates": "1", "water_tank": 1, "water_tank_capacity": 0, "drinking_water_facility": 1, "remarks": "", "address": "Garden Nr. SIMS Hospital, Scince City Road , Ahmedabad ,  Gujarat", "ward": "01_GOTA", "zone": "NORTH WEST ZONE", "road_id": "", "source_of_water2": "Bore", "st_length(shape)": 210.93322702586855}, "geometry": {"type": "Polygon", "coordinates": [[[72.5146529202906, 23.06820066707959], [72.51478028957723, 23.068665613955154], [72.51489170030314, 23.06864307965143], [72.51501600916531, 23.068612411369585], [72.51526942344044, 23.068562411699418], [72.51516347973546, 23.06809643815173], [72.5146529202906, 23.06820066707959]]]}}, {"type": "Feature", "properties": {"objectid": 612, "name_of_park": "Nr. Vishwacity-7 Garden", "zone_id": 6, "ward_id": 1, "village_division": "Gota", "road_name": "Gota Smashan Road", "contact_person": "Dharmendra Bhai", "maintained_by": "Mother Dairy", "garden_area": 394.17456271, "plot_area": 0, "structure_type": "Garden", "no_of_trees": 41, "variety_of_trees": 8, "variety_of_shurbs": 6, "internal_walk_way": 1, "walkway_length": 127, "boundary_wall_details": "Fencing", "shopping_area": 2, "no_of_shops": 0, "tp_no": "32-Gota", "survey_no_fp_no": "168", "statues": 2, "no_of_statues": 0, "bird_feeder": 2, "no_of_bird_feeders": 0, "phone_number": "9898464050", "play_apparatus": 1, "play_apparatus_type": "Children Play", "no_of_play_apparatus": 9, "maintenance_trust_details": "Amul Fed", "no_of_benches": 5, "rent_on_shops": 2, "urinal_facilities": 2, "rest_hut": 2, "no_of_rest_huts": 0, "water_connection": 1, "water_connection_size": 1, "sewage_connection": 2, "no_of_water_bodies": 0, "total_area_of_water_bodies": 0, "fountain": 2, "no_of_fountains": 0, "no_of_light_poles": 9, "music_system": 2, "no_of_entry_gates": "1", "water_tank": 1, "water_tank_capacity": 2000, "drinking_water_facility": 2, "remarks": "", "address": "Garden Nr. Vishwacity -7 , Gota Smashan Road , Gota , Ahmedabad , Gujarat", "ward": "01_GOTA", "zone": "NORTH WEST ZONE", "road_id": "", "source_of_water2": "A.M.C. Supply", "st_length(shape)": 83.49815918753589}, "geometry": {"type": "Polygon", "coordinates": [[[72.53760658216093, 23.097715748159462], [72.53764712796662, 23.09783771625854], [72.53764773690169, 23.0979339302684], [72.53780647647945, 23.09791799319079], [72.53777743670308, 23.09776269631679], [72.53775310519264, 23.097681105911473], [72.53760658216093, 23.097715748159462]]]}}, {"type": "Feature", "properties": {"objectid": 613, "name_of_park": "FP. 225 Garden", "zone_id": 6, "ward_id": 19, "village_division": "Bodakdev", "road_name": "Premchandnagar Road", "contact_person": "Ajit Chauhan", "maintained_by": "Mother Dairy", "garden_area": 6000, "plot_area": 9641.15383301, "structure_type": "Garden", "no_of_trees": 35, "variety_of_trees": 7, "variety_of_shurbs": 6, "internal_walk_way": 2, "walkway_length": 0, "boundary_wall_details": "Compound Wall With Chainlink Net", "shopping_area": 2, "no_of_shops": 0, "tp_no": "6-Vejalpur", "survey_no_fp_no": "225", "statues": 2, "no_of_statues": 0, "bird_feeder": 2, "no_of_bird_feeders": 0, "phone_number": "8401181424", "play_apparatus": 1, "play_apparatus_type": "GYM Equipment", "no_of_play_apparatus": 4, "maintenance_trust_details": "Amul Fed", "no_of_benches": 4, "rent_on_shops": 2, "urinal_facilities": 2, "rest_hut": 2, "no_of_rest_huts": 0, "water_connection": 2, "water_connection_size": 0, "sewage_connection": 2, "no_of_water_bodies": 0, "total_area_of_water_bodies": 0, "fountain": 2, "no_of_fountains": 0, "no_of_light_poles": 22, "music_system": 2, "no_of_entry_gates": "1", "water_tank": 1, "water_tank_capacity": 30000, "drinking_water_facility": 2, "remarks": "", "address": "Opp. Anand School , Premchandnagar Road , Bodakdev , Ahmedabad , Gujarat", "ward": "19_BODAKDEV", "zone": "NORTH WEST ZONE", "road_id": "", "source_of_water2": "Tanker", "st_length(shape)": 409.5869627027899}, "geometry": {"type": "Polygon", "coordinates": [[[72.52182233458383, 23.032382853562464], [72.52193477250842, 23.0323756613026], [72.52272548848774, 23.03213429044982], [72.522461431189, 23.031139494009253], [72.52229111572599, 23.031235951168743], [72.52208125968701, 23.031351692380138], [72.5219157215868, 23.03144161762412], [72.5219257517703, 23.0315490812113], [72.52166244107997, 23.031568242846806], [72.52178587430616, 23.032383362732766], [72.52182233458383, 23.032382853562464]]]}}, {"type": "Feature", "properties": {"objectid": 614, "name_of_park": "S.G.Highway Strip", "zone_id": 6, "ward_id": 19, "village_division": "Bodakdev", "road_name": "S.G. Highway", "contact_person": "Ajit Chauhan", "maintained_by": "Mother Dairy", "garden_area": 3000, "plot_area": 5845.04452283, "structure_type": "Garden", "no_of_trees": 115, "variety_of_trees": 12, "variety_of_shurbs": 8, "internal_walk_way": 2, "walkway_length": 0, "boundary_wall_details": "Fencing", "shopping_area": 2, "no_of_shops": 0, "tp_no": "1-B-Bodakdev", "survey_no_fp_no": "126", "statues": 2, "no_of_statues": 0, "bird_feeder": 2, "no_of_bird_feeders": 0, "phone_number": "8401181424", "play_apparatus": 1, "play_apparatus_type": "Children Play", "no_of_play_apparatus": 8, "maintenance_trust_details": "Amul Fed", "no_of_benches": 27, "rent_on_shops": 1, "urinal_facilities": 2, "rest_hut": 2, "no_of_rest_huts": 0, "water_connection": 2, "water_connection_size": 0, "sewage_connection": 2, "no_of_water_bodies": 0, "total_area_of_water_bodies": 0, "fountain": 2, "no_of_fountains": 0, "no_of_light_poles": 0, "music_system": 2, "no_of_entry_gates": "2", "water_tank": 2, "water_tank_capacity": 0, "drinking_water_facility": 2, "remarks": "", "address": "S.G. Highway , Pakwan Cross Road ti Iscon Bridge , Bodakdev , Ahmedabad , Gujarat", "ward": "19_BODAKDEV", "zone": "NORTH WEST ZONE", "road_id": "", "source_of_water2": "Tanker", "st_length(shape)": 829.2874194351004}, "geometry": {"type": "Polygon", "coordinates": [[[72.51049135778395, 23.0350951771346], [72.51034697485241, 23.035146281197687], [72.51038431935412, 23.035225896451873], [72.51064628245481, 23.035751292472362], [72.51082838361697, 23.036092580692802], [72.51108445122003, 23.03662685845696], [72.511578122132, 23.037628764343594], [72.51164755942604, 23.037769297151378], [72.51180228419004, 23.038094304146597], [72.51197336237558, 23.038444005725818], [72.51199970414177, 23.038435746708075], [72.512015435938, 23.038429098216312], [72.51203212611645, 23.038418227317376], [72.51204978441885, 23.038402709873612], [72.51205771370438, 23.038392617384392], [72.51207033541687, 23.03837367600247], [72.5120802173544, 23.038352176453454], [72.51208253381596, 23.03834220416665], [72.51199596469361, 23.038161635042623], [72.51188308059865, 23.037924550608228], [72.51180459753512, 23.037764399681702], [72.51176816439923, 23.03769137822818], [72.51166834102057, 23.037493245985807], [72.51163165114878, 23.03741939355343], [72.51158445688301, 23.03732713399905], [72.51142596557565, 23.037009970211223], [72.51111417286717, 23.036382983865956], [72.51097256964327, 23.03609368794519], [72.5106167391677, 23.035354495070553], [72.51049135778395, 23.0350951771346]]]}}, {"type": "Feature", "properties": {"objectid": 615, "name_of_park": "FP. 21 Garden Shilaj", "zone_id": 6, "ward_id": 8, "village_division": "Thaltej", "road_name": "Bagban Party plot to Shilaj Overbridge Road", "contact_person": "Alkesh Chokshi", "maintained_by": "Gahed", "garden_area": 1141.64747228, "plot_area": 0, "structure_type": "Garden", "no_of_trees": 8, "variety_of_trees": 6, "variety_of_shurbs": 7, "internal_walk_way": 1, "walkway_length": 40, "boundary_wall_details": "Compound Wall", "shopping_area": 2, "no_of_shops": 0, "tp_no": "53-B-Shilaj", "survey_no_fp_no": "21", "statues": 2, "no_of_statues": 0, "bird_feeder": 2, "no_of_bird_feeders": 0, "phone_number": "9825366631", "play_apparatus": 2, "play_apparatus_type": "", "no_of_play_apparatus": 0, "maintenance_trust_details": "Gahed", "no_of_benches": 4, "rent_on_shops": 2, "urinal_facilities": 2, "rest_hut": 2, "no_of_rest_huts": 0, "water_connection": 1, "water_connection_size": 1, "sewage_connection": 2, "no_of_water_bodies": 0, "total_area_of_water_bodies": 0, "fountain": 2, "no_of_fountains": 0, "no_of_light_poles": 2, "music_system": 2, "no_of_entry_gates": "1", "water_tank": 2, "water_tank_capacity": 0, "drinking_water_facility": 2, "remarks": "", "address": "Bagban Party plot to Shilaj Overbridge Road , Nr. Mepal Contry , Thaltej , Ahmedabad , Gujarat", "ward": "08_THALTEJ", "zone": "NORTH WEST ZONE", "road_id": "", "source_of_water2": "Bore", "st_length(shape)": 150.68406459150816}, "geometry": {"type": "Polygon", "coordinates": [[[72.4823234601919, 23.048476922424648], [72.48222267994306, 23.048494113508], [72.48198567177337, 23.048534145078893], [72.48187728430949, 23.048552719578574], [72.48186915363041, 23.048555292798934], [72.48186291075763, 23.04855832399334], [72.48185784482818, 23.048561746768556], [72.48185331825907, 23.048565750468757], [72.48184942022766, 23.04857026068562], [72.4818462245434, 23.04857519012771], [72.48184379149744, 23.04858044406638], [72.48184216880429, 23.04858592215616], [72.48184138768424, 23.048591519275135], [72.48184146281297, 23.048597128232245], [72.48184239329672, 23.04860263978295], [72.48184401238473, 23.048607631500605], [72.48184623718784, 23.048613517545427], [72.48185122677147, 23.048618916839285], [72.4818551718363, 23.04862262673045], [72.48185993916204, 23.048626025643372], [72.48186485871524, 23.048628635287372], [72.48234432213262, 23.048829291662653], [72.4823234601919, 23.048476922424648]]]}}, {"type": "Feature", "properties": {"objectid": 616, "name_of_park": "Garden Opp. Pandit Dindayal Circle Garden\r\n Dayal Circle", "zone_id": 3, "ward_id": 37, "village_division": "Kankaria", "road_name": "Anupam Bridge Road", "contact_person": "Bhanu Bhai , Kanu Bhai", "maintained_by": "Mother Dairy", "garden_area": 1071.55964696, "plot_area": 0, "structure_type": "Garden", "no_of_trees": 4, "variety_of_trees": 2, "variety_of_shurbs": 4, "internal_walk_way": 2, "walkway_length": 0, "boundary_wall_details": "M.S. Grill", "shopping_area": 2, "no_of_shops": 0, "tp_no": "2-Kankaria", "survey_no_fp_no": "204", "statues": 2, "no_of_statues": 0, "bird_feeder": 2, "no_of_bird_feeders": 0, "phone_number": "8160617980", "play_apparatus": 2, "play_apparatus_type": "", "no_of_play_apparatus": 0, "maintenance_trust_details": "Amul Fed", "no_of_benches": 0, "rent_on_shops": 2, "urinal_facilities": 2, "rest_hut": 2, "no_of_rest_huts": 0, "water_connection": 1, "water_connection_size": 1, "sewage_connection": 2, "no_of_water_bodies": 0, "total_area_of_water_bodies": 0, "fountain": 2, "no_of_fountains": 0, "no_of_light_poles": 7, "music_system": 2, "no_of_entry_gates": "1", "water_tank": 2, "water_tank_capacity": 0, "drinking_water_facility": 2, "remarks": "", "address": "Garden Opp. Pandit Dindayal Circle Garden , Kankaria , Ahmedabad , Gujarat\r\n Dayal Circle- ,Ahmedabad Gujarat", "ward": "37_MANINAGAR", "zone": "SOUTH ZONE", "road_id": "", "source_of_water2": "A.M.C. Supply", "st_length(shape)": 180.37317407494922}, "geometry": {"type": "Polygon", "coordinates": [[[72.6050112685418, 23.008124133941077], [72.60473041183016, 23.008758845239758], [72.60480477913043, 23.008785051263324], [72.60496616657309, 23.008559378083504], [72.60507687129893, 23.008354435912484], [72.60513036244916, 23.008247757146332], [72.60517446573616, 23.008161238286174], [72.6050112685418, 23.008124133941077]]]}}, {"type": "Feature", "properties": {"objectid": 617, "name_of_park": "Vatva Lake Garden", "zone_id": 3, "ward_id": 47, "village_division": "Vatva", "road_name": "Vatva Village Road", "contact_person": "Bhanu Bhai , Kanu Bhai", "maintained_by": "Mother Dairy", "garden_area": 30096.02707287, "plot_area": 0, "structure_type": "Garden", "no_of_trees": 35, "variety_of_trees": 4, "variety_of_shurbs": 5, "internal_walk_way": 1, "walkway_length": 995, "boundary_wall_details": "Bricks Masonary ,  Chainlinked", "shopping_area": 2, "no_of_shops": 0, "tp_no": "86-Vatva-3", "survey_no_fp_no": "43", "statues": 2, "no_of_statues": 0, "bird_feeder": 2, "no_of_bird_feeders": 0, "phone_number": "8160617980", "play_apparatus": 1, "play_apparatus_type": "Children Play", "no_of_play_apparatus": 18, "maintenance_trust_details": "Amul Fed", "no_of_benches": 109, "rent_on_shops": 2, "urinal_facilities": 1, "rest_hut": 2, "no_of_rest_huts": 0, "water_connection": 1, "water_connection_size": 1, "sewage_connection": 1, "no_of_water_bodies": 1, "total_area_of_water_bodies": 18592, "fountain": 2, "no_of_fountains": 0, "no_of_light_poles": 104, "music_system": 1, "no_of_entry_gates": "1", "water_tank": 2, "water_tank_capacity": 0, "drinking_water_facility": 2, "remarks": "", "address": "Vatva Lake Garden , Vatva Village , Ahmedabad , Gujarat", "ward": "47_VATVA", "zone": "SOUTH ZONE", "road_id": "", "source_of_water2": "A.M.C. Supply", "st_length(shape)": 620.9257180311298}, "geometry": {"type": "Polygon", "coordinates": [[[72.61439612841126, 22.953292017582307], [72.61407068973678, 22.953154277943803], [72.61370730110045, 22.95316938947709], [72.61370657626033, 22.953169419194012], [72.61348920377324, 22.953249566328893], [72.613303169131, 22.95334347049996], [72.61306169613216, 22.95355810108463], [72.61291592729185, 22.954084877393385], [72.61292307423415, 22.954213141184226], [72.61313324486696, 22.954599239181597], [72.61367608700691, 22.954933458129137], [72.6139065030513, 22.95494335942874], [72.61406164770872, 22.954950026830012], [72.61425882707046, 22.954861394943855], [72.61435873676061, 22.954820433260988], [72.61441147044066, 22.954798813793932], [72.6146275588635, 22.95463333147227], [72.61475708283986, 22.954386581774727], [72.61483126414186, 22.954245263651295], [72.61483426864721, 22.953875353350245], [72.6147594266651, 22.95369872820312], [72.61469632837236, 22.953549814256068], [72.61439612841126, 22.953292017582307]]]}}, {"type": "Feature", "properties": {"objectid": 618, "name_of_park": "Vatva Municipal Garden", "zone_id": 3, "ward_id": 47, "village_division": "Vatva", "road_name": "Devi Mata Road", "contact_person": "Bhanu Bhai , Kanu Bhai", "maintained_by": "Mother Dairy", "garden_area": 1570.78168806, "plot_area": 0, "structure_type": "Garden", "no_of_trees": 21, "variety_of_trees": 3, "variety_of_shurbs": 4, "internal_walk_way": 1, "walkway_length": 175, "boundary_wall_details": "Bricks Masonary", "shopping_area": 2, "no_of_shops": 0, "tp_no": "", "survey_no_fp_no": "", "statues": 2, "no_of_statues": 0, "bird_feeder": 2, "no_of_bird_feeders": 0, "phone_number": "8160617980", "play_apparatus": 1, "play_apparatus_type": "Children Play", "no_of_play_apparatus": 5, "maintenance_trust_details": "Amul Fed", "no_of_benches": 7, "rent_on_shops": 2, "urinal_facilities": 2, "rest_hut": 1, "no_of_rest_huts": 1, "water_connection": 1, "water_connection_size": 0.6, "sewage_connection": 2, "no_of_water_bodies": 0, "total_area_of_water_bodies": 0, "fountain": 2, "no_of_fountains": 0, "no_of_light_poles": 11, "music_system": 2, "no_of_entry_gates": "1", "water_tank": 2, "water_tank_capacity": 0, "drinking_water_facility": 2, "remarks": "", "address": "Vatva Municipal Garden , Nr. Devi mata Mandir , Vatva , Ahmedabad , Gujarat", "ward": "47_VATVA", "zone": "SOUTH ZONE", "road_id": "", "source_of_water2": "A.M.C. Supply", "st_length(shape)": 157.3826072863692}, "geometry": {"type": "Polygon", "coordinates": [[[72.61023172608796, 22.952530910711495], [72.61026454452663, 22.95253259750333], [72.61029717475876, 22.952528703516357], [72.6103286746305, 22.952519341184196], [72.61035813462563, 22.952504780831525], [72.61038470412662, 22.952485442868856], [72.61042237677529, 22.952455333928413], [72.61045517590956, 22.952419978680663], [72.61048237842832, 22.95238015657969], [72.61050338461537, 22.952336745557382], [72.61041812714645, 22.952051209639468], [72.61040286906456, 22.95203219054833], [72.610384980622, 22.952015621344568], [72.61036485057983, 22.952001862118852], [72.61034291641471, 22.951991211893922], [72.61031965481148, 22.951983902126077], [72.61029557130357, 22.951980091675036], [72.61024395703724, 22.951981702578742], [72.61023577743872, 22.951981952874736], [72.61022775338051, 22.95198356003689], [72.6102201083574, 22.951986479300793], [72.61021305530683, 22.95199062935594], [72.61020679067799, 22.95199589461051], [72.6102014889601, 22.95200212841093], [72.61019729782237, 22.952009157126646], [72.61019433400088, 22.952016784986263], [72.61018315177755, 22.952102780081848], [72.61017789601387, 22.95218933974642], [72.61017859147951, 22.952276056036183], [72.61018523489685, 22.952362520269187], [72.61019779495636, 22.952448324951387], [72.61021621246424, 22.952533065697118], [72.61023172608796, 22.952530910711495]]]}}, {"type": "Feature", "properties": {"objectid": 619, "name_of_park": "Garden Under Guruji Flyover  No.1", "zone_id": 3, "ward_id": 43, "village_division": "Bhaipura", "road_name": "Daxini Society Road", "contact_person": "Bhanu Bhai , Kanu Bhai", "maintained_by": "Mother Dairy", "garden_area": 1918.19433589, "plot_area": 0, "structure_type": "Garden", "no_of_trees": 33, "variety_of_trees": 11, "variety_of_shurbs": 9, "internal_walk_way": 1, "walkway_length": 94, "boundary_wall_details": "Chainlinked", "shopping_area": 2, "no_of_shops": 0, "tp_no": "25-Khokhara", "survey_no_fp_no": "", "statues": 2, "no_of_statues": 0, "bird_feeder": 2, "no_of_bird_feeders": 0, "phone_number": "8160617980", "play_apparatus": 1, "play_apparatus_type": "Children Play", "no_of_play_apparatus": 12, "maintenance_trust_details": "Amul Fed", "no_of_benches": 1, "rent_on_shops": 2, "urinal_facilities": 2, "rest_hut": 2, "no_of_rest_huts": 0, "water_connection": 1, "water_connection_size": 1, "sewage_connection": 2, "no_of_water_bodies": 0, "total_area_of_water_bodies": 0, "fountain": 2, "no_of_fountains": 0, "no_of_light_poles": 18, "music_system": 2, "no_of_entry_gates": "6", "water_tank": 2, "water_tank_capacity": 0, "drinking_water_facility": 2, "remarks": "", "address": "Garden Under Guruji Flyover , Nr. Daxini Society , Ahmedabad , Gujarat", "ward": "43_BHAIPURA", "zone": "SOUTH ZONE", "road_id": "", "source_of_water2": "A.M.C. Supply", "st_length(shape)": 285.5728789763161}, "geometry": {"type": "Polygon", "coordinates": [[[72.61777730120147, 22.98835537873841], [72.6175376741273, 22.988173537821528], [72.61744548615629, 22.988278656911678], [72.61762214937342, 22.9884134863282], [72.61774399157242, 22.98850444812951], [72.61786706241479, 22.988595919451743], [72.6178677055888, 22.988596386845934], [72.61786834780378, 22.988596853322903], [72.61799757321191, 22.988688576927306], [72.6179976194349, 22.988688610123354], [72.61799766469888, 22.988688642402174], [72.61808941737905, 22.988757037294693], [72.61808946358624, 22.988757071393277], [72.61808950880275, 22.988757106379776], [72.6181808229739, 22.988828602067066], [72.61824744713553, 22.98888710252379], [72.61827975473034, 22.988917110884064], [72.61827983242704, 22.988917184276588], [72.61827990716749, 22.988917259430266], [72.61837451241551, 22.989013496096632], [72.61838247912762, 22.989021610202865], [72.618489702867, 22.98892952018315], [72.61848270375427, 22.988922390240567], [72.61838687315638, 22.988824908303954], [72.61838685111468, 22.988824886305274], [72.6183845836264, 22.988822682776153], [72.61834992337853, 22.988790489488203], [72.61828831613356, 22.988735437387184], [72.61818322659923, 22.98865315556902], [72.61818254731354, 22.988652634367703], [72.61818186603062, 22.988652115844726], [72.61808865703077, 22.988582637410065], [72.6180879744253, 22.98858213872845], [72.61808728982263, 22.988581642725187], [72.61795802111143, 22.988489887849447], [72.61795797778142, 22.988489856502508], [72.61795793542625, 22.988489825170223], [72.61783566737066, 22.98839895101016], [72.61777730120147, 22.98835537873841]]]}}, {"type": "Feature", "properties": {"objectid": 620, "name_of_park": "Garden Under Guruji Flyover  No.2", "zone_id": 3, "ward_id": 43, "village_division": "Bhaipura", "road_name": "7-Day School Road", "contact_person": "Bhanu Bhai , Kanu Bhai", "maintained_by": "Mother Dairy", "garden_area": 1490.47158813, "plot_area": 0, "structure_type": "Garden", "no_of_trees": 143, "variety_of_trees": 17, "variety_of_shurbs": 16, "internal_walk_way": 1, "walkway_length": 170, "boundary_wall_details": "Chainlinked", "shopping_area": 2, "no_of_shops": 0, "tp_no": "25-Khokhara", "survey_no_fp_no": "", "statues": 2, "no_of_statues": 0, "bird_feeder": 2, "no_of_bird_feeders": 0, "phone_number": "8160617980", "play_apparatus": 2, "play_apparatus_type": "", "no_of_play_apparatus": 0, "maintenance_trust_details": "Amul Fed", "no_of_benches": 0, "rent_on_shops": 2, "urinal_facilities": 2, "rest_hut": 2, "no_of_rest_huts": 0, "water_connection": 1, "water_connection_size": 1, "sewage_connection": 2, "no_of_water_bodies": 0, "total_area_of_water_bodies": 0, "fountain": 2, "no_of_fountains": 0, "no_of_light_poles": 8, "music_system": 2, "no_of_entry_gates": "2", "water_tank": 1, "water_tank_capacity": 0, "drinking_water_facility": 2, "remarks": "", "address": "Garden Under Guruji Flyover , Nr. 7-Day School , Ahmedabad , Gujarat", "ward": "43_BHAIPURA", "zone": "SOUTH ZONE", "road_id": "", "source_of_water2": "A.M.C. Supply", "st_length(shape)": 228.70217321186712}, "geometry": {"type": "Polygon", "coordinates": [[[72.618551710192, 22.988992680863745], [72.61843695658916, 22.98907710034571], [72.61849185081202, 22.989133015639172], [72.61859667669475, 22.989237638527566], [72.61859670351583, 22.989237666014898], [72.61871734934516, 22.989361775332696], [72.61884867543245, 22.989495416230373], [72.61909319801894, 22.98973862013184], [72.6191416947703, 22.98970075997127], [72.61915603401512, 22.9896885250357], [72.61915661661732, 22.989689110684246], [72.61920508167908, 22.989651276206356], [72.61920387324541, 22.98965001217407], [72.61908219637866, 22.989527771826], [72.61895608314127, 22.98940351825693], [72.61895605630423, 22.989403491672203], [72.6189560294672, 22.989403465087495], [72.61882579270116, 22.989270927627526], [72.61878646112339, 22.98923046856166], [72.6186799734059, 22.989121681461302], [72.61859959094082, 22.98904145151982], [72.61859956984225, 22.989041431340944], [72.618551710192, 22.988992680863745]]]}}, {"type": "Feature", "properties": {"objectid": 621, "name_of_park": "Jogger's Park", "zone_id": 3, "ward_id": 47, "village_division": "Vatva", "road_name": "Puitnagar Road", "contact_person": "Bhanu Bhai , Kanu Bhai", "maintained_by": "Mother Dairy", "garden_area": 8809.14705801, "plot_area": 0, "structure_type": "Garden", "no_of_trees": 130, "variety_of_trees": 5, "variety_of_shurbs": 6, "internal_walk_way": 1, "walkway_length": 333, "boundary_wall_details": "Bricks Masonary", "shopping_area": 2, "no_of_shops": 0, "tp_no": "1-Ghodasar", "survey_no_fp_no": "128", "statues": 2, "no_of_statues": 0, "bird_feeder": 2, "no_of_bird_feeders": 0, "phone_number": "8160617980", "play_apparatus": 1, "play_apparatus_type": "Children Play", "no_of_play_apparatus": 9, "maintenance_trust_details": "Amul Fed", "no_of_benches": 59, "rent_on_shops": 2, "urinal_facilities": 1, "rest_hut": 1, "no_of_rest_huts": 1, "water_connection": 1, "water_connection_size": 1, "sewage_connection": 1, "no_of_water_bodies": 0, "total_area_of_water_bodies": 0, "fountain": 2, "no_of_fountains": 0, "no_of_light_poles": 27, "music_system": 2, "no_of_entry_gates": "2", "water_tank": 1, "water_tank_capacity": 0, "drinking_water_facility": 2, "remarks": "", "address": "Jogger's Park , Punitnagar , Vatva , Ahmedabad , Gujarat", "ward": "47_VATVA", "zone": "SOUTH ZONE", "road_id": "", "source_of_water2": "Borewell", "st_length(shape)": 387.0004575887302}, "geometry": {"type": "Polygon", "coordinates": [[[72.61970742638073, 22.976426653584376], [72.6185755178189, 22.9759853674167], [72.61852254148113, 22.976155449733444], [72.61845472148538, 22.976386685833283], [72.61840698881164, 22.9765491315677], [72.61839718598318, 22.97660067408983], [72.61839556641243, 22.976607405404902], [72.61839528404857, 22.97660927356995], [72.61839507169411, 22.97661115271825], [72.61839492843758, 22.976613039224866], [72.61839485627603, 22.976614930411433], [72.61839485132617, 22.976616825316793], [72.61839491852518, 22.976618720403927], [72.61839505402146, 22.976620612906554], [72.61839526075515, 22.976622501966073], [72.61839553487464, 22.97662438481616], [72.61839587935172, 22.97662625879308], [72.61839629325911, 22.976628121174535], [72.61839677269771, 22.976629971901865], [72.61839732356364, 22.97663180835532], [72.61839793618833, 22.976633625875543], [72.61839861934469, 22.976635424594424], [72.61839936528207, 22.976637201687023], [72.61840017598166, 22.97663895537755], [72.61840105053196, 22.976640682041076], [72.61840198894885, 22.976642380775054], [72.61840298639007, 22.97664404970107], [72.61840404386209, 22.976645687028658], [72.61840516141235, 22.97664729005012], [72.61840633614823, 22.976648856916377], [72.61840756517705, 22.976650385778346], [72.61840885142311, 22.976651876679966], [72.61841018814218, 22.97665332500588], [72.61841157827436, 22.976654729897454], [72.61841301792059, 22.976656091296075], [72.61841450521044, 22.97665740465962], [72.61841603720379, 22.97665867084671], [72.61841761591346, 22.976659886276373], [72.61841923544337, 22.9766610535684], [72.61842089687906, 22.976662166419484], [72.61842259628979, 22.976663226576125], [72.6184243317735, 22.97666423130135], [72.6184261043366, 22.976665178804684], [72.6184279061493, 22.976666070774005], [72.61842974019915, 22.976666903643046], [72.61843160063759, 22.976667677323853], [72.61843348749622, 22.976668390011326], [72.61843539880971, 22.976669042578713], [72.61921370263238, 22.9769216900951], [72.61945240622346, 22.97701239382129], [72.61970742638073, 22.976426653584376]]]}}, {"type": "Feature", "properties": {"objectid": 622, "name_of_park": "Garden Nr. Bimal Farm", "zone_id": 3, "ward_id": 47, "village_division": "Vatva", "road_name": "Vatva Punitnagar Road", "contact_person": "A.M.C.", "maintained_by": "A.M.C.", "garden_area": 5561.44870597, "plot_area": 0, "structure_type": "Garden", "no_of_trees": 305, "variety_of_trees": 6, "variety_of_shurbs": 5, "internal_walk_way": 1, "walkway_length": 386.5, "boundary_wall_details": "Bricks Masonary", "shopping_area": 2, "no_of_shops": 0, "tp_no": "87-Vatva-Vinzol", "survey_no_fp_no": "86", "statues": 2, "no_of_statues": 0, "bird_feeder": 2, "no_of_bird_feeders": 0, "phone_number": "155303", "play_apparatus": 1, "play_apparatus_type": "Children Play", "no_of_play_apparatus": 6, "maintenance_trust_details": "A.M.C.", "no_of_benches": 9, "rent_on_shops": 2, "urinal_facilities": 2, "rest_hut": 1, "no_of_rest_huts": 1, "water_connection": 1, "water_connection_size": 0.78, "sewage_connection": 2, "no_of_water_bodies": 0, "total_area_of_water_bodies": 0, "fountain": 2, "no_of_fountains": 0, "no_of_light_poles": 18, "music_system": 2, "no_of_entry_gates": "1", "water_tank": 2, "water_tank_capacity": 0, "drinking_water_facility": 2, "remarks": "", "address": "Garden Nr. Bimal Farm , Vatva , Ahmedabad , Gujarat", "ward": "47_VATVA", "zone": "SOUTH ZONE", "road_id": "", "source_of_water2": "Borewell , A.M.C. Supply", "st_length(shape)": 299.8771750591036}, "geometry": {"type": "Polygon", "coordinates": [[[72.6246868342783, 22.953534054869966], [72.62468631689764, 22.95353230921688], [72.6243982898075, 22.952868397435946], [72.62392344057399, 22.95287603312837], [72.62392090257104, 22.952876114264875], [72.62391836993942, 22.95287627853998], [72.62391584266332, 22.95287652685626], [72.6239133286027, 22.952876855720277], [72.62391082676714, 22.95287726602], [72.62390834300427, 22.95287775784305], [72.62390587732988, 22.952878330286865], [72.6239034365977, 22.952878981648542], [72.6239010198174, 22.952879712816035], [72.62389863286809, 22.952880522071865], [72.6238962767402, 22.952881408528043], [72.62389395633825, 22.952882370452457], [72.62389167265262, 22.952883406957174], [72.62388942859137, 22.952884518988537], [72.62388722814751, 22.95288570118959], [72.62388507226413, 22.952886955380066], [72.62388296488695, 22.952888278910677], [72.62388090996167, 22.952889669132137], [72.62387890553912, 22.95289112601523], [72.62387695848882, 22.952892646954492], [72.62387506882656, 22.952894231047367], [72.62387323953924, 22.952895874727393], [72.6238714735664, 22.95289757713581], [72.62386977191424, 22.952899336482083], [72.62386813657925, 22.952901150087726], [72.62386657054836, 22.952903014386255], [72.62386507481192, 22.95290492848976], [72.62386365230951, 22.95290689153944], [72.62386230313578, 22.952908898119905], [72.62386103021454, 22.95291094827497], [72.62385983557385, 22.952913037520997], [72.62385871825491, 22.95291516494081], [72.62385768319378, 22.95291732699717], [72.62385672847283, 22.95291952185571], [72.62385585709474, 22.95292174504741], [72.6238550680849, 22.95292399655767], [72.62385436540478, 22.952926272834635], [72.62385374620949, 22.952928569321646], [72.62385321540357, 22.952930884286594], [72.6238527710851, 22.952933214992544], [72.62385241426028, 22.952935559648967], [72.62385214404912, 22.95293791282587], [72.62385196337544, 22.952940274567027], [72.62385187135928, 22.95294263944244], [72.62385186800061, 22.952945007452115], [72.62386348094468, 22.953621093320773], [72.6246868342783, 22.953534054869966]]]}}, {"type": "Feature", "properties": {"objectid": 623, "name_of_park": "Isanpur Senior Citizen Park", "zone_id": 3, "ward_id": 45, "village_division": "Isanpur", "road_name": "Isanpur Bus Stand Road", "contact_person": "A.M.C.", "maintained_by": "A.M.C.", "garden_area": 602.63817566, "plot_area": 0, "structure_type": "Store Room", "no_of_trees": 16, "variety_of_trees": 3, "variety_of_shurbs": 5, "internal_walk_way": 1, "walkway_length": 74.6, "boundary_wall_details": "Bricks Masonary", "shopping_area": 2, "no_of_shops": 0, "tp_no": "53-Isanpur", "survey_no_fp_no": "174/1", "statues": 2, "no_of_statues": 0, "bird_feeder": 2, "no_of_bird_feeders": 0, "phone_number": "155303", "play_apparatus": 2, "play_apparatus_type": "", "no_of_play_apparatus": 0, "maintenance_trust_details": "A.M.C.", "no_of_benches": 0, "rent_on_shops": 2, "urinal_facilities": 2, "rest_hut": 1, "no_of_rest_huts": 1, "water_connection": 2, "water_connection_size": 0, "sewage_connection": 2, "no_of_water_bodies": 0, "total_area_of_water_bodies": 0, "fountain": 2, "no_of_fountains": 0, "no_of_light_poles": 10, "music_system": 2, "no_of_entry_gates": "2", "water_tank": 1, "water_tank_capacity": 0, "drinking_water_facility": 2, "remarks": "", "address": "Senior Citizen Park , Isanpur , Ahmedabad , Gujarat", "ward": "45_ISANPUR", "zone": "SOUTH ZONE", "road_id": "", "source_of_water2": " A.M.C. Supply  , Tank", "st_length(shape)": 96.66575847273954}, "geometry": {"type": "Polygon", "coordinates": [[[72.59941349730505, 22.979820883244635], [72.59941270841477, 22.979812834633606], [72.59941190692017, 22.979803237542928], [72.59940966969248, 22.979793832656537], [72.59940711694937, 22.979786997751994], [72.59940372392363, 22.97978048234106], [72.59939969151576, 22.979774284051427], [72.59939576530265, 22.979769469545865], [72.59939049905655, 22.97976412194689], [72.59938465778616, 22.97975931182287], [72.59937719067923, 22.979754471643236], [72.5991500797878, 22.979699731286356], [72.59911439852581, 22.979897267590484], [72.59936529548595, 22.97995186473249], [72.59941086225781, 22.97982896392808], [72.59941349730505, 22.979820883244635]]]}}, {"type": "Feature", "properties": {"objectid": 624, "name_of_park": "Isanpur Senior Citizen Park", "zone_id": 3, "ward_id": 45, "village_division": "Isanpur", "road_name": "Dev castal Road ", "contact_person": "A.M.C.", "maintained_by": "A.M.C.", "garden_area": 818.19372519, "plot_area": 0, "structure_type": "Store Room", "no_of_trees": 25, "variety_of_trees": 8, "variety_of_shurbs": 7, "internal_walk_way": 1, "walkway_length": 136, "boundary_wall_details": "Bricks Masonary ,  Chainlinked", "shopping_area": 2, "no_of_shops": 0, "tp_no": "37-Danilimda North", "survey_no_fp_no": "25", "statues": 2, "no_of_statues": 0, "bird_feeder": 2, "no_of_bird_feeders": 0, "phone_number": "155303", "play_apparatus": 2, "play_apparatus_type": "", "no_of_play_apparatus": 0, "maintenance_trust_details": "A.M.C.", "no_of_benches": 0, "rent_on_shops": 2, "urinal_facilities": 2, "rest_hut": 2, "no_of_rest_huts": 0, "water_connection": 2, "water_connection_size": 0, "sewage_connection": 2, "no_of_water_bodies": 0, "total_area_of_water_bodies": 0, "fountain": 2, "no_of_fountains": 0, "no_of_light_poles": 0, "music_system": 2, "no_of_entry_gates": "1", "water_tank": 2, "water_tank_capacity": 0, "drinking_water_facility": 2, "remarks": "", "address": "Senior Citizen Park , Nr. Dev castal Road  , Ahmedabad , Gujarat", "ward": "45_ISANPUR", "zone": "SOUTH ZONE", "road_id": "", "source_of_water2": "", "st_length(shape)": 178.24548326914146}, "geometry": {"type": "Polygon", "coordinates": [[[72.60126072662771, 22.981582813353125], [72.60137189221876, 22.981222046148947], [72.60146756130764, 22.980940846557385], [72.60146798859155, 22.980939509671224], [72.60146836441884, 22.980938160269616], [72.6014686897324, 22.980936800172405], [72.60146896355744, 22.980935429364845], [72.60146918483949, 22.98093405234493], [72.6014693545852, 22.980932667322307], [72.60146947172416, 22.98093127969753], [72.60146953625635, 22.980929889470623], [72.60146954918845, 22.98092849485121], [72.60146950941812, 22.98092710304495], [72.60146941598653, 22.980925713134553], [72.60146927079548, 22.980924327857178], [72.60146907285416, 22.980922948100616], [72.60146882312148, 22.980921574782187], [72.60146852153365, 22.98092021151209], [72.60146816904951, 22.980918859207637], [72.60146776466243, 22.980917519659172], [72.60146730936309, 22.98091619197891], [72.60146680695505, 22.980914881641173], [72.60146625355505, 22.980913587684405], [72.60146565009009, 22.980912312831006], [72.60146500237701, 22.980911058974648], [72.60146430554187, 22.980909826041508], [72.60146356147048, 22.98090861767133], [72.6014627731191, 22.98090743210329], [72.60146194136686, 22.98090627476744], [72.60146106428013, 22.98090514473173], [72.60146014574214, 22.980904042957746], [72.60145918666387, 22.98090297307045], [72.60145818901088, 22.980901934196797], [72.60145714885213, 22.980900928082878], [72.60145607491289, 22.98089995756918], [72.60145496233515, 22.98089902167932], [72.6014538149862, 22.980898122277484], [72.6014526357904, 22.980897259407904], [72.60145142466803, 22.98089643758339], [72.60145018069213, 22.980895654081497], [72.60144891162915, 22.980894910825423], [72.60144761159846, 22.980894209531684], [72.60144628740764, 22.980893551206176], [72.60144493905666, 22.980892935848875], [72.60144356750443, 22.980892364377137], [72.6014421747005, 22.980891836820433], [72.60144076545502, 22.980891356862788], [72.60143933495785, 22.980890920820194], [72.60132327552269, 22.981119572416556], [72.60115454327222, 22.98143267424396], [72.60110424339352, 22.981529251610795], [72.60125600971743, 22.981593885094917], [72.60126072662771, 22.981582813353125]]]}}, {"type": "Feature", "properties": {"objectid": 626, "name_of_park": "A.M.C. Garden", "zone_id": 2, "ward_id": 12, "village_division": "Naroda", "road_name": "Shree Ram Chowk ", "contact_person": "Mahesh Bhai", "maintained_by": "Mother Dairy", "garden_area": 1049.09305228, "plot_area": 0, "structure_type": "Garden", "no_of_trees": 65, "variety_of_trees": 2, "variety_of_shurbs": 2, "internal_walk_way": 1, "walkway_length": 100, "boundary_wall_details": "Compouind Wall", "shopping_area": 2, "no_of_shops": 0, "tp_no": "2-Naroda", "survey_no_fp_no": "64", "statues": 1, "no_of_statues": 0, "bird_feeder": 2, "no_of_bird_feeders": 0, "phone_number": "9662902219", "play_apparatus": 1, "play_apparatus_type": "Children Play", "no_of_play_apparatus": 3, "maintenance_trust_details": "Amul Fed", "no_of_benches": 2, "rent_on_shops": 2, "urinal_facilities": 1, "rest_hut": 2, "no_of_rest_huts": 0, "water_connection": 1, "water_connection_size": 1, "sewage_connection": 1, "no_of_water_bodies": 0, "total_area_of_water_bodies": 0, "fountain": 2, "no_of_fountains": 0, "no_of_light_poles": 4, "music_system": 2, "no_of_entry_gates": "1", "water_tank": 1, "water_tank_capacity": 10000, "drinking_water_facility": 2, "remarks": "", "address": "Shree Ram Chowk , Nr. Sant Residency , Naroad , Ahmedabad , Gujarat", "ward": "12_NARODA", "zone": "NORTH ZONE", "road_id": "", "source_of_water2": "A.M.C. Supply", "st_length(shape)": 131.68819339673445}, "geometry": {"type": "Polygon", "coordinates": [[[72.6579474297771, 23.060265701431472], [72.65821489894913, 23.06028309196214], [72.6582109371417, 23.059937131884872], [72.65794643528574, 23.05991665984826], [72.6579474297771, 23.060265701431472]]]}}, {"type": "Feature", "properties": {"objectid": 627, "name_of_park": "Lal Bahadur Shashtri Garden", "zone_id": 2, "ward_id": 26, "village_division": "Bapunagar", "road_name": "Lal Bahadur Shashtri Road", "contact_person": "Mittal Bhai Gor", "maintained_by": "Mother Dairy", "garden_area": 7162.97500401, "plot_area": 2700, "structure_type": "Garden", "no_of_trees": 46, "variety_of_trees": 6, "variety_of_shurbs": 5, "internal_walk_way": 1, "walkway_length": 120, "boundary_wall_details": "Compouind Wall", "shopping_area": 2, "no_of_shops": 0, "tp_no": "11-Bapunagar", "survey_no_fp_no": "279/28/1p", "statues": 2, "no_of_statues": 0, "bird_feeder": 2, "no_of_bird_feeders": 0, "phone_number": "9824130843", "play_apparatus": 2, "play_apparatus_type": "", "no_of_play_apparatus": 0, "maintenance_trust_details": "Amul Fed", "no_of_benches": 8, "rent_on_shops": 2, "urinal_facilities": 2, "rest_hut": 2, "no_of_rest_huts": 0, "water_connection": 1, "water_connection_size": 1, "sewage_connection": 2, "no_of_water_bodies": 0, "total_area_of_water_bodies": 0, "fountain": 2, "no_of_fountains": 0, "no_of_light_poles": 0, "music_system": 2, "no_of_entry_gates": "1", "water_tank": 2, "water_tank_capacity": 0, "drinking_water_facility": 2, "remarks": "", "address": "Lal Bahadur Shashtri Road , Maleksahaban Lake , Bapunagar , Ahmedabad , Gujarat", "ward": "26_BAPUNAGAR", "zone": "NORTH ZONE", "road_id": "", "source_of_water2": "A.M.C. Supply", "st_length(shape)": 426.0074482178807}, "geometry": {"type": "Polygon", "coordinates": [[[72.63007428132191, 23.02627395976759], [72.62999210255462, 23.027246443454978], [72.63001242015986, 23.02787210331652], [72.63041503002543, 23.027854724479912], [72.63040194660095, 23.027114809588635], [72.63050310577846, 23.026409307477913], [72.63007428132191, 23.02627395976759]]]}}, {"type": "Feature", "properties": {"objectid": 628, "name_of_park": "Oxizon Park", "zone_id": 2, "ward_id": 26, "village_division": "Bapunagar", "road_name": "Bapunagar Police Station Road", "contact_person": "Mittal Bhai Gor", "maintained_by": "Mother Dairy", "garden_area": 15698.63744357, "plot_area": 7800, "structure_type": "Garden", "no_of_trees": 750, "variety_of_trees": 10, "variety_of_shurbs": 2, "internal_walk_way": 1, "walkway_length": 560, "boundary_wall_details": "Compouind Wall", "shopping_area": 2, "no_of_shops": 0, "tp_no": "11-Bapunagar", "survey_no_fp_no": "154/p,151/p,166/p", "statues": 2, "no_of_statues": 0, "bird_feeder": 1, "no_of_bird_feeders": 1, "phone_number": "9824130843", "play_apparatus": 1, "play_apparatus_type": "Children Play, GYM Equipment", "no_of_play_apparatus": 20, "maintenance_trust_details": "Amul Fed", "no_of_benches": 20, "rent_on_shops": 2, "urinal_facilities": 2, "rest_hut": 2, "no_of_rest_huts": 0, "water_connection": 1, "water_connection_size": 2, "sewage_connection": 2, "no_of_water_bodies": 0, "total_area_of_water_bodies": 0, "fountain": 2, "no_of_fountains": 0, "no_of_light_poles": 24, "music_system": 2, "no_of_entry_gates": "3", "water_tank": 1, "water_tank_capacity": 30000, "drinking_water_facility": 2, "remarks": "", "address": "BH. Bapunagar Police Station , Bapunagar , Ahmedabad , Gujarat", "ward": "26_BAPUNAGAR", "zone": "NORTH ZONE", "road_id": "", "source_of_water2": "A.M.C. Supply", "st_length(shape)": 502.16397563371464}, "geometry": {"type": "Polygon", "coordinates": [[[72.63258028792316, 23.032144704794216], [72.63257604353964, 23.03214511070896], [72.63257182019433, 23.032145652358924], [72.63256762177214, 23.032146330705068], [72.63256345220535, 23.032147144000657], [72.63255931636982, 23.032148092318693], [72.6325552211076, 23.032149174858816], [72.63255117041403, 23.032150386264018], [72.63254716913345, 23.032151728412416], [72.6325432240921, 23.03215320140624], [72.63253933632826, 23.032154801649803], [72.63253551372223, 23.03215652474709], [72.63253176111834, 23.032158372576248], [72.63252808059315, 23.032160337945918], [72.63252447892557, 23.032162423666023], [72.63252095716966, 23.032164625238334], [72.63251752515608, 23.032166938296], [72.63251418286904, 23.03216936374164], [72.63251093726103, 23.03217189445688], [72.63250778932296, 23.032174529553785], [72.63250474496901, 23.03217726550969], [72.63250180622842, 23.03218009784098], [72.63249897896804, 23.032183025732664], [72.63249626427348, 23.032186042881413], [72.6324936670364, 23.032189148457643], [72.6324911883582, 23.032192335255456], [72.63248883509667, 23.032195601571896], [72.63248660734648, 23.032198941991602], [72.6324845080647, 23.03220235475323], [72.63248254028734, 23.032205833582633], [72.63248070602782, 23.03220937489872], [72.63247900731541, 23.0322129742179], [72.63247651333855, 23.032223454527003], [72.63247363265914, 23.03223384779421], [72.6324703693987, 23.032244141442], [72.63246672473741, 23.03225432375156], [72.63246270669747, 23.032264382203742], [72.63245831839367, 23.032274306011512], [72.63245356586631, 23.03228408443165], [72.6324484522933, 23.03229370306686], [72.63244298660894, 23.032303153022816], [72.63243717096863, 23.032312422595368], [72.6324310162413, 23.03232150382193], [72.63242452758679, 23.032330380529306], [72.63241771384475, 23.03233904923858], [72.63241058212542, 23.032347493805723], [72.63240313936546, 23.032355708014922], [72.63239539552177, 23.032363680278788], [72.63238736047236, 23.032371403522752], [72.63237904316738, 23.032378867949955], [72.63237045062242, 23.03238606283176], [72.6323615975441, 23.032392983874292], [72.6323524890292, 23.03239961851461], [72.63234313879342, 23.032405963346807], [72.63233355674633, 23.032412009491214], [72.63233095056827, 23.03241478901863], [72.63232844928086, 23.032417650465913], [72.63232605587274, 23.032420590266593], [72.6323237743235, 23.032423603966237], [72.6323216065993, 23.032426690691494], [72.63231955380155, 23.032429843236436], [72.63231762181286, 23.032433059883555], [72.63231580970539, 23.032436337910553], [72.63231412054668, 23.03243966923814], [72.6323125562871, 23.032443053895516], [72.63231111991531, 23.032446488316236], [72.63230981055081, 23.032449967070313], [72.63230863218894, 23.032453484800737], [72.6323075848613, 23.032457039702393], [72.63230667157231, 23.032460627306264], [72.63230588952264, 23.032464240348], [72.63230524457917, 23.032467878012653], [72.63230473487044, 23.032471535758198], [72.63230436148206, 23.032475207281287], [72.63230412249521, 23.03247889074756], [72.63230402096171, 23.03248257898032], [72.63230405788826, 23.032486270189022], [72.63230422945304, 23.03248995980243], [72.63230453963565, 23.032493643366138], [72.63230498461428, 23.03249731630888], [72.63244091451165, 23.033329709364445], [72.63244147716405, 23.033331226371327], [72.6324420966929, 23.033332726173754], [72.63244277023576, 23.033334205117633], [72.63244349876777, 23.033335663217592], [72.6324442813453, 23.03333709865386], [72.63244511705633, 23.033338507801616], [72.63244600300676, 23.033339888811888], [72.63244693919667, 23.03334124168468], [72.63244792760794, 23.033342564644073], [72.63244896339619, 23.033343855811935], [72.63245004558624, 23.033345115173653], [72.63245117521639, 23.033346339133544], [72.63245234936107, 23.033347527647848], [72.63245356515779, 23.033348677062463], [72.63245482457273, 23.033349786504033], [72.63245612266685, 23.033350859509834], [72.63245746055732, 23.033351887971342], [72.63245883429603, 23.033352874537858], [72.63246024487395, 23.033353818321423], [72.63246168942865, 23.033354715667983], [72.63246316599395, 23.033355567450883], [72.63246467263528, 23.033356372738357], [72.63246620840894, 23.033357129710662], [72.63246776944578, 23.03335783650428], [72.63246935569846, 23.033358495826892], [72.63247096724585, 23.033359103165687], [72.63247259921201, 23.033359658447647], [72.63247424863982, 23.033360163434093], [72.63247591850217, 23.033360615461135], [72.63247760294793, 23.033361014441184], [72.63247930004248, 23.03336135944245], [72.63248100682873, 23.033361652226272], [72.63248272532014, 23.033361889211605], [72.63248444964981, 23.033362071213354], [72.63248617980194, 23.033362199134153], [72.6324879138262, 23.033362272944757], [72.63248964881274, 23.0333622916988], [72.63249138186757, 23.03336225354736], [72.63249311388702, 23.033362163017884], [72.63249483911457, 23.033362014607334], [72.6324965574556, 23.033361813731126], [72.63249826700704, 23.033361557652373], [72.63306288891906, 23.033294018610896], [72.63363964692222, 23.033225025953907], [72.63378973305278, 23.03320707167498], [72.63388986473582, 23.03319509385709], [72.63314905684861, 23.032055184340074], [72.63304563093162, 23.03207146304037], [72.63258028792316, 23.032144704794216]]]}}, {"type": "Feature", "properties": {"objectid": 629, "name_of_park": "Dr. Bhimrao Ambedkar Garden", "zone_id": 2, "ward_id": 26, "village_division": "Bapunagar", "road_name": "Bapunagar Police Station Road", "contact_person": "Mittal Bhai Gor", "maintained_by": "Mother Dairy", "garden_area": 1919.37178315, "plot_area": 600, "structure_type": "Garden", "no_of_trees": 35, "variety_of_trees": 6, "variety_of_shurbs": 4, "internal_walk_way": 1, "walkway_length": 92, "boundary_wall_details": "Compouind Wall", "shopping_area": 2, "no_of_shops": 0, "tp_no": "11-Bapunagar", "survey_no_fp_no": "166,167,168/p", "statues": 2, "no_of_statues": 0, "bird_feeder": 2, "no_of_bird_feeders": 0, "phone_number": "9824130843", "play_apparatus": 1, "play_apparatus_type": "Children Play", "no_of_play_apparatus": 4, "maintenance_trust_details": "Amul Fed", "no_of_benches": 15, "rent_on_shops": 2, "urinal_facilities": 2, "rest_hut": 1, "no_of_rest_huts": 1, "water_connection": 1, "water_connection_size": 0.5, "sewage_connection": 2, "no_of_water_bodies": 0, "total_area_of_water_bodies": 0, "fountain": 2, "no_of_fountains": 0, "no_of_light_poles": 6, "music_system": 2, "no_of_entry_gates": "1", "water_tank": 2, "water_tank_capacity": 0, "drinking_water_facility": 2, "remarks": "", "address": "BH. Bapunagar Police Station , Nr. Madharashi Mandir , Bapunagar , Ahmedabad , Gujarat", "ward": "26_BAPUNAGAR", "zone": "NORTH ZONE", "road_id": "", "source_of_water2": "A.M.C. Supply", "st_length(shape)": 200.19762658938953}, "geometry": {"type": "Polygon", "coordinates": [[[72.6311914735427, 23.03361694953347], [72.63139144966458, 23.033591002224348], [72.63139449256683, 23.033623662421718], [72.63164871723455, 23.03360836159571], [72.63166968656861, 23.0337080443612], [72.63179819817071, 23.033679393898215], [72.63177121104484, 23.033541727709704], [72.63172716434593, 23.033317033208288], [72.63121753520183, 23.03335966138038], [72.63121527428612, 23.033359986826493], [72.6312130277107, 23.033360384711543], [72.6312107984011, 23.03336085507932], [72.63120859024231, 23.03336139889088], [72.6312064033448, 23.03336200982822], [72.63120424247403, 23.033362694282342], [72.63120210866832, 23.033363448657635], [72.63120000490055, 23.033364270290182], [72.63119793606245, 23.03336515835049], [72.63119590119464, 23.033366111921367], [72.63119390611668, 23.033367132895616], [72.63119194988491, 23.033368219453493], [72.63119003555119, 23.03336936441829], [72.63118816789672, 23.033370573278464], [72.63118634893506, 23.033371842452965], [72.63118457871353, 23.0333731692341], [72.6311828582231, 23.033374552733903], [72.63118119432167, 23.03337599124952], [72.63117958704078, 23.033377482975812], [72.63117803642781, 23.033379025205107], [72.6311765463835, 23.03338061799581], [72.63117511697097, 23.03338225773766], [72.63117375017218, 23.033383942654787], [72.63117244990367, 23.03338567190302], [72.6311712162286, 23.03338744187213], [72.63117005012208, 23.033389252576715], [72.63116895458869, 23.033391099547764], [72.63116793066669, 23.03339297918964], [72.63116697830877, 23.033394894210048], [72.63116609957576, 23.033396838320243], [72.63116529353988, 23.03339880879791], [72.63116456408605, 23.033400806604064], [72.631163911309, 23.033402826323318], [72.6311633361997, 23.03340486706771], [72.63116283591152, 23.03340692428059], [72.63116241823018, 23.033408998981393], [72.63116207741503, 23.033411084764506], [72.63116181540069, 23.033413182561734], [72.63116163327281, 23.03341528606969], [72.63116153293446, 23.03341739802534], [72.6311615096517, 23.033419510232502], [72.63116156830054, 23.03342162276427], [72.6311617079689, 23.03342373199571], [72.63116192475604, 23.033425837868467], [72.63116222364837, 23.033427934137556], [72.63116260071362, 23.033430022549723], [72.63116305609381, 23.033432094981844], [72.6311914735427, 23.03361694953347]]]}}, {"type": "Feature", "properties": {"objectid": 630, "name_of_park": "Dr. Bhimrao Udhyan", "zone_id": 2, "ward_id": 27, "village_division": "Saraspur", "road_name": "Vikriti Road", "contact_person": "Mittal Bhai Gor", "maintained_by": "Mother Dairy", "garden_area": 868.92214421, "plot_area": 0, "structure_type": "Garden", "no_of_trees": 30, "variety_of_trees": 7, "variety_of_shurbs": 2, "internal_walk_way": 2, "walkway_length": 0, "boundary_wall_details": "Fencing", "shopping_area": 2, "no_of_shops": 0, "tp_no": "11-Bapunagar", "survey_no_fp_no": "", "statues": 2, "no_of_statues": 0, "bird_feeder": 2, "no_of_bird_feeders": 0, "phone_number": "9824130843", "play_apparatus": 1, "play_apparatus_type": "Children Play", "no_of_play_apparatus": 5, "maintenance_trust_details": "Amul Fed", "no_of_benches": 6, "rent_on_shops": 2, "urinal_facilities": 2, "rest_hut": 1, "no_of_rest_huts": 1, "water_connection": 1, "water_connection_size": 1, "sewage_connection": 2, "no_of_water_bodies": 0, "total_area_of_water_bodies": 0, "fountain": 2, "no_of_fountains": 0, "no_of_light_poles": 0, "music_system": 2, "no_of_entry_gates": "2", "water_tank": 2, "water_tank_capacity": 0, "drinking_water_facility": 2, "remarks": "", "address": "Opp. Prerna Park Society , Vikriti Road ,Saraspur , Ahmedabad , Gujarat", "ward": "27_SARASPUR_RAKHIYAL", "zone": "NORTH ZONE", "road_id": "", "source_of_water2": "A.M.C. Supply", "st_length(shape)": 178.15511923618965}, "geometry": {"type": "Polygon", "coordinates": [[[72.61696137031822, 23.024866223319925], [72.61698386732276, 23.02495635254864], [72.617151522148, 23.024924820375023], [72.6171812592187, 23.024919227751965], [72.6174202179681, 23.024869656349356], [72.61750962013072, 23.02484634132609], [72.61772716331816, 23.024776964518733], [72.61768454914241, 23.02467760281022], [72.61715117937537, 23.02483581847417], [72.61696137031822, 23.024866223319925]]]}}, {"type": "Feature", "properties": {"objectid": 631, "name_of_park": "A.M.C. Garden", "zone_id": 2, "ward_id": 23, "village_division": "Thakkarbapanagar", "road_name": "Canal Road", "contact_person": "Mittal Bhai Gor", "maintained_by": "Mother Dairy", "garden_area": 503.22866155, "plot_area": 0, "structure_type": "Garden", "no_of_trees": 12, "variety_of_trees": 3, "variety_of_shurbs": 1, "internal_walk_way": 2, "walkway_length": 0, "boundary_wall_details": "Compouind Wall", "shopping_area": 2, "no_of_shops": 0, "tp_no": "65-Saijpur-Bogha", "survey_no_fp_no": "181", "statues": 2, "no_of_statues": 0, "bird_feeder": 2, "no_of_bird_feeders": 0, "phone_number": "9824130843", "play_apparatus": 1, "play_apparatus_type": "Children Play", "no_of_play_apparatus": 3, "maintenance_trust_details": "Amul Fed", "no_of_benches": 0, "rent_on_shops": 2, "urinal_facilities": 2, "rest_hut": 2, "no_of_rest_huts": 0, "water_connection": 1, "water_connection_size": 1, "sewage_connection": 2, "no_of_water_bodies": 0, "total_area_of_water_bodies": 0, "fountain": 2, "no_of_fountains": 0, "no_of_light_poles": 3, "music_system": 2, "no_of_entry_gates": "1", "water_tank": 1, "water_tank_capacity": 5000, "drinking_water_facility": 2, "remarks": "", "address": "Opp. Water Pump , Nr. Madhav Bunglows , Canal Road , Thakkarbapanagar , Ahmedabad , Gujarat", "ward": "23_THAKKARBAPANAGAR", "zone": "NORTH ZONE", "road_id": "", "source_of_water2": "A.M.C. Supply", "st_length(shape)": 94.80234110067273}, "geometry": {"type": "Polygon", "coordinates": [[[72.65085599776424, 23.048493717658236], [72.65116746605067, 23.048484238626607], [72.6511685217697, 23.048346775413144], [72.65086817337813, 23.048342250156075], [72.65086553216995, 23.048362226179222], [72.65086343049897, 23.048382255361986], [72.65086187050406, 23.048402326902497], [72.65085599776424, 23.048493717658236]]]}}, {"type": "Feature", "properties": {"objectid": 632, "name_of_park": "A.M.C. Garden", "zone_id": 2, "ward_id": 23, "village_division": "Thakkarbapanagar", "road_name": "Canal Road", "contact_person": "Mittal Bhai Gor", "maintained_by": "Mother Dairy", "garden_area": 2800.09469953, "plot_area": 1600, "structure_type": "Garden", "no_of_trees": 65, "variety_of_trees": 5, "variety_of_shurbs": 3, "internal_walk_way": 1, "walkway_length": 40, "boundary_wall_details": "Compouind Wall", "shopping_area": 2, "no_of_shops": 0, "tp_no": "65-Saijpur-Bogha", "survey_no_fp_no": "159", "statues": 2, "no_of_statues": 0, "bird_feeder": 2, "no_of_bird_feeders": 0, "phone_number": "9824130843", "play_apparatus": 1, "play_apparatus_type": "Children Play", "no_of_play_apparatus": 5, "maintenance_trust_details": "Amul Fed", "no_of_benches": 11, "rent_on_shops": 2, "urinal_facilities": 1, "rest_hut": 1, "no_of_rest_huts": 1, "water_connection": 1, "water_connection_size": 1, "sewage_connection": 1, "no_of_water_bodies": 0, "total_area_of_water_bodies": 0, "fountain": 2, "no_of_fountains": 0, "no_of_light_poles": 10, "music_system": 2, "no_of_entry_gates": "1", "water_tank": 1, "water_tank_capacity": 10000, "drinking_water_facility": 1, "remarks": "", "address": "Nr. Canal , Ambika Park , Thakkarbapanagar , Ahmedabad , GUjarat", "ward": "23_THAKKARBAPANAGAR", "zone": "NORTH ZONE", "road_id": "", "source_of_water2": "A.M.C. Supply", "st_length(shape)": 216.02966074733027}, "geometry": {"type": "Polygon", "coordinates": [[[72.65258112717645, 23.046185610762777], [72.65250312848174, 23.04675709759835], [72.6529252383178, 23.046816459621553], [72.6529601980631, 23.046523040867328], [72.65299526166812, 23.0462287397769], [72.65299549579599, 23.04622677061275], [72.65258112717645, 23.046185610762777]]]}}, {"type": "Feature", "properties": {"objectid": 633, "name_of_park": "Pragati Park", "zone_id": 2, "ward_id": 11, "village_division": "Sardarnagar", "road_name": "Chiloda Road", "contact_person": "Satish Patel", "maintained_by": "A.M.C.", "garden_area": 1227.43591281, "plot_area": 100, "structure_type": "Garden", "no_of_trees": 7, "variety_of_trees": 3, "variety_of_shurbs": 6, "internal_walk_way": 1, "walkway_length": 100, "boundary_wall_details": "Compouind Wall", "shopping_area": 2, "no_of_shops": 0, "tp_no": "99-Chiloda-Naroda", "survey_no_fp_no": "133", "statues": 2, "no_of_statues": 0, "bird_feeder": 2, "no_of_bird_feeders": 0, "phone_number": "96870811583", "play_apparatus": 1, "play_apparatus_type": "Multiplay", "no_of_play_apparatus": 1, "maintenance_trust_details": "A.M.C.", "no_of_benches": 6, "rent_on_shops": 2, "urinal_facilities": 2, "rest_hut": 1, "no_of_rest_huts": 1, "water_connection": 1, "water_connection_size": 0.5, "sewage_connection": 2, "no_of_water_bodies": 0, "total_area_of_water_bodies": 0, "fountain": 2, "no_of_fountains": 0, "no_of_light_poles": 6, "music_system": 2, "no_of_entry_gates": "1", "water_tank": 2, "water_tank_capacity": 0, "drinking_water_facility": 2, "remarks": "", "address": "Pragati Park Garden , Nr. Pragati Park Society , Sardarnagar , Ahmedabad , Gujarat", "ward": "11_SARDARNAGAR", "zone": "NORTH ZONE", "road_id": "", "source_of_water2": "A.M.C. Supply", "st_length(shape)": 167.08496936853612}, "geometry": {"type": "Polygon", "coordinates": [[[72.66502849938736, 23.095420318992176], [72.66470534880467, 23.094912280425945], [72.6647025830894, 23.094907934894298], [72.66459460503742, 23.09495737644195], [72.6647852971146, 23.09549453977884], [72.66502849938736, 23.095420318992176]]]}}, {"type": "Feature", "properties": {"objectid": 635, "name_of_park": "Saijpur Talav Garden", "zone_id": 2, "ward_id": 13, "village_division": "Saijpur Bogha", "road_name": "Saijpur Lake Road", "contact_person": "Mittal Bhai Gor", "maintained_by": "Mother Dairy", "garden_area": 19211.63975021, "plot_area": 750, "structure_type": "Garden", "no_of_trees": 3, "variety_of_trees": 2, "variety_of_shurbs": 4, "internal_walk_way": 1, "walkway_length": 1454, "boundary_wall_details": "Compound Wall", "shopping_area": 2, "no_of_shops": 0, "tp_no": "35-2-Saijpur Bogha", "survey_no_fp_no": "24", "statues": 2, "no_of_statues": 0, "bird_feeder": 2, "no_of_bird_feeders": 0, "phone_number": "7096534836", "play_apparatus": 1, "play_apparatus_type": "Children Play, GYM Equipment", "no_of_play_apparatus": 3, "maintenance_trust_details": "Amul Fed", "no_of_benches": 13, "rent_on_shops": 2, "urinal_facilities": 2, "rest_hut": 2, "no_of_rest_huts": 0, "water_connection": 1, "water_connection_size": 1.5, "sewage_connection": 1, "no_of_water_bodies": 1, "total_area_of_water_bodies": 1000, "fountain": 2, "no_of_fountains": 0, "no_of_light_poles": 141, "music_system": 2, "no_of_entry_gates": "3", "water_tank": 1, "water_tank_capacity": 5000, "drinking_water_facility": 2, "remarks": "", "address": "Opp. Saijpur Tower , Naroda Road , Saijpur , Ahmedabad , GUjarat", "ward": "13_SAIJPUR_BOGHA", "zone": "NORTH ZONE", "road_id": "", "source_of_water2": "A.M.C. Supply", "st_length(shape)": 530.7579421190944}, "geometry": {"type": "Polygon", "coordinates": [[[72.64121326577629, 23.06069882342108], [72.64138615624596, 23.06072175207242], [72.6420346310199, 23.060524224168457], [72.64222631743047, 23.0604862412645], [72.64225252888264, 23.060314233861668], [72.64184783603687, 23.059095941906783], [72.64166023026254, 23.058995879850297], [72.64149456374007, 23.059084977379012], [72.64111337602134, 23.059395505307922], [72.64080077314881, 23.05992828837252], [72.64078578072211, 23.059976386871742], [72.64077665597556, 23.060025934601114], [72.64077353023112, 23.06007621847733], [72.64077644847401, 23.060126514822564], [72.64078536870537, 23.060176099779543], [72.64080016254654, 23.060224259729175], [72.64082061708686, 23.06027030156087], [72.64084643794773, 23.06031356264765], [72.64087725351929, 23.060353420382597], [72.64121326577629, 23.06069882342108]]]}}, {"type": "Feature", "properties": {"objectid": 636, "name_of_park": "Sant Shree Vadinath Garden", "zone_id": 2, "ward_id": 13, "village_division": "Saijpur Bogha", "road_name": "Chehar Nagar Road", "contact_person": "Mittal Bhai Gor", "maintained_by": "Mother Dairy", "garden_area": 530.00579313, "plot_area": 144, "structure_type": "Garden", "no_of_trees": 55, "variety_of_trees": 3, "variety_of_shurbs": 2, "internal_walk_way": 1, "walkway_length": 85, "boundary_wall_details": "Compound Wall", "shopping_area": 2, "no_of_shops": 0, "tp_no": "47-Saijpur Bogha", "survey_no_fp_no": "49", "statues": 2, "no_of_statues": 0, "bird_feeder": 2, "no_of_bird_feeders": 0, "phone_number": "9824130843", "play_apparatus": 1, "play_apparatus_type": "Children Play", "no_of_play_apparatus": 2, "maintenance_trust_details": "Amul Fed", "no_of_benches": 2, "rent_on_shops": 2, "urinal_facilities": 2, "rest_hut": 2, "no_of_rest_huts": 0, "water_connection": 1, "water_connection_size": 1, "sewage_connection": 1, "no_of_water_bodies": 0, "total_area_of_water_bodies": 0, "fountain": 2, "no_of_fountains": 0, "no_of_light_poles": 3, "music_system": 2, "no_of_entry_gates": "1", "water_tank": 2, "water_tank_capacity": 0, "drinking_water_facility": 2, "remarks": "", "address": "Chehar Nagar , Saijpur Ahmedabad , Gujarat", "ward": "13_SAIJPUR_BOGHA", "zone": "NORTH ZONE", "road_id": "", "source_of_water2": "A.M.C. Supply", "st_length(shape)": 102.63201072612755}, "geometry": {"type": "Polygon", "coordinates": [[[72.63666497068806, 23.065086467621242], [72.63674614194477, 23.064846595299656], [72.63651645998371, 23.064774667859098], [72.63647592160102, 23.064891865114593], [72.6365843886107, 23.06495375994604], [72.63655024867404, 23.065043656549296], [72.63666497068806, 23.065086467621242]]]}}, {"type": "Feature", "properties": {"objectid": 637, "name_of_park": "Mama Kalyan Garden", "zone_id": 2, "ward_id": 13, "village_division": "Saijpur Bogha", "road_name": "Krushannagar Housing Board Road", "contact_person": "Maheshbhai Thakor", "maintained_by": "Mother Dairy", "garden_area": 1096.10800816, "plot_area": 0, "structure_type": "Garden", "no_of_trees": 8, "variety_of_trees": 3, "variety_of_shurbs": 2, "internal_walk_way": 1, "walkway_length": 150, "boundary_wall_details": "Compound Wall", "shopping_area": 2, "no_of_shops": 0, "tp_no": "35-2-Saijpur Bogha", "survey_no_fp_no": "11/1", "statues": 2, "no_of_statues": 0, "bird_feeder": 2, "no_of_bird_feeders": 0, "phone_number": "6353087646", "play_apparatus": 1, "play_apparatus_type": "Children Play", "no_of_play_apparatus": 2, "maintenance_trust_details": "Amul Fed", "no_of_benches": 7, "rent_on_shops": 2, "urinal_facilities": 2, "rest_hut": 2, "no_of_rest_huts": 0, "water_connection": 1, "water_connection_size": 0.5, "sewage_connection": 1, "no_of_water_bodies": 0, "total_area_of_water_bodies": 0, "fountain": 2, "no_of_fountains": 0, "no_of_light_poles": 4, "music_system": 2, "no_of_entry_gates": "1", "water_tank": 2, "water_tank_capacity": 0, "drinking_water_facility": 1, "remarks": "", "address": "Near Krushannagar Housing , Krushannagar , Ahmedabad , Gujarat", "ward": "13_SAIJPUR_BOGHA", "zone": "NORTH ZONE", "road_id": "", "source_of_water2": "A.M.C. Supply", "st_length(shape)": 136.221035529645}, "geometry": {"type": "Polygon", "coordinates": [[[72.64176060309306, 23.058519148294266], [72.64203282349138, 23.058229404413442], [72.64203683924543, 23.05822158030927], [72.6420395421961, 23.05821321150144], [72.64204086174375, 23.058204516578733], [72.6420407634225, 23.058195722647888], [72.64203924980045, 23.058187059401668], [72.6420363604126, 23.058178753119428], [72.64203217072821, 23.058171020756816], [72.6420267901796, 23.058164064279016], [72.64202035930381, 23.058158065385495], [72.6420130460719, 23.058153180764148], [72.64200504150153, 23.058149537998673], [72.64199655466786, 23.058147232236152], [72.64198780724239, 23.05814632370187], [72.64176709678149, 23.058146611904288], [72.64174835739942, 23.058145589013012], [72.64172969810313, 23.058147599338433], [72.6417116066481, 23.058152590330486], [72.64169455594644, 23.058160431524247], [72.64167899170486, 23.058170917950267], [72.64166532077388, 23.05818377549253], [72.64165390051276, 23.058198668053848], [72.64168336993217, 23.058507246705982], [72.64168543390709, 23.058514171634606], [72.64168866283113, 23.05852063605093], [72.64169295966718, 23.058526445683345], [72.64169819528476, 23.058531425938103], [72.64170421234068, 23.058535427146296], [72.6417108300076, 23.058538329061783], [72.64171784940834, 23.058540044474857], [72.64172505959266, 23.058540521833137], [72.64173224387679, 23.05853974679084], [72.6417391863553, 23.05853774263988], [72.64174567838963, 23.058534569609936], [72.6417515248782, 23.058530323058353], [72.64175655011964, 23.058525130604462], [72.64176060309306, 23.058519148294266]]]}}, {"type": "Feature", "properties": {"objectid": 638, "name_of_park": "Rajendra Chavda Garden", "zone_id": 5, "ward_id": 31, "village_division": "Vasna", "road_name": "Vasna Road", "contact_person": "Kanu Bhai ", "maintained_by": "Mother Dairy", "garden_area": 4790.4774586, "plot_area": 0, "structure_type": "Store Room", "no_of_trees": 232, "variety_of_trees": 3, "variety_of_shurbs": 4, "internal_walk_way": 1, "walkway_length": 349, "boundary_wall_details": "Chainlinked", "shopping_area": 2, "no_of_shops": 0, "tp_no": "22-Paldi", "survey_no_fp_no": "355", "statues": 2, "no_of_statues": 0, "bird_feeder": 2, "no_of_bird_feeders": 0, "phone_number": "9825511398", "play_apparatus": 1, "play_apparatus_type": "GYM Equipment", "no_of_play_apparatus": 20, "maintenance_trust_details": "Amul Fed", "no_of_benches": 30, "rent_on_shops": 2, "urinal_facilities": 2, "rest_hut": 1, "no_of_rest_huts": 1, "water_connection": 1, "water_connection_size": 1, "sewage_connection": 2, "no_of_water_bodies": 0, "total_area_of_water_bodies": 0, "fountain": 2, "no_of_fountains": 0, "no_of_light_poles": 12, "music_system": 2, "no_of_entry_gates": "2", "water_tank": 1, "water_tank_capacity": 3000, "drinking_water_facility": 2, "remarks": "", "address": "Nr. Telephone Exchange , Vasna , Ahmedabad , Gujarat", "ward": "31_VASNA", "zone": "WEST ZONE", "road_id": "", "source_of_water2": "A.M.C. Supply", "st_length(shape)": 290.8998822057229}, "geometry": {"type": "Polygon", "coordinates": [[[72.54885759945762, 22.997687108139484], [72.54841363040865, 22.997506495139515], [72.548077017156, 22.99832286006994], [72.54855224027965, 22.9984753314138], [72.54865039654892, 22.99821811842601], [72.54885759945762, 22.997687108139484]]]}}, {"type": "Feature", "properties": {"objectid": 639, "name_of_park": "Malav Talav Garden", "zone_id": 5, "ward_id": 31, "village_division": "Vasna", "road_name": "Jivraj Road", "contact_person": "Kanu Bhai", "maintained_by": "Mother Dairy", "garden_area": 28509.66636522, "plot_area": 0, "structure_type": "Store Room", "no_of_trees": 202, "variety_of_trees": 4, "variety_of_shurbs": 5, "internal_walk_way": 1, "walkway_length": 600, "boundary_wall_details": "Chainlinked", "shopping_area": 2, "no_of_shops": 0, "tp_no": "26-Vansa", "survey_no_fp_no": "357+358+359", "statues": 2, "no_of_statues": 0, "bird_feeder": 2, "no_of_bird_feeders": 0, "phone_number": "9825511398", "play_apparatus": 1, "play_apparatus_type": "Children Play", "no_of_play_apparatus": 32, "maintenance_trust_details": "Amul Fed", "no_of_benches": 110, "rent_on_shops": 2, "urinal_facilities": 2, "rest_hut": 1, "no_of_rest_huts": 1, "water_connection": 1, "water_connection_size": 1, "sewage_connection": 2, "no_of_water_bodies": 0, "total_area_of_water_bodies": 0, "fountain": 1, "no_of_fountains": 1, "no_of_light_poles": 25, "music_system": 2, "no_of_entry_gates": "3", "water_tank": 1, "water_tank_capacity": 5000, "drinking_water_facility": 1, "remarks": "", "address": "Malav Talav , Jivraj Park , Vasna , Ahmedabd , Gujarat", "ward": "31_VASNA", "zone": "WEST ZONE", "road_id": "", "source_of_water2": "Shellow Bore", "st_length(shape)": 679.2608805916933}, "geometry": {"type": "Polygon", "coordinates": [[[72.54074259267678, 23.006954090196967], [72.54051085075561, 23.006812744579946], [72.54008498083411, 23.006551463785843], [72.5394715264859, 23.006171774489815], [72.53912417202476, 23.005955908510924], [72.53864676220198, 23.006911056468557], [72.53859593181869, 23.00700765309058], [72.53845860063694, 23.00739244416032], [72.53845787015189, 23.007394649979645], [72.53845722696859, 23.00739688153139], [72.53845667406098, 23.00739913615356], [72.53845620954472, 23.007401410205766], [72.53845583541883, 23.007403701010844], [72.53845555072476, 23.00740600765113], [72.53845535651935, 23.00740832562923], [72.53845525384308, 23.00741065135032], [72.53845524271233, 23.00741298391185], [72.53845532221767, 23.007415319688665], [72.53845549341598, 23.007417654183392], [72.53845575531591, 23.007419988283353], [72.53845610801581, 23.00742231657354], [72.53845654961488, 23.007424636316077], [72.53845708209582, 23.00742694573631], [72.53845770261572, 23.007429240276192], [72.53845841314082, 23.007431519063545], [72.5384592098533, 23.007433777525193], [72.53846009181099, 23.007436013840938], [72.53846106101292, 23.007438225333612], [72.53846211261717, 23.007440410122367], [72.5384632476806, 23.007442563709844], [72.5384644642697, 23.007444685163186], [72.53846576051653, 23.007446769939563], [72.53846713642108, 23.007448818038952], [72.53846858816553, 23.007450824888156], [72.5384701138, 23.007452790456863], [72.53847171343918, 23.007454708427513], [72.5384733851168, 23.00745657967231], [72.53847512402372, 23.00745840050537], [72.53847693019272, 23.007460169121703], [72.53847880170669, 23.00746188368595], [72.53848073567356, 23.007463542347626], [72.53848272921769, 23.00746514235368], [72.53848478138052, 23.00746668278649], [72.53848688735292, 23.007468159960165], [72.53848904715126, 23.007469572972212], [72.53849125495869, 23.007470919926647], [72.53849351175013, 23.007472200838595], [72.53849581271645, 23.00747341202225], [72.53849815493282, 23.007474553432104], [72.53850053552362, 23.007475622315134], [72.53850295158038, 23.007476617723352], [72.53850540212818, 23.007477539641577], [72.53850788135017, 23.00747838617384], [72.5385103882878, 23.00747915640244], [72.53851291809916, 23.00747984844654], [72.53872473277015, 23.007533580065857], [72.54003773782973, 23.007866645714152], [72.54010440581175, 23.007883557067963], [72.54010585586025, 23.007883777312053], [72.54013818962875, 23.007892456211998], [72.54014570750489, 23.00788003912105], [72.54050783534043, 23.00728193088827], [72.54074259267678, 23.006954090196967]]]}}, {"type": "Feature", "properties": {"objectid": 640, "name_of_park": "Chandra Moleshwar Garden", "zone_id": 5, "ward_id": 31, "village_division": "Vasna", "road_name": "Chandranagar Road", "contact_person": "Kanu Bhai", "maintained_by": "Mother Dairy", "garden_area": 3089.24958828, "plot_area": 0, "structure_type": "Store Room", "no_of_trees": 45, "variety_of_trees": 3, "variety_of_shurbs": 5, "internal_walk_way": 1, "walkway_length": 247, "boundary_wall_details": "Chainlinked", "shopping_area": 2, "no_of_shops": 0, "tp_no": "22-Paldi", "survey_no_fp_no": "138", "statues": 2, "no_of_statues": 0, "bird_feeder": 2, "no_of_bird_feeders": 0, "phone_number": "9725609844", "play_apparatus": 1, "play_apparatus_type": "Children Play,  GYM Equipment", "no_of_play_apparatus": 20, "maintenance_trust_details": "Amul Fed", "no_of_benches": 31, "rent_on_shops": 2, "urinal_facilities": 2, "rest_hut": 1, "no_of_rest_huts": 1, "water_connection": 1, "water_connection_size": 1, "sewage_connection": 2, "no_of_water_bodies": 0, "total_area_of_water_bodies": 0, "fountain": 2, "no_of_fountains": 0, "no_of_light_poles": 9, "music_system": 2, "no_of_entry_gates": "2", "water_tank": 2, "water_tank_capacity": 0, "drinking_water_facility": 2, "remarks": "", "address": "Chandranagar Road , Vasna , Ahmedabad , Gujarat", "ward": "31_VASNA", "zone": "WEST ZONE", "road_id": "", "source_of_water2": "Shellow Bore", "st_length(shape)": 227.35172314304043}, "geometry": {"type": "Polygon", "coordinates": [[[72.55928370188732, 22.997514995575525], [72.55949312580016, 22.997255411882197], [72.55944438392096, 22.997217089828723], [72.55912627544885, 22.997038262980166], [72.5587347233799, 22.997528010622265], [72.55908588447556, 22.997767092447823], [72.55928370188732, 22.997514995575525]]]}}, {"type": "Feature", "properties": {"objectid": 641, "name_of_park": "Shahwadi Garden", "zone_id": 5, "ward_id": 31, "village_division": "Vasna", "road_name": "Vasna Canal Road", "contact_person": "Kanu Bhai", "maintained_by": "Mother Dairy", "garden_area": 3297.28207329, "plot_area": 0, "structure_type": "Store Room", "no_of_trees": 10, "variety_of_trees": 4, "variety_of_shurbs": 5, "internal_walk_way": 1, "walkway_length": 269, "boundary_wall_details": "Chainlinked", "shopping_area": 2, "no_of_shops": 0, "tp_no": "94-Shahwadi", "survey_no_fp_no": "64/2", "statues": 2, "no_of_statues": 0, "bird_feeder": 2, "no_of_bird_feeders": 0, "phone_number": "9725609844", "play_apparatus": 1, "play_apparatus_type": "Children Play", "no_of_play_apparatus": 12, "maintenance_trust_details": "Amul Fed", "no_of_benches": 22, "rent_on_shops": 2, "urinal_facilities": 2, "rest_hut": 1, "no_of_rest_huts": 1, "water_connection": 1, "water_connection_size": 1, "sewage_connection": 2, "no_of_water_bodies": 0, "total_area_of_water_bodies": 0, "fountain": 2, "no_of_fountains": 0, "no_of_light_poles": 10, "music_system": 2, "no_of_entry_gates": "2", "water_tank": 1, "water_tank_capacity": 3000, "drinking_water_facility": 2, "remarks": "", "address": "Vasna Canal Road , Vasna ,Ahmedabad , Gujarat", "ward": "31_VASNA", "zone": "WEST ZONE", "road_id": "", "source_of_water2": "A.M.C. Supply , Tanker", "st_length(shape)": 264.5432873983953}, "geometry": {"type": "Polygon", "coordinates": [[[72.55005142867937, 22.992131958525317], [72.54995830918875, 22.99209187200067], [72.54995551090619, 22.992090722811444], [72.54995267100999, 22.9920896641578], [72.54994979143355, 22.992088696972473], [72.54994687893549, 22.992087824971083], [72.54994393449066, 22.99208704816872], [72.54994096394806, 22.9920863666559], [72.5499379682336, 22.99208578315524], [72.54993495227036, 22.992085295034588], [72.54993192184213, 22.992084905994556], [72.54992887790746, 22.992084616952695], [72.54992582540565, 22.992084424374408], [72.54992276719607, 22.99208433191496], [72.54991970721056, 22.992084337829684], [72.54991664931592, 22.99208444398396], [72.54991359744399, 22.992084648633046], [72.54991055643643, 22.992084953657447], [72.54990752926655, 22.992085356394824], [72.54990451595063, 22.9920858559427], [72.54990152522959, 22.992086454241836], [72.54989855911828, 22.992087147712333], [72.5498956214834, 22.99208793821959], [72.54989271528203, 22.99208882400381], [72.5498898444787, 22.992089801515263], [72.54988700999932, 22.9920908734766], [72.54988422071516, 22.992092034608465], [72.54988147558619, 22.992093288505853], [72.54987877961693, 22.992094628024073], [72.54987613568298, 22.99209605591589], [72.54987354776515, 22.9920975677291], [72.54987101781309, 22.992099163493855], [72.54986855078242, 22.99210083877301], [72.54986614761538, 22.992102595386694], [72.5498638103594, 22.992104427949943], [72.5498615458709, 22.99210633476337], [72.54985935419874, 22.99210831311939], [72.54985723729261, 22.992110363048198], [72.54985520108293, 22.99211248012772], [72.54985324366896, 22.99211466162025], [72.54985137193968, 22.992116904021287], [72.54984958391283, 22.992119209105738], [72.54984788460924, 22.99212156882637], [72.54984627599482, 22.992123982310822], [72.54984475714369, 22.992126446836505], [72.54984333299514, 22.992128958868744], [72.54984200554772, 22.99213151573017], [72.5498407738918, 22.992134113795643], [72.54983964195927, 22.992136751320498], [72.54952603707106, 22.992905752570152], [72.54952501627253, 22.992908390908845], [72.54952409635193, 22.992911058794515], [72.54952327441737, 22.992913754376936], [72.54952255342593, 22.992916475896305], [72.54952193345913, 22.992919218840058], [72.5495214165155, 22.99292198053083], [72.54952100366769, 22.992924755568605], [72.54952069200749, 22.99292754300561], [72.54952048549941, 22.99293033929214], [72.54952038323387, 22.99293314080304], [72.54952038529228, 22.99293594302573], [72.54952049074872, 22.99293874323759], [72.54952070062694, 22.99294153874615], [72.54952101396839, 22.99294432863381], [72.54952143093604, 22.992947103875423], [72.54952195053878, 22.992949865358405], [72.54952257186692, 22.992952609457607], [72.54952329600941, 22.99295532987053], [72.54952412004174, 22.992958026551875], [72.5495250440128, 22.992960696794135], [72.54952606608697, 22.992963334249477], [72.54952718528943, 22.992965938902866], [72.54952840171798, 22.992968505339174], [72.54952971148955, 22.992971032595534], [72.54953111569306, 22.992973514369453], [72.54953261138769, 22.992975951518154], [72.54953419574672, 22.992978338581278], [72.54953586682046, 22.99298067552868], [72.54953762472302, 22.992982956042734], [72.54953946659502, 22.9929851764681], [72.54954138943049, 22.992987341272105], [72.54954339339241, 22.992989441429586], [72.54954547264803, 22.992991475947505], [72.54954762526395, 22.99299344389317], [72.54954985036314, 22.9929953398364], [72.54955214500475, 22.99299716463446], [72.54955450340498, 22.992998914586746], [72.54955692852091, 22.99300058793349], [72.54955941451979, 22.99300218368165], [72.54956195560148, 22.993003699033146], [72.54956455376457, 22.99300513131063], [72.54956720220144, 22.99300647950595], [72.54956989993728, 22.993007743604018], [72.54957264216306, 22.993008919919358], [72.54957542595427, 22.993010008406678], [72.54957825040124, 22.993011005440867], [72.54958110768898, 22.993011911803695], [72.5495839968426, 22.993012727480103], [72.54958691693619, 22.993013449747444], [72.54958986114585, 22.993014078500128], [72.54959282560482, 22.99301461187275], [72.54959580930566, 22.99301505165527], [72.5495988064482, 22.99301539504962], [72.54960181511538, 22.993015640220584], [72.54960483036781, 22.9930157907028], [72.54990629323923, 22.993025978974114], [72.55002090487321, 22.992381574630663], [72.55005142867937, 22.992131958525317]]]}}, {"type": "Feature", "properties": {"objectid": 642, "name_of_park": "Jambvan Garden", "zone_id": 5, "ward_id": 31, "village_division": "Vasna", "road_name": "Budh Bhavani Road", "contact_person": "Kanu Bhai", "maintained_by": "Mother Dairy", "garden_area": 2899.94236853, "plot_area": 0, "structure_type": "Store Room", "no_of_trees": 25, "variety_of_trees": 3, "variety_of_shurbs": 5, "internal_walk_way": 1, "walkway_length": 248, "boundary_wall_details": "Chainlinked", "shopping_area": 2, "no_of_shops": 0, "tp_no": "26-Vasna", "survey_no_fp_no": "43", "statues": 2, "no_of_statues": 0, "bird_feeder": 2, "no_of_bird_feeders": 0, "phone_number": "9825511398", "play_apparatus": 1, "play_apparatus_type": "Children Play", "no_of_play_apparatus": 16, "maintenance_trust_details": "Amul Fed", "no_of_benches": 25, "rent_on_shops": 2, "urinal_facilities": 2, "rest_hut": 1, "no_of_rest_huts": 1, "water_connection": 1, "water_connection_size": 1, "sewage_connection": 2, "no_of_water_bodies": 0, "total_area_of_water_bodies": 0, "fountain": 2, "no_of_fountains": 0, "no_of_light_poles": 13, "music_system": 2, "no_of_entry_gates": "2", "water_tank": 2, "water_tank_capacity": 0, "drinking_water_facility": 2, "remarks": "", "address": "Boothbhavani Road , Vasna , Ahmedabad , Gujarat", "ward": "31_VASNA", "zone": "WEST ZONE", "road_id": "", "source_of_water2": "Shellow Bore", "st_length(shape)": 222.3525707324003}, "geometry": {"type": "Polygon", "coordinates": [[[72.5406896806932, 23.009963687831174], [72.54003090831667, 23.009760725908542], [72.53997295930094, 23.010127937835264], [72.53997829910192, 23.01013081760196], [72.54056083639618, 23.0103508217781], [72.5406896806932, 23.009963687831174]]]}}, {"type": "Feature", "properties": {"objectid": 643, "name_of_park": "Senior Citizen Garden", "zone_id": 5, "ward_id": 31, "village_division": "Vasna", "road_name": "Dharnidhar Road", "contact_person": "Kanu Bhai", "maintained_by": "Mother Dairy", "garden_area": 3313.86954193, "plot_area": 0, "structure_type": "Garden", "no_of_trees": 149, "variety_of_trees": 4, "variety_of_shurbs": 5, "internal_walk_way": 1, "walkway_length": 170, "boundary_wall_details": "Chainlinked", "shopping_area": 2, "no_of_shops": 0, "tp_no": "26-Vasna", "survey_no_fp_no": "119", "statues": 2, "no_of_statues": 0, "bird_feeder": 2, "no_of_bird_feeders": 0, "phone_number": "9825511398", "play_apparatus": 1, "play_apparatus_type": "GYM Equipment", "no_of_play_apparatus": 20, "maintenance_trust_details": "Amul Fed", "no_of_benches": 45, "rent_on_shops": 2, "urinal_facilities": 2, "rest_hut": 1, "no_of_rest_huts": 1, "water_connection": 1, "water_connection_size": 2, "sewage_connection": 2, "no_of_water_bodies": 0, "total_area_of_water_bodies": 0, "fountain": 2, "no_of_fountains": 0, "no_of_light_poles": 6, "music_system": 2, "no_of_entry_gates": "2", "water_tank": 1, "water_tank_capacity": 2500, "drinking_water_facility": 2, "remarks": "", "address": "Dharnidhar Road , Vasna , Ahmedabad , Gujarat", "ward": "31_VASNA", "zone": "WEST ZONE", "road_id": "", "source_of_water2": "A.M.C. Supply", "st_length(shape)": 228.10038298756456}, "geometry": {"type": "Polygon", "coordinates": [[[72.54718353809095, 23.00733105213187], [72.54713727020027, 23.00741688493721], [72.5476171846217, 23.007654933855118], [72.54785301301045, 23.007206100359628], [72.54785369304837, 23.00720397946694], [72.54785429249267, 23.007201839270195], [72.54785481228564, 23.007199681589512], [72.54785525141968, 23.007197508214823], [72.54785560784704, 23.00719532453098], [72.54785588255899, 23.007193129650588], [72.54785607448267, 23.0071909289736], [72.54785618361807, 23.007188722500036], [72.54785621084224, 23.007186515660074], [72.54785615518023, 23.007184308438603], [72.54785601559185, 23.007182104430587], [72.54785579591157, 23.007179907306462], [72.54785549123208, 23.00717771879577], [72.5478551063628, 23.007175542584047], [72.54785464031248, 23.007173379558743], [72.54785409106594, 23.007171233299662], [72.5478534634653, 23.00716910568737], [72.54785275648662, 23.007166999414302], [72.54785197008096, 23.007164917187996], [72.54785110710789, 23.00716286266382], [72.54785016560119, 23.007160836714053], [72.54784915040294, 23.007158841219287], [72.54784805948167, 23.00715688066186], [72.54784689673713, 23.007154955102173], [72.54784566109646, 23.007153069940227], [72.54784435647578, 23.0071512243339], [72.5478429828261, 23.007149420990746], [72.54784154105711, 23.00714766353593], [72.54784003505223, 23.00714595293238], [72.54783846572113, 23.00714429280523], [72.54783683405508, 23.007142682267094], [72.54783514289731, 23.007141125875865], [72.54739328173011, 23.006942376205238], [72.54731075794069, 23.007095224613415], [72.54718353809095, 23.00733105213187]]]}}, {"type": "Feature", "properties": {"objectid": 644, "name_of_park": "Rasklal Chandulal Shah Garden", "zone_id": 5, "ward_id": 30, "village_division": "Paldi", "road_name": "Chandranagar Road", "contact_person": "Kanu Bhai", "maintained_by": "Mother Dairy", "garden_area": 3731.17984406, "plot_area": 0, "structure_type": "Store Room", "no_of_trees": 52, "variety_of_trees": 3, "variety_of_shurbs": 4, "internal_walk_way": 1, "walkway_length": 220, "boundary_wall_details": "Chainlinked", "shopping_area": 2, "no_of_shops": 0, "tp_no": "22-Paldi", "survey_no_fp_no": "92", "statues": 2, "no_of_statues": 0, "bird_feeder": 2, "no_of_bird_feeders": 0, "phone_number": "9725609844", "play_apparatus": 1, "play_apparatus_type": "GYM Equipment", "no_of_play_apparatus": 15, "maintenance_trust_details": "Amul Fed", "no_of_benches": 31, "rent_on_shops": 2, "urinal_facilities": 2, "rest_hut": 1, "no_of_rest_huts": 1, "water_connection": 1, "water_connection_size": 1, "sewage_connection": 2, "no_of_water_bodies": 0, "total_area_of_water_bodies": 0, "fountain": 2, "no_of_fountains": 0, "no_of_light_poles": 11, "music_system": 2, "no_of_entry_gates": "1", "water_tank": 1, "water_tank_capacity": 5000, "drinking_water_facility": 2, "remarks": "", "address": "Shantivan , Paldi , Ahmedabad , Gujarat", "ward": "30_PALDI", "zone": "WEST ZONE", "road_id": "", "source_of_water2": "Shellow Bore ", "st_length(shape)": 252.0636336882255}, "geometry": {"type": "Polygon", "coordinates": [[[72.5589073764127, 23.00099110801565], [72.55924324571379, 23.000435749131313], [72.55887523506654, 23.000255289738742], [72.55887388247125, 23.000254641454127], [72.55887250852618, 23.000254041589933], [72.5588711122402, 23.000253491033614], [72.55886969947895, 23.0002529889729], [72.55886826726898, 23.000252538070214], [72.55886681950989, 23.000252138385676], [72.5588653572253, 23.000251787226805], [72.55886388324248, 23.000251490053806], [72.55886239860125, 23.00025124327161], [72.55886090619386, 23.000251048730387], [72.55885940602026, 23.000250906430125], [72.55885790003029, 23.000250816400882], [72.5588563921073, 23.000250779605324], [72.55885488324239, 23.000250795155978], [72.55885337244442, 23.00025086394033], [72.55885186655395, 23.000250985161063], [72.55885036459607, 23.00025115880318], [72.55884886754563, 23.0002513848817], [72.55884737738498, 23.000251661621665], [72.5588458979974, 23.000251989985692], [72.55884442837555, 23.00025237176383], [72.55884297349134, 23.00025280161611], [72.55884153230492, 23.000253283137567], [72.55884010777345, 23.00025381456829], [72.55883870285412, 23.00025439414833], [72.55883731558086, 23.00025502275014], [72.55883595183556, 23.00025569865886], [72.55883460870977, 23.0002564209269], [72.55883329400267, 23.000257189674528], [72.55883200287224, 23.000258003021514], [72.55883074215897, 23.000258860170604], [72.55882950893825, 23.000259761076666], [72.55882830618341, 23.000260703077263], [72.55882713878522, 23.00026168534503], [72.55882600380274, 23.000262708737395], [72.55882490323447, 23.000263770576865], [72.55882384005385, 23.000264868200972], [72.55882281426085, 23.00026600160975], [72.55882182684662, 23.000267169915656], [72.55882088175947, 23.000268370471314], [72.55881997703338, 23.000269604149157], [72.55881911374067, 23.000270865549098], [72.55881829378242, 23.00027215740875], [72.55881752113943, 23.000273475275694], [72.5588167909372, 23.00027481907472], [72.55851997786851, 23.000753458814636], [72.55851591173246, 23.0007801000714], [72.55866689258839, 23.000978547596976], [72.55882845238165, 23.001128394961803], [72.5589073764127, 23.00099110801565]]]}}, {"type": "Feature", "properties": {"objectid": 645, "name_of_park": "Janvi Garden", "zone_id": 5, "ward_id": 3, "village_division": "Chandkheda", "road_name": "New C.G. Road", "contact_person": "Ashwin Bhai", "maintained_by": "Mother Dairy", "garden_area": 4861.62498107, "plot_area": 0, "structure_type": "Store Room ", "no_of_trees": 7, "variety_of_trees": 2, "variety_of_shurbs": 4, "internal_walk_way": 1, "walkway_length": 473, "boundary_wall_details": "Chainlinked", "shopping_area": 2, "no_of_shops": 0, "tp_no": "22-Chandkheda", "survey_no_fp_no": "289", "statues": 2, "no_of_statues": 0, "bird_feeder": 2, "no_of_bird_feeders": 0, "phone_number": "9099131880", "play_apparatus": 1, "play_apparatus_type": "Children Play", "no_of_play_apparatus": 18, "maintenance_trust_details": "Amul Fed", "no_of_benches": 17, "rent_on_shops": 2, "urinal_facilities": 1, "rest_hut": 1, "no_of_rest_huts": 1, "water_connection": 1, "water_connection_size": 1.5, "sewage_connection": 2, "no_of_water_bodies": 0, "total_area_of_water_bodies": 0, "fountain": 2, "no_of_fountains": 0, "no_of_light_poles": 21, "music_system": 2, "no_of_entry_gates": "1", "water_tank": 1, "water_tank_capacity": 5000, "drinking_water_facility": 2, "remarks": "", "address": "Opp. Janvi BUnglows-4 , New C.G. Road , Nr. Spring Velly Party Plot , Chandkheda , Ahmedabad , Gujarat", "ward": "03_CHANDKHEDA", "zone": "WEST ZONE", "road_id": "", "source_of_water2": "Shellow Bore ", "st_length(shape)": 278.9409085973914}, "geometry": {"type": "Polygon", "coordinates": [[[72.59061651648277, 23.11219142058076], [72.59077102822695, 23.11217915970134], [72.59131045404173, 23.112130710404973], [72.59130289392353, 23.11205761452641], [72.59124355092862, 23.11152797121715], [72.5912412696359, 23.111506342874673], [72.59097728986612, 23.111528114887232], [72.59058372394648, 23.111557003136188], [72.59061651648277, 23.11219142058076]]]}}, {"type": "Feature", "properties": {"objectid": 646, "name_of_park": "Sharan-2 Garden", "zone_id": 5, "ward_id": 3, "village_division": "Chandkheda", "road_name": "Chandkheda Village Road", "contact_person": "Ashwin Bhai", "maintained_by": "Mother Dairy", "garden_area": 2339.02035102, "plot_area": 0, "structure_type": "Store Room ", "no_of_trees": 0, "variety_of_trees": 0, "variety_of_shurbs": 4, "internal_walk_way": 1, "walkway_length": 376, "boundary_wall_details": "Chainlinked", "shopping_area": 2, "no_of_shops": 0, "tp_no": "22-Chandkheda", "survey_no_fp_no": "267", "statues": 2, "no_of_statues": 0, "bird_feeder": 2, "no_of_bird_feeders": 0, "phone_number": "9099131880", "play_apparatus": 1, "play_apparatus_type": "Children Play", "no_of_play_apparatus": 13, "maintenance_trust_details": "Amul Fed", "no_of_benches": 13, "rent_on_shops": 2, "urinal_facilities": 1, "rest_hut": 1, "no_of_rest_huts": 1, "water_connection": 1, "water_connection_size": 1.5, "sewage_connection": 2, "no_of_water_bodies": 0, "total_area_of_water_bodies": 0, "fountain": 2, "no_of_fountains": 0, "no_of_light_poles": 21, "music_system": 2, "no_of_entry_gates": "1", "water_tank": 1, "water_tank_capacity": 10000, "drinking_water_facility": 2, "remarks": "", "address": "Sharan-2 Garden , Nr. Sharan Status , Chandkheda , Ahmedabad , Gujarat", "ward": "03_CHANDKHEDA", "zone": "WEST ZONE", "road_id": "", "source_of_water2": "Shellow Bore ", "st_length(shape)": 225.58094328073253}, "geometry": {"type": "Polygon", "coordinates": [[[72.58654495350687, 23.115384416668658], [72.58650609487951, 23.115394759937125], [72.58640027609502, 23.11542292642786], [72.58647349921569, 23.115651272526602], [72.58654441426474, 23.115872417061734], [72.58661425715316, 23.116090217543583], [72.58663596871696, 23.116157925624886], [72.58683560986657, 23.11611241084393], [72.58689309025483, 23.116098352289892], [72.58665921983378, 23.115354002356934], [72.58658443486073, 23.115373907782768], [72.58654495350687, 23.115384416668658]]]}}, {"type": "Feature", "properties": {"objectid": 647, "name_of_park": "Kali Culture Garden", "zone_id": 5, "ward_id": 3, "village_division": "Chandkheda", "road_name": "D Cabin Road", "contact_person": "Ashwin Bhai", "maintained_by": "Mother Dairy", "garden_area": 4403.55602125, "plot_area": 0, "structure_type": "Store Room ", "no_of_trees": 22, "variety_of_trees": 3, "variety_of_shurbs": 5, "internal_walk_way": 1, "walkway_length": 352, "boundary_wall_details": "Compound Wall", "shopping_area": 2, "no_of_shops": 0, "tp_no": "19-Kali Chenpur", "survey_no_fp_no": "71", "statues": 2, "no_of_statues": 0, "bird_feeder": 2, "no_of_bird_feeders": 0, "phone_number": "9099131880", "play_apparatus": 1, "play_apparatus_type": "Children Play", "no_of_play_apparatus": 4, "maintenance_trust_details": "Amul Fed", "no_of_benches": 30, "rent_on_shops": 2, "urinal_facilities": 1, "rest_hut": 1, "no_of_rest_huts": 1, "water_connection": 1, "water_connection_size": 1.5, "sewage_connection": 2, "no_of_water_bodies": 0, "total_area_of_water_bodies": 0, "fountain": 2, "no_of_fountains": 0, "no_of_light_poles": 23, "music_system": 2, "no_of_entry_gates": "1", "water_tank": 1, "water_tank_capacity": 5000, "drinking_water_facility": 2, "remarks": "", "address": "Nr. Samarthy Status , D Cabib , Nr. Kali Culture Party Plot , Chndkheda , Ahmedabad , Gujarat", "ward": "03_CHANDKHEDA", "zone": "WEST ZONE", "road_id": "", "source_of_water2": "A.M.C. Supply , Shellow Bore ", "st_length(shape)": 279.4847815440161}, "geometry": {"type": "Polygon", "coordinates": [[[72.57465606938176, 23.10721664849166], [72.57413348724153, 23.10723909875622], [72.57413623477639, 23.107309726676252], [72.57416839949131, 23.107906709384782], [72.57417159959559, 23.10796611291953], [72.57417206255886, 23.10798151314477], [72.57417253942988, 23.107997388440097], [72.57442211085718, 23.107987271588918], [72.5744436959179, 23.107992926249242], [72.57464929554548, 23.108046792734516], [72.57464877125398, 23.10803067476562], [72.57464928719713, 23.107973127584845], [72.57465606938176, 23.10721664849166]]]}}, {"type": "Feature", "properties": {"objectid": 648, "name_of_park": "Ashok VIhar", "zone_id": 5, "ward_id": 4, "village_division": "Sabarmati", "road_name": "ONGC Circle to Motera Village Road", "contact_person": "Jaykishan", "maintained_by": "Maitry Group", "garden_area": 3804.11894636, "plot_area": 0, "structure_type": "Garden", "no_of_trees": 60, "variety_of_trees": 4, "variety_of_shurbs": 5, "internal_walk_way": 1, "walkway_length": 200, "boundary_wall_details": "Chainlinked", "shopping_area": 2, "no_of_shops": 0, "tp_no": "21-Motera", "survey_no_fp_no": "363", "statues": 2, "no_of_statues": 0, "bird_feeder": 2, "no_of_bird_feeders": 0, "phone_number": "9558638106", "play_apparatus": 1, "play_apparatus_type": "Children Play", "no_of_play_apparatus": 6, "maintenance_trust_details": "Maitry Group", "no_of_benches": 8, "rent_on_shops": 2, "urinal_facilities": 1, "rest_hut": 2, "no_of_rest_huts": 0, "water_connection": 1, "water_connection_size": 1, "sewage_connection": 2, "no_of_water_bodies": 0, "total_area_of_water_bodies": 0, "fountain": 2, "no_of_fountains": 0, "no_of_light_poles": 20, "music_system": 2, "no_of_entry_gates": "2", "water_tank": 1, "water_tank_capacity": 10000, "drinking_water_facility": 1, "remarks": "", "address": "Ashok Vihar Garden , BH,Sangath Mall-1 , Motera Lake , Ahmedabad , Gujarat", "ward": "04_SABARMATI", "zone": "WEST ZONE", "road_id": "", "source_of_water2": "A.M.C. Supply", "st_length(shape)": 316.4790360482256}, "geometry": {"type": "Polygon", "coordinates": [[[72.59805649829889, 23.104689801261113], [72.59805806568346, 23.104689196792066], [72.59805961055112, 23.104688541424462], [72.59806112895093, 23.10468783780652], [72.59806262088293, 23.1046870859382], [72.59806408148478, 23.104686284842725], [72.59806551264359, 23.10468543815994], [72.5980669104406, 23.10468454673293], [72.59826247829047, 23.104544970036983], [72.5979043937062, 23.104105345694197], [72.5979840851998, 23.104052952981853], [72.59762681239287, 23.103591358714134], [72.59741457787969, 23.103733213147652], [72.59741324337531, 23.103734167825063], [72.59741194619922, 23.10373516369607], [72.59741068833488, 23.10373619898529], [72.59740946877449, 23.103737275482967], [72.59740829049325, 23.103738390526072], [72.59740715451503, 23.103739541421838], [72.59740606179942, 23.103740729087658], [72.59740501533771, 23.103741949958], [72.59740401514595, 23.103743203130318], [72.59740306219985, 23.103744488619476], [72.5974021584828, 23.103745804650107], [72.5974013050348, 23.103747147626947], [72.59740050188793, 23.10374851574492], [72.59739974998577, 23.10374991082396], [72.59739905137603, 23.103751327478598], [72.59739840604264, 23.103752766611322], [72.59739781500947, 23.103754225529425], [72.59739727926828, 23.103755703345218], [72.59739679888327, 23.10375719644858], [72.59739637583797, 23.10375870306414], [72.59739600814889, 23.103760224967246], [72.59739569887154, 23.103761754982216], [72.5973954460064, 23.103763295786923], [72.59739525256082, 23.10376484291329], [72.59739511658343, 23.103766396331576], [72.59739503716284, 23.10376795241679], [72.59739501722603, 23.103769511213518], [72.59739505685339, 23.10377106820907], [72.59739515310177, 23.103772624261417], [72.59739530798682, 23.10377417579014], [72.5973955215085, 23.103775722795216], [72.59739579177976, 23.103777261636818], [72.59739612078407, 23.103778790539568], [72.59739650660221, 23.103780307668686], [72.59739694825848, 23.10378181300932], [72.59739744680893, 23.103783302063643], [72.59739800027005, 23.103784776607014], [72.59739860875429, 23.10378623032169], [72.59739927125386, 23.10378766499787], [72.59739998685735, 23.10378907701057], [72.59740075457304, 23.103790467247443], [72.59740157451337, 23.10379182939075], [72.59740244466272, 23.103793167020928], [72.59799692918061, 23.104671731477076], [72.59799785534011, 23.104673048290785], [72.59799883081354, 23.104674336063642], [72.59799985371374, 23.104675591155782], [72.59800092405682, 23.104676812664714], [72.59800203990747, 23.104677999658144], [72.59800319936251, 23.104679149398773], [72.5980044004706, 23.104680261856895], [72.59800564425558, 23.104681334339734], [72.59800692679869, 23.10468236769042], [72.59800824720453, 23.10468335738142], [72.59800960544102, 23.104684305217795], [72.59801099763754, 23.10468520933505], [72.59801242381015, 23.104686068830645], [72.5980138791447, 23.104686880020175], [72.59801536652006, 23.104687645655787], [72.59801688112206, 23.104688362053064], [72.59801842098331, 23.10468903008484], [72.59801998611982, 23.104689648848574], [72.5980215726771, 23.104690215577225], [72.59802317964734, 23.104690732061], [72.59802480511128, 23.104691196465158], [72.59802644711762, 23.104691608759946], [72.59802810373098, 23.104691968013125], [72.59802977301612, 23.104692273292443], [72.59803145202993, 23.104692525455878], [72.59803313982884, 23.104692722683478], [72.59803483346977, 23.10469286583324], [72.59803653100136, 23.10469295487543], [72.59803823242359, 23.104692989810058], [72.5980399328902, 23.10469296875778], [72.59804163137733, 23.104692894411315], [72.59804332692536, 23.104692765853308], [72.598045014688, 23.104692581204386], [72.59804669653633, 23.104692345006924], [72.59804836765619, 23.10469205357653], [72.59805002512053, 23.10469170686864], [72.59805166883298, 23.104691310298428], [72.5980532978982, 23.104690859338387], [72.59805490836527, 23.10469035663671], [72.59805649829889, 23.104689801261113]]]}}, {"type": "Feature", "properties": {"objectid": 649, "name_of_park": "Sabarmati Park", "zone_id": 5, "ward_id": 4, "village_division": "Sabarmati", "road_name": "Sabarmati Toll Naka to Javahar Circle Road", "contact_person": "Aakash Bhai", "maintained_by": "Torrent Power", "garden_area": 995.35641236, "plot_area": 0, "structure_type": "Garden", "no_of_trees": 13, "variety_of_trees": 3, "variety_of_shurbs": 3, "internal_walk_way": 1, "walkway_length": 100, "boundary_wall_details": "Chainlinked", "shopping_area": 2, "no_of_shops": 0, "tp_no": "23-Sabarmati", "survey_no_fp_no": "97", "statues": 2, "no_of_statues": 0, "bird_feeder": 2, "no_of_bird_feeders": 0, "phone_number": "7096000481", "play_apparatus": 1, "play_apparatus_type": "Children Play", "no_of_play_apparatus": 2, "maintenance_trust_details": "Torrent Power", "no_of_benches": 4, "rent_on_shops": 2, "urinal_facilities": 2, "rest_hut": 2, "no_of_rest_huts": 0, "water_connection": 1, "water_connection_size": 1, "sewage_connection": 2, "no_of_water_bodies": 0, "total_area_of_water_bodies": 0, "fountain": 2, "no_of_fountains": 0, "no_of_light_poles": 7, "music_system": 2, "no_of_entry_gates": "2", "water_tank": 1, "water_tank_capacity": 10000, "drinking_water_facility": 2, "remarks": "", "address": "Opp. Sitalkunj Society , Javahar Chowk , Sabarmati , Ahmedabad , Gujarat", "ward": "04_SABARMATI", "zone": "WEST ZONE", "road_id": "", "source_of_water2": "A.M.C. Supply", "st_length(shape)": 132.10925852988993}, "geometry": {"type": "Polygon", "coordinates": [[[72.58714432692895, 23.088885855579818], [72.58692706064178, 23.08892881295663], [72.58672826690531, 23.088970276715656], [72.5867740779071, 23.089100607694103], [72.58682208069365, 23.0892380941762], [72.58710594812962, 23.08907076499635], [72.5871218221754, 23.089059657071907], [72.58712506531123, 23.089056899018388], [72.58712819998223, 23.08905404000124], [72.58713122514837, 23.089051083615615], [72.5871341329407, 23.089048033352395], [72.58713692329474, 23.08904489282164], [72.5871395912682, 23.08904166555895], [72.58714213481328, 23.089038356949665], [72.5871445499955, 23.0890349687392], [72.58714683380758, 23.089031505395447], [72.58714898322613, 23.08902797228889], [72.58715099623554, 23.089024372999788], [72.58715286981246, 23.089020712898616], [72.58715460390853, 23.08901699469295], [72.58715619255753, 23.089013224611], [72.58715763667058, 23.089009406277842], [72.5871589342321, 23.08900554327376], [72.58716008220256, 23.089001641871718], [72.5871610814769, 23.088997706599297], [72.58716192805626, 23.088993742812], [72.5871626228678, 23.08898975323236], [72.58716316482311, 23.088985744163153], [72.58716355286607, 23.088981720102137], [72.5871637869161, 23.088977685561947], [72.58716386686032, 23.088973646860307], [72.58716379165878, 23.088969607592418], [72.58716356121471, 23.088965573173457], [72.5871631783742, 23.088961548160814], [72.58716264013002, 23.088957537022413], [72.58714432692895, 23.088885855579818]]]}}, {"type": "Feature", "properties": {"objectid": 650, "name_of_park": "Rathee Garden", "zone_id": 5, "ward_id": 4, "village_division": "Sabarmati", "road_name": "Sabarmati Power House to Visat Petrol Pump Road", "contact_person": "Ashwin Bhai", "maintained_by": "Mother Dairy", "garden_area": 1312.77206681, "plot_area": 0, "structure_type": "Store Room", "no_of_trees": 8, "variety_of_trees": 2, "variety_of_shurbs": 4, "internal_walk_way": 1, "walkway_length": 135, "boundary_wall_details": "Chainlinked", "shopping_area": 2, "no_of_shops": 0, "tp_no": "23-Sabarmati", "survey_no_fp_no": "797", "statues": 2, "no_of_statues": 0, "bird_feeder": 2, "no_of_bird_feeders": 0, "phone_number": "9099131880", "play_apparatus": 1, "play_apparatus_type": "Children Play", "no_of_play_apparatus": 4, "maintenance_trust_details": "Amul Fed", "no_of_benches": 0, "rent_on_shops": 2, "urinal_facilities": 2, "rest_hut": 2, "no_of_rest_huts": 0, "water_connection": 1, "water_connection_size": 0, "sewage_connection": 2, "no_of_water_bodies": 0, "total_area_of_water_bodies": 0, "fountain": 2, "no_of_fountains": 0, "no_of_light_poles": 6, "music_system": 2, "no_of_entry_gates": "1", "water_tank": 2, "water_tank_capacity": 0, "drinking_water_facility": 2, "remarks": "", "address": "Nr. Rathee Appartment , Opp. Sabarmati Power House , Sabarmati , Ahmedabad , Gujarat", "ward": "04_SABARMATI", "zone": "WEST ZONE", "road_id": "", "source_of_water2": "Water Tank", "st_length(shape)": 156.88209498437914}, "geometry": {"type": "Polygon", "coordinates": [[[72.59482081029313, 23.077904687973], [72.59460900534938, 23.077700048237126], [72.59445782500082, 23.077843758937817], [72.59480005321755, 23.078231864542218], [72.59480051243895, 23.078232597373606], [72.59480099727996, 23.07823331615078], [72.59480150975578, 23.078234017293312], [72.59480204885881, 23.07823470259141], [72.59480261271835, 23.07823536750268], [72.59480320128625, 23.078236014734742], [72.59480381361917, 23.07823664246764], [72.59480445072467, 23.07823724891119], [72.59480510966026, 23.07823783492331], [72.5948057904741, 23.078238397796426], [72.59480649215861, 23.078238939320716], [72.59480721281099, 23.078239456758887], [72.59480795436616, 23.078239951043177], [72.59480871392977, 23.078240420323933], [72.59480949150182, 23.07824086460116], [72.5948102841559, 23.07824128383027], [72.59481109485051, 23.078241676250784], [72.59481191771675, 23.078242042676045], [72.59481275571316, 23.078242381345603], [72.59481360588114, 23.078242694019934], [72.59481446828501, 23.078242977088877], [72.59481534090949, 23.07824323413286], [72.59481622381884, 23.078243461541767], [72.59481711405449, 23.078243661076066], [72.59481801262402, 23.078243830945542], [72.59481891756045, 23.078243972023007], [72.59481982788824, 23.078244084293623], [72.59482074167254, 23.07824416682512], [72.59482165891328, 23.0782442196175], [72.59482257861896, 23.078244243558437], [72.59482349885465, 23.07824423771568], [72.59482441962038, 23.07824420208922], [72.5948253389491, 23.078244137551877], [72.59482625588134, 23.078244043186256], [72.59482716944169, 23.078243918977495], [72.59482807862248, 23.078243766715826], [72.59482898052943, 23.07824358455156], [72.59482987805684, 23.078243374334363], [72.59483076634335, 23.078243135087423], [72.5948316463484, 23.078242867728093], [72.59483251708042, 23.078242573144088], [72.59483337660451, 23.078242250403132], [72.5948342229697, 23.07824189947553], [72.59483505807877, 23.078241523098562], [72.5948358780298, 23.078241121212823], [72.59483668383037, 23.078240692028118], [72.59483747348133, 23.078240238222293], [72.59483824600723, 23.078239759780505], [72.59483900043253, 23.0782392566879], [72.59483973672515, 23.078238730749558], [72.59484045295017, 23.078238181033203], [72.59484115005094, 23.078237609358798], [72.59484182508496, 23.078237016584257], [72.59484247805221, 23.078236402709607], [72.59484310700175, 23.078235767705113], [72.59484371383634, 23.07823511430814], [72.59484429662109, 23.078234441586385], [72.59484485335683, 23.078233752217763], [72.5948453840757, 23.0782330443972], [72.59484588968893, 23.0782323217497], [72.59484636728612, 23.07823158332815], [72.59486985966008, 23.078178437887573], [72.59489162859603, 23.078124757923142], [72.5949116257348, 23.078070574296405], [72.59492980453989, 23.078015925118823], [72.59482081029313, 23.077904687973]]]}}, {"type": "Feature", "properties": {"objectid": 651, "name_of_park": "Vidhyaben Garden", "zone_id": 5, "ward_id": 18, "village_division": "Navrangpura", "road_name": "Azad Road", "contact_person": "Kanu Bhai", "maintained_by": "Mother Dairy", "garden_area": 2146.68213216, "plot_area": 0, "structure_type": "Store Room", "no_of_trees": 60, "variety_of_trees": 4, "variety_of_shurbs": 5, "internal_walk_way": 1, "walkway_length": 244, "boundary_wall_details": "Chainlinked", "shopping_area": 2, "no_of_shops": 0, "tp_no": "21-Ambawadi", "survey_no_fp_no": "43", "statues": 2, "no_of_statues": 0, "bird_feeder": 1, "no_of_bird_feeders": 1, "phone_number": "9825511398", "play_apparatus": 1, "play_apparatus_type": "Children Play", "no_of_play_apparatus": 14, "maintenance_trust_details": "Amul Fed", "no_of_benches": 48, "rent_on_shops": 2, "urinal_facilities": 2, "rest_hut": 1, "no_of_rest_huts": 1, "water_connection": 1, "water_connection_size": 1, "sewage_connection": 2, "no_of_water_bodies": 0, "total_area_of_water_bodies": 0, "fountain": 2, "no_of_fountains": 0, "no_of_light_poles": 7, "music_system": 2, "no_of_entry_gates": "2", "water_tank": 1, "water_tank_capacity": 5000, "drinking_water_facility": 2, "remarks": "", "address": "Azad Society , Ahmedabad , Gujarat", "ward": "18_NAVRANGPURA", "zone": "WEST ZONE", "road_id": "", "source_of_water2": "A.M.C. Supply", "st_length(shape)": 181.25919949887046}, "geometry": {"type": "Polygon", "coordinates": [[[72.54011870611359, 23.026293198152764], [72.54024406127947, 23.026699861493753], [72.54064733565582, 23.026572697799303], [72.54055612505167, 23.026228964458863], [72.54055525204069, 23.026225905872458], [72.54055426632323, 23.02622287713003], [72.54055316586725, 23.026219882713765], [72.54055195644125, 23.026216927227157], [72.54055063702103, 23.026214013362583], [72.54054920853252, 23.0262111438427], [72.54054767284397, 23.026208323210376], [72.54054603478156, 23.026205554248925], [72.54054429328833, 23.0262028414557], [72.54054245127315, 23.02620018577872], [72.5405405115465, 23.02619759358099], [72.54053847602582, 23.02619506669785], [72.54053634760349, 23.026192606979798], [72.54053412717275, 23.02619021895451], [72.54053181955976, 23.026187905405337], [72.54052942664916, 23.0261856699726], [72.5405269523576, 23.026183511814462], [72.54052439754547, 23.026181437263595], [72.54052176900551, 23.02617944823117], [72.5405190647548, 23.026177546491862], [72.54051629353624, 23.02617573398716], [72.54051345530065, 23.026174013424537], [72.5405105529241, 23.02617238755704], [72.54050759323209, 23.026170856490783], [72.54050457617546, 23.02616942293328], [72.54050151046432, 23.026168090631018], [72.54049839515636, 23.026166857763823], [72.54049523307846, 23.026165729792215], [72.54049203305544, 23.026164704145156], [72.5404887969555, 23.026163785365465], [72.54048552772022, 23.026162972596147], [72.5404822292499, 23.02616226589786], [72.54047890827171, 23.026161670791755], [72.54047556488395, 23.02616118186281], [72.54047220680525, 23.02616080374485], [72.54046883502706, 23.026160535550538], [72.54046545637486, 23.02616037738601], [72.54046207274965, 23.02616033198912], [72.54045869008374, 23.026160394938316], [72.54045531123681, 23.026160569889097], [72.54045194111698, 23.026160855112273], [72.54044858364088, 23.026161249766], [72.5404452436675, 23.026161754828593], [72.54044192222104, 23.02616236760771], [72.54043862804434, 23.026163090044825], [72.54043536117017, 23.026163920334938], [72.54042763421032, 23.026166353176972], [72.54011870611359, 23.026293198152764]]]}}, {"type": "Feature", "properties": {"objectid": 652, "name_of_park": "Ushmanpura Village Garden", "zone_id": 5, "ward_id": 10, "village_division": "Ushmanpura", "road_name": "Ushmanpura Road", "contact_person": "Vijay Bhai", "maintained_by": "Mother Dairy", "garden_area": 3462.6885528, "plot_area": 0, "structure_type": "Squre", "no_of_trees": 20, "variety_of_trees": 3, "variety_of_shurbs": 4, "internal_walk_way": 1, "walkway_length": 150, "boundary_wall_details": "Compound Wall", "shopping_area": 2, "no_of_shops": 0, "tp_no": "3-Ushmanpura", "survey_no_fp_no": "4", "statues": 2, "no_of_statues": 0, "bird_feeder": 2, "no_of_bird_feeders": 0, "phone_number": "9586638106", "play_apparatus": 1, "play_apparatus_type": "Children Play", "no_of_play_apparatus": 3, "maintenance_trust_details": "Amul Fed", "no_of_benches": 4, "rent_on_shops": 2, "urinal_facilities": 2, "rest_hut": 2, "no_of_rest_huts": 0, "water_connection": 1, "water_connection_size": 1, "sewage_connection": 2, "no_of_water_bodies": 0, "total_area_of_water_bodies": 0, "fountain": 2, "no_of_fountains": 0, "no_of_light_poles": 7, "music_system": 2, "no_of_entry_gates": "2", "water_tank": 2, "water_tank_capacity": 0, "drinking_water_facility": 2, "remarks": "", "address": "Ushmanpura Village Road , Ushmanpura , Ahmedabad , Gujarat", "ward": "10_S_P_STADIUM", "zone": "WEST ZONE", "road_id": "", "source_of_water2": "A.M.C. Supply", "st_length(shape)": 229.16532941941688}, "geometry": {"type": "Polygon", "coordinates": [[[72.57239379722415, 23.047394162029345], [72.57231943108792, 23.046998179219926], [72.57231716206137, 23.04699431660852], [72.5723147521021, 23.046990533984726], [72.572312205014, 23.046986836823574], [72.57230952074849, 23.046983227832666], [72.5723067070266, 23.04697971164443], [72.57230376472648, 23.046976293689], [72.57230069672528, 23.04697297671889], [72.57229750976879, 23.046969765351555], [72.57229420478366, 23.04696666230957], [72.57229078653283, 23.046963673985474], [72.57228725987633, 23.04696080135671], [72.57228362863417, 23.046958048995787], [72.57227989664261, 23.04695542057273], [72.57227606874547, 23.046952917967506], [72.57227214876278, 23.04695054575261], [72.57226814545552, 23.046948304965397], [72.57226405776755, 23.046946200103513], [72.57225989447602, 23.046944231301747], [72.57225565940097, 23.046942403132668], [72.5722513574186, 23.04694071567115], [72.57224699529084, 23.046939172632154], [72.57224257591105, 23.046937775865672], [72.5722381051145, 23.04693652636409], [72.5722335907031, 23.04693542424724], [72.57222903456257, 23.046934473155208], [72.57222444351962, 23.046933673192832], [72.57221982635141, 23.046933024494916], [72.57221518302556, 23.046932528866527], [72.57221052331066, 23.046932185554954], [72.5722058510591, 23.046931997327654], [72.57178071899213, 23.046947779318156], [72.57177780957812, 23.046948130033893], [72.5717749140518, 23.046948576656888], [72.57177203634653, 23.04694911744201], [72.57176918333755, 23.046949749786577], [72.571766353042, 23.046950475465692], [72.57176355134371, 23.04695129276418], [72.57176078313508, 23.04695220085445], [72.57175805039896, 23.04695319796141], [72.57175535414301, 23.046954282295008], [72.57175270119387, 23.04695545396011], [72.57175009355062, 23.046956710279133], [72.57174753314756, 23.046958052184575], [72.57174502494182, 23.046959475238694], [72.57174256994107, 23.04696097765147], [72.57174017396434, 23.04696256131782], [72.57173783714119, 23.046964219017596], [72.57173556335636, 23.04696595171321], [72.57173335555179, 23.04696775854712], [72.57173121481605, 23.04696963321664], [72.57172914696822, 23.046971577616702], [72.5717271511302, 23.046973586317204], [72.5717252321944, 23.046975658490542], [72.57172339215985, 23.04697779145909], [72.57172163011613, 23.04697998159779], [72.57171995194702, 23.046982227191496], [72.57171835869255, 23.046984524645076], [72.57171685136036, 23.046986872168507], [72.57171543294093, 23.046989266196608], [72.57171410541713, 23.04699170495431], [72.57171286693563, 23.046994182996507], [72.57171172238884, 23.046996699495605], [72.57171067380818, 23.04699924996895], [72.57170971831655, 23.047001831664005], [72.571708862773, 23.047004442880613], [72.57170810238227, 23.04700707903125], [72.57170744208537, 23.04700973658072], [72.57170688097179, 23.047012411903957], [72.57170642099204, 23.047015105030937], [72.57170606130045, 23.047017808726466], [72.57170580292077, 23.047020520297963], [72.571705644894, 23.047023238827922], [72.57170559024301, 23.047025958946154], [72.57170563607447, 23.04702867880264], [72.57170578637029, 23.047031393944714], [72.57170603630284, 23.0470341015899], [72.5717063878874, 23.047036798158018], [72.5717842990645, 23.047477976052754], [72.57239379722415, 23.047394162029345]]]}}, {"type": "Feature", "properties": {"objectid": 653, "name_of_park": "Kalptaru Garden", "zone_id": 5, "ward_id": 6, "village_division": "New Wadaj", "road_name": "Ganesh College Road", "contact_person": "Ashwin Bhai", "maintained_by": "Mother Dairy", "garden_area": 10536.7359099, "plot_area": 0, "structure_type": "Store Room", "no_of_trees": 29, "variety_of_trees": 2, "variety_of_shurbs": 4, "internal_walk_way": 1, "walkway_length": 380, "boundary_wall_details": "Wall + Fencing", "shopping_area": 2, "no_of_shops": 0, "tp_no": "28-New Wadaj", "survey_no_fp_no": "912", "statues": 2, "no_of_statues": 0, "bird_feeder": 2, "no_of_bird_feeders": 0, "phone_number": "9898464050", "play_apparatus": 1, "play_apparatus_type": "Children Play", "no_of_play_apparatus": 9, "maintenance_trust_details": "Amul Fed", "no_of_benches": 20, "rent_on_shops": 2, "urinal_facilities": 1, "rest_hut": 1, "no_of_rest_huts": 1, "water_connection": 1, "water_connection_size": 1.5, "sewage_connection": 1, "no_of_water_bodies": 0, "total_area_of_water_bodies": 0, "fountain": 2, "no_of_fountains": 0, "no_of_light_poles": 22, "music_system": 2, "no_of_entry_gates": "2", "water_tank": 1, "water_tank_capacity": 10000, "drinking_water_facility": 1, "remarks": "", "address": "Nr. Kalptaru Flats , New Wadaj , Ahmedabad , Gujarat", "ward": "06_NEW WADAJ", "zone": "WEST ZONE", "road_id": "", "source_of_water2": "A.M.C. Supply , Shellow Bore", "st_length(shape)": 590.334262841157}, "geometry": {"type": "Polygon", "coordinates": [[[72.56845584714112, 23.074692216419816], [72.56851951143149, 23.074552474044218], [72.56859167703522, 23.07435777376363], [72.56810188134891, 23.074217953910875], [72.56832800380286, 23.07392133869395], [72.56845024727524, 23.073762708782805], [72.56877638335071, 23.073856443750582], [72.56881078467265, 23.07376617107586], [72.56885855492, 23.073640964827106], [72.56885918228411, 23.07363868686871], [72.56885972696365, 23.07363639499854], [72.56886018608098, 23.07363408646399], [72.56886056044922, 23.073631770305294], [72.5688608471421, 23.073629446477376], [72.56886105006136, 23.073627115040313], [72.56886116613461, 23.073624784071708], [72.56886119342722, 23.073622452639057], [72.56886113579226, 23.07362012350992], [72.56886099020602, 23.07361780205443], [72.56886075860314, 23.0736154892051], [72.56886044093496, 23.073613187669494], [72.56886003617733, 23.07361090014015], [72.56885954719164, 23.07360863027223], [72.56885897295378, 23.073606380758218], [72.56885831635758, 23.073604153448244], [72.5688575743956, 23.07360195280985], [72.56885675004281, 23.07359977618052], [72.56885584507158, 23.073597633517995], [72.56885486047355, 23.073595523934777], [72.56885379623249, 23.073593448333394], [72.56885265322646, 23.073591412143966], [72.56885143342257, 23.07358941449401], [72.56885013865805, 23.073587461731197], [72.5688487719079, 23.07358555119302], [72.5688473320344, 23.073583691889645], [72.56884582202873, 23.07358188025608], [72.56884424471987, 23.073580121752453], [72.56884259914855, 23.073578415461217], [72.56884088913539, 23.073576765955075], [72.56883911854966, 23.073575175099112], [72.568837285408, 23.073573644668336], [72.56883539652223, 23.073572175670385], [72.56883344990902, 23.07357076988026], [72.56883144846222, 23.07356942914804], [72.56882939899359, 23.073568154481396], [72.56882729752027, 23.073566950332822], [72.56882515285362, 23.073565815032445], [72.56882296105942, 23.073564750325243], [72.5688207309166, 23.07356375634636], [72.56881846133605, 23.073562839398416], [72.56881615532527, 23.073561995013865], [72.56881381672103, 23.073561226862846], [72.56881145036806, 23.0735605368255], [72.56837844480434, 23.073441502003146], [72.56837804777695, 23.073441714359543], [72.56837839841327, 23.07344239954394], [72.56819590373928, 23.073539894100485], [72.5681499072111, 23.07356652430024], [72.56806120364806, 23.073429605671638], [72.56800731441987, 23.073346423350717], [72.56800257278655, 23.073339954207437], [72.56777657353538, 23.07371380184983], [72.56774566929168, 23.073765472465457], [72.56767491459993, 23.073881334492672], [72.56757089482358, 23.074052736059436], [72.56753687890729, 23.07410868926926], [72.56754154756128, 23.074122792918505], [72.5675502510538, 23.07414441739545], [72.56755889476801, 23.074165893799947], [72.56782404444529, 23.07478706191558], [72.56799793228248, 23.07453197536271], [72.56845584714112, 23.074692216419816]]]}}, {"type": "Feature", "properties": {"objectid": 654, "name_of_park": "Vrundavan Joggers Park", "zone_id": 5, "ward_id": 6, "village_division": "New Wadaj", "road_name": "Kiran Park Road", "contact_person": "Jaykishan", "maintained_by": "Mother Dairy", "garden_area": 2200.79546723, "plot_area": 0, "structure_type": "Store Room", "no_of_trees": 20, "variety_of_trees": 3, "variety_of_shurbs": 4, "internal_walk_way": 1, "walkway_length": 190, "boundary_wall_details": "Chainlinked", "shopping_area": 2, "no_of_shops": 0, "tp_no": "15-Wadaj", "survey_no_fp_no": "19", "statues": 2, "no_of_statues": 0, "bird_feeder": 2, "no_of_bird_feeders": 0, "phone_number": "9586638106", "play_apparatus": 1, "play_apparatus_type": "Children Play", "no_of_play_apparatus": 7, "maintenance_trust_details": "Amul Fed", "no_of_benches": 25, "rent_on_shops": 2, "urinal_facilities": 1, "rest_hut": 1, "no_of_rest_huts": 1, "water_connection": 1, "water_connection_size": 2, "sewage_connection": 1, "no_of_water_bodies": 0, "total_area_of_water_bodies": 0, "fountain": 1, "no_of_fountains": 1, "no_of_light_poles": 10, "music_system": 1, "no_of_entry_gates": "2", "water_tank": 1, "water_tank_capacity": 5000, "drinking_water_facility": 2, "remarks": "", "address": "Kiran Park Road , Bhimjipura , Wadaj , Ahmedabad , Gujarat", "ward": "06_NEW WADAJ", "zone": "WEST ZONE", "road_id": "", "source_of_water2": "A.M.C. Supply", "st_length(shape)": 192.05690573749192}, "geometry": {"type": "Polygon", "coordinates": [[[72.56359694724985, 23.05898064143025], [72.56353946806118, 23.058647564322897], [72.56294083033163, 23.05877201028796], [72.56301388745351, 23.059029153158153], [72.56301501661132, 23.059031243330697], [72.56301622254347, 23.0590332958685], [72.56301750620908, 23.059035311689104], [72.56301886578754, 23.059037283542278], [72.56302029833664, 23.059039212285406], [72.56302180392142, 23.059041094308427], [72.56302337769775, 23.059042927731085], [72.56302502163257, 23.05904471168094], [72.56302673188961, 23.059046442487737], [72.56302850555916, 23.05904811920382], [72.56303034270624, 23.059049738219148], [72.56303223845426, 23.059051299458474], [72.56303419481887, 23.05905279934181], [72.56303620401376, 23.059054236846304], [72.56303826797328, 23.059055612904544], [72.56304038193467, 23.05905692112369], [72.56304254489008, 23.059058163293724], [72.56304475397855, 23.059059335759454], [72.56304700528251, 23.059060439363204], [72.56304929787544, 23.05906147138239], [72.5630516278723, 23.059062430854297], [72.56305399429775, 23.059063317763894], [72.56305639134861, 23.05906412931335], [72.56305881902492, 23.05906486550268], [72.56306127248251, 23.059065524451615], [72.56306375071358, 23.059066107950137], [72.56306624889028, 23.059066613215478], [72.56306876411917, 23.059067038397473], [72.56307129539233, 23.059067385286102], [72.56307383880853, 23.059067653821195], [72.56307639048272, 23.05906784304005], [72.563078948513, 23.059067950205044], [72.56308150894931, 23.059067977963537], [72.56308406982473, 23.05906792718795], [72.56308662826206, 23.059067795125596], [72.56308917836058, 23.059067584393787], [72.56359694724985, 23.05898064143025]]]}}, {"type": "Feature", "properties": {"objectid": 655, "name_of_park": "Bharat Mata Garden", "zone_id": 5, "ward_id": 6, "village_division": "New Wadaj", "road_name": "Sorabji Compound", "contact_person": "Jaykishan", "maintained_by": "Mother Dairy", "garden_area": 6815.25297605, "plot_area": 0, "structure_type": "Store Room", "no_of_trees": 84, "variety_of_trees": 3, "variety_of_shurbs": 4, "internal_walk_way": 1, "walkway_length": 350, "boundary_wall_details": "Chainlinked", "shopping_area": 2, "no_of_shops": 0, "tp_no": "15-Wadaj", "survey_no_fp_no": "221", "statues": 2, "no_of_statues": 0, "bird_feeder": 1, "no_of_bird_feeders": 1, "phone_number": "9586638106", "play_apparatus": 1, "play_apparatus_type": "Children Play", "no_of_play_apparatus": 9, "maintenance_trust_details": "Amul Fed", "no_of_benches": 15, "rent_on_shops": 2, "urinal_facilities": 2, "rest_hut": 2, "no_of_rest_huts": 0, "water_connection": 1, "water_connection_size": 1, "sewage_connection": 2, "no_of_water_bodies": 0, "total_area_of_water_bodies": 0, "fountain": 2, "no_of_fountains": 0, "no_of_light_poles": 9, "music_system": 2, "no_of_entry_gates": "2", "water_tank": 1, "water_tank_capacity": 5000, "drinking_water_facility": 2, "remarks": "", "address": "Sorabji COmpound Road , New Wadaj , Ahmedabad , Gujarat", "ward": "06_NEW WADAJ", "zone": "WEST ZONE", "road_id": "", "source_of_water2": "A.M.C. Supply", "st_length(shape)": 317.06323879120333}, "geometry": {"type": "Polygon", "coordinates": [[[72.56659973704308, 23.057282737290254], [72.56673686544863, 23.05723612224057], [72.56684744712396, 23.057172856514295], [72.56693320522238, 23.05711207382634], [72.56700564698754, 23.057045353439715], [72.56702734693074, 23.0570205571894], [72.56706257125066, 23.056980305231487], [72.56709984955863, 23.056916864746285], [72.5671696902821, 23.056765071410155], [72.56720043038194, 23.056663313255083], [72.56720956425859, 23.05661472688205], [72.56722710829978, 23.056500344316987], [72.56720947329562, 23.056447524346197], [72.56719238210067, 23.056438032167623], [72.56716346984446, 23.056421974484287], [72.56713876572556, 23.056417772671367], [72.56698820154064, 23.056407810487705], [72.56694481476548, 23.056409053543156], [72.56678513476956, 23.056446722664205], [72.56665215383137, 23.0564924465614], [72.5665893800008, 23.056538295606867], [72.5665287042301, 23.056582266677253], [72.56639832344293, 23.05671306406933], [72.56630697648514, 23.056854971729496], [72.56625504242423, 23.05698697638792], [72.56623077158665, 23.05713087322071], [72.5662276415317, 23.0571900620329], [72.56624731883201, 23.057236659161507], [72.56631476209252, 23.05728312539881], [72.56637645394076, 23.057297451992614], [72.56650548011257, 23.057299439342327], [72.56659973704308, 23.057282737290254]]]}}, {"type": "Feature", "properties": {"objectid": 656, "name_of_park": "Ranip Park", "zone_id": 5, "ward_id": 5, "village_division": "Ranip", "road_name": "Tirupati Society Road", "contact_person": "Ashwin Bhai", "maintained_by": "Torrent", "garden_area": 2417.82045637, "plot_area": 0, "structure_type": "Garden", "no_of_trees": 18, "variety_of_trees": 3, "variety_of_shurbs": 3, "internal_walk_way": 1, "walkway_length": 150, "boundary_wall_details": "Chainlinked", "shopping_area": 2, "no_of_shops": 0, "tp_no": "66-Ranip", "survey_no_fp_no": "255", "statues": 2, "no_of_statues": 0, "bird_feeder": 2, "no_of_bird_feeders": 0, "phone_number": "7926628357", "play_apparatus": 1, "play_apparatus_type": "Children Play", "no_of_play_apparatus": 0, "maintenance_trust_details": "Torrent", "no_of_benches": 17, "rent_on_shops": 2, "urinal_facilities": 1, "rest_hut": 2, "no_of_rest_huts": 0, "water_connection": 2, "water_connection_size": 0, "sewage_connection": 1, "no_of_water_bodies": 0, "total_area_of_water_bodies": 0, "fountain": 2, "no_of_fountains": 0, "no_of_light_poles": 20, "music_system": 2, "no_of_entry_gates": "2", "water_tank": 1, "water_tank_capacity": 15000, "drinking_water_facility": 2, "remarks": "", "address": "Tirupati Society Road , Nw Ranip , Ahmedabad , Gujarat", "ward": "05_RANIP", "zone": "WEST ZONE", "road_id": "", "source_of_water2": "Borewell", "st_length(shape)": 246.12327700842152}, "geometry": {"type": "Polygon", "coordinates": [[[72.56290478974607, 23.091995260436384], [72.56285397600472, 23.09216924282713], [72.56306067820591, 23.09220693854986], [72.56310043607847, 23.09233282374174], [72.56325575039175, 23.09228185507624], [72.56328527610714, 23.09235812697583], [72.56333648033086, 23.092340214118078], [72.56374951552665, 23.092201774869114], [72.56384489116665, 23.092130606229997], [72.56382415109333, 23.092076920906944], [72.56290478974607, 23.091995260436384]]]}}, {"type": "Feature", "properties": {"objectid": 657, "name_of_park": "New Ranip Garden", "zone_id": 5, "ward_id": 5, "village_division": "Ranip", "road_name": "New Ranip Road", "contact_person": "Ashwin Bhai", "maintained_by": "A.M.C.", "garden_area": 1138.3010999, "plot_area": 0, "structure_type": "Squre", "no_of_trees": 6, "variety_of_trees": 4, "variety_of_shurbs": 4, "internal_walk_way": 1, "walkway_length": 430, "boundary_wall_details": "Compound Wall", "shopping_area": 2, "no_of_shops": 0, "tp_no": "66-a-Ranip", "survey_no_fp_no": "263,154", "statues": 2, "no_of_statues": 0, "bird_feeder": 2, "no_of_bird_feeders": 0, "phone_number": "8347428199", "play_apparatus": 2, "play_apparatus_type": "", "no_of_play_apparatus": 0, "maintenance_trust_details": "A.M.C.", "no_of_benches": 0, "rent_on_shops": 2, "urinal_facilities": 2, "rest_hut": 2, "no_of_rest_huts": 0, "water_connection": 1, "water_connection_size": 1, "sewage_connection": 2, "no_of_water_bodies": 0, "total_area_of_water_bodies": 0, "fountain": 2, "no_of_fountains": 0, "no_of_light_poles": 9, "music_system": 1, "no_of_entry_gates": "1", "water_tank": 2, "water_tank_capacity": 0, "drinking_water_facility": 2, "remarks": "", "address": "BH. Royal Siddhi Bunglows , Nr. Corporation Bank , New Ranoo , Ahmedabad , Gujarat", "ward": "05_RANIP", "zone": "WEST ZONE", "road_id": "", "source_of_water2": "", "st_length(shape)": 163.70448089943258}, "geometry": {"type": "Polygon", "coordinates": [[[72.56772992111225, 23.089337666234346], [72.56775420833961, 23.089183149139696], [72.56718828604285, 23.089299391427637], [72.56718835598075, 23.089300817974724], [72.56718790945533, 23.089349288774486], [72.5671872728542, 23.089418499520214], [72.56768548587327, 23.089421583359112], [72.56771869214104, 23.089421789071018], [72.56779768927015, 23.089417134889132], [72.56773412592132, 23.089342596949958], [72.56772992111225, 23.089337666234346]]]}}, {"type": "Feature", "properties": {"objectid": 658, "name_of_park": "Shree Ram Chowk Garden", "zone_id": 5, "ward_id": 5, "village_division": "Ranip", "road_name": "Radha Swami Road", "contact_person": "Ashwin Bhai", "maintained_by": "Mother Dairy", "garden_area": 514.95651772, "plot_area": 0, "structure_type": "Garden", "no_of_trees": 1, "variety_of_trees": 1, "variety_of_shurbs": 4, "internal_walk_way": 1, "walkway_length": 5, "boundary_wall_details": "Chainlinked", "shopping_area": 2, "no_of_shops": 0, "tp_no": "3-Ranip", "survey_no_fp_no": "192", "statues": 2, "no_of_statues": 0, "bird_feeder": 2, "no_of_bird_feeders": 0, "phone_number": "9898464050", "play_apparatus": 1, "play_apparatus_type": "Children Play", "no_of_play_apparatus": 11, "maintenance_trust_details": "Amul Fed", "no_of_benches": 10, "rent_on_shops": 2, "urinal_facilities": 2, "rest_hut": 2, "no_of_rest_huts": 0, "water_connection": 1, "water_connection_size": 1, "sewage_connection": 1, "no_of_water_bodies": 0, "total_area_of_water_bodies": 0, "fountain": 2, "no_of_fountains": 0, "no_of_light_poles": 0, "music_system": 2, "no_of_entry_gates": "1", "water_tank": 2, "water_tank_capacity": 0, "drinking_water_facility": 2, "remarks": "", "address": "Shree Ram Chowk Garden , Opp. Rupal Plot , Ranip , Ahmedabad , Gujarat", "ward": "05_RANIP", "zone": "WEST ZONE", "road_id": "", "source_of_water2": "A.M.C. Supply", "st_length(shape)": 134.68724642266608}, "geometry": {"type": "Polygon", "coordinates": [[[72.57869694617594, 23.076437207946384], [72.57869628424628, 23.076434124754744], [72.57869551165311, 23.07643106424097], [72.57869462834793, 23.07642802911264], [72.57869363620084, 23.076425023912314], [72.5786925322693, 23.076422049497648], [72.57869132525163, 23.07641911051586], [72.57869000825492, 23.076416210472363], [72.57868858901821, 23.07641335309691], [72.57868706559059, 23.076410538359603], [72.57868544169602, 23.076407776248065], [72.57868371835852, 23.076405064069622], [72.57868189746434, 23.076402405464357], [72.57867998184282, 23.076399805892244], [72.57867797440421, 23.076397266300713], [72.57867587214129, 23.07639479115749], [72.5786736867434, 23.07639238154462], [72.57867141128536, 23.076390042772523], [72.57866905357079, 23.076387774960892], [72.57866661548599, 23.076385581749722], [72.57866240603568, 23.07638210471385], [72.57865808112027, 23.07637875500383], [72.57865364166673, 23.076375535342198], [72.57864909445476, 23.0763724485412], [72.57864444429703, 23.07636949828575], [72.57863969306355, 23.076366689118387], [72.57863484857418, 23.07636402025623], [72.57862991559305, 23.076361498091746], [72.57862489704654, 23.076359122669793], [72.57861979966582, 23.07635689951026], [72.5786146303276, 23.076354826010242], [72.57852388777621, 23.076357597106462], [72.57862546664542, 23.076727115415324], [72.57864375613107, 23.076890712124378], [72.57864431438098, 23.07689571573089], [72.57864672532874, 23.076892397997586], [72.57864901363745, 23.076889008869966], [72.57865117636454, 23.076885549205684], [72.57865321152676, 23.07688202077988], [72.57865511701151, 23.07687843258788], [72.57865688888461, 23.076874786374926], [72.57865852709755, 23.076871084848595], [72.57866002958626, 23.076867334296647], [72.57866139342434, 23.076863534674207], [72.57866261744233, 23.07685969679662], [72.57866370063243, 23.076855822454004], [72.57866464296234, 23.076851913451403], [72.57866544331105, 23.076847977896588], [72.57866609577735, 23.076844018407385], [72.57867381886766, 23.076733384592657], [72.57869694617594, 23.076437207946384]]]}}, {"type": "Feature", "properties": {"objectid": 659, "name_of_park": "Swagat Hall Garden", "zone_id": 5, "ward_id": 5, "village_division": "Ranip", "road_name": "Swagat Hall Road", "contact_person": "Ashwin Bhai", "maintained_by": "Mother Dairy", "garden_area": 222.42334313, "plot_area": 0, "structure_type": "Garden", "no_of_trees": 5, "variety_of_trees": 2, "variety_of_shurbs": 3, "internal_walk_way": 2, "walkway_length": 0, "boundary_wall_details": "Chainlinked", "shopping_area": 2, "no_of_shops": 0, "tp_no": "2-Ranip", "survey_no_fp_no": "98", "statues": 2, "no_of_statues": 0, "bird_feeder": 2, "no_of_bird_feeders": 0, "phone_number": "9898464050", "play_apparatus": 1, "play_apparatus_type": "Children Play", "no_of_play_apparatus": 6, "maintenance_trust_details": "Amul Fed", "no_of_benches": 2, "rent_on_shops": 2, "urinal_facilities": 2, "rest_hut": 2, "no_of_rest_huts": 0, "water_connection": 1, "water_connection_size": 1, "sewage_connection": 1, "no_of_water_bodies": 0, "total_area_of_water_bodies": 0, "fountain": 2, "no_of_fountains": 0, "no_of_light_poles": 0, "music_system": 2, "no_of_entry_gates": "1", "water_tank": 2, "water_tank_capacity": 0, "drinking_water_facility": 2, "remarks": "", "address": "Opp. Swagat Hall , Ranip , Ahmedabad , Gujarat", "ward": "05_RANIP", "zone": "WEST ZONE", "road_id": "", "source_of_water2": "A.M.C. Supply", "st_length(shape)": 89.87134956166592}, "geometry": {"type": "Polygon", "coordinates": [[[72.57280792342935, 23.074750496115307], [72.57293402396667, 23.074733902313035], [72.57313656327563, 23.074676359027887], [72.57277884533573, 23.074671480087336], [72.57275019175036, 23.074670981859974], [72.5727519975404, 23.07475842763407], [72.57280792342935, 23.074750496115307]]]}}, {"type": "Feature", "properties": {"objectid": 660, "name_of_park": "Anand Party Plot Garden", "zone_id": 5, "ward_id": 5, "village_division": "Ranip", "road_name": "New Ranip Road", "contact_person": "Ashwin Bhai", "maintained_by": "Mother Dairy", "garden_area": 376.0692513, "plot_area": 0, "structure_type": "Garden", "no_of_trees": 10, "variety_of_trees": 3, "variety_of_shurbs": 3, "internal_walk_way": 1, "walkway_length": 10, "boundary_wall_details": "Chainlinked", "shopping_area": 2, "no_of_shops": 0, "tp_no": "66-Ranip", "survey_no_fp_no": "294", "statues": 2, "no_of_statues": 0, "bird_feeder": 2, "no_of_bird_feeders": 0, "phone_number": "9898464050", "play_apparatus": 2, "play_apparatus_type": "", "no_of_play_apparatus": 0, "maintenance_trust_details": "Amul Fed", "no_of_benches": 7, "rent_on_shops": 1, "urinal_facilities": 2, "rest_hut": 1, "no_of_rest_huts": 2, "water_connection": 1, "water_connection_size": 0, "sewage_connection": 1, "no_of_water_bodies": 0, "total_area_of_water_bodies": 0, "fountain": 2, "no_of_fountains": 0, "no_of_light_poles": 0, "music_system": 2, "no_of_entry_gates": "1", "water_tank": 2, "water_tank_capacity": 0, "drinking_water_facility": 2, "remarks": "", "address": "Opp. Anand Party Plot , Ahmedabad , Gujarat", "ward": "05_RANIP", "zone": "WEST ZONE", "road_id": "", "source_of_water2": "Tanker", "st_length(shape)": 78.01877361666735}, "geometry": {"type": "Polygon", "coordinates": [[[72.56052773324234, 23.085384443472897], [72.56047854424857, 23.085573950746866], [72.56064521252615, 23.085609228263333], [72.56069238814416, 23.085419295300518], [72.56052773324234, 23.085384443472897]]]}}, {"type": "Feature", "properties": {"objectid": 661, "name_of_park": "Kaligam Garden", "zone_id": 5, "ward_id": 5, "village_division": "Ranip", "road_name": "Kaligam Road", "contact_person": "Ashwin Bhai", "maintained_by": "Mother Dairy", "garden_area": 4147.3088792, "plot_area": 0, "structure_type": "Store Room", "no_of_trees": 205, "variety_of_trees": 6, "variety_of_shurbs": 5, "internal_walk_way": 1, "walkway_length": 350, "boundary_wall_details": "Compound Wall", "shopping_area": 2, "no_of_shops": 0, "tp_no": "66-Ranip", "survey_no_fp_no": "121", "statues": 2, "no_of_statues": 0, "bird_feeder": 2, "no_of_bird_feeders": 0, "phone_number": "9099131880", "play_apparatus": 1, "play_apparatus_type": "Children Play", "no_of_play_apparatus": 11, "maintenance_trust_details": "Amul Fed", "no_of_benches": 23, "rent_on_shops": 2, "urinal_facilities": 2, "rest_hut": 1, "no_of_rest_huts": 2, "water_connection": 1, "water_connection_size": 1.5, "sewage_connection": 1, "no_of_water_bodies": 0, "total_area_of_water_bodies": 0, "fountain": 2, "no_of_fountains": 0, "no_of_light_poles": 22, "music_system": 2, "no_of_entry_gates": "2", "water_tank": 1, "water_tank_capacity": 20000, "drinking_water_facility": 2, "remarks": "", "address": "Nr. Kali Lake", "ward": "05_RANIP", "zone": "WEST ZONE", "road_id": "", "source_of_water2": "A.M.C. Supply", "st_length(shape)": 246.7303556385855}, "geometry": {"type": "Polygon", "coordinates": [[[72.5701110105741, 23.093665625347487], [72.57010463746208, 23.093637704667714], [72.57009483305927, 23.093610796405017], [72.57008175036123, 23.09358532045699], [72.56980587185896, 23.093133214470143], [72.56975985789919, 23.0931139684031], [72.56971162403326, 23.093101272349795], [72.5696620976487, 23.09309537041593], [72.56961223098412, 23.093096376077373], [72.56956298282068, 23.093104269998367], [72.56951530004767, 23.09311890040333], [72.5694700994568, 23.093139985994984], [72.56946999933119, 23.09350424216971], [72.56949936382706, 23.093665923325567], [72.56957379220266, 23.093834270350207], [72.5696240314041, 23.09385273753157], [72.56967616310129, 23.093864874264927], [72.56972939292916, 23.09387049561485], [72.56978290978965, 23.09386951592512], [72.56983589821104, 23.093861950123916], [72.56988755077376, 23.093847913496344], [72.56993708041361, 23.09382761992777], [72.56998373241476, 23.093801378644695], [72.57002679590987, 23.09376958950287], [72.57004572075543, 23.09376222520612], [72.57006309591142, 23.093751713945462], [72.57007840292755, 23.093738369362168], [72.57009118506394, 23.093722589639878], [72.57010106091958, 23.09370484562337], [72.57010773581278, 23.093685666769208], [72.5701110105741, 23.093665625347487]]]}}, {"type": "Feature", "properties": {"objectid": 662, "name_of_park": "Sant Shree Baba Sukharam Garden", "zone_id": 2, "ward_id": 13, "village_division": "Saijpur Bogha", "road_name": "Kubernagar Road", "contact_person": "Pravin Thakor", "maintained_by": "Mother Dairy", "garden_area": 1302.15792476, "plot_area": 700, "structure_type": "Public Park", "no_of_trees": 13, "variety_of_trees": 4, "variety_of_shurbs": 3, "internal_walk_way": 1, "walkway_length": 190, "boundary_wall_details": "Compound Wall", "shopping_area": 2, "no_of_shops": 0, "tp_no": "47-Saijpur-Bogha", "survey_no_fp_no": "80", "statues": 2, "no_of_statues": 0, "bird_feeder": 2, "no_of_bird_feeders": 0, "phone_number": "9601488572", "play_apparatus": 1, "play_apparatus_type": "Children Play", "no_of_play_apparatus": 2, "maintenance_trust_details": "Amul Fed", "no_of_benches": 11, "rent_on_shops": 2, "urinal_facilities": 1, "rest_hut": 2, "no_of_rest_huts": 0, "water_connection": 1, "water_connection_size": 0.5, "sewage_connection": 1, "no_of_water_bodies": 0, "total_area_of_water_bodies": 0, "fountain": 2, "no_of_fountains": 0, "no_of_light_poles": 4, "music_system": 2, "no_of_entry_gates": "1", "water_tank": 1, "water_tank_capacity": 5000, "drinking_water_facility": 2, "remarks": "", "address": "Nr. Railway Crossing , Kubernagar Road , Saijpur , Ahmedabad , Gujarat", "ward": "13_SAIJPUR_BOGHA", "zone": "NORTH ZONE", "road_id": "", "source_of_water2": "A.M.C. Supply", "st_length(shape)": 144.58631034936877}, "geometry": {"type": "Polygon", "coordinates": [[[72.641255681246, 23.06890974584634], [72.64129139544916, 23.068567615840898], [72.64095962167637, 23.068534274850915], [72.64092630298254, 23.06887925725118], [72.641255681246, 23.06890974584634]]]}}, {"type": "Feature", "properties": {"objectid": 663, "name_of_park": "Sant Shree Havasade Gama Garden", "zone_id": 2, "ward_id": 13, "village_division": "Saijpur Bogha", "road_name": "G.D. Highschool Road", "contact_person": "Mahesh Thakor", "maintained_by": "Mother Dairy", "garden_area": 343.09, "plot_area": 0, "structure_type": "Garden", "no_of_trees": 7, "variety_of_trees": 1, "variety_of_shurbs": 3, "internal_walk_way": 2, "walkway_length": 0, "boundary_wall_details": "Compound Wally", "shopping_area": 2, "no_of_shops": 0, "tp_no": "35-1-Saijpur-Bogha", "survey_no_fp_no": "52", "statues": 2, "no_of_statues": 0, "bird_feeder": 1, "no_of_bird_feeders": 1, "phone_number": "6353087676", "play_apparatus": 1, "play_apparatus_type": "Children Play", "no_of_play_apparatus": 2, "maintenance_trust_details": "Amul Fed", "no_of_benches": 8, "rent_on_shops": 2, "urinal_facilities": 2, "rest_hut": 2, "no_of_rest_huts": 0, "water_connection": 1, "water_connection_size": 0.5, "sewage_connection": 2, "no_of_water_bodies": 0, "total_area_of_water_bodies": 0, "fountain": 2, "no_of_fountains": 0, "no_of_light_poles": 2, "music_system": 2, "no_of_entry_gates": "1", "water_tank": 2, "water_tank_capacity": 0, "drinking_water_facility": 2, "remarks": "", "address": "Nr. kantam F;at , G.D. High School , Krushannagar , Ahmedabad , Gujarat", "ward": "13_SAIJPUR_BOGHA", "zone": "NORTH ZONE", "road_id": "", "source_of_water2": "A.M.C. Supply", "st_length(shape)": 114.68929671102383}, "geometry": {"type": "Polygon", "coordinates": [[[72.63715703633805, 23.053559672571613], [72.63711707161835, 23.053340408997023], [72.63711455853613, 23.053350407874767], [72.6371116635334, 23.053360321595015], [72.63710838975673, 23.05337013756554], [72.63710474033695, 23.05337984409669], [72.63710072329728, 23.053389428669167], [72.63709634079325, 23.053398879578765], [72.6370915968995, 23.053408186955508], [72.63708650061464, 23.05341733829471], [72.63708105703593, 23.053426321033328], [72.63707527220448, 23.053435124428], [72.63706915408056, 23.053443739569698], [72.63706270872103, 23.053452154812536], [72.63705594509301, 23.05346035945692], [72.63704887214789, 23.05346834370583], [72.63683299176516, 23.05370351302656], [72.63683796333339, 23.053719660868534], [72.63701308915884, 23.053613841436157], [72.63705777617416, 23.053574899205703], [72.63715703633805, 23.053559672571613]]]}}, {"type": "Feature", "properties": {"objectid": 664, "name_of_park": "Krishnanagar Housing Garden", "zone_id": 2, "ward_id": 23, "village_division": "Thakkarbapa Nagar", "road_name": "Krushna Nagar Housing Road", "contact_person": "Maheshbhai", "maintained_by": "Mother Dairy", "garden_area": 3579.57786366, "plot_area": 2520, "structure_type": "Public Garden", "no_of_trees": 92, "variety_of_trees": 4, "variety_of_shurbs": 2, "internal_walk_way": 1, "walkway_length": 240, "boundary_wall_details": "Compound Wall", "shopping_area": 1, "no_of_shops": 1, "tp_no": "66-Saijpur-Bogha", "survey_no_fp_no": "66", "statues": 1, "no_of_statues": 0, "bird_feeder": 2, "no_of_bird_feeders": 0, "phone_number": "9662902219", "play_apparatus": 1, "play_apparatus_type": "Children Play& GYM Equipment", "no_of_play_apparatus": 26, "maintenance_trust_details": "Amul Fed", "no_of_benches": 44, "rent_on_shops": 2, "urinal_facilities": 2, "rest_hut": 2, "no_of_rest_huts": 0, "water_connection": 1, "water_connection_size": 1, "sewage_connection": 2, "no_of_water_bodies": 0, "total_area_of_water_bodies": 0, "fountain": 2, "no_of_fountains": 0, "no_of_light_poles": 12, "music_system": 2, "no_of_entry_gates": "2", "water_tank": 2, "water_tank_capacity": 0, "drinking_water_facility": 1, "remarks": "", "address": "Krishnanagar Housing Garden  ,Ahmedabad  , Gujarat", "ward": "23_THAKKARBAPANAGAR", "zone": "NORTH ZONE", "road_id": "", "source_of_water2": "A.M.C. Supply", "st_length(shape)": 248.5346204193631}, "geometry": {"type": "Polygon", "coordinates": [[[72.6443066306835, 23.056140765802105], [72.6442340086148, 23.05543210114459], [72.64379482747172, 23.055470430417557], [72.64387125836495, 23.05618506709563], [72.6443066306835, 23.056140765802105]]]}}, {"type": "Feature", "properties": {"objectid": 666, "name_of_park": "A.M.C. Garden", "zone_id": 2, "ward_id": 12, "village_division": "Naroda", "road_name": "Dehgam Road", "contact_person": "Mahesh Bhai", "maintained_by": "Mother Dairy", "garden_area": 1249.83953864, "plot_area": 995, "structure_type": "Garden", "no_of_trees": 45, "variety_of_trees": 2, "variety_of_shurbs": 1, "internal_walk_way": 1, "walkway_length": 300, "boundary_wall_details": "Compouind Wall", "shopping_area": 1, "no_of_shops": 1, "tp_no": "1-Naroda", "survey_no_fp_no": "435", "statues": 2, "no_of_statues": 0, "bird_feeder": 2, "no_of_bird_feeders": 0, "phone_number": "9662902219", "play_apparatus": 1, "play_apparatus_type": "Children Play", "no_of_play_apparatus": 8, "maintenance_trust_details": "Amul Fed", "no_of_benches": 7, "rent_on_shops": 2, "urinal_facilities": 2, "rest_hut": 1, "no_of_rest_huts": 1, "water_connection": 1, "water_connection_size": 1, "sewage_connection": 2, "no_of_water_bodies": 0, "total_area_of_water_bodies": 0, "fountain": 2, "no_of_fountains": 0, "no_of_light_poles": 0, "music_system": 2, "no_of_entry_gates": "1", "water_tank": 1, "water_tank_capacity": 5000, "drinking_water_facility": 2, "remarks": "", "address": "Garden On Canal , Dehgam Road , Naroda , Ahmedabad , Gujarat", "ward": "12_NARODA", "zone": "NORTH ZONE", "road_id": "", "source_of_water2": "A.M.C. Supply", "st_length(shape)": 166.3573128874199}, "geometry": {"type": "Polygon", "coordinates": [[[72.6631988885133, 23.075480553488614], [72.66270773951496, 23.075191254988063], [72.66266130921682, 23.075262512825756], [72.66264376589352, 23.075289437721093], [72.66259745445997, 23.075361153214157], [72.66316074215258, 23.075647170822908], [72.66316548180839, 23.0756262650272], [72.6631988885133, 23.075480553488614]]]}}, {"type": "Feature", "properties": {"objectid": 668, "name_of_park": "A.M.C. Garden", "zone_id": 2, "ward_id": 12, "village_division": "Naroda", "road_name": "Canal to Aakashganga Society Road", "contact_person": "Maheshbhai", "maintained_by": "Mother Dairy", "garden_area": 2118.72102128, "plot_area": 1580, "structure_type": "Garden", "no_of_trees": 75, "variety_of_trees": 3, "variety_of_shurbs": 3, "internal_walk_way": 1, "walkway_length": 445, "boundary_wall_details": "Compouind Wall", "shopping_area": 1, "no_of_shops": 1, "tp_no": "2-Naroda", "survey_no_fp_no": "107", "statues": 2, "no_of_statues": 0, "bird_feeder": 2, "no_of_bird_feeders": 0, "phone_number": "9662902219", "play_apparatus": 1, "play_apparatus_type": "Children Play", "no_of_play_apparatus": 12, "maintenance_trust_details": "Amul Fed", "no_of_benches": 10, "rent_on_shops": 2, "urinal_facilities": 1, "rest_hut": 1, "no_of_rest_huts": 1, "water_connection": 1, "water_connection_size": 1, "sewage_connection": 1, "no_of_water_bodies": 0, "total_area_of_water_bodies": 0, "fountain": 2, "no_of_fountains": 0, "no_of_light_poles": 8, "music_system": 2, "no_of_entry_gates": "1", "water_tank": 1, "water_tank_capacity": 15000, "drinking_water_facility": 1, "remarks": "", "address": "Nr. Canal , NAvyug School , Naroda , Ahmedabad , Gujarat", "ward": "12_NARODA", "zone": "NORTH ZONE", "road_id": "", "source_of_water2": "A.M.C. Supply", "st_length(shape)": 183.93439759724149}, "geometry": {"type": "Polygon", "coordinates": [[[72.65436356885523, 23.063632101287133], [72.65438783158937, 23.06371971627234], [72.65483281476209, 23.063687315328895], [72.65475224150119, 23.063353928569914], [72.65475165956555, 23.063351309005263], [72.65475098065644, 23.063348711473992], [72.65475020472691, 23.063346138683812], [72.6547493326585, 23.06334359606468], [72.65474836640205, 23.06334108364554], [72.65474730586362, 23.063338606841878], [72.65474615393826, 23.063336167502268], [72.65474491153874, 23.063333769251518], [72.65474357863377, 23.063331413894762], [72.65474216002221, 23.063329106017296], [72.65474065372192, 23.063326847395317], [72.654739063572, 23.06332464169704], [72.65473739150762, 23.063322489854027], [72.65473563941701, 23.063320395505528], [72.6547338092041, 23.06331836138826], [72.65473190470796, 23.06331639117042], [72.65472992594421, 23.06331448394944], [72.65472787478548, 23.06331264426717], [72.65472575703733, 23.063310874918237], [72.6547235726841, 23.063309176805184], [72.65472132460509, 23.06330755267923], [72.65471901665506, 23.06330600530599], [72.6547166527513, 23.063304533840824], [72.65471423281559, 23.06330314279661], [72.6547117607496, 23.06330183223127], [72.65470923943262, 23.063300604895996], [72.65470667471718, 23.06329946087765], [72.6547040665563, 23.063298402883973], [72.6547014188204, 23.063297432778043], [72.65469873541112, 23.063296550617785], [72.65469601826365, 23.063295757334735], [72.65469327225512, 23.06329505300129], [72.65469050026476, 23.063294440368633], [72.65468775579987, 23.063293928356455], [72.65468499222806, 23.063293505438683], [72.65468221441078, 23.06329317259033], [72.65467942138827, 23.063292928894306], [72.65467662190798, 23.063292776286133], [72.65467381697664, 23.063292712975127], [72.65467100948919, 23.063292740809874], [72.65427233395613, 23.063302018324734], [72.65436356885523, 23.063632101287133]]]}}, {"type": "Feature", "properties": {"objectid": 669, "name_of_park": "A.M.C. Garden", "zone_id": 2, "ward_id": 12, "village_division": "Naroda", "road_name": "Kathwada Road", "contact_person": "Maheshbhai", "maintained_by": "Mother Dairy", "garden_area": 906.35158957, "plot_area": 630, "structure_type": "Garden", "no_of_trees": 9, "variety_of_trees": 1, "variety_of_shurbs": 1, "internal_walk_way": 2, "walkway_length": 0, "boundary_wall_details": "Compouind Wall", "shopping_area": 2, "no_of_shops": 0, "tp_no": "121-Naroda", "survey_no_fp_no": "158", "statues": 2, "no_of_statues": 0, "bird_feeder": 2, "no_of_bird_feeders": 0, "phone_number": "9662902219", "play_apparatus": 1, "play_apparatus_type": "Children Play", "no_of_play_apparatus": 3, "maintenance_trust_details": "Amul Fed", "no_of_benches": 0, "rent_on_shops": 2, "urinal_facilities": 2, "rest_hut": 1, "no_of_rest_huts": 1, "water_connection": 1, "water_connection_size": 1, "sewage_connection": 2, "no_of_water_bodies": 0, "total_area_of_water_bodies": 0, "fountain": 2, "no_of_fountains": 0, "no_of_light_poles": 0, "music_system": 2, "no_of_entry_gates": "1", "water_tank": 2, "water_tank_capacity": 0, "drinking_water_facility": 2, "remarks": "", "address": "Avani Icon , Kathwada Road , Haridarshan Cross Road , Naroda , Ahmedabad , Gujarat", "ward": "12_NARODA", "zone": "NORTH ZONE", "road_id": "", "source_of_water2": "A.M.C. Supply", "st_length(shape)": 131.08553311394286}, "geometry": {"type": "Polygon", "coordinates": [[[72.67285411281065, 23.06984080371757], [72.67285195962411, 23.06983954235444], [72.67260264747577, 23.069873457426045], [72.67250286086802, 23.069893806197854], [72.67249572319021, 23.06989529357984], [72.67253129177689, 23.07021174316014], [72.67286158818348, 23.069948445691676], [72.67286349154298, 23.06994687484795], [72.67286533450351, 23.069945241722667], [72.67286711502089, 23.069943551702643], [72.67286883013759, 23.06994180654991], [72.67287047887817, 23.06994000625011], [72.67287205922949, 23.069938154384875], [72.67287356821853, 23.069936253618824], [72.67287500486982, 23.069934303937597], [72.67287636713918, 23.06993231072795], [72.6728776540356, 23.06993027487815], [72.67287886162609, 23.069928198135838], [72.6728799917995, 23.069926084140146], [72.67288104158277, 23.069923935555693], [72.67288200995382, 23.069921755075914], [72.67288289395513, 23.069919544462817], [72.67288369451562, 23.06991730643858], [72.67288441059766, 23.06991504459915], [72.67288504021923, 23.06991276072098], [72.67288558429367, 23.06991045842881], [72.6728860408234, 23.069908140401633], [72.6728864097774, 23.06990580844465], [72.6728866901025, 23.069903467056413], [72.67288688275866, 23.069901117153886], [72.67288698669273, 23.06989876323564], [72.67288699990716, 23.06989640798069], [72.67288692628833, 23.069894052349117], [72.67288676182558, 23.069891702601563], [72.67288651141189, 23.069889357907268], [72.6728861710521, 23.06988702362431], [72.67288574265058, 23.069884702489176], [72.67288522716728, 23.06988239541884], [72.67288462452457, 23.069880106926217], [72.67288393662676, 23.069877839747853], [72.67288316345834, 23.069875594786325], [72.67288230591714, 23.069873376568918], [72.67288136493204, 23.069871187817792], [72.6728803424229, 23.069869030366878], [72.67287923832762, 23.0698669078265], [72.67287805458164, 23.069864821128018], [72.6728767940337, 23.069862774827467], [72.67287545666831, 23.069860769827457], [72.67287404438977, 23.06985880886448], [72.67287255811148, 23.06985689556327], [72.67287100075986, 23.069855029966934], [72.67286937518367, 23.06985321663153], [72.67286768135186, 23.069851457362248], [72.67286592023993, 23.06984975217344], [72.67286409762303, 23.06984810566429], [72.67286221446116, 23.069846518751774], [72.67286027073877, 23.069844992338467], [72.67285827125559, 23.06984353100916], [72.6728562179781, 23.069842133890027], [72.67285411281065, 23.06984080371757]]]}}, {"type": "Feature", "properties": {"objectid": 671, "name_of_park": "A.M.C. Garden", "zone_id": 2, "ward_id": 12, "village_division": "Naroda", "road_name": "Kathwada Road", "contact_person": "Mahesh Bhai", "maintained_by": "Mother Dairy", "garden_area": 2485.16570389, "plot_area": 1730, "structure_type": "Garden", "no_of_trees": 190, "variety_of_trees": 3, "variety_of_shurbs": 2, "internal_walk_way": 1, "walkway_length": 220, "boundary_wall_details": "Compound Wall", "shopping_area": 1, "no_of_shops": 1, "tp_no": "1-Naroda", "survey_no_fp_no": "605", "statues": 2, "no_of_statues": 0, "bird_feeder": 2, "no_of_bird_feeders": 0, "phone_number": "9662902219", "play_apparatus": 1, "play_apparatus_type": "Children Play", "no_of_play_apparatus": 14, "maintenance_trust_details": "Amul Fed", "no_of_benches": 15, "rent_on_shops": 2, "urinal_facilities": 1, "rest_hut": 2, "no_of_rest_huts": 0, "water_connection": 1, "water_connection_size": 1, "sewage_connection": 1, "no_of_water_bodies": 0, "total_area_of_water_bodies": 0, "fountain": 2, "no_of_fountains": 0, "no_of_light_poles": 12, "music_system": 2, "no_of_entry_gates": "1", "water_tank": 1, "water_tank_capacity": 10000, "drinking_water_facility": 1, "remarks": "", "address": "Opp. Sent Xavier's  School , Kathwada Road , Naroda , Ahmedabad , Gujarat", "ward": "12_NARODA", "zone": "NORTH ZONE", "road_id": "", "source_of_water2": "A.M.C. Supply", "st_length(shape)": 211.02034072298738}, "geometry": {"type": "Polygon", "coordinates": [[[72.66971511384668, 23.071090424860056], [72.67001467283563, 23.07108528919735], [72.67008731558968, 23.07046529771943], [72.66968992898497, 23.07045465800442], [72.66971511384668, 23.071090424860056]]]}}, {"type": "Feature", "properties": {"objectid": 672, "name_of_park": "Manorama Garden", "zone_id": 2, "ward_id": 11, "village_division": "Sardarnagar", "road_name": "Bhadreshwar Road", "contact_person": "Ranjit Sinh", "maintained_by": "Suresh Sarabhai Group", "garden_area": 7868.7904603, "plot_area": 7000, "structure_type": "Public Park", "no_of_trees": 230, "variety_of_trees": 7, "variety_of_shurbs": 6, "internal_walk_way": 1, "walkway_length": 272, "boundary_wall_details": "Compouind Wall", "shopping_area": 2, "no_of_shops": 0, "tp_no": "69-Kotarpur", "survey_no_fp_no": "26", "statues": 2, "no_of_statues": 0, "bird_feeder": 2, "no_of_bird_feeders": 0, "phone_number": "8306207277", "play_apparatus": 1, "play_apparatus_type": "Children play", "no_of_play_apparatus": 8, "maintenance_trust_details": "Sureshbhai Sarabhai Group", "no_of_benches": 17, "rent_on_shops": 2, "urinal_facilities": 1, "rest_hut": 2, "no_of_rest_huts": 0, "water_connection": 1, "water_connection_size": 1, "sewage_connection": 2, "no_of_water_bodies": 0, "total_area_of_water_bodies": 0, "fountain": 2, "no_of_fountains": 0, "no_of_light_poles": 41, "music_system": 2, "no_of_entry_gates": "1", "water_tank": 1, "water_tank_capacity": 20000, "drinking_water_facility": 1, "remarks": "", "address": "Near Gangadhar Society,Bhadreshwar Road, Sardarnagar , Ahmedabad , Gujarat", "ward": "11_SARDARNAGAR", "zone": "NORTH ZONE", "road_id": "", "source_of_water2": "A.M.C. Supply", "st_length(shape)": 456.4044526024037}, "geometry": {"type": "Polygon", "coordinates": [[[72.63865146802851, 23.088544183227143], [72.63824443258446, 23.088455070787376], [72.63805119072148, 23.089181485009437], [72.6379482622655, 23.089678502130635], [72.63788276134085, 23.09012141837759], [72.63822587541813, 23.09020224209624], [72.63865146802851, 23.088544183227143]]]}}, {"type": "Feature", "properties": {"objectid": 673, "name_of_park": "Anjanaben Tolani Udhyan", "zone_id": 2, "ward_id": 11, "village_division": "Sardarnagar", "road_name": "Hansol Village Road", "contact_person": "Pravinbhai", "maintained_by": "Mother Dairy", "garden_area": 772.98181191, "plot_area": 300, "structure_type": "Public Park", "no_of_trees": 13, "variety_of_trees": 4, "variety_of_shurbs": 5, "internal_walk_way": 1, "walkway_length": 85, "boundary_wall_details": "Compouind Wall", "shopping_area": 1, "no_of_shops": 1, "tp_no": "Gamtal", "survey_no_fp_no": "", "statues": 2, "no_of_statues": 0, "bird_feeder": 2, "no_of_bird_feeders": 0, "phone_number": "9601488572", "play_apparatus": 1, "play_apparatus_type": "Children play", "no_of_play_apparatus": 4, "maintenance_trust_details": "Mother Dairy", "no_of_benches": 8, "rent_on_shops": 2, "urinal_facilities": 2, "rest_hut": 1, "no_of_rest_huts": 1, "water_connection": 1, "water_connection_size": 0.75, "sewage_connection": 2, "no_of_water_bodies": 0, "total_area_of_water_bodies": 0, "fountain": 2, "no_of_fountains": 0, "no_of_light_poles": 5, "music_system": 1, "no_of_entry_gates": "1", "water_tank": 1, "water_tank_capacity": 5000, "drinking_water_facility": 2, "remarks": "", "address": "Near Hansol Bus Stand, Hansol Gam,Sardarnagar , Ahmedabad , GUjarat", "ward": "11_SARDARNAGAR", "zone": "NORTH ZONE", "road_id": "", "source_of_water2": "A.M.C. Supply", "st_length(shape)": 111.41659837025581}, "geometry": {"type": "Polygon", "coordinates": [[[72.62310552871394, 23.083913983072588], [72.62310692493725, 23.08368000911031], [72.62281881970382, 23.083678537245703], [72.62281739525856, 23.083917137561176], [72.62310552871394, 23.083913983072588]]]}}, {"type": "Feature", "properties": {"objectid": 674, "name_of_park": "Late  Kanaiyalal Gurjar Udhyan", "zone_id": 2, "ward_id": 11, "village_division": "Sardarnagar", "road_name": "Ambawadi Road", "contact_person": "Pravinbhai", "maintained_by": "Mother Dairy", "garden_area": 1155.27910595, "plot_area": 350, "structure_type": "Public Park", "no_of_trees": 45, "variety_of_trees": 7, "variety_of_shurbs": 6, "internal_walk_way": 1, "walkway_length": 25, "boundary_wall_details": "Compouind Wall", "shopping_area": 1, "no_of_shops": 1, "tp_no": "", "survey_no_fp_no": "", "statues": 2, "no_of_statues": 0, "bird_feeder": 2, "no_of_bird_feeders": 0, "phone_number": "9601488572", "play_apparatus": 1, "play_apparatus_type": "Children Play, GYM Equipment", "no_of_play_apparatus": 7, "maintenance_trust_details": "Mother Dairy", "no_of_benches": 18, "rent_on_shops": 2, "urinal_facilities": 2, "rest_hut": 1, "no_of_rest_huts": 1, "water_connection": 1, "water_connection_size": 1, "sewage_connection": 2, "no_of_water_bodies": 0, "total_area_of_water_bodies": 0, "fountain": 2, "no_of_fountains": 0, "no_of_light_poles": 3, "music_system": 1, "no_of_entry_gates": "1", "water_tank": 1, "water_tank_capacity": 5000, "drinking_water_facility": 1, "remarks": "", "address": "Near Ambawadi Circle, Sardarnagar , Ahmedabad , Gujarat", "ward": "11_SARDARNAGAR", "zone": "NORTH ZONE", "road_id": "", "source_of_water2": "A.M.C. Supply", "st_length(shape)": 142.08929541586664}, "geometry": {"type": "Polygon", "coordinates": [[[72.63344761258936, 23.080502431620097], [72.63328070241322, 23.080673222610788], [72.6335953630086, 23.08096774300673], [72.63375742531653, 23.080797297021935], [72.63344761258936, 23.080502431620097]]]}}, {"type": "Feature", "properties": {"objectid": 675, "name_of_park": "Vrundavan Vatika Garden", "zone_id": 5, "ward_id": 9, "village_division": "Naranpura", "road_name": "Sahjanand Chawk Road", "contact_person": "Vijay Bhai", "maintained_by": "Mother Dairy", "garden_area": 2497.11471148, "plot_area": 0, "structure_type": "Store Room", "no_of_trees": 160, "variety_of_trees": 3, "variety_of_shurbs": 4, "internal_walk_way": 1, "walkway_length": 170, "boundary_wall_details": "Wall , Chainlinked", "shopping_area": 2, "no_of_shops": 0, "tp_no": "19-Memnagar", "survey_no_fp_no": "84", "statues": 1, "no_of_statues": 1, "bird_feeder": 1, "no_of_bird_feeders": 1, "phone_number": "9558638106", "play_apparatus": 2, "play_apparatus_type": "", "no_of_play_apparatus": 0, "maintenance_trust_details": "Amul Fed", "no_of_benches": 25, "rent_on_shops": 2, "urinal_facilities": 1, "rest_hut": 2, "no_of_rest_huts": 0, "water_connection": 1, "water_connection_size": 1, "sewage_connection": 2, "no_of_water_bodies": 0, "total_area_of_water_bodies": 0, "fountain": 2, "no_of_fountains": 0, "no_of_light_poles": 7, "music_system": 2, "no_of_entry_gates": "2", "water_tank": 1, "water_tank_capacity": 10000, "drinking_water_facility": 2, "remarks": "", "address": "Vrundavan Vatika , Paliyad Nagar , Sashjananad Chowk , Naranpura , Ahmedabad , Gujarat", "ward": "09_NARANPURA", "zone": "WEST ZONE", "road_id": "", "source_of_water2": "A.M.C. Supply", "st_length(shape)": 207.7045178263675}, "geometry": {"type": "Polygon", "coordinates": [[[72.55325625937735, 23.04995546627505], [72.55325445009471, 23.04995539493026], [72.55325263679313, 23.049955384008438], [72.55325082537307, 23.049955430892627], [72.55324901576924, 23.049955539192876], [72.55324721095637, 23.04995570624693], [72.55324541091814, 23.04995593295733], [72.55324362344021, 23.04995622034737], [72.55324184273637, 23.049956564716396], [72.5532400775349, 23.049956968907864], [72.55323832593426, 23.049957430184016], [72.5532365928107, 23.04995794862036], [72.55323487813159, 23.049958526021918], [72.55323318591213, 23.049959156131514], [72.55323151704602, 23.049959843476795], [72.55322987254111, 23.049960586267833], [72.55268269654036, 23.050311985065928], [72.55268178856475, 23.050312619189196], [72.5526809053745, 23.05031328529304], [72.55268004607596, 23.050313978849772], [72.55267921357856, 23.05031470080724], [72.55267840793127, 23.05031544845788], [72.55267762910145, 23.050316223606757], [72.55267688008016, 23.050317022689093], [72.5526761598921, 23.050317845689804], [72.55267546951258, 23.050318692624007], [72.55267481189995, 23.05031956173195], [72.55267418512004, 23.05032045208096], [72.55267359313915, 23.050321360121394], [72.55267303294993, 23.050322290320487], [72.55267250760868, 23.05032323550346], [72.55267201706646, 23.050324198377854], [72.55267156329006, 23.05032517807137], [72.55267114540221, 23.050326169153827], [72.55267076335392, 23.050327174332757], [72.55267041816938, 23.050328190915735], [72.55267011082387, 23.050329218917867], [72.55266984234161, 23.050330255646735], [72.55266961080473, 23.05033129926707], [72.55266941814739, 23.05033235071165], [72.55266926438595, 23.050333409077904], [72.55266914961832, 23.0503344689508], [72.55266907379554, 23.050335533037877], [72.55266903696656, 23.050336598631585], [72.55266904013929, 23.050337663941995], [72.55266908233848, 23.050338728954035], [72.55266916361307, 23.050339790960145], [72.55266928103732, 23.050340849915035], [72.55266944047908, 23.05034190500679], [72.55266963911048, 23.050342950775054], [72.55266987488311, 23.05034399260468], [72.55267014792754, 23.050345023275593], [72.55267046113691, 23.050346044638108], [72.55267080965122, 23.05034705571418], [72.55267119646156, 23.05034805293911], [72.55267161960109, 23.050349037185192], [72.5526720781435, 23.050350005729783], [72.55267257205617, 23.050350960377912], [72.5526731014207, 23.050351896617023], [72.55267366623708, 23.05035281444711], [72.55267426167802, 23.050353711085105], [72.5526748925545, 23.050354590216607], [72.55267555506344, 23.050355446366105], [72.55267624824587, 23.05035627861601], [72.55267697109394, 23.050357088756233], [72.5526777256071, 23.05035787410943], [72.5526785069254, 23.0503586336976], [72.5526793160241, 23.050359367535822], [72.55268015199321, 23.050360071998966], [72.55268101382487, 23.050360748876937], [72.55268190056012, 23.050361397252118], [72.55268280928952, 23.050362016176702], [72.55268374297148, 23.050362603890974], [72.55268469577081, 23.050363159401787], [72.55268566960535, 23.050363684544397], [72.55268666258988, 23.05036417567854], [72.55268767178235, 23.050364633661413], [72.55268869815797, 23.050365058508117], [72.55268974077414, 23.050365448398537], [72.55269079670512, 23.05036580328735], [72.55269186595089, 23.050366123174573], [72.55269294462674, 23.05036640709727], [72.55273608880684, 23.05039000633535], [72.55278002774106, 23.050412220391514], [72.55282471115603, 23.05043302411189], [72.55287009069605, 23.050452394177906], [72.55291611707909, 23.050470304548366], [72.55296273702402, 23.050486734536786], [72.55300990020801, 23.05050166169702], [72.55305755424342, 23.050515069870308], [72.55310564776673, 23.050526940205522], [72.5531541264396, 23.050537256513877], [72.55320293780885, 23.0505460062468], [72.55320530768776, 23.050546150368717], [72.55320768384622, 23.050546216950117], [72.55321005952271, 23.050546202275257], [72.5532124356109, 23.05054611087179], [72.55321480632449, 23.050545939039072], [72.55321717067194, 23.050545687664513], [72.55321952374433, 23.050545358477653], [72.55322186456638, 23.050544951463355], [72.55322418829445, 23.05054446474113], [72.55322649582223, 23.050543902838637], [72.55322878037185, 23.05054326294262], [72.55323104088649, 23.05054254955055], [72.55323327546458, 23.050541759924702], [72.55323548015612, 23.0505408967122], [72.55323765205169, 23.05053995896523], [72.55323978910288, 23.050538952068678], [72.55324188939178, 23.050537874187317], [72.55324394804214, 23.050536725245646], [72.55324596594761, 23.050535509771322], [72.55324793821559, 23.05053422859135], [72.55324986286297, 23.050532883480578], [72.55325173696394, 23.050531474393704], [72.55325356046957, 23.050530004038265], [72.55325532946254, 23.050528473256342], [72.55325703999283, 23.05052688469512], [72.55325869394574, 23.050525241994826], [72.55326028743652, 23.050523544192544], [72.55326181747415, 23.05052179485302], [72.553263284026, 23.050519995781297], [72.55326468411737, 23.05051814963962], [72.55326601674037, 23.050516258217886], [72.55326727892026, 23.050514324178334], [72.5532684715997, 23.050512349341115], [72.55326959178763, 23.050510337270957], [72.5532706365583, 23.05050828792256], [72.55327160778062, 23.050506205838698], [72.5532725024636, 23.05050409458412], [72.55327331963196, 23.050501954143712], [72.55327405922044, 23.050499788127524], [72.55327471726277, 23.050497600085215], [72.55327529764364, 23.05049539097969], [72.55327579735571, 23.050493165278212], [72.55327621441586, 23.050490924755604], [72.55327655074194, 23.05048867124709], [72.55327680430189, 23.050486409235027], [72.55327697504674, 23.050484141426956], [72.55330465032476, 23.049999008302596], [72.55330440614097, 23.049997298297903], [72.55330410132845, 23.04999559638217], [72.55330373585456, 23.04999390436046], [72.55330330765459, 23.049992228520114], [72.55330282062955, 23.049990568921555], [72.55330227089476, 23.049988924601877], [72.5533016641875, 23.049987301969235], [72.55330099659047, 23.049985701865747], [72.55330027301255, 23.04998412256191], [72.55329949041378, 23.04998257032997], [72.55329865171991, 23.049981045215258], [72.55329776081564, 23.049979548180648], [72.553296813751, 23.049978081873295], [72.55329581242758, 23.049976649030935], [72.55329476172162, 23.049975249729048], [72.55329365960101, 23.049973888450015], [72.55329250707366, 23.049972563403887], [72.55329130896689, 23.049971277373704], [72.55329006228966, 23.049970033924225], [72.55328877295875, 23.04996882953597], [72.55328743986841, 23.049967671413953], [72.5532860649854, 23.04996655868585], [72.5532846492687, 23.04996549226927], [72.55328319466878, 23.049964472194425], [72.55328170502142, 23.049963502131735], [72.55328018034291, 23.049962581178693], [72.55327862055167, 23.04996171384787], [72.55327703158076, 23.049960895717287], [72.55327541429126, 23.04996013311962], [72.55327376869948, 23.049959425152373], [72.55327209778011, 23.049958769153307], [72.55327040338574, 23.049958170567667], [72.5532686874669, 23.049957629425666], [72.55326695296563, 23.049957144870096], [72.55326520082455, 23.04995671872105], [72.553263434961, 23.049956350136444], [72.55326165438339, 23.04995604000367], [72.55325986393534, 23.04995579020327], [72.55325806561632, 23.049955598057874], [72.55325625937735, 23.04995546627505]]]}}, {"type": "Feature", "properties": {"objectid": 676, "name_of_park": "Keshavnagar Senior Citizen Park", "zone_id": 5, "ward_id": 10, "village_division": "Stadium", "road_name": "Subhashbridge Road", "contact_person": "Ashwin Bhai", "maintained_by": "Mother Dairy", "garden_area": 1149.14666461, "plot_area": 0, "structure_type": "Store Room", "no_of_trees": 4, "variety_of_trees": 2, "variety_of_shurbs": 4, "internal_walk_way": 1, "walkway_length": 275, "boundary_wall_details": "Wall", "shopping_area": 2, "no_of_shops": 0, "tp_no": "28-New Wadaj", "survey_no_fp_no": "589", "statues": 2, "no_of_statues": 0, "bird_feeder": 2, "no_of_bird_feeders": 0, "phone_number": "9099131880", "play_apparatus": 1, "play_apparatus_type": "Children Play", "no_of_play_apparatus": 7, "maintenance_trust_details": "Amul Fed", "no_of_benches": 11, "rent_on_shops": 2, "urinal_facilities": 1, "rest_hut": 1, "no_of_rest_huts": 1, "water_connection": 1, "water_connection_size": 1, "sewage_connection": 1, "no_of_water_bodies": 0, "total_area_of_water_bodies": 0, "fountain": 2, "no_of_fountains": 0, "no_of_light_poles": 15, "music_system": 1, "no_of_entry_gates": "1", "water_tank": 1, "water_tank_capacity": 5000, "drinking_water_facility": 1, "remarks": "", "address": "S.C. Park , Keshavnegar , Subhashbridge , Ahmedabad , Gujarat", "ward": "10_S_P_STADIUM", "zone": "WEST ZONE", "road_id": "", "source_of_water2": "A.M.C. Supply", "st_length(shape)": 186.38839685264327}, "geometry": {"type": "Polygon", "coordinates": [[[72.58420628570903, 23.064917870338327], [72.58436407422687, 23.06492044146476], [72.58442436979989, 23.064921667790088], [72.58444972185698, 23.064829360122797], [72.58450402943865, 23.064689290542105], [72.58467279997666, 23.064403061965987], [72.58467127775948, 23.064393841193706], [72.58466940430192, 23.064384675536765], [72.58466717939453, 23.064375576728043], [72.58466460674545, 23.06436655565758], [72.5846616891036, 23.064357622297933], [72.58465843014488, 23.064348789344166], [72.58465483359359, 23.064340066783803], [72.58465090216637, 23.06433146639443], [72.58464664254586, 23.06432299640323], [72.58464205939946, 23.064314668617655], [72.58463715741071, 23.0643064939426], [72.5846319432622, 23.06429848060526], [72.5846264245797, 23.064290638652718], [72.58462060407983, 23.06428297986265], [72.58461449335435, 23.064275510731658], [72.58460809804598, 23.064268243082115], [72.58460142584495, 23.06426118335104], [72.58431723659037, 23.06473186986938], [72.58420628570903, 23.064917870338327]]]}}, {"type": "Feature", "properties": {"objectid": 677, "name_of_park": "Tagor Hall Garden", "zone_id": 5, "ward_id": 30, "village_division": "Paldi", "road_name": "Sardar Bridge Road", "contact_person": "Kanu Bhai ", "maintained_by": "Mother Dairy", "garden_area": 2562.92686712, "plot_area": 0, "structure_type": "Store Room", "no_of_trees": 28, "variety_of_trees": 4, "variety_of_shurbs": 5, "internal_walk_way": 1, "walkway_length": 185, "boundary_wall_details": "Wall", "shopping_area": 2, "no_of_shops": 0, "tp_no": "3-Ellisebridge", "survey_no_fp_no": "868", "statues": 2, "no_of_statues": 0, "bird_feeder": 2, "no_of_bird_feeders": 0, "phone_number": "9725609844", "play_apparatus": 2, "play_apparatus_type": "", "no_of_play_apparatus": 0, "maintenance_trust_details": "Amul Fed", "no_of_benches": 4, "rent_on_shops": 2, "urinal_facilities": 2, "rest_hut": 2, "no_of_rest_huts": 0, "water_connection": 1, "water_connection_size": 1, "sewage_connection": 2, "no_of_water_bodies": 0, "total_area_of_water_bodies": 0, "fountain": 1, "no_of_fountains": 1, "no_of_light_poles": 0, "music_system": 2, "no_of_entry_gates": "1", "water_tank": 2, "water_tank_capacity": 0, "drinking_water_facility": 2, "remarks": "", "address": "Kagdi Wad ,  Tagor Hall , Paldi , Ahmedabd , Gujarat", "ward": "30_PALDI", "zone": "WEST ZONE", "road_id": "", "source_of_water2": "Shellow Bore ", "st_length(shape)": 341.3664146424816}, "geometry": {"type": "Polygon", "coordinates": [[[72.57061520766331, 23.01323453775458], [72.57055011631988, 23.01306880798389], [72.56992226355922, 23.01327545460217], [72.56999474411033, 23.01344220083708], [72.57061520766331, 23.01323453775458]], [[72.57031378249106, 23.01304222068771], [72.57044368463305, 23.012797817163523], [72.56981988583239, 23.012997250237127], [72.56988819772572, 23.013182884444713], [72.57031378249106, 23.01304222068771]]]}}, {"type": "Feature", "properties": {"objectid": 678, "name_of_park": "Raghnathji Purohit Garden", "zone_id": 1, "ward_id": 21, "village_division": "Dariyapur", "road_name": "Dariyapur Circle to Premdarwaja Road", "contact_person": "Hasmukh Bhai", "maintained_by": "Mother Dairy", "garden_area": 1040.2853911, "plot_area": 956, "structure_type": "Garden", "no_of_trees": 28, "variety_of_trees": 10, "variety_of_shurbs": 7, "internal_walk_way": 1, "walkway_length": 61.23, "boundary_wall_details": "Compouind Wall", "shopping_area": 2, "no_of_shops": 0, "tp_no": "5-City Wall", "survey_no_fp_no": "37", "statues": 2, "no_of_statues": 0, "bird_feeder": 2, "no_of_bird_feeders": 0, "phone_number": "6352866296", "play_apparatus": 1, "play_apparatus_type": "Childern Play", "no_of_play_apparatus": 7, "maintenance_trust_details": "Amul Fed", "no_of_benches": 7, "rent_on_shops": 2, "urinal_facilities": 2, "rest_hut": 1, "no_of_rest_huts": 1, "water_connection": 1, "water_connection_size": 0.5, "sewage_connection": 2, "no_of_water_bodies": 0, "total_area_of_water_bodies": 0, "fountain": 2, "no_of_fountains": 0, "no_of_light_poles": 2, "music_system": 2, "no_of_entry_gates": "1", "water_tank": 2, "water_tank_capacity": 0, "drinking_water_facility": 2, "remarks": "", "address": "Raghnathji Purohit Garden , Nr. Dariyapur Pumpig Station , Ahmedabad  Gujarat", "ward": "21_DARIYAPUR", "zone": "CENTRAL ZONE", "road_id": "", "source_of_water2": "A.M.C. Supply", "st_length(shape)": 154.90300083789447}, "geometry": {"type": "Polygon", "coordinates": [[[72.5948003808696, 23.03771101196921], [72.59486080902084, 23.037679783089207], [72.59510740544984, 23.037552341584888], [72.59519548241636, 23.037516022530028], [72.59511031941528, 23.037411815999487], [72.59510814411209, 23.03737825619261], [72.59511016839504, 23.037374508829366], [72.59511323928137, 23.037372192952336], [72.59488921095307, 23.03748262899286], [72.59479344427686, 23.03752944673422], [72.59464184440097, 23.03760356019173], [72.5946391940369, 23.037605155714836], [72.59463639438017, 23.03760691869007], [72.59463363248334, 23.037608697587057], [72.59463118533291, 23.03761082433066], [72.59462939713141, 23.037613800689126], [72.59462727898915, 23.03761624119052], [72.59462529955917, 23.037618780400187], [72.5946234938522, 23.037621424267524], [72.59462132153391, 23.037625102564967], [72.59461943541963, 23.037628923342744], [72.59461785506134, 23.037632884189964], [72.59461658869344, 23.03763696085675], [72.59461563586977, 23.037641123544425], [72.59461500148235, 23.03764537142464], [72.59461472379407, 23.03764859375179], [72.59461466708967, 23.037651841107827], [72.59461474865418, 23.037655102303727], [72.59461505043583, 23.037658376780648], [72.59461550829637, 23.037661650923823], [72.5946831454425, 23.037771599101422], [72.5948003808696, 23.03771101196921]]]}}, {"type": "Feature", "properties": {"objectid": 679, "name_of_park": "Astodiya Garden", "zone_id": 1, "ward_id": 15, "village_division": "Jamalpur", "road_name": "Astodiya - Gatamandir Road", "contact_person": "Dhiral Ben", "maintained_by": "Mother Dairy ", "garden_area": 1423.03053509, "plot_area": 0, "structure_type": "Garden", "no_of_trees": 9, "variety_of_trees": 5, "variety_of_shurbs": 6, "internal_walk_way": 1, "walkway_length": 180, "boundary_wall_details": "Compouind Wall", "shopping_area": 2, "no_of_shops": 0, "tp_no": "1-Jamalpur", "survey_no_fp_no": "108", "statues": 2, "no_of_statues": 0, "bird_feeder": 2, "no_of_bird_feeders": 0, "phone_number": "8758503066", "play_apparatus": 1, "play_apparatus_type": "Chledern Play", "no_of_play_apparatus": 8, "maintenance_trust_details": "Amul Fed", "no_of_benches": 8, "rent_on_shops": 2, "urinal_facilities": 2, "rest_hut": 2, "no_of_rest_huts": 0, "water_connection": 1, "water_connection_size": 0, "sewage_connection": 2, "no_of_water_bodies": 0, "total_area_of_water_bodies": 0, "fountain": 2, "no_of_fountains": 0, "no_of_light_poles": 7, "music_system": 2, "no_of_entry_gates": "2", "water_tank": 2, "water_tank_capacity": 0, "drinking_water_facility": 2, "remarks": "", "address": "Astodiya Garden , Astodiya Darwaja to Gita Mandir Road , Ahmedabad , Gujarat", "ward": "29_JAMALPUR", "zone": "CENTRAL ZONE", "road_id": "", "source_of_water2": "A.M.C. Supply", "st_length(shape)": 195.8308922093638}, "geometry": {"type": "Polygon", "coordinates": [[[72.5908728797145, 23.016234034207777], [72.59084687010623, 23.01591958730916], [72.59044828567737, 23.015936817577607], [72.59062335661623, 23.01614675856545], [72.5906251391208, 23.016146832654954], [72.59062691770575, 23.016146962657412], [72.59062869037287, 23.01614715125073], [72.59063045229512, 23.01614739565306], [72.5906322054386, 23.016147694991556], [72.59063394681407, 23.016148052831813], [72.59063567356054, 23.016148465519155], [72.5906373837601, 23.016148931218787], [72.59063907344837, 23.01614945348151], [72.59064074267354, 23.016150029599654], [72.59064239146765, 23.016150657768176], [72.59064401295736, 23.016151340590756], [72.59064560722285, 23.016152073554668], [72.59064717818032, 23.01615285581681], [72.5906487140652, 23.016153690809123], [72.59065021887385, 23.016154573175786], [72.59065168964909, 23.01615550467732], [72.5906531245371, 23.01615647986879], [72.59065452152366, 23.016157502330664], [72.59065588065687, 23.01615856935534], [72.59065719805264, 23.01615967998086], [72.59065847179299, 23.01616083237245], [72.59065970390817, 23.016162022047137], [72.59066089137686, 23.016163254375574], [72.59066202943616, 23.016164522965784], [72.5906631210272, 23.016165826959735], [72.5906641622659, 23.0161671653955], [72.59066515414332, 23.016168537385415], [72.5906660928235, 23.016169939259914], [72.5906669792975, 23.016171370131293], [72.59066781064018, 23.01617282995501], [72.59066858884981, 23.016174316053156], [72.59066931004223, 23.016175827463776], [72.59066997333865, 23.016177358756813], [72.59067058067312, 23.01617891086448], [72.59067113009554, 23.016180483757083], [72.59067161879311, 23.016182071072308], [72.59067204866778, 23.016183675547452], [72.59067241981579, 23.016185291767297], [72.59067272833698, 23.016186919672432], [72.59067297720459, 23.016188556599783], [72.59067316448456, 23.016190201617125], [72.59067329121612, 23.016191851129125], [72.59067335548127, 23.016193503301032], [72.59067335825503, 23.016195158147667], [72.59067329862654, 23.016196812044033], [72.59067317956902, 23.016198462327058], [72.5906729971663, 23.01620010983989], [72.59067275348069, 23.01620174829443], [72.59067244945518, 23.0162033795106], [72.59067208611292, 23.016205000795647], [72.59067165958584, 23.0162066102851], [72.59067117578832, 23.01620820445785], [72.59067063278631, 23.016209782381708], [72.59067003157091, 23.01621134316893], [72.59066937220625, 23.016212883209395], [72.59066865470841, 23.01621440160054], [72.59066788300957, 23.016215896596673], [72.59066705522385, 23.016217364557964], [72.59066617422823, 23.016218808236538], [72.59066524112603, 23.016220220426945], [72.59066425391912, 23.01622160380711], [72.59066321657177, 23.016222954826244], [72.59066213009108, 23.01622427169411], [72.59066099450916, 23.01622555260566], [72.5906598127511, 23.016226797605402], [72.59067597546492, 23.016251104752417], [72.59087662928715, 23.016552860101193], [72.59088482506748, 23.01654548817337], [72.59088877179394, 23.01654193893639], [72.59089210819626, 23.016536651130238], [72.59089453332962, 23.016530888214092], [72.59089598167546, 23.0165248058816], [72.59089641410462, 23.0165185684559], [72.59089600941043, 23.016513680936274], [72.5908728797145, 23.016234034207777]]]}}, {"type": "Feature", "properties": {"objectid": 680, "name_of_park": "Indulal Yaxnik Park", "zone_id": 1, "ward_id": 29, "village_division": "Laldarwaja", "road_name": "Nehrubridge to Rupali Cinema Road", "contact_person": "Dhiral Ben", "maintained_by": "Mother Dairy", "garden_area": 2342.79992681, "plot_area": 0, "structure_type": "Garden", "no_of_trees": 25, "variety_of_trees": 7, "variety_of_shurbs": 9, "internal_walk_way": 1, "walkway_length": 10, "boundary_wall_details": "Compound Wall", "shopping_area": 2, "no_of_shops": 0, "tp_no": "", "survey_no_fp_no": "3372", "statues": 1, "no_of_statues": 1, "bird_feeder": 2, "no_of_bird_feeders": 0, "phone_number": "8758503066", "play_apparatus": 2, "play_apparatus_type": "", "no_of_play_apparatus": 0, "maintenance_trust_details": "Amul Fed", "no_of_benches": 0, "rent_on_shops": 2, "urinal_facilities": 2, "rest_hut": 2, "no_of_rest_huts": 0, "water_connection": 1, "water_connection_size": 0, "sewage_connection": 2, "no_of_water_bodies": 0, "total_area_of_water_bodies": 0, "fountain": 2, "no_of_fountains": 0, "no_of_light_poles": 0, "music_system": 2, "no_of_entry_gates": "2", "water_tank": 2, "water_tank_capacity": 0, "drinking_water_facility": 2, "remarks": "", "address": "Indulal Yaxnik Park , Rupali Cinema Road , Laldarwaja , Ahmedabd , Gujarat", "ward": "29_JAMALPUR", "zone": "CENTRAL ZONE", "road_id": "", "source_of_water2": "A.M.C. Supply", "st_length(shape)": 277.2686752962826}, "geometry": {"type": "Polygon", "coordinates": [[[72.57695883820655, 23.02739366324588], [72.57814924106037, 23.027473837024495], [72.57807518681317, 23.027295679103037], [72.57697739926009, 23.027207206317474], [72.57695883820655, 23.02739366324588]]]}}, {"type": "Feature", "properties": {"objectid": 681, "name_of_park": "Sarangpur Circle Garden", "zone_id": 1, "ward_id": 28, "village_division": "Khadia", "road_name": "Sarangpur - Kalupur Road", "contact_person": "Sneha Patel", "maintained_by": "A.M.C.", "garden_area": 1477.68102193, "plot_area": 0, "structure_type": "Garden", "no_of_trees": 8, "variety_of_trees": 8, "variety_of_shurbs": 8, "internal_walk_way": 1, "walkway_length": 48.7, "boundary_wall_details": "Compound Wall", "shopping_area": 2, "no_of_shops": 0, "tp_no": "5-Citywall", "survey_no_fp_no": "", "statues": 1, "no_of_statues": 1, "bird_feeder": 2, "no_of_bird_feeders": 0, "phone_number": "7600366798", "play_apparatus": 2, "play_apparatus_type": "", "no_of_play_apparatus": 0, "maintenance_trust_details": "A.M.C.", "no_of_benches": 20, "rent_on_shops": 2, "urinal_facilities": 2, "rest_hut": 2, "no_of_rest_huts": 0, "water_connection": 1, "water_connection_size": 0, "sewage_connection": 2, "no_of_water_bodies": 0, "total_area_of_water_bodies": 0, "fountain": 2, "no_of_fountains": 0, "no_of_light_poles": 22, "music_system": 2, "no_of_entry_gates": "3", "water_tank": 1, "water_tank_capacity": 50000, "drinking_water_facility": 2, "remarks": "", "address": "Sarangpur Circle , Ahmedabad , Gujarat", "ward": "28_KHADIA", "zone": "CENTRAL ZONE", "road_id": "", "source_of_water2": "A.M.C. Supply", "st_length(shape)": 172.4836362487138}, "geometry": {"type": "Polygon", "coordinates": [[[72.59890005867106, 23.02313749112106], [72.59887417453793, 23.023069022586157], [72.59884275591605, 23.02300915389261], [72.5988176321436, 23.022946382989115], [72.59879906728594, 23.02288136963412], [72.59878725647043, 23.022814797155537], [72.5987823238356, 23.02274736526856], [72.59878432122623, 23.02267978272127], [72.59879322764866, 23.02261275984527], [72.59878759663691, 23.022606748070913], [72.59878103787986, 23.022601764856073], [72.5987737368452, 23.022597951115483], [72.59876589999071, 23.022595414693622], [72.59875774892596, 23.02259422731511], [72.59874951414577, 23.022594422556494], [72.59874142851218, 23.022595994896754], [72.59873372066978, 23.022598899873454], [72.59872660857995, 23.022603055340024], [72.59872029335747, 23.0226083437887], [72.59871495358344, 23.022614615673383], [72.59871074025531, 23.02262169363851], [72.59870777251706, 23.022629377534255], [72.59867223354676, 23.02267517000884], [72.59864184510413, 23.022724531042975], [72.59861696228995, 23.0227768838337], [72.59859787586967, 23.02283161661819], [72.59858480887553, 23.022888089822473], [72.5985779140005, 23.02294564353509], [72.59857727181385, 23.023003605218413], [72.5985803279969, 23.023043242231946], [72.5985899107637, 23.023081824658995], [72.59860575509333, 23.02311828546419], [72.59862742279509, 23.02315161628772], [72.59865431462715, 23.02318089533253], [72.59868568686916, 23.023205312857534], [72.5987206718906, 23.023224193571806], [72.59875830214592, 23.02323701531043], [72.598797536933, 23.023243423475463], [72.59881306350088, 23.023244140135755], [72.5988284883079, 23.02324222617631], [72.59884336885732, 23.02323773650354], [72.59885727826568, 23.02323079991423], [72.59886981750901, 23.023221615400704], [72.59888062686976, 23.02321044644226], [72.59888939625604, 23.02319761344664], [72.59889587409747, 23.02318348455841], [72.59889987456198, 23.023168465097836], [72.59890128288689, 23.023152985933347], [72.59890005867106, 23.02313749112106]]]}}, {"type": "Feature", "properties": {"objectid": 682, "name_of_park": "Navinchandra Park", "zone_id": 1, "ward_id": 16, "village_division": "Shahibag", "road_name": "Rajasthan Hospital Road", "contact_person": "Aman Malek", "maintained_by": "A.M.C.", "garden_area": 294.99742831, "plot_area": 0, "structure_type": "Garden", "no_of_trees": 4, "variety_of_trees": 1, "variety_of_shurbs": 5, "internal_walk_way": 1, "walkway_length": 21, "boundary_wall_details": "Compouind Wall", "shopping_area": 2, "no_of_shops": 0, "tp_no": "17-Dariyapur", "survey_no_fp_no": "2", "statues": 2, "no_of_statues": 0, "bird_feeder": 2, "no_of_bird_feeders": 0, "phone_number": "9409048103", "play_apparatus": 1, "play_apparatus_type": "Chledern Play , GYM Equipment", "no_of_play_apparatus": 21, "maintenance_trust_details": "A.M.C.", "no_of_benches": 15, "rent_on_shops": 2, "urinal_facilities": 1, "rest_hut": 1, "no_of_rest_huts": 1, "water_connection": 2, "water_connection_size": 0, "sewage_connection": 2, "no_of_water_bodies": 0, "total_area_of_water_bodies": 0, "fountain": 2, "no_of_fountains": 0, "no_of_light_poles": 6, "music_system": 2, "no_of_entry_gates": "1", "water_tank": 1, "water_tank_capacity": 6000, "drinking_water_facility": 2, "remarks": "", "address": "Navinchandra Park , In Navinchandra Park Society , Civil Road , Ahmedabad , Gujarat", "ward": "16_SHAHIBAG", "zone": "CENTRAL ZONE", "road_id": "", "source_of_water2": "A.M.C. Supply", "st_length(shape)": 69.85724086677422}, "geometry": {"type": "Polygon", "coordinates": [[[72.60105663573073, 23.055773283738166], [72.60105717263909, 23.055759123569405], [72.60105995126128, 23.05568576746419], [72.60099803254076, 23.05568274193644], [72.60086049215084, 23.055676021423494], [72.60085684077454, 23.05576436946742], [72.60085416345113, 23.055806201822083], [72.60105505502644, 23.055815006359943], [72.60105663573073, 23.055773283738166]]]}}, {"type": "Feature", "properties": {"objectid": 683, "name_of_park": "Haripura Village Garden", "zone_id": 1, "ward_id": 15, "village_division": "Asarwa", "road_name": "Haripura Village Road", "contact_person": "Vijay Bhai", "maintained_by": "Mother Dairy", "garden_area": 1507.48467116, "plot_area": 0, "structure_type": "Garden", "no_of_trees": 30, "variety_of_trees": 7, "variety_of_shurbs": 6, "internal_walk_way": 1, "walkway_length": 300, "boundary_wall_details": "Compouind Wall", "shopping_area": 2, "no_of_shops": 0, "tp_no": "8-Asarwa", "survey_no_fp_no": "RS 458to463/466to468", "statues": 2, "no_of_statues": 0, "bird_feeder": 2, "no_of_bird_feeders": 0, "phone_number": "9173634272", "play_apparatus": 1, "play_apparatus_type": "Chledern Play , GYM Equipment", "no_of_play_apparatus": 14, "maintenance_trust_details": "Amul Fed", "no_of_benches": 16, "rent_on_shops": 2, "urinal_facilities": 2, "rest_hut": 1, "no_of_rest_huts": 1, "water_connection": 2, "water_connection_size": 0, "sewage_connection": 2, "no_of_water_bodies": 0, "total_area_of_water_bodies": 0, "fountain": 1, "no_of_fountains": 1, "no_of_light_poles": 2, "music_system": 2, "no_of_entry_gates": "2", "water_tank": 1, "water_tank_capacity": 5000, "drinking_water_facility": 1, "remarks": "", "address": "Haripura Village , Asarwa , Ahmedabad , Gujarat", "ward": "15_ASARWA", "zone": "CENTRAL ZONE", "road_id": "", "source_of_water2": "A.M.C. Supply", "st_length(shape)": 156.79592049775775}, "geometry": {"type": "Polygon", "coordinates": [[[72.60286603799996, 23.04334391064944], [72.60273196598413, 23.042964169980102], [72.60239996210431, 23.043049324035753], [72.60255280100435, 23.043420465226973], [72.60286603799996, 23.04334391064944]]]}}, {"type": "Feature", "properties": {"objectid": 684, "name_of_park": "Chandubhai Hathbhai Senior Citizen Park", "zone_id": 1, "ward_id": 15, "village_division": "Asarwa", "road_name": "Sant Rohidas Road", "contact_person": "Vijay Bhai", "maintained_by": "Mother Dairy", "garden_area": 917.52100918, "plot_area": 0, "structure_type": "Garden", "no_of_trees": 23, "variety_of_trees": 6, "variety_of_shurbs": 5, "internal_walk_way": 1, "walkway_length": 80, "boundary_wall_details": "Compouind Wall", "shopping_area": 2, "no_of_shops": 0, "tp_no": "30-Asarwa", "survey_no_fp_no": "96/2", "statues": 2, "no_of_statues": 0, "bird_feeder": 2, "no_of_bird_feeders": 0, "phone_number": "9173634272", "play_apparatus": 2, "play_apparatus_type": "", "no_of_play_apparatus": 0, "maintenance_trust_details": "Amul Fed", "no_of_benches": 23, "rent_on_shops": 2, "urinal_facilities": 2, "rest_hut": 1, "no_of_rest_huts": 1, "water_connection": 1, "water_connection_size": 0, "sewage_connection": 2, "no_of_water_bodies": 0, "total_area_of_water_bodies": 0, "fountain": 2, "no_of_fountains": 0, "no_of_light_poles": 6, "music_system": 2, "no_of_entry_gates": "1", "water_tank": 2, "water_tank_capacity": 0, "drinking_water_facility": 1, "remarks": "", "address": "Nr. Saibaba Society , Kalapi Nagar , Asarwa , Ahmedabad , Gujarat", "ward": "15_ASARWA", "zone": "CENTRAL ZONE", "road_id": "", "source_of_water2": "A.M.C. Supply", "st_length(shape)": 129.27112027068551}, "geometry": {"type": "Polygon", "coordinates": [[[72.62510223398792, 23.056090331711765], [72.62489846723523, 23.05614480412651], [72.62492300731842, 23.056235745179166], [72.62500565612471, 23.056542019939418], [72.62514884939223, 23.056465069187624], [72.62519276692446, 23.05644146841474], [72.62510223398792, 23.056090331711765]]]}}, {"type": "Feature", "properties": {"objectid": 685, "name_of_park": "Bima Nagar Garden", "zone_id": 5, "ward_id": 18, "village_division": "Navarangpura", "road_name": "Surendra Mangaldas Road", "contact_person": "Sunil BHai", "maintained_by": "Mother Dairy", "garden_area": 30914.40375563, "plot_area": 0, "structure_type": "Garden", "no_of_trees": 10, "variety_of_trees": 7, "variety_of_shurbs": 5, "internal_walk_way": 1, "walkway_length": 200, "boundary_wall_details": "Boundary Wall", "shopping_area": 2, "no_of_shops": 0, "tp_no": "31 Univercity", "survey_no_fp_no": "62,63", "statues": 2, "no_of_statues": 0, "bird_feeder": 2, "no_of_bird_feeders": 0, "phone_number": "9825511398", "play_apparatus": 1, "play_apparatus_type": "Childern Play ,GYM Equipment", "no_of_play_apparatus": 3, "maintenance_trust_details": "Amul Fed", "no_of_benches": 10, "rent_on_shops": 2, "urinal_facilities": 1, "rest_hut": 2, "no_of_rest_huts": 0, "water_connection": 1, "water_connection_size": 1, "sewage_connection": 1, "no_of_water_bodies": 0, "total_area_of_water_bodies": 0, "fountain": 2, "no_of_fountains": 0, "no_of_light_poles": 12, "music_system": 1, "no_of_entry_gates": "1", "water_tank": 1, "water_tank_capacity": 2000, "drinking_water_facility": 2, "remarks": "", "address": "Opp. Zansi ni Rani Statue , Navarangpura , Ahmedabad , Gujarat", "ward": "18_NAVRANGPURA", "zone": "WEST ZONE", "source_of_water2": "A.M.C. Supply ", "st_length(shape)": 799.674694327308}, "geometry": {"type": "Polygon", "coordinates": [[[72.53492046777794, 23.024957221086964], [72.53523861817615, 23.024895917778796], [72.53532716564897, 23.0252198530559], [72.53554889306614, 23.025176773629077], [72.53559300112566, 23.025167847429042], [72.53611276227936, 23.02506268059662], [72.53594212526099, 23.02428379190955], [72.5368076820667, 23.024111277509924], [72.53679124290886, 23.02403234968503], [72.53661534825886, 23.0231878591576], [72.53529725432156, 23.02347067964811], [72.53461400166486, 23.0236172792458], [72.53461170624243, 23.023619664663887], [72.53460950121011, 23.023622121003203], [72.5346073886001, 23.023624643781584], [72.53460537041174, 23.023627230321967], [72.53460344961944, 23.023629877962428], [72.53460162918121, 23.02363258494355], [72.53459990822047, 23.023635345835146], [72.53459829162892, 23.0236381598107], [72.53459678048014, 23.023641021470397], [72.53459537576556, 23.023643929926944], [72.53459407953385, 23.023646879795727], [72.53459289378432, 23.023649868399644], [72.53459182049994, 23.02365289396407], [72.53459085784554, 23.02365595014114], [72.53459000876272, 23.023659036073912], [72.53458927528365, 23.023662147280277], [72.53458865651542, 23.023665279232556], [72.53458815541599, 23.023668430171323], [72.53458777010096, 23.02367159645616], [72.53458750066886, 23.023674772672088], [72.53458735007769, 23.02367795705969], [72.53458731548439, 23.023681145060863], [72.53458740085486, 23.02368433312639], [72.53492046777794, 23.024957221086964]]]}}, {"type": "Feature", "properties": {"objectid": 686, "name_of_park": "Chandkheda Sineor Citizon Park", "zone_id": 5, "ward_id": 3, "village_division": "Chandkheda", "road_name": "Visat Petrol Pump to Zundal Circle Road", "contact_person": "Ashwin Bhai", "maintained_by": "Mother Dairy", "garden_area": 1630.61735155, "plot_area": 0, "structure_type": "Garden", "no_of_trees": 12, "variety_of_trees": 5, "variety_of_shurbs": 2, "internal_walk_way": 1, "walkway_length": 100, "boundary_wall_details": "Chainlinked", "shopping_area": 2, "no_of_shops": 0, "statues": 2, "no_of_statues": 0, "bird_feeder": 2, "no_of_bird_feeders": 0, "phone_number": "7984717683", "play_apparatus": 2, "no_of_play_apparatus": 0, "maintenance_trust_details": "Amul Fed", "no_of_benches": 5, "rent_on_shops": 2, "urinal_facilities": 2, "rest_hut": 2, "no_of_rest_huts": 0, "water_connection": 1, "water_connection_size": 0, "sewage_connection": 2, "no_of_water_bodies": 0, "total_area_of_water_bodies": 0, "fountain": 2, "no_of_fountains": 0, "no_of_light_poles": 6, "music_system": 2, "no_of_entry_gates": "1", "water_tank": 2, "water_tank_capacity": 0, "drinking_water_facility": 2, "address": "Sineor Citizon Park , Nr. Vikash Mandal , Shiv Shaktri BRTS BUS Stop , Chandkheda", "ward": "03_CHANDKHEDA", "zone": "WEST ZONE", "source_of_water2": "A.M.C. Supply", "st_length(shape)": 195.79896827644924}, "geometry": {"type": "Polygon", "coordinates": [[[72.58414191269809, 23.110687453511332], [72.58416815867609, 23.110604155859093], [72.58417855078332, 23.110571179666263], [72.58421079901196, 23.11046885321252], [72.5842225052476, 23.110431706471964], [72.58427490652046, 23.11027136142863], [72.58427522220339, 23.110270464393704], [72.58431046846691, 23.11017691544633], [72.5843105984404, 23.110176578897214], [72.58431916674009, 23.110155086012643], [72.5841307558582, 23.110093908975763], [72.58412177744879, 23.11009109743459], [72.58411808879784, 23.110097882145904], [72.5841102870988, 23.110117112675443], [72.58392502870346, 23.110677912871587], [72.58390119587479, 23.11075441254706], [72.5841068870934, 23.110808075421204], [72.58414176680154, 23.11068791620452], [72.58414191269809, 23.110687453511332]]]}}, {"type": "Feature", "properties": {"objectid": 687, "name_of_park": "Sai Garden", "zone_id": 5, "ward_id": 4, "village_division": "Sabarmati", "road_name": "Samaldas Lalludas Road", "contact_person": "Ashwin Bhai", "maintained_by": "Mother Dairy", "garden_area": 290.77849356, "plot_area": 0, "structure_type": "Garden", "no_of_trees": 25, "variety_of_trees": 2, "variety_of_shurbs": 3, "internal_walk_way": 2, "walkway_length": 0, "boundary_wall_details": "Chainlinked", "shopping_area": 2, "no_of_shops": 0, "statues": 2, "no_of_statues": 0, "bird_feeder": 2, "no_of_bird_feeders": 0, "phone_number": "7984717683", "play_apparatus": 1, "play_apparatus_type": "Chledern Play ", "no_of_play_apparatus": 8, "maintenance_trust_details": "Amul Fed", "no_of_benches": 2, "rent_on_shops": 2, "urinal_facilities": 2, "rest_hut": 2, "no_of_rest_huts": 0, "water_connection": 1, "water_connection_size": 1, "sewage_connection": 1, "no_of_water_bodies": 0, "total_area_of_water_bodies": 0, "fountain": 2, "no_of_fountains": 0, "no_of_light_poles": 1, "music_system": 2, "no_of_entry_gates": "1", "water_tank": 2, "water_tank_capacity": 0, "drinking_water_facility": 2, "address": "Sai Garden, Vegetable Market , Ramnagar , Ahmedabad , Gujarat", "ward": "04_SABARMATI", "zone": "WEST ZONE", "source_of_water2": "A.M.C. Supply", "st_length(shape)": 74.55560355407505}, "geometry": {"type": "Polygon", "coordinates": [[[72.59041398960498, 23.084632252783805], [72.59051676363462, 23.084602292038166], [72.59044636331761, 23.08438050982318], [72.5903390973076, 23.084401803001715], [72.59041398960498, 23.084632252783805]]]}}, {"type": "Feature", "properties": {"objectid": 688, "name_of_park": "Shahwadi Garden Phase-ii", "zone_id": 5, "ward_id": 31, "village_division": "Vasna", "road_name": "Vasna Canal Road", "contact_person": "Rushang Bhai", "maintained_by": "A.M.C", "garden_area": 6272.67016539, "plot_area": 0, "structure_type": "Garden", "no_of_trees": 10, "variety_of_trees": 4, "variety_of_shurbs": 5, "internal_walk_way": 1, "walkway_length": 300, "boundary_wall_details": "Boundary Wall", "shopping_area": 2, "no_of_shops": 0, "tp_no": "94 Shahwadi", "survey_no_fp_no": "64/1", "statues": 2, "no_of_statues": 0, "bird_feeder": 2, "no_of_bird_feeders": 0, "phone_number": "8530880595", "play_apparatus": 1, "play_apparatus_type": "Childern Play", "no_of_play_apparatus": 4, "maintenance_trust_details": "A.M.C.", "no_of_benches": 16, "rent_on_shops": 2, "urinal_facilities": 2, "rest_hut": 1, "no_of_rest_huts": 1, "water_connection": 1, "water_connection_size": 1, "sewage_connection": 2, "no_of_water_bodies": 0, "total_area_of_water_bodies": 0, "fountain": 2, "no_of_fountains": 0, "no_of_light_poles": 10, "music_system": 2, "no_of_entry_gates": "2", "water_tank": 1, "water_tank_capacity": 3000, "drinking_water_facility": 2, "remarks": "", "address": "Vasna Canal Road , Vasna ,Ahmedabad , Gujarat", "ward": "31_VASNA", "zone": "WEST ZONE", "source_of_water2": "A.M.C. Supply , Shellow Bore", "st_length(shape)": 481.1476131238517}, "geometry": {"type": "Polygon", "coordinates": [[[72.54948019233575, 22.993174196904345], [72.54947716560437, 22.993174141935224], [72.54947414002119, 22.99317418538549], [72.5494711175522, 22.993174326382793], [72.5494681011382, 22.993174564069893], [72.54946509664451, 22.993174897634784], [72.54946210699565, 22.993175327122742], [72.54945913410872, 22.993175854368964], [72.5494561839142, 22.99317647495142], [72.5494532563958, 22.99317718977258], [72.54945036034339, 22.993177998065775], [72.54944749283241, 22.99317889978569], [72.54944466270163, 22.993179891458098], [72.54944187188441, 22.993180974015676], [72.54943912234674, 22.993182146586054], [72.54943641806945, 22.99318340471706], [72.54943376192816, 22.993184751161465], [72.54943115985338, 22.99318618149723], [72.5494286089695, 22.993187692971567], [72.54942611900861, 22.993189286637858], [72.54942368906106, 22.99319095887096], [72.5494213230751, 22.993192707023674], [72.54941902394263, 22.993194532946294], [72.54941679374373, 22.993196429448876], [72.54941463639405, 22.993198395689276], [72.54941255189357, 22.99320043166748], [72.54941054615655, 22.993202533863972], [72.54940861827332, 22.99320469865357], [72.54940677316698, 22.993206923404227], [72.54940501381093, 22.993209205453613], [72.54940333827179, 22.993211543869062], [72.54940175152153, 22.993213933310923], [72.54940025550988, 22.993216373809382], [72.54939884934345, 22.993218860836755], [72.54939753989504, 22.993221391791142], [72.54939632139708, 22.99322396206942], [72.54939520265572, 22.993226570002353], [72.54919225905786, 22.993724206585696], [72.54941602436519, 22.993851672418348], [72.54945872881474, 22.993812944722972], [72.54980399164475, 22.993601165218656], [72.5498775432921, 22.993187622444243], [72.54948019233575, 22.993174196904345]], [[72.54938023160517, 22.993884131734198], [72.54917480072133, 22.993767016410064], [72.5488577092354, 22.994544545209344], [72.54926198292668, 22.994666098576488], [72.54932667432443, 22.99403024533501], [72.54938023160517, 22.993884131734198]]]}}, {"type": "Feature", "properties": {"objectid": 689, "name_of_park": "Shareysh Crossing Garden", "zone_id": 5, "ward_id": 30, "village_division": "Paldi", "road_name": "Jivraj Mehta-Dharnidhar Road", "contact_person": "Kanu BHai", "maintained_by": "Mother Dairy", "garden_area": 2990.41552893, "plot_area": 0, "structure_type": "Garden", "no_of_trees": 0, "variety_of_trees": 0, "variety_of_shurbs": 5, "internal_walk_way": 2, "walkway_length": 0, "boundary_wall_details": "Chainlinked", "shopping_area": 2, "no_of_shops": 0, "statues": 2, "no_of_statues": 0, "bird_feeder": 2, "no_of_bird_feeders": 0, "phone_number": "9725609844", "play_apparatus": 2, "play_apparatus_type": "", "no_of_play_apparatus": 0, "maintenance_trust_details": "Amul Fed", "no_of_benches": 0, "rent_on_shops": 2, "urinal_facilities": 2, "rest_hut": 2, "no_of_rest_huts": 0, "water_connection": 1, "water_connection_size": 0, "sewage_connection": 2, "no_of_water_bodies": 0, "total_area_of_water_bodies": 0, "fountain": 2, "no_of_fountains": 0, "no_of_light_poles": 0, "music_system": 2, "no_of_entry_gates": "1", "water_tank": 2, "water_tank_capacity": 0, "drinking_water_facility": 2, "address": "Shreyash Crossing Road  , Dharnidhar , Paldi , Ahmedabad , Gujarat", "ward": "30_PALDI", "zone": "WEST ZONE", "source_of_water2": "Tanker", "st_length(shape)": 385.8640158782965}, "geometry": {"type": "Polygon", "coordinates": [[[72.54631356610392, 23.010624906919617], [72.54631338893495, 23.01062510458616], [72.5461959397159, 23.010759753380487], [72.54619586099521, 23.010759846047296], [72.546121872096, 23.010849333539827], [72.54612169329818, 23.01084956729143], [72.54603690294917, 23.01096791652483], [72.54603681283395, 23.01096804602818], [72.54598677950888, 23.011043360503333], [72.54598670021618, 23.011043484757877], [72.54598659355405, 23.0110436663649], [72.54592196162893, 23.01116037365395], [72.54592192431376, 23.01116044168533], [72.54586010391536, 23.01127682421522], [72.54586002905619, 23.011276972913077], [72.54580537346794, 23.011390078458955], [72.54580531967105, 23.011390194983942], [72.54573879632142, 23.011539288388263], [72.54573873930542, 23.011539421113046], [72.54568053671967, 23.011682472240587], [72.54562384877688, 23.01180708530412], [72.54562381316623, 23.011807166903296], [72.54554789278671, 23.011984818719363], [72.54551851280986, 23.01205575446947], [72.54567774704908, 23.012099939308097], [72.54570236038695, 23.012040509345333], [72.54577731107462, 23.01186512820276], [72.54583451486081, 23.0117393810804], [72.54583457902832, 23.01173923041123], [72.54589297742088, 23.011595699275837], [72.54595764353326, 23.01145076852866], [72.54601015312906, 23.011342101937295], [72.5460700884469, 23.011229267764037], [72.54613125714542, 23.011118815220485], [72.5461765734337, 23.011050600915226], [72.54625683140692, 23.010938578310693], [72.54632622682234, 23.010854646457553], [72.5463628609444, 23.010812647349006], [72.54644049911968, 23.010723638807058], [72.54631356610392, 23.010624906919617]]]}}, {"type": "Feature", "properties": {"objectid": 690, "name_of_park": "Sharada Society Ramat Gamat Plot", "zone_id": 5, "ward_id": 30, "village_division": "Paldi", "road_name": "Vikash Gruh Shukhipura Road", "contact_person": "Kanu Bhai", "maintained_by": "Mother Dairy", "garden_area": 951.66924432, "plot_area": 0, "structure_type": "Garden", "no_of_trees": 20, "variety_of_trees": 7, "variety_of_shurbs": 0, "internal_walk_way": 1, "walkway_length": 122, "boundary_wall_details": "Chainlinked Wall", "shopping_area": 2, "no_of_shops": 0, "tp_no": "26-Vasna", "survey_no_fp_no": "10", "statues": 2, "no_of_statues": 0, "bird_feeder": 2, "no_of_bird_feeders": 0, "phone_number": "9725609844", "play_apparatus": 1, "play_apparatus_type": "Childern Play", "no_of_play_apparatus": 10, "maintenance_trust_details": "Amul Fed", "no_of_benches": 4, "rent_on_shops": 2, "urinal_facilities": 2, "rest_hut": 2, "no_of_rest_huts": 0, "water_connection": 2, "water_connection_size": 0, "sewage_connection": 2, "no_of_water_bodies": 0, "total_area_of_water_bodies": 0, "fountain": 2, "no_of_fountains": 0, "no_of_light_poles": 2, "music_system": 2, "no_of_entry_gates": "2", "water_tank": 2, "water_tank_capacity": 0, "drinking_water_facility": 2, "remarks": "", "address": "Dharnidhar-Sharda Society Road , Paldi , Ahmedabad , Gujarat", "ward": "30_PALDI", "zone": "WEST ZONE", "source_of_water2": "Tanker", "st_length(shape)": 131.13826139298496}, "geometry": {"type": "Polygon", "coordinates": [[[72.550225684179, 23.010318483718365], [72.55044463723151, 23.01038127973359], [72.55054087666974, 23.00999088301755], [72.55035239000044, 23.009945658097845], [72.550225684179, 23.010318483718365]]]}}, {"type": "Feature", "properties": {"objectid": 691, "name_of_park": "Senior Citizon Park Fatepura", "zone_id": 5, "ward_id": 30, "village_division": "Paldi", "road_name": "Fatepura rOAD", "contact_person": "Kanu BHai", "maintained_by": "Mother Dairy", "garden_area": 381.49844302, "plot_area": 0, "structure_type": "Garden", "no_of_trees": 5, "variety_of_trees": 3, "variety_of_shurbs": 5, "internal_walk_way": 1, "walkway_length": 46, "boundary_wall_details": "Compound Wall", "tp_no": "6-Paldi", "survey_no_fp_no": "350+351", "statues": 2, "no_of_statues": 0, "bird_feeder": 2, "no_of_bird_feeders": 0, "phone_number": "9725609844", "play_apparatus": 1, "play_apparatus_type": "Childern Play", "no_of_play_apparatus": 3, "maintenance_trust_details": "Amul Fed", "no_of_benches": 6, "rent_on_shops": 2, "urinal_facilities": 2, "rest_hut": 2, "no_of_rest_huts": 0, "water_connection": 1, "water_connection_size": 0.5, "sewage_connection": 2, "no_of_water_bodies": 0, "total_area_of_water_bodies": 0, "fountain": 2, "no_of_fountains": 0, "no_of_light_poles": 6, "music_system": 2, "no_of_entry_gates": "2", "water_tank": 1, "water_tank_capacity": 3000, "drinking_water_facility": 2, "address": "Fatepura Village Road , Paldi , Ahmedabad , Gujarat", "ward": "30_PALDI", "zone": "WEST ZONE", "source_of_water2": "A.M.C. Supply", "st_length(shape)": 77.06652569416943}, "geometry": {"type": "Polygon", "coordinates": [[[72.5562497850468, 23.00688299535951], [72.55635756182619, 23.006730203765603], [72.55617859360777, 23.006635760473202], [72.5561511440941, 23.006697414653004], [72.5561184471964, 23.006770851992986], [72.55611804181821, 23.00677483958536], [72.55611788523824, 23.006777197006908], [72.55611787184083, 23.006777724017404], [72.55611788628462, 23.006778870757685], [72.55611795337897, 23.006780829900762], [72.55611820583852, 23.006784083769354], [72.55611837896605, 23.006785516429627], [72.55611841685534, 23.00678574090155], [72.55611876029583, 23.006787788269495], [72.5561194510772, 23.006790800645017], [72.55612051948857, 23.00679472071856], [72.55612180510249, 23.00679854754978], [72.55612293292269, 23.006801281398843], [72.55612295440311, 23.006801334091175], [72.55612380842513, 23.006803134762468], [72.55612473342282, 23.006804947362973], [72.55612573956846, 23.006806748577798], [72.55612746746648, 23.00680946461006], [72.5561291421201, 23.006811942391757], [72.55613040258206, 23.00681359316009], [72.55613171538279, 23.00681520772307], [72.55613308547835, 23.00681678164338], [72.55613451195883, 23.006818311295888], [72.55613599193192, 23.006819794830406], [72.55613752248908, 23.006821231299217], [72.55613910364654, 23.006822619799845], [72.5561407345107, 23.006823955804617], [72.5561424101743, 23.00682524104329], [72.55614413066989, 23.006826473710834], [72.5562497850468, 23.00688299535951]]]}}, {"type": "Feature", "properties": {"objectid": 692, "name_of_park": "Ramniklal Garden", "zone_id": 5, "ward_id": 30, "village_division": "Paldi", "road_name": "V.S. Road , Paldi", "contact_person": "Kanu Bhai", "maintained_by": "Mother Dairy", "garden_area": 1984.56681876, "plot_area": 0, "structure_type": "Store Room", "no_of_trees": 15, "variety_of_trees": 5, "variety_of_shurbs": 5, "internal_walk_way": 1, "walkway_length": 130, "boundary_wall_details": "Chainlinked Wall", "shopping_area": 2, "no_of_shops": 0, "tp_no": "3-Ellisebridge", "survey_no_fp_no": "798", "statues": 2, "no_of_statues": 0, "bird_feeder": 2, "no_of_bird_feeders": 0, "phone_number": "9725609844", "play_apparatus": 1, "play_apparatus_type": "Childern Play", "no_of_play_apparatus": 4, "maintenance_trust_details": "Amul Fed", "no_of_benches": 22, "rent_on_shops": 2, "urinal_facilities": 2, "rest_hut": 2, "no_of_rest_huts": 0, "water_connection": 1, "water_connection_size": 0.5, "sewage_connection": 2, "no_of_water_bodies": 0, "total_area_of_water_bodies": 0, "fountain": 2, "no_of_fountains": 0, "no_of_light_poles": 31, "music_system": 2, "no_of_entry_gates": "1", "water_tank": 1, "water_tank_capacity": 3000, "drinking_water_facility": 2, "remarks": "", "address": "Ashram Road , Paldi , Ahmedabad , Gujarat", "ward": "30_PALDI", "zone": "WEST ZONE", "source_of_water2": "A.M.C. Supply , Tanker", "st_length(shape)": 183.43755383638387}, "geometry": {"type": "Polygon", "coordinates": [[[72.566025563178, 23.016538260293714], [72.5659595076768, 23.016459345570812], [72.56586403216048, 23.016515758887568], [72.56576891615592, 23.016572188505368], [72.5656741539916, 23.016628624407076], [72.56573946770678, 23.016709248514395], [72.56580530729352, 23.01678986624603], [72.56587163566957, 23.016870478836463], [72.56593804269426, 23.016951115183215], [72.56600442878576, 23.017031780976374], [72.56601386999722, 23.0170422431177], [72.56610710873197, 23.016979463273096], [72.56620059362332, 23.016916657362124], [72.56629434994046, 23.016853830286895], [72.56622659482167, 23.016774935553283], [72.56615908735448, 23.016696049119105], [72.56609208520305, 23.016617160504136], [72.566025563178, 23.016538260293714]]]}}, {"type": "Feature", "properties": {"objectid": 715, "name_of_park": "A.M.C. Garden", "zone_id": 2, "ward_id": 12, "village_division": "Naroda", "road_name": "Dharamnath Road", "contact_person": "Mahesh Bhai", "maintained_by": "Mother Dairy", "garden_area": 8439.18744783, "plot_area": 0, "structure_type": "Garden", "no_of_trees": 300, "variety_of_trees": 3, "variety_of_shurbs": 2, "internal_walk_way": 1, "walkway_length": 300, "boundary_wall_details": "Compouind Wall", "shopping_area": 2, "no_of_shops": 0, "tp_no": "2-Naroda", "survey_no_fp_no": "156", "statues": 2, "no_of_statues": 0, "bird_feeder": 2, "no_of_bird_feeders": 0, "phone_number": "9662902219", "play_apparatus": 1, "play_apparatus_type": "Children Play, GYM Equipment", "no_of_play_apparatus": 22, "maintenance_trust_details": "Amul Fed", "no_of_benches": 15, "rent_on_shops": 1, "urinal_facilities": 1, "rest_hut": 1, "no_of_rest_huts": 1, "water_connection": 1, "water_connection_size": 1, "sewage_connection": 1, "no_of_water_bodies": 0, "total_area_of_water_bodies": 0, "fountain": 2, "no_of_fountains": 0, "no_of_light_poles": 11, "music_system": 2, "no_of_entry_gates": "0", "water_tank": 1, "water_tank_capacity": 10000, "drinking_water_facility": 1, "remarks": "", "address": "Opp. Satyam School , Dharamnath Road , Naroda , Gujarat", "ward": "12_NARODA", "zone": "NORTH ZONE", "road_id": "", "st_length(shape)": 391.91410212426035}, "geometry": {"type": "Polygon", "coordinates": [[[72.66092795737376, 23.06661668855819], [72.6608771099422, 23.066272918475118], [72.66086230767058, 23.066260113169406], [72.66078983299055, 23.06621611659575], [72.65991351384041, 23.06616587297919], [72.65977831252513, 23.066159184350607], [72.65976992217482, 23.0661667041471], [72.65976837676527, 23.066196300691075], [72.65976480631858, 23.066402631405364], [72.65975738185818, 23.066413987111453], [72.65962952030678, 23.066409901552237], [72.65962123228115, 23.066411450757506], [72.65961806084445, 23.066415703857892], [72.65961294954552, 23.066671702457214], [72.65960961953114, 23.066754295568998], [72.65961185626338, 23.066759344730766], [72.65962075605107, 23.066759882863757], [72.6596953647167, 23.06676439643131], [72.6601453429303, 23.06678950461141], [72.66086983166278, 23.066813133731273], [72.66090392400804, 23.06681220584019], [72.66092725054109, 23.066806818421096], [72.66094448307584, 23.066795607899035], [72.66094614293597, 23.06675932408934], [72.66092795737376, 23.06661668855819]]]}}, {"type": "Feature", "properties": {"objectid": 716, "name_of_park": "A.M.C. Garden", "zone_id": 2, "ward_id": 12, "village_division": "Naroda", "road_name": "Naroda Dehgam GEB Road", "contact_person": "A.M.C.", "maintained_by": "A.M.C.", "garden_area": 2390.39507018, "plot_area": 1137, "structure_type": "Public Park", "no_of_trees": 67, "variety_of_trees": 7, "variety_of_shurbs": 7, "internal_walk_way": 1, "walkway_length": 141, "boundary_wall_details": "Compouind Wall", "shopping_area": 2, "no_of_shops": 0, "tp_no": "121-Naroda-Hanspura", "survey_no_fp_no": "172", "statues": 2, "no_of_statues": 0, "bird_feeder": 2, "no_of_bird_feeders": 0, "phone_number": "155303", "play_apparatus": 1, "play_apparatus_type": "Children Play, GYM Equipment", "no_of_play_apparatus": 5, "maintenance_trust_details": "A.M.C.", "no_of_benches": 3, "rent_on_shops": 2, "urinal_facilities": 1, "rest_hut": 1, "no_of_rest_huts": 1, "water_connection": 1, "water_connection_size": 1, "sewage_connection": 1, "no_of_water_bodies": 0, "total_area_of_water_bodies": 0, "fountain": 2, "no_of_fountains": 0, "no_of_light_poles": 9, "music_system": 2, "no_of_entry_gates": "1", "water_tank": 1, "water_tank_capacity": 25000, "drinking_water_facility": 1, "remarks": "", "address": "AMC Garden , BH. Swaminarayan Temple , Opp. JIvan Pran , Dehgam GEB Road , Naroda , Ahmedabad , Gujarat", "ward": "12_NARODA", "zone": "NORTH ZONE", "road_id": "", "st_length(shape)": 214.4556451926751}, "geometry": {"type": "Polygon", "coordinates": [[[72.67300476271646, 23.07214489074124], [72.67300221686995, 23.072144898369608], [72.67299967056972, 23.072144989050404], [72.67299713067534, 23.07214516107907], [72.67299459915333, 23.072145413581776], [72.67299207694808, 23.07214574837803], [72.67298956997473, 23.072146161943774], [72.67298708012213, 23.07214665791808], [72.6729846084279, 23.072147232704953], [72.67298216172051, 23.07214788640505], [72.67297974100653, 23.072148617227544], [72.67297734822141, 23.0721494261038], [72.6729749872982, 23.07215031128611], [72.67297266216995, 23.072151271026783], [72.67297037285219, 23.072152304423273], [72.67296812518236, 23.072153412464377], [72.67296592021366, 23.07215459065155], [72.67296376088805, 23.072155838125337], [72.67296164915655, 23.072157154914468], [72.67295958797675, 23.072158539256886], [72.67295758033723, 23.072159987585387], [72.672955628189, 23.0721614999287], [72.67295373450516, 23.072163073622185], [72.6729519012522, 23.072164707792023], [72.67295013044333, 23.072166398856613], [72.67294842406054, 23.072168145039505], [72.67294678501479, 23.072169947286415], [72.6729452134304, 23.072171798376658], [72.67294371415375, 23.072173700187296], [72.67294228531155, 23.072175648176607], [72.67294093181233, 23.072177640611294], [72.67293965466268, 23.072179675700564], [72.67293845390921, 23.072181750736682], [72.67293733254053, 23.072183862152382], [72.6729362915632, 23.07218600815688], [72.67293533102387, 23.07218818604242], [72.6729344529201, 23.072190393129976], [72.67293365921846, 23.07219262854571], [72.67286003485707, 23.072412667865887], [72.67363140618153, 23.072497135674876], [72.67366774776211, 23.072217119684048], [72.67301238308781, 23.072145355124004], [72.67300984923962, 23.072145119168738], [72.67300730815587, 23.072144963457514], [72.67300476271646, 23.07214489074124]]]}}, {"type": "Feature", "properties": {"objectid": 717, "name_of_park": "A.M.C. Garden", "zone_id": 2, "ward_id": 12, "village_division": "Naroda", "road_name": "Haridarshan Road", "contact_person": "A.M.C.", "maintained_by": "A.M.C.", "garden_area": 834.70440059, "plot_area": 475, "structure_type": "Public Park", "no_of_trees": 28, "variety_of_trees": 3, "variety_of_shurbs": 7, "internal_walk_way": 1, "walkway_length": 91.6, "boundary_wall_details": "Compouind Wall", "shopping_area": 2, "no_of_shops": 0, "tp_no": "2-Naroda", "survey_no_fp_no": "7", "statues": 2, "no_of_statues": 0, "bird_feeder": 2, "no_of_bird_feeders": 0, "phone_number": "155303", "play_apparatus": 2, "play_apparatus_type": "", "no_of_play_apparatus": 0, "maintenance_trust_details": "A.M.C.", "no_of_benches": 2, "rent_on_shops": 2, "urinal_facilities": 2, "rest_hut": 1, "no_of_rest_huts": 1, "water_connection": 1, "water_connection_size": 0.5, "sewage_connection": 2, "no_of_water_bodies": 0, "total_area_of_water_bodies": 0, "fountain": 2, "no_of_fountains": 0, "no_of_light_poles": 4, "music_system": 2, "no_of_entry_gates": "2", "water_tank": 2, "water_tank_capacity": 0, "drinking_water_facility": 2, "remarks": "", "address": "Nr. Taksashila Residency , Opp. Naroda Smashan , Haridarshan Road , Naroda , Ahmedabad , Gujarat", "ward": "12_NARODA", "zone": "NORTH ZONE", "road_id": "", "st_length(shape)": 123.50845010102485}, "geometry": {"type": "Polygon", "coordinates": [[[72.66547706174943, 23.07680306798007], [72.66547608155638, 23.076802984874327], [72.66547509984221, 23.076802933344556], [72.66547411566256, 23.076802911571146], [72.6654731299774, 23.07680292047111], [72.6654721437622, 23.07680296005889], [72.665471159928, 23.076803031280306], [72.66547017852155, 23.076803131427646], [72.66546920048715, 23.07680326232048], [72.6654682277759, 23.076803423987638], [72.66546726040339, 23.076803615526558], [72.66546629934511, 23.07680383695167], [72.66546534754325, 23.07680408740364], [72.66546440595772, 23.076804367799475], [72.6654634736442, 23.07680467631961], [72.66546255348246, 23.076805015715045], [72.66546164457496, 23.07680538145843], [72.66546075082378, 23.07680577360749], [72.66545987119105, 23.076806195758103], [72.66545900770572, 23.076806643426213], [72.66545816035226, 23.076807117514424], [72.6654573320884, 23.076807616260794], [72.6654565219074, 23.076808141456098], [72.66545573279824, 23.076808689533284], [72.66545496276308, 23.07680926317123], [72.66545421575078, 23.076809859719887], [72.66545349081703, 23.07681047735968], [72.66545278890614, 23.076811117910182], [72.66545211004927, 23.07681177956624], [72.66545145817973, 23.076812460580353], [72.66545083134648, 23.07681316092372], [72.66545023150054, 23.076813880625167], [72.66544965867311, 23.076814617879503], [72.6654491148464, 23.07681537091045], [72.66544859805377, 23.076816140591717], [72.66544811027748, 23.076816925147003], [72.66544765348411, 23.07681772370258], [72.66544722476273, 23.076818535312558], [72.66544682899094, 23.07681936004909], [72.66537577865213, 23.076974176610303], [72.66555625988723, 23.077030283424328], [72.66553756093872, 23.07708577463671], [72.66568840292908, 23.077135455650154], [72.66574958136029, 23.07687377506018], [72.66548495673227, 23.076804932551624], [72.66548411606541, 23.076804623999898], [72.66548326226469, 23.07680434143557], [72.66548240122998, 23.07680408223741], [72.66548152902804, 23.076803848152906], [72.66548064855424, 23.07680364103051], [72.66547976179082, 23.07680345909387], [72.6654788658268, 23.07680330139715], [72.66547796547742, 23.076803171622796], [72.66547706174943, 23.07680306798007]]]}}, {"type": "Feature", "properties": {"objectid": 718, "name_of_park": "A.M.C. Garden", "zone_id": 2, "ward_id": 12, "village_division": "Naroda", "road_name": "Aakashganga Society Road", "contact_person": "Mahesh Bhai", "maintained_by": "Mother Dairy", "garden_area": 1826.35060461, "plot_area": 1200, "structure_type": "Garden", "no_of_trees": 65, "variety_of_trees": 2, "variety_of_shurbs": 2, "internal_walk_way": 1, "walkway_length": 320, "boundary_wall_details": "Compouind Wall", "shopping_area": 2, "no_of_shops": 0, "tp_no": "2-Naroda", "survey_no_fp_no": "124", "statues": 2, "no_of_statues": 0, "bird_feeder": 2, "no_of_bird_feeders": 0, "phone_number": "9662902219", "play_apparatus": 1, "play_apparatus_type": "Children Play, GYM Equipment", "no_of_play_apparatus": 8, "maintenance_trust_details": "Amul Fed", "no_of_benches": 4, "rent_on_shops": 2, "urinal_facilities": 2, "rest_hut": 2, "no_of_rest_huts": 0, "water_connection": 1, "water_connection_size": 1, "sewage_connection": 2, "no_of_water_bodies": 0, "total_area_of_water_bodies": 0, "fountain": 2, "no_of_fountains": 0, "no_of_light_poles": 6, "music_system": 2, "no_of_entry_gates": "1", "water_tank": 2, "water_tank_capacity": 0, "drinking_water_facility": 2, "remarks": "", "address": "Nr. Aakashganga Society , Navyug School Road , Naroda , Ahmedabad , Gujarat", "ward": "12_NARODA", "zone": "NORTH ZONE", "road_id": "", "st_length(shape)": 172.04438958617644}, "geometry": {"type": "Polygon", "coordinates": [[[72.65678064465136, 23.063952131009952], [72.6567801999128, 23.063949981141047], [72.6567796739168, 23.063947847220188], [72.65677906757627, 23.063945732872178], [72.65677838281074, 23.06394363993111], [72.65677761957333, 23.06394157110471], [72.65677677975236, 23.06393953003223], [72.65677586336346, 23.063937515811098], [72.65677487032846, 23.063935532954197], [72.65677380447086, 23.063933586032295], [72.65677266583758, 23.063931672337677], [72.65677145527896, 23.063929799105388], [72.65677017474586, 23.06392796636442], [72.65676882615783, 23.06392617594883], [72.65676741141885, 23.06392443059531], [72.65676593048198, 23.063922733011584], [72.65676438723331, 23.063921084158093], [72.65676278162591, 23.06391948674261], [72.6567611175615, 23.063917940822968], [72.65675939590605, 23.063916452731693], [72.65675761672209, 23.063915018858488], [72.65675578771922, 23.06391364473456], [72.65675390595551, 23.06391233121908], [72.6567519753483, 23.06391107746734], [72.65674999677921, 23.063909888909286], [72.65674797514099, 23.063908764714693], [72.6567459123532, 23.06390770671763], [72.65674381134217, 23.06390671496152], [72.65674167206092, 23.063905792154085], [72.65673949937099, 23.063904939270255], [72.6567372942165, 23.06390415812965], [72.65673506152147, 23.063903446096898], [72.65673280119212, 23.06390280858745], [72.65673052010331, 23.063902242994846], [72.65672821724834, 23.0639017511098], [72.65672589649763, 23.063901334795315], [72.65672355980205, 23.06390099408035], [72.6567212111102, 23.06390072631505], [72.65671885325449, 23.063900536958265], [72.65671648826401, 23.063900421526064], [72.65644532803013, 23.063895879806434], [72.65643053062635, 23.064367424656652], [72.65677520597127, 23.064378069392987], [72.6567816410527, 23.063963887742034], [72.65678164005692, 23.063961917794995], [72.65678157366068, 23.063959949586266], [72.65678144085732, 23.06395798490654], [72.65678124064009, 23.063956025546492], [72.65678097590401, 23.063954073354697], [72.65678064465136, 23.063952131009952]]]}}, {"type": "Feature", "properties": {"objectid": 719, "name_of_park": "A.M.C. Garden", "zone_id": 2, "ward_id": 12, "village_division": "Naroda", "road_name": "Gayatri School Road", "contact_person": "A.M.C.", "maintained_by": "A.M.C.", "garden_area": 8823.38285491, "plot_area": 330, "structure_type": "Garden", "no_of_trees": 160, "variety_of_trees": 15, "variety_of_shurbs": 2, "internal_walk_way": 1, "walkway_length": 612, "boundary_wall_details": "Compouind Wall", "shopping_area": 2, "no_of_shops": 0, "tp_no": "1-Naroda", "survey_no_fp_no": "297", "statues": 2, "no_of_statues": 0, "bird_feeder": 2, "no_of_bird_feeders": 0, "phone_number": "155303", "play_apparatus": 1, "play_apparatus_type": "Children Play, GYM Equipment", "no_of_play_apparatus": 6, "maintenance_trust_details": "A.M.C.", "no_of_benches": 6, "rent_on_shops": 2, "urinal_facilities": 1, "rest_hut": 1, "no_of_rest_huts": 1, "water_connection": 1, "water_connection_size": 1, "sewage_connection": 1, "no_of_water_bodies": 0, "total_area_of_water_bodies": 0, "fountain": 2, "no_of_fountains": 0, "no_of_light_poles": 19, "music_system": 2, "no_of_entry_gates": "1", "water_tank": 1, "water_tank_capacity": 25000, "drinking_water_facility": 1, "remarks": "", "address": "Opp. Gayatri School , Nr. Pumping Station , Naroda , Ahmedabad , Gujarat", "ward": "12_NARODA", "zone": "NORTH ZONE", "road_id": "", "st_length(shape)": 400.4393477416917}, "geometry": {"type": "Polygon", "coordinates": [[[72.65279155857108, 23.0666738455225], [72.65241118102715, 23.066480790373525], [72.6524693578361, 23.06634183530167], [72.65205796907289, 23.066125813297766], [72.65184140050164, 23.066018232963945], [72.65149839950703, 23.06666073295192], [72.65228006601023, 23.067051891838638], [72.65256526114966, 23.067193879278598], [72.65279155857108, 23.0666738455225]]]}}, {"type": "Feature", "properties": {"objectid": 720, "name_of_park": "A.M.C. Garden", "zone_id": 2, "ward_id": 12, "village_division": "Naroda", "road_name": "Haridarshan Cross Road", "contact_person": "A.M.C.", "maintained_by": "A.M.C.", "garden_area": 899.71066973, "plot_area": 878, "structure_type": "Garden", "no_of_trees": 31, "variety_of_trees": 5, "variety_of_shurbs": 6, "internal_walk_way": 1, "walkway_length": 93, "boundary_wall_details": "Compouind Wall", "shopping_area": 2, "no_of_shops": 0, "survey_no_fp_no": "595/2", "statues": 2, "no_of_statues": 0, "bird_feeder": 2, "no_of_bird_feeders": 0, "phone_number": "155303", "play_apparatus": 1, "play_apparatus_type": "Children Play", "maintenance_trust_details": "A.M.C.", "no_of_benches": 5, "rent_on_shops": 2, "urinal_facilities": 1, "rest_hut": 1, "no_of_rest_huts": 1, "water_connection": 1, "water_connection_size": 1, "sewage_connection": 1, "no_of_water_bodies": 0, "total_area_of_water_bodies": 0, "fountain": 2, "no_of_fountains": 0, "no_of_light_poles": 5, "music_system": 2, "no_of_entry_gates": "1", "water_tank": 1, "water_tank_capacity": 20000, "drinking_water_facility": 1, "address": "Sejal Park Society , Haridarshan Cross Road , Naroda , Ahmedabad , Gujarat", "ward": "12_NARODA", "zone": "NORTH ZONE", "st_length(shape)": 122.26254854886825}, "geometry": {"type": "Polygon", "coordinates": [[[72.6698499111622, 23.075784196133295], [72.67019176350912, 23.07587038446158], [72.6702586062211, 23.075658266537815], [72.66991557266057, 23.075567721123132], [72.6698499111622, 23.075784196133295]]]}}]}