{
"type": "FeatureCollection",
"name": "ahmedabad_aoi",
"crs": { "type": "name", "properties": { "name": "urn:ogc:def:crs:OGC:1.3:CRS84" } },
"features": [
{ "type": "Feature", "properties": { "Name": "48 RAMOL HATHIJAN" }, "geometry": { "type": "Polygon", "coordinates": [ [ [ 72.6061837, 22.9304767, 0.0 ], [ 72.6053007, 22.9320307, 0.0 ], [ 72.6049647, 22.9325677, 0.0 ], [ 72.6046437, 22.9330937, 0.0 ], [ 72.6032737, 22.9330137, 0.0 ], [ 72.6031637, 22.9330147, 0.0 ], [ 72.6019747, 22.9322607, 0.0 ], [ 72.6017137, 22.9322557, 0.0 ], [ 72.6013227, 22.9322487, 0.0 ], [ 72.6007327, 22.9323107, 0.0 ], [ 72.6002367, 22.9324327, 0.0 ], [ 72.5998067, 22.9323017, 0.0 ], [ 72.5998047, 22.9320667, 0.0 ], [ 72.5997547, 22.9317887, 0.0 ], [ 72.5996267, 22.9311727, 0.0 ], [ 72.5994237, 22.9302497, 0.0 ], [ 72.5992977, 22.9302597, 0.0 ], [ 72.5992737, 22.9300177, 0.0 ], [ 72.5991697, 22.9295037, 0.0 ], [ 72.5992237, 22.9294997, 0.0 ], [ 72.5990787, 22.9286057, 0.0 ], [ 72.5995907, 22.9285407, 0.0 ], [ 72.5995227, 22.9277377, 0.0 ], [ 72.5992187, 22.9277997, 0.0 ], [ 72.5991647, 22.9275647, 0.0 ], [ 72.5990797, 22.9270867, 0.0 ], [ 72.5994357, 22.9269517, 0.0 ], [ 72.5993627, 22.9265687, 0.0 ], [ 72.5991937, 22.9258397, 0.0 ], [ 72.5992917, 22.9254607, 0.0 ], [ 72.5992647, 22.9251667, 0.0 ], [ 72.5991907, 22.9244357, 0.0 ], [ 72.5991467, 22.9237327, 0.0 ], [ 72.5989347, 22.9237437, 0.0 ], [ 72.5988957, 22.9227877, 0.0 ], [ 72.5986287, 22.9227637, 0.0 ], [ 72.5984617, 22.9227487, 0.0 ], [ 72.5977627, 22.9227317, 0.0 ], [ 72.5973877, 22.9227277, 0.0 ], [ 72.5971077, 22.9227037, 0.0 ], [ 72.596801700000015, 22.9227367, 0.0 ], [ 72.5962947, 22.9223317, 0.0 ], [ 72.5961977, 22.9223487, 0.0 ], [ 72.5957507, 22.9222297, 0.0 ], [ 72.5956517, 22.9219177, 0.0 ], [ 72.5950217, 22.9219097, 0.0 ], [ 72.5949057, 22.9214727, 0.0 ], [ 72.5946167, 22.9215187, 0.0 ], [ 72.5946587, 22.9219797, 0.0 ], [ 72.5944767, 22.9219657, 0.0 ], [ 72.5943297, 22.9219927, 0.0 ], [ 72.5942777, 22.9220527, 0.0 ], [ 72.5943837, 22.9221377, 0.0 ], [ 72.5938707, 22.9221367, 0.0 ], [ 72.5933027, 22.9221187, 0.0 ], [ 72.5929147, 22.9222177, 0.0 ], [ 72.5924377, 22.9222667, 0.0 ], [ 72.5921297, 22.9222697, 0.0 ], [ 72.5918487, 22.9222937, 0.0 ], [ 72.5918637, 22.9226357, 0.0 ], [ 72.5910277, 22.9226297, 0.0 ], [ 72.5910267, 22.9229477, 0.0 ], [ 72.5910207, 22.9240007, 0.0 ], [ 72.5910917, 22.9244147, 0.0 ], [ 72.5912127, 22.9250847, 0.0 ], [ 72.5912837, 22.9254017, 0.0 ], [ 72.5913427, 22.9257077, 0.0 ], [ 72.5914667, 22.9263887, 0.0 ], [ 72.5916257, 22.9271877, 0.0 ], [ 72.5916527, 22.9273827, 0.0 ], [ 72.5917447, 22.9279697, 0.0 ], [ 72.5917707, 22.9287717, 0.0 ], [ 72.5918777, 22.9291267, 0.0 ], [ 72.5919557, 22.9297047, 0.0 ], [ 72.5918867, 22.9304347, 0.0 ], [ 72.5918237, 22.9307717, 0.0 ], [ 72.5918567, 22.9307737, 0.0 ], [ 72.5918277, 22.9309297, 0.0 ], [ 72.5918087, 22.9312587, 0.0 ], [ 72.5919087, 22.9313917, 0.0 ], [ 72.5920167, 22.9316537, 0.0 ], [ 72.5922817, 22.9318377, 0.0 ], [ 72.5924527, 22.9318727, 0.0 ], [ 72.5925427, 22.9318877, 0.0 ], [ 72.5925587, 22.9318887, 0.0 ], [ 72.5925337, 22.9322217, 0.0 ], [ 72.5926117, 22.9325197, 0.0 ], [ 72.591818700000019, 22.9324827, 0.0 ], [ 72.5912957, 22.9324187, 0.0 ], [ 72.591302700000014, 22.9320757, 0.0 ], [ 72.5912597, 22.9320257, 0.0 ], [ 72.5904817, 22.9319527, 0.0 ], [ 72.5903717, 22.9319747, 0.0 ], [ 72.5897597, 22.9318867, 0.0 ], [ 72.5897247, 22.9318667, 0.0 ], [ 72.5895537, 22.9318427, 0.0 ], [ 72.5895507, 22.9316137, 0.0 ], [ 72.5895467, 22.9312317, 0.0 ], [ 72.5888077, 22.9309517, 0.0 ], [ 72.5886217, 22.9307937, 0.0 ], [ 72.5883267, 22.9305747, 0.0 ], [ 72.5881537, 22.9305337, 0.0 ], [ 72.5876987, 22.9304807, 0.0 ], [ 72.58817670000002, 22.9297617, 0.0 ], [ 72.5876387, 22.9293797, 0.0 ], [ 72.5873977, 22.9291927, 0.0 ], [ 72.5869447, 22.9290017, 0.0 ], [ 72.5862107, 22.9270977, 0.0 ], [ 72.5852907, 22.9267527, 0.0 ], [ 72.5834977, 22.9255367, 0.0 ], [ 72.5830047, 22.9251897, 0.0 ], [ 72.5824917, 22.9249437, 0.0 ], [ 72.5818997, 22.9247407, 0.0 ], [ 72.5814107, 22.9245877, 0.0 ], [ 72.5806117, 22.9241517, 0.0 ], [ 72.5802687, 22.9239017, 0.0 ], [ 72.5796737, 22.9235767, 0.0 ], [ 72.5787757, 22.9232767, 0.0 ], [ 72.5773157, 22.9227467, 0.0 ], [ 72.577135700000014, 22.9227287, 0.0 ], [ 72.5769037, 22.9229777, 0.0 ], [ 72.5764547, 22.9229457, 0.0 ], [ 72.5741127, 22.9211747, 0.0 ], [ 72.5739617, 22.9209337, 0.0 ], [ 72.5738987, 22.9200617, 0.0 ], [ 72.5738127, 22.9195837, 0.0 ], [ 72.5735827, 22.9185407, 0.0 ], [ 72.5734847, 22.9178317, 0.0 ], [ 72.5733337, 22.9178027, 0.0 ], [ 72.573012700000021, 22.9178437, 0.0 ], [ 72.5727097, 22.9175077, 0.0 ], [ 72.5724607, 22.9170007, 0.0 ], [ 72.5720997, 22.9161267, 0.0 ], [ 72.5717757, 22.9149427, 0.0 ], [ 72.5709917, 22.9148937, 0.0 ], [ 72.5705667, 22.9148457, 0.0 ], [ 72.5703277, 22.9144747, 0.0 ], [ 72.569986700000015, 22.9142157, 0.0 ], [ 72.5690297, 22.9143247, 0.0 ], [ 72.5685837, 22.9141277, 0.0 ], [ 72.5681227, 22.9140527, 0.0 ], [ 72.5674997, 22.9139487, 0.0 ], [ 72.5670297, 22.9142407, 0.0 ], [ 72.5670147, 22.9150747, 0.0 ], [ 72.5643438, 22.9161767, 0.0 ], [ 72.5633418, 22.9156227, 0.0 ], [ 72.5602438, 22.9143907, 0.0 ], [ 72.5594638, 22.9152107, 0.0 ], [ 72.5572198, 22.9178767, 0.0 ], [ 72.5564548, 22.9181387, 0.0 ], [ 72.5548648, 22.9185917, 0.0 ], [ 72.5535298, 22.9191227, 0.0 ], [ 72.5519958, 22.9200057, 0.0 ], [ 72.5509958, 22.9205907, 0.0 ], [ 72.5489118, 22.9217447, 0.0 ], [ 72.5476868, 22.9223237, 0.0 ], [ 72.5448268, 22.9215347, 0.0 ], [ 72.5428758, 22.9208467, 0.0 ], [ 72.5427418, 22.9207487, 0.0 ], [ 72.5420578, 22.9202467, 0.0 ], [ 72.5403878, 22.9190497, 0.0 ], [ 72.5397518, 22.9197587, 0.0 ], [ 72.5388158, 22.9192817, 0.0 ], [ 72.5381238, 22.9196777, 0.0 ], [ 72.5365448, 22.9207097, 0.0 ], [ 72.535039800000021, 22.9219457, 0.0 ], [ 72.5342838, 22.9228467, 0.0 ], [ 72.533784800000021, 22.9238227, 0.0 ], [ 72.5335018, 22.9242307, 0.0 ], [ 72.5312448, 22.9250067, 0.0 ], [ 72.531658630201932, 22.925384591379579, 0.0 ], [ 72.529134, 22.926252, 0.0 ], [ 72.52837, 22.925818, 0.0 ], [ 72.527341, 22.925213, 0.0 ], [ 72.526636, 22.924718, 0.0 ], [ 72.525625, 22.924367, 0.0 ], [ 72.524396, 22.923848, 0.0 ], [ 72.52373, 22.923561, 0.0 ], [ 72.522707, 22.922724, 0.0 ], [ 72.521695, 22.922052, 0.0 ], [ 72.520183, 22.921841, 0.0 ], [ 72.518318, 22.921312, 0.0 ], [ 72.517496, 22.920956, 0.0 ], [ 72.516514, 22.920574, 0.0 ], [ 72.515241, 22.919872, 0.0 ], [ 72.513825, 22.919277, 0.0 ], [ 72.51258, 22.918798, 0.0 ], [ 72.511218, 22.918556, 0.0 ], [ 72.509414, 22.918361, 0.0 ], [ 72.507578, 22.918088, 0.0 ], [ 72.506894, 22.918039, 0.0 ], [ 72.506817, 22.919359, 0.0 ], [ 72.506821, 22.919803, 0.0 ], [ 72.506822, 22.919887, 0.0 ], [ 72.506777, 22.920108, 0.0 ], [ 72.506257, 22.920142, 0.0 ], [ 72.505798, 22.919946, 0.0 ], [ 72.505584, 22.919992, 0.0 ], [ 72.505471, 22.920524, 0.0 ], [ 72.505322, 22.920808, 0.0 ], [ 72.505356, 22.921176, 0.0 ], [ 72.505325, 22.921513, 0.0 ], [ 72.50531, 22.92168, 0.0 ], [ 72.505262, 22.921858, 0.0 ], [ 72.505128, 22.92236, 0.0 ], [ 72.504975, 22.922929, 0.0 ], [ 72.505065, 22.923078, 0.0 ], [ 72.505166, 22.923243, 0.0 ], [ 72.505091, 22.923651, 0.0 ], [ 72.505054, 22.923851, 0.0 ], [ 72.505012, 22.924077, 0.0 ], [ 72.504972, 22.924236, 0.0 ], [ 72.504878, 22.924613, 0.0 ], [ 72.504713, 22.925265, 0.0 ], [ 72.504634, 22.925575, 0.0 ], [ 72.504508, 22.926101, 0.0 ], [ 72.504413, 22.926493, 0.0 ], [ 72.50447, 22.926847, 0.0 ], [ 72.50347, 22.927235, 0.0 ], [ 72.503304, 22.92715, 0.0 ], [ 72.502835, 22.927238, 0.0 ], [ 72.502641, 22.927274, 0.0 ], [ 72.502263, 22.92733, 0.0 ], [ 72.502058, 22.927359, 0.0 ], [ 72.501922, 22.927379, 0.0 ], [ 72.501863, 22.927388, 0.0 ], [ 72.501545, 22.927434, 0.0 ], [ 72.5013, 22.92747, 0.0 ], [ 72.501213, 22.927527, 0.0 ], [ 72.501234, 22.927832, 0.0 ], [ 72.500961, 22.927996, 0.0 ], [ 72.500886, 22.92804, 0.0 ], [ 72.500826, 22.928077, 0.0 ], [ 72.500825, 22.928077, 0.0 ], [ 72.500415, 22.928241, 0.0 ], [ 72.499979, 22.928607, 0.0 ], [ 72.499377, 22.929154, 0.0 ], [ 72.499155, 22.929188, 0.0 ], [ 72.498461, 22.929297, 0.0 ], [ 72.496892, 22.929125, 0.0 ], [ 72.49671, 22.929205, 0.0 ], [ 72.496638, 22.929874, 0.0 ], [ 72.496695, 22.9308, 0.0 ], [ 72.496698, 22.931332, 0.0 ], [ 72.496778, 22.931715, 0.0 ], [ 72.496875, 22.931888, 0.0 ], [ 72.497069, 22.932221, 0.0 ], [ 72.497176, 22.932402, 0.0 ], [ 72.497354, 22.932572, 0.0 ], [ 72.497751, 22.932945, 0.0 ], [ 72.498262, 22.933378, 0.0 ], [ 72.498784, 22.933537, 0.0 ], [ 72.499165, 22.933651, 0.0 ], [ 72.499412, 22.933812, 0.0 ], [ 72.499707, 22.934006, 0.0 ], [ 72.499999, 22.934431, 0.0 ], [ 72.500263, 22.934998, 0.0 ], [ 72.500361, 22.935634, 0.0 ], [ 72.500389, 22.935817, 0.0 ], [ 72.500362, 22.936023, 0.0 ], [ 72.500352, 22.936543, 0.0 ], [ 72.500105, 22.937524, 0.0 ], [ 72.500054, 22.938095, 0.0 ], [ 72.500014, 22.93843, 0.0 ], [ 72.50035, 22.93904, 0.0 ], [ 72.500645, 22.940051, 0.0 ], [ 72.500841, 22.941109, 0.0 ], [ 72.501115, 22.941992, 0.0 ], [ 72.501326, 22.942785, 0.0 ], [ 72.501567, 22.943497, 0.0 ], [ 72.500184, 22.942579, 0.0 ], [ 72.499226, 22.942218, 0.0 ], [ 72.494777, 22.941148, 0.0 ], [ 72.493507, 22.940843, 0.0 ], [ 72.492888, 22.940656, 0.0 ], [ 72.491691, 22.940281, 0.0 ], [ 72.490441, 22.940536, 0.0 ], [ 72.490066, 22.940393, 0.0 ], [ 72.489304, 22.940661, 0.0 ], [ 72.488427, 22.940806, 0.0 ], [ 72.487942, 22.941322, 0.0 ], [ 72.487866, 22.941621, 0.0 ], [ 72.48786, 22.941854, 0.0 ], [ 72.486794, 22.942864, 0.0 ], [ 72.486329, 22.94488, 0.0 ], [ 72.486412, 22.945467, 0.0 ], [ 72.486461, 22.946718, 0.0 ], [ 72.486683, 22.947651, 0.0 ], [ 72.486853, 22.947605, 0.0 ], [ 72.486836, 22.947751, 0.0 ], [ 72.486887, 22.948076, 0.0 ], [ 72.486318, 22.948814, 0.0 ], [ 72.485966, 22.94933, 0.0 ], [ 72.485809, 22.949493, 0.0 ], [ 72.48586, 22.950661, 0.0 ], [ 72.485847, 22.951376, 0.0 ], [ 72.485832, 22.951496, 0.0 ], [ 72.485818, 22.951844, 0.0 ], [ 72.485794, 22.952207, 0.0 ], [ 72.485784, 22.952375, 0.0 ], [ 72.485763, 22.952702, 0.0 ], [ 72.48574, 22.953064, 0.0 ], [ 72.485712, 22.953502, 0.0 ], [ 72.485676, 22.953821, 0.0 ], [ 72.48662, 22.953802, 0.0 ], [ 72.486417, 22.954597, 0.0 ], [ 72.486396, 22.954931, 0.0 ], [ 72.48643, 22.955353, 0.0 ], [ 72.486462, 22.955749, 0.0 ], [ 72.486482, 22.95616, 0.0 ], [ 72.486493, 22.956557, 0.0 ], [ 72.487192, 22.956486, 0.0 ], [ 72.487346, 22.957474, 0.0 ], [ 72.487595, 22.957607, 0.0 ], [ 72.487525, 22.958421, 0.0 ], [ 72.487489, 22.958835, 0.0 ], [ 72.487584, 22.959728, 0.0 ], [ 72.485169, 22.959805, 0.0 ], [ 72.484685, 22.959512, 0.0 ], [ 72.483615, 22.959586, 0.0 ], [ 72.482857, 22.961063, 0.0 ], [ 72.483105, 22.961409, 0.0 ], [ 72.483306, 22.961396, 0.0 ], [ 72.483632, 22.961919, 0.0 ], [ 72.482561, 22.962362, 0.0 ], [ 72.48251, 22.9626, 0.0 ], [ 72.482078, 22.962609, 0.0 ], [ 72.481258, 22.962953, 0.0 ], [ 72.480942, 22.963582, 0.0 ], [ 72.4808, 22.964168, 0.0 ], [ 72.480712, 22.965911, 0.0 ], [ 72.479155, 22.965733, 0.0 ], [ 72.479088, 22.966704, 0.0 ], [ 72.47883, 22.966841, 0.0 ], [ 72.478764, 22.967788, 0.0 ], [ 72.47863, 22.968275, 0.0 ], [ 72.478083, 22.968546, 0.0 ], [ 72.478067, 22.96927, 0.0 ], [ 72.478386, 22.969659, 0.0 ], [ 72.478082, 22.970148, 0.0 ], [ 72.477944, 22.970137, 0.0 ], [ 72.477789, 22.970338, 0.0 ], [ 72.477498, 22.970316, 0.0 ], [ 72.477146, 22.970644, 0.0 ], [ 72.476765, 22.970956, 0.0 ], [ 72.476151, 22.970567, 0.0 ], [ 72.475197, 22.970292, 0.0 ], [ 72.474507, 22.970424, 0.0 ], [ 72.473783, 22.970425, 0.0 ], [ 72.4736, 22.970581, 0.0 ], [ 72.473541, 22.971088, 0.0 ], [ 72.473581, 22.971538, 0.0 ], [ 72.47372, 22.972075, 0.0 ], [ 72.473931, 22.972134, 0.0 ], [ 72.474071, 22.972657, 0.0 ], [ 72.473856, 22.97264, 0.0 ], [ 72.473856, 22.97301, 0.0 ], [ 72.473588, 22.973259, 0.0 ], [ 72.47325, 22.973959, 0.0 ], [ 72.47278, 22.97417, 0.0 ], [ 72.471997, 22.974493, 0.0 ], [ 72.471602, 22.97533, 0.0 ], [ 72.4713, 22.975434, 0.0 ], [ 72.471277, 22.975703, 0.0 ], [ 72.471006, 22.97581, 0.0 ], [ 72.471191, 22.976165, 0.0 ], [ 72.470999, 22.97625, 0.0 ], [ 72.471037, 22.976901, 0.0 ], [ 72.470837, 22.97744, 0.0 ], [ 72.470734, 22.977916, 0.0 ], [ 72.470502, 22.979547, 0.0 ], [ 72.470496, 22.979995, 0.0 ], [ 72.470647, 22.980931, 0.0 ], [ 72.470703, 22.981361, 0.0 ], [ 72.47053, 22.981576, 0.0 ], [ 72.4705, 22.982284, 0.0 ], [ 72.47064, 22.982451, 0.0 ], [ 72.470566, 22.983498, 0.0 ], [ 72.470634, 22.984168, 0.0 ], [ 72.47083, 22.984937, 0.0 ], [ 72.470968, 22.986028, 0.0 ], [ 72.470942, 22.986509, 0.0 ], [ 72.47087, 22.986987, 0.0 ], [ 72.470154, 22.987408, 0.0 ], [ 72.470086, 22.988384, 0.0 ], [ 72.469876, 22.98868, 0.0 ], [ 72.469951, 22.989233, 0.0 ], [ 72.46944, 22.989805, 0.0 ], [ 72.469346, 22.990182, 0.0 ], [ 72.468668, 22.991437, 0.0 ], [ 72.468659, 22.991721, 0.0 ], [ 72.467832, 22.99304, 0.0 ], [ 72.467479, 22.99382, 0.0 ], [ 72.465791, 22.993811, 0.0 ], [ 72.465298, 22.993594, 0.0 ], [ 72.464576, 22.993617, 0.0 ], [ 72.464968, 22.995679, 0.0 ], [ 72.465345, 22.996578, 0.0 ], [ 72.465479, 22.996748, 0.0 ], [ 72.465686, 22.997393, 0.0 ], [ 72.465677, 22.99916, 0.0 ], [ 72.465844, 23.000089, 0.0 ], [ 72.466073, 23.000593, 0.0 ], [ 72.46631, 23.001582, 0.0 ], [ 72.466034, 23.00239, 0.0 ], [ 72.466091, 23.002695, 0.0 ], [ 72.466003, 23.002848, 0.0 ], [ 72.465957, 23.003004, 0.0 ], [ 72.466832, 23.003894, 0.0 ], [ 72.467019, 23.004601, 0.0 ], [ 72.46706, 23.005088, 0.0 ], [ 72.466548, 23.005384, 0.0 ], [ 72.466631, 23.006078, 0.0 ], [ 72.466613, 23.006541, 0.0 ], [ 72.466801, 23.007125, 0.0 ], [ 72.467047, 23.007895, 0.0 ], [ 72.466938, 23.008053, 0.0 ], [ 72.467583, 23.008896, 0.0 ], [ 72.467805, 23.009714, 0.0 ], [ 72.467879, 23.010329, 0.0 ], [ 72.468229, 23.010633, 0.0 ], [ 72.468616, 23.011118, 0.0 ], [ 72.468501, 23.011594, 0.0 ], [ 72.469169, 23.011945, 0.0 ], [ 72.469435, 23.0116, 0.0 ], [ 72.470209, 23.011828, 0.0 ], [ 72.470134, 23.012312, 0.0 ], [ 72.473255, 23.013531, 0.0 ], [ 72.474171, 23.013844, 0.0 ], [ 72.475163, 23.014488, 0.0 ], [ 72.476363, 23.015244, 0.0 ], [ 72.476721, 23.015237, 0.0 ], [ 72.477139, 23.015247, 0.0 ], [ 72.478166, 23.01452, 0.0 ], [ 72.479966, 23.015461, 0.0 ], [ 72.479876, 23.015499, 0.0 ], [ 72.47924, 23.015772, 0.0 ], [ 72.478953, 23.01621, 0.0 ], [ 72.478502, 23.016325, 0.0 ], [ 72.478067, 23.016967, 0.0 ], [ 72.477547, 23.017878, 0.0 ], [ 72.477018, 23.018844, 0.0 ], [ 72.476242, 23.019451, 0.0 ], [ 72.475227, 23.020861, 0.0 ], [ 72.475082, 23.023513, 0.0 ], [ 72.474468, 23.024503, 0.0 ], [ 72.474234, 23.02505, 0.0 ], [ 72.474303, 23.025378, 0.0 ], [ 72.47438, 23.025945, 0.0 ], [ 72.474638, 23.026848, 0.0 ], [ 72.474918, 23.02763, 0.0 ], [ 72.475319, 23.029424, 0.0 ], [ 72.476519, 23.028979, 0.0 ], [ 72.476771, 23.031971, 0.0 ], [ 72.476831, 23.033413, 0.0 ], [ 72.476426, 23.035685, 0.0 ], [ 72.472689, 23.037952, 0.0 ], [ 72.472627, 23.038474, 0.0 ], [ 72.472248, 23.039743, 0.0 ], [ 72.472574, 23.040477, 0.0 ], [ 72.472515, 23.041089, 0.0 ], [ 72.471372, 23.041008, 0.0 ], [ 72.471137, 23.042594, 0.0 ], [ 72.470802, 23.043049, 0.0 ], [ 72.470169, 23.043874, 0.0 ], [ 72.469301, 23.045996, 0.0 ], [ 72.469011, 23.047674, 0.0 ], [ 72.469108, 23.048608, 0.0 ], [ 72.467246, 23.048859, 0.0 ], [ 72.466884, 23.048006, 0.0 ], [ 72.46621, 23.047149, 0.0 ], [ 72.466215, 23.046521, 0.0 ], [ 72.465868, 23.046161, 0.0 ], [ 72.464593, 23.046639, 0.0 ], [ 72.463879, 23.04624, 0.0 ], [ 72.462005, 23.046935, 0.0 ], [ 72.460805, 23.047329, 0.0 ], [ 72.460364, 23.047154, 0.0 ], [ 72.459019, 23.047326, 0.0 ], [ 72.458487, 23.047031, 0.0 ], [ 72.458154, 23.047214, 0.0 ], [ 72.457327, 23.047018, 0.0 ], [ 72.455829, 23.046779, 0.0 ], [ 72.454875, 23.046292, 0.0 ], [ 72.454007, 23.046673, 0.0 ], [ 72.452849, 23.046439, 0.0 ], [ 72.451982, 23.046582, 0.0 ], [ 72.450873, 23.047062, 0.0 ], [ 72.4498, 23.047662, 0.0 ], [ 72.449903, 23.048631, 0.0 ], [ 72.450115, 23.049371, 0.0 ], [ 72.450769, 23.0505, 0.0 ], [ 72.450912, 23.051011, 0.0 ], [ 72.450868, 23.05191, 0.0 ], [ 72.449281, 23.052317, 0.0 ], [ 72.449733, 23.05378, 0.0 ], [ 72.450183, 23.055008, 0.0 ], [ 72.450193, 23.056078, 0.0 ], [ 72.450404, 23.057338, 0.0 ], [ 72.450517, 23.059064, 0.0 ], [ 72.450594, 23.060984, 0.0 ], [ 72.452061, 23.061748, 0.0 ], [ 72.453726, 23.062259, 0.0 ], [ 72.45464, 23.063085, 0.0 ], [ 72.455878, 23.062521, 0.0 ], [ 72.456723, 23.062786, 0.0 ], [ 72.457571, 23.062693, 0.0 ], [ 72.458145, 23.06236, 0.0 ], [ 72.458641, 23.062484, 0.0 ], [ 72.460814, 23.061626, 0.0 ], [ 72.461794, 23.061145, 0.0 ], [ 72.463418, 23.060704, 0.0 ], [ 72.465292, 23.061184, 0.0 ], [ 72.46564, 23.061494, 0.0 ], [ 72.466964, 23.061661, 0.0 ], [ 72.467518, 23.061532, 0.0 ], [ 72.468621, 23.061765, 0.0 ], [ 72.468997, 23.061982, 0.0 ], [ 72.469067, 23.062458, 0.0 ], [ 72.469379, 23.062546, 0.0 ], [ 72.471348, 23.062755, 0.0 ], [ 72.471548, 23.06308, 0.0 ], [ 72.472117, 23.06329, 0.0 ], [ 72.472799, 23.063298, 0.0 ], [ 72.473205, 23.065408, 0.0 ], [ 72.473366, 23.066509, 0.0 ], [ 72.473212, 23.067305, 0.0 ], [ 72.473408, 23.068225, 0.0 ], [ 72.473623, 23.068906, 0.0 ], [ 72.474548, 23.068373, 0.0 ], [ 72.475027, 23.068379, 0.0 ], [ 72.475284, 23.068517, 0.0 ], [ 72.475502, 23.068825, 0.0 ], [ 72.475387, 23.069402, 0.0 ], [ 72.47529, 23.07002, 0.0 ], [ 72.475122, 23.070574, 0.0 ], [ 72.475139, 23.070582, 0.0 ], [ 72.47512, 23.070584, 0.0 ], [ 72.474799, 23.071644, 0.0 ], [ 72.474371, 23.0722, 0.0 ], [ 72.473291, 23.073557, 0.0 ], [ 72.472494, 23.074193, 0.0 ], [ 72.471088, 23.074862, 0.0 ], [ 72.469915, 23.075679, 0.0 ], [ 72.469074, 23.076512, 0.0 ], [ 72.468267, 23.077597, 0.0 ], [ 72.467523, 23.078797, 0.0 ], [ 72.467279, 23.079221, 0.0 ], [ 72.466762, 23.08093, 0.0 ], [ 72.465152, 23.080248, 0.0 ], [ 72.464776, 23.080878, 0.0 ], [ 72.464301, 23.080682, 0.0 ], [ 72.464283, 23.080325, 0.0 ], [ 72.463239, 23.079904, 0.0 ], [ 72.461965, 23.079121, 0.0 ], [ 72.461717, 23.079447, 0.0 ], [ 72.460961, 23.079267, 0.0 ], [ 72.460743, 23.080492, 0.0 ], [ 72.460283, 23.08129, 0.0 ], [ 72.46063, 23.082344, 0.0 ], [ 72.46051, 23.08287, 0.0 ], [ 72.460866, 23.084109, 0.0 ], [ 72.46281, 23.0832, 0.0 ], [ 72.464136, 23.083208, 0.0 ], [ 72.465603, 23.083221, 0.0 ], [ 72.465812, 23.083386, 0.0 ], [ 72.46632, 23.083363, 0.0 ], [ 72.466521, 23.084023, 0.0 ], [ 72.468461, 23.084306, 0.0 ], [ 72.470122, 23.084571, 0.0 ], [ 72.471336, 23.084801, 0.0 ], [ 72.472289, 23.085096, 0.0 ], [ 72.472602, 23.085387, 0.0 ], [ 72.473106, 23.085523, 0.0 ], [ 72.474065, 23.086268, 0.0 ], [ 72.475418, 23.087115, 0.0 ], [ 72.476132, 23.087367, 0.0 ], [ 72.476844, 23.087729, 0.0 ], [ 72.477497, 23.088263, 0.0 ], [ 72.478058, 23.088794, 0.0 ], [ 72.478386, 23.089276, 0.0 ], [ 72.478702, 23.089985, 0.0 ], [ 72.478768, 23.090565, 0.0 ], [ 72.478739, 23.091155, 0.0 ], [ 72.478712, 23.092231, 0.0 ], [ 72.479031, 23.093912, 0.0 ], [ 72.478772, 23.094613, 0.0 ], [ 72.480315, 23.09587, 0.0 ], [ 72.48196, 23.096493, 0.0 ], [ 72.482328, 23.097228, 0.0 ], [ 72.483109, 23.097494, 0.0 ], [ 72.486864, 23.098072, 0.0 ], [ 72.488808, 23.098244, 0.0 ], [ 72.491634, 23.098566, 0.0 ], [ 72.492332, 23.09894, 0.0 ], [ 72.492968, 23.099658, 0.0 ], [ 72.493745, 23.09953, 0.0 ], [ 72.495565, 23.099872, 0.0 ], [ 72.496245, 23.099877, 0.0 ], [ 72.496755, 23.099754, 0.0 ], [ 72.497087, 23.099812, 0.0 ], [ 72.497357, 23.100005, 0.0 ], [ 72.497653, 23.100217, 0.0 ], [ 72.497971, 23.100444, 0.0 ], [ 72.498248, 23.100643, 0.0 ], [ 72.498468, 23.101213, 0.0 ], [ 72.498481, 23.101592, 0.0 ], [ 72.498506, 23.101911, 0.0 ], [ 72.49844, 23.103016, 0.0 ], [ 72.498417, 23.103934, 0.0 ], [ 72.498429, 23.104177, 0.0 ], [ 72.498454, 23.104532, 0.0 ], [ 72.49897, 23.105391, 0.0 ], [ 72.499015, 23.105747, 0.0 ], [ 72.499529, 23.106591, 0.0 ], [ 72.499752, 23.107239, 0.0 ], [ 72.49987, 23.107796, 0.0 ], [ 72.499836, 23.10834, 0.0 ], [ 72.499657, 23.109084, 0.0 ], [ 72.499251, 23.110119, 0.0 ], [ 72.499316, 23.110584, 0.0 ], [ 72.499354, 23.11123, 0.0 ], [ 72.499285, 23.11175, 0.0 ], [ 72.499045, 23.112175, 0.0 ], [ 72.499005, 23.112487, 0.0 ], [ 72.498203, 23.112722, 0.0 ], [ 72.497677, 23.113153, 0.0 ], [ 72.497387, 23.113595, 0.0 ], [ 72.497282, 23.114012, 0.0 ], [ 72.497512, 23.114365, 0.0 ], [ 72.497963, 23.11479, 0.0 ], [ 72.498573, 23.115429, 0.0 ], [ 72.498875, 23.115594, 0.0 ], [ 72.498984, 23.115653, 0.0 ], [ 72.499762, 23.115857, 0.0 ], [ 72.499969, 23.115911, 0.0 ], [ 72.500073, 23.116002, 0.0 ], [ 72.500188, 23.116995, 0.0 ], [ 72.500431, 23.11831, 0.0 ], [ 72.500332, 23.119159, 0.0 ], [ 72.500228, 23.1199, 0.0 ], [ 72.500098, 23.120931, 0.0 ], [ 72.500084, 23.121044, 0.0 ], [ 72.500186, 23.121204, 0.0 ], [ 72.500361, 23.122007, 0.0 ], [ 72.500292, 23.122522, 0.0 ], [ 72.499913, 23.123323, 0.0 ], [ 72.499757, 23.12373, 0.0 ], [ 72.500421, 23.123949, 0.0 ], [ 72.500958, 23.124434, 0.0 ], [ 72.501159, 23.124927, 0.0 ], [ 72.501607, 23.125244, 0.0 ], [ 72.501959, 23.125718, 0.0 ], [ 72.502807, 23.126453, 0.0 ], [ 72.503049, 23.126768, 0.0 ], [ 72.503252, 23.127377, 0.0 ], [ 72.503455, 23.128312, 0.0 ], [ 72.503661, 23.128856, 0.0 ], [ 72.503765, 23.129481, 0.0 ], [ 72.504262, 23.129586, 0.0 ], [ 72.504978, 23.130057, 0.0 ], [ 72.505528, 23.130604, 0.0 ], [ 72.505584, 23.131397, 0.0 ], [ 72.506031, 23.131366, 0.0 ], [ 72.506579, 23.131497, 0.0 ], [ 72.506816, 23.131677, 0.0 ], [ 72.506949, 23.131814, 0.0 ], [ 72.506973, 23.132714, 0.0 ], [ 72.506994, 23.133233, 0.0 ], [ 72.506851, 23.133859, 0.0 ], [ 72.50636, 23.134531, 0.0 ], [ 72.505966, 23.134807, 0.0 ], [ 72.505947, 23.135201, 0.0 ], [ 72.505917, 23.135857, 0.0 ], [ 72.505967, 23.136912, 0.0 ], [ 72.50575, 23.136938, 0.0 ], [ 72.50566, 23.138037, 0.0 ], [ 72.506521, 23.138187, 0.0 ], [ 72.506556, 23.138294, 0.0 ], [ 72.506671, 23.138246, 0.0 ], [ 72.506774, 23.138723, 0.0 ], [ 72.506912, 23.138771, 0.0 ], [ 72.507136, 23.138867, 0.0 ], [ 72.507757, 23.138859, 0.0 ], [ 72.508814, 23.138892, 0.0 ], [ 72.50928, 23.138867, 0.0 ], [ 72.510224, 23.138785, 0.0 ], [ 72.510832, 23.13876, 0.0 ], [ 72.511136, 23.137966, 0.0 ], [ 72.511329, 23.13759, 0.0 ], [ 72.511788, 23.137522, 0.0 ], [ 72.51218, 23.137539, 0.0 ], [ 72.512738, 23.13758, 0.0 ], [ 72.513467, 23.137662, 0.0 ], [ 72.514628, 23.137623, 0.0 ], [ 72.51596, 23.137553, 0.0 ], [ 72.518183, 23.137498, 0.0 ], [ 72.518859, 23.137496, 0.0 ], [ 72.519516, 23.137591, 0.0 ], [ 72.5206, 23.137751, 0.0 ], [ 72.521797, 23.138044, 0.0 ], [ 72.523032, 23.138486, 0.0 ], [ 72.523394, 23.138594, 0.0 ], [ 72.523725, 23.138884, 0.0 ], [ 72.524188, 23.139366, 0.0 ], [ 72.524724, 23.139867, 0.0 ], [ 72.525082, 23.140332, 0.0 ], [ 72.5253, 23.140458, 0.0 ], [ 72.525745, 23.140391, 0.0 ], [ 72.526208, 23.140316, 0.0 ], [ 72.526981, 23.140211, 0.0 ], [ 72.527695, 23.140051, 0.0 ], [ 72.528703, 23.139764, 0.0 ], [ 72.529299, 23.139623, 0.0 ], [ 72.529895, 23.139476, 0.0 ], [ 72.530161, 23.138879, 0.0 ], [ 72.530364, 23.138309, 0.0 ], [ 72.530981, 23.138332, 0.0 ], [ 72.531554, 23.138274, 0.0 ], [ 72.531909, 23.138201, 0.0 ], [ 72.532164, 23.137575, 0.0 ], [ 72.532317, 23.137175, 0.0 ], [ 72.532654, 23.13587, 0.0 ], [ 72.532964, 23.134508, 0.0 ], [ 72.533147, 23.133618, 0.0 ], [ 72.533557, 23.132619, 0.0 ], [ 72.533883, 23.131824, 0.0 ], [ 72.533953, 23.131232, 0.0 ], [ 72.533796, 23.130163, 0.0 ], [ 72.534221, 23.130484, 0.0 ], [ 72.534794, 23.130991, 0.0 ], [ 72.535513, 23.131528, 0.0 ], [ 72.535824, 23.131752, 0.0 ], [ 72.536447, 23.132083, 0.0 ], [ 72.537034, 23.132374, 0.0 ], [ 72.537564, 23.131736, 0.0 ], [ 72.538132, 23.131659, 0.0 ], [ 72.538522, 23.131688, 0.0 ], [ 72.538626, 23.13159, 0.0 ], [ 72.540268, 23.131705, 0.0 ], [ 72.540763, 23.131756, 0.0 ], [ 72.540765, 23.131913, 0.0 ], [ 72.541628, 23.132434, 0.0 ], [ 72.54202, 23.132201, 0.0 ], [ 72.542411, 23.131968, 0.0 ], [ 72.542379, 23.131852, 0.0 ], [ 72.544378, 23.131462, 0.0 ], [ 72.546126, 23.131085, 0.0 ], [ 72.546176, 23.131182, 0.0 ], [ 72.546718, 23.132212, 0.0 ], [ 72.547668, 23.131764, 0.0 ], [ 72.548318, 23.131458, 0.0 ], [ 72.549087, 23.131137, 0.0 ], [ 72.549334, 23.131854, 0.0 ], [ 72.549581, 23.132569, 0.0 ], [ 72.549824, 23.133172, 0.0 ], [ 72.550107, 23.133169, 0.0 ], [ 72.550147, 23.133184, 0.0 ], [ 72.550564, 23.133343, 0.0 ], [ 72.550814, 23.133465, 0.0 ], [ 72.551081, 23.133597, 0.0 ], [ 72.551431, 23.13395, 0.0 ], [ 72.551694, 23.13432, 0.0 ], [ 72.552454, 23.134468, 0.0 ], [ 72.552741, 23.134552, 0.0 ], [ 72.552869, 23.134589, 0.0 ], [ 72.553243, 23.134697, 0.0 ], [ 72.553925, 23.135034, 0.0 ], [ 72.554093, 23.135126, 0.0 ], [ 72.554441, 23.135316, 0.0 ], [ 72.554624, 23.135355, 0.0 ], [ 72.554918, 23.135417, 0.0 ], [ 72.554966, 23.135432, 0.0 ], [ 72.555262, 23.135526, 0.0 ], [ 72.555472, 23.135593, 0.0 ], [ 72.555711, 23.135669, 0.0 ], [ 72.556518, 23.136038, 0.0 ], [ 72.556607, 23.136079, 0.0 ], [ 72.556803, 23.136229, 0.0 ], [ 72.557533, 23.136176, 0.0 ], [ 72.557395, 23.136784, 0.0 ], [ 72.557639, 23.137118, 0.0 ], [ 72.557667, 23.137166, 0.0 ], [ 72.557814, 23.137416, 0.0 ], [ 72.557823, 23.137901, 0.0 ], [ 72.558423, 23.138083, 0.0 ], [ 72.558576, 23.138135, 0.0 ], [ 72.558742, 23.137914, 0.0 ], [ 72.55884, 23.137894, 0.0 ], [ 72.558819, 23.139322, 0.0 ], [ 72.55911, 23.139332, 0.0 ], [ 72.559666, 23.139256, 0.0 ], [ 72.559944, 23.139162, 0.0 ], [ 72.56032, 23.139035, 0.0 ], [ 72.560739, 23.138821, 0.0 ], [ 72.560697, 23.138709, 0.0 ], [ 72.562154, 23.138285, 0.0 ], [ 72.563464, 23.137614, 0.0 ], [ 72.563973, 23.137232, 0.0 ], [ 72.56599, 23.13622, 0.0 ], [ 72.565916, 23.13474, 0.0 ], [ 72.566208, 23.134785, 0.0 ], [ 72.566755, 23.133849, 0.0 ], [ 72.567694, 23.133278, 0.0 ], [ 72.568267, 23.131277, 0.0 ], [ 72.568484, 23.131028, 0.0 ], [ 72.568629, 23.12874, 0.0 ], [ 72.568371, 23.12818, 0.0 ], [ 72.568458, 23.127492, 0.0 ], [ 72.567994, 23.126208, 0.0 ], [ 72.568029, 23.125332, 0.0 ], [ 72.567726, 23.124679, 0.0 ], [ 72.567504, 23.124004, 0.0 ], [ 72.567076, 23.123567, 0.0 ], [ 72.566462, 23.122707, 0.0 ], [ 72.566143, 23.12253, 0.0 ], [ 72.565859, 23.121477, 0.0 ], [ 72.565471, 23.12039, 0.0 ], [ 72.564559, 23.119259, 0.0 ], [ 72.564049, 23.117835, 0.0 ], [ 72.563546, 23.116925, 0.0 ], [ 72.563102, 23.116348, 0.0 ], [ 72.564112, 23.116042, 0.0 ], [ 72.564259, 23.116176, 0.0 ], [ 72.566497, 23.115684, 0.0 ], [ 72.567556, 23.115786, 0.0 ], [ 72.567653, 23.116088, 0.0 ], [ 72.568068, 23.116105, 0.0 ], [ 72.568561, 23.116213, 0.0 ], [ 72.568806, 23.11736, 0.0 ], [ 72.569013, 23.118012, 0.0 ], [ 72.569653, 23.11825, 0.0 ], [ 72.569679, 23.118842, 0.0 ], [ 72.569699, 23.119094, 0.0 ], [ 72.570093, 23.120306, 0.0 ], [ 72.570694, 23.121712, 0.0 ], [ 72.57082, 23.122128, 0.0 ], [ 72.57136, 23.121816, 0.0 ], [ 72.573572, 23.120648, 0.0 ], [ 72.575001, 23.119909, 0.0 ], [ 72.575485, 23.119593, 0.0 ], [ 72.576067, 23.118968, 0.0 ], [ 72.577057, 23.117739, 0.0 ], [ 72.577506, 23.117596, 0.0 ], [ 72.578116, 23.118496, 0.0 ], [ 72.578586, 23.118392, 0.0 ], [ 72.579273, 23.119576, 0.0 ], [ 72.579774, 23.120392, 0.0 ], [ 72.580215, 23.121781, 0.0 ], [ 72.580406, 23.121802, 0.0 ], [ 72.580622, 23.122713, 0.0 ], [ 72.581374, 23.124968, 0.0 ], [ 72.581707, 23.12652, 0.0 ], [ 72.581815, 23.126746, 0.0 ], [ 72.5822, 23.127471, 0.0 ], [ 72.582911, 23.12743, 0.0 ], [ 72.583111, 23.129591, 0.0 ], [ 72.583315, 23.129845, 0.0 ], [ 72.584192, 23.129448, 0.0 ], [ 72.585054, 23.129651, 0.0 ], [ 72.585433, 23.12932, 0.0 ], [ 72.587617, 23.129941, 0.0 ], [ 72.587972, 23.129247, 0.0 ], [ 72.588559, 23.129332, 0.0 ], [ 72.588914, 23.128649, 0.0 ], [ 72.589562, 23.128764, 0.0 ], [ 72.589706, 23.129021, 0.0 ], [ 72.591488, 23.129436, 0.0 ], [ 72.59163, 23.129748, 0.0 ], [ 72.595356, 23.130192, 0.0 ], [ 72.59604, 23.130091, 0.0 ], [ 72.598493, 23.131187, 0.0 ], [ 72.599165, 23.130142, 0.0 ], [ 72.601027, 23.130337, 0.0 ], [ 72.601334, 23.130179, 0.0 ], [ 72.601538, 23.130315, 0.0 ], [ 72.602769, 23.130137, 0.0 ], [ 72.603742, 23.129915, 0.0 ], [ 72.605282, 23.129614, 0.0 ], [ 72.606704, 23.129337, 0.0 ], [ 72.607495, 23.129031, 0.0 ], [ 72.608736, 23.128482, 0.0 ], [ 72.610393, 23.128176, 0.0 ], [ 72.610718, 23.127255, 0.0 ], [ 72.612616, 23.126304, 0.0 ], [ 72.612542, 23.12548, 0.0 ], [ 72.613292, 23.125429, 0.0 ], [ 72.613608, 23.125313, 0.0 ], [ 72.614183, 23.125095, 0.0 ], [ 72.614183, 23.124855, 0.0 ], [ 72.614167, 23.124563, 0.0 ], [ 72.614205, 23.123531, 0.0 ], [ 72.614214, 23.123214, 0.0 ], [ 72.614198, 23.121987, 0.0 ], [ 72.615004, 23.122085, 0.0 ], [ 72.615526, 23.122146, 0.0 ], [ 72.6165, 23.122251, 0.0 ], [ 72.616082, 23.121503, 0.0 ], [ 72.615431, 23.120342, 0.0 ], [ 72.615086, 23.119752, 0.0 ], [ 72.615111, 23.119198, 0.0 ], [ 72.615143, 23.117645, 0.0 ], [ 72.614938, 23.117195, 0.0 ], [ 72.614916, 23.116861, 0.0 ], [ 72.614903, 23.116508, 0.0 ], [ 72.614875, 23.115702, 0.0 ], [ 72.614791, 23.114802, 0.0 ], [ 72.614748, 23.114251, 0.0 ], [ 72.615781, 23.113969, 0.0 ], [ 72.617063, 23.113852, 0.0 ], [ 72.618377, 23.113924, 0.0 ], [ 72.619346, 23.11399, 0.0 ], [ 72.620362, 23.113856, 0.0 ], [ 72.620218, 23.112819, 0.0 ], [ 72.619313, 23.111765, 0.0 ], [ 72.618786, 23.111143, 0.0 ], [ 72.618303, 23.110345, 0.0 ], [ 72.618085, 23.109218, 0.0 ], [ 72.617981, 23.108293, 0.0 ], [ 72.615395, 23.10735, 0.0 ], [ 72.614709, 23.106736, 0.0 ], [ 72.614672, 23.105557, 0.0 ], [ 72.613886, 23.103259, 0.0 ], [ 72.612288, 23.103237, 0.0 ], [ 72.611561, 23.101516, 0.0 ], [ 72.611226, 23.101509, 0.0 ], [ 72.610409, 23.100147, 0.0 ], [ 72.610216, 23.099381, 0.0 ], [ 72.610333, 23.09863, 0.0 ], [ 72.610577, 23.097668, 0.0 ], [ 72.61076, 23.096975, 0.0 ], [ 72.609795, 23.095188, 0.0 ], [ 72.609775, 23.094835, 0.0 ], [ 72.610027, 23.09339, 0.0 ], [ 72.604833, 23.093553, 0.0 ], [ 72.604314, 23.09351, 0.0 ], [ 72.601746, 23.092111, 0.0 ], [ 72.601335, 23.091168, 0.0 ], [ 72.598733, 23.08956, 0.0 ], [ 72.598531, 23.089203, 0.0 ], [ 72.599144, 23.088743, 0.0 ], [ 72.601619168028208, 23.086292733058599, 0.0 ], [ 72.6016205, 23.0865316, 0.0 ], [ 72.6020855, 23.0871596, 0.0 ], [ 72.6038265, 23.0873416, 0.0 ], [ 72.6034505, 23.0880666, 0.0 ], [ 72.6045295, 23.0885526, 0.0 ], [ 72.6047285, 23.0882486, 0.0 ], [ 72.6056435, 23.0887056, 0.0 ], [ 72.6055305, 23.0891516, 0.0 ], [ 72.6083915, 23.0895136, 0.0 ], [ 72.6091565, 23.0890736, 0.0 ], [ 72.6096935, 23.0890986, 0.0 ], [ 72.6096805, 23.0891826, 0.0 ], [ 72.6108375, 23.0892856, 0.0 ], [ 72.6108305, 23.0890576, 0.0 ], [ 72.6116745, 23.0891056, 0.0 ], [ 72.611751500000011, 23.0892616, 0.0 ], [ 72.6123255, 23.0892526, 0.0 ], [ 72.6129885, 23.0895936, 0.0 ], [ 72.6139295, 23.0895126, 0.0 ], [ 72.6143875, 23.0897406, 0.0 ], [ 72.6150445, 23.0897746, 0.0 ], [ 72.6153235, 23.0890916, 0.0 ], [ 72.6163095, 23.0891526, 0.0 ], [ 72.6178135, 23.0892536, 0.0 ], [ 72.6192765, 23.0891486, 0.0 ], [ 72.6199965, 23.0892036, 0.0 ], [ 72.620374500000011, 23.0891606, 0.0 ], [ 72.6208265, 23.0891606, 0.0 ], [ 72.6219935, 23.0891666, 0.0 ], [ 72.6220655, 23.0888416, 0.0 ], [ 72.6222435, 23.0889466, 0.0 ], [ 72.622927500000017, 23.0890126, 0.0 ], [ 72.6235675, 23.0888846, 0.0 ], [ 72.6239705, 23.0888556, 0.0 ], [ 72.6244735, 23.0888026, 0.0 ], [ 72.6244575, 23.0884726, 0.0 ], [ 72.6244905, 23.0882476, 0.0 ], [ 72.6244695, 23.0881596, 0.0 ], [ 72.6245475, 23.0882476, 0.0 ], [ 72.6246845, 23.0883796, 0.0 ], [ 72.6245395, 23.0889666, 0.0 ], [ 72.625050500000015, 23.0888866, 0.0 ], [ 72.6254885, 23.0890206, 0.0 ], [ 72.6257035, 23.0889876, 0.0 ], [ 72.6280895, 23.0889516, 0.0 ], [ 72.6283495, 23.0890276, 0.0 ], [ 72.6294515, 23.0890506, 0.0 ], [ 72.6309485, 23.0892596, 0.0 ], [ 72.632678500000011, 23.0895096, 0.0 ], [ 72.6334325, 23.0897866, 0.0 ], [ 72.6339975, 23.0898496, 0.0 ], [ 72.6340355, 23.0897556, 0.0 ], [ 72.6363445, 23.0901136, 0.0 ], [ 72.6413724, 23.0911646, 0.0 ], [ 72.6417794, 23.0907576, 0.0 ], [ 72.6420014, 23.0908296, 0.0 ], [ 72.6422794, 23.0906096, 0.0 ], [ 72.6424104, 23.0902576, 0.0 ], [ 72.6428684, 23.0903286, 0.0 ], [ 72.6428704, 23.0902746, 0.0 ], [ 72.6438464, 23.0900786, 0.0 ], [ 72.6437934, 23.0902256, 0.0 ], [ 72.6439594, 23.0906776, 0.0 ], [ 72.6450094, 23.0905176, 0.0 ], [ 72.6445994, 23.0908706, 0.0 ], [ 72.6445994, 23.0908716, 0.0 ], [ 72.6439454, 23.0909126, 0.0 ], [ 72.6438204, 23.0913226, 0.0 ], [ 72.6441604, 23.0915706, 0.0 ], [ 72.6436804, 23.0919956, 0.0 ], [ 72.6434704, 23.0918236, 0.0 ], [ 72.643136400000017, 23.0921296, 0.0 ], [ 72.6434084, 23.0924286, 0.0 ], [ 72.6434434, 23.0930926, 0.0 ], [ 72.6438544, 23.0932056, 0.0 ], [ 72.6477574, 23.0984306, 0.0 ], [ 72.6495304, 23.1022666, 0.0 ], [ 72.6518044, 23.1017446, 0.0 ], [ 72.6518634, 23.1013476, 0.0 ], [ 72.6518974, 23.1010886, 0.0 ], [ 72.6515184, 23.1003786, 0.0 ], [ 72.6517024, 23.1002736, 0.0 ], [ 72.6519074, 23.0990166, 0.0 ], [ 72.6520964, 23.0982336, 0.0 ], [ 72.6526424, 23.0977346, 0.0 ], [ 72.6528424, 23.0974116, 0.0 ], [ 72.6531874, 23.0968296, 0.0 ], [ 72.6539234, 23.0962416, 0.0 ], [ 72.6546654, 23.0957166, 0.0 ], [ 72.6552254, 23.0953296, 0.0 ], [ 72.6558924, 23.0948786, 0.0 ], [ 72.6561924, 23.0946566, 0.0 ], [ 72.6562994, 23.0946836, 0.0 ], [ 72.6564594, 23.0947206, 0.0 ], [ 72.6567454, 23.0947876, 0.0 ], [ 72.6568354, 23.0948356, 0.0 ], [ 72.6570874, 23.0949246, 0.0 ], [ 72.657258400000018, 23.0950016, 0.0 ], [ 72.6573904, 23.0950556, 0.0 ], [ 72.6575214, 23.0951116, 0.0 ], [ 72.6577294, 23.0951886, 0.0 ], [ 72.6577834, 23.0952076, 0.0 ], [ 72.6578954, 23.0952516, 0.0 ], [ 72.6580604, 23.0952236, 0.0 ], [ 72.6581254, 23.0952476, 0.0 ], [ 72.6582894, 23.0953086, 0.0 ], [ 72.6583944, 23.0953806, 0.0 ], [ 72.6584864, 23.0954206, 0.0 ], [ 72.6590344, 23.0958026, 0.0 ], [ 72.6590144, 23.0965946, 0.0 ], [ 72.6591654, 23.0966506, 0.0 ], [ 72.6592354, 23.0966566, 0.0 ], [ 72.6592924, 23.0966996, 0.0 ], [ 72.6592414, 23.0966936, 0.0 ], [ 72.6594954, 23.0968706, 0.0 ], [ 72.6598254, 23.0969676, 0.0 ], [ 72.6598644, 23.0969876, 0.0 ], [ 72.6599174, 23.0970046, 0.0 ], [ 72.6599834, 23.0971166, 0.0 ], [ 72.6600124, 23.0971136, 0.0 ], [ 72.6601374, 23.0970866, 0.0 ], [ 72.6602864, 23.0970526, 0.0 ], [ 72.6602564, 23.0974496, 0.0 ], [ 72.6605794, 23.0977706, 0.0 ], [ 72.6601974, 23.0987296, 0.0 ], [ 72.6610664, 23.0986106, 0.0 ], [ 72.6616004, 23.0984086, 0.0 ], [ 72.6617774, 23.0992076, 0.0 ], [ 72.6624354, 23.0990836, 0.0 ], [ 72.6625414, 23.1000196, 0.0 ], [ 72.6626084, 23.1002836, 0.0 ], [ 72.6627554, 23.1005036, 0.0 ], [ 72.6627854, 23.1005486, 0.0 ], [ 72.6626724, 23.1005526, 0.0 ], [ 72.6629424, 23.1014766, 0.0 ], [ 72.6629324, 23.1016196, 0.0 ], [ 72.6630464, 23.1017236, 0.0 ], [ 72.6630304, 23.1017346, 0.0 ], [ 72.6631124, 23.1018396, 0.0 ], [ 72.6631084, 23.1019896, 0.0 ], [ 72.6632044, 23.1023736, 0.0 ], [ 72.6632314, 23.1024786, 0.0 ], [ 72.6632974, 23.1027116, 0.0 ], [ 72.6634934, 23.1030996, 0.0 ], [ 72.6637504, 23.1030806, 0.0 ], [ 72.6638294, 23.1036896, 0.0 ], [ 72.6638314, 23.1036886, 0.0 ], [ 72.6638104, 23.1041986, 0.0 ], [ 72.6647324, 23.1042816, 0.0 ], [ 72.6647514, 23.1042806, 0.0 ], [ 72.6650524, 23.1050556, 0.0 ], [ 72.6656244, 23.1052676, 0.0 ], [ 72.6657884, 23.1062886, 0.0 ], [ 72.6659024, 23.1072596, 0.0 ], [ 72.6665274, 23.1071116, 0.0 ], [ 72.6682624, 23.1068936, 0.0 ], [ 72.6695604, 23.1065686, 0.0 ], [ 72.6706104, 23.1063986, 0.0 ], [ 72.6708684, 23.1063366, 0.0 ], [ 72.6712974, 23.1062296, 0.0 ], [ 72.6715374, 23.1061696, 0.0 ], [ 72.6716574, 23.1061406, 0.0 ], [ 72.6726724, 23.1057776, 0.0 ], [ 72.6731624, 23.1052576, 0.0 ], [ 72.6742564, 23.1050556, 0.0 ], [ 72.6743594, 23.1050266, 0.0 ], [ 72.674330400000017, 23.1049556, 0.0 ], [ 72.6752494, 23.1044336, 0.0 ], [ 72.6754624, 23.1046106, 0.0 ], [ 72.6760834, 23.1039586, 0.0 ], [ 72.6767784, 23.1058336, 0.0 ], [ 72.6774804, 23.1057536, 0.0 ], [ 72.6780634, 23.1055006, 0.0 ], [ 72.6782694, 23.1059676, 0.0 ], [ 72.6787544, 23.1058486, 0.0 ], [ 72.6791834, 23.1071166, 0.0 ], [ 72.6797824, 23.1070606, 0.0 ], [ 72.6811104, 23.1073636, 0.0 ], [ 72.6811444, 23.1072406, 0.0 ], [ 72.6782574, 23.1041826, 0.0 ], [ 72.6756014, 23.1017726, 0.0 ], [ 72.6716934, 23.0982226, 0.0 ], [ 72.6663964, 23.0932976, 0.0 ], [ 72.660773400000011, 23.0882176, 0.0 ], [ 72.6564574, 23.0841676, 0.0 ], [ 72.652193400000016, 23.0802966, 0.0 ], [ 72.6496664, 23.0779766, 0.0 ], [ 72.6473974, 23.0759656, 0.0 ], [ 72.6469804, 23.0761876, 0.0 ], [ 72.6466124, 23.0762706, 0.0 ], [ 72.6461124, 23.0763566, 0.0 ], [ 72.6458594, 23.0764236, 0.0 ], [ 72.6450834, 23.0766276, 0.0 ], [ 72.6449054, 23.0766746, 0.0 ], [ 72.644860914353188, 23.077348510224176, 0.0 ], [ 72.6448584, 23.0773471, 0.0 ], [ 72.6449054, 23.0766351, 0.0 ], [ 72.6450834, 23.0765881, 0.0 ], [ 72.6458594, 23.0763841, 0.0 ], [ 72.6461124, 23.0763171, 0.0 ], [ 72.6466124, 23.0762311, 0.0 ], [ 72.6469804, 23.0761481, 0.0 ], [ 72.6473974, 23.0759261, 0.0 ], [ 72.6457194, 23.0744391, 0.0 ], [ 72.6428844, 23.0718711, 0.0 ], [ 72.6417294, 23.0708061, 0.0 ], [ 72.6410574, 23.0701871, 0.0 ], [ 72.6386564, 23.0678451, 0.0 ], [ 72.6357794, 23.0651271, 0.0 ], [ 72.6337484, 23.0632511, 0.0 ], [ 72.6326024, 23.0621901, 0.0 ], [ 72.6307594, 23.0604841, 0.0 ], [ 72.6285204, 23.0584291, 0.0 ], [ 72.6271874, 23.0572531, 0.0 ], [ 72.626693128059657, 23.056816809960345, 0.0 ], [ 72.626724528919851, 23.056804938988876, 0.0 ], [ 72.6271875, 23.0572136, 0.0 ], [ 72.6285205, 23.0583896, 0.0 ], [ 72.6307595, 23.0604446, 0.0 ], [ 72.6326025, 23.0621506, 0.0 ], [ 72.6337485, 23.0632116, 0.0 ], [ 72.6357794, 23.0650876, 0.0 ], [ 72.6386564, 23.0678056, 0.0 ], [ 72.6410574, 23.0701476, 0.0 ], [ 72.6417294, 23.0707666, 0.0 ], [ 72.6428844, 23.0718316, 0.0 ], [ 72.6457194, 23.0743996, 0.0 ], [ 72.6473974, 23.0758866, 0.0 ], [ 72.6496664, 23.0778976, 0.0 ], [ 72.652193400000016, 23.0802176, 0.0 ], [ 72.6524384, 23.0793846, 0.0 ], [ 72.6526934, 23.0789166, 0.0 ], [ 72.652783235517006, 23.07885011481584, 0.0 ], [ 72.652535, 23.0793057, 0.0 ], [ 72.65229, 23.0801387, 0.0 ], [ 72.656554, 23.0840097, 0.0 ], [ 72.66087, 23.0880597, 0.0 ], [ 72.666493, 23.0931397, 0.0 ], [ 72.6717899, 23.0980647, 0.0 ], [ 72.6756979, 23.1016147, 0.0 ], [ 72.6783539, 23.1040247, 0.0 ], [ 72.6812409, 23.1070827, 0.0 ], [ 72.6814019, 23.1065087, 0.0 ], [ 72.6815159, 23.1053587, 0.0 ], [ 72.6815049, 23.1050057, 0.0 ], [ 72.6815309, 23.1047817, 0.0 ], [ 72.6817859, 23.1047007, 0.0 ], [ 72.6817659, 23.1044787, 0.0 ], [ 72.6817109, 23.1042267, 0.0 ], [ 72.6816099, 23.1040367, 0.0 ], [ 72.6814429, 23.1039127, 0.0 ], [ 72.6813319, 23.1038177, 0.0 ], [ 72.6814079, 23.1033787, 0.0 ], [ 72.6819129, 23.1031547, 0.0 ], [ 72.6824289, 23.1028857, 0.0 ], [ 72.6827999, 23.1026427, 0.0 ], [ 72.6833059, 23.1023867, 0.0 ], [ 72.6834599, 23.1025137, 0.0 ], [ 72.6843429, 23.1024107, 0.0 ], [ 72.6853329, 23.1022907, 0.0 ], [ 72.6856259, 23.1022957, 0.0 ], [ 72.6859509, 23.1022547, 0.0 ], [ 72.6864909, 23.1022117, 0.0 ], [ 72.6868649, 23.1022137, 0.0 ], [ 72.6874539, 23.1022457, 0.0 ], [ 72.6879409, 23.1023927, 0.0 ], [ 72.688390900000016, 23.1025197, 0.0 ], [ 72.6888379, 23.1026257, 0.0 ], [ 72.6896949, 23.1027187, 0.0 ], [ 72.6904219, 23.1028027, 0.0 ], [ 72.6904279, 23.1027987, 0.0 ], [ 72.6904339, 23.1027947, 0.0 ], [ 72.6904389, 23.1027907, 0.0 ], [ 72.6904449, 23.1027867, 0.0 ], [ 72.6904499, 23.1027817, 0.0 ], [ 72.6904549, 23.1027777, 0.0 ], [ 72.6904599, 23.1027727, 0.0 ], [ 72.6904649, 23.1027677, 0.0 ], [ 72.6904689, 23.1027627, 0.0 ], [ 72.6904739, 23.1027577, 0.0 ], [ 72.6904779, 23.1027517, 0.0 ], [ 72.6904819, 23.1027467, 0.0 ], [ 72.6904849, 23.1027407, 0.0 ], [ 72.6904889, 23.1027357, 0.0 ], [ 72.6904919, 23.1027297, 0.0 ], [ 72.6904949, 23.1027237, 0.0 ], [ 72.6904979, 23.1027177, 0.0 ], [ 72.6905009, 23.1027117, 0.0 ], [ 72.6905029, 23.1027057, 0.0 ], [ 72.6905049, 23.1026987, 0.0 ], [ 72.6905069, 23.1026927, 0.0 ], [ 72.6905089, 23.1026867, 0.0 ], [ 72.6905099, 23.1026797, 0.0 ], [ 72.690511900000018, 23.1026737, 0.0 ], [ 72.6905129, 23.1026667, 0.0 ], [ 72.6905129, 23.1026607, 0.0 ], [ 72.690513900000013, 23.1026537, 0.0 ], [ 72.690513900000013, 23.1026467, 0.0 ], [ 72.690513900000013, 23.1026407, 0.0 ], [ 72.690513900000013, 23.1026337, 0.0 ], [ 72.6905129, 23.1026277, 0.0 ], [ 72.690511900000018, 23.1026207, 0.0 ], [ 72.6905109, 23.1026147, 0.0 ], [ 72.6905099, 23.1026077, 0.0 ], [ 72.6905089, 23.1026017, 0.0 ], [ 72.6905069, 23.1025947, 0.0 ], [ 72.6905049, 23.1025887, 0.0 ], [ 72.6905029, 23.1025827, 0.0 ], [ 72.6904999, 23.1025767, 0.0 ], [ 72.6904969, 23.1025707, 0.0 ], [ 72.6904939, 23.1025647, 0.0 ], [ 72.6904909, 23.1025587, 0.0 ], [ 72.6904879, 23.1025527, 0.0 ], [ 72.6904839, 23.1025467, 0.0 ], [ 72.6904809, 23.1025417, 0.0 ], [ 72.6904769, 23.1025357, 0.0 ], [ 72.6904719, 23.1025307, 0.0 ], [ 72.6907629, 23.1019157, 0.0 ], [ 72.6912319, 23.1011117, 0.0 ], [ 72.6918799, 23.0996007, 0.0 ], [ 72.6919739, 23.0993807, 0.0 ], [ 72.69259790000001, 23.0975857, 0.0 ], [ 72.6929479, 23.0966297, 0.0 ], [ 72.6933409, 23.0953887, 0.0 ], [ 72.6938119, 23.0944937, 0.0 ], [ 72.6940539, 23.0933657, 0.0 ], [ 72.6918759, 23.0919097, 0.0 ], [ 72.6890839, 23.0900547, 0.0 ], [ 72.6866999, 23.0885277, 0.0 ], [ 72.6862059, 23.0881947, 0.0 ], [ 72.6854589, 23.0876947, 0.0 ], [ 72.6848969, 23.0873537, 0.0 ], [ 72.6844329, 23.0871127, 0.0 ], [ 72.6836669, 23.0867627, 0.0 ], [ 72.6834219, 23.0866117, 0.0 ], [ 72.6830469, 23.0864147, 0.0 ], [ 72.6839449, 23.0856207, 0.0 ], [ 72.6845319, 23.0854397, 0.0 ], [ 72.6847329, 23.0852947, 0.0 ], [ 72.6856719, 23.0851807, 0.0 ], [ 72.6858809, 23.0838767, 0.0 ], [ 72.6859029, 23.0837117, 0.0 ], [ 72.685964900000016, 23.0830117, 0.0 ], [ 72.6865439, 23.0828807, 0.0 ], [ 72.6867659, 23.0811877, 0.0 ], [ 72.6878109, 23.0790697, 0.0 ], [ 72.6879429, 23.0780037, 0.0 ], [ 72.6882299, 23.0772967, 0.0 ], [ 72.6881999, 23.0768677, 0.0 ], [ 72.688648900000018, 23.0763097, 0.0 ], [ 72.6898979, 23.0759587, 0.0 ], [ 72.6911619, 23.0761417, 0.0 ], [ 72.6937489, 23.0762607, 0.0 ], [ 72.6943429, 23.0762947, 0.0 ], [ 72.6959369, 23.0765827, 0.0 ], [ 72.6959549, 23.0764577, 0.0 ], [ 72.6967919, 23.0765647, 0.0 ], [ 72.6996229, 23.0772247, 0.0 ], [ 72.6998949, 23.0772117, 0.0 ], [ 72.7004979, 23.0755487, 0.0 ], [ 72.7010959, 23.0741487, 0.0 ], [ 72.7012779, 23.0737277, 0.0 ], [ 72.7014909, 23.0731027, 0.0 ], [ 72.6990379, 23.0721887, 0.0 ], [ 72.6985509, 23.0723997, 0.0 ], [ 72.6977279, 23.0721307, 0.0 ], [ 72.6968099, 23.0712547, 0.0 ], [ 72.6949679, 23.0710817, 0.0 ], [ 72.6944489, 23.0710467, 0.0 ], [ 72.6932249, 23.0706947, 0.0 ], [ 72.6919069, 23.0704237, 0.0 ], [ 72.6900829, 23.0700107, 0.0 ], [ 72.6885049, 23.0694667, 0.0 ], [ 72.6877249, 23.0693117, 0.0 ], [ 72.6868449, 23.0691517, 0.0 ], [ 72.6852839, 23.0692257, 0.0 ], [ 72.6828899, 23.0692587, 0.0 ], [ 72.6811189, 23.0693277, 0.0 ], [ 72.6804429, 23.0693247, 0.0 ], [ 72.6799349, 23.0692697, 0.0 ], [ 72.6783319, 23.0693967, 0.0 ], [ 72.6775479, 23.0694747, 0.0 ], [ 72.6762209, 23.0696067, 0.0 ], [ 72.6762059, 23.0695297, 0.0 ], [ 72.6744429, 23.0698127, 0.0 ], [ 72.6725099, 23.0699287, 0.0 ], [ 72.669997, 23.0702457, 0.0 ], [ 72.667098, 23.0707937, 0.0 ], [ 72.665633, 23.0709767, 0.0 ], [ 72.663541, 23.0714797, 0.0 ], [ 72.663529927145902, 23.071477092899435, 0.0 ], [ 72.6656115, 23.0709766, 0.0 ], [ 72.6670765, 23.0707936, 0.0 ], [ 72.6699755, 23.0702456, 0.0 ], [ 72.6724885, 23.0699286, 0.0 ], [ 72.6744215, 23.0698126, 0.0 ], [ 72.6761845, 23.0695296, 0.0 ], [ 72.6759255, 23.0681516, 0.0 ], [ 72.6761635, 23.0680996, 0.0 ], [ 72.6765705, 23.0680846, 0.0 ], [ 72.6769745, 23.0678626, 0.0 ], [ 72.6775935, 23.0679296, 0.0 ], [ 72.6786605, 23.0675756, 0.0 ], [ 72.6791705, 23.0674626, 0.0 ], [ 72.6795105, 23.0673656, 0.0 ], [ 72.6800225, 23.0672576, 0.0 ], [ 72.6804105, 23.0668986, 0.0 ], [ 72.6809495, 23.0664396, 0.0 ], [ 72.6810925, 23.0659766, 0.0 ], [ 72.6813215, 23.0653886, 0.0 ], [ 72.6813255, 23.0653096, 0.0 ], [ 72.6814505, 23.0651836, 0.0 ], [ 72.6812285, 23.0649766, 0.0 ], [ 72.6811595, 23.0647906, 0.0 ], [ 72.6812325, 23.0645056, 0.0 ], [ 72.6812255, 23.0644216, 0.0 ], [ 72.6812975, 23.0643726, 0.0 ], [ 72.6811965, 23.0641066, 0.0 ], [ 72.6811195, 23.0638626, 0.0 ], [ 72.6809565, 23.0634426, 0.0 ], [ 72.6809785, 23.0629426, 0.0 ], [ 72.6810395, 23.0622976, 0.0 ], [ 72.6810975, 23.0617486, 0.0 ], [ 72.6800415, 23.0603446, 0.0 ], [ 72.6799045, 23.0599956, 0.0 ], [ 72.6799715, 23.0599646, 0.0 ], [ 72.6799945, 23.0597966, 0.0 ], [ 72.6801465, 23.0587186, 0.0 ], [ 72.6801095, 23.0582826, 0.0 ], [ 72.6800435, 23.0578616, 0.0 ], [ 72.6815745, 23.0573536, 0.0 ], [ 72.6816705, 23.0573196, 0.0 ], [ 72.6821305, 23.0572266, 0.0 ], [ 72.6824915, 23.0569446, 0.0 ], [ 72.6825995, 23.0568916, 0.0 ], [ 72.6836175, 23.0564606, 0.0 ], [ 72.6839405, 23.0559336, 0.0 ], [ 72.6845695, 23.0548646, 0.0 ], [ 72.684578500000015, 23.0547726, 0.0 ], [ 72.6846065, 23.0542766, 0.0 ], [ 72.6842015, 23.0535116, 0.0 ], [ 72.6841945, 23.0530536, 0.0 ], [ 72.6841585, 23.0523796, 0.0 ], [ 72.6841545, 23.0519306, 0.0 ], [ 72.6841525, 23.0517046, 0.0 ], [ 72.6840905, 23.0514376, 0.0 ], [ 72.6841215, 23.0512016, 0.0 ], [ 72.684052500000021, 23.0510926, 0.0 ], [ 72.6836815, 23.0499916, 0.0 ], [ 72.6836345, 23.0498796, 0.0 ], [ 72.6831115, 23.0486176, 0.0 ], [ 72.6831115, 23.0485506, 0.0 ], [ 72.6827285, 23.0477036, 0.0 ], [ 72.6826925, 23.0475466, 0.0 ], [ 72.6827145, 23.0473996, 0.0 ], [ 72.6834095, 23.0474056, 0.0 ], [ 72.6834875, 23.0469586, 0.0 ], [ 72.6837365, 23.0467946, 0.0 ], [ 72.6839165, 23.0466336, 0.0 ], [ 72.6840225, 23.0461926, 0.0 ], [ 72.6841515, 23.0456836, 0.0 ], [ 72.6840965, 23.0454616, 0.0 ], [ 72.6840435, 23.0450616, 0.0 ], [ 72.6839245, 23.0449346, 0.0 ], [ 72.6834355, 23.0442916, 0.0 ], [ 72.6828835, 23.0434766, 0.0 ], [ 72.6826295, 23.0432906, 0.0 ], [ 72.6826295, 23.0432106, 0.0 ], [ 72.6826325, 23.0424436, 0.0 ], [ 72.6826275, 23.0418406, 0.0 ], [ 72.6826365, 23.0411596, 0.0 ], [ 72.6826485, 23.0410266, 0.0 ], [ 72.6826325, 23.0407866, 0.0 ], [ 72.6825875, 23.0403836, 0.0 ], [ 72.6826255, 23.0403536, 0.0 ], [ 72.6828345, 23.0396976, 0.0 ], [ 72.6829255, 23.0394786, 0.0 ], [ 72.6832705, 23.0388766, 0.0 ], [ 72.6832045, 23.0387496, 0.0 ], [ 72.6837695, 23.0384196, 0.0 ], [ 72.6842425, 23.0381506, 0.0 ], [ 72.6846845, 23.0378646, 0.0 ], [ 72.6848325, 23.0378086, 0.0 ], [ 72.6849135, 23.0376086, 0.0 ], [ 72.6849765, 23.0374886, 0.0 ], [ 72.6852125, 23.0369596, 0.0 ], [ 72.6855145, 23.0366446, 0.0 ], [ 72.6857415, 23.0363516, 0.0 ], [ 72.6859245, 23.0361966, 0.0 ], [ 72.6868375, 23.0357226, 0.0 ], [ 72.6868335, 23.0346826, 0.0 ], [ 72.6869975, 23.0346276, 0.0 ], [ 72.6887195, 23.0346866, 0.0 ], [ 72.6885135, 23.0339556, 0.0 ], [ 72.6885145, 23.0332116, 0.0 ], [ 72.6873575, 23.0330486, 0.0 ], [ 72.6871985, 23.0329736, 0.0 ], [ 72.6869115, 23.0319026, 0.0 ], [ 72.6865055, 23.0312506, 0.0 ], [ 72.6859315, 23.0307366, 0.0 ], [ 72.6855565, 23.0307326, 0.0 ], [ 72.6852035, 23.0305456, 0.0 ], [ 72.6851855, 23.0300006, 0.0 ], [ 72.6852935, 23.0293846, 0.0 ], [ 72.6853485, 23.0283856, 0.0 ], [ 72.6851455, 23.0267756, 0.0 ], [ 72.6853005, 23.0260976, 0.0 ], [ 72.6848195, 23.0258956, 0.0 ], [ 72.6846945, 23.0247116, 0.0 ], [ 72.684660182291267, 23.024709286446601, 0.0 ], [ 72.6846473, 23.0243357, 0.0 ], [ 72.6846443, 23.0242417, 0.0 ], [ 72.6846213, 23.0240377, 0.0 ], [ 72.6846613, 23.0236947, 0.0 ], [ 72.6847083, 23.0232847, 0.0 ], [ 72.6841573, 23.0226717, 0.0 ], [ 72.68406130000001, 23.0225657, 0.0 ], [ 72.6836943, 23.0221447, 0.0 ], [ 72.683580300000017, 23.0220137, 0.0 ], [ 72.6833743, 23.0219207, 0.0 ], [ 72.6833543, 23.0217357, 0.0 ], [ 72.6830433, 23.0214317, 0.0 ], [ 72.6830133, 23.0211607, 0.0 ], [ 72.6829793, 23.0208657, 0.0 ], [ 72.6827063, 23.0208377, 0.0 ], [ 72.6825713, 23.0205877, 0.0 ], [ 72.6824203, 23.0203107, 0.0 ], [ 72.6819203, 23.0196467, 0.0 ], [ 72.6817003, 23.0193557, 0.0 ], [ 72.681658085820743, 23.019364325156225, 0.0 ], [ 72.6816744, 23.0190985, 0.0 ], [ 72.6816524, 23.0182925, 0.0 ], [ 72.6820664, 23.0177735, 0.0 ], [ 72.6822474, 23.0165465, 0.0 ], [ 72.6821544, 23.0160715, 0.0 ], [ 72.6820534, 23.0156095, 0.0 ], [ 72.6817684, 23.0154005, 0.0 ], [ 72.6817514, 23.0146855, 0.0 ], [ 72.6826684, 23.0144605, 0.0 ], [ 72.6821284, 23.0136615, 0.0 ], [ 72.6825044, 23.0127525, 0.0 ], [ 72.6828814, 23.0119265, 0.0 ], [ 72.6830384, 23.0119495, 0.0 ], [ 72.6830454, 23.0107345, 0.0 ], [ 72.683166400000019, 23.0106395, 0.0 ], [ 72.6839474, 23.0106735, 0.0 ], [ 72.6842294, 23.0106765, 0.0 ], [ 72.6842344, 23.0098985, 0.0 ], [ 72.6851653, 23.0095335, 0.0 ], [ 72.6859943, 23.0084195, 0.0 ], [ 72.6863083, 23.0081585, 0.0 ], [ 72.6874433, 23.0070865, 0.0 ], [ 72.688690300000019, 23.0061575, 0.0 ], [ 72.6899373, 23.0052285, 0.0 ], [ 72.6902253, 23.0051915, 0.0 ], [ 72.6904653, 23.0048095, 0.0 ], [ 72.6915993, 23.0042465, 0.0 ], [ 72.6927223, 23.0038235, 0.0 ], [ 72.6931113, 23.0033005, 0.0 ], [ 72.6924153, 23.0030305, 0.0 ], [ 72.6923273, 23.0019775, 0.0 ], [ 72.6917843, 23.0017305, 0.0 ], [ 72.6903763, 23.0012145, 0.0 ], [ 72.6900413, 23.0010085, 0.0 ], [ 72.6898103, 23.0007195, 0.0 ], [ 72.6897613, 23.0004565, 0.0 ], [ 72.6893993, 23.0000545, 0.0 ], [ 72.6893553, 22.9997135, 0.0 ], [ 72.6892833, 22.9992025, 0.0 ], [ 72.6891383, 22.9977965, 0.0 ], [ 72.6890043, 22.9975405, 0.0 ], [ 72.6884523, 22.9966965, 0.0 ], [ 72.6880513, 22.9962525, 0.0 ], [ 72.6881173, 22.9957645, 0.0 ], [ 72.6881243, 22.9956735, 0.0 ], [ 72.6882463, 22.9952025, 0.0 ], [ 72.6885263, 22.9946905, 0.0 ], [ 72.688866300000015, 22.9939425, 0.0 ], [ 72.6884853, 22.9932405, 0.0 ], [ 72.6886153, 22.9930905, 0.0 ], [ 72.6883983, 22.9929225, 0.0 ], [ 72.6877683, 22.9927085, 0.0 ], [ 72.6867673, 22.9923865, 0.0 ], [ 72.6868143, 22.9919895, 0.0 ], [ 72.6869493, 22.9920145, 0.0 ], [ 72.6863183, 22.9909555, 0.0 ], [ 72.6868693, 22.9907515, 0.0 ], [ 72.6865993, 22.9901205, 0.0 ], [ 72.6864393, 22.9897295, 0.0 ], [ 72.6851623, 22.9885235, 0.0 ], [ 72.6847903, 22.9886085, 0.0 ], [ 72.6823534, 22.9881685, 0.0 ], [ 72.6821094, 22.9880455, 0.0 ], [ 72.6818604, 22.9879305, 0.0 ], [ 72.681608400000016, 22.9878235, 0.0 ], [ 72.6813514, 22.9877245, 0.0 ], [ 72.6788244, 22.9867595, 0.0 ], [ 72.6779814, 22.9852865, 0.0 ], [ 72.6778924, 22.9852855, 0.0 ], [ 72.6778044, 22.9852815, 0.0 ], [ 72.6777164, 22.9852755, 0.0 ], [ 72.6776294, 22.9852655, 0.0 ], [ 72.6775414, 22.9852535, 0.0 ], [ 72.6774554, 22.9852395, 0.0 ], [ 72.6773684, 22.9852215, 0.0 ], [ 72.6772834, 22.9852015, 0.0 ], [ 72.6771984, 22.9851785, 0.0 ], [ 72.6771144, 22.9851535, 0.0 ], [ 72.6770314, 22.9851255, 0.0 ], [ 72.6769504, 22.9850945, 0.0 ], [ 72.6768694, 22.9850615, 0.0 ], [ 72.6767894, 22.9850255, 0.0 ], [ 72.6767114, 22.9849875, 0.0 ], [ 72.6766354, 22.9849475, 0.0 ], [ 72.6765604, 22.9849045, 0.0 ], [ 72.6764864, 22.9848585, 0.0 ], [ 72.676414400000013, 22.9848115, 0.0 ], [ 72.6763444, 22.9847615, 0.0 ], [ 72.6762764, 22.9847095, 0.0 ], [ 72.6762104, 22.9846555, 0.0 ], [ 72.6761464, 22.9845995, 0.0 ], [ 72.6759524, 22.9845975, 0.0 ], [ 72.675759400000018, 22.9845905, 0.0 ], [ 72.6755664, 22.9845765, 0.0 ], [ 72.67537440000001, 22.9845565, 0.0 ], [ 72.6751824, 22.9845305, 0.0 ], [ 72.6749924, 22.9844975, 0.0 ], [ 72.6748034, 22.9844595, 0.0 ], [ 72.6746154, 22.9844155, 0.0 ], [ 72.6743764, 22.9843455, 0.0 ], [ 72.6741384, 22.9842695, 0.0 ], [ 72.6739034, 22.9841865, 0.0 ], [ 72.6736724, 22.9840975, 0.0 ], [ 72.6734434, 22.9840005, 0.0 ], [ 72.6732184, 22.9838975, 0.0 ], [ 72.6729964, 22.9837885, 0.0 ], [ 72.6727784, 22.9836725, 0.0 ], [ 72.6725644, 22.9835495, 0.0 ], [ 72.6716474, 22.9833955, 0.0 ], [ 72.6711904, 22.9832525, 0.0 ], [ 72.6693534, 22.9825665, 0.0 ], [ 72.6675464, 22.9837305, 0.0 ], [ 72.6669884, 22.9837795, 0.0 ], [ 72.666407400000011, 22.9844895, 0.0 ], [ 72.6646094, 22.9851105, 0.0 ], [ 72.664245267863052, 22.985204438343839, 0.0 ], [ 72.6642334, 22.9851284, 0.0 ], [ 72.6646094, 22.9850314, 0.0 ], [ 72.666407400000011, 22.9844104, 0.0 ], [ 72.6669884, 22.9837004, 0.0 ], [ 72.6675464, 22.9836514, 0.0 ], [ 72.6693534, 22.9824874, 0.0 ], [ 72.6711903, 22.9831734, 0.0 ], [ 72.6716473, 22.9833164, 0.0 ], [ 72.6725643, 22.9834704, 0.0 ], [ 72.6727783, 22.9835934, 0.0 ], [ 72.6729963, 22.9837094, 0.0 ], [ 72.6732183, 22.9838184, 0.0 ], [ 72.6734433, 22.9839214, 0.0 ], [ 72.6736723, 22.9840184, 0.0 ], [ 72.6739033, 22.9841074, 0.0 ], [ 72.6741383, 22.9841904, 0.0 ], [ 72.6743763, 22.9842664, 0.0 ], [ 72.674615300000013, 22.9843364, 0.0 ], [ 72.6748033, 22.9843804, 0.0 ], [ 72.6749923, 22.9844184, 0.0 ], [ 72.6751823, 22.9844514, 0.0 ], [ 72.6753743, 22.9844774, 0.0 ], [ 72.6755663, 22.9844974, 0.0 ], [ 72.6757593, 22.9845114, 0.0 ], [ 72.67595230000002, 22.9845184, 0.0 ], [ 72.6761463, 22.9845204, 0.0 ], [ 72.6762103, 22.9845764, 0.0 ], [ 72.6762763, 22.9846304, 0.0 ], [ 72.6763443, 22.9846824, 0.0 ], [ 72.6764143, 22.9847324, 0.0 ], [ 72.6764863, 22.9847794, 0.0 ], [ 72.67656030000002, 22.9848254, 0.0 ], [ 72.6766353, 22.9848684, 0.0 ], [ 72.6767113, 22.9849084, 0.0 ], [ 72.6767893, 22.9849464, 0.0 ], [ 72.6768693, 22.9849824, 0.0 ], [ 72.6769503, 22.9850154, 0.0 ], [ 72.6770313, 22.9850464, 0.0 ], [ 72.6771143, 22.9850744, 0.0 ], [ 72.6771983, 22.9850994, 0.0 ], [ 72.6772833, 22.9851224, 0.0 ], [ 72.6773683, 22.9851424, 0.0 ], [ 72.6774553, 22.9851604, 0.0 ], [ 72.6775413, 22.9851744, 0.0 ], [ 72.6776293, 22.9851864, 0.0 ], [ 72.6777163, 22.9851964, 0.0 ], [ 72.6778043, 22.9852024, 0.0 ], [ 72.6778923, 22.9852064, 0.0 ], [ 72.6779813, 22.9852074, 0.0 ], [ 72.6777113, 22.9847734, 0.0 ], [ 72.6776483, 22.9844564, 0.0 ], [ 72.6772213, 22.9840024, 0.0 ], [ 72.6766263, 22.9811834, 0.0 ], [ 72.6764203, 22.9800204, 0.0 ], [ 72.6761493, 22.9786314, 0.0 ], [ 72.6758273, 22.9774034, 0.0 ], [ 72.6756903, 22.9771094, 0.0 ], [ 72.6760933, 22.9751014, 0.0 ], [ 72.6761513, 22.9747244, 0.0 ], [ 72.6755133, 22.9744544, 0.0 ], [ 72.6745083, 22.9739224, 0.0 ], [ 72.6738153, 22.9738934, 0.0 ], [ 72.6726023, 22.9739264, 0.0 ], [ 72.6705333, 22.9740804, 0.0 ], [ 72.6696904, 22.9742514, 0.0 ], [ 72.6695974, 22.9731084, 0.0 ], [ 72.6687264, 22.9729774, 0.0 ], [ 72.6677954, 22.9732454, 0.0 ], [ 72.6675844, 22.9727634, 0.0 ], [ 72.6665244, 22.9715314, 0.0 ], [ 72.6663094, 22.9713104, 0.0 ], [ 72.6655934, 22.9711704, 0.0 ], [ 72.6642094, 22.9699104, 0.0 ], [ 72.6627974, 22.9687574, 0.0 ], [ 72.6625294, 22.9683314, 0.0 ], [ 72.6622404, 22.9682444, 0.0 ], [ 72.6617564, 22.9682344, 0.0 ], [ 72.6613964, 22.9680544, 0.0 ], [ 72.6609144, 22.9679584, 0.0 ], [ 72.6601944, 22.9679274, 0.0 ], [ 72.6602214, 22.9688904, 0.0 ], [ 72.6589484, 22.9687624, 0.0 ], [ 72.6578524, 22.9686124, 0.0 ], [ 72.6573644, 22.9685124, 0.0 ], [ 72.6560804, 22.9680344, 0.0 ], [ 72.6551494, 22.9680084, 0.0 ], [ 72.6542784, 22.9677354, 0.0 ], [ 72.6529524, 22.9672384, 0.0 ], [ 72.6530434, 22.9667134, 0.0 ], [ 72.6532244, 22.9652914, 0.0 ], [ 72.65331740000002, 22.9648404, 0.0 ], [ 72.6534444, 22.9643114, 0.0 ], [ 72.6536144, 22.9637374, 0.0 ], [ 72.6536804, 22.9630344, 0.0 ], [ 72.6539944, 22.9627374, 0.0 ], [ 72.6543464, 22.9624184, 0.0 ], [ 72.6553424, 22.9619234, 0.0 ], [ 72.6558234, 22.9615504, 0.0 ], [ 72.6565834, 22.9605884, 0.0 ], [ 72.6567164, 22.9604534, 0.0 ], [ 72.6567234, 22.9602494, 0.0 ], [ 72.6571364, 22.9600044, 0.0 ], [ 72.6578594, 22.9600794, 0.0 ], [ 72.6589484, 22.9601634, 0.0 ], [ 72.6591194, 22.9590084, 0.0 ], [ 72.6594814, 22.9579964, 0.0 ], [ 72.6595874, 22.9577004, 0.0 ], [ 72.6599214, 22.9569384, 0.0 ], [ 72.6602324, 22.9561334, 0.0 ], [ 72.6607624, 22.9549664, 0.0 ], [ 72.6608524, 22.9547824, 0.0 ], [ 72.6609564, 22.9545674, 0.0 ], [ 72.6611334, 22.9542654, 0.0 ], [ 72.6613554, 22.9539144, 0.0 ], [ 72.6614694, 22.9537014, 0.0 ], [ 72.6616054, 22.9534564, 0.0 ], [ 72.6619574, 22.9529574, 0.0 ], [ 72.6621544, 22.9526754, 0.0 ], [ 72.6630714, 22.9514804, 0.0 ], [ 72.6633764, 22.9510464, 0.0 ], [ 72.6635824, 22.9507264, 0.0 ], [ 72.6637874, 22.9503514, 0.0 ], [ 72.6639184, 22.9500754, 0.0 ], [ 72.6641204, 22.9497324, 0.0 ], [ 72.6643074, 22.9489474, 0.0 ], [ 72.6644214, 22.9485064, 0.0 ], [ 72.6645144, 22.9481534, 0.0 ], [ 72.6646894, 22.9476014, 0.0 ], [ 72.6648674, 22.9476264, 0.0 ], [ 72.6659114, 22.9478044, 0.0 ], [ 72.6662374, 22.9478954, 0.0 ], [ 72.6668334, 22.9480614, 0.0 ], [ 72.6671414, 22.9484764, 0.0 ], [ 72.6672544, 22.9487064, 0.0 ], [ 72.6673334, 22.9489504, 0.0 ], [ 72.6674714, 22.9489694, 0.0 ], [ 72.6675764, 22.9491954, 0.0 ], [ 72.6676564, 22.9492864, 0.0 ], [ 72.6677434, 22.9493514, 0.0 ], [ 72.6678204, 22.9494284, 0.0 ], [ 72.6678494, 22.9494464, 0.0 ], [ 72.6682334, 22.9496334, 0.0 ], [ 72.6682804, 22.9496344, 0.0 ], [ 72.6684894, 22.9494864, 0.0 ], [ 72.6686524, 22.9493024, 0.0 ], [ 72.6689274, 22.9488904, 0.0 ], [ 72.6688204, 22.9475304, 0.0 ], [ 72.6689064, 22.9473594, 0.0 ], [ 72.6689904, 22.9473234, 0.0 ], [ 72.6692964, 22.9469314, 0.0 ], [ 72.6693894, 22.9466994, 0.0 ], [ 72.6697974, 22.9469534, 0.0 ], [ 72.6707083, 22.9466804, 0.0 ], [ 72.6705713, 22.9465334, 0.0 ], [ 72.6705183, 22.9461444, 0.0 ], [ 72.6703853, 22.9455754, 0.0 ], [ 72.6711093, 22.9454594, 0.0 ], [ 72.6710903, 22.9450334, 0.0 ], [ 72.6709543, 22.9444594, 0.0 ], [ 72.6713193, 22.9443774, 0.0 ], [ 72.6715753, 22.9445634, 0.0 ], [ 72.6718683, 22.9444184, 0.0 ], [ 72.6720663, 22.9445584, 0.0 ], [ 72.6726553, 22.9444744, 0.0 ], [ 72.6727693, 22.9440934, 0.0 ], [ 72.6732983, 22.9440874, 0.0 ], [ 72.6738443, 22.9440164, 0.0 ], [ 72.6736843, 22.9434474, 0.0 ], [ 72.6736323, 22.9432354, 0.0 ], [ 72.6735243, 22.9428384, 0.0 ], [ 72.6735203, 22.9426564, 0.0 ], [ 72.6734633, 22.9423484, 0.0 ], [ 72.6735913, 22.9423954, 0.0 ], [ 72.6739703, 22.9424754, 0.0 ], [ 72.6742363, 22.9417544, 0.0 ], [ 72.6745743, 22.9411824, 0.0 ], [ 72.6752813, 22.9409834, 0.0 ], [ 72.6758363, 22.9415564, 0.0 ], [ 72.6762393, 22.9417144, 0.0 ], [ 72.6762943, 22.9414134, 0.0 ], [ 72.6765163, 22.9405304, 0.0 ], [ 72.6768003, 22.9397414, 0.0 ], [ 72.6769163, 22.9397464, 0.0 ], [ 72.6769433, 22.9394004, 0.0 ], [ 72.6768373, 22.9388864, 0.0 ], [ 72.6767923, 22.9385884, 0.0 ], [ 72.6773483, 22.9384814, 0.0 ], [ 72.6776153, 22.9384304, 0.0 ], [ 72.6776093, 22.9383454, 0.0 ], [ 72.6780683, 22.9382664, 0.0 ], [ 72.6781543, 22.9383024, 0.0 ], [ 72.6784473, 22.9382504, 0.0 ], [ 72.678683300000017, 22.9382194, 0.0 ], [ 72.6791103, 22.9380664, 0.0 ], [ 72.6792223, 22.9379824, 0.0 ], [ 72.6791783, 22.9378104, 0.0 ], [ 72.6789103, 22.9376264, 0.0 ], [ 72.6788253, 22.9372764, 0.0 ], [ 72.6787933, 22.9371314, 0.0 ], [ 72.6797743, 22.9367974, 0.0 ], [ 72.6801213, 22.9366964, 0.0 ], [ 72.6804103, 22.9365934, 0.0 ], [ 72.6809453, 22.9363954, 0.0 ], [ 72.6808273, 22.9355944, 0.0 ], [ 72.6807723, 22.9353904, 0.0 ], [ 72.6806823, 22.9353734, 0.0 ], [ 72.6803573, 22.9340794, 0.0 ], [ 72.6803453, 22.9339464, 0.0 ], [ 72.6803083, 22.9335474, 0.0 ], [ 72.6803743, 22.9332324, 0.0 ], [ 72.6805223, 22.9329674, 0.0 ], [ 72.6807983, 22.9326644, 0.0 ], [ 72.6809613, 22.9320974, 0.0 ], [ 72.6808383, 22.9318684, 0.0 ], [ 72.6802743, 22.9316634, 0.0 ], [ 72.6801383, 22.9320144, 0.0 ], [ 72.6800663, 22.9322604, 0.0 ], [ 72.6800903, 22.9323724, 0.0 ], [ 72.6800993, 22.9325904, 0.0 ], [ 72.6797193, 22.9326414, 0.0 ], [ 72.6796643, 22.9326354, 0.0 ], [ 72.6793103, 22.9325964, 0.0 ], [ 72.6790953, 22.9324714, 0.0 ], [ 72.6789453, 22.9325164, 0.0 ], [ 72.6789023, 22.9325504, 0.0 ], [ 72.6788803, 22.9325924, 0.0 ], [ 72.6788973, 22.9327474, 0.0 ], [ 72.6785773, 22.9327364, 0.0 ], [ 72.6781383, 22.9327214, 0.0 ], [ 72.6778413, 22.9327404, 0.0 ], [ 72.6774293, 22.9327414, 0.0 ], [ 72.6770253, 22.9327424, 0.0 ], [ 72.6766263, 22.9327434, 0.0 ], [ 72.6764713, 22.9320724, 0.0 ], [ 72.6760003, 22.9318874, 0.0 ], [ 72.6753843, 22.9319744, 0.0 ], [ 72.6751913, 22.9316694, 0.0 ], [ 72.6734513, 22.9312904, 0.0 ], [ 72.6730233, 22.9310444, 0.0 ], [ 72.6723843, 22.9303314, 0.0 ], [ 72.670713300000017, 22.9305624, 0.0 ], [ 72.6706113, 22.9303514, 0.0 ], [ 72.6689314, 22.9296754, 0.0 ], [ 72.6683264, 22.9304794, 0.0 ], [ 72.667920400000014, 22.9306484, 0.0 ], [ 72.6677164, 22.9307284, 0.0 ], [ 72.6669374, 22.9306724, 0.0 ], [ 72.6653484, 22.9306114, 0.0 ], [ 72.6652914, 22.9302954, 0.0 ], [ 72.6643204, 22.9302574, 0.0 ], [ 72.6633744, 22.9289254, 0.0 ], [ 72.6631914, 22.9276794, 0.0 ], [ 72.662763400000017, 22.9267764, 0.0 ], [ 72.6630294, 22.9260834, 0.0 ], [ 72.6631744, 22.9250524, 0.0 ], [ 72.6631874, 22.9246914, 0.0 ], [ 72.6632074, 22.9244024, 0.0 ], [ 72.6632334, 22.9241984, 0.0 ], [ 72.6633404, 22.9241264, 0.0 ], [ 72.6633444, 22.9240424, 0.0 ], [ 72.6632364, 22.9239344, 0.0 ], [ 72.6632704, 22.9235664, 0.0 ], [ 72.663281400000017, 22.9233164, 0.0 ], [ 72.6634334, 22.9225534, 0.0 ], [ 72.6631654, 22.9224724, 0.0 ], [ 72.6631094, 22.9222044, 0.0 ], [ 72.6632144, 22.9219514, 0.0 ], [ 72.6631544, 22.9217784, 0.0 ], [ 72.6631324, 22.9216554, 0.0 ], [ 72.6630954, 22.9216184, 0.0 ], [ 72.6630554, 22.9213774, 0.0 ], [ 72.663021400000019, 22.9210524, 0.0 ], [ 72.6630424, 22.9207884, 0.0 ], [ 72.6628774, 22.9206784, 0.0 ], [ 72.6630004, 22.9203584, 0.0 ], [ 72.6628364, 22.9200884, 0.0 ], [ 72.6623334, 22.9191514, 0.0 ], [ 72.6622254, 22.9181304, 0.0 ], [ 72.6617264, 22.9166914, 0.0 ], [ 72.6607694, 22.9167054, 0.0 ], [ 72.6593994, 22.9163434, 0.0 ], [ 72.6592234, 22.9161634, 0.0 ], [ 72.6586984, 22.9160934, 0.0 ], [ 72.6583374, 22.9160624, 0.0 ], [ 72.6575664, 22.9159394, 0.0 ], [ 72.6570874, 22.9159284, 0.0 ], [ 72.6562714, 22.9165674, 0.0 ], [ 72.6546404, 22.9182604, 0.0 ], [ 72.6500574, 22.9228884, 0.0 ], [ 72.6493834, 22.9235724, 0.0 ], [ 72.6486684, 22.9242844, 0.0 ], [ 72.6478344, 22.9251994, 0.0 ], [ 72.6471794, 22.9259294, 0.0 ], [ 72.6470524, 22.9261224, 0.0 ], [ 72.6469024, 22.9263164, 0.0 ], [ 72.6455754, 22.9275324, 0.0 ], [ 72.6451814, 22.9279374, 0.0 ], [ 72.6445054, 22.9285614, 0.0 ], [ 72.6419104, 22.9291614, 0.0 ], [ 72.6412204, 22.9293364, 0.0 ], [ 72.6409744, 22.9292554, 0.0 ], [ 72.6403814, 22.9294064, 0.0 ], [ 72.6392544, 22.9295744, 0.0 ], [ 72.6389865, 22.9296724, 0.0 ], [ 72.638222500000012, 22.9300614, 0.0 ], [ 72.6380405, 22.9299684, 0.0 ], [ 72.6376825, 22.9300434, 0.0 ], [ 72.6369155, 22.9302424, 0.0 ], [ 72.6364875, 22.9300344, 0.0 ], [ 72.6361185, 22.9302284, 0.0 ], [ 72.6351355, 22.9305494, 0.0 ], [ 72.6335955, 22.9313144, 0.0 ], [ 72.6333665, 22.9316804, 0.0 ], [ 72.6330985, 22.9318024, 0.0 ], [ 72.6317105, 22.9324714, 0.0 ], [ 72.6302965, 22.9331054, 0.0 ], [ 72.630180561686615, 22.933283661559905, 0.0 ], [ 72.6295901, 22.9331982, 0.0 ], [ 72.6285861, 22.9331152, 0.0 ], [ 72.6284811, 22.9329862, 0.0 ], [ 72.6283511, 22.9322402, 0.0 ], [ 72.6268991, 22.9322212, 0.0 ], [ 72.6265911, 22.9322132, 0.0 ], [ 72.6263971, 22.9321922, 0.0 ], [ 72.6261761, 22.9320162, 0.0 ], [ 72.6261041, 22.9316142, 0.0 ], [ 72.6249821, 22.9314252, 0.0 ], [ 72.6245541, 22.9313212, 0.0 ], [ 72.6246631, 22.9309522, 0.0 ], [ 72.6250801, 22.9299382, 0.0 ], [ 72.6252251, 22.9294552, 0.0 ], [ 72.6253841, 22.9290382, 0.0 ], [ 72.6252211, 22.9285652, 0.0 ], [ 72.6251721, 22.9280082, 0.0 ], [ 72.6251271, 22.9276772, 0.0 ], [ 72.6249231, 22.9270502, 0.0 ], [ 72.6253121, 22.9264952, 0.0 ], [ 72.6258511, 22.9257892, 0.0 ], [ 72.6262531, 22.9252742, 0.0 ], [ 72.6265871, 22.9245882, 0.0 ], [ 72.6269211, 22.9238962, 0.0 ], [ 72.6270721, 22.9235112, 0.0 ], [ 72.6269051, 22.9234252, 0.0 ], [ 72.6262711, 22.9235672, 0.0 ], [ 72.6255401, 22.9232452, 0.0 ], [ 72.6251671, 22.9232042, 0.0 ], [ 72.6239771, 22.9229702, 0.0 ], [ 72.6238541, 22.9223852, 0.0 ], [ 72.6231851, 22.9221022, 0.0 ], [ 72.6226251, 22.9219502, 0.0 ], [ 72.6225731, 22.9212692, 0.0 ], [ 72.6220751, 22.9209712, 0.0 ], [ 72.6211921, 22.9205872, 0.0 ], [ 72.6203811, 22.9202682, 0.0 ], [ 72.6197851, 22.9201062, 0.0 ], [ 72.6189771, 22.9200502, 0.0 ], [ 72.6186471, 22.9200282, 0.0 ], [ 72.6186631, 22.9203592, 0.0 ], [ 72.6178061, 22.9205382, 0.0 ], [ 72.6171001, 22.9206072, 0.0 ], [ 72.6167701, 22.9205842, 0.0 ], [ 72.6167091, 22.9207482, 0.0 ], [ 72.6150951, 22.9206662, 0.0 ], [ 72.6147521, 22.9207412, 0.0 ], [ 72.6145471, 22.9215222, 0.0 ], [ 72.6141671, 22.9215502, 0.0 ], [ 72.6140991, 22.9219232, 0.0 ], [ 72.6137011, 22.9219352, 0.0 ], [ 72.6133981, 22.9226002, 0.0 ], [ 72.6133751, 22.9226692, 0.0 ], [ 72.6133491, 22.9227382, 0.0 ], [ 72.6133211, 22.9228062, 0.0 ], [ 72.6132901, 22.9228732, 0.0 ], [ 72.6132561, 22.9229392, 0.0 ], [ 72.6132201, 22.9230032, 0.0 ], [ 72.6131821, 22.9230672, 0.0 ], [ 72.6131421, 22.9231292, 0.0 ], [ 72.6130991, 22.9231912, 0.0 ], [ 72.6130541, 22.9232502, 0.0 ], [ 72.6130061, 22.9233082, 0.0 ], [ 72.6129571, 22.9233652, 0.0 ], [ 72.6129411, 22.9233822, 0.0 ], [ 72.6129251, 22.9233982, 0.0 ], [ 72.6129091, 22.9234142, 0.0 ], [ 72.6128911, 22.9234292, 0.0 ], [ 72.6128741, 22.9234432, 0.0 ], [ 72.6128551, 22.9234572, 0.0 ], [ 72.61283610000001, 22.9234712, 0.0 ], [ 72.6128171, 22.9234842, 0.0 ], [ 72.6127971, 22.9234962, 0.0 ], [ 72.6127771, 22.9235082, 0.0 ], [ 72.6127561, 22.9235192, 0.0 ], [ 72.6127351, 22.9235292, 0.0 ], [ 72.6127141, 22.9235392, 0.0 ], [ 72.6126921, 22.9235482, 0.0 ], [ 72.6126701, 22.9235562, 0.0 ], [ 72.6126481, 22.9235632, 0.0 ], [ 72.6126251, 22.9235702, 0.0 ], [ 72.6126021, 22.9235762, 0.0 ], [ 72.6125791, 22.9235822, 0.0 ], [ 72.6125561, 22.9235872, 0.0 ], [ 72.6125331, 22.9235912, 0.0 ], [ 72.6125091, 22.9235942, 0.0 ], [ 72.6124851, 22.9235962, 0.0 ], [ 72.6115261, 22.9236882, 0.0 ], [ 72.6101941, 22.9237422, 0.0 ], [ 72.6093861, 22.9235382, 0.0 ], [ 72.6093421, 22.9255942, 0.0 ], [ 72.6088341, 22.9264102, 0.0 ], [ 72.6084441, 22.9270562, 0.0 ], [ 72.6079141, 22.9280772, 0.0 ], [ 72.6076571, 22.9283692, 0.0 ], [ 72.6073001, 22.9289562, 0.0 ], [ 72.6068411, 22.9294812, 0.0 ], [ 72.6064481, 22.9301732, 0.0 ], [ 72.606264687036088, 22.930496923881329, 0.0 ], [ 72.6061837, 22.9304767, 0.0 ] ], [ [ 72.6078307, 22.9673997, 0.0 ], [ 72.6077977, 22.9672907, 0.0 ], [ 72.6077957, 22.9672837, 0.0 ], [ 72.6075177, 22.9663517, 0.0 ], [ 72.6072697, 22.9651467, 0.0 ], [ 72.6069027, 22.9632847, 0.0 ], [ 72.606503700000019, 22.9619327, 0.0 ], [ 72.6059317, 22.9606957, 0.0 ], [ 72.6070517, 22.9604327, 0.0 ], [ 72.6080937, 22.9602077, 0.0 ], [ 72.6090417, 22.9600037, 0.0 ], [ 72.6098107, 22.9598517, 0.0 ], [ 72.6108297, 22.9596957, 0.0 ], [ 72.6113816, 22.9596627, 0.0 ], [ 72.6116226, 22.9590577, 0.0 ], [ 72.6123966, 22.9577217, 0.0 ], [ 72.612432693539702, 22.957505138761778, 0.0 ], [ 72.6124981, 22.9575492, 0.0 ], [ 72.6124611, 22.9577712, 0.0 ], [ 72.6116871, 22.9591072, 0.0 ], [ 72.6114461, 22.9597122, 0.0 ], [ 72.6108941, 22.9597452, 0.0 ], [ 72.6098751, 22.9599012, 0.0 ], [ 72.6091061, 22.9600532, 0.0 ], [ 72.608158100000011, 22.9602572, 0.0 ], [ 72.607116100000013, 22.9604822, 0.0 ], [ 72.6059961, 22.9607452, 0.0 ], [ 72.6065681, 22.9619822, 0.0 ], [ 72.6069671, 22.9633342, 0.0 ], [ 72.6073341, 22.9651962, 0.0 ], [ 72.6075821, 22.9664012, 0.0 ], [ 72.6078601, 22.9673332, 0.0 ], [ 72.6078621, 22.9673402, 0.0 ], [ 72.6078951, 22.9674492, 0.0 ], [ 72.6083341, 22.9683142, 0.0 ], [ 72.6098511, 22.9709762, 0.0 ], [ 72.6106851, 22.9727312, 0.0 ], [ 72.6108701, 22.9751132, 0.0 ], [ 72.6108921, 22.9786222, 0.0 ], [ 72.610994360381554, 22.978733756779878, 0.0 ], [ 72.6109817, 22.978731, 0.0 ], [ 72.6111867, 22.979006, 0.0 ], [ 72.6112217, 22.979812, 0.0 ], [ 72.6113467, 22.981602, 0.0 ], [ 72.6114337, 22.983722, 0.0 ], [ 72.6114807, 22.986315, 0.0 ], [ 72.6114047, 22.986972, 0.0 ], [ 72.611399915601197, 22.987031918899302, 0.0 ], [ 72.6098607, 22.9872632, 0.0 ], [ 72.6092197, 22.9873372, 0.0 ], [ 72.6039217, 22.9886202, 0.0 ], [ 72.6037537, 22.9886472, 0.0 ], [ 72.6036347, 22.9886662, 0.0 ], [ 72.5992248, 22.9888402, 0.0 ], [ 72.5961778, 22.9889222, 0.0 ], [ 72.5960128, 22.9889262, 0.0 ], [ 72.5960348, 22.9890542, 0.0 ], [ 72.5955418, 22.9890652, 0.0 ], [ 72.5952188, 22.9901342, 0.0 ], [ 72.5947268, 22.9914672, 0.0 ], [ 72.5932508, 22.9917082, 0.0 ], [ 72.5932338, 22.9954982, 0.0 ], [ 72.5932408, 22.9974822, 0.0 ], [ 72.5932338, 22.9984162, 0.0 ], [ 72.5931998, 23.0006232, 0.0 ], [ 72.5932428, 23.0018872, 0.0 ], [ 72.5932608, 23.0025442, 0.0 ], [ 72.5933838, 23.0027642, 0.0 ], [ 72.5933748, 23.0040632, 0.0 ], [ 72.5931148, 23.0054732, 0.0 ], [ 72.5930598, 23.0059772, 0.0 ], [ 72.5930238, 23.0071692, 0.0 ], [ 72.5930228, 23.0082002, 0.0 ], [ 72.5928658, 23.0092982, 0.0 ], [ 72.5928408, 23.0099542, 0.0 ], [ 72.5928078, 23.0102412, 0.0 ], [ 72.5923798, 23.0115582, 0.0 ], [ 72.5942188, 23.0119212, 0.0 ], [ 72.5968358, 23.0123652, 0.0 ], [ 72.5974058, 23.0117772, 0.0 ], [ 72.597448217899085, 23.011797394167267, 0.0 ], [ 72.5968786, 23.012385, 0.0 ], [ 72.5942616, 23.011941, 0.0 ], [ 72.5924226, 23.011578, 0.0 ], [ 72.5919646, 23.012969, 0.0 ], [ 72.5917376, 23.013458, 0.0 ], [ 72.5913506, 23.013966, 0.0 ], [ 72.5909716, 23.015608, 0.0 ], [ 72.5910646, 23.016726, 0.0 ], [ 72.5907836, 23.016786, 0.0 ], [ 72.5905666, 23.016864, 0.0 ], [ 72.5903156, 23.017002, 0.0 ], [ 72.5901086, 23.017181, 0.0 ], [ 72.5898786, 23.017405, 0.0 ], [ 72.5897326, 23.017622, 0.0 ], [ 72.5896356, 23.017784, 0.0 ], [ 72.5894726, 23.018154, 0.0 ], [ 72.5894196, 23.018251, 0.0 ], [ 72.5893066, 23.018329, 0.0 ], [ 72.5886386, 23.018554, 0.0 ], [ 72.5879396, 23.01884, 0.0 ], [ 72.5870876, 23.019202, 0.0 ], [ 72.5866996, 23.019397, 0.0 ], [ 72.5862346, 23.019659, 0.0 ], [ 72.586241016192048, 23.019611413242334, 0.0 ], [ 72.5866567, 23.0193772, 0.0 ], [ 72.5870447, 23.0191822, 0.0 ], [ 72.5878967, 23.0188202, 0.0 ], [ 72.5885957, 23.0185342, 0.0 ], [ 72.589263700000018, 23.0183092, 0.0 ], [ 72.5893767, 23.0182312, 0.0 ], [ 72.5894297, 23.0181342, 0.0 ], [ 72.5895927, 23.0177642, 0.0 ], [ 72.5896897, 23.0176022, 0.0 ], [ 72.5898357, 23.0173852, 0.0 ], [ 72.5900657, 23.0171612, 0.0 ], [ 72.5902727, 23.0169822, 0.0 ], [ 72.5905237, 23.0168442, 0.0 ], [ 72.5907407, 23.0167662, 0.0 ], [ 72.5910217, 23.0167062, 0.0 ], [ 72.5909287, 23.0155882, 0.0 ], [ 72.5913077, 23.0139462, 0.0 ], [ 72.5900277, 23.0131502, 0.0 ], [ 72.5895697, 23.0129112, 0.0 ], [ 72.5889217, 23.0126682, 0.0 ], [ 72.5871147, 23.0120032, 0.0 ], [ 72.5839597, 23.0110242, 0.0 ], [ 72.5808997, 23.0100642, 0.0 ], [ 72.5795677, 23.0102752, 0.0 ], [ 72.5788547, 23.0104472, 0.0 ], [ 72.5787007, 23.0104712, 0.0 ], [ 72.574832809087368, 23.011077494113305, 0.0 ], [ 72.574805375141239, 23.011019139937812, 0.0 ], [ 72.5786793, 23.0104119, 0.0 ], [ 72.5788333, 23.0103879, 0.0 ], [ 72.5795463, 23.0102159, 0.0 ], [ 72.580868335356527, 23.010006478483309, 0.0 ], [ 72.5808783, 23.0100445, 0.0 ], [ 72.583938300000014, 23.0110045, 0.0 ], [ 72.587093300000021, 23.0119835, 0.0 ], [ 72.5889003, 23.0126485, 0.0 ], [ 72.5895483, 23.0128915, 0.0 ], [ 72.5900063, 23.0131305, 0.0 ], [ 72.5912863, 23.0139265, 0.0 ], [ 72.5916733, 23.0134185, 0.0 ], [ 72.5919003, 23.0129295, 0.0 ], [ 72.5923583, 23.0115385, 0.0 ], [ 72.5927863, 23.0102215, 0.0 ], [ 72.5928193, 23.0099345, 0.0 ], [ 72.5928443, 23.0092785, 0.0 ], [ 72.5930013, 23.0081805, 0.0 ], [ 72.5930023, 23.0071495, 0.0 ], [ 72.5930383, 23.0059575, 0.0 ], [ 72.5930933, 23.0054535, 0.0 ], [ 72.5933533, 23.0040435, 0.0 ], [ 72.5933623, 23.0027445, 0.0 ], [ 72.5932393, 23.0025245, 0.0 ], [ 72.5932213, 23.0018675, 0.0 ], [ 72.5931783, 23.0006035, 0.0 ], [ 72.5932123, 22.9983965, 0.0 ], [ 72.5932193, 22.9974625, 0.0 ], [ 72.5932123, 22.9954785, 0.0 ], [ 72.5932293, 22.9916885, 0.0 ], [ 72.5947053, 22.9914475, 0.0 ], [ 72.5951973, 22.9901145, 0.0 ], [ 72.5955203, 22.9890455, 0.0 ], [ 72.5960133, 22.9890345, 0.0 ], [ 72.5959913, 22.9889065, 0.0 ], [ 72.5959673, 22.9887675, 0.0 ], [ 72.5959583, 22.9887115, 0.0 ], [ 72.595958311559642, 22.988711471926607, 0.0 ], [ 72.5959673, 22.9887674, 0.0 ], [ 72.5959913, 22.9889064, 0.0 ], [ 72.5961563, 22.9889024, 0.0 ], [ 72.5992033, 22.9888204, 0.0 ], [ 72.6036133, 22.9886464, 0.0 ], [ 72.6037323, 22.9886274, 0.0 ], [ 72.6039003, 22.9886004, 0.0 ], [ 72.6091982, 22.9873174, 0.0 ], [ 72.6098392, 22.9872434, 0.0 ], [ 72.6113832, 22.9870114, 0.0 ], [ 72.6114592, 22.9863544, 0.0 ], [ 72.6114122, 22.9837614, 0.0 ], [ 72.6113252, 22.9816414, 0.0 ], [ 72.6112002, 22.9798514, 0.0 ], [ 72.611165200000016, 22.9790454, 0.0 ], [ 72.6109602, 22.9787704, 0.0 ], [ 72.6108062, 22.9786024, 0.0 ], [ 72.6107842, 22.9750934, 0.0 ], [ 72.6105992, 22.9727114, 0.0 ], [ 72.6097652, 22.9709564, 0.0 ], [ 72.6082482, 22.9682944, 0.0 ], [ 72.607811479409662, 22.967433891319711, 0.0 ], [ 72.6078187, 22.9674217, 0.0 ], [ 72.6078307, 22.9673997, 0.0 ] ], [ [ 72.6120996, 22.9572747, 0.0 ], [ 72.6121216, 22.9566977, 0.0 ], [ 72.6120986, 22.9560697, 0.0 ], [ 72.6121046, 22.9557857, 0.0 ], [ 72.61235372691452, 22.955066629133093, 0.0 ], [ 72.6124331, 22.9550732, 0.0 ], [ 72.6121691, 22.9558352, 0.0 ], [ 72.6121631, 22.9561192, 0.0 ], [ 72.6121861, 22.9567472, 0.0 ], [ 72.612164324877071, 22.957318302087849, 0.0 ], [ 72.6120996, 22.9572747, 0.0 ] ], [ [ 72.6082177, 22.9553567, 0.0 ], [ 72.6083147, 22.9552677, 0.0 ], [ 72.6083787, 22.9550767, 0.0 ], [ 72.6083817, 22.9548877, 0.0 ], [ 72.608413535105484, 22.954673017109183, 0.0 ], [ 72.6084851, 22.9546742, 0.0 ], [ 72.6084461, 22.9549372, 0.0 ], [ 72.6084431, 22.9551262, 0.0 ], [ 72.6083791, 22.9553172, 0.0 ], [ 72.608328661941982, 22.955363478218175, 0.0 ], [ 72.6082177, 22.9553567, 0.0 ] ], [ [ 72.6082997, 22.9546227, 0.0 ], [ 72.608184197061263, 22.954499793026731, 0.0 ], [ 72.6082081, 22.9545062, 0.0 ], [ 72.608317864074039, 22.95462300023263, 0.0 ], [ 72.6082997, 22.9546227, 0.0 ] ], [ [ 72.6080467, 22.9544307, 0.0 ], [ 72.6080677, 22.9542067, 0.0 ], [ 72.6084767, 22.9542027, 0.0 ], [ 72.6084287, 22.9539847, 0.0 ], [ 72.6083687, 22.9536987, 0.0 ], [ 72.6082947, 22.9533397, 0.0 ], [ 72.608225759360252, 22.953006636130045, 0.0 ], [ 72.6082821, 22.9530172, 0.0 ], [ 72.6083591, 22.9533892, 0.0 ], [ 72.6084331, 22.9537482, 0.0 ], [ 72.6084931, 22.9540342, 0.0 ], [ 72.6085411, 22.9542522, 0.0 ], [ 72.6081321, 22.9542562, 0.0 ], [ 72.608114048240111, 22.954448752105598, 0.0 ], [ 72.6080467, 22.9544307, 0.0 ] ], [ [ 72.6082177, 22.9529677, 0.0 ], [ 72.608153700000017, 22.9529557, 0.0 ], [ 72.6081577, 22.9526647, 0.0 ], [ 72.6081717, 22.9523727, 0.0 ], [ 72.6081807, 22.9521877, 0.0 ], [ 72.6082147, 22.9519647, 0.0 ], [ 72.6082447, 22.9517637, 0.0 ], [ 72.6082787, 22.9515397, 0.0 ], [ 72.6082657, 22.9513317, 0.0 ], [ 72.6082237, 22.9512587, 0.0 ], [ 72.6082897, 22.9510947, 0.0 ], [ 72.6084657, 22.9506587, 0.0 ], [ 72.6087007, 22.9500757, 0.0 ], [ 72.608712797858303, 22.950028582025546, 0.0 ], [ 72.6087841, 22.9500512, 0.0 ], [ 72.6087651, 22.9501252, 0.0 ], [ 72.6085301, 22.9507082, 0.0 ], [ 72.6083541, 22.9511442, 0.0 ], [ 72.6082881, 22.9513082, 0.0 ], [ 72.6083301, 22.9513812, 0.0 ], [ 72.6083431, 22.9515892, 0.0 ], [ 72.6083091, 22.9518132, 0.0 ], [ 72.6082791, 22.9520142, 0.0 ], [ 72.6082451, 22.9522372, 0.0 ], [ 72.6082361, 22.9524222, 0.0 ], [ 72.6082221, 22.9527142, 0.0 ], [ 72.608218558455746, 22.952971847344653, 0.0 ], [ 72.6082177, 22.9529677, 0.0 ] ], [ [ 72.6068567, 22.9493817, 0.0 ], [ 72.6076087, 22.9469967, 0.0 ], [ 72.6077897, 22.9463247, 0.0 ], [ 72.6079907, 22.9443277, 0.0 ], [ 72.6082387, 22.9412387, 0.0 ], [ 72.6086027, 22.9372827, 0.0 ], [ 72.6086837, 22.9354787, 0.0 ], [ 72.6087677, 22.9338637, 0.0 ], [ 72.608837834600536, 22.931172902086686, 0.0 ], [ 72.6089031, 22.9311892, 0.0 ], [ 72.6088321, 22.9339132, 0.0 ], [ 72.6087481, 22.9355282, 0.0 ], [ 72.6086671, 22.9373322, 0.0 ], [ 72.6083031, 22.9412882, 0.0 ], [ 72.6080551, 22.9443772, 0.0 ], [ 72.6078541, 22.9463742, 0.0 ], [ 72.6076731, 22.9470462, 0.0 ], [ 72.606928503637818, 22.949407719047606, 0.0 ], [ 72.6068567, 22.9493817, 0.0 ] ], [ [ 72.573231151379858, 23.040302103705812, 0.0 ], [ 72.573231151379858, 23.040302103705816, 0.0 ], [ 72.57257, 23.040347, 0.0 ], [ 72.573231151379858, 23.040302103705812, 0.0 ] ], [ [ 72.574057324436183, 23.034494111141136, 0.0 ], [ 72.5759217, 23.0344602, 0.0 ], [ 72.5768467, 23.0344502, 0.0 ], [ 72.5769007, 23.0333802, 0.0 ], [ 72.5770687, 23.0320992, 0.0 ], [ 72.5775287, 23.0320872, 0.0 ], [ 72.5774537, 23.0318792, 0.0 ], [ 72.5777597, 23.0318052, 0.0 ], [ 72.5787937, 23.0313502, 0.0 ], [ 72.578797154917183, 23.031358240534509, 0.0 ], [ 72.5777812, 23.0318053, 0.0 ], [ 72.5774752, 23.0318793, 0.0 ], [ 72.5775502, 23.0320873, 0.0 ], [ 72.5770902, 23.0320993, 0.0 ], [ 72.5769222, 23.0333803, 0.0 ], [ 72.5768682, 23.0344503, 0.0 ], [ 72.5759432, 23.0344603, 0.0 ], [ 72.5740572469184, 23.034494603614771, 0.0 ], [ 72.574057324436183, 23.034494111141136, 0.0 ] ], [ [ 72.5796997, 23.0357312, 0.0 ], [ 72.5798287, 23.0357452, 0.0 ], [ 72.5800167, 23.0357482, 0.0 ], [ 72.5802157, 23.0357262, 0.0 ], [ 72.5809207, 23.0357072, 0.0 ], [ 72.5814557, 23.0357012, 0.0 ], [ 72.5817177, 23.0356882, 0.0 ], [ 72.5819127, 23.0355462, 0.0 ], [ 72.5820947, 23.0354362, 0.0 ], [ 72.5823107, 23.0353852, 0.0 ], [ 72.5824627, 23.0352462, 0.0 ], [ 72.5826697, 23.0350902, 0.0 ], [ 72.5827997, 23.0349442, 0.0 ], [ 72.5829177, 23.0348172, 0.0 ], [ 72.5829287, 23.0347062, 0.0 ], [ 72.5829667, 23.0341682, 0.0 ], [ 72.5829017, 23.0335932, 0.0 ], [ 72.5832507, 23.0335602, 0.0 ], [ 72.5832547, 23.0335612, 0.0 ], [ 72.5834727, 23.0336042, 0.0 ], [ 72.5840757, 23.0337292, 0.0 ], [ 72.5843847, 23.0337822, 0.0 ], [ 72.5848807, 23.0338042, 0.0 ], [ 72.5851137, 23.0338032, 0.0 ], [ 72.5852337, 23.0337782, 0.0 ], [ 72.5853367, 23.0337232, 0.0 ], [ 72.5847857, 23.0328772, 0.0 ], [ 72.5842427, 23.0318542, 0.0 ], [ 72.5836117, 23.0307412, 0.0 ], [ 72.5835137, 23.0305732, 0.0 ], [ 72.5834217, 23.0304152, 0.0 ], [ 72.5832817, 23.0298252, 0.0 ], [ 72.5830887, 23.0292252, 0.0 ], [ 72.5830657, 23.0289172, 0.0 ], [ 72.5830507, 23.0285372, 0.0 ], [ 72.5831107, 23.0279082, 0.0 ], [ 72.5830857, 23.0275682, 0.0 ], [ 72.5830687, 23.0269252, 0.0 ], [ 72.5830167, 23.0263902, 0.0 ], [ 72.5830127, 23.0263482, 0.0 ], [ 72.5829867, 23.0257882, 0.0 ], [ 72.5829327, 23.0254142, 0.0 ], [ 72.5829027, 23.0249022, 0.0 ], [ 72.5829037, 23.0247822, 0.0 ], [ 72.5837227, 23.0247682, 0.0 ], [ 72.5837237, 23.0247682, 0.0 ], [ 72.5837177, 23.0247342, 0.0 ], [ 72.5836837, 23.0244502, 0.0 ], [ 72.5836507, 23.0241512, 0.0 ], [ 72.5839227, 23.0237562, 0.0 ], [ 72.5840027, 23.0236432, 0.0 ], [ 72.5840537, 23.0225882, 0.0 ], [ 72.5840317, 23.0214602, 0.0 ], [ 72.5840377, 23.0212742, 0.0 ], [ 72.5840277, 23.0212762, 0.0 ], [ 72.5840317, 23.0211182, 0.0 ], [ 72.5838597, 23.0205782, 0.0 ], [ 72.5835837, 23.0198942, 0.0 ], [ 72.5834087, 23.0188642, 0.0 ], [ 72.5833887, 23.0182622, 0.0 ], [ 72.5834137, 23.0172642, 0.0 ], [ 72.5834027, 23.0167592, 0.0 ], [ 72.5832587, 23.0162932, 0.0 ], [ 72.5831877, 23.0159572, 0.0 ], [ 72.5833887, 23.0159462, 0.0 ], [ 72.58341999153636, 23.015966635289054, 0.0 ], [ 72.5832306, 23.015977, 0.0 ], [ 72.5833016, 23.016313, 0.0 ], [ 72.5834456, 23.016779, 0.0 ], [ 72.5834566, 23.017284, 0.0 ], [ 72.5834316, 23.018282, 0.0 ], [ 72.5834516, 23.018884, 0.0 ], [ 72.5836266, 23.019914, 0.0 ], [ 72.5839026, 23.020598, 0.0 ], [ 72.5840746, 23.021138, 0.0 ], [ 72.5840706, 23.021296, 0.0 ], [ 72.5840806, 23.021294, 0.0 ], [ 72.5840746, 23.02148, 0.0 ], [ 72.5840966, 23.022608, 0.0 ], [ 72.5840456, 23.023663, 0.0 ], [ 72.5839656, 23.023776, 0.0 ], [ 72.5836936, 23.024171, 0.0 ], [ 72.5837266, 23.02447, 0.0 ], [ 72.5837606, 23.024754, 0.0 ], [ 72.5837666, 23.024788, 0.0 ], [ 72.5837656, 23.024788, 0.0 ], [ 72.5829466, 23.024802, 0.0 ], [ 72.5829456, 23.024922, 0.0 ], [ 72.5829756, 23.025434, 0.0 ], [ 72.5830296, 23.025808, 0.0 ], [ 72.5830556, 23.026368, 0.0 ], [ 72.583058621160021, 23.026399722180273, 0.0 ], [ 72.5830489, 23.0264002, 0.0 ], [ 72.5831009, 23.0269352, 0.0 ], [ 72.5831179, 23.0275782, 0.0 ], [ 72.5831429, 23.0279182, 0.0 ], [ 72.5830829, 23.0285472, 0.0 ], [ 72.5830979, 23.0289272, 0.0 ], [ 72.5831209, 23.0292352, 0.0 ], [ 72.5833139, 23.0298352, 0.0 ], [ 72.5834539, 23.0304252, 0.0 ], [ 72.5835459, 23.0305832, 0.0 ], [ 72.5836439, 23.0307512, 0.0 ], [ 72.5842749, 23.0318642, 0.0 ], [ 72.5848179, 23.0328872, 0.0 ], [ 72.5853689, 23.0337332, 0.0 ], [ 72.5852659, 23.0337882, 0.0 ], [ 72.5851459, 23.0338132, 0.0 ], [ 72.5849129, 23.0338142, 0.0 ], [ 72.5844169, 23.0337922, 0.0 ], [ 72.5841079, 23.0337392, 0.0 ], [ 72.5835049, 23.0336142, 0.0 ], [ 72.5832869, 23.0335712, 0.0 ], [ 72.5832829, 23.0335702, 0.0 ], [ 72.5829339, 23.0336032, 0.0 ], [ 72.5829989, 23.0341782, 0.0 ], [ 72.5829609, 23.0347162, 0.0 ], [ 72.5829499, 23.0348272, 0.0 ], [ 72.5828319, 23.0349542, 0.0 ], [ 72.5827019, 23.0351002, 0.0 ], [ 72.5824949, 23.0352562, 0.0 ], [ 72.5823429, 23.0353952, 0.0 ], [ 72.5821269, 23.0354462, 0.0 ], [ 72.5819449, 23.0355562, 0.0 ], [ 72.5817499, 23.0356982, 0.0 ], [ 72.5814879, 23.0357112, 0.0 ], [ 72.5809529, 23.0357172, 0.0 ], [ 72.5802479, 23.0357362, 0.0 ], [ 72.5800489, 23.0357582, 0.0 ], [ 72.5798609, 23.0357552, 0.0 ], [ 72.5797319, 23.0357412, 0.0 ], [ 72.5795919, 23.0357312, 0.0 ], [ 72.5796019, 23.0358092, 0.0 ], [ 72.5796729, 23.0365092, 0.0 ], [ 72.5797569, 23.0371882, 0.0 ], [ 72.579822900000011, 23.0377202, 0.0 ], [ 72.5799119, 23.0379472, 0.0 ], [ 72.5799029, 23.0385362, 0.0 ], [ 72.579916705498889, 23.039333960614389, 0.0 ], [ 72.5799062, 23.0393353, 0.0 ], [ 72.5798922, 23.0385263, 0.0 ], [ 72.5799012, 23.0379373, 0.0 ], [ 72.5798122, 23.0377103, 0.0 ], [ 72.5797462, 23.0371783, 0.0 ], [ 72.5796622, 23.0364993, 0.0 ], [ 72.5795912, 23.0357993, 0.0 ], [ 72.579581385767099, 23.035722748983364, 0.0 ], [ 72.5796997, 23.0357312, 0.0 ] ], [ [ 72.5891196, 23.02788, 0.0 ], [ 72.5891926, 23.027996, 0.0 ], [ 72.5892736, 23.028124, 0.0 ], [ 72.5896276, 23.028514, 0.0 ], [ 72.5898436, 23.028752, 0.0 ], [ 72.5900386, 23.028954, 0.0 ], [ 72.5902196, 23.029142, 0.0 ], [ 72.5904056, 23.02939, 0.0 ], [ 72.5906566, 23.029726, 0.0 ], [ 72.5907866, 23.029867, 0.0 ], [ 72.5908126, 23.029971, 0.0 ], [ 72.5908046, 23.03046, 0.0 ], [ 72.5907976, 23.030928, 0.0 ], [ 72.5907746, 23.031141, 0.0 ], [ 72.5907026, 23.031484, 0.0 ], [ 72.5906216, 23.031831, 0.0 ], [ 72.5905466, 23.032183, 0.0 ], [ 72.5905476, 23.032185, 0.0 ], [ 72.590550818181811, 23.032189290909084, 0.0 ], [ 72.5905429, 23.0321832, 0.0 ], [ 72.5905369, 23.0321752, 0.0 ], [ 72.5905359, 23.0321732, 0.0 ], [ 72.5906109, 23.0318212, 0.0 ], [ 72.5906919, 23.0314742, 0.0 ], [ 72.5907639, 23.0311312, 0.0 ], [ 72.5907869, 23.0309182, 0.0 ], [ 72.5907939, 23.0304502, 0.0 ], [ 72.5908019, 23.0299612, 0.0 ], [ 72.5907759, 23.0298572, 0.0 ], [ 72.5906459, 23.0297162, 0.0 ], [ 72.5903949, 23.0293802, 0.0 ], [ 72.5902089, 23.0291322, 0.0 ], [ 72.5900279, 23.0289442, 0.0 ], [ 72.5898329, 23.0287422, 0.0 ], [ 72.5896169, 23.0285042, 0.0 ], [ 72.5892629, 23.0281142, 0.0 ], [ 72.5891819, 23.0279862, 0.0 ], [ 72.58911423637791, 23.027878679723791, 0.0 ], [ 72.5891196, 23.02788, 0.0 ] ], [ [ 72.6015706, 23.033244, 0.0 ], [ 72.6013236, 23.031671, 0.0 ], [ 72.6011966, 23.030389, 0.0 ], [ 72.6012026, 23.027875, 0.0 ], [ 72.6012686, 23.026419, 0.0 ], [ 72.60126866562031, 23.026347277004845, 0.0 ], [ 72.60308830000001, 23.026553, 0.0 ], [ 72.603173589894311, 23.026612242328813, 0.0 ], [ 72.6012901, 23.0263993, 0.0 ], [ 72.60122410000001, 23.0278553, 0.0 ], [ 72.6012181, 23.0303693, 0.0 ], [ 72.6013451, 23.0316513, 0.0 ], [ 72.6015921, 23.0332243, 0.0 ], [ 72.601642912656743, 23.033220912489551, 0.0 ], [ 72.601691, 23.0335601, 0.0 ], [ 72.6017, 23.0346111, 0.0 ], [ 72.601627, 23.0352401, 0.0 ], [ 72.601429, 23.0361921, 0.0 ], [ 72.60126, 23.0367891, 0.0 ], [ 72.600896, 23.0374871, 0.0 ], [ 72.600557, 23.0380121, 0.0 ], [ 72.602465, 23.0385451, 0.0 ], [ 72.604901, 23.0395021, 0.0 ], [ 72.607024, 23.0402301, 0.0 ], [ 72.608765, 23.0408691, 0.0 ], [ 72.61043, 23.0416041, 0.0 ], [ 72.611249, 23.0424021, 0.0 ], [ 72.612064, 23.0431631, 0.0 ], [ 72.61455, 23.0454271, 0.0 ], [ 72.617892, 23.0484851, 0.0 ], [ 72.618656, 23.0491981, 0.0 ], [ 72.619369, 23.0498581, 0.0 ], [ 72.619856, 23.0503091, 0.0 ], [ 72.62223, 23.0524951, 0.0 ], [ 72.625266, 23.0553061, 0.0 ], [ 72.626838611830934, 23.056754148517598, 0.0 ], [ 72.626710179851756, 23.056754487388254, 0.0 ], [ 72.6251372, 23.0553061, 0.0 ], [ 72.6221013, 23.0524951, 0.0 ], [ 72.6197273, 23.0503091, 0.0 ], [ 72.6192403, 23.0498581, 0.0 ], [ 72.6185273, 23.0491981, 0.0 ], [ 72.6177633, 23.0484851, 0.0 ], [ 72.6144213, 23.0454271, 0.0 ], [ 72.6119353, 23.0431631, 0.0 ], [ 72.6111203, 23.0424021, 0.0 ], [ 72.6103013, 23.0416041, 0.0 ], [ 72.6086363, 23.0408691, 0.0 ], [ 72.6068953, 23.0402301, 0.0 ], [ 72.6047723, 23.0395021, 0.0 ], [ 72.6023363, 23.0385451, 0.0 ], [ 72.600486252264361, 23.038028288971123, 0.0 ], [ 72.6008102, 23.0375266, 0.0 ], [ 72.6011742, 23.0368286, 0.0 ], [ 72.6013432, 23.0362316, 0.0 ], [ 72.6015412, 23.0352796, 0.0 ], [ 72.6016142, 23.0346506, 0.0 ], [ 72.6016052, 23.0335996, 0.0 ], [ 72.601555004198133, 23.03324554032611, 0.0 ], [ 72.6015706, 23.033244, 0.0 ] ], [ [ 72.6034861, 23.0316793, 0.0 ], [ 72.60348712663162, 23.031679584255532, 0.0 ], [ 72.602868, 23.0325591, 0.0 ], [ 72.602864689596899, 23.032562060012889, 0.0 ], [ 72.6034861, 23.0316793, 0.0 ] ], [ [ 72.6219661, 23.0385493, 0.0 ], [ 72.622822841886588, 23.038233430516563, 0.0 ], [ 72.6228274, 23.038283, 0.0 ], [ 72.622005265096902, 23.038586110343065, 0.0 ], [ 72.6219661, 23.0385493, 0.0 ] ], [ [ 72.6217231, 23.0348763, 0.0 ], [ 72.622237344870499, 23.034832517541986, 0.0 ], [ 72.6222404, 23.03492, 0.0 ], [ 72.621756313219961, 23.034961214818733, 0.0 ], [ 72.6217231, 23.0348763, 0.0 ] ], [ [ 72.6220691, 23.0286553, 0.0 ], [ 72.6227391, 23.0285983, 0.0 ], [ 72.6244341, 23.0285643, 0.0 ], [ 72.625138100000015, 23.0285723, 0.0 ], [ 72.626570531503162, 23.028491651265337, 0.0 ], [ 72.6265724, 23.028583, 0.0 ], [ 72.6250094, 23.028671, 0.0 ], [ 72.6243054, 23.028663, 0.0 ], [ 72.6226104, 23.028697, 0.0 ], [ 72.622067780733758, 23.028743163131605, 0.0 ], [ 72.6220691, 23.0286553, 0.0 ] ], [ [ 72.6271781, 23.0224703, 0.0 ], [ 72.6261001, 23.0220693, 0.0 ], [ 72.6258971, 23.0220093, 0.0 ], [ 72.6248541, 23.0217033, 0.0 ], [ 72.6241551, 23.0215203, 0.0 ], [ 72.6236781, 23.0214873, 0.0 ], [ 72.6233081, 23.0215753, 0.0 ], [ 72.6225571, 23.0218303, 0.0 ], [ 72.6216881, 23.0220733, 0.0 ], [ 72.6209531, 23.0222033, 0.0 ], [ 72.6201171, 23.0223073, 0.0 ], [ 72.619633100000016, 23.0223363, 0.0 ], [ 72.6182251, 23.0221793, 0.0 ], [ 72.6174561, 23.0221963, 0.0 ], [ 72.6167281, 23.0221843, 0.0 ], [ 72.6159291, 23.0222013, 0.0 ], [ 72.6150031, 23.0221553, 0.0 ], [ 72.6141391, 23.0221453, 0.0 ], [ 72.6145241, 23.0227623, 0.0 ], [ 72.6146791, 23.0230813, 0.0 ], [ 72.6140921, 23.0252963, 0.0 ], [ 72.6135421, 23.0260693, 0.0 ], [ 72.6098561, 23.0257643, 0.0 ], [ 72.609108100000014, 23.0262873, 0.0 ], [ 72.6090258619286, 23.026225509507146, 0.0 ], [ 72.6097703, 23.025705, 0.0 ], [ 72.6134563, 23.02601, 0.0 ], [ 72.6140063, 23.025237, 0.0 ], [ 72.6145933, 23.023022, 0.0 ], [ 72.6144383, 23.022703, 0.0 ], [ 72.6140533, 23.022086, 0.0 ], [ 72.6149173, 23.022096, 0.0 ], [ 72.615843200000015, 23.022142, 0.0 ], [ 72.6166422, 23.022125, 0.0 ], [ 72.6173702, 23.022137, 0.0 ], [ 72.6181392, 23.02212, 0.0 ], [ 72.6195472, 23.022277, 0.0 ], [ 72.6200312, 23.022248, 0.0 ], [ 72.620867200000021, 23.022144, 0.0 ], [ 72.6216022, 23.022014, 0.0 ], [ 72.6224712, 23.021771, 0.0 ], [ 72.6232222, 23.021516, 0.0 ], [ 72.6235922, 23.021428, 0.0 ], [ 72.6240692, 23.021461, 0.0 ], [ 72.6247682, 23.021644, 0.0 ], [ 72.6258112, 23.02195, 0.0 ], [ 72.6258912, 23.020712, 0.0 ], [ 72.625905416979379, 23.020707852244019, 0.0 ], [ 72.6258328, 23.0218316, 0.0 ], [ 72.6260358, 23.0218916, 0.0 ], [ 72.6271138, 23.0222926, 0.0 ], [ 72.6304628, 23.0235076, 0.0 ], [ 72.6307018, 23.0235666, 0.0 ], [ 72.6309568, 23.0235926, 0.0 ], [ 72.6320678, 23.0236386, 0.0 ], [ 72.6328478, 23.0235836, 0.0 ], [ 72.6328958, 23.0241206, 0.0 ], [ 72.6373637, 23.0262446, 0.0 ], [ 72.6386227, 23.0267136, 0.0 ], [ 72.6389377, 23.0268876, 0.0 ], [ 72.6389387, 23.0268946, 0.0 ], [ 72.6389697, 23.0278286, 0.0 ], [ 72.6392417, 23.0305366, 0.0 ], [ 72.6395067, 23.0328206, 0.0 ], [ 72.6397177, 23.0342736, 0.0 ], [ 72.6400297, 23.0363746, 0.0 ], [ 72.6402927, 23.0388346, 0.0 ], [ 72.640294846774196, 23.038834458064517, 0.0 ], [ 72.6403018, 23.0389009, 0.0 ], [ 72.640315383305534, 23.038956278091813, 0.0 ], [ 72.640212173025418, 23.038960154534259, 0.0 ], [ 72.6399653, 23.036651, 0.0 ], [ 72.6396533, 23.03455, 0.0 ], [ 72.6394423, 23.033097, 0.0 ], [ 72.6391773, 23.030813, 0.0 ], [ 72.6389053, 23.028105, 0.0 ], [ 72.638874300000012, 23.027171, 0.0 ], [ 72.6388733, 23.027164, 0.0 ], [ 72.6385584, 23.02699, 0.0 ], [ 72.6372994, 23.026521, 0.0 ], [ 72.6328314, 23.024397, 0.0 ], [ 72.6327834, 23.02386, 0.0 ], [ 72.632003400000016, 23.023915, 0.0 ], [ 72.6308924, 23.023869, 0.0 ], [ 72.6306374, 23.023843, 0.0 ], [ 72.630398400000018, 23.023784, 0.0 ], [ 72.627152518207936, 23.022606410756236, 0.0 ], [ 72.6271781, 23.0224703, 0.0 ] ], [ [ 72.6386042, 23.014747, 0.0 ], [ 72.638624718005005, 23.014688543042354, 0.0 ], [ 72.6385307, 23.0204276, 0.0 ], [ 72.63851118641081, 23.020424745302257, 0.0 ], [ 72.6386042, 23.014747, 0.0 ] ], [ [ 72.6384662, 23.014199, 0.0 ], [ 72.6383102, 23.014008, 0.0 ], [ 72.6366962, 23.012885, 0.0 ], [ 72.6366302, 23.012839, 0.0 ], [ 72.6365612, 23.012833, 0.0 ], [ 72.6348432, 23.012685, 0.0 ], [ 72.632266813487206, 23.012297349251547, 0.0 ], [ 72.6322727, 23.0122752, 0.0 ], [ 72.6348647, 23.0126652, 0.0 ], [ 72.6365827, 23.0128132, 0.0 ], [ 72.6366517, 23.0128192, 0.0 ], [ 72.6367177, 23.0128652, 0.0 ], [ 72.6383317, 23.0139882, 0.0 ], [ 72.6384877, 23.0141792, 0.0 ], [ 72.638636632976215, 23.014488762259468, 0.0 ], [ 72.6386358, 23.0144972, 0.0 ], [ 72.638640719415079, 23.014497256061713, 0.0 ], [ 72.638658690220922, 23.014534608993227, 0.0 ], [ 72.638645602997073, 23.014571895234763, 0.0 ], [ 72.6384662, 23.014199, 0.0 ] ], [ [ 72.6329942, 23.014479, 0.0 ], [ 72.6322012, 23.014438, 0.0 ], [ 72.629293225732411, 23.014133943725881, 0.0 ], [ 72.6293057, 23.0141132, 0.0 ], [ 72.6322227, 23.0144182, 0.0 ], [ 72.632988517780092, 23.014457794614103, 0.0 ], [ 72.6329942, 23.014479, 0.0 ] ], [ [ 72.6272092, 23.017361, 0.0 ], [ 72.625220513059475, 23.016914539781855, 0.0 ], [ 72.6252307, 23.0168922, 0.0 ], [ 72.627223820887167, 23.017339655639169, 0.0 ], [ 72.6272092, 23.017361, 0.0 ] ], [ [ 72.6248672, 23.017662, 0.0 ], [ 72.6218252, 23.017101, 0.0 ], [ 72.6215192, 23.017174, 0.0 ], [ 72.6200582, 23.017363, 0.0 ], [ 72.6165812, 23.017158, 0.0 ], [ 72.6148893, 23.017238, 0.0 ], [ 72.6138173, 23.01731, 0.0 ], [ 72.6135133, 23.017158, 0.0 ], [ 72.6134463, 23.017129, 0.0 ], [ 72.6134283, 23.017116, 0.0 ], [ 72.6133323, 23.017045, 0.0 ], [ 72.6132913, 23.017015, 0.0 ], [ 72.6132713, 23.016978, 0.0 ], [ 72.6132273, 23.016898, 0.0 ], [ 72.6131133, 23.016734, 0.0 ], [ 72.6130343, 23.016638, 0.0 ], [ 72.6128833, 23.016407, 0.0 ], [ 72.6128713, 23.016388, 0.0 ], [ 72.6128663, 23.016287, 0.0 ], [ 72.6128583, 23.016096, 0.0 ], [ 72.612880506085659, 23.016095445295203, 0.0 ], [ 72.6128877, 23.0162672, 0.0 ], [ 72.6128927, 23.0163682, 0.0 ], [ 72.6129047, 23.0163872, 0.0 ], [ 72.6130557, 23.0166182, 0.0 ], [ 72.613134700000018, 23.0167142, 0.0 ], [ 72.6132487, 23.0168782, 0.0 ], [ 72.6132927, 23.0169582, 0.0 ], [ 72.6133127, 23.0169952, 0.0 ], [ 72.6133537, 23.0170252, 0.0 ], [ 72.6134497, 23.0170962, 0.0 ], [ 72.6134677, 23.0171092, 0.0 ], [ 72.6135347, 23.0171382, 0.0 ], [ 72.6138387, 23.0172902, 0.0 ], [ 72.6149107, 23.0172182, 0.0 ], [ 72.616602700000016, 23.0171382, 0.0 ], [ 72.6200797, 23.0173432, 0.0 ], [ 72.6215407, 23.0171542, 0.0 ], [ 72.6218467, 23.0170812, 0.0 ], [ 72.624877196207663, 23.017640078491947, 0.0 ], [ 72.6248672, 23.017662, 0.0 ] ], [ [ 72.6164262, 23.015338, 0.0 ], [ 72.616447741789472, 23.015325318140075, 0.0 ], [ 72.6164507, 23.0158292, 0.0 ], [ 72.616429095515571, 23.015831202819157, 0.0 ], [ 72.6164262, 23.015338, 0.0 ] ], [ [ 72.6184282, 23.013136, 0.0 ], [ 72.6156113, 23.013183, 0.0 ], [ 72.6151493, 23.013236, 0.0 ], [ 72.6151213, 23.01276, 0.0 ], [ 72.6151203, 23.012758, 0.0 ], [ 72.6132463, 23.013035, 0.0 ], [ 72.6124373, 23.013169, 0.0 ], [ 72.6115583, 23.013276, 0.0 ], [ 72.6092423, 23.0137, 0.0 ], [ 72.609198062482534, 23.013710208657876, 0.0 ], [ 72.6090067, 23.012272, 0.0 ], [ 72.609008392453234, 23.01226491984383, 0.0 ], [ 72.6091987, 23.0136952, 0.0 ], [ 72.6092637, 23.0136802, 0.0 ], [ 72.6115797, 23.0132562, 0.0 ], [ 72.6124587, 23.0131492, 0.0 ], [ 72.6132677, 23.0130152, 0.0 ], [ 72.6151417, 23.0127382, 0.0 ], [ 72.6151427, 23.0127402, 0.0 ], [ 72.6151707, 23.0132162, 0.0 ], [ 72.6156327, 23.0131632, 0.0 ], [ 72.6184497, 23.0131162, 0.0 ], [ 72.6189667, 23.0141572, 0.0 ], [ 72.6189677, 23.0141582, 0.0 ], [ 72.618941552146481, 23.014169654902307, 0.0 ], [ 72.6184282, 23.013136, 0.0 ] ], [ [ 72.6161877, 23.009458, 0.0 ], [ 72.615689700000019, 23.0087, 0.0 ], [ 72.6151937, 23.008303, 0.0 ], [ 72.6142737, 23.007557, 0.0 ], [ 72.6137387, 23.006697, 0.0 ], [ 72.6134277, 23.006143, 0.0 ], [ 72.613435766641558, 23.006137569515818, 0.0 ], [ 72.6137387, 23.0066772, 0.0 ], [ 72.6142737, 23.0075372, 0.0 ], [ 72.6151937, 23.0082832, 0.0 ], [ 72.615689700000019, 23.0086802, 0.0 ], [ 72.6161877, 23.0094382, 0.0 ], [ 72.6166687, 23.0106322, 0.0 ], [ 72.616660851092263, 23.010632516432739, 0.0 ], [ 72.6161877, 23.009458, 0.0 ] ], [ [ 72.6148167, 23.003594, 0.0 ], [ 72.6143207, 23.002341, 0.0 ], [ 72.614328126444448, 23.002339960755847, 0.0 ], [ 72.6148167, 23.0035742, 0.0 ], [ 72.6152667, 23.0047052, 0.0 ], [ 72.615260462503116, 23.004709323091163, 0.0 ], [ 72.6148167, 23.003594, 0.0 ] ], [ [ 72.6236217, 23.002875, 0.0 ], [ 72.623621786493842, 23.002874747608136, 0.0 ], [ 72.6236237, 23.0033072, 0.0 ], [ 72.623623613205979, 23.003307384551494, 0.0 ], [ 72.6236217, 23.002875, 0.0 ] ], [ [ 72.6243637, 23.000408, 0.0 ], [ 72.6243447, 23.000102, 0.0 ], [ 72.6243087, 22.999855, 0.0 ], [ 72.624310610991955, 22.999848311528151, 0.0 ], [ 72.6243447, 23.0000822, 0.0 ], [ 72.6243637, 23.0003882, 0.0 ], [ 72.6244087, 23.0007122, 0.0 ], [ 72.624406813903533, 23.00071842010539, 0.0 ], [ 72.6243637, 23.000408, 0.0 ] ], [ [ 72.6246517, 22.998882, 0.0 ], [ 72.6247857, 22.998665, 0.0 ], [ 72.6252727, 22.998203, 0.0 ], [ 72.6256937, 22.997768, 0.0 ], [ 72.6263427, 22.997297, 0.0 ], [ 72.6261127, 22.996901, 0.0 ], [ 72.6259437, 22.995522, 0.0 ], [ 72.6259627, 22.993788, 0.0 ], [ 72.6253107, 22.993805, 0.0 ], [ 72.6246747, 22.994047, 0.0 ], [ 72.6235407, 22.994437, 0.0 ], [ 72.6233907, 22.991861, 0.0 ], [ 72.6233877, 22.991525, 0.0 ], [ 72.6216137, 22.991681, 0.0 ], [ 72.621063371665613, 22.991724754019518, 0.0 ], [ 72.6211121, 22.9916865, 0.0 ], [ 72.6216781, 22.9916415, 0.0 ], [ 72.6234521, 22.9914855, 0.0 ], [ 72.6234551, 22.9918215, 0.0 ], [ 72.6236051, 22.9943975, 0.0 ], [ 72.6247391, 22.9940075, 0.0 ], [ 72.6253751, 22.9937655, 0.0 ], [ 72.6260271, 22.9937485, 0.0 ], [ 72.6260081, 22.9954825, 0.0 ], [ 72.6261771, 22.9968615, 0.0 ], [ 72.6264071, 22.9972575, 0.0 ], [ 72.6257581, 22.9977285, 0.0 ], [ 72.6253371, 22.9981635, 0.0 ], [ 72.6248501, 22.9986255, 0.0 ], [ 72.6247161, 22.9988425, 0.0 ], [ 72.624659100000017, 22.9991645, 0.0 ], [ 72.6247921, 22.9991855, 0.0 ], [ 72.6256851, 23.0007815, 0.0 ], [ 72.6262161, 23.0018165, 0.0 ], [ 72.6264231, 23.0022375, 0.0 ], [ 72.6267601, 23.0031435, 0.0 ], [ 72.627139950293071, 23.004404047578323, 0.0 ], [ 72.627075392056184, 23.00442322246321, 0.0 ], [ 72.6266957, 23.0031632, 0.0 ], [ 72.6263587, 23.0022572, 0.0 ], [ 72.6261517, 23.0018362, 0.0 ], [ 72.6256207, 23.0008012, 0.0 ], [ 72.6247277, 22.9992052, 0.0 ], [ 72.624598109667673, 22.99918473836858, 0.0 ], [ 72.6246517, 22.998882, 0.0 ] ], [ [ 72.6208337, 22.991894, 0.0 ], [ 72.6189897, 22.989651, 0.0 ], [ 72.6175567, 22.988046, 0.0 ], [ 72.61763625215012, 22.988023470831088, 0.0 ], [ 72.6190541, 22.9896115, 0.0 ], [ 72.620892575429295, 22.991847780036817, 0.0 ], [ 72.6208337, 22.991894, 0.0 ] ], [ [ 72.6201217, 22.986736, 0.0 ], [ 72.6204157, 22.985564, 0.0 ], [ 72.6205527, 22.985261, 0.0 ], [ 72.620599035537083, 22.985261452790265, 0.0 ], [ 72.6204801, 22.9855245, 0.0 ], [ 72.6201861, 22.9866965, 0.0 ], [ 72.6198411, 22.9870855, 0.0 ], [ 72.619791010138144, 22.987108864800767, 0.0 ], [ 72.6201217, 22.986736, 0.0 ] ], [ [ 72.6240987, 22.984066, 0.0 ], [ 72.6232267, 22.983277, 0.0 ], [ 72.6224587, 22.98278, 0.0 ], [ 72.6213857, 22.98228, 0.0 ], [ 72.6201157, 22.981704, 0.0 ], [ 72.619498047033787, 22.981505184667526, 0.0 ], [ 72.619535092059266, 22.981433015469722, 0.0 ], [ 72.6200085, 22.9815854, 0.0 ], [ 72.6212785, 22.9821614, 0.0 ], [ 72.6223515, 22.9826614, 0.0 ], [ 72.6231195, 22.9831584, 0.0 ], [ 72.6239915, 22.9839474, 0.0 ], [ 72.6247155, 22.9846134, 0.0 ], [ 72.624815046908296, 22.984704882826602, 0.0 ], [ 72.62479665694778, 22.984708043269645, 0.0 ], [ 72.6240987, 22.984066, 0.0 ] ], [ [ 72.5909537, 22.9730587, 0.0 ], [ 72.5932667, 22.9733617, 0.0 ], [ 72.5962027, 22.9742187, 0.0 ], [ 72.599072365539811, 22.975028935084776, 0.0 ], [ 72.5990643, 22.9750624, 0.0 ], [ 72.5961813, 22.9742484, 0.0 ], [ 72.593245300000021, 22.9733914, 0.0 ], [ 72.5909323, 22.9730884, 0.0 ], [ 72.5882663, 22.9728844, 0.0 ], [ 72.5881053, 22.9728774, 0.0 ], [ 72.5880763, 22.9729604, 0.0 ], [ 72.5872673, 22.9752784, 0.0 ], [ 72.5860053, 22.9782414, 0.0 ], [ 72.585701028273789, 22.979166933932447, 0.0 ], [ 72.5856943, 22.9791479, 0.0 ], [ 72.5860053, 22.9782019, 0.0 ], [ 72.5872673, 22.9752389, 0.0 ], [ 72.5880762, 22.9729209, 0.0 ], [ 72.588101950382239, 22.972847200630149, 0.0 ], [ 72.5881137, 22.9728477, 0.0 ], [ 72.5881267, 22.9728477, 0.0 ], [ 72.5882877, 22.9728547, 0.0 ], [ 72.5909537, 22.9730587, 0.0 ] ], [ [ 72.6005877, 22.9708827, 0.0 ], [ 72.6008337, 22.9710307, 0.0 ], [ 72.6020437, 22.9715117, 0.0 ], [ 72.6027727, 22.9717467, 0.0 ], [ 72.6029097, 22.9717767, 0.0 ], [ 72.6029647, 22.9717997, 0.0 ], [ 72.6033917, 22.9719817, 0.0 ], [ 72.6039037, 22.9721657, 0.0 ], [ 72.6044457, 22.9723357, 0.0 ], [ 72.6045667, 22.9724017, 0.0 ], [ 72.6045957, 22.9723647, 0.0 ], [ 72.605958446741909, 22.97056579535808, 0.0 ], [ 72.6059552, 22.9705714, 0.0 ], [ 72.6045742, 22.9723944, 0.0 ], [ 72.6045452, 22.9724314, 0.0 ], [ 72.6044243, 22.9723654, 0.0 ], [ 72.6038823, 22.9721954, 0.0 ], [ 72.6033703, 22.9720114, 0.0 ], [ 72.6029433, 22.9718294, 0.0 ], [ 72.6028883, 22.9718064, 0.0 ], [ 72.6027513, 22.9717764, 0.0 ], [ 72.6020223, 22.9715414, 0.0 ], [ 72.6008123, 22.9710604, 0.0 ], [ 72.6005663, 22.9709124, 0.0 ], [ 72.599691325262441, 22.970687823150694, 0.0 ], [ 72.5996877, 22.9706517, 0.0 ], [ 72.6005877, 22.9708827, 0.0 ] ], [ [ 72.5813373, 23.0077019, 0.0 ], [ 72.5836873, 23.0072989, 0.0 ], [ 72.5839233, 23.0072979, 0.0 ], [ 72.5864613, 23.0075449, 0.0 ], [ 72.586607222397092, 23.004754627136897, 0.0 ], [ 72.5866093, 23.0047545, 0.0 ], [ 72.5864613, 23.0075845, 0.0 ], [ 72.5839233, 23.0073375, 0.0 ], [ 72.5836873, 23.0073385, 0.0 ], [ 72.5813373, 23.0077415, 0.0 ], [ 72.580278653979292, 23.007900642865859, 0.0 ], [ 72.5802663, 23.0078629, 0.0 ], [ 72.5813373, 23.0077019, 0.0 ] ], [ [ 72.583346636658177, 23.000139008295946, 0.0 ], [ 72.5833503, 23.0001415, 0.0 ], [ 72.583299235072857, 23.000658768798992, 0.0 ], [ 72.5832963, 23.0006489, 0.0 ], [ 72.583346636658177, 23.000139008295946, 0.0 ] ], [ [ 72.581961569753602, 22.997308113582644, 0.0 ], [ 72.5819623, 22.9973115, 0.0 ], [ 72.581941059976259, 22.99836481208639, 0.0 ], [ 72.5819403, 22.9983629, 0.0 ], [ 72.581961569753602, 22.997308113582644, 0.0 ] ], [ [ 72.581858608825925, 22.996396205141675, 0.0 ], [ 72.5818743, 22.9964005, 0.0 ], [ 72.581826323639191, 22.996508446811816, 0.0 ], [ 72.5818223, 22.9964779, 0.0 ], [ 72.581858608825925, 22.996396205141675, 0.0 ] ], [ [ 72.5795403, 22.9947669, 0.0 ], [ 72.5804183, 22.9927589, 0.0 ], [ 72.5806363, 22.9923009, 0.0 ], [ 72.5813723, 22.9916969, 0.0 ], [ 72.5817473, 22.9912909, 0.0 ], [ 72.5826563, 22.9899949, 0.0 ], [ 72.582669208521295, 22.989551400089876, 0.0 ], [ 72.5826703, 22.9895535, 0.0 ], [ 72.5826563, 22.9900345, 0.0 ], [ 72.5817473, 22.9913305, 0.0 ], [ 72.5813723, 22.9917365, 0.0 ], [ 72.5806363, 22.9923405, 0.0 ], [ 72.5804183, 22.9927985, 0.0 ], [ 72.5795403, 22.9948065, 0.0 ], [ 72.579210561951058, 22.995631803663223, 0.0 ], [ 72.5791963, 22.9956279, 0.0 ], [ 72.5795403, 22.9947669, 0.0 ] ], [ [ 72.5820013, 22.9877159, 0.0 ], [ 72.5821603, 22.9870439, 0.0 ], [ 72.5822603, 22.9864819, 0.0 ], [ 72.582453866944761, 22.985815391138665, 0.0 ], [ 72.5824543, 22.9858535, 0.0 ], [ 72.5822603, 22.9865215, 0.0 ], [ 72.5821603, 22.9870835, 0.0 ], [ 72.5820013, 22.9877555, 0.0 ], [ 72.581975303733188, 22.988162155888006, 0.0 ], [ 72.5819733, 22.9881539, 0.0 ], [ 72.5820013, 22.9877159, 0.0 ] ], [ [ 72.5828693, 22.9848069, 0.0 ], [ 72.5831743, 22.9844409, 0.0 ], [ 72.58336730000002, 22.9841949, 0.0 ], [ 72.5836423, 22.9838399, 0.0 ], [ 72.5842153, 22.9834369, 0.0 ], [ 72.5846503, 22.9830759, 0.0 ], [ 72.5853613, 22.9829599, 0.0 ], [ 72.5854443, 22.9822609, 0.0 ], [ 72.5857533, 22.9811689, 0.0 ], [ 72.585844318706847, 22.979611795025935, 0.0 ], [ 72.5858463, 22.9796174, 0.0 ], [ 72.5857533, 22.9812084, 0.0 ], [ 72.5854443, 22.9823004, 0.0 ], [ 72.5853613, 22.9829994, 0.0 ], [ 72.5878403, 22.9825304, 0.0 ], [ 72.5886583, 22.9828804, 0.0 ], [ 72.5893683, 22.9831844, 0.0 ], [ 72.5907423, 22.9840284, 0.0 ], [ 72.5911033, 22.9843964, 0.0 ], [ 72.5914123, 22.9848634, 0.0 ], [ 72.59194530000002, 22.9857074, 0.0 ], [ 72.5921983, 22.9865834, 0.0 ], [ 72.5929903, 22.9866434, 0.0 ], [ 72.5941313, 22.9867304, 0.0 ], [ 72.5944133, 22.9866334, 0.0 ], [ 72.5950353, 22.9867904, 0.0 ], [ 72.5960743, 22.9870484, 0.0 ], [ 72.5964153, 22.9871114, 0.0 ], [ 72.5965933, 22.9871454, 0.0 ], [ 72.596593263891648, 22.987145493102901, 0.0 ], [ 72.5964153, 22.9871115, 0.0 ], [ 72.5960743, 22.9870485, 0.0 ], [ 72.5950353, 22.9867905, 0.0 ], [ 72.5944133, 22.9866335, 0.0 ], [ 72.5941313, 22.9867305, 0.0 ], [ 72.5929903, 22.9866435, 0.0 ], [ 72.5921983, 22.9865835, 0.0 ], [ 72.59194530000002, 22.9857075, 0.0 ], [ 72.5914123, 22.9848635, 0.0 ], [ 72.5911033, 22.9843965, 0.0 ], [ 72.5907423, 22.9840285, 0.0 ], [ 72.5893683, 22.9831845, 0.0 ], [ 72.5886583, 22.9828805, 0.0 ], [ 72.5878403, 22.9825305, 0.0 ], [ 72.5853613, 22.9829995, 0.0 ], [ 72.5846503, 22.9831155, 0.0 ], [ 72.5842153, 22.9834765, 0.0 ], [ 72.5836423, 22.9838795, 0.0 ], [ 72.58336730000002, 22.9842345, 0.0 ], [ 72.5831743, 22.9844805, 0.0 ], [ 72.5828693, 22.9848465, 0.0 ], [ 72.582453738979936, 22.985764530234235, 0.0 ], [ 72.5824533, 22.9857259, 0.0 ], [ 72.5828693, 22.9848069, 0.0 ] ], [ [ 72.543387, 22.982377, 0.0 ], [ 72.54096, 22.981319, 0.0 ], [ 72.540783952723913, 22.981207190969059, 0.0 ], [ 72.5427648, 22.9820707, 0.0 ], [ 72.542764909263568, 22.982070531317323, 0.0 ], [ 72.5480273, 22.9844269, 0.0 ], [ 72.548404096284813, 22.984623489365987, 0.0 ], [ 72.543387, 22.982377, 0.0 ] ], [ [ 72.522475, 22.973676, 0.0 ], [ 72.52233032675133, 22.973533734998991, 0.0 ], [ 72.5288818, 22.9757847, 0.0 ], [ 72.5363558, 22.9784837, 0.0 ], [ 72.53665366564492, 22.978672876849831, 0.0 ], [ 72.529504, 22.976091, 0.0 ], [ 72.522475, 22.973676, 0.0 ] ], [ [ 72.610518029790782, 22.990422368160278, 0.0 ], [ 72.6101877, 22.9891652, 0.0 ], [ 72.6099427, 22.9890722, 0.0 ], [ 72.609978784400596, 22.989026697343899, 0.0 ], [ 72.6101877, 22.989106, 0.0 ], [ 72.6105327, 22.990419, 0.0 ], [ 72.610518029790782, 22.990422368160278, 0.0 ] ], [ [ 72.6121877, 22.991351, 0.0 ], [ 72.6131457, 22.991075, 0.0 ], [ 72.6139667, 22.990816, 0.0 ], [ 72.6144917, 22.990766, 0.0 ], [ 72.6148437, 22.99075, 0.0 ], [ 72.6148577, 22.990749, 0.0 ], [ 72.6148377, 22.990802, 0.0 ], [ 72.614834785280095, 22.990809605214544, 0.0 ], [ 72.6144917, 22.9908252, 0.0 ], [ 72.6139667, 22.9908752, 0.0 ], [ 72.6131457, 22.9911342, 0.0 ], [ 72.6121877, 22.9914102, 0.0 ], [ 72.6111797, 22.9917742, 0.0 ], [ 72.6108667, 22.9919462, 0.0 ], [ 72.6103367, 22.9905232, 0.0 ], [ 72.610357012249395, 22.990518536473353, 0.0 ], [ 72.6108667, 22.991887, 0.0 ], [ 72.6111797, 22.991715, 0.0 ], [ 72.6121877, 22.991351, 0.0 ] ], [ [ 72.604788589029113, 23.013469193361441, 0.0 ], [ 72.604789008183161, 23.013468149430622, 0.0 ], [ 72.606322540440814, 23.013544100612346, 0.0 ], [ 72.6063193, 23.013545, 0.0 ], [ 72.604788589029113, 23.013469193361441, 0.0 ] ], [ [ 72.6070503, 23.014415, 0.0 ], [ 72.607054277855724, 23.013346945738004, 0.0 ], [ 72.6070757, 23.013341, 0.0 ], [ 72.607071735498678, 23.014405468605126, 0.0 ], [ 72.6070503, 23.014415, 0.0 ] ], [ [ 72.6013777, 23.0125142, 0.0 ], [ 72.604725319994699, 23.013514138439973, 0.0 ], [ 72.604722809211935, 23.013520374180192, 0.0 ], [ 72.601420600000012, 23.012534, 0.0 ], [ 72.6006616, 23.01242, 0.0 ], [ 72.6000826, 23.012233, 0.0 ], [ 72.5992676, 23.012069, 0.0 ], [ 72.5978666, 23.011996, 0.0 ], [ 72.597825158764323, 23.011976270799284, 0.0 ], [ 72.5992248, 23.0120492, 0.0 ], [ 72.6000397, 23.0122132, 0.0 ], [ 72.6006187, 23.0124002, 0.0 ], [ 72.6013777, 23.0125142, 0.0 ] ], [ [ 72.6048793, 23.026139, 0.0 ], [ 72.6051413, 23.025681, 0.0 ], [ 72.6056333, 23.02556, 0.0 ], [ 72.605901300000014, 23.025435, 0.0 ], [ 72.6065003, 23.024619, 0.0 ], [ 72.6079433, 23.025481, 0.0 ], [ 72.6084713, 23.025814, 0.0 ], [ 72.608514285815644, 23.025846297872363, 0.0 ], [ 72.60802910000001, 23.0255403, 0.0 ], [ 72.6065861, 23.0246783, 0.0 ], [ 72.6059871, 23.0254943, 0.0 ], [ 72.6057191, 23.0256193, 0.0 ], [ 72.6052271, 23.0257403, 0.0 ], [ 72.6049651, 23.0261983, 0.0 ], [ 72.6047811, 23.0264673, 0.0 ], [ 72.6044961, 23.0266353, 0.0 ], [ 72.6039341, 23.0269243, 0.0 ], [ 72.6037111, 23.0269853, 0.0 ], [ 72.603625606409565, 23.026925916183931, 0.0 ], [ 72.6038483, 23.026865, 0.0 ], [ 72.6044103, 23.026576, 0.0 ], [ 72.6046953, 23.026408, 0.0 ], [ 72.6048793, 23.026139, 0.0 ] ], [ [ 72.5836276, 23.016094, 0.0 ], [ 72.583616558583273, 23.016086789278873, 0.0 ], [ 72.5837087, 23.0161232, 0.0 ], [ 72.583710849379116, 23.016126896932068, 0.0 ], [ 72.5836276, 23.016094, 0.0 ] ], [ [ 72.5841387, 23.0164292, 0.0 ], [ 72.5844527, 23.0164322, 0.0 ], [ 72.5847677, 23.0164562, 0.0 ], [ 72.584783861197792, 23.016473962757928, 0.0 ], [ 72.5844956, 23.016452, 0.0 ], [ 72.5841816, 23.016449, 0.0 ], [ 72.5838796, 23.016454, 0.0 ], [ 72.583873655889121, 23.016433588147532, 0.0 ], [ 72.5841387, 23.0164292, 0.0 ] ], [ [ 72.5851467, 23.0167442, 0.0 ], [ 72.5853507, 23.0167502, 0.0 ], [ 72.5857897, 23.0166902, 0.0 ], [ 72.585794927383745, 23.016715148876937, 0.0 ], [ 72.5853936, 23.01677, 0.0 ], [ 72.5851896, 23.016764, 0.0 ], [ 72.5849906, 23.016693, 0.0 ], [ 72.584986194266733, 23.016686934135368, 0.0 ], [ 72.5851467, 23.0167442, 0.0 ] ], [ [ 72.601543307793051, 23.085386981128988, 0.0 ], [ 72.6018175, 23.0859536, 0.0 ], [ 72.6016175, 23.0859936, 0.0 ], [ 72.601618506591777, 23.086174115458153, 0.0 ], [ 72.601544, 23.085401, 0.0 ], [ 72.601543307793051, 23.085386981128988, 0.0 ] ], [ [ 72.601086, 23.081556, 0.0 ], [ 72.600771, 23.079404, 0.0 ], [ 72.600566, 23.078186, 0.0 ], [ 72.599912, 23.074944, 0.0 ], [ 72.599667, 23.074303, 0.0 ], [ 72.5989, 23.072356, 0.0 ], [ 72.598429, 23.071291, 0.0 ], [ 72.598051, 23.070385, 0.0 ], [ 72.59756, 23.069528, 0.0 ], [ 72.596475, 23.068016, 0.0 ], [ 72.595228, 23.066753, 0.0 ], [ 72.593318, 23.065311, 0.0 ], [ 72.592191, 23.064639, 0.0 ], [ 72.590378, 23.06351, 0.0 ], [ 72.589793149205732, 23.063188677571141, 0.0 ], [ 72.5902022, 23.0615313, 0.0 ], [ 72.5898382, 23.0615283, 0.0 ], [ 72.589840478877875, 23.061508618781961, 0.0 ], [ 72.5902022, 23.0615116, 0.0 ], [ 72.5904572, 23.0615106, 0.0 ], [ 72.5907352, 23.0615136, 0.0 ], [ 72.5907342, 23.0618906, 0.0 ], [ 72.5907732, 23.0619156, 0.0 ], [ 72.5911232, 23.0619176, 0.0 ], [ 72.5914862, 23.0619346, 0.0 ], [ 72.5921862, 23.0623116, 0.0 ], [ 72.5927672, 23.0625676, 0.0 ], [ 72.5927952, 23.0625626, 0.0 ], [ 72.5929492, 23.0626266, 0.0 ], [ 72.593272200000015, 23.0627206, 0.0 ], [ 72.5934962, 23.0628106, 0.0 ], [ 72.5941712, 23.0631496, 0.0 ], [ 72.5944412, 23.0632896, 0.0 ], [ 72.5949122, 23.0636246, 0.0 ], [ 72.5956622, 23.0640716, 0.0 ], [ 72.5958202, 23.0641836, 0.0 ], [ 72.5958912, 23.0642166, 0.0 ], [ 72.5962022, 23.0643336, 0.0 ], [ 72.5963212, 23.0640456, 0.0 ], [ 72.5964322, 23.0639116, 0.0 ], [ 72.5968372, 23.0632816, 0.0 ], [ 72.5969142, 23.0632886, 0.0 ], [ 72.5970472, 23.0630446, 0.0 ], [ 72.5972072, 23.0627706, 0.0 ], [ 72.5973592, 23.0622996, 0.0 ], [ 72.59756320000001, 23.0619216, 0.0 ], [ 72.5977312, 23.0615566, 0.0 ], [ 72.5977652, 23.0614836, 0.0 ], [ 72.5978242, 23.0613566, 0.0 ], [ 72.597950200000014, 23.0610736, 0.0 ], [ 72.5980732, 23.0607236, 0.0 ], [ 72.5981292, 23.0605706, 0.0 ], [ 72.5983792, 23.0599486, 0.0 ], [ 72.5983812, 23.0597596, 0.0 ], [ 72.5987462, 23.0597156, 0.0 ], [ 72.5991792, 23.0597616, 0.0 ], [ 72.5991982, 23.0596326, 0.0 ], [ 72.5998682, 23.0596926, 0.0 ], [ 72.6011682, 23.0596346, 0.0 ], [ 72.6013952, 23.0595996, 0.0 ], [ 72.601629200000019, 23.0595626, 0.0 ], [ 72.6029642, 23.0594436, 0.0 ], [ 72.6038912, 23.0593606, 0.0 ], [ 72.6041442, 23.0595756, 0.0 ], [ 72.6050902, 23.0594066, 0.0 ], [ 72.6051812, 23.0595996, 0.0 ], [ 72.6089281, 23.0590076, 0.0 ], [ 72.6123761, 23.0560796, 0.0 ], [ 72.6123771, 23.0560836, 0.0 ], [ 72.6124701, 23.0560006, 0.0 ], [ 72.6124631, 23.0559906, 0.0 ], [ 72.612429372538244, 23.055944773743605, 0.0 ], [ 72.6126053, 23.0558221, 0.0 ], [ 72.6130113, 23.0555361, 0.0 ], [ 72.6131863, 23.0558591, 0.0 ], [ 72.6134923, 23.0564471, 0.0 ], [ 72.6137313, 23.0569051, 0.0 ], [ 72.6145873, 23.0585321, 0.0 ], [ 72.6148553, 23.0590411, 0.0 ], [ 72.6150703, 23.0594421, 0.0 ], [ 72.6152253, 23.0597301, 0.0 ], [ 72.615561869852669, 23.060356412595389, 0.0 ], [ 72.6154845, 23.0603721, 0.0 ], [ 72.6153785, 23.0604181, 0.0 ], [ 72.6155685, 23.0607891, 0.0 ], [ 72.6158445, 23.0613381, 0.0 ], [ 72.6163135, 23.0622761, 0.0 ], [ 72.6167585, 23.0631641, 0.0 ], [ 72.6171845, 23.0640231, 0.0 ], [ 72.6175105, 23.0638321, 0.0 ], [ 72.6179255, 23.0635901, 0.0 ], [ 72.6188785, 23.0630341, 0.0 ], [ 72.6198704, 23.0624561, 0.0 ], [ 72.6203444, 23.0628241, 0.0 ], [ 72.6204594, 23.0626651, 0.0 ], [ 72.6205634, 23.0625021, 0.0 ], [ 72.6202684, 23.0623041, 0.0 ], [ 72.6207964, 23.0619801, 0.0 ], [ 72.6215924, 23.0614951, 0.0 ], [ 72.6225144, 23.0609311, 0.0 ], [ 72.6240384, 23.0600361, 0.0 ], [ 72.6241484, 23.0599681, 0.0 ], [ 72.6245154, 23.0600491, 0.0 ], [ 72.6247994, 23.0600991, 0.0 ], [ 72.6257584, 23.0603321, 0.0 ], [ 72.6263714, 23.0604891, 0.0 ], [ 72.6265174, 23.0605251, 0.0 ], [ 72.6268144, 23.0608541, 0.0 ], [ 72.6269424, 23.0610041, 0.0 ], [ 72.6272284, 23.0612221, 0.0 ], [ 72.6274124, 23.0613621, 0.0 ], [ 72.6275204, 23.0615311, 0.0 ], [ 72.6277474, 23.0618971, 0.0 ], [ 72.6278654, 23.0620211, 0.0 ], [ 72.6278874, 23.0620431, 0.0 ], [ 72.6280974, 23.0622641, 0.0 ], [ 72.6287844, 23.0631021, 0.0 ], [ 72.6289194, 23.0632641, 0.0 ], [ 72.6292294, 23.0634601, 0.0 ], [ 72.6292014, 23.0635381, 0.0 ], [ 72.6290094, 23.0643991, 0.0 ], [ 72.6288184, 23.0648481, 0.0 ], [ 72.6283454, 23.0652641, 0.0 ], [ 72.6287864, 23.0657231, 0.0 ], [ 72.6297684, 23.0658801, 0.0 ], [ 72.6302334, 23.0659451, 0.0 ], [ 72.6308084, 23.0659741, 0.0 ], [ 72.6318724, 23.0661881, 0.0 ], [ 72.6317384, 23.0668141, 0.0 ], [ 72.6326914, 23.0669921, 0.0 ], [ 72.6324554, 23.0678541, 0.0 ], [ 72.6325214, 23.0679291, 0.0 ], [ 72.6323274, 23.0685881, 0.0 ], [ 72.6321624, 23.0690211, 0.0 ], [ 72.6320654, 23.0696591, 0.0 ], [ 72.6325824, 23.0702881, 0.0 ], [ 72.6326184, 23.0716551, 0.0 ], [ 72.6327094, 23.0718271, 0.0 ], [ 72.6328524, 23.0720311, 0.0 ], [ 72.63299840000002, 23.0722321, 0.0 ], [ 72.6330914, 23.0723701, 0.0 ], [ 72.6333154, 23.0726791, 0.0 ], [ 72.6333984, 23.0727881, 0.0 ], [ 72.6335394, 23.0729931, 0.0 ], [ 72.6335764, 23.0730461, 0.0 ], [ 72.6337634, 23.0733031, 0.0 ], [ 72.6340054, 23.0736341, 0.0 ], [ 72.6341954, 23.0738941, 0.0 ], [ 72.634384400000016, 23.0741621, 0.0 ], [ 72.6344204, 23.0742131, 0.0 ], [ 72.6344304, 23.0742281, 0.0 ], [ 72.6346164, 23.0744861, 0.0 ], [ 72.6347164, 23.0746251, 0.0 ], [ 72.6347984, 23.0747411, 0.0 ], [ 72.6349014, 23.0748831, 0.0 ], [ 72.6352894, 23.0754181, 0.0 ], [ 72.6353304, 23.0754741, 0.0 ], [ 72.6355154, 23.0757291, 0.0 ], [ 72.6355474, 23.0757601, 0.0 ], [ 72.6356704, 23.0759391, 0.0 ], [ 72.6359394, 23.0763141, 0.0 ], [ 72.6360564, 23.0765231, 0.0 ], [ 72.6360724, 23.0767841, 0.0 ], [ 72.6361024, 23.0774281, 0.0 ], [ 72.6368044, 23.0776701, 0.0 ], [ 72.636804292760047, 23.077709528558305, 0.0 ], [ 72.6361025, 23.0774676, 0.0 ], [ 72.6361055, 23.0780756, 0.0 ], [ 72.6357695, 23.0780236, 0.0 ], [ 72.6355085, 23.0800696, 0.0 ], [ 72.6349085, 23.0802496, 0.0 ], [ 72.6342845, 23.0801156, 0.0 ], [ 72.6339835, 23.0799906, 0.0 ], [ 72.6328255, 23.0800106, 0.0 ], [ 72.6314725, 23.0798456, 0.0 ], [ 72.6305065, 23.0797096, 0.0 ], [ 72.6295415, 23.0795466, 0.0 ], [ 72.6294845, 23.0794536, 0.0 ], [ 72.6298165, 23.0786796, 0.0 ], [ 72.6291305, 23.0785066, 0.0 ], [ 72.6290455, 23.0787296, 0.0 ], [ 72.6284545, 23.0787126, 0.0 ], [ 72.6282545, 23.0792156, 0.0 ], [ 72.6280525, 23.0791746, 0.0 ], [ 72.6281695, 23.0784666, 0.0 ], [ 72.6269655, 23.0783786, 0.0 ], [ 72.6268105, 23.0789206, 0.0 ], [ 72.6267565, 23.0790536, 0.0 ], [ 72.6263785, 23.0791256, 0.0 ], [ 72.6255345, 23.0788496, 0.0 ], [ 72.6255185, 23.0797546, 0.0 ], [ 72.6249605, 23.0796386, 0.0 ], [ 72.6242145, 23.0796076, 0.0 ], [ 72.6234405, 23.0795586, 0.0 ], [ 72.6219335, 23.0794926, 0.0 ], [ 72.6212085, 23.0795206, 0.0 ], [ 72.6205575, 23.0795686, 0.0 ], [ 72.6196275, 23.0795806, 0.0 ], [ 72.6182765, 23.0796506, 0.0 ], [ 72.6174285, 23.0794586, 0.0 ], [ 72.6171825, 23.0798236, 0.0 ], [ 72.6167685, 23.0805606, 0.0 ], [ 72.6162055, 23.0813326, 0.0 ], [ 72.6157425, 23.0820726, 0.0 ], [ 72.6158085, 23.0820956, 0.0 ], [ 72.6155895, 23.0825076, 0.0 ], [ 72.6151785, 23.0829916, 0.0 ], [ 72.6151105, 23.0830846, 0.0 ], [ 72.6146185, 23.0831996, 0.0 ], [ 72.6140145, 23.0833786, 0.0 ], [ 72.6127495, 23.0835926, 0.0 ], [ 72.6113505, 23.0840126, 0.0 ], [ 72.6098345, 23.0844636, 0.0 ], [ 72.6091235, 23.0846256, 0.0 ], [ 72.6081625, 23.0849036, 0.0 ], [ 72.6071065, 23.0851666, 0.0 ], [ 72.6059995, 23.0854576, 0.0 ], [ 72.6047615, 23.0856636, 0.0 ], [ 72.6045295, 23.0857046, 0.0 ], [ 72.6021675, 23.0831186, 0.0 ], [ 72.6019015, 23.0842456, 0.0 ], [ 72.601520328559786, 23.084921595880701, 0.0 ], [ 72.601441, 23.083315, 0.0 ], [ 72.601086, 23.081556, 0.0 ] ], [ [ 72.60751914023345, 23.048627214466482, 0.0 ], [ 72.6076213, 23.0486711, 0.0 ], [ 72.6082343, 23.0487041, 0.0 ], [ 72.6083903, 23.0487961, 0.0 ], [ 72.608397023282251, 23.048814265012616, 0.0 ], [ 72.6082772, 23.0487436, 0.0 ], [ 72.6076642, 23.0487106, 0.0 ], [ 72.6075222, 23.0486496, 0.0 ], [ 72.60751914023345, 23.048627214466482, 0.0 ] ], [ [ 72.6048192, 23.0468486, 0.0 ], [ 72.604803095999372, 23.046803061464928, 0.0 ], [ 72.6049183, 23.0467771, 0.0 ], [ 72.6058753, 23.0464401, 0.0 ], [ 72.6070763, 23.0460321, 0.0 ], [ 72.6072733, 23.0460281, 0.0 ], [ 72.607274286427185, 23.046068451037012, 0.0 ], [ 72.6071192, 23.0460716, 0.0 ], [ 72.605918200000019, 23.0464796, 0.0 ], [ 72.6049612, 23.0468166, 0.0 ], [ 72.6048192, 23.0468486, 0.0 ] ], [ [ 72.60151968889366, 23.045385674074797, 0.0 ], [ 72.6016743, 23.0454091, 0.0 ], [ 72.6030623, 23.0454681, 0.0 ], [ 72.6043083, 23.0455551, 0.0 ], [ 72.604322803311064, 23.045592617245639, 0.0 ], [ 72.603105200000016, 23.0455076, 0.0 ], [ 72.6017172, 23.0454486, 0.0 ], [ 72.6015192, 23.0454186, 0.0 ], [ 72.60151968889366, 23.045385674074797, 0.0 ] ], [ [ 72.593524360717666, 23.040736091932434, 0.0 ], [ 72.5935182, 23.0407376, 0.0 ], [ 72.5933072, 23.0392916, 0.0 ], [ 72.5931332, 23.0380656, 0.0 ], [ 72.5931402, 23.0376206, 0.0 ], [ 72.5931402, 23.037589749838187, 0.0 ], [ 72.5931509, 23.0375902, 0.0 ], [ 72.5931509, 23.0376502, 0.0 ], [ 72.5931439, 23.0380952, 0.0 ], [ 72.5933179, 23.0393212, 0.0 ], [ 72.593524360717666, 23.040736091932434, 0.0 ] ], [ [ 72.5895292, 23.0428406, 0.0 ], [ 72.5898392, 23.0433866, 0.0 ], [ 72.589831526262387, 23.043392784320194, 0.0 ], [ 72.5895292, 23.0428603, 0.0 ], [ 72.5889402, 23.0414293, 0.0 ], [ 72.5885982, 23.0401393, 0.0 ], [ 72.5881852, 23.0385613, 0.0 ], [ 72.588044490593447, 23.037834137402506, 0.0 ], [ 72.588048139946338, 23.037833296645744, 0.0 ], [ 72.5881852, 23.0385416, 0.0 ], [ 72.5885982, 23.0401196, 0.0 ], [ 72.5889402, 23.0414096, 0.0 ], [ 72.5895292, 23.0428406, 0.0 ] ], [ [ 72.5976992, 23.0348436, 0.0 ], [ 72.597694140095882, 23.034868725789934, 0.0 ], [ 72.5974739, 23.0348062, 0.0 ], [ 72.5969279, 23.0346502, 0.0 ], [ 72.596935363157897, 23.034625789473687, 0.0 ], [ 72.5974632, 23.0347766, 0.0 ], [ 72.5976992, 23.0348436, 0.0 ] ], [ [ 72.5896712, 23.0441173, 0.0 ], [ 72.5896022, 23.0435973, 0.0 ], [ 72.589604561504629, 23.043595396846477, 0.0 ], [ 72.5896712, 23.0440976, 0.0 ], [ 72.5896992, 23.0453536, 0.0 ], [ 72.5897382, 23.0467356, 0.0 ], [ 72.5897742, 23.0479966, 0.0 ], [ 72.5919082, 23.0479236, 0.0 ], [ 72.5926922, 23.0479256, 0.0 ], [ 72.5933522, 23.0493106, 0.0 ], [ 72.593346831351809, 23.04931903397312, 0.0 ], [ 72.5926922, 23.0479453, 0.0 ], [ 72.5919082, 23.0479433, 0.0 ], [ 72.5897742, 23.0480163, 0.0 ], [ 72.5897382, 23.0467553, 0.0 ], [ 72.5896992, 23.0453733, 0.0 ], [ 72.5896712, 23.0441173, 0.0 ] ], [ [ 72.6280649, 23.0078562, 0.0 ], [ 72.6291189, 23.0074332, 0.0 ], [ 72.6301688, 23.0070462, 0.0 ], [ 72.6314338, 23.0066612, 0.0 ], [ 72.6349978, 23.0056032, 0.0 ], [ 72.6367128, 23.0049992, 0.0 ], [ 72.6368948, 23.0049772, 0.0 ], [ 72.6370598, 23.0050812, 0.0 ], [ 72.63709018132846, 23.005152309443389, 0.0 ], [ 72.6369377, 23.0050562, 0.0 ], [ 72.6367557, 23.0050782, 0.0 ], [ 72.6350407, 23.0056822, 0.0 ], [ 72.6314767, 23.0067402, 0.0 ], [ 72.6302117, 23.0071252, 0.0 ], [ 72.6291617, 23.0075122, 0.0 ], [ 72.6281077, 23.0079352, 0.0 ], [ 72.6278907, 23.0079502, 0.0 ], [ 72.6276617, 23.0078462, 0.0 ], [ 72.62764827438059, 23.007780540330049, 0.0 ], [ 72.6278479, 23.0078712, 0.0 ], [ 72.6280649, 23.0078562, 0.0 ] ], [ [ 72.6428588, 23.0147072, 0.0 ], [ 72.6432858, 23.0146702, 0.0 ], [ 72.6439958, 23.0146522, 0.0 ], [ 72.644925561867637, 23.014613950302913, 0.0 ], [ 72.6449224, 23.0146527, 0.0 ], [ 72.6439744, 23.0146917, 0.0 ], [ 72.6432644, 23.0147097, 0.0 ], [ 72.6428374, 23.0147467, 0.0 ], [ 72.641969601838809, 23.01478184143285, 0.0 ], [ 72.641969800000012, 23.0147432, 0.0 ], [ 72.6428588, 23.0147072, 0.0 ] ], [ [ 72.6480288, 23.0121172, 0.0 ], [ 72.6499138, 23.0115402, 0.0 ], [ 72.65329290839837, 23.010374297611769, 0.0 ], [ 72.653370338473025, 23.010379664052586, 0.0 ], [ 72.6498924, 23.0115797, 0.0 ], [ 72.6480074, 23.0121567, 0.0 ], [ 72.645122202418918, 23.013215038842525, 0.0 ], [ 72.6451418, 23.0131762, 0.0 ], [ 72.6480288, 23.0121172, 0.0 ] ], [ [ 72.645761529102728, 22.997984869669732, 0.0 ], [ 72.6470874, 22.9975254, 0.0 ], [ 72.6471454, 22.9975054, 0.0 ], [ 72.6471644, 22.9975604, 0.0 ], [ 72.6474424, 22.9983784, 0.0 ], [ 72.6479464, 22.9978414, 0.0 ], [ 72.6500634, 22.9955814, 0.0 ], [ 72.6531634, 22.9923084, 0.0 ], [ 72.6535524, 22.9919064, 0.0 ], [ 72.6555484, 22.9898454, 0.0 ], [ 72.662071400000016, 22.9860394, 0.0 ], [ 72.664334210661409, 22.98585340193684, 0.0 ], [ 72.6643464, 22.9859315, 0.0 ], [ 72.662071400000016, 22.9861185, 0.0 ], [ 72.6555484, 22.9899245, 0.0 ], [ 72.6535524, 22.9919855, 0.0 ], [ 72.6531634, 22.9923875, 0.0 ], [ 72.6500634, 22.9956605, 0.0 ], [ 72.6479464, 22.9979205, 0.0 ], [ 72.6474424, 22.9984575, 0.0 ], [ 72.6471644, 22.9976395, 0.0 ], [ 72.6471454, 22.9975845, 0.0 ], [ 72.6470874, 22.9976045, 0.0 ], [ 72.64576618607623, 22.99806238882292, 0.0 ], [ 72.6457638, 22.9980262, 0.0 ], [ 72.645761529102728, 22.997984869669732, 0.0 ] ], [ [ 72.6276191, 22.9502072, 0.0 ], [ 72.6263791, 22.9499822, 0.0 ], [ 72.6255311, 22.9498902, 0.0 ], [ 72.6253661, 22.9499142, 0.0 ], [ 72.6241841, 22.9502962, 0.0 ], [ 72.623230100000015, 22.9504342, 0.0 ], [ 72.6220831, 22.9503402, 0.0 ], [ 72.6214201, 22.9504812, 0.0 ], [ 72.6207351, 22.9507162, 0.0 ], [ 72.6191831, 22.9511802, 0.0 ], [ 72.6190811, 22.9511522, 0.0 ], [ 72.619146423465139, 22.950962062056814, 0.0 ], [ 72.6205635, 22.9505384, 0.0 ], [ 72.6212485, 22.9503034, 0.0 ], [ 72.6219115, 22.9501624, 0.0 ], [ 72.623058500000013, 22.9502564, 0.0 ], [ 72.6240125, 22.9501184, 0.0 ], [ 72.6251945, 22.9497364, 0.0 ], [ 72.6253595, 22.9497124, 0.0 ], [ 72.6262075, 22.9498044, 0.0 ], [ 72.6274475, 22.9500294, 0.0 ], [ 72.6291765, 22.9502594, 0.0 ], [ 72.6300565, 22.9501714, 0.0 ], [ 72.6322165, 22.9503014, 0.0 ], [ 72.6340165, 22.9499394, 0.0 ], [ 72.633860389215684, 22.950183106279958, 0.0 ], [ 72.6323881, 22.9504792, 0.0 ], [ 72.6302281, 22.9503492, 0.0 ], [ 72.6293481, 22.9504372, 0.0 ], [ 72.6276191, 22.9502072, 0.0 ] ], [ [ 72.6396048, 22.9950652, 0.0 ], [ 72.63957667067848, 22.995045550411579, 0.0 ], [ 72.6412284, 22.9950524, 0.0 ], [ 72.6423864, 22.9951834, 0.0 ], [ 72.642411874164083, 22.995198796472792, 0.0 ], [ 72.6412928, 22.9950722, 0.0 ], [ 72.6396048, 22.9950652, 0.0 ] ], [ [ 72.6408004, 22.9895034, 0.0 ], [ 72.640796440114201, 22.989548501015207, 0.0 ], [ 72.6404298, 22.9896842, 0.0 ], [ 72.640399168094319, 22.989651901923708, 0.0 ], [ 72.6408004, 22.9895034, 0.0 ] ], [ [ 72.6374468, 22.9871862, 0.0 ], [ 72.637443263415207, 22.98716615935281, 0.0 ], [ 72.6378875, 22.9871644, 0.0 ], [ 72.6387535, 22.9871484, 0.0 ], [ 72.638780647041131, 22.987168886428801, 0.0 ], [ 72.6379518, 22.9871842, 0.0 ], [ 72.6374468, 22.9871862, 0.0 ] ], [ [ 72.6322708, 22.9860582, 0.0 ], [ 72.6288379, 22.9879812, 0.0 ], [ 72.628508648189182, 22.988020674331541, 0.0 ], [ 72.6284821572591, 22.98799632937493, 0.0 ], [ 72.6287735, 22.9879614, 0.0 ], [ 72.6322065, 22.9860384, 0.0 ], [ 72.6366165, 22.9835904, 0.0 ], [ 72.636656821349945, 22.983623510597578, 0.0 ], [ 72.6322708, 22.9860582, 0.0 ] ], [ [ 72.656349676908775, 23.040710452674777, 0.0 ], [ 72.6563556, 23.0407136, 0.0 ], [ 72.6559086, 23.0406766, 0.0 ], [ 72.6542916, 23.0404686, 0.0 ], [ 72.653041796228649, 23.040265542636689, 0.0 ], [ 72.653035705742354, 23.040259337775073, 0.0 ], [ 72.6543237, 23.0404686, 0.0 ], [ 72.655940700000016, 23.0406766, 0.0 ], [ 72.656349676908775, 23.040710452674777, 0.0 ] ], [ [ 72.6561626, 23.0384336, 0.0 ], [ 72.6561569, 23.038432175, 0.0 ], [ 72.6561587, 23.0384246, 0.0 ], [ 72.656163103271979, 23.038425700817996, 0.0 ], [ 72.6561626, 23.0384336, 0.0 ] ], [ [ 72.65880168076886, 23.038767694120654, 0.0 ], [ 72.6588025, 23.0387876, 0.0 ], [ 72.6577526, 23.0381546, 0.0 ], [ 72.656974801396572, 23.038004567782078, 0.0 ], [ 72.6569967, 23.0380026, 0.0 ], [ 72.6577847, 23.0381546, 0.0 ], [ 72.65880168076886, 23.038767694120654, 0.0 ] ], [ [ 72.6596495, 23.0356536, 0.0 ], [ 72.659180641006401, 23.035649856614821, 0.0 ], [ 72.6591807, 23.0356496, 0.0 ], [ 72.659649572725613, 23.035653343494815, 0.0 ], [ 72.6596495, 23.0356536, 0.0 ] ], [ [ 72.6599585, 23.0354486, 0.0 ], [ 72.659753662143586, 23.035399787574644, 0.0 ], [ 72.6597557, 23.0353926, 0.0 ], [ 72.65995625727254, 23.035440392371328, 0.0 ], [ 72.6599585, 23.0354486, 0.0 ] ], [ [ 72.658549679884629, 23.034666456784546, 0.0 ], [ 72.6585676, 23.0345446, 0.0 ], [ 72.6591855, 23.0344836, 0.0 ], [ 72.659197082516783, 23.034485635059024, 0.0 ], [ 72.6585997, 23.0345446, 0.0 ], [ 72.658579700000018, 23.0346806, 0.0 ], [ 72.658549679884629, 23.034666456784546, 0.0 ] ], [ [ 72.6733503, 23.0300407, 0.0 ], [ 72.6735683, 23.0295077, 0.0 ], [ 72.6736213, 23.0293777, 0.0 ], [ 72.6738453, 23.0288317, 0.0 ], [ 72.673868681909553, 23.028794094095456, 0.0 ], [ 72.6736535, 23.0293186, 0.0 ], [ 72.6736005, 23.0294486, 0.0 ], [ 72.6733825, 23.0299816, 0.0 ], [ 72.6731795, 23.0305496, 0.0 ], [ 72.6731255, 23.0307026, 0.0 ], [ 72.6729015, 23.0314546, 0.0 ], [ 72.672885210916334, 23.031460284780874, 0.0 ], [ 72.6730933, 23.0307617, 0.0 ], [ 72.6731473, 23.0306087, 0.0 ], [ 72.6733503, 23.0300407, 0.0 ] ], [ [ 72.673790819191183, 23.02788915714024, 0.0 ], [ 72.6738625, 23.0281426, 0.0 ], [ 72.6739975, 23.0285796, 0.0 ], [ 72.673963790999437, 23.028633815309249, 0.0 ], [ 72.6738303, 23.0282017, 0.0 ], [ 72.6737463, 23.0279047, 0.0 ], [ 72.673790819191183, 23.02788915714024, 0.0 ] ], [ [ 72.6762365, 23.0278876, 0.0 ], [ 72.676236477567073, 23.027887596644927, 0.0 ], [ 72.6765903, 23.0272377, 0.0 ], [ 72.67659032203872, 23.027237704079116, 0.0 ], [ 72.6762365, 23.0278876, 0.0 ] ], [ [ 72.6793033, 23.0247557, 0.0 ], [ 72.6793213, 23.0246317, 0.0 ], [ 72.679345250335686, 23.024629431020831, 0.0 ], [ 72.6793355, 23.0246966, 0.0 ], [ 72.6791425, 23.0260376, 0.0 ], [ 72.6791205, 23.0263866, 0.0 ], [ 72.6790405, 23.0275206, 0.0 ], [ 72.679012417803378, 23.027521330137112, 0.0 ], [ 72.6790883, 23.0264457, 0.0 ], [ 72.6791103, 23.0260967, 0.0 ], [ 72.6793033, 23.0247557, 0.0 ] ], [ [ 72.649336089327349, 23.029306225611599, 0.0 ], [ 72.6492754, 23.0293647, 0.0 ], [ 72.649104403733787, 23.029394328065926, 0.0 ], [ 72.6491377, 23.0293406, 0.0 ], [ 72.649336089327349, 23.029306225611599, 0.0 ] ], [ [ 72.6747384, 23.0193725, 0.0 ], [ 72.674778519165699, 23.019370148971387, 0.0 ], [ 72.6746903, 23.0199237, 0.0 ], [ 72.6746613, 23.0201077, 0.0 ], [ 72.6744773, 23.0204177, 0.0 ], [ 72.6742523, 23.0206547, 0.0 ], [ 72.6741103, 23.0208047, 0.0 ], [ 72.674092171503872, 23.020798332918435, 0.0 ], [ 72.6742094, 23.0206745, 0.0 ], [ 72.6744344, 23.0204375, 0.0 ], [ 72.6746184, 23.0201275, 0.0 ], [ 72.6746474, 23.0199435, 0.0 ], [ 72.6747384, 23.0193725, 0.0 ] ], [ [ 72.6697244, 23.0189435, 0.0 ], [ 72.669750411183955, 23.018950370573759, 0.0 ], [ 72.6695463, 23.0192727, 0.0 ], [ 72.669519090888215, 23.019267721176515, 0.0 ], [ 72.6697244, 23.0189435, 0.0 ] ], [ [ 72.6685243, 23.0198767, 0.0 ], [ 72.668487425788271, 23.019869132878334, 0.0 ], [ 72.6685054, 23.0197875, 0.0 ], [ 72.6686454, 23.0191355, 0.0 ], [ 72.668682587339433, 23.019142304676333, 0.0 ], [ 72.6685483, 23.0197677, 0.0 ], [ 72.6685243, 23.0198767, 0.0 ] ], [ [ 72.6606264, 23.0186035, 0.0 ], [ 72.660657676580797, 23.018608109180327, 0.0 ], [ 72.6605893, 23.0187517, 0.0 ], [ 72.660558223664708, 23.018746670304115, 0.0 ], [ 72.6606264, 23.0186035, 0.0 ] ], [ [ 72.6585004, 23.0169295, 0.0 ], [ 72.658542971191466, 23.016934480206878, 0.0 ], [ 72.6585323, 23.0177387, 0.0 ], [ 72.658489649222346, 23.017739717697513, 0.0 ], [ 72.6585004, 23.0169295, 0.0 ] ], [ [ 72.6794924, 23.0197715, 0.0 ], [ 72.67953577782805, 23.019767946153848, 0.0 ], [ 72.6795373, 23.0198197, 0.0 ], [ 72.679493905563689, 23.019822689165448, 0.0 ], [ 72.6794924, 23.0197715, 0.0 ] ], [ [ 72.6425557, 23.0540939, 0.0 ], [ 72.6429707, 23.0573529, 0.0 ], [ 72.6432357, 23.0570879, 0.0 ], [ 72.6441257, 23.0569919, 0.0 ], [ 72.6456567, 23.0567659, 0.0 ], [ 72.6462547, 23.0567069, 0.0 ], [ 72.6465007, 23.0567029, 0.0 ], [ 72.6467407, 23.0566509, 0.0 ], [ 72.646975631654669, 23.05633505827339, 0.0 ], [ 72.646971, 23.0563467, 0.0 ], [ 72.64673, 23.0566707, 0.0 ], [ 72.64649, 23.0567227, 0.0 ], [ 72.646244, 23.0567267, 0.0 ], [ 72.645646, 23.0567857, 0.0 ], [ 72.644115, 23.0570117, 0.0 ], [ 72.643225, 23.0571077, 0.0 ], [ 72.64296, 23.0573727, 0.0 ], [ 72.64331, 23.0620797, 0.0 ], [ 72.643288, 23.0634257, 0.0 ], [ 72.643193, 23.0641797, 0.0 ], [ 72.643069, 23.0647407, 0.0 ], [ 72.643431, 23.0653667, 0.0 ], [ 72.64614, 23.0684547, 0.0 ], [ 72.646616, 23.0689197, 0.0 ], [ 72.647367, 23.0698847, 0.0 ], [ 72.648327, 23.0709957, 0.0 ], [ 72.649253, 23.0726307, 0.0 ], [ 72.650577, 23.0743067, 0.0 ], [ 72.653707, 23.0780457, 0.0 ], [ 72.653571, 23.0782597, 0.0 ], [ 72.653483289022418, 23.078324612861767, 0.0 ], [ 72.6536104, 23.0781246, 0.0 ], [ 72.6504804, 23.0743856, 0.0 ], [ 72.6491564, 23.0727096, 0.0 ], [ 72.6482304, 23.0710746, 0.0 ], [ 72.6472704, 23.0699636, 0.0 ], [ 72.6465194, 23.0689986, 0.0 ], [ 72.646043400000011, 23.0685336, 0.0 ], [ 72.6433344, 23.0654456, 0.0 ], [ 72.6429724, 23.0648196, 0.0 ], [ 72.6430964, 23.0642586, 0.0 ], [ 72.6431914, 23.0635046, 0.0 ], [ 72.6432134, 23.0621586, 0.0 ], [ 72.6428634, 23.0574516, 0.0 ], [ 72.6424484, 23.0541926, 0.0 ], [ 72.6418614, 23.0511936, 0.0 ], [ 72.641098587945962, 23.046075987538227, 0.0 ], [ 72.641222178824322, 23.046086581042086, 0.0 ], [ 72.6419687, 23.0510949, 0.0 ], [ 72.6425557, 23.0540939, 0.0 ] ], [ [ 72.6608445, 23.0587686, 0.0 ], [ 72.66085796440521, 23.058769934087856, 0.0 ], [ 72.660293, 23.0588567, 0.0 ], [ 72.65997, 23.0591897, 0.0 ], [ 72.659704, 23.0594887, 0.0 ], [ 72.65925, 23.0595097, 0.0 ], [ 72.659091, 23.0595167, 0.0 ], [ 72.658323, 23.0594507, 0.0 ], [ 72.658121, 23.0594497, 0.0 ], [ 72.657925, 23.0594367, 0.0 ], [ 72.657244, 23.0594657, 0.0 ], [ 72.657051, 23.0594527, 0.0 ], [ 72.657051, 23.0594487, 0.0 ], [ 72.65705, 23.0594447, 0.0 ], [ 72.657049, 23.0594407, 0.0 ], [ 72.657048, 23.0594367, 0.0 ], [ 72.657046, 23.0594337, 0.0 ], [ 72.657045, 23.0594297, 0.0 ], [ 72.657043, 23.0594257, 0.0 ], [ 72.657042, 23.0594217, 0.0 ], [ 72.65704, 23.0594187, 0.0 ], [ 72.657038, 23.0594147, 0.0 ], [ 72.657036, 23.0594117, 0.0 ], [ 72.657033, 23.0594077, 0.0 ], [ 72.657031, 23.0594047, 0.0 ], [ 72.657028, 23.0594017, 0.0 ], [ 72.657026, 23.0593987, 0.0 ], [ 72.657023, 23.0593947, 0.0 ], [ 72.65702, 23.0593917, 0.0 ], [ 72.657017, 23.0593897, 0.0 ], [ 72.657014, 23.0593867, 0.0 ], [ 72.657011, 23.0593837, 0.0 ], [ 72.657008, 23.0593807, 0.0 ], [ 72.657004, 23.0593787, 0.0 ], [ 72.657001, 23.0593757, 0.0 ], [ 72.656997, 23.0593737, 0.0 ], [ 72.656994, 23.0593717, 0.0 ], [ 72.65699, 23.0593697, 0.0 ], [ 72.656986, 23.0593677, 0.0 ], [ 72.656982, 23.0593657, 0.0 ], [ 72.656978, 23.0593637, 0.0 ], [ 72.656974, 23.0593627, 0.0 ], [ 72.65697, 23.0593607, 0.0 ], [ 72.656966, 23.0593597, 0.0 ], [ 72.656962, 23.0593587, 0.0 ], [ 72.656958, 23.0593577, 0.0 ], [ 72.656954, 23.0593567, 0.0 ], [ 72.656949, 23.0593557, 0.0 ], [ 72.656945, 23.0593557, 0.0 ], [ 72.656941, 23.0593547, 0.0 ], [ 72.656937, 23.0593547, 0.0 ], [ 72.656932, 23.0593547, 0.0 ], [ 72.656928, 23.0593547, 0.0 ], [ 72.656924, 23.0593547, 0.0 ], [ 72.656919, 23.0593547, 0.0 ], [ 72.656915, 23.0593547, 0.0 ], [ 72.656911, 23.0593557, 0.0 ], [ 72.656906, 23.0593557, 0.0 ], [ 72.656902, 23.0593567, 0.0 ], [ 72.656898, 23.0593577, 0.0 ], [ 72.656894, 23.0593587, 0.0 ], [ 72.656448, 23.0594757, 0.0 ], [ 72.656106, 23.0595657, 0.0 ], [ 72.656025, 23.0595857, 0.0 ], [ 72.655783508961193, 23.059644125251324, 0.0 ], [ 72.6557877, 23.0596259, 0.0 ], [ 72.6560357, 23.0595659, 0.0 ], [ 72.656116700000013, 23.0595459, 0.0 ], [ 72.656458700000016, 23.0594559, 0.0 ], [ 72.6569047, 23.0593389, 0.0 ], [ 72.6569087, 23.0593379, 0.0 ], [ 72.6569127, 23.0593369, 0.0 ], [ 72.6569167, 23.0593359, 0.0 ], [ 72.6569217, 23.0593359, 0.0 ], [ 72.6569257, 23.0593349, 0.0 ], [ 72.6569297, 23.0593349, 0.0 ], [ 72.6569347, 23.0593349, 0.0 ], [ 72.6569387, 23.0593349, 0.0 ], [ 72.6569427, 23.0593349, 0.0 ], [ 72.6569477, 23.0593349, 0.0 ], [ 72.6569517, 23.0593349, 0.0 ], [ 72.6569557, 23.0593359, 0.0 ], [ 72.6569597, 23.0593359, 0.0 ], [ 72.6569647, 23.0593369, 0.0 ], [ 72.6569687, 23.0593379, 0.0 ], [ 72.6569727, 23.0593389, 0.0 ], [ 72.6569767, 23.0593399, 0.0 ], [ 72.6569807, 23.0593409, 0.0 ], [ 72.65698470000001, 23.0593429, 0.0 ], [ 72.6569887, 23.0593439, 0.0 ], [ 72.6569927, 23.0593459, 0.0 ], [ 72.6569967, 23.0593479, 0.0 ], [ 72.6570007, 23.0593499, 0.0 ], [ 72.6570047, 23.0593519, 0.0 ], [ 72.6570077, 23.0593539, 0.0 ], [ 72.6570117, 23.0593559, 0.0 ], [ 72.6570147, 23.0593589, 0.0 ], [ 72.6570187, 23.0593609, 0.0 ], [ 72.657021700000016, 23.0593639, 0.0 ], [ 72.6570247, 23.0593669, 0.0 ], [ 72.6570277, 23.0593699, 0.0 ], [ 72.6570307, 23.0593719, 0.0 ], [ 72.6570337, 23.0593749, 0.0 ], [ 72.6570367, 23.0593789, 0.0 ], [ 72.6570387, 23.0593819, 0.0 ], [ 72.6570417, 23.0593849, 0.0 ], [ 72.6570437, 23.0593879, 0.0 ], [ 72.6570467, 23.0593919, 0.0 ], [ 72.6570487, 23.0593949, 0.0 ], [ 72.6570507, 23.0593989, 0.0 ], [ 72.6570527, 23.0594019, 0.0 ], [ 72.6570537, 23.0594059, 0.0 ], [ 72.6570557, 23.0594099, 0.0 ], [ 72.6570567, 23.0594139, 0.0 ], [ 72.6570587, 23.0594169, 0.0 ], [ 72.6570597, 23.0594209, 0.0 ], [ 72.6570607, 23.0594249, 0.0 ], [ 72.6570617, 23.0594289, 0.0 ], [ 72.6570617, 23.0594329, 0.0 ], [ 72.6572547, 23.0594459, 0.0 ], [ 72.6579357, 23.0594169, 0.0 ], [ 72.6581317, 23.0594299, 0.0 ], [ 72.6583337, 23.0594309, 0.0 ], [ 72.6591017, 23.0594969, 0.0 ], [ 72.659220187423301, 23.05949168357256, 0.0 ], [ 72.6592285, 23.0595096, 0.0 ], [ 72.6596825, 23.0594886, 0.0 ], [ 72.6599485, 23.0591896, 0.0 ], [ 72.6602715, 23.0588566, 0.0 ], [ 72.6608445, 23.0587686, 0.0 ] ], [ [ 72.647803790097015, 23.054399254775301, 0.0 ], [ 72.6478117, 23.0543779, 0.0 ], [ 72.6514887, 23.0564269, 0.0 ], [ 72.651476805621371, 23.05644603443519, 0.0 ], [ 72.647803790097015, 23.054399254775301, 0.0 ] ], [ [ 72.6502087, 23.0603169, 0.0 ], [ 72.6507607, 23.0611579, 0.0 ], [ 72.6511297, 23.0613759, 0.0 ], [ 72.6520007, 23.0623259, 0.0 ], [ 72.6521897, 23.0623099, 0.0 ], [ 72.6522587, 23.0624229, 0.0 ], [ 72.652638930554929, 23.062411435762161, 0.0 ], [ 72.652646, 23.0624307, 0.0 ], [ 72.652248, 23.0624427, 0.0 ], [ 72.652179, 23.0623297, 0.0 ], [ 72.65199, 23.0623457, 0.0 ], [ 72.651119, 23.0613957, 0.0 ], [ 72.65075, 23.0611777, 0.0 ], [ 72.650198, 23.0603367, 0.0 ], [ 72.650333, 23.0600837, 0.0 ], [ 72.649941, 23.0590997, 0.0 ], [ 72.649878, 23.0590057, 0.0 ], [ 72.650799, 23.0572017, 0.0 ], [ 72.650799858907675, 23.057201176146101, 0.0 ], [ 72.6498887, 23.0589859, 0.0 ], [ 72.6499517, 23.0590799, 0.0 ], [ 72.6503437, 23.0600639, 0.0 ], [ 72.6502087, 23.0603169, 0.0 ] ], [ [ 72.6540747, 23.0621619, 0.0 ], [ 72.6547187, 23.0621369, 0.0 ], [ 72.655179247595939, 23.062116278465851, 0.0 ], [ 72.655177, 23.0621357, 0.0 ], [ 72.654708, 23.0621567, 0.0 ], [ 72.654064, 23.0621817, 0.0 ], [ 72.653962, 23.0621857, 0.0 ], [ 72.653267, 23.0622567, 0.0 ], [ 72.652623340303279, 23.062319994826453, 0.0 ], [ 72.6526167, 23.0623019, 0.0 ], [ 72.6532777, 23.0622369, 0.0 ], [ 72.6539727, 23.0621659, 0.0 ], [ 72.6540747, 23.0621619, 0.0 ] ], [ [ 72.655668, 23.0601197, 0.0 ], [ 72.655356, 23.0601287, 0.0 ], [ 72.655194688785059, 23.06025551112851, 0.0 ], [ 72.6551937, 23.0602449, 0.0 ], [ 72.6553667, 23.0601089, 0.0 ], [ 72.655672512117874, 23.0601000784966, 0.0 ], [ 72.655668, 23.0601197, 0.0 ] ], [ [ 72.6543776, 23.0472086, 0.0 ], [ 72.653345407012083, 23.047155867340255, 0.0 ], [ 72.6533527, 23.0471349, 0.0 ], [ 72.654384594201559, 23.047187617395348, 0.0 ], [ 72.6543776, 23.0472086, 0.0 ] ], [ [ 72.6533326, 23.0409936, 0.0 ], [ 72.652903216568902, 23.041147953520984, 0.0 ], [ 72.6529057, 23.0411389, 0.0 ], [ 72.653330613285561, 23.04098615339408, 0.0 ], [ 72.6533326, 23.0409936, 0.0 ] ], [ [ 72.642440203847428, 23.081669640925941, 0.0 ], [ 72.6424534, 23.0817036, 0.0 ], [ 72.6422724, 23.0817796, 0.0 ], [ 72.6411365, 23.0816876, 0.0 ], [ 72.6398795, 23.0803946, 0.0 ], [ 72.6392775, 23.0804236, 0.0 ], [ 72.6372685, 23.0797656, 0.0 ], [ 72.637281681264554, 23.079730449961211, 0.0 ], [ 72.6392774, 23.0803841, 0.0 ], [ 72.6398794, 23.0803551, 0.0 ], [ 72.6411364, 23.0816481, 0.0 ], [ 72.6422724, 23.0817401, 0.0 ], [ 72.642440203847428, 23.081669640925941, 0.0 ] ], [ [ 72.6375414, 23.0789981, 0.0 ], [ 72.637528113798339, 23.079033529871115, 0.0 ], [ 72.6368015, 23.0788126, 0.0 ], [ 72.636801607262868, 23.078773163019118, 0.0 ], [ 72.6375414, 23.0789981, 0.0 ] ], [ [ 72.6454364, 23.0787851, 0.0 ], [ 72.645479932560349, 23.078777976490123, 0.0 ], [ 72.6454914, 23.0788156, 0.0 ], [ 72.645443379675925, 23.078823457871213, 0.0 ], [ 72.6454364, 23.0787851, 0.0 ] ], [ [ 72.6454234, 23.0794906, 0.0 ], [ 72.644804249858709, 23.079760988352845, 0.0 ], [ 72.6447914, 23.0797271, 0.0 ], [ 72.6454234, 23.0794511, 0.0 ], [ 72.645544543881329, 23.079418921156524, 0.0 ], [ 72.6455514, 23.0794566, 0.0 ], [ 72.6454234, 23.0794906, 0.0 ] ], [ [ 72.644879827031403, 23.079999804622016, 0.0 ], [ 72.6448934, 23.0800356, 0.0 ], [ 72.6444684, 23.0801516, 0.0 ], [ 72.6434774, 23.0804246, 0.0 ], [ 72.6426824, 23.0806526, 0.0 ], [ 72.642106607678087, 23.080771662141142, 0.0 ], [ 72.6420924, 23.0807351, 0.0 ], [ 72.6426824, 23.0806131, 0.0 ], [ 72.6434774, 23.0803851, 0.0 ], [ 72.6444684, 23.0801121, 0.0 ], [ 72.644879827031403, 23.079999804622016, 0.0 ] ] ] } }
]
}
