name,category,city,lat,lon,source
Ward 1,Ward,Gandhinagar,23.275915,72.633877,OSM
Ward 2,Ward,Gandhinagar,23.279188,72.673877,OSM
Ward 3,Ward,Gandhinagar,23.246339,72.650666,OSM
Ward 4,Ward,Gandhinagar,23.222156,72.684146,OSM
Ward 5,Ward,Gandhinagar,23.227006,72.661557,OSM
Ward 6,Ward,Gandhinagar,23.230906,72.639394,OSM
Ward 7,Ward,Gandhinagar,23.245837,72.605752,OSM
Ward 8,Ward,Gandhinagar,23.179452,72.612242,OSM
Ward 9,Ward,Gandhinagar,23.179544,72.631352,OSM
Ward 10,Ward,Gandhinagar,23.178852,72.647811,OSM
Ward 11,Ward,Gandhinagar,23.126547,72.62862,OSM
GOTA,Ward,Ahmedabad,23.09916,72.522327,OSM
CHANDLODIA,Ward,Ahmedabad,23.107124,72.554185,OSM
CHANDKHEDA,Ward,Ahmedabad,23.114888,72.587407,OSM
SABARMATI,Ward,Ahmedabad,23.090364,72.590478,OSM
RANIP,Ward,Ahmedabad,23.087972,72.568628,OSM
NEW WADAJ,Ward,Ahmedabad,23.069587,72.563118,OSM
GHATLODIA,Ward,Ahmedabad,23.069819,72.546777,OSM
THALTEJ,Ward,Ahmedabad,23.069069,72.486938,OSM
NARANPURA,Ward,Ahmedabad,23.058943,72.549999,OSM
S.P.STADIUM,Ward,Ahmedabad,23.056658,72.576694,OSM
SARDARNAGAR,Ward,Ahmedabad,23.091697,72.654321,OSM
NARODA,Ward,Ahmedabad,23.080663,72.669946,OSM
SAIJPUR BOGHA,Ward,Ahmedabad,23.062685,72.638192,OSM
KUBERNAGR,Ward,Ahmedabad,23.06934,72.636151,OSM
ASARWA,Ward,Ahmedabad,23.048997,72.613388,OSM
SHAHIBAG,Ward,Ahmedabad,23.04765,72.598575,OSM
SHAHPUR,Ward,Ahmedabad,23.047349,72.582453,OSM
NAVRANGPURA,Ward,Ahmedabad,23.028254,72.553701,OSM
BODAKDEV,Ward,Ahmedabad,23.033782,72.506322,OSM
JODHPUR,Ward,Ahmedabad,23.020793,72.510882,OSM
DARIYAPUR,Ward,Ahmedabad,23.033229,72.591201,OSM
INDIA COLONY,Ward,Ahmedabad,23.044295,72.62722,OSM
THAKKARBAPANAGAR,Ward,Ahmedabad,23.050607,72.649735,OSM
NIKOL,Ward,Ahmedabad,23.048011,72.667961,OSM
VIRATNAGAR,Ward,Ahmedabad,23.02753,72.644309,OSM
BAPUNAGAR,Ward,Ahmedabad,23.032272,72.630711,OSM
SARASPUR-RAKHIYAL,Ward,Ahmedabad,23.030859,72.611682,OSM
KHADIA,Ward,Ahmedabad,23.022044,72.592856,OSM
JAMALPUR,Ward,Ahmedabad,23.023116,72.579667,OSM
PALDI,Ward,Ahmedabad,23.009927,72.561181,OSM
VASNA,Ward,Ahmedabad,22.997186,72.549606,OSM
VEJALPUR,Ward,Ahmedabad,23.0054,72.525361,OSM
SARKHEJ,Ward,Ahmedabad,22.985482,72.491999,OSM
MAKTAMPURA,Ward,Ahmedabad,22.961444,72.505985,OSM
BAHERAMPURA,Ward,Ahmedabad,22.991999,72.569795,OSM
DANILIMDA,Ward,Ahmedabad,22.997929,72.587583,OSM
MANINAGAR,Ward,Ahmedabad,22.99952,72.602136,OSM
GOMTIPUR,Ward,Ahmedabad,23.018856,72.620603,OSM
AMRAIWADI,Ward,Ahmedabad,23.008482,72.626892,OSM
ODHAV,Ward,Ahmedabad,23.021571,72.66566,OSM
VASTRAL,Ward,Ahmedabad,23.001636,72.668507,OSM
INDRAPURI,Ward,Ahmedabad,22.999276,72.640481,OSM
BHAIPURA HATKESHWAR,Ward,Ahmedabad,22.994712,72.629887,OSM
KHOKHRA,Ward,Ahmedabad,22.996354,72.619247,OSM
ISANPUR,Ward,Ahmedabad,22.97676,72.598715,OSM
LAMBHA,Ward,Ahmedabad,22.948561,72.572987,OSM
VATVA,Ward,Ahmedabad,22.95093,72.626843,OSM
RAMOL HATHIJAN,Ward,Ahmedabad,22.957319,72.644978,OSM
Narol-Sarkhej Road,Road,Ahmedabad,22.99136,72.536588,OSM
Vishala Bridge,Road,Ahmedabad,22.980685,72.543858,OSM
Vishala Bridge,Road,Ahmedabad,22.985031,72.541094,OSM
Narol-Sarkhej Road,Road,Ahmedabad,22.989448,72.537773,OSM
H8A,Road,Ahmedabad,22.986978,72.501754,OSM
Ujala Flyover,Road,Ahmedabad,22.985842,72.500341,OSM
Narol Sarkhej Road,Road,Ahmedabad,22.975102,72.561337,OSM
Swami Vivekananda Bridge,Road,Ahmedabad,23.022432,72.573557,OSM
Netaji Subhash Chandra Road,Road,Ahmedabad,23.01298,72.567377,OSM
Ramdevnagar road,Road,Ahmedabad,23.024404,72.51171,OSM
lal bahadur shashtri road,Road,Ahmedabad,23.015869,72.51801,OSM
Corporate road,Road,Ahmedabad,23.00586,72.505467,OSM
Surendra Mangaldas Road,Road,Ahmedabad,23.021578,72.552038,OSM
Gulbai Tekra Road,Road,Ahmedabad,23.025586,72.55382,OSM
Manubhai Jadhani Marg,Road,Ahmedabad,23.012139,72.550843,OSM
Gupta Nagar road,Road,Ahmedabad,23.002376,72.539219,OSM
Narol Sarkhej Road,Road,Ahmedabad,22.975001,72.561292,OSM
Sardar Patel Ring Road,Road,Ahmedabad,22.942135,72.488612,OSM
Sardar Patel Ring Road,Road,Ahmedabad,22.925526,72.571638,OSM
Sardar Patel Ring Road,Road,Ahmedabad,22.933188,72.534142,OSM
Sardar Patel Ring Road,Road,Ahmedabad,22.92793,72.540541,OSM
Sardar Patel Ring Road,Road,Ahmedabad,22.928011,72.54063,OSM
Sardar Patel Ring Road,Road,Ahmedabad,22.925642,72.571608,OSM
Sardar Patel Ring Road,Road,Ahmedabad,22.933252,72.534234,OSM
Jawaharlal Nehru Road,Road,Ahmedabad,22.992308,72.521116,OSM
Ujala Flyover,Road,Ahmedabad,22.984471,72.498452,OSM
Ujala Flyover,Road,Ahmedabad,22.98341,72.497235,OSM
NH8A,Road,Ahmedabad,22.986907,72.501924,OSM
Ujala Flyover,Road,Ahmedabad,22.983479,72.497198,OSM
Flyover,Road,Ahmedabad,22.97831,72.491439,OSM
Sardar Patel Ring Road,Road,Ahmedabad,22.934957,72.518638,OSM
Satellite Road,Road,Ahmedabad,23.022648,72.538092,OSM
Sardar Patel Ring Road,Road,Ahmedabad,22.978164,72.471328,OSM
Nehrunagar Circle,Road,Ahmedabad,23.022553,72.542856,OSM
Sardar Bridge,Road,Ahmedabad,23.010795,72.577058,OSM
Jawaharlal Nehru Road,Road,Ahmedabad,22.995848,72.534902,OSM
Jawaharlal Nehru Road,Road,Ahmedabad,22.992241,72.521177,OSM
Doctor Ambedkar Bridge,Road,Ahmedabad,22.997308,72.562796,OSM
Sardar Bridge,Road,Ahmedabad,23.011731,72.571931,OSM
Prahlad Nagar Road,Road,Ahmedabad,23.004752,72.509829,OSM
Gulbai Tekra Road,Road,Ahmedabad,23.025833,72.553584,OSM
120 Feet Ring Road,Road,Ahmedabad,23.023839,72.542926,OSM
120 Feet Ring Road,Road,Ahmedabad,23.023847,72.542829,OSM
Jawaharlal Nehru Road,Road,Ahmedabad,22.99591,72.535607,OSM
Jawaharlal Nehru Road,Road,Ahmedabad,22.996271,72.536804,OSM
Ashram Road,Road,Ahmedabad,22.999177,72.544691,OSM
Ashram Road,Road,Ahmedabad,22.999072,72.544642,OSM
Anjali Cross Roads,Road,Ahmedabad,23.004273,72.55311,OSM
Anjali Flyover,Road,Ahmedabad,23.005658,72.555634,OSM
Anjali Flyover,Road,Ahmedabad,23.005791,72.555777,OSM
Dhumketu Marg,Road,Ahmedabad,23.009824,72.562147,OSM
Dhumketu Marg,Road,Ahmedabad,23.009727,72.554731,OSM
Paldi Underpass,Road,Ahmedabad,23.018254,72.561378,OSM
Netaji Subhash Chandra Road,Road,Ahmedabad,23.015,72.563857,OSM
Netaji Subhash Chandra Road,Road,Ahmedabad,23.013035,72.567413,OSM
Ashram Road,Road,Ahmedabad,23.019731,72.56957,OSM
120 Feet Ring Road,Road,Ahmedabad,23.019762,72.543768,OSM
120 Feet Ring Road,Road,Ahmedabad,23.019996,72.543524,OSM
Ashram Road,Road,Ahmedabad,23.011929,72.563392,OSM
120 Feet Ring Road,Road,Ahmedabad,23.016419,72.544377,OSM
Dharanidhar Flyover,Road,Ahmedabad,23.012234,72.545497,OSM
120 Feet Ring Road,Road,Ahmedabad,23.016581,72.544533,OSM
Dharanidhar Flyover,Road,Ahmedabad,23.012042,72.545653,OSM
Manek Baug Road,Road,Ahmedabad,23.017884,72.542131,OSM
120 Feet Ring Road,Road,Ahmedabad,23.006808,72.550643,OSM
Bhudarpura Road,Road,Ahmedabad,23.0144,72.546534,OSM
120 Feet Ring Road,Road,Ahmedabad,23.009079,72.548318,OSM
120 Feet Ring Road,Road,Ahmedabad,23.009243,72.548297,OSM
120 Feet Ring Road,Road,Ahmedabad,23.006128,72.551577,OSM
120 Feet Ring Road,Road,Ahmedabad,23.00852,72.549114,OSM
120 Circular Road,Road,Ahmedabad,23.002028,72.55549,OSM
120 Circular Road,Road,Ahmedabad,22.999423,72.558949,OSM
120 Circular Road,Road,Ahmedabad,23.002125,72.55561,OSM
120 Circular Road,Road,Ahmedabad,22.999187,72.559113,OSM
Doctor Ambedkar Bridge,Road,Ahmedabad,22.997257,72.562731,OSM
120 Feet Circular Road,Road,Ahmedabad,22.996106,72.572912,OSM
Chimanlal Girdharlal Road,Road,Ahmedabad,23.025998,72.556712,OSM
Chimanlal Girdharlal Road,Road,Ahmedabad,23.025796,72.556534,OSM
Netaji Subhash Chandra Road,Road,Ahmedabad,23.026429,72.559849,OSM
Netaji Subhash Chandra Road,Road,Ahmedabad,23.026417,72.559912,OSM
Kavi Nanalal Marg,Road,Ahmedabad,23.023272,72.563789,OSM
Law Garden Circle,Road,Ahmedabad,23.024719,72.559617,OSM
Happy Street,Road,Ahmedabad,23.025463,72.560957,OSM
Netaji Subhash Chandra Road,Road,Ahmedabad,23.024073,72.559613,OSM
Netaji Subhash Chandra Road,Road,Ahmedabad,23.024073,72.559673,OSM
Netaji Subhash Chandra Road,Road,Ahmedabad,23.021843,72.560085,OSM
Netaji Subhash Chandra Road,Road,Ahmedabad,23.022794,72.55989,OSM
Panchvati Road,Road,Ahmedabad,23.021586,72.554902,OSM
Chimanlal Girdharlal Road,Road,Ahmedabad,23.021052,72.556947,OSM
Panchvati Road,Road,Ahmedabad,23.021509,72.554918,OSM
Chimanlal Girdharlal Road,Road,Ahmedabad,23.021005,72.556855,OSM
Surendra Mangaldas Road,Road,Ahmedabad,23.019797,72.55763,OSM
Surendra Mangaldas Road,Road,Ahmedabad,23.01951,72.55546,OSM
Surendra Mangaldas Road,Road,Ahmedabad,23.021416,72.55244,OSM
Ambawadi Circle,Road,Ahmedabad,23.022586,72.550592,OSM
Surendra Mangaldas Road,Road,Ahmedabad,23.021876,72.546863,OSM
Surendra Mangaldas Road,Road,Ahmedabad,23.021926,72.546821,OSM
Dr. Vikram Sarabhai Road,Road,Ahmedabad,23.024239,72.548467,OSM
Dr. Vikram Sarabhai Road,Road,Ahmedabad,23.02389,72.548962,OSM
Parimal Underpass,Road,Ahmedabad,23.017993,72.557883,OSM
Parimal Underpass,Road,Ahmedabad,23.015735,72.558526,OSM
Chimanlal Girdharlal Road,Road,Ahmedabad,23.019259,72.557549,OSM
Chimanlal Girdharlal Road,Road,Ahmedabad,23.019277,72.557606,OSM
Chimanlal Girdharlal Road,Road,Ahmedabad,23.014817,72.559136,OSM
Chimanlal Girdharlal Road,Road,Ahmedabad,23.013705,72.560029,OSM
Chimanlal Girdharlal Road,Road,Ahmedabad,23.012885,72.560831,OSM
Chimanlal Girdharlal Road,Road,Ahmedabad,23.010711,72.563847,OSM
Chimanlal Girdharlal Road,Road,Ahmedabad,23.010848,72.563695,OSM
Satellite Road,Road,Ahmedabad,23.02794,72.51904,OSM
ISKCON Flyover,Road,Ahmedabad,23.02661,72.507258,OSM
ISKCON Flyover,Road,Ahmedabad,23.026653,72.507147,OSM
Shivranjani Flyover,Road,Ahmedabad,23.024122,72.530328,OSM
Shivranjani Flyover,Road,Ahmedabad,23.024128,72.530169,OSM
132 Ft. Ring Road,Road,Ahmedabad,23.017821,72.530167,OSM
132 Ft. Ring Road,Road,Ahmedabad,23.013456,72.530633,OSM
Shyamprasad Mukharji Flyover,Road,Ahmedabad,23.009488,72.531734,OSM
Shyamprasad Mukharji Flyover,Road,Ahmedabad,23.00947,72.531657,OSM
132 Ft. Ring Road,Road,Ahmedabad,23.001538,72.535366,OSM
132 Ft. Ring Road,Road,Ahmedabad,23.001703,72.535382,OSM
100 Ft. Road,Road,Ahmedabad,23.012578,72.514109,OSM
100 Ft. Road,Road,Ahmedabad,23.012064,72.510734,OSM
100 Ft. Road / Anand nagar road,Road,Ahmedabad,23.013138,72.521495,OSM
100 Ft. Road,Road,Ahmedabad,23.0167,72.538589,OSM
100 Ft. Road,Road,Ahmedabad,23.015439,72.534219,OSM
100 Ft. Road,Road,Ahmedabad,23.017373,72.543769,OSM
100 Ft. Road,Road,Ahmedabad,23.017262,72.543524,OSM
Bhudarpura Road,Road,Ahmedabad,23.017411,72.55046,OSM
100 Ft. Road,Road,Ahmedabad,23.017713,72.545249,OSM
100 Ft. Road,Road,Ahmedabad,23.017689,72.54494,OSM
Shantipura circle,Road,Ahmedabad,22.987645,72.471389,OSM
Sanand Cross Roads,Road,Ahmedabad,22.986823,72.494808,OSM
Sanathal Telav Road,Road,Ahmedabad,22.968163,72.444062,OSM
Sardar Patel Ring Road,Road,Ahmedabad,22.93643,72.500041,OSM
Sardar Patel Ring Road,Road,Ahmedabad,22.942621,72.487654,OSM
Sardar Patel Ring Road,Road,Ahmedabad,22.9353,72.513585,OSM
Sanathal Telav Road,Road,Ahmedabad,22.963985,72.473652,OSM
Sardar Patel Ring Road,Road,Ahmedabad,22.973897,72.473085,OSM
Sardar Patel Ring Road,Road,Ahmedabad,22.973814,72.472909,OSM
Sardar Patel Ring Road,Road,Ahmedabad,22.973858,72.473002,OSM
Sardar Patel Ring Road,Road,Ahmedabad,22.973835,72.472954,OSM
Sardar Patel Ring Road,Road,Ahmedabad,22.973916,72.473125,OSM
Sardar Patel Ring Road,Road,Ahmedabad,22.973934,72.473163,OSM
Sardar Patel Ring Road,Road,Ahmedabad,22.977781,72.471311,OSM
Sardar Patel Ring Road,Road,Ahmedabad,22.999407,72.473709,OSM
Club O7 Road,Road,Ahmedabad,23.007366,72.461075,OSM
Club O7 Road,Road,Ahmedabad,23.005906,72.466059,OSM
200ft. Gala Gymkhana Road,Road,Ahmedabad,23.023505,72.471616,OSM
Vakil Saheb Flyover,Road,Ahmedabad,23.027229,72.476811,OSM
Dr. Jivraj Mehta Road,Road,Ahmedabad,23.007956,72.540027,OSM
Vijubhai Dave Marg,Road,Ahmedabad,23.009459,72.534526,OSM
Swami Vivekananda Bridge,Road,Ahmedabad,23.022591,72.573557,OSM
Surendra Mangaldas Road,Road,Ahmedabad,23.022096,72.56945,OSM
Surendra Mangaldas Road,Road,Ahmedabad,23.02267,72.572173,OSM
Lambha Mandir Road,Road,Ahmedabad,22.931725,72.566494,OSM
Ashram Road,Road,Ahmedabad,23.011869,72.563424,OSM
Ellis Flyover,Road,Ahmedabad,23.022451,72.573226,OSM
Ellis Flyover,Road,Ahmedabad,23.022583,72.572931,OSM
Kavi Nanalal Marg,Road,Ahmedabad,23.023225,72.563778,OSM
Ellis Flyover,Road,Ahmedabad,23.022963,72.571302,OSM
Surendra Mangaldas Road,Road,Ahmedabad,23.019421,72.555477,OSM
Surendra Mangaldas Road,Road,Ahmedabad,23.01971,72.557643,OSM
Telav-Guma Road,Road,Ahmedabad,23.023938,72.450722,OSM
Sabarmati Riverfront road,Road,Ahmedabad,23.01828,72.572948,OSM
Sabarmati Riverfront road,Road,Ahmedabad,23.018455,72.573052,OSM
Sabarmati Riverfront road,Road,Ahmedabad,23.011786,72.572369,OSM
Sabarmati Riverfront Road,Road,Ahmedabad,23.02272,72.573576,OSM
Sabarmati Riverfront Road,Road,Ahmedabad,23.022706,72.573661,OSM
Sabarmati Riverfront Road,Road,Ahmedabad,23.025039,72.573322,OSM
Sabarmati Riverfront Road,Road,Ahmedabad,23.00806,72.57056,OSM
Sabarmati Riverfront Road,Road,Ahmedabad,23.0247,72.573297,OSM
Sabarmati Riverfront Road,Road,Ahmedabad,23.008091,72.570487,OSM
Vastrapur railway station road,Road,Ahmedabad,23.008426,72.520702,OSM
Mumatpura - Karnavati Club Road,Road,Ahmedabad,23.019309,72.499501,OSM
Ellis Flyover,Road,Ahmedabad,23.023416,72.571343,OSM
Parimal Underpass,Road,Ahmedabad,23.016669,72.558148,OSM
Parimal Underpass,Road,Ahmedabad,23.017167,72.558076,OSM
Parimal Underpass,Road,Ahmedabad,23.015766,72.558596,OSM
Parimal Underpass,Road,Ahmedabad,23.01798,72.557806,OSM
Vijubhai Dave Marg,Road,Ahmedabad,23.013683,72.551388,OSM
Prahlad Nagar,Road,Ahmedabad,23.000243,72.505405,OSM
132 Ft. Ring Road,Road,Ahmedabad,22.996405,72.537745,OSM
132 Ft. Ring Road,Road,Ahmedabad,22.996499,72.537807,OSM
Jawaharlal Nehru Road,Road,Ahmedabad,22.996499,72.537807,OSM
Sun South Winds Road,Road,Ahmedabad,23.016799,72.471255,OSM
Parimal Cross Roads,Road,Ahmedabad,23.01964,72.557485,OSM
Ramdevnagar road,Road,Ahmedabad,23.022665,72.50964,OSM
VIP Road,Road,Ahmedabad,23.011414,72.463536,OSM
Telav-Guma Road,Road,Ahmedabad,23.012501,72.444364,OSM
Sabarmati Riverfront Road,Road,Ahmedabad,23.002479,72.571035,OSM
Sabarmati Riverfront Road,Road,Ahmedabad,22.997644,72.567312,OSM
100 Ft. Road,Road,Ahmedabad,23.014874,72.531761,OSM
132 Ft. Ring Road,Road,Ahmedabad,23.013942,72.530683,OSM
100 Ft. Road / Anand nagar road,Road,Ahmedabad,23.015122,72.532523,OSM
132 Ft. Ring Road,Road,Ahmedabad,23.014698,72.530608,OSM
100 Ft. Road / Anand nagar road,Road,Ahmedabad,23.014692,72.530518,OSM
132 Ft. Ring Road,Road,Ahmedabad,23.018274,72.530083,OSM
100 Ft. Road,Road,Ahmedabad,23.0146,72.530618,OSM
132 Ft. Ring Road,Road,Ahmedabad,23.014692,72.530518,OSM
Satellite Road,Road,Ahmedabad,23.024272,72.530422,OSM
Satellite Road,Road,Ahmedabad,23.027599,72.521205,OSM
Satellite Road,Road,Ahmedabad,23.02441,72.530274,OSM
Satellite Road,Road,Ahmedabad,23.023055,72.536653,OSM
Chhanalal Joshi Marg,Road,Ahmedabad,23.004974,72.491606,OSM
Sardar Patel Ring Road,Road,Ahmedabad,23.017743,72.480614,OSM
Sardar Patel Ring Road,Road,Ahmedabad,22.925335,72.567139,OSM
Bhudarpura Road,Road,Ahmedabad,23.019362,72.55308,OSM
Sabarmati River front Road,Road,Ahmedabad,23.007224,72.574536,OSM
Shantipura Flyover,Road,Ahmedabad,22.989019,72.471687,OSM
Vakil Saheb Flyover,Road,Ahmedabad,23.027223,72.476688,OSM
Sardar Patel Ring Road,Road,Ahmedabad,22.991222,72.471761,OSM
VIP Road,Road,Ahmedabad,23.012887,72.457236,OSM
Sardar Patel Ring Road,Road,Ahmedabad,23.006819,72.476828,OSM
Sardar Patel Ring Road,Road,Ahmedabad,23.006508,72.476191,OSM
Sardar Patel Ring Road,Road,Ahmedabad,23.011295,72.47799,OSM
Sardar Patel Ring Road,Road,Ahmedabad,23.020449,72.479032,OSM
Sardar Patel Ring Road,Road,Ahmedabad,23.023134,72.477953,OSM
Corporate road,Road,Ahmedabad,23.013493,72.506569,OSM
Bileshwar Mahadev Road,Road,Ahmedabad,23.01627,72.52657,OSM
Sardar Patel Ring Road,Road,Ahmedabad,22.938285,72.494344,OSM
Sardar Patel Ring Road,Road,Ahmedabad,22.938903,72.493248,OSM
Sardar Patel Ring Road,Road,Ahmedabad,22.938301,72.494634,OSM
Sardar Patel Ring Road,Road,Ahmedabad,22.939228,72.492954,OSM
Sardar Patel Ring Road Flyover,Road,Ahmedabad,22.964679,72.474848,OSM
Sardar Patel Ring Road,Road,Ahmedabad,22.953954,72.480166,OSM
Sardar Patel Ring Road Flyover,Road,Ahmedabad,22.964683,72.475001,OSM
Sardar Patel Ring Road,Road,Ahmedabad,22.954016,72.480289,OSM
Chhanalal Joshi Marg,Road,Ahmedabad,23.020616,72.494048,OSM
Chhanalal Joshi Marg,Road,Ahmedabad,23.025215,72.49213,OSM
Flyover,Road,Ahmedabad,22.978393,72.491319,OSM
Sanand Chokdi Flyover,Road,Ahmedabad,22.986856,72.49467,OSM
Sanand Chokdi Flyover,Road,Ahmedabad,22.986828,72.4948,OSM
Surendra Mangaldas Road,Road,Ahmedabad,23.020036,72.559339,OSM
Netaji Subhash Chandra Road,Road,Ahmedabad,23.020164,72.560754,OSM
Netaji Subhash Chandra Road,Road,Ahmedabad,23.020149,72.560674,OSM
Surendra Mangaldas Road,Road,Ahmedabad,23.019947,72.558897,OSM
Surendra Mangaldas Road,Road,Ahmedabad,23.022479,72.572381,OSM
Ashram Road,Road,Ahmedabad,23.01829,72.568392,OSM
Chhanalal Joshi Marg,Road,Ahmedabad,23.025188,72.492227,OSM
Mumatpura - Karnavati Club Road,Road,Ahmedabad,23.0192,72.499696,OSM
Sardar Patel Ring Road,Road,Ahmedabad,22.935792,72.5104,OSM
Sardar Patel Ring Road,Road,Ahmedabad,22.935312,72.511396,OSM
200ft. Gala Gymkhana Road,Road,Ahmedabad,23.015033,72.478335,OSM
Prahlad Nagar Road,Road,Ahmedabad,23.017719,72.507148,OSM
Prahlad Nagar Road,Road,Ahmedabad,23.011736,72.510824,OSM
Shantipura Flyover,Road,Ahmedabad,22.989041,72.471575,OSM
Sardar Patel Ring Road,Road,Ahmedabad,23.000861,72.474112,OSM
Sardar Patel Ring Road,Road,Ahmedabad,22.999398,72.474019,OSM
Chhanalal Joshi Marg,Road,Ahmedabad,23.011175,72.494711,OSM
Chhanalal Joshi Marg,Road,Ahmedabad,23.011166,72.49479,OSM
L.J. College Road,Road,Ahmedabad,22.992265,72.488523,OSM
Chhanalal Joshi Marg,Road,Ahmedabad,23.018607,72.494557,OSM
Zaveri Circle,Road,Ahmedabad,23.018424,72.494518,OSM
Service road - Sarkhej Gandhinagar Highway,Road,Ahmedabad,23.013626,72.503484,OSM
Apang Manav Mandal Road,Road,Ahmedabad,23.023637,72.540335,OSM
Sardar Patel Ring Road,Road,Ahmedabad,22.994242,72.47222,OSM
Sabarmati Riverfront road,Road,Ahmedabad,23.011803,72.572282,OSM
Sardar Patel Ring Road,Road,Ahmedabad,23.010797,72.478316,OSM
Sardar Patel Ring Road,Road,Ahmedabad,22.995031,72.472415,OSM
Sardar Patel Ring Road,Road,Ahmedabad,22.991025,72.472121,OSM
Jawaharlal Nehru Road,Road,Ahmedabad,22.987748,72.505126,OSM
Jawaharlal Nehru Road,Road,Ahmedabad,22.987805,72.504962,OSM
Prahlad Nagar Road,Road,Ahmedabad,23.004516,72.509629,OSM
Prahlad Nagar Road,Road,Ahmedabad,22.998692,72.502169,OSM
Prahlad Nagar Road,Road,Ahmedabad,22.998913,72.50133,OSM
Vijubhai Dave Marg,Road,Ahmedabad,23.007657,72.516302,OSM
Chhanalal Joshi Marg,Road,Ahmedabad,22.999865,72.489543,OSM
Manubhai Jadhani Marg,Road,Ahmedabad,23.014052,72.558412,OSM
Dhumketu Marg,Road,Ahmedabad,23.009859,72.560067,OSM
Chimanlal Girdharlal Road,Road,Ahmedabad,23.012073,72.561886,OSM
Vijubhai Dave Marg,Road,Ahmedabad,23.015457,72.558584,OSM
Vijubhai Dave Marg,Road,Ahmedabad,23.015556,72.55878,OSM
Manubhai Jadhani Marg,Road,Ahmedabad,23.012611,72.555561,OSM
Service road - Sarkhej Gandhinagar Highway,Road,Ahmedabad,23.000148,72.499303,OSM
Vastrapur railway station road,Road,Ahmedabad,23.004757,72.514242,OSM
Vastrapur railway station road,Road,Ahmedabad,23.00599,72.512061,OSM
Vastrapur railway station road,Road,Ahmedabad,23.00644,72.512159,OSM
Vastrapur railway station road,Road,Ahmedabad,23.00627,72.512447,OSM
Ashram Road,Road,Ahmedabad,23.009184,72.561926,OSM
Ashram Road,Road,Ahmedabad,23.009059,72.561845,OSM
Swami Vivekananda Bridge,Road,Ahmedabad,23.022629,72.573063,OSM
Swami Vivekananda Bridge,Road,Ahmedabad,23.022451,72.573226,OSM
Ellis Flyover,Road,Ahmedabad,23.022614,72.573297,OSM
Ellis Flyover,Road,Ahmedabad,23.022483,72.573057,OSM
Netaji Subhash Chandra Road,Road,Ahmedabad,23.012336,72.569581,OSM
Netaji Subhash Chandra Road,Road,Ahmedabad,23.012246,72.569517,OSM
Satellite Road,Road,Ahmedabad,23.024137,72.532513,OSM
Corporate road,Road,Ahmedabad,23.002671,72.503127,OSM
Corporate road,Road,Ahmedabad,23.007093,72.506214,OSM
Sardar Patel Ring Road,Road,Ahmedabad,22.984708,72.471429,OSM
Sardar Patel Ring Road,Road,Ahmedabad,22.985809,72.471122,OSM
Sardar Patel Ring Road,Road,Ahmedabad,22.997266,72.473013,OSM
Mumatpura Flyover,Road,Ahmedabad,23.009609,72.477535,OSM
Mumatpura Flyover,Road,Ahmedabad,23.009574,72.47766,OSM
Sardar Patel Ring Road,Road,Ahmedabad,23.017449,72.480297,OSM
Sardar Patel Ring Road,Road,Ahmedabad,23.017433,72.480414,OSM
Sanand Chokdi Flyover,Road,Ahmedabad,22.982638,72.493507,OSM
Flyover,Road,Ahmedabad,22.98191,72.493139,OSM
Sardar Patel Ring Road,Road,Ahmedabad,22.937683,72.495386,OSM
Sardar Patel Ring Road,Road,Ahmedabad,22.938363,72.494904,OSM
Sardar Patel Ring Road,Road,Ahmedabad,22.942164,72.488029,OSM
Sardar Patel Ring Road,Road,Ahmedabad,22.942423,72.488472,OSM
Sardar Patel Ring Road,Road,Ahmedabad,22.955678,72.478951,OSM
Sardar Patel Ring Road,Road,Ahmedabad,22.957186,72.478492,OSM
Sardar Patel Ring Road,Road,Ahmedabad,22.9599,72.476686,OSM
Sardar Patel Ring Road,Road,Ahmedabad,22.959818,72.476377,OSM
Sardar Patel Ring Road,Road,Ahmedabad,22.966341,72.474818,OSM
Sardar Patel Ring Road,Road,Ahmedabad,22.96646,72.475272,OSM
Sardar Patel Ring Road,Road,Ahmedabad,22.956746,72.47844,OSM
Sardar Patel Ring Road,Road,Ahmedabad,22.955634,72.479299,OSM
Sardar Patel Ring Road,Road,Ahmedabad,22.972593,72.47357,OSM
Sardar Patel Ring Road,Road,Ahmedabad,22.972636,72.473682,OSM
Sardar Patel Ring Road,Road,Ahmedabad,22.97856,72.470922,OSM
Sardar Patel Ring Road,Road,Ahmedabad,22.975737,72.472449,OSM
Sardar Patel Ring Road,Road,Ahmedabad,22.98258,72.471265,OSM
Sanathal Telav Road,Road,Ahmedabad,22.966242,72.466537,OSM
Sanathal Telav Road,Road,Ahmedabad,22.96342,72.459294,OSM
Sardar Patel Ring Road,Road,Ahmedabad,22.934722,72.522385,OSM
Sardar Patel Ring Road,Road,Ahmedabad,22.934221,72.529154,OSM
Club O7 Road,Road,Ahmedabad,23.007016,72.454292,OSM
Club O7 Road,Road,Ahmedabad,23.006975,72.454761,OSM
100 Ft. Road,Road,Ahmedabad,23.017288,72.543012,OSM
Ramdevnagar road,Road,Ahmedabad,23.02271,72.51067,OSM
Dhumketu Marg,Road,Ahmedabad,23.009257,72.549961,OSM
Ramdevnagar road,Road,Ahmedabad,23.021615,72.512329,OSM
Ramdevnagar road,Road,Ahmedabad,23.021699,72.512175,OSM
Vijubhai Dave Marg,Road,Ahmedabad,23.014789,72.556605,OSM
lal bahadur shashtri road,Road,Ahmedabad,23.024275,72.520503,OSM
VIP Road,Road,Ahmedabad,23.010672,72.468446,OSM
Corporate road,Road,Ahmedabad,23.016369,72.506504,OSM
Corporate road,Road,Ahmedabad,23.012798,72.506705,OSM
Chhanalal Joshi Marg,Road,Ahmedabad,23.018673,72.494474,OSM
Chhanalal Joshi Marg,Road,Ahmedabad,23.018851,72.49452,OSM
120 Feet Ring Road,Road,Ahmedabad,23.009079,72.548501,OSM
Sanathal Telav Road,Road,Ahmedabad,22.965941,72.47352,OSM
Service road - Sarkhej Gandhinagar Highway,Road,Ahmedabad,23.00433,72.500581,OSM
Service road - Sarkhej Gandhinagar Highway,Road,Ahmedabad,23.023319,72.506591,OSM
Prahlad Nagar,Road,Ahmedabad,22.998119,72.502625,OSM
Purshottam Malvankar Marg,Road,Ahmedabad,23.023768,72.566726,OSM
Netaji Subhash Chandra Road,Road,Ahmedabad,23.020945,72.560434,OSM
Surendra Mangaldas Road,Road,Ahmedabad,23.022301,72.570986,OSM
Ashram Road,Road,Ahmedabad,23.018089,72.568127,OSM
Ashram Road,Road,Ahmedabad,23.022565,72.57128,OSM
100 Ft. Road / Anand nagar road,Road,Ahmedabad,23.014155,72.528246,OSM
100 Ft. Road,Road,Ahmedabad,23.014081,72.528255,OSM
Apang Manav Mandal,Road,Ahmedabad,23.023056,72.540205,OSM
Apang Manav Mandal,Road,Ahmedabad,23.024694,72.540399,OSM
Apang Manav Mandal Road,Road,Ahmedabad,23.025395,72.540558,OSM
Bhudarpura Road,Road,Ahmedabad,23.014299,72.545889,OSM
Bhudarpura Road,Road,Ahmedabad,23.015072,72.547579,OSM
Bhudarpura Road,Road,Ahmedabad,23.014741,72.547247,OSM
Bhudarpura Road,Road,Ahmedabad,23.018063,72.551146,OSM
Bhudarpura Road,Road,Ahmedabad,23.015225,72.547666,OSM
Bhudarpura Road,Road,Ahmedabad,23.015867,72.5484,OSM
Bhudarpura Road,Road,Ahmedabad,23.018423,72.551625,OSM
Telav-Guma Road,Road,Ahmedabad,23.009122,72.442183,OSM
Corporate road,Road,Ahmedabad,22.999831,72.501406,OSM
Netaji Subhash Chandra Road,Road,Ahmedabad,23.020057,72.560805,OSM
Paldi Underpass,Road,Ahmedabad,23.01867,72.561316,OSM
Mumatpura Flyover,Road,Ahmedabad,23.014052,72.479356,OSM
Sabarmati Riverfront road,Road,Ahmedabad,23.014693,72.572933,OSM
Sabarmati Riverfront road,Road,Ahmedabad,23.014853,72.572959,OSM
Sabarmati Riverfront road,Road,Ahmedabad,23.014062,72.572728,OSM
Sabarmati Riverfront road,Road,Ahmedabad,23.014705,72.572853,OSM
Sabarmati Riverfront Road,Road,Ahmedabad,23.005939,72.568952,OSM
Sabarmati Riverfront Road,Road,Ahmedabad,23.005816,72.569028,OSM
Sardar Patel Ring Road,Road,Ahmedabad,22.953601,72.480383,OSM
Sardar Patel Ring Road,Road,Ahmedabad,22.953678,72.480494,OSM
Sardar Patel Ring Road,Road,Ahmedabad,22.939156,72.492858,OSM
Sardar Patel Ring Road,Road,Ahmedabad,22.939371,72.492739,OSM
Sardar Patel Ring Road,Road,Ahmedabad,22.938869,72.493504,OSM
Sardar Patel Ring Road,Road,Ahmedabad,22.938858,72.493317,OSM
Sardar Patel Ring Road,Road,Ahmedabad,22.9271,72.541732,OSM
Sardar Patel Ring Road,Road,Ahmedabad,22.926999,72.541629,OSM
120 Feet Circular Road,Road,Ahmedabad,22.995954,72.573315,OSM
Paldi Underpass,Road,Ahmedabad,23.016139,72.5627,OSM
Paldi Underpass,Road,Ahmedabad,23.016139,72.5627,OSM
Ashram Road,Road,Ahmedabad,23.024184,72.571304,OSM
Shivranjani Flyover,Road,Ahmedabad,23.021352,72.530288,OSM
Shivranjani Flyover,Road,Ahmedabad,23.021359,72.530135,OSM
Shyamprasad Mukharji Flyover,Road,Ahmedabad,23.012915,72.530753,OSM
Shyamprasad Mukharji Flyover,Road,Ahmedabad,23.012933,72.530837,OSM
Shyamprasad Mukharji Flyover,Road,Ahmedabad,23.006625,72.532887,OSM
Shyamprasad Mukharji Flyover,Road,Ahmedabad,23.006918,72.532831,OSM
Anjali Flyover,Road,Ahmedabad,23.00258,72.550903,OSM
Anjali Flyover,Road,Ahmedabad,23.002499,72.550927,OSM
Anjali Flyover,Road,Ahmedabad,23.008526,72.560941,OSM
Anjali Flyover,Road,Ahmedabad,23.008588,72.560909,OSM
Dharanidhar Flyover,Road,Ahmedabad,23.015838,72.544699,OSM
Dharanidhar Flyover,Road,Ahmedabad,23.015664,72.544584,OSM
Dharanidhar Flyover,Road,Ahmedabad,23.009374,72.548114,OSM
Dharanidhar Flyover,Road,Ahmedabad,23.00921,72.548171,OSM
Sardar Patel Ring Road Flyover,Road,Ahmedabad,22.958499,72.477452,OSM
Sardar Patel Ring Road Flyover,Road,Ahmedabad,22.95847,72.477367,OSM
Sardar Patel Ring Road Flyover,Road,Ahmedabad,22.971377,72.474258,OSM
Sardar Patel Ring Road Flyover,Road,Ahmedabad,22.971087,72.474219,OSM
NH8A,Road,Ahmedabad,22.986778,72.501639,OSM
H8A,Road,Ahmedabad,22.986903,72.501663,OSM
NH8A,Road,Ahmedabad,22.980339,72.493681,OSM
NH8A,Road,Ahmedabad,22.980083,72.493258,OSM
Flyover,Road,Ahmedabad,22.981899,72.493285,OSM
Sanand Chokdi Flyover,Road,Ahmedabad,22.982663,72.493357,OSM
Flyover,Road,Ahmedabad,22.975319,72.488485,OSM
Flyover,Road,Ahmedabad,22.975368,72.48836,OSM
Sanand Chokdi Flyover,Road,Ahmedabad,22.991502,72.496279,OSM
Sanand Chokdi Flyover,Road,Ahmedabad,22.992467,72.496418,OSM
Sanand Chokdi Flyover,Road,Ahmedabad,22.993357,72.4967,OSM
ISKCON Flyover,Road,Ahmedabad,23.022311,72.505914,OSM
ISKCON Flyover,Road,Ahmedabad,23.022019,72.50568,OSM
ISKCON Flyover,Road,Ahmedabad,23.021327,72.505467,OSM
Shantipura Flyover,Road,Ahmedabad,22.994879,72.472569,OSM
Shantipura Flyover,Road,Ahmedabad,22.994891,72.472446,OSM
Shantipura Flyover,Road,Ahmedabad,22.983477,72.471207,OSM
Shantipura Flyover,Road,Ahmedabad,22.983238,72.471074,OSM
Mumatpura Flyover,Road,Ahmedabad,23.005463,72.476156,OSM
Mumatpura Flyover,Road,Ahmedabad,23.005513,72.476026,OSM
Mumatpura Flyover,Road,Ahmedabad,23.014061,72.479221,OSM
Vakil Saheb Flyover,Road,Ahmedabad,23.020696,72.47901,OSM
Vakil Saheb Flyover,Road,Ahmedabad,23.020829,72.479095,OSM
Ahmedabad–Dholera Expressway,Road,Ahmedabad,22.913595,72.459544,OSM
Netaji Subhash Chandra Road,Road,Ahmedabad,23.019955,72.560752,OSM
Netaji Subhash Chandra Road,Road,Ahmedabad,23.019977,72.560836,OSM
Paldi Underpass,Road,Ahmedabad,23.016608,72.562258,OSM
Paldi Underpass,Road,Ahmedabad,23.016643,72.562345,OSM
Parimal Underpass,Road,Ahmedabad,23.018866,72.557722,OSM
Parimal Underpass,Road,Ahmedabad,23.018854,72.557631,OSM
Parimal Underpass,Road,Ahmedabad,23.014977,72.559045,OSM
Parimal Underpass,Road,Ahmedabad,23.015117,72.558871,OSM
Sardar Patel Ring Road,Road,Ahmedabad,22.924329,72.5457,OSM
Sardar Patel Ring Road,Road,Ahmedabad,22.924423,72.545778,OSM
Sardar Patel Ring Road,Road,Ahmedabad,22.927135,72.541312,OSM
Sardar Patel Ring Road,Road,Ahmedabad,22.927256,72.541622,OSM
Sardar Patel Ring Road,Road,Ahmedabad,22.925326,72.544297,OSM
Sardar Patel Ring Road,Road,Ahmedabad,22.928149,72.583051,OSM
Sardar Patel Ring Road,Road,Ahmedabad,22.928462,72.582566,OSM
Ashram Road,Road,Ahmedabad,23.024183,72.5714,OSM
Sardar Patel Ring Road,Road,Ahmedabad,22.950201,72.482262,OSM
Sardar Patel Ring Road,Road,Ahmedabad,22.951694,72.481707,OSM
Sardar Patel Ring Road,Road,Ahmedabad,22.948604,72.483463,OSM
Sardar Patel Ring Road,Road,Ahmedabad,22.951406,72.482073,OSM
Sardar Patel Ring Road,Road,Ahmedabad,22.987528,72.471286,OSM
Shantipura circle,Road,Ahmedabad,22.987528,72.471286,OSM
Shantipura circle,Road,Ahmedabad,22.987536,72.471592,OSM
Sardar Patel Ring Road,Road,Ahmedabad,22.987536,72.471592,OSM
Sardar Patel Ring Road,Road,Ahmedabad,22.972717,72.473322,OSM
Sardar Patel Ring Road,Road,Ahmedabad,22.982273,72.471018,OSM
Sardar Patel Ring Road,Road,Ahmedabad,22.981382,72.470962,OSM
Sardar Patel Ring Road,Road,Ahmedabad,22.982261,72.471142,OSM
Sardar Patel Ring Road,Road,Ahmedabad,22.981487,72.471088,OSM
Netaji Subhash Chandra Road,Road,Ahmedabad,23.011831,72.571381,OSM
Netaji Subhash Chandra Road,Road,Ahmedabad,23.011861,72.571221,OSM
Netaji Subhash Chandra Road,Road,Ahmedabad,23.011642,72.571912,OSM
Netaji Subhash Chandra Road,Road,Ahmedabad,23.011746,72.571368,OSM
Ahmedabad–Dholera Expressway,Road,Ahmedabad,22.945724,72.484879,OSM
Ahmedabad–Dholera Expressway,Road,Ahmedabad,22.939862,72.479281,OSM
Ahmedabad–Dholera Expressway,Road,Ahmedabad,22.939216,72.478723,OSM
Ahmedabad–Dholera Expressway,Road,Ahmedabad,22.939204,72.479233,OSM
Ahmedabad–Dholera Expressway,Road,Ahmedabad,22.94127,72.480996,OSM
Ahmedabad–Dholera Expressway,Road,Ahmedabad,22.930065,72.470976,OSM
Ahmedabad–Dholera Expressway,Road,Ahmedabad,22.928168,72.469353,OSM
Ahmedabad–Dholera Expressway,Road,Ahmedabad,22.928044,72.469768,OSM
Ahmedabad–Dholera Expressway,Road,Ahmedabad,22.936035,72.476544,OSM
Ahmedabad–Dholera Expressway,Road,Ahmedabad,22.917306,72.461293,OSM
Ahmedabad–Dholera Expressway,Road,Ahmedabad,22.945573,72.484643,OSM
Ahmedabad–Dholera Expressway,Road,Ahmedabad,22.945435,72.484039,OSM
Ahmedabad–Dholera Expressway,Road,Ahmedabad,22.945685,72.484252,OSM
Ahmedabad–Dholera Expressway,Road,Ahmedabad,22.925413,72.467591,OSM
Prahlad Nagar Road,Road,Ahmedabad,23.000412,72.504257,OSM
Prahlad Nagar Road,Road,Ahmedabad,23.00036,72.50431,OSM
Sardar Patel Ring Road,Road,Ahmedabad,22.924153,72.55257,OSM
Ahmedabad–Dholera Expressway,Road,Ahmedabad,22.903045,72.454466,OSM
Ahmedabad–Dholera Expressway,Road,Ahmedabad,22.904246,72.454968,OSM
Ahmedabad–Dholera Expressway,Road,Ahmedabad,22.903187,72.45396,OSM
Ahmedabad–Dholera Expressway,Road,Ahmedabad,22.903187,72.45396,OSM
Surendra Mangaldas Road,Road,Ahmedabad,23.020898,72.564192,OSM
Surendra Mangaldas Road,Road,Ahmedabad,23.021979,72.568238,OSM
Surendra Mangaldas Road,Road,Ahmedabad,23.02207,72.568273,OSM
Ellis Flyover,Road,Ahmedabad,23.023636,72.566988,OSM
Sardar Patel Ring Road,Road,Ahmedabad,22.923809,72.549577,OSM
Sardar Patel Ring Road,Road,Ahmedabad,22.923689,72.549578,OSM
Ahmadabad Vadodara Expressway,Road,Ahmedabad,22.987119,72.630801,OSM
Soni Ni Chawl Flyover,Road,Ahmedabad,23.020445,72.638328,OSM
Odhav Road,Road,Ahmedabad,23.02203,72.648936,OSM
Ahmadabad Vadodara Expressway,Road,Ahmedabad,22.986138,72.632508,OSM
Ahmadabad Vadodara Expressway,Road,Ahmedabad,22.986109,72.632258,OSM
Ahmadabad Vadodara Expressway,Road,Ahmedabad,22.984689,72.635023,OSM
Ahmadabad Vadodara Expressway,Road,Ahmedabad,22.988087,72.628849,OSM
Ahmadabad Vadodara Expressway,Road,Ahmedabad,22.983695,72.636758,OSM
Ahmadabad Vadodara Expressway,Road,Ahmedabad,22.981017,72.641423,OSM
Ahmadabad Vadodara Expressway,Road,Ahmedabad,22.983498,72.636827,OSM
Ahmadabad Vadodara Expressway,Road,Ahmedabad,22.985833,72.632756,OSM
Ahmadabad Vadodara Expressway,Road,Ahmedabad,22.982516,72.638538,OSM
Ahmadabad Vadodara Expressway,Road,Ahmedabad,22.979841,72.643188,OSM
Ahmadabad Vadodara Expressway,Road,Ahmedabad,22.97996,72.643256,OSM
Ahmadabad Vadodara Expressway,Road,Ahmedabad,22.968559,72.6631,OSM
Narol Sarkhej Road,Road,Ahmedabad,22.975102,72.561337,OSM
NH8,Road,Ahmedabad,22.999023,72.635017,OSM
Nathalal Jhagadia Bridge,Road,Ahmedabad,23.000025,72.610778,OSM
Swami Vivekananda Bridge,Road,Ahmedabad,23.022432,72.573557,OSM
Kankaria Road,Road,Ahmedabad,23.015589,72.595164,OSM
Danapith Road,Road,Ahmedabad,23.01772,72.586136,OSM
Sarangpur railway station road,Road,Ahmedabad,23.024689,72.603008,OSM
Sukharam Nagar Road,Road,Ahmedabad,23.01345,72.610568,OSM
Wadikaka Road,Road,Ahmedabad,23.01315,72.622213,OSM
Narol Sarkhej Road,Road,Ahmedabad,22.975001,72.561292,OSM
Fernandes Bridge,Road,Ahmedabad,23.024577,72.589789,OSM
Gandhi Road,Road,Ahmedabad,23.024933,72.593806,OSM
Sardar Patel Ring Road Flyover,Road,Ahmedabad,22.969372,72.660852,OSM
Sardar Patel Ring Road,Road,Ahmedabad,22.947518,72.649354,OSM
Sardar Patel Ring Road,Road,Ahmedabad,22.929472,72.591478,OSM
Sardar Patel Ring Road,Road,Ahmedabad,22.931237,72.608969,OSM
Sardar Patel Ring Road Flyover,Road,Ahmedabad,22.969372,72.660852,OSM
Sardar Patel Ring Road,Road,Ahmedabad,22.990348,72.664742,OSM
Sardar Patel Ring Road,Road,Ahmedabad,22.929443,72.594456,OSM
Aslali Circle,Road,Ahmedabad,22.929552,72.594918,OSM
Sardar Patel Ring Road,Road,Ahmedabad,22.938728,72.635921,OSM
Ahmedabad-Mehmdavad-Nadiad Road,Road,Ahmedabad,22.972023,72.642131,OSM
Sardar Patel Ring Road,Road,Ahmedabad,22.925159,72.568497,OSM
Sardar Patel Ring Road,Road,Ahmedabad,22.929824,72.601943,OSM
Sardar Patel Ring Road,Road,Ahmedabad,22.934621,72.621241,OSM
Sardar Patel Ring Road,Road,Ahmedabad,22.929351,72.591389,OSM
Sardar Patel Ring Road,Road,Ahmedabad,22.947574,72.649247,OSM
Sardar Patel Ring Road Flyover,Road,Ahmedabad,22.970167,72.660948,OSM
Sardar Patel Ring Road,Road,Ahmedabad,22.9613,72.658846,OSM
Sardar Patel Ring Road,Road,Ahmedabad,22.929548,72.594267,OSM
Sardar Patel Ring Road,Road,Ahmedabad,22.941206,72.640031,OSM
Sardar Patel Ring Road,Road,Ahmedabad,23.015483,72.670374,OSM
Sardar Patel Ring Road,Road,Ahmedabad,22.931369,72.608955,OSM
Sardar Patel Ring Road,Road,Ahmedabad,22.93439,72.620844,OSM
Sardar Patel Ring Road,Road,Ahmedabad,22.929706,72.601937,OSM
Sardar Patel Ring Road,Road,Ahmedabad,22.925262,72.568393,OSM
120 Circular Road,Road,Ahmedabad,23.0024,72.593107,OSM
120 Circular Road,Road,Ahmedabad,23.003257,72.596594,OSM
Bhaipura Road,Road,Ahmedabad,22.999185,72.619728,OSM
Gayatri Dairy Road,Road,Ahmedabad,23.003567,72.614807,OSM
Madrasi Mandir Road,Road,Ahmedabad,23.002007,72.616548,OSM
Mansarovar Road,Road,Ahmedabad,22.997939,72.616218,OSM
Sardar Patel Ring Road,Road,Ahmedabad,22.966389,72.660101,OSM
Sardar Patel Ring Road,Road,Ahmedabad,22.961282,72.658973,OSM
Sardar Bridge,Road,Ahmedabad,23.010795,72.577058,OSM
Sardar Bridge,Road,Ahmedabad,23.011731,72.571931,OSM
120 Feet Circular Road,Road,Ahmedabad,23.000276,72.583851,OSM
Lalbhai Kundiwala Marg,Road,Ahmedabad,22.998282,72.587349,OSM
Lalbhai Kundiwala Marg,Road,Ahmedabad,22.998565,72.5869,OSM
120 Feet Circular Road,Road,Ahmedabad,22.996106,72.572912,OSM
Danilimda Road,Road,Ahmedabad,22.996976,72.584874,OSM
Lalbhai Kundiwala Marg,Road,Ahmedabad,23.001952,72.586665,OSM
120 Circular Road,Road,Ahmedabad,23.002652,72.593546,OSM
Ashok Bhatt Flyover,Road,Ahmedabad,23.010049,72.580995,OSM
Ashok Bhatt Flyover,Road,Ahmedabad,23.010171,72.581278,OSM
Jamalpur Road,Road,Ahmedabad,23.016608,72.583381,OSM
Narol Circle,Road,Ahmedabad,22.972487,72.588292,OSM
Jashoda Nagar Flyover,Road,Ahmedabad,22.983121,72.622807,OSM
Ramrajya Flyover,Road,Ahmedabad,23.014039,72.638341,OSM
NH8,Road,Ahmedabad,22.993228,72.633173,OSM
Ramrajya Flyover,Road,Ahmedabad,23.014127,72.638569,OSM
Swami Bapa Smruti Mandir Road,Road,Ahmedabad,22.976736,72.609697,OSM
Isanpur Flyover,Road,Ahmedabad,22.976198,72.601695,OSM
Amraiwadi Road,Road,Ahmedabad,23.008082,72.627805,OSM
Shri Khandubhai Desai Marg,Road,Ahmedabad,23.011281,72.617581,OSM
Khokhra Road,Road,Ahmedabad,23.006845,72.61054,OSM
Shri Khandubhai Desai Marg,Road,Ahmedabad,23.006169,72.613496,OSM
Shri Khandubhai Desai Marg,Road,Ahmedabad,23.006076,72.613666,OSM
Khokhra Road,Road,Ahmedabad,23.001901,72.620977,OSM
Khokhra Junction,Road,Ahmedabad,23.001792,72.618896,OSM
Ramkrishna Parmarth Marg,Road,Ahmedabad,22.996629,72.619166,OSM
Khokhra Road,Road,Ahmedabad,23.001957,72.620981,OSM
Lal Bahadur Shastri Marg,Road,Ahmedabad,22.994296,72.622196,OSM
CTM Flyover 1,Road,Ahmedabad,22.992694,72.633002,OSM
Hatkeshwar Khokhra Flyover,Road,Ahmedabad,22.999022,72.624478,OSM
Hatkeshwar Khokhra Flyover,Road,Ahmedabad,22.999121,72.624511,OSM
Shri Khandubhai Desai Marg,Road,Ahmedabad,23.011305,72.617529,OSM
Taj Mohammad Khan Pathan Road,Road,Ahmedabad,23.020685,72.62227,OSM
Anupam Bridge | Kankaria Railway Overbridge,Road,Ahmedabad,23.007102,72.609319,OSM
Rakhial Road,Road,Ahmedabad,23.020056,72.633776,OSM
Odhav Road,Road,Ahmedabad,23.021579,72.644753,OSM
Rakhial Road,Road,Ahmedabad,23.021813,72.622092,OSM
Odhav Road,Road,Ahmedabad,23.021403,72.644659,OSM
Rakhial Road,Road,Ahmedabad,23.020149,72.633773,OSM
Soni Ni Chawl Flyover,Road,Ahmedabad,23.020582,72.638324,OSM
Sarangpur Flyover,Road,Ahmedabad,23.020883,72.601756,OSM
Rakhial Road,Road,Ahmedabad,23.021887,72.612164,OSM
Rakhial Road,Road,Ahmedabad,23.022018,72.613203,OSM
Rajpur Gomtipur Road,Road,Ahmedabad,23.014492,72.607117,OSM
Rakhial Road,Road,Ahmedabad,23.021926,72.622135,OSM
Odhav Road,Road,Ahmedabad,23.02213,72.648907,OSM
Anupam Bridge | Kankaria Railway Overbridge,Road,Ahmedabad,23.007523,72.608077,OSM
Khokhra Road,Road,Ahmedabad,23.004712,72.615413,OSM
Khokhra Road,Road,Ahmedabad,23.004709,72.615278,OSM
Khokhra Road,Road,Ahmedabad,23.008695,72.605618,OSM
Vatwa Road,Road,Ahmedabad,23.000917,72.603492,OSM
Lala Lajpat Rai Marg,Road,Ahmedabad,22.997277,72.606283,OSM
Guruji Flyover,Road,Ahmedabad,22.987577,72.616096,OSM
Guruji Flyover,Road,Ahmedabad,22.987512,72.61612,OSM
Lal Bahadur Shastri Marg,Road,Ahmedabad,22.992491,72.621046,OSM
Shah Alam Road,Road,Ahmedabad,22.991664,72.585837,OSM
Isanpur Flyover,Road,Ahmedabad,22.97618,72.60166,OSM
Vatva-1 Road,Road,Ahmedabad,22.97431,72.630252,OSM
Nathalal Jhagadia Bridge,Road,Ahmedabad,22.999956,72.610708,OSM
CTM Flyover 2,Road,Ahmedabad,22.992195,72.632731,OSM
CTM Flyover 2,Road,Ahmedabad,22.989726,72.630439,OSM
Rakhial Road,Road,Ahmedabad,23.020285,72.627934,OSM
Rakhial Road,Road,Ahmedabad,23.020179,72.627923,OSM
RTO Road,Road,Ahmedabad,22.994433,72.651337,OSM
Swami Vivekananda Bridge,Road,Ahmedabad,23.022591,72.573557,OSM
Swami Vivekananda Road,Road,Ahmedabad,23.016758,72.592179,OSM
Kankaria Road,Road,Ahmedabad,23.01141,72.59775,OSM
Swami Vivekananda Road,Road,Ahmedabad,23.020436,72.585288,OSM
Astodia Darwaza cross road,Road,Ahmedabad,23.016718,72.590985,OSM
Swami Vivekananda Road,Road,Ahmedabad,23.01688,72.591945,OSM
Rakhial Road,Road,Ahmedabad,23.022769,72.598983,OSM
Vatwa Road,Road,Ahmedabad,22.989361,72.60376,OSM
Odhav Road,Road,Ahmedabad,23.024753,72.666793,OSM
Odhav Road,Road,Ahmedabad,23.024528,72.666095,OSM
Odhav Road,Road,Ahmedabad,23.023,72.655305,OSM
Odhav Road,Road,Ahmedabad,23.022862,72.65376,OSM
Vatwa Road,Road,Ahmedabad,22.986582,72.602927,OSM
Lambha Mandir Road,Road,Ahmedabad,22.931725,72.566494,OSM
Ahmadabad Vadodara Expressway,Road,Ahmedabad,22.953415,72.690482,OSM
Ahmadabad Vadodara Expressway,Road,Ahmedabad,22.951416,72.694502,OSM
Ahmadabad Vadodara Expressway,Road,Ahmedabad,22.951214,72.694582,OSM
Ahmadabad Vadodara Expressway,Road,Ahmedabad,22.950858,72.695525,OSM
Uttam nagar park road,Road,Ahmedabad,22.991536,72.606778,OSM
120 Circular Road,Road,Ahmedabad,22.997158,72.578537,OSM
120 Feet Circular Road,Road,Ahmedabad,23.000406,72.583789,OSM
Ahmadabad Vadodara Expressway,Road,Ahmedabad,22.949023,72.698617,OSM
Ahmadabad Vadodara Expressway,Road,Ahmedabad,22.949158,72.698677,OSM
Ahmadabad Vadodara Expressway,Road,Ahmedabad,22.951214,72.694582,OSM
Ahmadabad Vadodara Expressway,Road,Ahmedabad,22.942138,72.71138,OSM
Lala Lajpat Rai Marg,Road,Ahmedabad,22.997516,72.603708,OSM
Punit Nagar Road,Road,Ahmedabad,22.973363,72.62254,OSM
Vatwa Road,Road,Ahmedabad,22.980904,72.602484,OSM
Vatwa Flyover,Road,Ahmedabad,22.961964,72.627795,OSM
Punit Nagar Road,Road,Ahmedabad,22.983306,72.614023,OSM
Punit Nagar Road,Road,Ahmedabad,22.980533,72.617569,OSM
Jashoda Nagar Railway Bridge,Road,Ahmedabad,22.981425,72.61914,OSM
Jashoda Nagar Railway Bridge,Road,Ahmedabad,22.981409,72.619472,OSM
Swami Bapa Smruti Mandir Road,Road,Ahmedabad,22.972345,72.613665,OSM
Danilimda Road,Road,Ahmedabad,22.998819,72.583413,OSM
Vatwa Road,Road,Ahmedabad,22.99409,72.604009,OSM
Vatwa Road,Road,Ahmedabad,22.993666,72.604069,OSM
Vatwa Road,Road,Ahmedabad,22.989432,72.603848,OSM
Lala Lajpat Rai Marg,Road,Ahmedabad,23.003056,72.598095,OSM
Gandhi Road,Road,Ahmedabad,23.024445,72.588675,OSM
Sukharam Nagar Road,Road,Ahmedabad,23.013183,72.622963,OSM
Sarangpur railway station road,Road,Ahmedabad,23.026333,72.609064,OSM
Tankshal Road,Road,Ahmedabad,23.024419,72.589772,OSM
Swami Vivekananda Road,Road,Ahmedabad,23.016738,72.591418,OSM
Sardar Patel Ring Road,Road,Ahmedabad,22.987604,72.664661,OSM
Sardar Patel Ring Road,Road,Ahmedabad,23.001745,72.666648,OSM
Vatva phase -2 road,Road,Ahmedabad,22.960519,72.632885,OSM
Vatva phase -2 road,Road,Ahmedabad,22.956101,72.634074,OSM
Vatva rd phase-II,Road,Ahmedabad,22.958682,72.635199,OSM
Vatva rd,Road,Ahmedabad,22.959495,72.638486,OSM
Vatva rd phase-II ROAD,Road,Ahmedabad,22.956482,72.640502,OSM
Vatva railway station road,Road,Ahmedabad,22.95626,72.631152,OSM
Rabari colony road,Road,Ahmedabad,23.00275,72.63442,OSM
Sabarmati Riverfront Road,Road,Ahmedabad,23.016159,72.578078,OSM
Sabarmati River front Road,Road,Ahmedabad,23.016741,72.578156,OSM
Sabarmati Riverfront Road,Road,Ahmedabad,23.002479,72.571035,OSM
Aslali Circle,Road,Ahmedabad,22.929479,72.595635,OSM
Aslali Circle,Road,Ahmedabad,22.929209,72.595362,OSM
Aslali Circle,Road,Ahmedabad,22.929266,72.595071,OSM
Aslali Circle,Road,Ahmedabad,22.929764,72.595535,OSM
Aslali Circle,Road,Ahmedabad,22.929861,72.595333,OSM
Aslali Circle,Road,Ahmedabad,22.929773,72.595035,OSM
Ahmadabad Vadodara Expressway,Road,Ahmedabad,22.969215,72.661684,OSM
Ahmadabad Vadodara Expressway,Road,Ahmedabad,22.973999,72.653377,OSM
Sardar Patel Ring Road,Road,Ahmedabad,22.974352,72.662196,OSM
Sardar Patel Ring Road,Road,Ahmedabad,22.975778,72.662094,OSM
Ahmadabad Vadodara Expressway,Road,Ahmedabad,22.95882,72.68072,OSM
Ahmadabad Vadodara Expressway,Road,Ahmedabad,22.955772,72.686377,OSM
Ahmadabad Vadodara Expressway,Road,Ahmedabad,22.963446,72.671822,OSM
Ahmadabad Vadodara Expressway,Road,Ahmedabad,22.95868,72.680685,OSM
Ahmadabad Vadodara Expressway,Road,Ahmedabad,22.941997,72.711344,OSM
Sardar Patel Ring Road,Road,Ahmedabad,22.935363,72.624924,OSM
Sardar Patel Ring Road,Road,Ahmedabad,22.942324,72.64242,OSM
Sardar Patel Ring Road,Road,Ahmedabad,22.95005,72.651397,OSM
Sardar Patel Ring Road,Road,Ahmedabad,22.950103,72.650866,OSM
Sardar Patel Ring Road,Road,Ahmedabad,22.96093,72.659006,OSM
Sardar Patel Ring Road,Road,Ahmedabad,22.962589,72.658996,OSM
Sardar Patel Ring Road,Road,Ahmedabad,23.032249,72.67565,OSM
Gayatri Dairy Road,Road,Ahmedabad,23.002237,72.614085,OSM
Sabarmati River front Road,Road,Ahmedabad,23.007224,72.574536,OSM
Sardar Patel Ring Road,Road,Ahmedabad,22.98507,72.664082,OSM
Odhav Ring Road Flyover,Road,Ahmedabad,23.025107,72.673015,OSM
Sardar Patel Ring Road,Road,Ahmedabad,23.022339,72.672391,OSM
Sardar Patel Ring Road,Road,Ahmedabad,23.022734,72.672123,OSM
Odhav Ring Road Flyover,Road,Ahmedabad,23.025215,72.672911,OSM
Lala Lajpat Rai Marg,Road,Ahmedabad,23.000431,72.600388,OSM
Amraiwadi Road,Road,Ahmedabad,23.010364,72.612085,OSM
Tankshal Road,Road,Ahmedabad,23.022037,72.58994,OSM
Gandhi Road,Road,Ahmedabad,23.024335,72.587082,OSM
Odhav Road,Road,Ahmedabad,23.021933,72.648072,OSM
Odhav Road,Road,Ahmedabad,23.022032,72.648144,OSM
Sardar Patel Ring Road,Road,Ahmedabad,22.929637,72.593504,OSM
Sardar Patel Ring Road,Road,Ahmedabad,22.92925,72.592566,OSM
Sardar Patel Ring Road,Road,Ahmedabad,22.929205,72.590995,OSM
Sardar Patel Ring Road,Road,Ahmedabad,22.929598,72.590758,OSM
Sardar Patel Ring Road,Road,Ahmedabad,22.929589,72.591274,OSM
Lal Bahadur Shastri Marg,Road,Ahmedabad,22.997356,72.623619,OSM
Swami Bapa Smruti Mandir Road,Road,Ahmedabad,22.975113,72.610804,OSM
Punit Nagar Road,Road,Ahmedabad,22.980475,72.617641,OSM
Sardar Patel Ring Road,Road,Ahmedabad,23.01437,72.670226,OSM
Sardar Patel Ring Road,Road,Ahmedabad,23.002778,72.667527,OSM
Sardar Patel Ring Road,Road,Ahmedabad,22.99764,72.666181,OSM
Swami Vivekananda Road,Road,Ahmedabad,23.022153,72.577638,OSM
Swami Vivekananda Road,Road,Ahmedabad,23.022075,72.578952,OSM
CTM Flyover 2,Road,Ahmedabad,22.994316,72.630677,OSM
CTM Flyover 2,Road,Ahmedabad,22.994631,72.630093,OSM
CTM Flyover 2,Road,Ahmedabad,22.995096,72.629368,OSM
CTM Flyover 1,Road,Ahmedabad,22.994452,72.630214,OSM
CTM Flyover 2,Road,Ahmedabad,22.989302,72.629947,OSM
CTM Flyover 1,Road,Ahmedabad,22.990313,72.63563,OSM
Ajit Mill Circle Flyover,Road,Ahmedabad,23.020166,72.63261,OSM
Ajit Mill Circle Flyover,Road,Ahmedabad,23.020156,72.632701,OSM
Ajit Mill Circle Flyover,Road,Ahmedabad,23.017108,72.633247,OSM
Ajit Mill Circle Flyover,Road,Ahmedabad,23.017499,72.633331,OSM
Ajit Mill Circle Flyover,Road,Ahmedabad,23.022864,72.631246,OSM
Ajit Mill Circle Flyover,Road,Ahmedabad,23.022937,72.631296,OSM
Ajit Mill Circle Flyover,Road,Ahmedabad,23.022938,72.63121,OSM
Ajit Mill Circle Flyover,Road,Ahmedabad,23.023208,72.631199,OSM
Sardar Patel Ring Road,Road,Ahmedabad,22.929988,72.60271,OSM
Sardar Patel Ring Road,Road,Ahmedabad,22.931484,72.608808,OSM
Sardar Patel Ring Road,Road,Ahmedabad,22.929539,72.601894,OSM
Sardar Patel Ring Road,Road,Ahmedabad,22.931082,72.608972,OSM
Taj Mohammad Khan Pathan Road,Road,Ahmedabad,23.0212,72.623601,OSM
Narol Flyover,Road,Ahmedabad,22.972883,72.588029,OSM
Narol Flyover,Road,Ahmedabad,22.972801,72.588197,OSM
NH8,Road,Ahmedabad,22.988422,72.628661,OSM
Rabari colony road,Road,Ahmedabad,23.002938,72.632448,OSM
Sardar Patel Ring Road,Road,Ahmedabad,22.934042,72.618553,OSM
Vatwa Flyover,Road,Ahmedabad,22.962716,72.631131,OSM
Vatwa Flyover,Road,Ahmedabad,22.962781,72.631094,OSM
Vatwa Flyover,Road,Ahmedabad,22.962044,72.627783,OSM
Punit Nagar Road,Road,Ahmedabad,22.96395,72.624994,OSM
Punit Nagar Road,Road,Ahmedabad,22.961764,72.625348,OSM
Sardar Patel Ring Road,Road,Ahmedabad,23.02496,72.673118,OSM
Sardar Patel Ring Road,Road,Ahmedabad,23.024968,72.672689,OSM
Odhav Ring Road Flyover,Road,Ahmedabad,23.019944,72.671606,OSM
Odhav Ring Road Flyover,Road,Ahmedabad,23.020562,72.671874,OSM
Lambha Mandir Road,Road,Ahmedabad,22.943533,72.586941,OSM
Lambha Mandir Road,Road,Ahmedabad,22.943626,72.586705,OSM
Lambha Mandir Road,Road,Ahmedabad,22.944693,72.591535,OSM
Flyover,Road,Ahmedabad,22.96407,72.590055,OSM
Flyover,Road,Ahmedabad,22.964124,72.59017,OSM
Flyover,Road,Ahmedabad,22.95628,72.59167,OSM
Flyover,Road,Ahmedabad,22.956242,72.591775,OSM
Swami Bapa Smruti Mandir Road,Road,Ahmedabad,22.971081,72.62315,OSM
Swami Bapa Smruti Mandir Road,Road,Ahmedabad,22.971173,72.620308,OSM
Danapith Road,Road,Ahmedabad,23.023384,72.586188,OSM
Jashoda Nagar Flyover,Road,Ahmedabad,22.98257,72.625588,OSM
Jashoda Nagar Flyover,Road,Ahmedabad,22.984723,72.620515,OSM
Sukharam Nagar Road,Road,Ahmedabad,23.014622,72.634473,OSM
Odhav Road,Road,Ahmedabad,23.023544,72.659275,OSM
Odhav Road,Road,Ahmedabad,23.022583,72.652379,OSM
Odhav Road,Road,Ahmedabad,23.023725,72.659766,OSM
Sarangpur Flyover,Road,Ahmedabad,23.022273,72.599227,OSM
Virat Nagar Flyover,Road,Ahmedabad,23.026872,72.63884,OSM
Virat Nagar Flyover,Road,Ahmedabad,23.026893,72.638639,OSM
NH8,Road,Ahmedabad,23.023025,72.638536,OSM
NH8,Road,Ahmedabad,23.022638,72.638316,OSM
Shah Alam Road,Road,Ahmedabad,22.995952,72.588765,OSM
Shah Alam Road,Road,Ahmedabad,22.99341,72.588423,OSM
Amraiwadi Road,Road,Ahmedabad,23.010735,72.617987,OSM
Amraiwadi Road,Road,Ahmedabad,23.01061,72.619706,OSM
Vatva GIDC road,Road,Ahmedabad,22.959935,72.64021,OSM
Flyover,Road,Ahmedabad,22.960265,72.591549,OSM
Vatwa Flyover,Road,Ahmedabad,22.961411,72.623914,OSM
Vatwa Flyover,Road,Ahmedabad,22.961469,72.62377,OSM
NH8,Road,Ahmedabad,23.007452,72.638009,OSM
NH8,Road,Ahmedabad,23.019532,72.638558,OSM
Ahmadabad Vadodara Expressway,Road,Ahmedabad,22.977561,72.647171,OSM
Ahmadabad Vadodara Expressway,Road,Ahmedabad,22.975715,72.650317,OSM
Ahmadabad Vadodara Expressway,Road,Ahmedabad,22.986417,72.631735,OSM
Bhaipura Road,Road,Ahmedabad,22.999317,72.624123,OSM
Hatkeshwar Khokhra Flyover,Road,Ahmedabad,22.997232,72.626507,OSM
RTO Road,Road,Ahmedabad,22.988844,72.657466,OSM
RTO Road,Road,Ahmedabad,22.994466,72.651153,OSM
RTO Road,Road,Ahmedabad,23.000916,72.645577,OSM
RTO Road,Road,Ahmedabad,22.998213,72.647763,OSM
Sardar Patel Ring Road,Road,Ahmedabad,23.02786,72.673493,OSM
120 Feet Circular Road,Road,Ahmedabad,22.995954,72.573315,OSM
Virat Nagar Flyover,Road,Ahmedabad,23.024111,72.638599,OSM
Virat Nagar Flyover,Road,Ahmedabad,23.024016,72.638407,OSM
Soni Ni Chawl Flyover,Road,Ahmedabad,23.020163,72.635457,OSM
Soni Ni Chawl Flyover,Road,Ahmedabad,23.020118,72.635713,OSM
Soni Ni Chawl Flyover,Road,Ahmedabad,23.020925,72.641263,OSM
Soni Ni Chawl Flyover,Road,Ahmedabad,23.020996,72.641098,OSM
Ramrajya Flyover,Road,Ahmedabad,23.018395,72.638332,OSM
Ramrajya Flyover,Road,Ahmedabad,23.018372,72.638557,OSM
Ramrajya Flyover,Road,Ahmedabad,23.010029,72.638621,OSM
Ramrajya Flyover,Road,Ahmedabad,23.010403,72.638364,OSM
Narol Flyover,Road,Ahmedabad,22.97282,72.582955,OSM
Narol Flyover,Road,Ahmedabad,22.972703,72.583347,OSM
Narol Flyover,Road,Ahmedabad,22.973339,72.592299,OSM
Narol Flyover,Road,Ahmedabad,22.973207,72.592728,OSM
Isanpur Flyover,Road,Ahmedabad,22.97794,72.600556,OSM
Isanpur Flyover,Road,Ahmedabad,22.977831,72.600606,OSM
Isanpur Flyover,Road,Ahmedabad,22.974106,72.603217,OSM
Isanpur Flyover,Road,Ahmedabad,22.974335,72.602932,OSM
Jashoda Nagar Flyover,Road,Ahmedabad,22.982617,72.625595,OSM
CTM Flyover 1,Road,Ahmedabad,22.990313,72.63563,OSM
Flyover,Road,Ahmedabad,22.967117,72.588691,OSM
Flyover,Road,Ahmedabad,22.95905,72.591672,OSM
Flyover,Road,Ahmedabad,22.954393,72.592105,OSM
Flyover,Road,Ahmedabad,22.953932,72.592085,OSM
Guruji Flyover,Road,Ahmedabad,22.987809,72.611839,OSM
Guruji Flyover,Road,Ahmedabad,22.987731,72.612008,OSM
Guruji Flyover,Road,Ahmedabad,22.990021,72.61939,OSM
Guruji Flyover,Road,Ahmedabad,22.990095,72.619583,OSM
Hatkeshwar Khokhra Flyover,Road,Ahmedabad,23.001158,72.622734,OSM
Hatkeshwar Khokhra Flyover,Road,Ahmedabad,23.0012,72.622777,OSM
Hatkeshwar Khokhra Flyover,Road,Ahmedabad,22.997351,72.626496,OSM
Khokhra Road,Road,Ahmedabad,23.008305,72.605304,OSM
Khokhra Road,Road,Ahmedabad,23.009403,72.604492,OSM
Anupam Bridge | Kankaria Railway Overbridge,Road,Ahmedabad,23.006878,72.610415,OSM
Khokhra Road,Road,Ahmedabad,23.006878,72.610415,OSM
Khokhra Road,Road,Ahmedabad,23.00679,72.610524,OSM
Anupam Bridge | Kankaria Railway Overbridge,Road,Ahmedabad,23.00728,72.608928,OSM
Khokhra Road,Road,Ahmedabad,23.008177,72.605685,OSM
Sarangpur Flyover,Road,Ahmedabad,23.02241,72.599053,OSM
Sarangpur Flyover,Road,Ahmedabad,23.020501,72.604929,OSM
Ashok Bhatt Flyover,Road,Ahmedabad,23.011019,72.583799,OSM
Ashok Bhatt Flyover,Road,Ahmedabad,23.011018,72.584032,OSM
Ashok Bhatt Flyover,Road,Ahmedabad,23.01072,72.577937,OSM
Ashok Bhatt Flyover,Road,Ahmedabad,23.010556,72.578322,OSM
Sardar Patel Ring Road Flyover,Road,Ahmedabad,22.971689,72.661408,OSM
Sardar Patel Ring Road Flyover,Road,Ahmedabad,22.972368,72.661584,OSM
Sardar Patel Ring Road Flyover,Road,Ahmedabad,22.968854,72.66065,OSM
Sardar Patel Ring Road Flyover,Road,Ahmedabad,22.966377,72.660186,OSM
Sardar Patel Ring Road,Road,Ahmedabad,22.9687,72.660616,OSM
Sardar Patel Ring Road Flyover,Road,Ahmedabad,22.971458,72.661266,OSM
Sardar Patel Ring Road Flyover,Road,Ahmedabad,22.971711,72.661328,OSM
Rajpur Gomtipur Road,Road,Ahmedabad,23.025492,72.605296,OSM
Sardar Patel Ring Road,Road,Ahmedabad,22.928149,72.583051,OSM
Sardar Patel Ring Road,Road,Ahmedabad,22.928462,72.582566,OSM
Sardar Patel Ring Road,Road,Ahmedabad,22.958816,72.657201,OSM
Sardar Patel Ring Road,Road,Ahmedabad,23.015539,72.670195,OSM
Sardar Patel Ring Road,Road,Ahmedabad,23.003447,72.667582,OSM
Sardar Patel Ring Road,Road,Ahmedabad,22.980486,72.662952,OSM
Gandhi Bridge,Road,Ahmedabad,23.040037,72.573502,OSM
Thaltej Cross Roads,Road,Ahmedabad,23.049748,72.517001,OSM
Sarkhej-Gandhinagar Highway,Road,Ahmedabad,23.149695,72.549599,OSM
Gulab Tower Road,Road,Ahmedabad,23.063892,72.526529,OSM
Tragad gam road,Road,Ahmedabad,23.121472,72.560178,OSM
Ambli Bopal Road,Road,Ahmedabad,23.028371,72.491057,OSM
132 Ft. Ring Road,Road,Ahmedabad,23.067554,72.572205,OSM
SV Desai Marg,Road,Ahmedabad,23.02707,72.55532,OSM
Purshottam Malvankar Marg,Road,Ahmedabad,23.028516,72.566828,OSM
Sunrise park street,Road,Ahmedabad,23.043237,72.528926,OSM
Ramdevnagar road,Road,Ahmedabad,23.024404,72.51171,OSM
Sargam Marg,Road,Ahmedabad,23.034739,72.534702,OSM
Rana Pratap Marg,Road,Ahmedabad,23.082584,72.533717,OSM
Gulbai Tekra Road,Road,Ahmedabad,23.025586,72.55382,OSM
Ishwar Bhuvan Road,Road,Ahmedabad,23.043702,72.552545,OSM
Dr. Vikram Sarabhai Flyover,Road,Ahmedabad,23.045096,72.542216,OSM
Dr. Vikram Sarabhai Flyover,Road,Ahmedabad,23.045177,72.54211,OSM
Sardar Patel Ring Road Underpass,Road,Ahmedabad,23.13598,72.544148,OSM
Sardar Patel Ring Road,Road,Ahmedabad,23.132417,72.523747,OSM
SG Highway,Road,Ahmedabad,23.11481,72.536493,OSM
Sardar Patel Ring Road Underpass,Road,Ahmedabad,23.134162,72.559068,OSM
Sardar Patel Ring Road Underpass,Road,Ahmedabad,23.13427,72.55899,OSM
Sardar Patel Ring Road,Road,Ahmedabad,23.132393,72.571403,OSM
Sardar Patel Ring Road,Road,Ahmedabad,23.131886,72.576013,OSM
Ambli Bopal Road,Road,Ahmedabad,23.028046,72.486289,OSM
St. Xavier's School Road,Road,Ahmedabad,23.047275,72.547389,OSM
120 Feet Ring Road,Road,Ahmedabad,23.044072,72.550067,OSM
120 Feet Ring Road,Road,Ahmedabad,23.043993,72.549926,OSM
120 Feet Ring Road,Road,Ahmedabad,23.033901,72.549076,OSM
120 Feet Ring Road,Road,Ahmedabad,23.033964,72.548958,OSM
Gulbai Tekra Road,Road,Ahmedabad,23.025833,72.553584,OSM
120 Feet Ring Road,Road,Ahmedabad,23.026055,72.54376,OSM
120 Feet Ring Road,Road,Ahmedabad,23.026008,72.543863,OSM
Sahajanand College Cross Roads,Road,Ahmedabad,23.025222,72.543167,OSM
120 Feet Ring Road,Road,Ahmedabad,23.023839,72.542926,OSM
120 Feet Ring Road,Road,Ahmedabad,23.023847,72.542829,OSM
Panjarapole Cross Roads,Road,Ahmedabad,23.027062,72.544746,OSM
120 Feet Ring Road,Road,Ahmedabad,23.041272,72.548813,OSM
120 Feet Ring Road,Road,Ahmedabad,23.039599,72.548757,OSM
120 Feet Ring Road,Road,Ahmedabad,23.039598,72.548656,OSM
120 Feet Ring Road,Road,Ahmedabad,23.041279,72.548738,OSM
120 Feet Ring Road,Road,Ahmedabad,23.046035,72.552104,OSM
Darpan Circle / Crossroads,Road,Ahmedabad,23.046574,72.55353,OSM
120 Feet Ring Road,Road,Ahmedabad,23.045936,72.552116,OSM
Navrang Circle,Road,Ahmedabad,23.047259,72.556598,OSM
120 Feet Ring Road,Road,Ahmedabad,23.047114,72.555009,OSM
120 Feet Ring Road,Road,Ahmedabad,23.047493,72.558765,OSM
120 Feet Ring Road,Road,Ahmedabad,23.047526,72.558293,OSM
120 Feet Ring Road,Road,Ahmedabad,23.046988,72.554975,OSM
120 Feet Ring Road,Road,Ahmedabad,23.04757,72.560733,OSM
Sardar Patel Crossroads,Road,Ahmedabad,23.04752,72.56186,OSM
120 Feet Ring Road,Road,Ahmedabad,23.046755,72.567236,OSM
120 Feet Ring Road,Road,Ahmedabad,23.047653,72.56107,OSM
120 Feet Ring Road,Road,Ahmedabad,23.046807,72.567284,OSM
Ashram Road,Road,Ahmedabad,23.050131,72.571285,OSM
Nehru Bridge,Road,Ahmedabad,23.02666,72.571693,OSM
Nehru Bridge,Road,Ahmedabad,23.026725,72.571499,OSM
Sabarmati Riverfront approach road,Road,Ahmedabad,23.034308,72.570339,OSM
120 Feet Ring Road,Road,Ahmedabad,23.047008,72.569311,OSM
120 Feet Ring Road,Road,Ahmedabad,23.046951,72.569317,OSM
Income Tax Underpass,Road,Ahmedabad,23.040251,72.567601,OSM
Gandhi Bridge,Road,Ahmedabad,23.04013,72.57351,OSM
Law Garden Road,Road,Ahmedabad,23.03297,72.565807,OSM
Mithakhali Six Roads Circle / Cross Roads,Road,Ahmedabad,23.031354,72.56418,OSM
Navrangpura Internal Road,Road,Ahmedabad,23.043446,72.565305,OSM
Commerce Six Roads Circle,Road,Ahmedabad,23.039584,72.554815,OSM
Drive-in Road,Road,Ahmedabad,23.041235,72.551994,OSM
Commerce Six Road Cricle,Road,Ahmedabad,23.039225,72.555195,OSM
Commerce Six Road Cricle,Road,Ahmedabad,23.039241,72.554907,OSM
Chimanlal Girdharlal Road,Road,Ahmedabad,23.038456,72.562459,OSM
Commerce College Road,Road,Ahmedabad,23.037437,72.559241,OSM
Commerce College Road,Road,Ahmedabad,23.037901,72.558048,OSM
Commerce College Road,Road,Ahmedabad,23.035761,72.562866,OSM
Commerce College Road,Road,Ahmedabad,23.035891,72.562925,OSM
Chimanlal Girdharlal Road,Road,Ahmedabad,23.038404,72.56232,OSM
Chimanlal Girdharlal Road,Road,Ahmedabad,23.032767,72.560141,OSM
Drive-in Road,Road,Ahmedabad,23.041371,72.551852,OSM
Drive-in Road,Road,Ahmedabad,23.044813,72.543626,OSM
Drive-in Road,Road,Ahmedabad,23.043283,72.54813,OSM
Drive-in Road,Road,Ahmedabad,23.045844,72.537105,OSM
Drive-in Road,Road,Ahmedabad,23.047954,72.525528,OSM
Drive-in Road,Road,Ahmedabad,23.048016,72.525542,OSM
Drive-in Road,Road,Ahmedabad,23.045944,72.536582,OSM
"Gurukul Road, Vishram Marg",Road,Ahmedabad,23.049294,72.533597,OSM
"Gurukul Road, Vishram Marg",Road,Ahmedabad,23.048995,72.533656,OSM
Chimanlal Girdharlal Road,Road,Ahmedabad,23.03278,72.560064,OSM
University Road,Road,Ahmedabad,23.038902,72.552118,OSM
120 Feet Ring Road,Road,Ahmedabad,23.037382,72.548652,OSM
120 Feet Ring Road,Road,Ahmedabad,23.037588,72.548744,OSM
University Road,Road,Ahmedabad,23.038818,72.551597,OSM
120 Feet Ring Road,Road,Ahmedabad,23.032453,72.549423,OSM
120 Feet Ring Road,Road,Ahmedabad,23.032801,72.549334,OSM
120 Feet Ring Road,Road,Ahmedabad,23.032322,72.549513,OSM
St. Xavier's College Road,Road,Ahmedabad,23.033766,72.557807,OSM
Umashankar Joshi Marg,Road,Ahmedabad,23.03278,72.559387,OSM
Umashankar Joshi Marg,Road,Ahmedabad,23.031278,72.563934,OSM
Umashankar Joshi Marg,Road,Ahmedabad,23.031345,72.56394,OSM
Chimanlal Girdharlal Road,Road,Ahmedabad,23.025998,72.556712,OSM
Chimanlal Girdharlal Road,Road,Ahmedabad,23.025796,72.556534,OSM
Samartheshwar Mahadev Road,Road,Ahmedabad,23.029291,72.557038,OSM
120 Feet Ring Road,Road,Ahmedabad,23.030431,72.548254,OSM
120 Feet Ring Road,Road,Ahmedabad,23.027926,72.545657,OSM
120 Feet Ring Road,Road,Ahmedabad,23.027937,72.545529,OSM
Gulbai Tekra Road,Road,Ahmedabad,23.030624,72.550151,OSM
120 Feet Ring Road,Road,Ahmedabad,23.030386,72.548012,OSM
Gulbai Tekra Road,Road,Ahmedabad,23.030597,72.550097,OSM
Samartheshwar Mahadev Road,Road,Ahmedabad,23.029343,72.557038,OSM
Law Garden Tap Circle,Road,Ahmedabad,23.028052,72.560721,OSM
Netaji Subhash Chandra Road,Road,Ahmedabad,23.029662,72.562355,OSM
Netaji Subhash Chandra Road,Road,Ahmedabad,23.029625,72.562221,OSM
Happy Street,Road,Ahmedabad,23.026046,72.561999,OSM
Netaji Subhash Chandra Road,Road,Ahmedabad,23.026429,72.559849,OSM
Netaji Subhash Chandra Road,Road,Ahmedabad,23.026417,72.559912,OSM
Happy Street,Road,Ahmedabad,23.025463,72.560957,OSM
Dr. Vikram Sarabhai Road,Road,Ahmedabad,23.029949,72.540755,OSM
Dr. Vikram Sarabhai Road,Road,Ahmedabad,23.029888,72.540731,OSM
Dr. Vikram Sarabhai Road,Road,Ahmedabad,23.026183,72.546284,OSM
Dr. Vikram Sarabhai Road,Road,Ahmedabad,23.024239,72.548467,OSM
Dr. Vikram Sarabhai Road,Road,Ahmedabad,23.02389,72.548962,OSM
Dr. Vikram Sarabhai Road,Road,Ahmedabad,23.026445,72.545813,OSM
Ashram Road,Road,Ahmedabad,23.056622,72.575944,OSM
132 Ft. Ring Road,Road,Ahmedabad,23.067712,72.572155,OSM
132 Ft. Ring Road,Road,Ahmedabad,23.048813,72.544654,OSM
132 Ft. Ring Road,Road,Ahmedabad,23.04846,72.544545,OSM
Pujya Ravishankar Maharaj Flyover,Road,Ahmedabad,23.052862,72.546897,OSM
132 Ft. Ring Road,Road,Ahmedabad,23.061708,72.552525,OSM
Pujya Ravishankar Maharaj Flyover,Road,Ahmedabad,23.052904,72.546738,OSM
Sola Road,Road,Ahmedabad,23.055775,72.542693,OSM
132 Ft. Ring Road,Road,Ahmedabad,23.061809,72.55242,OSM
Sola Road,Road,Ahmedabad,23.058012,72.538608,OSM
Sardar Patel Stadium Road,Road,Ahmedabad,23.043194,72.562403,OSM
Sardar Patel Stadium Road,Road,Ahmedabad,23.043383,72.562233,OSM
Akhbarnagar Underpass,Road,Ahmedabad,23.066562,72.559858,OSM
132 Ft. Ring Road,Road,Ahmedabad,23.067268,72.562038,OSM
132 Ft. Ring Road,Road,Ahmedabad,23.067125,72.561317,OSM
Akhbarnagar Underpass,Road,Ahmedabad,23.066462,72.559277,OSM
Gota Road Underpass,Road,Ahmedabad,23.073198,72.5574,OSM
Gota Road Underpass,Road,Ahmedabad,23.073225,72.557463,OSM
Akhbarnagar Circle,Road,Ahmedabad,23.067204,72.562601,OSM
Sola Road,Road,Ahmedabad,23.061773,72.534348,OSM
Sola Road,Road,Ahmedabad,23.056928,72.540377,OSM
Sola Road,Road,Ahmedabad,23.070918,72.520152,OSM
Sola Road,Road,Ahmedabad,23.070651,72.520472,OSM
Sola Road Flyover,Road,Ahmedabad,23.067706,72.526629,OSM
Sola Overbridge,Road,Ahmedabad,23.07083,72.523886,OSM
Sola Road,Road,Ahmedabad,23.064689,72.529855,OSM
132 Ft. Ring Road,Road,Ahmedabad,23.035363,72.536494,OSM
132 Ft. Ring Road,Road,Ahmedabad,23.027549,72.531423,OSM
Sargam Marg,Road,Ahmedabad,23.043014,72.522619,OSM
Sargam Marg,Road,Ahmedabad,23.043797,72.519941,OSM
132 Ft. Ring Road,Road,Ahmedabad,23.035421,72.536369,OSM
Sargam Marg,Road,Ahmedabad,23.034631,72.534636,OSM
Ahmedabad one mall street,Road,Ahmedabad,23.039611,72.528841,OSM
Sargam Marg,Road,Ahmedabad,23.036966,72.531175,OSM
Pakwan Flyover,Road,Ahmedabad,23.033675,72.509593,OSM
Sindhu Bhavan Road,Road,Ahmedabad,23.041507,72.491956,OSM
Judges Bunglow Road,Road,Ahmedabad,23.030804,72.526921,OSM
Judges Bunglow Road,Road,Ahmedabad,23.037645,72.514098,OSM
Sindhu Bhavan Road,Road,Ahmedabad,23.041583,72.491963,OSM
Chanakyapuri Flyover,Road,Ahmedabad,23.073816,72.541239,OSM
Chanakyapuri Flyover,Road,Ahmedabad,23.073853,72.541317,OSM
Ravishankar Maharaj Road,Road,Ahmedabad,23.070448,72.538809,OSM
Ravishankar Maharaj Road,Road,Ahmedabad,23.070548,72.538892,OSM
Ravishankar Maharaj Road,Road,Ahmedabad,23.067055,72.53288,OSM
Surdhara Circle,Road,Ahmedabad,23.052693,72.525849,OSM
Judges Bunglow Road,Road,Ahmedabad,23.030664,72.527006,OSM
Judges Bunglow Road,Road,Ahmedabad,23.037646,72.514329,OSM
Satya Marg,Road,Ahmedabad,23.04482,72.521153,OSM
Judges Bunglow Cross Roads,Road,Ahmedabad,23.036621,72.51642,OSM
Satya Marg,Road,Ahmedabad,23.044872,72.521238,OSM
Satya Marg,Road,Ahmedabad,23.034469,72.515124,OSM
Satya Marg,Road,Ahmedabad,23.034902,72.515321,OSM
Satellite Road,Road,Ahmedabad,23.02794,72.51904,OSM
ISKCON Flyover,Road,Ahmedabad,23.02661,72.507258,OSM
ISKCON Flyover,Road,Ahmedabad,23.026653,72.507147,OSM
132 Ft. Ring Road,Road,Ahmedabad,23.027601,72.531273,OSM
Shivranjani Flyover,Road,Ahmedabad,23.024122,72.530328,OSM
Shivranjani Flyover,Road,Ahmedabad,23.024128,72.530169,OSM
200ft. Gala Gymkhana Road,Road,Ahmedabad,23.023505,72.471616,OSM
Vakil Saheb Flyover,Road,Ahmedabad,23.027229,72.476811,OSM
Bopal-Ghuma road,Road,Ahmedabad,23.030447,72.453656,OSM
Sardar Patel Ring Road,Road,Ahmedabad,23.065224,72.485193,OSM
Thaltej-Shilaj Rail Overbridge,Road,Ahmedabad,23.051576,72.487938,OSM
Sardar Patel Ring Road Flyover,Road,Ahmedabad,23.045933,72.480147,OSM
Sardar Patel Ring Road Flyover,Road,Ahmedabad,23.049785,72.479863,OSM
Thaltej-Shilaj Rail Overbridge,Road,Ahmedabad,23.051663,72.487953,OSM
Sardar Patel Ring Road Flyover,Road,Ahmedabad,23.05286,72.480044,OSM
Sardar Patel Ring Road Flyover,Road,Ahmedabad,23.052877,72.47996,OSM
Sardar Patel Ring Road,Road,Ahmedabad,23.104862,72.500246,OSM
Sardar Patel Ring Road,Road,Ahmedabad,23.064227,72.484846,OSM
Gota Road,Road,Ahmedabad,23.120588,72.508349,OSM
Sardar Patel Ring Road,Road,Ahmedabad,23.106262,72.500877,OSM
Sardar Patel Ring Road,Road,Ahmedabad,23.130551,72.52099,OSM
Gota Road,Road,Ahmedabad,23.120543,72.508242,OSM
Thaltej Road,Road,Ahmedabad,23.050068,72.503811,OSM
Thaltej Road,Road,Ahmedabad,23.049671,72.515637,OSM
Service road - Sarkhej Gandhinagar Highway,Road,Ahmedabad,23.044162,72.515013,OSM
Sola Road,Road,Ahmedabad,23.062083,72.534101,OSM
Ravishankar Maharaj Road,Road,Ahmedabad,23.06692,72.532729,OSM
Sola Road,Road,Ahmedabad,23.064705,72.529758,OSM
"Gurukul Road, Vishram Marg",Road,Ahmedabad,23.05589,72.533996,OSM
Subhash Chowk,Road,Ahmedabad,23.052463,72.533695,OSM
"Gurukul Road, Vishram Marg",Road,Ahmedabad,23.055892,72.533958,OSM
Neeti Marg,Road,Ahmedabad,23.062423,72.531046,OSM
Gota Road Underpass,Road,Ahmedabad,23.072378,72.557852,OSM
Gota Road Underpass,Road,Ahmedabad,23.072347,72.557794,OSM
Sundersingh Bhandari Flyover,Road,Ahmedabad,23.08944,72.541134,OSM
Gota Road,Road,Ahmedabad,23.083372,72.545955,OSM
Gota Road Underpass,Road,Ahmedabad,23.071295,72.558933,OSM
Gota Road Underpass,Road,Ahmedabad,23.071255,72.558885,OSM
120 Feet Ring Road,Road,Ahmedabad,23.047537,72.562349,OSM
Usmanpura Underpass,Road,Ahmedabad,23.046963,72.564312,OSM
Usmanpura Underpass,Road,Ahmedabad,23.046833,72.564891,OSM
Income Tax Underpass,Road,Ahmedabad,23.040186,72.567607,OSM
Rishi Dadhichi Bridge,Road,Ahmedabad,23.054454,72.57609,OSM
Rishi Dadhichi Bridge,Road,Ahmedabad,23.054546,72.576139,OSM
Tirupati Road,Road,Ahmedabad,23.089778,72.559507,OSM
Tirupati Road,Road,Ahmedabad,23.085482,72.562056,OSM
Ashram Road,Road,Ahmedabad,23.032769,72.570018,OSM
Ashram Road,Road,Ahmedabad,23.050549,72.571258,OSM
Ashram Road,Road,Ahmedabad,23.032797,72.570129,OSM
Chimanlal Girdharlal Road,Road,Ahmedabad,23.040243,72.568893,OSM
University Road,Road,Ahmedabad,23.032801,72.549334,OSM
Chandlodia Lake Road,Road,Ahmedabad,23.083976,72.553389,OSM
Chandlodia Lake Road,Road,Ahmedabad,23.080306,72.55134,OSM
Jagatpur Road,Road,Ahmedabad,23.081904,72.551878,OSM
Ranip Gam Road,Road,Ahmedabad,23.079459,72.571504,OSM
Dr. Vikram Sarabhai Road,Road,Ahmedabad,23.03365,72.536303,OSM
Dr. Vikram Sarabhai Road,Road,Ahmedabad,23.033487,72.536274,OSM
Sargam Marg,Road,Ahmedabad,23.036419,72.531689,OSM
Sargam Marg,Road,Ahmedabad,23.035799,72.532675,OSM
IIM Overbridge,Road,Ahmedabad,23.034275,72.535402,OSM
IIM Overbridge,Road,Ahmedabad,23.034238,72.535369,OSM
Krupa Shankar Joshi Marg,Road,Ahmedabad,23.032714,72.562046,OSM
Umashankar Joshi Marg,Road,Ahmedabad,23.032719,72.559378,OSM
Krupa Shankar Joshi Marg,Road,Ahmedabad,23.037253,72.563897,OSM
Drive-in Road,Road,Ahmedabad,23.049763,72.517509,OSM
St. Xavier's College Road,Road,Ahmedabad,23.033317,72.552311,OSM
Telav-Guma Road,Road,Ahmedabad,23.023938,72.450722,OSM
Sabarmati Riverfront approach road,Road,Ahmedabad,23.03069,72.571429,OSM
Sabarmati Riverfront road,Road,Ahmedabad,23.035962,72.571452,OSM
Sabarmati Riverfront road,Road,Ahmedabad,23.039903,72.571629,OSM
Sabarmati Riverfront Road,Road,Ahmedabad,23.027346,72.57297,OSM
Sabarmati Riverfront road,Road,Ahmedabad,23.040016,72.571515,OSM
Sabarmati Riverfront Road,Road,Ahmedabad,23.026897,72.572991,OSM
Sabarmati Riverfront road,Road,Ahmedabad,23.031755,72.571622,OSM
Sabarmati Riverfront Road,Road,Ahmedabad,23.025039,72.573322,OSM
Sabarmati Riverfront Road,Road,Ahmedabad,23.0247,72.573297,OSM
CHANDLODIA STATION ROAD,Road,Ahmedabad,23.08119,72.558543,OSM
Nehru Bridge,Road,Ahmedabad,23.026899,72.574422,OSM
Nehru Bridge,Road,Ahmedabad,23.026981,72.574626,OSM
Navrangpura Internal Road,Road,Ahmedabad,23.048684,72.564336,OSM
Vastrapur Vasahat Road,Road,Ahmedabad,23.042576,72.532108,OSM
Din Dayal Upadhyay Overbridge,Road,Ahmedabad,23.078986,72.552824,OSM
Gota Road,Road,Ahmedabad,23.076097,72.555687,OSM
120 Feet Ring Road,Road,Ahmedabad,23.032725,72.549364,OSM
120 Feet Ring Road,Road,Ahmedabad,23.032762,72.54948,OSM
120 Feet Ring Road,Road,Ahmedabad,23.032725,72.549364,OSM
Panchayat Road,Road,Ahmedabad,23.03586,72.463641,OSM
Prasang Party Plot Road,Road,Ahmedabad,23.090216,72.536204,OSM
CHANAKYAPURI ROAD,Road,Ahmedabad,23.075652,72.532004,OSM
SG Highway,Road,Ahmedabad,23.113246,72.535841,OSM
Sola Overbridge,Road,Ahmedabad,23.072177,72.524068,OSM
Sola Road Flyover,Road,Ahmedabad,23.067964,72.526357,OSM
science city road,Road,Ahmedabad,23.07915,72.501815,OSM
CIMS Circle,Road,Ahmedabad,23.071973,72.516968,OSM
Sabarmati River Front Road,Road,Ahmedabad,23.04409,72.572316,OSM
Sardar Patel Ring Road,Road,Ahmedabad,23.135402,72.551257,OSM
Atlantis One Road,Road,Ahmedabad,23.07711,72.518201,OSM
Atlantis One Road,Road,Ahmedabad,23.07714,72.518288,OSM
Sola Gam Road,Road,Ahmedabad,23.076748,72.520104,OSM
Gujrat vidhyapeeth road,Road,Ahmedabad,23.042627,72.568285,OSM
New Science City Road,Road,Ahmedabad,23.100116,72.516356,OSM
New Ranip Flyover,Road,Ahmedabad,23.086684,72.57123,OSM
New Ranip Flyover,Road,Ahmedabad,23.086688,72.571146,OSM
Godrej Garden city Road,Road,Ahmedabad,23.098528,72.559622,OSM
Godrej garden City Road,Road,Ahmedabad,23.104699,72.555107,OSM
RiverFront Road,Road,Ahmedabad,23.034478,72.575691,OSM
RiverFront Road,Road,Ahmedabad,23.034475,72.575751,OSM
Pramukhswami Maharaj Riverfront Road,Road,Ahmedabad,23.048249,72.573451,OSM
Sabarmati River Front Road,Road,Ahmedabad,23.04248,72.570835,OSM
Sabarmati River Front Road,Road,Ahmedabad,23.046704,72.572387,OSM
Satellite Road,Road,Ahmedabad,23.027599,72.521205,OSM
SG Highway Service road,Road,Ahmedabad,23.12637,72.540003,OSM
Vaishnodevi Circle,Road,Ahmedabad,23.136248,72.542554,OSM
Sardar Patel Ring Road,Road,Ahmedabad,23.026657,72.476777,OSM
Sardar Patel Ring Road,Road,Ahmedabad,23.0399,72.479786,OSM
Sola Gam Road,Road,Ahmedabad,23.076845,72.520129,OSM
Sardar Patel Ring Road,Road,Ahmedabad,23.132209,72.57141,OSM
Sardar Patel Ring Road,Road,Ahmedabad,23.132746,72.571372,OSM
Sardar Patel Ring Road,Road,Ahmedabad,23.136498,72.540976,OSM
Sardar Patel Ring Road,Road,Ahmedabad,23.131027,72.521321,OSM
Vakil Saheb Flyover,Road,Ahmedabad,23.027223,72.476688,OSM
Sardar Patel Ring Road,Road,Ahmedabad,23.040076,72.479324,OSM
Sardar Patel Ring Road Flyover,Road,Ahmedabad,23.049777,72.479778,OSM
Sardar Patel Ring Road Flyover,Road,Ahmedabad,23.045938,72.480232,OSM
Sardar Patel Ring Road,Road,Ahmedabad,23.051046,72.479433,OSM
Sardar Patel Ring Road,Road,Ahmedabad,23.059272,72.482562,OSM
Sardar Patel Stadium Road,Road,Ahmedabad,23.037846,72.565838,OSM
Sardar Patel Ring Road,Road,Ahmedabad,23.086648,72.49334,OSM
Sardar Patel Stadium Road,Road,Ahmedabad,23.037716,72.565872,OSM
Sardar Patel Ring Road,Road,Ahmedabad,23.126954,72.516471,OSM
Sardar Patel Ring Road,Road,Ahmedabad,23.110891,72.502272,OSM
Sardar Patel Ring Road,Road,Ahmedabad,23.069922,72.487108,OSM
Sardar Patel Ring Road,Road,Ahmedabad,23.059387,72.482118,OSM
Apang Manav Mandal Road,Road,Ahmedabad,23.027938,72.54115,OSM
Thaltej Road,Road,Ahmedabad,23.050342,72.510532,OSM
Thaltej Road,Road,Ahmedabad,23.049893,72.516578,OSM
Thaltej Road,Road,Ahmedabad,23.050416,72.50799,OSM
Thaltej Road,Road,Ahmedabad,23.050004,72.503809,OSM
Sardar Patel Ring Road,Road,Ahmedabad,23.020449,72.479032,OSM
Sardar Patel Ring Road,Road,Ahmedabad,23.023134,72.477953,OSM
Sardar Patel Ring Road,Road,Ahmedabad,23.135702,72.532943,OSM
Apang Manav Mandal,Road,Ahmedabad,23.027924,72.54105,OSM
Sardar Patel Ring Road,Road,Ahmedabad,23.114337,72.504086,OSM
Sardar Patel Ring Road,Road,Ahmedabad,23.095395,72.496558,OSM
Sardar Patel Ring Road,Road,Ahmedabad,23.071093,72.488064,OSM
Sardar Patel Ring Road,Road,Ahmedabad,23.07413,72.488869,OSM
Sardar Patel Ring Road,Road,Ahmedabad,23.074107,72.488997,OSM
Sardar Patel Ring Road,Road,Ahmedabad,23.073819,72.489059,OSM
Sardar Patel Ring Road,Road,Ahmedabad,23.078824,72.490873,OSM
Sardar Patel Ring Road,Road,Ahmedabad,23.07419,72.488677,OSM
Sardar Patel Ring Road,Road,Ahmedabad,23.079353,72.490631,OSM
Sardar Patel Ring Road,Road,Ahmedabad,23.135597,72.544821,OSM
Sardar Patel Ring Road,Road,Ahmedabad,23.133644,72.561261,OSM
Vaishnodevi Overbridge,Road,Ahmedabad,23.136625,72.54282,OSM
Vaishnodevi Overbridge,Road,Ahmedabad,23.135629,72.542397,OSM
science city road,Road,Ahmedabad,23.074177,72.512021,OSM
Chhanalal Joshi Marg,Road,Ahmedabad,23.025215,72.49213,OSM
Ashram Road,Road,Ahmedabad,23.056559,72.575999,OSM
120 Feet Ring Road,Road,Ahmedabad,23.047559,72.561538,OSM
Thaltej Underpass,Road,Ahmedabad,23.051399,72.517969,OSM
Thaltej Underpass,Road,Ahmedabad,23.052002,72.518069,OSM
Pakwan Flyover,Road,Ahmedabad,23.038056,72.511652,OSM
Pakwan Flyover,Road,Ahmedabad,23.038582,72.511753,OSM
Sola-Thaltej Overbridge,Road,Ahmedabad,23.063303,72.514878,OSM
Sola-Thaltej Overbridge,Road,Ahmedabad,23.063416,72.514814,OSM
Chhanalal Joshi Marg,Road,Ahmedabad,23.025188,72.492227,OSM
Ambli Bopal Road,Road,Ahmedabad,23.02796,72.496832,OSM
Sardar Patel Stadium Road,Road,Ahmedabad,23.038596,72.564824,OSM
Sardar Patel Stadium Road,Road,Ahmedabad,23.039425,72.563868,OSM
Jagatpur Road,Road,Ahmedabad,23.089095,72.550132,OSM
Atlantis One Road,Road,Ahmedabad,23.083634,72.519709,OSM
Gota Road,Road,Ahmedabad,23.076235,72.555672,OSM
Gota Road,Road,Ahmedabad,23.080582,72.549838,OSM
Jagatpur Railway Flyover,Road,Ahmedabad,23.11129,72.548647,OSM
Jagatpur Railway Flyover,Road,Ahmedabad,23.110508,72.549643,OSM
Rana Pratap Marg,Road,Ahmedabad,23.08346,72.532638,OSM
200ft. Gala Gymkhana Road,Road,Ahmedabad,23.03207,72.464449,OSM
Gota Road,Road,Ahmedabad,23.095105,72.535121,OSM
Sardar Patel Ring Road,Road,Ahmedabad,23.098622,72.498195,OSM
Bhagwat Vidyapeeth road,Road,Ahmedabad,23.086156,72.523156,OSM
Rana Pratap Marg,Road,Ahmedabad,23.086767,72.527739,OSM
Rana Pratap Marg,Road,Ahmedabad,23.086773,72.527909,OSM
Jagatpur Road,Road,Ahmedabad,23.099461,72.550764,OSM
Sola Overbridge,Road,Ahmedabad,23.070873,72.523458,OSM
Sardar Patel Ring Road,Road,Ahmedabad,23.050895,72.479959,OSM
Sola Overbridge,Road,Ahmedabad,23.071659,72.523788,OSM
Jagatpur Railway Flyover,Road,Ahmedabad,23.111815,72.547287,OSM
Thaltej Road,Road,Ahmedabad,23.04979,72.515316,OSM
Thaltej Road,Road,Ahmedabad,23.050008,72.513291,OSM
CHANDLODIA STATION ROAD,Road,Ahmedabad,23.073176,72.541706,OSM
CHANDLODIA STATION ROAD,Road,Ahmedabad,23.072082,72.542135,OSM
Gota Road,Road,Ahmedabad,23.083908,72.545784,OSM
IIM Overbridge,Road,Ahmedabad,23.035437,72.533348,OSM
IIM Overbridge,Road,Ahmedabad,23.035458,72.533158,OSM
Rana Pratap Marg,Road,Ahmedabad,23.077611,72.537606,OSM
Thaltej Road,Road,Ahmedabad,23.049822,72.514759,OSM
Science City Flyover,Road,Ahmedabad,23.084,72.492498,OSM
Science City Flyover,Road,Ahmedabad,23.083965,72.49262,OSM
Gota Road,Road,Ahmedabad,23.080686,72.549822,OSM
Din Dayal Upadhyay Overbridge,Road,Ahmedabad,23.079025,72.552919,OSM
Gota Road,Road,Ahmedabad,23.094984,72.535268,OSM
SG Highway,Road,Ahmedabad,23.092551,72.53004,OSM
Gota-Chokdi Flyover,Road,Ahmedabad,23.09875,72.531626,OSM
SG Highway,Road,Ahmedabad,23.093252,72.530037,OSM
Gota-Chokdi Flyover,Road,Ahmedabad,23.098706,72.531783,OSM
Sardar Patel Ring Road,Road,Ahmedabad,23.135563,72.546731,OSM
Sardar Patel Ring Road Underpass,Road,Ahmedabad,23.135903,72.543854,OSM
Sardar Patel Ring Road,Road,Ahmedabad,23.135393,72.549356,OSM
Sardar Patel Ring Road,Road,Ahmedabad,23.077751,72.490336,OSM
Sardar Patel Ring Road,Road,Ahmedabad,23.077811,72.490222,OSM
Sardar Patel Ring Road,Road,Ahmedabad,23.136251,72.543136,OSM
Nehru Bridge,Road,Ahmedabad,23.026714,72.571329,OSM
Nehru Bridge,Road,Ahmedabad,23.026643,72.571395,OSM
IIM Overbridge,Road,Ahmedabad,23.035437,72.533348,OSM
IIM Overbridge,Road,Ahmedabad,23.03539,72.533307,OSM
Dr. Vikram Sarabhai Road,Road,Ahmedabad,23.032961,72.537048,OSM
IIM Overbridge,Road,Ahmedabad,23.032516,72.537385,OSM
IIM Overbridge,Road,Ahmedabad,23.032516,72.537469,OSM
DPS-Bopal Road,Road,Ahmedabad,23.041257,72.457168,OSM
Sargam Marg,Road,Ahmedabad,23.0409,72.526754,OSM
Service road - Sarkhej Gandhinagar Highway,Road,Ahmedabad,23.034941,72.510502,OSM
Commerce College Road,Road,Ahmedabad,23.038856,72.556043,OSM
St. Xavier's School Road,Road,Ahmedabad,23.047025,72.552146,OSM
Ambli Bopal Road,Road,Ahmedabad,23.027258,72.506846,OSM
Ambli Bopal Road,Road,Ahmedabad,23.027364,72.506858,OSM
Income Tax Flyover,Road,Ahmedabad,23.041239,72.569481,OSM
Income Tax Flyover,Road,Ahmedabad,23.041233,72.569383,OSM
Sabarmati Riverfront road,Road,Ahmedabad,23.042476,72.571795,OSM
120 Feet Ring Road,Road,Ahmedabad,23.047481,72.562334,OSM
Chimanlal Girdharlal Road,Road,Ahmedabad,23.040313,72.568912,OSM
Chimanlal Girdharlal Road,Road,Ahmedabad,23.039569,72.564206,OSM
Chimanlal Girdharlal Road,Road,Ahmedabad,23.039646,72.564255,OSM
Ambli Bopal Road,Road,Ahmedabad,23.025976,72.478681,OSM
Judges Bunglow Road,Road,Ahmedabad,23.038563,72.512021,OSM
Jagatpur Railway Flyover,Road,Ahmedabad,23.111366,72.54818,OSM
Godrej garden City road,Road,Ahmedabad,23.112836,72.545644,OSM
Jagatpur Railway Flyover,Road,Ahmedabad,23.109976,72.550123,OSM
Jagatpur Railway Flyover,Road,Ahmedabad,23.110022,72.550195,OSM
Jagatpur Railway Flyover,Road,Ahmedabad,23.110688,72.54941,OSM
Jagatpur Railway Flyover,Road,Ahmedabad,23.110688,72.54941,OSM
Godrej Garden City Road,Road,Ahmedabad,23.111276,72.5537,OSM
Godrej Garden City Road,Road,Ahmedabad,23.113105,72.553467,OSM
Satellite Road,Road,Ahmedabad,23.027343,72.507081,OSM
Satellite Road,Road,Ahmedabad,23.027227,72.50719,OSM
Thaltej Road,Road,Ahmedabad,23.052651,72.481598,OSM
Thaltej Road,Road,Ahmedabad,23.050485,72.499137,OSM
Thaltej Road,Road,Ahmedabad,23.050923,72.49601,OSM
Thaltej Road,Road,Ahmedabad,23.050823,72.495981,OSM
Ramdevnagar road,Road,Ahmedabad,23.026774,72.511658,OSM
Satellite Road,Road,Ahmedabad,23.02724,72.509746,OSM
Ramdevnagar road,Road,Ahmedabad,23.027489,72.511644,OSM
Ramdevnagar road,Road,Ahmedabad,23.026879,72.51159,OSM
Sindhu Bhavan Road,Road,Ahmedabad,23.039829,72.508905,OSM
Sindhu Bhavan Road,Road,Ahmedabad,23.039721,72.508854,OSM
Thaltej Underpass,Road,Ahmedabad,23.042475,72.513709,OSM
Thaltej Underpass,Road,Ahmedabad,23.043275,72.514243,OSM
Thaltej Underpass,Road,Ahmedabad,23.045466,72.515178,OSM
Thaltej Underpass,Road,Ahmedabad,23.045928,72.515551,OSM
lal bahadur shashtri road,Road,Ahmedabad,23.024275,72.520503,OSM
Sardar Patel Ring Road,Road,Ahmedabad,23.028661,72.477306,OSM
Sardar Patel Ring Road,Road,Ahmedabad,23.136803,72.538036,OSM
Service road - Sarkhej Gandhinagar Highway,Road,Ahmedabad,23.023319,72.506591,OSM
Purshottam Malvankar Marg,Road,Ahmedabad,23.023768,72.566726,OSM
Service road - Sarkhej Gandhinagar Highway,Road,Ahmedabad,23.029966,72.508704,OSM
Service road - Sarkhej Gandhinagar Highway,Road,Ahmedabad,23.054065,72.51916,OSM
Judges Bunglow Road,Road,Ahmedabad,23.036248,72.517657,OSM
Judges Bunglow Road,Road,Ahmedabad,23.035468,72.519278,OSM
Judges Bunglow Road,Road,Ahmedabad,23.03501,72.520591,OSM
Thaltej Cross Roads,Road,Ahmedabad,23.049956,72.517097,OSM
Thaltej Cross Roads,Road,Ahmedabad,23.049956,72.517097,OSM
Sai Dham Circle,Road,Ahmedabad,23.084079,72.519867,OSM
Bhagwat Vidyapeeth road,Road,Ahmedabad,23.087942,72.524686,OSM
Prasang Party Plot Road,Road,Ahmedabad,23.083923,72.53237,OSM
Prasang Party Plot Road,Road,Ahmedabad,23.084147,72.532475,OSM
Prasang Party Plot Road,Road,Ahmedabad,23.085386,72.533269,OSM
Apang Manav Mandal,Road,Ahmedabad,23.024694,72.540399,OSM
Apang Manav Mandal,Road,Ahmedabad,23.026043,72.540628,OSM
Apang Manav Mandal Road,Road,Ahmedabad,23.025395,72.540558,OSM
Judges Bunglow Road,Road,Ahmedabad,23.034622,72.521547,OSM
Sundersingh Bhandari Flyover,Road,Ahmedabad,23.089424,72.541239,OSM
Ambli Bopal Road,Road,Ahmedabad,23.027539,72.504618,OSM
Ambli Bopal Road,Road,Ahmedabad,23.027676,72.502814,OSM
Godrej garden City road,Road,Ahmedabad,23.111252,72.548824,OSM
Godrej Garden city Road,Road,Ahmedabad,23.104678,72.554968,OSM
Sola Road,Road,Ahmedabad,23.059182,72.536595,OSM
Sola Road,Road,Ahmedabad,23.059432,72.536426,OSM
Chandlodia Lake Road,Road,Ahmedabad,23.085567,72.556697,OSM
Chandlodia Lake Road,Road,Ahmedabad,23.085099,72.555058,OSM
Chandlodia Lake Road,Road,Ahmedabad,23.085157,72.555131,OSM
Chandlodia Lake Road,Road,Ahmedabad,23.085132,72.555048,OSM
Prasang Party Plot Road,Road,Ahmedabad,23.086373,72.53381,OSM
Sola Gam Road,Road,Ahmedabad,23.074955,72.515628,OSM
science city road,Road,Ahmedabad,23.072296,72.515938,OSM
Sabarmati Riverfront Road,Road,Ahmedabad,23.030114,72.572007,OSM
Sabarmati Riverfront road,Road,Ahmedabad,23.031007,72.571803,OSM
Sabarmati Riverfront road,Road,Ahmedabad,23.036551,72.571331,OSM
Sabarmati Riverfront road,Road,Ahmedabad,23.033998,72.571478,OSM
Sabarmati Riverfront road,Road,Ahmedabad,23.034184,72.571467,OSM
Sabarmati Riverfront road,Road,Ahmedabad,23.032821,72.57162,OSM
Sabarmati Riverfront road,Road,Ahmedabad,23.034186,72.571543,OSM
Sabarmati Riverfront Road,Road,Ahmedabad,23.029324,72.57217,OSM
Thaltej Underpass,Road,Ahmedabad,23.048843,72.516944,OSM
Thaltej Underpass,Road,Ahmedabad,23.048164,72.516494,OSM
Thaltej Underpass,Road,Ahmedabad,23.049678,72.517158,OSM
Thaltej Underpass,Road,Ahmedabad,23.050086,72.517502,OSM
Thaltej Underpass,Road,Ahmedabad,23.047379,72.51612,OSM
Thaltej Underpass,Road,Ahmedabad,23.0471,72.516114,OSM
Thaltej Underpass,Road,Ahmedabad,23.046514,72.515833,OSM
Thaltej Underpass,Road,Ahmedabad,23.046552,72.515715,OSM
Radhaswami Road,Road,Ahmedabad,23.063699,72.576287,OSM
Radhaswami Road,Road,Ahmedabad,23.063982,72.576067,OSM
Sargam Marg,Road,Ahmedabad,23.046312,72.515422,OSM
Sargam Marg,Road,Ahmedabad,23.046174,72.515743,OSM
Sargam Marg,Road,Ahmedabad,23.046523,72.515519,OSM
Sargam Marg,Road,Ahmedabad,23.046509,72.515555,OSM
Sardar Patel Ring Road Underpass,Road,Ahmedabad,23.136263,72.541795,OSM
Sardar Patel Ring Road Underpass,Road,Ahmedabad,23.136189,72.541223,OSM
Sardar Patel Ring Road Underpass,Road,Ahmedabad,23.134957,72.552811,OSM
Sardar Patel Ring Road Underpass,Road,Ahmedabad,23.134988,72.553173,OSM
Sardar Patel Ring Road Underpass,Road,Ahmedabad,23.134679,72.556037,OSM
Sardar Patel Ring Road Underpass,Road,Ahmedabad,23.134688,72.555417,OSM
Sardar Patel Ring Road Underpass,Road,Ahmedabad,23.134662,72.556178,OSM
Sardar Patel Ring Road Underpass,Road,Ahmedabad,23.134589,72.556164,OSM
Sardar Patel Ring Road Underpass,Road,Ahmedabad,23.134346,72.557938,OSM
Sardar Patel Ring Road Underpass,Road,Ahmedabad,23.134366,72.55847,OSM
Income Tax Underpass,Road,Ahmedabad,23.039949,72.565343,OSM
Income Tax Underpass,Road,Ahmedabad,23.039886,72.56536,OSM
Income Tax Underpass,Road,Ahmedabad,23.040128,72.566557,OSM
Income Tax Underpass,Road,Ahmedabad,23.040018,72.566159,OSM
Sargam Marg,Road,Ahmedabad,23.037379,72.529049,OSM
Sargam Marg,Road,Ahmedabad,23.037589,72.527934,OSM
Sargam Marg,Road,Ahmedabad,23.037459,72.529054,OSM
Ashram Road,Road,Ahmedabad,23.024184,72.571304,OSM
Ashram Road,Road,Ahmedabad,23.026636,72.57114,OSM
IIM Overbridge,Road,Ahmedabad,23.032294,72.537612,OSM
IIM Overbridge,Road,Ahmedabad,23.032296,72.537772,OSM
St. Xavier's College Road,Road,Ahmedabad,23.032836,72.549446,OSM
St. Xavier's College Road,Road,Ahmedabad,23.032794,72.549593,OSM
St. Xavier's College Road,Road,Ahmedabad,23.03283,72.549718,OSM
New Ranip Flyover,Road,Ahmedabad,23.088403,72.568066,OSM
New Ranip Flyover,Road,Ahmedabad,23.088519,72.56798,OSM
New Ranip Flyover,Road,Ahmedabad,23.083019,72.570049,OSM
New Ranip Flyover,Road,Ahmedabad,23.082876,72.569875,OSM
Jagatpur Railway Flyover,Road,Ahmedabad,23.112498,72.546015,OSM
Jagatpur Railway Flyover,Road,Ahmedabad,23.112568,72.546066,OSM
Jagatpur Railway Flyover,Road,Ahmedabad,23.108019,72.552091,OSM
Jagatpur Railway Flyover,Road,Ahmedabad,23.108298,72.551951,OSM
Godrej garden City road,Road,Ahmedabad,23.112731,72.545564,OSM
Gota-Chokdi Flyover,Road,Ahmedabad,23.103124,72.533077,OSM
Gota-Chokdi Flyover,Road,Ahmedabad,23.103146,72.532937,OSM
Gota-Chokdi Flyover,Road,Ahmedabad,23.093594,72.530303,OSM
Gota-Chokdi Flyover,Road,Ahmedabad,23.093956,72.530235,OSM
Sundersingh Bhandari Flyover,Road,Ahmedabad,23.08694,72.542918,OSM
Sundersingh Bhandari Flyover,Road,Ahmedabad,23.086915,72.543063,OSM
Sundersingh Bhandari Flyover,Road,Ahmedabad,23.09171,72.539249,OSM
Sundersingh Bhandari Flyover,Road,Ahmedabad,23.091806,72.539252,OSM
Din Dayal Upadhyay Overbridge,Road,Ahmedabad,23.080409,72.550668,OSM
Din Dayal Upadhyay Overbridge,Road,Ahmedabad,23.080357,72.550573,OSM
Din Dayal Upadhyay Overbridge,Road,Ahmedabad,23.077157,72.554935,OSM
Din Dayal Upadhyay Overbridge,Road,Ahmedabad,23.076915,72.55505,OSM
Chanakyapuri Flyover,Road,Ahmedabad,23.07658,72.538835,OSM
Chanakyapuri Flyover,Road,Ahmedabad,23.070384,72.543004,OSM
Chanakyapuri Flyover,Road,Ahmedabad,23.070354,72.542938,OSM
Chanakyapuri Flyover,Road,Ahmedabad,23.076577,72.538553,OSM
Sola Road Flyover,Road,Ahmedabad,23.069172,72.523765,OSM
Sola Road Flyover,Road,Ahmedabad,23.069341,72.523668,OSM
Sola Road Flyover,Road,Ahmedabad,23.065836,72.528603,OSM
Sola Road Flyover,Road,Ahmedabad,23.065798,72.528542,OSM
Pujya Ravishankar Maharaj Flyover,Road,Ahmedabad,23.055996,72.548235,OSM
Pujya Ravishankar Maharaj Flyover,Road,Ahmedabad,23.056004,72.548395,OSM
Pujya Ravishankar Maharaj Flyover,Road,Ahmedabad,23.050147,72.545692,OSM
Pujya Ravishankar Maharaj Flyover,Road,Ahmedabad,23.05006,72.545811,OSM
Dr. Vikram Sarabhai Flyover,Road,Ahmedabad,23.047321,72.543671,OSM
Dr. Vikram Sarabhai Flyover,Road,Ahmedabad,23.047685,72.543788,OSM
Dr. Vikram Sarabhai Flyover,Road,Ahmedabad,23.042656,72.540545,OSM
Dr. Vikram Sarabhai Flyover,Road,Ahmedabad,23.042632,72.540367,OSM
Shivranjani Flyover,Road,Ahmedabad,23.027006,72.53107,OSM
Shivranjani Flyover,Road,Ahmedabad,23.026807,72.531158,OSM
Income Tax Flyover,Road,Ahmedabad,23.044877,72.570073,OSM
Income Tax Flyover,Road,Ahmedabad,23.04487,72.569976,OSM
Income Tax Flyover,Road,Ahmedabad,23.037407,72.568879,OSM
Income Tax Flyover,Road,Ahmedabad,23.037408,72.568988,OSM
ISKCON Flyover,Road,Ahmedabad,23.031575,72.508878,OSM
ISKCON Flyover,Road,Ahmedabad,23.031722,72.508763,OSM
Pakwan Flyover,Road,Ahmedabad,23.03406,72.509548,OSM
Pakwan Flyover,Road,Ahmedabad,23.042416,72.51368,OSM
Pakwan Flyover,Road,Ahmedabad,23.042161,72.513705,OSM
Sola Overbridge,Road,Ahmedabad,23.091223,72.52948,OSM
Sola Overbridge,Road,Ahmedabad,23.091826,72.52985,OSM
Sola Overbridge,Road,Ahmedabad,23.052879,72.518471,OSM
Sola Overbridge,Road,Ahmedabad,23.053043,72.518374,OSM
Thaltej-Shilaj Rail Overbridge,Road,Ahmedabad,23.052304,72.483537,OSM
Thaltej-Shilaj Rail Overbridge,Road,Ahmedabad,23.052255,72.483286,OSM
Thaltej-Shilaj Rail Overbridge,Road,Ahmedabad,23.051586,72.492423,OSM
Thaltej-Shilaj Rail Overbridge,Road,Ahmedabad,23.051468,72.492593,OSM
Vakil Saheb Flyover,Road,Ahmedabad,23.03357,72.478525,OSM
Vakil Saheb Flyover,Road,Ahmedabad,23.033694,72.478415,OSM
Sardar Patel Ring Road Flyover,Road,Ahmedabad,23.043128,72.480115,OSM
Sindhu Bhavan Road,Road,Ahmedabad,23.043133,72.479991,OSM
Sardar Patel Ring Road Flyover,Road,Ahmedabad,23.044323,72.480169,OSM
Science City Flyover,Road,Ahmedabad,23.079217,72.490868,OSM
Science City Flyover,Road,Ahmedabad,23.079028,72.490676,OSM
Dave Road,Road,Ahmedabad,23.0837,72.514012,OSM
Dave Road,Road,Ahmedabad,23.084028,72.517531,OSM
Dave Road,Road,Ahmedabad,23.088869,72.500654,OSM
Gota Road Underpass,Road,Ahmedabad,23.070656,72.559677,OSM
Gota Road Underpass,Road,Ahmedabad,23.070508,72.55974,OSM
Gota Road,Road,Ahmedabad,23.074531,72.556867,OSM
Gota Road,Road,Ahmedabad,23.074582,72.556978,OSM
Gota Road Underpass,Road,Ahmedabad,23.07391,72.557217,OSM
Gota Road Underpass,Road,Ahmedabad,23.073892,72.55714,OSM
Akhbarnagar Underpass,Road,Ahmedabad,23.065883,72.558181,OSM
Akhbarnagar Underpass,Road,Ahmedabad,23.06588,72.558334,OSM
Akhbarnagar Underpass,Road,Ahmedabad,23.066965,72.560868,OSM
Akhbarnagar Underpass,Road,Ahmedabad,23.066927,72.560976,OSM
Usmanpura Underpass,Road,Ahmedabad,23.047364,72.562885,OSM
Usmanpura Underpass,Road,Ahmedabad,23.047374,72.563022,OSM
Usmanpura Underpass,Road,Ahmedabad,23.046781,72.566314,OSM
Usmanpura Underpass,Road,Ahmedabad,23.046733,72.566314,OSM
Income Tax Underpass,Road,Ahmedabad,23.039721,72.564686,OSM
Income Tax Underpass,Road,Ahmedabad,23.039764,72.564611,OSM
Income Tax Underpass,Road,Ahmedabad,23.04023,72.568611,OSM
Income Tax Underpass,Road,Ahmedabad,23.040293,72.568434,OSM
Thaltej Underpass,Road,Ahmedabad,23.052487,72.518335,OSM
Thaltej Underpass,Road,Ahmedabad,23.052801,72.518303,OSM
Thaltej Underpass,Road,Ahmedabad,23.042416,72.51368,OSM
Thaltej Underpass,Road,Ahmedabad,23.042244,72.513744,OSM
S P Ring Road Underpass,Road,Ahmedabad,23.135761,72.546085,OSM
S P Ring Road Underpass,Road,Ahmedabad,23.135629,72.546068,OSM
Sardar Patel Ring Road,Road,Ahmedabad,23.135203,72.55032,OSM
Sardar Patel Ring Road,Road,Ahmedabad,23.135393,72.549356,OSM
Sardar Patel Ring Road,Road,Ahmedabad,23.133926,72.560909,OSM
Sardar Patel Ring Road,Road,Ahmedabad,23.13385,72.560711,OSM
SG Highway,Road,Ahmedabad,23.104835,72.533563,OSM
Dave Road,Road,Ahmedabad,23.089461,72.499316,OSM
Sabarmati River Front Road,Road,Ahmedabad,23.046309,72.572714,OSM
Sardar Patel Ring Road,Road,Ahmedabad,23.066671,72.486259,OSM
SG Highway,Road,Ahmedabad,23.121802,72.538334,OSM
SG Highway,Road,Ahmedabad,23.124786,72.539227,OSM
SG Highway,Road,Ahmedabad,23.121746,72.538528,OSM
SG Highway,Road,Ahmedabad,23.126202,72.539801,OSM
Vaishnodevi Overbridge,Road,Ahmedabad,23.141221,72.544151,OSM
Ashram Road,Road,Ahmedabad,23.024183,72.5714,OSM
Ashram Road,Road,Ahmedabad,23.026459,72.571147,OSM
Ashram Road,Road,Ahmedabad,23.026931,72.571238,OSM
Ashram Road,Road,Ahmedabad,23.027405,72.57105,OSM
Sardar Patel Ring Road,Road,Ahmedabad,23.029233,72.477087,OSM
Sardar Patel Ring Road,Road,Ahmedabad,23.03152,72.478186,OSM
Sardar Patel Ring Road,Road,Ahmedabad,23.136161,72.54273,OSM
Bhadaj Underpass,Road,Ahmedabad,23.084039,72.492919,OSM
Bhadaj Underpass,Road,Ahmedabad,23.084319,72.492455,OSM
Bhadaj Underpass,Road,Ahmedabad,23.084855,72.491123,OSM
Ognaj Ringroad Underpass,Road,Ahmedabad,23.120929,72.507948,OSM
Ognaj Ringroad Underpass,Road,Ahmedabad,23.121525,72.507757,OSM
Ognaj Ringroad Underpass,Road,Ahmedabad,23.121124,72.507871,OSM
Bhadaj Underpass,Road,Ahmedabad,23.085019,72.490775,OSM
Bhadaj Underpass,Road,Ahmedabad,23.084925,72.490763,OSM
Bhadaj Underpass,Road,Ahmedabad,23.08336,72.494334,OSM
science city road,Road,Ahmedabad,23.08363,72.493492,OSM
Sardar Patel Ring Road,Road,Ahmedabad,23.084107,72.492412,OSM
Sardar Patel Ring Road,Road,Ahmedabad,23.090922,72.494874,OSM
Sardar Patel Ring Road,Road,Ahmedabad,23.086705,72.493793,OSM
Mansarowar road,Road,Ahmedabad,23.125311,72.567566,OSM
Mansarowar road,Road,Ahmedabad,23.127082,72.567499,OSM
Mansarowar road,Road,Ahmedabad,23.130034,72.567416,OSM
Sardar Patel Ring Road,Road,Ahmedabad,23.121718,72.50949,OSM
DPS-Bopal Road,Road,Ahmedabad,23.039381,72.459373,OSM
Sardar Patel Ring Road,Road,Ahmedabad,23.043055,72.479979,OSM
Sindhu Bhavan Road,Road,Ahmedabad,23.043055,72.479979,OSM
Sardar Patel Ring Road,Road,Ahmedabad,23.043128,72.480115,OSM
Sardar Patel Ring Road,Road,Ahmedabad,23.036098,72.47884,OSM
Sardar Patel Ring Road,Road,Ahmedabad,23.035892,72.478926,OSM
Dave Road,Road,Ahmedabad,23.085632,72.508195,OSM
Naroda Road,Road,Ahmedabad,23.049561,72.623811,OSM
Lal Bahadur Shastri Road,Road,Ahmedabad,23.046262,72.632358,OSM
Naroda Road,Road,Ahmedabad,23.03192,72.599425,OSM
Kalupur Overbridge,Road,Ahmedabad,23.033109,72.602664,OSM
Rustom Cama Marg,Road,Ahmedabad,23.027237,72.579481,OSM
Sabarmati Jail Road,Road,Ahmedabad,23.073205,72.58654,OSM
Gandhi Bridge,Road,Ahmedabad,23.040037,72.573502,OSM
Kasturba Gandhi Road,Road,Ahmedabad,23.03978,72.5764,OSM
Gandhinagar-Ahmedabad Highway,Road,Ahmedabad,23.134466,72.633096,OSM
Indira Bridge,Road,Ahmedabad,23.08883,72.629929,OSM
Gandhinagar-Ahmedabad Highway,Road,Ahmedabad,23.087672,72.630056,OSM
Indira Bridge,Road,Ahmedabad,23.092659,72.629972,OSM
Gandhinagar-Ahmedabad Highway,Road,Ahmedabad,23.104908,72.63007,OSM
Gandhinagar-Ahmedabad Highway,Road,Ahmedabad,23.129632,72.632457,OSM
Gandhinagar-Ahmedabad Highway,Road,Ahmedabad,23.125881,72.632086,OSM
Gandhinagar-Ahmedabad Highway,Road,Ahmedabad,23.125807,72.632214,OSM
Gandhinagar-Ahmedabad Highway,Road,Ahmedabad,23.121363,72.631788,OSM
Koba Circle,Road,Ahmedabad,23.13403,72.63296,OSM
Koba - Gandhinagar Highway,Road,Ahmedabad,23.144394,72.633966,OSM
Gandhinagar-Ahmedabad Highway,Road,Ahmedabad,23.13808,72.633299,OSM
Gandhinagar-Ahmedabad Highway,Road,Ahmedabad,23.137508,72.633424,OSM
Radhaswami Road,Road,Ahmedabad,23.074075,72.578172,OSM
Bulkhidas Road,Road,Ahmedabad,23.082647,72.590385,OSM
Ram Bag Road,Road,Ahmedabad,23.088206,72.588602,OSM
SHAMALBHAI LALLUBHAI PATEL ROAD,Road,Ahmedabad,23.084232,72.585592,OSM
Anil Strach Mill Road,Road,Ahmedabad,23.044893,72.627534,OSM
132 Ft. Ring Road,Road,Ahmedabad,23.067554,72.572205,OSM
Domestic Airport Road,Road,Ahmedabad,23.073918,72.622052,OSM
Gheekanta Road,Road,Ahmedabad,23.032179,72.597812,OSM
Airport Road,Road,Ahmedabad,23.086049,72.636024,OSM
Sarangpur railway station road,Road,Ahmedabad,23.024689,72.603008,OSM
Naroda gidc factory road,Road,Ahmedabad,23.087955,72.667581,OSM
Kubernagar Road,Road,Ahmedabad,23.088533,72.64928,OSM
Kubernagar-Naroda Road,Road,Ahmedabad,23.084283,72.649459,OSM
Chimanbhai patel Flyover,Road,Ahmedabad,23.069309,72.587112,OSM
Gandhi Road,Road,Ahmedabad,23.024933,72.593806,OSM
Sardar Patel Ring Road Flyover,Road,Ahmedabad,23.106778,72.681485,OSM
Sardar Patel Ring Road Flyover,Road,Ahmedabad,23.089129,72.687239,OSM
Sardar Patel Ring Road Flyover,Road,Ahmedabad,23.106791,72.681734,OSM
Sardar Patel Ring Road,Road,Ahmedabad,23.074942,72.688499,OSM
Sardar Patel Ring Road,Road,Ahmedabad,23.047993,72.681842,OSM
Sardar Patel Ring Road,Road,Ahmedabad,23.097515,72.686072,OSM
Sardar Patel Ring Road,Road,Ahmedabad,23.048272,72.681825,OSM
Sardar Patel Ring Road,Road,Ahmedabad,23.093483,72.686916,OSM
Nava Naroda Road,Road,Ahmedabad,23.082769,72.67513,OSM
Sardar Patel Ring Road,Road,Ahmedabad,23.074949,72.688383,OSM
Dehgam Circle,Road,Ahmedabad,23.088883,72.687139,OSM
Sardar Patel Ring Road,Road,Ahmedabad,23.098091,72.685842,OSM
Sardar Patel Ring Road Flyover,Road,Ahmedabad,23.089212,72.687114,OSM
Sardar Patel Ring Road,Road,Ahmedabad,23.093466,72.68676,OSM
Manubhai Parmar Overbridge,Road,Ahmedabad,23.032273,72.603383,OSM
Sardar Patel Ring Road,Road,Ahmedabad,23.115519,72.64908,OSM
Sardar Patel Ring Road,Road,Ahmedabad,23.123843,72.603588,OSM
Sardar Patel Ring Road,Road,Ahmedabad,23.123387,72.604397,OSM
Sardar Patel Ring Road,Road,Ahmedabad,23.132393,72.571403,OSM
Sardar Patel Ring Road,Road,Ahmedabad,23.131886,72.576013,OSM
Gandhinagar-Ahmedabad Highway,Road,Ahmedabad,23.1363,72.633126,OSM
Gandhinagar-Ahmedabad Highway,Road,Ahmedabad,23.130212,72.632693,OSM
RTO Circle,Road,Ahmedabad,23.068863,72.58171,OSM
Ashram Road,Road,Ahmedabad,23.067297,72.582993,OSM
Ashram Road,Road,Ahmedabad,23.067295,72.582842,OSM
Chimanbhai patel Flyover,Road,Ahmedabad,23.0689,72.582226,OSM
Gandhinagar-Ahmedabad Highway,Road,Ahmedabad,23.133471,72.632803,OSM
NH8,Road,Ahmedabad,23.042314,72.640764,OSM
NH8,Road,Ahmedabad,23.047548,72.641133,OSM
Rustom Cama Marg,Road,Ahmedabad,23.027349,72.579461,OSM
Rustom Cama Marg,Road,Ahmedabad,23.027349,72.579461,OSM
Gandhi Bridge,Road,Ahmedabad,23.04013,72.57351,OSM
Kasturba Gandhi Road,Road,Ahmedabad,23.039925,72.575786,OSM
Kasturba Gandhi Road,Road,Ahmedabad,23.039062,72.582407,OSM
Ashram Road,Road,Ahmedabad,23.056622,72.575944,OSM
Ashram Road,Road,Ahmedabad,23.063273,72.581285,OSM
Balvantrai Mehta Road,Road,Ahmedabad,23.064478,72.584052,OSM
Balvantrai Mehta Road,Road,Ahmedabad,23.064534,72.584173,OSM
Subhash Bridge Circle,Road,Ahmedabad,23.06607,72.583156,OSM
Chimanbhai patel Flyover,Road,Ahmedabad,23.069371,72.587074,OSM
Chimanbhai patel Flyover,Road,Ahmedabad,23.069033,72.581992,OSM
BULKHIDAS ROAD,Road,Ahmedabad,23.076452,72.590685,OSM
Chimanbhai patel Flyover,Road,Ahmedabad,23.073401,72.59191,OSM
Chimanbhai patel Flyover,Road,Ahmedabad,23.073365,72.592092,OSM
Kasturba Gandhi Road,Road,Ahmedabad,23.039164,72.582429,OSM
Kasturba Gandhi Road,Road,Ahmedabad,23.037558,72.590378,OSM
Kasturba Gandhi Road,Road,Ahmedabad,23.03762,72.59038,OSM
Kasturba Gandhi Road,Road,Ahmedabad,23.036751,72.595664,OSM
Dr. Ambedkar Road,Road,Ahmedabad,23.048389,72.589668,OSM
Dr. Ambedkar Road,Road,Ahmedabad,23.048095,72.589716,OSM
Maharana Pratap Circle,Road,Ahmedabad,23.053322,72.590563,OSM
Station Road,Road,Ahmedabad,23.033221,72.598004,OSM
Kasturba Gandhi Road,Road,Ahmedabad,23.036793,72.595846,OSM
Airport Road,Road,Ahmedabad,23.064369,72.599457,OSM
Airport Circle,Road,Ahmedabad,23.081397,72.616207,OSM
Airport Road,Road,Ahmedabad,23.068813,72.601772,OSM
Airport Road,Road,Ahmedabad,23.085515,72.622289,OSM
Navnitlal Ranchodlal Marg,Road,Ahmedabad,23.044678,72.590779,OSM
Airport Road,Road,Ahmedabad,23.078933,72.61807,OSM
Domestic Airport Road,Road,Ahmedabad,23.073824,72.621963,OSM
Airport Road,Road,Ahmedabad,23.078988,72.61818,OSM
International Terminal Road,Road,Ahmedabad,23.076465,72.621825,OSM
Airport Road,Road,Ahmedabad,23.084598,72.620828,OSM
Gandhinagar-Ahmedabad Highway,Road,Ahmedabad,23.087328,72.629974,OSM
Airport Road,Road,Ahmedabad,23.08613,72.63007,OSM
Airport Road,Road,Ahmedabad,23.086085,72.635311,OSM
Airport Road,Road,Ahmedabad,23.094614,72.659626,OSM
Airport Road,Road,Ahmedabad,23.092347,72.647584,OSM
Airport Road,Road,Ahmedabad,23.091486,72.646541,OSM
132 Ft. Ring Road,Road,Ahmedabad,23.067712,72.572155,OSM
Radhaswami Road,Road,Ahmedabad,23.074098,72.578116,OSM
Rustom Cama Marg,Road,Ahmedabad,23.02735,72.579552,OSM
Kubernagar road,Road,Ahmedabad,23.068192,72.642516,OSM
Naroda Patia Circle,Road,Ahmedabad,23.064675,72.642953,OSM
Kotar pur-airport road,Road,Ahmedabad,23.072938,72.643692,OSM
Duffnala Road,Road,Ahmedabad,23.059986,72.59823,OSM
Hanuman sing road,Road,Ahmedabad,23.040797,72.604095,OSM
Doctor Ambedkar Flyover,Road,Ahmedabad,23.041924,72.610839,OSM
Sant Rohidas Road,Road,Ahmedabad,23.051261,72.616944,OSM
Memco Flyover,Road,Ahmedabad,23.056749,72.627215,OSM
Memco Flyover,Road,Ahmedabad,23.0567,72.627181,OSM
Station Road,Road,Ahmedabad,23.030784,72.600282,OSM
Relief Road,Road,Ahmedabad,23.027888,72.599716,OSM
Relief Road,Road,Ahmedabad,23.027946,72.599724,OSM
Relief Road,Road,Ahmedabad,23.027159,72.586307,OSM
Thakkarbapa Nagar Flyover,Road,Ahmedabad,23.038919,72.639651,OSM
Thakkarbapa Nagar Flyover,Road,Ahmedabad,23.03896,72.639654,OSM
Nava Naroda road,Road,Ahmedabad,23.073333,72.668603,OSM
Nikol-Nava Naroda Road,Road,Ahmedabad,23.057895,72.671377,OSM
Sardar Patel Ring Road,Road,Ahmedabad,23.11535,72.639506,OSM
Gandhinagar-Ahmedabad Highway,Road,Ahmedabad,23.120446,72.631564,OSM
Gandhinagar-Ahmedabad Highway,Road,Ahmedabad,23.09838,72.629829,OSM
Bhat Circle,Road,Ahmedabad,23.117171,72.631287,OSM
Sardar Patel Ring Road,Road,Ahmedabad,23.115865,72.635747,OSM
Sardar Patel Ring Road,Road,Ahmedabad,23.115307,72.658258,OSM
Sardar Patel Ring Road,Road,Ahmedabad,23.115392,72.649095,OSM
Sardar Patel Ring Road,Road,Ahmedabad,23.115194,72.658219,OSM
Galaxy Cinema Under pass,Road,Ahmedabad,23.079279,72.652092,OSM
Babu Jagjivanram Flyover,Road,Ahmedabad,23.044129,72.596817,OSM
NH48,Road,Ahmedabad,23.144936,72.691561,OSM
Rishi Dadhichi Bridge,Road,Ahmedabad,23.054454,72.57609,OSM
Rishi Dadhichi Bridge,Road,Ahmedabad,23.054546,72.576139,OSM
Dudheshwar Road,Road,Ahmedabad,23.050946,72.585422,OSM
Dudheshwar Road,Road,Ahmedabad,23.05106,72.585433,OSM
Dudheshwar Circle,Road,Ahmedabad,23.051701,72.580948,OSM
Navroji Pestonji Vakil Marg,Road,Ahmedabad,23.052601,72.594464,OSM
Rakhiyal Road,Road,Ahmedabad,23.0749,72.658658,OSM
Karai Dam Road,Road,Ahmedabad,23.127066,72.659449,OSM
BRTS CORRIDOR 132 FT RING ROAD,Road,Ahmedabad,23.091308,72.590391,OSM
Naroda gidc factory road,Road,Ahmedabad,23.080231,72.66033,OSM
Motera- chandkheda road,Road,Ahmedabad,23.079729,72.594365,OSM
Rustom Cama Marg,Road,Ahmedabad,23.027258,72.580759,OSM
Canal road,Road,Ahmedabad,23.042914,72.652305,OSM
CHANDLODIA STATION ROAD,Road,Ahmedabad,23.08119,72.558543,OSM
Navroji Pestonji Vakil Marg,Road,Ahmedabad,23.055112,72.595733,OSM
Navroji Pestonji Vakil Marg,Road,Ahmedabad,23.056772,72.597549,OSM
Shahibaug Flyover,Road,Ahmedabad,23.049595,72.593381,OSM
Shahibaug Flyover,Road,Ahmedabad,23.049612,72.593338,OSM
Asarwa Road,Road,Ahmedabad,23.0472,72.61408,OSM
Sarangpur railway station road,Road,Ahmedabad,23.030073,72.607788,OSM
Sarangpur railway station road,Road,Ahmedabad,23.026333,72.609064,OSM
Nikol-Naroda Road,Road,Ahmedabad,23.04044,72.662238,OSM
Kubernagar Road,Road,Ahmedabad,23.079618,72.644496,OSM
MAYA cinema road,Road,Ahmedabad,23.080702,72.641797,OSM
Gheekanta Road,Road,Ahmedabad,23.029846,72.59559,OSM
Tankshal Road,Road,Ahmedabad,23.024419,72.589772,OSM
Nehru Bridge,Road,Ahmedabad,23.026899,72.574422,OSM
Nehru Bridge,Road,Ahmedabad,23.026981,72.574626,OSM
Gandhinagar-Ahmedabad Highway,Road,Ahmedabad,23.158922,72.635642,OSM
Sardar Patel Ring Road,Road,Ahmedabad,23.076453,72.687945,OSM
108 GVK EMARI road,Road,Ahmedabad,23.068943,72.681754,OSM
Station Road,Road,Ahmedabad,23.02858,72.60001,OSM
Sardar Patel Ring Road,Road,Ahmedabad,23.039703,72.678139,OSM
Naroda Road,Road,Ahmedabad,23.049726,72.62379,OSM
Rakhiyal Road SH-68,Road,Ahmedabad,23.075197,72.659528,OSM
Kathwada Gidc rd no.02,Road,Ahmedabad,23.037487,72.686005,OSM
Kathwada Gidc rd,Road,Ahmedabad,23.032926,72.681365,OSM
Factory Road no.15,Road,Ahmedabad,23.031078,72.686016,OSM
Kathwada Gidc rd no.06,Road,Ahmedabad,23.036668,72.684603,OSM
Kathwada Gidc rd no.07,Road,Ahmedabad,23.035784,72.684543,OSM
Kathwada Gidc rd no.08,Road,Ahmedabad,23.034856,72.686185,OSM
FACTORY Road no.09,Road,Ahmedabad,23.033695,72.683598,OSM
FACTORY Road no.10,Road,Ahmedabad,23.032817,72.68355,OSM
FACTORY Road no.11,Road,Ahmedabad,23.0319,72.683501,OSM
FACTORY Road no.12,Road,Ahmedabad,23.031,72.683453,OSM
FACTORY Road no.13,Road,Ahmedabad,23.030151,72.683407,OSM
FACTORY Road no.14,Road,Ahmedabad,23.02908,72.683349,OSM
FACTORY Road,Road,Ahmedabad,23.030151,72.683407,OSM
Kathwada Gidc rd no.1,Road,Ahmedabad,23.041908,72.684618,OSM
Sardar Patel Ring Road,Road,Ahmedabad,23.092504,72.686795,OSM
Sardar Patel Ring Road,Road,Ahmedabad,23.101204,72.685451,OSM
Motera- chandkheda road,Road,Ahmedabad,23.080627,72.593558,OSM
BRTS CORRIDOR 132 FT RING ROAD,Road,Ahmedabad,23.091392,72.590162,OSM
Ram Bag Road,Road,Ahmedabad,23.088206,72.588762,OSM
Ahmedabad-Patan Highway Road,Road,Ahmedabad,23.102957,72.586712,OSM
Sardar Patel Ring Road,Road,Ahmedabad,23.117864,72.619227,OSM
Machhli Circle - Dolphin circle,Road,Ahmedabad,23.072481,72.659936,OSM
Naroda GIDC factory road,Road,Ahmedabad,23.083161,72.667622,OSM
Naroda gidc factory road,Road,Ahmedabad,23.087772,72.665698,OSM
Naroda gidc factory road,Road,Ahmedabad,23.090699,72.666024,OSM
Naroda gidc factory road,Road,Ahmedabad,23.092331,72.669097,OSM
Naroda gidc factory road,Road,Ahmedabad,23.092768,72.668653,OSM
Naroda gidc factory road,Road,Ahmedabad,23.094394,72.6708,OSM
Naroda gidc factory road,Road,Ahmedabad,23.093232,72.672818,OSM
Naroda gidc factory road,Road,Ahmedabad,23.095767,72.672584,OSM
Naroda gidc factory road,Road,Ahmedabad,23.089745,72.666856,OSM
RiverFront Road,Road,Ahmedabad,23.034478,72.575691,OSM
RiverFront Road,Road,Ahmedabad,23.034475,72.575751,OSM
Jantanagar road,Road,Ahmedabad,23.108241,72.578885,OSM
Sabarmati Riverfront Road,Road,Ahmedabad,23.047182,72.576363,OSM
Sabarmati Riverfront Road,Road,Ahmedabad,23.047114,72.576428,OSM
Riverfront Road,Road,Ahmedabad,23.060966,72.588328,OSM
Riverfront Road,Road,Ahmedabad,23.060704,72.587957,OSM
Pramukhswami Maharaj Riverfront Road,Road,Ahmedabad,23.048249,72.573451,OSM
CHANDLODIA STATION ROAD,Road,Ahmedabad,23.08346,72.581279,OSM
Sabarmati Riverfront Road,Road,Ahmedabad,23.028577,72.576055,OSM
Sardar Patel Ring Road,Road,Ahmedabad,23.114291,72.664393,OSM
Karai Dam Road,Road,Ahmedabad,23.123791,72.67814,OSM
Karai Dam Road,Road,Ahmedabad,23.12647,72.654377,OSM
Karai Dam Road,Road,Ahmedabad,23.127793,72.665952,OSM
Karai Dam Road,Road,Ahmedabad,23.119688,72.685012,OSM
Karai Dam Road,Road,Ahmedabad,23.126715,72.665921,OSM
Karai Dam Road,Road,Ahmedabad,23.123328,72.676362,OSM
Karai Dam Road,Road,Ahmedabad,23.114301,72.69889,OSM
Asharam ashram road,Road,Ahmedabad,23.097077,72.603055,OSM
Asharam ashram road,Road,Ahmedabad,23.101755,72.60317,OSM
Sardar Patel Ring Road,Road,Ahmedabad,23.123268,72.604178,OSM
Airport Circle,Road,Ahmedabad,23.081759,72.616415,OSM
Airport Circle,Road,Ahmedabad,23.081701,72.616183,OSM
Airport Circle,Road,Ahmedabad,23.081431,72.616527,OSM
Sardar Patel Ring Road,Road,Ahmedabad,23.032249,72.67565,OSM
Sardar Patel Ring Road,Road,Ahmedabad,23.051965,72.684479,OSM
Sardar Patel Ring Road,Road,Ahmedabad,23.075734,72.68853,OSM
Karai Dam Road,Road,Ahmedabad,23.126026,72.659582,OSM
Karai Dam Road,Road,Ahmedabad,23.126026,72.659582,OSM
Sardar Patel Ring Road,Road,Ahmedabad,23.115778,72.637655,OSM
Sardar Patel Ring Road,Road,Ahmedabad,23.115704,72.635658,OSM
Sardar Patel Ring Road,Road,Ahmedabad,23.132209,72.57141,OSM
Sardar Patel Ring Road,Road,Ahmedabad,23.132746,72.571372,OSM
Sardar Patel Ring Road,Road,Ahmedabad,23.114199,72.662415,OSM
Gandhi Road,Road,Ahmedabad,23.026455,72.599157,OSM
Relief Road,Road,Ahmedabad,23.026428,72.581144,OSM
Sardar Patel Ring Road,Road,Ahmedabad,23.129994,72.587829,OSM
Sardar Patel Ring Road,Road,Ahmedabad,23.117947,72.625905,OSM
Sardar Patel Ring Road,Road,Ahmedabad,23.117657,72.622933,OSM
Sardar Patel Ring Road,Road,Ahmedabad,23.125411,72.600246,OSM
Sardar Patel Ring Road,Road,Ahmedabad,23.100787,72.685042,OSM
Sardar Patel Ring Road,Road,Ahmedabad,23.12037,72.611965,OSM
Karai Dam Road,Road,Ahmedabad,23.114395,72.705214,OSM
Karai Dam Road,Road,Ahmedabad,23.115092,72.716838,OSM
Sardar Patel Ring Road,Road,Ahmedabad,23.113223,72.666371,OSM
NH48,Road,Ahmedabad,23.154307,72.698092,OSM
Sardar Patel Ring Road,Road,Ahmedabad,23.11719,72.622606,OSM
Sardar Patel Ring Road,Road,Ahmedabad,23.130521,72.584159,OSM
Sardar Patel Ring Road,Road,Ahmedabad,23.117898,72.627705,OSM
Sardar Patel Ring Road,Road,Ahmedabad,23.117433,72.629777,OSM
Sardar Patel Ring Road,Road,Ahmedabad,23.117698,72.628025,OSM
Sardar Patel Ring Road,Road,Ahmedabad,23.117565,72.628645,OSM
Sardar Patel Ring Road,Road,Ahmedabad,23.117624,72.627643,OSM
Sardar Patel Ring Road,Road,Ahmedabad,23.116981,72.630278,OSM
Sardar Patel Ring Road,Road,Ahmedabad,23.117472,72.627661,OSM
Sardar Patel Ring Road,Road,Ahmedabad,23.117039,72.629477,OSM
Sardar Patel Ring Road,Road,Ahmedabad,23.11504,72.643411,OSM
Sardar Patel Ring Road,Road,Ahmedabad,23.115809,72.654135,OSM
Sardar Patel Ring Road,Road,Ahmedabad,23.115012,72.661054,OSM
Sardar Patel Ring Road,Road,Ahmedabad,23.115946,72.655867,OSM
Sardar Patel Ring Road,Road,Ahmedabad,23.118252,72.615874,OSM
Sardar Patel Ring Road,Road,Ahmedabad,23.093556,72.686568,OSM
Sardar Patel Ring Road,Road,Ahmedabad,23.093113,72.686652,OSM
Sardar Patel Ring Road,Road,Ahmedabad,23.093873,72.686981,OSM
Sardar Patel Ring Road,Road,Ahmedabad,23.093622,72.68705,OSM
Sardar Patel Ring Road,Road,Ahmedabad,23.091246,72.687305,OSM
Sardar Patel Ring Road,Road,Ahmedabad,23.109383,72.67872,OSM
Sardar Patel Ring Road,Road,Ahmedabad,23.108793,72.678762,OSM
Kubernagar Road,Road,Ahmedabad,23.084234,72.64483,OSM
Kubernagar Road,Road,Ahmedabad,23.084033,72.644413,OSM
Kubernagar Road,Road,Ahmedabad,23.087984,72.648751,OSM
Bulkhidas Road,Road,Ahmedabad,23.083831,72.590826,OSM
SHAMALBHAI LALLUBHAI PATEL ROAD,Road,Ahmedabad,23.092423,72.585112,OSM
Naroda gidc factory road,Road,Ahmedabad,23.088,72.66754,OSM
Naroda gidc factory road,Road,Ahmedabad,23.097828,72.672904,OSM
Naroda gidc factory road,Road,Ahmedabad,23.080276,72.660384,OSM
Odhav Ring Road Flyover,Road,Ahmedabad,23.025107,72.673015,OSM
Odhav Ring Road Flyover,Road,Ahmedabad,23.025215,72.672911,OSM
Ashram Road,Road,Ahmedabad,23.056559,72.575999,OSM
Ashram Road,Road,Ahmedabad,23.06328,72.581195,OSM
Nava Naroda road,Road,Ahmedabad,23.076148,72.664729,OSM
Sardar Patel Ring Road,Road,Ahmedabad,23.130912,72.584473,OSM
Sardar Patel Ring Road,Road,Ahmedabad,23.131208,72.582586,OSM
Nikol-Naroda Road,Road,Ahmedabad,23.056467,72.665051,OSM
Thakkarbapa Nagar Flyover,Road,Ahmedabad,23.03838,72.643245,OSM
Thakkarbapa Nagar Flyover,Road,Ahmedabad,23.038339,72.643246,OSM
Sardar Patel Ring Road,Road,Ahmedabad,23.115236,72.642829,OSM
Relief Road,Road,Ahmedabad,23.027869,72.595164,OSM
Relief Road,Road,Ahmedabad,23.028478,72.591804,OSM
Tankshal Road,Road,Ahmedabad,23.02662,72.592267,OSM
Sardar Patel Ring Road,Road,Ahmedabad,23.131556,72.580128,OSM
Sardar Patel Ring Road,Road,Ahmedabad,23.130977,72.580597,OSM
Puna Flyover,Road,Ahmedabad,23.130655,72.584403,OSM
Puna Flyover,Road,Ahmedabad,23.130763,72.584607,OSM
Sardar Patel Ring Road,Road,Ahmedabad,23.130432,72.585031,OSM
Sardar Patel Ring Road,Road,Ahmedabad,23.130433,72.587971,OSM
Asarwa Road,Road,Ahmedabad,23.050228,72.619793,OSM
NH8,Road,Ahmedabad,23.060179,72.643084,OSM
Sardar Patel Ring Road,Road,Ahmedabad,23.057147,72.68721,OSM
Airport Road,Road,Ahmedabad,23.0796,72.611817,OSM
Sardar Patel Ring Road,Road,Ahmedabad,23.113052,72.668041,OSM
Sardar Patel Ring Road,Road,Ahmedabad,23.113163,72.668082,OSM
Canal road,Road,Ahmedabad,23.06678,72.656287,OSM
Canal road,Road,Ahmedabad,23.06401,72.652241,OSM
Sardar Patel Ring Road Flyover,Road,Ahmedabad,23.09325,72.686815,OSM
Sardar Patel Ring Road Flyover,Road,Ahmedabad,23.093228,72.686972,OSM
Sardar Patel Ring Road,Road,Ahmedabad,23.086897,72.687096,OSM
Sardar Patel Ring Road,Road,Ahmedabad,23.087294,72.687473,OSM
Rakhiyal Road,Road,Ahmedabad,23.07157,72.648632,OSM
Rakhiyal Road SH-68,Road,Ahmedabad,23.071693,72.648622,OSM
Rakhiyal Road SH-68,Road,Ahmedabad,23.072806,72.651181,OSM
Rakhiyal Road,Road,Ahmedabad,23.072733,72.651182,OSM
Rustom Cama Marg,Road,Ahmedabad,23.027161,72.577428,OSM
Rustom Cama Marg,Road,Ahmedabad,23.027075,72.577093,OSM
Jantanagar road,Road,Ahmedabad,23.103909,72.577949,OSM
Satguru Swami Teoonramji Maharaj Flyover,Road,Ahmedabad,23.088549,72.661308,OSM
Satguru Swami Teoonramji Maharaj Flyover,Road,Ahmedabad,23.090208,72.661399,OSM
Satguru Swami Teoonramji Maharaj Flyover,Road,Ahmedabad,23.087172,72.660648,OSM
Satguru Swami Teoonramji Maharaj Flyover,Road,Ahmedabad,23.088092,72.661161,OSM
Satguru Swami Teoonramji Maharaj Flyover,Road,Ahmedabad,23.085051,72.658941,OSM
Satguru Swami Teoonramji Maharaj Flyover,Road,Ahmedabad,23.092148,72.663023,OSM
Rakhiyal Road SH-68,Road,Ahmedabad,23.074279,72.654639,OSM
Hanuman sing road,Road,Ahmedabad,23.045392,72.608455,OSM
Hanuman sing road,Road,Ahmedabad,23.044949,72.607184,OSM
Airport Road,Road,Ahmedabad,23.085889,72.628826,OSM
Airport Road,Road,Ahmedabad,23.085809,72.628969,OSM
Hanuman sing road,Road,Ahmedabad,23.04432,72.605986,OSM
Doctor Ambedkar Flyover,Road,Ahmedabad,23.041837,72.610945,OSM
Manubhai Parmar Overbridge,Road,Ahmedabad,23.034322,72.604394,OSM
Nikol-Naroda Road,Road,Ahmedabad,23.049867,72.663529,OSM
Nikol-Naroda Road,Road,Ahmedabad,23.048578,72.663516,OSM
Nikol-Naroda Road,Road,Ahmedabad,23.047921,72.663457,OSM
Manubhai Parmar Overbridge,Road,Ahmedabad,23.03423,72.604307,OSM
Manubhai Parmar Overbridge,Road,Ahmedabad,23.032926,72.603076,OSM
Gheekanta Road,Road,Ahmedabad,23.034982,72.597234,OSM
Gheekanta Road,Road,Ahmedabad,23.034513,72.597177,OSM
Gheekanta Road,Road,Ahmedabad,23.034417,72.597114,OSM
Station Road,Road,Ahmedabad,23.035006,72.597384,OSM
Kasturba Gandhi Road,Road,Ahmedabad,23.035051,72.597326,OSM
Sardar Patel Ring Road,Road,Ahmedabad,23.117823,72.625687,OSM
Gandhi Road,Road,Ahmedabad,23.0256,72.59809,OSM
Nikol-Naroda Road,Road,Ahmedabad,23.051697,72.664344,OSM
Nikol-Naroda Road,Road,Ahmedabad,23.064684,72.663424,OSM
Nikol-Naroda Road,Road,Ahmedabad,23.060886,72.664588,OSM
Nikol-Naroda Road,Road,Ahmedabad,23.056455,72.665141,OSM
Maharana Pratap Flyover,Road,Ahmedabad,23.039151,72.63076,OSM
Maharana Pratap Flyover,Road,Ahmedabad,23.038099,72.630604,OSM
Lal Bahadur Shastri Road,Road,Ahmedabad,23.040418,72.630984,OSM
Maharana Pratap Flyover,Road,Ahmedabad,23.041563,72.631399,OSM
Maharana Pratap Flyover,Road,Ahmedabad,23.041573,72.631334,OSM
Virat Nagar Flyover,Road,Ahmedabad,23.026872,72.63884,OSM
Virat Nagar Flyover,Road,Ahmedabad,23.026893,72.638639,OSM
Canal road,Road,Ahmedabad,23.059783,72.649731,OSM
Sardar Chowk,Road,Ahmedabad,23.050819,72.645226,OSM
Galaxy Cinema Under pass,Road,Ahmedabad,23.078681,72.652787,OSM
Kathwada Gidc rd no.02,Road,Ahmedabad,23.042094,72.680802,OSM
Kathwada Gidc rd no.02,Road,Ahmedabad,23.041158,72.68183,OSM
Kathwada Gidc rd no.02,Road,Ahmedabad,23.042018,72.681676,OSM
Kathwada Gidc rd no.02,Road,Ahmedabad,23.04202,72.681458,OSM
Sardar Patel Ring Road,Road,Ahmedabad,23.11522,72.656678,OSM
Kathwada Gidc rd no.08,Road,Ahmedabad,23.033818,72.691491,OSM
Kathwada Gidc rd no.08,Road,Ahmedabad,23.033966,72.690951,OSM
Sant Rohidas Road,Road,Ahmedabad,23.055134,72.623731,OSM
Motera- chandkheda road,Road,Ahmedabad,23.074817,72.59309,OSM
Radhaswami Road,Road,Ahmedabad,23.063699,72.576287,OSM
Radhaswami Road,Road,Ahmedabad,23.063982,72.576067,OSM
Kathwada Gidc rd,Road,Ahmedabad,23.027995,72.681097,OSM
Kathwada Gidc rd,Road,Ahmedabad,23.028249,72.681116,OSM
Sardar Patel Ring Road,Road,Ahmedabad,23.02786,72.673493,OSM
Naroda-Dehgam Road,Road,Ahmedabad,23.082766,72.675007,OSM
Rakhiyal Road SH-68,Road,Ahmedabad,23.076878,72.663046,OSM
Anil Strach Mill Road,Road,Ahmedabad,23.036499,72.612222,OSM
Anil Strach Mill Road,Road,Ahmedabad,23.038768,72.618167,OSM
Anil Strach Mill Road,Road,Ahmedabad,23.038819,72.618088,OSM
Sarangpur railway station road,Road,Ahmedabad,23.02861,72.611774,OSM
Sarangpur railway station road,Road,Ahmedabad,23.028893,72.611907,OSM
Sarangpur railway station road,Road,Ahmedabad,23.028934,72.612051,OSM
Lal Bahadur Shastri Road,Road,Ahmedabad,23.052305,72.631628,OSM
Lal Bahadur Shastri Road,Road,Ahmedabad,23.052411,72.631462,OSM
Lal Bahadur Shastri Road,Road,Ahmedabad,23.050527,72.632356,OSM
Gheekanta Road,Road,Ahmedabad,23.0309,72.59816,OSM
Jantanagar road,Road,Ahmedabad,23.109036,72.581447,OSM
Satguru Swami Teoonramji Maharaj Flyover,Road,Ahmedabad,23.091822,72.662604,OSM
Satguru Swami Teoonramji Maharaj Flyover,Road,Ahmedabad,23.085263,72.65925,OSM
Memco Flyover,Road,Ahmedabad,23.057992,72.623457,OSM
Memco Flyover,Road,Ahmedabad,23.058049,72.623478,OSM
Memco Flyover,Road,Ahmedabad,23.05396,72.630033,OSM
Memco Flyover,Road,Ahmedabad,23.054189,72.629916,OSM
Dr. Ambedkar Flyover,Road,Ahmedabad,23.045139,72.609833,OSM
Dr. Ambedkar Flyover,Road,Ahmedabad,23.045162,72.609916,OSM
Dr. Ambedkar Flyover,Road,Ahmedabad,23.03841,72.611966,OSM
Dr. Ambedkar Flyover,Road,Ahmedabad,23.038397,72.611899,OSM
Maharana Pratap Flyover,Road,Ahmedabad,23.035305,72.629941,OSM
Maharana Pratap Flyover,Road,Ahmedabad,23.035321,72.629855,OSM
Thakkarbapa Nagar Flyover,Road,Ahmedabad,23.038854,72.635664,OSM
Thakkarbapa Nagar Flyover,Road,Ahmedabad,23.038821,72.636062,OSM
Virat Nagar Flyover,Road,Ahmedabad,23.029637,72.639061,OSM
Virat Nagar Flyover,Road,Ahmedabad,23.029615,72.63888,OSM
Puna Flyover,Road,Ahmedabad,23.131244,72.580084,OSM
Puna Flyover,Road,Ahmedabad,23.131377,72.580097,OSM
Puna Flyover,Road,Ahmedabad,23.129279,72.590952,OSM
Puna Flyover,Road,Ahmedabad,23.129143,72.590916,OSM
Kalupur Overbridge,Road,Ahmedabad,23.033185,72.600989,OSM
Manubhai Parmar Overbridge,Road,Ahmedabad,23.031583,72.603853,OSM
Babu Jagjivanram Flyover,Road,Ahmedabad,23.046971,72.596812,OSM
Babu Jagjivanram Flyover,Road,Ahmedabad,23.040685,72.596622,OSM
Shahibaug Flyover,Road,Ahmedabad,23.046678,72.591656,OSM
Shahibaug Flyover,Road,Ahmedabad,23.046664,72.591701,OSM
Shahibaug Flyover,Road,Ahmedabad,23.052252,72.594889,OSM
Shahibaug Flyover,Road,Ahmedabad,23.052123,72.594754,OSM
Odhav Ring Road Flyover,Road,Ahmedabad,23.029434,72.674399,OSM
Odhav Ring Road Flyover,Road,Ahmedabad,23.030373,72.674636,OSM
Sardar Patel Ring Road,Road,Ahmedabad,23.093408,72.686939,OSM
Sardar Patel Ring Road,Road,Ahmedabad,23.093398,72.686789,OSM
Sardar Patel Ring Road Flyover,Road,Ahmedabad,23.085432,72.68744,OSM
Sardar Patel Ring Road Flyover,Road,Ahmedabad,23.085032,72.687348,OSM
Sardar Patel Ring Road Flyover,Road,Ahmedabad,23.100815,72.685354,OSM
Sardar Patel Ring Road Flyover,Road,Ahmedabad,23.102843,72.684712,OSM
Sardar Patel Ring Road,Road,Ahmedabad,23.110789,72.674099,OSM
Sardar Patel Ring Road,Road,Ahmedabad,23.110434,72.675698,OSM
Sardar Patel Ring Road Flyover,Road,Ahmedabad,23.110174,72.676465,OSM
Sardar Patel Ring Road Flyover,Road,Ahmedabad,23.109849,72.676967,OSM
Galaxy Cinema Under pass,Road,Ahmedabad,23.081276,72.651144,OSM
Galaxy Cinema Under pass,Road,Ahmedabad,23.081588,72.650969,OSM
Rajpur Gomtipur Road,Road,Ahmedabad,23.025492,72.605296,OSM
Airport Road,Road,Ahmedabad,23.082597,72.618097,OSM
Ashram Road,Road,Ahmedabad,23.059784,72.579815,OSM
Gandhi Road,Road,Ahmedabad,23.025197,72.597376,OSM
Gandhi Road,Road,Ahmedabad,23.025207,72.597403,OSM
Sardar Patel Ring Road,Road,Ahmedabad,23.090495,72.686963,OSM
Gandhinagar-Ahmedabad Highway,Road,Ahmedabad,23.111113,72.630825,OSM
Gandhinagar-Ahmedabad Highway,Road,Ahmedabad,23.104985,72.630211,OSM
Puna Flyover,Road,Ahmedabad,23.129818,72.589591,OSM
Puna Flyover,Road,Ahmedabad,23.129797,72.589327,OSM
Sardar Patel Ring Road,Road,Ahmedabad,23.117701,72.625704,OSM
Sarkhej-Gandhinagar Highway,Road,Gandhinagar,23.183792,72.59823,OSM
Sarkhej-Gandhinagar Highway,Road,Gandhinagar,23.149695,72.549599,OSM
Gandhinagar-Sarkhej Highway,Road,Gandhinagar,23.193003,72.615773,OSM
Sarkhej-Gandhinagar Highway,Road,Gandhinagar,23.193144,72.61575,OSM
Radhaswami Road,Road,Gandhinagar,23.074075,72.578172,OSM
Bulkhidas Road,Road,Gandhinagar,23.082647,72.590385,OSM
Ram Bag Road,Road,Gandhinagar,23.088206,72.588602,OSM
SHAMALBHAI LALLUBHAI PATEL ROAD,Road,Gandhinagar,23.084232,72.585592,OSM
Tragad gam road,Road,Gandhinagar,23.121472,72.560178,OSM
Rana Pratap Marg,Road,Gandhinagar,23.082584,72.533717,OSM
Adalaj Circle,Road,Gandhinagar,23.16844,72.586706,OSM
Sardar Patel Ring Road Underpass,Road,Gandhinagar,23.13598,72.544148,OSM
Sardar Patel Ring Road,Road,Gandhinagar,23.132417,72.523747,OSM
Sardar Patel Ring Road,Road,Gandhinagar,23.123843,72.603588,OSM
SG Highway,Road,Gandhinagar,23.11481,72.536493,OSM
Sardar Patel Ring Road,Road,Gandhinagar,23.123387,72.604397,OSM
Sardar Patel Ring Road Underpass,Road,Gandhinagar,23.134162,72.559068,OSM
Sardar Patel Ring Road Underpass,Road,Gandhinagar,23.13427,72.55899,OSM
Sardar Patel Ring Road,Road,Gandhinagar,23.132393,72.571403,OSM
Sardar Patel Ring Road,Road,Gandhinagar,23.131886,72.576013,OSM
Airport Circle,Road,Gandhinagar,23.081397,72.616207,OSM
Airport Road,Road,Gandhinagar,23.068813,72.601772,OSM
Airport Road,Road,Gandhinagar,23.078933,72.61807,OSM
Airport Road,Road,Gandhinagar,23.078988,72.61818,OSM
Airport Road,Road,Gandhinagar,23.084598,72.620828,OSM
Sardar Patel Ring Road,Road,Gandhinagar,23.132694,72.523953,OSM
Gandhinagar Bypass Road,Road,Gandhinagar,23.186795,72.618049,OSM
Sundersingh Bhandari Flyover,Road,Gandhinagar,23.08944,72.541134,OSM
Gota Road,Road,Gandhinagar,23.083372,72.545955,OSM
Tirupati Road,Road,Gandhinagar,23.089778,72.559507,OSM
Tirupati Road,Road,Gandhinagar,23.085482,72.562056,OSM
KH Road,Road,Gandhinagar,23.199873,72.614054,OSM
Chandlodia Lake Road,Road,Gandhinagar,23.083976,72.553389,OSM
Chandlodia Lake Road,Road,Gandhinagar,23.080306,72.55134,OSM
Jagatpur Road,Road,Gandhinagar,23.081904,72.551878,OSM
Ranip Gam Road,Road,Gandhinagar,23.079459,72.571504,OSM
Pujya Niruma Samadhi Road,Road,Gandhinagar,23.18015,72.572701,OSM
Motera- chandkheda road,Road,Gandhinagar,23.079729,72.594365,OSM
CHANDLODIA STATION ROAD,Road,Gandhinagar,23.08119,72.558543,OSM
Din Dayal Upadhyay Overbridge,Road,Gandhinagar,23.078986,72.552824,OSM
Prasang Party Plot Road,Road,Gandhinagar,23.090216,72.536204,OSM
SG Highway,Road,Gandhinagar,23.113246,72.535841,OSM
Gandhinagar-Sarkhej Highway,Road,Gandhinagar,23.189048,72.608393,OSM
Sardar Patel Ring Road,Road,Gandhinagar,23.135402,72.551257,OSM
Motera- chandkheda road,Road,Gandhinagar,23.080627,72.593558,OSM
Ram Bag Road,Road,Gandhinagar,23.088206,72.588762,OSM
Ahmedabad-Patan Highway Road,Road,Gandhinagar,23.102957,72.586712,OSM
Sardar Patel Ring Road,Road,Gandhinagar,23.117864,72.619227,OSM
New Science City Road,Road,Gandhinagar,23.100116,72.516356,OSM
New Ranip Flyover,Road,Gandhinagar,23.086684,72.57123,OSM
New Ranip Flyover,Road,Gandhinagar,23.086688,72.571146,OSM
Godrej Garden city Road,Road,Gandhinagar,23.097011,72.560026,OSM
Godrej garden City Road,Road,Gandhinagar,23.104699,72.555107,OSM
Jantanagar road,Road,Gandhinagar,23.108241,72.578885,OSM
Amba Township Main Road,Road,Gandhinagar,23.18816,72.57409,OSM
CHANDLODIA STATION ROAD,Road,Gandhinagar,23.08346,72.581279,OSM
SG Highway Service road,Road,Gandhinagar,23.12637,72.540003,OSM
Vaishnodevi Circle,Road,Gandhinagar,23.136248,72.542554,OSM
Asharam ashram road,Road,Gandhinagar,23.097077,72.603055,OSM
Asharam ashram road,Road,Gandhinagar,23.101755,72.60317,OSM
Sardar Patel Ring Road,Road,Gandhinagar,23.123268,72.604178,OSM
Airport Circle,Road,Gandhinagar,23.081759,72.616415,OSM
Airport Circle,Road,Gandhinagar,23.081701,72.616183,OSM
Airport Circle,Road,Gandhinagar,23.081431,72.616527,OSM
Amba Township Main Road,Road,Gandhinagar,23.18422,72.568012,OSM
Pujya Niruma Samadhi Road,Road,Gandhinagar,23.184446,72.571296,OSM
Pujya Niruma Samadhi Road,Road,Gandhinagar,23.184722,72.571153,OSM
Amba Township Main Road,Road,Gandhinagar,23.184152,72.568063,OSM
Amba Township Main Road,Road,Gandhinagar,23.188745,72.574838,OSM
Pujya Niruma Samadhi Road,Road,Gandhinagar,23.177453,72.572573,OSM
Sardar Patel Ring Road,Road,Gandhinagar,23.132209,72.57141,OSM
Sardar Patel Ring Road,Road,Gandhinagar,23.132746,72.571372,OSM
Sardar Patel Ring Road,Road,Gandhinagar,23.136498,72.540976,OSM
Sardar Patel Ring Road,Road,Gandhinagar,23.131146,72.52149,OSM
KH Road,Road,Gandhinagar,23.199948,72.61397,OSM
Sardar Patel Ring Road,Road,Gandhinagar,23.129994,72.587829,OSM
Sardar Patel Ring Road,Road,Gandhinagar,23.125411,72.600246,OSM
Sardar Patel Ring Road,Road,Gandhinagar,23.135702,72.532943,OSM
Sardar Patel Ring Road,Road,Gandhinagar,23.12037,72.611965,OSM
Sardar Patel Ring Road,Road,Gandhinagar,23.135597,72.544821,OSM
Sardar Patel Ring Road,Road,Gandhinagar,23.11719,72.622606,OSM
Sardar Patel Ring Road,Road,Gandhinagar,23.130521,72.584159,OSM
Sardar Patel Ring Road,Road,Gandhinagar,23.118252,72.615874,OSM
Sardar Patel Ring Road,Road,Gandhinagar,23.133644,72.561261,OSM
Bulkhidas Road,Road,Gandhinagar,23.083831,72.590826,OSM
SHAMALBHAI LALLUBHAI PATEL ROAD,Road,Gandhinagar,23.092423,72.585112,OSM
Vaishnodevi Overbridge,Road,Gandhinagar,23.136625,72.54282,OSM
Vaishnodevi Overbridge,Road,Gandhinagar,23.135629,72.542397,OSM
Gandhinagar Bypass Road,Road,Gandhinagar,23.186607,72.617977,OSM
Sardar Patel Ring Road,Road,Gandhinagar,23.130912,72.584473,OSM
Sardar Patel Ring Road,Road,Gandhinagar,23.131208,72.582586,OSM
Jagatpur Road,Road,Gandhinagar,23.089095,72.550132,OSM
Gota Road,Road,Gandhinagar,23.080582,72.549838,OSM
Jagatpur Railway Flyover,Road,Gandhinagar,23.11129,72.548647,OSM
Jagatpur Railway Flyover,Road,Gandhinagar,23.110508,72.549643,OSM
Sarkhej-Gandhinagar Highway,Road,Gandhinagar,23.177332,72.586151,OSM
Sarkhej-Gandhinagar Highway,Road,Gandhinagar,23.177186,72.586144,OSM
Sarkhej-Gandhinagar Highway,Road,Gandhinagar,23.174682,72.58163,OSM
Sarkhej-Gandhinagar Highway,Road,Gandhinagar,23.173181,72.57868,OSM
Sarkhej-Gandhinagar Highway,Road,Gandhinagar,23.172769,72.57832,OSM
Sarkhej-Gandhinagar Highway,Road,Gandhinagar,23.160176,72.556452,OSM
Sarkhej-Gandhinagar Highway,Road,Gandhinagar,23.160254,72.556337,OSM
Sarkhej-Gandhinagar Highway,Road,Gandhinagar,23.163358,72.561159,OSM
Sarkhej-Gandhinagar Highway,Road,Gandhinagar,23.163217,72.56135,OSM
Sarkhej-Gandhinagar Highway,Road,Gandhinagar,23.156201,72.553834,OSM
Sarkhej-Gandhinagar Highway,Road,Gandhinagar,23.156363,72.553662,OSM
Rana Pratap Marg,Road,Gandhinagar,23.08346,72.532638,OSM
Gota Road,Road,Gandhinagar,23.095105,72.535121,OSM
Jagatpur Road,Road,Gandhinagar,23.099461,72.550764,OSM
Jagatpur Railway Flyover,Road,Gandhinagar,23.111815,72.547287,OSM
Gota Road,Road,Gandhinagar,23.083908,72.545784,OSM
Sardar Patel Ring Road,Road,Gandhinagar,23.131556,72.580128,OSM
Sardar Patel Ring Road,Road,Gandhinagar,23.130977,72.580597,OSM
Puna Flyover,Road,Gandhinagar,23.130655,72.584403,OSM
Puna Flyover,Road,Gandhinagar,23.130763,72.584607,OSM
Sardar Patel Ring Road,Road,Gandhinagar,23.130432,72.585031,OSM
Sardar Patel Ring Road,Road,Gandhinagar,23.130433,72.587971,OSM
Airport Road,Road,Gandhinagar,23.0796,72.611817,OSM
Gota Road,Road,Gandhinagar,23.080686,72.549822,OSM
Din Dayal Upadhyay Overbridge,Road,Gandhinagar,23.079025,72.552919,OSM
Gota Road,Road,Gandhinagar,23.094984,72.535268,OSM
SG Highway,Road,Gandhinagar,23.092551,72.53004,OSM
Gota-Chokdi Flyover,Road,Gandhinagar,23.09875,72.531626,OSM
SG Highway,Road,Gandhinagar,23.093252,72.530037,OSM
Gota-Chokdi Flyover,Road,Gandhinagar,23.098706,72.531783,OSM
Sardar Patel Ring Road,Road,Gandhinagar,23.135563,72.546731,OSM
Sardar Patel Ring Road Underpass,Road,Gandhinagar,23.135903,72.543854,OSM
Sardar Patel Ring Road,Road,Gandhinagar,23.135393,72.549356,OSM
Sarkhej-Gandhinagar Highway,Road,Gandhinagar,23.18819,72.606403,OSM
Gandhinagar-Sarkhej Highway,Road,Gandhinagar,23.183572,72.598079,OSM
Sarkhej-Gandhinagar Highway,Road,Gandhinagar,23.180197,72.591455,OSM
Gandhinagar-Sarkhej Highway,Road,Gandhinagar,23.179621,72.590711,OSM
Sarkhej-Gandhinagar Highway,Road,Gandhinagar,23.174513,72.581094,OSM
Sardar Patel Ring Road,Road,Gandhinagar,23.136251,72.543136,OSM
Jantanagar road,Road,Gandhinagar,23.103909,72.577949,OSM
Saragasan to Infocity road,Road,Gandhinagar,23.194755,72.618666,OSM
Jagatpur Railway Flyover,Road,Gandhinagar,23.111366,72.54818,OSM
Godrej garden City road,Road,Gandhinagar,23.112836,72.545644,OSM
Jagatpur Railway Flyover,Road,Gandhinagar,23.109976,72.550123,OSM
Jagatpur Railway Flyover,Road,Gandhinagar,23.110022,72.550195,OSM
Jagatpur Railway Flyover,Road,Gandhinagar,23.110688,72.54941,OSM
Jagatpur Railway Flyover,Road,Gandhinagar,23.110688,72.54941,OSM
Godrej Garden City Road,Road,Gandhinagar,23.111276,72.5537,OSM
Godrej Garden City Road,Road,Gandhinagar,23.113105,72.553467,OSM
Sardar Patel Ring Road,Road,Gandhinagar,23.136803,72.538036,OSM
Prasang Party Plot Road,Road,Gandhinagar,23.083923,72.53237,OSM
Prasang Party Plot Road,Road,Gandhinagar,23.084147,72.532475,OSM
Prasang Party Plot Road,Road,Gandhinagar,23.085386,72.533269,OSM
Sundersingh Bhandari Flyover,Road,Gandhinagar,23.089424,72.541239,OSM
Godrej garden City road,Road,Gandhinagar,23.111252,72.548824,OSM
Godrej Garden city Road,Road,Gandhinagar,23.104678,72.554968,OSM
Chandlodia Lake Road,Road,Gandhinagar,23.085567,72.556697,OSM
Chandlodia Lake Road,Road,Gandhinagar,23.085099,72.555058,OSM
Chandlodia Lake Road,Road,Gandhinagar,23.085157,72.555131,OSM
Chandlodia Lake Road,Road,Gandhinagar,23.085132,72.555048,OSM
Prasang Party Plot Road,Road,Gandhinagar,23.086373,72.53381,OSM
Sardar Patel Ring Road Underpass,Road,Gandhinagar,23.136263,72.541795,OSM
Sardar Patel Ring Road Underpass,Road,Gandhinagar,23.136189,72.541223,OSM
Sardar Patel Ring Road Underpass,Road,Gandhinagar,23.134957,72.552811,OSM
Sardar Patel Ring Road Underpass,Road,Gandhinagar,23.134988,72.553173,OSM
Sardar Patel Ring Road Underpass,Road,Gandhinagar,23.134679,72.556037,OSM
Sardar Patel Ring Road Underpass,Road,Gandhinagar,23.134688,72.555417,OSM
Sardar Patel Ring Road Underpass,Road,Gandhinagar,23.134662,72.556178,OSM
Sardar Patel Ring Road Underpass,Road,Gandhinagar,23.134589,72.556164,OSM
Sardar Patel Ring Road Underpass,Road,Gandhinagar,23.134346,72.557938,OSM
Sardar Patel Ring Road Underpass,Road,Gandhinagar,23.134366,72.55847,OSM
Jantanagar road,Road,Gandhinagar,23.109036,72.581447,OSM
New Ranip Flyover,Road,Gandhinagar,23.088403,72.568066,OSM
New Ranip Flyover,Road,Gandhinagar,23.088519,72.56798,OSM
New Ranip Flyover,Road,Gandhinagar,23.083019,72.570049,OSM
New Ranip Flyover,Road,Gandhinagar,23.082876,72.569875,OSM
Jagatpur Railway Flyover,Road,Gandhinagar,23.112498,72.546015,OSM
Jagatpur Railway Flyover,Road,Gandhinagar,23.112568,72.546066,OSM
Jagatpur Railway Flyover,Road,Gandhinagar,23.108019,72.552091,OSM
Jagatpur Railway Flyover,Road,Gandhinagar,23.108298,72.551951,OSM
Godrej garden City road,Road,Gandhinagar,23.112731,72.545564,OSM
Gota-Chokdi Flyover,Road,Gandhinagar,23.103124,72.533077,OSM
Gota-Chokdi Flyover,Road,Gandhinagar,23.103146,72.532937,OSM
Gota-Chokdi Flyover,Road,Gandhinagar,23.093594,72.530303,OSM
Gota-Chokdi Flyover,Road,Gandhinagar,23.093956,72.530235,OSM
Sundersingh Bhandari Flyover,Road,Gandhinagar,23.08694,72.542918,OSM
Sundersingh Bhandari Flyover,Road,Gandhinagar,23.086915,72.543063,OSM
Sundersingh Bhandari Flyover,Road,Gandhinagar,23.09171,72.539249,OSM
Sundersingh Bhandari Flyover,Road,Gandhinagar,23.091806,72.539252,OSM
Din Dayal Upadhyay Overbridge,Road,Gandhinagar,23.080409,72.550668,OSM
Din Dayal Upadhyay Overbridge,Road,Gandhinagar,23.080357,72.550573,OSM
Puna Flyover,Road,Gandhinagar,23.131244,72.580084,OSM
Puna Flyover,Road,Gandhinagar,23.131377,72.580097,OSM
Puna Flyover,Road,Gandhinagar,23.129279,72.590952,OSM
Puna Flyover,Road,Gandhinagar,23.129143,72.590916,OSM
S P Ring Road Underpass,Road,Gandhinagar,23.135761,72.546085,OSM
S P Ring Road Underpass,Road,Gandhinagar,23.135629,72.546068,OSM
Sardar Patel Ring Road,Road,Gandhinagar,23.135203,72.55032,OSM
Sardar Patel Ring Road,Road,Gandhinagar,23.135393,72.549356,OSM
Sardar Patel Ring Road,Road,Gandhinagar,23.133926,72.560909,OSM
Sardar Patel Ring Road,Road,Gandhinagar,23.13385,72.560711,OSM
SG Highway,Road,Gandhinagar,23.104835,72.533563,OSM
Airport Road,Road,Gandhinagar,23.082597,72.618097,OSM
SG Highway,Road,Gandhinagar,23.121802,72.538334,OSM
SG Highway,Road,Gandhinagar,23.124786,72.539227,OSM
SG Highway,Road,Gandhinagar,23.121746,72.538528,OSM
SG Highway,Road,Gandhinagar,23.126202,72.539801,OSM
Vaishnodevi Overbridge,Road,Gandhinagar,23.141221,72.544151,OSM
Sardar Patel Ring Road,Road,Gandhinagar,23.136161,72.54273,OSM
Mansarowar road,Road,Gandhinagar,23.125311,72.567566,OSM
Mansarowar road,Road,Gandhinagar,23.127082,72.567499,OSM
Mansarowar road,Road,Gandhinagar,23.130034,72.567416,OSM
Puna Flyover,Road,Gandhinagar,23.129818,72.589591,OSM
Puna Flyover,Road,Gandhinagar,23.129797,72.589327,OSM
Godrej Garden city Road,Road,Gandhinagar,23.102445,72.55868,OSM
Godrej garden City Road,Road,Gandhinagar,23.101495,72.558325,OSM
Radhaswami Road,Road,Gandhinagar,23.074098,72.578116,OSM
GH Road,Road,Gandhinagar,23.203024,72.63262,OSM
G Road,Road,Gandhinagar,23.200096,72.623907,OSM
Road 2,Road,Gandhinagar,23.201986,72.647693,OSM
Gandhinagar-Ahmedabad Highway,Road,Gandhinagar,23.134466,72.633096,OSM
Indira Bridge,Road,Gandhinagar,23.08883,72.629929,OSM
Gandhinagar-Ahmedabad Highway,Road,Gandhinagar,23.087672,72.630056,OSM
Indira Bridge,Road,Gandhinagar,23.092659,72.629972,OSM
Gandhinagar-Ahmedabad Highway,Road,Gandhinagar,23.104908,72.63007,OSM
Gandhinagar-Ahmedabad Highway,Road,Gandhinagar,23.129632,72.632457,OSM
Gandhinagar-Ahmedabad Highway,Road,Gandhinagar,23.125881,72.632086,OSM
Gandhinagar-Ahmedabad Highway,Road,Gandhinagar,23.125807,72.632214,OSM
Gandhinagar-Ahmedabad Highway,Road,Gandhinagar,23.121363,72.631788,OSM
Koba Circle,Road,Gandhinagar,23.13403,72.63296,OSM
Gandhinagar-Sarkhej Highway,Road,Gandhinagar,23.193003,72.615773,OSM
Sarkhej-Gandhinagar Highway,Road,Gandhinagar,23.193144,72.61575,OSM
Koba - Gandhinagar Highway,Road,Gandhinagar,23.144394,72.633966,OSM
Gandhinagar-Ahmedabad Highway,Road,Gandhinagar,23.13808,72.633299,OSM
Gandhinagar-Ahmedabad Highway,Road,Gandhinagar,23.137508,72.633424,OSM
Raysan Road,Road,Gandhinagar,23.167089,72.642477,OSM
Broken Bridge,Road,Gandhinagar,23.18561,72.656929,OSM
Gandhinagar Bypass Road,Road,Gandhinagar,23.186177,72.647068,OSM
Airport Road,Road,Gandhinagar,23.086049,72.636024,OSM
Naroda gidc factory road,Road,Gandhinagar,23.087955,72.667581,OSM
Kubernagar Road,Road,Gandhinagar,23.088533,72.64928,OSM
Kubernagar-Naroda Road,Road,Gandhinagar,23.084283,72.649459,OSM
CH Road,Road,Gandhinagar,23.200313,72.640554,OSM
Sardar Patel Ring Road Flyover,Road,Gandhinagar,23.106778,72.681485,OSM
Sardar Patel Ring Road Flyover,Road,Gandhinagar,23.089129,72.687239,OSM
Sardar Patel Ring Road Flyover,Road,Gandhinagar,23.106791,72.681734,OSM
Sardar Patel Ring Road,Road,Gandhinagar,23.074942,72.688499,OSM
Sardar Patel Ring Road,Road,Gandhinagar,23.097515,72.686072,OSM
Sardar Patel Ring Road,Road,Gandhinagar,23.093483,72.686916,OSM
Nava Naroda Road,Road,Gandhinagar,23.082769,72.67513,OSM
Sardar Patel Ring Road,Road,Gandhinagar,23.074949,72.688383,OSM
Dehgam Circle,Road,Gandhinagar,23.088883,72.687139,OSM
Sardar Patel Ring Road,Road,Gandhinagar,23.098091,72.685842,OSM
Sardar Patel Ring Road Flyover,Road,Gandhinagar,23.089212,72.687114,OSM
Sardar Patel Ring Road,Road,Gandhinagar,23.093466,72.68676,OSM
Gandhinagar-Sarkhej Highway,Road,Gandhinagar,23.195984,72.63899,OSM
Koba - Gandhinagar Highway,Road,Gandhinagar,23.190124,72.639109,OSM
Sardar Patel Ring Road,Road,Gandhinagar,23.115519,72.64908,OSM
Gandhinagar-Ahmedabad Highway,Road,Gandhinagar,23.1363,72.633126,OSM
Gandhinagar-Ahmedabad Highway,Road,Gandhinagar,23.130212,72.632693,OSM
Gandhinagar-Ahmedabad Highway,Road,Gandhinagar,23.133471,72.632803,OSM
Gandhinagar Bypass Road,Road,Gandhinagar,23.18253,72.695837,OSM
Airport Road,Road,Gandhinagar,23.085515,72.622289,OSM
Airport Road,Road,Gandhinagar,23.084598,72.620828,OSM
Gandhinagar-Ahmedabad Highway,Road,Gandhinagar,23.087328,72.629974,OSM
Airport Road,Road,Gandhinagar,23.08613,72.63007,OSM
Airport Road,Road,Gandhinagar,23.086085,72.635311,OSM
Airport Road,Road,Gandhinagar,23.094614,72.659626,OSM
Airport Road,Road,Gandhinagar,23.092347,72.647584,OSM
Airport Road,Road,Gandhinagar,23.091486,72.646541,OSM
Sardar Patel Ring Road,Road,Gandhinagar,23.11535,72.639506,OSM
Gandhinagar-Ahmedabad Highway,Road,Gandhinagar,23.120446,72.631564,OSM
Gandhinagar-Ahmedabad Highway,Road,Gandhinagar,23.09838,72.629829,OSM
Bhat Circle,Road,Gandhinagar,23.117171,72.631287,OSM
Sardar Patel Ring Road,Road,Gandhinagar,23.115865,72.635747,OSM
Sardar Patel Ring Road,Road,Gandhinagar,23.115307,72.658258,OSM
Sardar Patel Ring Road,Road,Gandhinagar,23.115392,72.649095,OSM
Sardar Patel Ring Road,Road,Gandhinagar,23.115194,72.658219,OSM
Gandhinagar Bypass Road,Road,Gandhinagar,23.185359,72.666966,OSM
Gandhinagar Bypass Road,Road,Gandhinagar,23.186795,72.618049,OSM
Galaxy Cinema Under pass,Road,Gandhinagar,23.079279,72.652092,OSM
NH48,Road,Gandhinagar,23.144936,72.691561,OSM
Karai Dam Road,Road,Gandhinagar,23.127066,72.659449,OSM
Randesan Road,Road,Gandhinagar,23.174621,72.643201,OSM
Service Road,Road,Gandhinagar,23.174558,72.637795,OSM
Service Road,Road,Gandhinagar,23.163358,72.636531,OSM
Koba - Gandhinagar Highway,Road,Gandhinagar,23.160562,72.635673,OSM
Naroda gidc factory road,Road,Gandhinagar,23.080231,72.66033,OSM
Kubernagar Road,Road,Gandhinagar,23.079618,72.644496,OSM
MAYA cinema road,Road,Gandhinagar,23.080702,72.641797,OSM
Pandit Dindayal Upadhyay Marg,Road,Gandhinagar,23.180705,72.628918,OSM
G Road,Road,Gandhinagar,23.200629,72.62383,OSM
Gandhinagar Bypass Road,Road,Gandhinagar,23.18551,72.627398,OSM
Gandhinagar Bypass Road,Road,Gandhinagar,23.185306,72.627336,OSM
Gandhinagar Bypass Road,Road,Gandhinagar,23.185666,72.633702,OSM
Koba - Gandhinagar Highway,Road,Gandhinagar,23.190285,72.63897,OSM
Swagat Circle,Road,Gandhinagar,23.185949,72.638565,OSM
Gandhinagar-Ahmedabad Highway,Road,Gandhinagar,23.158922,72.635642,OSM
Gandhinagar Bypass Road,Road,Gandhinagar,23.185478,72.634263,OSM
Gandhinagar Bypass Road,Road,Gandhinagar,23.186007,72.647432,OSM
Broken Bridge,Road,Gandhinagar,23.185519,72.656932,OSM
Gandhinagar Bypass Road,Road,Gandhinagar,23.185088,72.667675,OSM
Service Road,Road,Gandhinagar,23.191298,72.638608,OSM
GH Road,Road,Gandhinagar,23.20311,72.632817,OSM
CH Road,Road,Gandhinagar,23.200458,72.640778,OSM
Road 2,Road,Gandhinagar,23.201942,72.647664,OSM
GIFT City Road,Road,Gandhinagar,23.16794,72.690236,OSM
Shram Marg,Road,Gandhinagar,23.161814,72.698059,OSM
GIFT City Road,Road,Gandhinagar,23.165684,72.683816,OSM
GIFT City Road,Road,Gandhinagar,23.165693,72.684081,OSM
Shram Marg,Road,Gandhinagar,23.162309,72.698457,OSM
GIFT City Bridge,Road,Gandhinagar,23.151375,72.676524,OSM
GIFT City Road,Road,Gandhinagar,23.17415,72.672747,OSM
GIFT City Road,Road,Gandhinagar,23.164594,72.687771,OSM
GIFT City Road,Road,Gandhinagar,23.158693,72.681841,OSM
GIFT City Road,Road,Gandhinagar,23.158898,72.681818,OSM
GIFT City Road,Road,Gandhinagar,23.15845,72.689588,OSM
GIFT City Road,Road,Gandhinagar,23.158355,72.689797,OSM
Kudasan-Por Road,Road,Gandhinagar,23.179554,72.633254,OSM
Aawaass Road,Road,Gandhinagar,23.183095,72.652679,OSM
Sardar Patel Ring Road,Road,Gandhinagar,23.076453,72.687945,OSM
Sardar Patel Ring Road,Road,Gandhinagar,23.092504,72.686795,OSM
Sardar Patel Ring Road,Road,Gandhinagar,23.101204,72.685451,OSM
Sardar Patel Ring Road,Road,Gandhinagar,23.117864,72.619227,OSM
Naroda GIDC factory road,Road,Gandhinagar,23.083161,72.667622,OSM
Naroda gidc factory road,Road,Gandhinagar,23.087772,72.665698,OSM
Naroda gidc factory road,Road,Gandhinagar,23.090699,72.666024,OSM
Naroda gidc factory road,Road,Gandhinagar,23.092331,72.669097,OSM
Naroda gidc factory road,Road,Gandhinagar,23.092768,72.668653,OSM
Naroda gidc factory road,Road,Gandhinagar,23.094394,72.6708,OSM
Naroda gidc factory road,Road,Gandhinagar,23.093232,72.672818,OSM
Naroda gidc factory road,Road,Gandhinagar,23.095767,72.672584,OSM
Naroda gidc factory road,Road,Gandhinagar,23.089745,72.666856,OSM
GIFT City Road,Road,Gandhinagar,23.167768,72.69054,OSM
Gandhinagar-Ahmedabad Highway,Road,Gandhinagar,23.185827,72.638743,OSM
Sardar Patel Ring Road,Road,Gandhinagar,23.114291,72.664393,OSM
Karai Dam Road,Road,Gandhinagar,23.123791,72.67814,OSM
Karai Dam Road,Road,Gandhinagar,23.12647,72.654377,OSM
Karai Dam Road,Road,Gandhinagar,23.127793,72.665952,OSM
Karai Dam Road,Road,Gandhinagar,23.119688,72.685012,OSM
Karai Dam Road,Road,Gandhinagar,23.126715,72.665921,OSM
Karai Dam Road,Road,Gandhinagar,23.123328,72.676362,OSM
Karai Dam Road,Road,Gandhinagar,23.114301,72.69889,OSM
Sardar Patel Ring Road,Road,Gandhinagar,23.075734,72.68853,OSM
Karai Dam Road,Road,Gandhinagar,23.126026,72.659582,OSM
Karai Dam Road,Road,Gandhinagar,23.126026,72.659582,OSM
Sardar Patel Ring Road,Road,Gandhinagar,23.115778,72.637655,OSM
Sardar Patel Ring Road,Road,Gandhinagar,23.115704,72.635658,OSM
Sardar Patel Ring Road,Road,Gandhinagar,23.114199,72.662415,OSM
Reliance Circle,Road,Gandhinagar,23.185285,72.629603,OSM
Pandit Dindayal Upadhyay Marg,Road,Gandhinagar,23.180535,72.629025,OSM
Gandhinagar Bypass Road,Road,Gandhinagar,23.185201,72.624347,OSM
GIFT City Road,Road,Gandhinagar,23.16282,72.684251,OSM
GIFT City Road,Road,Gandhinagar,23.161603,72.686239,OSM
GIFT City Road,Road,Gandhinagar,23.164709,72.675,OSM
Sardar Patel Ring Road,Road,Gandhinagar,23.117947,72.625905,OSM
Sardar Patel Ring Road,Road,Gandhinagar,23.117657,72.622933,OSM
Gandhinagar Bypass Road,Road,Gandhinagar,23.182445,72.695832,OSM
Gandhi Nagar bypass,Road,Gandhinagar,23.180484,72.709543,OSM
Gandhi Nagar bypass,Road,Gandhinagar,23.182764,72.674138,OSM
Gandhinagar Bypass Road,Road,Gandhinagar,23.18304,72.681793,OSM
Gandhinagar Bypass Road,Road,Gandhinagar,23.182927,72.67797,OSM
Gandhinagar Bypass Road,Road,Gandhinagar,23.182848,72.677975,OSM
Gandhinagar Bypass Road,Road,Gandhinagar,23.182922,72.681452,OSM
Randesan Road,Road,Gandhinagar,23.175193,72.651081,OSM
Raysan Road,Road,Gandhinagar,23.16731,72.654124,OSM
NH48,Road,Gandhinagar,23.18051,72.709693,OSM
NH48,Road,Gandhinagar,23.170891,72.707973,OSM
Sardar Patel Ring Road,Road,Gandhinagar,23.100787,72.685042,OSM
Karai Dam Road,Road,Gandhinagar,23.114395,72.705214,OSM
Karai Dam Road,Road,Gandhinagar,23.115092,72.716838,OSM
Kudasan-Por Road,Road,Gandhinagar,23.179483,72.633262,OSM
Sardar Patel Ring Road,Road,Gandhinagar,23.113223,72.666371,OSM
Randesan Road,Road,Gandhinagar,23.174548,72.647747,OSM
Randesan Road,Road,Gandhinagar,23.174569,72.637636,OSM
Randesan Road,Road,Gandhinagar,23.174576,72.643204,OSM
Service Road,Road,Gandhinagar,23.153367,72.635388,OSM
Aqualine SEZ,Road,Gandhinagar,23.153167,72.635469,OSM
Service Road,Road,Gandhinagar,23.15792,72.635968,OSM
NH48,Road,Gandhinagar,23.16083,72.702826,OSM
NH48,Road,Gandhinagar,23.154307,72.698092,OSM
Sardar Patel Ring Road,Road,Gandhinagar,23.11719,72.622606,OSM
Sardar Patel Ring Road,Road,Gandhinagar,23.117898,72.627705,OSM
Sardar Patel Ring Road,Road,Gandhinagar,23.117433,72.629777,OSM
Sardar Patel Ring Road,Road,Gandhinagar,23.117698,72.628025,OSM
Sardar Patel Ring Road,Road,Gandhinagar,23.117565,72.628645,OSM
Sardar Patel Ring Road,Road,Gandhinagar,23.117624,72.627643,OSM
Sardar Patel Ring Road,Road,Gandhinagar,23.116981,72.630278,OSM
Sardar Patel Ring Road,Road,Gandhinagar,23.117472,72.627661,OSM
Sardar Patel Ring Road,Road,Gandhinagar,23.117039,72.629477,OSM
Sardar Patel Ring Road,Road,Gandhinagar,23.11504,72.643411,OSM
Aawaass Road,Road,Gandhinagar,23.181807,72.652623,OSM
Sardar Patel Ring Road,Road,Gandhinagar,23.115809,72.654135,OSM
Sardar Patel Ring Road,Road,Gandhinagar,23.115012,72.661054,OSM
Sardar Patel Ring Road,Road,Gandhinagar,23.115946,72.655867,OSM
Sardar Patel Ring Road,Road,Gandhinagar,23.093556,72.686568,OSM
Sardar Patel Ring Road,Road,Gandhinagar,23.093113,72.686652,OSM
Sardar Patel Ring Road,Road,Gandhinagar,23.093873,72.686981,OSM
Sardar Patel Ring Road,Road,Gandhinagar,23.093622,72.68705,OSM
Sardar Patel Ring Road,Road,Gandhinagar,23.091246,72.687305,OSM
Sardar Patel Ring Road,Road,Gandhinagar,23.109383,72.67872,OSM
Sardar Patel Ring Road,Road,Gandhinagar,23.108793,72.678762,OSM
Kubernagar Road,Road,Gandhinagar,23.084234,72.64483,OSM
Kubernagar Road,Road,Gandhinagar,23.084033,72.644413,OSM
Kubernagar Road,Road,Gandhinagar,23.087984,72.648751,OSM
Naroda gidc factory road,Road,Gandhinagar,23.088,72.66754,OSM
Naroda gidc factory road,Road,Gandhinagar,23.097828,72.672904,OSM
Naroda gidc factory road,Road,Gandhinagar,23.080276,72.660384,OSM
Infocity Flyover,Road,Gandhinagar,23.197237,72.63117,OSM
Infocity Flyover,Road,Gandhinagar,23.196691,72.62409,OSM
Infocity Flyover,Road,Gandhinagar,23.197349,72.631368,OSM
Gandhinagar Bypass Road,Road,Gandhinagar,23.185813,72.638039,OSM
GIFT City Road,Road,Gandhinagar,23.164458,72.67896,OSM
GIFT City Road,Road,Gandhinagar,23.165354,72.675677,OSM
GIFT City Road,Road,Gandhinagar,23.163288,72.684024,OSM
GIFT City Road,Road,Gandhinagar,23.163422,72.683839,OSM
Service Road,Road,Gandhinagar,23.160057,72.63618,OSM
Gandhinagar Bypass Road,Road,Gandhinagar,23.186607,72.617977,OSM
Koba - Gandhinagar Highway,Road,Gandhinagar,23.177628,72.637554,OSM
Service Road,Road,Gandhinagar,23.196168,72.63838,OSM
Sardar Patel Ring Road,Road,Gandhinagar,23.115236,72.642829,OSM
Sardar Patel Ring Road,Road,Gandhinagar,23.113052,72.668041,OSM
Sardar Patel Ring Road,Road,Gandhinagar,23.113163,72.668082,OSM
Sardar Patel Ring Road Flyover,Road,Gandhinagar,23.09325,72.686815,OSM
Sardar Patel Ring Road Flyover,Road,Gandhinagar,23.093228,72.686972,OSM
Sardar Patel Ring Road,Road,Gandhinagar,23.086897,72.687096,OSM
Sardar Patel Ring Road,Road,Gandhinagar,23.087294,72.687473,OSM
Infocity Flyover,Road,Gandhinagar,23.196237,72.638726,OSM
Satguru Swami Teoonramji Maharaj Flyover,Road,Gandhinagar,23.088549,72.661308,OSM
Satguru Swami Teoonramji Maharaj Flyover,Road,Gandhinagar,23.090208,72.661399,OSM
Satguru Swami Teoonramji Maharaj Flyover,Road,Gandhinagar,23.087172,72.660648,OSM
Satguru Swami Teoonramji Maharaj Flyover,Road,Gandhinagar,23.088092,72.661161,OSM
Satguru Swami Teoonramji Maharaj Flyover,Road,Gandhinagar,23.085051,72.658941,OSM
Satguru Swami Teoonramji Maharaj Flyover,Road,Gandhinagar,23.092148,72.663023,OSM
Airport Road,Road,Gandhinagar,23.085889,72.628826,OSM
Airport Road,Road,Gandhinagar,23.085809,72.628969,OSM
Raksha Shakti Flyover,Road,Gandhinagar,23.187431,72.638655,OSM
Raksha Shakti Flyover,Road,Gandhinagar,23.187807,72.638833,OSM
Raksha Shakti Flyover,Road,Gandhinagar,23.183675,72.638249,OSM
Raksha Shakti Flyover,Road,Gandhinagar,23.18427,72.638418,OSM
Raksha Shakti Flyover,Road,Gandhinagar,23.189789,72.638914,OSM
Raksha Shakti Flyover,Road,Gandhinagar,23.190124,72.639109,OSM
Raksha Shakti Flyover,Road,Gandhinagar,23.181124,72.637944,OSM
Raksha Shakti Flyover,Road,Gandhinagar,23.181213,72.63809,OSM
Sardar Patel Ring Road,Road,Gandhinagar,23.117823,72.625687,OSM
Sardar Patel Ring Road,Road,Gandhinagar,23.11522,72.656678,OSM
GIFT City Road,Road,Gandhinagar,23.151522,72.684325,OSM
Naroda-Dehgam Road,Road,Gandhinagar,23.082766,72.675007,OSM
Satguru Swami Teoonramji Maharaj Flyover,Road,Gandhinagar,23.091822,72.662604,OSM
Satguru Swami Teoonramji Maharaj Flyover,Road,Gandhinagar,23.085263,72.65925,OSM
Sardar Patel Ring Road,Road,Gandhinagar,23.093408,72.686939,OSM
Sardar Patel Ring Road,Road,Gandhinagar,23.093398,72.686789,OSM
Sardar Patel Ring Road Flyover,Road,Gandhinagar,23.085432,72.68744,OSM
Sardar Patel Ring Road Flyover,Road,Gandhinagar,23.085032,72.687348,OSM
Sardar Patel Ring Road Flyover,Road,Gandhinagar,23.100815,72.685354,OSM
Sardar Patel Ring Road Flyover,Road,Gandhinagar,23.102843,72.684712,OSM
Sardar Patel Ring Road,Road,Gandhinagar,23.110789,72.674099,OSM
Sardar Patel Ring Road,Road,Gandhinagar,23.110434,72.675698,OSM
Sardar Patel Ring Road Flyover,Road,Gandhinagar,23.110174,72.676465,OSM
Sardar Patel Ring Road Flyover,Road,Gandhinagar,23.109849,72.676967,OSM
Infocity Flyover,Road,Gandhinagar,23.196762,72.624954,OSM
Infocity Flyover,Road,Gandhinagar,23.196425,72.62372,OSM
Infocity Flyover,Road,Gandhinagar,23.196979,72.625389,OSM
Infocity Flyover,Road,Gandhinagar,23.196194,72.6392,OSM
Infocity Flyover,Road,Gandhinagar,23.196429,72.636955,OSM
Infocity Flyover,Road,Gandhinagar,23.196168,72.63838,OSM
Galaxy Cinema Under pass,Road,Gandhinagar,23.081276,72.651144,OSM
Galaxy Cinema Under pass,Road,Gandhinagar,23.081588,72.650969,OSM
Airport Road,Road,Gandhinagar,23.082597,72.618097,OSM
GIFT City Road,Road,Gandhinagar,23.164672,72.675098,OSM
GIFT City Road,Road,Gandhinagar,23.164735,72.675434,OSM
GIFT City Road,Road,Gandhinagar,23.164537,72.678986,OSM
GIFT City Road,Road,Gandhinagar,23.164753,72.674486,OSM
GIFT City Road,Road,Gandhinagar,23.165244,72.679469,OSM
GIFT City Road,Road,Gandhinagar,23.165365,72.679594,OSM
Sardar Patel Ring Road,Road,Gandhinagar,23.090495,72.686963,OSM
Gandhinagar-Ahmedabad Highway,Road,Gandhinagar,23.111113,72.630825,OSM
Gandhinagar-Ahmedabad Highway,Road,Gandhinagar,23.104985,72.630211,OSM
Sardar Patel Ring Road,Road,Gandhinagar,23.117701,72.625704,OSM
Road Number 1,Road,Gandhinagar,23.205209,72.620998,OSM
KH Road,Road,Gandhinagar,23.199873,72.614054,OSM
KH Road,Road,Gandhinagar,23.206787,72.616975,OSM
KH Road,Road,Gandhinagar,23.215406,72.622352,OSM
Road 3,Road,Gandhinagar,23.227424,72.621154,OSM
Ka Road,Road,Gandhinagar,23.235893,72.626114,OSM
KH Road,Road,Gandhinagar,23.215279,72.622176,OSM
KH Road,Road,Gandhinagar,23.207013,72.617024,OSM
Road Number 1,Road,Gandhinagar,23.205489,72.620327,OSM
Mansa-Gandhinagar road,Road,Gandhinagar,23.251507,72.545299,OSM
KH Road,Road,Gandhinagar,23.199948,72.61397,OSM
Ka Road,Road,Gandhinagar,23.235112,72.625509,OSM
Mansa-Gandhinagar road,Road,Gandhinagar,23.236683,72.575685,OSM
Mansa-Gandhinagar road,Road,Gandhinagar,23.23742,72.590685,OSM
CH Road,Road,Gandhinagar,23.241912,72.666396,OSM
Road 7,Road,Gandhinagar,23.257063,72.647877,OSM
Road 6,Road,Gandhinagar,23.233185,72.673093,OSM
GH Road,Road,Gandhinagar,23.203024,72.63262,OSM
Road 5,Road,Gandhinagar,23.234902,72.64837,OSM
Road 7,Road,Gandhinagar,23.259218,72.643658,OSM
Road 7,Road,Gandhinagar,23.259289,72.643705,OSM
CHH Road,Road,Gandhinagar,23.210527,72.65596,OSM
Road 3,Road,Gandhinagar,23.21469,72.644254,OSM
G Road,Road,Gandhinagar,23.200096,72.623907,OSM
GEB Colony Road,Road,Gandhinagar,23.257202,72.659195,OSM
Road 2,Road,Gandhinagar,23.201986,72.647693,OSM
Road 4,Road,Gandhinagar,23.22814,72.634755,OSM
CH Road,Road,Gandhinagar,23.200313,72.640554,OSM
CHH Road,Road,Gandhinagar,23.218299,72.660855,OSM
CHH Road,Road,Gandhinagar,23.223389,72.664054,OSM
Road 5,Road,Gandhinagar,23.223919,72.668599,OSM
Road 7,Road,Gandhinagar,23.245825,72.668699,OSM
GH Road,Road,Gandhinagar,23.245732,72.659414,OSM
Road 7,Road,Gandhinagar,23.245909,72.668749,OSM
Road 7,Road,Gandhinagar,23.253176,72.654944,OSM
Gh-7 Circle,Road,Gandhinagar,23.249489,72.661753,OSM
GH Road,Road,Gandhinagar,23.218884,72.642478,OSM
Road 3,Road,Gandhinagar,23.218314,72.637371,OSM
Road 2,Road,Gandhinagar,23.210022,72.632583,OSM
GH-3 Circle,Road,Gandhinagar,23.216594,72.640891,OSM
Road 3,Road,Gandhinagar,23.216631,72.640591,OSM
GH Road,Road,Gandhinagar,23.212471,72.638618,OSM
Gh-2 Circle,Road,Gandhinagar,23.208446,72.635899,OSM
Mansa - Gandhinagar Highway,Road,Gandhinagar,23.267978,72.64277,OSM
KH Road,Road,Gandhinagar,23.252647,72.645656,OSM
Road Number 1,Road,Gandhinagar,23.205209,72.620998,OSM
KH Road,Road,Gandhinagar,23.215406,72.622352,OSM
Road 3,Road,Gandhinagar,23.227424,72.621154,OSM
GH Road,Road,Gandhinagar,23.230709,72.649841,OSM
GH Road,Road,Gandhinagar,23.21885,72.642577,OSM
GH Road Underpass,Road,Gandhinagar,23.221665,72.6442,OSM
Road 5,Road,Gandhinagar,23.238823,72.640957,OSM
G Road,Road,Gandhinagar,23.240876,72.647221,OSM
GH Road,Road,Gandhinagar,23.237205,72.654094,OSM
GH-6 Circle,Road,Gandhinagar,23.241588,72.65659,OSM
GH Road,Road,Gandhinagar,23.245793,72.659286,OSM
Road 6,Road,Gandhinagar,23.243344,72.652929,OSM
CHH Road,Road,Gandhinagar,23.230446,72.668489,OSM
Road 6,Road,Gandhinagar,23.235922,72.66682,OSM
Road 3,Road,Gandhinagar,23.206096,72.656873,OSM
CH Road,Road,Gandhinagar,23.237695,72.663612,OSM
CH Road,Road,Gandhinagar,23.212427,72.648042,OSM
CH Road,Road,Gandhinagar,23.21694,72.650548,OSM
CH Road,Road,Gandhinagar,23.220699,72.653156,OSM
CH Road,Road,Gandhinagar,23.208494,72.645525,OSM
CH Road,Road,Gandhinagar,23.231167,72.659473,OSM
CH Road,Road,Gandhinagar,23.242003,72.666239,OSM
CH Road,Road,Gandhinagar,23.236233,72.662845,OSM
Road 3,Road,Gandhinagar,23.214626,72.644226,OSM
Road 5,Road,Gandhinagar,23.231187,72.655032,OSM
Road 5,Road,Gandhinagar,23.227545,72.662076,OSM
Road 6,Road,Gandhinagar,23.239477,72.660009,OSM
Road 2,Road,Gandhinagar,23.213745,72.625568,OSM
G Road,Road,Gandhinagar,23.22523,72.637435,OSM
G Road,Road,Gandhinagar,23.207637,72.626493,OSM
KH Road,Road,Gandhinagar,23.232186,72.632397,OSM
Road 7,Road,Gandhinagar,23.253255,72.654989,OSM
Road 7,Road,Gandhinagar,23.257237,72.647345,OSM
Road 6,Road,Gandhinagar,23.249336,72.641717,OSM
G Road,Road,Gandhinagar,23.248538,72.652032,OSM
Road 6,Road,Gandhinagar,23.246846,72.646357,OSM
GH Road,Road,Gandhinagar,23.230349,72.649764,OSM
GH Road,Road,Gandhinagar,23.237307,72.653963,OSM
GH-5 Circle,Road,Gandhinagar,23.233005,72.651478,OSM
Road 5,Road,Gandhinagar,23.2313,72.655104,OSM
Road Number 1,Road,Gandhinagar,23.202774,72.628185,OSM
G Road,Road,Gandhinagar,23.200629,72.62383,OSM
Ka Road,Road,Gandhinagar,23.235893,72.626114,OSM
Mansa Road,Road,Gandhinagar,23.311936,72.639106,OSM
KH Road,Road,Gandhinagar,23.215279,72.622176,OSM
Road Number 1,Road,Gandhinagar,23.205489,72.620327,OSM
G Road,Road,Gandhinagar,23.207678,72.626421,OSM
Road Number 1,Road,Gandhinagar,23.202733,72.627958,OSM
Road 2,Road,Gandhinagar,23.213698,72.625538,OSM
GH Road,Road,Gandhinagar,23.212513,72.638518,OSM
GH Road,Road,Gandhinagar,23.20311,72.632817,OSM
Road 2,Road,Gandhinagar,23.206416,72.639272,OSM
CH Road,Road,Gandhinagar,23.208556,72.645401,OSM
CH Road,Road,Gandhinagar,23.200458,72.640778,OSM
Road 2,Road,Gandhinagar,23.209955,72.63254,OSM
Road 2,Road,Gandhinagar,23.206472,72.639317,OSM
Road 2,Road,Gandhinagar,23.201942,72.647664,OSM
Road 3,Road,Gandhinagar,23.210993,72.651076,OSM
Road 3,Road,Gandhinagar,23.206343,72.656601,OSM
Road 3,Road,Gandhinagar,23.210928,72.651037,OSM
CH Road,Road,Gandhinagar,23.225134,72.655706,OSM
CHH Road,Road,Gandhinagar,23.223662,72.664058,OSM
CHH Road,Road,Gandhinagar,23.2257,72.665312,OSM
Road 5,Road,Gandhinagar,23.224032,72.668679,OSM
Road 6,Road,Gandhinagar,23.235846,72.666769,OSM
Road 6,Road,Gandhinagar,23.233194,72.673278,OSM
Road 3,Road,Gandhinagar,23.218264,72.637339,OSM
Road 3,Road,Gandhinagar,23.22479,72.625315,OSM
Road 3,Road,Gandhinagar,23.222017,72.630496,OSM
G Road,Road,Gandhinagar,23.225273,72.637366,OSM
Road 3,Road,Gandhinagar,23.224857,72.625354,OSM
Road 3,Road,Gandhinagar,23.221786,72.630773,OSM
G Road,Road,Gandhinagar,23.216062,72.63162,OSM
G Road,Road,Gandhinagar,23.216018,72.631704,OSM
G Road,Road,Gandhinagar,23.240918,72.64714,OSM
KH Road,Road,Gandhinagar,23.244303,72.640435,OSM
KH Road,Road,Gandhinagar,23.23217,72.632515,OSM
Road 5,Road,Gandhinagar,23.238543,72.641322,OSM
Road 6,Road,Gandhinagar,23.250306,72.63983,OSM
KH Road,Road,Gandhinagar,23.244351,72.640351,OSM
Road 5,Road,Gandhinagar,23.243878,72.631475,OSM
Road 5,Road,Gandhinagar,23.23481,72.648308,OSM
Road 6,Road,Gandhinagar,23.24328,72.65289,OSM
Road 6,Road,Gandhinagar,23.246786,72.646321,OSM
Road 6,Road,Gandhinagar,23.251517,72.637614,OSM
Road 6,Road,Gandhinagar,23.249258,72.64169,OSM
G Road,Road,Gandhinagar,23.249528,72.652533,OSM
KH Road,Road,Gandhinagar,23.252298,72.645325,OSM
Road 6,Road,Gandhinagar,23.239562,72.660068,OSM
Road 5,Road,Gandhinagar,23.242361,72.634217,OSM
Road 5,Road,Gandhinagar,23.241133,72.636472,OSM
Road 6,Road,Gandhinagar,23.251465,72.637583,OSM
GH Road Underpass,Road,Gandhinagar,23.22488,72.64635,OSM
Road 4,Road,Gandhinagar,23.228081,72.634706,OSM
Mansa - Gandhinagar Highway,Road,Gandhinagar,23.26806,72.642684,OSM
Mansa Road,Road,Gandhinagar,23.300119,72.641676,OSM
Mansa Road,Road,Gandhinagar,23.294467,72.645309,OSM
Ka Road,Road,Gandhinagar,23.235112,72.625509,OSM
Road 5,Road,Gandhinagar,23.241192,72.636509,OSM
Road 5,Road,Gandhinagar,23.242198,72.634575,OSM
GEB Colony Road,Road,Gandhinagar,23.254825,72.673967,OSM
GEB Colony Road,Road,Gandhinagar,23.248834,72.677978,OSM
GEB Colony Road,Road,Gandhinagar,23.245641,72.679002,OSM
GEB Colony Road,Road,Gandhinagar,23.244173,72.678324,OSM
GEB Colony Road,Road,Gandhinagar,23.24409,72.678183,OSM
GEB Colony Road,Road,Gandhinagar,23.248498,72.678173,OSM
GEB Colony Road,Road,Gandhinagar,23.253217,72.676952,OSM
GEB Colony Road,Road,Gandhinagar,23.257139,72.648392,OSM
Station Road,Road,Gandhinagar,23.232671,72.625982,OSM
Station Road,Road,Gandhinagar,23.231926,72.627349,OSM
Station Road,Road,Gandhinagar,23.231226,72.62943,OSM
Ka Road,Road,Gandhinagar,23.256515,72.638828,OSM
Ka Road,Road,Gandhinagar,23.256714,72.639063,OSM
Ka Road,Road,Gandhinagar,23.248695,72.633963,OSM
Ka Road,Road,Gandhinagar,23.247388,72.633229,OSM
CHH Road,Road,Gandhinagar,23.213688,72.657955,OSM
CHH Road,Road,Gandhinagar,23.214252,72.658305,OSM
G Road,Road,Gandhinagar,23.224142,72.636762,OSM
G Road,Road,Gandhinagar,23.221702,72.635131,OSM
G Road,Road,Gandhinagar,23.234661,72.643228,OSM
G Road,Road,Gandhinagar,23.234618,72.643304,OSM
GH Road Underpass,Road,Gandhinagar,23.221549,72.644231,OSM
GH Road Underpass,Road,Gandhinagar,23.221665,72.6442,OSM
GH Road Underpass,Road,Gandhinagar,23.228249,72.648351,OSM
GH Road Underpass,Road,Gandhinagar,23.228403,72.64855,OSM
CH Road,Road,Gandhinagar,23.232999,72.660623,OSM
CH Road,Road,Gandhinagar,23.229664,72.658741,OSM
CHH Road,Road,Gandhinagar,23.225767,72.665358,OSM
Road 5,Road,Gandhinagar,23.227537,72.661888,OSM
Road 3,Road,Gandhinagar,23.225454,72.624124,OSM
CH Road,Road,Gandhinagar,23.233554,72.660967,OSM
CH Road,Road,Gandhinagar,23.232923,72.660772,OSM
GH-3 Circle,Road,Gandhinagar,23.216199,72.641086,OSM
Exhibition & Spatial Design,School,Ahmedabad,23.011375,72.569973,OSM
Prabhudas Thakkar College,School,Ahmedabad,23.003349,72.566924,OSM
Navchetan School,School,Ahmedabad,23.015245,72.563078,OSM
Divan Ballubhai School,School,Ahmedabad,23.012276,72.568698,OSM
Anand Niketan School Sarkhej,School,Ahmedabad,22.989237,72.482389,OSM
National Institute of Design (NID),School,Ahmedabad,23.010009,72.570585,OSM
Gujarat College,School,Ahmedabad,23.02307,72.563066,OSM
Smt. N.H.L. Municipal Medical College,School,Ahmedabad,23.018977,72.571332,OSM
Municipal School,School,Ahmedabad,23.015894,72.559167,OSM
Shreyas Foundation School,School,Ahmedabad,23.013679,72.540299,OSM
Balghar,School,Ahmedabad,23.024986,72.57141,OSM
Amrut Jyoti School,School,Ahmedabad,23.018961,72.565357,OSM
Shardamandir School,School,Ahmedabad,23.012869,72.549419,OSM
Sheth Chimanlal Nagindas Vidyavihar,School,Ahmedabad,23.020063,72.549284,OSM
Anand Niketan,School,Ahmedabad,23.021312,72.507473,OSM
Cosmos Castle International School,School,Ahmedabad,23.005645,72.494376,OSM
Brighton Primary English School,School,Ahmedabad,22.979933,72.572778,OSM
Narayana Business School,School,Ahmedabad,22.966418,72.47769,OSM
AMC MET Medical College,School,Ahmedabad,22.998643,72.604657,OSM
Jivkorbhai Lallubhai High School,School,Ahmedabad,22.99878,72.602649,OSM
KK Shah Jarodwala Science College,School,Ahmedabad,22.998722,72.603029,OSM
"F D High School for Girls, Jamalpur",School,Ahmedabad,23.011986,72.583173,OSM
VIVEKANAND VIDYALAYA,School,Ahmedabad,23.009499,72.636281,OSM
AMC MET Medical College,School,Ahmedabad,22.998059,72.604064,OSM
Divan Ballubhai Madhyamik Shala,School,Ahmedabad,23.010822,72.599882,OSM
"St. Xavier's High School, Loyola Hall",School,Ahmedabad,23.047875,72.549084,OSM
Mt. Carmel School,School,Ahmedabad,23.035119,72.568061,OSM
Navrang School,School,Ahmedabad,23.04836,72.556364,OSM
"DPS - Delhi Public School, Bopal",School,Ahmedabad,23.041957,72.457505,OSM
A. G. Teachers High School,School,Ahmedabad,23.040366,72.548485,OSM
St. Xavier's College,School,Ahmedabad,23.032905,72.551704,OSM
SLIMS - Som Lalit Institute of Management Studies,School,Ahmedabad,23.033703,72.553799,OSM
Kendriya Vidyalaya SAC,School,Ahmedabad,23.037069,72.533733,OSM
Sahajanand College,School,Ahmedabad,23.025829,72.543097,OSM
Karmachari Shiksan Tirth,School,Ahmedabad,23.064931,72.54158,OSM
M B Patel Gyanjyot High School,School,Ahmedabad,23.0703,72.546053,OSM
Gyanda Girls High School,School,Ahmedabad,23.072279,72.547979,OSM
Nutan Vidya Vihar,School,Ahmedabad,23.068155,72.542877,OSM
RC TECHNICAL INSTITUTE,School,Ahmedabad,23.083048,72.530724,OSM
SN Collage,School,Ahmedabad,23.028354,72.514885,OSM
SN School,School,Ahmedabad,23.028167,72.514922,OSM
Gujrat Vidhyapeeth,School,Ahmedabad,23.044185,72.569295,OSM
Satva Vikas School,School,Ahmedabad,23.041576,72.495914,OSM
Amrita Vidyalayam,School,Ahmedabad,23.067583,72.537124,OSM
Kameshwar School,School,Ahmedabad,23.028217,72.527132,OSM
Government Polytechnic,School,Ahmedabad,23.026577,72.547506,OSM
Alpha College of Engineering,School,Ahmedabad,23.143764,72.440667,OSM
Nalanda School,School,Ahmedabad,23.071811,72.539258,OSM
Amrut Mody institute of Management,School,Ahmedabad,23.034657,72.537183,OSM
LD College of Arts,School,Ahmedabad,23.03467,72.538043,OSM
"Department of Animation, IT, IMS and Mobile Application",School,Ahmedabad,23.038622,72.545357,OSM
H3 World School,School,Ahmedabad,23.127382,72.562771,OSM
SAL University,School,Ahmedabad,23.083556,72.494649,OSM
Ahmedabad International School,School,Ahmedabad,23.03415,72.512867,OSM
St Josheph School,School,Ahmedabad,23.1036,72.569563,OSM
"St. Xavier's School, Loyola Hall, Navrangpura",School,Ahmedabad,23.048692,72.548062,OSM
CEPT University,School,Ahmedabad,23.036975,72.549492,OSM
J.G. International School,School,Ahmedabad,23.065314,72.526378,OSM
HL Institute of Computer Applications and AES Institute of Computer Studies,School,Ahmedabad,23.039461,72.55319,OSM
Knowlegde Consortium of Gujarat,School,Ahmedabad,23.03208,72.543159,OSM
LD college of Engineering,School,Ahmedabad,23.032156,72.54417,OSM
Gujarat Law Society Grounds,School,Ahmedabad,23.026421,72.559677,OSM
HL Institute of Business Administration,School,Ahmedabad,23.037001,72.555839,OSM
"Anand Niketan School, Shilaj",School,Ahmedabad,23.050443,72.482328,OSM
St. Xavier's College,School,Ahmedabad,23.031284,72.552814,OSM
HL College of Commerce,School,Ahmedabad,23.037012,72.555187,OSM
BV Patel Pharmaceutical Education and Research Development,School,Ahmedabad,23.06006,72.521882,OSM
Udgam School for Children,School,Ahmedabad,23.050606,72.519431,OSM
Balghar,School,Ahmedabad,23.024986,72.57141,OSM
Ahmedabad University,School,Ahmedabad,23.036425,72.553518,OSM
Gujarat University,School,Ahmedabad,23.035402,72.544247,OSM
Gujarat University,School,Ahmedabad,23.040067,72.547978,OSM
Shree Swaminarayan Gurukul Vishwavidya Pratishthanam - SGVP,School,Ahmedabad,23.044875,72.533504,OSM
Ahmedabad Management Association,School,Ahmedabad,23.029918,72.542164,OSM
Zebar School,School,Ahmedabad,23.04856,72.494364,OSM
Nirma Vidyavihar,School,Ahmedabad,23.042691,72.516577,OSM
Sardar Patel Institute of Public Administration,School,Ahmedabad,23.030365,72.522689,OSM
R J Tibrewal Commerce College,School,Ahmedabad,23.034202,72.530888,OSM
Sardar Patel Institute of Economic & Social Research,School,Ahmedabad,23.047071,72.52038,OSM
Gujrat Vidhyapeeth,School,Ahmedabad,23.043816,72.569134,OSM
Nirma Vidhya Vihar,School,Ahmedabad,23.125455,72.547356,OSM
NIRMA University,School,Ahmedabad,23.130582,72.545239,OSM
"Physical Research Laboratory, Thaltej Campus",School,Ahmedabad,23.043603,72.495139,OSM
Nalanda School,School,Ahmedabad,23.072102,72.539636,OSM
Ahmedabad Textile Industry's Research Association,School,Ahmedabad,23.032429,72.542691,OSM
Ahmedabad Dental College & Hospital,School,Ahmedabad,23.0969,72.452939,OSM
"Mount Carmel School, Khanpur",School,Ahmedabad,23.032929,72.57663,OSM
"Government Dental College ,Ahemedabad",School,Ahmedabad,23.049725,72.604317,OSM
"BJ Medical College ,Haripura -Asarwa",School,Ahmedabad,23.052447,72.602771,OSM
GCS Medical college,School,Ahmedabad,23.038409,72.611136,OSM
SSIT (shree Swaminarayan institute of technology),School,Ahmedabad,23.114992,72.630137,OSM
The OLD LITTLE FLOWER SCHOOL,School,Ahmedabad,23.10269,72.577593,OSM
Kendriya Vidyala Sabarmati,School,Ahmedabad,23.100653,72.581507,OSM
The NEW LITTLE FLOWER SCHOOL,School,Ahmedabad,23.104319,72.578183,OSM
Sakar English School,School,Ahmedabad,23.108889,72.591837,OSM
Podar International School,School,Ahmedabad,23.109788,72.590667,OSM
"Vishwakarma Government Engineering College, Chandkheda",School,Ahmedabad,23.104429,72.594307,OSM
IP School,School,Ahmedabad,23.105789,72.575976,OSM
Shahibaug Municipal Saraswati Mandir School,School,Ahmedabad,23.051137,72.586587,OSM
"Kendriya Vidyalaya, Shahibaug",School,Ahmedabad,23.051677,72.588321,OSM
Municipality School,School,Ahmedabad,23.081148,72.592609,OSM
Gujarat National Law University,School,Ahmedabad,23.152054,72.658556,OSM
"Institute For Plasma Research ,IPR,Bhat",School,Ahmedabad,23.098609,72.625759,OSM
"Gujarat Police Academy, Karai",School,Ahmedabad,23.1328,72.652254,OSM
Tapovan Sanskar Peeth,School,Ahmedabad,23.125546,72.614397,OSM
Anand Niketan Sughad,School,Ahmedabad,23.121842,72.638185,OSM
Kendriya Vidyalaya Sabarmati,School,Ahmedabad,23.100588,72.581402,OSM
Assembly Area,School,Ahmedabad,23.101083,72.582286,OSM
Amba School for Excellence,School,Gandhinagar,23.188924,72.577756,OSM
RC TECHNICAL INSTITUTE,School,Gandhinagar,23.083048,72.530724,OSM
The OLD LITTLE FLOWER SCHOOL,School,Gandhinagar,23.10269,72.577593,OSM
Kendriya Vidyala Sabarmati,School,Gandhinagar,23.100653,72.581507,OSM
The NEW LITTLE FLOWER SCHOOL,School,Gandhinagar,23.104319,72.578183,OSM
Sakar English School,School,Gandhinagar,23.108889,72.591837,OSM
Podar International School,School,Gandhinagar,23.109788,72.590667,OSM
H3 World School,School,Gandhinagar,23.127382,72.562771,OSM
"Vishwakarma Government Engineering College, Chandkheda",School,Gandhinagar,23.104429,72.594307,OSM
St Josheph School,School,Gandhinagar,23.1036,72.569563,OSM
IP School,School,Gandhinagar,23.105789,72.575976,OSM
Municipality School,School,Gandhinagar,23.081148,72.592609,OSM
Nirma Vidhya Vihar,School,Gandhinagar,23.125455,72.547356,OSM
NIRMA University,School,Gandhinagar,23.130582,72.545239,OSM
Tapovan Sanskar Peeth,School,Gandhinagar,23.125546,72.614397,OSM
Karnavati University,School,Gandhinagar,23.201953,72.58317,OSM
Kendriya Vidyalaya Sabarmati,School,Gandhinagar,23.100588,72.581402,OSM
Assembly Area,School,Gandhinagar,23.101083,72.582286,OSM
Swarrnim International School,School,Gandhinagar,23.177491,72.58433,OSM
SSIT (shree Swaminarayan institute of technology),School,Gandhinagar,23.114992,72.630137,OSM
Adarsh Prathamik Shala (Elementary school),School,Gandhinagar,23.182879,72.661921,OSM
"Institute of Advanced Research,  Gandhinagar",School,Gandhinagar,23.148691,72.669783,OSM
National Institute of Design - NID Gandhinagar,School,Gandhinagar,23.18732,72.632881,OSM
Gujarat National Law University,School,Gandhinagar,23.152054,72.658556,OSM
Pandit Deendayal Energy University,School,Gandhinagar,23.154625,72.664532,OSM
NIFT,School,Gandhinagar,23.190795,72.628823,OSM
Dhirubhai Ambani Institute of Information and Communication Technology,School,Gandhinagar,23.188572,72.629668,OSM
"Institute For Plasma Research ,IPR,Bhat",School,Gandhinagar,23.098609,72.625759,OSM
"Gujarat Police Academy, Karai",School,Gandhinagar,23.1328,72.652254,OSM
Anand Niketan Sughad,School,Gandhinagar,23.121842,72.638185,OSM
School of Achiever,School,Gandhinagar,23.170555,72.627774,OSM
SBG room,School,Gandhinagar,23.188521,72.626997,OSM
Karnavati University,School,Gandhinagar,23.201953,72.58317,OSM
Karnavati University North Extension,School,Gandhinagar,23.206298,72.582,OSM
Choudri College,School,Gandhinagar,23.212293,72.643273,OSM
IIT Gandhinagar,School,Gandhinagar,23.212759,72.684777,OSM
Central University of Gujarat,School,Gandhinagar,23.245181,72.661984,OSM
Goverment Commerce College,School,Gandhinagar,23.232257,72.638691,OSM
ITI college,School,Gandhinagar,23.235914,72.643684,OSM
Technology and Research,School,Gandhinagar,23.23848,72.638894,OSM
Hillwoods School,School,Gandhinagar,23.245135,72.634057,OSM
Academic Block,School,Gandhinagar,23.215175,72.685948,OSM
Govt. Primery School,School,Gandhinagar,23.246419,72.645297,OSM
St. Xavier's High School,School,Gandhinagar,23.210805,72.648638,OSM
Swarnim Gujarat Sports University,School,Gandhinagar,23.232095,72.638426,OSM
National Forensic Sciences University,School,Gandhinagar,23.209563,72.661546,OSM
Jivraj Mehta Hospital,Health,Ahmedabad,23.008582,72.54325,OSM
Paldi Bus Stand,Health,Ahmedabad,23.014028,72.564599,OSM
"Medilink Hospital, Ahmedabad",Health,Ahmedabad,23.017391,72.53044,OSM
Medilink Medical Store,Health,Ahmedabad,23.017212,72.530388,OSM
Ahmedabad Institute Of Medical Services (Aims),Health,Ahmedabad,23.003322,72.563952,OSM
Shushtrut Hospital,Health,Ahmedabad,23.009005,72.56227,OSM
Planet Women Fertility and Counseling,Health,Ahmedabad,23.024931,72.543408,OSM
Ortho Kids Clinic,Health,Ahmedabad,23.018609,72.52979,OSM
Arihant Fracture and Orthopedic Hospital,Health,Ahmedabad,23.013309,72.545561,OSM
"Sankalp Eye Hospital, Ahmedabad",Health,Ahmedabad,23.005292,72.53724,OSM
Shaishav Children Hospital And Neonatal Care Unit,Health,Ahmedabad,23.003435,72.518752,OSM
Bavishi Hospital,Health,Ahmedabad,23.013348,72.56411,OSM
Shanti Multi Speciality Hospital,Health,Ahmedabad,23.024174,72.529531,OSM
Rathi Hospital,Health,Ahmedabad,23.0228,72.5261,OSM
Aarna Super Speciality Hospital,Health,Ahmedabad,23.014477,72.559718,OSM
"Shalin Hospital, Ahmedabad",Health,Ahmedabad,23.013038,72.545699,OSM
Talsania Clinic,Health,Ahmedabad,23.017847,72.558295,OSM
Saumya Children Hospital and Neonatal Care Center,Health,Ahmedabad,23.021787,72.542068,OSM
Niyati Ent Hospital,Health,Ahmedabad,23.020119,72.561516,OSM
Sneh Orthopaedic Hospital,Health,Ahmedabad,23.002429,72.554231,OSM
Naresh Hospital,Health,Ahmedabad,23.003417,72.518633,OSM
Gynaecare Women's Hospital,Health,Ahmedabad,23.013438,72.526519,OSM
Navkar Ear Nose Throat Hospital,Health,Ahmedabad,23.008396,72.561315,OSM
Parimal Multispeciality Hospital,Health,Ahmedabad,23.017267,72.557703,OSM
Het Eye Care,Health,Ahmedabad,23.008555,72.562507,OSM
Sheth Hospital and Maternity Home,Health,Ahmedabad,23.002311,72.554928,OSM
Mangeet Medical Nursing Home and Heart Care,Health,Ahmedabad,23.018749,72.554221,OSM
Shridhaj Orthopaedic Hospital,Health,Ahmedabad,23.005771,72.533059,OSM
Lekhadia Hospital,Health,Ahmedabad,23.004215,72.555762,OSM
Amijyot Eye Hospital,Health,Ahmedabad,23.007419,72.558972,OSM
Ratnam Eye Hospital,Health,Ahmedabad,23.00829,72.559509,OSM
Gandhi Uro Care,Health,Ahmedabad,23.016528,72.566335,OSM
Sannidhya Hospital,Health,Ahmedabad,23.018302,72.562601,OSM
Tulip Women's Hospital,Health,Ahmedabad,23.020171,72.518947,OSM
Matulya ENT Clinic,Health,Ahmedabad,23.020045,72.529819,OSM
Jyoti Maternity Hospital,Health,Ahmedabad,23.022188,72.538524,OSM
Jyoti Eye Hospital- Phaco Laser Centre,Health,Ahmedabad,23.012184,72.558998,OSM
Dr Ajay Praful Munshi Surgical Nursing Home,Health,Ahmedabad,23.001224,72.560187,OSM
Bhavasar Eye Hospital and Maternity Nursing Home,Health,Ahmedabad,23.008651,72.54852,OSM
Kirenben Maternity And Nursing Home,Health,Ahmedabad,23.02251,72.511785,OSM
Sanket Children Hospial,Health,Ahmedabad,23.007381,72.558906,OSM
Urva Children Hospital and Neonatal Care,Health,Ahmedabad,23.013382,72.526473,OSM
"Sarthak Orthopaedic Hospital, Parimal Crosssing",Health,Ahmedabad,23.019441,72.558617,OSM
Sarvamangal Women Hospital,Health,Ahmedabad,23.013414,72.530409,OSM
"Navkar Children Hospital, Ahmedabad",Health,Ahmedabad,23.016274,72.529815,OSM
Dr Chirag M Desai Eye Care,Health,Ahmedabad,23.008875,72.562326,OSM
Nanavati Maternity Hospital,Health,Ahmedabad,23.003407,72.518924,OSM
Karnavati Hospital Pvt. Ltd.,Health,Ahmedabad,23.021702,72.572517,OSM
"Dev Hospital, Vasna",Health,Ahmedabad,23.006013,72.544785,OSM
Dr Praful Munishi's Nursing Home,Health,Ahmedabad,23.019777,72.565397,OSM
Sparsh Orthopedic Oncology Clinic,Health,Ahmedabad,23.023194,72.569933,OSM
Sannidhya Eye Hospital,Health,Ahmedabad,23.00609,72.555782,OSM
Shyamal Orthopaedic Hospital,Health,Ahmedabad,23.013356,72.526383,OSM
Manish Eye Hospital - Ahmedabad,Health,Ahmedabad,23.002113,72.550557,OSM
"Matoshree Hospital, Ahmedabad",Health,Ahmedabad,23.00068,72.546536,OSM
Sanjivani Maternity,Health,Ahmedabad,23.013068,72.524599,OSM
Dr. Devendra Kanaiyalal Hospital and Nursing Home,Health,Ahmedabad,23.016268,72.568153,OSM
Gheewala Hospital,Health,Ahmedabad,23.015213,72.563816,OSM
Dr.Santosh C.Raibagkar,Health,Ahmedabad,23.019961,72.560457,OSM
Diva Eye Institute Hospital,Health,Ahmedabad,23.01826,72.556889,OSM
Stavan Eye Clinic,Health,Ahmedabad,23.011259,72.564504,OSM
Khush Eye Hospital,Health,Ahmedabad,23.018629,72.558453,OSM
Dr. Umesh D. Buch,Health,Ahmedabad,23.001672,72.547924,OSM
Eye Care Hospital Pvt. Ltd.,Health,Ahmedabad,23.024145,72.549848,OSM
Polio Foundation,Health,Ahmedabad,23.004712,72.53749,OSM
Archit Orthopaedic Hospital,Health,Ahmedabad,23.007098,72.556798,OSM
"Bavishi Eye Hospital, Ahmedabad",Health,Ahmedabad,23.021803,72.541327,OSM
Sarjan Maternity and Nursing Home,Health,Ahmedabad,23.002313,72.548329,OSM
Aash Arthoscopy Centre,Health,Ahmedabad,23.01766,72.560572,OSM
"Shaurya Hospital, Ahmedabad",Health,Ahmedabad,23.010969,72.562629,OSM
Navkar Hospital,Health,Ahmedabad,23.012909,72.545772,OSM
Krishna Shalby Hospital,Health,Ahmedabad,23.023929,72.441471,OSM
"Sagar Hospital, Ahmedabad",Health,Ahmedabad,23.00639,72.533577,OSM
Om Surgical Nursing Home,Health,Ahmedabad,23.017918,72.558257,OSM
Satellite Orthopaedic Hospital And Research Centre Pvt Ltd,Health,Ahmedabad,23.013731,72.525363,OSM
Chirayu Orthopaedic and Spine Hospital,Health,Ahmedabad,23.007044,72.565817,OSM
"Long Life Hospital, Ahmedabad",Health,Ahmedabad,23.013039,72.563785,OSM
"Mamta Children Hospital, Ahmedabad",Health,Ahmedabad,23.023991,72.531369,OSM
Dr.Joshi Maternity And Gynec Hospital,Health,Ahmedabad,23.018864,72.560654,OSM
Dr. Manoj Tank E.N.T. Hospital,Health,Ahmedabad,23.023249,72.571951,OSM
Rushabh Medi-Surge Hospital Pvt Ltd,Health,Ahmedabad,23.012598,72.51782,OSM
Kanchi Orthopaedic Hospital,Health,Ahmedabad,23.010948,72.546568,OSM
Bodyline Hospitals,Health,Ahmedabad,23.009941,72.554567,OSM
Samkit Hospital Icu and Iccu,Health,Ahmedabad,23.005715,72.532901,OSM
Vrundavan Children Hospital,Health,Ahmedabad,23.016969,72.566726,OSM
"Aditya Hospital, Ahmedabad",Health,Ahmedabad,23.004325,72.552075,OSM
Krupanidhi Hospital,Health,Ahmedabad,23.015297,72.563877,OSM
Dr. Rajiv Thakores Hospital,Health,Ahmedabad,23.017662,72.553909,OSM
Jarmarwala Hospital,Health,Ahmedabad,23.019925,72.545877,OSM
Sanghavi Hospital Pvt. Ltd.,Health,Ahmedabad,23.006697,72.556368,OSM
"Parth Surgical Hospital, Ahmedabad",Health,Ahmedabad,23.002996,72.554422,OSM
Sanidhaya Maternity and Nursing Home,Health,Ahmedabad,23.01432,72.530152,OSM
Sahjanand Orthopaedic Hospital,Health,Ahmedabad,23.012629,72.51789,OSM
Sehat Hospital Clinic,Health,Ahmedabad,22.993204,72.525821,OSM
Shree Harikrupa Hospital,Health,Ahmedabad,23.020061,72.561555,OSM
Amardeep Multispeciality Children Hospital,Health,Ahmedabad,23.020207,72.564267,OSM
R. Tolat Eye Clinic,Health,Ahmedabad,23.013736,72.560387,OSM
Shreyas Speciality Hospital,Health,Ahmedabad,23.002323,72.517528,OSM
"Rugveda Practur and Orthopaedic Hospital, Ahmedabad",Health,Ahmedabad,23.002155,72.546721,OSM
"Swastik Surgical Hospital And Dental Clinic, Ahmedabad",Health,Ahmedabad,23.003474,72.518905,OSM
Mahin Lifecare Services Pvt.Ltd,Health,Ahmedabad,22.99316,72.525652,OSM
Ashray Clinic,Health,Ahmedabad,23.007279,72.557379,OSM
Babul E.N.T. Hospital,Health,Ahmedabad,23.024601,72.544957,OSM
Cardio Vascular Clinic - Ahmedabad,Health,Ahmedabad,23.012882,72.52164,OSM
Navkalp Children Hospital,Health,Ahmedabad,23.005981,72.559936,OSM
Dr. Atul H Kansara `S (E.N.T) Hospital,Health,Ahmedabad,23.010174,72.562197,OSM
Aneri Surgical and Neuro Surgical Hospital,Health,Ahmedabad,23.001642,72.548167,OSM
Shree Hari Clinic,Health,Ahmedabad,23.015975,72.513641,OSM
Cure Sight Laser Centre,Health,Ahmedabad,23.020177,72.557914,OSM
Prabhujyot Inst. Of G.I. Endoscopy and Laproscop,Health,Ahmedabad,23.010025,72.546544,OSM
Vatsalya Gynec Hospital,Health,Ahmedabad,23.006695,72.532583,OSM
Peshant House Hospital,Health,Ahmedabad,23.012758,72.567096,OSM
Jagdish Orthopadic Hospital,Health,Ahmedabad,23.020984,72.543645,OSM
Jaliyan Orthopaedic Hospital,Health,Ahmedabad,23.022686,72.569733,OSM
"Shreyas Orthopedic Hospital, Vasna",Health,Ahmedabad,23.002284,72.548234,OSM
Chintan Orthopaedic Hospital,Health,Ahmedabad,23.007242,72.536297,OSM
Dr. Trivedis Arthroscopy Clinic And Hospital,Health,Ahmedabad,23.024953,72.547251,OSM
"Spandan Hospital, Ahmedabad",Health,Ahmedabad,23.003451,72.518919,OSM
"Shree Maternity and Nursing Home, Ahmedabad",Health,Ahmedabad,23.016341,72.529849,OSM
Dr. Sejal Desai Eye Hospital,Health,Ahmedabad,23.001629,72.547945,OSM
Vishwa Ent Hospital,Health,Ahmedabad,23.022034,72.525325,OSM
Navkar Plastic Surgery Hospital,Health,Ahmedabad,23.014419,72.56292,OSM
Gujrat Child Care Hospital,Health,Ahmedabad,23.013659,72.530388,OSM
"Jain Hospital and Icu, Jivraj Park",Health,Ahmedabad,23.005828,72.532932,OSM
Saraiya Plastic Surgery And Burns Hospital,Health,Ahmedabad,23.015271,72.563827,OSM
"Sushrut Hospital, Ahmedabad",Health,Ahmedabad,23.009041,72.562228,OSM
Rushil Cancer And Endocrine Care,Health,Ahmedabad,23.021305,72.543519,OSM
Shyam Urological Hospital,Health,Ahmedabad,23.019345,72.557294,OSM
Gujarat Institute Of Psnchological Sciences Hospit,Health,Ahmedabad,23.01855,72.536278,OSM
Abhisek Maternity and Nursing Home,Health,Ahmedabad,23.015793,72.524338,OSM
Nishant E N T Hospital,Health,Ahmedabad,23.016879,72.566781,OSM
"Siddhivinayak Hospital, Ahmedabad",Health,Ahmedabad,23.017546,72.557695,OSM
Clear Vision Eye Hospital( Unit 1),Health,Ahmedabad,23.003008,72.555146,OSM
Shreeji Maternity and Surgical Nursing Home,Health,Ahmedabad,23.01322,72.518628,OSM
Apollo Pharmacy,Health,Ahmedabad,23.016811,72.470231,OSM
Sannidhya Hospital,Health,Ahmedabad,23.016634,72.469625,OSM
Navkaar Hospital,Health,Ahmedabad,23.016611,72.469558,OSM
Netralaya-The Eye Associates,Health,Ahmedabad,23.019301,72.557246,OSM
Sahyog General Hospital and Nursing Home,Health,Ahmedabad,22.987033,72.473206,OSM
Smt.NHL Municipal Medical College Hospital,Health,Ahmedabad,23.018716,72.571427,OSM
Gujrat Diagnostic Center and Pathology Laboratory,Health,Ahmedabad,23.016489,72.566523,OSM
BSNL Exchange,Health,Ahmedabad,22.999893,72.546824,OSM
Amena Khatun General Hospital,Health,Ahmedabad,22.992811,72.519188,OSM
Life Care Clinic,Health,Ahmedabad,22.98775,72.56735,OSM
Sai Krupa Hospital,Health,Ahmedabad,23.018828,72.5135,OSM
Vismay Child Care Hospital,Health,Ahmedabad,23.019857,72.512076,OSM
Sahyog Hospital,Health,Ahmedabad,22.987475,72.478853,OSM
Navjivan hospital,Health,Ahmedabad,22.985971,72.500866,OSM
Hope Hospital,Health,Ahmedabad,22.985509,72.493561,OSM
Mamata Hospital,Health,Ahmedabad,22.984511,72.49893,OSM
SHREY HOSPITAL,Health,Ahmedabad,22.9836,72.49847,OSM
Mamta Hospital,Health,Ahmedabad,22.980982,72.501192,OSM
Dr. Maulik Patwa,Health,Ahmedabad,23.017291,72.55578,OSM
Rathi Hospital,Health,Ahmedabad,23.022855,72.5261,OSM
Jyoti Maternity Hospital,Health,Ahmedabad,23.02222,72.538511,OSM
Vatsalya Gynec Hospital,Health,Ahmedabad,23.006742,72.53258,OSM
Jivraj Mehta Hospital,Health,Ahmedabad,23.008631,72.543256,OSM
Shree Harikrupa Hospital,Health,Ahmedabad,23.020112,72.561561,OSM
ADORN AESTHETIC CLINIC,Health,Ahmedabad,23.022604,72.550954,OSM
Sheath hospital,Health,Ahmedabad,23.00188,72.55442,OSM
Shalby Hospital,Health,Ahmedabad,23.019033,72.506514,OSM
Jivraj Mehta Hospital,Health,Ahmedabad,23.008206,72.543875,OSM
Khandwala Orthopeadic Hospital and Skin Clinic,Health,Ahmedabad,23.022261,72.545635,OSM
"Vision Care Eye Hospital, Ahmedabad",Health,Ahmedabad,23.022015,72.54628,OSM
Janam Hospital,Health,Ahmedabad,23.013062,72.530482,OSM
Dr.Maulik Patwa,Health,Ahmedabad,23.017192,72.555676,OSM
Sahyog Hospital,Health,Ahmedabad,22.986643,72.473063,OSM
Navkar Plastic Surgery Hospital,Health,Ahmedabad,23.014303,72.562856,OSM
Vani Hospital & IVF center,Health,Ahmedabad,22.99465,72.615754,OSM
Vani IVF Center,Health,Ahmedabad,22.994662,72.615422,OSM
ESIS HOSPITAL,Health,Ahmedabad,22.999168,72.616665,OSM
Rukshmani Hospital,Health,Ahmedabad,22.999275,72.619305,OSM
Aarna Hospital,Health,Ahmedabad,22.995052,72.602316,OSM
"Kunal Medical Hospital, Ahmedabad",Health,Ahmedabad,22.998254,72.625063,OSM
"Dhwani General Hospital, Nursing Home and Materity Home",Health,Ahmedabad,23.01465,72.64489,OSM
Matrupooja Eye Hospital,Health,Ahmedabad,22.974579,72.602409,OSM
Kadam Maternity Home and Sonography Clinic,Health,Ahmedabad,23.006166,72.59593,OSM
Aarti Surgical Nursing Home,Health,Ahmedabad,22.99601,72.612172,OSM
Shivam Eye Hospital,Health,Ahmedabad,22.999401,72.635974,OSM
Shubham Ent Hospital,Health,Ahmedabad,23.021799,72.645708,OSM
Chhaya Maternity Nursing Home,Health,Ahmedabad,22.97986,72.599806,OSM
Odhav Orthopaedic Hospital,Health,Ahmedabad,23.012369,72.645031,OSM
"Akshar Surgical Hospital, Maninagar",Health,Ahmedabad,22.995072,72.607544,OSM
Synergy Neonatal and Pediatric Centre,Health,Ahmedabad,22.995734,72.608254,OSM
Jhanvi Fracture and Orthopaedic Hospital,Health,Ahmedabad,22.988069,72.605309,OSM
Abhishek Hospital and Heart Centre,Health,Ahmedabad,22.999536,72.607945,OSM
Dhwani Children Hospital,Health,Ahmedabad,23.022287,72.594167,OSM
"Jankalyan Hospital, Ahmedabad",Health,Ahmedabad,23.001335,72.590504,OSM
Dhruv Health Care,Health,Ahmedabad,22.99253,72.631802,OSM
"Parimal Hospital, Ahmedabad",Health,Ahmedabad,22.999773,72.609062,OSM
Ratan Hospital,Health,Ahmedabad,23.000933,72.595249,OSM
Shilp Orthopaedics And Trauma Centre,Health,Ahmedabad,22.983097,72.602871,OSM
Shashvat Child Care,Health,Ahmedabad,22.991094,72.617479,OSM
Sardar Hosital,Health,Ahmedabad,22.99909,72.600916,OSM
Clear Vision Eye Hospital (Unit 3),Health,Ahmedabad,23.000197,72.604851,OSM
Riddhi Medical Nursing Home,Health,Ahmedabad,22.993832,72.603798,OSM
Kothari Onco Surgical Hospital,Health,Ahmedabad,22.996194,72.603863,OSM
Nilkanth Hospital,Health,Ahmedabad,22.991475,72.611707,OSM
Ansuya General Hospital,Health,Ahmedabad,22.990626,72.612531,OSM
"Aastha Hospital, Ahmedabad",Health,Ahmedabad,22.997948,72.610908,OSM
Ahmedabad Medical Centre,Health,Ahmedabad,22.995712,72.611897,OSM
Dr Sunil Shah's Eye Hospital,Health,Ahmedabad,22.996868,72.603747,OSM
"Kamal Hospital, Ahmedabad",Health,Ahmedabad,22.994715,72.611983,OSM
Manoramya Children Hospital and Neonatal Centre,Health,Ahmedabad,22.995633,72.60391,OSM
Lavingia Orthopedic Hospital,Health,Ahmedabad,22.992281,72.605919,OSM
Divya Jeevan Medical Hospital,Health,Ahmedabad,23.012717,72.638903,OSM
"Gujarat Hospital, Ahmedabad",Health,Ahmedabad,23.004575,72.638627,OSM
Ratan Deep Surgical And Endoscopy Clinic,Health,Ahmedabad,22.999008,72.608245,OSM
Hariom Multispeciality Hospital,Health,Ahmedabad,22.999875,72.65753,OSM
Shreejee Hospital,Health,Ahmedabad,22.979135,72.61953,OSM
"Geeta Nursing Home, Ahmedabad",Health,Ahmedabad,23.002636,72.597175,OSM
Dr. Shurti Ent Hospital,Health,Ahmedabad,22.998006,72.609791,OSM
Babycare Children Hospital and Neonatal Centre,Health,Ahmedabad,22.993399,72.629155,OSM
"Shreedhar Hospital, Ahmedabad",Health,Ahmedabad,23.000075,72.659128,OSM
"Ashirwad Surgical Hospital, C.T.M",Health,Ahmedabad,22.999799,72.635904,OSM
Dr. Shailesh Shah Surgical Hospital and End. Clinic,Health,Ahmedabad,23.009586,72.598833,OSM
"Parth Eye Hospital, Ahmedabad",Health,Ahmedabad,23.004809,72.590133,OSM
"Prabhu Nursing Home, Ahmedabad",Health,Ahmedabad,22.999355,72.635742,OSM
Dr.Soneji Hospital,Health,Ahmedabad,23.001742,72.591741,OSM
Rangam Multispeciality Hospital,Health,Ahmedabad,23.009919,72.645095,OSM
"Trupti Heart and Medical Hospital, Ahmedabad",Health,Ahmedabad,23.004289,72.590508,OSM
Bhakti Maternity and Sonography Clinic,Health,Ahmedabad,23.0014,72.635593,OSM
"Joitiba General Hospital, Ahmedabad",Health,Ahmedabad,22.978619,72.611884,OSM
Anoop Children Hospital,Health,Ahmedabad,22.992688,72.632125,OSM
Aniket Ent Hospital,Health,Ahmedabad,22.992633,72.632124,OSM
Vatsalya Neonatal and Children Hospital,Health,Ahmedabad,23.020866,72.638844,OSM
Kanan Maternity and Nursing Home,Health,Ahmedabad,22.997746,72.609115,OSM
Arpan Orthopedic and Trauma Hospital,Health,Ahmedabad,23.002457,72.595257,OSM
Pearl Eye Hospital,Health,Ahmedabad,23.009843,72.580603,OSM
Pallav J M Desai Memorial Hospital (Better Health Pvt.Ltd.),Health,Ahmedabad,22.994762,72.614101,OSM
Rukshmani Medical Hospital,Health,Ahmedabad,23.003179,72.633476,OSM
Vraj Hospital and Heart Care Center,Health,Ahmedabad,22.980618,72.6022,OSM
Raghuvir Eye Hospital,Health,Ahmedabad,22.994792,72.607466,OSM
"Palak Hospital, Ahmedabad",Health,Ahmedabad,22.998948,72.625189,OSM
Palak Eye Hospital,Health,Ahmedabad,22.994931,72.60688,OSM
Rukshmani Government Hospital,Health,Ahmedabad,22.999481,72.619726,OSM
Ashirwad Children and Eye Hospital,Health,Ahmedabad,22.997899,72.607921,OSM
Ayushman Medical Hospital and Dignosis Center,Health,Ahmedabad,23.023712,72.639149,OSM
"Ravi Surgical Hospital, Ahmedabad",Health,Ahmedabad,22.998084,72.609856,OSM
Shrreeji Surgical Hospital,Health,Ahmedabad,22.998161,72.625165,OSM
"Parth Eye Hospital, Isanpur",Health,Ahmedabad,22.979893,72.59976,OSM
Dr Dipak C Shah E N T Hospital,Health,Ahmedabad,22.995652,72.612109,OSM
Swapn Healthcare Hospital Pvt. Ltd,Health,Ahmedabad,22.983424,72.597176,OSM
Nadkarni's 21St Century Hospitals Pvt Ltd,Health,Ahmedabad,22.997996,72.63552,OSM
"Dr, Nayan V Shah Surgical Hospital",Health,Ahmedabad,22.98093,72.598748,OSM
Shlok Medical and Heart Hospital,Health,Ahmedabad,22.987201,72.603419,OSM
Vishwa Medical And Heart Hospital,Health,Ahmedabad,23.002901,72.595717,OSM
"Vivek Children Hospital, Khokhara",Health,Ahmedabad,23.001746,72.618301,OSM
"Harshil Medical Nursing Home, Isanpur",Health,Ahmedabad,22.981356,72.598862,OSM
CGHS Dispensary No.2,Health,Ahmedabad,22.999895,72.590626,OSM
"Ashirwad Hospital, Ahmedabad",Health,Ahmedabad,22.987342,72.611577,OSM
Yogiji Medical Hospital,Health,Ahmedabad,22.998535,72.624753,OSM
Ashadeep Polyclinic and Nursing Home,Health,Ahmedabad,22.929137,72.661964,OSM
Geeta Maternity and Polyclinic Nursing Home,Health,Ahmedabad,22.981714,72.598222,OSM
Kuvar Ba General Hospital,Health,Ahmedabad,23.011487,72.649104,OSM
Dr. Ashish B. Dave,Health,Ahmedabad,22.997333,72.6093,OSM
Shukan Maternity Home,Health,Ahmedabad,22.996806,72.656253,OSM
Rajni Women's Hospital and Research Centre,Health,Ahmedabad,22.991433,72.633829,OSM
Smruti Hospital,Health,Ahmedabad,23.005463,72.590412,OSM
Raj Maternity Home,Health,Ahmedabad,22.979024,72.610589,OSM
"Siddhi Vinayak Hospital, Ahmedabad",Health,Ahmedabad,23.004135,72.606453,OSM
Rajput Eye Hospital,Health,Ahmedabad,23.012963,72.638872,OSM
Het Childcare Hospital,Health,Ahmedabad,23.002822,72.618344,OSM
Dhwani General Hospital Nursing Home and Maternity Home,Health,Ahmedabad,23.014733,72.644916,OSM
Neha Children Hospitals and Neonatal Centre,Health,Ahmedabad,23.003165,72.595221,OSM
Jayshri Medical Hospital,Health,Ahmedabad,23.004881,72.63672,OSM
V and M Orthopaedic Centre,Health,Ahmedabad,22.997029,72.606839,OSM
Family Care Nursing Home,Health,Ahmedabad,22.983459,72.601811,OSM
Giriraj Orthopaedic Hospital,Health,Ahmedabad,23.009493,72.598879,OSM
Shree Umiya Multi Speciality Hospital,Health,Ahmedabad,23.019646,72.593685,OSM
Vahedi Hospital,Health,Ahmedabad,22.999361,72.585958,OSM
Herbal Unani Clinic,Health,Ahmedabad,23.014903,72.582281,OSM
Jankalyan Janaseva Hospital,Health,Ahmedabad,22.963407,72.591265,OSM
Shruti ENT Hospital,Health,Ahmedabad,22.997277,72.609198,OSM
Apollo Clinic,Health,Ahmedabad,22.999263,72.608319,OSM
Child Care Surgical Hospital,Health,Ahmedabad,22.997459,72.610435,OSM
Mamta Maternity Home,Health,Ahmedabad,23.023497,72.594624,OSM
LM Referral Hospital,Health,Ahmedabad,23.018949,72.597401,OSM
Mysorewala Surgical Hospital,Health,Ahmedabad,23.021085,72.590077,OSM
"Avishkar Multi Speciality, ICU and Trauma Centre",Health,Ahmedabad,22.988104,72.611857,OSM
Chanchalba Maternity Hospital,Health,Ahmedabad,22.999585,72.600316,OSM
Dr. Ramanlal Hospital,Health,Ahmedabad,22.998028,72.600585,OSM
Dr. Mubassir Saiyad,Health,Ahmedabad,23.001855,72.589145,OSM
Kilu ENT Hospital,Health,Ahmedabad,22.997006,72.606372,OSM
Bhanu Jit Maternity and Nursing Home,Health,Ahmedabad,23.005749,72.595118,OSM
Atharva Ayurveda Clinic and Panchakarma Centre,Health,Ahmedabad,22.997505,72.604633,OSM
Madhavbaug Clinic,Health,Ahmedabad,23.000113,72.603228,OSM
Shree Shakti General Hospital,Health,Ahmedabad,22.966692,72.589349,OSM
Sneh Clinic,Health,Ahmedabad,22.998786,72.608215,OSM
Artificial Eye Surgery,Health,Ahmedabad,23.002052,72.607654,OSM
Rupam Women's Clinic,Health,Ahmedabad,22.998272,72.594397,OSM
Maryam Hospital,Health,Ahmedabad,22.981501,72.588856,OSM
Gurunanak Hospital,Health,Ahmedabad,22.984428,72.616878,OSM
Hazrat Amina BIbi Hospital,Health,Ahmedabad,22.994775,72.588467,OSM
Dr. Nimesh Trivedi,Health,Ahmedabad,23.020236,72.589322,OSM
Sambhav General Hospital,Health,Ahmedabad,23.006527,72.583296,OSM
Niruj Rheumotogy Clinic,Health,Ahmedabad,22.9981,72.602143,OSM
Kushi Women Hospital,Health,Ahmedabad,23.000266,72.608195,OSM
Mithakhali Stavya Hospital,Health,Ahmedabad,22.996951,72.601663,OSM
Narol ICU and Multi Speciality Hospital,Health,Ahmedabad,22.964669,72.590372,OSM
Dr. Kirit C. Shah,Health,Ahmedabad,23.000123,72.604134,OSM
Dr. Dave Eye Care,Health,Ahmedabad,22.999176,72.607469,OSM
Jatan Children Hospital,Health,Ahmedabad,23.019026,72.593349,OSM
Little Flower Neonatal and Pediatric Super Speciality Hospital,Health,Ahmedabad,22.993645,72.607322,OSM
Parikh Orthopedic Hospital,Health,Ahmedabad,22.996403,72.608657,OSM
Divya Children's Hospital,Health,Ahmedabad,23.023421,72.597732,OSM
Chinubhai Baronet Hospital,Health,Ahmedabad,23.024842,72.598982,OSM
Navdeep Hospital,Health,Ahmedabad,23.003436,72.596416,OSM
Hindu Muslim Ekta Trust Hospital,Health,Ahmedabad,23.012988,72.587951,OSM
Munsipal Hospital,Health,Ahmedabad,23.009168,72.585876,OSM
Mediclaim Hospital,Health,Ahmedabad,22.964661,72.593436,OSM
Maya Maternity Hospital,Health,Ahmedabad,22.994933,72.607517,OSM
Chhipa Welfare Trust Hospital,Health,Ahmedabad,23.015985,72.587351,OSM
TB Hospital,Health,Ahmedabad,23.015102,72.59083,OSM
Lavanya Clinic,Health,Ahmedabad,22.992891,72.60313,OSM
Diya Clinic,Health,Ahmedabad,22.96343,72.589033,OSM
Gandhi Charitable Homeopathy Clinic,Health,Ahmedabad,22.99643,72.609899,OSM
Sharda Surgical Hospital,Health,Ahmedabad,22.997027,72.609335,OSM
Shivam Children Hospital and Pediatric Critical Care Centre,Health,Ahmedabad,23.000322,72.603742,OSM
Aaditya Spine Hospital,Health,Ahmedabad,23.005886,72.591715,OSM
Dr. Tapan A Shah,Health,Ahmedabad,23.000179,72.604388,OSM
Unique Speciality Clinic,Health,Ahmedabad,22.982108,72.585945,OSM
Safal Children Hospital,Health,Ahmedabad,23.001267,72.587772,OSM
Janani Women and Children Hospital,Health,Ahmedabad,22.964468,72.590532,OSM
Devam Hospital,Health,Ahmedabad,23.000081,72.608487,OSM
Matru Chhaya Hospital,Health,Ahmedabad,22.954141,72.612253,OSM
Remedy Hospital,Health,Ahmedabad,22.983088,72.600519,OSM
Sparsh Multi Speciality Hospital,Health,Ahmedabad,22.966305,72.624931,OSM
Dirgayu Orthopedic Hospital,Health,Ahmedabad,22.976884,72.601006,OSM
Suman Hospital,Health,Ahmedabad,22.981475,72.611161,OSM
Kashiba General Hospital,Health,Ahmedabad,22.953285,72.615888,OSM
Dr. Bakulesh Madhu,Health,Ahmedabad,22.981225,72.598839,OSM
Vimala Hospital,Health,Ahmedabad,22.967894,72.617867,OSM
Doctor Bhatt's Hospital,Health,Ahmedabad,22.971831,72.604727,OSM
Medicure Hospital,Health,Ahmedabad,22.970483,72.59312,OSM
Ratan Hospital,Health,Ahmedabad,22.977063,72.592925,OSM
Dhanwantari Clinic,Health,Ahmedabad,22.949082,72.596972,OSM
Smruti Multi Speciality Hospital,Health,Ahmedabad,22.974308,72.611594,OSM
Dr. Jayshree Vadher,Health,Ahmedabad,22.978099,72.599367,OSM
Abhinav Clinic,Health,Ahmedabad,22.945765,72.621215,OSM
Harsh Hospital,Health,Ahmedabad,22.951507,72.624441,OSM
Shakur Children Hospital,Health,Ahmedabad,22.979498,72.598342,OSM
Abhinav Hospital,Health,Ahmedabad,22.966448,72.615995,OSM
Lambha Skin Hospital,Health,Ahmedabad,22.933913,72.576058,OSM
Dr. Dharmendra Thakkar,Health,Ahmedabad,22.953194,72.615095,OSM
Chiranjeevi Hospital,Health,Ahmedabad,22.975087,72.601692,OSM
Ashirvad Hospital,Health,Ahmedabad,22.979475,72.601175,OSM
Roshan General Hospital,Health,Ahmedabad,22.963029,72.61044,OSM
Jyoti Eye Care Hospital,Health,Ahmedabad,22.983163,72.602816,OSM
Dr. Pandya's Maternity Nursing Home,Health,Ahmedabad,22.98578,72.602495,OSM
Shyam Clinic,Health,Ahmedabad,22.950454,72.6222,OSM
Life Care Clinic,Health,Ahmedabad,22.949329,72.623876,OSM
Eye Sight Vision Care Hospital,Health,Ahmedabad,22.978896,72.610165,OSM
New Shraddha Hospital,Health,Ahmedabad,22.97979,72.596942,OSM
Vedanth Medical Hospital,Health,Ahmedabad,22.981784,72.606863,OSM
Dr. Binitha Desai,Health,Ahmedabad,22.977918,72.595312,OSM
Shree Gurukrupa Clinic,Health,Ahmedabad,22.952831,72.616696,OSM
Krishna General Hospital,Health,Ahmedabad,22.93826,72.614834,OSM
Balaji Speciality Hospital,Health,Ahmedabad,22.978245,72.611169,OSM
Noble Clinic,Health,Ahmedabad,22.977722,72.600505,OSM
Pramukh Hospital and Research Centre,Health,Ahmedabad,22.938287,72.614982,OSM
Indira Women's Care and Multi Speciality Hospital,Health,Ahmedabad,22.948094,72.598012,OSM
Seva Clinic,Health,Ahmedabad,22.962971,72.609201,OSM
Dirdhau Hospital,Health,Ahmedabad,22.982085,72.603242,OSM
U.N. Mehta Eye Hospital,Health,Ahmedabad,22.958951,72.618997,OSM
Dr. K.B. Bhagatariya Hospital,Health,Ahmedabad,22.972368,72.587256,OSM
Aman Multi Speciality Hospital,Health,Ahmedabad,22.9605,72.608201,OSM
Apoorva Women's Hospital,Health,Ahmedabad,22.978794,72.60977,OSM
Shraddha Hospital,Health,Ahmedabad,22.98027,72.595008,OSM
Clear Vision Eye Hospital,Health,Ahmedabad,22.978672,72.608642,OSM
Akshar Hospital,Health,Ahmedabad,22.98106,72.610699,OSM
Shree Nathe Hospital,Health,Ahmedabad,22.9812,72.602364,OSM
Prerana Gynec and Maternity Hospital,Health,Ahmedabad,22.974803,72.602266,OSM
Dr. Shah's Maternity and Nursing Home,Health,Ahmedabad,22.984085,72.602604,OSM
Chirag Clinic,Health,Ahmedabad,22.954932,72.603897,OSM
Shreeji Children's Hospital,Health,Ahmedabad,22.981784,72.6029,OSM
Khana Clinic,Health,Ahmedabad,22.952593,72.60238,OSM
Shraddha Orthopaedic Hospital,Health,Ahmedabad,22.981039,72.598519,OSM
Safal Hospital,Health,Ahmedabad,22.957118,72.611815,OSM
Shraddha Children Hospital,Health,Ahmedabad,22.975758,72.602221,OSM
Aatman Hospital,Health,Ahmedabad,22.983673,72.60018,OSM
Swami Sadanand Hospital,Health,Ahmedabad,22.959851,72.611736,OSM
Chiranjeev Children Hospital,Health,Ahmedabad,22.955252,72.612341,OSM
Epic Clinic,Health,Ahmedabad,22.963486,72.610208,OSM
Anand Children Hospital,Health,Ahmedabad,22.976966,72.600954,OSM
Shri Ji Kripa Prasuti Griha Hospital,Health,Ahmedabad,22.953387,72.612777,OSM
Faiz Hospital,Health,Ahmedabad,22.996289,72.579446,OSM
Mumtaz Hospital,Health,Ahmedabad,22.996623,72.578589,OSM
New Life Hospital,Health,Ahmedabad,22.995486,72.579059,OSM
Chepirog Hospital,Health,Ahmedabad,23.001026,72.576899,OSM
Vimla Hospital,Health,Ahmedabad,22.976738,72.62313,OSM
Ayushman Medical Hospital,Health,Ahmedabad,23.02373,72.639185,OSM
charvi Hospital,Health,Ahmedabad,22.994196,72.671529,OSM
Narayana Hrudayalaya Hospital,Health,Ahmedabad,23.022123,72.623518,OSM
Lallubhai Gordhanbhai Municipal General Hospital,Health,Ahmedabad,22.99991,72.604696,OSM
Victoria Jubilee Hospital,Health,Ahmedabad,23.025044,72.599972,OSM
Government Hospital Ghodasar,Health,Ahmedabad,22.99149,72.616529,OSM
Danilimda A.M.C Hospital,Health,Ahmedabad,22.992421,72.584005,OSM
Sterling Hospital Div. Of Addlife Medical Institute Pvt. Ltd.,Health,Ahmedabad,23.048757,72.531268,OSM
Health Center,Health,Ahmedabad,23.103941,72.567937,OSM
Apollo Pharmacy,Health,Ahmedabad,23.045666,72.552273,OSM
Kesharbhavani Medical Store,Health,Ahmedabad,23.085533,72.564382,OSM
saviour annexe hospital,Health,Ahmedabad,23.036859,72.569951,OSM
vizcare hospital,Health,Ahmedabad,23.099727,72.536322,OSM
Sunflower Womens Endo Infertility and Hospital Pvt. Ltd.,Health,Ahmedabad,23.045758,72.541289,OSM
little flower,Health,Ahmedabad,23.046096,72.533033,OSM
May Flower Womens Hospital Pvt. Ltd.,Health,Ahmedabad,23.045577,72.541905,OSM
sunflower infertility clinic,Health,Ahmedabad,23.045562,72.541361,OSM
West Cost pharma,Health,Ahmedabad,23.087526,72.536757,OSM
Aalisha Clinic,Health,Ahmedabad,23.085886,72.563823,OSM
BalMukund Hospital,Health,Ahmedabad,23.093207,72.559284,OSM
S G Hospital Chandlodiya,Health,Ahmedabad,23.084891,72.551224,OSM
Excel Eye Care,Health,Ahmedabad,23.030076,72.528789,OSM
Shivam X-ray & Sonography clinic,Health,Ahmedabad,23.057622,72.570077,OSM
Gita Medical Stores,Health,Ahmedabad,23.079554,72.574422,OSM
"Samarpan General Hospital, Ahmedabad",Health,Ahmedabad,23.105301,72.525411,OSM
Nandan Maternity Home,Health,Ahmedabad,23.052184,72.533901,OSM
"Kalrav Children Hospital, Ahmedabad",Health,Ahmedabad,23.050199,72.537495,OSM
Cornea Foundation Hospital,Health,Ahmedabad,23.046128,72.536449,OSM
Chandrabhan Hospital and Gynac Institute,Health,Ahmedabad,23.04995,72.53385,OSM
"Jagmohan Hospital, Ahmedabad",Health,Ahmedabad,23.038314,72.567755,OSM
Samarpan Maternity And Urosurgical Hospital,Health,Ahmedabad,23.050698,72.515707,OSM
"Mehta Hospital, Siddhachal",Health,Ahmedabad,23.047633,72.525886,OSM
Poojan Children Hospital And Neonatal Care Centre,Health,Ahmedabad,23.072936,72.559149,OSM
Cutis Cosmetic Plastic Surgery Centre,Health,Ahmedabad,23.058902,72.537851,OSM
Minal Infertility Clinic and Nursing Home,Health,Ahmedabad,23.051949,72.5608,OSM
Navkar Surgical Hospital,Health,Ahmedabad,23.048699,72.566513,OSM
"Navjyot Eye Hospital, Ahmedabad",Health,Ahmedabad,23.057505,72.570357,OSM
Samata Hospital Pvt.Ltd,Health,Ahmedabad,23.082704,72.546908,OSM
Amijeet Maternity Hospital,Health,Ahmedabad,23.073132,72.559581,OSM
Shreeji Orthopaedic And Ent Hospital,Health,Ahmedabad,23.047179,72.533313,OSM
Shivam Orthopaedic and Gynec Hospital,Health,Ahmedabad,23.036311,72.532529,OSM
Aakshardeep Eye Hospital,Health,Ahmedabad,23.032478,72.524557,OSM
"Maruti Orthopedic Hospital, Nava Vadaj",Health,Ahmedabad,23.067424,72.56111,OSM
Chetna Maternity Home,Health,Ahmedabad,23.046753,72.569567,OSM
Udit Hospital Multi Speciality,Health,Ahmedabad,23.050254,72.520921,OSM
Life Care Institute Of Medical Sciences Research Hospital,Health,Ahmedabad,23.047453,72.561642,OSM
Vanza Hospital,Health,Ahmedabad,23.03075,72.474012,OSM
Marengo CIMS Hospital,Health,Ahmedabad,23.070027,72.517397,OSM
Dr Sanjay Gandhi Hospital,Health,Ahmedabad,23.02741,72.541141,OSM
Dr Rupesh Shah Killol Children Hospital,Health,Ahmedabad,23.039609,72.565949,OSM
Kalyani Nursing Home and Sonography Clinic,Health,Ahmedabad,23.102208,72.571388,OSM
"Shraddha Surgical Hospital, Ahmedabad",Health,Ahmedabad,23.048228,72.533383,OSM
Rhythm Cardio Pulmonory Care Centre and Medical Hospital,Health,Ahmedabad,23.052119,72.560805,OSM
Shreeji Children Hospital,Health,Ahmedabad,23.029454,72.474723,OSM
Shrey Hospital,Health,Ahmedabad,23.037657,72.564771,OSM
Apex Heart Institute,Health,Ahmedabad,23.045744,72.513931,OSM
Hemato-Oncology Clinic,Health,Ahmedabad,23.040263,72.559845,OSM
Hina Maternity Nursing Home,Health,Ahmedabad,23.056809,72.545041,OSM
Welcare Women's Hospital,Health,Ahmedabad,23.045323,72.562306,OSM
Arpan Newborncare Centre,Health,Ahmedabad,23.041102,72.547432,OSM
Clear Vision Eye Hospital (Unit 2),Health,Ahmedabad,23.026235,72.525222,OSM
"Jatan Children Hospital, Ahmedabad",Health,Ahmedabad,23.066463,72.562808,OSM
Pulse Iccu and Hospital,Health,Ahmedabad,23.060458,72.566667,OSM
Dr. Kaushik Vaidhya Medical Nursing Home,Health,Ahmedabad,23.056719,72.544923,OSM
"Shree Raj Hospital, Ahmedabad",Health,Ahmedabad,23.046185,72.532609,OSM
Royal Maternity and Nursing Home,Health,Ahmedabad,23.030696,72.472679,OSM
Ami-Sagar Hospital,Health,Ahmedabad,23.068663,72.566734,OSM
Dr. Dilip Modi Hospital,Health,Ahmedabad,23.028568,72.571422,OSM
Navneet Memorial Hospital,Health,Ahmedabad,23.030963,72.561022,OSM
Chandandwar Hospital,Health,Ahmedabad,23.047538,72.526511,OSM
Chaturbhai Mavawala Kidney Hospital and Laparoscopic,Health,Ahmedabad,23.036626,72.569909,OSM
Dr.Atul Shah Eye Hospital,Health,Ahmedabad,23.061092,72.535484,OSM
Umiya Surgical Hospital,Health,Ahmedabad,23.059151,72.550702,OSM
Livewell Pain & Spine Hospital,Health,Ahmedabad,23.045626,72.542079,OSM
"Centre For Sight, Ahmedabad",Health,Ahmedabad,23.03288,72.55546,OSM
"Nidhi Eye Hospital, Ahmedabad",Health,Ahmedabad,23.061941,72.551807,OSM
Modi Eye Care,Health,Ahmedabad,23.057844,72.5498,OSM
"Panchal Urology Centre, Ahmedabad",Health,Ahmedabad,23.043723,72.550162,OSM
Hari Urosurgical Hospital and Andrology Centre,Health,Ahmedabad,23.038125,72.559185,OSM
Usha - Deep Hospital and Nursing Home,Health,Ahmedabad,23.052209,72.559814,OSM
Devi Hospital,Health,Ahmedabad,23.055959,72.539723,OSM
Shruti Maternity and Surgical Nursing Home,Health,Ahmedabad,23.056624,72.544872,OSM
Kaizen Hospital,Health,Ahmedabad,23.046976,72.543685,OSM
Milan Orthopaedic and Fracture Hospital,Health,Ahmedabad,23.046219,72.533865,OSM
Aroma Womens Hospital,Health,Ahmedabad,23.054461,72.53364,OSM
"Jain Hospital And Icu, Ahmedabad",Health,Ahmedabad,23.047049,72.533298,OSM
Shreekrishna Hospital and Health Care Centre,Health,Ahmedabad,23.058359,72.533251,OSM
Raghudeep Eye Clinic,Health,Ahmedabad,23.046976,72.527698,OSM
P.N.Desai Eye Hospital,Health,Ahmedabad,23.049742,72.531753,OSM
"Jaydeep Hospital, Ahmedabad",Health,Ahmedabad,23.047425,72.550559,OSM
Sharda Eye Hospital Phaco And Laser Centre - Ahmedabad,Health,Ahmedabad,23.0501,72.533875,OSM
Shantnam Eye Care Hospital,Health,Ahmedabad,23.045635,72.541996,OSM
Smruti Fracture Orthopedic Hospital,Health,Ahmedabad,23.046311,72.534535,OSM
Rajvee Ortho Spine and Child Neuro Hospital,Health,Ahmedabad,23.045579,72.541822,OSM
Kidney And Urology Hospital,Health,Ahmedabad,23.049229,72.533429,OSM
"Neil Hospital, Ahmedabad",Health,Ahmedabad,23.052994,72.530575,OSM
Surveen Children Hospital And Vaccination Centre,Health,Ahmedabad,23.055355,72.52091,OSM
Avataran Eye Hospital and Oculoplasty Clinic,Health,Ahmedabad,23.037181,72.522199,OSM
Akshay Heart and Medical Hospital,Health,Ahmedabad,23.031141,72.527164,OSM
Samdev Urology and Surgery Clinic,Health,Ahmedabad,23.0403,72.558381,OSM
Nova Pulse Ivf Clinic Ahmedabad Pvt.Ltd.,Health,Ahmedabad,23.038517,72.558575,OSM
"Aalok Hospital, Ahmedabad",Health,Ahmedabad,23.048131,72.571666,OSM
Dr. Manish Ravals Hospital,Health,Ahmedabad,23.054287,72.57202,OSM
Harsh Neurosurgical Hospital,Health,Ahmedabad,23.05416,72.57203,OSM
Bodycare Orthopaedic and Trauma Hospital,Health,Ahmedabad,23.054227,72.572051,OSM
"Shalin Eyecare Hospital, Ahmedabad",Health,Ahmedabad,23.047298,72.562203,OSM
"Devasya Kidney and Multi speciality Hospital, Ahmedabad",Health,Ahmedabad,23.057573,72.570363,OSM
Manshi Multispeciality Hospital,Health,Ahmedabad,23.067063,72.562161,OSM
"Vardan Eye Hospital, Ahmedabad",Health,Ahmedabad,23.072848,72.559042,OSM
"Kumud Heart Hospital and Medical Nursing Home, Ahmedabad",Health,Ahmedabad,23.060619,72.557895,OSM
Matruchhaya Children Hospital,Health,Ahmedabad,23.058424,72.559499,OSM
Neo Children Hospital,Health,Ahmedabad,23.064321,72.55002,OSM
"Aastha Orthopaedic Hospital, Ahmedabad",Health,Ahmedabad,23.029637,72.474257,OSM
Aarambh Heart and Medical Hospital,Health,Ahmedabad,23.059145,72.555871,OSM
Sanghvi Hospital,Health,Ahmedabad,23.058488,72.555472,OSM
Riddhi Maternity Home,Health,Ahmedabad,23.058455,72.555526,OSM
Pruthvi Medical Nursing Home and Heart Centre,Health,Ahmedabad,23.047751,72.562664,OSM
Lady Care Womens Hospital Child Care,Health,Ahmedabad,23.053844,72.547689,OSM
Ankur Superspeciality Hospital,Health,Ahmedabad,23.05853,72.556252,OSM
"Kalpana Maternity and Nursing Home, Ahmedabad",Health,Ahmedabad,23.063654,72.531085,OSM
Arthro Care Hospital,Health,Ahmedabad,23.040505,72.521186,OSM
Kheteswar Medical Educational and Research Centre Hospital,Health,Ahmedabad,23.047178,72.565428,OSM
Shail Eye Hospital,Health,Ahmedabad,23.052136,72.560999,OSM
Shah Hospital - Vadaj,Health,Ahmedabad,23.052411,72.56972,OSM
Stavya Spine Hospital and Research Institute,Health,Ahmedabad,23.025928,72.566065,OSM
Vatsalya Maternity Nursing Home,Health,Ahmedabad,23.034482,72.521229,OSM
"Gurukrupa Hospital, Ahmedabad",Health,Ahmedabad,23.06044,72.535204,OSM
Laxmi Heart and Medical Hospital,Health,Ahmedabad,23.028309,72.477552,OSM
Bopal Multispeciality Hospital,Health,Ahmedabad,23.031542,72.471769,OSM
Mother's Maternity and Nursing Home,Health,Ahmedabad,23.052687,72.549178,OSM
Vaishali Hospital,Health,Ahmedabad,23.028354,72.477383,OSM
Deep Urosurgical Hospital,Health,Ahmedabad,23.045486,72.562307,OSM
Vadaj Orthopaedic Hospital,Health,Ahmedabad,23.057618,72.569295,OSM
Sahjanand Eye Care Hospital,Health,Ahmedabad,23.040342,72.553247,OSM
Maniar Hospital,Health,Ahmedabad,23.032895,72.555304,OSM
Aashwi E.N.T.Hospital,Health,Ahmedabad,23.037118,72.529008,OSM
Aarogyam Speciality Hospital,Health,Ahmedabad,23.046954,72.555615,OSM
Trisha Trauma Centre and Icu,Health,Ahmedabad,23.0714,72.55913,OSM
Harsiddh Hospital,Health,Ahmedabad,23.079662,72.574033,OSM
Rushabh Uro Hospital,Health,Ahmedabad,23.046184,72.533758,OSM
Vallabh Surgical Hospital,Health,Ahmedabad,23.059484,72.536028,OSM
Sangini Hospital,Health,Ahmedabad,23.025038,72.523314,OSM
Aneri Children Hospital,Health,Ahmedabad,23.069429,72.543103,OSM
Raj Ent Hospital,Health,Ahmedabad,23.051994,72.564098,OSM
Valu Hospital,Health,Ahmedabad,23.046198,72.56166,OSM
Pankit Nursing Home,Health,Ahmedabad,23.039778,72.566108,OSM
Dr. Rajendra C. Patel Orthopaedic Nursing Home,Health,Ahmedabad,23.031547,72.565304,OSM
Sushri Jasumatiben Shantilal Surti Charitable General Hospital,Health,Ahmedabad,23.025672,72.531961,OSM
"Vrundavan Hospital, Ahmedabad",Health,Ahmedabad,23.047171,72.558244,OSM
"Pushpam Hospital, Ahmedabad",Health,Ahmedabad,23.102994,72.569728,OSM
Chhabra Eye Hospital,Health,Ahmedabad,23.025921,72.526843,OSM
"Vatsalya Children Hospital, Ahmedabad",Health,Ahmedabad,23.048279,72.533788,OSM
Aastha Eye Hospital,Health,Ahmedabad,23.025572,72.527575,OSM
Gmers Medical College Hospital,Health,Ahmedabad,23.082762,72.524609,OSM
"Super Surgical Hospital, Ahmedabad",Health,Ahmedabad,23.03541,72.559456,OSM
Krishna Hospital and ICCU,Health,Ahmedabad,23.067208,72.56319,OSM
Jay Prasuti Gruh and Nursing Home,Health,Ahmedabad,23.028289,72.477849,OSM
Shantilal Parikh Hospital and Check Up Clinic,Health,Ahmedabad,23.037334,72.57069,OSM
Dr.Anil V.Patel Eye Hospital,Health,Ahmedabad,23.067149,72.566613,OSM
Dr.Nagoris Institute Hospital,Health,Ahmedabad,23.026378,72.52608,OSM
Astha Orthopedic and Spine Hospital,Health,Ahmedabad,23.066289,72.562949,OSM
Pramukh Neurosurgical Hosptial,Health,Ahmedabad,23.041179,72.562171,OSM
Aash Surgical Hospital,Health,Ahmedabad,23.047245,72.562484,OSM
Shree Mahavir Mutlispeciality Hospital and Icu,Health,Ahmedabad,23.060303,72.5355,OSM
Jainee Surgical Hospital,Health,Ahmedabad,23.080328,72.566661,OSM
Shri Rang Hospitaland Research Centre,Health,Ahmedabad,23.076789,72.539063,OSM
Brain and Spine Hospital,Health,Ahmedabad,23.040268,72.565927,OSM
Om Children Hospital,Health,Ahmedabad,23.062074,72.530696,OSM
"Shashwat Hospital and Research Center, Ahmedabad",Health,Ahmedabad,23.058301,72.533297,OSM
"Aditya Eye Hospital, Ahmedabad",Health,Ahmedabad,23.04996,72.534828,OSM
Aayush Surgical Hospital,Health,Ahmedabad,23.046232,72.533747,OSM
"J J Hospital, Ahmedabad",Health,Ahmedabad,23.07313,72.536844,OSM
Chikhalkar Hospital and Iccu,Health,Ahmedabad,23.056165,72.54939,OSM
The Holistic Medical Centre Ayulink Ayurveda Hospital,Health,Ahmedabad,23.037977,72.559598,OSM
Aditya Multi-Speciality Hospital,Health,Ahmedabad,23.063282,72.531522,OSM
Motherhood Womens and Child Care Hospital,Health,Ahmedabad,23.074528,72.512507,OSM
Rainbow Super Speciality Children's Hospital,Health,Ahmedabad,23.04609,72.528625,OSM
"Gayatri Heart And Medical Hospital, Bhimjipura",Health,Ahmedabad,23.06028,72.564758,OSM
"Jalaram Hospital, Ahmedabad",Health,Ahmedabad,23.027785,72.521821,OSM
Kruti Orthopedic Hospital,Health,Ahmedabad,23.046425,72.570951,OSM
Banker`S Retina Clinic and Laser Centre,Health,Ahmedabad,23.04163,72.554254,OSM
CGHS Dispensary No.3,Health,Ahmedabad,23.035501,72.56949,OSM
HCG Cancer Centre,Health,Ahmedabad,23.0705,72.522729,OSM
Jaju Plastic Surgery Center,Health,Ahmedabad,23.042128,72.55927,OSM
Patel E.N.T Hospital,Health,Ahmedabad,23.047793,72.571206,OSM
Rosemaarry Womens Hospital,Health,Ahmedabad,23.031819,72.526009,OSM
Sainath Orhtopaedic Hospital,Health,Ahmedabad,23.059215,72.536038,OSM
HCG Multi Specialty Hospital,Health,Ahmedabad,23.028862,72.564295,OSM
Aalap Clinic and Surgical Nursing Home,Health,Ahmedabad,23.045074,72.571064,OSM
Sukhmani Hospital / Saviour Annexe Hospital,Health,Ahmedabad,23.036486,72.569639,OSM
Auro Ent Hospital,Health,Ahmedabad,23.057812,72.570146,OSM
"Sanjivani Eye Hospital and Phaco Centre, Ahmedabad",Health,Ahmedabad,23.045989,72.561569,OSM
"Sanjeevani Hospital, Ahmedabad",Health,Ahmedabad,23.059572,72.535645,OSM
Hcg Medi-Surge Hospitals Private Limited,Health,Ahmedabad,23.028881,72.564308,OSM
The Vitreoretina Clinic and Eye Hospital,Health,Ahmedabad,23.038902,72.516143,OSM
Jay Umiya Hospital,Health,Ahmedabad,23.072889,72.55908,OSM
Siddhi Heart and Medical Hospital,Health,Ahmedabad,23.0729,72.559169,OSM
"Ashish Orthopaedic Hospital, Ahmedabad",Health,Ahmedabad,23.036933,72.52731,OSM
Sanjivani Heart and Medical Hospital (Ahmedabad),Health,Ahmedabad,23.05782,72.570154,OSM
Raksha Hospital Pvt Ltd,Health,Ahmedabad,23.036039,72.517472,OSM
"Adarsh Hospital, Ahmedabad",Health,Ahmedabad,23.047685,72.566329,OSM
Dr. Suresh K. Bhanshali,Health,Ahmedabad,23.037669,72.565255,OSM
J.Chirag Surgical Hospital,Health,Ahmedabad,23.046312,72.562407,OSM
Shri Yogeshwar General Hospital,Health,Ahmedabad,23.081286,72.538058,OSM
Mahalaxmi Maternity Nursing Home and Sonography Center,Health,Ahmedabad,23.080423,72.535507,OSM
"Shaishav Children Hospital, Ahmedabad",Health,Ahmedabad,23.05925,72.53729,OSM
Bopal Eye Care Centre,Health,Ahmedabad,23.028834,72.477904,OSM
Devam Orthopaedic Hospital,Health,Ahmedabad,23.059024,72.537867,OSM
"Samved Orthopaedic Hospital, Ahmedabad",Health,Ahmedabad,23.040532,72.558198,OSM
Dr. Devendra Patel Nursing Home,Health,Ahmedabad,23.037748,72.562549,OSM
Cheers Interventional Pain Management Hospital,Health,Ahmedabad,23.040305,72.554312,OSM
Dr Yashvant Chhatbar,Health,Ahmedabad,23.11113,72.571964,OSM
Tirtham Surgical and Laparoscopic Centre,Health,Ahmedabad,23.063857,72.530445,OSM
Vedanta Institute Of Medical Sciences Hospital,Health,Ahmedabad,23.040215,72.559855,OSM
Lions Karnavati Shantaben Vishnubhai Patel Eye Hospital,Health,Ahmedabad,23.12249,72.504529,OSM
Devasya Superspeciality Kidney Institute and Research Centre,Health,Ahmedabad,23.026989,72.47736,OSM
Dr Pratap Desai Eye Clinic,Health,Ahmedabad,23.045286,72.561772,OSM
Netram Care Eye Hospital,Health,Ahmedabad,23.062087,72.530581,OSM
Dr.Saurabh Shah Orthopaedic Hospital,Health,Ahmedabad,23.066355,72.562922,OSM
Jigisha Nursing Home,Health,Ahmedabad,23.06577,72.566983,OSM
Vinayak Children Hospital-Ahmedabad,Health,Ahmedabad,23.080436,72.567974,OSM
Krishna Maternity Nursing Home,Health,Ahmedabad,23.028653,72.478058,OSM
"Netr-The Eye Care Clinic, Ahmedabad",Health,Ahmedabad,23.028025,72.526386,OSM
Sitababa Hospital,Health,Ahmedabad,23.062681,72.537785,OSM
Rangshree Clinic,Health,Ahmedabad,23.042938,72.557949,OSM
Dr J J Vora Memorial General Hospital,Health,Ahmedabad,23.040701,72.568957,OSM
Aastha Eye Care Centre,Health,Ahmedabad,23.069661,72.542869,OSM
Gayatri Childrens Hospital,Health,Ahmedabad,23.067159,72.562998,OSM
Chokshi Maternity Nursing Home and Sonography Clinic,Health,Ahmedabad,23.067744,72.544216,OSM
Kavit Urosurgical Hospital,Health,Ahmedabad,23.039635,72.565941,OSM
Auroma Ent Hospital,Health,Ahmedabad,23.059803,72.535795,OSM
Bhadra Clinic Hospital,Health,Ahmedabad,23.047306,72.558664,OSM
Mahavir Clinic & Nursing Home,Health,Ahmedabad,23.105918,72.569694,OSM
"Anand Eye Hospital,(Dr. Rohit Desai)",Health,Ahmedabad,23.051925,72.560481,OSM
Killol Children Hospital,Health,Ahmedabad,23.052028,72.564172,OSM
Amdawad Eye Laser Hospitals Pvt Ltd,Health,Ahmedabad,23.027216,72.545413,OSM
Hridaan Hospital & Pharmacy,Health,Ahmedabad,23.094347,72.546903,OSM
Shreeji ENT and Orthopaedic Hospital,Health,Ahmedabad,23.046427,72.534381,OSM
Dr. Shailesh Jain,Health,Ahmedabad,23.031238,72.527118,OSM
Life Care Hospital,Health,Ahmedabad,23.032409,72.459589,OSM
Tender Touch Children's Hospital,Health,Ahmedabad,23.032361,72.524742,OSM
Shivam Hospital,Health,Ahmedabad,23.03332,72.465897,OSM
Devi Hospital,Health,Ahmedabad,23.031015,72.525791,OSM
Dr. Manish Goyal,Health,Ahmedabad,23.04711,72.527537,OSM
Adarsh Hospital,Health,Ahmedabad,23.034111,72.465343,OSM
Satyam Hospital,Health,Ahmedabad,23.094012,72.546777,OSM
Brinda Women's Hospital,Health,Ahmedabad,23.040586,72.526451,OSM
Shri Gordhandas Charitable Hospital,Health,Ahmedabad,23.040905,72.526418,OSM
Arvind Clinic,Health,Ahmedabad,23.137604,72.44412,OSM
INDU MEDICARE,Health,Ahmedabad,23.045192,72.467527,OSM
Sukhmani hospital,Health,Ahmedabad,23.036498,72.569619,OSM
Sanjivani Eye Hospital,Health,Ahmedabad,23.046029,72.561531,OSM
Shreyas Dental Hospital,Health,Ahmedabad,23.048247,72.561768,OSM
GuruKrupa Hospital,Health,Ahmedabad,23.060468,72.535215,OSM
Aneri CHildren Hospital,Health,Ahmedabad,23.069467,72.543113,OSM
Rosemary Womens Hospital,Health,Ahmedabad,23.031865,72.525999,OSM
Akshay Heart and Medical Hospital,Health,Ahmedabad,23.031185,72.527143,OSM
Sangini Hospital,Health,Ahmedabad,23.025107,72.523301,OSM
Aneri CHildren Hospital,Health,Ahmedabad,23.06943,72.543126,OSM
Cornea Foundation Hospital,Health,Ahmedabad,23.046155,72.536403,OSM
KD Blossom,Health,Ahmedabad,23.135475,72.541562,OSM
Diva Women's Hospital,Health,Ahmedabad,23.049247,72.521985,OSM
"Dr Alka Makwana - Arista Skin, Hair and Laser Clinic",Health,Ahmedabad,23.092598,72.545922,OSM
ADORN Cosmetic Clinic,Health,Ahmedabad,23.02556,72.527325,OSM
Trisha Hospital,Health,Ahmedabad,23.073167,72.559474,OSM
Sanjivani Super Speciality Hospital,Health,Ahmedabad,23.040205,72.528256,OSM
Columbia Asia Hospital,Health,Ahmedabad,23.057588,72.512333,OSM
Dispensary,Health,Ahmedabad,23.029399,72.50194,OSM
Sal Hospital and Medical Institute,Health,Ahmedabad,23.049386,72.524347,OSM
Zydus Hospitals,Health,Ahmedabad,23.05795,72.51776,OSM
Infocus Diagnostics,Health,Ahmedabad,23.039366,72.562751,OSM
Deep Urosurgical Hospital,Health,Ahmedabad,23.040071,72.562664,OSM
"Nidhi Hospital, Ahmedabad",Health,Ahmedabad,23.040011,72.561526,OSM
Shaishav Children Hospital,Health,Ahmedabad,23.059146,72.537313,OSM
Lions Karnavati Shantaben Vishnubhai Patel Eye Hospital,Health,Ahmedabad,23.12236,72.504033,OSM
Dr. Parth Amin (ENT Surgeon) Shaleen Hospital,Health,Ahmedabad,23.075518,72.517799,OSM
Geeta Maternity Hospital,Health,Ahmedabad,23.083605,72.590121,OSM
Sabarmati Development Society Sanchalit Sheth Shri Pukhraj Raichand General Hospital,Health,Ahmedabad,23.082963,72.590696,OSM
GCS Medical College Hospital and Research Centre,Health,Ahmedabad,23.038927,72.610723,OSM
shilpa medical store,Health,Ahmedabad,23.047818,72.637166,OSM
Aryan's Villa💞,Health,Ahmedabad,23.088244,72.584299,OSM
"Kidny hospital , asarwa",Health,Ahmedabad,23.049413,72.607485,OSM
"Gujarat Institute Of Nursing Education And Research , Asarwa ,Ahemedabad",Health,Ahmedabad,23.049645,72.607159,OSM
Government Dental College and Hospital,Health,Ahmedabad,23.049914,72.604565,OSM
Shree Bharti Vallabh Hospital,Health,Ahmedabad,23.049587,72.592881,OSM
Prathna Surgical And Medical Hospital,Health,Ahmedabad,23.056598,72.64116,OSM
"Jeevandeep Hospital, Sardanagar",Health,Ahmedabad,23.085673,72.633547,OSM
Vasudha Eye Hospital,Health,Ahmedabad,23.083447,72.589506,OSM
Kakadiya Hospital,Health,Ahmedabad,23.040106,72.630285,OSM
Suvan Eye Care,Health,Ahmedabad,23.057702,72.636945,OSM
Lifecare Emergency Centre,Health,Ahmedabad,23.033319,72.578987,OSM
"Raj Nursing Home, Ahmedabad",Health,Ahmedabad,23.052429,72.600219,OSM
"Community Health Centre, Singarva",Health,Ahmedabad,23.025257,72.68974,OSM
Anand Hospital and Multispeciality,Health,Ahmedabad,23.045974,72.640602,OSM
Satyam Children Hospital,Health,Ahmedabad,23.11487,72.583866,OSM
"Akshardeep Orthopaedic Hospital, Shahibaug",Health,Ahmedabad,23.053947,72.595518,OSM
Tapan Hospital Pvt Ltd,Health,Ahmedabad,23.036035,72.629738,OSM
"Metalia Hospital and ICCU, Diamond Market",Health,Ahmedabad,23.036182,72.629794,OSM
Chitrakut Surgical Hospital,Health,Ahmedabad,23.035232,72.625464,OSM
Jivansudha Heart and Medical Hospital,Health,Ahmedabad,23.0487,72.605991,OSM
Om Pediatric and Neonatal Criticare Hospital,Health,Ahmedabad,23.099728,72.591475,OSM
Priyal Hospital,Health,Ahmedabad,23.06055,72.664423,OSM
"Anand Multi Speciality Hospital, Ahmedabad",Health,Ahmedabad,23.05512,72.59756,OSM
"Jeevandeep Hospital, Shashibaug",Health,Ahmedabad,23.049414,72.590677,OSM
Baps Yogiji Maharaj Hospital,Health,Ahmedabad,23.046201,72.588786,OSM
Gitanjali Children Hospital,Health,Ahmedabad,23.073818,72.659586,OSM
Shilp E.N.T Clinic and Hospital,Health,Ahmedabad,23.108958,72.593041,OSM
Shivam Surgical Hospital,Health,Ahmedabad,23.073027,72.652877,OSM
Netra Jyoti Eye and Ent Hospital,Health,Ahmedabad,23.109338,72.588505,OSM
"Utkarsh Hospital, Ahmedabad",Health,Ahmedabad,23.107899,72.578366,OSM
"Tilak Hospital (Multispeciality), Ahmedabad",Health,Ahmedabad,23.033425,72.622276,OSM
"Sagar Orthopaedic Hospital, Bapunagar",Health,Ahmedabad,23.036241,72.630339,OSM
Kalrav Nenotal And Children Hospital,Health,Ahmedabad,23.038997,72.636578,OSM
"Savalia Hospital, (Dr. Anjana J Savalia)",Health,Ahmedabad,23.033344,72.637788,OSM
Panchshil Hospital,Health,Ahmedabad,23.084335,72.591975,OSM
Smruti Eye Hospital,Health,Ahmedabad,23.039547,72.630272,OSM
Vasundhara Medical Hospital,Health,Ahmedabad,23.034826,72.625274,OSM
Khara Fracture and Orthopaedic Hospital,Health,Ahmedabad,23.082695,72.588706,OSM
Navjivan Orthopaedic and Maternity Hospital,Health,Ahmedabad,23.053692,72.642707,OSM
Anand Surgical Hospital Ltd.,Health,Ahmedabad,23.054989,72.630925,OSM
Chandramani Hospital,Health,Ahmedabad,23.048827,72.594821,OSM
"Pooja Hospital, Ahmedabad",Health,Ahmedabad,23.056214,72.620771,OSM
Parth Maternity and Medical Nursing Home,Health,Ahmedabad,23.05422,72.642905,OSM
Jeel Children Hospital And Neonatal and Vaccination Center,Health,Ahmedabad,23.054931,72.600819,OSM
Sivmm Kidney Hospital,Health,Ahmedabad,23.08348,72.591222,OSM
U. N.Mehta Institute Of Cardiology and Research Centre,Health,Ahmedabad,23.052726,72.601307,OSM
Shreeji Neonatal and Child Care,Health,Ahmedabad,23.054426,72.59594,OSM
Sharda Eye Hospital,Health,Ahmedabad,23.087058,72.592097,OSM
Dhruvi ENT Hospital,Health,Ahmedabad,23.087219,72.592289,OSM
"Kothari Hospital, Ahmedabad",Health,Ahmedabad,23.085556,72.630544,OSM
Aadya Eye and Ent Hospital,Health,Ahmedabad,23.061914,72.639809,OSM
"Gayathri Hospital, Ahmedabad",Health,Ahmedabad,23.101819,72.665951,OSM
Rukshmani Surgical Hospital,Health,Ahmedabad,23.051825,72.641606,OSM
Sanket Children's Speciality Hospital,Health,Ahmedabad,23.037908,72.64427,OSM
Neelkamal Hospital Pvt Ltd (Pooja Hospital),Health,Ahmedabad,23.083897,72.591249,OSM
"Trupti Hospital, Saijpur",Health,Ahmedabad,23.063891,72.642295,OSM
Karnavati Super Speciality Hospital,Health,Ahmedabad,23.060466,72.639811,OSM
Sanskar Heart Care And Medical Hospital,Health,Ahmedabad,23.098123,72.589113,OSM
Parvati Jadav Hospital,Health,Ahmedabad,23.076341,72.65447,OSM
"Matru Hospital, Ahmedabad",Health,Ahmedabad,23.030215,72.622926,OSM
Pushpa Children Hospital and Neonatal Care,Health,Ahmedabad,23.106778,72.598075,OSM
Venkaria Ortho Hospital,Health,Ahmedabad,23.038874,72.630996,OSM
Poojan Maternity and Infertility Clinic,Health,Ahmedabad,23.073092,72.652855,OSM
Uma Maternity and Nursing Home,Health,Ahmedabad,23.066239,72.662707,OSM
Divya Jyot Eye Hospital,Health,Ahmedabad,23.083846,72.591181,OSM
Satyamev Hospital,Health,Ahmedabad,23.120442,72.581544,OSM
"Saraswati Eye Hospital, Ahmedabad",Health,Ahmedabad,23.063798,72.642206,OSM
Arihant Heart And Medical Hospital,Health,Ahmedabad,23.053857,72.595623,OSM
Sparsh Netralaya,Health,Ahmedabad,23.053951,72.595426,OSM
"Swastik Hospital, Ahmedabad",Health,Ahmedabad,23.039528,72.67597,OSM
"Swari Ent Hospital, Ahmedabad",Health,Ahmedabad,23.066869,72.583823,OSM
Adwait Ent Hospital,Health,Ahmedabad,23.040075,72.577794,OSM
Sharda Clinic and Hospital,Health,Ahmedabad,23.044234,72.604998,OSM
Dr.Haroonbhai Jusabbhai Memon,Health,Ahmedabad,23.027316,72.586081,OSM
Eye Research Centre And Retina Foundation,Health,Ahmedabad,23.055714,72.590778,OSM
"Prasad Hospital, Ahmedabad",Health,Ahmedabad,23.049649,72.657349,OSM
Amrut Arogyadham Medical Hospital,Health,Ahmedabad,23.110546,72.584973,OSM
Jay Orthopaedic Hospital,Health,Ahmedabad,23.052096,72.600238,OSM
"Kanoria Hospital And Research Centre, Gandhinagar",Health,Ahmedabad,23.099379,72.628559,OSM
"Siddhi Hospital, Ahmedabad",Health,Ahmedabad,23.067212,72.642921,OSM
"Netra Raksha Hospital, Thakkarbapa Nagar",Health,Ahmedabad,23.039226,72.638306,OSM
Shivam Heart and Medical Hospital,Health,Ahmedabad,23.056715,72.634133,OSM
Amruta Hospital and Heart Centre,Health,Ahmedabad,23.082678,72.589694,OSM
Hari Krishna Uro Surgical Hospital,Health,Ahmedabad,23.038101,72.643989,OSM
Shushilaben Neonatal And Child Care Centre,Health,Ahmedabad,23.031036,72.61494,OSM
Shree Aman Hospital,Health,Ahmedabad,23.084487,72.591416,OSM
"Parth Hospital, Ahmedabad",Health,Ahmedabad,23.083783,72.588912,OSM
Shiv Sharddha Nursing Home and Super Speciality Clinics,Health,Ahmedabad,23.054516,72.597187,OSM
Jariwala Women's Hospital,Health,Ahmedabad,23.054721,72.596429,OSM
Zeal Maternity And Nursing Home,Health,Ahmedabad,23.054488,72.60295,OSM
Shachi Women's Hospital,Health,Ahmedabad,23.066349,72.583834,OSM
Anand Children Hospital Neonatal Intensive Care,Health,Ahmedabad,23.048777,72.605993,OSM
Ami Eye Clinic,Health,Ahmedabad,23.063398,72.580982,OSM
Sanjivan Heart and Medical Hospital,Health,Ahmedabad,23.08377,72.590324,OSM
Sardar Hospital,Health,Ahmedabad,23.038018,72.644555,OSM
Rugved Multispeciality Hospital,Health,Ahmedabad,23.050432,72.646853,OSM
Kalptaru Hospital,Health,Ahmedabad,23.049363,72.594506,OSM
"Setu Surgical Hospital, Ahmedabad",Health,Ahmedabad,23.054092,72.642915,OSM
Soni Nursing Home,Health,Ahmedabad,23.072658,72.660492,OSM
Aarna Medical Hospital,Health,Ahmedabad,23.039512,72.638864,OSM
Akshar Krupa Hospital,Health,Ahmedabad,23.05443,72.595873,OSM
B.J. Medical College Hospital,Health,Ahmedabad,23.052658,72.602826,OSM
Government Spine Institute Hospital,Health,Ahmedabad,23.050011,72.60803,OSM
Austmangal Surgical Hospital,Health,Ahmedabad,23.054519,72.595823,OSM
Rudraksh Hospital,Health,Ahmedabad,23.062634,72.643695,OSM
"Navjivan Maternity and Orthopaedic Hospital, Ahmedabad",Health,Ahmedabad,23.054358,72.642873,OSM
Urvashi Nursing Home,Health,Ahmedabad,23.034299,72.58022,OSM
Memon Ent Hospital,Health,Ahmedabad,23.027227,72.586138,OSM
Shreeji Clinic and Nursing Home,Health,Ahmedabad,23.083514,72.59116,OSM
Shiv Jyoti Eye Hospital,Health,Ahmedabad,23.038816,72.633128,OSM
Reshambhai Fertility Hospital,Health,Ahmedabad,23.053907,72.596437,OSM
"Narang Eye Hospital, Munohwa By Pass Chowk",Health,Ahmedabad,23.048208,72.601645,OSM
Vikas Medical and Heart Hospital,Health,Ahmedabad,23.073077,72.652789,OSM
Dr. Suresh Balani,Health,Ahmedabad,23.065229,72.642595,OSM
Shree Sai Children Hospital,Health,Ahmedabad,23.114606,72.583891,OSM
"Shivam Medical Hospital, Sardar Nagar",Health,Ahmedabad,23.080982,72.621304,OSM
Aagman Maternity and Gynec Hospital,Health,Ahmedabad,23.043659,72.650261,OSM
Mahadev Eye Care,Health,Ahmedabad,23.065196,72.642613,OSM
Tejal Eye Hospital,Health,Ahmedabad,23.079099,72.575326,OSM
Ano Care Hospital,Health,Ahmedabad,23.037788,72.644003,OSM
"Adinath Hospital, Ahmedabad",Health,Ahmedabad,23.054805,72.596436,OSM
Akshar Eye Hospital,Health,Ahmedabad,23.065052,72.642667,OSM
Rachana Hospital,Health,Ahmedabad,23.048929,72.601685,OSM
Kalrav Maternity Hospital and Sonography Centre,Health,Ahmedabad,23.040527,72.658389,OSM
Aashirwad Surgical Hospital and Nursing Home,Health,Ahmedabad,23.083907,72.591188,OSM
Smt Shobhadevi Ent Hospital,Health,Ahmedabad,23.064969,72.642685,OSM
The Gujarat Research and Medical Institute ( Rajasthan Hospital),Health,Ahmedabad,23.05529,72.596909,OSM
Raghukul Ortho Hospital,Health,Ahmedabad,23.039593,72.635415,OSM
Madhuram Surgical Hospital,Health,Ahmedabad,23.032873,72.628405,OSM
"Shreyas Orthopedic Hospital, Ahmedabad",Health,Ahmedabad,23.115428,72.582282,OSM
Sanjeevani Fracture andAccident Hospital,Health,Ahmedabad,23.048746,72.606214,OSM
Gujarat Research And Medical Institute Hospital,Health,Ahmedabad,23.086953,72.628334,OSM
Chirayu Surgical Hospital,Health,Ahmedabad,23.06339,72.641211,OSM
Radha Krishna Hospital,Health,Ahmedabad,23.048918,72.604185,OSM
Shree Jee Eye and Orthopedic Hospital,Health,Ahmedabad,23.028639,72.596633,OSM
Chhapan Hospital,Health,Ahmedabad,23.02645,72.591737,OSM
Pinakin Dalal Hospital,Health,Ahmedabad,23.029419,72.593316,OSM
Dr. Tanumati Shah Hospital,Health,Ahmedabad,23.029011,72.592461,OSM
Jay Orthopedic Hospital,Health,Ahmedabad,23.02691,72.587214,OSM
Sheth Jamnabhai Bhagubhai Trust,Health,Ahmedabad,23.025979,72.591901,OSM
Parijat Children Hospital,Health,Ahmedabad,23.029395,72.590563,OSM
Dr. Nilofar Shaikh,Health,Ahmedabad,23.029041,72.594698,OSM
Rameshwar Multi Speciality Hospital,Health,Ahmedabad,23.058278,72.622202,OSM
Sevak Maternity & Surgical Hospital,Health,Ahmedabad,23.096892,72.596062,OSM
Navjivan Hospital,Health,Ahmedabad,23.114943,72.581545,OSM
Gayatri X Ray Clinic and Health Care,Health,Ahmedabad,23.059159,72.62133,OSM
Munciapl Prasuti Hospital,Health,Ahmedabad,23.037605,72.579885,OSM
Pushp Hospital and Maternity Home,Health,Ahmedabad,23.114332,72.578769,OSM
Devarshi Super Speciality Hospital,Health,Ahmedabad,23.122105,72.582052,OSM
Adhvait Psychiatry Hospital,Health,Ahmedabad,23.038118,72.576487,OSM
Shahpur Medical Hospital,Health,Ahmedabad,23.036011,72.578167,OSM
Dr. Yasin,Health,Ahmedabad,23.036071,72.581093,OSM
Krishna Maternity and Nursing Home,Health,Ahmedabad,23.045083,72.581598,OSM
Rajdip Children Hospital,Health,Ahmedabad,23.08992,72.590307,OSM
Dr. Atul Vaidhya,Health,Ahmedabad,23.048502,72.601561,OSM
Navodaya Hospital for Neonates and Children,Health,Ahmedabad,23.111209,72.584708,OSM
ESIC Hospital,Health,Ahmedabad,23.053458,72.589815,OSM
Chandkheda Orthopedic & Surgical Hospital,Health,Ahmedabad,23.113705,72.583096,OSM
Parimal Hospital,Health,Ahmedabad,23.095857,72.59583,OSM
Shivam Surgical and Dental Hospital,Health,Ahmedabad,23.114583,72.582827,OSM
Maheshwari Children Hospital,Health,Ahmedabad,23.040355,72.579504,OSM
Sagar Multi Speciality Hospital,Health,Ahmedabad,23.048956,72.581574,OSM
Kamal Hospital,Health,Ahmedabad,23.059688,72.61811,OSM
Gcs Hospital,Health,Ahmedabad,23.046573,72.6083,OSM
Shreeja Krupa Children Hospital,Health,Ahmedabad,23.032378,72.577407,OSM
Shraddha Multi Speciality Hospital,Health,Ahmedabad,23.032023,72.577351,OSM
Neuron Neuro Surgical Hospital,Health,Ahmedabad,23.037853,72.576397,OSM
Military Hospital,Health,Ahmedabad,23.058909,72.601892,OSM
Krishna Hospital,Health,Ahmedabad,23.040232,72.577715,OSM
Ansh Multispeciality Hospital,Health,Ahmedabad,23.114667,72.580661,OSM
Sonal Maternity Hospital,Health,Ahmedabad,23.054795,72.620877,OSM
Sentara Multispeciality Hospital,Health,Ahmedabad,23.112524,72.583451,OSM
Lokhandwala General Hospital,Health,Ahmedabad,23.0347,72.595183,OSM
Bachardas Lashkari Hospital,Health,Ahmedabad,23.035637,72.588423,OSM
Rhythm Heart and Medical Hospital,Health,Ahmedabad,23.113388,72.583182,OSM
Lotus Multispeciality Hospital,Health,Ahmedabad,23.104446,72.602558,OSM
Namrata Heart and Medical Clinic,Health,Ahmedabad,23.048981,72.601662,OSM
Gujarat State Police Welfare Hospital,Health,Ahmedabad,23.055335,72.590092,OSM
Ashirwad Maternity and Nursing Home,Health,Ahmedabad,23.056258,72.620709,OSM
Puneet Maternity Nursing Home,Health,Ahmedabad,23.051416,72.596142,OSM
Indus Hospital,Health,Ahmedabad,23.092043,72.591111,OSM
Jain Hospital,Health,Ahmedabad,23.052103,72.595334,OSM
Clear Vision Eye Hospital,Health,Ahmedabad,23.045993,72.589386,OSM
Param Multispeciality Hospital,Health,Ahmedabad,23.104739,72.597616,OSM
Shivam Hospital,Health,Ahmedabad,23.039992,72.57786,OSM
Parijat Children Hospital,Health,Ahmedabad,23.029403,72.590582,OSM
Pinakin Dala Hospital,Health,Ahmedabad,23.029444,72.593315,OSM
muncipal parsuti Hospital,Health,Ahmedabad,23.037625,72.579883,OSM
Shahur Medical Hospital,Health,Ahmedabad,23.036026,72.578178,OSM
Paras Hospital,Health,Ahmedabad,23.03421,72.580437,OSM
Shraddha Multispecialist Hospital,Health,Ahmedabad,23.032039,72.577354,OSM
Kalptaru Hospital,Health,Ahmedabad,23.049305,72.594469,OSM
Kidney Hospital,Health,Ahmedabad,23.04949,72.607491,OSM
Civil Hospital,Health,Ahmedabad,23.052297,72.604384,OSM
Military Hospital,Health,Ahmedabad,23.059041,72.601975,OSM
GCS Hospital,Health,Ahmedabad,23.046573,72.608295,OSM
Shivam Surgical Hospital,Health,Ahmedabad,23.07298,72.652875,OSM
Skinfluent Clinic,Health,Ahmedabad,23.052206,72.592102,OSM
Dr. Arora's Orthodontic & Dental Clinic,Health,Ahmedabad,23.108909,72.595287,OSM
TEJASYA ORTHOPAEDIC HOSPITAL - DR RAVI PATEL orthopaedic surgeon,Health,Ahmedabad,23.049714,72.670116,OSM
Victoria Jubilee Hospital,Health,Ahmedabad,23.025044,72.599972,OSM
SMS Multi-Speciality Hospital,Health,Ahmedabad,23.115616,72.607951,OSM
Apollo Hospitals International Limited,Health,Ahmedabad,23.111034,72.626877,OSM
Utkarsh hospital,Health,Ahmedabad,23.107951,72.578307,OSM
"Community Health Centre, Chandkheda",Health,Ahmedabad,23.113222,72.575585,OSM
Health Center,Health,Gandhinagar,23.103941,72.567937,OSM
Kesharbhavani Medical Store,Health,Gandhinagar,23.085533,72.564382,OSM
Geeta Maternity Hospital,Health,Gandhinagar,23.083605,72.590121,OSM
Sabarmati Development Society Sanchalit Sheth Shri Pukhraj Raichand General Hospital,Health,Gandhinagar,23.082963,72.590696,OSM
Amba Health Centre & Hospital,Health,Gandhinagar,23.176427,72.575341,OSM
vizcare hospital,Health,Gandhinagar,23.099727,72.536322,OSM
Aryan's Villa💞,Health,Gandhinagar,23.088244,72.584299,OSM
West Cost pharma,Health,Gandhinagar,23.087526,72.536757,OSM
Aalisha Clinic,Health,Gandhinagar,23.085886,72.563823,OSM
BalMukund Hospital,Health,Gandhinagar,23.093207,72.559284,OSM
S G Hospital Chandlodiya,Health,Gandhinagar,23.084891,72.551224,OSM
Vasudha Eye Hospital,Health,Gandhinagar,23.083447,72.589506,OSM
Samata Hospital Pvt.Ltd,Health,Gandhinagar,23.082704,72.546908,OSM
Satyam Children Hospital,Health,Gandhinagar,23.11487,72.583866,OSM
Om Pediatric and Neonatal Criticare Hospital,Health,Gandhinagar,23.099728,72.591475,OSM
Kalyani Nursing Home and Sonography Clinic,Health,Gandhinagar,23.102208,72.571388,OSM
Shilp E.N.T Clinic and Hospital,Health,Gandhinagar,23.108958,72.593041,OSM
Netra Jyoti Eye and Ent Hospital,Health,Gandhinagar,23.109338,72.588505,OSM
"Utkarsh Hospital, Ahmedabad",Health,Gandhinagar,23.107899,72.578366,OSM
Panchshil Hospital,Health,Gandhinagar,23.084335,72.591975,OSM
Khara Fracture and Orthopaedic Hospital,Health,Gandhinagar,23.082695,72.588706,OSM
Sivmm Kidney Hospital,Health,Gandhinagar,23.08348,72.591222,OSM
Sharda Eye Hospital,Health,Gandhinagar,23.087058,72.592097,OSM
Dhruvi ENT Hospital,Health,Gandhinagar,23.087219,72.592289,OSM
Neelkamal Hospital Pvt Ltd (Pooja Hospital),Health,Gandhinagar,23.083897,72.591249,OSM
Sanskar Heart Care And Medical Hospital,Health,Gandhinagar,23.098123,72.589113,OSM
Pushpa Children Hospital and Neonatal Care,Health,Gandhinagar,23.106778,72.598075,OSM
Divya Jyot Eye Hospital,Health,Gandhinagar,23.083846,72.591181,OSM
Satyamev Hospital,Health,Gandhinagar,23.120442,72.581544,OSM
"Pushpam Hospital, Ahmedabad",Health,Gandhinagar,23.102994,72.569728,OSM
Amrut Arogyadham Medical Hospital,Health,Gandhinagar,23.110546,72.584973,OSM
Jainee Surgical Hospital,Health,Gandhinagar,23.080328,72.566661,OSM
Amruta Hospital and Heart Centre,Health,Gandhinagar,23.082678,72.589694,OSM
Shree Aman Hospital,Health,Gandhinagar,23.084487,72.591416,OSM
"Parth Hospital, Ahmedabad",Health,Gandhinagar,23.083783,72.588912,OSM
Sanjivani Heart And Medical Hospital - Gandhinagar,Health,Gandhinagar,23.192486,72.613289,OSM
Sanjivan Heart and Medical Hospital,Health,Gandhinagar,23.08377,72.590324,OSM
Shri Yogeshwar General Hospital,Health,Gandhinagar,23.081286,72.538058,OSM
Mahalaxmi Maternity Nursing Home and Sonography Center,Health,Gandhinagar,23.080423,72.535507,OSM
Shreeji Clinic and Nursing Home,Health,Gandhinagar,23.083514,72.59116,OSM
Dr Yashvant Chhatbar,Health,Gandhinagar,23.11113,72.571964,OSM
Government hospital Adalaj,Health,Gandhinagar,23.167703,72.585774,OSM
Shree Sai Children Hospital,Health,Gandhinagar,23.114606,72.583891,OSM
Vinayak Children Hospital-Ahmedabad,Health,Gandhinagar,23.080436,72.567974,OSM
Aashirwad Surgical Hospital and Nursing Home,Health,Gandhinagar,23.083907,72.591188,OSM
"Shreyas Orthopedic Hospital, Ahmedabad",Health,Gandhinagar,23.115428,72.582282,OSM
Mahavir Clinic & Nursing Home,Health,Gandhinagar,23.105918,72.569694,OSM
Sevak Maternity & Surgical Hospital,Health,Gandhinagar,23.096892,72.596062,OSM
Navjivan Hospital,Health,Gandhinagar,23.114943,72.581545,OSM
Pushp Hospital and Maternity Home,Health,Gandhinagar,23.114332,72.578769,OSM
Devarshi Super Speciality Hospital,Health,Gandhinagar,23.122105,72.582052,OSM
Rajdip Children Hospital,Health,Gandhinagar,23.08992,72.590307,OSM
Navodaya Hospital for Neonates and Children,Health,Gandhinagar,23.111209,72.584708,OSM
Chandkheda Orthopedic & Surgical Hospital,Health,Gandhinagar,23.113705,72.583096,OSM
Parimal Hospital,Health,Gandhinagar,23.095857,72.59583,OSM
Shivam Surgical and Dental Hospital,Health,Gandhinagar,23.114583,72.582827,OSM
Ansh Multispeciality Hospital,Health,Gandhinagar,23.114667,72.580661,OSM
Sentara Multispeciality Hospital,Health,Gandhinagar,23.112524,72.583451,OSM
Rhythm Heart and Medical Hospital,Health,Gandhinagar,23.113388,72.583182,OSM
Lotus Multispeciality Hospital,Health,Gandhinagar,23.104446,72.602558,OSM
Indus Hospital,Health,Gandhinagar,23.092043,72.591111,OSM
Param Multispeciality Hospital,Health,Gandhinagar,23.104739,72.597616,OSM
Hridaan Hospital & Pharmacy,Health,Gandhinagar,23.094347,72.546903,OSM
Satyam Hospital,Health,Gandhinagar,23.094012,72.546777,OSM
Skin and Cosmetology Clinic,Health,Gandhinagar,23.189872,72.608393,OSM
Vishwas Kamdhenu Panchgavya Aarogya Hospital,Health,Gandhinagar,23.169115,72.612958,OSM
Om Prasuti Gruha Hospital,Health,Gandhinagar,23.161689,72.587112,OSM
KD Blossom,Health,Gandhinagar,23.135475,72.541562,OSM
"Dr Alka Makwana - Arista Skin, Hair and Laser Clinic",Health,Gandhinagar,23.092598,72.545922,OSM
Dr. Arora's Orthodontic & Dental Clinic,Health,Gandhinagar,23.108909,72.595287,OSM
SMS Multi-Speciality Hospital,Health,Gandhinagar,23.115616,72.607951,OSM
Utkarsh hospital,Health,Gandhinagar,23.107951,72.578307,OSM
"Community Health Centre, Chandkheda",Health,Gandhinagar,23.113222,72.575585,OSM
"Jeevandeep Hospital, Sardanagar",Health,Gandhinagar,23.085673,72.633547,OSM
"Kothari Hospital, Ahmedabad",Health,Gandhinagar,23.085556,72.630544,OSM
"Gayathri Hospital, Ahmedabad",Health,Gandhinagar,23.101819,72.665951,OSM
"Kanoria Hospital And Research Centre, Gandhinagar",Health,Gandhinagar,23.099379,72.628559,OSM
"Shivam Medical Hospital, Sardar Nagar",Health,Gandhinagar,23.080982,72.621304,OSM
Gujarat Research And Medical Institute Hospital,Health,Gandhinagar,23.086953,72.628334,OSM
Sanjivani Babycare Hospital,Health,Gandhinagar,23.179368,72.633425,OSM
Anshul Homoeopathy Clinic,Health,Gandhinagar,23.178993,72.629041,OSM
Shivam Clinic,Health,Gandhinagar,23.181673,72.637304,OSM
Aashka Multispeciality Hospitals,Health,Gandhinagar,23.185786,72.62179,OSM
Life Apollo Hospitals,Health,Gandhinagar,23.192604,72.638554,OSM
Dr. Charulata Harshe Clinic,Health,Gandhinagar,23.198937,72.638732,OSM
Health Focus Physiotherapy Clinic,Health,Gandhinagar,23.176136,72.63675,OSM
Vachhani Hospital,Health,Gandhinagar,23.179407,72.634087,OSM
Navkar Clinic & Health Care,Health,Gandhinagar,23.178224,72.636617,OSM
Starling Hospital,Health,Gandhinagar,23.181426,72.700156,OSM
Radhe Hospital,Health,Gandhinagar,23.181785,72.628082,OSM
Dr Vijay's Dental Hub,Health,Gandhinagar,23.182011,72.628672,OSM
Apollo Hospitals International Limited,Health,Gandhinagar,23.111034,72.626877,OSM
SMVS Hospital,Health,Gandhinagar,23.177366,72.641014,OSM
DAU General Clinic,Health,Gandhinagar,23.188316,72.626953,OSM
Vardayini Medicare & Skin Clinic,Health,Gandhinagar,23.312186,72.59484,OSM
Revabai General Hospital,Health,Gandhinagar,23.300703,72.567619,OSM
Dr. Bhavin Patel Clinic,Health,Gandhinagar,23.312605,72.595323,OSM
Akshar Clinic,Health,Gandhinagar,23.223914,72.61545,OSM
Civil Hospital,Health,Gandhinagar,23.219661,72.641845,OSM
"Vinayak Orthopaedic Hospital, Pathika S.T. Stand",Health,Gandhinagar,23.215036,72.642838,OSM
"Mamta Children Hospital, Gandhinagar",Health,Gandhinagar,23.244891,72.649352,OSM
Hi Tech Hospital,Health,Gandhinagar,23.205406,72.633699,OSM
"Sanjivani Hospital, Gandhinagar",Health,Gandhinagar,23.232483,72.668678,OSM
Mukund Eye Hospital,Health,Gandhinagar,23.21572,72.649104,OSM
Yashdeep Heart and Medical Hospital,Health,Gandhinagar,23.232789,72.658548,OSM
Narayani ENT Clinic,Health,Gandhinagar,23.214792,72.642971,OSM
Ila Maternity Hospital - Gandhinagar,Health,Gandhinagar,23.231894,72.650032,OSM
"Kalrav Children Hospital, Gandhinagar",Health,Gandhinagar,23.232181,72.653964,OSM
Dr Dipak L Mehta Clinic,Health,Gandhinagar,23.21179,72.646683,OSM
Shashvat Hospital,Health,Gandhinagar,23.204585,72.633166,OSM
Urvi Maternity Hospital,Health,Gandhinagar,23.232964,72.659141,OSM
"Gayatri Hospital, Gandhinagar",Health,Gandhinagar,23.212743,72.629977,OSM
Sheth N.N Saravajanik Hospital,Health,Gandhinagar,23.290595,72.635417,OSM
Sharada Medical Nursing Home and Eye Care Pvt. Ltd.,Health,Gandhinagar,23.215203,72.640858,OSM
Sarkari Ayurved Hospital,Health,Gandhinagar,23.236336,72.654183,OSM
"Navjivan Hospital, Gandhinagar",Health,Gandhinagar,23.214939,72.640626,OSM
Government Hospital Sector 22,Health,Gandhinagar,23.234437,72.658592,OSM
Government Hospital Sector-3A,Health,Gandhinagar,23.201649,72.627894,OSM
Tejas Surgical Hospital,Health,Gandhinagar,23.215334,72.642215,OSM
Urmi Hospital,Health,Gandhinagar,23.243594,72.65176,OSM
Dr. Vijay B. Oza's Clinic,Health,Gandhinagar,23.209072,72.638064,OSM
Anand Hospital,Health,Gandhinagar,23.208854,72.636785,OSM
Air Force Hospital,Health,Gandhinagar,23.242372,72.695576,OSM
Shrey Maternity and Nursing Home,Health,Gandhinagar,23.227907,72.653171,OSM
Government Hospital,Health,Gandhinagar,23.230396,72.653808,OSM
Radhe Clinic,Health,Gandhinagar,23.207273,72.63615,OSM
Harjivan Hospital,Health,Gandhinagar,23.256938,72.633633,OSM
Radhe Children Hospital,Health,Gandhinagar,23.206201,72.634117,OSM
Nitaben Shekhat Hospital,Health,Gandhinagar,23.215217,72.642378,OSM
Pagarav Multi Speciality Hospital & ICU,Health,Gandhinagar,23.24391,72.651229,OSM
Jalaram Hospital,Health,Gandhinagar,23.211239,72.636593,OSM
Pankti Clinic,Health,Gandhinagar,23.234691,72.6581,OSM
ESIC Hospital,Health,Gandhinagar,23.230505,72.652228,OSM
Urmi Homeopathic Clinic,Health,Gandhinagar,23.2344,72.652791,OSM
Sanjivani Children Hospital,Health,Gandhinagar,23.208584,72.636605,OSM
Raj Maternity Home,Health,Gandhinagar,23.204844,72.641238,OSM
Shree Ratanraj General Hospital,Health,Gandhinagar,23.245307,72.647255,OSM
Aatrey Ayurvedic Clinic,Health,Gandhinagar,23.229615,72.668298,OSM
Dr. Ami Sanjay Shah,Health,Gandhinagar,23.206341,72.646314,OSM
Niramay Clinic,Health,Gandhinagar,23.239073,72.670436,OSM
Keshavam Eye Clinic,Health,Gandhinagar,23.232927,72.659152,OSM
Shubham Maternity Hospital,Health,Gandhinagar,23.20793,72.646697,OSM
Shraddha Bhakti Maternity Hospital,Health,Gandhinagar,23.207234,72.635791,OSM
Dr. P S Patel Clinic,Health,Gandhinagar,23.205993,72.641947,OSM
NeuroPanch Ayurved Hospital,Health,Gandhinagar,23.22982,72.666818,OSM
GEB Hospital,Health,Gandhinagar,23.25575,72.670634,OSM
Yashdeep Eye & Children Hospital,Health,Gandhinagar,23.208897,72.636715,OSM
Mann Hospital,Health,Gandhinagar,23.215188,72.641134,OSM
Tej Eye Centre Superspeciality Eye Hospital,Health,Gandhinagar,23.210733,72.636462,OSM
Jeevan Hospital,Health,Gandhinagar,23.20883,72.643686,OSM
Foram Clinic for Children,Health,Gandhinagar,23.216387,72.639769,OSM
Ashirwad Children Hospital,Health,Gandhinagar,23.229155,72.653434,OSM
Niky Hospital,Health,Gandhinagar,23.246411,72.660666,OSM
Shree Rajratan General & Surgical Hospital,Health,Gandhinagar,23.211897,72.639305,OSM
Kalp Children Hospital,Health,Gandhinagar,23.215199,72.642154,OSM
Dr. Kartik Mehta and Shrey Nurshing Home,Health,Gandhinagar,23.228139,72.653152,OSM
Ukti Maternity Hospital,Health,Gandhinagar,23.23551,72.659967,OSM
Shyam Maternity Hospital,Health,Gandhinagar,23.246834,72.647066,OSM
Prathna Maternity Home,Health,Gandhinagar,23.208987,72.636796,OSM
Dr. Somani,Health,Gandhinagar,23.215394,72.641815,OSM
Sarthak Clinic,Health,Gandhinagar,23.211776,72.630058,OSM
Sanidhya Multi Speciality Hospital & Trauma Centre,Health,Gandhinagar,23.266121,72.668528,OSM
Atharva Clinic,Health,Gandhinagar,23.244778,72.647411,OSM
P Manubhai Medical and Provision Stores,Health,Gandhinagar,23.231448,72.664606,OSM
Arihant X-Ray and Sonography,Health,Gandhinagar,23.226933,72.646534,OSM
Shree Gayatri Homeo Pharmacy,Health,Gandhinagar,23.226859,72.646485,OSM
Usmanpura Imaging Centre,Health,Gandhinagar,23.21655,72.639754,OSM
GMERS MEDICAL COLLEGE HOSPITAL GANDHINAGAR,Health,Gandhinagar,23.219675,72.640861,OSM
Akshar Hospital,Health,Gandhinagar,23.215165,72.641722,OSM
Dr. vipul prajapati,Health,Gandhinagar,23.214667,72.642099,OSM
Purusharth Surgical Hospital,Health,Gandhinagar,23.229672,72.648529,OSM
Anand Hospital,Health,Gandhinagar,23.226784,72.646883,OSM
"Medical Center, IITGN",Health,Gandhinagar,23.211623,72.686605,OSM
manegbaug,Park,Ahmedabad,23.011463,72.550513,OSM
EVENT GROUND,Park,Ahmedabad,23.016098,72.573341,OSM
Law Garden,Park,Ahmedabad,23.025774,72.561156,OSM
Parimal Garden,Park,Ahmedabad,23.020132,72.55523,OSM
Bhikhbhai Garden,Park,Ahmedabad,23.024022,72.572715,OSM
Rasala Nature Park,Park,Ahmedabad,23.022407,72.559843,OSM
Bansidhar Garden,Park,Ahmedabad,22.999494,72.554273,OSM
Paldi Municipal Garden,Park,Ahmedabad,23.012062,72.564393,OSM
Sukhipura Park,Park,Ahmedabad,23.012183,72.55133,OSM
Sukan Udyan,Park,Ahmedabad,23.019071,72.540852,OSM
Parth Public Park,Park,Ahmedabad,23.014172,72.523072,OSM
Marichi Public Park,Park,Ahmedabad,23.021505,72.527543,OSM
Utsav Public Park,Park,Ahmedabad,23.011405,72.516038,OSM
Pancha Talav,Park,Ahmedabad,23.00976,72.51195,OSM
Malav Talav,Park,Ahmedabad,23.007321,72.538986,OSM
"Flower Park, Sabarmati Riverfront",Park,Ahmedabad,23.019151,72.573996,OSM
Prahladnagar Garden,Park,Ahmedabad,23.012546,72.505663,OSM
AUDA Garden South Bopal,Park,Ahmedabad,23.017202,72.472569,OSM
Dhanvantari Garden,Park,Ahmedabad,23.00354,72.559934,OSM
Harenbhai Viththalbhai Pandya Udhyan,Park,Ahmedabad,23.007863,72.544755,OSM
Shardanagar Park,Park,Ahmedabad,23.010373,72.550449,OSM
Popatlal Chhotalal Dani Udhyan,Park,Ahmedabad,23.011948,72.542721,OSM
Vishwamitra Public Park,Park,Ahmedabad,23.017812,72.525254,OSM
Senior Citizen Park,Park,Ahmedabad,23.007643,72.547635,OSM
Ahmedabad Municipal Udhyan,Park,Ahmedabad,23.000116,72.504664,OSM
AMC Udhyan,Park,Ahmedabad,23.024394,72.501592,OSM
Riverfront Biodiversity Park,Park,Ahmedabad,22.996242,72.560621,OSM
yoga nursery,Park,Ahmedabad,23.017056,72.535368,OSM
Shaligram Oxygen Park,Park,Ahmedabad,23.016625,72.465611,OSM
AMC Electrotherm Park,Park,Ahmedabad,23.016659,72.46303,OSM
Jambavan Udhyan,Park,Ahmedabad,23.010245,72.540268,OSM
Uttamnagar Garden (Public Park),Park,Ahmedabad,22.992198,72.606752,OSM
Akha Bhagat Chowk,Park,Ahmedabad,23.022459,72.593704,OSM
karanj bhag,Park,Ahmedabad,23.024236,72.582275,OSM
One Tree Hill Garden,Park,Ahmedabad,23.004863,72.598021,OSM
Suresh Rathod House,Park,Ahmedabad,22.981817,72.612305,OSM
Naginawadi,Park,Ahmedabad,23.005726,72.601085,OSM
Lokmanya Tilak Garden (Victoria Garden),Park,Ahmedabad,23.021846,72.57905,OSM
Khokhra Municipal Garden,Park,Ahmedabad,23.000237,72.620051,OSM
Ahmed Sah Mosque,Park,Ahmedabad,23.02292,72.579454,OSM
Uttamnagar Garden,Park,Ahmedabad,22.992678,72.606571,OSM
krupa,Park,Ahmedabad,22.988158,72.634905,OSM
Kankaria Football Ground,Park,Ahmedabad,23.006952,72.597445,OSM
Oxygen Park,Park,Ahmedabad,22.984623,72.629365,OSM
Jadeshwar Van,Park,Ahmedabad,23.012438,72.661434,OSM
Vastral Lake Park,Park,Ahmedabad,23.000245,72.66785,OSM
Ratanpura garden,Park,Ahmedabad,22.993464,72.658019,OSM
Samarpan Paltry Plots,Park,Ahmedabad,23.02799,72.513878,OSM
park,Park,Ahmedabad,23.040704,72.528048,OSM
kalrav villa,Park,Ahmedabad,23.083738,72.44493,OSM
Olivewoods Club House,Park,Ahmedabad,23.060976,72.446141,OSM
Iskcon Garden,Park,Ahmedabad,23.028774,72.5063,OSM
Dr. Parth Amin (ENT Specialist) Mediheal Hospital,Park,Ahmedabad,23.079758,72.501761,OSM
Bhakt Kavi Narsinh Mehta Sarovar,Park,Ahmedabad,23.039085,72.52889,OSM
Law Garden,Park,Ahmedabad,23.025774,72.561156,OSM
Lion Sharad Mehta Garden,Park,Ahmedabad,23.044266,72.546946,OSM
AUDA Garden,Park,Ahmedabad,23.064069,72.526524,OSM
Bagban Party Plot,Park,Ahmedabad,23.05089,72.499043,OSM
Bhikhbhai Garden,Park,Ahmedabad,23.024022,72.572715,OSM
Trikonya Garden,Park,Ahmedabad,23.025067,72.549547,OSM
VikramNagar Park,Park,Ahmedabad,23.029326,72.50083,OSM
VikramNagar Park,Park,Ahmedabad,23.028289,72.503168,OSM
VikramNagar Park,Park,Ahmedabad,23.030022,72.503238,OSM
VikramNagar Nursery,Park,Ahmedabad,23.030291,72.501311,OSM
Sindhu Bhavan Park,Park,Ahmedabad,23.041653,72.502223,OSM
Ashvini Public Park,Park,Ahmedabad,23.040002,72.520192,OSM
Rohini Public Park,Park,Ahmedabad,23.039213,72.52027,OSM
Chitra Public Park,Park,Ahmedabad,23.035179,72.521762,OSM
Sandipani Park,Park,Ahmedabad,23.033729,72.516872,OSM
JBR Residency Garden,Park,Ahmedabad,23.073737,72.511374,OSM
green gujrat nursery,Park,Ahmedabad,23.054148,72.523518,OSM
divya farm nursery,Park,Ahmedabad,23.057775,72.529486,OSM
North Lawns,Park,Ahmedabad,23.038504,72.550001,OSM
Usmanpura Garden,Park,Ahmedabad,23.047764,72.568727,OSM
Municipal Garden,Park,Ahmedabad,23.078709,72.567712,OSM
Senior Citizen Park-AMC,Park,Ahmedabad,23.081678,72.567105,OSM
AMC-Garden,Park,Ahmedabad,23.082478,72.562249,OSM
AMC- Garden,Park,Ahmedabad,23.080676,72.563711,OSM
Gotila Garden Talav,Park,Ahmedabad,23.039896,72.495203,OSM
Energy Park,Park,Ahmedabad,23.080202,72.494328,OSM
Life Science Park,Park,Ahmedabad,23.079095,72.494654,OSM
Botanical Garden,Park,Ahmedabad,23.129313,72.548325,OSM
High Court Garden,Park,Ahmedabad,23.079534,72.524562,OSM
High Court Garden,Park,Ahmedabad,23.081187,72.525038,OSM
High Court Garden,Park,Ahmedabad,23.079439,72.525393,OSM
High Court Garden,Park,Ahmedabad,23.080364,72.525779,OSM
AMC Mahila Udyan,Park,Ahmedabad,23.032716,72.506125,OSM
Ecology Park,Park,Ahmedabad,23.045666,72.454579,OSM
riverfront garden,Park,Ahmedabad,23.042942,72.572496,OSM
Shree Maharshi Arvind Garden,Park,Ahmedabad,23.056719,72.555674,OSM
AUDA garden,Park,Ahmedabad,23.042708,72.531579,OSM
Uday park,Park,Ahmedabad,23.040642,72.528506,OSM
vikram park,Park,Ahmedabad,23.043009,72.509092,OSM
Ishwarbhai patel garden,Park,Ahmedabad,23.072481,72.571781,OSM
Vande mataram park,Park,Ahmedabad,23.064888,72.569381,OSM
municipal park,Park,Ahmedabad,23.054074,72.561865,OSM
Prahladbhai Patel Joggers Park,Park,Ahmedabad,23.043182,72.554409,OSM
Aussizz Group Imigration Agent,Park,Ahmedabad,23.048457,72.571711,OSM
Pandav Park,Park,Ahmedabad,23.069699,72.536031,OSM
Auda Gardern,Park,Ahmedabad,23.034231,72.512448,OSM
Pragatinagar Garden,Park,Ahmedabad,23.064453,72.556968,OSM
Sardar Patel Garden,Park,Ahmedabad,23.068639,72.51492,OSM
childrens park,Park,Ahmedabad,23.029967,72.5242,OSM
Sundarvan,Park,Ahmedabad,23.026638,72.521436,OSM
"AUDA garden, Gota",Park,Ahmedabad,23.100522,72.539498,OSM
AMC Symphony Forest Park,Park,Ahmedabad,23.044634,72.511677,OSM
Orchard Building park,Park,Ahmedabad,23.115227,72.553776,OSM
Vidyaben Vasant Gajendragadkar Udyan,Park,Ahmedabad,23.026252,72.540352,OSM
Chandrashekhar Azad Garden,Park,Ahmedabad,23.028867,72.532615,OSM
Shravan Public Park,Park,Ahmedabad,23.037071,72.523343,OSM
Chandlodiya Garden 1,Park,Ahmedabad,23.084415,72.55325,OSM
Chandlodiya Garden 2,Park,Ahmedabad,23.083764,72.553719,OSM
Kali Cultural Garden,Park,Ahmedabad,23.107022,72.574203,OSM
Vivekanand Lake Park,Park,Ahmedabad,23.051383,72.537297,OSM
Chharodi Park,Park,Ahmedabad,23.12392,72.540765,OSM
Nature Park,Park,Ahmedabad,23.077755,72.494241,OSM
CS Garden,Park,Ahmedabad,23.050218,72.494702,OSM
Memnagar Park,Park,Ahmedabad,23.049718,72.542731,OSM
Sarathi Public Park,Park,Ahmedabad,23.051316,72.541676,OSM
Greenmosphere Park,Park,Ahmedabad,23.09902,72.526043,OSM
"Oxygen Park, Sindhu Bhavan Road",Park,Ahmedabad,23.041809,72.487579,OSM
Khoraj Lake Garden,Park,Ahmedabad,23.137082,72.55068,OSM
Usmanpura Gam Garden,Park,Ahmedabad,23.047332,72.572385,OSM
jai bajrang bali nursery,Park,Ahmedabad,23.056209,72.536657,OSM
લલિતા ગોવિંદ ઉદ્યાન,Park,Ahmedabad,23.1295,72.554052,OSM
Credai Garden,Park,Ahmedabad,23.049045,72.483727,OSM
ડૉ. વનીકર ઉદ્યાન,Park,Ahmedabad,23.030482,72.567154,OSM
Picnic Party Plot,Park,Ahmedabad,23.085536,72.64897,OSM
Hansol Garden,Park,Ahmedabad,23.083742,72.622746,OSM
Riverfront Children's Park,Park,Ahmedabad,23.065286,72.596084,OSM
Devi Public park,Park,Ahmedabad,23.108212,72.584696,OSM
Morarji Desai Park,Park,Ahmedabad,23.061931,72.582463,OSM
Hajipura Garden,Park,Ahmedabad,23.042866,72.590696,OSM
Bhogilal Mistry (Lotikaka) Park,Park,Ahmedabad,23.04237,72.579401,OSM
Childrens Traffic Park,Park,Ahmedabad,23.026329,72.578979,OSM
Appartment Park,Park,Ahmedabad,23.077338,72.665855,OSM
"Madhuvan Green Party Plot ,Nikol",Park,Ahmedabad,23.059001,72.671535,OSM
Kubernagar garden,Park,Ahmedabad,23.074984,72.641931,OSM
Riverfront Park,Park,Ahmedabad,23.056524,72.582223,OSM
Jethabhai Parmar Garden,Park,Ahmedabad,23.048763,72.60054,OSM
santshree satramdas udyan,Park,Ahmedabad,23.084078,72.629336,OSM
Manorama Garden,Park,Ahmedabad,23.089513,72.639713,OSM
SardarNagar Community Garden,Park,Ahmedabad,23.081242,72.624171,OSM
Hansol Garden,Park,Ahmedabad,23.083742,72.622746,OSM
Shree Kaniyalal Nathuram Gurjar Park,Park,Ahmedabad,23.080961,72.633608,OSM
Shaaheed vir rushikesh park,Park,Ahmedabad,23.05147,72.66718,OSM
Majmudar common plot,Park,Ahmedabad,23.065347,72.634101,OSM
Devi Public Park,Park,Ahmedabad,23.108334,72.584882,OSM
Childrens Park,Park,Ahmedabad,23.100151,72.582574,OSM
"AUDA park, Kathwada",Park,Ahmedabad,23.064146,72.692073,OSM
Devi Public park,Park,Gandhinagar,23.108212,72.584696,OSM
Senior Citizen Park-AMC,Park,Gandhinagar,23.081678,72.567105,OSM
AMC-Garden,Park,Gandhinagar,23.082478,72.562249,OSM
AMC- Garden,Park,Gandhinagar,23.080676,72.563711,OSM
Botanical Garden,Park,Gandhinagar,23.129313,72.548325,OSM
Bliss Garden,Park,Gandhinagar,23.185352,72.573894,OSM
"AUDA garden, Gota",Park,Gandhinagar,23.100522,72.539498,OSM
Orchard Building park,Park,Gandhinagar,23.115227,72.553776,OSM
Chandlodiya Garden 1,Park,Gandhinagar,23.084415,72.55325,OSM
Chandlodiya Garden 2,Park,Gandhinagar,23.083764,72.553719,OSM
Kali Cultural Garden,Park,Gandhinagar,23.107022,72.574203,OSM
Devi Public Park,Park,Gandhinagar,23.108334,72.584882,OSM
Childrens Park,Park,Gandhinagar,23.100151,72.582574,OSM
Chharodi Park,Park,Gandhinagar,23.12392,72.540765,OSM
Khoraj Lake Garden,Park,Gandhinagar,23.137082,72.55068,OSM
લલિતા ગોવિંદ ઉદ્યાન,Park,Gandhinagar,23.1295,72.554052,OSM
Picnic Party Plot,Park,Gandhinagar,23.085536,72.64897,OSM
Hansol Garden,Park,Gandhinagar,23.083742,72.622746,OSM
Bhat Circle,Park,Gandhinagar,23.117073,72.631268,OSM
GUDA Garden,Park,Gandhinagar,23.16423,72.650388,OSM
Joggers Park,Park,Gandhinagar,23.161933,72.650176,OSM
santshree satramdas udyan,Park,Gandhinagar,23.084078,72.629336,OSM
Manorama Garden,Park,Gandhinagar,23.089513,72.639713,OSM
SardarNagar Community Garden,Park,Gandhinagar,23.081242,72.624171,OSM
Hansol Garden,Park,Gandhinagar,23.083742,72.622746,OSM
Shree Kaniyalal Nathuram Gurjar Park,Park,Gandhinagar,23.080961,72.633608,OSM
Botanical Garden,Park,Gandhinagar,23.193101,72.647761,OSM
Cactus Garden,Park,Gandhinagar,23.192726,72.64857,OSM
Tulip Garden,Park,Gandhinagar,23.18632,72.62659,OSM
Sector 28 Garden,Park,Gandhinagar,23.248939,72.658656,OSM
Sector 7 Garden,Park,Gandhinagar,23.211116,72.642753,OSM
Punit Van,Park,Gandhinagar,23.214908,72.667853,OSM
Sarita Udhyan,Park,Gandhinagar,23.203751,72.659304,OSM
Grass Field,Park,Gandhinagar,23.213895,72.683991,OSM
Sector-24 Garden,Park,Gandhinagar,23.242828,72.645312,OSM
Sector 3 New Garden,Park,Gandhinagar,23.201213,72.625447,OSM
Sanskriti Kunj,Park,Gandhinagar,23.205582,72.661652,OSM
Sector 3 Park,Park,Gandhinagar,23.206905,72.630313,OSM
Panchvati Van,Park,Gandhinagar,23.217175,72.668297,OSM
Nakshatra Van,Park,Gandhinagar,23.216637,72.667838,OSM
Arogya Van,Park,Gandhinagar,23.216967,72.666988,OSM
Rashi Van,Park,Gandhinagar,23.217246,72.666175,OSM
Nav Grah Van,Park,Gandhinagar,23.217952,72.666686,OSM
Jal Mandap,Park,Gandhinagar,23.207378,72.686147,OSM
Sector 21 Park,Park,Gandhinagar,23.234678,72.664521,OSM
Sector 30 Park,Park,Gandhinagar,23.238458,72.672493,OSM
Bili Van,Park,Gandhinagar,23.217574,72.66676,OSM
Vastrapur,Stop,Ahmedabad,23.007906,72.517437,OSM
Paldi Bus Stand,Stop,Ahmedabad,23.014073,72.564588,OSM
Sarkhej,Stop,Ahmedabad,22.982102,72.497519,OSM
Bimanagar / Jhansi Ki Rani,Stop,Ahmedabad,23.023028,72.53633,OSM
Nehru Nagar,Stop,Ahmedabad,23.02253,72.541694,OSM
Manek Baug,Stop,Ahmedabad,23.01831,72.544049,OSM
Anjali Cross Road,Stop,Ahmedabad,23.003723,72.553874,OSM
National Cloth Factory,Stop,Ahmedabad,22.995524,72.570209,OSM
Dharnidhar,Stop,Ahmedabad,23.008211,72.549282,OSM
Chandranagar BRT,Stop,Ahmedabad,22.999753,72.558099,OSM
Kadambari Society,Stop,Ahmedabad,23.006091,72.531046,OSM
Shivranjani,Stop,Ahmedabad,23.024285,72.531396,OSM
Sanathal,Stop,Ahmedabad,22.964519,72.470411,OSM
Moraiya,Stop,Ahmedabad,22.930651,72.4408,OSM
South Bopal BRTS Terminal,Stop,Ahmedabad,23.016101,72.4656,OSM
Vasna Bus Station,Stop,Ahmedabad,23.001908,72.547725,OSM
Shivranjani,Stop,Ahmedabad,23.024324,72.531436,OSM
APMC,Stop,Ahmedabad,22.998362,72.536933,OSM
Shreyas,Stop,Ahmedabad,23.013925,72.549817,OSM
Rajiv Nagar,Stop,Ahmedabad,23.009885,72.537416,OSM
Jivraj Park,Stop,Ahmedabad,23.006112,72.533295,OSM
Paldi,Stop,Ahmedabad,23.01837,72.562383,OSM
Maninagar,Stop,Ahmedabad,22.99866,72.611401,OSM
Rambaug,Stop,Ahmedabad,22.999924,72.600669,OSM
Amarkunj /Swaminarayan College,Stop,Ahmedabad,23.00139,72.58701,OSM
Bhairavnath,Stop,Ahmedabad,22.995457,72.599065,OSM
Swaminarayan Mandir,Stop,Ahmedabad,22.994885,72.611704,OSM
Shah Alam,Stop,Ahmedabad,22.999866,72.582966,OSM
Jawahar Chowk,Stop,Ahmedabad,22.995137,72.605099,OSM
Maninagar,Stop,Ahmedabad,22.997237,72.606431,OSM
Gokulnath Chowk /Meera Cinema Char Rasta,Stop,Ahmedabad,22.999089,72.59322,OSM
Kankaria Lake,Stop,Ahmedabad,23.00318,72.599016,OSM
Maninagar Railway Station,Stop,Ahmedabad,22.997805,72.611375,OSM
Kankaria Telephone Exchange,Stop,Ahmedabad,23.002417,72.592823,OSM
Dani Limda,Stop,Ahmedabad,22.996491,72.577403,OSM
Maninagar Bus stop,Stop,Ahmedabad,22.99746,72.625965,OSM
Maninagar Railway Station,Stop,Ahmedabad,22.9987,72.610944,OSM
Ahmedabad,Stop,Ahmedabad,23.021873,72.59849,OSM
Lal Darwaja AMTS Bus Stop,Stop,Ahmedabad,23.02419,72.578556,OSM
Vatva,Stop,Ahmedabad,22.958998,72.629798,OSM
Geratpur,Stop,Ahmedabad,22.916857,72.655184,OSM
Maninagar Railway stop,Stop,Ahmedabad,22.997786,72.611306,OSM
Lala LAjpat marg,Stop,Ahmedabad,22.997986,72.610416,OSM
Rambaug Post office,Stop,Ahmedabad,22.998905,72.601362,OSM
Maninagr Railway Station,Stop,Ahmedabad,22.997809,72.61139,OSM
Maninagar Cross Road,Stop,Ahmedabad,22.997244,72.606434,OSM
Rambaug,Stop,Ahmedabad,22.999925,72.600674,OSM
Kankaria Telephone exchange,Stop,Ahmedabad,23.002425,72.592835,OSM
Kalupur Railway Station,Stop,Ahmedabad,23.024691,72.603145,OSM
Kankaria East,Stop,Ahmedabad,23.015457,72.607002,OSM
Soni ni Chali,Stop,Ahmedabad,23.020553,72.638438,OSM
Geeta Gauri Cinema,Stop,Ahmedabad,23.017408,72.638453,OSM
Rameshwar Park,Stop,Ahmedabad,23.013664,72.638473,OSM
Ram Rajya Nagar,Stop,Ahmedabad,23.008068,72.638129,OSM
Rabari Colony,Stop,Ahmedabad,23.004384,72.636905,OSM
Jogeshwari Society,Stop,Ahmedabad,23.000514,72.635633,OSM
Purvdeep Society,Stop,Ahmedabad,22.996173,72.634205,OSM
CTM Cross Road,Stop,Ahmedabad,22.991328,72.631768,OSM
Express Highway Junction,Stop,Ahmedabad,22.987308,72.627679,OSM
Jashodanagar Char Rasta,Stop,Ahmedabad,22.983866,72.623999,OSM
Ghodasar,Stop,Ahmedabad,22.978523,72.61018,OSM
Isanpur,Stop,Ahmedabad,22.976216,72.602385,OSM
Mukesh Industries,Stop,Ahmedabad,22.974012,72.595307,OSM
Narol,Stop,Ahmedabad,22.972977,72.589598,OSM
Kashiram Textiles,Stop,Ahmedabad,22.976871,72.586783,OSM
Chandola Octroi Naka,Stop,Ahmedabad,22.982164,72.585708,OSM
Chandola Lake,Stop,Ahmedabad,22.986494,72.58262,OSM
Chhipa Society,Stop,Ahmedabad,22.991553,72.58167,OSM
Danilimda Road,Stop,Ahmedabad,22.996136,72.579137,OSM
Gita Mandir Bus Station,Stop,Ahmedabad,23.015529,72.591032,OSM
Gujarat State Road Transport Corporation | Bus Station | Gita Mandir,Stop,Ahmedabad,23.014574,72.592249,OSM
Lal Darwaja AMTS Bus Stop,Stop,Ahmedabad,23.024159,72.577977,OSM
Vastral Gam,Stop,Ahmedabad,22.996731,72.667962,OSM
Nirant Cross Roads,Stop,Ahmedabad,22.999332,72.659475,OSM
Vastral,Stop,Ahmedabad,23.003848,72.646946,OSM
Rabari Colony,Stop,Ahmedabad,23.005794,72.634794,OSM
Amraiwadi,Stop,Ahmedabad,23.008034,72.628145,OSM
Apparel Park,Stop,Ahmedabad,23.010513,72.618717,OSM
D-cabin,Stop,Ahmedabad,23.102363,72.570265,OSM
Nava-Vadaj,Stop,Ahmedabad,23.068265,72.56245,OSM
GST Crossing 1 (AMTS),Stop,Ahmedabad,23.084475,72.566104,OSM
GMDC,Stop,Ahmedabad,23.039713,72.538629,OSM
IIM,Stop,Ahmedabad,23.034632,72.536008,OSM
Himmatlal Park,Stop,Ahmedabad,23.029753,72.532414,OSM
AMTS,Stop,Ahmedabad,23.066071,72.532165,OSM
Gulab Tower,Stop,Ahmedabad,23.063117,72.525575,OSM
Ambli Road,Stop,Ahmedabad,23.053531,72.493409,OSM
Navrangpura,Stop,Ahmedabad,23.035588,72.564185,OSM
GMDC,Stop,Ahmedabad,23.03975,72.538549,OSM
Memnagar,Stop,Ahmedabad,23.045553,72.542418,OSM
Memnagar,Stop,Ahmedabad,23.045554,72.542474,OSM
Bus stop Riverside School,Stop,Ahmedabad,23.053037,72.525878,OSM
Iscon ST bus stop,Stop,Ahmedabad,23.031561,72.5085,OSM
Chandlodiya,Stop,Ahmedabad,23.084798,72.551214,OSM
JUNA VADAJ,Stop,Ahmedabad,23.067012,72.562032,OSM
Pvt travels Sahjanand Travels,Stop,Ahmedabad,23.025739,72.52524,OSM
Shree Sahjanand Travels,Stop,Ahmedabad,23.02562,72.525333,OSM
"ISRO , Ahmedabad",Stop,Ahmedabad,23.027686,72.517738,OSM
Ramdev Nagar,Stop,Ahmedabad,23.027515,72.512626,OSM
ISKCON Mandir,Stop,Ahmedabad,23.027486,72.504945,OSM
Antariksh Colony,Stop,Ahmedabad,23.027763,72.500916,OSM
Little Wings BRTS stop,Stop,Ahmedabad,23.032076,72.459613,OSM
Ghuma BRTS terminal,Stop,Ahmedabad,23.030936,72.448328,OSM
AMTS Ghuma Bus terminal,Stop,Ahmedabad,23.030556,72.450188,OSM
Chandlodiya,Stop,Ahmedabad,23.075163,72.544036,OSM
Gora Ghuma,Stop,Ahmedabad,23.038673,72.451731,OSM
Chandlodiya 'B',Stop,Ahmedabad,23.080798,72.540818,OSM
Chandkheda Road,Stop,Ahmedabad,23.110334,72.563771,OSM
Bopal gam,Stop,Ahmedabad,23.034011,72.464107,OSM
Sterling City,Stop,Ahmedabad,23.032322,72.469152,OSM
Bopal gam,Stop,Ahmedabad,23.034007,72.46407,OSM
Thaltej,Stop,Ahmedabad,23.049748,72.516015,OSM
Thaltej Gam,Stop,Ahmedabad,23.050206,72.507012,OSM
Sola bridge BRTS,Stop,Ahmedabad,23.065182,72.52929,OSM
Bhadaj circle BRTS,Stop,Ahmedabad,23.083098,72.495187,OSM
Nava vadej bus stop,Stop,Ahmedabad,23.055485,72.571004,OSM
Helmet Cross Roads Bus Station,Stop,Ahmedabad,23.04455,72.542534,OSM
Parasnagar BRTS stand,Stop,Ahmedabad,23.05563,72.543132,OSM
Sola cross road BRTS stand,Stop,Ahmedabad,23.052585,72.546811,OSM
Iskcon Cross Road BRTS,Stop,Ahmedabad,23.027191,72.508395,OSM
Ashok Vatika BRTS,Stop,Ahmedabad,23.027906,72.495852,OSM
Jaintilal Park BRTS,Stop,Ahmedabad,23.028374,72.491134,OSM
Swagat Bunglows BRTS,Stop,Ahmedabad,23.027892,72.48602,OSM
Ambli Gam BRTS,Stop,Ahmedabad,23.026481,72.482329,OSM
Bopal Appoach BRTS,Stop,Ahmedabad,23.025838,72.478052,OSM
Ranip,Stop,Ahmedabad,23.067796,72.574767,OSM
Gandhigram,Stop,Ahmedabad,23.026892,72.568976,OSM
Stadium,Stop,Ahmedabad,23.039988,72.561004,OSM
Commerce Sixth Road,Stop,Ahmedabad,23.041132,72.55246,OSM
Gurukul Road,Stop,Ahmedabad,23.045988,72.535566,OSM
Doordarshan Kendra,Stop,Ahmedabad,23.048404,72.523772,OSM
Vadaj,Stop,Ahmedabad,23.067573,72.566449,OSM
Vijay Nagar,Stop,Ahmedabad,23.056832,72.562298,OSM
Usmanpura,Stop,Ahmedabad,23.046476,72.564933,OSM
Gujarat University Station,Stop,Ahmedabad,23.044808,72.543168,OSM
Old High Court,Stop,Ahmedabad,23.037461,72.567084,OSM
Naroda,Stop,Ahmedabad,23.08541,72.658095,OSM
Sabarmati,Stop,Ahmedabad,23.077071,72.589068,OSM
Asarva,Stop,Ahmedabad,23.044093,72.613216,OSM
Sardargram,Stop,Ahmedabad,23.071501,72.642439,OSM
Acher,Stop,Ahmedabad,23.098743,72.588311,OSM
Gujarat Stadium (Motera),Stop,Ahmedabad,23.094553,72.595164,OSM
Shiv Shakti Nagar,Stop,Ahmedabad,23.110496,72.584599,OSM
Chandkheda Bus Depo,Stop,Ahmedabad,23.115109,72.583229,OSM
Janta Nagar (Parshwanath Nagar),Stop,Ahmedabad,23.107131,72.58564,OSM
ONGC Bus Depo,Stop,Ahmedabad,23.103638,72.586766,OSM
Police Stadium,Stop,Ahmedabad,23.05632,72.588419,OSM
Subhash Bridge,Stop,Ahmedabad,23.06555,72.583719,OSM
RTO Circle,Stop,Ahmedabad,23.068482,72.580887,OSM
Shahibaug Underbridge,Stop,Ahmedabad,23.052717,72.5905,OSM
Kali Road,Stop,Ahmedabad,23.09809,72.578089,OSM
Vallabhpark,Stop,Ahmedabad,23.101524,72.576519,OSM
Ahmedabad Junction,Stop,Ahmedabad,23.026331,72.601,OSM
Airport Circle bus stop,Stop,Ahmedabad,23.081388,72.616748,OSM
Krishna Nagar Bus Statiom,Stop,Ahmedabad,23.077096,72.655807,OSM
Meghaninagar,Stop,Ahmedabad,23.059458,72.618026,OSM
Bhavsar Hostel,Stop,Ahmedabad,23.067673,72.575684,OSM
Hanspura Bus stop,Stop,Ahmedabad,23.084766,72.680084,OSM
Sabarmati Junction,Stop,Ahmedabad,23.07126,72.587027,OSM
Bus to Udaipur,Stop,Ahmedabad,23.065591,72.643304,OSM
Ranip Bus stop,Stop,Ahmedabad,23.081039,72.577196,OSM
Shahpur Station,Stop,Ahmedabad,23.03921,72.581033,OSM
Gheekanta,Stop,Ahmedabad,23.028794,72.586775,OSM
Juna Koba,Stop,Ahmedabad,23.141972,72.638612,OSM
Koba Circle,Stop,Ahmedabad,23.132251,72.631042,OSM
Narmada Canal,Stop,Ahmedabad,23.125146,72.622098,OSM
Tapovan Circle,Stop,Ahmedabad,23.120127,72.615799,OSM
Vishwakarma College,Stop,Ahmedabad,23.1142,72.608386,OSM
Koteshwar Road,Stop,Ahmedabad,23.103111,72.602133,OSM
AEC,Stop,Ahmedabad,23.075109,72.593291,OSM
Sabarmati,Stop,Ahmedabad,23.08563,72.592206,OSM
Motera Stadium,Stop,Ahmedabad,23.096773,72.596692,OSM
Mahapragnaji Bridge Approach,Stop,Ahmedabad,23.05288,72.595215,OSM
Naroda S.T. Workshop,Stop,Ahmedabad,23.064248,72.642967,OSM
Dhanush Dhari Mandir,Stop,Ahmedabad,23.059808,72.64294,OSM
Nada Chiloda,Stop,Ahmedabad,23.05493,72.64246,OSM
Vijay Park,Stop,Ahmedabad,23.051389,72.641854,OSM
Hirawadi,Stop,Ahmedabad,23.045666,72.640999,OSM
Thakkar Nagar Approach,Stop,Ahmedabad,23.041208,72.640553,OSM
Lilanagar,Stop,Ahmedabad,23.036976,72.640051,OSM
Bapunagar Approach,Stop,Ahmedabad,23.032624,72.639278,OSM
Viratnagar,Stop,Ahmedabad,23.02756,72.638802,OSM
Sakar School Bus Stop,Stop,Ahmedabad,23.109108,72.590968,OSM
Sakar School Bus Stop,Stop,Ahmedabad,23.10922,72.591015,OSM
Swagat Bungalows Bus Stop,Stop,Ahmedabad,23.109357,72.592707,OSM
Swagat Bungalows Bus Stop,Stop,Ahmedabad,23.109186,72.592908,OSM
Krishnanagar bus stop,Stop,Ahmedabad,23.060079,72.643691,OSM
Ranip GSRTC,Stop,Ahmedabad,23.068587,72.576209,OSM
Naroda Gam,Stop,Ahmedabad,23.077174,72.655954,OSM
Koba Gam,Stop,Ahmedabad,23.147037,72.643666,OSM
Acher,Stop,Gandhinagar,23.098743,72.588311,OSM
Gujarat Stadium (Motera),Stop,Gandhinagar,23.094553,72.595164,OSM
Shiv Shakti Nagar,Stop,Gandhinagar,23.110496,72.584599,OSM
Chandkheda Bus Depo,Stop,Gandhinagar,23.115109,72.583229,OSM
Janta Nagar (Parshwanath Nagar),Stop,Gandhinagar,23.107131,72.58564,OSM
ONGC Bus Depo,Stop,Gandhinagar,23.103638,72.586766,OSM
Kali Road,Stop,Gandhinagar,23.09809,72.578089,OSM
D-cabin,Stop,Gandhinagar,23.102363,72.570265,OSM
Vallabhpark,Stop,Gandhinagar,23.101524,72.576519,OSM
GST Crossing 1 (AMTS),Stop,Gandhinagar,23.084475,72.566104,OSM
Airport Circle bus stop,Stop,Gandhinagar,23.081388,72.616748,OSM
Khodiyar Junction,Stop,Gandhinagar,23.155921,72.5483,OSM
Chandlodiya,Stop,Gandhinagar,23.084798,72.551214,OSM
Ranip Bus stop,Stop,Gandhinagar,23.081039,72.577196,OSM
Chandlodiya 'B',Stop,Gandhinagar,23.080798,72.540818,OSM
Chandkheda Road,Stop,Gandhinagar,23.110334,72.563771,OSM
Tapovan Circle,Stop,Gandhinagar,23.120127,72.615799,OSM
Vishwakarma College,Stop,Gandhinagar,23.1142,72.608386,OSM
Koteshwar Road,Stop,Gandhinagar,23.103111,72.602133,OSM
Sabarmati,Stop,Gandhinagar,23.08563,72.592206,OSM
Motera Stadium,Stop,Gandhinagar,23.096773,72.596692,OSM
Sakar School Bus Stop,Stop,Gandhinagar,23.109108,72.590968,OSM
Sakar School Bus Stop,Stop,Gandhinagar,23.10922,72.591015,OSM
Swagat Bungalows Bus Stop,Stop,Gandhinagar,23.109357,72.592707,OSM
Swagat Bungalows Bus Stop,Stop,Gandhinagar,23.109186,72.592908,OSM
Naroda,Stop,Gandhinagar,23.08541,72.658095,OSM
Hanspura Bus stop,Stop,Gandhinagar,23.084766,72.680084,OSM
Juna Koba,Stop,Gandhinagar,23.141972,72.638612,OSM
Koba Circle,Stop,Gandhinagar,23.132251,72.631042,OSM
Narmada Canal,Stop,Gandhinagar,23.125146,72.622098,OSM
Raysan,Stop,Gandhinagar,23.166395,72.648325,OSM
Randesan,Stop,Gandhinagar,23.179084,72.64729,OSM
Dholakuva Circle,Stop,Gandhinagar,23.185945,72.64332,OSM
Infocity,Stop,Gandhinagar,23.192257,72.639713,OSM
GNLU,Stop,Gandhinagar,23.154472,72.647469,OSM
GIFT City,Stop,Gandhinagar,23.153355,72.685554,OSM
PDPU,Stop,Gandhinagar,23.154864,72.661212,OSM
Koba Gam,Stop,Gandhinagar,23.147037,72.643666,OSM
Adraj Moti,Stop,Gandhinagar,23.258206,72.565157,OSM
Kolvada,Stop,Gandhinagar,23.271211,72.612172,OSM
Tintoda,Stop,Gandhinagar,23.2478,72.547507,OSM
Pathikashram,Stop,Gandhinagar,23.216277,72.642656,OSM
Gandhinagar Capital,Stop,Gandhinagar,23.23484,72.630329,OSM
Randheja,Stop,Gandhinagar,23.29712,72.633814,OSM
Sector-1,Stop,Gandhinagar,23.204908,72.643152,OSM
Sachivalaya,Stop,Gandhinagar,23.215069,72.658751,OSM
Sector-10A,Stop,Gandhinagar,23.211484,72.650193,OSM
Akshardham,Stop,Gandhinagar,23.223677,72.664182,OSM
Juna Sachivalaya,Stop,Gandhinagar,23.228926,72.659415,OSM
Sector-16,Stop,Gandhinagar,23.233883,72.650166,OSM
Sector-24,Stop,Gandhinagar,23.238508,72.641478,OSM
Mahatma Mandir,Stop,Gandhinagar,23.233941,72.633871,OSM
Gandhinagar Bus Stop,Stop,Gandhinagar,23.216696,72.641947,OSM
Gandhinagar Bus Stop,Stop,Gandhinagar,23.216252,72.64167,OSM
Jalaram Mandir,Worship,Ahmedabad,23.018034,72.561765,OSM
"Bhimnath Mahadev, Shiv Temple",Worship,Ahmedabad,23.011955,72.549979,OSM
Temple,Worship,Ahmedabad,23.015159,72.566693,OSM
Rehoboth Christian Assembly,Worship,Ahmedabad,23.001021,72.536876,OSM
Swaminarayan,Worship,Ahmedabad,23.005525,72.552265,OSM
Jama Masjid,Worship,Ahmedabad,22.993389,72.505461,OSM
Changodar,Worship,Ahmedabad,22.940221,72.456713,OSM
Prerna Tirth Derasar,Worship,Ahmedabad,23.021408,72.519897,OSM
Shahi Masjid - Dargah Hazrat Ali Sher Bangali,Worship,Ahmedabad,23.010439,72.565185,OSM
Bileshwar Mahadev,Worship,Ahmedabad,23.016197,72.528248,OSM
Vaijanath Mahadev Mandir,Worship,Ahmedabad,23.002151,72.513625,OSM
Sarkhej Roza,Worship,Ahmedabad,22.993162,72.505339,OSM
BAPS Swaminarayan Temple Paldi,Worship,Ahmedabad,23.002983,72.55767,OSM
Derasar,Worship,Ahmedabad,23.021219,72.551278,OSM
Dharnidhar Derasar,Worship,Ahmedabad,23.008432,72.54857,OSM
"Jagannath Mandir, Temple",Worship,Ahmedabad,23.011421,72.581075,OSM
Manikarnikeshwar Mahadev Temple,Worship,Ahmedabad,22.99784,72.607398,OSM
Punit Ashram,Worship,Ahmedabad,23.002421,72.605685,OSM
Shree Swaminarayan Temple Gadi Sansthan,Worship,Ahmedabad,22.99554,72.610733,OSM
Ambaji Mata Temple,Worship,Ahmedabad,22.991249,72.608379,OSM
Baba Ramdev Pir Temple,Worship,Ahmedabad,22.992009,72.605944,OSM
Ram Krishna Temple,Worship,Ahmedabad,22.991656,72.606215,OSM
Shiv Mandir (Temple of Lord Shiva),Worship,Ahmedabad,22.991529,72.606378,OSM
Khamasa Parsi Agiyari,Worship,Ahmedabad,23.021293,72.584738,OSM
Shah E Alam Roza,Worship,Ahmedabad,22.994097,72.589579,OSM
Lambha Mandir,Worship,Ahmedabad,22.94135,72.579807,OSM
Bhadra Kali Temple,Worship,Ahmedabad,23.023981,72.581499,OSM
Mahadev Temple,Worship,Ahmedabad,22.985361,72.632115,OSM
Chamunda Mata Temple,Worship,Ahmedabad,22.98616,72.631012,OSM
Saibaba Temple,Worship,Ahmedabad,22.986632,72.63006,OSM
Mahadev Temple,Worship,Ahmedabad,22.983102,72.62481,OSM
Temple,Worship,Ahmedabad,22.98494,72.629569,OSM
Visa Hanuman,Worship,Ahmedabad,23.022897,72.593795,OSM
Hatkeshwar mandir,Worship,Ahmedabad,23.023318,72.593838,OSM
Dwarkadhish mandir,Worship,Ahmedabad,23.020779,72.594764,OSM
Rameshwar mandir,Worship,Ahmedabad,23.020896,72.591946,OSM
Masjid e Khatimul Ambiya,Worship,Ahmedabad,22.979563,72.575935,OSM
Shahi Masjid,Worship,Ahmedabad,22.997686,72.588692,OSM
Shahi Masjid - Shah e Alam Dargah,Worship,Ahmedabad,22.994438,72.588936,OSM
Hazrat Makhdum Shah Masjid,Worship,Ahmedabad,23.013937,72.584312,OSM
Jambudi Masjid,Worship,Ahmedabad,23.012687,72.584438,OSM
Masjid e Bahare Shariat,Worship,Ahmedabad,22.992313,72.576563,OSM
Shree Muktajivan Swami Bapa Smruti Mandir,Worship,Ahmedabad,22.973216,72.611496,OSM
JANKI POLY PLAST,Worship,Ahmedabad,22.97383,72.598613,OSM
Sindhwai Temple,Worship,Ahmedabad,22.990069,72.635552,OSM
Partheswar Temple,Worship,Ahmedabad,22.967571,72.607459,OSM
"Sidi Bashid mosque, the shaking minarets",Worship,Ahmedabad,23.023766,72.599696,OSM
Dargah,Worship,Ahmedabad,23.021186,72.579877,OSM
Navi Masjid (Masjid-e-Nawab),Worship,Ahmedabad,22.995764,72.586788,OSM
Church of North India,Worship,Ahmedabad,23.022113,72.58056,OSM
Ahmed Shah Mosque,Worship,Ahmedabad,23.022508,72.578873,OSM
Gita Mandir,Worship,Ahmedabad,23.012396,72.591271,OSM
Kashi Vishwanath Mandir,Worship,Ahmedabad,22.994818,72.615106,OSM
Baba Lului's Mosque,Worship,Ahmedabad,23.008757,72.575851,OSM
Radhavallabh Mandir,Worship,Ahmedabad,22.995297,72.606698,OSM
Khan Jahan masijd,Worship,Ahmedabad,23.01269,72.578182,OSM
Hebat Khan ki masijd,Worship,Ahmedabad,23.012525,72.582347,OSM
Tomb of Sardar Khan,Worship,Ahmedabad,23.015431,72.584279,OSM
Sambharnath temple,Worship,Ahmedabad,23.024791,72.594995,OSM
St Mary's Orthodox Cathedral,Worship,Ahmedabad,23.006687,72.586339,OSM
St. Mary's Cathedral,Worship,Ahmedabad,23.006707,72.586477,OSM
CNI Church Behrampura,Worship,Ahmedabad,23.007631,72.585749,OSM
Vallabheswar mahadev mandir,Worship,Ahmedabad,22.962165,72.607301,OSM
Manav Mandir,Worship,Ahmedabad,23.046153,72.539666,OSM
"Karnvanath Mahadev, Shiv Temple",Worship,Ahmedabad,23.047051,72.549825,OSM
Paramdham Temple,Worship,Ahmedabad,23.027968,72.520642,OSM
Gopnath Mahadev Mandir,Worship,Ahmedabad,23.068815,72.564895,OSM
Panchdev Mahadev Mandir,Worship,Ahmedabad,23.065446,72.54244,OSM
"Khodiyar Temple, New Ranip",Worship,Ahmedabad,23.092594,72.566453,OSM
Jain Temple,Worship,Ahmedabad,23.033314,72.559982,OSM
ambe mataa mandir,Worship,Ahmedabad,23.059438,72.536525,OSM
Gurukul,Worship,Ahmedabad,23.045706,72.526806,OSM
Chandlodiya Temple,Worship,Ahmedabad,23.083858,72.553066,OSM
Radha Madhav temple bhadaj,Worship,Ahmedabad,23.098363,72.469948,OSM
Kalpyan Pushti Haveli,Worship,Ahmedabad,23.038431,72.530655,OSM
Umiya Mata Nu Mandir,Worship,Ahmedabad,23.054312,72.477092,OSM
Sai Baba Temple,Worship,Ahmedabad,23.0661,72.532647,OSM
Marutidham,Worship,Ahmedabad,23.13657,72.542358,OSM
Swaminarayan Mandir,Worship,Ahmedabad,23.045129,72.533802,OSM
Manav Mandir,Worship,Ahmedabad,23.046452,72.539664,OSM
Gurudwara Gobinddham,Worship,Ahmedabad,23.046984,72.515398,OSM
Mansi BAPS Swaminarayan Temple,Worship,Ahmedabad,23.032931,72.52531,OSM
Iskcon Temple,Worship,Ahmedabad,23.028524,72.506817,OSM
Shree Vishweshwar Mahadev Temple,Worship,Ahmedabad,23.029153,72.52791,OSM
"BAPS Swaminarayan Temple, Bopal",Worship,Ahmedabad,23.033978,72.477761,OSM
Shree Bhagwat Vidhyapith,Worship,Ahmedabad,23.089265,72.522531,OSM
TIRUPATI TEMPLE,Worship,Ahmedabad,23.127596,72.538295,OSM
Parasnagar Jain Derasar,Worship,Ahmedabad,23.054088,72.544444,OSM
BAPS sanskardham,Worship,Ahmedabad,23.079667,72.560424,OSM
Kashi-Vishvanath Temple,Worship,Ahmedabad,23.082918,72.565709,OSM
Swaminarayan- BAPS Temple,Worship,Ahmedabad,23.081325,72.56688,OSM
Temple,Worship,Ahmedabad,23.07997,72.567123,OSM
Samartheshwar Mahadev Temple,Worship,Ahmedabad,23.027834,72.560014,OSM
Ganpati Mandir,Worship,Ahmedabad,23.037711,72.530204,OSM
Umiya Mata Nu Mandir,Worship,Ahmedabad,23.054372,72.47708,OSM
Shree Jalarambapa Mandir,Worship,Ahmedabad,23.088445,72.521992,OSM
Shree Rang Avadhut Mandir,Worship,Ahmedabad,23.088817,72.521655,OSM
SMVS Swaminarayan Mandir,Worship,Ahmedabad,23.094713,72.5449,OSM
Achaleshwar Mahadev,Worship,Ahmedabad,23.080033,72.563425,OSM
વીજળીયા હનુમાન મંદિર,Worship,Ahmedabad,23.121926,72.54147,OSM
Shantinath Mahadev,Worship,Ahmedabad,23.138788,72.549976,OSM
"Hare Krishna Mandir, Bhadaj",Worship,Ahmedabad,23.09852,72.457448,OSM
સધી માં મંદિર,Worship,Ahmedabad,23.129427,72.553889,OSM
Vaishnodevi Mandir,Worship,Ahmedabad,23.137521,72.543929,OSM
Gayatri Mandir,Worship,Ahmedabad,23.061662,72.591461,OSM
Sant Asharamji Ashram,Worship,Ahmedabad,23.093162,72.602449,OSM
Guruma Samadhi Mandir,Worship,Ahmedabad,23.125173,72.612315,OSM
Sai Baba Temple,Worship,Ahmedabad,23.080416,72.62039,OSM
Dariyakhan Ghummaj,Worship,Ahmedabad,23.052657,72.586779,OSM
Dharmeshawar Mahadev Temple,Worship,Ahmedabad,23.078466,72.591674,OSM
Jain Derasar,Worship,Ahmedabad,23.080322,72.592263,OSM
Ramji Mandir,Worship,Ahmedabad,23.083699,72.589518,OSM
Vaishno Devi Mataji Mandir,Worship,Ahmedabad,23.07903,72.589545,OSM
Koteshwar Mahadev Temple / Mandir,Worship,Ahmedabad,23.094592,72.611985,OSM
Sai baba,Worship,Ahmedabad,23.08878,72.650005,OSM
Sant nirankari Ashram,Worship,Ahmedabad,23.086877,72.647957,OSM
Shree Swaminarayan Vishranti Bhuvan (Under Bhuj),Worship,Ahmedabad,23.109691,72.629961,OSM
Sarveshwar Mahadev Temple,Worship,Ahmedabad,23.074867,72.578477,OSM
Khodiyar Temple,Worship,Ahmedabad,23.076571,72.577666,OSM
Om shanti,Worship,Ahmedabad,23.087314,72.619228,OSM
Moinuddin Chisti Mosque,Worship,Ahmedabad,23.060196,72.588345,OSM
Shiv mandir,Worship,Ahmedabad,23.106288,72.57804,OSM
Merudham,Worship,Ahmedabad,23.121883,72.616255,OSM
Smriti Mandir,Worship,Ahmedabad,23.080628,72.589921,OSM
Tapovan Adinath Jain Temple,Worship,Ahmedabad,23.124661,72.612423,OSM
Hathi Singh Jain Temple,Worship,Ahmedabad,23.041046,72.58949,OSM
BAPS Swaminarayan Temple,Worship,Ahmedabad,23.045239,72.590401,OSM
Sidi Saiyad Mosque,Worship,Ahmedabad,23.026929,72.580935,OSM
Koteshwar Mahadev Temple / Mandir,Worship,Ahmedabad,23.094387,72.611555,OSM
Shiv Mandir,Worship,Ahmedabad,23.119415,72.651681,OSM
Bibi Achut Kuki masjid,Worship,Ahmedabad,23.047822,72.581264,OSM
Darya Khan tomb,Worship,Ahmedabad,23.052444,72.586504,OSM
Khan Chishti masijd,Worship,Ahmedabad,23.060186,72.588214,OSM
Fateh masjid,Worship,Ahmedabad,23.0367,72.590889,OSM
Sultan Qutbuddin masijd,Worship,Ahmedabad,23.035253,72.587202,OSM
Christ church,Worship,Ahmedabad,23.033971,72.58647,OSM
Sakar Khan masijd,Worship,Ahmedabad,23.030265,72.59512,OSM
Shree Sai Baba Mandir,Worship,Ahmedabad,23.107251,72.57604,OSM
Ganpati Temple,Worship,Ahmedabad,23.058357,72.616634,OSM
Khodiyar Maa Temple,Worship,Ahmedabad,23.05156,72.603247,OSM
Sankat Mochan Hanuman Temple,Worship,Ahmedabad,23.054517,72.590398,OSM
Neelkanth Mahadeva Temple,Worship,Ahmedabad,23.045348,72.605514,OSM
Sant Asharamji Ashram,Worship,Gandhinagar,23.093162,72.602449,OSM
Guruma Samadhi Mandir,Worship,Gandhinagar,23.125173,72.612315,OSM
"Khodiyar Temple, New Ranip",Worship,Gandhinagar,23.092594,72.566453,OSM
Dadabhagwan Trimandir - Adalaj,Worship,Gandhinagar,23.178482,72.572128,OSM
Jain Derasar,Worship,Gandhinagar,23.080322,72.592263,OSM
Ramji Mandir,Worship,Gandhinagar,23.083699,72.589518,OSM
Koteshwar Mahadev Temple / Mandir,Worship,Gandhinagar,23.094592,72.611985,OSM
Chandlodiya Temple,Worship,Gandhinagar,23.083858,72.553066,OSM
Om shanti,Worship,Gandhinagar,23.087314,72.619228,OSM
Shree Verai Mataji Temple,Worship,Gandhinagar,23.18563,72.616569,OSM
Shree Sargesvar Mahadev Temple,Worship,Gandhinagar,23.185582,72.615827,OSM
Shree Mahakali Mataji Temple,Worship,Gandhinagar,23.187248,72.615799,OSM
Shiv mandir,Worship,Gandhinagar,23.106288,72.57804,OSM
Merudham,Worship,Gandhinagar,23.121883,72.616255,OSM
Smriti Mandir,Worship,Gandhinagar,23.080628,72.589921,OSM
Tapovan Adinath Jain Temple,Worship,Gandhinagar,23.124661,72.612423,OSM
Marutidham,Worship,Gandhinagar,23.13657,72.542358,OSM
TIRUPATI TEMPLE,Worship,Gandhinagar,23.127596,72.538295,OSM
Koteshwar Mahadev Temple / Mandir,Worship,Gandhinagar,23.094387,72.611555,OSM
Kashi-Vishvanath Temple,Worship,Gandhinagar,23.082918,72.565709,OSM
Swaminarayan- BAPS Temple,Worship,Gandhinagar,23.081325,72.56688,OSM
Temple,Worship,Gandhinagar,23.07997,72.567123,OSM
Jamiyatpura Swaminarayan Temple,Worship,Gandhinagar,23.181306,72.567172,OSM
SMVS Swaminarayan Mandir,Worship,Gandhinagar,23.094713,72.5449,OSM
Shree Sai Baba Mandir,Worship,Gandhinagar,23.107251,72.57604,OSM
Achaleshwar Mahadev,Worship,Gandhinagar,23.080033,72.563425,OSM
વીજળીયા હનુમાન મંદિર,Worship,Gandhinagar,23.121926,72.54147,OSM
Shantinath Mahadev,Worship,Gandhinagar,23.138788,72.549976,OSM
સધી માં મંદિર,Worship,Gandhinagar,23.129427,72.553889,OSM
Vaishnodevi Mandir,Worship,Gandhinagar,23.137521,72.543929,OSM
Sai Baba Temple,Worship,Gandhinagar,23.080416,72.62039,OSM
Sai baba,Worship,Gandhinagar,23.08878,72.650005,OSM
Sant nirankari Ashram,Worship,Gandhinagar,23.086877,72.647957,OSM
Shree Swaminarayan Vishranti Bhuvan (Under Bhuj),Worship,Gandhinagar,23.109691,72.629961,OSM
Momai maa Temple,Worship,Gandhinagar,23.183742,72.662232,OSM
Limbaj temple,Worship,Gandhinagar,23.184195,72.662655,OSM
Shiv Mandir,Worship,Gandhinagar,23.119415,72.651681,OSM
Ambe Mata Mandir,Worship,Gandhinagar,23.245197,72.647655,OSM
Gayatri Mandir,Worship,Gandhinagar,23.200251,72.643204,OSM
Mahakali Mataji Temple,Worship,Gandhinagar,23.265752,72.642244,OSM
Akshardham Temple Complex,Worship,Gandhinagar,23.231258,72.675093,OSM
Swaminarayan Akshardham Temple,Worship,Gandhinagar,23.229527,72.674064,OSM
Ranchoddray temple,Worship,Gandhinagar,23.206439,72.640113,OSM
Jain Derasar,Worship,Gandhinagar,23.211129,72.640845,OSM
Shiv temple,Worship,Gandhinagar,23.213896,72.641164,OSM
Swaminarayan Mandir,Worship,Gandhinagar,23.201369,72.63776,OSM
House of Prayer,Worship,Gandhinagar,23.230482,72.666704,OSM
Shree Sai Mandir,Worship,Gandhinagar,23.206984,72.631075,OSM
Mar Gregorios Orthodox Church,Worship,Gandhinagar,23.206685,72.629379,OSM
Sri Siddi Vinayak Mandir,Worship,Gandhinagar,23.235326,72.665977,OSM
Jumma Masjid,Worship,Gandhinagar,23.227715,72.663973,OSM
Shree Govardhan Nathji Ni Haveli,Worship,Gandhinagar,23.233023,72.66222,OSM
Ambe Mata Temple,Worship,Gandhinagar,23.231548,72.664204,OSM
Shree Vaijnath Malaneshwar Mahadev Temple,Worship,Gandhinagar,23.236222,72.663198,OSM
Suvidha Shopping Centre,Shop,Ahmedabad,23.014456,72.559146,OSM
Design Gallery,Shop,Ahmedabad,23.011756,72.569041,OSM
sureshbhai prajapati,Shop,Ahmedabad,23.023024,72.543175,OSM
Adidas,Shop,Ahmedabad,23.014193,72.529159,OSM
sakuntal hat,Shop,Ahmedabad,23.014015,72.528392,OSM
Maruti Suzuki NEXA,Shop,Ahmedabad,23.01227,72.503458,OSM
Tata Mootrs,Shop,Ahmedabad,22.992327,72.536612,OSM
HARSHAL PUBLICATION,Shop,Ahmedabad,23.022885,72.5719,OSM
Art book center specialist in books on indian culture,Shop,Ahmedabad,23.021619,72.568672,OSM
Bata,Shop,Ahmedabad,23.017471,72.475568,OSM
SoBo Centre,Shop,Ahmedabad,23.017443,72.475181,OSM
The Haqq Factory Store,Shop,Ahmedabad,22.986806,72.482062,OSM
Murlidhar,Shop,Ahmedabad,23.013976,72.529652,OSM
cafe13,Shop,Ahmedabad,23.013343,72.529945,OSM
Noor Mobile Shop,Shop,Ahmedabad,22.978975,72.571997,OSM
Ahad mobile repair,Shop,Ahmedabad,22.978768,72.571612,OSM
Pakiza Pan Parlour,Shop,Ahmedabad,22.978596,72.570559,OSM
Chand bakery,Shop,Ahmedabad,22.979517,72.573467,OSM
Apple Tree,Shop,Ahmedabad,23.016888,72.470523,OSM
Brillar,Shop,Ahmedabad,23.016898,72.470569,OSM
Avon Thai Spa,Shop,Ahmedabad,23.017629,72.475333,OSM
Mahakali,Shop,Ahmedabad,23.016736,72.469973,OSM
Skyblue,Shop,Ahmedabad,23.016462,72.469058,OSM
Monte Carlo Exclusive Showroom,Shop,Ahmedabad,23.02004,72.557875,OSM
Monte Carlo Showroom,Shop,Ahmedabad,23.011719,72.508419,OSM
SkinYoga,Shop,Ahmedabad,23.021003,72.554684,OSM
Max Fashion,Shop,Ahmedabad,23.013966,72.559972,OSM
Decathlon,Shop,Ahmedabad,23.024714,72.556376,OSM
MIthai & More,Shop,Ahmedabad,23.01586,72.468452,OSM
Varsha Fashion Private Limited,Shop,Ahmedabad,22.917505,72.528909,OSM
Shree Bahuchar Studio,Shop,Ahmedabad,23.017507,72.475034,OSM
Leo Packers and Movers Ahmedabad,Shop,Ahmedabad,23.004256,72.533876,OSM
Maruti Hardware & Plywood,Shop,Ahmedabad,23.006909,72.456345,OSM
Permit Shop,Shop,Ahmedabad,23.022157,72.567554,OSM
Permit Shop,Shop,Ahmedabad,23.010683,72.504868,OSM
Permit Shop,Shop,Ahmedabad,23.01499,72.504329,OSM
Permit Shop,Shop,Ahmedabad,23.024002,72.507327,OSM
Ishwarkrupa Emporium,Shop,Ahmedabad,23.009552,72.515642,OSM
Ahmedabad Power Tools,Shop,Ahmedabad,22.991709,72.51399,OSM
Shree Satyanarayan Nursery And Farm,Shop,Ahmedabad,23.010039,72.474935,OSM
Siddhi Computer and Mobile,Shop,Ahmedabad,23.013151,72.518898,OSM
MAHAVIR KIRANA STORE,Shop,Ahmedabad,23.015073,72.567335,OSM
Morden Dry Cleaners,Shop,Ahmedabad,23.018838,72.554505,OSM
Mercedes-Benz,Shop,Ahmedabad,23.01953,72.558156,OSM
Tata,Shop,Ahmedabad,23.019087,72.555676,OSM
DMart,Shop,Ahmedabad,23.019552,72.528671,OSM
Brand Factory,Shop,Ahmedabad,23.015722,72.52983,OSM
MYBYK NID sardar bridge,Shop,Ahmedabad,23.011345,72.573365,OSM
Star Bazaar,Shop,Ahmedabad,23.016753,72.515755,OSM
10 (Ten) Acres Mall,Shop,Ahmedabad,23.01524,72.596575,OSM
Arihant Agency,Shop,Ahmedabad,23.02359,72.591223,OSM
Vidyarthi,Shop,Ahmedabad,23.024824,72.590292,OSM
Govind Cycles,Shop,Ahmedabad,22.99909,72.601625,OSM
Sheikh Mohimmad atik,Shop,Ahmedabad,23.024308,72.583744,OSM
Mukhwaas,Shop,Ahmedabad,23.024115,72.587122,OSM
Big Bazaar,Shop,Ahmedabad,23.014724,72.597512,OSM
Shopping ahemadabad,Shop,Ahmedabad,23.000418,72.600249,OSM
चिराग़ जवेल्लर्स,Shop,Ahmedabad,22.995024,72.612626,OSM
Bhoomi Textile,Shop,Ahmedabad,22.967887,72.583433,OSM
Jyoti fiber glass work,Shop,Ahmedabad,22.996369,72.63782,OSM
Gujarat Handicrafts,Shop,Ahmedabad,22.979086,72.584875,OSM
The Arvind Store,Shop,Ahmedabad,22.993043,72.604133,OSM
Jay Watches & Co.,Shop,Ahmedabad,22.997136,72.608181,OSM
Ramtudi Fashion,Shop,Ahmedabad,22.994535,72.654846,OSM
Gopal Dairy,Shop,Ahmedabad,22.990353,72.636886,OSM
Micro Machine Tools,Shop,Ahmedabad,23.020642,72.672564,OSM
Bharat Dugdhalay,Shop,Ahmedabad,22.99498,72.622842,OSM
Monginis,Shop,Ahmedabad,22.983746,72.602462,OSM
Purezr Live Cake & Bakery,Shop,Ahmedabad,22.983894,72.602383,OSM
Cake 'N' Joy,Shop,Ahmedabad,22.983989,72.602313,OSM
Crossword Book Store,Shop,Ahmedabad,23.032748,72.565387,OSM
Shree Aaiji Super Market,Shop,Ahmedabad,23.085634,72.564644,OSM
Samruddhi Jwellers,Shop,Ahmedabad,23.08499,72.564666,OSM
Mother Dairy,Shop,Ahmedabad,23.035527,72.515434,OSM
Induben Khakhrawala,Shop,Ahmedabad,23.032585,72.561324,OSM
Romano,Shop,Ahmedabad,23.032801,72.560389,OSM
Chanel,Shop,Ahmedabad,23.034009,72.560189,OSM
talsingh,Shop,Ahmedabad,23.026399,72.54435,OSM
master wada paav,Shop,Ahmedabad,23.026087,72.544037,OSM
login,Shop,Ahmedabad,23.042565,72.549719,OSM
login,Shop,Ahmedabad,23.042534,72.550305,OSM
have a nice day,Shop,Ahmedabad,23.042276,72.550615,OSM
R.K.OMLET,Shop,Ahmedabad,23.045471,72.551795,OSM
Janta,Shop,Ahmedabad,23.047938,72.533728,OSM
new rashtriya bhajiya house,Shop,Ahmedabad,23.036406,72.569221,OSM
rehmati bakery,Shop,Ahmedabad,23.037044,72.56904,OSM
happiness,Shop,Ahmedabad,23.042757,72.549603,OSM
bhogilal mulchand,Shop,Ahmedabad,23.036882,72.569445,OSM
super tea stall,Shop,Ahmedabad,23.037636,72.569816,OSM
barley water shop,Shop,Ahmedabad,23.042211,72.549159,OSM
navrang restuarant,Shop,Ahmedabad,23.042653,72.549269,OSM
jalaram parontha house,Shop,Ahmedabad,23.042629,72.549319,OSM
punjabi flavours,Shop,Ahmedabad,23.042634,72.5493,OSM
rehmati bakery,Shop,Ahmedabad,23.037119,72.569125,OSM
Amul,Shop,Ahmedabad,23.044092,72.547222,OSM
facebook restuarant,Shop,Ahmedabad,23.042666,72.54926,OSM
R K vadapav,Shop,Ahmedabad,23.042416,72.549262,OSM
rasranjan,Shop,Ahmedabad,23.042291,72.548734,OSM
Bopal Vegetable Market,Shop,Ahmedabad,23.030749,72.471874,OSM
TDW Furniture Private Limited,Shop,Ahmedabad,23.027094,72.521768,OSM
Star Bazaar,Shop,Ahmedabad,23.026965,72.524214,OSM
my tution,Shop,Ahmedabad,23.05707,72.536355,OSM
Reliance Smart,Shop,Ahmedabad,23.047583,72.526583,OSM
Half Ticket,Shop,Ahmedabad,23.037954,72.561709,OSM
Liberty Showroom,Shop,Ahmedabad,23.036853,72.561019,OSM
Half ticket,Shop,Ahmedabad,23.033754,72.560149,OSM
"Payload Electronics Lab, Physical Research Laboratory",Shop,Ahmedabad,23.044258,72.495426,OSM
Mahasagar travels ltd,Shop,Ahmedabad,23.025622,72.525274,OSM
Neeta travels,Shop,Ahmedabad,23.025741,72.525344,OSM
Ramani travels,Shop,Ahmedabad,23.026132,72.525377,OSM
Gujarat travels,Shop,Ahmedabad,23.026108,72.525624,OSM
Ranip Vegetable market,Shop,Ahmedabad,23.079684,72.574545,OSM
havmor,Shop,Ahmedabad,23.042289,72.548611,OSM
tea stall,Shop,Ahmedabad,23.042429,72.548669,OSM
TGB,Shop,Ahmedabad,23.039967,72.554984,OSM
Vijay Sales,Shop,Ahmedabad,23.045838,72.52991,OSM
Shades of Black Spalon,Shop,Ahmedabad,23.044052,72.529704,OSM
TKB cake shop,Shop,Ahmedabad,23.030335,72.474011,OSM
D Mart,Shop,Ahmedabad,23.028345,72.478412,OSM
K R SONS,Shop,Ahmedabad,23.026025,72.523552,OSM
AMUL store,Shop,Ahmedabad,23.12628,72.539204,OSM
Maruti Electric,Shop,Ahmedabad,23.031896,72.46965,OSM
Iscon Emporio,Shop,Ahmedabad,23.026563,72.524489,OSM
Hind Store,Shop,Ahmedabad,23.113556,72.555582,OSM
7Violettes,Shop,Ahmedabad,23.040378,72.544944,OSM
Monte Carlo Warehouse,Shop,Ahmedabad,23.035174,72.554064,OSM
Max Fashion,Shop,Ahmedabad,23.026865,72.510153,OSM
Greenobazaar,Shop,Ahmedabad,23.025382,72.554252,OSM
Jawed Habib Hair Studio,Shop,Ahmedabad,23.039846,72.507652,OSM
Jawed Habib Hair Studio,Shop,Ahmedabad,23.046569,72.531164,OSM
Sompura Moorti Art,Shop,Ahmedabad,23.033971,72.510574,OSM
Gambol,Shop,Ahmedabad,23.075857,72.50956,OSM
My My,Shop,Ahmedabad,23.037796,72.562492,OSM
Miniso,Shop,Ahmedabad,23.03251,72.559738,OSM
Manmandir,Shop,Ahmedabad,23.026918,72.557344,OSM
Adani Selection,Shop,Ahmedabad,23.031355,72.559684,OSM
Patidar,Shop,Ahmedabad,23.028432,72.55505,OSM
Tape Me Ft,Shop,Ahmedabad,23.027681,72.557783,OSM
Telarica,Shop,Ahmedabad,23.027818,72.55786,OSM
Asopalav,Shop,Ahmedabad,23.026053,72.571466,OSM
Shivalik Shilp,Shop,Ahmedabad,23.026994,72.506681,OSM
Mercedes Benz Service Center,Shop,Ahmedabad,23.026169,72.479547,OSM
market,Shop,Ahmedabad,23.040802,72.525677,OSM
JK MEDIRISE Disposable Medical Devices,Shop,Ahmedabad,23.033887,72.510796,OSM
Permit Shop,Shop,Ahmedabad,23.042369,72.514597,OSM
Permit Shop,Shop,Ahmedabad,23.030564,72.564035,OSM
Permit Shop,Shop,Ahmedabad,23.035351,72.560205,OSM
Permit Shop,Shop,Ahmedabad,23.039377,72.530446,OSM
Permit Shop,Shop,Ahmedabad,23.027837,72.512125,OSM
Permit Shop,Shop,Ahmedabad,23.045984,72.508121,OSM
Permit Shop,Shop,Ahmedabad,23.044182,72.482057,OSM
Permit Shop,Shop,Ahmedabad,23.04778,72.570414,OSM
Palladium Mall,Shop,Ahmedabad,23.058122,72.520884,OSM
HP World,Shop,Ahmedabad,23.025377,72.5302,OSM
Ladies & Gents Tailors,Shop,Ahmedabad,23.035346,72.527352,OSM
Navkar traders,Shop,Ahmedabad,23.077559,72.554843,OSM
Amul Parlour,Shop,Ahmedabad,23.027797,72.503133,OSM
divya farm & nursery,Shop,Ahmedabad,23.060665,72.530721,OSM
green gujarat nursery,Shop,Ahmedabad,23.055172,72.521705,OSM
sankat mochan nursery,Shop,Ahmedabad,23.037706,72.514772,OSM
Naidu nursery,Shop,Ahmedabad,23.027367,72.504409,OSM
lav kush nursery,Shop,Ahmedabad,23.025893,72.488761,OSM
VRUNDAVAN NURSERY & PLANTATION,Shop,Ahmedabad,23.067794,72.572238,OSM
Zalak Nursery,Shop,Ahmedabad,23.121187,72.512251,OSM
Mother Nature,Shop,Ahmedabad,23.05506,72.554691,OSM
UMAROSE NURSERY GOTA,Shop,Ahmedabad,23.095128,72.528934,OSM
Dharti Horticulture Nursery & Farm,Shop,Ahmedabad,23.136064,72.531889,OSM
Gauri Plants Nursery Farm,Shop,Ahmedabad,23.133615,72.566051,OSM
Kamdhenu Ayurvedic Stores,Shop,Ahmedabad,23.032294,72.469442,OSM
Kerala Store,Shop,Ahmedabad,23.040371,72.527283,OSM
Calibre Jewels,Shop,Ahmedabad,23.025772,72.52339,OSM
JRK FASHION,Shop,Ahmedabad,23.056436,72.540484,OSM
Amal dairy,Shop,Ahmedabad,23.069309,72.535938,OSM
Akshar Arcade,Shop,Ahmedabad,23.045129,72.55165,OSM
Kalasagar Mall,Shop,Ahmedabad,23.066348,72.531508,OSM
Nexus Ahmedabad One,Shop,Ahmedabad,23.039838,72.531317,OSM
Himalaya Mall,Shop,Ahmedabad,23.046339,72.531017,OSM
R3 Mall,Shop,Ahmedabad,23.046191,72.54024,OSM
Amul Parlor,Shop,Ahmedabad,23.02777,72.503082,OSM
Vastrakutir,Shop,Ahmedabad,23.032142,72.511561,OSM
Revolution Bike Store,Shop,Ahmedabad,23.032242,72.524084,OSM
Iscon Mega Mall,Shop,Ahmedabad,23.030346,72.507122,OSM
Monte Carlo Exclusive Showroom,Shop,Ahmedabad,23.03984,72.531497,OSM
Amul Parlour,Shop,Ahmedabad,23.080705,72.495484,OSM
Steps,Shop,Ahmedabad,23.081552,72.494226,OSM
National Handloom Corporation,Shop,Ahmedabad,23.027535,72.558807,OSM
Advait Mall,Shop,Ahmedabad,23.040784,72.526011,OSM
DAIRY RICH ICE CREAM,Shop,Ahmedabad,23.092547,72.540634,OSM
Iscon Emporio,Shop,Ahmedabad,23.027308,72.524702,OSM
Asopalav,Shop,Ahmedabad,23.02775,72.53219,OSM
Kitchen & Dining Complex,Shop,Ahmedabad,23.031178,72.53482,OSM
Osia,Shop,Ahmedabad,23.050279,72.49622,OSM
Amul Dairy,Shop,Ahmedabad,23.039092,72.520283,OSM
Ticket Window,Shop,Ahmedabad,23.027347,72.521472,OSM
Reliance Smart,Shop,Ahmedabad,23.029913,72.554896,OSM
Bharat Kirana Stores,Shop,Ahmedabad,23.038023,72.588901,OSM
krishna cold drinks,Shop,Ahmedabad,23.040135,72.579593,OSM
janta bakery,Shop,Ahmedabad,23.036703,72.579732,OSM
shri shankar bhuvan nashta house,Shop,Ahmedabad,23.039874,72.577904,OSM
bherunath jain chavana house,Shop,Ahmedabad,23.039816,72.579814,OSM
manhar doodh ghar,Shop,Ahmedabad,23.038576,72.579821,OSM
dhanlakshmi fruit stall,Shop,Ahmedabad,23.034565,72.579666,OSM
Jeet Tours & Travel,Shop,Ahmedabad,23.026434,72.600163,OSM
Manki children store,Shop,Ahmedabad,23.051039,72.644279,OSM
Jagdamba Sales Corporation,Shop,Ahmedabad,23.085761,72.63014,OSM
Jain Nagar,Shop,Ahmedabad,23.088605,72.584426,OSM
Amul Dairy,Shop,Ahmedabad,23.097158,72.628813,OSM
DMart,Shop,Ahmedabad,23.055288,72.671181,OSM
D Mart,Shop,Ahmedabad,23.068012,72.576138,OSM
Relince Digital,Shop,Ahmedabad,23.068041,72.575809,OSM
Arved transcube Plaza,Shop,Ahmedabad,23.067957,72.576058,OSM
cng,Shop,Ahmedabad,23.039025,72.580366,OSM
Mahlaxmi papad,Shop,Ahmedabad,23.073976,72.641619,OSM
Kubernagar Main market - sindhi market,Shop,Ahmedabad,23.073176,72.641436,OSM
readymadepocket,Shop,Ahmedabad,23.02772,72.588027,OSM
c point furniture,Shop,Ahmedabad,23.050789,72.663483,OSM
D Mart,Shop,Ahmedabad,23.068159,72.575945,OSM
readymadepocket,Shop,Ahmedabad,23.027736,72.588024,OSM
RIVERLEAF,Shop,Ahmedabad,23.052066,72.670566,OSM
4D Square mall.,Shop,Ahmedabad,23.102994,72.595792,OSM
Monte Carlo Exclusive Showroom,Shop,Ahmedabad,23.10282,72.595174,OSM
"Ahmedabad Trunk, House of Mg",Shop,Ahmedabad,23.027128,72.581522,OSM
RituRaj The Wedding Studio,Shop,Ahmedabad,23.046408,72.66398,OSM
Capital Security System,Shop,Ahmedabad,23.08635,72.683113,OSM
Reliance mart,Shop,Ahmedabad,23.044668,72.588035,OSM
Bharat Bakery,Shop,Ahmedabad,23.10829,72.582381,OSM
Hello Stationary services,Shop,Ahmedabad,23.108341,72.582747,OSM
Hira Misthan,Shop,Ahmedabad,23.107862,72.584647,OSM
Magson Fresh and Frozen,Shop,Ahmedabad,23.109466,72.59141,OSM
My Stationaries,Shop,Ahmedabad,23.109541,72.593896,OSM
Jalandhar Sports,Shop,Ahmedabad,23.108875,72.595344,OSM
United Colors Of Benetton,Shop,Ahmedabad,23.102891,72.595416,OSM
Titan World,Shop,Ahmedabad,23.103221,72.595639,OSM
Will's Lifestyle.,Shop,Ahmedabad,23.103005,72.59561,OSM
Zudio-North Plaza Motera,Shop,Ahmedabad,23.10204,72.594203,OSM
Go Colors Clothing,Shop,Ahmedabad,23.102333,72.594627,OSM
Puma,Shop,Ahmedabad,23.103116,72.595566,OSM
Bata Store,Shop,Ahmedabad,23.102798,72.595701,OSM
Arrow Clothing Store,Shop,Ahmedabad,23.102902,72.595789,OSM
Permit Shop,Shop,Ahmedabad,23.031896,72.576693,OSM
Permit Shop,Shop,Ahmedabad,23.033408,72.576319,OSM
Permit Shop,Shop,Ahmedabad,23.065346,72.584173,OSM
Permit Shop,Shop,Ahmedabad,23.112113,72.629092,OSM
Permit Shop,Shop,Ahmedabad,23.082606,72.616608,OSM
Emprado Salon Nails Academy,Shop,Ahmedabad,23.069258,72.659912,OSM
FONEBOOK RTO SUBHASHBRIDGE,Shop,Ahmedabad,23.066453,72.583867,OSM
Plant zone Nursery & Farm,Shop,Ahmedabad,23.117548,72.617226,OSM
ALPESH NURSERY,Shop,Ahmedabad,23.048627,72.595318,OSM
Madhuvan Nursery,Shop,Ahmedabad,23.129906,72.682807,OSM
Maurya Nursery,Shop,Ahmedabad,23.113362,72.587266,OSM
Book Shop,Shop,Ahmedabad,23.059941,72.580391,OSM
Vardhman Group IND,Shop,Ahmedabad,23.050488,72.651861,OSM
Safa Collection,Shop,Ahmedabad,23.068864,72.586822,OSM
Tatva Enterprise,Shop,Ahmedabad,23.040339,72.639623,OSM
OH KIDS,Shop,Ahmedabad,23.050556,72.666196,OSM
OH KIDS 2,Shop,Ahmedabad,23.053152,72.670322,OSM
Rich Holidays,Shop,Ahmedabad,23.074939,72.642444,OSM
Reliance Market,Shop,Ahmedabad,23.044038,72.588436,OSM
Agora Mall,Shop,Ahmedabad,23.11818,72.624296,OSM
Kabhi B Bakery,Shop,Ahmedabad,23.074022,72.622598,OSM
Dena Bank ATM,Shop,Ahmedabad,23.074119,72.622701,OSM
Aradhna Clothing,Shop,Ahmedabad,23.108467,72.58152,OSM
Hello Stationary services,Shop,Ahmedabad,23.108373,72.582793,OSM
Shree Aaiji Super Market,Shop,Gandhinagar,23.085634,72.564644,OSM
Samruddhi Jwellers,Shop,Gandhinagar,23.08499,72.564666,OSM
Maheshwari kirana and parlour,Shop,Gandhinagar,23.197288,72.616958,OSM
Jain Nagar,Shop,Gandhinagar,23.088605,72.584426,OSM
Amba Cash N Carry,Shop,Gandhinagar,23.1877,72.57379,OSM
B-Mart Supermarket,Shop,Gandhinagar,23.192544,72.613655,OSM
AMUL store,Shop,Gandhinagar,23.12628,72.539204,OSM
Hind Store,Shop,Gandhinagar,23.113556,72.555582,OSM
4D Square mall.,Shop,Gandhinagar,23.102994,72.595792,OSM
Monte Carlo Exclusive Showroom,Shop,Gandhinagar,23.10282,72.595174,OSM
Bharat Bakery,Shop,Gandhinagar,23.10829,72.582381,OSM
Hello Stationary services,Shop,Gandhinagar,23.108341,72.582747,OSM
Hira Misthan,Shop,Gandhinagar,23.107862,72.584647,OSM
Magson Fresh and Frozen,Shop,Gandhinagar,23.109466,72.59141,OSM
My Stationaries,Shop,Gandhinagar,23.109541,72.593896,OSM
Jalandhar Sports,Shop,Gandhinagar,23.108875,72.595344,OSM
United Colors Of Benetton,Shop,Gandhinagar,23.102891,72.595416,OSM
Titan World,Shop,Gandhinagar,23.103221,72.595639,OSM
Will's Lifestyle.,Shop,Gandhinagar,23.103005,72.59561,OSM
Zudio-North Plaza Motera,Shop,Gandhinagar,23.10204,72.594203,OSM
Go Colors Clothing,Shop,Gandhinagar,23.102333,72.594627,OSM
Puma,Shop,Gandhinagar,23.103116,72.595566,OSM
Bata Store,Shop,Gandhinagar,23.102798,72.595701,OSM
Arrow Clothing Store,Shop,Gandhinagar,23.102902,72.595789,OSM
Permit Shop,Shop,Gandhinagar,23.082606,72.616608,OSM
Farm Fresh Organic,Shop,Gandhinagar,23.187691,72.574974,OSM
Plant zone Nursery & Farm,Shop,Gandhinagar,23.117548,72.617226,OSM
Dharti Horticulture Nursery & Farm,Shop,Gandhinagar,23.136064,72.531889,OSM
Maurya Nursery,Shop,Gandhinagar,23.113362,72.587266,OSM
Gauri Plants Nursery Farm,Shop,Gandhinagar,23.133615,72.566051,OSM
KB ROYAL,Shop,Gandhinagar,23.120525,72.571787,OSM
OWND,Shop,Gandhinagar,23.119726,72.567478,OSM
Shoppers’ Plaza,Shop,Gandhinagar,23.163892,72.539174,OSM
DAIRY RICH ICE CREAM,Shop,Gandhinagar,23.092547,72.540634,OSM
Swagat Mall,Shop,Gandhinagar,23.160102,72.587535,OSM
Aradhna Clothing,Shop,Gandhinagar,23.108467,72.58152,OSM
Hello Stationary services,Shop,Gandhinagar,23.108373,72.582793,OSM
Bike Auto Care products,Shop,Gandhinagar,23.195956,72.634694,OSM
Gujraj International Finance tea center,Shop,Gandhinagar,23.15059,72.691482,OSM
Jagdamba Sales Corporation,Shop,Gandhinagar,23.085761,72.63014,OSM
Amul Dairy,Shop,Gandhinagar,23.097158,72.628813,OSM
White House-The Kitchen Store,Shop,Gandhinagar,23.178689,72.636872,OSM
Capital Security System,Shop,Gandhinagar,23.08635,72.683113,OSM
Kreations Hair & Beauty Studio,Shop,Gandhinagar,23.185004,72.630001,OSM
Permit Shop,Shop,Gandhinagar,23.112113,72.629092,OSM
Unlock The Salon,Shop,Gandhinagar,23.184495,72.629721,OSM
Madhuvan Nursery,Shop,Gandhinagar,23.129906,72.682807,OSM
Mantra - The Luxurious Spa™ Gandhinagar,Shop,Gandhinagar,23.182057,72.628683,OSM
Agora Mall,Shop,Gandhinagar,23.11818,72.624296,OSM
Laxmi Bakery,Shop,Gandhinagar,23.188462,72.626741,OSM
Kaka's Shop,Shop,Gandhinagar,23.188486,72.627036,OSM
Laxmi Bakery,Shop,Gandhinagar,23.231358,72.664759,OSM
Electronics and Quality Development Centre,Shop,Gandhinagar,23.246484,72.62997,OSM
Uma Tools and Traders,Shop,Gandhinagar,23.243627,72.648607,OSM
Dhanlaxmi,Shop,Gandhinagar,23.243369,72.649109,OSM
Shree Charbhuja Book Store,Shop,Gandhinagar,23.244467,72.649123,OSM
Smart Point,Shop,Gandhinagar,23.229375,72.667119,OSM
The Raymond Shop,Shop,Gandhinagar,23.230668,72.667592,OSM
Umiya Xerox,Shop,Gandhinagar,23.229162,72.653519,OSM
Vodafone Idea,Shop,Gandhinagar,23.215703,72.648957,OSM
TeaPost,Shop,Gandhinagar,23.210529,72.685021,OSM
Atul Bakery,Shop,Gandhinagar,23.210715,72.685088,OSM
Amul Store,Shop,Gandhinagar,23.210551,72.685443,OSM
Krupa General Store,Shop,Gandhinagar,23.210568,72.685476,OSM
SoBo Centre,Market,Ahmedabad,23.017443,72.475181,OSM
APMC Market,Market,Ahmedabad,22.996715,72.53682,OSM
Brand Factory,Market,Ahmedabad,23.015722,72.52983,OSM
Ahmedabad Historic Gujari Bazaar (Sunday Market),Market,Ahmedabad,23.024407,72.576846,OSM
fish market,Market,Ahmedabad,23.02473,72.584147,OSM
meat market,Market,Ahmedabad,23.024766,72.583419,OSM
Kabadi market,Market,Ahmedabad,22.98301,72.583693,OSM
fruit and vegetable market,Market,Ahmedabad,23.022999,72.587205,OSM
Jamalpur Market,Market,Ahmedabad,23.011589,72.580345,OSM
Old Gujari Bazaar (Sunday Market),Market,Ahmedabad,23.021453,72.577542,OSM
CHANDLODIA MARKET,Market,Ahmedabad,23.089184,72.541531,OSM
Iscon Emporio,Market,Ahmedabad,23.026563,72.524489,OSM
Palladium Mall,Market,Ahmedabad,23.058122,72.520884,OSM
Akshar Arcade,Market,Ahmedabad,23.045129,72.55165,OSM
Nexus Ahmedabad One,Market,Ahmedabad,23.039838,72.531317,OSM
Thakorbaug Market,Market,Ahmedabad,23.032501,72.561894,OSM
Himalaya Mall,Market,Ahmedabad,23.046339,72.531017,OSM
R3 Mall,Market,Ahmedabad,23.046191,72.54024,OSM
Iscon Mega Mall,Market,Ahmedabad,23.030346,72.507122,OSM
Advait Mall,Market,Ahmedabad,23.040784,72.526011,OSM
Iscon Emporio,Market,Ahmedabad,23.027308,72.524702,OSM
4D Square mall.,Market,Ahmedabad,23.102994,72.595792,OSM
Reliance mart,Market,Ahmedabad,23.044668,72.588035,OSM
Reliance Market,Market,Ahmedabad,23.044038,72.588436,OSM
Madhupura Market,Market,Ahmedabad,23.046416,72.589457,OSM
Agora Mall,Market,Ahmedabad,23.11818,72.624296,OSM
Aradhna Clothing,Market,Ahmedabad,23.108467,72.58152,OSM
CHANDLODIA MARKET,Market,Gandhinagar,23.089184,72.541531,OSM
4D Square mall.,Market,Gandhinagar,23.102994,72.595792,OSM
Shoppers’ Plaza,Market,Gandhinagar,23.163892,72.539174,OSM
Swagat Mall,Market,Gandhinagar,23.160102,72.587535,OSM
Aradhna Clothing,Market,Gandhinagar,23.108467,72.58152,OSM
Agora Mall,Market,Gandhinagar,23.11818,72.624296,OSM
Sector 21 Market,Market,Gandhinagar,23.231184,72.666647,OSM
Paldi,Locality,Ahmedabad,23.014553,72.563543,OSM
Jodhpur,Locality,Ahmedabad,23.016927,72.520432,OSM
Jivraj park,Locality,Ahmedabad,23.006332,72.536517,OSM
vejalpur,Locality,Ahmedabad,23.006937,72.520842,OSM
Makarba,Locality,Ahmedabad,22.996342,72.504308,OSM
Mumatpura,Locality,Ahmedabad,23.018494,72.495454,OSM
Ranna Park,Locality,Ahmedabad,22.999914,72.562817,OSM
Prahladnagar,Locality,Ahmedabad,23.011446,72.509293,OSM
Vasna,Locality,Ahmedabad,23.002005,72.547241,OSM
Ambawadi,Locality,Ahmedabad,23.022612,72.549083,OSM
Kochrab,Locality,Ahmedabad,23.015534,72.56892,OSM
Quresh Nagar Society,Locality,Ahmedabad,22.995495,72.516564,OSM
South Bopal,Locality,Ahmedabad,23.024319,72.470144,OSM
Kankaria,Locality,Ahmedabad,23.001763,72.594088,OSM
Maninagar,Locality,Ahmedabad,22.997713,72.606717,OSM
Jamalpur,Locality,Ahmedabad,23.013924,72.582062,OSM
Gita Mandir,Locality,Ahmedabad,23.0152,72.593222,OSM
Dalal Colony,Locality,Ahmedabad,22.992195,72.611611,OSM
Uttamnagar,Locality,Ahmedabad,22.993091,72.605386,OSM
Pratapnagar,Locality,Ahmedabad,23.018721,72.616789,OSM
Manek Chowk,Locality,Ahmedabad,23.02318,72.588952,OSM
Amraiwadi,Locality,Ahmedabad,23.005757,72.626982,OSM
Rajpur Gomtipur,Locality,Ahmedabad,23.013696,72.620581,OSM
Behrampura,Locality,Ahmedabad,23.003589,72.58384,OSM
Bhavna colony,Locality,Ahmedabad,23.003417,72.581812,OSM
Khadia,Locality,Ahmedabad,23.02139,72.589292,OSM
Khokhra,Locality,Ahmedabad,23.000842,72.618632,OSM
Maninagar East,Locality,Ahmedabad,22.999355,72.61372,OSM
Mehmdabad - Khokhra,Locality,Ahmedabad,23.000163,72.615774,OSM
Isanpur,Locality,Ahmedabad,22.98113,72.601295,OSM
Ramol -Jantanagar,Locality,Ahmedabad,22.986721,72.645876,OSM
Jantanagar -Ramol,Locality,Ahmedabad,23.008022,72.630334,OSM
Sukhrampura,Locality,Ahmedabad,23.022545,72.61466,OSM
Shah E Alam Roza,Locality,Ahmedabad,22.994174,72.589392,OSM
DaniLimda,Locality,Ahmedabad,22.996694,72.583392,OSM
Rambag,Locality,Ahmedabad,22.9982,72.599686,OSM
Sherkotda,Locality,Ahmedabad,23.012973,72.601462,OSM
Sarangpur,Locality,Ahmedabad,23.019776,72.59979,OSM
Rabari Colony,Locality,Ahmedabad,23.003119,72.633568,OSM
Vastral,Locality,Ahmedabad,22.994866,72.662443,OSM
Narol gam,Locality,Ahmedabad,22.948393,72.597785,OSM
Aslali,Locality,Ahmedabad,22.914543,72.590309,OSM
Godrej Garden City,Locality,Ahmedabad,23.110956,72.553997,OSM
Memnagar,Locality,Ahmedabad,23.051697,72.535169,OSM
Vastrapur,Locality,Ahmedabad,23.040086,72.529042,OSM
Memnagar,Locality,Ahmedabad,23.053084,72.532931,OSM
Akhbar nagar,Locality,Ahmedabad,23.067119,72.563012,OSM
Bodakdev,Locality,Ahmedabad,23.044592,72.517344,OSM
Gulbai tekra,Locality,Ahmedabad,23.026574,72.548963,OSM
Ramdev nagar,Locality,Ahmedabad,23.026444,72.512094,OSM
Nirnay Nagar,Locality,Ahmedabad,23.069796,72.552446,OSM
Usmanpura,Locality,Ahmedabad,23.049486,72.567262,OSM
Panjrapole,Locality,Ahmedabad,23.027547,72.543308,OSM
Naranpura,Locality,Ahmedabad,23.056713,72.550858,OSM
Nava-Vadaj,Locality,Ahmedabad,23.068224,72.564099,OSM
Chanakyapuri,Locality,Ahmedabad,23.086171,72.534872,OSM
Thaltej,Locality,Ahmedabad,23.048539,72.511742,OSM
Ghuma,Locality,Ahmedabad,23.029511,72.450601,OSM
Karmachari Nagar,Locality,Ahmedabad,23.065005,72.539069,OSM
Shilaj,Locality,Ahmedabad,23.054437,72.472076,OSM
New Ranip,Locality,Ahmedabad,23.092529,72.561323,OSM
Ghatlodiya,Locality,Ahmedabad,23.075569,72.549728,OSM
Bhagvat,Locality,Ahmedabad,23.088062,72.523811,OSM
Sola,Locality,Ahmedabad,23.069237,72.511131,OSM
Gota,Locality,Ahmedabad,23.101,72.540836,OSM
Khodiyar Nagar,Locality,Ahmedabad,23.06384,72.543073,OSM
D-cabin,Locality,Ahmedabad,23.10559,72.572721,OSM
Krishnakunj Society,Locality,Ahmedabad,23.027345,72.56444,OSM
Lapkaman,Locality,Ahmedabad,23.130299,72.500633,OSM
Pride Heritage Villas,Locality,Ahmedabad,23.143135,72.539309,OSM
Sahijpur,Locality,Ahmedabad,23.053175,72.630223,OSM
Naroda,Locality,Ahmedabad,23.073259,72.65083,OSM
Shahibaug,Locality,Ahmedabad,23.055636,72.596554,OSM
Nava Naroda,Locality,Ahmedabad,23.06874,72.673496,OSM
Madhupura,Locality,Ahmedabad,23.043354,72.590791,OSM
Bhat,Locality,Ahmedabad,23.102677,72.632935,OSM
Ranip,Locality,Ahmedabad,23.076623,72.57642,OSM
Sabarmati,Locality,Ahmedabad,23.083993,72.587619,OSM
Revdi Bazar,Locality,Ahmedabad,23.026847,72.598538,OSM
Dudheshwar,Locality,Ahmedabad,23.055955,72.584138,OSM
Shastri Nagar,Locality,Ahmedabad,23.030238,72.637243,OSM
Thakkarabapa Nagar,Locality,Ahmedabad,23.040439,72.642979,OSM
Dariyapur,Locality,Ahmedabad,23.033446,72.595589,OSM
Girdharnagar,Locality,Ahmedabad,23.050214,72.597892,OSM
Kalapi nagar,Locality,Ahmedabad,23.050658,72.617628,OSM
Sahijpur boga,Locality,Ahmedabad,23.056294,72.629966,OSM
Asarwa,Locality,Ahmedabad,23.047249,72.608805,OSM
Meghaninagar,Locality,Ahmedabad,23.055642,72.615645,OSM
Chandkheda,Locality,Ahmedabad,23.110064,72.58112,OSM
Ambavadi / kubernagar,Locality,Ahmedabad,23.080409,72.63405,OSM
Sarangpur,Locality,Ahmedabad,23.027588,72.607308,OSM
Amiyapur,Locality,Ahmedabad,23.124267,72.616035,OSM
Koteshwar Village,Locality,Ahmedabad,23.096084,72.612833,OSM
GIFT City,Locality,Ahmedabad,23.165682,72.6845,OSM
Zundal,Locality,Ahmedabad,23.135832,72.579365,OSM
Ruchit Flats,Locality,Ahmedabad,23.007513,72.546144,OSM
Pushkar-I Apartments,Locality,Ahmedabad,23.00889,72.568471,OSM
"Kendriya Vihar, Bopal",Locality,Ahmedabad,23.021347,72.474495,OSM
Jain Society,Locality,Ahmedabad,23.016509,72.563381,OSM
Jain Society,Locality,Ahmedabad,23.016622,72.562883,OSM
CG Road Society,Locality,Ahmedabad,23.022098,72.556227,OSM
Prathna Vihar Society,Locality,Ahmedabad,23.015715,72.542677,OSM
Mithila Society,Locality,Ahmedabad,23.014829,72.542823,OSM
Indraprasth Bungalows and Apartments,Locality,Ahmedabad,23.011071,72.53836,OSM
New Bhrahmakshatriya Society,Locality,Ahmedabad,23.015369,72.565015,OSM
Bopal 444,Locality,Ahmedabad,23.018133,72.478882,OSM
Tulip Citadel Towers,Locality,Ahmedabad,23.01249,72.538949,OSM
Juhapura,Locality,Ahmedabad,23.005696,72.529392,OSM
Shyamal Row Houses II,Locality,Ahmedabad,23.014969,72.529855,OSM
Sagar Appartment,Locality,Ahmedabad,23.012559,72.530307,OSM
Green Acres,Locality,Ahmedabad,23.007644,72.510067,OSM
Vraj Vihar-8,Locality,Ahmedabad,23.009198,72.511018,OSM
Green Park,Locality,Ahmedabad,22.984385,72.45537,OSM
Safal Vihaan,Locality,Ahmedabad,22.985328,72.461277,OSM
Gala Villa Aqua,Locality,Ahmedabad,22.973119,72.459085,OSM
The Meadows Gokuldham By Pacifica,Locality,Ahmedabad,22.978639,72.458277,OSM
KP Courtyard,Locality,Ahmedabad,22.979543,72.451728,OSM
78@Gokuldham,Locality,Ahmedabad,22.979096,72.45524,OSM
Safal Amrakunj Bunglows,Locality,Ahmedabad,22.977588,72.454998,OSM
"Green County , Gokuldham",Locality,Ahmedabad,22.979502,72.452649,OSM
Smarana Apartment,Locality,Ahmedabad,22.997939,72.518635,OSM
Venus Parkland,Locality,Ahmedabad,23.003373,72.520226,OSM
KP Villas,Locality,Ahmedabad,22.980975,72.453667,OSM
Riviera Greens,Locality,Ahmedabad,22.983097,72.459605,OSM
Gokuldham,Locality,Ahmedabad,22.978639,72.458277,OSM
Applewoods Apartments,Locality,Ahmedabad,22.993404,72.470572,OSM
Samatva Bungalows,Locality,Ahmedabad,23.004505,72.456847,OSM
Maulik Villa Row House,Locality,Ahmedabad,23.016227,72.523419,OSM
Aaryabhumi,Locality,Ahmedabad,23.016324,72.522992,OSM
Twinkle Residency,Locality,Ahmedabad,23.016212,72.523627,OSM
Nandanvan 3,Locality,Ahmedabad,23.016419,72.523922,OSM
Riddhi Towers,Locality,Ahmedabad,23.018674,72.522732,OSM
Shwetang Flats,Locality,Ahmedabad,23.017837,72.522681,OSM
Safal Parivesh,Locality,Ahmedabad,23.005769,72.508902,OSM
Indraprastha Kadamb,Locality,Ahmedabad,23.006977,72.50753,OSM
Shreeji Enclave,Locality,Ahmedabad,23.01562,72.513445,OSM
Orchid Whitefield,Locality,Ahmedabad,22.998377,72.503945,OSM
Palm Greens,Locality,Ahmedabad,22.999728,72.505438,OSM
Stanza,Locality,Ahmedabad,23.009747,72.459595,OSM
Applewoods Villas,Locality,Ahmedabad,22.990757,72.46322,OSM
Orchid Harmony,Locality,Ahmedabad,22.994271,72.467525,OSM
Pramukh Residency,Locality,Ahmedabad,23.021888,72.528141,OSM
Royal Orchid,Locality,Ahmedabad,23.006257,72.506645,OSM
Dipawali Society,Locality,Ahmedabad,23.006548,72.567307,OSM
Amraiwadi,Locality,Ahmedabad,23.007639,72.621181,OSM
Railway Colony,Locality,Ahmedabad,23.004772,72.610676,OSM
Raipur - Khadiya,Locality,Ahmedabad,23.020953,72.590256,OSM
The Homeland Stay,Locality,Ahmedabad,22.996653,72.59644,OSM
Harihar Society,Locality,Ahmedabad,22.993587,72.610608,OSM
Sitabaug Society,Locality,Ahmedabad,22.992242,72.610115,OSM
Nutanshakti Nagar Society Part-II,Locality,Ahmedabad,22.992145,72.610136,OSM
Sardar Patel Society,Locality,Ahmedabad,22.992625,72.609597,OSM
Shakti Society,Locality,Ahmedabad,22.994353,72.57832,OSM
Vallabhpark row house,Locality,Ahmedabad,22.963395,72.608432,OSM
Gulfam Raw House,Locality,Ahmedabad,22.994905,72.588375,OSM
Gulshan Row House,Locality,Ahmedabad,22.995042,72.588003,OSM
Samir Duplex,Locality,Ahmedabad,22.995165,72.588901,OSM
Saral Sapphire,Locality,Ahmedabad,23.000048,72.67144,OSM
Madhav Raj Bunglows,Locality,Ahmedabad,22.998987,72.670846,OSM
Radhe Krishna Heritage,Locality,Ahmedabad,23.000543,72.672332,OSM
Vedant Skyline,Locality,Ahmedabad,22.998598,72.671801,OSM
aarohi apartment,Locality,Ahmedabad,23.042497,72.547834,OSM
Aman Apartment,Locality,Ahmedabad,23.035253,72.554064,OSM
Triveni Vista,Locality,Ahmedabad,23.025922,72.54967,OSM
Sambhavi Apartments,Locality,Ahmedabad,23.07131,72.539578,OSM
Vandemataram Icon,Locality,Ahmedabad,23.097542,72.547552,OSM
Adarsh Nagar,Locality,Ahmedabad,23.104896,72.570208,OSM
Adhikar Society,Locality,Ahmedabad,23.105323,72.568184,OSM
Abu Nagar,Locality,Ahmedabad,23.104228,72.567261,OSM
Shivam Appartments,Locality,Ahmedabad,23.067926,72.564735,OSM
Raviniketan Appartments,Locality,Ahmedabad,23.039419,72.527047,OSM
Chinmay Crystal Towers,Locality,Ahmedabad,23.039082,72.527056,OSM
Rajdhani Bungalows,Locality,Ahmedabad,23.088565,72.564181,OSM
La Habitat,Locality,Ahmedabad,23.059477,72.509582,OSM
Goyal Intercity,Locality,Ahmedabad,23.049527,72.525288,OSM
RAMA PIR NO TEKRO,Locality,Ahmedabad,23.063233,72.574024,OSM
Shyam Sunder Row Houses,Locality,Ahmedabad,23.047337,72.537276,OSM
Harmony Harikesh,Locality,Ahmedabad,23.083358,72.499496,OSM
NewGunjan Flats,Locality,Ahmedabad,23.07287,72.560373,OSM
Sector1,Locality,Ahmedabad,23.075141,72.560168,OSM
Hollywood Basti,Locality,Ahmedabad,23.030288,72.549554,OSM
"Riddhi Siddhi (Parinay) Society,",Locality,Ahmedabad,23.084439,72.56841,OSM
IndraPrastha Appartment,Locality,Ahmedabad,23.089688,72.558377,OSM
AryaVilla Appartment,Locality,Ahmedabad,23.089057,72.558475,OSM
Bhavana Society,Locality,Ahmedabad,23.084566,72.569165,OSM
Ami-Park Society,Locality,Ahmedabad,23.084252,72.568738,OSM
Surya-Ami Appartment,Locality,Ahmedabad,23.083578,72.568589,OSM
Swaminarayan Avenue,Locality,Ahmedabad,23.076124,72.565249,OSM
Green Avenue Appartment,Locality,Ahmedabad,23.084641,72.567716,OSM
Saket Appartment,Locality,Ahmedabad,23.084216,72.566703,OSM
Nilkanth Mahadev,Locality,Ahmedabad,23.079819,72.566851,OSM
amay apartments,Locality,Ahmedabad,23.036271,72.555299,OSM
Malabar county 2,Locality,Ahmedabad,23.128712,72.548595,OSM
Riddhi Raw House,Locality,Ahmedabad,23.035796,72.438378,OSM
Ratnasagar Part-2,Locality,Ahmedabad,23.083167,72.520522,OSM
Gujarat State Judicial Academy,Locality,Ahmedabad,23.082015,72.519514,OSM
Sentossa Greenland,Locality,Ahmedabad,23.101021,72.495425,OSM
Umed Park Society,Locality,Ahmedabad,23.068092,72.531708,OSM
Nijanand Society,Locality,Ahmedabad,23.089654,72.56188,OSM
Surel Apartment,Locality,Ahmedabad,23.032223,72.512533,OSM
Lad Society,Locality,Ahmedabad,23.036672,72.521408,OSM
Shivani Apartment,Locality,Ahmedabad,23.027808,72.541259,OSM
Shivani Apartment,Locality,Ahmedabad,23.027716,72.541489,OSM
Shivani Apartment,Locality,Ahmedabad,23.027188,72.541748,OSM
shilaj,Locality,Ahmedabad,23.050159,72.478537,OSM
Iscon Platinum,Locality,Ahmedabad,23.030255,72.475896,OSM
J P farm,Locality,Ahmedabad,23.064045,72.470284,OSM
Shukan Residency,Locality,Ahmedabad,23.094084,72.545461,OSM
Aaryan60 Appartment,Locality,Ahmedabad,23.09441,72.545163,OSM
Casa Elite,Locality,Ahmedabad,23.121681,72.540818,OSM
Samprat Residence,Locality,Ahmedabad,23.046917,72.467583,OSM
Green Glades,Locality,Ahmedabad,23.113278,72.55064,OSM
Stavya Roots,Locality,Ahmedabad,23.058849,72.501845,OSM
Magnate Lavish,Locality,Ahmedabad,23.144614,72.533079,OSM
Tremont Group,Locality,Ahmedabad,23.135946,72.553093,OSM
Ratna Paradise,Locality,Ahmedabad,23.135447,72.552266,OSM
Malabar Exotica,Locality,Ahmedabad,23.128464,72.552348,OSM
Harmony Status,Locality,Ahmedabad,23.08514,72.496044,OSM
Kalasagar Heights,Locality,Ahmedabad,23.093994,72.557883,OSM
Dwarkapuri society,Locality,Ahmedabad,23.076981,72.540847,OSM
Green Part Society Part II,Locality,Ahmedabad,23.108193,72.560847,OSM
Samprat Residence,Locality,Ahmedabad,23.04697,72.467945,OSM
Samprat Residence,Locality,Ahmedabad,23.046403,72.467683,OSM
Samprat Residence,Locality,Ahmedabad,23.045991,72.46792,OSM
Avichal Park,Locality,Ahmedabad,23.11918,72.578546,OSM
Hariom Bungalows,Locality,Ahmedabad,23.109125,72.594354,OSM
Shyam Elegance,Locality,Ahmedabad,23.107306,72.65977,OSM
Sakal Residency,Locality,Ahmedabad,23.10802,72.591525,OSM
"Vishwakarma Government Engineering College, Chandkheda",Locality,Ahmedabad,23.104429,72.594307,OSM
Railway Colony,Locality,Ahmedabad,23.096549,72.584073,OSM
Sarabhai Estate,Locality,Ahmedabad,23.052788,72.593604,OSM
Gujarat Circuit House,Locality,Ahmedabad,23.062381,72.595064,OSM
Dharamnagar Society Lane-1,Locality,Ahmedabad,23.079069,72.591374,OSM
Sabarmati Society,Locality,Ahmedabad,23.079223,72.592261,OSM
Sabarbag Society,Locality,Ahmedabad,23.0771,72.593682,OSM
Rajshree Park Society,Locality,Ahmedabad,23.078015,72.594211,OSM
Jalsabar Society,Locality,Ahmedabad,23.078937,72.594108,OSM
Varsoda ni Chali,Locality,Ahmedabad,23.079906,72.590009,OSM
Dhaneshwar Society,Locality,Ahmedabad,23.079976,72.592993,OSM
Hansol,Locality,Ahmedabad,23.079053,72.627973,OSM
"Police Head Quaters ,Ranip",Locality,Ahmedabad,23.077981,72.582266,OSM
"AMC LIG-5, Chandkheda",Locality,Ahmedabad,23.113882,72.585499,OSM
Sparsh Residency,Locality,Ahmedabad,23.112983,72.658912,OSM
Crystal Bungalows,Locality,Ahmedabad,23.112805,72.658871,OSM
Keshav Bungalows,Locality,Ahmedabad,23.112814,72.661088,OSM
Coral Bungalows,Locality,Ahmedabad,23.108417,72.662137,OSM
Prince Residency,Locality,Ahmedabad,23.104113,72.659422,OSM
Kailash Kunj,Locality,Ahmedabad,23.10525,72.66713,OSM
Shree Rang Earth & Heaven,Locality,Ahmedabad,23.118459,72.606098,OSM
Shree Rang Pineapple,Locality,Ahmedabad,23.11878,72.604965,OSM
Saamarth Heaven III,Locality,Ahmedabad,23.119567,72.604741,OSM
SWA Bungalows,Locality,Ahmedabad,23.120776,72.608773,OSM
Shikhar Bunglows,Locality,Ahmedabad,23.118933,72.632059,OSM
Narayan Avenue,Locality,Ahmedabad,23.103085,72.633878,OSM
Anurag Bungalows,Locality,Ahmedabad,23.104997,72.632157,OSM
Shree Balaji Agora Residency,Locality,Ahmedabad,23.120565,72.624655,OSM
Parshwanath Atlantis Park,Locality,Ahmedabad,23.120489,72.623094,OSM
Parshwanath Divine,Locality,Ahmedabad,23.117689,72.620991,OSM
Gitanjali Society,Locality,Ahmedabad,23.076621,72.577919,OSM
Sabarmati Ashram,Locality,Ahmedabad,23.06013,72.581115,OSM
Avichal Park,Locality,Ahmedabad,23.119295,72.577961,OSM
Aditya Residency,Locality,Ahmedabad,23.101362,72.599335,OSM
Victoria Heights,Locality,Ahmedabad,23.060085,72.653638,OSM
Victoria Residency,Locality,Ahmedabad,23.059646,72.653883,OSM
Shilp Bunglows,Locality,Ahmedabad,23.061447,72.663194,OSM
Devbhumi Society,Locality,Ahmedabad,23.132753,72.584658,OSM
Godrej Garden City,Locality,Gandhinagar,23.110956,72.553997,OSM
Chanakyapuri,Locality,Gandhinagar,23.086171,72.534872,OSM
Sabarmati,Locality,Gandhinagar,23.083993,72.587619,OSM
New Ranip,Locality,Gandhinagar,23.092529,72.561323,OSM
Chandkheda,Locality,Gandhinagar,23.110064,72.58112,OSM
Gota,Locality,Gandhinagar,23.101,72.540836,OSM
Amiyapur,Locality,Gandhinagar,23.124267,72.616035,OSM
D-cabin,Locality,Gandhinagar,23.10559,72.572721,OSM
Sargasan,Locality,Gandhinagar,23.183166,72.615296,OSM
Koteshwar Village,Locality,Gandhinagar,23.096084,72.612833,OSM
Zundal,Locality,Gandhinagar,23.135832,72.579365,OSM
Pride Heritage Villas,Locality,Gandhinagar,23.143135,72.539309,OSM
Bhat,Locality,Gandhinagar,23.102677,72.632935,OSM
Ambavadi / kubernagar,Locality,Gandhinagar,23.080409,72.63405,OSM
Kudasan,Locality,Gandhinagar,23.170442,72.623427,OSM
Indroda,Locality,Gandhinagar,23.197518,72.657519,OSM
GIFT City,Locality,Gandhinagar,23.165682,72.6845,OSM
Sector 10 A,Locality,Gandhinagar,23.220389,72.657701,OSM
Sector 19,Locality,Gandhinagar,23.222253,72.669473,OSM
Sector 20,Locality,Gandhinagar,23.228273,72.672067,OSM
Sector 26,Locality,Gandhinagar,23.254338,72.640608,OSM
Sector 27,Locality,Gandhinagar,23.251436,72.649819,OSM
Sector 14,Locality,Gandhinagar,23.236922,72.632759,OSM
Sector 18,Locality,Gandhinagar,23.216787,72.664744,OSM
Sector 23,Locality,Gandhinagar,23.237686,72.650917,OSM
Sector 24,Locality,Gandhinagar,23.242147,72.643867,OSM
Sector 28,Locality,Gandhinagar,23.247036,72.656338,OSM
Sector 30,Locality,Gandhinagar,23.240283,72.671203,OSM
Sector 9,Locality,Gandhinagar,23.213848,72.663155,OSM
Sector 10 B,Locality,Gandhinagar,23.224331,72.661492,OSM
Sector 10,Locality,Gandhinagar,23.215621,72.65504,OSM
Sector 5,Locality,Gandhinagar,23.218249,72.627704,OSM
Sector 7,Locality,Gandhinagar,23.210975,72.643035,OSM
Sector 11,Locality,Gandhinagar,23.219625,72.647857,OSM
Sector 15,Locality,Gandhinagar,23.233896,72.639045,OSM
Sector 12,Locality,Gandhinagar,23.222375,72.64114,OSM
Sector 16,Locality,Gandhinagar,23.230443,72.646494,OSM
Sector 17,Locality,Gandhinagar,23.227601,72.653744,OSM
Sector 25,Locality,Gandhinagar,23.247983,72.637016,OSM
Sector 13,Locality,Gandhinagar,23.227509,72.633258,OSM
Sector 22,Locality,Gandhinagar,23.23576,72.657335,OSM
Sector 29,Locality,Gandhinagar,23.244133,72.662922,OSM
Sector 6,Locality,Gandhinagar,23.215163,72.635619,OSM
Sector 7,Locality,Gandhinagar,23.210351,72.641989,OSM
Vandemataram Icon,Locality,Gandhinagar,23.097542,72.547552,OSM
Avichal Park,Locality,Gandhinagar,23.11918,72.578546,OSM
Hariom Bungalows,Locality,Gandhinagar,23.109125,72.594354,OSM
Sakal Residency,Locality,Gandhinagar,23.10802,72.591525,OSM
"Vishwakarma Government Engineering College, Chandkheda",Locality,Gandhinagar,23.104429,72.594307,OSM
Railway Colony,Locality,Gandhinagar,23.096549,72.584073,OSM
Adarsh Nagar,Locality,Gandhinagar,23.104896,72.570208,OSM
Adhikar Society,Locality,Gandhinagar,23.105323,72.568184,OSM
Abu Nagar,Locality,Gandhinagar,23.104228,72.567261,OSM
Rajdhani Bungalows,Locality,Gandhinagar,23.088565,72.564181,OSM
Sabarmati Society,Locality,Gandhinagar,23.079223,72.592261,OSM
Varsoda ni Chali,Locality,Gandhinagar,23.079906,72.590009,OSM
Dhaneshwar Society,Locality,Gandhinagar,23.079976,72.592993,OSM
Hansol,Locality,Gandhinagar,23.079053,72.627973,OSM
Water Lily,Locality,Gandhinagar,23.164073,72.536938,OSM
The Meadows,Locality,Gandhinagar,23.161328,72.539718,OSM
"Riddhi Siddhi (Parinay) Society,",Locality,Gandhinagar,23.084439,72.56841,OSM
IndraPrastha Appartment,Locality,Gandhinagar,23.089688,72.558377,OSM
AryaVilla Appartment,Locality,Gandhinagar,23.089057,72.558475,OSM
Bhavana Society,Locality,Gandhinagar,23.084566,72.569165,OSM
Ami-Park Society,Locality,Gandhinagar,23.084252,72.568738,OSM
Surya-Ami Appartment,Locality,Gandhinagar,23.083578,72.568589,OSM
Green Avenue Appartment,Locality,Gandhinagar,23.084641,72.567716,OSM
Saket Appartment,Locality,Gandhinagar,23.084216,72.566703,OSM
Nilkanth Mahadev,Locality,Gandhinagar,23.079819,72.566851,OSM
"AMC LIG-5, Chandkheda",Locality,Gandhinagar,23.113882,72.585499,OSM
Malabar county 2,Locality,Gandhinagar,23.128712,72.548595,OSM
The North Park,Locality,Gandhinagar,23.17286,72.536608,OSM
Shree Rang Earth & Heaven,Locality,Gandhinagar,23.118459,72.606098,OSM
Shree Rang Pineapple,Locality,Gandhinagar,23.11878,72.604965,OSM
Saamarth Heaven III,Locality,Gandhinagar,23.119567,72.604741,OSM
SWA Bungalows,Locality,Gandhinagar,23.120776,72.608773,OSM
Sector 4,Locality,Gandhinagar,23.188582,72.57837,OSM
Sector 3C,Locality,Gandhinagar,23.187534,72.577231,OSM
Sector 3B,Locality,Gandhinagar,23.18792,72.575645,OSM
Sector 1A,Locality,Gandhinagar,23.186368,72.574033,OSM
Sector 1B,Locality,Gandhinagar,23.186042,72.576803,OSM
Sector 1C,Locality,Gandhinagar,23.186706,72.577936,OSM
Sector 1D,Locality,Gandhinagar,23.184257,72.577216,OSM
Nijanand Society,Locality,Gandhinagar,23.089654,72.56188,OSM
Sector 3A,Locality,Gandhinagar,23.188341,72.574951,OSM
Avichal Park,Locality,Gandhinagar,23.119295,72.577961,OSM
Vatsalya and Sinchan,Locality,Gandhinagar,23.183135,72.569922,OSM
Aditya Residency,Locality,Gandhinagar,23.101362,72.599335,OSM
Shukan Residency,Locality,Gandhinagar,23.094084,72.545461,OSM
Aaryan60 Appartment,Locality,Gandhinagar,23.09441,72.545163,OSM
Casa Elite,Locality,Gandhinagar,23.121681,72.540818,OSM
Sector 6,Locality,Gandhinagar,23.183591,72.57788,OSM
Swagat City,Locality,Gandhinagar,23.160577,72.586043,OSM
Green Glades,Locality,Gandhinagar,23.113278,72.55064,OSM
Magnate Lavish,Locality,Gandhinagar,23.144614,72.533079,OSM
Tremont Group,Locality,Gandhinagar,23.135946,72.553093,OSM
Ratna Paradise,Locality,Gandhinagar,23.135447,72.552266,OSM
Malabar Exotica,Locality,Gandhinagar,23.128464,72.552348,OSM
Devbhumi Society,Locality,Gandhinagar,23.132753,72.584658,OSM
Kalasagar Heights,Locality,Gandhinagar,23.093994,72.557883,OSM
Green Part Society Part II,Locality,Gandhinagar,23.108193,72.560847,OSM
Shivalik Greenview,Locality,Gandhinagar,23.158141,72.544289,OSM
Shyam Elegance,Locality,Gandhinagar,23.107306,72.65977,OSM
Sector 1,Locality,Gandhinagar,23.197172,72.644665,OSM
Sector 2,Locality,Gandhinagar,23.199905,72.640347,OSM
Sector 3,Locality,Gandhinagar,23.202601,72.632312,OSM
Sector 8,Locality,Gandhinagar,23.208928,72.65459,OSM
Urjanagar-1 Society,Locality,Gandhinagar,23.173792,72.641591,OSM
Dholakuva,Locality,Gandhinagar,23.189717,72.642553,OSM
Shukan Sky,Locality,Gandhinagar,23.17347,72.638773,OSM
Shree Rang Upvan,Locality,Gandhinagar,23.157206,72.658057,OSM
Aawaass River Front,Locality,Gandhinagar,23.183059,72.651804,OSM
Shree Rang Oasis શ્રી રંગ ઓએસિસ,Locality,Gandhinagar,23.183722,72.65268,OSM
Shree Rang Aroma,Locality,Gandhinagar,23.184586,72.650657,OSM
Sparsh Residency,Locality,Gandhinagar,23.112983,72.658912,OSM
Crystal Bungalows,Locality,Gandhinagar,23.112805,72.658871,OSM
Keshav Bungalows,Locality,Gandhinagar,23.112814,72.661088,OSM
Coral Bungalows,Locality,Gandhinagar,23.108417,72.662137,OSM
Prince Residency,Locality,Gandhinagar,23.104113,72.659422,OSM
Kailash Kunj,Locality,Gandhinagar,23.10525,72.66713,OSM
Shikhar Bunglows,Locality,Gandhinagar,23.118933,72.632059,OSM
Narayan Avenue,Locality,Gandhinagar,23.103085,72.633878,OSM
Anurag Bungalows,Locality,Gandhinagar,23.104997,72.632157,OSM
Shree Balaji Agora Residency,Locality,Gandhinagar,23.120565,72.624655,OSM
Parshwanath Atlantis Park,Locality,Gandhinagar,23.120489,72.623094,OSM
Parshwanath Divine,Locality,Gandhinagar,23.117689,72.620991,OSM
Krushnakunj complex,Locality,Gandhinagar,23.184456,72.63501,OSM
Kanam Residency 1,Locality,Gandhinagar,23.17938,72.630211,OSM
Shree Range Entire Society,Locality,Gandhinagar,23.166239,72.650376,OSM
Jainam Bunglows,Locality,Gandhinagar,23.162756,72.650812,OSM
Swarnim Bunglows,Locality,Gandhinagar,23.164618,72.650406,OSM
GUDA Apartment,Locality,Gandhinagar,23.166039,72.65209,OSM
Swagat Afford,Locality,Gandhinagar,23.191857,72.620887,OSM
Kanam Residecy 2,Locality,Gandhinagar,23.180529,72.629064,OSM
Vrundavan Bunglows,Locality,Gandhinagar,23.164481,72.648859,OSM
GUDA Apartment,Locality,Gandhinagar,23.16505,72.651084,OSM
Raysan,Locality,Gandhinagar,23.166938,72.659584,OSM
Radesan,Locality,Gandhinagar,23.176169,72.655046,OSM
Suyash Status,Locality,Gandhinagar,23.175555,72.641726,OSM
BAPS Swaminarayan Vidyamandir Raysan,Locality,Gandhinagar,23.171166,72.645472,OSM
Sobha Dream Heritage,Locality,Gandhinagar,23.161124,72.695651,OSM
Sector 4,Locality,Gandhinagar,23.215231,72.622431,OSM
Shalin-3,Locality,Gandhinagar,23.227679,72.61836,OSM
Tulsi Bunglows,Locality,Gandhinagar,23.229546,72.616423,OSM
Bansari Greencity 1,Locality,Gandhinagar,23.266117,72.643381,OSM
Bansari Greencity 2,Locality,Gandhinagar,23.266587,72.644097,OSM
GEB Colony,Locality,Gandhinagar,23.258659,72.67392,OSM
Housing Block,Locality,Gandhinagar,23.207807,72.688387,OSM
Staff Quater,Locality,Gandhinagar,23.206747,72.68534,OSM
Staff Quater,Locality,Gandhinagar,23.206161,72.685204,OSM
Panchsheel Park,Locality,Gandhinagar,23.236466,72.663496,OSM
Bansari Greencity,Locality,Gandhinagar,23.266389,72.643824,OSM
Tilak,Locality,Gandhinagar,23.266946,72.645058,OSM
Sarangpur Railway Overbridge,Bridge,Ahmedabad,23.02132,72.600843,AMC GIS portal
Babu Jagjivanram,Bridge,Ahmedabad,23.043907,72.596749,AMC GIS portal
Soni Ni Chawl Flyover,Bridge,Ahmedabad,23.020607,72.638399,AMC GIS portal
Induchacha Flyover(Jashoda Nagar),Bridge,Ahmedabad,22.983521,72.622212,AMC GIS portal
CTM Junction Flyover - First Level,Bridge,Ahmedabad,22.992361,72.63272,AMC GIS portal
(R & B /NHAI),Bridge,Ahmedabad,22.973085,72.655187,AMC GIS portal
(R & B /NHAI),Bridge,Ahmedabad,22.979858,72.643279,AMC GIS portal
CTM Junction Flyover - Second Level,Bridge,Ahmedabad,22.993606,72.63172,AMC GIS portal
(R & B /NHAI),Bridge,Ahmedabad,23.026931,72.476606,AMC GIS portal
Narol - Sarkhej Road flyover (R & B /NHAI),Bridge,Ahmedabad,22.983115,72.542459,AMC GIS portal
(R & B /NHAI),Bridge,Ahmedabad,23.002235,72.535111,AMC GIS portal
(R & B /NHAI),Bridge,Ahmedabad,23.005018,72.533772,AMC GIS portal
Shyamaprasad Mukharji Bridge,Bridge,Ahmedabad,23.009795,72.531658,AMC GIS portal
Shivranjani Flyover (field Marshal Maneksha),Bridge,Ahmedabad,23.024088,72.530171,AMC GIS portal
IIM Ahmedabad Shree Maulana Abul kalam  Azad bridge,Bridge,Ahmedabad,23.033943,72.535883,AMC GIS portal
Nanaji Deshmukh Bridge,Bridge,Ahmedabad,23.067469,72.526766,AMC GIS portal
(R & B /NHAI),Bridge,Ahmedabad,23.048103,72.479902,AMC GIS portal
Helmet Junction Flyover (Dr.Vikrambhai Sarabhai Bridge),Bridge,Ahmedabad,23.0451,72.542208,AMC GIS portal
AEC sola Flyover (Pujya Ravishakar Maharaj Bridge),Bridge,Ahmedabad,23.053054,72.546797,AMC GIS portal
Gota Chokdi Flyover (R & B /NHAI),Bridge,Ahmedabad,23.09862,72.53174,AMC GIS portal
Sarkhej - Gandhinagar Hwy (R & B /NHAI),Bridge,Ahmedabad,23.067412,72.522651,AMC GIS portal
Chanakyapuri Railway Overbridge (Morarji Desai),Bridge,Ahmedabad,23.073584,72.541327,AMC GIS portal
Sudarshinh Bhandari Bridge,Bridge,Ahmedabad,23.089322,72.541235,AMC GIS portal
ISKCON Flyover (R & B /NHAI),Bridge,Ahmedabad,23.026637,72.507256,AMC GIS portal
(R & B /NHAI),Bridge,Ahmedabad,22.983678,72.49746,AMC GIS portal
(R & B /NHAI),Bridge,Ahmedabad,22.968174,72.481396,AMC GIS portal
Sarkhej - Gandhinagar Hwy (R & B /NHAI),Bridge,Ahmedabad,23.043737,72.514463,AMC GIS portal
Sarkhej - Gandhinagar Hwy (R & B /NHAI),Bridge,Ahmedabad,23.051342,72.51779,AMC GIS portal
(R & B /NHAI),Bridge,Ahmedabad,23.069587,72.522695,AMC GIS portal
(R & B /NHAI),Bridge,Ahmedabad,23.060714,72.650112,AMC GIS portal
(R & B /NHAI),Bridge,Ahmedabad,23.063255,72.652218,AMC GIS portal
(R & B /NHAI),Bridge,Ahmedabad,23.066478,72.65654,AMC GIS portal
(R & B /NHAI),Bridge,Ahmedabad,23.067054,72.65728,AMC GIS portal
(R & B /NHAI),Bridge,Ahmedabad,23.056104,72.651311,AMC GIS portal
Thakkarbapanagar Flyover (Pandit Madanmohan Malaviya),Bridge,Ahmedabad,23.038687,72.641817,AMC GIS portal
(R & B /NHAI),Bridge,Ahmedabad,23.04285,72.652405,AMC GIS portal
(R & B /NHAI),Bridge,Ahmedabad,23.045416,72.653706,AMC GIS portal
(R & B /NHAI),Bridge,Ahmedabad,23.050394,72.652334,AMC GIS portal
(R & B /NHAI),Bridge,Ahmedabad,23.071576,72.663349,AMC GIS portal
Nathalal jagda Bridge,Bridge,Ahmedabad,23.000585,72.612213,AMC GIS portal
Old Sardar Bridge,Bridge,Ahmedabad,23.01155,72.572531,AMC GIS portal
Bhairosinh Shekhawat Flyover (Isanpur),Bridge,Ahmedabad,22.976244,72.60162,AMC GIS portal
Dr.Baba Saheb Ambedkar Bridge,Bridge,Ahmedabad,22.996911,72.563235,AMC GIS portal
Mahakavi Nanalal Gujarat College )Railway Over Bridge,Bridge,Ahmedabad,23.023151,72.571299,AMC GIS portal
Rajiv Gandhi Railway Underpass (Income Tax),Bridge,Ahmedabad,23.040044,72.565875,AMC GIS portal
New Sardar Bridge,Bridge,Ahmedabad,23.011635,72.572549,AMC GIS portal
(R & B /NHAI),Bridge,Ahmedabad,22.96971,72.660974,AMC GIS portal
Sardar Patel Ring Road Flyover (R & B /NHAI),Bridge,Ahmedabad,22.93982,72.637593,AMC GIS portal
Sarkhej - Gandhinagar Hwy (R & B /NHAI),Bridge,Ahmedabad,23.048084,72.516584,AMC GIS portal
Ashokbhai Bhatt - Jamalpur at Jamalpur Junction & Jamalpur Flyover,Bridge,Ahmedabad,23.010562,72.57861,AMC GIS portal
Prabodh Raval Bridge,Bridge,Ahmedabad,23.068144,72.579156,AMC GIS portal
Chimanbhai Patel Bridge,Bridge,Ahmedabad,23.071049,72.590156,AMC GIS portal
Baba Saheb Ambedkar Bridge (Chamunda),Bridge,Ahmedabad,23.041749,72.610944,AMC GIS portal
Chandlodiya Railway Overbridge (Pandit Dindayal Upadhyay Bridge),Bridge,Ahmedabad,23.078726,72.553085,AMC GIS portal
New Gandhi Bridge,Bridge,Ahmedabad,23.040117,72.573402,AMC GIS portal
Old Gandhi Bridge,Bridge,Ahmedabad,23.040005,72.573604,AMC GIS portal
Kalupur over bridge,Bridge,Ahmedabad,23.032906,72.599686,AMC GIS portal
Kalupur over bridge,Bridge,Ahmedabad,23.032922,72.603094,AMC GIS portal
(R & B /NHAI),Bridge,Ahmedabad,22.931485,72.536217,AMC GIS portal
Lalbhai Kasturbhai Bridge,Bridge,Ahmedabad,23.056204,72.62797,AMC GIS portal
Ghodasar Railway Overbridge (R & B /NHAI),Bridge,Ahmedabad,22.980784,72.617955,AMC GIS portal
Nehru Bridge,Bridge,Ahmedabad,23.026904,72.57475,AMC GIS portal
Maharshi Dadhichi Bridge (Vadaj-Dudheshwar),Bridge,Ahmedabad,23.053664,72.577822,AMC GIS portal
Maharshi Dadhichi Bridge (Vadaj-Dudheshwar),Bridge,Ahmedabad,23.05361,72.577692,AMC GIS portal
Babubhai Jasbhai Patel Bridge (Ushmapura Underpass),Bridge,Ahmedabad,23.046826,72.565571,AMC GIS portal
(R & B /NHAI),Bridge,Ahmedabad,22.998698,72.536693,AMC GIS portal
New Swami Vivekanand Bridge,Bridge,Ahmedabad,23.022413,72.576545,AMC GIS portal
New Swami Vivekanand Bridge,Bridge,Ahmedabad,23.022266,72.576312,AMC GIS portal
Shahibag Acharyashri Mahapragna (ROB),Bridge,Ahmedabad,23.049395,72.593198,AMC GIS portal
Guruji- Daxini Railway Over Bridge,Bridge,Ahmedabad,22.988467,72.617877,AMC GIS portal
(R & B /NHAI),Bridge,Ahmedabad,23.076888,72.66321,AMC GIS portal
(R & B /NHAI),Bridge,Ahmedabad,23.077527,72.663536,AMC GIS portal
(R & B /NHAI),Bridge,Ahmedabad,23.040211,72.652384,AMC GIS portal
(R & B /NHAI),Bridge,Ahmedabad,23.063493,72.589207,AMC GIS portal
Vatva Bridge,Bridge,Ahmedabad,22.962126,72.62803,AMC GIS portal
Shubhash Bridge,Bridge,Ahmedabad,23.061284,72.585752,AMC GIS portal
(R & B /NHAI),Bridge,Ahmedabad,23.068188,72.660927,AMC GIS portal
(R & B /NHAI),Bridge,Ahmedabad,23.021993,72.648223,AMC GIS portal
(R & B /NHAI),Bridge,Ahmedabad,22.928802,72.595345,AMC GIS portal
Amarsinh Chaudhary Bridge,Bridge,Ahmedabad,23.039808,72.597394,AMC GIS portal
Shree Madrajchand Bridge (ITI),Bridge,Ahmedabad,23.080191,72.651738,AMC GIS portal
Akhbarnagar Underpass (K.K.Shashtri Bridge),Bridge,Ahmedabad,23.066428,72.559452,AMC GIS portal
Old Elish Bridge,Bridge,Ahmedabad,23.02242,72.575184,AMC GIS portal
Shahibug Railway Underpass(Lt. shree Jaykrishna Hari Vallabhdas Bridge),Bridge,Ahmedabad,23.054326,72.590646,AMC GIS portal
Khokhara Railway Overbridge,Bridge,Ahmedabad,23.008197,72.60633,AMC GIS portal
Madalpur Underpass,Bridge,Ahmedabad,23.022025,72.568319,AMC GIS portal
Mithkhadi Underpass,Bridge,Ahmedabad,23.031053,72.568591,AMC GIS portal
Damai Dakshini Railway Underpass (Jivandas Bridge),Bridge,Ahmedabad,22.991026,72.615214,AMC GIS portal
Parikshit Majumdar Bridge,Bridge,Ahmedabad,23.057919,72.577546,AMC GIS portal
Vasant Gajendra Gadkar Bridge (Shreyas Bridge),Bridge,Ahmedabad,23.012406,72.545518,AMC GIS portal
Bhagini Navidita Railway Underpass,Bridge,Ahmedabad,23.016947,72.558101,AMC GIS portal
Ranip Railway Overbridge (GST Bridge),Bridge,Ahmedabad,23.085851,72.571367,AMC GIS portal
Dada Saheb Mavalkar Bridge,Bridge,Ahmedabad,23.072185,72.557962,AMC GIS portal
Hatkeshwar Flyover,Bridge,Ahmedabad,22.999147,72.624466,AMC GIS portal
Dinesh Chambers Flyover,Bridge,Ahmedabad,23.038582,72.630661,AMC GIS portal
Income Tax Flyover,Bridge,Ahmedabad,23.041229,72.569466,AMC GIS portal
Anjali Flyover,Bridge,Ahmedabad,23.005305,72.554893,AMC GIS portal
Hathijan-Vivekanand Low Level Bridge,Bridge,Ahmedabad,22.939775,72.674072,AMC GIS portal
Pandit Dindayal Upadhyay   Muni.Library,Library,Ahmedabad,23.067789,72.540511,AMC GIS portal
"Chandrakant Library,  Vijay Nagar",Library,Ahmedabad,23.062249,72.557276,AMC GIS portal
Sheth Maneklal Jethalal   Sanchalit Library,Library,Ahmedabad,23.060112,72.549009,AMC GIS portal
Sola Library,Library,Ahmedabad,23.056684,72.53992,AMC GIS portal
Radhakishan Sharma   Muni.Library,Library,Ahmedabad,23.081546,72.631235,AMC GIS portal
Swa.Lalbhai Kundivala   Muni.Library,Library,Ahmedabad,23.018496,72.586658,AMC GIS portal
Suny Palanpuri   Muni Library,Library,Ahmedabad,23.013216,72.581516,AMC GIS portal
ShekhadAM Abuvala   Muni Library,Library,Ahmedabad,23.013067,72.582112,AMC GIS portal
"Kavi Dalpatram Library,  Relif Road",Library,Ahmedabad,23.028567,72.591523,AMC GIS portal
RA.B.GI.U.Muni.Library,Library,Ahmedabad,23.02854,72.596316,AMC GIS portal
Ajit Bhagat Memorial   Trust Library,Library,Ahmedabad,23.028181,72.593682,AMC GIS portal
Dadabhai Navroji   Muni Library,Library,Ahmedabad,23.023427,72.586131,AMC GIS portal
"B.N.Library,Raipur",Library,Ahmedabad,23.021184,72.594867,AMC GIS portal
Surendrabhai Patel (Daskaka)   Muni Library,Library,Ahmedabad,23.018005,72.590225,AMC GIS portal
"Kavi Shree ManBhatt   Premanand Library,Naroda",Library,Ahmedabad,23.048728,72.621685,AMC GIS portal
Sakriben Chturbhai SINI.City.  Muni.Library,Library,Ahmedabad,23.057423,72.598729,AMC GIS portal
Trithkar Udhyan Muni.Library,Library,Ahmedabad,23.054098,72.598604,AMC GIS portal
Jethabhai Garden Muni.Library,Library,Ahmedabad,23.049959,72.600938,AMC GIS portal
Kavi Narmad Muni.Library,Library,Ahmedabad,23.04215,72.590986,AMC GIS portal
"Kanaiyalal Nathuram Library,  Kubernagar",Library,Ahmedabad,23.061043,72.629647,AMC GIS portal
Saijpur Library,Library,Ahmedabad,23.058453,72.637009,AMC GIS portal
Vir Savarkar Muni.Library,Library,Ahmedabad,23.053361,72.632006,AMC GIS portal
Ishawarlal Kachrabhai Parmar   Muni.Library,Library,Ahmedabad,23.036865,72.625651,AMC GIS portal
Chnadrkant Bakshi   Muni.Library,Library,Ahmedabad,23.025995,72.635376,AMC GIS portal
"SureshBhai Ramkumar Joshi   Library,Sarspur",Library,Ahmedabad,23.032047,72.611293,AMC GIS portal
"V.N.Shah Library,Rakhiyal",Library,Ahmedabad,23.021774,72.623712,AMC GIS portal
Kavi RAManlal Vashantbhai Desai   Muni.Library,Library,Ahmedabad,22.975729,72.620411,AMC GIS portal
Kaniyalal NathurAM Bhil   Muni.Library,Library,Ahmedabad,23.003244,72.57718,AMC GIS portal
Bhikhubhai Chavda Muni Library,Library,Ahmedabad,23.009209,72.586412,AMC GIS portal
K.K.Shastri Muni.Library,Library,Ahmedabad,23.009309,72.548642,AMC GIS portal
"Surishwar Library,  Vasana Branch Libarary",Library,Ahmedabad,23.003902,72.554089,AMC GIS portal
Jayotindra Dave   Muni Library,Library,Ahmedabad,23.043314,72.580155,AMC GIS portal
Chimanlal PurshottAMdas Gajjar   Muni Library,Library,Ahmedabad,23.039086,72.581442,AMC GIS portal
RA.B.GI.U Library,Library,Ahmedabad,23.031334,72.589348,AMC GIS portal
dayanand Sarshwati   Muni Library,Library,Ahmedabad,23.043754,72.605313,AMC GIS portal
Koutilya Muni Library,Library,Ahmedabad,23.04375,72.605379,AMC GIS portal
Kaniyalal Maneklal Munshi   Muni.Library,Library,Ahmedabad,23.036051,72.561231,AMC GIS portal
"Kavi shree Rajendra shah Library,  Himmat lal park",Library,Ahmedabad,23.027245,72.535835,AMC GIS portal
Sheth Maneklal Jethalal   Sanchalit Library,Library,Ahmedabad,23.023358,72.570694,AMC GIS portal
"MakrantBhai desai Library,  Bodakdev",Library,Ahmedabad,23.039651,72.520181,AMC GIS portal
Shree RAManlal Nilkhanth   Muni Library,Library,Ahmedabad,23.014005,72.607894,AMC GIS portal
Kavi Suresh HariPrashad   Joshi Muni.Library,Library,Ahmedabad,23.001735,72.619468,AMC GIS portal
Manishankar Ratanji Bhatt   Muni Library,Library,Ahmedabad,22.992423,72.616269,AMC GIS portal
Dr. Babasaheb Ambedkar   Muni.Library,Library,Ahmedabad,23.012629,72.611697,AMC GIS portal
Narsinhrav divetiya   Muni.Library,Library,Ahmedabad,23.00949,72.62599,AMC GIS portal
Kanaiya lal Maneklal   Munsi Library,Library,Ahmedabad,23.008584,72.625827,AMC GIS portal
"Reading room,Amaraywadi",Library,Ahmedabad,23.007979,72.627539,AMC GIS portal
Sheth Maneklal Jethalal   Sanchalit Library,Library,Ahmedabad,23.006453,72.619803,AMC GIS portal
Patel.K.K.Muni Library,Library,Ahmedabad,23.074475,72.656816,AMC GIS portal
Thakkarbapanagar Library,Library,Ahmedabad,23.051071,72.646645,AMC GIS portal
Kaka Kalekar Muni.Library.,Library,Ahmedabad,22.9916,72.633214,AMC GIS portal
Umashankar Joshi   Muni.Library,Library,Ahmedabad,23.023591,72.660854,AMC GIS portal
"Kavi ramanlal vasantlal Desai,  Nikol",Library,Ahmedabad,23.02553,72.643914,AMC GIS portal
Vasantbhai Rami Library,Library,Ahmedabad,23.017079,72.520289,AMC GIS portal
Dr.Shyama Prashad Mukharji,Library,Ahmedabad,23.011051,72.531455,AMC GIS portal
Mahatmagandhi Muni Library,Library,Ahmedabad,23.083412,72.589849,AMC GIS portal
Nanhalal Kavi Muni.Library,Library,Ahmedabad,23.08003,72.589021,AMC GIS portal
Pannalal Patel Muni Library,Library,Ahmedabad,23.018207,72.614034,AMC GIS portal
Chandrakant Baxi Library,Library,Ahmedabad,23.06356,72.566632,AMC GIS portal
"Narayanbhai Ranchhodbhai   Library,Kantodiya",Library,Ahmedabad,23.012024,72.596916,AMC GIS portal
GorvardhanrAM Tripathi   Muni Library,Library,Ahmedabad,22.998323,72.602814,AMC GIS portal
Atma Science & Technology   Library,Library,Ahmedabad,22.991631,72.607347,AMC GIS portal
Sanskar Kendra,Museum,Ahmedabad,23.013132,72.569479,AMC GIS portal
Hutheesing Visual Arts Centre,Museum,Ahmedabad,23.036692,72.549566,AMC GIS portal
Shreyas Folk Museum,Museum,Ahmedabad,23.039613,72.565828,AMC GIS portal
Community Science Centre,Museum,Ahmedabad,23.036373,72.549723,AMC GIS portal
Science City,Heritage,Ahmedabad,23.080048,72.495493,AMC GIS portal
Sarkhej Roza,Heritage,Ahmedabad,22.992339,72.504778,AMC GIS portal
Sidi Sayeed Masjid,Heritage,Ahmedabad,23.027029,72.580965,AMC GIS portal
Manek Chowk,Heritage,Ahmedabad,23.023322,72.588788,AMC GIS portal
Heritage Walk,Heritage,Ahmedabad,23.023864,72.587133,AMC GIS portal
Rani no Hajiro,Heritage,Ahmedabad,23.023769,72.589086,AMC GIS portal
Jhulta Minara,Heritage,Ahmedabad,23.023624,72.599714,AMC GIS portal
Badshah no Hajiro,Heritage,Ahmedabad,23.023888,72.587786,AMC GIS portal
Hutheesing Jain Temple,Heritage,Ahmedabad,23.040998,72.589663,AMC GIS portal
Vishala,Heritage,Ahmedabad,22.993262,72.535971,AMC GIS portal
Dada Harir Vav (Stepwell),Heritage,Ahmedabad,23.040722,72.605192,AMC GIS portal
Walled city and gates,Heritage,Ahmedabad,23.039596,72.56613,AMC GIS portal
CEPT Campus,Heritage,Ahmedabad,23.037545,72.550131,AMC GIS portal
Institute of Indology,Heritage,Ahmedabad,23.033622,72.550451,AMC GIS portal
Kanoria Centre for Arts,Heritage,Ahmedabad,23.037447,72.56621,AMC GIS portal
RAMOL,UHC,Ahmedabad,22.975403,72.652319,AMC GIS portal
THALTEJ,UHC,Ahmedabad,23.050519,72.512464,AMC GIS portal
CHANDLODIA,UHC,Ahmedabad,23.078672,72.553497,AMC GIS portal
GHATLODIA,UHC,Ahmedabad,23.071761,72.542647,AMC GIS portal
NARANPURA,UHC,Ahmedabad,23.057478,72.556494,AMC GIS portal
KALI,UHC,Ahmedabad,23.103989,72.568319,AMC GIS portal
CHANDKHEDA,UHC,Ahmedabad,23.113131,72.575872,AMC GIS portal
SARKHEJ CHC,UHC,Ahmedabad,22.978386,72.50005,AMC GIS portal
NEW GOTA,UHC,Ahmedabad,23.076382,72.527014,AMC GIS portal
GOTA,UHC,Ahmedabad,23.112975,72.515917,AMC GIS portal
B J MEDICAL COLLEAGE,UHC,Ahmedabad,23.082714,72.525837,AMC GIS portal
SARDARNAGAR,UHC,Ahmedabad,23.080536,72.620342,AMC GIS portal
OLD WADAJ,UHC,Ahmedabad,23.056261,72.573542,AMC GIS portal
STADIUM,UHC,Ahmedabad,23.05257,72.570415,AMC GIS portal
JAMALPUR,UHC,Ahmedabad,23.019089,72.582617,AMC GIS portal
RAIKHAD,UHC,Ahmedabad,23.015817,72.580586,AMC GIS portal
KHADIA,UHC,Ahmedabad,23.022242,72.594122,AMC GIS portal
KALUPUR,UHC,Ahmedabad,23.028625,72.596614,AMC GIS portal
INDIA COLONY,UHC,Ahmedabad,23.043269,72.632981,AMC GIS portal
NARODA ROAD,UHC,Ahmedabad,23.038623,72.612122,AMC GIS portal
MADHUPURA,UHC,Ahmedabad,23.041213,72.591885,AMC GIS portal
ASARWA,UHC,Ahmedabad,23.048361,72.601375,AMC GIS portal
GIRDHARNAGAR,UHC,Ahmedabad,23.049114,72.600861,AMC GIS portal
KUBERNAGAR,UHC,Ahmedabad,23.061717,72.627867,AMC GIS portal
KRISHNANAGAR,UHC,Ahmedabad,23.061019,72.639519,AMC GIS portal
BAPUNAGAR,UHC,Ahmedabad,23.037267,72.625772,AMC GIS portal
VIRATNAGAR,UHC,Ahmedabad,23.025872,72.635873,AMC GIS portal
VATVA,UHC,Ahmedabad,22.953275,72.61585,AMC GIS portal
BEHRAMPURA,UHC,Ahmedabad,22.99491,72.570089,AMC GIS portal
PIPLAJ,UHC,Ahmedabad,22.96039,72.559928,AMC GIS portal
ISANPUR,UHC,Ahmedabad,22.966689,72.593831,AMC GIS portal
GHODASAR,UHC,Ahmedabad,22.970081,72.594631,AMC GIS portal
LAMBHA,UHC,Ahmedabad,22.933907,72.575506,AMC GIS portal
RANIP,UHC,Ahmedabad,23.078672,72.577131,AMC GIS portal
DANILIMDA,UHC,Ahmedabad,22.995689,72.583411,AMC GIS portal
VEJALPUR,UHC,Ahmedabad,23.002889,72.518247,AMC GIS portal
VASNA,UHC,Ahmedabad,22.997953,72.548775,AMC GIS portal
PALDI,UHC,Ahmedabad,23.013578,72.565094,AMC GIS portal
DUDHESHWAR,UHC,Ahmedabad,23.043478,72.579733,AMC GIS portal
SHAHPUR,UHC,Ahmedabad,23.037733,72.579917,AMC GIS portal
DARIAPUR,UHC,Ahmedabad,23.036389,72.591067,AMC GIS portal
NAVRANGPURA,UHC,Ahmedabad,23.027464,72.556647,AMC GIS portal
AMBAVADI,UHC,Ahmedabad,23.020681,72.551667,AMC GIS portal
BODAKDEV,UHC,Ahmedabad,23.047822,72.538631,AMC GIS portal
BHAIPURA,UHC,Ahmedabad,22.995078,72.628964,AMC GIS portal
AMRAIWADI,UHC,Ahmedabad,23.009094,72.624458,AMC GIS portal
NARODA MUTHIYA,UHC,Ahmedabad,23.074517,72.656117,AMC GIS portal
NOBALNAGAR,UHC,Ahmedabad,23.080069,72.656489,AMC GIS portal
NARODA MUTHIYA,UHC,Ahmedabad,23.074569,72.658569,AMC GIS portal
THAKKARNAGAR,UHC,Ahmedabad,23.048578,72.641981,AMC GIS portal
INDRAPURI,UHC,Ahmedabad,22.989214,72.63085,AMC GIS portal
NIKOL,UHC,Ahmedabad,23.0419,72.662875,AMC GIS portal
ODHAV,UHC,Ahmedabad,23.019742,72.649553,AMC GIS portal
JODHPUR,UHC,Ahmedabad,23.022528,72.525567,AMC GIS portal
SABARMATI,UHC,Ahmedabad,23.083172,72.590903,AMC GIS portal
GOMTIPUR,UHC,Ahmedabad,23.017172,72.612978,AMC GIS portal
RAJPUR,UHC,Ahmedabad,23.021517,72.622694,AMC GIS portal
GOMTIPUR,UHC,Ahmedabad,23.018403,72.616642,AMC GIS portal
NAVA WADAJ,UHC,Ahmedabad,23.063536,72.566647,AMC GIS portal
MANINAGAR,UHC,Ahmedabad,22.992306,72.6052,AMC GIS portal
KANKARIA,UHC,Ahmedabad,23.010883,72.597828,AMC GIS portal
"1 (pop 49,408)",Census,Ahmedabad,23.0225,72.5714,OSM
"2 (pop 53,630)",Census,Ahmedabad,23.0225,72.5714,OSM
"3 (pop 63,664)",Census,Ahmedabad,23.0225,72.5714,OSM
"4 (pop 68,150)",Census,Ahmedabad,23.0225,72.5714,OSM
"5 (pop 66,855)",Census,Ahmedabad,23.0225,72.5714,OSM
"6 (pop 66,246)",Census,Ahmedabad,23.0225,72.5714,OSM
"7 (pop 83,109)",Census,Ahmedabad,23.0225,72.5714,OSM
"8 (pop 123,116)",Census,Ahmedabad,23.0225,72.5714,OSM
"9 (pop 68,911)",Census,Ahmedabad,23.0225,72.5714,OSM
"10 (pop 55,647)",Census,Ahmedabad,23.0225,72.5714,OSM
"11 (pop 75,051)",Census,Ahmedabad,23.0225,72.5714,OSM
"12 (pop 88,032)",Census,Ahmedabad,23.0225,72.5714,OSM
"13 (pop 77,814)",Census,Ahmedabad,23.0225,72.5714,OSM
"14 (pop 75,687)",Census,Ahmedabad,23.0225,72.5714,OSM
"15 (pop 68,566)",Census,Ahmedabad,23.0225,72.5714,OSM
"16 (pop 66,470)",Census,Ahmedabad,23.0225,72.5714,OSM
"17 (pop 66,778)",Census,Ahmedabad,23.0225,72.5714,OSM
"18 (pop 64,713)",Census,Ahmedabad,23.0225,72.5714,OSM
"19 (pop 55,983)",Census,Ahmedabad,23.0225,72.5714,OSM
"20 (pop 79,926)",Census,Ahmedabad,23.0225,72.5714,OSM
"21 (pop 68,670)",Census,Ahmedabad,23.0225,72.5714,OSM
"22 (pop 88,907)",Census,Ahmedabad,23.0225,72.5714,OSM
"23 (pop 104,358)",Census,Ahmedabad,23.0225,72.5714,OSM
"24 (pop 124,548)",Census,Ahmedabad,23.0225,72.5714,OSM
"25 (pop 89,953)",Census,Ahmedabad,23.0225,72.5714,OSM
"26 (pop 137,446)",Census,Ahmedabad,23.0225,72.5714,OSM
"27 (pop 109,922)",Census,Ahmedabad,23.0225,72.5714,OSM
"28 (pop 93,835)",Census,Ahmedabad,23.0225,72.5714,OSM
"29 (pop 76,838)",Census,Ahmedabad,23.0225,72.5714,OSM
"30 (pop 70,015)",Census,Ahmedabad,23.0225,72.5714,OSM
"31 (pop 79,409)",Census,Ahmedabad,23.0225,72.5714,OSM
"32 (pop 80,638)",Census,Ahmedabad,23.0225,72.5714,OSM
"33 (pop 114,146)",Census,Ahmedabad,23.0225,72.5714,OSM
"34 (pop 137,840)",Census,Ahmedabad,23.0225,72.5714,OSM
"35 (pop 137,543)",Census,Ahmedabad,23.0225,72.5714,OSM
"36 (pop 69,545)",Census,Ahmedabad,23.0225,72.5714,OSM
"37 (pop 95,481)",Census,Ahmedabad,23.0225,72.5714,OSM
"38 (pop 67,110)",Census,Ahmedabad,23.0225,72.5714,OSM
"39 (pop 81,636)",Census,Ahmedabad,23.0225,72.5714,OSM
"40 (pop 165,731)",Census,Ahmedabad,23.0225,72.5714,OSM
"41 (pop 153,558)",Census,Ahmedabad,23.0225,72.5714,OSM
"42 (pop 164,730)",Census,Ahmedabad,23.0225,72.5714,OSM
"43 (pop 159,181)",Census,Ahmedabad,23.0225,72.5714,OSM
"44 (pop 94,077)",Census,Ahmedabad,23.0225,72.5714,OSM
"45 (pop 120,152)",Census,Ahmedabad,23.0225,72.5714,OSM
"46 (pop 120,137)",Census,Ahmedabad,23.0225,72.5714,OSM
"47 (pop 206,893)",Census,Ahmedabad,23.0225,72.5714,OSM
"48 (pop 98,240)",Census,Ahmedabad,23.0225,72.5714,OSM
"49 (pop 76,574)",Census,Ahmedabad,23.0225,72.5714,OSM
"50 (pop 95,444)",Census,Ahmedabad,23.0225,72.5714,OSM
"51 (pop 295,075)",Census,Ahmedabad,23.0225,72.5714,OSM
"52 (pop 72,727)",Census,Ahmedabad,23.0225,72.5714,OSM
"53 (pop 104,001)",Census,Ahmedabad,23.0225,72.5714,OSM
"54 (pop 122,449)",Census,Ahmedabad,23.0225,72.5714,OSM
"55 (pop 153,285)",Census,Ahmedabad,23.0225,72.5714,OSM
"56 (pop 33,824)",Census,Ahmedabad,23.0225,72.5714,OSM
"57 (pop 96,266)",Census,Ahmedabad,23.0225,72.5714,OSM
"1 (pop 6,430)",Census,Gandhinagar,23.2156,72.6369,OSM
"2 (pop 7,089)",Census,Gandhinagar,23.2156,72.6369,OSM
"3 (pop 5,782)",Census,Gandhinagar,23.2156,72.6369,OSM
"4 (pop 7,048)",Census,Gandhinagar,23.2156,72.6369,OSM
"5 (pop 5,408)",Census,Gandhinagar,23.2156,72.6369,OSM
"6 (pop 7,461)",Census,Gandhinagar,23.2156,72.6369,OSM
"7 (pop 14,604)",Census,Gandhinagar,23.2156,72.6369,OSM
"8 (pop 6,147)",Census,Gandhinagar,23.2156,72.6369,OSM
"9 (pop 8,005)",Census,Gandhinagar,23.2156,72.6369,OSM
"10 (pop 5,239)",Census,Gandhinagar,23.2156,72.6369,OSM
"11 (pop 3,196)",Census,Gandhinagar,23.2156,72.6369,OSM
"12 (pop 1,429)",Census,Gandhinagar,23.2156,72.6369,OSM
"13 (pop 3,523)",Census,Gandhinagar,23.2156,72.6369,OSM
"14 (pop 3,256)",Census,Gandhinagar,23.2156,72.6369,OSM
"15 (pop 2,036)",Census,Gandhinagar,23.2156,72.6369,OSM
"16 (pop 7,552)",Census,Gandhinagar,23.2156,72.6369,OSM
"17 (pop 8,650)",Census,Gandhinagar,23.2156,72.6369,OSM
"18 (pop 3,395)",Census,Gandhinagar,23.2156,72.6369,OSM
19 (pop 204),Census,Gandhinagar,23.2156,72.6369,OSM
20 (pop 279),Census,Gandhinagar,23.2156,72.6369,OSM
21 (pop 304),Census,Gandhinagar,23.2156,72.6369,OSM
"22 (pop 4,342)",Census,Gandhinagar,23.2156,72.6369,OSM
"23 (pop 9,364)",Census,Gandhinagar,23.2156,72.6369,OSM
"24 (pop 6,561)",Census,Gandhinagar,23.2156,72.6369,OSM
"25 (pop 8,734)",Census,Gandhinagar,23.2156,72.6369,OSM
"26 (pop 8,341)",Census,Gandhinagar,23.2156,72.6369,OSM
"27 (pop 13,430)",Census,Gandhinagar,23.2156,72.6369,OSM
"28 (pop 11,108)",Census,Gandhinagar,23.2156,72.6369,OSM
"29 (pop 1,743)",Census,Gandhinagar,23.2156,72.6369,OSM
"30 (pop 4,974)",Census,Gandhinagar,23.2156,72.6369,OSM
"31 (pop 3,803)",Census,Gandhinagar,23.2156,72.6369,OSM
"32 (pop 2,379)",Census,Gandhinagar,23.2156,72.6369,OSM
"33 (pop 1,878)",Census,Gandhinagar,23.2156,72.6369,OSM
"34 (pop 5,977)",Census,Gandhinagar,23.2156,72.6369,OSM
"35 (pop 4,851)",Census,Gandhinagar,23.2156,72.6369,OSM
"36 (pop 6,887)",Census,Gandhinagar,23.2156,72.6369,OSM
"37 (pop 1,367)",Census,Gandhinagar,23.2156,72.6369,OSM
