{
"type": "FeatureCollection",
"name": "gandhinagar_zones",
"crs": { "type": "name", "properties": { "name": "urn:ogc:def:crs:OGC:1.3:CRS84" } },
"features": [
{ "type": "Feature", "properties": { "zone": "Central Zone", "zone_id": 2, "zone_area_km2": 40.575787287556111 }, "geometry": { "type": "Polygon", "coordinates": [ [ [ 72.655670972396607, 23.185730768316901 ], [ 72.654925906635, 23.186192524653499 ], [ 72.655762667725, 23.187048525558499 ], [ 72.654677768687407, 23.187177531018001 ], [ 72.653949319944502, 23.186861447377201 ], [ 72.6532101380066, 23.1865408029423 ], [ 72.652794000013998, 23.186360374012001 ], [ 72.652659228102394, 23.1863019429255 ], [ 72.652106435853796, 23.186062280214198 ], [ 72.651714889676597, 23.185892536380099 ], [ 72.651556993078401, 23.185824085778599 ], [ 72.651446901389903, 23.185776360947099 ], [ 72.651445638489307, 23.185775813958799 ], [ 72.651329236292597, 23.185725354168301 ], [ 72.651211383260105, 23.1856742659579 ], [ 72.650597326108596, 23.185673774094901 ], [ 72.649726200233502, 23.185673072607301 ], [ 72.649346599695406, 23.185672764903401 ], [ 72.649261078545194, 23.185694227609201 ], [ 72.649100793594698, 23.185688969832299 ], [ 72.648873313465103, 23.185622187045301 ], [ 72.648519879443299, 23.185518720496201 ], [ 72.648251907675899, 23.1854488363151 ], [ 72.647476526302398, 23.185246655016702 ], [ 72.646867241460896, 23.185087813942399 ], [ 72.646366393613604, 23.185058219033301 ], [ 72.646321995744898, 23.185055596682599 ], [ 72.645474967786797, 23.185134390237302 ], [ 72.645075209105102, 23.1851715859428 ], [ 72.644568454899698, 23.185213165209099 ], [ 72.6439915968283, 23.185151139342 ], [ 72.643851724509702, 23.1851361004491 ], [ 72.642629018274505, 23.1848281435126 ], [ 72.6424740177698, 23.1847342976954 ], [ 72.6418449286558, 23.1846563037378 ], [ 72.641789861453901, 23.1859414668819 ], [ 72.641798896419104, 23.186866017980002 ], [ 72.642421478739706, 23.1870114775476 ], [ 72.6431275090697, 23.187176430366598 ], [ 72.643738348798905, 23.187808772891799 ], [ 72.644294021554501, 23.188348438034399 ], [ 72.644679170858097, 23.188889658832998 ], [ 72.644693381122195, 23.189548956549999 ], [ 72.644673005057697, 23.1898430188504 ], [ 72.644637547373705, 23.190180224580601 ], [ 72.644742668585906, 23.1906236606373 ], [ 72.644646462939903, 23.191090440101 ], [ 72.645570009500503, 23.1911966717532 ], [ 72.645417837520199, 23.192280386390198 ], [ 72.645253766431395, 23.1929413142561 ], [ 72.644775389467597, 23.193963503395601 ], [ 72.6442812911082, 23.194964331470398 ], [ 72.6438864847715, 23.195813730003 ], [ 72.643417418073994, 23.1962050735745 ], [ 72.6432600320489, 23.1967584232153 ], [ 72.647217085778607, 23.1978833712073 ], [ 72.648282327013504, 23.198203317528801 ], [ 72.649014030930601, 23.198504813988301 ], [ 72.651621426100405, 23.199548847561601 ], [ 72.651918409589598, 23.1997035886865 ], [ 72.6523105769936, 23.1999079226138 ], [ 72.655595723105293, 23.201619551081599 ], [ 72.6563369834398, 23.2021001168442 ], [ 72.657896199210001, 23.203067291583 ], [ 72.658591381943793, 23.203498501435899 ], [ 72.659755778615207, 23.204404999720602 ], [ 72.658673271967501, 23.203562254051398 ], [ 72.658604279315597, 23.203672046938902 ], [ 72.6562355545434, 23.2070823445966 ], [ 72.65482719469, 23.209109879213901 ], [ 72.654257294721603, 23.2094147665671 ], [ 72.648025954910594, 23.212748193686799 ], [ 72.647989778920703, 23.212767544506601 ], [ 72.640913017226296, 23.216552700199799 ], [ 72.637447756757197, 23.218405964592701 ], [ 72.634328906961997, 23.220073850569701 ], [ 72.634114047080601, 23.220188748115898 ], [ 72.633065101985096, 23.220749672131799 ], [ 72.632210011697495, 23.221206923298801 ], [ 72.6277834419312, 23.223573856758801 ], [ 72.627742157500094, 23.223513344708898 ], [ 72.627523653560502, 23.2236280501231 ], [ 72.625215367206096, 23.224814858664399 ], [ 72.623999965154397, 23.225423138994099 ], [ 72.623974583377702, 23.225581412464301 ], [ 72.623730785885101, 23.225762805273298 ], [ 72.62365226739, 23.226330955942998 ], [ 72.623610900378694, 23.226731524771601 ], [ 72.623496269659, 23.226905778793402 ], [ 72.623258123151203, 23.2270034962099 ], [ 72.622831617805105, 23.227001369629999 ], [ 72.621453859215904, 23.226858485944199 ], [ 72.621383532857706, 23.2269367700864 ], [ 72.621042102322093, 23.2277163454442 ], [ 72.621026976114607, 23.228158489673699 ], [ 72.621939057075807, 23.228926773358801 ], [ 72.622438190084694, 23.229758505855202 ], [ 72.622416549250403, 23.2301947352158 ], [ 72.622565175681999, 23.230439562236398 ], [ 72.623131396306604, 23.231372270394498 ], [ 72.623416427978995, 23.231742370165598 ], [ 72.624361144796794, 23.2329690193434 ], [ 72.624369524840105, 23.2334898034904 ], [ 72.624374706661399, 23.233810885018599 ], [ 72.624375647888002, 23.233869054510901 ], [ 72.624399488803803, 23.2353352546276 ], [ 72.624404262012803, 23.235627045561898 ], [ 72.624413101726901, 23.236165633929101 ], [ 72.624413661787599, 23.2361996501003 ], [ 72.624414668773397, 23.2362608322467 ], [ 72.624429429287602, 23.2372301458099 ], [ 72.624430601841894, 23.2373068537451 ], [ 72.624430180657797, 23.237307853973299 ], [ 72.624436461405693, 23.237580978321201 ], [ 72.624436860843801, 23.237598359253099 ], [ 72.624437283314293, 23.2376166460209 ], [ 72.624443641198596, 23.237892528616101 ], [ 72.624447475840995, 23.238058587861101 ], [ 72.624447919804595, 23.2380778120381 ], [ 72.624448404642905, 23.2380987548223 ], [ 72.624449580416695, 23.238149632480798 ], [ 72.624452673217903, 23.238374836012198 ], [ 72.624456177176199, 23.238629276845501 ], [ 72.624443784683706, 23.238748249927902 ], [ 72.624441520996498, 23.238769988012201 ], [ 72.624436512196695, 23.2388180854471 ], [ 72.624438307623294, 23.238973515204201 ], [ 72.6244428816957, 23.239369392557599 ], [ 72.624446291092994, 23.2396622524072 ], [ 72.624453981467795, 23.2403171688348 ], [ 72.624456322959603, 23.240471490995301 ], [ 72.624458773022198, 23.240632478207701 ], [ 72.624460317512003, 23.2407339558752 ], [ 72.624461787045306, 23.240830289276001 ], [ 72.624467107410595, 23.241031531483699 ], [ 72.624473837253902, 23.241285509175199 ], [ 72.624474981420207, 23.2413286811225 ], [ 72.624479971554194, 23.241516632128899 ], [ 72.624501823715306, 23.2421925897874 ], [ 72.624503706076197, 23.242250672361202 ], [ 72.624507220376302, 23.242359024682301 ], [ 72.624517111810803, 23.2426635570387 ], [ 72.624522373336802, 23.2427877118478 ], [ 72.624523135666195, 23.242805672428702 ], [ 72.624540105625798, 23.2432055252285 ], [ 72.624546346561601, 23.2433523717493 ], [ 72.624568463596404, 23.2438716434288 ], [ 72.624580631461797, 23.244156645167099 ], [ 72.624580842789598, 23.2441615910775 ], [ 72.624598767444994, 23.2445969979686 ], [ 72.624601733924806, 23.244668938335 ], [ 72.624604179515302, 23.244728204836001 ], [ 72.624631625804895, 23.244976343418301 ], [ 72.624633930737005, 23.2450234220839 ], [ 72.624669989953404, 23.245414943874099 ], [ 72.624702053327397, 23.245763072733599 ], [ 72.624778577413096, 23.246592330246401 ], [ 72.624802592740195, 23.2468521123897 ], [ 72.624818497992706, 23.2470241680142 ], [ 72.624782798702896, 23.247433597735899 ], [ 72.624761390038401, 23.247680284882001 ], [ 72.624736043045004, 23.2479723474639 ], [ 72.624728509661097, 23.2480594527206 ], [ 72.624714103406603, 23.248226213563601 ], [ 72.624707261066007, 23.248305524750901 ], [ 72.624701567965303, 23.248371586092901 ], [ 72.624611069023402, 23.249429240804801 ], [ 72.624610590100204, 23.249434875019801 ], [ 72.624604776391905, 23.249503378339799 ], [ 72.624602114623798, 23.249534770997901 ], [ 72.624601483347604, 23.2495422211028 ], [ 72.626110337356494, 23.248792060001399 ], [ 72.632038774374806, 23.2456681910055 ], [ 72.631653916366801, 23.245051810689901 ], [ 72.6314179414059, 23.2446738775527 ], [ 72.631177898090698, 23.244275070932499 ], [ 72.637986393006898, 23.2405757219965 ], [ 72.637991621426096, 23.2405728503341 ], [ 72.644547398459807, 23.236971880633799 ], [ 72.644794139850305, 23.237368735323599 ], [ 72.648818899857304, 23.2438417377865 ], [ 72.649187148077402, 23.244433956300501 ], [ 72.649669858734896, 23.2452102447476 ], [ 72.655746737773597, 23.2419467880882 ], [ 72.656593854556206, 23.2414918299385 ], [ 72.656623343027604, 23.241475857196701 ], [ 72.657611342170895, 23.2429992425274 ], [ 72.6577657946182, 23.243237388624198 ], [ 72.657997806320296, 23.243595118072498 ], [ 72.659044392655701, 23.245252774020098 ], [ 72.660446420699799, 23.2474259192301 ], [ 72.661120906476199, 23.248472328831099 ], [ 72.661801253668102, 23.249527812534399 ], [ 72.661827504342497, 23.2495762132253 ], [ 72.662045560983799, 23.2499782703382 ], [ 72.662172574529095, 23.250212459968601 ], [ 72.662291822414204, 23.250505226396299 ], [ 72.662680130235202, 23.252895606880699 ], [ 72.663060486334103, 23.255264554240298 ], [ 72.663297593362799, 23.256488014768902 ], [ 72.665821988176901, 23.2560846817426 ], [ 72.668323172284104, 23.255688692868201 ], [ 72.671497810940295, 23.255164531983599 ], [ 72.673728105740906, 23.254828327012302 ], [ 72.673828650183495, 23.255572815804499 ], [ 72.673824996973096, 23.2559814022033 ], [ 72.672586981871106, 23.256272506182 ], [ 72.672773978685299, 23.257130870595901 ], [ 72.6734400610287, 23.2570386359438 ], [ 72.673503901548997, 23.257217228775101 ], [ 72.673806138065899, 23.2571929009552 ], [ 72.673905460823093, 23.2578155513947 ], [ 72.673760558649406, 23.258060604775999 ], [ 72.672312270307899, 23.258267661676701 ], [ 72.671921926335898, 23.258787373141701 ], [ 72.670643237463906, 23.258892484843798 ], [ 72.670139501829794, 23.258933020397802 ], [ 72.670132086805495, 23.258936099907501 ], [ 72.669768754107395, 23.2590869972795 ], [ 72.670625068498296, 23.259401553017899 ], [ 72.670765672752495, 23.259500589462402 ], [ 72.671299713736104, 23.260162189830599 ], [ 72.671335620578603, 23.2606492504557 ], [ 72.672483850494999, 23.2606815355858 ], [ 72.672917504386504, 23.2606129762991 ], [ 72.673553374156199, 23.260599866150699 ], [ 72.674250783313298, 23.260536004509401 ], [ 72.674566687161402, 23.261099288376101 ], [ 72.674825136961402, 23.261347736743001 ], [ 72.674807848743598, 23.2619428073865 ], [ 72.675591582633899, 23.261978478139401 ], [ 72.675911863844604, 23.2622048419083 ], [ 72.677905626140003, 23.261476572036301 ], [ 72.679706494645302, 23.2608504347441 ], [ 72.681674774925895, 23.2602177143193 ], [ 72.681261559482294, 23.258789461878699 ], [ 72.681205210393898, 23.258573921237801 ], [ 72.681207454384904, 23.2585749050419 ], [ 72.681249758634095, 23.258573686517298 ], [ 72.682263749806694, 23.2585444732944 ], [ 72.686749263444995, 23.258438686214401 ], [ 72.687982820659499, 23.258409571524101 ], [ 72.688213538183405, 23.258408522771301 ], [ 72.688667972836797, 23.258406452964799 ], [ 72.689345226706493, 23.258403366798301 ], [ 72.690021201676004, 23.258400284156899 ], [ 72.691965123485303, 23.2583914003717 ], [ 72.692126285542003, 23.258390663668401 ], [ 72.692243263265595, 23.258390128486401 ], [ 72.692357281124401, 23.258389605672701 ], [ 72.693328897511904, 23.258385155802799 ], [ 72.693721225469503, 23.258383356577902 ], [ 72.695123144228404, 23.258376921083102 ], [ 72.696014612283093, 23.2583728213292 ], [ 72.6961243659144, 23.258372316232698 ], [ 72.696780912944405, 23.258369292976301 ], [ 72.696757134593895, 23.257538254493099 ], [ 72.696750576858904, 23.2573091344176 ], [ 72.696729520221595, 23.256573214300602 ], [ 72.696718441420401, 23.2561860018549 ], [ 72.696692422393298, 23.255276666660301 ], [ 72.696685935668, 23.255049944543401 ], [ 72.696709833954003, 23.254224599741001 ], [ 72.696720120095193, 23.253869361340499 ], [ 72.696733987041, 23.253390467017699 ], [ 72.696918527825204, 23.247017135703398 ], [ 72.6969142271778, 23.2464071481321 ], [ 72.696843392285601, 23.245480716328501 ], [ 72.696801160347704, 23.2449283756253 ], [ 72.696717508531094, 23.2438342870106 ], [ 72.6965368535799, 23.241471410246099 ], [ 72.696510402330404, 23.241125449649498 ], [ 72.696480272909895, 23.2410678480312 ], [ 72.696182600857298, 23.2404987614498 ], [ 72.695354371506895, 23.238915334090098 ], [ 72.695309228841694, 23.2388290310172 ], [ 72.695005542077993, 23.238568278058398 ], [ 72.694727634356099, 23.237994977076401 ], [ 72.694615513578697, 23.2377157360553 ], [ 72.694516941927006, 23.2375041699249 ], [ 72.694643067073699, 23.2374592565664 ], [ 72.694573587419796, 23.2373847741212 ], [ 72.694570780565897, 23.237381765382398 ], [ 72.694517856220898, 23.2373250296145 ], [ 72.694691754504603, 23.236533597143001 ], [ 72.694853190371404, 23.2365286519337 ], [ 72.694853358503806, 23.2365286462759 ], [ 72.694993206112798, 23.236524362731501 ], [ 72.695639724636493, 23.236541525922199 ], [ 72.6956418592749, 23.2365415825188 ], [ 72.695725530033997, 23.236543803145501 ], [ 72.696503031513103, 23.2365644380898 ], [ 72.696581602042997, 23.2365665238767 ], [ 72.697483555913095, 23.236590456058 ], [ 72.697482865327203, 23.236386818500002 ], [ 72.697481290425699, 23.2359224151006 ], [ 72.697479795860005, 23.235481495901201 ], [ 72.697416557963606, 23.235485333923201 ], [ 72.697416775014403, 23.2354860069916 ], [ 72.697363628165505, 23.2353347489769 ], [ 72.697251256245096, 23.234963487656099 ], [ 72.6971324051013, 23.2345708140931 ], [ 72.697056809857301, 23.2343210524085 ], [ 72.697056773765397, 23.234320935416601 ], [ 72.696995161776798, 23.2341173697709 ], [ 72.696747910965101, 23.233300459040599 ], [ 72.696507951272295, 23.2325076309378 ], [ 72.696410410145603, 23.232185352972198 ], [ 72.696384542348298, 23.2318838091247 ], [ 72.696384328134002, 23.231881321445002 ], [ 72.696368013448904, 23.2316911323759 ], [ 72.696339110423096, 23.231354202531399 ], [ 72.696303560239102, 23.230939800604499 ], [ 72.6962234631239, 23.2302930486373 ], [ 72.696206980121502, 23.230159954522001 ], [ 72.696184331138397, 23.229977065667299 ], [ 72.696167666333096, 23.229842500909999 ], [ 72.696166510560403, 23.229833175968899 ], [ 72.696115072413505, 23.229417818754101 ], [ 72.696046954294602, 23.228867776460199 ], [ 72.696026809047893, 23.228705103055798 ], [ 72.696141085628796, 23.228139330746099 ], [ 72.696249225443395, 23.227603930964499 ], [ 72.696379422009699, 23.226959336052101 ], [ 72.6963746222129, 23.226873941780202 ], [ 72.696361401330606, 23.226638735030999 ], [ 72.696360731595504, 23.226626818018499 ], [ 72.696346959922295, 23.226381813994099 ], [ 72.696341808535806, 23.2262901553649 ], [ 72.696334747967796, 23.2261645446622 ], [ 72.696322535989097, 23.2259472771322 ], [ 72.696304267004706, 23.225622250471599 ], [ 72.6962829681909, 23.225243308557602 ], [ 72.696282867706302, 23.225241536668999 ], [ 72.696250935299901, 23.224673399819601 ], [ 72.696184958211703, 23.2240403436024 ], [ 72.696181025634601, 23.224006752775601 ], [ 72.696164596756802, 23.223866421564701 ], [ 72.696157515447894, 23.2238059322158 ], [ 72.696157224053394, 23.223803445208901 ], [ 72.696144549765293, 23.223695180974602 ], [ 72.696084522334104, 23.223182424156001 ], [ 72.696002623491196, 23.2224828435949 ], [ 72.695926022709202, 23.221828496659299 ], [ 72.695795615291999, 23.220714517007298 ], [ 72.695746051960697, 23.220291123136899 ], [ 72.695745334643902, 23.2202849960625 ], [ 72.695679719980902, 23.219724476024702 ], [ 72.695679709749299, 23.2197243892046 ], [ 72.695679442223906, 23.219722105679601 ], [ 72.695669663060599, 23.219638576693701 ], [ 72.695666404371195, 23.219590775531799 ], [ 72.695657068522607, 23.219453935629598 ], [ 72.6956570153001, 23.2194531665555 ], [ 72.695646096314803, 23.219293092120999 ], [ 72.695645907640497, 23.219290312302299 ], [ 72.695642605423799, 23.219241917352999 ], [ 72.695590091933497, 23.218472064564398 ], [ 72.695588531865894, 23.2184491933012 ], [ 72.695559679227003, 23.218026229432699 ], [ 72.695559665925302, 23.2180260369386 ], [ 72.695545732060694, 23.2178217752442 ], [ 72.695505427972805, 23.217230900801301 ], [ 72.695504041625099, 23.217230745051701 ], [ 72.695503987521306, 23.2172267836179 ], [ 72.695496616780403, 23.217205713128301 ], [ 72.695488776752697, 23.2171833013998 ], [ 72.695384963044006, 23.2170283804126 ], [ 72.6953736398372, 23.217011483445901 ], [ 72.695372265504901, 23.217009432867201 ], [ 72.695019020113506, 23.2164822833142 ], [ 72.694889431654204, 23.216288898901698 ], [ 72.694887949743702, 23.216286686040998 ], [ 72.694856951052799, 23.216240426295201 ], [ 72.694391977152407, 23.215805742458201 ], [ 72.694260181388401, 23.2156397905982 ], [ 72.694212145866402, 23.2155793061807 ], [ 72.694107079852103, 23.2154470068593 ], [ 72.694102376671196, 23.2154410867319 ], [ 72.693881382742802, 23.215162816147298 ], [ 72.693647731729101, 23.214837558689901 ], [ 72.693645246606394, 23.214834099662902 ], [ 72.693514973295805, 23.214652750490099 ], [ 72.693209453627006, 23.214227447206301 ], [ 72.693151300553495, 23.2141464935371 ], [ 72.693145788522799, 23.2141388199902 ], [ 72.693118276972598, 23.2141005233863 ], [ 72.692918217676805, 23.213822022654298 ], [ 72.692829097368005, 23.2136979591948 ], [ 72.692743684327795, 23.213579055513598 ], [ 72.6925680182528, 23.213334512429501 ], [ 72.692242500992805, 23.212881357513201 ], [ 72.692191140348598, 23.212727835942999 ], [ 72.692189527557005, 23.2127230129163 ], [ 72.692171628462404, 23.212669514015399 ], [ 72.691962869552995, 23.212045505756802 ], [ 72.691752864559206, 23.211417772966101 ], [ 72.691726800168695, 23.211328407296499 ], [ 72.691449490021995, 23.210700937194101 ], [ 72.6913559366226, 23.210489249682499 ], [ 72.691339227591797, 23.2104514437132 ], [ 72.691312628936402, 23.2104111361636 ], [ 72.691308975349997, 23.2104055979249 ], [ 72.691173363466504, 23.2102000926239 ], [ 72.690816378023897, 23.2096591117669 ], [ 72.690567294978095, 23.209281646396398 ], [ 72.690566469629502, 23.209280396517102 ], [ 72.690297864704803, 23.208873341463001 ], [ 72.690107641474199, 23.208585069524101 ], [ 72.689696840538403, 23.207962516846798 ], [ 72.689637060263493, 23.207882451870201 ], [ 72.689635140275698, 23.207879880435399 ], [ 72.689146197856402, 23.2072250348503 ], [ 72.6890706498464, 23.207123851399398 ], [ 72.688753843001294, 23.206699541667199 ], [ 72.688748399130304, 23.206692251790098 ], [ 72.688526494514605, 23.206395045087799 ], [ 72.688264701772098, 23.206044413730901 ], [ 72.688248143163705, 23.206022235569499 ], [ 72.688231923474007, 23.206000511989799 ], [ 72.688160169872006, 23.205904409013801 ], [ 72.688083113886506, 23.2058012041743 ], [ 72.687786521435598, 23.2054039566064 ], [ 72.687683314692606, 23.205265724373799 ], [ 72.6876413602415, 23.205209979027799 ], [ 72.687554040859595, 23.205094907256001 ], [ 72.687548602797705, 23.205087741115101 ], [ 72.687365472226304, 23.204846404989201 ], [ 72.687263310933403, 23.2047117738691 ], [ 72.6871903483962, 23.204615621146399 ], [ 72.687151553604906, 23.204564494001801 ], [ 72.687119254045001, 23.2045219289509 ], [ 72.687076977160103, 23.204466216655199 ], [ 72.687014294944703, 23.204383610992199 ], [ 72.686962458241894, 23.2043152974504 ], [ 72.686953332810305, 23.204303273193599 ], [ 72.686911646302704, 23.204248336934999 ], [ 72.686832080052497, 23.204237479246 ], [ 72.686832476784502, 23.204236277122298 ], [ 72.686834220200794, 23.204231002371099 ], [ 72.686836615923497, 23.204223750130701 ], [ 72.686853715599398, 23.204171992593 ], [ 72.686871891935795, 23.204116981815002 ], [ 72.686878964153607, 23.204070417780901 ], [ 72.686879034712703, 23.204069950260301 ], [ 72.686880923868301, 23.204057515657201 ], [ 72.6869038805401, 23.203906389773501 ], [ 72.686947606216506, 23.203618526388599 ], [ 72.686967449572293, 23.203487900841701 ], [ 72.686967414056795, 23.203487354118799 ], [ 72.686967298326095, 23.2034855666571 ], [ 72.686958198815603, 23.203343889263699 ], [ 72.686951381601602, 23.203237739438201 ], [ 72.686928890359695, 23.2028875938739 ], [ 72.686927125123901, 23.202860099895499 ], [ 72.686928433624999, 23.202833906942399 ], [ 72.6869285668526, 23.202831217623899 ], [ 72.686946791553893, 23.202466357516901 ], [ 72.686960909186993, 23.202183694758599 ], [ 72.686966314452704, 23.202075492966401 ], [ 72.686966703264702, 23.202067715555199 ], [ 72.686983627530495, 23.201728842636498 ], [ 72.686941819009604, 23.201331786322001 ], [ 72.686941274906602, 23.2013266286862 ], [ 72.686939796023793, 23.201312569128699 ], [ 72.686930256433598, 23.2012219825199 ], [ 72.686862386242595, 23.200577401100301 ], [ 72.686837015834797, 23.2003364631503 ], [ 72.686833297129994, 23.200301146466501 ], [ 72.686840854488494, 23.199845586460199 ], [ 72.686844166679293, 23.199645864814499 ], [ 72.686844740526197, 23.199611282058601 ], [ 72.686847282384207, 23.199458065502199 ], [ 72.686848627488303, 23.1993769776637 ], [ 72.686854568491896, 23.1990188658087 ], [ 72.686854696031006, 23.199011229904499 ], [ 72.686857130260094, 23.198864487616198 ], [ 72.686857132717407, 23.198864288131201 ], [ 72.686857744529206, 23.1988274416805 ], [ 72.686866192451603, 23.198318179243302 ], [ 72.686875509140606, 23.197756615264598 ], [ 72.6868992255921, 23.1976473799837 ], [ 72.686914758083901, 23.1975758484989 ], [ 72.6869167799384, 23.197566533238899 ], [ 72.686937526089295, 23.197470984209701 ], [ 72.687005348077506, 23.1971586204752 ], [ 72.687001536713495, 23.196781747296399 ], [ 72.686999688573096, 23.196753789846699 ], [ 72.6869547565706, 23.196073929727099 ], [ 72.6869541590453, 23.196064896438301 ], [ 72.6869455527182, 23.195934670254498 ], [ 72.686918596631699, 23.195526816141999 ], [ 72.686895123919399, 23.1951716435339 ], [ 72.686881211918305, 23.194961155224799 ], [ 72.686814279698893, 23.194829451902301 ], [ 72.686720344857093, 23.1946446154993 ], [ 72.686499944375001, 23.194210926931301 ], [ 72.686464218637894, 23.194005897552799 ], [ 72.686413129490305, 23.193712702054601 ], [ 72.686351279500201, 23.1933577485478 ], [ 72.686319631977796, 23.193176124930599 ], [ 72.686267795530895, 23.1927991673195 ], [ 72.686211126288896, 23.1923870716113 ], [ 72.686185259061105, 23.192198959633799 ], [ 72.686428581923096, 23.1922254809494 ], [ 72.686515046474995, 23.192224667185801 ], [ 72.686595792972597, 23.192223906504601 ], [ 72.686791378500004, 23.192222065733102 ], [ 72.686971817142407, 23.192220365817398 ], [ 72.686993724373195, 23.192216470024398 ], [ 72.687158237711799, 23.192187214827602 ], [ 72.687186190344093, 23.1921959127416 ], [ 72.686942839686694, 23.191827401733001 ], [ 72.686000906515403, 23.1904010030192 ], [ 72.6859806932125, 23.190370391979599 ], [ 72.685980441947507, 23.1903700109082 ], [ 72.685916930462994, 23.190273832734999 ], [ 72.685838606743204, 23.190151508799499 ], [ 72.685571784454396, 23.1897347891463 ], [ 72.685555232636702, 23.189708091450601 ], [ 72.685319089858297, 23.189326827530302 ], [ 72.685201831324093, 23.189137508827301 ], [ 72.684790299228297, 23.188473065189999 ], [ 72.684444778140602, 23.187915193203299 ], [ 72.684438705621304, 23.187905388674199 ], [ 72.684383856308401, 23.187816829929702 ], [ 72.684377762908795, 23.187806990784701 ], [ 72.684209996291401, 23.1875361147336 ], [ 72.684034676570903, 23.187253041421499 ], [ 72.6839811779314, 23.187166662874802 ], [ 72.683922958981697, 23.187072662810301 ], [ 72.683100254409297, 23.185744296466801 ], [ 72.683093453313205, 23.185733315638799 ], [ 72.683064945379897, 23.185687285829601 ], [ 72.682659493403307, 23.185032614447 ], [ 72.682040845530494, 23.184033689992798 ], [ 72.681857658997203, 23.183737899232401 ], [ 72.681851298918602, 23.183727631759599 ], [ 72.681696585105996, 23.183477810729801 ], [ 72.681695921910901, 23.183476741059099 ], [ 72.681695469570798, 23.183475846029101 ], [ 72.681278937833895, 23.1827418673324 ], [ 72.680655001628807, 23.182706302176101 ], [ 72.680643487710796, 23.182705645840599 ], [ 72.679317601094596, 23.182630063104 ], [ 72.678705599754494, 23.182601863486401 ], [ 72.678562175965197, 23.182595254234599 ], [ 72.677380096593495, 23.1827975586489 ], [ 72.677300430619695, 23.182811191413599 ], [ 72.677111123667203, 23.182843590040601 ], [ 72.677108686822294, 23.1828440063721 ], [ 72.677037477307806, 23.1828561929571 ], [ 72.6766378715391, 23.182920519561002 ], [ 72.676637194888499, 23.1829206269346 ], [ 72.676629102168704, 23.182921930261301 ], [ 72.675492732462203, 23.1831048499985 ], [ 72.675249222333505, 23.183099460235798 ], [ 72.674722500185098, 23.183087801248199 ], [ 72.674685151708204, 23.183086973936401 ], [ 72.674495349978798, 23.1830827712634 ], [ 72.674491746822298, 23.1830826403678 ], [ 72.673608014222197, 23.183065908322501 ], [ 72.673849657887899, 23.1834014438625 ], [ 72.674049427971994, 23.1836788332444 ], [ 72.674517470417598, 23.184724872361201 ], [ 72.674857720317604, 23.1854852931477 ], [ 72.674960798917695, 23.1857156608826 ], [ 72.675053309592599, 23.1859224093492 ], [ 72.675179015723799, 23.1862033417313 ], [ 72.675181361062599, 23.1862066400356 ], [ 72.675132570731805, 23.186212615171101 ], [ 72.674691149988803, 23.186266672568902 ], [ 72.673148182253101, 23.1864556155376 ], [ 72.6720182034842, 23.186607557514499 ], [ 72.670489316869805, 23.186797079430399 ], [ 72.6685977380628, 23.187072756962198 ], [ 72.667790256553999, 23.1871904329433 ], [ 72.666847524807594, 23.187327813112901 ], [ 72.666848183411801, 23.187335500318198 ], [ 72.664614426285397, 23.187606686572099 ], [ 72.663983969829104, 23.187650560824402 ], [ 72.663943232433596, 23.187653396487701 ], [ 72.663655937243703, 23.1876733901946 ], [ 72.663104467755105, 23.187742449316801 ], [ 72.662840386940104, 23.1877686590717 ], [ 72.662292693091402, 23.187823014193501 ], [ 72.661860750395107, 23.187865880707701 ], [ 72.661118050703493, 23.187947363110901 ], [ 72.661118137379205, 23.187948050528 ], [ 72.660694745229407, 23.187995959361398 ], [ 72.6596349134429, 23.1881100854227 ], [ 72.659538234936306, 23.187244489822199 ], [ 72.659469544451099, 23.186778553947502 ], [ 72.659401367955397, 23.1863644536352 ], [ 72.659393627298499, 23.186261928463502 ], [ 72.659389584138097, 23.186208364777599 ], [ 72.659377806601697, 23.186052364486201 ], [ 72.659364530093796, 23.185876502863699 ], [ 72.659362612973396, 23.1858510975384 ], [ 72.659346055813103, 23.185631782289899 ], [ 72.659287507325701, 23.185623354788198 ], [ 72.658045257413804, 23.185444550539799 ], [ 72.657474581505596, 23.1853624060527 ], [ 72.657296586400804, 23.185336784913801 ], [ 72.657195943838602, 23.185322297704101 ], [ 72.657195970509804, 23.185320766954199 ], [ 72.657190848374398, 23.185434493008898 ], [ 72.657188892553904, 23.185546911110499 ], [ 72.657186126631899, 23.1857059340749 ], [ 72.657183972015901, 23.185829759688399 ], [ 72.656418826153995, 23.1857522581412 ], [ 72.656143679888999, 23.185724387681699 ], [ 72.656166992243797, 23.185817501143799 ], [ 72.655795980476896, 23.185752632502499 ], [ 72.655670972396607, 23.185730768316901 ] ], [ [ 72.665991805250798, 23.210170220169999 ], [ 72.665536138533398, 23.209652789566299 ], [ 72.665248034621598, 23.209325631671302 ], [ 72.665991805250798, 23.210170220169999 ] ], [ [ 72.670981523342107, 23.217282462708699 ], [ 72.670873248418303, 23.217111405807898 ], [ 72.670869478745701, 23.2171054501312 ], [ 72.670981523342107, 23.217282462708699 ] ], [ [ 72.670605603060906, 23.2338535329995 ], [ 72.6663972737162, 23.227255009792898 ], [ 72.666079824705804, 23.226757230695501 ], [ 72.670605603060906, 23.2338535329995 ] ], [ [ 72.672620131198997, 23.233483798502998 ], [ 72.671830181447305, 23.233674069547501 ], [ 72.670669451144605, 23.233953639805801 ], [ 72.672620131198997, 23.233483798502998 ] ], [ [ 72.675781880505397, 23.233701279500401 ], [ 72.675805975274301, 23.235470728247201 ], [ 72.675781880458501, 23.233701282208099 ], [ 72.675779007931197, 23.233490364862099 ], [ 72.675781880505397, 23.233701279500401 ] ], [ [ 72.675806870685904, 23.236298036272402 ], [ 72.675808408781194, 23.237721182502 ], [ 72.675806870638993, 23.236298038980198 ], [ 72.675805975274301, 23.235470728247201 ], [ 72.675806870685904, 23.236298036272402 ] ], [ [ 72.672804323967199, 23.258925329315399 ], [ 72.677023362685702, 23.258300865250401 ], [ 72.675650377512497, 23.258504095977699 ], [ 72.672804323967199, 23.258925329315399 ] ], [ [ 72.632564213075597, 23.231478925791201 ], [ 72.632567161279496, 23.231487673959101 ], [ 72.632569186771704, 23.231493684522999 ], [ 72.632564213075597, 23.231478925791201 ] ], [ [ 72.638992839441698, 23.228037353024899 ], [ 72.639670331098301, 23.229127168767899 ], [ 72.6392062367931, 23.228380627910902 ], [ 72.638992839441698, 23.228037353024899 ] ], [ [ 72.633338424918605, 23.232581311839901 ], [ 72.633083068815907, 23.2327947553283 ], [ 72.632987633549007, 23.232874526261799 ], [ 72.633338424918605, 23.232581311839901 ] ] ] } },
{ "type": "Feature", "properties": { "zone": "North Zone", "zone_id": 1, "zone_area_km2": 71.372073284797608 }, "geometry": { "type": "Polygon", "coordinates": [ [ [ 72.627742157500094, 23.223513344708898 ], [ 72.627697823336604, 23.223448363876301 ], [ 72.627580624820297, 23.223276588793901 ], [ 72.627512731214296, 23.223166664703001 ], [ 72.627408866437094, 23.2229984970385 ], [ 72.627333573520801, 23.222876593188602 ], [ 72.627271222375597, 23.222775641497002 ], [ 72.627264163756394, 23.222764212218799 ], [ 72.627201811733599, 23.222663260492201 ], [ 72.627183059324395, 23.222632899332702 ], [ 72.627156979567602, 23.222590674204501 ], [ 72.627140636400995, 23.222564213329299 ], [ 72.627079460177399, 23.222465166134199 ], [ 72.627018284055396, 23.222366118019 ], [ 72.626962703179899, 23.222276131647 ], [ 72.626957107026499, 23.222267070773999 ], [ 72.626940313767406, 23.222239883567902 ], [ 72.6268912246816, 23.222160405192799 ], [ 72.626825342436007, 23.222053739591299 ], [ 72.626764165693004, 23.2219546913885 ], [ 72.626739691023602, 23.221915066083799 ], [ 72.626702988027205, 23.221855644958499 ], [ 72.626641811455599, 23.221756596720599 ], [ 72.626580632984499, 23.221657550240799 ], [ 72.626514750230399, 23.2215508845287 ], [ 72.626448865622507, 23.221444218766699 ], [ 72.626387687405497, 23.221345173134001 ], [ 72.626368026521305, 23.221313342891001 ], [ 72.626326507336898, 23.2212461265519 ], [ 72.626265329323004, 23.221147079079099 ], [ 72.626204151378801, 23.221048032491399 ], [ 72.626138266262501, 23.220941366618799 ], [ 72.626072381229505, 23.220834701628402 ], [ 72.625982965929097, 23.220689941255799 ], [ 72.625786494030606, 23.2203718633934 ], [ 72.625573770538693, 23.220027476480901 ], [ 72.625319408210501, 23.219615681399301 ], [ 72.625248817201694, 23.219501399576899 ], [ 72.625157443452096, 23.219353475683899 ], [ 72.625131164460797, 23.219310930402902 ], [ 72.625079396482306, 23.219227124690999 ], [ 72.625004098693395, 23.219105225301799 ], [ 72.624938213336605, 23.2189985644446 ], [ 72.624872326157899, 23.218891901732501 ], [ 72.624806439046594, 23.218785240805101 ], [ 72.624740550081498, 23.218678579827898 ], [ 72.624701693059905, 23.2186156771524 ], [ 72.624679367355299, 23.218579537212602 ], [ 72.624618182761594, 23.218480494550299 ], [ 72.624560528793197, 23.218387167479101 ], [ 72.624553467666203, 23.218375738969499 ], [ 72.624541533306498, 23.2183564205198 ], [ 72.624509454498906, 23.218304494261002 ], [ 72.624495810869504, 23.218282410933998 ], [ 72.624429917473904, 23.2181757506896 ], [ 72.624364022224498, 23.218069090395399 ], [ 72.6243028331575, 23.217970049374099 ], [ 72.624241642238999, 23.217871007403101 ], [ 72.624212456936903, 23.217823768743401 ], [ 72.6241804523507, 23.217771967234501 ], [ 72.624119261571494, 23.217672927033501 ], [ 72.624065564820697, 23.217586022443498 ], [ 72.624053360883096, 23.217566269262498 ], [ 72.623987460294103, 23.217459611471199 ], [ 72.623926266839305, 23.217360572073201 ], [ 72.623906836637104, 23.217329126048 ], [ 72.623865071485199, 23.217261534433199 ], [ 72.623803876232699, 23.217162495873101 ], [ 72.623759245347699, 23.217090267558401 ], [ 72.623742679080806, 23.217063459070999 ], [ 72.6236803045459, 23.216962516733201 ], [ 72.623673242568501, 23.216951089082301 ], [ 72.623652301681204, 23.2169171998347 ], [ 72.623610865187104, 23.216850147582299 ], [ 72.623549666352204, 23.216751110695402 ], [ 72.623488464641497, 23.216652075551799 ], [ 72.623427261063298, 23.216553040361099 ], [ 72.623366057586793, 23.216454004250402 ], [ 72.6233001423292, 23.216347350523399 ], [ 72.623234226178397, 23.2162406976638 ], [ 72.623194553278097, 23.216176506726502 ], [ 72.6231447655355, 23.216095956093501 ], [ 72.623039013263195, 23.2159248632864 ], [ 72.622874001507995, 23.215657918781002 ], [ 72.622696698312694, 23.215347919686302 ], [ 72.6225519020375, 23.2150947555897 ], [ 72.622403305896398, 23.214856750273899 ], [ 72.622307974653495, 23.214704069845698 ], [ 72.622292162113396, 23.214678745074998 ], [ 72.622276348586496, 23.214653421190999 ], [ 72.622116597948406, 23.214397597557198 ], [ 72.622078856018106, 23.214337163191502 ], [ 72.621817580356094, 23.2139188438844 ], [ 72.621812618517595, 23.213910900175701 ], [ 72.621769093116299, 23.2138412240514 ], [ 72.621751680102307, 23.213813349944701 ], [ 72.621742915222498, 23.213799317215699 ], [ 72.621720517578495, 23.213763463842401 ], [ 72.621657486699604, 23.213662572328701 ], [ 72.621639299555994, 23.213633463231201 ], [ 72.621611642773999, 23.213589194896599 ], [ 72.621591041210095, 23.2135562214721 ], [ 72.621541109242699, 23.2134763065215 ], [ 72.621524594732193, 23.213449876897801 ], [ 72.621458148242297, 23.213343538620499 ], [ 72.621401367090598, 23.213252673987501 ], [ 72.621391699771493, 23.213237207513199 ], [ 72.621325251288596, 23.213130882702998 ], [ 72.621273371093196, 23.213047875971601 ], [ 72.621258800824805, 23.2130245650627 ], [ 72.621192350300902, 23.212918256427201 ], [ 72.621125895859194, 23.212811954029501 ], [ 72.621103806753297, 23.2127766207437 ], [ 72.621085326949299, 23.2127470629983 ], [ 72.621063001276497, 23.2127113559878 ], [ 72.621055881390504, 23.212699967992801 ], [ 72.620992985898994, 23.2125993717207 ], [ 72.620926530236702, 23.212493099932399 ], [ 72.620860071648906, 23.2123868334942 ], [ 72.620813060734093, 23.212311671473699 ], [ 72.620793610071701, 23.212280576016301 ], [ 72.620727148466301, 23.212174325738001 ], [ 72.620660686864895, 23.212068080854198 ], [ 72.620594224306899, 23.2119618404476 ], [ 72.620564041531495, 23.211913593998499 ], [ 72.620527761752697, 23.211855605435399 ], [ 72.620461300194904, 23.211749374930001 ], [ 72.620398396617702, 23.211648841541699 ], [ 72.620391271812395, 23.2116374615734 ], [ 72.620379481560605, 23.211618618112301 ], [ 72.620328370303696, 23.211536927291501 ], [ 72.620261908645503, 23.2114307192873 ], [ 72.620195443165301, 23.211324512105801 ], [ 72.620168362503904, 23.211281239933498 ], [ 72.620128978665406, 23.2112183103335 ], [ 72.620062508374602, 23.211112110256899 ], [ 72.620039562333304, 23.211075448528302 ], [ 72.619977042394396, 23.2109755672052 ], [ 72.619905815256999, 23.210861785731499 ], [ 72.619782353165604, 23.210664562919401 ], [ 72.619771879339694, 23.210647833804199 ], [ 72.619711119458202, 23.210550783984701 ], [ 72.619644632074497, 23.210444591634399 ], [ 72.619578138899897, 23.210338400979602 ], [ 72.6195163929969, 23.210239796929901 ], [ 72.619501071214401, 23.210215329787101 ], [ 72.619454645195205, 23.2101411946377 ], [ 72.619392893557603, 23.210042593171099 ], [ 72.619331143879194, 23.209943996228802 ], [ 72.619268201105399, 23.209843505222299 ], [ 72.619261071503701, 23.209832130557398 ], [ 72.619198128893501, 23.209731635920001 ], [ 72.619136374412307, 23.209633049677802 ], [ 72.619084384236004, 23.209550055153201 ], [ 72.619074616143294, 23.2095344615534 ], [ 72.619012854950995, 23.2094358778794 ], [ 72.618951093828898, 23.209337295089998 ], [ 72.618884571009502, 23.2092311272262 ], [ 72.618849691971107, 23.2091754670776 ], [ 72.618818037612996, 23.2091249555688 ], [ 72.618756245643993, 23.209026365029398 ], [ 72.618694442107795, 23.208927770684301 ], [ 72.6186326289573, 23.208829172563199 ], [ 72.618570803247195, 23.208730571524399 ], [ 72.618507776730894, 23.208630071786001 ], [ 72.618500638511506, 23.208618694254898 ], [ 72.618437600553506, 23.2085181843903 ], [ 72.618405516307504, 23.208467036163299 ], [ 72.618375741083796, 23.208419574654201 ], [ 72.618326384497493, 23.2083409044197 ], [ 72.618313870079106, 23.2083209593075 ], [ 72.618251985570396, 23.2082223392229 ], [ 72.618190090487204, 23.208123714445001 ], [ 72.6181234192061, 23.208017500743399 ], [ 72.618056736403901, 23.207911281428299 ], [ 72.617980511920393, 23.207789883535 ], [ 72.617921852352197, 23.207696473399899 ], [ 72.617802576380399, 23.2075065557827 ], [ 72.617801809813301, 23.207505336248499 ], [ 72.617064857959903, 23.2067125687641 ], [ 72.616777889317902, 23.206654191177499 ], [ 72.616519040035897, 23.206601532381601 ], [ 72.616276278594796, 23.206552146822901 ], [ 72.616239515808502, 23.2065446678148 ], [ 72.616097692490897, 23.206573165804699 ], [ 72.615898265451307, 23.206613237647399 ], [ 72.615860373410598, 23.206620847616001 ], [ 72.615641037185895, 23.2067030748617 ], [ 72.615249464359806, 23.206795832807298 ], [ 72.614850207876202, 23.206890324763901 ], [ 72.614613868415304, 23.206974640660398 ], [ 72.614389127058899, 23.207054769952698 ], [ 72.613845995405896, 23.2071248468833 ], [ 72.613786904056596, 23.207132452348901 ], [ 72.6138264807648, 23.2076071239951 ], [ 72.613946495109502, 23.208187999576801 ], [ 72.614183991344404, 23.209085251643899 ], [ 72.614305779309504, 23.2098512783937 ], [ 72.614311859819296, 23.210486078175698 ], [ 72.614299102179501, 23.210799399231 ], [ 72.613817986275095, 23.211607675324402 ], [ 72.613453310013099, 23.2118430323453 ], [ 72.613310448283698, 23.211901695048901 ], [ 72.612990940468194, 23.212259573604602 ], [ 72.612671124656202, 23.212585177866099 ], [ 72.612369917743095, 23.213031645133 ], [ 72.612128331731398, 23.2133242771183 ], [ 72.611893778508701, 23.213439335672199 ], [ 72.611550856791396, 23.214087887294699 ], [ 72.611136958946901, 23.214616046548201 ], [ 72.611140274759407, 23.214962965824501 ], [ 72.610485724336598, 23.214968815391799 ], [ 72.610312873009704, 23.2151478699679 ], [ 72.610209454180406, 23.215285959504001 ], [ 72.609925150105695, 23.215675790545902 ], [ 72.6098395695345, 23.215854063617499 ], [ 72.609694362478706, 23.216186174386099 ], [ 72.609669489074506, 23.216323561296601 ], [ 72.609568994418495, 23.216768230944702 ], [ 72.609114291355695, 23.217595285393099 ], [ 72.608924057926203, 23.217782561476302 ], [ 72.608844632227502, 23.218606267316101 ], [ 72.608677162061099, 23.219350070240999 ], [ 72.608401742843, 23.219507532332202 ], [ 72.608065327949902, 23.219983304263899 ], [ 72.607693614872403, 23.220333316041799 ], [ 72.606844754040296, 23.220703339989299 ], [ 72.606930164384295, 23.221080734092201 ], [ 72.606916536384702, 23.221133098627401 ], [ 72.606862583616305, 23.221477458481498 ], [ 72.606751154154594, 23.2217958810261 ], [ 72.606870395247199, 23.2222974106915 ], [ 72.606723383672602, 23.2226817434126 ], [ 72.606498387345496, 23.222951401395701 ], [ 72.606105836818799, 23.223239916490499 ], [ 72.605972352407903, 23.2233361097976 ], [ 72.605816334176097, 23.223556743500701 ], [ 72.605653606004196, 23.223736678003402 ], [ 72.605571288646701, 23.224107745725799 ], [ 72.605457336517304, 23.224161664140102 ], [ 72.605146357516901, 23.224561220050401 ], [ 72.604833363573505, 23.224749172744801 ], [ 72.6044106919, 23.225440694843499 ], [ 72.603875822900704, 23.2263712851429 ], [ 72.603497611839401, 23.227225533020199 ], [ 72.602440046637597, 23.2283635674879 ], [ 72.602409597518601, 23.229175042480001 ], [ 72.602224858215706, 23.2298115393057 ], [ 72.601851354527696, 23.230661334115801 ], [ 72.600940680867396, 23.231198467599501 ], [ 72.600294067310699, 23.231415825198098 ], [ 72.599535327679106, 23.231881064915299 ], [ 72.598773912726898, 23.232064165412599 ], [ 72.598623633687296, 23.232312386236199 ], [ 72.598474689310393, 23.232701674834502 ], [ 72.598631649111496, 23.2331587896652 ], [ 72.599019542671599, 23.2338254778109 ], [ 72.599366612346202, 23.234210366899202 ], [ 72.599983445818694, 23.234875019851799 ], [ 72.600139744332395, 23.235261601021001 ], [ 72.600277241036196, 23.235999185489799 ], [ 72.599479229161005, 23.236346228331598 ], [ 72.598919688658199, 23.237059349585699 ], [ 72.598565509458695, 23.2372098306925 ], [ 72.598534821933896, 23.237222867770001 ], [ 72.598282956561903, 23.237360574838501 ], [ 72.597964122139103, 23.2374619265311 ], [ 72.597486801650007, 23.2377124720038 ], [ 72.597208402327794, 23.237862726901401 ], [ 72.596944025898793, 23.2380867541608 ], [ 72.596733292914905, 23.238347251153499 ], [ 72.596467750423699, 23.238448129512999 ], [ 72.596062890192101, 23.238611817212401 ], [ 72.595598885757198, 23.238862238828599 ], [ 72.595599351732204, 23.238911498168399 ], [ 72.595162460001205, 23.239210941976701 ], [ 72.594671107158703, 23.2393877094385 ], [ 72.594661502772894, 23.239781900244498 ], [ 72.594464667748994, 23.2401038519358 ], [ 72.594387050424899, 23.240350854831298 ], [ 72.593681697047799, 23.240443297438901 ], [ 72.593428192607206, 23.240408590545702 ], [ 72.593215241876294, 23.240435101969702 ], [ 72.5927755518195, 23.240438984533402 ], [ 72.592443032479693, 23.240503498274201 ], [ 72.592164158543696, 23.2406044867055 ], [ 72.591911931274495, 23.2407052386549 ], [ 72.591553343267407, 23.240831561045699 ], [ 72.591088048617095, 23.2409465067132 ], [ 72.590163016169598, 23.241059346373099 ], [ 72.590192676238999, 23.241379294885 ], [ 72.590236357224995, 23.241773019316302 ], [ 72.589597611328799, 23.2418648562264 ], [ 72.588559257179, 23.2419725257941 ], [ 72.588066264837593, 23.241976864477 ], [ 72.587603274783802, 23.242338098254599 ], [ 72.587392169938397, 23.2425616395597 ], [ 72.587099961048395, 23.242662735804199 ], [ 72.586809026123902, 23.242899295083198 ], [ 72.586156947111903, 23.242991237512602 ], [ 72.586160445749599, 23.243022321006301 ], [ 72.586200559041202, 23.243378802530401 ], [ 72.586429962441599, 23.2436846825724 ], [ 72.586566902960797, 23.244077586521101 ], [ 72.586687051961704, 23.2441011617748 ], [ 72.586781826613404, 23.2442604346423 ], [ 72.586784022024602, 23.244494415402499 ], [ 72.586866397302899, 23.244752324771401 ], [ 72.586829891343001, 23.245122120683298 ], [ 72.586832318454299, 23.2453807314171 ], [ 72.586834168562405, 23.245577769465601 ], [ 72.586783991918793, 23.245910738298399 ], [ 72.586786535134493, 23.2461816653577 ], [ 72.586790003310895, 23.246551108712499 ], [ 72.586776519170598, 23.246770859231798 ], [ 72.586831513523805, 23.246951010041698 ], [ 72.586887586885794, 23.247246096219801 ], [ 72.586890361813204, 23.247541652337102 ], [ 72.586855444758797, 23.247607642835501 ], [ 72.586786384473498, 23.247821725569601 ], [ 72.586840916741593, 23.247952613733698 ], [ 72.586843074182497, 23.248182490781002 ], [ 72.586934218950802, 23.248428006452301 ], [ 72.586970524190704, 23.248656573044499 ], [ 72.587140279582897, 23.248777044811298 ], [ 72.587143478220199, 23.249117517991799 ], [ 72.587188135411793, 23.249257331567101 ], [ 72.587106395946194, 23.249495901906599 ], [ 72.586781336769207, 23.249498760436602 ], [ 72.586513276410003, 23.249801559372202 ], [ 72.586353330018895, 23.2500783711717 ], [ 72.586357324687, 23.250503963286601 ], [ 72.586335169665304, 23.2510299321053 ], [ 72.586339634995994, 23.251505594903399 ], [ 72.586612871952894, 23.251753561994999 ], [ 72.586964790341497, 23.251725430809799 ], [ 72.586968786491099, 23.252151022994401 ], [ 72.586972313297494, 23.252526544445999 ], [ 72.586895747171795, 23.253027954193701 ], [ 72.5868170665468, 23.253304052837201 ], [ 72.5866825626848, 23.253405384475201 ], [ 72.586495760270296, 23.253707468485398 ], [ 72.586420369093602, 23.254334053628799 ], [ 72.586397156805603, 23.254747364949601 ], [ 72.586481246045807, 23.2550470689905 ], [ 72.586566275582896, 23.2554469117038 ], [ 72.586676512240999, 23.255646237169799 ], [ 72.586812663734506, 23.2557201514234 ], [ 72.586868725400507, 23.255919953753999 ], [ 72.586844692107604, 23.256245643244402 ], [ 72.586848688556998, 23.256671235218501 ], [ 72.586798742901607, 23.257122338536099 ], [ 72.586640434560906, 23.257574394471501 ], [ 72.586536073339204, 23.2580009372037 ], [ 72.586296964794002, 23.258503777921401 ], [ 72.586624629262502, 23.258776303763 ], [ 72.586818729000598, 23.2592502953542 ], [ 72.587254758206399, 23.259521865584802 ], [ 72.587501156509106, 23.259795104867599 ], [ 72.587747087515893, 23.2600182722563 ], [ 72.587750382346499, 23.260368759141201 ], [ 72.587834242830098, 23.260643427469901 ], [ 72.587866746768498, 23.261218988147501 ], [ 72.587897837941597, 23.2616443411715 ], [ 72.587981698334502, 23.261919007652601 ], [ 72.588066267404002, 23.262268780213901 ], [ 72.588286760875306, 23.262667426458499 ], [ 72.588292176106506, 23.263243227969099 ], [ 72.588295942970404, 23.263643783752801 ], [ 72.588299004194994, 23.263969236172102 ], [ 72.588276150730593, 23.264420099852298 ], [ 72.588013714503603, 23.2653237362323 ], [ 72.587829747307495, 23.265627478246198 ], [ 72.587844322818398, 23.2658060858735 ], [ 72.587757655534105, 23.2661045013609 ], [ 72.587511500910495, 23.266569682410498 ], [ 72.587407870550294, 23.266967463516998 ], [ 72.587303929421196, 23.2673321752475 ], [ 72.587323998505795, 23.267563505435302 ], [ 72.5873795455758, 23.2677614500579 ], [ 72.587901099380105, 23.268037977064601 ], [ 72.588314361254305, 23.268216236268898 ], [ 72.588546980089603, 23.268214188499801 ], [ 72.588870463647595, 23.268360164922299 ], [ 72.589230514841006, 23.268588499018101 ], [ 72.589321073654702, 23.268703455042701 ], [ 72.589376310603399, 23.268868329901501 ], [ 72.589558050137796, 23.269164378528199 ], [ 72.589559452005801, 23.2693131930316 ], [ 72.589438398619706, 23.269760738016299 ], [ 72.589533474171901, 23.270355203105801 ], [ 72.589590036748305, 23.270660624663599 ], [ 72.589591438504996, 23.2708094391452 ], [ 72.589771934586906, 23.270973208768599 ], [ 72.589793255063498, 23.2713368170017 ], [ 72.590083919679401, 23.2717972684754 ], [ 72.590392171117998, 23.272224490929599 ], [ 72.589960843693305, 23.272029859793001 ], [ 72.589963491981607, 23.272310953226501 ], [ 72.590611419625304, 23.272702106592501 ], [ 72.590577658297804, 23.272917374889101 ], [ 72.590330100720294, 23.273233747150702 ], [ 72.590065893386594, 23.273682555348199 ], [ 72.589802620582105, 23.274230571685202 ], [ 72.589680318136502, 23.274545836539001 ], [ 72.589543236993904, 23.275191956794401 ], [ 72.5894396860933, 23.2755980057327 ], [ 72.5893530157566, 23.2758964215611 ], [ 72.590178661238397, 23.2761537203763 ], [ 72.590897875254399, 23.276511172025 ], [ 72.5914544818217, 23.2767046929938 ], [ 72.591975456571902, 23.2769150648652 ], [ 72.592137446031998, 23.277012850772 ], [ 72.592156433300005, 23.277128437450699 ], [ 72.591979203002296, 23.277311900171998 ], [ 72.591783140196299, 23.2773963114902 ], [ 72.5914313276988, 23.278044329175898 ], [ 72.591185479755296, 23.278542585808701 ], [ 72.591027388375906, 23.278858169408799 ], [ 72.590497865856904, 23.279640042242601 ], [ 72.5904108857887, 23.2799053865674 ], [ 72.590411164498306, 23.279905483833701 ], [ 72.5909517882247, 23.280092847890199 ], [ 72.591114015170007, 23.280215438403999 ], [ 72.591249396929499, 23.2803382637372 ], [ 72.591559844451297, 23.280521555103501 ], [ 72.591735610781996, 23.280656426481301 ], [ 72.592031817729406, 23.2807530283171 ], [ 72.59224773199, 23.280875141205399 ], [ 72.592490254397902, 23.280972216179599 ], [ 72.593015097319295, 23.281116405040301 ], [ 72.593189105188301, 23.2810652566234 ], [ 72.593593508129004, 23.281247714791199 ], [ 72.593957058452602, 23.281368519466 ], [ 72.594091391759306, 23.281379733463702 ], [ 72.594415500821796, 23.281587703020602 ], [ 72.594818849463806, 23.281658546280699 ], [ 72.595276353491897, 23.281778518513601 ], [ 72.595277292518006, 23.2818777256714 ], [ 72.596288251454993, 23.282327651655699 ], [ 72.596544202499302, 23.282424599738999 ], [ 72.596650163396305, 23.282274836742399 ], [ 72.597026907572499, 23.282370713869199 ], [ 72.597362446200705, 23.2823677391427 ], [ 72.597685505049697, 23.282464092194601 ], [ 72.5980369341585, 23.282721418396001 ], [ 72.598440758170298, 23.2828418568579 ], [ 72.598950779109003, 23.2828373303517 ], [ 72.599324818774903, 23.282647978641702 ], [ 72.599633161459906, 23.282608031659699 ], [ 72.599874984379795, 23.282630690076601 ], [ 72.599682845006896, 23.2828928404229 ], [ 72.599525906842302, 23.283328307443099 ], [ 72.600117757458406, 23.283459473054101 ], [ 72.600589872782805, 23.283703321014901 ], [ 72.600926003270999, 23.283762343449201 ], [ 72.601409773069506, 23.283820052173301 ], [ 72.601934398859299, 23.283939407502601 ], [ 72.602325279786101, 23.284109558660699 ], [ 72.602662593552594, 23.284292588535301 ], [ 72.603215128037704, 23.2845233081487 ], [ 72.603807694976894, 23.284728867330799 ], [ 72.604297679716197, 23.284992307004401 ], [ 72.604294850574107, 23.285037502269098 ], [ 72.604289030377998, 23.285130494802299 ], [ 72.604283632777793, 23.285216749228599 ], [ 72.604084450239895, 23.285641007438901 ], [ 72.604357634193306, 23.2858732858362 ], [ 72.604630520279102, 23.286074271212001 ], [ 72.604666926616503, 23.286339954296999 ], [ 72.604686695993706, 23.286637081133801 ], [ 72.604637384390202, 23.2867939958435 ], [ 72.604571587378004, 23.2869979997039 ], [ 72.604555847587903, 23.287123320389501 ], [ 72.604558830575698, 23.287436243730401 ], [ 72.604795762908196, 23.287418484891699 ], [ 72.604866036836896, 23.287683865589901 ], [ 72.605007781833805, 23.288339797418299 ], [ 72.605077758566694, 23.288573887271198 ], [ 72.605030686515505, 23.288965493931101 ], [ 72.605120136764697, 23.289465417097901 ], [ 72.605105441537205, 23.289700261044299 ], [ 72.605005923592003, 23.289920213611602 ], [ 72.604704532853802, 23.290282792856701 ], [ 72.604705875798103, 23.2904236086511 ], [ 72.605129616701205, 23.290458948847501 ], [ 72.605604238152793, 23.290501657883102 ], [ 72.606671274976506, 23.290507782571702 ], [ 72.6070266057216, 23.2904733150501 ], [ 72.607534946111997, 23.290500069175501 ], [ 72.607557714788697, 23.291110119882202 ], [ 72.607474236829802, 23.2912360448654 ], [ 72.607561154593199, 23.2914699808025 ], [ 72.607580185013006, 23.291688876119601 ], [ 72.607584074320698, 23.2920956760018 ], [ 72.607990213238907, 23.292060752347702 ], [ 72.608278106168498, 23.292058178979801 ], [ 72.608314372017105, 23.2923082145563 ], [ 72.608659807062097, 23.293009263712602 ], [ 72.608704941358098, 23.2929939181472 ], [ 72.608777977611894, 23.292969088496299 ], [ 72.608983744808, 23.293233255753901 ], [ 72.609029378168998, 23.2935770916793 ], [ 72.6089797704322, 23.293702716104502 ], [ 72.608947098467596, 23.293828188064001 ], [ 72.608999550939203, 23.293999841250301 ], [ 72.608984862232106, 23.294234684169101 ], [ 72.608969873747697, 23.294438235313802 ], [ 72.608972870467298, 23.294751159247099 ], [ 72.608975266850706, 23.295001496927402 ], [ 72.608977813481502, 23.295267482744499 ], [ 72.609047951155006, 23.295517214253199 ], [ 72.609287291910306, 23.295749786531601 ], [ 72.609610413840102, 23.295887722562501 ], [ 72.609830723143503, 23.295901398834001 ], [ 72.610067818218994, 23.295899276815199 ], [ 72.6105781294157, 23.2961294207396 ], [ 72.610867682512605, 23.2962989495363 ], [ 72.611173720889994, 23.296421387939802 ], [ 72.611310555025, 23.296560990003101 ], [ 72.611447540066294, 23.296716236520599 ], [ 72.611499546758097, 23.296840951029999 ], [ 72.611620946600695, 23.297137165462299 ], [ 72.611809489794297, 23.297370187168401 ], [ 72.612031453385299, 23.297555968642499 ], [ 72.6121348688079, 23.2977428101754 ], [ 72.612187478170299, 23.297930109057202 ], [ 72.612392207354006, 23.298084748372101 ], [ 72.612734376392396, 23.298441572164901 ], [ 72.612804072107195, 23.298644363548 ], [ 72.612908541617401, 23.298940728322702 ], [ 72.612909743649993, 23.299065897387301 ], [ 72.613146994536294, 23.299079417520101 ], [ 72.613589429395105, 23.299294511680198 ], [ 72.613812000094299, 23.299542873812602 ], [ 72.614001152842306, 23.299838477087501 ], [ 72.614243670821196, 23.300399608674201 ], [ 72.614433877031502, 23.3008047352345 ], [ 72.614658257900302, 23.301240849306801 ], [ 72.614729238644003, 23.301576631149999 ], [ 72.614816628316504, 23.301857499920299 ], [ 72.614938040239394, 23.302153711702299 ], [ 72.615195846772195, 23.302542582840399 ], [ 72.615299119043996, 23.302713775574698 ], [ 72.615572960602805, 23.303008615846402 ], [ 72.615778153483902, 23.303210189841799 ], [ 72.616051393824193, 23.303442443901499 ], [ 72.616273675388399, 23.303659510615802 ], [ 72.616444395441405, 23.3037988010418 ], [ 72.616598479873204, 23.303969538140102 ], [ 72.616518923826803, 23.304502266581501 ], [ 72.616555962009798, 23.304830529766502 ], [ 72.616610840445603, 23.305252517157399 ], [ 72.616564553658506, 23.305722357253899 ], [ 72.616582997276396, 23.305878665192701 ], [ 72.616466098020496, 23.306051838364699 ], [ 72.616643001727695, 23.306832619565402 ], [ 72.616800558439394, 23.3073632144607 ], [ 72.617276147859997, 23.307499762521299 ], [ 72.617667353324293, 23.307668362826401 ], [ 72.618009108907302, 23.307978235124398 ], [ 72.618163653642696, 23.308195906738501 ], [ 72.618303676625402, 23.308664069294899 ], [ 72.618642415689607, 23.308661018023699 ], [ 72.618952114571698, 23.309158945754099 ], [ 72.619243518200307, 23.3095162106484 ], [ 72.619518741421899, 23.309951857832999 ], [ 72.619691588675806, 23.310310189762198 ], [ 72.619614156386206, 23.311061964292499 ], [ 72.619585848351306, 23.3112574894758 ], [ 72.619739982690902, 23.3112132654466 ], [ 72.620168482062297, 23.311021088603301 ], [ 72.620540563056096, 23.310850344885299 ], [ 72.621172793203002, 23.310645865919899 ], [ 72.621578539454802, 23.310443428858601 ], [ 72.622211677778097, 23.310333093911201 ], [ 72.622504382894803, 23.3101526003455 ], [ 72.622932367865303, 23.309908111844301 ], [ 72.623597549717303, 23.309598707538399 ], [ 72.624026646598594, 23.3094692864493 ], [ 72.624421162327195, 23.3092774069247 ], [ 72.6248396433446, 23.3092213118289 ], [ 72.625347397957796, 23.3090284037327 ], [ 72.625713243974801, 23.3088001648789 ], [ 72.626130200533098, 23.3085871528287 ], [ 72.626627336064004, 23.308467569673802 ], [ 72.627022861123194, 23.308380292863902 ], [ 72.627600076495099, 23.308343675366899 ], [ 72.628539757165498, 23.308314231058301 ], [ 72.6290389254779, 23.308403858110601 ], [ 72.629424142297097, 23.3084212854464 ], [ 72.629878525075398, 23.308563625127 ], [ 72.630179525817098, 23.308655047414799 ], [ 72.630803361228203, 23.308753999656499 ], [ 72.631212042729004, 23.3088549023309 ], [ 72.631314874882406, 23.308948124744902 ], [ 72.631587568215096, 23.3090398008077 ], [ 72.632325870915096, 23.309263247689401 ], [ 72.633234034245305, 23.309485142287599 ], [ 72.633960098492096, 23.309614536127 ], [ 72.634409286086395, 23.3098039864512 ], [ 72.634863166889502, 23.309894007735799 ], [ 72.635270933275805, 23.309900754725099 ], [ 72.635508840298598, 23.3099090468341 ], [ 72.636161950011498, 23.309526468624899 ], [ 72.636386485225799, 23.309325646706199 ], [ 72.637073969443904, 23.308984597858601 ], [ 72.637401135215299, 23.3088560709372 ], [ 72.637448376634595, 23.309054413173801 ], [ 72.638137701546299, 23.3089016552928 ], [ 72.638408041129594, 23.308752719916299 ], [ 72.638554841972507, 23.3087095325746 ], [ 72.638972595827099, 23.3085801745904 ], [ 72.638980493226896, 23.308592868400002 ], [ 72.639053677642593, 23.308383697634 ], [ 72.638978417821704, 23.308094468759599 ], [ 72.639242199287693, 23.3079136469849 ], [ 72.639579926430997, 23.307888258856899 ], [ 72.639914590484807, 23.307550679690198 ], [ 72.640562182597193, 23.307121032070199 ], [ 72.641018851083302, 23.306916142493201 ], [ 72.641596212062794, 23.3067101457207 ], [ 72.642030270727304, 23.3066615686045 ], [ 72.6421241973067, 23.306393093870302 ], [ 72.642705059788199, 23.306543882019401 ], [ 72.643138022255201, 23.306383805343899 ], [ 72.643152436218998, 23.306376835096302 ], [ 72.643663837675206, 23.306129535364299 ], [ 72.644234922501994, 23.305947891217802 ], [ 72.644275424837105, 23.3057515113221 ], [ 72.645183639029099, 23.305331564606501 ], [ 72.645715378354794, 23.305463888931801 ], [ 72.646266208076099, 23.3053804280676 ], [ 72.6468388316503, 23.3053555671192 ], [ 72.647327560079702, 23.305429479231901 ], [ 72.648281482785194, 23.3053423060353 ], [ 72.648917170696706, 23.305258057118401 ], [ 72.649511202779706, 23.305252589654199 ], [ 72.649913327268393, 23.3051508842399 ], [ 72.650231557339694, 23.3051479537455 ], [ 72.650506582702207, 23.305067017944602 ], [ 72.650804373727993, 23.3051426777964 ], [ 72.651313350178796, 23.305118387246399 ], [ 72.651673623036999, 23.3050758657552 ], [ 72.652054529288407, 23.3049743504091 ], [ 72.652330135684096, 23.304952207587899 ], [ 72.652755606447499, 23.305065888839302 ], [ 72.653031406551506, 23.305063343554899 ], [ 72.653476735149496, 23.305039632821401 ], [ 72.653816180214804, 23.3050364989912 ], [ 72.654325931453599, 23.3050905945897 ], [ 72.654794029993894, 23.305223475207999 ], [ 72.655282177295504, 23.305238567257501 ], [ 72.6556000197331, 23.305196428260199 ], [ 72.656407564567502, 23.3053261666801 ], [ 72.656552364088199, 23.305171791524199 ], [ 72.656591877215604, 23.305194907853799 ], [ 72.656944994927699, 23.305401494229599 ], [ 72.657456340333795, 23.305443962184398 ], [ 72.659246988617795, 23.305686974493799 ], [ 72.660322178613598, 23.305913004573402 ], [ 72.6612417556086, 23.305904474279298 ], [ 72.662762790517206, 23.3060083502948 ], [ 72.664351459123594, 23.306489177883002 ], [ 72.665352155178795, 23.306928261082 ], [ 72.665352208799504, 23.306927765345801 ], [ 72.665422416623201, 23.3062904179891 ], [ 72.665521759353098, 23.3060062963836 ], [ 72.666137407263605, 23.306260161999798 ], [ 72.6664224988412, 23.3063489559994 ], [ 72.666808843358098, 23.306663952950601 ], [ 72.667059668813096, 23.306838612070401 ], [ 72.666759166319594, 23.3074432008661 ], [ 72.667105782611998, 23.3076169697453 ], [ 72.667471737148603, 23.307808255560701 ], [ 72.668066524098293, 23.307891210381101 ], [ 72.668428398949303, 23.3076754401702 ], [ 72.668447025997594, 23.3076221664004 ], [ 72.668715592865198, 23.307655061588701 ], [ 72.668758519087504, 23.3062032867158 ], [ 72.668828940854297, 23.3055831398772 ], [ 72.670009096584593, 23.3057668243618 ], [ 72.670073318224595, 23.306438812767698 ], [ 72.671088685728407, 23.306429329709601 ], [ 72.671137451234102, 23.305561589517598 ], [ 72.669692453026499, 23.3047608976959 ], [ 72.669345484414606, 23.3045517382326 ], [ 72.669754170745804, 23.303273547228802 ], [ 72.670965887012599, 23.303740124379399 ], [ 72.671038962492005, 23.303385449104599 ], [ 72.671518254275298, 23.3034163705018 ], [ 72.672129514220899, 23.303233658933401 ], [ 72.672378916111498, 23.3032667275907 ], [ 72.672350562365594, 23.304258174199099 ], [ 72.673462411194095, 23.304318573779401 ], [ 72.673422495200199, 23.304159650834599 ], [ 72.673345685926904, 23.3041426691662 ], [ 72.673222019747698, 23.303276541598699 ], [ 72.673566319847097, 23.303220220493401 ], [ 72.673545559686104, 23.3030611187991 ], [ 72.675021747155299, 23.3031534966698 ], [ 72.675125911208596, 23.303984405105702 ], [ 72.675835807421507, 23.304083951398798 ], [ 72.675822358017896, 23.304650467615701 ], [ 72.675825210715104, 23.304933636635099 ], [ 72.675922602911299, 23.305092019453699 ], [ 72.675788679667306, 23.305110974504299 ], [ 72.675734058990699, 23.3053946804852 ], [ 72.676271545326898, 23.305495841675199 ], [ 72.676268690789996, 23.305212673493699 ], [ 72.676802963837602, 23.3049952678377 ], [ 72.677491745689807, 23.304900307890399 ], [ 72.677922612598095, 23.304878563552801 ], [ 72.677876439637203, 23.3041002129257 ], [ 72.677754529505293, 23.303411069347 ], [ 72.677635656529603, 23.3030227934516 ], [ 72.676831761688106, 23.303101133233898 ], [ 72.676810106315699, 23.302853539879099 ], [ 72.676101641766294, 23.302895581655701 ], [ 72.676055479096405, 23.302117229412101 ], [ 72.676088264857299, 23.3015682331338 ], [ 72.676085411002902, 23.301285063968699 ], [ 72.676946410718401, 23.3011707938049 ], [ 72.676826828396301, 23.300711724100601 ], [ 72.675926984243901, 23.300773258748801 ], [ 72.675868263878499, 23.3006499119629 ], [ 72.675237241634804, 23.3007708729934 ], [ 72.675079885093993, 23.3003652527212 ], [ 72.675874493518194, 23.2993666269827 ], [ 72.677752220588602, 23.2993844186195 ], [ 72.678480178888407, 23.299377586064502 ], [ 72.678889441445605, 23.300064029005298 ], [ 72.681301777895399, 23.299899760440901 ], [ 72.681320217702904, 23.299828787963701 ], [ 72.681966179888903, 23.2992917212569 ], [ 72.682576150489794, 23.298985087071799 ], [ 72.682765387600796, 23.298753209320498 ], [ 72.683433001839504, 23.298463726420199 ], [ 72.683949335099499, 23.298370365767799 ], [ 72.684249063699895, 23.299588814864101 ], [ 72.685108607442103, 23.2993329179459 ], [ 72.684906447806597, 23.2982905452 ], [ 72.685727129293397, 23.297981911815899 ], [ 72.686089486730197, 23.297819195934402 ], [ 72.686797920359496, 23.297777110079601 ], [ 72.686839852716204, 23.297800941717401 ], [ 72.686811771726994, 23.298375702057601 ], [ 72.686816340493806, 23.298825464740499 ], [ 72.686818950746897, 23.299082472101102 ], [ 72.686822702613895, 23.299451920334299 ], [ 72.687882167021002, 23.299329464392301 ], [ 72.687860045821196, 23.298863801571699 ], [ 72.687856126872802, 23.298478290749198 ], [ 72.689348132713405, 23.298142897140998 ], [ 72.689329437786796, 23.298014558120599 ], [ 72.689434085149202, 23.298045697307 ], [ 72.689566908341902, 23.2991368277094 ], [ 72.691302005833805, 23.298766988003798 ], [ 72.691220837208107, 23.297627177848501 ], [ 72.6896063201457, 23.297883424052301 ], [ 72.689414572771, 23.2978370428605 ], [ 72.689461503887003, 23.297322535926199 ], [ 72.689060954692295, 23.2972620640546 ], [ 72.688928954258998, 23.2962512479975 ], [ 72.688459515079899, 23.296255686274201 ], [ 72.688210554008407, 23.295711844866599 ], [ 72.6881902257891, 23.295422876782499 ], [ 72.689578531960194, 23.295152719668899 ], [ 72.689846357624702, 23.295840959787199 ], [ 72.691130180791703, 23.295555714357299 ], [ 72.691412129159005, 23.295922527552399 ], [ 72.692606395428001, 23.2953810865992 ], [ 72.692338227511797, 23.294660723500499 ], [ 72.692094655422395, 23.294646966808699 ], [ 72.691717919085093, 23.293509956657001 ], [ 72.6914976631153, 23.292371461931499 ], [ 72.691280520816306, 23.291538162396201 ], [ 72.692585452385799, 23.2916221908532 ], [ 72.692805715218498, 23.292760682052901 ], [ 72.693568736787995, 23.292560674639599 ], [ 72.693350925803699, 23.291663127317101 ], [ 72.694117386387603, 23.291800440008501 ], [ 72.695536313482407, 23.291979747092402 ], [ 72.6976949728801, 23.292232332732102 ], [ 72.699139163166805, 23.2923310447642 ], [ 72.700244010756407, 23.2923399672285 ], [ 72.700172167291498, 23.291132104847399 ], [ 72.700564891938797, 23.290590557620799 ], [ 72.700502171949793, 23.2905902588865 ], [ 72.7007588625073, 23.286547637126201 ], [ 72.700826694878998, 23.2834709431222 ], [ 72.7005479145583, 23.280512330417 ], [ 72.700381454737197, 23.2788152043194 ], [ 72.699770682910696, 23.277397772412002 ], [ 72.699354887273401, 23.2756111933667 ], [ 72.698638907152201, 23.273620867199099 ], [ 72.697297967080601, 23.271973116512001 ], [ 72.695260938303704, 23.269469901830298 ], [ 72.695116579270902, 23.269637268886701 ], [ 72.693088667244595, 23.268338994493899 ], [ 72.690554188175696, 23.267608465737101 ], [ 72.688659266248393, 23.266999846560299 ], [ 72.687098337308299, 23.265895779403898 ], [ 72.685445574318507, 23.265284834698999 ], [ 72.683634423872704, 23.263377551282598 ], [ 72.682359593691999, 23.2618232207105 ], [ 72.6818592454281, 23.2607350620458 ], [ 72.681765412456997, 23.260530993194699 ], [ 72.681674774925895, 23.2602177143193 ], [ 72.679706494645302, 23.2608504347441 ], [ 72.677905626140003, 23.261476572036301 ], [ 72.675911863844604, 23.2622048419083 ], [ 72.675591582633899, 23.261978478139401 ], [ 72.674807848743598, 23.2619428073865 ], [ 72.674825136961402, 23.261347736743001 ], [ 72.674566687161402, 23.261099288376101 ], [ 72.674250783313298, 23.260536004509401 ], [ 72.673553374156199, 23.260599866150699 ], [ 72.672917504386504, 23.2606129762991 ], [ 72.672483850494999, 23.2606815355858 ], [ 72.671335620578603, 23.2606492504557 ], [ 72.671299713736104, 23.260162189830599 ], [ 72.670765669853296, 23.259500587613701 ], [ 72.670625068498296, 23.259401553017899 ], [ 72.669768754107395, 23.2590869972795 ], [ 72.670132086805495, 23.258936099907501 ], [ 72.670139501829794, 23.258933020397802 ], [ 72.670643237463906, 23.258892484843798 ], [ 72.671921926335898, 23.258787373141701 ], [ 72.672312270307899, 23.258267661676701 ], [ 72.673760558649406, 23.258060604775999 ], [ 72.673905460823093, 23.2578155513947 ], [ 72.673806138065899, 23.2571929009552 ], [ 72.673503901548997, 23.257217228775101 ], [ 72.6734400610287, 23.2570386359438 ], [ 72.672773978685299, 23.257130870595901 ], [ 72.672586981871106, 23.256272506182 ], [ 72.673824996973096, 23.2559814022033 ], [ 72.673828650183495, 23.255572815804499 ], [ 72.673728105740906, 23.254828327012302 ], [ 72.671497810940295, 23.255164531983599 ], [ 72.668323172284104, 23.255688692868201 ], [ 72.665821988176901, 23.2560846817426 ], [ 72.663297593362799, 23.256488014768902 ], [ 72.663268208679298, 23.256336394367899 ], [ 72.663156110922003, 23.2557579767644 ], [ 72.663060486334103, 23.255264554240298 ], [ 72.662680130235202, 23.252895606880699 ], [ 72.662291822414204, 23.250505226396299 ], [ 72.662172574529095, 23.250212459968601 ], [ 72.662045560983799, 23.2499782703382 ], [ 72.661827504342497, 23.2495762132253 ], [ 72.661801253668102, 23.249527812534399 ], [ 72.661120906476199, 23.248472328831099 ], [ 72.660446420699799, 23.2474259192301 ], [ 72.659044392655701, 23.245252774020098 ], [ 72.657997806320296, 23.243595118072498 ], [ 72.657611342170895, 23.2429992425274 ], [ 72.656623343027604, 23.241475857196701 ], [ 72.656593854556206, 23.2414918299385 ], [ 72.655746740735296, 23.2419467863268 ], [ 72.649669858734896, 23.2452102447476 ], [ 72.649187148077402, 23.244433956300501 ], [ 72.648818899857304, 23.2438417377865 ], [ 72.648006169371797, 23.2425346802533 ], [ 72.644547398459807, 23.236971880633799 ], [ 72.637991621426096, 23.2405728503341 ], [ 72.637986393006898, 23.2405757219965 ], [ 72.631177898090698, 23.244275070932499 ], [ 72.6314179414059, 23.2446738775527 ], [ 72.6318991313846, 23.245444542277198 ], [ 72.632038774374806, 23.2456681910055 ], [ 72.626110337356494, 23.248792060001399 ], [ 72.624601483347604, 23.2495422211028 ], [ 72.624602114623798, 23.249534770997901 ], [ 72.624604776391905, 23.249503378339799 ], [ 72.624610590100204, 23.249434875019801 ], [ 72.624611069023402, 23.249429240804801 ], [ 72.624701567965303, 23.248371586092901 ], [ 72.624707261066007, 23.248305524750901 ], [ 72.624714103406603, 23.248226213563601 ], [ 72.624728509661097, 23.2480594527206 ], [ 72.624736043045004, 23.2479723474639 ], [ 72.624761390038401, 23.247680284882001 ], [ 72.624782798702896, 23.247433597735899 ], [ 72.624818497944702, 23.247024170721801 ], [ 72.624802592740195, 23.2468521123897 ], [ 72.624778577413096, 23.246592330246401 ], [ 72.624702053327397, 23.245763072733599 ], [ 72.624669989953404, 23.245414943874099 ], [ 72.624633930737005, 23.2450234220839 ], [ 72.624631625804895, 23.244976343418301 ], [ 72.624604179515302, 23.244728204836001 ], [ 72.624601733924806, 23.244668938335 ], [ 72.624598767444994, 23.2445969979686 ], [ 72.624580842789598, 23.2441615910775 ], [ 72.624580631461797, 23.244156645167099 ], [ 72.624568463596404, 23.2438716434288 ], [ 72.624546346561601, 23.2433523717493 ], [ 72.624540105625798, 23.2432055252285 ], [ 72.624523135666195, 23.242805672428702 ], [ 72.624522373336802, 23.2427877118478 ], [ 72.624517111810803, 23.2426635570387 ], [ 72.624507220376302, 23.242359024682301 ], [ 72.624503706076197, 23.242250672361202 ], [ 72.624501823715306, 23.2421925897874 ], [ 72.624479971602199, 23.241516629421199 ], [ 72.624474981420207, 23.2413286811225 ], [ 72.624473837253902, 23.241285509175199 ], [ 72.624467107410595, 23.241031531483699 ], [ 72.624461787045306, 23.240830289276001 ], [ 72.624460317512003, 23.2407339558752 ], [ 72.624458773022198, 23.240632478207701 ], [ 72.624456322959603, 23.240471490995301 ], [ 72.624453981467795, 23.2403171688348 ], [ 72.624446291092994, 23.2396622524072 ], [ 72.6244428816957, 23.239369392557599 ], [ 72.624436512196695, 23.2388180854471 ], [ 72.624441520996498, 23.238769988012201 ], [ 72.624443784683706, 23.238748249927902 ], [ 72.624456177176199, 23.238629276845501 ], [ 72.624452673217903, 23.238374836012198 ], [ 72.624449580416695, 23.238149632480798 ], [ 72.624448404642905, 23.2380987548223 ], [ 72.624447919804595, 23.2380778120381 ], [ 72.624447475840995, 23.238058587861101 ], [ 72.624443641198596, 23.237892528616101 ], [ 72.624437283314293, 23.2376166460209 ], [ 72.624436860843801, 23.237598359253099 ], [ 72.624436461405693, 23.237580978321201 ], [ 72.624430180657797, 23.237307853973299 ], [ 72.624430601841894, 23.2373068537451 ], [ 72.624429429287602, 23.2372301458099 ], [ 72.624414668773397, 23.2362608322467 ], [ 72.624413661787599, 23.2361996501003 ], [ 72.624413101726901, 23.236165633929101 ], [ 72.624404262012803, 23.235627045561898 ], [ 72.624399488803803, 23.2353352546276 ], [ 72.624375647888002, 23.233869054510901 ], [ 72.624374706661399, 23.233810885018599 ], [ 72.624369524840105, 23.2334898034904 ], [ 72.624361144796794, 23.2329690193434 ], [ 72.623131396306604, 23.231372270394498 ], [ 72.622565175681999, 23.230439562236398 ], [ 72.622416549250403, 23.2301947352158 ], [ 72.622438190084694, 23.229758505855202 ], [ 72.621939057075807, 23.228926773358801 ], [ 72.621026976114607, 23.228158489673699 ], [ 72.621042102322093, 23.2277163454442 ], [ 72.621383532857706, 23.2269367700864 ], [ 72.621453859215904, 23.226858485944199 ], [ 72.622831617805105, 23.227001369629999 ], [ 72.623258123151203, 23.2270034962099 ], [ 72.623496269659, 23.226905778793402 ], [ 72.623610900378694, 23.226731524771601 ], [ 72.623652267342095, 23.226330958650699 ], [ 72.623689286472498, 23.226063093170801 ], [ 72.623730785885101, 23.225762805273298 ], [ 72.623974583377702, 23.225581412464301 ], [ 72.623999965154397, 23.225423138994099 ], [ 72.624046382352105, 23.2253999091228 ], [ 72.625215367206096, 23.224814858664399 ], [ 72.627523653560502, 23.2236280501231 ], [ 72.627742157500094, 23.223513344708898 ] ], [ [ 72.629230650144393, 23.2698184215769 ], [ 72.629230650958092, 23.269818420004974 ], [ 72.629207096787198, 23.269943485043498 ], [ 72.629230650144393, 23.2698184215769 ] ], [ [ 72.649988703411793, 23.25615945189454 ], [ 72.649743133810205, 23.256285114673901 ], [ 72.648764883970401, 23.256785689582799 ], [ 72.649988703411793, 23.25615945189454 ] ], [ [ 72.641047923717593, 23.260388688170298 ], [ 72.640999196054395, 23.2603041087112 ], [ 72.641047925623596, 23.260388690907298 ], [ 72.641128013004902, 23.2605276162896 ], [ 72.641047923717593, 23.260388688170298 ] ], [ [ 72.641511138582402, 23.2605234808305 ], [ 72.641388890177794, 23.260584072979299 ], [ 72.641511141544697, 23.260523479069501 ], [ 72.641942547983803, 23.2603095865048 ], [ 72.641511138582402, 23.2605234808305 ] ], [ [ 72.654960114709596, 23.259430302702899 ], [ 72.663576251977204, 23.258643524258002 ], [ 72.6631306423686, 23.258684226278898 ], [ 72.654960114709596, 23.259430302702899 ] ] ] } },
{ "type": "Feature", "properties": { "zone": "South Zone", "zone_id": 3, "zone_area_km2": 83.723991331877698 }, "geometry": { "type": "Polygon", "coordinates": [ [ [ 72.615930240118701, 23.089148810196999 ], [ 72.614969228198007, 23.0890948770591 ], [ 72.614966062791794, 23.089094699224301 ], [ 72.614965903574301, 23.089095094948298 ], [ 72.614910487744993, 23.0892329882201 ], [ 72.614693169619599, 23.089773727315901 ], [ 72.614692032506397, 23.0897765602347 ], [ 72.614039352467799, 23.0897412234327 ], [ 72.613638496677197, 23.089539180281601 ], [ 72.613587759781396, 23.089513606317499 ], [ 72.613587079566102, 23.0895136646444 ], [ 72.613364290321499, 23.089532610985799 ], [ 72.613243638650502, 23.089542869405999 ], [ 72.612510149702601, 23.089605239040999 ], [ 72.612502688935393, 23.089605872786599 ], [ 72.612057178584095, 23.0893552655325 ], [ 72.611928961805006, 23.089283141967499 ], [ 72.6119246324089, 23.089282843541799 ], [ 72.611342483974198, 23.089242765242702 ], [ 72.611323738512397, 23.0892414749338 ], [ 72.6112594627633, 23.0891687576338 ], [ 72.611161119142906, 23.089057497477899 ], [ 72.611148109011395, 23.089042780133202 ], [ 72.611143884805301, 23.089042714392299 ], [ 72.610802671107393, 23.089037422298301 ], [ 72.610630857974101, 23.0890347590672 ], [ 72.610507531584702, 23.089032845972302 ], [ 72.610506510585793, 23.0890388196039 ], [ 72.610504412174095, 23.0890510874051 ], [ 72.610483307800195, 23.089174438877301 ], [ 72.610476224020104, 23.089174283782899 ], [ 72.610141052279602, 23.089166963770001 ], [ 72.609665315107094, 23.089156570845301 ], [ 72.609381088006799, 23.089152838360899 ], [ 72.609369102566006, 23.089231481815599 ], [ 72.609115473284604, 23.090854356979801 ], [ 72.609107864410603, 23.0909030481379 ], [ 72.609100254505904, 23.090951741987801 ], [ 72.608947342354696, 23.0919301489728 ], [ 72.608935746195698, 23.0920043502087 ], [ 72.608924149028397, 23.092078552329902 ], [ 72.608917190512102, 23.092123074320501 ], [ 72.608910232005798, 23.092167595407499 ], [ 72.609720052578595, 23.094606659940499 ], [ 72.609695485635697, 23.094663023408 ], [ 72.609404274068595, 23.0953311532291 ], [ 72.609270676717898, 23.096184262374599 ], [ 72.609268301200501, 23.096199432906701 ], [ 72.609388300630698, 23.096532083149299 ], [ 72.609499950707402, 23.096841588508202 ], [ 72.609543105530605, 23.096961218629701 ], [ 72.610146465090295, 23.098098067921502 ], [ 72.610300793712298, 23.0983969552349 ], [ 72.610323479761007, 23.0984408916555 ], [ 72.609993225301693, 23.0994483375984 ], [ 72.6099342090519, 23.099594819770299 ], [ 72.609677580387995, 23.100231775287 ], [ 72.609670508308298, 23.1002953650801 ], [ 72.609657866099894, 23.1004090373712 ], [ 72.6096206228559, 23.100743912092302 ], [ 72.609646879449002, 23.100811961040002 ], [ 72.609729390132799, 23.101025806290799 ], [ 72.609853367088803, 23.1013232186328 ], [ 72.609858503830097, 23.101335540934102 ], [ 72.609894640747399, 23.101438382128102 ], [ 72.609936829484099, 23.101559080915401 ], [ 72.609995071803397, 23.101698604929702 ], [ 72.610039798703994, 23.101821144109199 ], [ 72.610130641375505, 23.1020700315696 ], [ 72.610151955663099, 23.102121523433201 ], [ 72.610243911468004, 23.1023279480357 ], [ 72.610271289530303, 23.102389405507701 ], [ 72.610341541556807, 23.102551962661099 ], [ 72.610387022098607, 23.102659026802201 ], [ 72.610442444495604, 23.102987349080699 ], [ 72.610446302835996, 23.1030103139034 ], [ 72.610448215567104, 23.1030246547366 ], [ 72.610484409978596, 23.103014573569201 ], [ 72.610536011476498, 23.1030114406758 ], [ 72.610958172702297, 23.102985836892501 ], [ 72.610960231299501, 23.102985320978998 ], [ 72.610978341214903, 23.102980774352201 ], [ 72.610977659919598, 23.1029865147812 ], [ 72.610930740424294, 23.103381815779201 ], [ 72.611034978988002, 23.103541277149201 ], [ 72.611059425153897, 23.103574926743999 ], [ 72.611111623628602, 23.103710024655001 ], [ 72.611127442275404, 23.103750967202799 ], [ 72.611134643772203, 23.103859387993499 ], [ 72.611240908693603, 23.1042946151404 ], [ 72.611171822634901, 23.104496004269599 ], [ 72.611268453925305, 23.104772702579499 ], [ 72.612298995664702, 23.104689333674699 ], [ 72.612919275112503, 23.104768091165301 ], [ 72.612952339864904, 23.105022920038401 ], [ 72.612977276142402, 23.105124592741799 ], [ 72.613124793221004, 23.105663543303798 ], [ 72.613301365647004, 23.106028137650799 ], [ 72.613417316868706, 23.106369117714301 ], [ 72.613481472082, 23.106633988262999 ], [ 72.613510316259607, 23.1067530734034 ], [ 72.6135534079785, 23.106930979397401 ], [ 72.613576284880693, 23.107377071022999 ], [ 72.613592045228899, 23.107501849790999 ], [ 72.613585071105405, 23.107504324441699 ], [ 72.613553662284801, 23.1075159231134 ], [ 72.613532851422903, 23.107523608748899 ], [ 72.613517436806504, 23.1075293014217 ], [ 72.613437776115404, 23.107558719578901 ], [ 72.613355444885997, 23.1080063880819 ], [ 72.613545039526997, 23.108188865220701 ], [ 72.613545169077995, 23.1081889899597 ], [ 72.613584842054095, 23.108225112148101 ], [ 72.613762692121497, 23.108398221001298 ], [ 72.613845011215503, 23.1084777487963 ], [ 72.613987287449106, 23.1086151990527 ], [ 72.614190502323297, 23.1087418221063 ], [ 72.614285147967294, 23.1088047073025 ], [ 72.614477880895905, 23.108887738395001 ], [ 72.614483873661598, 23.108890319820802 ], [ 72.614513763849402, 23.108903196943501 ], [ 72.614542525053693, 23.108913300777498 ], [ 72.614598449972405, 23.108932946209801 ], [ 72.614848975010801, 23.109020953154001 ], [ 72.614886647605502, 23.109034225051499 ], [ 72.615236865499597, 23.109157598853599 ], [ 72.615486878239096, 23.109206433271801 ], [ 72.615781566241694, 23.109351704013299 ], [ 72.616086759744405, 23.109502151625598 ], [ 72.616195092765594, 23.109555553924299 ], [ 72.616523820339793, 23.109717601562501 ], [ 72.6165030263912, 23.109957345822099 ], [ 72.616478128023601, 23.110244405438401 ], [ 72.616618035792797, 23.111661682814201 ], [ 72.616914105430396, 23.112397062791899 ], [ 72.616938257116303, 23.112391017944802 ], [ 72.617485343787806, 23.113163432362299 ], [ 72.617935416021894, 23.113739656614701 ], [ 72.617955494686299, 23.113765362549501 ], [ 72.618190320889994, 23.114168967297999 ], [ 72.618194127554801, 23.114193173471701 ], [ 72.618220137322496, 23.1143585562575 ], [ 72.618220932802501, 23.114460452427199 ], [ 72.618225547899101, 23.115051954869699 ], [ 72.618225564334097, 23.115054120003698 ], [ 72.618225645090007, 23.115056290623201 ], [ 72.617900230625395, 23.115102284449801 ], [ 72.617580926534202, 23.115147414752901 ], [ 72.617253795276696, 23.1151348066082 ], [ 72.616833486724403, 23.1151186049239 ], [ 72.616830507954901, 23.115115175357001 ], [ 72.616827035608594, 23.1151152655214 ], [ 72.616789429640804, 23.115116239154801 ], [ 72.616630193035604, 23.115120365130199 ], [ 72.616520558047199, 23.115107148799101 ], [ 72.616503983065897, 23.115106048752601 ], [ 72.616002735196702, 23.1150920394258 ], [ 72.615398156123703, 23.115115884386199 ], [ 72.615346878790902, 23.115154196938299 ], [ 72.614374382779005, 23.115208153788299 ], [ 72.613645256591397, 23.1152494318675 ], [ 72.613182059484501, 23.115291813106101 ], [ 72.612807346541601, 23.115343368656099 ], [ 72.612661746102901, 23.115360171704801 ], [ 72.612678526495699, 23.116082480795399 ], [ 72.612692805271394, 23.1161474880731 ], [ 72.612694900674299, 23.116628898527299 ], [ 72.612725234834301, 23.1172983804226 ], [ 72.612727290794894, 23.1173239486386 ], [ 72.612735749098803, 23.117429132923299 ], [ 72.612784546687806, 23.1176783606588 ], [ 72.612983955583502, 23.118696802703699 ], [ 72.612998278429799, 23.118814549545998 ], [ 72.613023382827606, 23.119039906407501 ], [ 72.613038485216293, 23.119329159048998 ], [ 72.613037002335801, 23.1195285663857 ], [ 72.613034126927204, 23.119551673880999 ], [ 72.613006772355703, 23.119771446377101 ], [ 72.612955621181399, 23.120170916386801 ], [ 72.612932852813898, 23.120365316884101 ], [ 72.612967237216196, 23.120693829237599 ], [ 72.612983318774795, 23.1208474911145 ], [ 72.613027889486204, 23.1210477220462 ], [ 72.613069368266295, 23.121149439384101 ], [ 72.613137714234099, 23.121315643152599 ], [ 72.613248408354707, 23.121584596610099 ], [ 72.6133053685043, 23.121714965238301 ], [ 72.613315679020701, 23.121748487359699 ], [ 72.613328291995003, 23.1217848285252 ], [ 72.613336601650602, 23.121805218234599 ], [ 72.6133877363294, 23.121980234370799 ], [ 72.613406758795307, 23.122029507455501 ], [ 72.6134117911418, 23.122042542212998 ], [ 72.613586238126501, 23.1224944006815 ], [ 72.6140805028664, 23.1233282073661 ], [ 72.612955502805207, 23.123261212794102 ], [ 72.612922007657005, 23.123259217842001 ], [ 72.612200540137806, 23.1232162495733 ], [ 72.612051000931203, 23.1243286200163 ], [ 72.611940601473904, 23.1251498247453 ], [ 72.611922305202498, 23.125779175472701 ], [ 72.611914393446199, 23.126051310946899 ], [ 72.611373140132201, 23.126278260342701 ], [ 72.610652700294807, 23.126580338846601 ], [ 72.610635756071105, 23.126587443309301 ], [ 72.610424149777003, 23.1266761688507 ], [ 72.610430936991804, 23.126952817768 ], [ 72.610441865388196, 23.12739825425 ], [ 72.609947886982795, 23.127632162985101 ], [ 72.609193581515996, 23.127950247793699 ], [ 72.608799922713601, 23.128586210816799 ], [ 72.608278846478797, 23.1290968162144 ], [ 72.607606412060505, 23.129235760814101 ], [ 72.607402987380596, 23.129277794083901 ], [ 72.606704146091204, 23.1294221910962 ], [ 72.606503299747601, 23.129517289883701 ], [ 72.605950192027095, 23.129779178792401 ], [ 72.605653538287598, 23.129876437701199 ], [ 72.605548887220607, 23.129910748800501 ], [ 72.604973493122799, 23.130099392309699 ], [ 72.604607973099704, 23.1302192275365 ], [ 72.604427825216405, 23.130274545578999 ], [ 72.604424358597299, 23.1302756105319 ], [ 72.604393101174594, 23.130285209572801 ], [ 72.603790991623399, 23.130470100377298 ], [ 72.603598012122106, 23.130529357975 ], [ 72.603433294465802, 23.130579938720199 ], [ 72.6032500142163, 23.130596990340599 ], [ 72.602739669526201, 23.1306444708779 ], [ 72.602656028887495, 23.130658231774898 ], [ 72.602646720598997, 23.130659762139199 ], [ 72.601778769310002, 23.1308025498878 ], [ 72.600520857129695, 23.131009481784801 ], [ 72.600114067332996, 23.1310763979175 ], [ 72.600023572063193, 23.1311002354383 ], [ 72.599986024651102, 23.1311101259822 ], [ 72.599341072504799, 23.131280011452699 ], [ 72.5990438140865, 23.131358311446 ], [ 72.598568718675494, 23.131273653763099 ], [ 72.598294346775404, 23.1312247638527 ], [ 72.598211431572693, 23.1312099893679 ], [ 72.597742802250394, 23.131120570854499 ], [ 72.597431640001901, 23.1310611981059 ], [ 72.596766922790394, 23.1319622400054 ], [ 72.596549139578201, 23.131862080855601 ], [ 72.595713295025803, 23.131477670929399 ], [ 72.595200872458093, 23.1312420014876 ], [ 72.594400475574005, 23.130873883887499 ], [ 72.593919029239501, 23.1311311112437 ], [ 72.593836381382701, 23.131118844674301 ], [ 72.593312274311302, 23.131041055198899 ], [ 72.592380079326901, 23.1309026926439 ], [ 72.591938741539295, 23.130837184119098 ], [ 72.591635859911605, 23.130785357371199 ], [ 72.590905137042498, 23.1306603193675 ], [ 72.590316252409593, 23.130559549263701 ], [ 72.590207975278901, 23.130229675049499 ], [ 72.589768679979798, 23.1301105698379 ], [ 72.5889250278519, 23.1298818278099 ], [ 72.588450084471106, 23.129753052128098 ], [ 72.588398273431906, 23.1297390048869 ], [ 72.588391846607394, 23.129737261700601 ], [ 72.588330883957596, 23.129720732619798 ], [ 72.588370953881693, 23.129506318734801 ], [ 72.587800990072296, 23.129297256304401 ], [ 72.587387190536703, 23.130040376713801 ], [ 72.586880878858906, 23.1298891345957 ], [ 72.586465980356706, 23.1305155004905 ], [ 72.585794579047601, 23.130283283967302 ], [ 72.585368489241603, 23.130135910020101 ], [ 72.584911204796398, 23.1300231829252 ], [ 72.584680434628496, 23.1299662929246 ], [ 72.584663554950794, 23.1299621324778 ], [ 72.584377452160794, 23.129891601834402 ], [ 72.584314618781207, 23.1299272100857 ], [ 72.584257103604401, 23.129959803316599 ], [ 72.584253685776602, 23.129962387926 ], [ 72.584234300956695, 23.129913310482799 ], [ 72.584098229438894, 23.129881041601401 ], [ 72.584063923127999, 23.1298729062969 ], [ 72.583994537982505, 23.129898110663799 ], [ 72.583304576161197, 23.1301487307401 ], [ 72.583230411060498, 23.130148758116398 ], [ 72.582992113254207, 23.130148846868401 ], [ 72.582980900477594, 23.130148851862199 ], [ 72.582956427865398, 23.130016567361199 ], [ 72.582896882564398, 23.129694697647398 ], [ 72.582888436763497, 23.129649043218102 ], [ 72.582877063353095, 23.129587558950501 ], [ 72.582829270892802, 23.129329216860398 ], [ 72.582820309727495, 23.129011831443801 ], [ 72.582819956214607, 23.1289993181373 ], [ 72.582777665158901, 23.128673256019901 ], [ 72.582693645887701, 23.127900689135998 ], [ 72.582688403473199, 23.127852492875 ], [ 72.582142023691603, 23.127872709794001 ], [ 72.582058939811901, 23.1277461578943 ], [ 72.582043674688094, 23.1277164861975 ], [ 72.581925159927806, 23.1274861174299 ], [ 72.581851892623007, 23.127343699087501 ], [ 72.581817239544407, 23.127283972833499 ], [ 72.581764336828201, 23.1270024403386 ], [ 72.5817514055516, 23.126969238483301 ], [ 72.581701908912805, 23.1268421463758 ], [ 72.581662239992795, 23.126709267512901 ], [ 72.581636790434104, 23.1266102638732 ], [ 72.581625418800002, 23.1265660261015 ], [ 72.581602095232, 23.1264752937557 ], [ 72.581597363369198, 23.126456885897099 ], [ 72.581550866473293, 23.1261927631585 ], [ 72.581481766549601, 23.125800253732599 ], [ 72.581434441946797, 23.1255637944992 ], [ 72.581329498520205, 23.125039441619101 ], [ 72.581175284385907, 23.124268896582599 ], [ 72.581173717030595, 23.1242620818965 ], [ 72.581137513633905, 23.124104747722701 ], [ 72.581126119257405, 23.1240636990673 ], [ 72.581117111426906, 23.1240312461942 ], [ 72.581093636016703, 23.123946673782498 ], [ 72.581030169492905, 23.1237180330454 ], [ 72.580862929283597, 23.123197303821101 ], [ 72.580861963224805, 23.123194297216699 ], [ 72.580854811745397, 23.123172032594901 ], [ 72.580770526455595, 23.122909597607201 ], [ 72.580754249031898, 23.1228589163746 ], [ 72.580741412379197, 23.122818946948399 ], [ 72.580648950051696, 23.122531045679001 ], [ 72.580640743995701, 23.1225255121552 ], [ 72.580483150106602, 23.122419239861699 ], [ 72.580049909891301, 23.121460659190799 ], [ 72.579931154776304, 23.1211961528705 ], [ 72.579622928925502, 23.120543627130601 ], [ 72.579584746107798, 23.120462791947499 ], [ 72.579539244509604, 23.120337108545598 ], [ 72.579383626166603, 23.1199072552388 ], [ 72.579164725948601, 23.119391758541799 ], [ 72.578937758849094, 23.118857255431401 ], [ 72.5789065505206, 23.1188131309219 ], [ 72.578565684623101, 23.118978648104399 ], [ 72.578484734141995, 23.119017955485699 ], [ 72.578184739336905, 23.118453188546901 ], [ 72.578022644222997, 23.118201747477102 ], [ 72.577985791683105, 23.118224011530501 ], [ 72.577694115705199, 23.1184002219386 ], [ 72.577592085715196, 23.118486123742699 ], [ 72.577529111399201, 23.118533881383001 ], [ 72.577496994245706, 23.118564469371499 ], [ 72.577474960142695, 23.118585619447401 ], [ 72.577189779547197, 23.118858103283099 ], [ 72.577160682205403, 23.1188842833328 ], [ 72.577137299190596, 23.118905320543099 ], [ 72.577014978213995, 23.119015370632599 ], [ 72.576990771932003, 23.119039582842699 ], [ 72.576963895004596, 23.119065001633 ], [ 72.576626074313694, 23.1193844940647 ], [ 72.5764984865679, 23.1195247578414 ], [ 72.576177659987394, 23.1198774586884 ], [ 72.576139346413299, 23.1199282444211 ], [ 72.576104573299304, 23.1199743378166 ], [ 72.576080962750495, 23.119996990911101 ], [ 72.576062017884098, 23.120015667718601 ], [ 72.575908616138193, 23.120162521484701 ], [ 72.575823095667602, 23.120244389444402 ], [ 72.575781808588403, 23.1202840009305 ], [ 72.575751017329296, 23.120313541815499 ], [ 72.575701582211906, 23.120360971448001 ], [ 72.575686413335404, 23.120373035710799 ], [ 72.575656406252605, 23.120396903901899 ], [ 72.575567251431394, 23.120467815795202 ], [ 72.575532258611105, 23.120495650789799 ], [ 72.575494475362802, 23.120520059291 ], [ 72.575481000737597, 23.1205287642053 ], [ 72.575446769646007, 23.1205477782113 ], [ 72.575245317662606, 23.120659672890199 ], [ 72.575215972579699, 23.120675973335501 ], [ 72.574922296792394, 23.120839091358299 ], [ 72.574708058836805, 23.120958089296501 ], [ 72.574668712445003, 23.1209763220754 ], [ 72.574309302156493, 23.121142868340399 ], [ 72.574179605141595, 23.121202968759601 ], [ 72.574143556128206, 23.121219062018501 ], [ 72.573982028629402, 23.1212911740128 ], [ 72.573588976545096, 23.121466649189198 ], [ 72.573555105034899, 23.1214838239279 ], [ 72.573333547891593, 23.121596180179999 ], [ 72.573298606193205, 23.121610229257499 ], [ 72.572938855791406, 23.121754872111701 ], [ 72.572692564346994, 23.121853896427201 ], [ 72.572593240661504, 23.121893832148601 ], [ 72.572536287615193, 23.121916731396599 ], [ 72.5725024907387, 23.121933379824199 ], [ 72.572468715516493, 23.121950017744201 ], [ 72.572059043491194, 23.122151836519102 ], [ 72.571963565150199, 23.122198870803199 ], [ 72.571930118043596, 23.1222136494392 ], [ 72.571810687282493, 23.122266424644401 ], [ 72.571446733254803, 23.1224272479805 ], [ 72.571227857679901, 23.122523964001299 ], [ 72.571203331998504, 23.122553733117599 ], [ 72.571028270135898, 23.122290017570801 ], [ 72.570934467671407, 23.122148710458699 ], [ 72.570887852060196, 23.122078487392201 ], [ 72.570787020722307, 23.1219265917046 ], [ 72.570750236587799, 23.121722925232501 ], [ 72.570743752222, 23.121687022537898 ], [ 72.570659938419396, 23.121222966218902 ], [ 72.570600190906802, 23.120462903663601 ], [ 72.570599018390197, 23.120459180646499 ], [ 72.570530153421402, 23.120240763336898 ], [ 72.570488136235795, 23.120107493296 ], [ 72.570331944504005, 23.119718226088899 ], [ 72.570341880201596, 23.119641628777799 ], [ 72.570364470090297, 23.1195119353081 ], [ 72.5704357141759, 23.1191029094208 ], [ 72.570484143301798, 23.118992291391098 ], [ 72.570399757332297, 23.118645820426998 ], [ 72.570263244538694, 23.118663126281898 ], [ 72.569902368843699, 23.1187088716323 ], [ 72.569878054527393, 23.118317789923299 ], [ 72.569864663026493, 23.118048874475701 ], [ 72.569858597314607, 23.1179270665316 ], [ 72.569849149045098, 23.117886398476799 ], [ 72.569751414879207, 23.117465719165299 ], [ 72.569745424934197, 23.117439936846001 ], [ 72.569724514443706, 23.117296815109398 ], [ 72.569654840837103, 23.116819932352801 ], [ 72.5693653964817, 23.116724155273101 ], [ 72.569041258146896, 23.116616897698002 ], [ 72.568885670326907, 23.116565412912301 ], [ 72.5688755906164, 23.116562077967 ], [ 72.568917513669504, 23.1163443354843 ], [ 72.568920532982304, 23.116328654961102 ], [ 72.568826926360003, 23.116289942910999 ], [ 72.568657752164697, 23.116219979198299 ], [ 72.568489573086595, 23.116150427876601 ], [ 72.568252836949, 23.116052522247301 ], [ 72.567797276185701, 23.115919418762999 ], [ 72.567767007574801, 23.115910575134599 ], [ 72.567765447342495, 23.115910119547301 ], [ 72.5675848042045, 23.115924926195099 ], [ 72.5674845557391, 23.115940010496701 ], [ 72.567475674347605, 23.115941347704201 ], [ 72.566404582073702, 23.1161025256363 ], [ 72.565977749123107, 23.116186787295401 ], [ 72.565812290659395, 23.116231326772699 ], [ 72.565806712016496, 23.116232774450399 ], [ 72.565483517301601, 23.116316643960801 ], [ 72.565467645263695, 23.116320762868199 ], [ 72.565340940702498, 23.1161361215478 ], [ 72.565330759298106, 23.116121285410902 ], [ 72.565304240709494, 23.116082641215002 ], [ 72.564678494719999, 23.1161664188465 ], [ 72.5644860483836, 23.116215658758399 ], [ 72.564486121181702, 23.116215897309601 ], [ 72.564471079953606, 23.116219732841 ], [ 72.564170963939603, 23.116296274450999 ], [ 72.563757224731901, 23.116224389936502 ], [ 72.563660287179701, 23.116207547050799 ], [ 72.563561194546196, 23.116190330466601 ], [ 72.563254776919607, 23.116137091080802 ], [ 72.563321737812899, 23.116202588497998 ], [ 72.563744607949204, 23.116616212534101 ], [ 72.563853459658503, 23.116722683395199 ], [ 72.563871540108707, 23.116740367097201 ], [ 72.563942313951401, 23.116857099920502 ], [ 72.5640779146798, 23.117080752670699 ], [ 72.564130751143594, 23.117182053641301 ], [ 72.564138117972206, 23.117197790660601 ], [ 72.5641878571072, 23.117304038756199 ], [ 72.564259926122304, 23.117457990727701 ], [ 72.564274345003795, 23.117488792752901 ], [ 72.564566849894604, 23.1181136256209 ], [ 72.564567894647993, 23.118115927554101 ], [ 72.564613424612901, 23.118216239869401 ], [ 72.564736670574504, 23.118487770788999 ], [ 72.564839347394994, 23.118713984829999 ], [ 72.564904759932801, 23.118885743698801 ], [ 72.565024391000705, 23.119199867867501 ], [ 72.565192595678397, 23.1194671763974 ], [ 72.565198557202507, 23.119474048210598 ], [ 72.565326269424304, 23.1196212244223 ], [ 72.565338274442794, 23.119634591950899 ], [ 72.565345638941494, 23.119642793527898 ], [ 72.565722712631498, 23.120062669101902 ], [ 72.565923250685898, 23.1202859690714 ], [ 72.566051566145205, 23.120428846115999 ], [ 72.566134461838701, 23.120818202187799 ], [ 72.566303734905006, 23.121613251144499 ], [ 72.566305242125907, 23.121620325896899 ], [ 72.566461219978805, 23.122087301150302 ], [ 72.566468571944199, 23.122163716209599 ], [ 72.566496321122102, 23.122452143264098 ], [ 72.566511552814106, 23.122610454980599 ], [ 72.5665140940133, 23.1226368774701 ], [ 72.5668620695008, 23.122747381545398 ], [ 72.566981909133204, 23.123068524153599 ], [ 72.567019369771501, 23.123191585653299 ], [ 72.567102956531699, 23.1234661774111 ], [ 72.5671461505721, 23.1236080777749 ], [ 72.567186428018204, 23.123840939829901 ], [ 72.567337500754405, 23.123819179090201 ], [ 72.567338036775595, 23.123819981793801 ], [ 72.567343982643905, 23.123828873687401 ], [ 72.567534244888805, 23.124213959427401 ], [ 72.567620446446497, 23.124268450569499 ], [ 72.567709938970907, 23.124325020956299 ], [ 72.567870521597996, 23.124550502899702 ], [ 72.567908533962296, 23.124843817801001 ], [ 72.567950554947799, 23.1251680474019 ], [ 72.568017497490004, 23.1252823328253 ], [ 72.568036974762407, 23.125355577545701 ], [ 72.568075233582306, 23.1254994598997 ], [ 72.568111842598597, 23.1256371346681 ], [ 72.568121584262599, 23.125675756242501 ], [ 72.568098729497393, 23.1258241493653 ], [ 72.568080093329002, 23.1259451554136 ], [ 72.568008811383706, 23.126397622316201 ], [ 72.567991074608798, 23.126474217202901 ], [ 72.568010684879297, 23.126527213181799 ], [ 72.568012395372094, 23.126528003310099 ], [ 72.568134693025399, 23.1269291988351 ], [ 72.568201922129504, 23.127149741253099 ], [ 72.5682641154214, 23.1272983748466 ], [ 72.568274609575695, 23.1273936727092 ], [ 72.568307849587498, 23.127695556981202 ], [ 72.568332328375206, 23.127917874602499 ], [ 72.568334919000307, 23.128133329372801 ], [ 72.568335625377898, 23.128192068669701 ], [ 72.568339724114296, 23.1283507466059 ], [ 72.568349477996094, 23.1287283092324 ], [ 72.568515618951906, 23.1291845399892 ], [ 72.568520877403699, 23.1291989813733 ], [ 72.568550012913306, 23.129394166018699 ], [ 72.568447062061395, 23.1298136485083 ], [ 72.568349184913501, 23.130061327456499 ], [ 72.568322173240105, 23.130201907956099 ], [ 72.568290630753197, 23.130366061920601 ], [ 72.568264450647405, 23.130502309323401 ], [ 72.568196706720897, 23.130948012890698 ], [ 72.568179169292407, 23.1310417073393 ], [ 72.568155581551807, 23.131167722151201 ], [ 72.568111200652893, 23.131341395282899 ], [ 72.567954671473402, 23.131474300543601 ], [ 72.567700144417998, 23.132169225133499 ], [ 72.567627859566997, 23.132566169385498 ], [ 72.567509537263007, 23.1327733878774 ], [ 72.567461338071595, 23.1328750687086 ], [ 72.567405600085195, 23.132992654488099 ], [ 72.567249893067199, 23.133321131637299 ], [ 72.567065740621302, 23.1333047843938 ], [ 72.566802544455598, 23.1336258319925 ], [ 72.566791717936198, 23.133639036553699 ], [ 72.566599690378894, 23.133763937051299 ], [ 72.566589418914205, 23.133770617777401 ], [ 72.566428037555298, 23.1338755834011 ], [ 72.566277599216093, 23.134021757412601 ], [ 72.566184570648005, 23.134169425456101 ], [ 72.565914610295295, 23.134488501702702 ], [ 72.565767169724495, 23.134631036358499 ], [ 72.565574951174696, 23.134816858977601 ], [ 72.565577392969104, 23.135126943060602 ], [ 72.565578688619695, 23.1352914372677 ], [ 72.5655811140916, 23.135599501605999 ], [ 72.565617785635695, 23.135780900353399 ], [ 72.565496007422993, 23.135820855725399 ], [ 72.565414259233407, 23.135847677683898 ], [ 72.565412373854997, 23.135848295835601 ], [ 72.565406050939799, 23.1358503701933 ], [ 72.565378513484404, 23.135859405687899 ], [ 72.565188810054394, 23.135940832334601 ], [ 72.565143615327401, 23.135959572281099 ], [ 72.565092433918096, 23.135980793482201 ], [ 72.565032832529099, 23.136005508243699 ], [ 72.564939287882396, 23.136044294315401 ], [ 72.564466064962701, 23.1362679479553 ], [ 72.5643900792887, 23.1363038589413 ], [ 72.564273139224994, 23.136374000588301 ], [ 72.564204391058396, 23.136415236793599 ], [ 72.563895299840695, 23.136510462919802 ], [ 72.563815083704796, 23.1365397054116 ], [ 72.563674864114404, 23.136590820281398 ], [ 72.563622551715099, 23.1366098902595 ], [ 72.563590562837206, 23.136630475127699 ], [ 72.563287411142198, 23.1368255577163 ], [ 72.563195722812793, 23.136895241278001 ], [ 72.563052213501706, 23.137004307041199 ], [ 72.563006856691402, 23.137038778032402 ], [ 72.562733956794702, 23.137145211292001 ], [ 72.562575481960295, 23.137207015795099 ], [ 72.561962661865394, 23.1374840523251 ], [ 72.561723138786206, 23.137713849493501 ], [ 72.561627482033799, 23.1377506715578 ], [ 72.561387201599004, 23.137843165623 ], [ 72.5611555936607, 23.137938002581201 ], [ 72.561037066727295, 23.138055638292801 ], [ 72.5606134952302, 23.1384760233789 ], [ 72.560378811369006, 23.138735125354899 ], [ 72.560348457639193, 23.138737373588398 ], [ 72.560055635340603, 23.138759069109799 ], [ 72.559825198711707, 23.138982295276399 ], [ 72.559544420143098, 23.139053566250599 ], [ 72.559447763268807, 23.1390781001862 ], [ 72.559170196249497, 23.1391185819759 ], [ 72.559062997807899, 23.1391494088952 ], [ 72.558856679749397, 23.139208737583701 ], [ 72.558792875598797, 23.139227085230001 ], [ 72.558537882764597, 23.139267373061301 ], [ 72.558173686360306, 23.1392452170236 ], [ 72.558050077023495, 23.139237698832101 ], [ 72.558005829686493, 23.1384013570426 ], [ 72.557993442929003, 23.138013722064802 ], [ 72.557782057164999, 23.137851013398201 ], [ 72.557709642016505, 23.137824591212301 ], [ 72.557590129095104, 23.137780982593899 ], [ 72.557307140074997, 23.137728665782099 ], [ 72.557126462403403, 23.137667807533699 ], [ 72.557124135788399, 23.137667023077402 ], [ 72.557009077876103, 23.137528885837099 ], [ 72.556909455875996, 23.1372656787713 ], [ 72.556817441134697, 23.13702257125 ], [ 72.556762630643703, 23.136848075076699 ], [ 72.556719312031305, 23.136710167097799 ], [ 72.556681389713901, 23.1365894328883 ], [ 72.556588830301493, 23.136442636553699 ], [ 72.556412582848296, 23.136304932276499 ], [ 72.556196402990295, 23.136136027634102 ], [ 72.556079372003893, 23.136044589583602 ], [ 72.555851260911894, 23.135910707013 ], [ 72.555689831746605, 23.135815960258501 ], [ 72.555656628954594, 23.135802780450899 ], [ 72.555324992111807, 23.135529916939301 ], [ 72.555150386976294, 23.135490750244799 ], [ 72.555089503656603, 23.135477093925601 ], [ 72.555047682140497, 23.135461143325401 ], [ 72.554871710892499, 23.135394034672199 ], [ 72.554681009129993, 23.135338532394002 ], [ 72.554579360299002, 23.135308948792201 ], [ 72.554373317750702, 23.135248981388202 ], [ 72.554275993984504, 23.135220655457999 ], [ 72.554179974784105, 23.135185745150999 ], [ 72.554166819223596, 23.135180963088299 ], [ 72.554129690081197, 23.1351699699024 ], [ 72.553921257847193, 23.135108257731002 ], [ 72.553722064162002, 23.135049280525099 ], [ 72.553531238311805, 23.1349743756607 ], [ 72.553454341855598, 23.134942435773102 ], [ 72.553427118263301, 23.1349339948382 ], [ 72.553403502680993, 23.134926672459201 ], [ 72.553352501418701, 23.134910858767 ], [ 72.553157111271901, 23.134850273446801 ], [ 72.553129054912304, 23.134835496628501 ], [ 72.552985337773706, 23.1347598068743 ], [ 72.552937962920893, 23.134734856601401 ], [ 72.552823698507495, 23.1346746775186 ], [ 72.552803985514501, 23.1346642957336 ], [ 72.5524754086928, 23.134506160400299 ], [ 72.552178301639501, 23.134466470927599 ], [ 72.552087551848402, 23.134454347375801 ], [ 72.552082314900503, 23.134453647639301 ], [ 72.552043062511899, 23.134447092352602 ], [ 72.552022864103705, 23.134443718249599 ], [ 72.551784978274497, 23.134403988354801 ], [ 72.551777325180097, 23.134402709419 ], [ 72.5512598296569, 23.134289481741 ], [ 72.551101486988102, 23.134254834372001 ], [ 72.551059394539706, 23.134178040078599 ], [ 72.551037181294504, 23.134115900386099 ], [ 72.551007179072002, 23.1340983224203 ], [ 72.550995078705398, 23.134082325327501 ], [ 72.550977925195099, 23.134059650565298 ], [ 72.550909040576698, 23.1339685889027 ], [ 72.550865947170607, 23.1339195486647 ], [ 72.550819106797704, 23.133866244247599 ], [ 72.550805047407593, 23.133850245585101 ], [ 72.550797288439199, 23.1338443202837 ], [ 72.550329438032193, 23.133487091030201 ], [ 72.550317002918803, 23.1334775966506 ], [ 72.550132121663097, 23.1333776377151 ], [ 72.550047857971705, 23.133337012799799 ], [ 72.549973044353607, 23.133300944715401 ], [ 72.549848129945602, 23.1332407226488 ], [ 72.549764074195707, 23.133211221860901 ], [ 72.549686377402907, 23.133183952207698 ], [ 72.549602449772195, 23.133154495759602 ], [ 72.549522173012093, 23.133126321075501 ], [ 72.549467178222699, 23.133120518843999 ], [ 72.549042909649899, 23.1330757499112 ], [ 72.549011888401594, 23.133072477044099 ], [ 72.548993110774404, 23.1330716144642 ], [ 72.548871331722097, 23.133066020953098 ], [ 72.548866078617095, 23.133054780303901 ], [ 72.548839068059394, 23.132996981134202 ], [ 72.5488375553536, 23.132993744703899 ], [ 72.548717527657203, 23.132721210417699 ], [ 72.548704299810794, 23.132691174960801 ], [ 72.548673100780206, 23.132620336238201 ], [ 72.548599389381394, 23.132451617740902 ], [ 72.548535244140396, 23.1323047962732 ], [ 72.548495770278805, 23.132214444871401 ], [ 72.548460450206605, 23.132129011283201 ], [ 72.548390272042298, 23.131959262566902 ], [ 72.548321449483694, 23.131732482659501 ], [ 72.548246314257895, 23.131484898058201 ], [ 72.548243606273701, 23.1314765930227 ], [ 72.548224943400101, 23.131414476672301 ], [ 72.548181577320804, 23.131271578541199 ], [ 72.548158664912506, 23.131196076842102 ], [ 72.548154207711093, 23.131181387398598 ], [ 72.548093949892404, 23.131017575966801 ], [ 72.548073127273696, 23.130960972526498 ], [ 72.548064173106994, 23.1309366258719 ], [ 72.548063920942298, 23.130935999951301 ], [ 72.547965613450401, 23.130691651333802 ], [ 72.547895181870501, 23.130723992660801 ], [ 72.547760022787799, 23.130786056604499 ], [ 72.547275194036402, 23.1310086802042 ], [ 72.547271443737003, 23.1310104020708 ], [ 72.546890162432703, 23.131185479960099 ], [ 72.546840107080698, 23.1312084640238 ], [ 72.5465799000864, 23.1313279445822 ], [ 72.546004462218306, 23.131592168711201 ], [ 72.545775395445304, 23.1316973483206 ], [ 72.545754560872098, 23.1316826818408 ], [ 72.545376233943202, 23.131079636087801 ], [ 72.545218004175396, 23.1308274178792 ], [ 72.545166730068303, 23.1307456865684 ], [ 72.545153078218206, 23.130723926125299 ], [ 72.545149417433095, 23.130711029253199 ], [ 72.545094657819803, 23.1307235262285 ], [ 72.545073683006706, 23.130728311809701 ], [ 72.544990842222106, 23.1307472187248 ], [ 72.544888596839996, 23.130770552842801 ], [ 72.544579446302393, 23.1308411075678 ], [ 72.544401671053805, 23.130881678969502 ], [ 72.544143672815096, 23.130940558255499 ], [ 72.544083480561497, 23.1309523834231 ], [ 72.544072496189003, 23.130954540455001 ], [ 72.543390272419501, 23.131088559618998 ], [ 72.543137142219194, 23.1311382842404 ], [ 72.541698880488497, 23.1314208062681 ], [ 72.541491498426197, 23.131461541667399 ], [ 72.540880850864795, 23.131279942346801 ], [ 72.540879999992896, 23.1312801403141 ], [ 72.540853325176897, 23.131430432007601 ], [ 72.540844225487803, 23.131579687131701 ], [ 72.540818487403797, 23.132001908230698 ], [ 72.540769920023294, 23.132798579731201 ], [ 72.540763992767495, 23.132895809159098 ], [ 72.540759515688606, 23.132969247559899 ], [ 72.540787197912294, 23.133014752963501 ], [ 72.541117082147906, 23.1335570279508 ], [ 72.541126065152497, 23.133592572184401 ], [ 72.541229741760503, 23.134002755777399 ], [ 72.541242201688604, 23.134052057106899 ], [ 72.541266658345194, 23.134148816342201 ], [ 72.541279062107805, 23.134149185001501 ], [ 72.541282229204398, 23.134209783704801 ], [ 72.541282287620305, 23.1342109157628 ], [ 72.541282315219902, 23.134211436177701 ], [ 72.541287991376606, 23.134320011890701 ], [ 72.5412793154768, 23.1343826231113 ], [ 72.541263396920598, 23.1344975007225 ], [ 72.541263054011594, 23.1344999779364 ], [ 72.541261100428301, 23.134514070085899 ], [ 72.541216861875398, 23.134833320963502 ], [ 72.541233159067303, 23.134844575261202 ], [ 72.541527339834403, 23.1350477331615 ], [ 72.541688673981199, 23.135244378475999 ], [ 72.541795678038596, 23.135374804346799 ], [ 72.5418281067424, 23.1354143307139 ], [ 72.541954738484307, 23.135488759908601 ], [ 72.541966928214805, 23.1354959472717 ], [ 72.542106918017197, 23.135578489205798 ], [ 72.542120648102099, 23.1355672104403 ], [ 72.542144330002003, 23.1355809775437 ], [ 72.5428986992288, 23.136323964994801 ], [ 72.542923240078196, 23.136348134249001 ], [ 72.542910647483197, 23.136371550254299 ], [ 72.542618525295197, 23.136914779751201 ], [ 72.5425413572395, 23.1370233228226 ], [ 72.542515883383999, 23.137059150227099 ], [ 72.542513381292295, 23.137049366008601 ], [ 72.542429971784401, 23.137176418269998 ], [ 72.542428587926693, 23.1371787023126 ], [ 72.542415209803593, 23.137200755498 ], [ 72.542408417537104, 23.1372119547114 ], [ 72.542406939299397, 23.1372113313267 ], [ 72.542388418662199, 23.137203523455302 ], [ 72.542125758320196, 23.137536260055501 ], [ 72.542043352241095, 23.137616446966099 ], [ 72.542043082923001, 23.137616709076401 ], [ 72.541930879785298, 23.137725895083701 ], [ 72.541805851467501, 23.137854736010599 ], [ 72.541691559767997, 23.137995770769098 ], [ 72.541658145575994, 23.138036299321701 ], [ 72.541555826700701, 23.1381603937742 ], [ 72.541481629091805, 23.1382503876961 ], [ 72.541456861732797, 23.1383997386395 ], [ 72.541455736315896, 23.1384065287195 ], [ 72.541417025857399, 23.138639964522799 ], [ 72.5413835371575, 23.138841916216901 ], [ 72.541377920173005, 23.138875791839101 ], [ 72.541358592787901, 23.1389923395338 ], [ 72.541339135043899, 23.139128334941098 ], [ 72.541297575554793, 23.139418804394602 ], [ 72.541179267426898, 23.139965742651 ], [ 72.5411815001289, 23.1399805500957 ], [ 72.541181663735998, 23.139981641365502 ], [ 72.541189926517703, 23.140036448979401 ], [ 72.541208431709904, 23.1401591741425 ], [ 72.541195264503301, 23.140183869212201 ], [ 72.541185532684295, 23.1402435371661 ], [ 72.541180989444996, 23.1403282281711 ], [ 72.541179652727607, 23.140358150625001 ], [ 72.541192027940994, 23.140547242383299 ], [ 72.5412004633328, 23.1406761513113 ], [ 72.541213436210697, 23.1408254835485 ], [ 72.541225500846494, 23.140964353182301 ], [ 72.541249383536794, 23.141239290976099 ], [ 72.541249390706, 23.141239379557401 ], [ 72.541252604632305, 23.141276379269399 ], [ 72.541258020209796, 23.141338715615699 ], [ 72.541260883104201, 23.141371681778999 ], [ 72.541382836281301, 23.141809130202699 ], [ 72.541410295182501, 23.141907573884001 ], [ 72.541577831206794, 23.142470481853199 ], [ 72.541785034798195, 23.142822011362298 ], [ 72.541936950803901, 23.1430797408185 ], [ 72.542124777488198, 23.143392219811702 ], [ 72.542334006337995, 23.143650962290099 ], [ 72.542342107635307, 23.143660978302002 ], [ 72.542536330132194, 23.143901045975099 ], [ 72.542631520102006, 23.143945852018799 ], [ 72.542668804164407, 23.1439634025934 ], [ 72.542679333606102, 23.143974847604099 ], [ 72.542833259115199, 23.144175652293001 ], [ 72.542998805899899, 23.1443935791266 ], [ 72.543214445085695, 23.144679602431701 ], [ 72.543336272418799, 23.1447398886176 ], [ 72.543500905577901, 23.144822068593601 ], [ 72.5438382965649, 23.145083982320202 ], [ 72.543986107040297, 23.14522396177 ], [ 72.544038111261102, 23.1453801811071 ], [ 72.544171000655595, 23.145788934921001 ], [ 72.544193669206294, 23.1458586620166 ], [ 72.544210482752106, 23.145939617426301 ], [ 72.544243287043798, 23.146097666988499 ], [ 72.544260698330305, 23.146181553918201 ], [ 72.544271881219203, 23.1462295704398 ], [ 72.544305415199801, 23.1463717501757 ], [ 72.544467633474596, 23.147059261098399 ], [ 72.544517895748399, 23.147271682828201 ], [ 72.544447886986404, 23.1472689936212 ], [ 72.543993688381804, 23.147249098003901 ], [ 72.543924038856503, 23.147242342760801 ], [ 72.543924226758705, 23.147243816271398 ], [ 72.543425987877299, 23.1473793260073 ], [ 72.543177475955105, 23.147494895774798 ], [ 72.543142440775895, 23.147511188327499 ], [ 72.543107404596398, 23.147527481758999 ], [ 72.543069364468906, 23.147545171825001 ], [ 72.543033034423999, 23.147565498405498 ], [ 72.542834436200394, 23.147678399427399 ], [ 72.542631854344904, 23.147793564413199 ], [ 72.542014565742605, 23.148144480504001 ], [ 72.541923564064206, 23.148263050288801 ], [ 72.541815368483, 23.148413092353099 ], [ 72.541797131686593, 23.148438383543201 ], [ 72.541719384074796, 23.148510569124401 ], [ 72.541722841360993, 23.1485747318366 ], [ 72.541740944778297, 23.148724600865201 ], [ 72.541780284131406, 23.149047569509701 ], [ 72.541796732639895, 23.149154019344401 ], [ 72.541811852950303, 23.1491844893036 ], [ 72.541924748818204, 23.1494119972369 ], [ 72.541982320351806, 23.149611055525 ], [ 72.542013789688397, 23.149717815588399 ], [ 72.542022152350597, 23.149731286021801 ], [ 72.542066467249498, 23.149802680013199 ], [ 72.542081218003005, 23.149826445785202 ], [ 72.542381481439605, 23.1497419846336 ], [ 72.542448248679406, 23.149724054216001 ], [ 72.542499995036906, 23.149795765365599 ], [ 72.542637144302901, 23.149985822478001 ], [ 72.542682649435804, 23.150153005812498 ], [ 72.542701961851094, 23.150215429841801 ], [ 72.542792375829194, 23.1505076404964 ], [ 72.542820993158301, 23.1506001250055 ], [ 72.542936592067207, 23.1509454626425 ], [ 72.543009541044796, 23.151104681182002 ], [ 72.543132137170801, 23.151393904616 ], [ 72.543202499174996, 23.151409613206798 ], [ 72.543241545323795, 23.151540947689998 ], [ 72.543309810424304, 23.1517705644338 ], [ 72.543354335930502, 23.151920285817699 ], [ 72.543497651768703, 23.152208428461101 ], [ 72.543828033760505, 23.1525487551875 ], [ 72.543892726811606, 23.1526153958343 ], [ 72.543863489367894, 23.1527489630544 ], [ 72.543868487996406, 23.1528256050515 ], [ 72.543885853562401, 23.153091807093201 ], [ 72.543892871222198, 23.153199381711399 ], [ 72.543961948400707, 23.1533673837964 ], [ 72.543995804212997, 23.153583649189301 ], [ 72.544007541444699, 23.153643733310101 ], [ 72.544010312256901, 23.1538620651007 ], [ 72.5440118964476, 23.153977219327299 ], [ 72.544012799157699, 23.154042809169201 ], [ 72.544476508776498, 23.1539187034567 ], [ 72.544601076187206, 23.153885355356 ], [ 72.544703085023997, 23.153858046021899 ], [ 72.544833246340502, 23.153823200614202 ], [ 72.5450978815837, 23.153752352556001 ], [ 72.5455112051431, 23.154420074289 ], [ 72.545555114743706, 23.154491010709801 ], [ 72.5455980400573, 23.154563138758501 ], [ 72.545671545058795, 23.1547045411148 ], [ 72.545695822277295, 23.154751243224101 ], [ 72.545888665387906, 23.1551222142798 ], [ 72.5459439205991, 23.1552168368613 ], [ 72.545967768095295, 23.155355907126498 ], [ 72.545968870196802, 23.1553623419567 ], [ 72.545959974260597, 23.155765593020501 ], [ 72.545952969183105, 23.156083141997801 ], [ 72.545944313228901, 23.156475459035899 ], [ 72.545809286422895, 23.156860921814602 ], [ 72.545800619770603, 23.156870245764502 ], [ 72.545329156898404, 23.157377427023 ], [ 72.545320842817404, 23.157476915920402 ], [ 72.545319152179502, 23.157497140061501 ], [ 72.545292263190603, 23.1578188926254 ], [ 72.545291458942799, 23.157828518753 ], [ 72.545282285713895, 23.157938283794302 ], [ 72.545404636106795, 23.158065347475802 ], [ 72.545458458886003, 23.158273059840301 ], [ 72.545517785603707, 23.158769548516599 ], [ 72.545519593244194, 23.158784676095902 ], [ 72.5455521213607, 23.1590569019586 ], [ 72.545714720344094, 23.159192324015802 ], [ 72.545761475820598, 23.1592312634995 ], [ 72.545971987069194, 23.159533720547401 ], [ 72.545974595451696, 23.1598219335871 ], [ 72.546010101154295, 23.1598769381601 ], [ 72.546029755828002, 23.1599073891283 ], [ 72.5461853272882, 23.160148407030199 ], [ 72.546365682162701, 23.160273619803 ], [ 72.546376782073196, 23.160281326230201 ], [ 72.546390555505397, 23.160290887944601 ], [ 72.546481538612099, 23.160354053870101 ], [ 72.546781553644095, 23.160574111406799 ], [ 72.546934734642903, 23.160686467518399 ], [ 72.547032246690307, 23.1607446117685 ], [ 72.547094971521503, 23.1611821466431 ], [ 72.547214315070207, 23.161390939846999 ], [ 72.547317562651102, 23.1616463259836 ], [ 72.546728366750202, 23.162599855836302 ], [ 72.546558074959194, 23.162723376934299 ], [ 72.546338807060707, 23.162913991579 ], [ 72.546225053521894, 23.1630186005961 ], [ 72.546011006531799, 23.1633528703655 ], [ 72.545996050794301, 23.1633762252042 ], [ 72.546064073482597, 23.163394650782699 ], [ 72.546196748680799, 23.163430586297899 ], [ 72.546653151419406, 23.1636725126667 ], [ 72.547256605854699, 23.163774902248399 ], [ 72.547697940267398, 23.163849784334602 ], [ 72.548357794502706, 23.163864368356499 ], [ 72.549209841820598, 23.163987497662699 ], [ 72.549376082149607, 23.163857440560701 ], [ 72.549651616313199, 23.163928336135999 ], [ 72.550005278408605, 23.164203685451302 ], [ 72.550135439942807, 23.164601666136601 ], [ 72.550986700689904, 23.164670377747498 ], [ 72.550999185296604, 23.164763045395699 ], [ 72.551470224469895, 23.164617793556499 ], [ 72.551831525024497, 23.164578361530499 ], [ 72.552642002417599, 23.164483229385901 ], [ 72.552841638860997, 23.164459796301902 ], [ 72.5529340074537, 23.164441073603701 ], [ 72.553147338851701, 23.1645550859478 ], [ 72.553391951851196, 23.1646858147793 ], [ 72.553396135485201, 23.164686354645301 ], [ 72.553445320346, 23.164670726818699 ], [ 72.553823751541202, 23.1643906547753 ], [ 72.553853371091094, 23.164375725760699 ], [ 72.554094125996897, 23.1642543736032 ], [ 72.554230081628504, 23.164185845296299 ], [ 72.554335657344197, 23.1641698988694 ], [ 72.554583366033199, 23.164132484572999 ], [ 72.554578149614002, 23.163560219950099 ], [ 72.554574419660298, 23.1631510708538 ], [ 72.554580664279598, 23.163124850759999 ], [ 72.554659313149301, 23.162794643306199 ], [ 72.554808949838701, 23.162166384458502 ], [ 72.554862722203694, 23.1619406137734 ], [ 72.555015101325196, 23.160770721829401 ], [ 72.555016458306895, 23.1607602998365 ], [ 72.555055538340298, 23.160460261418201 ], [ 72.555066180312195, 23.160378551336802 ], [ 72.555599843696001, 23.160411725254701 ], [ 72.556038214899104, 23.160407966191499 ], [ 72.556688244734204, 23.160402388146 ], [ 72.5567241974273, 23.160405913405199 ], [ 72.556860604300596, 23.160419285603201 ], [ 72.556895262775498, 23.160422682411198 ], [ 72.557145097679495, 23.160447175001401 ], [ 72.557396396582604, 23.160471809075599 ], [ 72.5578857184219, 23.1604172752679 ], [ 72.557948256985597, 23.1603674417441 ], [ 72.558236918005804, 23.160137427635998 ], [ 72.558370208369197, 23.1598342844778 ], [ 72.558460668439295, 23.159628546156899 ], [ 72.558503496073797, 23.1595311438222 ], [ 72.558720025294406, 23.159403449785199 ], [ 72.558764417054704, 23.159399495168 ], [ 72.5588676177249, 23.1593903027103 ], [ 72.559345391034796, 23.159347741514399 ], [ 72.559563468533398, 23.159345865789899 ], [ 72.559671907737794, 23.159344932966199 ], [ 72.559799497886004, 23.159304387780399 ], [ 72.5601603031146, 23.1591897316742 ], [ 72.5605666056844, 23.158984907110501 ], [ 72.560726637059901, 23.158631199742999 ], [ 72.560807938404693, 23.158521074249499 ], [ 72.561156690957702, 23.158048670088501 ], [ 72.561171508157301, 23.158020659512299 ], [ 72.561397424554698, 23.157593601545798 ], [ 72.561449768589, 23.157366654465999 ], [ 72.561364913762304, 23.157015056786999 ], [ 72.561442196586199, 23.156969477191002 ], [ 72.561658433842894, 23.156841947396899 ], [ 72.561797955590706, 23.156759662841299 ], [ 72.562180730944803, 23.156957695109099 ], [ 72.562227993150202, 23.156974232264702 ], [ 72.562366924704605, 23.1570228425309 ], [ 72.562672113656902, 23.157129625195001 ], [ 72.563163267827605, 23.157276390405901 ], [ 72.563626721993202, 23.157391184083998 ], [ 72.563642298499602, 23.157395041537001 ], [ 72.563654192261296, 23.157397987999399 ], [ 72.564118912701105, 23.1575226011296 ], [ 72.564190543607296, 23.157541807691501 ], [ 72.564199765999703, 23.1575442803702 ], [ 72.564663020210602, 23.1576157807078 ], [ 72.565125580305207, 23.157611787445099 ], [ 72.565285885271805, 23.157062412721402 ], [ 72.565442144170504, 23.156526899327101 ], [ 72.565442162574399, 23.156526799405299 ], [ 72.565545891075999, 23.155972342639899 ], [ 72.565811280486599, 23.155401182014302 ], [ 72.565839407419503, 23.155340647967002 ], [ 72.565943045528897, 23.155087749127802 ], [ 72.566026932528899, 23.154883045719298 ], [ 72.566070595841694, 23.154776497908799 ], [ 72.5662119998848, 23.154431439205499 ], [ 72.566811902680499, 23.1538323927821 ], [ 72.566850334326105, 23.153794017074301 ], [ 72.567101782610195, 23.153542924102801 ], [ 72.567488713257404, 23.1532214045031 ], [ 72.567560851617202, 23.153161459541199 ], [ 72.567666606913207, 23.153053743230299 ], [ 72.567668980978894, 23.153051324385299 ], [ 72.568582547104398, 23.1521207983583 ], [ 72.568717431301394, 23.151993798332501 ], [ 72.568771072385601, 23.152012354816101 ], [ 72.569072296383595, 23.152116558295798 ], [ 72.569426235531907, 23.152138660583802 ], [ 72.569594599589195, 23.151900582378001 ], [ 72.569855998221101, 23.151530943602101 ], [ 72.569990412226304, 23.151353614215299 ], [ 72.570369236229993, 23.151123834712301 ], [ 72.570680091132004, 23.151076847189099 ], [ 72.570722478031897, 23.1510704395495 ], [ 72.5711578053388, 23.151066665029902 ], [ 72.571509652417205, 23.150862284691001 ], [ 72.571608951524894, 23.150787439238599 ], [ 72.571779872122306, 23.150658608582301 ], [ 72.571776617429194, 23.150306307365899 ], [ 72.571796222806398, 23.150231032971899 ], [ 72.571802893694596, 23.150205414279 ], [ 72.572224497896698, 23.150126637401101 ], [ 72.572509136972698, 23.150073452540902 ], [ 72.573025621825906, 23.150018638008099 ], [ 72.573481503435403, 23.1499619122391 ], [ 72.573587334799797, 23.149948742687499 ], [ 72.573677910095796, 23.1499374730911 ], [ 72.574194392438102, 23.149882650996599 ], [ 72.574438163930907, 23.1497258926934 ], [ 72.574789466983901, 23.1494999849354 ], [ 72.575330125111407, 23.149117787732699 ], [ 72.5752131136542, 23.1489895172137 ], [ 72.574600186467407, 23.1483176046093 ], [ 72.574532950864096, 23.1482438976544 ], [ 72.574424626929599, 23.147951773183401 ], [ 72.5743655139064, 23.147792358177099 ], [ 72.574224120455398, 23.147214760347101 ], [ 72.574199413511195, 23.147115950522 ], [ 72.574111098654399, 23.146762748744301 ], [ 72.573861114218701, 23.146211259147702 ], [ 72.573558112198299, 23.145811230982599 ], [ 72.573282786585807, 23.1454612969859 ], [ 72.572955046554299, 23.145036282845101 ], [ 72.572897236134907, 23.1449613149451 ], [ 72.572508582800197, 23.1445162319676 ], [ 72.572264736824195, 23.144236980516801 ], [ 72.572029165063896, 23.143697619171999 ], [ 72.572013240228401, 23.143661156652598 ], [ 72.571903381845402, 23.1434096235486 ], [ 72.5718501880242, 23.1433701969945 ], [ 72.571435679574094, 23.143062958106299 ], [ 72.570560977876099, 23.142414608120099 ], [ 72.570499729944004, 23.142325713713401 ], [ 72.570423087172799, 23.142214473204401 ], [ 72.570419513415203, 23.142152101231101 ], [ 72.570411094629407, 23.1420945014791 ], [ 72.570416026517407, 23.1420912463369 ], [ 72.571111260044404, 23.141632338378098 ], [ 72.571386106588307, 23.141494275311398 ], [ 72.5717773782319, 23.141297726745599 ], [ 72.571859181980301, 23.141256634301701 ], [ 72.572269359686999, 23.141024246241301 ], [ 72.572273893532596, 23.1410216773216 ], [ 72.572326354692706, 23.140991955983399 ], [ 72.572559739073199, 23.140837899395201 ], [ 72.572994801695103, 23.1409101379428 ], [ 72.573113943342406, 23.140864867799401 ], [ 72.573345780410705, 23.140776778252 ], [ 72.573469664200104, 23.140679521106499 ], [ 72.573480270125799, 23.140671194845002 ], [ 72.573485650835593, 23.140666969717699 ], [ 72.573647175806002, 23.140642549440201 ], [ 72.573887203981002, 23.140606260369001 ], [ 72.574089508920395, 23.140575675155599 ], [ 72.574095297883304, 23.1405747992318 ], [ 72.574237378208593, 23.140703876769201 ], [ 72.574472166662204, 23.140701836497701 ], [ 72.575011778642605, 23.140653708091399 ], [ 72.575060145064597, 23.140805319107798 ], [ 72.575582557914998, 23.140779758609401 ], [ 72.575599958263297, 23.140778906927999 ], [ 72.576534080984501, 23.140227810295599 ], [ 72.576550969844504, 23.140230263789299 ], [ 72.576957304803699, 23.140289281687199 ], [ 72.577083162866998, 23.1402436891957 ], [ 72.5774475257288, 23.140111694835898 ], [ 72.577448747087999, 23.140111252300901 ], [ 72.577543670138795, 23.1402190197878 ], [ 72.578247228294998, 23.140126015264698 ], [ 72.578248639149805, 23.140278033176099 ], [ 72.578385582878994, 23.1402639775566 ], [ 72.578950991871693, 23.140205942144899 ], [ 72.579312894700394, 23.1401687945494 ], [ 72.579357105891603, 23.140164256689701 ], [ 72.579642284988495, 23.1401349834337 ], [ 72.579867261677407, 23.1401118888352 ], [ 72.580099624501599, 23.140105518284201 ], [ 72.580702950632997, 23.1400889749942 ], [ 72.5807246932917, 23.140088378993202 ], [ 72.580725293937206, 23.1400883629383 ], [ 72.581029257584206, 23.140080027296101 ], [ 72.581334077711801, 23.140033927851899 ], [ 72.581534950080098, 23.139920106290401 ], [ 72.581852899968695, 23.1397399421076 ], [ 72.581918011974494, 23.139703046747702 ], [ 72.582410925809498, 23.139707505091501 ], [ 72.583139106210496, 23.1397140893834 ], [ 72.583350009822794, 23.1396688085505 ], [ 72.583338626455699, 23.1395666399338 ], [ 72.583221889959006, 23.138518837212501 ], [ 72.583245829935194, 23.138520735497099 ], [ 72.583664179787903, 23.1385539023637 ], [ 72.583715342915497, 23.138557957682799 ], [ 72.5836796222586, 23.139309105830002 ], [ 72.583676078126302, 23.139383613052299 ], [ 72.583776874876406, 23.1401211663403 ], [ 72.583838637052907, 23.1401226668604 ], [ 72.583972490950103, 23.140125915595501 ], [ 72.584434483017205, 23.140137130154699 ], [ 72.584457545004895, 23.140148053350199 ], [ 72.584929764687701, 23.1403717006941 ], [ 72.585258466968995, 23.140368821397502 ], [ 72.585447368564004, 23.140335914292201 ], [ 72.585448646482703, 23.140335691933402 ], [ 72.585471388630694, 23.140331729717801 ], [ 72.585546880099002, 23.140318579460601 ], [ 72.585914859149099, 23.140254476197999 ], [ 72.586653782812604, 23.140133913771699 ], [ 72.586864109247401, 23.140099596145301 ], [ 72.587077007585705, 23.140064858105902 ], [ 72.5871808822926, 23.1400479095132 ], [ 72.587531306319207, 23.140010681679001 ], [ 72.587626570706604, 23.1400005613194 ], [ 72.587672133929701, 23.140006539227599 ], [ 72.588361074780494, 23.140096926820199 ], [ 72.588402383081799, 23.140102346481399 ], [ 72.5895279446638, 23.139952437069901 ], [ 72.589600508193499, 23.1399427725793 ], [ 72.589973622789302, 23.1398930760095 ], [ 72.590702067628499, 23.1396232472168 ], [ 72.590874496139506, 23.139559375508199 ], [ 72.591556139278097, 23.1395091045596 ], [ 72.5918710805486, 23.139485874499002 ], [ 72.592181316135907, 23.139462993485601 ], [ 72.592211959172403, 23.139460732667199 ], [ 72.592612680843899, 23.139381678954699 ], [ 72.592693477012801, 23.139365738114499 ], [ 72.593279234189197, 23.139250176570101 ], [ 72.593594744650403, 23.139187930161899 ], [ 72.593914074416105, 23.1391161864548 ], [ 72.594052759706798, 23.139085026974598 ], [ 72.594548305929706, 23.1389736901844 ], [ 72.594578663203194, 23.138966869129 ], [ 72.595305200116599, 23.138803631015701 ], [ 72.595424741973503, 23.138769726187999 ], [ 72.595501693853805, 23.138747901385301 ], [ 72.596480278981403, 23.138470351107902 ], [ 72.596569760855104, 23.1384449703651 ], [ 72.596852192439499, 23.138380141654899 ], [ 72.597034489714204, 23.138338297578201 ], [ 72.597061783315993, 23.1383320332606 ], [ 72.597883931860906, 23.138368205260701 ], [ 72.598090887889995, 23.138279886252601 ], [ 72.598351656135804, 23.138168602588198 ], [ 72.598522578911897, 23.138124422119901 ], [ 72.5988703947001, 23.138034516648698 ], [ 72.598960655503106, 23.138011185735898 ], [ 72.599292015711697, 23.1382905966565 ], [ 72.5995035250086, 23.1383104445467 ], [ 72.600728670969701, 23.138187765161 ], [ 72.600919574692, 23.1381686485697 ], [ 72.601012123075193, 23.138159380460401 ], [ 72.601169045629604, 23.138143666970301 ], [ 72.601225560099394, 23.1381381230096 ], [ 72.603116094261296, 23.137952655168199 ], [ 72.603675044922099, 23.1379261430952 ], [ 72.604242635252007, 23.137899219612599 ], [ 72.604464214799407, 23.1384045220777 ], [ 72.604539271153797, 23.138575976114701 ], [ 72.604539600494107, 23.138588312187998 ], [ 72.604549983382398, 23.138976903587199 ], [ 72.604372453044803, 23.1395529141803 ], [ 72.604272932922399, 23.1398768015458 ], [ 72.604221032320197, 23.1400460210909 ], [ 72.604174338392596, 23.140198453152699 ], [ 72.604165171851307, 23.140222940685302 ], [ 72.604147118991094, 23.140287395451001 ], [ 72.604018350496403, 23.140708841702999 ], [ 72.603886866047603, 23.141174161256199 ], [ 72.603756882260001, 23.141634688015301 ], [ 72.6036157432153, 23.1419750610888 ], [ 72.603443414967103, 23.142394039354901 ], [ 72.603343095343703, 23.142478418132701 ], [ 72.602928279791897, 23.143537563798599 ], [ 72.602908512629895, 23.1436045335664 ], [ 72.602792561139196, 23.144253381730199 ], [ 72.602791668276197, 23.144259614466801 ], [ 72.602787402348795, 23.144289394500799 ], [ 72.602788639452896, 23.144289766311498 ], [ 72.602788396568599, 23.144291401158199 ], [ 72.6028312493779, 23.144303410172402 ], [ 72.602831302799203, 23.144303425429701 ], [ 72.602920703292398, 23.144388522041599 ], [ 72.602951311140401, 23.1444176563867 ], [ 72.602766668592693, 23.1445450364942 ], [ 72.602495534242806, 23.1448593681516 ], [ 72.602355117600993, 23.1451183145332 ], [ 72.602318001148902, 23.145186763392601 ], [ 72.602266906054396, 23.145280434346901 ], [ 72.602185322482299, 23.145354822815801 ], [ 72.602125758951104, 23.1454049655751 ], [ 72.601932485142498, 23.145567670662398 ], [ 72.601564726331205, 23.145877263238901 ], [ 72.601318242436804, 23.1461328728466 ], [ 72.601132162423696, 23.146325844516198 ], [ 72.601072559217201, 23.146387652801501 ], [ 72.600662357645803, 23.147027916675899 ], [ 72.600575127550798, 23.147164065602102 ], [ 72.6002689454495, 23.147606807789199 ], [ 72.599854416937802, 23.148015753215098 ], [ 72.599614232963901, 23.148252700415298 ], [ 72.599308617751603, 23.148554195145401 ], [ 72.599286812248906, 23.148575706385198 ], [ 72.599276128610995, 23.148586245968701 ], [ 72.599029336344401, 23.148742181900602 ], [ 72.598727931987099, 23.149111485617201 ], [ 72.5982779901301, 23.149536993903101 ], [ 72.598072843202601, 23.149730999414501 ], [ 72.598011596049602, 23.149770902483102 ], [ 72.597636148186496, 23.150015508077399 ], [ 72.597504123472604, 23.150070657191002 ], [ 72.597423889576007, 23.1501704277314 ], [ 72.597341424060602, 23.1502729745193 ], [ 72.597160706619206, 23.1504976944804 ], [ 72.597012919685199, 23.1506814647766 ], [ 72.596690029421296, 23.151082972033102 ], [ 72.596652082790499, 23.151191605289899 ], [ 72.596590735977202, 23.151367235678201 ], [ 72.596557832521199, 23.151461432848102 ], [ 72.596877158608606, 23.151700579941298 ], [ 72.597389196511301, 23.152084045419802 ], [ 72.597692824858598, 23.152304204545398 ], [ 72.597812508451995, 23.152390985687699 ], [ 72.598041579550298, 23.152557082738401 ], [ 72.598201905295596, 23.152691286922199 ], [ 72.598569343399205, 23.152998855657302 ], [ 72.5986670683331, 23.153080658426799 ], [ 72.598706379768103, 23.153113565437501 ], [ 72.598737115593096, 23.153139291915402 ], [ 72.5991479175797, 23.153469904932599 ], [ 72.599237308209098, 23.153542143625 ], [ 72.599461290506099, 23.153723147346302 ], [ 72.599468849447803, 23.153729256994101 ], [ 72.599533334535394, 23.153781367695199 ], [ 72.599601438538997, 23.1538363420667 ], [ 72.600119579915898, 23.154254582751101 ], [ 72.600791839250405, 23.154797218948602 ], [ 72.6009012100631, 23.155262124053198 ], [ 72.600906701810501, 23.155285467747401 ], [ 72.601025452093793, 23.155422763623701 ], [ 72.601272598007995, 23.155708501496498 ], [ 72.601751305765006, 23.156261955136902 ], [ 72.601939082951404, 23.156558530408599 ], [ 72.601643153770496, 23.156828499361399 ], [ 72.601106634273506, 23.157317948307199 ], [ 72.600959194639699, 23.1574524529053 ], [ 72.601047985967796, 23.157549646124899 ], [ 72.601447259492204, 23.157986687516001 ], [ 72.601539736830404, 23.158102971685601 ], [ 72.601945800260395, 23.158613559908002 ], [ 72.602053776278694, 23.158736780264999 ], [ 72.602733438018504, 23.1595123912609 ], [ 72.602780244708697, 23.159565805266499 ], [ 72.6029965716356, 23.159403464253 ], [ 72.603216863225299, 23.1592381472115 ], [ 72.603376552648797, 23.159118308392301 ], [ 72.603922770621807, 23.158756605974599 ], [ 72.604060231460807, 23.158674024296701 ], [ 72.604491957106205, 23.158358568293998 ], [ 72.604693266311401, 23.158233965218098 ], [ 72.605059159344705, 23.157956575555701 ], [ 72.605161124803601, 23.1578769755933 ], [ 72.605163712010196, 23.157875333064801 ], [ 72.605236544338098, 23.157829120684799 ], [ 72.605238474848505, 23.1578278960848 ], [ 72.606165075333095, 23.157239954369199 ], [ 72.606172639310003, 23.157235156432399 ], [ 72.606443088677096, 23.1570635505953 ], [ 72.606534152315803, 23.157000572904401 ], [ 72.606598299109194, 23.156965191157799 ], [ 72.606632284476404, 23.1569327066073 ], [ 72.606707818947498, 23.1568804696714 ], [ 72.606709117792306, 23.156879572187801 ], [ 72.606783669695702, 23.1568280127095 ], [ 72.606786656876494, 23.156825946507102 ], [ 72.606825302312203, 23.1567992211397 ], [ 72.607007688825902, 23.156700714527801 ], [ 72.607014482854595, 23.156697045958602 ], [ 72.608075647732505, 23.156123907294599 ], [ 72.6086005571713, 23.156616932842599 ], [ 72.608618846738594, 23.1566363883334 ], [ 72.608856873933902, 23.156825828254501 ], [ 72.6091150436405, 23.157031366908502 ], [ 72.609429577858293, 23.157396085008401 ], [ 72.6094488102284, 23.157415516812101 ], [ 72.609725910698003, 23.1576954855027 ], [ 72.609971921131901, 23.1579019623261 ], [ 72.610016971665303, 23.157939774728099 ], [ 72.610209222974703, 23.158101147599002 ], [ 72.610275634845806, 23.1581568955596 ], [ 72.610288937419895, 23.158168062608201 ], [ 72.610507531189995, 23.158367216353799 ], [ 72.610676643274601, 23.158521283478098 ], [ 72.610838506556703, 23.158668740441101 ], [ 72.611468677192207, 23.1592704452856 ], [ 72.611507431906105, 23.1593074459084 ], [ 72.611547293169707, 23.159368477278001 ], [ 72.611590414770504, 23.159434500818101 ], [ 72.611599198463907, 23.1594834537309 ], [ 72.611444730845406, 23.159599113140398 ], [ 72.611120593235796, 23.159841811466102 ], [ 72.610870666987495, 23.160028939555101 ], [ 72.610784310414303, 23.1600935981111 ], [ 72.611087553197393, 23.160678246444299 ], [ 72.610003783692406, 23.161031889888299 ], [ 72.609602335324396, 23.1613037011644 ], [ 72.609591993402603, 23.161310702295999 ], [ 72.609498499006307, 23.161347549877298 ], [ 72.609377863485093, 23.1613962306145 ], [ 72.609098634545504, 23.161508911545202 ], [ 72.608664074473097, 23.161684271798102 ], [ 72.608325580495006, 23.161795837183 ], [ 72.607960408818698, 23.161916194914401 ], [ 72.607656793078206, 23.162021734488199 ], [ 72.607282696475394, 23.162151750998799 ], [ 72.607093105131995, 23.162213318130298 ], [ 72.606869485157503, 23.162285935101199 ], [ 72.606715112873104, 23.1623153799604 ], [ 72.606374963256002, 23.162380259269401 ], [ 72.606355788795994, 23.162383916513701 ], [ 72.605903672349498, 23.162470141331099 ], [ 72.605442082016907, 23.162686866200399 ], [ 72.605221190821496, 23.1627905786615 ], [ 72.604996312360399, 23.162863476115099 ], [ 72.604864389022396, 23.1629062407033 ], [ 72.604636344668904, 23.163163274082599 ], [ 72.604455714716593, 23.163334959534701 ], [ 72.604399791148694, 23.163388114555101 ], [ 72.604396806672, 23.163390950808399 ], [ 72.604284168842199, 23.163498011592001 ], [ 72.604163236851505, 23.163612953697601 ], [ 72.604058442401794, 23.163665736820199 ], [ 72.6039739283747, 23.163708304840799 ], [ 72.603851976394907, 23.16376972898 ], [ 72.603511442681906, 23.163941247221899 ], [ 72.603492723682194, 23.163950675257901 ], [ 72.603403020263997, 23.163878506800302 ], [ 72.603019299547597, 23.164003211140599 ], [ 72.602933428068994, 23.164043135330001 ], [ 72.602731070054006, 23.164137217295 ], [ 72.602656696416901, 23.1641964263662 ], [ 72.602415398963203, 23.164388517961701 ], [ 72.6020359956471, 23.164690554574602 ], [ 72.601897501604498, 23.1647524437148 ], [ 72.601550060745893, 23.164907707793802 ], [ 72.601242052764306, 23.164860192793299 ], [ 72.601016871725705, 23.164791022398301 ], [ 72.600336012680998, 23.164581873761701 ], [ 72.599819943391793, 23.164324628753 ], [ 72.599706406149707, 23.1642680343395 ], [ 72.599605090660106, 23.1642088465493 ], [ 72.599503773295297, 23.164149659573798 ], [ 72.599406850462302, 23.164106634216299 ], [ 72.599109217199299, 23.164019063814401 ], [ 72.598857091482301, 23.163843358429499 ], [ 72.598720599277499, 23.163670758812 ], [ 72.598637518590294, 23.1635657005449 ], [ 72.598417945634907, 23.163288040600801 ], [ 72.598347793026903, 23.163174799858702 ], [ 72.598319922745802, 23.1631298128666 ], [ 72.598209333340805, 23.1629762322526 ], [ 72.598140460490299, 23.162880587977 ], [ 72.598115155328898, 23.162845445120499 ], [ 72.598076953688107, 23.162792393081901 ], [ 72.597917555307902, 23.162816306007301 ], [ 72.597301308279697, 23.162637610122601 ], [ 72.597135800794206, 23.162582495893101 ], [ 72.596997392257606, 23.162511528017099 ], [ 72.596614674339705, 23.162121950599001 ], [ 72.596265515612103, 23.161615110688601 ], [ 72.595993181727394, 23.161398297280101 ], [ 72.595884537149402, 23.161447384217201 ], [ 72.5954566966507, 23.161640684280702 ], [ 72.595010141458204, 23.161842438779299 ], [ 72.594946814027097, 23.161857849557901 ], [ 72.594845033551493, 23.161882616953701 ], [ 72.594836395450301, 23.1618837254087 ], [ 72.594738476677307, 23.1618962938735 ], [ 72.593960671710803, 23.161996131454199 ], [ 72.593894284341303, 23.1620046529215 ], [ 72.593096550611705, 23.162121494042999 ], [ 72.592767331086904, 23.162213202817298 ], [ 72.592395670256494, 23.162316734570801 ], [ 72.591784670833107, 23.162406862039401 ], [ 72.591578626512003, 23.1624473241143 ], [ 72.591595417579697, 23.163274973623199 ], [ 72.5911965175669, 23.163294310220198 ], [ 72.591003092582895, 23.1633897970116 ], [ 72.590767930628203, 23.1636744542533 ], [ 72.590591756524404, 23.163717891601401 ], [ 72.590138054349097, 23.163978553118799 ], [ 72.590094444271003, 23.164045657465898 ], [ 72.590074883708098, 23.164075757039399 ], [ 72.590105329531198, 23.1640907161601 ], [ 72.590323190987604, 23.1641977629499 ], [ 72.590299605631202, 23.1644046230209 ], [ 72.590289911989501, 23.165470057171401 ], [ 72.590038501370401, 23.165491628912601 ], [ 72.589870602869297, 23.1655060342738 ], [ 72.589878089665206, 23.1655675408844 ], [ 72.589930497497207, 23.165998079028999 ], [ 72.589888452841095, 23.166029626333501 ], [ 72.589934686438298, 23.166498745525001 ], [ 72.589934692986503, 23.166498816041301 ], [ 72.589940811565398, 23.1665614319698 ], [ 72.589941124429004, 23.166564625344101 ], [ 72.589945180951005, 23.1666061372404 ], [ 72.589960204971106, 23.166689428431599 ], [ 72.5899821599278, 23.1668111293687 ], [ 72.589982584459406, 23.166813484875998 ], [ 72.589993734982897, 23.16687530486 ], [ 72.589996491997496, 23.166890588537999 ], [ 72.590080077535703, 23.167353949301798 ], [ 72.590082398504407, 23.1673668122957 ], [ 72.590083688158302, 23.1673739639239 ], [ 72.590095564566397, 23.167439798801901 ], [ 72.590079358825093, 23.167521558355499 ], [ 72.590076279354093, 23.167537093025601 ], [ 72.590062925529196, 23.167604464550902 ], [ 72.590061927220304, 23.1676095047807 ], [ 72.590051158042598, 23.167663837440902 ], [ 72.589982129003204, 23.168012101225401 ], [ 72.590038956309897, 23.1681527679042 ], [ 72.590039820223893, 23.168154905348501 ], [ 72.590059567405703, 23.168203783926 ], [ 72.590176734263096, 23.168493801481301 ], [ 72.590180094326001, 23.168575353205799 ], [ 72.590180119597903, 23.168575959351401 ], [ 72.590180362537197, 23.168581858159801 ], [ 72.590207502257002, 23.169240623282999 ], [ 72.590222958886997, 23.1694264838899 ], [ 72.590223265828499, 23.169430171891001 ], [ 72.590245275953393, 23.1696948272931 ], [ 72.590287850352198, 23.170206739431201 ], [ 72.590315408949394, 23.170240091670699 ], [ 72.590316160151204, 23.170240999621502 ], [ 72.590578523790199, 23.170558514597602 ], [ 72.590582015943099, 23.1705627406572 ], [ 72.590624410150397, 23.170614044935601 ], [ 72.590953414541104, 23.171453203459301 ], [ 72.590980140630293, 23.171629164315 ], [ 72.591055345244399, 23.172124326569499 ], [ 72.591103675169904, 23.172443871448301 ], [ 72.591129531914305, 23.172612775568499 ], [ 72.591134806750404, 23.1726475064265 ], [ 72.591310390100801, 23.172666417312701 ], [ 72.5913138020166, 23.172666784594998 ], [ 72.591463569496398, 23.172682915109402 ], [ 72.591492798313894, 23.1726860634814 ], [ 72.591580929182498, 23.1726955559906 ], [ 72.591927757078693, 23.172736756080901 ], [ 72.592127600718896, 23.172760495130401 ], [ 72.592303626551399, 23.1728350711223 ], [ 72.592427901363195, 23.1728877214445 ], [ 72.592670293685103, 23.172990414320498 ], [ 72.592728202620407, 23.173014947230801 ], [ 72.592754824305601, 23.173078679274798 ], [ 72.592772172603006, 23.1731202111763 ], [ 72.592928733915997, 23.173495008634699 ], [ 72.593074440360397, 23.173583197052999 ], [ 72.593262230016904, 23.1736968550942 ], [ 72.5933007829383, 23.173726051651101 ], [ 72.593562531501505, 23.173924276228 ], [ 72.593706884768494, 23.173981333926999 ], [ 72.594022753514096, 23.174009508688599 ], [ 72.594156160693103, 23.174076966499801 ], [ 72.594264744730296, 23.174131870892101 ], [ 72.594352129523799, 23.174176057571 ], [ 72.594434993338396, 23.1742179560902 ], [ 72.5944707110054, 23.174236016694799 ], [ 72.594688584580595, 23.1745086317069 ], [ 72.594736629943895, 23.1745687485089 ], [ 72.594818013445405, 23.174670580906898 ], [ 72.595199711486401, 23.1749181805984 ], [ 72.595311271044196, 23.174975864300698 ], [ 72.595643725977098, 23.1751477669754 ], [ 72.595655807298897, 23.1751540136625 ], [ 72.596089665151197, 23.175378256380501 ], [ 72.596295833379898, 23.175474789105699 ], [ 72.596399650661994, 23.175523398340498 ], [ 72.596711561978594, 23.175669441219402 ], [ 72.5968277721189, 23.1757131134998 ], [ 72.596849284537299, 23.175721198621599 ], [ 72.596850457079597, 23.175722957974799 ], [ 72.596850444597194, 23.175721634319601 ], [ 72.596889497541397, 23.1757363103013 ], [ 72.596920349551297, 23.175840774489 ], [ 72.597451829138194, 23.1760640614641 ], [ 72.597672596825802, 23.176156809793 ], [ 72.5978259204376, 23.176032596805101 ], [ 72.598449509557597, 23.175557580343799 ], [ 72.598487884782401, 23.175528347338901 ], [ 72.598689780620205, 23.175530993837601 ], [ 72.598729278857206, 23.1755315107483 ], [ 72.598966999497506, 23.1755828736976 ], [ 72.599037981782303, 23.175598211427602 ], [ 72.599405682737796, 23.175677658581002 ], [ 72.599456958091196, 23.1756887368565 ], [ 72.599453461667196, 23.1757261486344 ], [ 72.599646207344094, 23.1758051427677 ], [ 72.599683089991998, 23.175820257125299 ], [ 72.599423589006406, 23.176235608449801 ], [ 72.599343662490199, 23.176363536412499 ], [ 72.5992119449581, 23.176574359535 ], [ 72.5991279553336, 23.176703140782699 ], [ 72.598883983016293, 23.177077214723599 ], [ 72.598829094634297, 23.1772725561956 ], [ 72.598743154766794, 23.177578414376899 ], [ 72.598747066061307, 23.177992389269299 ], [ 72.598748491337403, 23.178143209352299 ], [ 72.598749332124896, 23.1782321435368 ], [ 72.598848881685697, 23.1786013747416 ], [ 72.598878633656895, 23.178711723305302 ], [ 72.598912942864501, 23.1788466887091 ], [ 72.599029820346203, 23.179306479618202 ], [ 72.599287245656299, 23.180140658049901 ], [ 72.598985139492001, 23.180231802085999 ], [ 72.598499275956101, 23.180378382600399 ], [ 72.598502685211002, 23.1804112856349 ], [ 72.598545041344707, 23.1808202427009 ], [ 72.5985845179043, 23.181140117127899 ], [ 72.598590080747002, 23.181185193517599 ], [ 72.598705598950801, 23.181609498442 ], [ 72.598762426891099, 23.181818221935099 ], [ 72.598750863316894, 23.1820172224297 ], [ 72.5987445396037, 23.182126043658101 ], [ 72.598792252239704, 23.1821662618038 ], [ 72.599038014713898, 23.1823734205013 ], [ 72.599186479149793, 23.182679767872798 ], [ 72.599278180807801, 23.1828278045272 ], [ 72.599306296767494, 23.182873189818 ], [ 72.599578369700197, 23.183312393603899 ], [ 72.599672193631704, 23.1834638505638 ], [ 72.599888478932698, 23.183753827533899 ], [ 72.600096414666396, 23.184032601676499 ], [ 72.6001566360315, 23.1841133416745 ], [ 72.600326868354003, 23.1843886118657 ], [ 72.600346872304698, 23.1844209573025 ], [ 72.600452304024898, 23.184591443553298 ], [ 72.600300694890805, 23.1854127881019 ], [ 72.600336635872296, 23.1855539134508 ], [ 72.600347904290402, 23.1857460645682 ], [ 72.600361433508596, 23.185976729069399 ], [ 72.600329465472001, 23.186048363103598 ], [ 72.600137427837197, 23.186478666456999 ], [ 72.600078245590893, 23.186514891983901 ], [ 72.599499617080696, 23.1868690706041 ], [ 72.599372398483993, 23.186946940750602 ], [ 72.599254798694901, 23.187015512765502 ], [ 72.598669203772502, 23.187356975384699 ], [ 72.597902894752295, 23.187690648747498 ], [ 72.598536180163407, 23.188684947574199 ], [ 72.598626663748107, 23.188890665930199 ], [ 72.599003754400798, 23.1897480115653 ], [ 72.599106013798604, 23.189877885204499 ], [ 72.599134526204296, 23.189914098154599 ], [ 72.599421629731793, 23.190278735739799 ], [ 72.599635241974795, 23.190550030518502 ], [ 72.599303431834898, 23.190649113274301 ], [ 72.598742692801295, 23.190730995707501 ], [ 72.598677455118107, 23.1907155256491 ], [ 72.598430038208207, 23.190656848987601 ], [ 72.598165493967798, 23.190698386216098 ], [ 72.598142258759907, 23.190702033413899 ], [ 72.597466130551993, 23.190808189675799 ], [ 72.597391739728806, 23.190819870064999 ], [ 72.597534567822294, 23.191304355440501 ], [ 72.597563521647302, 23.1914025741339 ], [ 72.597606591701506, 23.191548667535301 ], [ 72.5976208315967, 23.191791518383599 ], [ 72.597631381900698, 23.191971483598099 ], [ 72.5976430704916, 23.1920256352129 ], [ 72.597663552679407, 23.192120521472201 ], [ 72.597718377302797, 23.192374520291501 ], [ 72.597790979791597, 23.1927717354388 ], [ 72.597806100160696, 23.192854467034799 ], [ 72.597879024382195, 23.1932179098795 ], [ 72.597899660575393, 23.193320750985102 ], [ 72.597937051072407, 23.1935070907093 ], [ 72.598119911069801, 23.193470598288499 ], [ 72.599348594277899, 23.193225385379598 ], [ 72.599369877394693, 23.193219240961 ], [ 72.599538207560897, 23.193170637359898 ], [ 72.600447840730396, 23.192907981081301 ], [ 72.600381995783195, 23.1925432160645 ], [ 72.600672584574596, 23.192453715582001 ], [ 72.601024830488399, 23.192345225328602 ], [ 72.601924476683806, 23.1920765648178 ], [ 72.602020268920299, 23.192047960191299 ], [ 72.602236626175298, 23.191955329816 ], [ 72.602662368547996, 23.191773052939499 ], [ 72.602764521651906, 23.1915798571785 ], [ 72.602828052381597, 23.191520029011201 ], [ 72.602867584054906, 23.191482798028801 ], [ 72.603158899646402, 23.191499438360498 ], [ 72.603168379771702, 23.1914993553195 ], [ 72.603408439647197, 23.191497221863902 ], [ 72.603512598152804, 23.191515525501998 ], [ 72.6035381465245, 23.191559830197001 ], [ 72.603686576696902, 23.191817220054599 ], [ 72.603925197576402, 23.1922310144577 ], [ 72.603943338352494, 23.192262471724199 ], [ 72.604020079148398, 23.192395544177 ], [ 72.604165459660294, 23.192477532344402 ], [ 72.6045264979482, 23.192681251693401 ], [ 72.604931416413194, 23.192909905956 ], [ 72.605047760773999, 23.192975640030799 ], [ 72.605212041854998, 23.193274660485699 ], [ 72.605214341974403, 23.1932789764648 ], [ 72.605184355635501, 23.193313734428301 ], [ 72.605156115684196, 23.193350450913599 ], [ 72.605148163641701, 23.193360791186901 ], [ 72.6051078516291, 23.193413205460601 ], [ 72.604982961436306, 23.1935755852667 ], [ 72.604976008330695, 23.193586807403999 ], [ 72.604823677139606, 23.193785320730299 ], [ 72.6046662443038, 23.1939904881662 ], [ 72.604302731883095, 23.1944642091261 ], [ 72.604301451981101, 23.1944616654737 ], [ 72.604059778399602, 23.194775878795902 ], [ 72.603885555604705, 23.1950023955782 ], [ 72.603826615736594, 23.195079026028299 ], [ 72.603618125623598, 23.1953500931508 ], [ 72.603471761339193, 23.1955403857413 ], [ 72.603370039110501, 23.1956726384517 ], [ 72.603357982671497, 23.195688313750601 ], [ 72.602877500576597, 23.196313001910699 ], [ 72.602852124711802, 23.196345994265901 ], [ 72.602851952739499, 23.196346218240802 ], [ 72.602851796791199, 23.196346419890499 ], [ 72.602785053298106, 23.196433192735899 ], [ 72.602760356264398, 23.1964653016745 ], [ 72.602686424032299, 23.196561423245299 ], [ 72.602614975239703, 23.196654313689201 ], [ 72.602605655865005, 23.196674434368401 ], [ 72.602606918979902, 23.1966751261896 ], [ 72.602921022813007, 23.196847064415302 ], [ 72.602934440145006, 23.1968549695817 ], [ 72.603507518396498, 23.197192766269801 ], [ 72.603905288166303, 23.197427337346198 ], [ 72.604172372676203, 23.197584898810099 ], [ 72.604225831118498, 23.197616440935899 ], [ 72.604272706069494, 23.197644100129398 ], [ 72.604277189462394, 23.197646744946201 ], [ 72.604383296398296, 23.197709361779602 ], [ 72.6045059354378, 23.197781744710699 ], [ 72.605352159064793, 23.198281505164299 ], [ 72.605524209964102, 23.198383192727299 ], [ 72.605909270822195, 23.198610883322299 ], [ 72.606133147122506, 23.198743343115101 ], [ 72.606343795054499, 23.198868037815199 ], [ 72.6064084245575, 23.198906307960701 ], [ 72.606594986094706, 23.199016815152302 ], [ 72.606786191591695, 23.199130132738599 ], [ 72.606877384694201, 23.1991842019922 ], [ 72.606924317256798, 23.199212034672701 ], [ 72.6071160015168, 23.199325756399599 ], [ 72.607320037422795, 23.199446893467901 ], [ 72.608179354913503, 23.1999583983797 ], [ 72.608334568983295, 23.200051090879899 ], [ 72.608386703122903, 23.2000822513636 ], [ 72.608451070076399, 23.200120744248299 ], [ 72.608728590052394, 23.2002868793423 ], [ 72.608801108569494, 23.200330294309602 ], [ 72.608796886124594, 23.2003445309706 ], [ 72.608842391903806, 23.2004232769408 ], [ 72.609355370374502, 23.200731192756599 ], [ 72.609521513158199, 23.2008267261707 ], [ 72.609691531170398, 23.2009162408436 ], [ 72.609865174835406, 23.200999601163002 ], [ 72.610042187515504, 23.2010766840488 ], [ 72.610203411922896, 23.2011403128616 ], [ 72.610366942155295, 23.2011987368465 ], [ 72.610532586077198, 23.201251885367501 ], [ 72.610532634639696, 23.201251900549799 ], [ 72.610603628422695, 23.201369692098801 ], [ 72.610845842149004, 23.201649393712799 ], [ 72.6109177137199, 23.201750362605299 ], [ 72.610923411736707, 23.201758369238298 ], [ 72.6112872962414, 23.202269574411201 ], [ 72.611639564992302, 23.202713318508 ], [ 72.611670588306495, 23.202752398794399 ], [ 72.611684050945996, 23.202769356113699 ], [ 72.611888416765098, 23.202971696719199 ], [ 72.611925882407306, 23.203008792104299 ], [ 72.612061368681097, 23.203325966807999 ], [ 72.612148633851703, 23.203530259835699 ], [ 72.612153539304799, 23.203551928758301 ], [ 72.612285057227595, 23.204133033092099 ], [ 72.612325878584002, 23.204232197435498 ], [ 72.612340595453304, 23.204267949713401 ], [ 72.612508006565506, 23.204674631793601 ], [ 72.612599001897095, 23.2049831283543 ], [ 72.612620539760599, 23.205056155128698 ], [ 72.612621209629097, 23.2051262298233 ], [ 72.612624573601906, 23.205478030801601 ], [ 72.6126247744251, 23.205499044179401 ], [ 72.612804754624506, 23.2061014268142 ], [ 72.612881673257206, 23.206424929450598 ], [ 72.612895513656596, 23.206483144825199 ], [ 72.612922490116205, 23.207026497135999 ], [ 72.613048608029899, 23.207083414612999 ], [ 72.613228695160601, 23.207164687655801 ], [ 72.613729336992705, 23.207140076414401 ], [ 72.613786904056596, 23.207132452348901 ], [ 72.613845995405896, 23.2071248468833 ], [ 72.614389127058899, 23.207054769952698 ], [ 72.614613868415304, 23.206974640660398 ], [ 72.614850207876202, 23.206890324763901 ], [ 72.615249464359806, 23.206795832807298 ], [ 72.615641037185895, 23.2067030748617 ], [ 72.615860373410598, 23.206620847616001 ], [ 72.615898265451307, 23.206613237647399 ], [ 72.616097692490897, 23.206573165804699 ], [ 72.616239515808502, 23.2065446678148 ], [ 72.616276278594796, 23.206552146822901 ], [ 72.616519040035897, 23.206601532381601 ], [ 72.616777889317902, 23.206654191177499 ], [ 72.617064857959903, 23.2067125687641 ], [ 72.617801809813301, 23.207505336248499 ], [ 72.617802577340797, 23.2075065567 ], [ 72.617921852352197, 23.207696473399899 ], [ 72.617980511920393, 23.207789883535 ], [ 72.618056736403901, 23.207911281428299 ], [ 72.6181234192061, 23.208017500743399 ], [ 72.618190090487204, 23.208123714445001 ], [ 72.618251985570396, 23.2082223392229 ], [ 72.618313870079106, 23.2083209593075 ], [ 72.618326384497493, 23.2083409044197 ], [ 72.618375741083796, 23.208419574654201 ], [ 72.618405516307504, 23.208467036163299 ], [ 72.618437600553506, 23.2085181843903 ], [ 72.618500638511506, 23.208618694254898 ], [ 72.618507776730894, 23.208630071786001 ], [ 72.618570803247195, 23.208730571524399 ], [ 72.6186326289573, 23.208829172563199 ], [ 72.618694442107795, 23.208927770684301 ], [ 72.618756245643993, 23.209026365029398 ], [ 72.618818037612996, 23.2091249555688 ], [ 72.618849691971107, 23.2091754670776 ], [ 72.618884571009502, 23.2092311272262 ], [ 72.618951093828898, 23.209337295089998 ], [ 72.619012854950995, 23.2094358778794 ], [ 72.619074616143294, 23.2095344615534 ], [ 72.619084384236004, 23.209550055153201 ], [ 72.619136374412307, 23.209633049677802 ], [ 72.619198128893501, 23.209731635920001 ], [ 72.619261071503701, 23.209832130557398 ], [ 72.619268201105399, 23.209843505222299 ], [ 72.619331143879194, 23.209943996228802 ], [ 72.619392893557603, 23.210042593171099 ], [ 72.619454645195205, 23.2101411946377 ], [ 72.619501071214401, 23.210215329787101 ], [ 72.6195163929969, 23.210239796929901 ], [ 72.619578138899897, 23.210338400979602 ], [ 72.619644632074497, 23.210444591634399 ], [ 72.619711119458202, 23.210550783984701 ], [ 72.619771879339694, 23.210647833804199 ], [ 72.619782353165604, 23.210664562919401 ], [ 72.619905815256999, 23.210861785731499 ], [ 72.619977042394396, 23.2109755672052 ], [ 72.620039562333304, 23.211075448528302 ], [ 72.620062508374602, 23.211112110256899 ], [ 72.620128978665406, 23.2112183103335 ], [ 72.620168362503904, 23.211281239933498 ], [ 72.620195443165301, 23.211324512105801 ], [ 72.620261908645503, 23.2114307192873 ], [ 72.620328370303696, 23.211536927291501 ], [ 72.620379481560605, 23.211618618112301 ], [ 72.620391271812395, 23.2116374615734 ], [ 72.620398396617702, 23.211648841541699 ], [ 72.620461300194904, 23.211749374930001 ], [ 72.620527761752697, 23.211855605435399 ], [ 72.620564041531495, 23.211913593998499 ], [ 72.620594224306899, 23.2119618404476 ], [ 72.620660686864895, 23.212068080854198 ], [ 72.620727148466301, 23.212174325738001 ], [ 72.620793610071701, 23.212280576016301 ], [ 72.620813060734093, 23.212311671473699 ], [ 72.620860071648906, 23.2123868334942 ], [ 72.620926530236702, 23.212493099932399 ], [ 72.620992985898994, 23.2125993717207 ], [ 72.621055881390504, 23.212699967992801 ], [ 72.621063001276497, 23.2127113559878 ], [ 72.621085326949299, 23.2127470629983 ], [ 72.621103806753297, 23.2127766207437 ], [ 72.621125895859194, 23.212811954029501 ], [ 72.621192350300902, 23.212918256427201 ], [ 72.621258800824805, 23.2130245650627 ], [ 72.621273371093196, 23.213047875971601 ], [ 72.621325251288596, 23.213130882702998 ], [ 72.621391699771493, 23.213237207513199 ], [ 72.621401367090598, 23.213252673987501 ], [ 72.621458148242297, 23.213343538620499 ], [ 72.621524594732193, 23.213449876897801 ], [ 72.621541109242699, 23.2134763065215 ], [ 72.621591041210095, 23.2135562214721 ], [ 72.621611642773999, 23.213589194896599 ], [ 72.621639299555994, 23.213633463231201 ], [ 72.621657486699604, 23.213662572328701 ], [ 72.621720517578495, 23.213763463842401 ], [ 72.621742915222498, 23.213799317215699 ], [ 72.621751680102307, 23.213813349944701 ], [ 72.621769093116299, 23.2138412240514 ], [ 72.621812618517595, 23.213910900175701 ], [ 72.621817580356094, 23.2139188438844 ], [ 72.622078856018106, 23.214337163191502 ], [ 72.622116597948406, 23.214397597557198 ], [ 72.622276348586496, 23.214653421190999 ], [ 72.622292162113396, 23.214678745074998 ], [ 72.622307974653495, 23.214704069845698 ], [ 72.622403305896398, 23.214856750273899 ], [ 72.6225519020375, 23.2150947555897 ], [ 72.622696698312694, 23.215347919686302 ], [ 72.622874001507995, 23.215657918781002 ], [ 72.623039013263195, 23.2159248632864 ], [ 72.6231447655355, 23.216095956093501 ], [ 72.623194553278097, 23.216176506726502 ], [ 72.623234226178397, 23.2162406976638 ], [ 72.6233001423292, 23.216347350523399 ], [ 72.623366057586793, 23.216454004250402 ], [ 72.623427261063298, 23.216553040361099 ], [ 72.623488464641497, 23.216652075551799 ], [ 72.623549666352204, 23.216751110695402 ], [ 72.623610865187104, 23.216850147582299 ], [ 72.623652301681204, 23.2169171998347 ], [ 72.623673242568501, 23.216951089082301 ], [ 72.6236803045459, 23.216962516733201 ], [ 72.623742679080806, 23.217063459070999 ], [ 72.623759245347699, 23.217090267558401 ], [ 72.623803876232699, 23.217162495873101 ], [ 72.623865071485199, 23.217261534433199 ], [ 72.623906836637104, 23.217329126048 ], [ 72.623926266839305, 23.217360572073201 ], [ 72.623987460294103, 23.217459611471199 ], [ 72.624053360883096, 23.217566269262498 ], [ 72.624065564820697, 23.217586022443498 ], [ 72.624119261571494, 23.217672927033501 ], [ 72.6241804523507, 23.217771967234501 ], [ 72.624212456936903, 23.217823768743401 ], [ 72.624241642238999, 23.217871007403101 ], [ 72.6243028331575, 23.217970049374099 ], [ 72.624364022224498, 23.218069090395399 ], [ 72.624429917473904, 23.2181757506896 ], [ 72.624495810869504, 23.218282410933998 ], [ 72.624509454498906, 23.218304494261002 ], [ 72.624541533306498, 23.2183564205198 ], [ 72.624553467666203, 23.218375738969499 ], [ 72.624560528793197, 23.218387167479101 ], [ 72.624618182761594, 23.218480494550299 ], [ 72.624679367355299, 23.218579537212602 ], [ 72.624701693059905, 23.2186156771524 ], [ 72.624740550081498, 23.218678579827898 ], [ 72.624806439046594, 23.218785240805101 ], [ 72.624872326157899, 23.218891901732501 ], [ 72.624938213336605, 23.2189985644446 ], [ 72.625004098693395, 23.219105225301799 ], [ 72.625079396482306, 23.219227124690999 ], [ 72.625131164460797, 23.219310930402902 ], [ 72.625157443452096, 23.219353475683899 ], [ 72.625248817201694, 23.219501399576899 ], [ 72.625319408210501, 23.219615681399301 ], [ 72.625573770538693, 23.220027476480901 ], [ 72.625786494030606, 23.2203718633934 ], [ 72.625982965929097, 23.220689941255799 ], [ 72.626072381229505, 23.220834701628402 ], [ 72.626138266262501, 23.220941366618799 ], [ 72.626204151378801, 23.221048032491399 ], [ 72.626265329323004, 23.221147079079099 ], [ 72.626326507336898, 23.2212461265519 ], [ 72.626368026521305, 23.221313342891001 ], [ 72.626387687405497, 23.221345173134001 ], [ 72.626448865622507, 23.221444218766699 ], [ 72.626514750230399, 23.2215508845287 ], [ 72.626580632984499, 23.221657550240799 ], [ 72.626641811455599, 23.221756596720599 ], [ 72.626702988027205, 23.221855644958499 ], [ 72.626739691023602, 23.221915066083799 ], [ 72.626764165693004, 23.2219546913885 ], [ 72.626825342436007, 23.222053739591299 ], [ 72.6268912246816, 23.222160405192799 ], [ 72.626940313767406, 23.222239883567902 ], [ 72.626957107026499, 23.222267070773999 ], [ 72.626962703179899, 23.222276131647 ], [ 72.627018284055396, 23.222366118019 ], [ 72.627079460177399, 23.222465166134199 ], [ 72.627140636400995, 23.222564213329299 ], [ 72.627156979567602, 23.222590674204501 ], [ 72.627183059324395, 23.222632899332702 ], [ 72.627201811733599, 23.222663260492201 ], [ 72.627264163756394, 23.222764212218799 ], [ 72.627271222375597, 23.222775641497002 ], [ 72.627333573520801, 23.222876593188602 ], [ 72.627408866437094, 23.2229984970385 ], [ 72.627512731214296, 23.223166664703001 ], [ 72.627580624820297, 23.223276588793901 ], [ 72.627697823336604, 23.223448363876301 ], [ 72.627742157500094, 23.223513344708898 ], [ 72.6277834419312, 23.223573856758801 ], [ 72.632210011697495, 23.221206923298801 ], [ 72.633065101985096, 23.220749672131799 ], [ 72.634114047080601, 23.220188748115898 ], [ 72.637447756757197, 23.218405964592701 ], [ 72.640913017226296, 23.216552700199799 ], [ 72.647989778920703, 23.212767544506601 ], [ 72.648025954910594, 23.212748193686799 ], [ 72.65482719469, 23.209109879213901 ], [ 72.6562355545434, 23.2070823445966 ], [ 72.6577026227055, 23.2049702053781 ], [ 72.658604279315597, 23.203672046938902 ], [ 72.658673271967501, 23.203562254051398 ], [ 72.658591381943793, 23.203498501435899 ], [ 72.657896199210001, 23.203067291583 ], [ 72.657673526935895, 23.202929170722498 ], [ 72.6563369834398, 23.2021001168442 ], [ 72.655595723105293, 23.201619551081599 ], [ 72.6523105769936, 23.1999079226138 ], [ 72.651918409589598, 23.1997035886865 ], [ 72.651621426100405, 23.199548847561601 ], [ 72.649014030930601, 23.198504813988301 ], [ 72.648282327013504, 23.198203317528801 ], [ 72.647217085778607, 23.1978833712073 ], [ 72.643322364519904, 23.196776144691299 ], [ 72.6432600320489, 23.1967584232153 ], [ 72.643417418073994, 23.1962050735745 ], [ 72.6438864847715, 23.195813730003 ], [ 72.6442812911082, 23.194964331470398 ], [ 72.644775389467597, 23.193963503395601 ], [ 72.645253766431395, 23.1929413142561 ], [ 72.645417837520199, 23.192280386390198 ], [ 72.645570009500503, 23.1911966717532 ], [ 72.644646462939903, 23.191090440101 ], [ 72.644742668585906, 23.1906236606373 ], [ 72.644637547373705, 23.190180224580601 ], [ 72.644673005057697, 23.1898430188504 ], [ 72.644693381122195, 23.189548956549999 ], [ 72.644679170858097, 23.188889658832998 ], [ 72.644294021554501, 23.188348438034399 ], [ 72.643738348798905, 23.187808772891799 ], [ 72.6431275090697, 23.187176430366598 ], [ 72.642421478739706, 23.1870114775476 ], [ 72.641798896419104, 23.186866017980002 ], [ 72.641789861453901, 23.1859414668819 ], [ 72.6418449286558, 23.1846563037378 ], [ 72.6424740177698, 23.1847342976954 ], [ 72.6426290201954, 23.184828145347002 ], [ 72.643851724509702, 23.1851361004491 ], [ 72.643991599757101, 23.185151139385798 ], [ 72.644568454899698, 23.185213165209099 ], [ 72.645075209105102, 23.1851715859428 ], [ 72.645474967786797, 23.185134390237302 ], [ 72.646321995744898, 23.185055596682599 ], [ 72.646366393613604, 23.185058219033301 ], [ 72.646867241460896, 23.185087813942399 ], [ 72.647476526302398, 23.185246655016702 ], [ 72.648251907675899, 23.1854488363151 ], [ 72.648519879443299, 23.185518720496201 ], [ 72.648873313465103, 23.185622187045301 ], [ 72.649100793594698, 23.185688969832299 ], [ 72.649261078545194, 23.185694227609201 ], [ 72.649346599695406, 23.185672764903401 ], [ 72.649726200233502, 23.185673072607301 ], [ 72.650597326108596, 23.185673774094901 ], [ 72.651211383260105, 23.1856742659579 ], [ 72.651329236292597, 23.185725354168301 ], [ 72.651445638489307, 23.185775813958799 ], [ 72.651446901389903, 23.185776360947099 ], [ 72.651556993078401, 23.185824085778599 ], [ 72.651714889676597, 23.185892536380099 ], [ 72.652106435853796, 23.186062280214198 ], [ 72.652659228102394, 23.1863019429255 ], [ 72.652794000013998, 23.186360374012001 ], [ 72.6532101380066, 23.1865408029423 ], [ 72.653949319944502, 23.186861447377201 ], [ 72.654677768687407, 23.187177531018001 ], [ 72.655762667725, 23.187048525558499 ], [ 72.654925906635, 23.186192524653499 ], [ 72.655670972396607, 23.185730768316901 ], [ 72.655795980476896, 23.185752632502499 ], [ 72.656166992243797, 23.185817501143799 ], [ 72.656143679888999, 23.185724387681699 ], [ 72.657183972015901, 23.185829759688399 ], [ 72.657186126631899, 23.1857059340749 ], [ 72.657190848374398, 23.185434493008898 ], [ 72.657195970509804, 23.185320766954199 ], [ 72.657239463717403, 23.1828549763549 ], [ 72.6572915961559, 23.182539442392201 ], [ 72.657828236572996, 23.179291345333201 ], [ 72.657880316284903, 23.178950595787899 ], [ 72.658282342750297, 23.176320142160201 ], [ 72.6583654639103, 23.175776268961801 ], [ 72.659328123263805, 23.173218938990001 ], [ 72.659826742754305, 23.172394215196299 ], [ 72.660965214559596, 23.1705111159851 ], [ 72.661874945720399, 23.1694915854398 ], [ 72.661875116005405, 23.169491394769398 ], [ 72.663690704302795, 23.167456612413901 ], [ 72.6660097164213, 23.165367511847901 ], [ 72.666206046445595, 23.165244752795399 ], [ 72.667695346608895, 23.164313526882001 ], [ 72.669678448833906, 23.1630734969321 ], [ 72.671983741605302, 23.161099497094 ], [ 72.673442358153295, 23.1589346718897 ], [ 72.676163145966797, 23.158353034091199 ], [ 72.676413066853598, 23.1572561719771 ], [ 72.676974061315306, 23.155832186399198 ], [ 72.677406286874799, 23.1547350331163 ], [ 72.677812941836606, 23.154557673281399 ], [ 72.677965920066598, 23.153267242120201 ], [ 72.678286953330399, 23.152190074387399 ], [ 72.678371182817003, 23.152181078073401 ], [ 72.677917260833098, 23.1513103562928 ], [ 72.676972094236604, 23.150604670103199 ], [ 72.675465980357998, 23.148985545617599 ], [ 72.674633293533702, 23.148423351042499 ], [ 72.674794606203307, 23.148354574541901 ], [ 72.674805762953696, 23.147645564473301 ], [ 72.674808386728898, 23.1474788523002 ], [ 72.674815724110104, 23.147012639110301 ], [ 72.674817848691902, 23.146877727377401 ], [ 72.674841794017794, 23.145471191283999 ], [ 72.674841754769304, 23.14547108959 ], [ 72.674256211956504, 23.143929706143599 ], [ 72.672798235101595, 23.1425721377969 ], [ 72.671387761469703, 23.142163375856502 ], [ 72.669601075207495, 23.1421448354814 ], [ 72.668466108185598, 23.142682748547301 ], [ 72.668362640370205, 23.142651306428 ], [ 72.668401066462806, 23.142723021784398 ], [ 72.664304225685498, 23.143182525562501 ], [ 72.661304391228597, 23.143210278574099 ], [ 72.658417776126399, 23.143166678885098 ], [ 72.654995739470493, 23.1427415723279 ], [ 72.6525521713519, 23.141740830313299 ], [ 72.6512739782236, 23.141079671685301 ], [ 72.6502264068165, 23.140467089242499 ], [ 72.647824189930503, 23.139470455023702 ], [ 72.646108587589097, 23.138783638411802 ], [ 72.645061215621496, 23.137819704190299 ], [ 72.644696118018601, 23.137483686246899 ], [ 72.644728261540195, 23.137466533236001 ], [ 72.644776700477493, 23.1374406851711 ], [ 72.644695211832698, 23.137365559645101 ], [ 72.644460276410101, 23.135931954643102 ], [ 72.644442414414797, 23.135822957367701 ], [ 72.644325859807793, 23.135111719725298 ], [ 72.644341512496595, 23.134562284205899 ], [ 72.644382413229394, 23.133126592444899 ], [ 72.644893742995805, 23.131049498150301 ], [ 72.645663370543204, 23.128696189848899 ], [ 72.646930255061505, 23.125472058463199 ], [ 72.647261384590905, 23.1246525111683 ], [ 72.647689487719902, 23.121838526009299 ], [ 72.647721009886794, 23.121836663479101 ], [ 72.647470079740401, 23.1216433466555 ], [ 72.647433366107293, 23.121645974889599 ], [ 72.647433371364301, 23.121645953300899 ], [ 72.647729782916798, 23.121149550770301 ], [ 72.6485575779584, 23.119224402252598 ], [ 72.648806812521002, 23.117844709983999 ], [ 72.648889889937493, 23.1173848120402 ], [ 72.648801274103306, 23.117112993285499 ], [ 72.648812680267696, 23.117118932260901 ], [ 72.649371621864006, 23.114874496959299 ], [ 72.649360213082105, 23.1137101552582 ], [ 72.649490949303399, 23.1122310068023 ], [ 72.649662394898499, 23.110460374375599 ], [ 72.649648142270394, 23.109005724964899 ], [ 72.649647358473402, 23.108925812520599 ], [ 72.649641333233802, 23.1083108191485 ], [ 72.649352374735102, 23.106486180800498 ], [ 72.648949013289595, 23.1048417338862 ], [ 72.6487065110841, 23.103804907664799 ], [ 72.648191560525305, 23.102627258882901 ], [ 72.648233169230807, 23.102451964397499 ], [ 72.6482536548653, 23.102365662988799 ], [ 72.6491370407593, 23.102406618086899 ], [ 72.649219883087795, 23.102397276168499 ], [ 72.649331091476299, 23.102370780180401 ], [ 72.649329055549899, 23.102366469654498 ], [ 72.6493206924128, 23.102348770171101 ], [ 72.649317258636302, 23.102341505609001 ], [ 72.649317059080502, 23.1023410837348 ], [ 72.649308146223703, 23.102322222277401 ], [ 72.649263833275498, 23.102228447772099 ], [ 72.648349288941105, 23.1002930574594 ], [ 72.647544898989594, 23.098590828473998 ], [ 72.647529226714497, 23.0985576632674 ], [ 72.646437510423596, 23.097111457212801 ], [ 72.645162068846105, 23.095421485841399 ], [ 72.643886757285202, 23.093730915695499 ], [ 72.643581385625595, 23.093325872458099 ], [ 72.643216802353805, 23.093225731477698 ], [ 72.643172611513805, 23.093213595107901 ], [ 72.643140718756996, 23.092768606440199 ], [ 72.643126861475196, 23.092575264969302 ], [ 72.643126588563803, 23.092571442945999 ], [ 72.643124439567998, 23.092541473953801 ], [ 72.643096408922702, 23.092510802452999 ], [ 72.642848669678699, 23.0922397278222 ], [ 72.642727569559099, 23.0923493202027 ], [ 72.641100070236504, 23.091338638301799 ], [ 72.641099942457799, 23.091338802507298 ], [ 72.641099903575196, 23.091338793800901 ], [ 72.638164450698994, 23.090686817210099 ], [ 72.637836523649, 23.0906139792421 ], [ 72.637776756019804, 23.090600703702599 ], [ 72.637776717137697, 23.090600694995398 ], [ 72.636174357850294, 23.090244780914698 ], [ 72.636082962055397, 23.090224482145501 ], [ 72.6360434600563, 23.090218421331102 ], [ 72.636040953005704, 23.090218035299898 ], [ 72.635729485947493, 23.090170255755801 ], [ 72.635705242465704, 23.090166536882801 ], [ 72.634883241608804, 23.090040435919299 ], [ 72.634770796355696, 23.090023184800302 ], [ 72.634763757879796, 23.0900221052018 ], [ 72.634644279038, 23.0900037762746 ], [ 72.634523136938995, 23.089985193922701 ], [ 72.634252987195694, 23.089943748190802 ], [ 72.634182521793505, 23.089932938118402 ], [ 72.634111816977693, 23.0899220919258 ], [ 72.633885207283996, 23.0898873253246 ], [ 72.633847073887296, 23.089881474980199 ], [ 72.633729027975605, 23.0898633645701 ], [ 72.633785422819798, 23.0897474151481 ], [ 72.633062874396998, 23.089627309930499 ], [ 72.632696968728496, 23.089566486975599 ], [ 72.632658826744105, 23.089562973565599 ], [ 72.632482439587505, 23.089545062395299 ], [ 72.632424105549603, 23.089538975505299 ], [ 72.632143519370203, 23.0895096982957 ], [ 72.631687749281497, 23.089458025258001 ], [ 72.631634779449897, 23.089452335453899 ], [ 72.6314732870093, 23.089435316551899 ], [ 72.631473194486404, 23.089435306135499 ], [ 72.630871425114194, 23.089372138225301 ], [ 72.6308105807978, 23.089365751256 ], [ 72.630702109670196, 23.089352831698701 ], [ 72.630528917964497, 23.089332204691399 ], [ 72.630454672518397, 23.089323362117899 ], [ 72.630445126237106, 23.0893222248196 ], [ 72.630443338203705, 23.089322018319098 ], [ 72.630319587147497, 23.0893052163891 ], [ 72.629803235686396, 23.0892351168829 ], [ 72.629438338642402, 23.089201409013398 ], [ 72.629382455208301, 23.0891950508721 ], [ 72.629216391426496, 23.089176157248801 ], [ 72.629214412933095, 23.0891761275299 ], [ 72.628645172577393, 23.089167646408299 ], [ 72.628595651920506, 23.0891652240798 ], [ 72.628465795284797, 23.089158939534499 ], [ 72.628251334436897, 23.089148732950399 ], [ 72.628127897510296, 23.089146974612799 ], [ 72.6278720849905, 23.089080159258099 ], [ 72.627870111140794, 23.089079642985901 ], [ 72.627748368510694, 23.089097159211899 ], [ 72.627748267018006, 23.089097159491999 ], [ 72.627398777705295, 23.089133689362999 ], [ 72.627343555771802, 23.089139460469099 ], [ 72.627295280472694, 23.0891376983421 ], [ 72.6271493409632, 23.089132367144099 ], [ 72.627149238621698, 23.0891323601887 ], [ 72.626899605942995, 23.089111974831699 ], [ 72.6268995064015, 23.0891119751406 ], [ 72.626858590055704, 23.089112929894299 ], [ 72.6267018726016, 23.089116586952901 ], [ 72.626701772116306, 23.0891165854419 ], [ 72.626565635122006, 23.089112138687401 ], [ 72.626095826117904, 23.089100631399798 ], [ 72.625470383198603, 23.0890883359498 ], [ 72.625467884915494, 23.0890882875306 ], [ 72.625467583475498, 23.0890882820927 ], [ 72.625349621915902, 23.089086044226001 ], [ 72.625349519479499, 23.089086042684801 ], [ 72.624996503708402, 23.089079476147202 ], [ 72.624462551874103, 23.0890321961087 ], [ 72.624388997224997, 23.089137492245001 ], [ 72.624360403124498, 23.089125226237499 ], [ 72.624191854575201, 23.089052928567799 ], [ 72.624274271780607, 23.0888954255859 ], [ 72.624278933964504, 23.0888865138709 ], [ 72.6243722392705, 23.088703990384499 ], [ 72.624410769932197, 23.0884855950722 ], [ 72.624303761499604, 23.088330609784698 ], [ 72.624327778794097, 23.088457239576201 ], [ 72.624293817255605, 23.088726830626499 ], [ 72.624271947361095, 23.088725241141901 ], [ 72.6242093635462, 23.0888924940189 ], [ 72.624068647250695, 23.0889045903 ], [ 72.623776534511606, 23.088929698719401 ], [ 72.623366657706498, 23.088964928552802 ], [ 72.623364945436805, 23.0889650761059 ], [ 72.6233591870932, 23.088965569892899 ], [ 72.622728226586801, 23.089085192276801 ], [ 72.622559548437906, 23.0890687801467 ], [ 72.622137280544493, 23.0890276912153 ], [ 72.622088536848594, 23.0890229484503 ], [ 72.6220582459284, 23.089020001279199 ], [ 72.622028176149499, 23.089017075489998 ], [ 72.622026907784502, 23.089016951656401 ], [ 72.621877228805204, 23.088931731658899 ], [ 72.621848264403198, 23.088915240886099 ], [ 72.621843604633, 23.0889125877864 ], [ 72.621853456579004, 23.0889860420547 ], [ 72.621879902619497, 23.089183224853102 ], [ 72.621765764199694, 23.089227458962601 ], [ 72.620826209456197, 23.089273299213499 ], [ 72.6200399015964, 23.089284363475599 ], [ 72.619730215366602, 23.0892793187023 ], [ 72.619382049789294, 23.089239280340198 ], [ 72.619303507109294, 23.089228214588701 ], [ 72.619299340844904, 23.0892276281267 ], [ 72.619163066346403, 23.089208429427998 ], [ 72.619067780825901, 23.089195004788799 ], [ 72.6189608556911, 23.089183839325699 ], [ 72.6189293754544, 23.089180551316598 ], [ 72.618820233298905, 23.089188094250201 ], [ 72.618640387308304, 23.089200524248401 ], [ 72.618013726468902, 23.089243830626302 ], [ 72.617831120662004, 23.089257924312399 ], [ 72.617494893825395, 23.0892838745139 ], [ 72.617203685791097, 23.089258738573001 ], [ 72.617161592611595, 23.089255104914798 ], [ 72.617072162248704, 23.089247386441698 ], [ 72.616959618245403, 23.089237671343099 ], [ 72.616024365677802, 23.089156936066502 ], [ 72.616011664966805, 23.089155839631999 ], [ 72.6159860521159, 23.089153628219002 ], [ 72.615930240118701, 23.089148810196999 ] ], [ [ 72.633342516641605, 23.148143272866999 ], [ 72.633393506423701, 23.148280807390101 ], [ 72.633262081853601, 23.147926318804 ], [ 72.633342516641605, 23.148143272866999 ] ], [ [ 72.621160737057394, 23.1154436837239 ], [ 72.621464821628805, 23.114687213604899 ], [ 72.6211607360339, 23.115443686416899 ], [ 72.621029586397299, 23.115769941367301 ], [ 72.621160737057394, 23.1154436837239 ] ], [ [ 72.625551986730997, 23.1079291360534 ], [ 72.625551987321558, 23.107929135241427 ], [ 72.625254759770598, 23.1092210119245 ], [ 72.625551986730997, 23.1079291360534 ] ], [ [ 72.628699714955701, 23.211421465290279 ], [ 72.628812814499597, 23.211605130011801 ], [ 72.629018076998307, 23.211938453703901 ], [ 72.628812812594404, 23.211605127274701 ], [ 72.628699714955701, 23.211421465290279 ] ], [ [ 72.623727875259505, 23.1538459668953 ], [ 72.623816059109501, 23.153982663087799 ], [ 72.623756455107298, 23.153890269944899 ], [ 72.623727875259505, 23.1538459668953 ] ], [ [ 72.611717313923194, 23.1959925256822 ], [ 72.611825903614502, 23.1963610011437 ], [ 72.611976024229406, 23.196870405130898 ], [ 72.611717313923194, 23.1959925256822 ] ], [ [ 72.618733941090795, 23.2024673207742 ], [ 72.618842261617203, 23.202572307837499 ], [ 72.618820808541102, 23.202551515126299 ], [ 72.618733941090795, 23.2024673207742 ] ], [ [ 72.632304386129903, 23.202427196380398 ], [ 72.632203767897096, 23.2022378249859 ], [ 72.633544555392803, 23.204761240998099 ], [ 72.632304386129903, 23.202427196380398 ] ] ] } }
]
}
