ward_id,name,lon,lat
1,GOTA,72.53547633201048,23.093935411439844
1,GOTA,72.53477357327924,23.12272059155051
1,GOTA,72.5000628548205,23.09488949811092
1,GOTA,72.51336996806275,23.134386085225437
1,GOTA,72.52834305612939,23.125763165356283
1,GOTA,72.5173517307643,23.076388362423177
1,GOTA,72.53841950005386,23.10991929533121
1,GOTA,72.5346062250521,23.086941748017647
1,GOTA,72.53571910229505,23.073685495268005
1,GOTA,72.50149815571854,23.11417958871333
1,GOTA,72.51090398186278,23.088262814227352
1,GOTA,72.51878515379968,23.07325707038168
1,GOTA,72.50016198590205,23.096988695433392
1,GOTA,72.5054801203365,23.113082278299128
1,GOTA,72.51700835116753,23.126585349235153
1,GOTA,72.53143563633809,23.083446318236984
1,GOTA,72.5386733016899,23.124271012880058
1,GOTA,72.51428460195736,23.081453283096856
1,GOTA,72.53046127596946,23.069134878416047
1,GOTA,72.50399956646632,23.058158405785058
1,GOTA,72.53170433320622,23.12227824396203
1,GOTA,72.51820172872009,23.104702332556453
1,GOTA,72.50070348879834,23.06704368839687
1,GOTA,72.52968853960385,23.096606586451326
1,GOTA,72.52403159142668,23.120974055268363
1,GOTA,72.5278415096406,23.103445268108555
1,GOTA,72.52370100624515,23.08274850263037
1,GOTA,72.50480432136472,23.09141910985121
1,GOTA,72.50913662651962,23.112427498236006
1,GOTA,72.52358174400933,23.12254100051701
1,GOTA,72.52946430435676,23.091241534681995
1,GOTA,72.53264713027126,23.095842241160142
1,GOTA,72.50188101545974,23.09908962230382
1,GOTA,72.50138972952807,23.115279922297695
1,GOTA,72.51750208705855,23.08913846985566
1,GOTA,72.50957081238424,23.109804729795485
1,GOTA,72.51287727087447,23.0648150548105
1,GOTA,72.5076164475967,23.1379024134459
1,GOTA,72.53573924831716,23.116985365583172
1,GOTA,72.51767783924706,23.080119547892583
1,GOTA,72.51802958130044,23.074325946575172
1,GOTA,72.50981451957205,23.105571094460974
1,GOTA,72.53462990137946,23.11719867367789
1,GOTA,72.51673095764998,23.109558175982638
1,GOTA,72.5250658439294,23.11142678173491
1,GOTA,72.49766833546106,23.092022591713967
1,GOTA,72.51112527985585,23.069530500498885
1,GOTA,72.52489932547319,23.086306975493983
1,GOTA,72.51972293625485,23.098232516901934
1,GOTA,72.54446183800565,23.1049499728225
1,GOTA,72.51900084432816,23.07968295222695
1,GOTA,72.51121892283129,23.100716948888916
1,GOTA,72.50072827829706,23.103483136660824
1,GOTA,72.49899153361368,23.11328342611393
1,GOTA,72.50845889206924,23.112220730642306
1,GOTA,72.53290129568519,23.121276563554893
1,GOTA,72.50566132376274,23.060649875032567
1,GOTA,72.52346222545414,23.088301166555034
1,GOTA,72.53853786098519,23.12456012954885
1,GOTA,72.51042767691014,23.13655288884523
1,GOTA,72.50898989781874,23.100251386584603
1,GOTA,72.50707333381109,23.13515537239276
1,GOTA,72.52148856047506,23.083741677687293
1,GOTA,72.53536975768993,23.11240633532924
1,GOTA,72.51352677424732,23.06538023144898
1,GOTA,72.50144303893347,23.07241113542936
1,GOTA,72.52590395660746,23.130057938805834
1,GOTA,72.50380910202513,23.083276935720146
1,GOTA,72.52049514146303,23.069478541936526
1,GOTA,72.50026620766789,23.11373268062924
1,GOTA,72.4997184417263,23.099527814630665
1,GOTA,72.5311064921336,23.105728378070506
1,GOTA,72.50399229830748,23.12421796446577
1,GOTA,72.53226591913823,23.118817163764636
1,GOTA,72.50022428969115,23.06780842786065
1,GOTA,72.50953991961643,23.098056503200095
1,GOTA,72.52938483337847,23.136778724241765
1,GOTA,72.50874470595862,23.134223866874258
1,GOTA,72.5007332411258,23.092296768214513
1,GOTA,72.51866593535809,23.122612737577498
1,GOTA,72.53851805923986,23.12361210479304
1,GOTA,72.50579438980425,23.101554106756566
1,GOTA,72.52626766549645,23.12949223665757
1,GOTA,72.52610817475835,23.09175430880848
1,GOTA,72.51355563365215,23.092857883781228
1,GOTA,72.52878533392563,23.129471648278585
1,GOTA,72.51792652773489,23.078096378164297
1,GOTA,72.50601490735025,23.119400043974984
1,GOTA,72.51005458117528,23.069476421962637
1,GOTA,72.50865005627483,23.070284086595375
1,GOTA,72.530363619648,23.090183901175944
1,GOTA,72.51047440581917,23.09937827031151
1,GOTA,72.50601943151726,23.07822472391225
1,GOTA,72.52436039999301,23.092060317715053
1,GOTA,72.49573875115799,23.088524348219682
1,GOTA,72.52175694543703,23.06597761746975
1,GOTA,72.53577909199312,23.110816288412792
1,GOTA,72.52243221861512,23.100182218167486
1,GOTA,72.54006125337867,23.09591869540136
1,GOTA,72.51415361233967,23.11057419081827
1,GOTA,72.50764898308853,23.069136198952194
1,GOTA,72.51924144456655,23.0921122975502
1,GOTA,72.50579050754902,23.088018404176644
1,GOTA,72.51312839720133,23.084700657245445
1,GOTA,72.51384515388366,23.11440298077175
1,GOTA,72.50931662773017,23.136217810703968
1,GOTA,72.54328411095534,23.097420283610358
1,GOTA,72.51104302995402,23.101940898424804
1,GOTA,72.53714521710182,23.10171600390861
1,GOTA,72.52774277236563,23.081438981971868
1,GOTA,72.53333439676896,23.074329364816055
1,GOTA,72.53113586579751,23.1289102179549
1,GOTA,72.50028159487775,23.10848622428833
1,GOTA,72.53695288202728,23.106770174990306
1,GOTA,72.53595162752916,23.123470971300087
1,GOTA,72.52682421382943,23.071749762022332
1,GOTA,72.52401593687887,23.105008213918545
1,GOTA,72.51858936389343,23.100879400507793
1,GOTA,72.53492621124423,23.123813379446016
1,GOTA,72.52002423726965,23.10726029223664
1,GOTA,72.52911061750862,23.09225481421853
1,GOTA,72.5354963662113,23.113199796477414
1,GOTA,72.51133235920241,23.132031570441743
1,GOTA,72.5130077409105,23.083618218758737
1,GOTA,72.50168031952906,23.069800719417472
1,GOTA,72.51405657584235,23.11804624210644
1,GOTA,72.52336026874701,23.135163366308777
1,GOTA,72.53582427181553,23.097292530561564
1,GOTA,72.53239494702079,23.136411549260917
1,GOTA,72.52797067228089,23.067656526350763
1,GOTA,72.52529395091231,23.11443224963089
1,GOTA,72.51818156696926,23.094220264275197
1,GOTA,72.50959358465497,23.133696017557195
1,GOTA,72.50860555137339,23.126935095419686
1,GOTA,72.52953949113493,23.11144986503998
1,GOTA,72.50088031848101,23.12194982996279
1,GOTA,72.52626269526596,23.123998856938353
1,GOTA,72.50611856681346,23.12797248716675
1,GOTA,72.5313180569479,23.127024939928717
1,GOTA,72.49988794010737,23.0993786643969
1,GOTA,72.53389890064065,23.10978228203383
1,GOTA,72.53331947833408,23.07355307000794
1,GOTA,72.507884514611,23.116406198451593
1,GOTA,72.53194630610692,23.07190202974689
1,GOTA,72.5360315106404,23.110312615644155
1,GOTA,72.52442513025169,23.06958074941428
1,GOTA,72.52473241799437,23.11556642356588
1,GOTA,72.52863740160157,23.135532682507854
1,GOTA,72.50117735513429,23.099695525544636
1,GOTA,72.51519241774749,23.096861329361403
1,GOTA,72.499575054614,23.068665784104553
1,GOTA,72.50828571640183,23.08281105869781
1,GOTA,72.51650121691578,23.108204977524807
1,GOTA,72.5278366183954,23.09169124143591
1,GOTA,72.5154528042393,23.075591581148444
1,GOTA,72.52529659651901,23.083833861957313
1,GOTA,72.51903611697323,23.07625190470281
1,GOTA,72.52442758584688,23.10445614826481
1,GOTA,72.53153088559682,23.1112694086593
1,GOTA,72.52881286178821,23.08376531532773
1,GOTA,72.53621527102815,23.10307756084425
1,GOTA,72.5166939538963,23.109450694794823
1,GOTA,72.51281392361992,23.100059210770347
1,GOTA,72.53343378301655,23.13103966333826
1,GOTA,72.54354232929929,23.09930420582693
1,GOTA,72.52156624536657,23.123865255756428
1,GOTA,72.51028027478041,23.126975371662027
1,GOTA,72.52013326890349,23.067153681014638
1,GOTA,72.51135935251082,23.071890969450834
1,GOTA,72.51024971514636,23.119124640707177
1,GOTA,72.54000509777667,23.08841220703331
1,GOTA,72.50146105609419,23.107363678222725
1,GOTA,72.49960000525574,23.087803464226997
1,GOTA,72.53537482750765,23.08332981878753
1,GOTA,72.53074473764093,23.116033241762278
1,GOTA,72.5143045236709,23.110684076693538
1,GOTA,72.5218301669166,23.071124620636056
1,GOTA,72.54727512993615,23.103643425277838
1,GOTA,72.50080212735789,23.094712043794917
1,GOTA,72.51456393972776,23.064184886107107
1,GOTA,72.53445501936486,23.093512619155316
1,GOTA,72.51877260378247,23.070040296258856
1,GOTA,72.50905248925913,23.098190278240516
1,GOTA,72.52519454817192,23.09844667189778
1,GOTA,72.52863278986601,23.11311455190118
1,GOTA,72.51314023757101,23.102280219657544
1,GOTA,72.51159658434864,23.12756374338424
1,GOTA,72.51949889836337,23.121274913442075
1,GOTA,72.53975656683714,23.099400261847528
1,GOTA,72.5429114781882,23.106226445909922
1,GOTA,72.53966109062794,23.085786382862494
1,GOTA,72.52038963028716,23.10160728940969
1,GOTA,72.49879435276173,23.090591988330626
1,GOTA,72.50277121843476,23.085642520748394
1,GOTA,72.50354416782884,23.05960608585742
1,GOTA,72.54389343932115,23.094708869585777
1,GOTA,72.50990107062604,23.10716774395205
1,GOTA,72.53158743402467,23.11009385188517
1,GOTA,72.51922107956862,23.120678373813586
1,GOTA,72.53319842960966,23.094035754077815
2,CHANDLODIA,72.55208490276527,23.116757339652455
2,CHANDLODIA,72.54227920964796,23.121955688256786
2,CHANDLODIA,72.53619465906547,23.07674036241609
2,CHANDLODIA,72.56038624258113,23.10602776394994
2,CHANDLODIA,72.5521721925093,23.126413629937836
2,CHANDLODIA,72.56584145572049,23.127753062826056
2,CHANDLODIA,72.53341181744506,23.081200199447302
2,CHANDLODIA,72.55660881437328,23.120618082924086
2,CHANDLODIA,72.56025213967547,23.130551156152304
2,CHANDLODIA,72.558982752963,23.126336083587248
2,CHANDLODIA,72.55463165557035,23.130072689881032
2,CHANDLODIA,72.5534626556877,23.099973896581496
2,CHANDLODIA,72.5385537181054,23.079603143690413
2,CHANDLODIA,72.54426713526496,23.120904001331677
2,CHANDLODIA,72.53667412371266,23.111586441614918
2,CHANDLODIA,72.5536437793521,23.099675576480447
2,CHANDLODIA,72.56549336010578,23.10649876472985
2,CHANDLODIA,72.55509968060852,23.096472639264697
2,CHANDLODIA,72.55944667476071,23.109366467553574
2,CHANDLODIA,72.55908961048746,23.112622368246303
2,CHANDLODIA,72.54209480146892,23.11071304383706
2,CHANDLODIA,72.56092789321873,23.125223496674295
2,CHANDLODIA,72.56176691516423,23.132972282247124
2,CHANDLODIA,72.55242056056296,23.080718020282976
2,CHANDLODIA,72.5505903410204,23.10232551677452
2,CHANDLODIA,72.5354221593665,23.076748985945446
2,CHANDLODIA,72.54071838595792,23.07834477823925
2,CHANDLODIA,72.54845746252609,23.107749954261244
2,CHANDLODIA,72.54318033951304,23.077393884934768
2,CHANDLODIA,72.5504213555122,23.106014858952687
2,CHANDLODIA,72.56050611371124,23.128968318682414
2,CHANDLODIA,72.53336278622061,23.083087835374617
2,CHANDLODIA,72.54055447240152,23.111217055259306
2,CHANDLODIA,72.55345803307,23.12950554757877
2,CHANDLODIA,72.55452878857953,23.084689290877154
2,CHANDLODIA,72.56022314210877,23.12990079998342
2,CHANDLODIA,72.54843301406966,23.11344989358761
2,CHANDLODIA,72.56119588459339,23.11327429848065
2,CHANDLODIA,72.54336787118415,23.079165666166
2,CHANDLODIA,72.5584552865379,23.120280866405654
2,CHANDLODIA,72.56420067871073,23.1090625837613
2,CHANDLODIA,72.54252083725237,23.11737856398924
2,CHANDLODIA,72.55366232393887,23.089162293142124
2,CHANDLODIA,72.55421971033238,23.110194289387607
2,CHANDLODIA,72.5462750838322,23.118292241515576
2,CHANDLODIA,72.55847699187717,23.111068628273724
2,CHANDLODIA,72.55968579122059,23.1382497320476
2,CHANDLODIA,72.54713046380009,23.107651748298256
2,CHANDLODIA,72.55086791708204,23.100693194791052
2,CHANDLODIA,72.54623216802631,23.118616005425526
2,CHANDLODIA,72.56340854549785,23.13362680021368
2,CHANDLODIA,72.55876298136691,23.131393661251426
2,CHANDLODIA,72.54564153077028,23.107810759789743
2,CHANDLODIA,72.55906734151745,23.121784858380266
2,CHANDLODIA,72.56059418401357,23.11126416073982
2,CHANDLODIA,72.56365249540566,23.126155031051248
2,CHANDLODIA,72.55823794999723,23.131994439519083
2,CHANDLODIA,72.54621819845931,23.094895862735967
2,CHANDLODIA,72.55414459659181,23.111985690488293
2,CHANDLODIA,72.54675536197168,23.11334222766695
2,CHANDLODIA,72.56623681830135,23.104588073708477
2,CHANDLODIA,72.5461988404956,23.082624677741663
2,CHANDLODIA,72.54062695151318,23.08052420890116
2,CHANDLODIA,72.55950373892227,23.131567936892367
2,CHANDLODIA,72.54190475647138,23.08725707786579
2,CHANDLODIA,72.54894978405896,23.091000081708266
2,CHANDLODIA,72.54995265272639,23.081292207519468
2,CHANDLODIA,72.55992202751752,23.131285653472677
2,CHANDLODIA,72.54288035081015,23.110152351653262
2,CHANDLODIA,72.55444131374945,23.10946487035185
2,CHANDLODIA,72.55323711537947,23.122045486957642
2,CHANDLODIA,72.54659673078308,23.1236696171159
2,CHANDLODIA,72.54140226380882,23.129312575177938
2,CHANDLODIA,72.54826279128393,23.090074581615387
2,CHANDLODIA,72.55790227735346,23.129629504558586
2,CHANDLODIA,72.55126108159654,23.090279995541888
2,CHANDLODIA,72.54067136648739,23.08459208515797
2,CHANDLODIA,72.5664085037801,23.132021702910116
2,CHANDLODIA,72.5603868195674,23.10785266152532
2,CHANDLODIA,72.54977130503225,23.108641321157734
2,CHANDLODIA,72.55147274786263,23.10242932515971
2,CHANDLODIA,72.55213350075653,23.087624458822734
2,CHANDLODIA,72.54098189411881,23.07602948202827
2,CHANDLODIA,72.54351215134467,23.113756944886394
2,CHANDLODIA,72.54882382316625,23.100203050069688
2,CHANDLODIA,72.55129942310164,23.086287962481375
2,CHANDLODIA,72.5682071163232,23.12747404474309
2,CHANDLODIA,72.55906357370372,23.104661106760318
2,CHANDLODIA,72.54424714923448,23.07733816299638
2,CHANDLODIA,72.54428478411553,23.125917443638283
2,CHANDLODIA,72.55466167773946,23.123070729394787
2,CHANDLODIA,72.55501610973838,23.09971201328344
2,CHANDLODIA,72.55849218835277,23.10416119320963
2,CHANDLODIA,72.5560403971678,23.113206517760712
2,CHANDLODIA,72.54429625905479,23.08563509775353
2,CHANDLODIA,72.55671204213377,23.129281837481198
2,CHANDLODIA,72.56464889427222,23.12299110954538
2,CHANDLODIA,72.55240753679094,23.121043887365644
2,CHANDLODIA,72.55044974229784,23.13326808203942
2,CHANDLODIA,72.5471315225731,23.116298493834027
2,CHANDLODIA,72.5478996550068,23.082278669243134
2,CHANDLODIA,72.55587626667347,23.117332139588207
2,CHANDLODIA,72.54179514649778,23.083117147042177
2,CHANDLODIA,72.5421049387795,23.118104006026204
2,CHANDLODIA,72.55167676587388,23.11984358883155
2,CHANDLODIA,72.54105305858664,23.11488920643283
2,CHANDLODIA,72.54640501052376,23.11880175476775
2,CHANDLODIA,72.55176818184357,23.10603589024962
2,CHANDLODIA,72.55501313655425,23.095873437726798
2,CHANDLODIA,72.56581083397144,23.12910662481637
2,CHANDLODIA,72.55991698080136,23.12383767976185
2,CHANDLODIA,72.54940109449748,23.10385789602278
2,CHANDLODIA,72.54050217674303,23.116151479900665
2,CHANDLODIA,72.55330129006904,23.10082509058512
2,CHANDLODIA,72.5611328511369,23.128835843205916
2,CHANDLODIA,72.55454912883141,23.13495283666342
2,CHANDLODIA,72.55617003958263,23.08136743918257
2,CHANDLODIA,72.54728679951104,23.110105797177496
2,CHANDLODIA,72.55014736283896,23.11884973652471
2,CHANDLODIA,72.54868295295371,23.101790641221157
2,CHANDLODIA,72.54468956147144,23.12546104231395
2,CHANDLODIA,72.56241408518694,23.127664806056522
2,CHANDLODIA,72.54703397524744,23.09505335740577
2,CHANDLODIA,72.55933034526328,23.126369880010312
2,CHANDLODIA,72.5497953506654,23.132350776459017
2,CHANDLODIA,72.5513717572914,23.07847452609095
2,CHANDLODIA,72.54776144274189,23.124623052988657
2,CHANDLODIA,72.56208107306036,23.109241495433466
2,CHANDLODIA,72.54621270579409,23.122219619701728
2,CHANDLODIA,72.54113987153417,23.12316799427159
2,CHANDLODIA,72.55027369193455,23.123033359437454
2,CHANDLODIA,72.54881144019348,23.098078908860238
2,CHANDLODIA,72.5482209663566,23.09971141188396
2,CHANDLODIA,72.53978293904316,23.11688600564526
2,CHANDLODIA,72.54231087419225,23.122019100935262
2,CHANDLODIA,72.55257789249298,23.11002250986676
2,CHANDLODIA,72.56228180715753,23.120440210815016
2,CHANDLODIA,72.53259290886021,23.077295901126696
2,CHANDLODIA,72.55387869390992,23.10579883962341
2,CHANDLODIA,72.5596668399995,23.128015971934715
2,CHANDLODIA,72.55238547797329,23.09921875379866
2,CHANDLODIA,72.54163019411055,23.108130487076284
2,CHANDLODIA,72.54326103087925,23.11088310502425
2,CHANDLODIA,72.54900676890944,23.105139652407875
2,CHANDLODIA,72.53957489972676,23.112297779764898
2,CHANDLODIA,72.53884591058473,23.118416650729014
2,CHANDLODIA,72.53953469655124,23.08053938052916
2,CHANDLODIA,72.53812963983539,23.082858540314596
2,CHANDLODIA,72.54496428657491,23.077675168005687
2,CHANDLODIA,72.54483882346204,23.091350375620717
2,CHANDLODIA,72.554209157193,23.087472592387293
2,CHANDLODIA,72.5644962890724,23.134741762347694
2,CHANDLODIA,72.53530474573668,23.08107754653922
2,CHANDLODIA,72.559532131483,23.127572005324048
2,CHANDLODIA,72.55296439268358,23.126683247168785
2,CHANDLODIA,72.55006863602536,23.106287014385728
2,CHANDLODIA,72.54632537640903,23.112231300395862
2,CHANDLODIA,72.53876157209692,23.080808692980444
2,CHANDLODIA,72.54758383351651,23.115389848223494
2,CHANDLODIA,72.56591800287292,23.134944929097294
2,CHANDLODIA,72.54610203308222,23.09555698516319
2,CHANDLODIA,72.54830674143686,23.111133659614683
2,CHANDLODIA,72.54870549908188,23.117060882538276
2,CHANDLODIA,72.55213285184553,23.09499917943944
2,CHANDLODIA,72.53955123276418,23.110790252203756
2,CHANDLODIA,72.56221676142881,23.13460067715857
2,CHANDLODIA,72.55372454546631,23.117726200016428
2,CHANDLODIA,72.55913188776445,23.129682413278484
2,CHANDLODIA,72.54998637519991,23.104465193587476
2,CHANDLODIA,72.54385210879094,23.13141962888149
2,CHANDLODIA,72.5454197029514,23.1109472447594
2,CHANDLODIA,72.54161705299914,23.084548635632544
2,CHANDLODIA,72.56029609058318,23.106477481011424
2,CHANDLODIA,72.56728072835047,23.129910627430785
2,CHANDLODIA,72.53855429601816,23.1128526131209
2,CHANDLODIA,72.54944388667143,23.11090252389096
2,CHANDLODIA,72.54734173685736,23.098214659783178
2,CHANDLODIA,72.54706926621405,23.081795197764574
2,CHANDLODIA,72.56103066567262,23.12874075303272
2,CHANDLODIA,72.55087633456826,23.104329331842973
2,CHANDLODIA,72.55635060402423,23.098655168289945
2,CHANDLODIA,72.54870214083978,23.108152182344867
2,CHANDLODIA,72.5395433634337,23.083180398166345
2,CHANDLODIA,72.54660188015657,23.126864592138
2,CHANDLODIA,72.55573380370295,23.130939642637077
2,CHANDLODIA,72.55508835874545,23.10206796078427
2,CHANDLODIA,72.56625505925645,23.128725016942564
2,CHANDLODIA,72.53595901223099,23.077972375550676
2,CHANDLODIA,72.55141092962317,23.133833172404596
2,CHANDLODIA,72.5526159291636,23.09999303418732
2,CHANDLODIA,72.54808349435069,23.078187279028818
2,CHANDLODIA,72.56371655855935,23.120264723924215
2,CHANDLODIA,72.56233631001247,23.13775897707457
2,CHANDLODIA,72.56278556534724,23.135636905773797
2,CHANDLODIA,72.55180991419488,23.10953869651729
2,CHANDLODIA,72.55770211471906,23.105586491050488
2,CHANDLODIA,72.54850507081953,23.099282188864215
2,CHANDLODIA,72.534931664769,23.079121788668438
2,CHANDLODIA,72.54035906331791,23.077273613901703
2,CHANDLODIA,72.53729533984055,23.078201069834044
3,CHANDKHEDA,72.57301256274623,23.117184067230138
3,CHANDKHEDA,72.61176960846386,23.116166513308066
3,CHANDKHEDA,72.59629221574845,23.10528200538549
3,CHANDKHEDA,72.60572553302501,23.118781574603364
3,CHANDKHEDA,72.58126707891414,23.101669924502886
3,CHANDKHEDA,72.57467694159625,23.11294102369714
3,CHANDKHEDA,72.60411487673434,23.116272251997785
3,CHANDKHEDA,72.57234715786639,23.10914006729887
3,CHANDKHEDA,72.59776195754779,23.120568802631286
3,CHANDKHEDA,72.58596006912009,23.106151150325605
3,CHANDKHEDA,72.56826808696384,23.114882151475673
3,CHANDKHEDA,72.59054126478587,23.11522441743496
3,CHANDKHEDA,72.5887437415026,23.114242712171073
3,CHANDKHEDA,72.59450744678102,23.106129149983047
3,CHANDKHEDA,72.61092169272705,23.114165288999622
3,CHANDKHEDA,72.59749136691391,23.12410348849311
3,CHANDKHEDA,72.58560401772539,23.119435512908012
3,CHANDKHEDA,72.60873205307513,23.119212491079292
3,CHANDKHEDA,72.5812548064902,23.120233723044343
3,CHANDKHEDA,72.59877028181081,23.129907771042078
3,CHANDKHEDA,72.5825103927329,23.112526878928207
3,CHANDKHEDA,72.60634900359294,23.115145527449606
3,CHANDKHEDA,72.60226704422105,23.11365079008777
3,CHANDKHEDA,72.56955631379105,23.105175429967236
3,CHANDKHEDA,72.59633735381983,23.122984135904833
3,CHANDKHEDA,72.57081347944585,23.105145677243037
3,CHANDKHEDA,72.57821053037577,23.115912455177632
3,CHANDKHEDA,72.61016906533283,23.123415042259744
3,CHANDKHEDA,72.58179559258136,23.114257588685994
3,CHANDKHEDA,72.57043542426683,23.107604707841926
3,CHANDKHEDA,72.57912924300958,23.102861003569167
3,CHANDKHEDA,72.5921994505538,23.121613100174585
3,CHANDKHEDA,72.5662484060487,23.11434581251393
3,CHANDKHEDA,72.60473287088033,23.12300751561541
3,CHANDKHEDA,72.6065083993887,23.11327854623082
3,CHANDKHEDA,72.58196459463339,23.10445397294379
3,CHANDKHEDA,72.58772818966533,23.111455092147537
3,CHANDKHEDA,72.5794271410972,23.107584410143545
3,CHANDKHEDA,72.56954200457585,23.112972835975388
3,CHANDKHEDA,72.57883917889609,23.110715488611405
3,CHANDKHEDA,72.5972112048131,23.126875810581826
3,CHANDKHEDA,72.60523212388625,23.11369045016006
3,CHANDKHEDA,72.58825315021627,23.114773966814933
3,CHANDKHEDA,72.58447978981624,23.117171007720863
3,CHANDKHEDA,72.59230335085954,23.125883949472797
3,CHANDKHEDA,72.56834074328927,23.10603859150879
3,CHANDKHEDA,72.60531605901319,23.12624824119948
3,CHANDKHEDA,72.58417177808553,23.10743123824716
3,CHANDKHEDA,72.59522835648436,23.129200805381497
3,CHANDKHEDA,72.58109094709823,23.116808606834528
3,CHANDKHEDA,72.5784790690334,23.104241197748742
3,CHANDKHEDA,72.60753755179488,23.12084391069509
3,CHANDKHEDA,72.57283950035105,23.104424978137217
3,CHANDKHEDA,72.59908659643898,23.125165378594335
3,CHANDKHEDA,72.5751809026661,23.10769486239571
3,CHANDKHEDA,72.58570057940611,23.112768158609867
3,CHANDKHEDA,72.60417302001467,23.111009067787663
3,CHANDKHEDA,72.57370813592247,23.115572412551202
3,CHANDKHEDA,72.5838245283426,23.122977839261043
3,CHANDKHEDA,72.5825444795502,23.10485906369938
3,CHANDKHEDA,72.57303263955424,23.1120389534769
3,CHANDKHEDA,72.58837290455176,23.126701910559056
3,CHANDKHEDA,72.59717089817524,23.12113837623771
3,CHANDKHEDA,72.58426323840756,23.12869907253148
3,CHANDKHEDA,72.58776854284963,23.105239656131683
3,CHANDKHEDA,72.57248582598952,23.113784468981294
3,CHANDKHEDA,72.61150789228184,23.124783902685845
3,CHANDKHEDA,72.57684364804776,23.10762758001595
3,CHANDKHEDA,72.57623297275686,23.103112931483697
3,CHANDKHEDA,72.5712197030406,23.119478148296942
3,CHANDKHEDA,72.61203688368805,23.126350813525534
3,CHANDKHEDA,72.57899238635875,23.11881816898375
3,CHANDKHEDA,72.60465869629466,23.1291912664235
3,CHANDKHEDA,72.60182409939928,23.113050766747435
3,CHANDKHEDA,72.60983691983675,23.115849692299264
3,CHANDKHEDA,72.60270997322995,23.125361161419818
3,CHANDKHEDA,72.56883710596594,23.106465753647505
3,CHANDKHEDA,72.58964033284505,23.11512977306687
3,CHANDKHEDA,72.59395027419347,23.111553820341292
3,CHANDKHEDA,72.60498574133975,23.12836823127502
3,CHANDKHEDA,72.59910081919301,23.11570794833511
3,CHANDKHEDA,72.58149129792915,23.119444821857332
3,CHANDKHEDA,72.56753843673114,23.112114452593346
3,CHANDKHEDA,72.60503444772002,23.11115399311436
3,CHANDKHEDA,72.58067035906332,23.118410718704876
3,CHANDKHEDA,72.5980477159163,23.125656178192695
3,CHANDKHEDA,72.6009349193061,23.11702027370232
3,CHANDKHEDA,72.5892475423752,23.10052194956487
3,CHANDKHEDA,72.56413913998506,23.111597130891237
3,CHANDKHEDA,72.60929287520126,23.122945128393084
3,CHANDKHEDA,72.59117574754285,23.124022764558607
3,CHANDKHEDA,72.57574515711403,23.106219332830058
3,CHANDKHEDA,72.60083221202936,23.11935838241011
3,CHANDKHEDA,72.60266803486721,23.1159845605021
3,CHANDKHEDA,72.58819551035351,23.113320467950146
3,CHANDKHEDA,72.59707293062996,23.10527122069631
3,CHANDKHEDA,72.61045181129165,23.125077046712665
3,CHANDKHEDA,72.58135692192675,23.117509921946645
3,CHANDKHEDA,72.58041676946742,23.104219605197525
3,CHANDKHEDA,72.57391204999209,23.10165117514915
3,CHANDKHEDA,72.59382037891062,23.123865259208706
3,CHANDKHEDA,72.59655817577996,23.127362756257668
3,CHANDKHEDA,72.59696640052513,23.11567661414036
3,CHANDKHEDA,72.60097986595393,23.113251026544916
3,CHANDKHEDA,72.58116782835155,23.11390859564918
3,CHANDKHEDA,72.57655582530559,23.103713173399463
3,CHANDKHEDA,72.58031077600116,23.120997120614554
3,CHANDKHEDA,72.59320409050491,23.10813714583321
3,CHANDKHEDA,72.5924180501968,23.11891377592895
3,CHANDKHEDA,72.59544642105634,23.118968444519496
3,CHANDKHEDA,72.59892676175522,23.120884762682795
3,CHANDKHEDA,72.56647203196448,23.113233048308235
3,CHANDKHEDA,72.58457016818443,23.101544394624607
3,CHANDKHEDA,72.57448453914427,23.11304232414027
3,CHANDKHEDA,72.60730138764406,23.116444974960245
3,CHANDKHEDA,72.60355558365053,23.114067749551165
3,CHANDKHEDA,72.58944146399956,23.118844232221097
3,CHANDKHEDA,72.59103336678399,23.118269015445215
3,CHANDKHEDA,72.59033259230334,23.11436101821086
3,CHANDKHEDA,72.58681464632836,23.104600965954965
3,CHANDKHEDA,72.5741899781152,23.101819501931804
3,CHANDKHEDA,72.60403217666754,23.122536120333955
3,CHANDKHEDA,72.57151273093078,23.119068829088807
3,CHANDKHEDA,72.58009665870773,23.119553155956826
3,CHANDKHEDA,72.58474433196696,23.12338573454871
3,CHANDKHEDA,72.5894963273524,23.123270515295317
3,CHANDKHEDA,72.57456978431205,23.108041667067027
3,CHANDKHEDA,72.57600089967613,23.10726201482791
3,CHANDKHEDA,72.5969966401706,23.126642063936924
3,CHANDKHEDA,72.59102710961477,23.12576139228315
3,CHANDKHEDA,72.57885200820057,23.11300488209179
3,CHANDKHEDA,72.61142695098565,23.124645237928085
3,CHANDKHEDA,72.57701112095405,23.109143830854
3,CHANDKHEDA,72.5920396919103,23.11693115124616
3,CHANDKHEDA,72.58978231732986,23.119394407275244
3,CHANDKHEDA,72.58453169291286,23.12304594562399
3,CHANDKHEDA,72.58049170252762,23.10946278328989
3,CHANDKHEDA,72.56934401872103,23.10485503220091
3,CHANDKHEDA,72.60842364308813,23.113214985863305
3,CHANDKHEDA,72.57956300953991,23.104474934800766
3,CHANDKHEDA,72.59790681067891,23.107656682485736
3,CHANDKHEDA,72.59524277909061,23.113163239325146
3,CHANDKHEDA,72.58639726769216,23.10106031984958
3,CHANDKHEDA,72.60584270407897,23.127715804497637
3,CHANDKHEDA,72.61130794332063,23.11656491419065
3,CHANDKHEDA,72.57057663841276,23.105311969720336
3,CHANDKHEDA,72.59812905677613,23.122255379599668
3,CHANDKHEDA,72.59485703046758,23.12966633696682
3,CHANDKHEDA,72.58916425650585,23.10847592545241
3,CHANDKHEDA,72.588254894126,23.110403688893538
3,CHANDKHEDA,72.58150004102733,23.121820213198614
3,CHANDKHEDA,72.56346619448935,23.112984417003126
3,CHANDKHEDA,72.59726582796034,23.11854188617147
3,CHANDKHEDA,72.60443231499107,23.125037038411172
3,CHANDKHEDA,72.58813546264956,23.118314747162177
3,CHANDKHEDA,72.57455058503693,23.113494507597036
3,CHANDKHEDA,72.58483465513852,23.104464080212935
3,CHANDKHEDA,72.60701317177119,23.12877501220719
3,CHANDKHEDA,72.59220397901285,23.10126671383226
3,CHANDKHEDA,72.6083841103574,23.118653023698794
3,CHANDKHEDA,72.5956842262885,23.112272800415184
3,CHANDKHEDA,72.59336662199144,23.1037147388898
3,CHANDKHEDA,72.60190005484338,23.126285292663134
3,CHANDKHEDA,72.58799748264882,23.115277564191114
3,CHANDKHEDA,72.60208071536046,23.11070626147447
3,CHANDKHEDA,72.57191484307818,23.105856894824104
3,CHANDKHEDA,72.58753572111853,23.129322942569004
3,CHANDKHEDA,72.59589623286293,23.128806944031655
3,CHANDKHEDA,72.58815076253426,23.123195134949203
3,CHANDKHEDA,72.57787516329444,23.109604616503184
3,CHANDKHEDA,72.60816313861696,23.115609974056273
3,CHANDKHEDA,72.60800280827462,23.11321846374651
3,CHANDKHEDA,72.6139592479791,23.11985283999847
3,CHANDKHEDA,72.58890499826059,23.103327175983498
3,CHANDKHEDA,72.57071984793146,23.12104528893186
3,CHANDKHEDA,72.57002272351309,23.11304605013309
3,CHANDKHEDA,72.58485753430085,23.115668543440698
3,CHANDKHEDA,72.5956652813361,23.11085976521955
3,CHANDKHEDA,72.58713725186138,23.111520394065586
3,CHANDKHEDA,72.60625064706143,23.110993476417566
3,CHANDKHEDA,72.59112973693395,23.117993735583898
3,CHANDKHEDA,72.56364955009063,23.115449684012297
3,CHANDKHEDA,72.58110123294533,23.112403489104217
3,CHANDKHEDA,72.5949621703747,23.123522086891978
3,CHANDKHEDA,72.5966361433929,23.128887831555623
3,CHANDKHEDA,72.5865099872283,23.116483582621427
3,CHANDKHEDA,72.57039853689021,23.10964482919818
3,CHANDKHEDA,72.58691900354026,23.126080041057108
3,CHANDKHEDA,72.57997038522473,23.114302820003925
3,CHANDKHEDA,72.58970457287168,23.101673907221983
3,CHANDKHEDA,72.58536008616335,23.1289184348383
3,CHANDKHEDA,72.57645488947995,23.115106024845073
3,CHANDKHEDA,72.60891044868146,23.11327892667175
3,CHANDKHEDA,72.58353572800318,23.11595568585794
3,CHANDKHEDA,72.58364099146644,23.105227353606494
3,CHANDKHEDA,72.59893013301249,23.107281621972742
3,CHANDKHEDA,72.58166241957757,23.11005297018347
3,CHANDKHEDA,72.60119609706135,23.11387149115368
3,CHANDKHEDA,72.58199097950501,23.126403575591866
3,CHANDKHEDA,72.5933724923034,23.10567030696622
4,SABARMATI,72.61145884679453,23.113164212456365
4,SABARMATI,72.60221644087451,23.101157616458824
4,SABARMATI,72.58999572003796,23.072141071502763
4,SABARMATI,72.59818743537255,23.09177117342146
4,SABARMATI,72.58244979022275,23.09600357298785
4,SABARMATI,72.5917058613105,23.08392311974439
4,SABARMATI,72.58987901997338,23.080889309979362
4,SABARMATI,72.61993817395792,23.112720030225688
4,SABARMATI,72.59749808401934,23.09169560070852
4,SABARMATI,72.6095132841774,23.108254746407155
4,SABARMATI,72.6096110005744,23.106247519828724
4,SABARMATI,72.60976371154752,23.105867216402086
4,SABARMATI,72.59334562476329,23.065760186583983
4,SABARMATI,72.59491538131053,23.077565782747055
4,SABARMATI,72.5923567605531,23.08603958929033
4,SABARMATI,72.58936250865524,23.090142133590664
4,SABARMATI,72.5935100671372,23.077150217847297
4,SABARMATI,72.59742706242162,23.07155518824971
4,SABARMATI,72.5904749531824,23.093495750046387
4,SABARMATI,72.59852375999982,23.072518521666336
4,SABARMATI,72.5795570352207,23.09339357965917
4,SABARMATI,72.60181632668338,23.106751132617113
4,SABARMATI,72.5861688813847,23.098643670082552
4,SABARMATI,72.58915305278927,23.09465347838666
4,SABARMATI,72.5906241390935,23.087488957545773
4,SABARMATI,72.59343712819967,23.073582016355427
4,SABARMATI,72.58987939430371,23.098248036895374
4,SABARMATI,72.6087642416697,23.1099504108159
4,SABARMATI,72.5912319278207,23.091979076016024
4,SABARMATI,72.59125656428448,23.077000604576618
4,SABARMATI,72.5920425321984,23.073948461839777
4,SABARMATI,72.58632287510581,23.09673722013823
4,SABARMATI,72.59214549038924,23.081814629071197
4,SABARMATI,72.59886712606426,23.104417064943647
4,SABARMATI,72.5917172535429,23.094647358066474
4,SABARMATI,72.59538393941949,23.06842744349781
4,SABARMATI,72.60760748441545,23.109584438100907
4,SABARMATI,72.6032501957075,23.09596805957176
4,SABARMATI,72.60904351831479,23.108158430166988
4,SABARMATI,72.59989482791742,23.07497184088065
4,SABARMATI,72.59362440006554,23.073479147881976
4,SABARMATI,72.59599563067103,23.089269426136227
4,SABARMATI,72.59435830340331,23.080715465069513
4,SABARMATI,72.5983048944156,23.086360138426564
4,SABARMATI,72.59198544770872,23.07308706696325
4,SABARMATI,72.59048373989603,23.07874549503703
4,SABARMATI,72.592842767824,23.067764537426775
4,SABARMATI,72.6010130729521,23.083476216274498
4,SABARMATI,72.59400118364827,23.10006599844384
4,SABARMATI,72.61402311691143,23.10779142943949
4,SABARMATI,72.58506882080461,23.092567389299848
4,SABARMATI,72.59679152296893,23.090044023233368
4,SABARMATI,72.60492267245176,23.099825004397168
4,SABARMATI,72.58638840310583,23.085693626792576
4,SABARMATI,72.59115061890539,23.091145447251954
4,SABARMATI,72.59556156545443,23.080834958852776
4,SABARMATI,72.58833284940073,23.07680470155194
4,SABARMATI,72.59107988388459,23.07145659844755
4,SABARMATI,72.58041482858911,23.100283156994408
4,SABARMATI,72.60155238948609,23.10358047781813
4,SABARMATI,72.59081042918879,23.064089518349423
4,SABARMATI,72.57996009039611,23.092937437343462
4,SABARMATI,72.6017512586472,23.10549876982836
4,SABARMATI,72.60897448015956,23.11081291414115
4,SABARMATI,72.59988039828066,23.07927223900804
4,SABARMATI,72.59347175545587,23.091993116512615
4,SABARMATI,72.59670930182028,23.069195999474644
4,SABARMATI,72.58516098588159,23.091473671839317
4,SABARMATI,72.5774095880673,23.100176510554018
4,SABARMATI,72.60337381347932,23.10364800523635
4,SABARMATI,72.60133974195266,23.09871894933728
4,SABARMATI,72.58357932427488,23.092099122333696
4,SABARMATI,72.59644458919551,23.093802055439287
4,SABARMATI,72.60113020851168,23.09452397123646
4,SABARMATI,72.60455927031488,23.101680009105085
4,SABARMATI,72.60383123237648,23.10539130674933
4,SABARMATI,72.58684216018864,23.09146113357532
4,SABARMATI,72.57841434935489,23.094899387823652
4,SABARMATI,72.59122677295662,23.066180025369817
4,SABARMATI,72.5975411591107,23.075956058972412
4,SABARMATI,72.60987065025634,23.10605175832477
4,SABARMATI,72.5793557214362,23.095767749569713
4,SABARMATI,72.59971325715091,23.07473185496493
4,SABARMATI,72.5758073422786,23.099708426661884
4,SABARMATI,72.61761118609202,23.113172450293174
4,SABARMATI,72.5987983972992,23.09755153818377
4,SABARMATI,72.5955787269998,23.0857567249255
4,SABARMATI,72.59954543457377,23.074911524295715
4,SABARMATI,72.58177160267914,23.093364634177508
4,SABARMATI,72.59122035737856,23.096695189830974
4,SABARMATI,72.6163698200896,23.11134016329348
4,SABARMATI,72.60284430340234,23.097386992551314
4,SABARMATI,72.5976350867325,23.08666955830193
4,SABARMATI,72.58991173138679,23.07675028300174
4,SABARMATI,72.59857378697718,23.083398990847478
4,SABARMATI,72.58898701698226,23.07908931703806
4,SABARMATI,72.59930078928048,23.089970855059118
4,SABARMATI,72.58739854079973,23.100225507627375
4,SABARMATI,72.60273006251235,23.099459105624074
4,SABARMATI,72.60887927065669,23.107327412335078
4,SABARMATI,72.59938821442968,23.096364307117796
4,SABARMATI,72.60637586430123,23.10903349330125
4,SABARMATI,72.58966464445852,23.07230729232299
4,SABARMATI,72.5950479249458,23.08483485206636
4,SABARMATI,72.60964722384497,23.1108441199611
4,SABARMATI,72.59320845691596,23.09888070027546
4,SABARMATI,72.58674906589951,23.089704779651477
4,SABARMATI,72.61220240927328,23.11132212812634
4,SABARMATI,72.61471160594311,23.11436668269663
4,SABARMATI,72.60058763874558,23.085901394457494
4,SABARMATI,72.60008776296036,23.08166723969775
4,SABARMATI,72.58755219902203,23.076299177284135
4,SABARMATI,72.5982708332558,23.086224567481462
4,SABARMATI,72.59566180980087,23.07460128086662
4,SABARMATI,72.607293491672,23.103787685639272
4,SABARMATI,72.60788322216534,23.105842143371717
4,SABARMATI,72.60489342246427,23.108364487214434
4,SABARMATI,72.61178034958563,23.102971238094938
4,SABARMATI,72.5924347405941,23.093478562630807
4,SABARMATI,72.59241897595156,23.076546502002067
4,SABARMATI,72.5926293032033,23.08851873399734
4,SABARMATI,72.61116521492845,23.1087517781559
4,SABARMATI,72.58132360003525,23.094391005106807
4,SABARMATI,72.58525706303404,23.099093043974122
4,SABARMATI,72.58601058376341,23.09059959717426
4,SABARMATI,72.61463143175716,23.115816088914645
4,SABARMATI,72.58210294522787,23.09757731390215
4,SABARMATI,72.59062951875956,23.085257271338932
4,SABARMATI,72.59984188505977,23.08121630637426
4,SABARMATI,72.58679090798931,23.087891066624902
4,SABARMATI,72.5826163011767,23.091579078520372
4,SABARMATI,72.6068356958032,23.093999481899406
4,SABARMATI,72.5947793074955,23.099301906256898
4,SABARMATI,72.58423548426974,23.100178526143228
4,SABARMATI,72.60558081981041,23.104339414517845
4,SABARMATI,72.58727463898414,23.09513530312019
4,SABARMATI,72.58751788834297,23.099503346236524
4,SABARMATI,72.5956992035511,23.075169212297467
4,SABARMATI,72.61171581606321,23.1025352944406
4,SABARMATI,72.58448085444243,23.08742350815975
4,SABARMATI,72.60578186530743,23.097596593472534
4,SABARMATI,72.59138720816956,23.065930009803576
4,SABARMATI,72.59445523831381,23.07651339132895
4,SABARMATI,72.58390315793906,23.0946633866233
4,SABARMATI,72.59178032442269,23.086369006283775
4,SABARMATI,72.5933571424617,23.091348957103026
4,SABARMATI,72.5888974009144,23.06903505296241
4,SABARMATI,72.59337672993885,23.070074166986092
4,SABARMATI,72.59317332943596,23.09302637335687
4,SABARMATI,72.58690735591769,23.084778433162587
4,SABARMATI,72.5995942881538,23.080950309981528
4,SABARMATI,72.59953545839272,23.075266191368655
4,SABARMATI,72.60272963729592,23.0958541468604
4,SABARMATI,72.59172911044236,23.097893772356286
4,SABARMATI,72.59884322814764,23.09920487985301
4,SABARMATI,72.5952857570748,23.071723904469266
4,SABARMATI,72.57583469877648,23.101078272433206
4,SABARMATI,72.58167194375461,23.099238299658733
4,SABARMATI,72.60578903277593,23.09468058015735
4,SABARMATI,72.58732383421636,23.085677861364466
4,SABARMATI,72.59812800627411,23.08133752490483
4,SABARMATI,72.57889181906955,23.094894289048312
4,SABARMATI,72.58610400841089,23.092284824522526
4,SABARMATI,72.58902341795753,23.0785331072318
4,SABARMATI,72.59588002671285,23.098001748422803
4,SABARMATI,72.60440115674395,23.10113862988291
4,SABARMATI,72.60727081060577,23.109888544344464
4,SABARMATI,72.57883408620003,23.09564007032962
4,SABARMATI,72.58163931330799,23.095860367115336
4,SABARMATI,72.61071732724002,23.107068034439468
4,SABARMATI,72.58852021796478,23.092603492323743
4,SABARMATI,72.58553696637634,23.103029283684993
4,SABARMATI,72.60938952151085,23.10051268658955
4,SABARMATI,72.58928664256128,23.075947160724933
4,SABARMATI,72.5961156451276,23.093757580663162
4,SABARMATI,72.58873288097351,23.07099804857708
4,SABARMATI,72.58274482436639,23.097192417444987
4,SABARMATI,72.59550405269276,23.097562587006315
4,SABARMATI,72.604149484283,23.104998856541645
4,SABARMATI,72.5914891535088,23.087148789055746
4,SABARMATI,72.59313918454721,23.07315261274376
4,SABARMATI,72.6143249097927,23.111568970826585
4,SABARMATI,72.58980901278933,23.095889588038727
4,SABARMATI,72.60465059277308,23.10489714468665
4,SABARMATI,72.5837109685239,23.08755064422974
4,SABARMATI,72.61458921940566,23.112059259442333
4,SABARMATI,72.61345655041532,23.114630874672716
4,SABARMATI,72.60380349156141,23.099337652846817
4,SABARMATI,72.5895316013842,23.097769340163012
4,SABARMATI,72.58816280345897,23.077034374778535
4,SABARMATI,72.60704169476432,23.098300469160073
4,SABARMATI,72.59505755221724,23.097028385546142
4,SABARMATI,72.5816003419904,23.09919505363569
4,SABARMATI,72.58672475343032,23.0779697610919
4,SABARMATI,72.58952130514838,23.087580579262198
4,SABARMATI,72.60751236852431,23.103842621324873
4,SABARMATI,72.58823402160641,23.07267992178335
4,SABARMATI,72.60814470484803,23.101229583921615
4,SABARMATI,72.59056389886968,23.070070480974547
4,SABARMATI,72.58081995982708,23.101399558204893
5,RANIP,72.57433895573688,23.09381612198423
5,RANIP,72.556784628772,23.090704686690632
5,RANIP,72.57692460694922,23.070422130259583
5,RANIP,72.5832540175727,23.082092654713474
5,RANIP,72.58559863237936,23.07823189816497
5,RANIP,72.57067877616555,23.075226885769094
5,RANIP,72.57275241657752,23.094149700849
5,RANIP,72.57591541683485,23.082933345828724
5,RANIP,72.57280529313654,23.072361281563172
5,RANIP,72.55938563154002,23.102488993492223
5,RANIP,72.56599651306958,23.09419820457769
5,RANIP,72.58069682853305,23.090204020411804
5,RANIP,72.55912214748592,23.09587528112126
5,RANIP,72.56340248297445,23.098175910059393
5,RANIP,72.55887328007938,23.09803074656259
5,RANIP,72.57689662295611,23.075984337394303
5,RANIP,72.57592266572513,23.086366496168697
5,RANIP,72.58500066501529,23.0797637992381
5,RANIP,72.55806381324673,23.088981396652226
5,RANIP,72.56579003385505,23.097817579266497
5,RANIP,72.56329112397451,23.086563004409356
5,RANIP,72.55687432295359,23.094012824801553
5,RANIP,72.55662181484661,23.086135285284588
5,RANIP,72.56054020528946,23.096433087179093
5,RANIP,72.58608514804861,23.074018564428343
5,RANIP,72.57570720697562,23.094509502189897
5,RANIP,72.57040936513364,23.088159241599968
5,RANIP,72.57647679999413,23.070185782541785
5,RANIP,72.56060545249875,23.091948957282355
5,RANIP,72.57526568234557,23.084120239945893
5,RANIP,72.55723785949264,23.084563292905464
5,RANIP,72.56603142575854,23.094888313432467
5,RANIP,72.57360960110859,23.086656162822276
5,RANIP,72.57954629348485,23.08685086989195
5,RANIP,72.56278939985219,23.104920742001568
5,RANIP,72.5782869170987,23.07068043810671
5,RANIP,72.5742992369447,23.071550817244727
5,RANIP,72.5725053506954,23.091154419167655
5,RANIP,72.57891555030947,23.072637733085358
5,RANIP,72.57445625160423,23.099434830714994
5,RANIP,72.56783175880416,23.0995030880392
5,RANIP,72.5711797911686,23.07699849434346
5,RANIP,72.58583743770667,23.078866327477552
5,RANIP,72.57178911489127,23.100738658312423
5,RANIP,72.56400840722591,23.08770651491525
5,RANIP,72.56560925355903,23.09853206808036
5,RANIP,72.57106331103094,23.093141437022055
5,RANIP,72.58086013898453,23.09018285783474
5,RANIP,72.58013422850658,23.083100817256145
5,RANIP,72.57081200501909,23.08179195829972
5,RANIP,72.57299247641998,23.086262108025544
5,RANIP,72.57692230443443,23.09296429421256
5,RANIP,72.57381460054677,23.090427693707696
5,RANIP,72.57746156749161,23.09226113024474
5,RANIP,72.55874085144873,23.084839071202527
5,RANIP,72.58285744056776,23.074845702418813
5,RANIP,72.57120575670115,23.08423825966622
5,RANIP,72.5638210532438,23.100132608190908
5,RANIP,72.5610056791157,23.093621923895682
5,RANIP,72.56892922135005,23.078634093337367
5,RANIP,72.55884923168004,23.09410335629782
5,RANIP,72.57739164322709,23.092281002814094
5,RANIP,72.57149545403523,23.07802977323052
5,RANIP,72.57628275751239,23.073795490689573
5,RANIP,72.57498285636542,23.09727378409789
5,RANIP,72.58304511010404,23.08128670725677
5,RANIP,72.57628804616935,23.083456977685216
5,RANIP,72.55938185264453,23.08799034388362
5,RANIP,72.57305706676412,23.089031033329828
5,RANIP,72.55676151077417,23.089187205317316
5,RANIP,72.55445528851116,23.09042075036439
5,RANIP,72.58365466753622,23.08108536559524
5,RANIP,72.5769601952969,23.09618621153875
5,RANIP,72.56520609609979,23.098527309034708
5,RANIP,72.57738904980225,23.08909014675523
5,RANIP,72.56932687096693,23.097373460806885
5,RANIP,72.57497224199469,23.079811678853435
5,RANIP,72.56461204318224,23.103746665952386
5,RANIP,72.57271562380556,23.08370475154533
5,RANIP,72.57272697069837,23.084525943479836
5,RANIP,72.5690255551895,23.09434095871445
5,RANIP,72.57766036442084,23.095941016098692
5,RANIP,72.57687042758226,23.095811693331804
5,RANIP,72.5612055321873,23.08690104058364
5,RANIP,72.55854277574858,23.09833728211519
5,RANIP,72.56734750204775,23.099698393153286
5,RANIP,72.56808378372561,23.08949536168569
5,RANIP,72.55423951075092,23.09216986156939
5,RANIP,72.57826970727837,23.089373088329804
5,RANIP,72.57084775478279,23.098106365277044
5,RANIP,72.57703717229786,23.07897793283853
5,RANIP,72.57462778955097,23.07516911791936
5,RANIP,72.57241483896952,23.09650376662791
5,RANIP,72.57166150624505,23.10020322025311
5,RANIP,72.55789037606394,23.08267751961757
5,RANIP,72.58226980313773,23.08639787988218
5,RANIP,72.56186365676623,23.090274643822674
5,RANIP,72.58388641240039,23.077078037277317
5,RANIP,72.5652705152554,23.0859147936596
5,RANIP,72.55805077373235,23.099617922505413
5,RANIP,72.565739804765,23.08765096684073
5,RANIP,72.56401274343398,23.097716899383144
5,RANIP,72.57507193312249,23.08747449481547
5,RANIP,72.57803171266472,23.087100949065736
5,RANIP,72.58450991767555,23.075610598983296
5,RANIP,72.58304396028886,23.086344780191226
5,RANIP,72.58225587988733,23.080010129915856
5,RANIP,72.57973564450012,23.07402828994646
5,RANIP,72.56450116866559,23.085007775237735
5,RANIP,72.58168330790281,23.078208348460894
5,RANIP,72.57917746645546,23.0716280545656
5,RANIP,72.56767089199158,23.094960914910217
5,RANIP,72.5672940536332,23.086391739041083
5,RANIP,72.58031868417488,23.079500164423923
5,RANIP,72.58114003297295,23.080776078642206
5,RANIP,72.5812106246041,23.072098777945108
5,RANIP,72.57100349388222,23.076891037845943
5,RANIP,72.5761890342935,23.080755971896533
5,RANIP,72.57439762607746,23.093955871838617
5,RANIP,72.56495436025145,23.103657425460643
5,RANIP,72.57504246326535,23.078957687410444
5,RANIP,72.56931915229727,23.099026226391207
5,RANIP,72.57660417518294,23.089140879416824
5,RANIP,72.5757430186842,23.075802011054787
5,RANIP,72.57427376681467,23.08392705380995
5,RANIP,72.5739443072923,23.071200067179944
5,RANIP,72.58175104240306,23.07676865668657
5,RANIP,72.5811622457516,23.088195920711975
5,RANIP,72.5815402590699,23.075323388987943
5,RANIP,72.55595295332279,23.096162142589154
5,RANIP,72.56249229349804,23.099877353986336
5,RANIP,72.55952717067521,23.083976306951342
5,RANIP,72.58367134499372,23.071037461705867
5,RANIP,72.5613404759294,23.101645652220853
5,RANIP,72.56227145932665,23.08407548682837
5,RANIP,72.56694414623227,23.089686424026358
5,RANIP,72.56627214530133,23.090945304957508
5,RANIP,72.56500292139049,23.089531565795383
5,RANIP,72.57892883700377,23.07512714027459
5,RANIP,72.56847511242029,23.086493591169383
5,RANIP,72.56587295586134,23.10322596266505
5,RANIP,72.57481889090872,23.08269441886451
5,RANIP,72.55552112338773,23.090565828565232
5,RANIP,72.55730770839493,23.088489597515224
5,RANIP,72.57940082252203,23.08421124705142
5,RANIP,72.58380123311585,23.077754717839298
5,RANIP,72.57344311888863,23.093588058804784
5,RANIP,72.56531245981162,23.093076901008253
5,RANIP,72.56892128590853,23.09538232562847
5,RANIP,72.57559423243083,23.087496807086364
5,RANIP,72.57342538110862,23.089806244329598
5,RANIP,72.56275853482595,23.095042138096602
5,RANIP,72.58086917471094,23.084845315623348
5,RANIP,72.55723668752847,23.094764605337918
5,RANIP,72.56259622855845,23.100496537210756
5,RANIP,72.55705990927466,23.087374217329174
5,RANIP,72.56931320181604,23.095997941280654
5,RANIP,72.5697775406451,23.081342341322365
5,RANIP,72.58529162623222,23.07491405192409
5,RANIP,72.55617429757129,23.097390420647983
5,RANIP,72.571383397041,23.081096723747546
5,RANIP,72.57639004125912,23.091658202305805
5,RANIP,72.58075631661023,23.086646731553554
5,RANIP,72.57781030806625,23.07179158521134
5,RANIP,72.55706380448218,23.099047904192847
5,RANIP,72.58546350109249,23.077111883421733
5,RANIP,72.58637596889147,23.07357628995323
5,RANIP,72.56590615151386,23.094085772018992
5,RANIP,72.57305041476806,23.092465384234632
5,RANIP,72.57595005722341,23.09697073433154
5,RANIP,72.57652567404898,23.09162003950344
5,RANIP,72.57323215235301,23.073924214037593
5,RANIP,72.5731087652158,23.071192266365777
5,RANIP,72.56854548447556,23.079040939155067
5,RANIP,72.57995563408214,23.09155410412512
5,RANIP,72.5784290596162,23.08857731142194
5,RANIP,72.57015630743669,23.091308450368615
5,RANIP,72.56807423046378,23.085887105455747
5,RANIP,72.56394045700715,23.08479632395578
5,RANIP,72.57717848386436,23.070413511335737
5,RANIP,72.58084346787035,23.07915435918708
5,RANIP,72.57707692748205,23.09209261594247
5,RANIP,72.57607451336575,23.090848356473142
5,RANIP,72.57444142414583,23.076885345386966
5,RANIP,72.58115373458821,23.08471299507129
5,RANIP,72.57787011530027,23.071906078837827
5,RANIP,72.57685422562591,23.0813385329192
5,RANIP,72.57309985952462,23.07823394415986
5,RANIP,72.57498557194346,23.08577417812254
5,RANIP,72.57809256190006,23.08565130027498
5,RANIP,72.58532786627357,23.07813989023267
5,RANIP,72.5589889208408,23.09283313402264
5,RANIP,72.57149413257817,23.087792735708174
5,RANIP,72.55901879385132,23.09811912808667
5,RANIP,72.5778242124424,23.088050858558375
5,RANIP,72.5667555787482,23.093019397151515
5,RANIP,72.57253757348263,23.098464168406245
5,RANIP,72.58320131284479,23.082872938617758
5,RANIP,72.57158932088059,23.088572531461644
5,RANIP,72.57633684375645,23.08446001558309
6,NEW WADAJ,72.56020722228902,23.081857501716105
6,NEW WADAJ,72.56004357817521,23.071534813960398
6,NEW WADAJ,72.56518302499491,23.080572342787047
6,NEW WADAJ,72.56510206233943,23.07241140854995
6,NEW WADAJ,72.56456608814014,23.061557919049754
6,NEW WADAJ,72.56215601980752,23.074530970609448
6,NEW WADAJ,72.56457555449397,23.055826606419835
6,NEW WADAJ,72.55978652625285,23.073158103870572
6,NEW WADAJ,72.56765210684028,23.061904449763993
6,NEW WADAJ,72.56457977562498,23.058012032276164
6,NEW WADAJ,72.56355149942166,23.05751317908933
6,NEW WADAJ,72.56495313658446,23.059317977162333
6,NEW WADAJ,72.56450979421854,23.074622288652545
6,NEW WADAJ,72.56587968477972,23.060571225553147
6,NEW WADAJ,72.56024302603136,23.06839530245132
6,NEW WADAJ,72.56798460444202,23.064706225570728
6,NEW WADAJ,72.56521078398677,23.058885916378635
6,NEW WADAJ,72.56453814732117,23.057820193094102
6,NEW WADAJ,72.55932908074782,23.07329009219071
6,NEW WADAJ,72.57131975261636,23.0541369733809
6,NEW WADAJ,72.56562839689107,23.071137981750006
6,NEW WADAJ,72.56071875392057,23.067924863679554
6,NEW WADAJ,72.55817649905615,23.076959297870047
6,NEW WADAJ,72.56923904791306,23.08455103181207
6,NEW WADAJ,72.56698348025924,23.07499598300321
6,NEW WADAJ,72.56429980387004,23.083147709408653
6,NEW WADAJ,72.56478128142297,23.06463706126211
6,NEW WADAJ,72.56169769634178,23.081184262861576
6,NEW WADAJ,72.5627203534718,23.080333690467835
6,NEW WADAJ,72.56371225917121,23.07804378695882
6,NEW WADAJ,72.56430805933549,23.061431691368835
6,NEW WADAJ,72.56253119761509,23.07683309723547
6,NEW WADAJ,72.56534771832317,23.06778441904416
6,NEW WADAJ,72.5629743557043,23.079611026872158
6,NEW WADAJ,72.55932864528918,23.072412336267693
6,NEW WADAJ,72.55866099211441,23.079243051357512
6,NEW WADAJ,72.561198048549,23.076082588366322
6,NEW WADAJ,72.56293911800273,23.074464252981098
6,NEW WADAJ,72.56335745097518,23.058572307747788
6,NEW WADAJ,72.56257407355984,23.061916362432367
6,NEW WADAJ,72.56523807573397,23.083754625514754
6,NEW WADAJ,72.565224558807,23.07345158688108
6,NEW WADAJ,72.55838274726985,23.07842442608628
6,NEW WADAJ,72.56603313052304,23.073612198328984
6,NEW WADAJ,72.56752654253887,23.08314792586107
6,NEW WADAJ,72.56141228155302,23.07485592246883
6,NEW WADAJ,72.56554371389974,23.0629808114654
6,NEW WADAJ,72.57097084364754,23.055902825845603
6,NEW WADAJ,72.56792062402782,23.077181494695786
6,NEW WADAJ,72.56182720307727,23.08054181805945
6,NEW WADAJ,72.56600860431128,23.081801692886703
6,NEW WADAJ,72.56177042013256,23.06896048980883
6,NEW WADAJ,72.56490449003343,23.068816590767504
6,NEW WADAJ,72.5692697280662,23.083263170809587
6,NEW WADAJ,72.56821935453416,23.073781112713313
6,NEW WADAJ,72.56347874223997,23.069861446457764
6,NEW WADAJ,72.56465904196756,23.08149170548426
6,NEW WADAJ,72.56787805803992,23.079464003717263
6,NEW WADAJ,72.5629020802053,23.070488891475648
6,NEW WADAJ,72.56421216004473,23.061277269053708
6,NEW WADAJ,72.563598284703,23.06667673984184
6,NEW WADAJ,72.56070904324363,23.070786917265487
6,NEW WADAJ,72.56364416002886,23.06863862954848
6,NEW WADAJ,72.57097522535834,23.055081948732408
6,NEW WADAJ,72.56384548438086,23.059667682506053
6,NEW WADAJ,72.5649827190035,23.062119182700805
6,NEW WADAJ,72.56677733547,23.061064305092717
6,NEW WADAJ,72.56518101761552,23.068152842545654
6,NEW WADAJ,72.56701508620093,23.082933390793354
6,NEW WADAJ,72.56813523541373,23.056976288223794
6,NEW WADAJ,72.55806776638947,23.077040328669067
6,NEW WADAJ,72.56542876509786,23.08081585907063
6,NEW WADAJ,72.56117433246537,23.070158049105455
6,NEW WADAJ,72.56000763479236,23.07981807713255
6,NEW WADAJ,72.56381241884431,23.059503226896787
6,NEW WADAJ,72.5677219180579,23.064691999322804
6,NEW WADAJ,72.56382096566558,23.056508541029004
6,NEW WADAJ,72.56566589242273,23.058932517932732
6,NEW WADAJ,72.56740528718123,23.05508468854109
6,NEW WADAJ,72.56021618249866,23.082056300695918
6,NEW WADAJ,72.56622242153874,23.058627447109114
6,NEW WADAJ,72.56549589658533,23.061296507426444
6,NEW WADAJ,72.57204451929177,23.053792215283913
6,NEW WADAJ,72.56823775825163,23.07869980393729
6,NEW WADAJ,72.56280564264196,23.081901673603053
6,NEW WADAJ,72.56518903203877,23.074739764889046
6,NEW WADAJ,72.56902904734865,23.080554675581983
6,NEW WADAJ,72.564241325433,23.06980987153345
6,NEW WADAJ,72.5680143534233,23.061550943686736
6,NEW WADAJ,72.57014473029493,23.053389435069963
6,NEW WADAJ,72.5598627989389,23.079615127683294
6,NEW WADAJ,72.5597220549819,23.070548891412344
6,NEW WADAJ,72.57001504749155,23.055067255284264
6,NEW WADAJ,72.56122645540734,23.080178668466093
6,NEW WADAJ,72.56340829807677,23.08013003673138
6,NEW WADAJ,72.5694022607608,23.08171067209226
6,NEW WADAJ,72.56312471780977,23.08151747595793
6,NEW WADAJ,72.56131961311617,23.07624394166406
6,NEW WADAJ,72.56641460008848,23.05705606993155
6,NEW WADAJ,72.56375044136664,23.072518352652907
6,NEW WADAJ,72.56512723080012,23.075841901195393
6,NEW WADAJ,72.56417110330602,23.076709984331035
6,NEW WADAJ,72.56544680291347,23.064273586021844
6,NEW WADAJ,72.56492922409774,23.0795424331388
6,NEW WADAJ,72.56084332929721,23.080272562403422
6,NEW WADAJ,72.5599530204412,23.0712288506532
6,NEW WADAJ,72.55772482571157,23.077638202148066
6,NEW WADAJ,72.56991944984603,23.083658352732847
6,NEW WADAJ,72.56992247818098,23.055055829190415
6,NEW WADAJ,72.56478741716737,23.07999860726219
6,NEW WADAJ,72.56568144786047,23.06057357837612
6,NEW WADAJ,72.56820490619188,23.084643331541372
6,NEW WADAJ,72.56876401544363,23.08220519672792
6,NEW WADAJ,72.56491721877264,23.080695879948312
6,NEW WADAJ,72.56439544504833,23.07764639740304
6,NEW WADAJ,72.56059653718407,23.070922129099117
6,NEW WADAJ,72.56843107371984,23.056664866850188
6,NEW WADAJ,72.56422647984265,23.072500959306034
6,NEW WADAJ,72.56479946253944,23.058263221909904
6,NEW WADAJ,72.56602469841062,23.058399962376072
6,NEW WADAJ,72.56810159316252,23.0592594901317
6,NEW WADAJ,72.57079711413802,23.053571892429154
6,NEW WADAJ,72.5649548572144,23.06346088516255
6,NEW WADAJ,72.56032021949082,23.06855849031335
6,NEW WADAJ,72.56995008294248,23.08348724741156
6,NEW WADAJ,72.55994466106472,23.078272432677565
6,NEW WADAJ,72.5649069851637,23.074675441673026
6,NEW WADAJ,72.56241592298115,23.0674647547427
6,NEW WADAJ,72.55962195981354,23.07814524591453
6,NEW WADAJ,72.55925778975869,23.078878325708185
6,NEW WADAJ,72.56411728382724,23.072728877255063
6,NEW WADAJ,72.56839651534409,23.0577591639821
6,NEW WADAJ,72.56081882542426,23.078775048469797
6,NEW WADAJ,72.56638458777381,23.060376430400346
6,NEW WADAJ,72.56605076139944,23.065451540705325
6,NEW WADAJ,72.56579518695244,23.071780548089706
6,NEW WADAJ,72.56143331231257,23.062844476274673
6,NEW WADAJ,72.57051035613877,23.083376560365487
6,NEW WADAJ,72.56275947500488,23.069155958247983
6,NEW WADAJ,72.56995355924781,23.085451848734138
6,NEW WADAJ,72.56700599571057,23.074912896920825
6,NEW WADAJ,72.56504823760089,23.063937631757366
6,NEW WADAJ,72.55913239485763,23.072342563355036
6,NEW WADAJ,72.55750849036738,23.080432862397696
6,NEW WADAJ,72.56337701071705,23.066645650134603
6,NEW WADAJ,72.55939078120763,23.074848132742964
6,NEW WADAJ,72.56454366288916,23.074714970225354
6,NEW WADAJ,72.56517841540267,23.060692685030503
6,NEW WADAJ,72.56973900886551,23.085333153330147
6,NEW WADAJ,72.56397459185766,23.074087411435087
6,NEW WADAJ,72.56891694301207,23.056461914972683
6,NEW WADAJ,72.5613084280536,23.070645243537207
6,NEW WADAJ,72.56500050899186,23.081305308495597
6,NEW WADAJ,72.57235555036449,23.056297430541502
6,NEW WADAJ,72.56104309736527,23.064722464577585
6,NEW WADAJ,72.56428243742751,23.06930907503766
6,NEW WADAJ,72.56645451454116,23.068181390714507
6,NEW WADAJ,72.56323253374528,23.059006265358587
6,NEW WADAJ,72.5660005026185,23.0700432891289
6,NEW WADAJ,72.57050275927949,23.056795558427318
6,NEW WADAJ,72.56353783443748,23.06273534958601
6,NEW WADAJ,72.56887867730856,23.081309708277807
6,NEW WADAJ,72.5681109082726,23.075617395083906
6,NEW WADAJ,72.56046522876662,23.071221935204854
6,NEW WADAJ,72.5670148668471,23.068890853425152
6,NEW WADAJ,72.5646608065044,23.055720171911293
6,NEW WADAJ,72.56720598373326,23.08181863736561
6,NEW WADAJ,72.56235629636188,23.061939063874277
6,NEW WADAJ,72.56071512833364,23.07779491520074
6,NEW WADAJ,72.56882203036218,23.077054760371734
6,NEW WADAJ,72.56108758987386,23.080063541340287
6,NEW WADAJ,72.55931063373012,23.07491731951338
6,NEW WADAJ,72.56859220672641,23.053940381948895
6,NEW WADAJ,72.5654506725294,23.072067117995214
6,NEW WADAJ,72.56154344018539,23.08217724543589
6,NEW WADAJ,72.56962782889394,23.055350519680076
6,NEW WADAJ,72.56738839705923,23.079292158903744
6,NEW WADAJ,72.57007244207959,23.085707512213034
6,NEW WADAJ,72.56729649340937,23.078567395276888
6,NEW WADAJ,72.56470138096633,23.083401771250944
6,NEW WADAJ,72.56685542458776,23.082419737717547
6,NEW WADAJ,72.56048217053358,23.069404232845603
6,NEW WADAJ,72.56819874353889,23.059511181597525
6,NEW WADAJ,72.56359083312076,23.058807726359976
6,NEW WADAJ,72.56198081973386,23.06606091263685
6,NEW WADAJ,72.56653273778386,23.08374759724764
6,NEW WADAJ,72.5677320881297,23.06351890790195
6,NEW WADAJ,72.56185070816973,23.06233937864366
6,NEW WADAJ,72.56377792773606,23.069924048670252
6,NEW WADAJ,72.56677476998352,23.082959762919636
6,NEW WADAJ,72.56106722254084,23.067737350771747
6,NEW WADAJ,72.5618949658758,23.06181782999848
6,NEW WADAJ,72.56211973821298,23.075898774149966
6,NEW WADAJ,72.56164582795975,23.068292731784172
6,NEW WADAJ,72.56331177375104,23.081966969669725
6,NEW WADAJ,72.57057546475089,23.05630264611025
6,NEW WADAJ,72.56577120636786,23.057928159032866
6,NEW WADAJ,72.56751679239984,23.083526145926314
6,NEW WADAJ,72.56584857874373,23.06643576891673
6,NEW WADAJ,72.56711077614727,23.05747753766247
7,GHATLODIA,72.53438712386634,23.061812160175897
7,GHATLODIA,72.55259113433368,23.074978530677782
7,GHATLODIA,72.53927395332482,23.06879405085215
7,GHATLODIA,72.55529921262116,23.074792212191692
7,GHATLODIA,72.54449670746756,23.06425437766118
7,GHATLODIA,72.55166351573148,23.07753390444415
7,GHATLODIA,72.54248543144621,23.07348577374097
7,GHATLODIA,72.54249274973826,23.06934728064178
7,GHATLODIA,72.54599203508229,23.07581832669708
7,GHATLODIA,72.54086804370532,23.06706344980191
7,GHATLODIA,72.53595837969141,23.066471621266608
7,GHATLODIA,72.54093682893507,23.071782928009604
7,GHATLODIA,72.54379999902471,23.07075310501489
7,GHATLODIA,72.5387638906331,23.072263551314464
7,GHATLODIA,72.54089461033277,23.064082671051274
7,GHATLODIA,72.5567788135195,23.07516995457308
7,GHATLODIA,72.5371391042586,23.06384236458516
7,GHATLODIA,72.54369846067807,23.072365506264774
7,GHATLODIA,72.54147960886124,23.069435322851067
7,GHATLODIA,72.5571947858998,23.07079283619629
7,GHATLODIA,72.54533963461205,23.06989727922953
7,GHATLODIA,72.54356457977445,23.064862349138984
7,GHATLODIA,72.54974971611043,23.07133174327572
7,GHATLODIA,72.55697526767572,23.071672781932733
7,GHATLODIA,72.54012486313455,23.06288044494637
7,GHATLODIA,72.5549084229917,23.075432456428718
7,GHATLODIA,72.54352094103552,23.063474192979307
7,GHATLODIA,72.55412622583012,23.07481590668254
7,GHATLODIA,72.54272815474116,23.071877271870317
7,GHATLODIA,72.5435039498708,23.071535759726242
7,GHATLODIA,72.54578423216817,23.073755323851326
7,GHATLODIA,72.53789511415064,23.069828711907842
7,GHATLODIA,72.5464315273077,23.070955969248114
7,GHATLODIA,72.54992052704127,23.07425748661808
7,GHATLODIA,72.54280336048005,23.067685623457514
7,GHATLODIA,72.53628298733508,23.067942919168456
7,GHATLODIA,72.55334163877788,23.078719251303827
7,GHATLODIA,72.55040841408503,23.075043723109523
7,GHATLODIA,72.5347128058216,23.062326457740554
7,GHATLODIA,72.53897713314008,23.06827139435015
7,GHATLODIA,72.54234202513096,23.065493121973766
7,GHATLODIA,72.54425601949109,23.072650856961058
7,GHATLODIA,72.53949469409889,23.064108537937305
7,GHATLODIA,72.54368020916249,23.07276186180539
7,GHATLODIA,72.54342462517909,23.064253805790692
7,GHATLODIA,72.55078974999402,23.071654520202966
7,GHATLODIA,72.5458349868699,23.071000269055997
7,GHATLODIA,72.54213604002828,23.06684305790334
7,GHATLODIA,72.55539111229577,23.077336463912935
7,GHATLODIA,72.5375766130962,23.06503729247608
7,GHATLODIA,72.54366838683782,23.06478019750193
7,GHATLODIA,72.55068071784754,23.069399850510305
7,GHATLODIA,72.53746030186355,23.06995426986679
7,GHATLODIA,72.55620316229974,23.076181245627573
7,GHATLODIA,72.54526013727727,23.065210772463004
7,GHATLODIA,72.55119070468427,23.071386567272825
7,GHATLODIA,72.55227558328714,23.073471370575046
7,GHATLODIA,72.54219695282106,23.062433986358794
7,GHATLODIA,72.54457411141377,23.066361603177416
7,GHATLODIA,72.53732653648972,23.069488069608056
7,GHATLODIA,72.55252504100704,23.072641109643538
7,GHATLODIA,72.54796396846963,23.07597861570419
7,GHATLODIA,72.54965928262634,23.0739766350885
7,GHATLODIA,72.53765416415276,23.064082847442325
7,GHATLODIA,72.53571680265742,23.06239315117435
7,GHATLODIA,72.54491019007371,23.0642355220364
7,GHATLODIA,72.53787503354918,23.059131140558204
7,GHATLODIA,72.54165755642819,23.065858632824597
7,GHATLODIA,72.54759877226908,23.067899101716467
7,GHATLODIA,72.54431369031656,23.063464463758862
7,GHATLODIA,72.55404501867287,23.078828796442373
7,GHATLODIA,72.53998199339435,23.06242691843038
7,GHATLODIA,72.539882678212,23.066175505756483
7,GHATLODIA,72.54117315687763,23.072324173430204
7,GHATLODIA,72.55298266390112,23.073098127800286
7,GHATLODIA,72.5378550418909,23.07050735719715
7,GHATLODIA,72.53678927268713,23.06527109257964
7,GHATLODIA,72.5454766595693,23.06952616197624
7,GHATLODIA,72.54812303520073,23.068453606397483
7,GHATLODIA,72.55706425998342,23.077216205164767
7,GHATLODIA,72.55593168166861,23.072635205276026
7,GHATLODIA,72.54908159213488,23.07219286454318
7,GHATLODIA,72.54346571914138,23.065942569749236
7,GHATLODIA,72.55608325957549,23.07554106115365
7,GHATLODIA,72.5380177287618,23.062211851243998
7,GHATLODIA,72.54013612231324,23.06759378177827
7,GHATLODIA,72.53759063928634,23.068110581526195
7,GHATLODIA,72.54667561197874,23.070896077692602
7,GHATLODIA,72.53599377969452,23.062439316320685
7,GHATLODIA,72.53973816244172,23.062084926108962
7,GHATLODIA,72.55713295610357,23.070097531342082
7,GHATLODIA,72.53901401920969,23.069884670173128
7,GHATLODIA,72.53952129131982,23.06641151544906
7,GHATLODIA,72.54396709503379,23.06994032810369
7,GHATLODIA,72.54090599220142,23.06686241780004
7,GHATLODIA,72.55917872789236,23.071026283838805
7,GHATLODIA,72.55060739429089,23.07293881629976
7,GHATLODIA,72.55449520741752,23.077692794239947
7,GHATLODIA,72.54814038197206,23.07562186025999
7,GHATLODIA,72.54337496813974,23.07099762470317
7,GHATLODIA,72.54359473733373,23.063585035047982
7,GHATLODIA,72.53967069120543,23.06274396128355
7,GHATLODIA,72.53742172548391,23.06933114435129
7,GHATLODIA,72.55580237612232,23.06981628843541
7,GHATLODIA,72.54870198740555,23.07118615543478
7,GHATLODIA,72.54456154191587,23.06366153066479
7,GHATLODIA,72.54037519389156,23.07176467057366
7,GHATLODIA,72.54403667401579,23.065499819398067
7,GHATLODIA,72.53478808309647,23.067967303786002
7,GHATLODIA,72.54946994266173,23.074898828153025
7,GHATLODIA,72.5347458976623,23.066153892664484
7,GHATLODIA,72.55136654777806,23.07255174002676
7,GHATLODIA,72.53615578038556,23.059985775550643
7,GHATLODIA,72.53665310936088,23.05902324107029
7,GHATLODIA,72.54541114948572,23.07043193270592
7,GHATLODIA,72.55637518561551,23.0713936705545
7,GHATLODIA,72.54833539074151,23.073769349779155
7,GHATLODIA,72.55596651869905,23.08013976175166
7,GHATLODIA,72.543694925206,23.066430215125873
7,GHATLODIA,72.55240137443286,23.070748916126124
7,GHATLODIA,72.53848248321331,23.062678049313675
7,GHATLODIA,72.53603900269523,23.068926743263955
7,GHATLODIA,72.53603603107038,23.059359301130073
7,GHATLODIA,72.53330944115564,23.060523216814637
7,GHATLODIA,72.54392325015856,23.064266078246717
7,GHATLODIA,72.54261990504422,23.068699333909212
7,GHATLODIA,72.53947986800317,23.061600724106924
7,GHATLODIA,72.53403353943716,23.061170917850347
7,GHATLODIA,72.54474617586526,23.068558929371086
7,GHATLODIA,72.53667724878488,23.064065610265796
7,GHATLODIA,72.55371857182456,23.07886000832933
7,GHATLODIA,72.54265361168231,23.067747836862655
7,GHATLODIA,72.55125564978488,23.072578719203907
7,GHATLODIA,72.53642934191899,23.061274499881502
7,GHATLODIA,72.54354226487557,23.071226878294418
7,GHATLODIA,72.53984737236584,23.064618723134497
7,GHATLODIA,72.54419188265469,23.073147847294226
7,GHATLODIA,72.5523569441258,23.07799740391481
7,GHATLODIA,72.54815778857326,23.06813708509691
7,GHATLODIA,72.54323423130137,23.063153574968656
7,GHATLODIA,72.54952472045812,23.0716675318889
7,GHATLODIA,72.55441962438324,23.077646747818196
7,GHATLODIA,72.54746328710432,23.07459824040189
7,GHATLODIA,72.5368666407734,23.061374583508982
7,GHATLODIA,72.5532896012107,23.0710091037916
7,GHATLODIA,72.53988071836274,23.07217657300078
7,GHATLODIA,72.5405814235332,23.0686911967348
7,GHATLODIA,72.55547008069689,23.073476652367702
7,GHATLODIA,72.5526565204258,23.071633238109044
7,GHATLODIA,72.5386224145521,23.06094510065527
7,GHATLODIA,72.5468088952671,23.07228344393585
7,GHATLODIA,72.53642356860519,23.06506434843884
7,GHATLODIA,72.5432000090532,23.064392625376225
7,GHATLODIA,72.54099839223187,23.072824398905613
7,GHATLODIA,72.54094417536677,23.067552599286884
7,GHATLODIA,72.54268003380713,23.066074012487594
7,GHATLODIA,72.53533863597923,23.06211705296468
7,GHATLODIA,72.54354665591659,23.06641501018363
7,GHATLODIA,72.55275302131922,23.075096471043484
7,GHATLODIA,72.5381864707804,23.062431350733807
7,GHATLODIA,72.5507668688478,23.07342630104108
7,GHATLODIA,72.5556407439606,23.07161007775899
7,GHATLODIA,72.53962790775483,23.060441267306185
7,GHATLODIA,72.55156231747775,23.075230764538105
7,GHATLODIA,72.55688866903387,23.075327003232104
7,GHATLODIA,72.54971995795242,23.073101700156815
7,GHATLODIA,72.55664008577997,23.07914017459466
7,GHATLODIA,72.5479767772242,23.068001309746066
7,GHATLODIA,72.55608278703211,23.079652344240593
7,GHATLODIA,72.5495082568381,23.073773235764023
7,GHATLODIA,72.54343347083162,23.067891908422965
7,GHATLODIA,72.54002239719749,23.066020701702797
7,GHATLODIA,72.54204364498592,23.06212029997161
7,GHATLODIA,72.54677329979876,23.074808688537054
7,GHATLODIA,72.5412143447753,23.062487742309628
7,GHATLODIA,72.5405561177538,23.063038896440602
7,GHATLODIA,72.55167173280027,23.069130693836705
7,GHATLODIA,72.53540825717562,23.066624023284362
7,GHATLODIA,72.54206010704725,23.069585378336754
7,GHATLODIA,72.5574290307046,23.072993836538082
7,GHATLODIA,72.55729899607586,23.07201438299442
7,GHATLODIA,72.54128880467749,23.068572682068048
7,GHATLODIA,72.554236410689,23.075013531330235
7,GHATLODIA,72.54634248023073,23.068631158246628
7,GHATLODIA,72.55740612679645,23.070477328372682
7,GHATLODIA,72.53664773504636,23.06031318452574
7,GHATLODIA,72.53714369553295,23.06874762480584
7,GHATLODIA,72.54109400141189,23.066901590283425
7,GHATLODIA,72.5560642405194,23.07879783464592
7,GHATLODIA,72.54003449178416,23.073369355118704
7,GHATLODIA,72.53791670302687,23.065971160665065
7,GHATLODIA,72.53599024268915,23.067638944183223
7,GHATLODIA,72.55331780094355,23.071807278152388
7,GHATLODIA,72.5443974119744,23.06605156092584
7,GHATLODIA,72.53620212764284,23.063126205475406
7,GHATLODIA,72.54371225559913,23.0643631094099
7,GHATLODIA,72.54331247897436,23.073593244219467
7,GHATLODIA,72.53985868810769,23.063244555680043
7,GHATLODIA,72.54582096545975,23.066479148639644
7,GHATLODIA,72.55482318042566,23.075305385670706
8,THALTEJ,72.47592739404864,23.075707204510326
8,THALTEJ,72.4985386318776,23.055633453262956
8,THALTEJ,72.48061084223399,23.048409224820755
8,THALTEJ,72.47636393584436,23.058349092686
8,THALTEJ,72.50924845669003,23.046708510388026
8,THALTEJ,72.53242382500345,23.060312158223454
8,THALTEJ,72.45833379643538,23.048319616543957
8,THALTEJ,72.53271980022924,23.052911868644017
8,THALTEJ,72.50852425584672,23.047145562841877
8,THALTEJ,72.49411881496907,23.091940154507245
8,THALTEJ,72.47844252896765,23.045370231634397
8,THALTEJ,72.47829483409203,23.08269874106252
8,THALTEJ,72.50015046400563,23.055923388864727
8,THALTEJ,72.49307179874411,23.07615322855279
8,THALTEJ,72.48745411422115,23.08740125775475
8,THALTEJ,72.53115569525687,23.06347412666696
8,THALTEJ,72.49684032580869,23.041511943472273
8,THALTEJ,72.49830767239847,23.072529506585678
8,THALTEJ,72.48767077336365,23.082196948069605
8,THALTEJ,72.47494508701092,23.078561814540066
8,THALTEJ,72.50538055412154,23.051626296442713
8,THALTEJ,72.48868166454132,23.090222477357464
8,THALTEJ,72.4889014095058,23.057010686943602
8,THALTEJ,72.45455667754024,23.056496336327932
8,THALTEJ,72.48696602635914,23.04864216673078
8,THALTEJ,72.47276941951309,23.08234670791851
8,THALTEJ,72.48429804020115,23.087771392304656
8,THALTEJ,72.51940938860729,23.061054730212522
8,THALTEJ,72.50498588213021,23.051671143185416
8,THALTEJ,72.50120129353051,23.042397019066883
8,THALTEJ,72.48815852623584,23.04882956955415
8,THALTEJ,72.528303863644,23.06545082205746
8,THALTEJ,72.47511032930737,23.050109708406534
8,THALTEJ,72.49654609864426,23.045489684208498
8,THALTEJ,72.46806067397779,23.081372604872364
8,THALTEJ,72.4816355026041,23.072059414293392
8,THALTEJ,72.49542997577174,23.09454352331073
8,THALTEJ,72.51676864247958,23.060705414718313
8,THALTEJ,72.52689050528453,23.060893390203194
8,THALTEJ,72.45552841129151,23.049625182670738
8,THALTEJ,72.49809130438494,23.04393763919247
8,THALTEJ,72.51632552131316,23.055700041382085
8,THALTEJ,72.52296280148725,23.043408086810288
8,THALTEJ,72.4972566666843,23.063526515631278
8,THALTEJ,72.45859711320081,23.049816697364772
8,THALTEJ,72.50747267638779,23.057693164078078
8,THALTEJ,72.53035524644122,23.056183474036327
8,THALTEJ,72.5310482892131,23.06138397708969
8,THALTEJ,72.45257289036279,23.061491448951656
8,THALTEJ,72.4913239493969,23.06344691784861
8,THALTEJ,72.48134232435078,23.076317637275512
8,THALTEJ,72.48072974496152,23.08455723048799
8,THALTEJ,72.49087755939041,23.092151390425226
8,THALTEJ,72.47106942515958,23.084005219489235
8,THALTEJ,72.49574179056336,23.094763583016235
8,THALTEJ,72.4863092699004,23.075616281987113
8,THALTEJ,72.49523944113989,23.04198039442386
8,THALTEJ,72.47613969455743,23.050045513840455
8,THALTEJ,72.4806559056532,23.063241382441937
8,THALTEJ,72.51377073669349,23.048275463269892
8,THALTEJ,72.4820409493208,23.047288112605163
8,THALTEJ,72.51071191327146,23.052978600735194
8,THALTEJ,72.50929987283811,23.056161314260187
8,THALTEJ,72.47905759517639,23.07866698904206
8,THALTEJ,72.49843363751721,23.043356154318626
8,THALTEJ,72.49162550943558,23.04982565706381
8,THALTEJ,72.48300498207601,23.058345430621053
8,THALTEJ,72.49063384235387,23.093618354853582
8,THALTEJ,72.53348892546676,23.0511591764662
8,THALTEJ,72.45140085110653,23.05317460658769
8,THALTEJ,72.498879314194,23.053249904898845
8,THALTEJ,72.50948656442034,23.058300586425958
8,THALTEJ,72.46075783702219,23.049616753293687
8,THALTEJ,72.50627353310085,23.055593404035186
8,THALTEJ,72.50361466573654,23.04842855142122
8,THALTEJ,72.51301738428005,23.05506063729038
8,THALTEJ,72.47715143327004,23.051414365578857
8,THALTEJ,72.4933375739635,23.039909658605506
8,THALTEJ,72.47259022820084,23.047265072356353
8,THALTEJ,72.52467030019143,23.04262457309529
8,THALTEJ,72.49559541265272,23.09096533476013
8,THALTEJ,72.49661845869193,23.041120481850825
8,THALTEJ,72.49086604638471,23.09312328107869
8,THALTEJ,72.47542289141904,23.045720077832133
8,THALTEJ,72.49660364322958,23.054525303521743
8,THALTEJ,72.47290970306068,23.07494057713136
8,THALTEJ,72.5269996551068,23.055814447778168
8,THALTEJ,72.49094478985133,23.037836793273
8,THALTEJ,72.51609114867766,23.056412948623596
8,THALTEJ,72.49950940401868,23.047978299279468
8,THALTEJ,72.47696139038537,23.053052386559216
8,THALTEJ,72.47073325224069,23.062209313600164
8,THALTEJ,72.45261542510542,23.053994223065793
8,THALTEJ,72.4822336351934,23.07858356973822
8,THALTEJ,72.4803246544645,23.066138050851226
8,THALTEJ,72.49024790216441,23.040134722281213
8,THALTEJ,72.48776691391429,23.07788719849278
8,THALTEJ,72.49812810367268,23.04201784021451
8,THALTEJ,72.50904194819961,23.056826280936118
8,THALTEJ,72.49379019914525,23.056923844379188
8,THALTEJ,72.51139703249532,23.05250194904392
8,THALTEJ,72.51841148125095,23.055407080346015
8,THALTEJ,72.51688183125054,23.059114256233727
8,THALTEJ,72.49408621219982,23.071431138894255
8,THALTEJ,72.52329541060028,23.05858119596391
8,THALTEJ,72.4531028661686,23.06121040177491
8,THALTEJ,72.50044575674613,23.061100446630206
8,THALTEJ,72.49002563943351,23.044780358822774
8,THALTEJ,72.50019640888891,23.047162274839657
8,THALTEJ,72.53192032332319,23.04826526190183
8,THALTEJ,72.48225605695042,23.066153527488225
8,THALTEJ,72.53089418947006,23.055285729465712
8,THALTEJ,72.48983268415192,23.037599993225115
8,THALTEJ,72.49657504178498,23.0618598247464
8,THALTEJ,72.4844146206081,23.043336098025446
8,THALTEJ,72.48791196294151,23.071799112810623
8,THALTEJ,72.52523416759885,23.05152491150655
8,THALTEJ,72.47901719580372,23.092402900794582
8,THALTEJ,72.49282048190626,23.051585367665318
8,THALTEJ,72.47511569943201,23.045896935491676
8,THALTEJ,72.45043016116456,23.048846132407736
8,THALTEJ,72.50051224847991,23.042525369993943
8,THALTEJ,72.49325793581244,23.052556152855562
8,THALTEJ,72.48046737670163,23.0834774195767
8,THALTEJ,72.50638431404614,23.046095537413276
8,THALTEJ,72.49873726784259,23.04978303997889
8,THALTEJ,72.48217483841128,23.075304180558017
8,THALTEJ,72.45687016625611,23.061504593630808
8,THALTEJ,72.48609940978139,23.085596807090194
8,THALTEJ,72.48387372829298,23.04560162164041
8,THALTEJ,72.45428519088138,23.06034624256506
8,THALTEJ,72.51072748344743,23.058908368912846
8,THALTEJ,72.45521301310028,23.057395422458676
8,THALTEJ,72.49712170514356,23.04464011770295
8,THALTEJ,72.4749989805143,23.077895152856442
8,THALTEJ,72.51414622394365,23.053947559831418
8,THALTEJ,72.47872901984513,23.052898551878805
8,THALTEJ,72.46621540036229,23.047180002711595
8,THALTEJ,72.51845655221648,23.057935445295023
8,THALTEJ,72.48134664976217,23.055188693678193
8,THALTEJ,72.48707726445919,23.043396530797093
8,THALTEJ,72.48965029726759,23.03998005204627
8,THALTEJ,72.4797942829366,23.073415969055006
8,THALTEJ,72.48020532787687,23.08153148992841
8,THALTEJ,72.48436571652509,23.064386537921
8,THALTEJ,72.5125058490255,23.060016575711053
8,THALTEJ,72.48251374485066,23.064556663434924
8,THALTEJ,72.46703073684705,23.083400914834908
8,THALTEJ,72.51364016962943,23.053889461193716
8,THALTEJ,72.52440420189205,23.045871712425615
8,THALTEJ,72.51979113440208,23.046673195149797
8,THALTEJ,72.49453807480091,23.068837733801693
8,THALTEJ,72.49926788003205,23.049037305070353
8,THALTEJ,72.46244554512568,23.080187928776642
8,THALTEJ,72.48468431998012,23.055624500415604
8,THALTEJ,72.48345178654522,23.075200609810373
8,THALTEJ,72.47143703555174,23.04709702803978
8,THALTEJ,72.49699522361469,23.081345770624704
8,THALTEJ,72.48905761036741,23.050937646093338
8,THALTEJ,72.49982749821449,23.046497030670587
8,THALTEJ,72.49488061229921,23.04443633095758
8,THALTEJ,72.49271519618414,23.056999756881
8,THALTEJ,72.48973669205816,23.064743841889978
8,THALTEJ,72.52249981944631,23.051550910405815
8,THALTEJ,72.48691899398575,23.079639235440776
8,THALTEJ,72.50653870065845,23.04848337818676
8,THALTEJ,72.52381844313695,23.050223835981946
8,THALTEJ,72.48769229065022,23.05987918272204
8,THALTEJ,72.49241555599889,23.052798327761874
8,THALTEJ,72.52844113065017,23.04601946065203
8,THALTEJ,72.48982970583627,23.09039565714426
8,THALTEJ,72.4905480005711,23.051274425183173
8,THALTEJ,72.46808132461075,23.078860532805844
8,THALTEJ,72.5181393399966,23.05426236837631
8,THALTEJ,72.49442583242981,23.098649437901614
8,THALTEJ,72.47920421275549,23.09371862520405
8,THALTEJ,72.49593062967725,23.047504656803913
8,THALTEJ,72.48053625720574,23.082220860423572
8,THALTEJ,72.49300128136814,23.07530449260114
8,THALTEJ,72.46993625069145,23.061241561204184
8,THALTEJ,72.52668107551564,23.044212599433482
8,THALTEJ,72.50273709496682,23.048928431171568
8,THALTEJ,72.48533572885377,23.053083384660177
8,THALTEJ,72.48835894256601,23.09795570623879
8,THALTEJ,72.49483231701402,23.067009697330707
8,THALTEJ,72.51603892398667,23.0612758261966
8,THALTEJ,72.48751620943659,23.058606812286175
8,THALTEJ,72.46278152671299,23.08249907656202
8,THALTEJ,72.52807322682217,23.065887189506963
8,THALTEJ,72.47469214122354,23.077688089877192
8,THALTEJ,72.49354767807705,23.080914086007006
8,THALTEJ,72.49472108452582,23.067172427587447
8,THALTEJ,72.48042889269504,23.077782124370508
8,THALTEJ,72.49580218712903,23.045426443613902
8,THALTEJ,72.52703598471784,23.06000569553225
8,THALTEJ,72.48797730345191,23.050283880058355
8,THALTEJ,72.52810564375659,23.04051682274391
8,THALTEJ,72.47471293881404,23.050208290518373
8,THALTEJ,72.47534730794324,23.066586934288658
8,THALTEJ,72.47394545957056,23.045383918844855
9,NARANPURA,72.55389854735618,23.065149681394242
9,NARANPURA,72.5593719808714,23.050663924474698
9,NARANPURA,72.55263748396801,23.066462535609837
9,NARANPURA,72.55526566844722,23.05201587441285
9,NARANPURA,72.55199401049757,23.050711218786894
9,NARANPURA,72.54958577249346,23.051801214642524
9,NARANPURA,72.54649294097744,23.05960079902866
9,NARANPURA,72.55584650744332,23.065722716630354
9,NARANPURA,72.54003044405856,23.05641249142938
9,NARANPURA,72.5500682715609,23.050206624971654
9,NARANPURA,72.5484852198176,23.05753171336383
9,NARANPURA,72.55384226235255,23.056257406873073
9,NARANPURA,72.55121382710023,23.054472996465197
9,NARANPURA,72.56111401707774,23.06073366105781
9,NARANPURA,72.55087155112696,23.068795893215906
9,NARANPURA,72.55643399042573,23.058180288721218
9,NARANPURA,72.55625207746841,23.065189096079596
9,NARANPURA,72.5451842537053,23.05376374899668
9,NARANPURA,72.5507557363121,23.053497277721892
9,NARANPURA,72.55578424618535,23.06485551762292
9,NARANPURA,72.55022022180674,23.06430508957343
9,NARANPURA,72.55131442896824,23.064042772814094
9,NARANPURA,72.55714717417243,23.05333060339201
9,NARANPURA,72.55261194936068,23.067461901275657
9,NARANPURA,72.54821071627606,23.061506414422645
9,NARANPURA,72.55928980226966,23.057099774322946
9,NARANPURA,72.54380218013138,23.055276519423984
9,NARANPURA,72.5583510972051,23.058098797044554
9,NARANPURA,72.5609664815897,23.05078279376412
9,NARANPURA,72.54936358052689,23.058261791091237
9,NARANPURA,72.54742908896502,23.061006579450197
9,NARANPURA,72.56283834756863,23.054780046699666
9,NARANPURA,72.5532755897447,23.06799361046794
9,NARANPURA,72.5587962767788,23.04790876128839
9,NARANPURA,72.56363476561458,23.048050712289825
9,NARANPURA,72.55354626148578,23.060741788302046
9,NARANPURA,72.5591779760141,23.050494227016582
9,NARANPURA,72.54102928742472,23.058199560830083
9,NARANPURA,72.55761804397865,23.0625634112585
9,NARANPURA,72.54277037688749,23.0542272620495
9,NARANPURA,72.55138521327402,23.048937863660917
9,NARANPURA,72.55684837923543,23.048147201769307
9,NARANPURA,72.54955477673299,23.051050986853145
9,NARANPURA,72.55117817023118,23.06476276948991
9,NARANPURA,72.56219615827969,23.05285235130579
9,NARANPURA,72.55733232726222,23.053651584402495
9,NARANPURA,72.56137506568288,23.052698790658845
9,NARANPURA,72.56070205756072,23.048816393311835
9,NARANPURA,72.54132629665789,23.05607615395198
9,NARANPURA,72.5611061658927,23.050401627104502
9,NARANPURA,72.56171548808118,23.052445475564813
9,NARANPURA,72.54966367932636,23.055398036639865
9,NARANPURA,72.54925532857328,23.063501711597592
9,NARANPURA,72.55316182771422,23.05897418886812
9,NARANPURA,72.55433899596088,23.068494808718082
9,NARANPURA,72.55669660545777,23.059712651827244
9,NARANPURA,72.55515421913513,23.06148688830934
9,NARANPURA,72.54911122192853,23.06192783529917
9,NARANPURA,72.54940896502548,23.065116775526437
9,NARANPURA,72.56015668696996,23.061375620565016
9,NARANPURA,72.55812196433206,23.051204871279364
9,NARANPURA,72.55041910995962,23.05310734357885
9,NARANPURA,72.56138522861853,23.05926182163775
9,NARANPURA,72.54915909170533,23.066214602200276
9,NARANPURA,72.54373350912695,23.05334924926103
9,NARANPURA,72.53942899461693,23.05638968490079
9,NARANPURA,72.55763260569937,23.049465937399994
9,NARANPURA,72.56144636801677,23.052238632547077
9,NARANPURA,72.55714948180317,23.05309082836951
9,NARANPURA,72.551287672252,23.049610231584317
9,NARANPURA,72.54850724120558,23.067373994654034
9,NARANPURA,72.54374729848391,23.05333939073545
9,NARANPURA,72.55980800220482,23.05349224513124
9,NARANPURA,72.53685082088097,23.05720264094664
9,NARANPURA,72.5550581096362,23.060925674446374
9,NARANPURA,72.55606804832625,23.048382367628506
9,NARANPURA,72.55935113624207,23.05324198938738
9,NARANPURA,72.55939148102753,23.056197348940998
9,NARANPURA,72.5426418519548,23.055069122733308
9,NARANPURA,72.55467107079761,23.04933031307995
9,NARANPURA,72.56288956945738,23.054405431393423
9,NARANPURA,72.55584566981334,23.059535375479733
9,NARANPURA,72.55161313442551,23.055978519231527
9,NARANPURA,72.55922510278427,23.057114135715267
9,NARANPURA,72.55974306166976,23.05838082440039
9,NARANPURA,72.54724151780064,23.05462860897262
9,NARANPURA,72.55130242113235,23.05737481013146
9,NARANPURA,72.55623325597674,23.050224296192177
9,NARANPURA,72.54918441238175,23.06833541027665
9,NARANPURA,72.5377966429682,23.057908949349013
9,NARANPURA,72.55559151891411,23.068239616933354
9,NARANPURA,72.5536895323227,23.066721920446827
9,NARANPURA,72.54311480327627,23.055399837707213
9,NARANPURA,72.55266842819469,23.058344622060428
9,NARANPURA,72.54962261638688,23.048342187036255
9,NARANPURA,72.54977033262017,23.05363867710516
9,NARANPURA,72.54654086560073,23.049887346703294
9,NARANPURA,72.55733712046825,23.060293303236744
9,NARANPURA,72.54983398886279,23.058792788337414
9,NARANPURA,72.54152205340513,23.059691051384778
9,NARANPURA,72.55403692795959,23.0507078983098
9,NARANPURA,72.54564229639536,23.062061522623434
9,NARANPURA,72.55462952556444,23.067074457697483
9,NARANPURA,72.55785303741158,23.06710819670825
9,NARANPURA,72.55458512064588,23.05771976968098
9,NARANPURA,72.54798407159134,23.05602923051894
9,NARANPURA,72.54869152971803,23.0500349392887
9,NARANPURA,72.5488501177401,23.05627923555249
9,NARANPURA,72.53775415411792,23.053535238650852
9,NARANPURA,72.5581953411522,23.060804005496117
9,NARANPURA,72.55974154898756,23.059957683817316
9,NARANPURA,72.55935240796948,23.05489778693298
9,NARANPURA,72.5538258448013,23.055623389230462
9,NARANPURA,72.55417691509662,23.059553869004024
9,NARANPURA,72.54974788220174,23.06353988310036
9,NARANPURA,72.55892158327077,23.068774090464835
9,NARANPURA,72.54925983964638,23.048886941459244
9,NARANPURA,72.55952957415306,23.06817863108028
9,NARANPURA,72.5485566630737,23.052772499515104
9,NARANPURA,72.5458093160456,23.062362891336257
9,NARANPURA,72.56047962133864,23.058352824744624
9,NARANPURA,72.56012855297098,23.056338399878697
9,NARANPURA,72.54670001781727,23.060925058975588
9,NARANPURA,72.55148403301285,23.0561766693821
9,NARANPURA,72.54802302624499,23.060083750574517
9,NARANPURA,72.54688257343508,23.064283650073566
9,NARANPURA,72.5476163707878,23.05615200185415
9,NARANPURA,72.55435026971425,23.048391568332196
9,NARANPURA,72.55544399374661,23.059052353100675
9,NARANPURA,72.54967843215272,23.064195948788953
9,NARANPURA,72.558376256764,23.067244645765353
9,NARANPURA,72.54744938973082,23.05478121276485
9,NARANPURA,72.55712489252419,23.060896643838806
9,NARANPURA,72.55477281686484,23.060265771862166
9,NARANPURA,72.55878766038921,23.051492741487365
9,NARANPURA,72.5526045729346,23.050726075341803
9,NARANPURA,72.54837405126204,23.06286950773728
9,NARANPURA,72.55081956855052,23.056042715246278
9,NARANPURA,72.54886171328774,23.065847902553823
9,NARANPURA,72.54155451108939,23.053791162620563
9,NARANPURA,72.54640308672569,23.04947112134792
9,NARANPURA,72.5510684300104,23.05154601225957
9,NARANPURA,72.55484076110575,23.05149397699919
9,NARANPURA,72.5555262157544,23.06940956775666
9,NARANPURA,72.55072884252064,23.047732792723373
9,NARANPURA,72.55313628087262,23.060333126599605
9,NARANPURA,72.55443568451484,23.064806566829706
9,NARANPURA,72.55084377584106,23.06177513211955
9,NARANPURA,72.54818791733508,23.050827488218587
9,NARANPURA,72.55736671415515,23.055074383966126
9,NARANPURA,72.55390131191969,23.048845718486223
9,NARANPURA,72.54308606424138,23.056953635823227
9,NARANPURA,72.55697918918726,23.05671912861884
9,NARANPURA,72.54074445428819,23.055018592052242
9,NARANPURA,72.5434191599266,23.054806189602658
9,NARANPURA,72.53919747687293,23.0547264584767
9,NARANPURA,72.55182770819376,23.055440721798906
9,NARANPURA,72.55151873177967,23.047973255125868
9,NARANPURA,72.55525064027235,23.06045674515255
9,NARANPURA,72.5561738147118,23.060547456611115
9,NARANPURA,72.54924750048481,23.055335797581225
9,NARANPURA,72.54322149717709,23.058934625714265
9,NARANPURA,72.53751139068295,23.054810092837695
9,NARANPURA,72.55608564887741,23.04954064382063
9,NARANPURA,72.54810398845368,23.06617800817733
9,NARANPURA,72.54889669396456,23.053275910691497
9,NARANPURA,72.5541120570992,23.06201014299398
9,NARANPURA,72.55450334129841,23.054654973843707
9,NARANPURA,72.54702907392108,23.059583462532494
9,NARANPURA,72.55659605127438,23.054544341350578
9,NARANPURA,72.55038017104171,23.066544736819388
9,NARANPURA,72.55800865503782,23.066337019673472
9,NARANPURA,72.55805811262861,23.061400240748714
9,NARANPURA,72.55576456944674,23.064690933211608
9,NARANPURA,72.55813334360771,23.068192426563673
9,NARANPURA,72.54672327045753,23.06261716647211
9,NARANPURA,72.54475615613879,23.061203027197628
9,NARANPURA,72.55817448679434,23.065918190072225
9,NARANPURA,72.54874086783718,23.059142320237726
9,NARANPURA,72.55312294825363,23.063658668668793
9,NARANPURA,72.55511922564658,23.063895793000675
9,NARANPURA,72.53870241891764,23.053431893728465
9,NARANPURA,72.55695040806573,23.058790767369928
9,NARANPURA,72.55240053729673,23.06125131725095
9,NARANPURA,72.54767240376297,23.065507588184207
9,NARANPURA,72.55738685005151,23.064077043090283
9,NARANPURA,72.5571524787193,23.068303153471707
9,NARANPURA,72.55719853885299,23.058386198744547
9,NARANPURA,72.54498178618049,23.060134099014878
9,NARANPURA,72.55319378493816,23.056436406163495
9,NARANPURA,72.55209547133258,23.051088422867544
9,NARANPURA,72.55379929726269,23.060549884808474
9,NARANPURA,72.55881386530619,23.055610124595944
9,NARANPURA,72.55276145452922,23.047582467573058
9,NARANPURA,72.56015600015044,23.051653980494297
9,NARANPURA,72.55916789090763,23.063857718901453
9,NARANPURA,72.54579810252439,23.062034267323664
9,NARANPURA,72.55380237243686,23.048240262548973
9,NARANPURA,72.54041483658646,23.05311569040231
9,NARANPURA,72.55947722699001,23.067053835297582
10,S.P.STADIUM,72.58657205321423,23.064919193343993
10,S.P.STADIUM,72.58319754175183,23.070322928758408
10,S.P.STADIUM,72.57915823603602,23.05768793024054
10,S.P.STADIUM,72.57308837838495,23.040707198781263
10,S.P.STADIUM,72.56244870730119,23.047537902670907
10,S.P.STADIUM,72.56829051131228,23.043979521241567
10,S.P.STADIUM,72.58721960354166,23.071170232568818
10,S.P.STADIUM,72.57309892431881,23.05081886266314
10,S.P.STADIUM,72.57667985583764,23.049663642410366
10,S.P.STADIUM,72.5727417528231,23.054327509043468
10,S.P.STADIUM,72.56591828982926,23.05275080818201
10,S.P.STADIUM,72.5787489176573,23.053557426414645
10,S.P.STADIUM,72.57006358539236,23.041877394214684
10,S.P.STADIUM,72.57295493938356,23.06722804865196
10,S.P.STADIUM,72.57435964300707,23.0637590645759
10,S.P.STADIUM,72.57090895251628,23.057730445614315
10,S.P.STADIUM,72.58503969803937,23.068199679073036
10,S.P.STADIUM,72.58010647294246,23.065417143146963
10,S.P.STADIUM,72.56748537360431,23.050897837957123
10,S.P.STADIUM,72.57583653229344,23.059219249026036
10,S.P.STADIUM,72.58581978432899,23.065833265429266
10,S.P.STADIUM,72.57580958322822,23.05114555480021
10,S.P.STADIUM,72.57191199884927,23.048458682452566
10,S.P.STADIUM,72.56998464584562,23.041299521703866
10,S.P.STADIUM,72.58035347893858,23.059029853106953
10,S.P.STADIUM,72.57185659152506,23.044773812255155
10,S.P.STADIUM,72.58140729327589,23.05778190766825
10,S.P.STADIUM,72.5849694434712,23.070146977798395
10,S.P.STADIUM,72.57312105595682,23.0631569174265
10,S.P.STADIUM,72.56884873451797,23.061863937867567
10,S.P.STADIUM,72.57501730419034,23.062329099699134
10,S.P.STADIUM,72.56606935096121,23.054089696389063
10,S.P.STADIUM,72.57107186420888,23.062708052836864
10,S.P.STADIUM,72.56622316026852,23.047666546123065
10,S.P.STADIUM,72.57421997049518,23.063931121580165
10,S.P.STADIUM,72.58624038925693,23.064306837728477
10,S.P.STADIUM,72.57190731952151,23.065656057819837
10,S.P.STADIUM,72.58278232307947,23.060137589406747
10,S.P.STADIUM,72.57803489968373,23.064670345982986
10,S.P.STADIUM,72.58503051682298,23.06499452790035
10,S.P.STADIUM,72.56781983414777,23.04538777972325
10,S.P.STADIUM,72.57881405171517,23.055002420960218
10,S.P.STADIUM,72.57837712360325,23.06681589958796
10,S.P.STADIUM,72.57650485085477,23.058255727216416
10,S.P.STADIUM,72.58298210980702,23.06178364778347
10,S.P.STADIUM,72.56430326680717,23.05342728096146
10,S.P.STADIUM,72.56970702592972,23.05078967919977
10,S.P.STADIUM,72.5779057795274,23.056472985614942
10,S.P.STADIUM,72.5821253032067,23.063242558793423
10,S.P.STADIUM,72.57288595588051,23.051432546213178
10,S.P.STADIUM,72.57679870091503,23.06644437255185
10,S.P.STADIUM,72.58083781065409,23.060156032088127
10,S.P.STADIUM,72.58173643128103,23.06402291982195
10,S.P.STADIUM,72.57011447219486,23.046410435786374
10,S.P.STADIUM,72.56840045980384,23.046494823607894
10,S.P.STADIUM,72.57089256458005,23.04730519885003
10,S.P.STADIUM,72.56792289718574,23.052446893297315
10,S.P.STADIUM,72.57935911171789,23.066270614246918
10,S.P.STADIUM,72.5726140935819,23.06098714097797
10,S.P.STADIUM,72.57589846651629,23.068457183358987
10,S.P.STADIUM,72.58209148536167,23.06756186446729
10,S.P.STADIUM,72.58441654716201,23.060139622451103
10,S.P.STADIUM,72.57737318464152,23.057192155681797
10,S.P.STADIUM,72.58713488823982,23.067785525456927
10,S.P.STADIUM,72.57137851419563,23.061086684430713
10,S.P.STADIUM,72.58646482487428,23.070891560866308
10,S.P.STADIUM,72.5822669104372,23.06542030124128
10,S.P.STADIUM,72.57339240546467,23.062029905753068
10,S.P.STADIUM,72.57953550630697,23.064842137049276
10,S.P.STADIUM,72.56684604205836,23.04427899938626
10,S.P.STADIUM,72.5727205413584,23.048830449904816
10,S.P.STADIUM,72.57517862974585,23.062129423018103
10,S.P.STADIUM,72.5772756233735,23.05510920320111
10,S.P.STADIUM,72.56595596670525,23.053148664528507
10,S.P.STADIUM,72.5732360194718,23.049269101791147
10,S.P.STADIUM,72.5736744892115,23.060717440605096
10,S.P.STADIUM,72.57112714370008,23.04562666937759
10,S.P.STADIUM,72.57524216938029,23.050860465735962
10,S.P.STADIUM,72.56833590245355,23.069783127701783
10,S.P.STADIUM,72.57251896106604,23.06207104070328
10,S.P.STADIUM,72.57329820349041,23.07032825005211
10,S.P.STADIUM,72.58038039629496,23.056322044531388
10,S.P.STADIUM,72.57120233430086,23.05796752526232
10,S.P.STADIUM,72.56981122515016,23.04418943462226
10,S.P.STADIUM,72.56345229429917,23.045123119739834
10,S.P.STADIUM,72.57609136926227,23.05280158573264
10,S.P.STADIUM,72.5701414865801,23.06200102840149
10,S.P.STADIUM,72.57581472337634,23.0658691146647
10,S.P.STADIUM,72.58750160279766,23.06767392316009
10,S.P.STADIUM,72.56757171085987,23.042881462758242
10,S.P.STADIUM,72.57075892060764,23.06824872383883
10,S.P.STADIUM,72.57741300061707,23.067654251070948
10,S.P.STADIUM,72.5743257362676,23.05165653632525
10,S.P.STADIUM,72.57238280903778,23.05261902425432
10,S.P.STADIUM,72.56338536758378,23.04737871431361
10,S.P.STADIUM,72.56846302708975,23.064792815670327
10,S.P.STADIUM,72.58633650422749,23.07020984049762
10,S.P.STADIUM,72.57332243669659,23.05060282055126
10,S.P.STADIUM,72.57140441524085,23.057240451952246
10,S.P.STADIUM,72.58380798157057,23.064757098353592
10,S.P.STADIUM,72.58082246434444,23.068087036345517
10,S.P.STADIUM,72.56818348499782,23.06951200110702
10,S.P.STADIUM,72.56537474686856,23.046483428063723
10,S.P.STADIUM,72.58569557751395,23.061729598817138
10,S.P.STADIUM,72.56492459110471,23.051901510282235
10,S.P.STADIUM,72.56867695353704,23.070823328873924
10,S.P.STADIUM,72.58702484550827,23.06752387005114
10,S.P.STADIUM,72.57563642844687,23.056352446377176
10,S.P.STADIUM,72.56912943087906,23.050425079811756
10,S.P.STADIUM,72.57411849839018,23.060215086459227
10,S.P.STADIUM,72.58286241825519,23.067119355342548
10,S.P.STADIUM,72.57589988729544,23.059173525737705
10,S.P.STADIUM,72.56837080174711,23.045886897440216
10,S.P.STADIUM,72.58426414908507,23.060042363922353
10,S.P.STADIUM,72.57324954345835,23.057444233112992
10,S.P.STADIUM,72.57584486285857,23.049084258506188
10,S.P.STADIUM,72.5778013517488,23.06582591699203
10,S.P.STADIUM,72.57062963865285,23.066557466561765
10,S.P.STADIUM,72.56691533833548,23.040516469488836
10,S.P.STADIUM,72.58755291928907,23.064977674431958
10,S.P.STADIUM,72.57644307773866,23.06459216290608
10,S.P.STADIUM,72.5773094122915,23.064699541409748
10,S.P.STADIUM,72.57979716895595,23.059553244219355
10,S.P.STADIUM,72.57928468719155,23.05825038134146
10,S.P.STADIUM,72.58675455589663,23.06256112425658
10,S.P.STADIUM,72.57256065317505,23.0404501265338
10,S.P.STADIUM,72.56407592298949,23.051699814314855
10,S.P.STADIUM,72.56771486213435,23.047581179567292
10,S.P.STADIUM,72.58424203092119,23.0659096043244
10,S.P.STADIUM,72.57312744227623,23.04562167106179
10,S.P.STADIUM,72.56552255481283,23.042734418316286
10,S.P.STADIUM,72.57336060273815,23.04132570438632
10,S.P.STADIUM,72.57174910109791,23.07235397705784
10,S.P.STADIUM,72.57660979903399,23.067649265105636
10,S.P.STADIUM,72.56603575878346,23.048863900675347
10,S.P.STADIUM,72.56556341220013,23.040025914012542
10,S.P.STADIUM,72.587140975922,23.062521953248545
10,S.P.STADIUM,72.57076210691405,23.047274621914227
10,S.P.STADIUM,72.57078473242944,23.050675493271367
10,S.P.STADIUM,72.58630315371352,23.070045212387246
10,S.P.STADIUM,72.56578545813973,23.05468747775388
10,S.P.STADIUM,72.57069040256988,23.069723099471585
10,S.P.STADIUM,72.56453713593714,23.051953194692278
10,S.P.STADIUM,72.5696496873996,23.068471983959313
10,S.P.STADIUM,72.57792247537294,23.052566768864573
10,S.P.STADIUM,72.57279724197099,23.07046363808439
10,S.P.STADIUM,72.58537923818979,23.067261107395186
10,S.P.STADIUM,72.57078862617104,23.06362034162252
10,S.P.STADIUM,72.57372874108631,23.06010735964115
10,S.P.STADIUM,72.57675277722436,23.059222050578633
10,S.P.STADIUM,72.57144171641332,23.07015315270246
10,S.P.STADIUM,72.58390206265355,23.064925403047884
10,S.P.STADIUM,72.57369501435156,23.067184779084652
10,S.P.STADIUM,72.57063492183659,23.062980994855874
10,S.P.STADIUM,72.58272388548085,23.068391489583632
10,S.P.STADIUM,72.5713647215738,23.06491375702488
10,S.P.STADIUM,72.5653990315767,23.044459703006517
10,S.P.STADIUM,72.57664808641086,23.063561290880767
10,S.P.STADIUM,72.57156799161095,23.063656629692147
10,S.P.STADIUM,72.56420496397061,23.05282450282713
10,S.P.STADIUM,72.57128771462283,23.063503485255403
10,S.P.STADIUM,72.56841173578593,23.06558691261868
10,S.P.STADIUM,72.58460224344759,23.066082924794966
10,S.P.STADIUM,72.56648541312681,23.055055881252997
10,S.P.STADIUM,72.58010440751848,23.057116399386985
10,S.P.STADIUM,72.57550521136804,23.057688860208113
10,S.P.STADIUM,72.57504931972075,23.068600760179287
10,S.P.STADIUM,72.57632412809284,23.062587655197426
10,S.P.STADIUM,72.57287883169089,23.052269740714085
10,S.P.STADIUM,72.57383794988714,23.04739757378468
10,S.P.STADIUM,72.56933616943508,23.05957014414791
10,S.P.STADIUM,72.57130561844764,23.06790695316605
10,S.P.STADIUM,72.57786897281558,23.061540191833373
10,S.P.STADIUM,72.57437109182597,23.05704094548407
10,S.P.STADIUM,72.57285043755752,23.062347525039065
10,S.P.STADIUM,72.57457787610207,23.066182419085305
10,S.P.STADIUM,72.57433103510772,23.04776951271332
10,S.P.STADIUM,72.5700732418272,23.041316991714755
10,S.P.STADIUM,72.57751597026916,23.06792825906124
10,S.P.STADIUM,72.56790474064842,23.069032672032257
10,S.P.STADIUM,72.56400937058777,23.05330627059351
10,S.P.STADIUM,72.56571732666048,23.048791773374713
10,S.P.STADIUM,72.57177019288494,23.047944109727244
10,S.P.STADIUM,72.56499023907661,23.054704699402816
10,S.P.STADIUM,72.57661491957029,23.055291946462393
10,S.P.STADIUM,72.58524085329364,23.070637178597483
10,S.P.STADIUM,72.57755877509727,23.061618723404408
10,S.P.STADIUM,72.57046858376725,23.06728350006644
10,S.P.STADIUM,72.58766118582676,23.068532972292495
10,S.P.STADIUM,72.56578899251099,23.04073101670664
10,S.P.STADIUM,72.57214696497631,23.058936568862077
10,S.P.STADIUM,72.57224692973188,23.071694602410385
10,S.P.STADIUM,72.56954267916346,23.04930882249456
10,S.P.STADIUM,72.58975591938784,23.06320407954629
10,S.P.STADIUM,72.56388172128428,23.042920674393326
10,S.P.STADIUM,72.56802669407828,23.069376672770765
10,S.P.STADIUM,72.5817993668968,23.068461209620498
10,S.P.STADIUM,72.58016959316282,23.064691631313256
10,S.P.STADIUM,72.56922148056991,23.06945653387312
10,S.P.STADIUM,72.57303273074938,23.048967485181898
11,SARDARNAGAR,72.64558919536132,23.08596229138465
11,SARDARNAGAR,72.65309564471735,23.09411487630619
11,SARDARNAGAR,72.62673107259884,23.083911307607046
11,SARDARNAGAR,72.64953993391678,23.086563877053695
11,SARDARNAGAR,72.60994854727652,23.08465229828984
11,SARDARNAGAR,72.64185094195828,23.084956719422774
11,SARDARNAGAR,72.6477554184767,23.091144875555273
11,SARDARNAGAR,72.61710859643875,23.083571087647734
11,SARDARNAGAR,72.66851379942605,23.099237562922845
11,SARDARNAGAR,72.66091926675216,23.090537438933893
11,SARDARNAGAR,72.64835557638415,23.097762627240083
11,SARDARNAGAR,72.67879360809927,23.1057436817815
11,SARDARNAGAR,72.6061796238388,23.08725985802557
11,SARDARNAGAR,72.6251746587761,23.082852614273445
11,SARDARNAGAR,72.64798183580066,23.078290392301117
11,SARDARNAGAR,72.64199749702492,23.08733712907369
11,SARDARNAGAR,72.65336698751155,23.088345073740108
11,SARDARNAGAR,72.66628761538581,23.09404831343798
11,SARDARNAGAR,72.65107386791743,23.085562795166034
11,SARDARNAGAR,72.61853190317598,23.083150922432363
11,SARDARNAGAR,72.61478200683416,23.08735385426553
11,SARDARNAGAR,72.65625871466567,23.092093843858603
11,SARDARNAGAR,72.64903443594145,23.083843577341202
11,SARDARNAGAR,72.65365964136491,23.09524227221082
11,SARDARNAGAR,72.66820211676294,23.09724918531045
11,SARDARNAGAR,72.63011476950692,23.084014519452563
11,SARDARNAGAR,72.61272656354356,23.084111451144878
11,SARDARNAGAR,72.65220059038865,23.080676047181655
11,SARDARNAGAR,72.66829805537142,23.106055961627295
11,SARDARNAGAR,72.6767554336391,23.105703947775094
11,SARDARNAGAR,72.60583696530365,23.08661288322554
11,SARDARNAGAR,72.66325672284323,23.0980188537678
11,SARDARNAGAR,72.65538073668003,23.087313521442756
11,SARDARNAGAR,72.6623210973778,23.09825413764682
11,SARDARNAGAR,72.61698233707207,23.08424298312961
11,SARDARNAGAR,72.64854537954132,23.0874206534962
11,SARDARNAGAR,72.64643116163609,23.08599188774682
11,SARDARNAGAR,72.61499296859871,23.08885828314351
11,SARDARNAGAR,72.64742834182573,23.08553029073185
11,SARDARNAGAR,72.6529441670263,23.083282565448354
11,SARDARNAGAR,72.61157721280432,23.088931200962254
11,SARDARNAGAR,72.60211505719377,23.083580479394808
11,SARDARNAGAR,72.67942654115305,23.10702034178607
11,SARDARNAGAR,72.61728232276458,23.08160725591889
11,SARDARNAGAR,72.64931966051229,23.09487331612115
11,SARDARNAGAR,72.62500578910708,23.08413451463451
11,SARDARNAGAR,72.64784556107789,23.086432511597717
11,SARDARNAGAR,72.64995170065365,23.089784482640216
11,SARDARNAGAR,72.66522043357762,23.101845684394558
11,SARDARNAGAR,72.64556910623959,23.077353103340034
11,SARDARNAGAR,72.62394370483084,23.084106850509762
11,SARDARNAGAR,72.62400615063181,23.086578589700093
11,SARDARNAGAR,72.64963591600663,23.094288383977016
11,SARDARNAGAR,72.62180013967875,23.082446909435845
11,SARDARNAGAR,72.62064174475586,23.086790818319464
11,SARDARNAGAR,72.61995040650746,23.08294679399661
11,SARDARNAGAR,72.61755066955133,23.088300591650004
11,SARDARNAGAR,72.64863558439178,23.092909406721898
11,SARDARNAGAR,72.65128484479017,23.093914813274125
11,SARDARNAGAR,72.64442742692404,23.088270922281467
11,SARDARNAGAR,72.63122319768588,23.088940289982848
11,SARDARNAGAR,72.65116172982843,23.10113658549021
11,SARDARNAGAR,72.65122401037125,23.082647504150223
11,SARDARNAGAR,72.63712764827783,23.08233008012616
11,SARDARNAGAR,72.62535133380558,23.087602377631367
11,SARDARNAGAR,72.63312618257429,23.086485397270135
11,SARDARNAGAR,72.65465691034548,23.095028462251268
11,SARDARNAGAR,72.62277727600437,23.080284524183607
11,SARDARNAGAR,72.61981869002013,23.082522096898693
11,SARDARNAGAR,72.65470671781264,23.087673144055454
11,SARDARNAGAR,72.63287866223368,23.080310782678744
11,SARDARNAGAR,72.66196772835323,23.093780749056595
11,SARDARNAGAR,72.66739123299449,23.10546882240722
11,SARDARNAGAR,72.64028267295824,23.080894000607213
11,SARDARNAGAR,72.62269287356096,23.087629068127896
11,SARDARNAGAR,72.62926683012554,23.08380859460458
11,SARDARNAGAR,72.6562796418316,23.088997679049143
11,SARDARNAGAR,72.65512321220646,23.084685343164004
11,SARDARNAGAR,72.65760663737431,23.088308570859922
11,SARDARNAGAR,72.60389048304046,23.085645754322183
11,SARDARNAGAR,72.67466565705966,23.103292457140157
11,SARDARNAGAR,72.65717419301457,23.09380030396764
11,SARDARNAGAR,72.65497917035799,23.087105409680102
11,SARDARNAGAR,72.6514036168735,23.080388724070936
11,SARDARNAGAR,72.67348367478426,23.103678805580625
11,SARDARNAGAR,72.64005141394313,23.08767365755138
11,SARDARNAGAR,72.62806827054172,23.079640713006075
11,SARDARNAGAR,72.61783341866482,23.088690250476716
11,SARDARNAGAR,72.65209579297138,23.094064914923177
11,SARDARNAGAR,72.63403344515893,23.089245926514963
11,SARDARNAGAR,72.61004838095273,23.085781724851007
11,SARDARNAGAR,72.61511693133161,23.08808060503208
11,SARDARNAGAR,72.65475891408622,23.08962226884039
11,SARDARNAGAR,72.65608849890413,23.09166969546371
11,SARDARNAGAR,72.6521994614211,23.085208565822164
11,SARDARNAGAR,72.6766111307468,23.102868107686163
11,SARDARNAGAR,72.62803539599224,23.078902259690768
11,SARDARNAGAR,72.6270450694632,23.08892527681284
11,SARDARNAGAR,72.6773325722852,23.1039921678426
11,SARDARNAGAR,72.65369439354488,23.093279428254974
11,SARDARNAGAR,72.65349667226299,23.09178004689921
11,SARDARNAGAR,72.6430702378798,23.08729499940335
11,SARDARNAGAR,72.62397745128106,23.083241831048753
11,SARDARNAGAR,72.66513680386393,23.098219439521806
11,SARDARNAGAR,72.64965897050267,23.092504432025493
11,SARDARNAGAR,72.65571613996268,23.084737120887397
11,SARDARNAGAR,72.64680454095468,23.083509244106565
11,SARDARNAGAR,72.67686397333878,23.10297322256905
11,SARDARNAGAR,72.65064648058079,23.087447321219944
11,SARDARNAGAR,72.66686158182056,23.097782802334404
11,SARDARNAGAR,72.66088712326585,23.093268413045084
11,SARDARNAGAR,72.66070020730135,23.096739642989444
11,SARDARNAGAR,72.64993399465648,23.096363276388633
11,SARDARNAGAR,72.66513119216515,23.098264189413964
11,SARDARNAGAR,72.62570703979497,23.083621440884183
11,SARDARNAGAR,72.63454071628682,23.087517641017495
11,SARDARNAGAR,72.65098380299028,23.080889274303182
11,SARDARNAGAR,72.64798093901666,23.087319054704412
11,SARDARNAGAR,72.63545059140898,23.088854386772173
11,SARDARNAGAR,72.6542100275164,23.089119294925773
11,SARDARNAGAR,72.62216520123476,23.081063696520566
11,SARDARNAGAR,72.6221673178205,23.088285640361107
11,SARDARNAGAR,72.60598809875914,23.085993916741163
11,SARDARNAGAR,72.6270393663212,23.087877559145447
11,SARDARNAGAR,72.62882525646094,23.082495507047785
11,SARDARNAGAR,72.6463670704302,23.089330222770684
11,SARDARNAGAR,72.62314309044118,23.084713760188414
11,SARDARNAGAR,72.60675267256435,23.086942275242787
11,SARDARNAGAR,72.66339865987015,23.09707364484989
11,SARDARNAGAR,72.66329984439493,23.09774706992058
11,SARDARNAGAR,72.62104454998138,23.079966671031947
11,SARDARNAGAR,72.64175564047302,23.086221227091986
11,SARDARNAGAR,72.61334927318434,23.087221959684364
11,SARDARNAGAR,72.61815593586003,23.086756184610177
11,SARDARNAGAR,72.6395183153774,23.089153693750873
11,SARDARNAGAR,72.60423872712994,23.086960520808038
11,SARDARNAGAR,72.66415970692007,23.098436341963836
11,SARDARNAGAR,72.61144701290807,23.087370552333187
11,SARDARNAGAR,72.64426591847223,23.08648899290642
11,SARDARNAGAR,72.66399870608284,23.096045771184336
11,SARDARNAGAR,72.64664705718972,23.088571353115153
11,SARDARNAGAR,72.66350299466299,23.093089418525803
11,SARDARNAGAR,72.65903401396781,23.088961689178824
11,SARDARNAGAR,72.66432284084797,23.101996171293173
11,SARDARNAGAR,72.62293848499618,23.0811802338126
11,SARDARNAGAR,72.63270945445144,23.082026456773093
11,SARDARNAGAR,72.64889557632418,23.0791561216761
11,SARDARNAGAR,72.63318865844828,23.089198687168714
11,SARDARNAGAR,72.64646599305543,23.078448151049614
11,SARDARNAGAR,72.64892926187237,23.080898285542183
11,SARDARNAGAR,72.65053126742214,23.0966651807119
11,SARDARNAGAR,72.67200468929286,23.102813085670114
11,SARDARNAGAR,72.6460213204089,23.0945729441324
11,SARDARNAGAR,72.61222759941725,23.088802585425423
11,SARDARNAGAR,72.6155777848314,23.08476035346144
11,SARDARNAGAR,72.66375698715879,23.093229365239456
11,SARDARNAGAR,72.6739260526658,23.103609318401023
11,SARDARNAGAR,72.67025557732822,23.100847656753213
11,SARDARNAGAR,72.63204408364197,23.08852652581893
11,SARDARNAGAR,72.67155549043248,23.10346539137806
11,SARDARNAGAR,72.66350674962527,23.094706868438873
11,SARDARNAGAR,72.66594343846835,23.094536805554927
11,SARDARNAGAR,72.63258385927274,23.080673484471152
11,SARDARNAGAR,72.64503361403953,23.08175022241546
11,SARDARNAGAR,72.67174428677788,23.106005585272722
11,SARDARNAGAR,72.62160111754999,23.08246131026443
11,SARDARNAGAR,72.61846810965785,23.08812986118925
11,SARDARNAGAR,72.6086139070497,23.088719910751635
11,SARDARNAGAR,72.6032181152336,23.085519692034502
11,SARDARNAGAR,72.66388934498296,23.09814476665032
11,SARDARNAGAR,72.62045896824594,23.08547259010505
11,SARDARNAGAR,72.62688110963651,23.081461502406462
11,SARDARNAGAR,72.6367241146668,23.08333236588867
11,SARDARNAGAR,72.65089727657795,23.08870083287386
11,SARDARNAGAR,72.63580064510275,23.084252901554738
11,SARDARNAGAR,72.64409629260999,23.082856086827896
11,SARDARNAGAR,72.67058188119579,23.099431431272222
11,SARDARNAGAR,72.60196930672869,23.086781872612526
11,SARDARNAGAR,72.63170977320188,23.086973734075475
11,SARDARNAGAR,72.65008964950941,23.084796400978387
11,SARDARNAGAR,72.66595767109325,23.10606056896585
11,SARDARNAGAR,72.66407570172949,23.097799017395722
11,SARDARNAGAR,72.63718197592219,23.080923169059965
11,SARDARNAGAR,72.63926403581736,23.087650381720895
11,SARDARNAGAR,72.62084790728836,23.087747185878577
11,SARDARNAGAR,72.65773074547006,23.09346641256729
11,SARDARNAGAR,72.6308054437434,23.081221950226983
11,SARDARNAGAR,72.6417150606876,23.085993054406078
11,SARDARNAGAR,72.64900315553038,23.099469538800154
11,SARDARNAGAR,72.60395475693059,23.088103331938516
11,SARDARNAGAR,72.61268079603006,23.087439395219125
11,SARDARNAGAR,72.65328852113879,23.088271277076515
11,SARDARNAGAR,72.65904482539152,23.09241843127324
11,SARDARNAGAR,72.63828269691247,23.085035003991944
11,SARDARNAGAR,72.62252546857165,23.088797386474944
11,SARDARNAGAR,72.66808561082459,23.10511022193402
11,SARDARNAGAR,72.66974344601195,23.104748158869143
11,SARDARNAGAR,72.6552758983612,23.086862861998497
11,SARDARNAGAR,72.61865280669448,23.086065956962365
11,SARDARNAGAR,72.66667426522541,23.097572064672782
12,NARODA,72.67027702984834,23.073396832481027
12,NARODA,72.64983251614204,23.065321738999145
12,NARODA,72.64439760054935,23.05930147024586
12,NARODA,72.67378456743039,23.07676237137106
12,NARODA,72.68171699305654,23.082927183870723
12,NARODA,72.65065762849554,23.066126611923078
12,NARODA,72.66997928961499,23.07481761902102
12,NARODA,72.66135002575706,23.081804196420983
12,NARODA,72.67107648934866,23.09215403812753
12,NARODA,72.68570454664628,23.092808790957644
12,NARODA,72.65475512238143,23.07805817188919
12,NARODA,72.69043878472316,23.074498617034934
12,NARODA,72.70056933784458,23.07361648949132
12,NARODA,72.67208888730447,23.07939808096217
12,NARODA,72.67916730706403,23.099244294615634
12,NARODA,72.69400876114958,23.072771064178962
12,NARODA,72.66753243240554,23.085339978708568
12,NARODA,72.67199082034975,23.087339049340034
12,NARODA,72.66143633052435,23.062080235836707
12,NARODA,72.65691594313697,23.07818587631818
12,NARODA,72.66318722270427,23.072844033427675
12,NARODA,72.65643105609811,23.075867768763093
12,NARODA,72.6826817378776,23.084865880789334
12,NARODA,72.67171210774048,23.07532790252456
12,NARODA,72.65247321378621,23.070367385078704
12,NARODA,72.6444097121434,23.062836651148462
12,NARODA,72.67149910949871,23.08049627229715
12,NARODA,72.68710522414997,23.089121944790477
12,NARODA,72.660145146571,23.080688997649805
12,NARODA,72.66912005302983,23.072957531212886
12,NARODA,72.6795906223134,23.076336005582814
12,NARODA,72.69829947784527,23.074460659342275
12,NARODA,72.6887122285392,23.0749613757338
12,NARODA,72.67791220026882,23.102306208836396
12,NARODA,72.64974741291337,23.07047310857911
12,NARODA,72.66406952926796,23.090396291444677
12,NARODA,72.66025044684315,23.080404934185207
12,NARODA,72.6648507619334,23.085682379990793
12,NARODA,72.67051901050131,23.07360006852435
12,NARODA,72.67948784505113,23.09805331694891
12,NARODA,72.65710581422663,23.072462115698833
12,NARODA,72.68421981564747,23.095383500445593
12,NARODA,72.66590121289191,23.07704609060832
12,NARODA,72.68425951948498,23.09918965073315
12,NARODA,72.65231951231645,23.075066472832923
12,NARODA,72.68908571252484,23.07380716634681
12,NARODA,72.65729249920928,23.08442735666609
12,NARODA,72.66301003514873,23.088244471647474
12,NARODA,72.6578284714367,23.084499617657038
12,NARODA,72.69487207811984,23.07214823797221
12,NARODA,72.68629399031134,23.069279059243645
12,NARODA,72.6704582158731,23.082328104917167
12,NARODA,72.6651103946908,23.08668576966364
12,NARODA,72.68139610979381,23.098035408377484
12,NARODA,72.66758583921798,23.08328266119973
12,NARODA,72.67682365948872,23.070837805750678
12,NARODA,72.67984937272243,23.084799446412354
12,NARODA,72.68311603876226,23.070761041312124
12,NARODA,72.65930877960048,23.07794652531257
12,NARODA,72.67987109003637,23.081412651885028
12,NARODA,72.68405788087517,23.09742011541546
12,NARODA,72.68773906361585,23.09500975230902
12,NARODA,72.67014835626952,23.076466182566353
12,NARODA,72.67095675679482,23.081510787996564
12,NARODA,72.67980517768122,23.09890861296888
12,NARODA,72.6863521806768,23.089672377104375
12,NARODA,72.6760318629438,23.099882566328294
12,NARODA,72.68186892318073,23.089285845788005
12,NARODA,72.67369836516824,23.07883941184806
12,NARODA,72.68404452373578,23.0884321346909
12,NARODA,72.66299210839581,23.07317058601204
12,NARODA,72.67833046656634,23.095566972259007
12,NARODA,72.68326830419467,23.098329802220906
12,NARODA,72.67724735764875,23.078343931765776
12,NARODA,72.68425450171732,23.070140155098414
12,NARODA,72.68456804673575,23.06928681349515
12,NARODA,72.67472406608124,23.082141397815146
12,NARODA,72.6574400107945,23.072725821015666
12,NARODA,72.65493371026959,23.06382713609886
12,NARODA,72.65898146568374,23.062682809224096
12,NARODA,72.64409368886695,23.05873972324836
12,NARODA,72.67499085936261,23.09416044473737
12,NARODA,72.69951145508918,23.07324633250451
12,NARODA,72.68060068150163,23.081320064358295
12,NARODA,72.64776643510757,23.062868933829147
12,NARODA,72.64745951872757,23.060087317245284
12,NARODA,72.68339634047352,23.087933191256017
12,NARODA,72.67686967758127,23.08735418794788
12,NARODA,72.67756346877181,23.077382022927562
12,NARODA,72.69473438721616,23.073395254922232
12,NARODA,72.6608208756808,23.061641185915924
12,NARODA,72.67465356717061,23.08806546321528
12,NARODA,72.6966513177362,23.073093359028903
12,NARODA,72.6688431622547,23.082001226959814
12,NARODA,72.68243742012685,23.091201436156858
12,NARODA,72.66422802685581,23.088094107406576
12,NARODA,72.67348645257076,23.089935795183525
12,NARODA,72.68119380647208,23.08372763628594
12,NARODA,72.66740986631451,23.09223095947573
12,NARODA,72.64998111106074,23.05827443736972
12,NARODA,72.69035178537548,23.09939731554868
12,NARODA,72.66204692002754,23.082217910394704
12,NARODA,72.67183360392652,23.079935660782137
12,NARODA,72.65357528388621,23.072622356767774
12,NARODA,72.68551920254231,23.082897314664713
12,NARODA,72.68336752744473,23.075052006077417
12,NARODA,72.67262338677291,23.082217310774187
12,NARODA,72.70040058113959,23.07370180733683
12,NARODA,72.64355531555948,23.058138467279935
12,NARODA,72.67780501080487,23.092566498525454
12,NARODA,72.68889008804543,23.091314742291438
12,NARODA,72.65611408465351,23.07341118660248
12,NARODA,72.65650621125083,23.0713457620681
12,NARODA,72.67639396669351,23.09700344727472
12,NARODA,72.67868980006897,23.069960495162064
12,NARODA,72.66804909489645,23.080775064855917
12,NARODA,72.65467825510571,23.078510864759057
12,NARODA,72.69269486557238,23.096596026936297
12,NARODA,72.69746218437913,23.075254907328453
12,NARODA,72.67753034414578,23.09130596329789
12,NARODA,72.66660628361053,23.075789367401818
12,NARODA,72.64853838133837,23.062418533042695
12,NARODA,72.67513498196294,23.074565073608024
12,NARODA,72.67017373614235,23.07677602874579
12,NARODA,72.65192454479701,23.066003230053482
12,NARODA,72.64675325294415,23.06047152053463
12,NARODA,72.66093048114053,23.061094297018816
12,NARODA,72.69055925446031,23.075694569822065
12,NARODA,72.6711730507631,23.073956507319963
12,NARODA,72.67841994807506,23.096793205049618
12,NARODA,72.65702216542246,23.067605904794952
12,NARODA,72.67849867562471,23.103915268361707
12,NARODA,72.66042796037713,23.07424701943222
12,NARODA,72.64438036867261,23.063903824789712
12,NARODA,72.67937846333407,23.08914411083042
12,NARODA,72.6728356492446,23.074615465815594
12,NARODA,72.67668536319404,23.088294478398556
12,NARODA,72.68998852730329,23.096163777384234
12,NARODA,72.68187138712628,23.10151034364739
12,NARODA,72.67831125574212,23.077495730037207
12,NARODA,72.64743705401663,23.067289056736122
12,NARODA,72.68607793875258,23.06977874371642
12,NARODA,72.6694534150479,23.08237372118026
12,NARODA,72.6851980958513,23.083090127173648
12,NARODA,72.68354145528838,23.09731104737259
12,NARODA,72.6732162532083,23.088034176110018
12,NARODA,72.65551192291134,23.074184258269028
12,NARODA,72.65682005167835,23.060763872270062
12,NARODA,72.68325409184267,23.09292821880298
12,NARODA,72.66875847215033,23.094846950853327
12,NARODA,72.66115690133547,23.074500124003304
12,NARODA,72.6742027595544,23.078039895331713
12,NARODA,72.66959550630013,23.08153929905334
12,NARODA,72.68451112565218,23.091844603796893
12,NARODA,72.65293340450154,23.079214803399978
12,NARODA,72.69182229354352,23.074935348179224
12,NARODA,72.64915068064795,23.059405587227868
12,NARODA,72.68153967306048,23.086673662610238
12,NARODA,72.6733095011268,23.080757398921264
12,NARODA,72.65480780190592,23.07324196191997
12,NARODA,72.69144716631484,23.099809880749053
12,NARODA,72.6532196110204,23.07301910997077
12,NARODA,72.65686058444204,23.0608591384278
12,NARODA,72.68079726445652,23.072619914859164
12,NARODA,72.68675972198191,23.095163306119066
12,NARODA,72.67659995452738,23.080940550764804
12,NARODA,72.67479439873897,23.09787091016341
12,NARODA,72.68132764649188,23.09637150302782
12,NARODA,72.65615779236222,23.065045344017854
12,NARODA,72.68466569890805,23.08081368506874
12,NARODA,72.67802944254476,23.09172725998934
12,NARODA,72.67500146505579,23.095897329290292
12,NARODA,72.6620899276745,23.07048990009989
12,NARODA,72.67598686288753,23.07614985160305
12,NARODA,72.65493990731362,23.08253570537893
12,NARODA,72.65961535597405,23.068768776156727
12,NARODA,72.68787987734322,23.091599562148996
12,NARODA,72.67993648847839,23.08331480721131
12,NARODA,72.68278099270752,23.079507067354783
12,NARODA,72.66908532546694,23.07207547617408
12,NARODA,72.66986403509142,23.078130851715947
12,NARODA,72.66481785647096,23.087082227965336
12,NARODA,72.68448687686961,23.098677142644988
12,NARODA,72.64912243413724,23.061028800287986
12,NARODA,72.69165942108164,23.097296088818066
12,NARODA,72.66283137926247,23.072039977884685
12,NARODA,72.660035685352,23.072663366209184
12,NARODA,72.66379394875703,23.077934567551868
12,NARODA,72.66106637814944,23.06310900501738
12,NARODA,72.66481604667474,23.079734326031907
12,NARODA,72.68514488112717,23.09186926146329
12,NARODA,72.66074165943094,23.062676426221493
12,NARODA,72.65355827030332,23.071197573709238
12,NARODA,72.68540159353707,23.081223994915078
12,NARODA,72.64553115377868,23.06291633860683
12,NARODA,72.6801325524189,23.096141376809182
12,NARODA,72.6529041177343,23.069399768229616
12,NARODA,72.65551910955418,23.06120499527422
12,NARODA,72.67672422265741,23.09398198001783
12,NARODA,72.67355944713508,23.082651537191804
13,SAIJPUR BOGHA,72.6434736610845,23.06854978915939
13,SAIJPUR BOGHA,72.63561630039293,23.062142329709488
13,SAIJPUR BOGHA,72.6416754211791,23.05201390533781
13,SAIJPUR BOGHA,72.64601485295287,23.070431780250736
13,SAIJPUR BOGHA,72.64055481983529,23.05373866212809
13,SAIJPUR BOGHA,72.63042622048043,23.05398120507846
13,SAIJPUR BOGHA,72.63672440670621,23.056207878120365
13,SAIJPUR BOGHA,72.63880381587927,23.056709586513268
13,SAIJPUR BOGHA,72.63107310989673,23.056356080194668
13,SAIJPUR BOGHA,72.63000354543209,23.059129310499358
13,SAIJPUR BOGHA,72.64167368828309,23.05322161649672
13,SAIJPUR BOGHA,72.6464842597539,23.069323606916253
13,SAIJPUR BOGHA,72.63533118783675,23.05074053952364
13,SAIJPUR BOGHA,72.62785526577139,23.05765899591051
13,SAIJPUR BOGHA,72.63613383104901,23.057658529474796
13,SAIJPUR BOGHA,72.6367734591667,23.06446459969808
13,SAIJPUR BOGHA,72.64023922535829,23.05689896041041
13,SAIJPUR BOGHA,72.64228947603388,23.05793512377609
13,SAIJPUR BOGHA,72.63321750698128,23.053528033291414
13,SAIJPUR BOGHA,72.63488008418801,23.06214899315665
13,SAIJPUR BOGHA,72.64421777448577,23.072333647632362
13,SAIJPUR BOGHA,72.63801715914173,23.062737940555238
13,SAIJPUR BOGHA,72.64044983200598,23.053058025227788
13,SAIJPUR BOGHA,72.63362168506008,23.0582865451801
13,SAIJPUR BOGHA,72.6445309725499,23.070213891127725
13,SAIJPUR BOGHA,72.64659419741173,23.070794893536693
13,SAIJPUR BOGHA,72.6356854992909,23.055436027498875
13,SAIJPUR BOGHA,72.6363527591794,23.05974217185946
13,SAIJPUR BOGHA,72.63301280238255,23.057573962217393
13,SAIJPUR BOGHA,72.634773480215,23.060537923907862
13,SAIJPUR BOGHA,72.63941499551498,23.05599516789832
13,SAIJPUR BOGHA,72.63204328268625,23.05235984863491
13,SAIJPUR BOGHA,72.65065569972545,23.076515731267165
13,SAIJPUR BOGHA,72.64011253209586,23.050330858130486
13,SAIJPUR BOGHA,72.64035153008429,23.050236114716466
13,SAIJPUR BOGHA,72.6360001982968,23.063428866253364
13,SAIJPUR BOGHA,72.6330232227553,23.052633608196725
13,SAIJPUR BOGHA,72.64134364568434,23.065334273927682
13,SAIJPUR BOGHA,72.63378079123773,23.06285885626929
13,SAIJPUR BOGHA,72.6397427303085,23.068570794615706
13,SAIJPUR BOGHA,72.64483088026513,23.070284278629813
13,SAIJPUR BOGHA,72.62966820108097,23.054389385076227
13,SAIJPUR BOGHA,72.64622589062532,23.072553627807466
13,SAIJPUR BOGHA,72.6419034123391,23.054749871232296
13,SAIJPUR BOGHA,72.64072473969004,23.046541953964716
13,SAIJPUR BOGHA,72.64378638956032,23.06659383994198
13,SAIJPUR BOGHA,72.64219427082415,23.065442428007245
13,SAIJPUR BOGHA,72.64029946925213,23.06602070142859
13,SAIJPUR BOGHA,72.63232350202318,23.05290116956989
13,SAIJPUR BOGHA,72.64032133792055,23.04681929249994
13,SAIJPUR BOGHA,72.6393706657505,23.048887407813375
13,SAIJPUR BOGHA,72.63808609561889,23.05505803936139
13,SAIJPUR BOGHA,72.6381413725286,23.0669131928838
13,SAIJPUR BOGHA,72.634288295413,23.06293165259812
13,SAIJPUR BOGHA,72.63485822554124,23.05905706224183
13,SAIJPUR BOGHA,72.64086889910291,23.05199595602198
13,SAIJPUR BOGHA,72.63701060740834,23.05285483929571
13,SAIJPUR BOGHA,72.63927535425142,23.054755053147908
13,SAIJPUR BOGHA,72.64734203384091,23.074575185189406
13,SAIJPUR BOGHA,72.6373818795531,23.04831442026609
13,SAIJPUR BOGHA,72.63970718998615,23.060860287355172
13,SAIJPUR BOGHA,72.63349005185053,23.061415910850485
13,SAIJPUR BOGHA,72.6509280869813,23.07573258005129
13,SAIJPUR BOGHA,72.64446324513757,23.072396020220882
13,SAIJPUR BOGHA,72.64755094682556,23.07187763466887
13,SAIJPUR BOGHA,72.6310534932388,23.059959175939156
13,SAIJPUR BOGHA,72.6308994580075,23.057939296102177
13,SAIJPUR BOGHA,72.6452556848272,23.072544016812028
13,SAIJPUR BOGHA,72.64248687126931,23.059503457609722
13,SAIJPUR BOGHA,72.64165808119195,23.064245733367272
13,SAIJPUR BOGHA,72.63728440877654,23.04852854792181
13,SAIJPUR BOGHA,72.64834757683428,23.074845620821534
13,SAIJPUR BOGHA,72.63572724917883,23.063759748657745
13,SAIJPUR BOGHA,72.64199622836117,23.063620152733602
13,SAIJPUR BOGHA,72.6380725897245,23.05972833571152
13,SAIJPUR BOGHA,72.6403874603195,23.062076037181683
13,SAIJPUR BOGHA,72.63280471798743,23.06218398352008
13,SAIJPUR BOGHA,72.64636163839464,23.072023515783336
13,SAIJPUR BOGHA,72.63830286115395,23.050086422658953
13,SAIJPUR BOGHA,72.63217545275663,23.052678257311317
13,SAIJPUR BOGHA,72.64240585763802,23.058961890262076
13,SAIJPUR BOGHA,72.63976613012967,23.06109720433091
13,SAIJPUR BOGHA,72.63110976725059,23.05621996446328
13,SAIJPUR BOGHA,72.64142634756365,23.056607678886706
13,SAIJPUR BOGHA,72.63381659879309,23.05394175401177
13,SAIJPUR BOGHA,72.63571213623699,23.055196131506598
13,SAIJPUR BOGHA,72.64547009172654,23.071989787815998
13,SAIJPUR BOGHA,72.638953535035,23.062372990290953
13,SAIJPUR BOGHA,72.64860488499785,23.075030247857192
13,SAIJPUR BOGHA,72.64897296976703,23.075885505930334
13,SAIJPUR BOGHA,72.63932527620683,23.066708681891484
13,SAIJPUR BOGHA,72.65033271076211,23.07499088163074
13,SAIJPUR BOGHA,72.64406067411892,23.0691948726584
13,SAIJPUR BOGHA,72.64007185951307,23.052046555240043
13,SAIJPUR BOGHA,72.6313406117569,23.05558187823719
13,SAIJPUR BOGHA,72.64065908428937,23.047236854088094
13,SAIJPUR BOGHA,72.63362019498746,23.06187509728642
13,SAIJPUR BOGHA,72.63640128006008,23.059379512225238
13,SAIJPUR BOGHA,72.6381124475674,23.05148213913017
13,SAIJPUR BOGHA,72.63509790196356,23.055097074563584
13,SAIJPUR BOGHA,72.65171911442872,23.076814938075024
13,SAIJPUR BOGHA,72.63337961300718,23.06071657129304
13,SAIJPUR BOGHA,72.64824129894778,23.073248976928234
13,SAIJPUR BOGHA,72.63806033122367,23.06604989229362
13,SAIJPUR BOGHA,72.63069619124579,23.057492920622824
13,SAIJPUR BOGHA,72.6391954790577,23.06729236792603
13,SAIJPUR BOGHA,72.63365553211547,23.054570584368985
13,SAIJPUR BOGHA,72.63160403542935,23.056506474712446
13,SAIJPUR BOGHA,72.64148837564512,23.066012608715493
13,SAIJPUR BOGHA,72.63450699966987,23.056051595321538
13,SAIJPUR BOGHA,72.63714481625674,23.066039193460675
13,SAIJPUR BOGHA,72.64672066293298,23.07087319749093
13,SAIJPUR BOGHA,72.6338074044995,23.05816858196792
13,SAIJPUR BOGHA,72.63160201309925,23.06073232158334
13,SAIJPUR BOGHA,72.63554909517697,23.048715485632506
13,SAIJPUR BOGHA,72.63886317394848,23.060406616144785
13,SAIJPUR BOGHA,72.64301187321712,23.07080176520627
13,SAIJPUR BOGHA,72.64366244204341,23.069494594858263
13,SAIJPUR BOGHA,72.63475063414928,23.05314331346291
13,SAIJPUR BOGHA,72.64137372138457,23.0551794123909
13,SAIJPUR BOGHA,72.6389181236512,23.051058178700366
13,SAIJPUR BOGHA,72.64734178120847,23.07547804436398
13,SAIJPUR BOGHA,72.63683542639393,23.048095753827916
13,SAIJPUR BOGHA,72.63452497530479,23.05430112968839
13,SAIJPUR BOGHA,72.63102861493344,23.056711245682664
13,SAIJPUR BOGHA,72.63752514423851,23.062338342256464
13,SAIJPUR BOGHA,72.64436948453385,23.068328115107718
13,SAIJPUR BOGHA,72.65177033831053,23.07899732481851
13,SAIJPUR BOGHA,72.63816434909677,23.06712668579499
13,SAIJPUR BOGHA,72.6408668371455,23.06835048342935
13,SAIJPUR BOGHA,72.6346330180601,23.052257507923258
13,SAIJPUR BOGHA,72.63714910337973,23.05026287893534
13,SAIJPUR BOGHA,72.63944954747768,23.061572619551274
13,SAIJPUR BOGHA,72.65191944447501,23.078842989557362
13,SAIJPUR BOGHA,72.6391260625194,23.053220101973178
13,SAIJPUR BOGHA,72.65153591393101,23.07920539687243
13,SAIJPUR BOGHA,72.63254588049108,23.052441697056217
13,SAIJPUR BOGHA,72.6411170853056,23.050544986267866
13,SAIJPUR BOGHA,72.64291114063585,23.059863638715342
13,SAIJPUR BOGHA,72.63882104602587,23.053547727703705
13,SAIJPUR BOGHA,72.64098690400422,23.065798895494037
13,SAIJPUR BOGHA,72.6357698013979,23.055333508343935
13,SAIJPUR BOGHA,72.64308073623334,23.070476703792625
13,SAIJPUR BOGHA,72.64178028214064,23.052211992325518
13,SAIJPUR BOGHA,72.64948952578449,23.074336504967885
13,SAIJPUR BOGHA,72.64059038480501,23.059825383661096
13,SAIJPUR BOGHA,72.63684545101744,23.05502771601649
13,SAIJPUR BOGHA,72.64992414092191,23.07717691126639
13,SAIJPUR BOGHA,72.6406365506816,23.061610091971726
13,SAIJPUR BOGHA,72.6366297903798,23.054695350259816
13,SAIJPUR BOGHA,72.63026214548086,23.058506036919223
13,SAIJPUR BOGHA,72.63247597086057,23.054792276916647
13,SAIJPUR BOGHA,72.63783886642618,23.0657479930144
13,SAIJPUR BOGHA,72.63287139143473,23.055637573798535
13,SAIJPUR BOGHA,72.63264465747788,23.057831459152037
13,SAIJPUR BOGHA,72.63792502540929,23.059246640550523
13,SAIJPUR BOGHA,72.64437721954405,23.069498921101893
13,SAIJPUR BOGHA,72.64156018438555,23.05414370851311
13,SAIJPUR BOGHA,72.64464247401718,23.066974196949374
13,SAIJPUR BOGHA,72.63821641006992,23.058398921602166
13,SAIJPUR BOGHA,72.63705598566354,23.0638064597486
13,SAIJPUR BOGHA,72.63113542679626,23.05844224852915
13,SAIJPUR BOGHA,72.63621314718267,23.053648926141793
13,SAIJPUR BOGHA,72.6331470002224,23.05569484560825
13,SAIJPUR BOGHA,72.6498848265062,23.077014168686055
13,SAIJPUR BOGHA,72.63957406655557,23.05186090011893
13,SAIJPUR BOGHA,72.63547460416056,23.056028640011053
13,SAIJPUR BOGHA,72.65107408580295,23.075989297971233
13,SAIJPUR BOGHA,72.63164705985925,23.055101867116587
13,SAIJPUR BOGHA,72.64627550926636,23.072966790165548
13,SAIJPUR BOGHA,72.64230705790114,23.0633990267943
13,SAIJPUR BOGHA,72.63261267261937,23.058121051749144
13,SAIJPUR BOGHA,72.63766396351804,23.05004037662937
13,SAIJPUR BOGHA,72.64411903272605,23.06691173135847
13,SAIJPUR BOGHA,72.64036536348915,23.06809771056451
13,SAIJPUR BOGHA,72.63508460129542,23.048755836511837
13,SAIJPUR BOGHA,72.64482982168077,23.07157102700029
13,SAIJPUR BOGHA,72.64015366465276,23.068084012404853
13,SAIJPUR BOGHA,72.63313622391748,23.052867493491917
13,SAIJPUR BOGHA,72.63944342818542,23.04775719273278
13,SAIJPUR BOGHA,72.63284660161787,23.058122709901337
13,SAIJPUR BOGHA,72.63980565858256,23.05524183284666
13,SAIJPUR BOGHA,72.64131709461861,23.055836782729603
13,SAIJPUR BOGHA,72.64178832343903,23.069404554048276
13,SAIJPUR BOGHA,72.63526447476771,23.056962683273298
13,SAIJPUR BOGHA,72.62835197952398,23.0580991179697
13,SAIJPUR BOGHA,72.63764540241742,23.05650519387754
13,SAIJPUR BOGHA,72.6401847466259,23.04866640638244
13,SAIJPUR BOGHA,72.65256988635076,23.077877111231203
13,SAIJPUR BOGHA,72.63836332199055,23.053844617992766
13,SAIJPUR BOGHA,72.63754522289467,23.06606955466599
13,SAIJPUR BOGHA,72.64177921544054,23.052041215656637
13,SAIJPUR BOGHA,72.63613535459348,23.057479884095994
13,SAIJPUR BOGHA,72.6306924985783,23.057679037820037
13,SAIJPUR BOGHA,72.6377965835642,23.060219289775908
13,SAIJPUR BOGHA,72.63325515539306,23.06237638440032
13,SAIJPUR BOGHA,72.64034593588877,23.053468849575594
13,SAIJPUR BOGHA,72.63545657413115,23.05272132119578
13,SAIJPUR BOGHA,72.6391293039321,23.051415510526628
13,SAIJPUR BOGHA,72.63126647372374,23.060870714161414
14,KUBERNAGR,72.63449442472974,23.063965464544122
14,KUBERNAGR,72.63787397693403,23.067469619329074
14,KUBERNAGR,72.64326995955538,23.07375203274059
14,KUBERNAGR,72.6422259223151,23.074664265919363
14,KUBERNAGR,72.64056412698501,23.071081217240344
14,KUBERNAGR,72.6206690129684,23.061101791459453
14,KUBERNAGR,72.63504870845473,23.067176553679868
14,KUBERNAGR,72.63179923826036,23.06148290121505
14,KUBERNAGR,72.64570491424267,23.07549078477479
14,KUBERNAGR,72.63999345075172,23.06949307169948
14,KUBERNAGR,72.64148843804823,23.0802948147068
14,KUBERNAGR,72.6384658677281,23.077941212212462
14,KUBERNAGR,72.63956020013175,23.07798034884499
14,KUBERNAGR,72.62395289628894,23.058056253297988
14,KUBERNAGR,72.63747650999233,23.070344477465696
14,KUBERNAGR,72.62713877346364,23.058997850092968
14,KUBERNAGR,72.64335326565809,23.07511308886949
14,KUBERNAGR,72.6292200919964,23.065725422820343
14,KUBERNAGR,72.64150234420781,23.075679726207273
14,KUBERNAGR,72.64093468315517,23.077887785207924
14,KUBERNAGR,72.63535190139245,23.07236197812355
14,KUBERNAGR,72.61628060928682,23.061041068795305
14,KUBERNAGR,72.63245668975524,23.06661983584617
14,KUBERNAGR,72.64414695768457,23.076547807220052
14,KUBERNAGR,72.64006320462626,23.071819252253754
14,KUBERNAGR,72.6187585809073,23.062827142936225
14,KUBERNAGR,72.64066829390529,23.076934952181194
14,KUBERNAGR,72.63424550568168,23.06545556615238
14,KUBERNAGR,72.63790468131869,23.067548633669368
14,KUBERNAGR,72.6384208304636,23.07158691892754
14,KUBERNAGR,72.62951390338922,23.061520041366087
14,KUBERNAGR,72.64203482737055,23.08157382731421
14,KUBERNAGR,72.63665135358029,23.07064659225209
14,KUBERNAGR,72.61898548134509,23.062012931616167
14,KUBERNAGR,72.62891485387054,23.062698744054195
14,KUBERNAGR,72.64422884641601,23.07352595350749
14,KUBERNAGR,72.6214687712326,23.05931719301652
14,KUBERNAGR,72.6358195355216,23.06660109802597
14,KUBERNAGR,72.63708222449736,23.06961707854993
14,KUBERNAGR,72.62269313591223,23.060322896823124
14,KUBERNAGR,72.6401408528485,23.074501605092834
14,KUBERNAGR,72.63404374899781,23.065517229949613
14,KUBERNAGR,72.63340106985018,23.07083861767018
14,KUBERNAGR,72.63847079556513,23.073143902968436
14,KUBERNAGR,72.6378587299325,23.078971073929736
14,KUBERNAGR,72.63161356198837,23.065883221998433
14,KUBERNAGR,72.64240772318338,23.07779006962025
14,KUBERNAGR,72.63446333910737,23.07316210391571
14,KUBERNAGR,72.63881902108552,23.070032578879577
14,KUBERNAGR,72.64162597080205,23.077073408058045
14,KUBERNAGR,72.64236036989348,23.078491034502314
14,KUBERNAGR,72.63435090372545,23.064469200170947
14,KUBERNAGR,72.64216085935014,23.07945350357086
14,KUBERNAGR,72.64171966540405,23.076971451108367
14,KUBERNAGR,72.63392853976246,23.067383156412685
14,KUBERNAGR,72.63528505616407,23.070945639146966
14,KUBERNAGR,72.63679266941458,23.07353427223413
14,KUBERNAGR,72.61759667312732,23.060492149346285
14,KUBERNAGR,72.6383106171501,23.07239770659421
14,KUBERNAGR,72.63680471543127,23.07517876338198
14,KUBERNAGR,72.63104887821355,23.065284862327808
14,KUBERNAGR,72.63787860502406,23.075256418193412
14,KUBERNAGR,72.63696468898922,23.073596189517197
14,KUBERNAGR,72.6349359068135,23.069726654680995
14,KUBERNAGR,72.64049536497002,23.07312878275825
14,KUBERNAGR,72.63042890014651,23.06132688299543
14,KUBERNAGR,72.62327373727054,23.059035499174986
14,KUBERNAGR,72.61943764501886,23.062045569254515
14,KUBERNAGR,72.63395696119062,23.067800552588235
14,KUBERNAGR,72.64462698680306,23.078184380371894
14,KUBERNAGR,72.63571918575511,23.07013456112126
14,KUBERNAGR,72.64000809877707,23.069594930412443
14,KUBERNAGR,72.63513693721998,23.070068553410707
14,KUBERNAGR,72.64219099845799,23.076883017630436
14,KUBERNAGR,72.61643647817475,23.06087957443756
14,KUBERNAGR,72.63001406291838,23.06378751282493
14,KUBERNAGR,72.6439902093177,23.07803134005544
14,KUBERNAGR,72.64082737166086,23.073447515779517
14,KUBERNAGR,72.63912177284526,23.074226646390162
14,KUBERNAGR,72.63881918148664,23.07554014125427
14,KUBERNAGR,72.63831197230976,23.07758325335581
14,KUBERNAGR,72.64062601606457,23.07166276115525
14,KUBERNAGR,72.64378116249686,23.072838727669122
14,KUBERNAGR,72.63266738146137,23.068143826540467
14,KUBERNAGR,72.6424339451038,23.07325954478694
14,KUBERNAGR,72.63103497779522,23.061234058662485
14,KUBERNAGR,72.62348595503084,23.059518760726643
14,KUBERNAGR,72.63197325591472,23.06508224778208
14,KUBERNAGR,72.61870371467695,23.062788754337802
14,KUBERNAGR,72.63193638957797,23.062615709322003
14,KUBERNAGR,72.62982767956619,23.061683373112817
14,KUBERNAGR,72.6188461937703,23.06150010145578
14,KUBERNAGR,72.6416120544396,23.07219039515019
14,KUBERNAGR,72.63196639369444,23.06561585180583
14,KUBERNAGR,72.62790207464006,23.05814130569598
14,KUBERNAGR,72.62571356638522,23.05732579668498
14,KUBERNAGR,72.63639109549831,23.072096672495512
14,KUBERNAGR,72.63850921582063,23.071210214168513
14,KUBERNAGR,72.63473309039779,23.06633636905635
14,KUBERNAGR,72.63780143035449,23.07660731064587
14,KUBERNAGR,72.62707574719516,23.05786993533446
14,KUBERNAGR,72.64425842617949,23.07866414548543
14,KUBERNAGR,72.6437523739171,23.07592462527066
14,KUBERNAGR,72.63139677651213,23.06273216251366
14,KUBERNAGR,72.62777915331935,23.059681170710974
14,KUBERNAGR,72.63487383540696,23.0728898114291
14,KUBERNAGR,72.64183218290447,23.075873968582027
14,KUBERNAGR,72.62780620970703,23.058206514677153
14,KUBERNAGR,72.6424411783442,23.074637014154117
14,KUBERNAGR,72.63534645080979,23.066523130297366
14,KUBERNAGR,72.61577821592915,23.061133147340254
14,KUBERNAGR,72.62009931393179,23.059684892442174
14,KUBERNAGR,72.6233519317433,23.060432737171435
14,KUBERNAGR,72.64268347006264,23.075538969679588
14,KUBERNAGR,72.63698117935158,23.078358923970512
14,KUBERNAGR,72.62909595586241,23.065356230835505
14,KUBERNAGR,72.63847564745484,23.06966191832043
14,KUBERNAGR,72.63809316407156,23.074819355585312
14,KUBERNAGR,72.61750323836672,23.06234724235961
14,KUBERNAGR,72.64474962064354,23.079314893658207
14,KUBERNAGR,72.64642927733061,23.075886430092098
14,KUBERNAGR,72.63006874125573,23.061836544823702
14,KUBERNAGR,72.61686842937658,23.06036746194142
14,KUBERNAGR,72.63758377566684,23.074666090794505
14,KUBERNAGR,72.63636436871637,23.07585474254891
14,KUBERNAGR,72.62185608496301,23.06041322656267
14,KUBERNAGR,72.63678250701022,23.06618624760956
14,KUBERNAGR,72.6280915498309,23.061299904375375
14,KUBERNAGR,72.63863119646534,23.07226884697803
14,KUBERNAGR,72.62027313869038,23.06068235283801
14,KUBERNAGR,72.63274297700488,23.06265219453499
14,KUBERNAGR,72.62120427033733,23.061527923977636
14,KUBERNAGR,72.63345810721249,23.06631375657959
14,KUBERNAGR,72.63941927630141,23.075581110330127
14,KUBERNAGR,72.63688689208739,23.076547353309923
14,KUBERNAGR,72.63620752890195,23.066682230279824
14,KUBERNAGR,72.64531387333763,23.074913178471835
14,KUBERNAGR,72.632274273042,23.06195419028634
14,KUBERNAGR,72.63615796520281,23.071555160218796
14,KUBERNAGR,72.63725797490298,23.07628003839538
14,KUBERNAGR,72.63826680897888,23.069365254162257
14,KUBERNAGR,72.63281382197796,23.0671180147586
14,KUBERNAGR,72.64235969017854,23.072817052496433
14,KUBERNAGR,72.62920734592882,23.062432072121286
14,KUBERNAGR,72.63076109066174,23.0608601552786
14,KUBERNAGR,72.63673551173846,23.07190461744173
14,KUBERNAGR,72.63750346645156,23.074423666806627
14,KUBERNAGR,72.6423713522429,23.076217443401177
14,KUBERNAGR,72.6246012670339,23.05969687117272
14,KUBERNAGR,72.63448929067401,23.073981383810796
14,KUBERNAGR,72.6363025459762,23.07097837454947
14,KUBERNAGR,72.64291912483989,23.072909463224274
14,KUBERNAGR,72.63408997827752,23.073096951097533
14,KUBERNAGR,72.63792797196697,23.06943379834597
14,KUBERNAGR,72.6427393457406,23.073818095384414
14,KUBERNAGR,72.63179994355113,23.06496103649844
14,KUBERNAGR,72.6186975998809,23.06184871087339
14,KUBERNAGR,72.64273402509731,23.07336275454266
14,KUBERNAGR,72.63248140850514,23.06619380140267
14,KUBERNAGR,72.63550433727808,23.069408076823873
14,KUBERNAGR,72.63926913903673,23.0802466636627
14,KUBERNAGR,72.62884683250775,23.06557109298107
14,KUBERNAGR,72.63482710310147,23.06681930707948
14,KUBERNAGR,72.62049726694954,23.06124806358041
14,KUBERNAGR,72.6356215345377,23.07543590976379
14,KUBERNAGR,72.63613577628361,23.066589492034936
14,KUBERNAGR,72.63900294667641,23.079544681651516
14,KUBERNAGR,72.63321607038034,23.0686900257402
14,KUBERNAGR,72.63850149650753,23.076203675742175
14,KUBERNAGR,72.63999177832183,23.07136295258825
14,KUBERNAGR,72.6320297875849,23.063622080696682
14,KUBERNAGR,72.63220933458915,23.0690109595612
14,KUBERNAGR,72.63361141159533,23.069676427536997
14,KUBERNAGR,72.61649737733379,23.060356952938733
14,KUBERNAGR,72.63752655307225,23.075540474548042
14,KUBERNAGR,72.64011532155658,23.070262845043253
14,KUBERNAGR,72.63771643019594,23.073509358486884
14,KUBERNAGR,72.62294145669448,23.060678989632635
14,KUBERNAGR,72.63639858248517,23.0695969558401
14,KUBERNAGR,72.62482657966916,23.059166893403614
14,KUBERNAGR,72.64326581194376,23.073345901610253
14,KUBERNAGR,72.62838542933012,23.065272274893022
14,KUBERNAGR,72.64154891925625,23.070876949081544
14,KUBERNAGR,72.63003882968917,23.05999317546121
14,KUBERNAGR,72.63299319099815,23.0635197821994
14,KUBERNAGR,72.62596099540576,23.05718263754938
14,KUBERNAGR,72.6340837898375,23.069381983143654
14,KUBERNAGR,72.63457329462663,23.065173389848116
14,KUBERNAGR,72.63812279113816,23.076243644092557
14,KUBERNAGR,72.61867749379715,23.060454781874515
14,KUBERNAGR,72.638334447408,23.073333644922396
14,KUBERNAGR,72.61696247223217,23.060704727548213
14,KUBERNAGR,72.62405933929398,23.059975770955056
14,KUBERNAGR,72.6335217752084,23.067059273602954
14,KUBERNAGR,72.64052744276668,23.070950318838495
14,KUBERNAGR,72.62025750898317,23.061082534326154
14,KUBERNAGR,72.64480501058121,23.077974545252882
14,KUBERNAGR,72.63803954743463,23.07742853816839
14,KUBERNAGR,72.62426972123355,23.05976510443726
14,KUBERNAGR,72.63538479126794,23.07151703601227
15,ASARWA,72.62045270380385,23.053706581941334
15,ASARWA,72.61486005829124,23.058676453759382
15,ASARWA,72.60474042447493,23.042586282734643
15,ASARWA,72.6147200363441,23.05082496580413
15,ASARWA,72.61263554916844,23.054611254855402
15,ASARWA,72.60860656641275,23.045235487766792
15,ASARWA,72.61623377599842,23.056548883735918
15,ASARWA,72.6137193307117,23.048636972770932
15,ASARWA,72.6258883138413,23.056911211920955
15,ASARWA,72.62117060247567,23.055184811233037
15,ASARWA,72.6130430648953,23.05437584978367
15,ASARWA,72.62216340969222,23.0568905171583
15,ASARWA,72.60084522731078,23.039566913053513
15,ASARWA,72.61789840803667,23.049192070818908
15,ASARWA,72.6200345055074,23.05160979679277
15,ASARWA,72.61264857558336,23.047492318041833
15,ASARWA,72.61039129565269,23.042268462401534
15,ASARWA,72.61134188418805,23.050923188177524
15,ASARWA,72.61562649362193,23.04752581526651
15,ASARWA,72.61208157625296,23.05154701549489
15,ASARWA,72.60615271480394,23.04196729927923
15,ASARWA,72.61035446039283,23.042575560765968
15,ASARWA,72.6028273199987,23.039518147551608
15,ASARWA,72.60978421984564,23.04858584442501
15,ASARWA,72.6064913506667,23.045830889031414
15,ASARWA,72.6031277016257,23.04088277693644
15,ASARWA,72.616673606545,23.051670301337015
15,ASARWA,72.60748164489597,23.043455523859606
15,ASARWA,72.61069330630384,23.050345657154562
15,ASARWA,72.61579235525558,23.05950468956046
15,ASARWA,72.62088632685686,23.056512291187975
15,ASARWA,72.61311949871312,23.055490891896362
15,ASARWA,72.6116780424041,23.04757213156709
15,ASARWA,72.61296976087864,23.054307198691088
15,ASARWA,72.6230634574532,23.05652722962233
15,ASARWA,72.61313848151183,23.05502743609185
15,ASARWA,72.61039539137907,23.049988993303348
15,ASARWA,72.60148203776161,23.04192308718831
15,ASARWA,72.60134020046264,23.039454932160574
15,ASARWA,72.61436149028177,23.052070085390458
15,ASARWA,72.61656438801947,23.05228171095443
15,ASARWA,72.61747323348041,23.055879646970904
15,ASARWA,72.6091909181574,23.04951747605547
15,ASARWA,72.602869313344,23.0426714121051
15,ASARWA,72.61971162836015,23.055379695574697
15,ASARWA,72.6105855059413,23.05273503353582
15,ASARWA,72.62431438077735,23.056231231889495
15,ASARWA,72.6110596450929,23.047883504565128
15,ASARWA,72.60487304222718,23.044789781390204
15,ASARWA,72.60339464242509,23.040661450474154
15,ASARWA,72.61335019078578,23.04591681103405
15,ASARWA,72.60433008425254,23.042114401263262
15,ASARWA,72.60489168466941,23.040129265217843
15,ASARWA,72.60484295656913,23.045937527094534
15,ASARWA,72.60998706150089,23.049195516445593
15,ASARWA,72.62328340821418,23.056677561894798
15,ASARWA,72.61100253675092,23.04741011308929
15,ASARWA,72.61316961571013,23.046729336914268
15,ASARWA,72.61633981066554,23.049567779309633
15,ASARWA,72.61480394905765,23.052941322311213
15,ASARWA,72.6170176631592,23.05026168121479
15,ASARWA,72.61218926898694,23.050342333109118
15,ASARWA,72.61797285965872,23.052610312864786
15,ASARWA,72.60626086464097,23.040574664860774
15,ASARWA,72.60345133890839,23.045006310770393
15,ASARWA,72.61083761103353,23.0435425152222
15,ASARWA,72.61240084706954,23.053590960993297
15,ASARWA,72.60961930074144,23.041707444008935
15,ASARWA,72.60597868616607,23.045590036567532
15,ASARWA,72.61690773174321,23.04770359723463
15,ASARWA,72.61655821539064,23.059208749002025
15,ASARWA,72.61159804495595,23.04311135584223
15,ASARWA,72.6137187194522,23.05272373102014
15,ASARWA,72.61752093704118,23.057996672666718
15,ASARWA,72.60399287011096,23.045112950171966
15,ASARWA,72.61531649100566,23.0532498280512
15,ASARWA,72.60462565684365,23.04464150127983
15,ASARWA,72.60857027795062,23.045445592535376
15,ASARWA,72.61762160795112,23.051207612085342
15,ASARWA,72.61217012896232,23.04514117958616
15,ASARWA,72.61297544929475,23.046512296049094
15,ASARWA,72.60303691191999,23.04017016356512
15,ASARWA,72.60158737924351,23.039332609507795
15,ASARWA,72.62214609064729,23.055523255187225
15,ASARWA,72.61641889644773,23.054189415849855
15,ASARWA,72.61973876918903,23.057897135780077
15,ASARWA,72.61957413150658,23.054479330127347
15,ASARWA,72.60564513690363,23.039902469798445
15,ASARWA,72.61009495670227,23.0433984586713
15,ASARWA,72.61075258153085,23.04475002931182
15,ASARWA,72.6180059567569,23.052198776779516
15,ASARWA,72.62120283616865,23.057339358040323
15,ASARWA,72.62121066429837,23.057447662426092
15,ASARWA,72.60304836129026,23.0424311485356
15,ASARWA,72.60623518424262,23.044701200945223
15,ASARWA,72.61204806375795,23.0456823715063
15,ASARWA,72.60880433296472,23.044751270082894
15,ASARWA,72.61077018792365,23.044602973801624
15,ASARWA,72.61102294455858,23.052137382800932
15,ASARWA,72.60985643253561,23.049965899572697
15,ASARWA,72.61558965467935,23.04878810208735
15,ASARWA,72.60388007963381,23.043502571606762
15,ASARWA,72.61738847705595,23.054309000497216
15,ASARWA,72.60131233963858,23.04084263928032
15,ASARWA,72.61189703254092,23.051266994966447
15,ASARWA,72.61210257488949,23.05248058503927
15,ASARWA,72.62020846613943,23.059243900430275
15,ASARWA,72.60931576549949,23.04165912262376
15,ASARWA,72.60701453475461,23.041325056991358
15,ASARWA,72.60924010584985,23.041339775621697
15,ASARWA,72.61654884673271,23.047679970358796
15,ASARWA,72.60981529284383,23.046259420371495
15,ASARWA,72.61108923842681,23.050845885024472
15,ASARWA,72.61628958343837,23.05669629142099
15,ASARWA,72.60694968815636,23.04026689555426
15,ASARWA,72.61618034584161,23.051359843730882
15,ASARWA,72.61527977901615,23.04824605316514
15,ASARWA,72.6199853980246,23.058192680886354
15,ASARWA,72.60435293916764,23.04396514520195
15,ASARWA,72.60866483144069,23.044250090639576
15,ASARWA,72.62280016823605,23.05400249011243
15,ASARWA,72.60053374523251,23.039541019678435
15,ASARWA,72.61785991297401,23.054540201180682
15,ASARWA,72.61443810571478,23.05655094027179
15,ASARWA,72.60988351200727,23.044177712679478
15,ASARWA,72.61761607415279,23.052307561978665
15,ASARWA,72.61259862055196,23.055536132734233
15,ASARWA,72.6175826614234,23.049598715261634
15,ASARWA,72.61127250135591,23.042993432848476
15,ASARWA,72.61053643802396,23.04469334689603
15,ASARWA,72.6164086704628,23.053571322739522
15,ASARWA,72.61632123403191,23.050367140845417
15,ASARWA,72.61664855316005,23.055026467354587
15,ASARWA,72.6088731843203,23.042159271335805
15,ASARWA,72.61629360013035,23.05042911542014
15,ASARWA,72.61545958034338,23.05873915808238
15,ASARWA,72.61669690019004,23.05391360816902
15,ASARWA,72.6055176278752,23.04239103838723
15,ASARWA,72.6130781166006,23.04541113497499
15,ASARWA,72.60468432227258,23.041341960531867
15,ASARWA,72.60866114572164,23.04178057191937
15,ASARWA,72.61367065118866,23.045244316917536
15,ASARWA,72.61047278334657,23.0450673914295
15,ASARWA,72.60290022895155,23.042912123998327
15,ASARWA,72.60503596471077,23.04542147272735
15,ASARWA,72.61821602266983,23.054729996438848
15,ASARWA,72.61225206796438,23.053006591168753
15,ASARWA,72.61644670107505,23.04743337373655
15,ASARWA,72.62228654908783,23.0560768262024
15,ASARWA,72.61362615050555,23.04631093881602
15,ASARWA,72.61451311737069,23.05139051132015
15,ASARWA,72.61682551649592,23.05395640968863
15,ASARWA,72.61476876457192,23.057585045725666
15,ASARWA,72.61658071338864,23.049714867273604
15,ASARWA,72.61216655078252,23.049629671295715
15,ASARWA,72.60728997088135,23.04500244882313
15,ASARWA,72.6175154058892,23.051915417216282
15,ASARWA,72.60895571167656,23.045872504727676
15,ASARWA,72.61618892252133,23.049702873665044
15,ASARWA,72.62244758501039,23.053735197112214
15,ASARWA,72.61626786052835,23.059536506691824
15,ASARWA,72.61851126255596,23.052981544084737
15,ASARWA,72.61972577526954,23.055652176484415
15,ASARWA,72.6135038715139,23.049381068163107
15,ASARWA,72.61924789001436,23.05167334043537
15,ASARWA,72.6131274705161,23.04890737439324
15,ASARWA,72.61190434578211,23.047855921555655
15,ASARWA,72.60414877454157,23.04080662651418
15,ASARWA,72.61633280452578,23.056511277611815
15,ASARWA,72.60955713815763,23.047520851137804
15,ASARWA,72.6045430433331,23.044084629860546
15,ASARWA,72.61276567658561,23.045885194991076
15,ASARWA,72.61343913937486,23.050756076704975
15,ASARWA,72.6103520115243,23.04571664695752
15,ASARWA,72.61041281606266,23.050512917664935
15,ASARWA,72.61730448287705,23.04939026804517
15,ASARWA,72.61097377653623,23.04806187342423
15,ASARWA,72.61216295844012,23.046174125146212
15,ASARWA,72.6178318091884,23.049503569039867
15,ASARWA,72.61060491732303,23.04526977269237
15,ASARWA,72.61885198924325,23.051157220113296
15,ASARWA,72.61555053431297,23.048685791224692
15,ASARWA,72.61850881973152,23.057978929303868
15,ASARWA,72.62421241901129,23.05563568239342
15,ASARWA,72.62408853885754,23.056646379156497
15,ASARWA,72.61125409674483,23.053588177534923
15,ASARWA,72.6215835044768,23.05369977272381
15,ASARWA,72.61489279876965,23.046125163068794
15,ASARWA,72.61015937669876,23.043479562866008
15,ASARWA,72.61541686282636,23.05391255141498
15,ASARWA,72.6100635207489,23.044530995983628
15,ASARWA,72.61489181840648,23.046293556939123
15,ASARWA,72.61392239034016,23.054330515094268
15,ASARWA,72.61954161319787,23.05485326247317
15,ASARWA,72.6155713354118,23.053361841707403
15,ASARWA,72.61473455924641,23.056528412588417
15,ASARWA,72.61932754639759,23.057305865796096
15,ASARWA,72.62543545130475,23.05660828489725
15,ASARWA,72.61381385528374,23.04642801289818
15,ASARWA,72.60322965307165,23.04037898082526
16,SHAHIBAG,72.59178056969027,23.037697720181647
16,SHAHIBAG,72.59871568095059,23.050863711594
16,SHAHIBAG,72.61149624457336,23.05616581543107
16,SHAHIBAG,72.60381560316063,23.055741985929075
16,SHAHIBAG,72.60561300577663,23.05394486996449
16,SHAHIBAG,72.60016838347443,23.049806084220815
16,SHAHIBAG,72.59931546739327,23.04404111303246
16,SHAHIBAG,72.59465649538005,23.04270809555714
16,SHAHIBAG,72.59851027863868,23.050226405863775
16,SHAHIBAG,72.60025309888697,23.034415099977505
16,SHAHIBAG,72.59634704245815,23.04341175274343
16,SHAHIBAG,72.60018282765434,23.03711655071779
16,SHAHIBAG,72.60012478680049,23.050052873974398
16,SHAHIBAG,72.59030050297106,23.038899988247106
16,SHAHIBAG,72.59743527198556,23.05417692186514
16,SHAHIBAG,72.60015444250936,23.03817883229249
16,SHAHIBAG,72.59789208483761,23.032908181083503
16,SHAHIBAG,72.59967255359476,23.040237788522507
16,SHAHIBAG,72.5978150862715,23.04913298353261
16,SHAHIBAG,72.59615717040849,23.050410136127628
16,SHAHIBAG,72.60874469149168,23.049907151354496
16,SHAHIBAG,72.6056819661994,23.046929068165333
16,SHAHIBAG,72.59417654783371,23.057375837942892
16,SHAHIBAG,72.6004084127589,23.036726752046853
16,SHAHIBAG,72.6037624179263,23.05737180601828
16,SHAHIBAG,72.60193571027885,23.05888125871246
16,SHAHIBAG,72.59697960191805,23.06144147497974
16,SHAHIBAG,72.60387929857046,23.05773176059888
16,SHAHIBAG,72.59471065333153,23.045757297452912
16,SHAHIBAG,72.59791062490075,23.056965707472468
16,SHAHIBAG,72.6062120308702,23.059357178121175
16,SHAHIBAG,72.60021363459214,23.051732656838222
16,SHAHIBAG,72.60874987149953,23.054328612767232
16,SHAHIBAG,72.59053523132297,23.043103294023577
16,SHAHIBAG,72.60154083276257,23.056107071703575
16,SHAHIBAG,72.60132041421434,23.05687282400677
16,SHAHIBAG,72.60309218456419,23.04947952495033
16,SHAHIBAG,72.59359508311613,23.047224621234914
16,SHAHIBAG,72.60144257119862,23.05820736207453
16,SHAHIBAG,72.59930320234483,23.03350844113626
16,SHAHIBAG,72.5999458169381,23.05889863672344
16,SHAHIBAG,72.59602713460734,23.045455660389027
16,SHAHIBAG,72.60606945004847,23.058824711661106
16,SHAHIBAG,72.61003813133559,23.056872029711915
16,SHAHIBAG,72.59268845215092,23.041321536461737
16,SHAHIBAG,72.60939703534825,23.05519409348608
16,SHAHIBAG,72.58923860018417,23.038275328115407
16,SHAHIBAG,72.60743718040636,23.04823646184784
16,SHAHIBAG,72.5901581045029,23.039781644339865
16,SHAHIBAG,72.59595829550095,23.04156272262799
16,SHAHIBAG,72.60948190215674,23.052998640743333
16,SHAHIBAG,72.59848542045712,23.04145398604469
16,SHAHIBAG,72.59285705921842,23.045744587730816
16,SHAHIBAG,72.59607502629053,23.051251806242437
16,SHAHIBAG,72.59815100097396,23.059030525874185
16,SHAHIBAG,72.60125089296068,23.051299186496188
16,SHAHIBAG,72.60495439480887,23.051611452094665
16,SHAHIBAG,72.60345706656908,23.04885070242277
16,SHAHIBAG,72.6103695025946,23.05766819785235
16,SHAHIBAG,72.59789899903298,23.05483987163857
16,SHAHIBAG,72.59905028113174,23.036836248041716
16,SHAHIBAG,72.60623461827348,23.05420284285282
16,SHAHIBAG,72.60104493028653,23.036050804954524
16,SHAHIBAG,72.5963323459174,23.043283109689426
16,SHAHIBAG,72.59137566329628,23.04303107464799
16,SHAHIBAG,72.59837822914234,23.043254304371033
16,SHAHIBAG,72.60308840481656,23.054942148324457
16,SHAHIBAG,72.60321639929496,23.048566163489063
16,SHAHIBAG,72.60216881353941,23.053921403745175
16,SHAHIBAG,72.59927058391162,23.052122371625554
16,SHAHIBAG,72.59372738078117,23.051544713124088
16,SHAHIBAG,72.59852657802853,23.058607172721157
16,SHAHIBAG,72.59639585520735,23.04513357611586
16,SHAHIBAG,72.59860819204876,23.043751107665745
16,SHAHIBAG,72.59639369696707,23.04382091851126
16,SHAHIBAG,72.61082998966093,23.056828146297
16,SHAHIBAG,72.59112497051379,23.046044108445322
16,SHAHIBAG,72.59437329897192,23.056834258499492
16,SHAHIBAG,72.59216562500208,23.045344741880687
16,SHAHIBAG,72.59497153884189,23.051445662856256
16,SHAHIBAG,72.60110815961318,23.04445698093528
16,SHAHIBAG,72.5927827727575,23.054746451384926
16,SHAHIBAG,72.59111743854797,23.04019202493503
16,SHAHIBAG,72.60997992642027,23.055556962826085
16,SHAHIBAG,72.59567785886208,23.05200390677506
16,SHAHIBAG,72.5972929401556,23.05417478217841
16,SHAHIBAG,72.60899592772206,23.05565039438245
16,SHAHIBAG,72.59814164153597,23.037790976776716
16,SHAHIBAG,72.59329463194553,23.045628291720224
16,SHAHIBAG,72.59777906948186,23.054260508679384
16,SHAHIBAG,72.59632066737841,23.053923026403133
16,SHAHIBAG,72.59163657304748,23.054213619054966
16,SHAHIBAG,72.59712113354342,23.054533279411388
16,SHAHIBAG,72.59326547726242,23.052426943721223
16,SHAHIBAG,72.60523402039222,23.05377416230397
16,SHAHIBAG,72.60322741295055,23.05529619921246
16,SHAHIBAG,72.60431349570221,23.051261428693522
16,SHAHIBAG,72.60678747123147,23.05306568833723
16,SHAHIBAG,72.5912336956724,23.037508197296948
16,SHAHIBAG,72.59539414649745,23.062188496131405
16,SHAHIBAG,72.597882716772,23.057530327915124
16,SHAHIBAG,72.59904540020464,23.05893362428683
16,SHAHIBAG,72.60726879848283,23.053424108457897
16,SHAHIBAG,72.60027693316664,23.053496430639022
16,SHAHIBAG,72.59215805580006,23.058155941403555
16,SHAHIBAG,72.60674667455865,23.05444019802223
16,SHAHIBAG,72.59484600001318,23.052305266118033
16,SHAHIBAG,72.60322099868654,23.053313876811607
16,SHAHIBAG,72.60381854099147,23.052034407599262
16,SHAHIBAG,72.60153776140473,23.051171332112588
16,SHAHIBAG,72.59571784753133,23.04090410934175
16,SHAHIBAG,72.59276754859313,23.05766168570485
16,SHAHIBAG,72.6113267398262,23.056908576377037
16,SHAHIBAG,72.59837910246337,23.058053301891036
16,SHAHIBAG,72.60303677317751,23.05339283986852
16,SHAHIBAG,72.59161332396853,23.040945207731255
16,SHAHIBAG,72.60585781492578,23.04849253768975
16,SHAHIBAG,72.5998864186738,23.038299507319614
16,SHAHIBAG,72.59057481682154,23.040082698647073
16,SHAHIBAG,72.59954326527595,23.052817046801103
16,SHAHIBAG,72.60378515609136,23.045916669042114
16,SHAHIBAG,72.59288791223995,23.040083846688272
16,SHAHIBAG,72.60081367385409,23.055680111016468
16,SHAHIBAG,72.59364889424144,23.048618834243506
16,SHAHIBAG,72.59640509773514,23.040471760935915
16,SHAHIBAG,72.59682243612973,23.054663790076972
16,SHAHIBAG,72.59797799718437,23.035626348533455
16,SHAHIBAG,72.60296404311931,23.048322424718407
16,SHAHIBAG,72.61202646090474,23.055899420863106
16,SHAHIBAG,72.60664636672713,23.049295994250517
16,SHAHIBAG,72.60851982172115,23.05812245720325
16,SHAHIBAG,72.59201270436296,23.052433322189803
16,SHAHIBAG,72.60606348506323,23.04949678472009
16,SHAHIBAG,72.59579143592194,23.06034064461341
16,SHAHIBAG,72.6037356756498,23.054949975135433
16,SHAHIBAG,72.60397198851523,23.054985900756293
16,SHAHIBAG,72.59158588570975,23.061737493524966
16,SHAHIBAG,72.59502395759145,23.058851691469204
16,SHAHIBAG,72.60986569999926,23.052635988543773
16,SHAHIBAG,72.59869816848855,23.051308541016716
16,SHAHIBAG,72.60382310632723,23.046661092167614
16,SHAHIBAG,72.60735076838363,23.04798316416561
16,SHAHIBAG,72.5908186283342,23.03807102070794
16,SHAHIBAG,72.59927818495447,23.037340878034076
16,SHAHIBAG,72.6012142112657,23.04624596445752
16,SHAHIBAG,72.6021305528019,23.05495608250785
16,SHAHIBAG,72.60915374519135,23.057208428724937
16,SHAHIBAG,72.61088645610873,23.054962323682997
16,SHAHIBAG,72.59766647087655,23.061665618987792
16,SHAHIBAG,72.59354719258361,23.05037139071945
16,SHAHIBAG,72.60707445180469,23.054295032919324
16,SHAHIBAG,72.59247225728066,23.05872689115278
16,SHAHIBAG,72.59932273072569,23.04903499147861
16,SHAHIBAG,72.59618432260416,23.042349065652186
16,SHAHIBAG,72.60099704992652,23.053928743943683
16,SHAHIBAG,72.59242322592456,23.05097348761954
16,SHAHIBAG,72.6010170212957,23.05566508514407
16,SHAHIBAG,72.60570050732733,23.051328459469254
16,SHAHIBAG,72.5920407459353,23.055670728311437
16,SHAHIBAG,72.60103982128969,23.03455183333056
16,SHAHIBAG,72.59139329772101,23.05565728796462
16,SHAHIBAG,72.60627233713443,23.0477315354423
16,SHAHIBAG,72.59655769892566,23.05718616466645
16,SHAHIBAG,72.60310890727868,23.047807873726335
16,SHAHIBAG,72.60692758284873,23.049067598359535
16,SHAHIBAG,72.59679197020814,23.04638752674407
16,SHAHIBAG,72.59271246119478,23.039994476249063
16,SHAHIBAG,72.59694422800493,23.060303856823232
16,SHAHIBAG,72.59477717834952,23.06054586654974
16,SHAHIBAG,72.59726687446773,23.048746001142433
16,SHAHIBAG,72.59303906625209,23.057745419922117
16,SHAHIBAG,72.58990352775795,23.04733892062509
16,SHAHIBAG,72.59272371925573,23.041512565163334
16,SHAHIBAG,72.5948159203421,23.054557726936043
16,SHAHIBAG,72.59918182569523,23.040837579685487
16,SHAHIBAG,72.60164031633867,23.051664745299302
16,SHAHIBAG,72.60214443479586,23.058129397885065
16,SHAHIBAG,72.59078213117307,23.04473193282797
16,SHAHIBAG,72.60021570724787,23.04950825165351
16,SHAHIBAG,72.60670287899345,23.056941953014384
16,SHAHIBAG,72.59816569124432,23.052586676816535
16,SHAHIBAG,72.59984662255552,23.034750909622264
16,SHAHIBAG,72.60811413934579,23.050977147022625
16,SHAHIBAG,72.602859893349,23.05535214605084
16,SHAHIBAG,72.59041699519665,23.04593438312807
16,SHAHIBAG,72.60077145203546,23.042716396875665
16,SHAHIBAG,72.5973258710748,23.06128602794252
16,SHAHIBAG,72.59976903868962,23.05646692636719
16,SHAHIBAG,72.59841075158182,23.04974930929521
16,SHAHIBAG,72.59622437209045,23.051447641524817
16,SHAHIBAG,72.59316208983051,23.045568253424722
16,SHAHIBAG,72.60263966994579,23.05574332226354
16,SHAHIBAG,72.60891449301829,23.051314504075815
16,SHAHIBAG,72.59395895219056,23.046717247542656
16,SHAHIBAG,72.59385166836415,23.053872039203984
16,SHAHIBAG,72.59825477979011,23.054216985625438
16,SHAHIBAG,72.60713765724995,23.053920468460486
16,SHAHIBAG,72.60176831345312,23.058316206778308
16,SHAHIBAG,72.59223177457224,23.0591678039258
16,SHAHIBAG,72.59819370923205,23.060124443802557
17,SHAHPUR,72.57443470184148,23.034893195513398
17,SHAHPUR,72.57502971331087,23.04326507600153
17,SHAHPUR,72.58021532956664,23.051878984815747
17,SHAHPUR,72.58166876206714,23.051848440949097
17,SHAHPUR,72.57841825336517,23.04433738238112
17,SHAHPUR,72.58556815287264,23.044203083981817
17,SHAHPUR,72.57382404857704,23.03845241810219
17,SHAHPUR,72.5896790856382,23.046246060363366
17,SHAHPUR,72.58273156091452,23.055932078817715
17,SHAHPUR,72.58267154217683,23.057172807714977
17,SHAHPUR,72.58242434537777,23.04458400496819
17,SHAHPUR,72.5792240694941,23.037712647430418
17,SHAHPUR,72.5892552570404,23.045434823896006
17,SHAHPUR,72.58957376624686,23.045067238296486
17,SHAHPUR,72.58848452521717,23.053858692294302
17,SHAHPUR,72.58240898319437,23.041663984310066
17,SHAHPUR,72.58784198103147,23.043119904281106
17,SHAHPUR,72.57662945520057,23.041586794251927
17,SHAHPUR,72.57793665477712,23.03560680051652
17,SHAHPUR,72.5840182530693,23.05462814722718
17,SHAHPUR,72.58877761495441,23.042590269082567
17,SHAHPUR,72.58930015408974,23.062024531849733
17,SHAHPUR,72.58814870128235,23.054056721939922
17,SHAHPUR,72.58049636987418,23.049406565835696
17,SHAHPUR,72.59119541996343,23.05065223902123
17,SHAHPUR,72.58275659507123,23.058405112910965
17,SHAHPUR,72.57686007744877,23.042415204730553
17,SHAHPUR,72.58872370123781,23.059264823859998
17,SHAHPUR,72.58190614338518,23.045438641026077
17,SHAHPUR,72.57628655248119,23.041066495980107
17,SHAHPUR,72.58961812557874,23.056432405880386
17,SHAHPUR,72.57383824584429,23.0424279879492
17,SHAHPUR,72.58844414443058,23.052721029156423
17,SHAHPUR,72.58963462392566,23.05392352887885
17,SHAHPUR,72.57832475223248,23.046224655842867
17,SHAHPUR,72.5865154057074,23.050102971360346
17,SHAHPUR,72.57678864566716,23.038196110739584
17,SHAHPUR,72.581094118132,23.056878322184197
17,SHAHPUR,72.58493905146268,23.059771680857658
17,SHAHPUR,72.57508867133774,23.042152677662582
17,SHAHPUR,72.58362342796791,23.049353134891923
17,SHAHPUR,72.58936803249426,23.057465179392214
17,SHAHPUR,72.58333877100897,23.05195275254471
17,SHAHPUR,72.58989087297634,23.057261174090325
17,SHAHPUR,72.5847001601813,23.05130656555341
17,SHAHPUR,72.58455504495005,23.054179725574027
17,SHAHPUR,72.5805925742128,23.048788270386623
17,SHAHPUR,72.57689902863181,23.04819557149099
17,SHAHPUR,72.57966076611523,23.051683180510974
17,SHAHPUR,72.58754437212765,23.05072803989677
17,SHAHPUR,72.58595196058641,23.043805354013625
17,SHAHPUR,72.58182059874501,23.052141545774177
17,SHAHPUR,72.58255883742135,23.058459699596693
17,SHAHPUR,72.57737000619855,23.043064193536278
17,SHAHPUR,72.5820993299906,23.044699695736316
17,SHAHPUR,72.57870206254157,23.049497331931452
17,SHAHPUR,72.58310008844866,23.049422165621596
17,SHAHPUR,72.57673213892784,23.044775135769566
17,SHAHPUR,72.58922487960855,23.047325937605358
17,SHAHPUR,72.58452173351645,23.04935590458892
17,SHAHPUR,72.5743339728875,23.0393187377596
17,SHAHPUR,72.58842144364802,23.044502889816066
17,SHAHPUR,72.58528307515178,23.056818444557667
17,SHAHPUR,72.57963607412475,23.042636043423137
17,SHAHPUR,72.5755841437859,23.039319837787843
17,SHAHPUR,72.58813858386874,23.043045915120207
17,SHAHPUR,72.58127634232483,23.052765855957144
17,SHAHPUR,72.57861572272135,23.03270752412453
17,SHAHPUR,72.58245514293216,23.056946530115997
17,SHAHPUR,72.58915186722908,23.05050440231629
17,SHAHPUR,72.57766127148165,23.036972846723433
17,SHAHPUR,72.57461289992762,23.041811291901904
17,SHAHPUR,72.57977430318614,23.041009620184326
17,SHAHPUR,72.58515503773634,23.055326749828073
17,SHAHPUR,72.57517963221662,23.043178792972206
17,SHAHPUR,72.5857869274455,23.056252028157136
17,SHAHPUR,72.58621647376683,23.05877463327602
17,SHAHPUR,72.58571853043082,23.052889996082886
17,SHAHPUR,72.57873193251433,23.04576407525212
17,SHAHPUR,72.58198312120422,23.056027575759742
17,SHAHPUR,72.58691163258887,23.04733773900685
17,SHAHPUR,72.58412409526696,23.041401601405425
17,SHAHPUR,72.5795156519879,23.055121769560404
17,SHAHPUR,72.58640071560927,23.059567695864565
17,SHAHPUR,72.57844411554782,23.047498930290093
17,SHAHPUR,72.58681133793269,23.051221889071126
17,SHAHPUR,72.58796588739987,23.040421243517194
17,SHAHPUR,72.58536998441535,23.056902111707657
17,SHAHPUR,72.57718520641303,23.036764130753035
17,SHAHPUR,72.58300762681017,23.039673088897672
17,SHAHPUR,72.57374649171273,23.03463566155847
17,SHAHPUR,72.5796204085553,23.055305104666985
17,SHAHPUR,72.58570613195535,23.059488433525008
17,SHAHPUR,72.57748055246675,23.036620592669628
17,SHAHPUR,72.58886083321599,23.044279285988758
17,SHAHPUR,72.58781212449793,23.04768180867061
17,SHAHPUR,72.57540572497119,23.037610316182562
17,SHAHPUR,72.57567776101212,23.037758047717308
17,SHAHPUR,72.5860633273151,23.040545214119145
17,SHAHPUR,72.58525035400373,23.05899302511224
17,SHAHPUR,72.58054653165513,23.054845925428786
17,SHAHPUR,72.58158123455459,23.048675970609327
17,SHAHPUR,72.58781106172111,23.050741143278202
17,SHAHPUR,72.57875104206454,23.034572661587184
17,SHAHPUR,72.58483586716329,23.039825442187293
17,SHAHPUR,72.59018568960657,23.053132608698046
17,SHAHPUR,72.57787366873791,23.031840557230247
17,SHAHPUR,72.59132986157056,23.049642865778633
17,SHAHPUR,72.58175003615146,23.044920097865976
17,SHAHPUR,72.58249390345283,23.040286443592482
17,SHAHPUR,72.57646213980283,23.049819830520562
17,SHAHPUR,72.57514037626389,23.044138584883097
17,SHAHPUR,72.58669013834117,23.040609644346212
17,SHAHPUR,72.58668593848122,23.05954825221835
17,SHAHPUR,72.58696082771928,23.05997769789532
17,SHAHPUR,72.58948471692189,23.049441350620818
17,SHAHPUR,72.57919144696535,23.040861937135592
17,SHAHPUR,72.58809045185524,23.04187923919839
17,SHAHPUR,72.57872443926361,23.040143388161756
17,SHAHPUR,72.57770361304505,23.038213856284113
17,SHAHPUR,72.58266824687021,23.03951178078819
17,SHAHPUR,72.59040873782243,23.04904032949524
17,SHAHPUR,72.57909895890924,23.043663688892384
17,SHAHPUR,72.58443254711543,23.05988633654895
17,SHAHPUR,72.57805583579677,23.036781175975175
17,SHAHPUR,72.58924546184117,23.055215135716438
17,SHAHPUR,72.57809500637167,23.03583766872276
17,SHAHPUR,72.58185528669763,23.057798497041972
17,SHAHPUR,72.58345552459078,23.04390759152143
17,SHAHPUR,72.58914543320567,23.05251505482047
17,SHAHPUR,72.57761300809173,23.04352275836993
17,SHAHPUR,72.58025315293209,23.047458374067865
17,SHAHPUR,72.58731267017751,23.039839066940647
17,SHAHPUR,72.58360385720303,23.04663894644604
17,SHAHPUR,72.57991833094935,23.05241139032901
17,SHAHPUR,72.58886473665375,23.042390963792165
17,SHAHPUR,72.58040854138281,23.046329839075867
17,SHAHPUR,72.58677925992002,23.049249194361693
17,SHAHPUR,72.57577802349228,23.03709872201408
17,SHAHPUR,72.5776966732601,23.044167715401848
17,SHAHPUR,72.58641016243857,23.059827025693004
17,SHAHPUR,72.58377093162424,23.048338320202248
17,SHAHPUR,72.57542849749657,23.04095639477254
17,SHAHPUR,72.57515637548684,23.038183310663012
17,SHAHPUR,72.57921148309703,23.05281406483392
17,SHAHPUR,72.58766937451284,23.04102490953451
17,SHAHPUR,72.57540512472961,23.041767948811508
17,SHAHPUR,72.5764855426069,23.03992072813046
17,SHAHPUR,72.58470385967958,23.049501887885373
17,SHAHPUR,72.58598505275472,23.052822595588673
17,SHAHPUR,72.58206860895696,23.056808664919405
17,SHAHPUR,72.58346492917588,23.0404667242853
17,SHAHPUR,72.58062162621033,23.047576968927753
17,SHAHPUR,72.57778754056693,23.048608107892452
17,SHAHPUR,72.58435495825358,23.042664484469892
17,SHAHPUR,72.58827182237319,23.05374743943242
17,SHAHPUR,72.5872828115707,23.043403353375208
17,SHAHPUR,72.58527767795485,23.05212187061515
17,SHAHPUR,72.58692060154324,23.04970270346286
17,SHAHPUR,72.58553974147962,23.060660874512692
17,SHAHPUR,72.58458602170083,23.057542941369398
17,SHAHPUR,72.58773619880418,23.048102952400175
17,SHAHPUR,72.5834484269328,23.041192834413643
17,SHAHPUR,72.58493105369546,23.046074115645357
17,SHAHPUR,72.57474420715549,23.038180611254127
17,SHAHPUR,72.58934285597758,23.051291620890055
17,SHAHPUR,72.5752344805369,23.040500547101434
17,SHAHPUR,72.58414170849164,23.046753185939103
17,SHAHPUR,72.57391602970745,23.042496190656856
17,SHAHPUR,72.58707624263765,23.052615502827855
17,SHAHPUR,72.57880921112108,23.038243502874188
17,SHAHPUR,72.58442138413363,23.044880318977132
17,SHAHPUR,72.5780197993814,23.04794936994397
17,SHAHPUR,72.57757812828095,23.049353852181838
17,SHAHPUR,72.57620402279996,23.04429312097445
17,SHAHPUR,72.58550815239546,23.05528760880845
17,SHAHPUR,72.57740741165007,23.04107531778537
17,SHAHPUR,72.58227352832019,23.05128515149732
17,SHAHPUR,72.58793385842083,23.04171840446405
17,SHAHPUR,72.58602600629837,23.048077958610563
17,SHAHPUR,72.58840719188179,23.06075383184431
17,SHAHPUR,72.587718352518,23.03916036369871
17,SHAHPUR,72.58187730343649,23.04369256337697
17,SHAHPUR,72.5832963861728,23.056383876591443
17,SHAHPUR,72.58565915418215,23.055519913723597
17,SHAHPUR,72.58690181644373,23.056017280224726
17,SHAHPUR,72.59269795368647,23.049999115547422
17,SHAHPUR,72.59142411804076,23.05182862458107
17,SHAHPUR,72.57810735457716,23.041978003346006
17,SHAHPUR,72.58596117525698,23.048433592510335
17,SHAHPUR,72.57660396072619,23.036618177890528
17,SHAHPUR,72.58825105502224,23.054724582543123
17,SHAHPUR,72.58629325152383,23.04441514200528
17,SHAHPUR,72.5757352001567,23.040308263107146
17,SHAHPUR,72.57493373387223,23.036476805445727
17,SHAHPUR,72.58203429792486,23.056479435797527
17,SHAHPUR,72.58188549527205,23.05408476437164
17,SHAHPUR,72.58538056555096,23.04098457889259
17,SHAHPUR,72.58294225010337,23.05280424739021
17,SHAHPUR,72.59051881333039,23.055334824172018
18,NAVRANGPURA,72.54575963853561,23.03493184597141
18,NAVRANGPURA,72.54997242063871,23.03023894879157
18,NAVRANGPURA,72.53897600185708,23.036179326397555
18,NAVRANGPURA,72.56876082467936,23.040197549806116
18,NAVRANGPURA,72.54680577128012,23.04651677903523
18,NAVRANGPURA,72.53673352100323,23.02850152093951
18,NAVRANGPURA,72.55613019001433,23.030134693944575
18,NAVRANGPURA,72.56521070745592,23.032940602440338
18,NAVRANGPURA,72.5551315203356,23.036201293309624
18,NAVRANGPURA,72.55432463383025,23.023186232790714
18,NAVRANGPURA,72.55356617511353,23.030222037143442
18,NAVRANGPURA,72.55230495325135,23.019725079819647
18,NAVRANGPURA,72.54370277354973,23.011976668220953
18,NAVRANGPURA,72.5446938397389,23.04767748264506
18,NAVRANGPURA,72.548591089431,23.029143644411263
18,NAVRANGPURA,72.5486205939917,23.020678856455227
18,NAVRANGPURA,72.55249235522088,23.0371741489788
18,NAVRANGPURA,72.5518139252315,23.04204527052126
18,NAVRANGPURA,72.55730219393456,23.024702008900913
18,NAVRANGPURA,72.55280808268745,23.03966506431512
18,NAVRANGPURA,72.54879598993136,23.035904530687453
18,NAVRANGPURA,72.56343647481161,23.031247382232586
18,NAVRANGPURA,72.56062460436442,23.033491161743704
18,NAVRANGPURA,72.54588208050241,23.046890476520744
18,NAVRANGPURA,72.55283733830498,23.025617207268546
18,NAVRANGPURA,72.56582196333943,23.021783140386724
18,NAVRANGPURA,72.5544491805409,23.032819100226742
18,NAVRANGPURA,72.54777961006299,23.033169962052447
18,NAVRANGPURA,72.55074915336297,23.043246345612758
18,NAVRANGPURA,72.56707387540449,23.022495166177993
18,NAVRANGPURA,72.5731470347069,23.03270121668812
18,NAVRANGPURA,72.57371706984767,23.03622848168609
18,NAVRANGPURA,72.55515982831757,23.032650994744692
18,NAVRANGPURA,72.54533197150788,23.01688357549467
18,NAVRANGPURA,72.54696609566426,23.019520086563713
18,NAVRANGPURA,72.56733144078233,23.02576215460693
18,NAVRANGPURA,72.54803185757079,23.043380670889057
18,NAVRANGPURA,72.54958847153807,23.04682618573923
18,NAVRANGPURA,72.54900484734989,23.04467865404845
18,NAVRANGPURA,72.5600272207577,23.039568544569793
18,NAVRANGPURA,72.53278668265055,23.02594259081059
18,NAVRANGPURA,72.544233948545,23.041177826601484
18,NAVRANGPURA,72.56162337708797,23.03312513316873
18,NAVRANGPURA,72.5468582327666,23.033733945444236
18,NAVRANGPURA,72.54661071759814,23.035740202651166
18,NAVRANGPURA,72.53936874508828,23.0165285602133
18,NAVRANGPURA,72.5336947106855,23.028381820391957
18,NAVRANGPURA,72.537501214153,23.02176930130537
18,NAVRANGPURA,72.54814148728288,23.025965952427846
18,NAVRANGPURA,72.5734763348292,23.033866962439816
18,NAVRANGPURA,72.5433133482068,23.034214608342236
18,NAVRANGPURA,72.55909160189441,23.042659246987878
18,NAVRANGPURA,72.56810136441176,23.03584108880239
18,NAVRANGPURA,72.54835591922134,23.015926983817664
18,NAVRANGPURA,72.55975204926008,23.0286166766328
18,NAVRANGPURA,72.57163380080151,23.031690829176476
18,NAVRANGPURA,72.54943052164172,23.03430161049009
18,NAVRANGPURA,72.54256784061953,23.03646814150773
18,NAVRANGPURA,72.54179287775108,23.017566999028247
18,NAVRANGPURA,72.5423789922896,23.038881119497848
18,NAVRANGPURA,72.55036391034318,23.043635531073292
18,NAVRANGPURA,72.56348501755714,23.034533427441126
18,NAVRANGPURA,72.54393102123088,23.01432144095205
18,NAVRANGPURA,72.56498997228172,23.03133917608202
18,NAVRANGPURA,72.55917482850553,23.04697165010433
18,NAVRANGPURA,72.5469164505411,23.04027809615109
18,NAVRANGPURA,72.54465161996357,23.03623702276471
18,NAVRANGPURA,72.56265738013337,23.02702321643865
18,NAVRANGPURA,72.55531725001788,23.033590880772156
18,NAVRANGPURA,72.55228917702472,23.043219502821174
18,NAVRANGPURA,72.54306847036496,23.01544985675533
18,NAVRANGPURA,72.56367777104099,23.031763095025614
18,NAVRANGPURA,72.53423806615291,23.027202633028597
18,NAVRANGPURA,72.53617837095246,23.032497142071875
18,NAVRANGPURA,72.55288067048357,23.031730507670776
18,NAVRANGPURA,72.56480314759222,23.026716343125813
18,NAVRANGPURA,72.56087223904494,23.02357586188754
18,NAVRANGPURA,72.54150286754201,23.012748864803786
18,NAVRANGPURA,72.55499341962782,23.036956965822352
18,NAVRANGPURA,72.54710481046874,23.026429261576638
18,NAVRANGPURA,72.53944341685478,23.037930009518625
18,NAVRANGPURA,72.573700860944,23.034283149969507
18,NAVRANGPURA,72.5593117011239,23.028619973928055
18,NAVRANGPURA,72.53627637598004,23.02115991696531
18,NAVRANGPURA,72.54300023559425,23.042370784580193
18,NAVRANGPURA,72.54177637024083,23.021210670725736
18,NAVRANGPURA,72.5742932444477,23.02838991786566
18,NAVRANGPURA,72.53986410315122,23.01993526648358
18,NAVRANGPURA,72.56700600673115,23.03387724076109
18,NAVRANGPURA,72.55211145062398,23.02226851329129
18,NAVRANGPURA,72.57158886844252,23.039196207572736
18,NAVRANGPURA,72.56343391037231,23.026660067371246
18,NAVRANGPURA,72.55028004559098,23.046412671854764
18,NAVRANGPURA,72.57136734842005,23.03794478384978
18,NAVRANGPURA,72.56561741576441,23.02580121245825
18,NAVRANGPURA,72.55795256409927,23.02373935645841
18,NAVRANGPURA,72.54687702768825,23.04593958418529
18,NAVRANGPURA,72.53316536438672,23.02601426558539
18,NAVRANGPURA,72.55165740529493,23.021832800318723
18,NAVRANGPURA,72.56123037864174,23.02817033858078
18,NAVRANGPURA,72.53466840833381,23.02290075703033
18,NAVRANGPURA,72.53591236943286,23.01195420765706
18,NAVRANGPURA,72.54066243201876,23.03643269080307
18,NAVRANGPURA,72.56244630550962,23.04260600581125
18,NAVRANGPURA,72.56514498053767,23.030095608442583
18,NAVRANGPURA,72.56026368987668,23.02066050984616
18,NAVRANGPURA,72.53914078667421,23.010784104793338
18,NAVRANGPURA,72.54940638093399,23.046860630910025
18,NAVRANGPURA,72.56235777873667,23.027728188143456
18,NAVRANGPURA,72.54509183601243,23.023590695508883
18,NAVRANGPURA,72.5381450401213,23.03626582633535
18,NAVRANGPURA,72.5689416415634,23.0299076605811
18,NAVRANGPURA,72.53240153678998,23.025358626381383
18,NAVRANGPURA,72.54457406325557,23.04608830173136
18,NAVRANGPURA,72.55891189998023,23.039980941662495
18,NAVRANGPURA,72.54881406911598,23.0269989143062
18,NAVRANGPURA,72.54645314187006,23.01718890128276
18,NAVRANGPURA,72.54963560521749,23.036816106835627
18,NAVRANGPURA,72.55596473848698,23.023580256265063
18,NAVRANGPURA,72.54242391888874,23.013803355903853
18,NAVRANGPURA,72.54161583777567,23.014021939312965
18,NAVRANGPURA,72.5482301418835,23.028203063609013
18,NAVRANGPURA,72.55169421387028,23.041370716103785
18,NAVRANGPURA,72.5427032119214,23.043592757711426
18,NAVRANGPURA,72.53944197810793,23.018972895001685
18,NAVRANGPURA,72.53518244796213,23.012368088575464
18,NAVRANGPURA,72.55843288573163,23.04042898451548
18,NAVRANGPURA,72.542921645894,23.045375498858988
18,NAVRANGPURA,72.57223697744617,23.038053688722016
18,NAVRANGPURA,72.56202391133755,23.035746558487826
18,NAVRANGPURA,72.54409624681217,23.045375701089846
18,NAVRANGPURA,72.57257566499273,23.037926496414258
18,NAVRANGPURA,72.55796902157319,23.04017643896891
18,NAVRANGPURA,72.54366500385152,23.011615801819445
18,NAVRANGPURA,72.55283005800852,23.03163380285935
18,NAVRANGPURA,72.539638846142,23.02093930380969
18,NAVRANGPURA,72.54239760760875,23.030941388313714
18,NAVRANGPURA,72.54512449472844,23.037521732660544
18,NAVRANGPURA,72.55672616404752,23.029971541426715
18,NAVRANGPURA,72.56427416855293,23.028830656347097
18,NAVRANGPURA,72.56293506604015,23.034978754607902
18,NAVRANGPURA,72.5610797396718,23.02633201574995
18,NAVRANGPURA,72.55991349365017,23.03147139992259
18,NAVRANGPURA,72.54202872495765,23.02945346757589
18,NAVRANGPURA,72.55434331635725,23.041156235433505
18,NAVRANGPURA,72.55072065417563,23.0262794477082
18,NAVRANGPURA,72.54218018831729,23.04448333131814
18,NAVRANGPURA,72.5395465052684,23.025877061357512
18,NAVRANGPURA,72.5688688025545,23.02853084685447
18,NAVRANGPURA,72.55589051752068,23.043345047549632
18,NAVRANGPURA,72.54318763970618,23.02247274559819
18,NAVRANGPURA,72.54873198444768,23.040811328289646
18,NAVRANGPURA,72.53909392753403,23.03645960130604
18,NAVRANGPURA,72.53928076738944,23.014952887729798
18,NAVRANGPURA,72.54355415359485,23.014359680034808
18,NAVRANGPURA,72.5451681120455,23.027614630634137
18,NAVRANGPURA,72.56381196926301,23.035490519711207
18,NAVRANGPURA,72.55204243450733,23.029208623508037
18,NAVRANGPURA,72.53328795746116,23.028757308989366
18,NAVRANGPURA,72.54655580791264,23.020481545483833
18,NAVRANGPURA,72.54340122484712,23.03445077349572
18,NAVRANGPURA,72.55053165014476,23.025884702854732
18,NAVRANGPURA,72.54136011168485,23.02512872022299
18,NAVRANGPURA,72.53985387620162,23.036531247817514
18,NAVRANGPURA,72.55083856271817,23.02541819385903
18,NAVRANGPURA,72.57044586324568,23.03869391247387
18,NAVRANGPURA,72.5545792589874,23.02752724843033
18,NAVRANGPURA,72.56283800035693,23.03871955860196
18,NAVRANGPURA,72.56275989327604,23.03229328946271
18,NAVRANGPURA,72.54981293598698,23.02245233523882
18,NAVRANGPURA,72.56727965738415,23.03466145295071
18,NAVRANGPURA,72.54032289777575,23.032952264893503
18,NAVRANGPURA,72.53766346626558,23.028613030839917
18,NAVRANGPURA,72.55741930230916,23.033941640107724
18,NAVRANGPURA,72.53784642622837,23.013208836317848
18,NAVRANGPURA,72.54291371764963,23.032841661196752
18,NAVRANGPURA,72.57297347625165,23.039447994104204
18,NAVRANGPURA,72.56466665202788,23.02221595924288
18,NAVRANGPURA,72.55525344826815,23.035466648395435
18,NAVRANGPURA,72.55068957792334,23.041200471457334
18,NAVRANGPURA,72.53225700942598,23.028460564277225
18,NAVRANGPURA,72.5436983931771,23.043810847221664
18,NAVRANGPURA,72.56313871121569,23.025060161642923
18,NAVRANGPURA,72.56539551499043,23.022637210896214
18,NAVRANGPURA,72.55466361405628,23.04496288132093
18,NAVRANGPURA,72.54029842461101,23.021556670577194
18,NAVRANGPURA,72.57091480095734,23.027269586495596
18,NAVRANGPURA,72.55007137532989,23.028756075463228
18,NAVRANGPURA,72.54950767018462,23.020190105065986
18,NAVRANGPURA,72.54784593746213,23.03420117092688
18,NAVRANGPURA,72.5711687912516,23.034478755477107
18,NAVRANGPURA,72.56022013752764,23.040897192201722
18,NAVRANGPURA,72.53873443245301,23.02109753579964
18,NAVRANGPURA,72.55189197213313,23.02303095647627
18,NAVRANGPURA,72.54036210175195,23.0238387701959
18,NAVRANGPURA,72.56044863940252,23.028360946378843
18,NAVRANGPURA,72.54997124231534,23.031907745579637
18,NAVRANGPURA,72.55574304375524,23.03134249200807
18,NAVRANGPURA,72.56784440625421,23.030959525271854
18,NAVRANGPURA,72.55326673840071,23.02103288258291
19,BODAKDEV,72.49507262061037,23.029859935407703
19,BODAKDEV,72.52956015127872,23.033122384655623
19,BODAKDEV,72.51198794012397,23.039691023340236
19,BODAKDEV,72.50822844759455,23.04066540195941
19,BODAKDEV,72.51793388894505,23.033295680872108
19,BODAKDEV,72.53470182742426,23.04893323068509
19,BODAKDEV,72.48490124270171,23.04170357705303
19,BODAKDEV,72.50861029223553,23.02950483096013
19,BODAKDEV,72.48682448656498,23.03928345151119
19,BODAKDEV,72.48170103503605,23.02590554874493
19,BODAKDEV,72.52979594207939,23.042445725063754
19,BODAKDEV,72.48764514655164,23.033102766526554
19,BODAKDEV,72.47952822936638,23.041965386361333
19,BODAKDEV,72.51072200309702,23.044449521058795
19,BODAKDEV,72.53434558159306,23.033199358442623
19,BODAKDEV,72.54507683242174,23.050506004860768
19,BODAKDEV,72.50998990119231,23.02937953088789
19,BODAKDEV,72.51346728241263,23.040127614630297
19,BODAKDEV,72.48046900730812,23.02494767543289
19,BODAKDEV,72.4820722558722,23.042455468785317
19,BODAKDEV,72.48131140280016,23.038117958335008
19,BODAKDEV,72.51614288031476,23.035392074968424
19,BODAKDEV,72.50859756210714,23.040039934955026
19,BODAKDEV,72.50843818970299,23.03440634591077
19,BODAKDEV,72.49527135938371,23.033340524407752
19,BODAKDEV,72.48870818038263,23.033178027766507
19,BODAKDEV,72.48812575345994,23.0351540529102
19,BODAKDEV,72.47720973283356,23.03430915580959
19,BODAKDEV,72.48416561952445,23.03451096492506
19,BODAKDEV,72.52013081522222,23.042162298613228
19,BODAKDEV,72.53208290956157,23.0341805323312
19,BODAKDEV,72.5386663515757,23.04166913795137
19,BODAKDEV,72.51072163229398,23.029287340701504
19,BODAKDEV,72.53569854854209,23.04156127104534
19,BODAKDEV,72.48186654430208,23.01965826639537
19,BODAKDEV,72.49984058028211,23.028177419795934
19,BODAKDEV,72.48115213760538,23.039912822226178
19,BODAKDEV,72.51897993076322,23.04430657831805
19,BODAKDEV,72.52453302488209,23.03259965416169
19,BODAKDEV,72.52394262453252,23.04003093028808
19,BODAKDEV,72.49192674084483,23.035528564260876
19,BODAKDEV,72.48060505440367,23.016350072815623
19,BODAKDEV,72.51422180751267,23.030295885764758
19,BODAKDEV,72.48326557523492,23.030906453508074
19,BODAKDEV,72.50459839187323,23.02888537096749
19,BODAKDEV,72.50944895129663,23.040262252321483
19,BODAKDEV,72.52035574561627,23.028699884800524
19,BODAKDEV,72.53496155825901,23.05114894132334
19,BODAKDEV,72.53330699454078,23.03364104966643
19,BODAKDEV,72.51928687305694,23.0316512909527
19,BODAKDEV,72.490613298628,23.034387845205913
19,BODAKDEV,72.52775107928557,23.03946429317266
19,BODAKDEV,72.50931106748344,23.035029774802016
19,BODAKDEV,72.54391873393979,23.04917216035032
19,BODAKDEV,72.48065391622306,23.02913065714572
19,BODAKDEV,72.49896340932342,23.038507540267656
19,BODAKDEV,72.51053139696371,23.04227909383583
19,BODAKDEV,72.48550575458248,23.022722217400506
19,BODAKDEV,72.47981618363612,23.039693107049366
19,BODAKDEV,72.5000781064037,23.031251803062382
19,BODAKDEV,72.49754812439333,23.032708564168935
19,BODAKDEV,72.52055539613099,23.035503291472068
19,BODAKDEV,72.48457661826251,23.033660467596405
19,BODAKDEV,72.50682345866876,23.035673268848797
19,BODAKDEV,72.48055533521001,23.02117443715752
19,BODAKDEV,72.51946563468142,23.0292785003635
19,BODAKDEV,72.48881723309876,23.039763946140095
19,BODAKDEV,72.53296043721994,23.031459824304306
19,BODAKDEV,72.5380303540105,23.04566074388683
19,BODAKDEV,72.48004833741935,23.035153663195644
19,BODAKDEV,72.52131605021404,23.033815490292483
19,BODAKDEV,72.53576943205388,23.045705896397855
19,BODAKDEV,72.52671686223908,23.039382611344383
19,BODAKDEV,72.47789944852704,23.037034625606623
19,BODAKDEV,72.52078956002207,23.03603957615894
19,BODAKDEV,72.48709724550747,23.03456536053272
19,BODAKDEV,72.51761741703649,23.03395688519629
19,BODAKDEV,72.49121975053241,23.034934146301538
19,BODAKDEV,72.53938053819206,23.043566163479923
19,BODAKDEV,72.48178268650297,23.040844167551192
19,BODAKDEV,72.52292809357395,23.031564924862277
19,BODAKDEV,72.5111304105182,23.036236168240013
19,BODAKDEV,72.52063255058988,23.036168977577415
19,BODAKDEV,72.50458842982177,23.03732023206769
19,BODAKDEV,72.52442038827742,23.036653155701508
19,BODAKDEV,72.51409808903536,23.031619486068063
19,BODAKDEV,72.50452811139485,23.03364853956858
19,BODAKDEV,72.50618277639808,23.031728421808076
19,BODAKDEV,72.48803921902534,23.04229408342766
19,BODAKDEV,72.5217150783979,23.028863097705084
19,BODAKDEV,72.5420398682786,23.050102902509064
19,BODAKDEV,72.5357467680554,23.03649067035927
19,BODAKDEV,72.52948874567463,23.039581085356826
19,BODAKDEV,72.51033863889488,23.030361743558146
19,BODAKDEV,72.49513300006731,23.03039115638822
19,BODAKDEV,72.48427204855027,23.03054019301125
19,BODAKDEV,72.53048837781073,23.035520990201995
19,BODAKDEV,72.47624713052332,23.038606581875566
19,BODAKDEV,72.53194671213343,23.030044324220878
19,BODAKDEV,72.47896472226297,23.019482507800568
19,BODAKDEV,72.50169849772028,23.036691943222174
19,BODAKDEV,72.47664547957822,23.039295255652547
19,BODAKDEV,72.49530990392174,23.038258971220046
19,BODAKDEV,72.48396511921754,23.027676291602656
19,BODAKDEV,72.50615244450802,23.042215527996017
19,BODAKDEV,72.50696706744056,23.0292861709703
19,BODAKDEV,72.52887673617843,23.031459804588874
19,BODAKDEV,72.48460768282636,23.041003930319196
19,BODAKDEV,72.53364403738578,23.04274167044357
19,BODAKDEV,72.48313984266409,23.021165975961768
19,BODAKDEV,72.49778058189291,23.03510432011614
19,BODAKDEV,72.51829604860848,23.0375214484221
19,BODAKDEV,72.53127890925471,23.036632784873383
19,BODAKDEV,72.53672538280604,23.03730964684444
19,BODAKDEV,72.54278821352318,23.04676294644981
19,BODAKDEV,72.5378359182763,23.046057081074824
19,BODAKDEV,72.48462211561902,23.03301025040708
19,BODAKDEV,72.51718358995713,23.042601669605023
19,BODAKDEV,72.50118083377036,23.030047382786794
19,BODAKDEV,72.54024746050752,23.05060962468703
19,BODAKDEV,72.51593292701317,23.033510105219218
19,BODAKDEV,72.48045126478367,23.032682264095932
19,BODAKDEV,72.51483357799988,23.042224464306653
19,BODAKDEV,72.52221654333025,23.040792695412463
19,BODAKDEV,72.48734369576215,23.03640996212029
19,BODAKDEV,72.53211715134131,23.032894683274755
19,BODAKDEV,72.4765945132315,23.02159649311249
19,BODAKDEV,72.52970667718665,23.03342622304385
19,BODAKDEV,72.52218867046946,23.028740765726276
19,BODAKDEV,72.51596393470568,23.046511243649896
19,BODAKDEV,72.51435505328126,23.035527641752918
19,BODAKDEV,72.48314909461706,23.04265998643141
19,BODAKDEV,72.50635831341272,23.04489585820674
19,BODAKDEV,72.53440863036579,23.049709424850878
19,BODAKDEV,72.5025239950545,23.03209274816394
19,BODAKDEV,72.53294621524319,23.036469588222463
19,BODAKDEV,72.50290339956959,23.035749052353232
19,BODAKDEV,72.53218046288167,23.02885986848738
19,BODAKDEV,72.51093855716869,23.040707089444098
19,BODAKDEV,72.53747778969391,23.042990724516397
19,BODAKDEV,72.49575255137873,23.034774816975105
19,BODAKDEV,72.53681284780141,23.051287699908777
19,BODAKDEV,72.53682157510259,23.052028563901175
19,BODAKDEV,72.47755641263174,23.034116393210496
19,BODAKDEV,72.50506862452445,23.03709507423453
19,BODAKDEV,72.5117684685215,23.042587407895716
19,BODAKDEV,72.51945043443659,23.029075776544882
19,BODAKDEV,72.53201261125847,23.038964422414292
19,BODAKDEV,72.52612472612354,23.041385613905856
19,BODAKDEV,72.48100814194927,23.02400395610051
19,BODAKDEV,72.52411234742466,23.04204046282727
19,BODAKDEV,72.50024983035507,23.02877742150303
19,BODAKDEV,72.5178133346954,23.042996840095707
19,BODAKDEV,72.51362136343162,23.035781816592436
19,BODAKDEV,72.48027407941932,23.020541196532083
19,BODAKDEV,72.52060870247841,23.0345110994374
19,BODAKDEV,72.53784818080399,23.042429221167954
19,BODAKDEV,72.53047592270825,23.04477003721708
19,BODAKDEV,72.4872877933132,23.0341660451296
19,BODAKDEV,72.47845584625523,23.03153079262613
19,BODAKDEV,72.49029911180247,23.0252046546053
19,BODAKDEV,72.50247503765664,23.035670712188363
19,BODAKDEV,72.53565962260461,23.043047714814385
19,BODAKDEV,72.52565642943964,23.03466055501402
19,BODAKDEV,72.48067818159642,23.039727863327315
19,BODAKDEV,72.47840216253364,23.020663245185684
19,BODAKDEV,72.52440407628968,23.032744722851227
19,BODAKDEV,72.50929043716691,23.02753476774543
19,BODAKDEV,72.48114915809023,23.03687484566792
19,BODAKDEV,72.52775004723844,23.03614957171886
19,BODAKDEV,72.53069127955037,23.042948779504464
19,BODAKDEV,72.50507485131182,23.039611885637346
19,BODAKDEV,72.48162950172744,23.038470856913957
19,BODAKDEV,72.51438583085722,23.040567835520086
19,BODAKDEV,72.49920038304951,23.035054102788486
19,BODAKDEV,72.50446004173766,23.030234775149555
19,BODAKDEV,72.49210754686789,23.030038133763636
19,BODAKDEV,72.51130599473693,23.03241673388525
19,BODAKDEV,72.5382319738951,23.04918813100597
19,BODAKDEV,72.53717341869604,23.04979087626284
19,BODAKDEV,72.49266487166373,23.03572043403222
19,BODAKDEV,72.53558437053638,23.03422322429229
19,BODAKDEV,72.47672151767159,23.02020062288058
19,BODAKDEV,72.51490820270106,23.029368071820706
19,BODAKDEV,72.48944139129875,23.03706294369131
19,BODAKDEV,72.52149313851119,23.032320486248622
19,BODAKDEV,72.49254825667134,23.03579607536324
19,BODAKDEV,72.51615044945159,23.035004200441442
19,BODAKDEV,72.50757038043618,23.031834196583016
19,BODAKDEV,72.52846292447363,23.03385836854988
19,BODAKDEV,72.5417427705907,23.04484792941712
19,BODAKDEV,72.52754892725271,23.03352862217334
19,BODAKDEV,72.54207897218893,23.045180627274938
19,BODAKDEV,72.51318813437796,23.028359814387134
19,BODAKDEV,72.5358144841357,23.043724977838366
19,BODAKDEV,72.4938739696152,23.038132967169922
19,BODAKDEV,72.52163815755566,23.031700583795054
19,BODAKDEV,72.51446882258291,23.039008582102046
19,BODAKDEV,72.53897864138636,23.049848913650422
19,BODAKDEV,72.48594609733944,23.021744672848442
20,JODHPUR,72.50210970411301,23.01891536040935
20,JODHPUR,72.51082832750379,23.025135971869577
20,JODHPUR,72.52324612972917,23.018522277395693
20,JODHPUR,72.4918418606477,23.015765117043625
20,JODHPUR,72.5071394546235,23.017125899411813
20,JODHPUR,72.533416169583,23.01060233844537
20,JODHPUR,72.51869817842638,23.022323710285235
20,JODHPUR,72.52376380927267,23.01489441794085
20,JODHPUR,72.53396199179723,23.014470172026726
20,JODHPUR,72.51109730944135,23.02158050909509
20,JODHPUR,72.52187336098724,23.01404469469993
20,JODHPUR,72.53442110617141,23.01592211344809
20,JODHPUR,72.511191107165,23.02324610071263
20,JODHPUR,72.50041401353779,23.024072603792426
20,JODHPUR,72.51926685901091,23.02324917929493
20,JODHPUR,72.50657966814755,23.022968897538032
20,JODHPUR,72.53195506053108,23.00981297194404
20,JODHPUR,72.50547672843376,23.01493868733479
20,JODHPUR,72.50670028312813,23.026208239837953
20,JODHPUR,72.5187054305111,23.025647213548982
20,JODHPUR,72.50309541452422,23.015158759136707
20,JODHPUR,72.49146503874798,23.02386831605956
20,JODHPUR,72.51271047319781,23.01467891599042
20,JODHPUR,72.52441975924197,23.014030625413106
20,JODHPUR,72.50862423573946,23.01709587069489
20,JODHPUR,72.51002027403801,23.01528647942772
20,JODHPUR,72.49375717311146,23.027946066656998
20,JODHPUR,72.4998769221868,23.020537265369924
20,JODHPUR,72.5108355536914,23.019063978994392
20,JODHPUR,72.52780180557626,23.01836449712272
20,JODHPUR,72.49697995557177,23.017514658207908
20,JODHPUR,72.51464008575816,23.02633618724397
20,JODHPUR,72.48072370774732,23.014689191761768
20,JODHPUR,72.51725059848684,23.013511690786682
20,JODHPUR,72.50498187959633,23.026538493007237
20,JODHPUR,72.53332720385353,23.01327318107076
20,JODHPUR,72.4889109267584,23.017119199419856
20,JODHPUR,72.51107056031233,23.012319614119534
20,JODHPUR,72.50533978679364,23.012862427371655
20,JODHPUR,72.4947231987821,23.012276024535872
20,JODHPUR,72.49294414329547,23.018293713637952
20,JODHPUR,72.47562683843701,23.01058510743626
20,JODHPUR,72.52866467735934,23.023195100038823
20,JODHPUR,72.51025356049183,23.017643313217047
20,JODHPUR,72.5003662352528,23.013252318908588
20,JODHPUR,72.50857034199635,23.021225771651196
20,JODHPUR,72.51050181181202,23.01850870856499
20,JODHPUR,72.49578616991853,23.01682303217619
20,JODHPUR,72.50697768462527,23.012568342623908
20,JODHPUR,72.51734593781012,23.020193521505888
20,JODHPUR,72.53081488357206,23.01695737716548
20,JODHPUR,72.50552109162847,23.014599556866127
20,JODHPUR,72.48014018277613,23.011792369368163
20,JODHPUR,72.51629808043684,23.018575035208553
20,JODHPUR,72.49202036395606,23.02432381210402
20,JODHPUR,72.53135584890879,23.01476844524202
20,JODHPUR,72.53283043497126,23.013857187066947
20,JODHPUR,72.52419707818682,23.02457529384275
20,JODHPUR,72.48141669563633,23.0125012015254
20,JODHPUR,72.47913134907942,23.013370274495696
20,JODHPUR,72.50328651554254,23.016760678798807
20,JODHPUR,72.49776997409322,23.027307565345733
20,JODHPUR,72.50878319338463,23.017963569480983
20,JODHPUR,72.4863681627302,23.0105313385948
20,JODHPUR,72.49230075271954,23.013771575279502
20,JODHPUR,72.48256569851392,23.014284083464673
20,JODHPUR,72.49140933264927,23.019708168759113
20,JODHPUR,72.50338117404512,23.024280643896695
20,JODHPUR,72.50855117020403,23.02013917650805
20,JODHPUR,72.49510381429337,23.01524952612777
20,JODHPUR,72.51694242408901,23.016420769904276
20,JODHPUR,72.52659272052517,23.02250540730095
20,JODHPUR,72.5116902551448,23.020753081148918
20,JODHPUR,72.53205058107203,23.018778296438054
20,JODHPUR,72.50968351240063,23.01940232011372
20,JODHPUR,72.48599600137314,23.014779766591534
20,JODHPUR,72.5232653239893,23.015559347726022
20,JODHPUR,72.49218376445681,23.02723510473107
20,JODHPUR,72.51776255435142,23.020035281131623
20,JODHPUR,72.52464889256251,23.018370440025787
20,JODHPUR,72.50550211192433,23.01426832663995
20,JODHPUR,72.52605417954288,23.025563879129
20,JODHPUR,72.5337652143079,23.019993504387987
20,JODHPUR,72.53536843146688,23.020799852940073
20,JODHPUR,72.51082485927743,23.02449763825708
20,JODHPUR,72.50172661553336,23.021975845765063
20,JODHPUR,72.48331152793445,23.017436798540594
20,JODHPUR,72.51628385030781,23.016109910797596
20,JODHPUR,72.49562061977171,23.011020040312516
20,JODHPUR,72.50008324054525,23.021485871306158
20,JODHPUR,72.49925273162263,23.023608492714477
20,JODHPUR,72.50525645637734,23.018349843368355
20,JODHPUR,72.49981669614586,23.01696821145406
20,JODHPUR,72.53326881797936,23.014956724454255
20,JODHPUR,72.49616851224398,23.026855215445497
20,JODHPUR,72.51133136061661,23.020740924310783
20,JODHPUR,72.53236171084316,23.01881310091689
20,JODHPUR,72.49505347497455,23.022436769319526
20,JODHPUR,72.5306331417234,23.018826644962235
20,JODHPUR,72.51290831615653,23.014414095201225
20,JODHPUR,72.52325791075609,23.015337500436395
20,JODHPUR,72.50794859125637,23.016030004694503
20,JODHPUR,72.50190452670249,23.014236679362824
20,JODHPUR,72.49492440169894,23.013384347949085
20,JODHPUR,72.48858460454005,23.012398154440056
20,JODHPUR,72.51523701661303,23.02083306256353
20,JODHPUR,72.53279581853994,23.017523261876953
20,JODHPUR,72.49732901057743,23.025948326942398
20,JODHPUR,72.52739929328834,23.029084163243837
20,JODHPUR,72.50075542614772,23.018941756215145
20,JODHPUR,72.5255014712122,23.02235427192139
20,JODHPUR,72.51081482054734,23.014576448161133
20,JODHPUR,72.49871246509453,23.017597278416936
20,JODHPUR,72.51385870762701,23.013679953325873
20,JODHPUR,72.50246226476878,23.01830205064067
20,JODHPUR,72.50377424156439,23.01237291619358
20,JODHPUR,72.50192925252641,23.02554231736287
20,JODHPUR,72.5221628224051,23.021282010029097
20,JODHPUR,72.51970012021431,23.01747409350359
20,JODHPUR,72.53146533960745,23.010981715408153
20,JODHPUR,72.500417165383,23.023690012562025
20,JODHPUR,72.48370884041569,23.014349088734043
20,JODHPUR,72.519649213119,23.01583789826556
20,JODHPUR,72.51814140452517,23.023740731798082
20,JODHPUR,72.52866142802364,23.027725404436406
20,JODHPUR,72.53099882136844,23.022789939069263
20,JODHPUR,72.48794314441676,23.01363604705201
20,JODHPUR,72.51521503880619,23.026697359113378
20,JODHPUR,72.49132631300009,23.02290660474474
20,JODHPUR,72.47489488941552,23.01136938783611
20,JODHPUR,72.49780819805858,23.016585416090823
20,JODHPUR,72.49415074062192,23.020086184281517
20,JODHPUR,72.52339456282625,23.025105419746822
20,JODHPUR,72.52660518851387,23.017752402432283
20,JODHPUR,72.53443508824091,23.014084091350206
20,JODHPUR,72.53352723446814,23.01260991627913
20,JODHPUR,72.52105511780894,23.018962808234797
20,JODHPUR,72.50189553591738,23.020524289140983
20,JODHPUR,72.53480219021732,23.013412204915536
20,JODHPUR,72.51132161587836,23.02401185081628
20,JODHPUR,72.51997579031675,23.025811596991293
20,JODHPUR,72.50025026451414,23.018684409916418
20,JODHPUR,72.5025632572116,23.018154590609907
20,JODHPUR,72.50890469890984,23.01714829770945
20,JODHPUR,72.5320002984223,23.020468966108655
20,JODHPUR,72.53437204079265,23.018645162236155
20,JODHPUR,72.51161926116193,23.02649949339569
20,JODHPUR,72.49640331345556,23.01844777369705
20,JODHPUR,72.49489201149117,23.026616006124446
20,JODHPUR,72.504394720433,23.012162447530308
20,JODHPUR,72.4914683229794,23.02136763101328
20,JODHPUR,72.52131431295949,23.023019464805483
20,JODHPUR,72.49766863687078,23.02636423169809
20,JODHPUR,72.53116307186447,23.02170096059461
20,JODHPUR,72.48929448643852,23.01038474722683
20,JODHPUR,72.52380614681785,23.023317280683862
20,JODHPUR,72.51263168536713,23.01662847609975
20,JODHPUR,72.51439403674372,23.015653767842647
20,JODHPUR,72.47767194254078,23.011085688752566
20,JODHPUR,72.51196217959155,23.022702385136057
20,JODHPUR,72.52721692535769,23.01636044348777
20,JODHPUR,72.53617154108062,23.01739210231592
20,JODHPUR,72.5276824464905,23.02650012982179
20,JODHPUR,72.53087774813548,23.018841187849603
20,JODHPUR,72.47487984569686,23.011910531361753
20,JODHPUR,72.531364210219,23.01827976741841
20,JODHPUR,72.51284268480859,23.021505391951333
20,JODHPUR,72.52936927487224,23.028081914628473
20,JODHPUR,72.5264490976681,23.03029828799929
20,JODHPUR,72.50864827475455,23.013214037653913
20,JODHPUR,72.50645786109898,23.024309468976035
20,JODHPUR,72.50542516457014,23.023459418291296
20,JODHPUR,72.52795983197687,23.021472676224874
20,JODHPUR,72.50695010424606,23.015379638435785
20,JODHPUR,72.5299982201269,23.01196844832217
20,JODHPUR,72.51106412409945,23.02080220322308
20,JODHPUR,72.53208071138388,23.015182366264874
20,JODHPUR,72.47607076583697,23.013435196978907
20,JODHPUR,72.52768400569128,23.02781855723518
20,JODHPUR,72.52770707780309,23.0182099114346
20,JODHPUR,72.51844175357739,23.025693254365734
20,JODHPUR,72.53188643989179,23.015187525374092
20,JODHPUR,72.49280185991657,23.01800912741912
20,JODHPUR,72.49915514244888,23.027553120745328
20,JODHPUR,72.49823752783446,23.020242498411655
20,JODHPUR,72.5295487032267,23.022824559681467
20,JODHPUR,72.53416183115776,23.012888464309917
20,JODHPUR,72.49689609933093,23.017635979682513
20,JODHPUR,72.52001036214433,23.023505615551514
20,JODHPUR,72.4916574441883,23.018240746586894
20,JODHPUR,72.49610199315237,23.012091151918106
20,JODHPUR,72.5219102926668,23.018720605545752
20,JODHPUR,72.49437212862658,23.02396288984516
20,JODHPUR,72.51486471684684,23.017138446851217
20,JODHPUR,72.48389320579669,23.010511478278065
20,JODHPUR,72.4870628026032,23.012329349105
20,JODHPUR,72.49339575516494,23.025141989697794
20,JODHPUR,72.51570477937933,23.016435833292235
20,JODHPUR,72.5030245457809,23.01413944251287
20,JODHPUR,72.50263921804117,23.020782334332857
21,DARIYAPUR,72.58512310736886,23.03009464987942
21,DARIYAPUR,72.58842409245601,23.03094409286008
21,DARIYAPUR,72.59123746106229,23.033507908524452
21,DARIYAPUR,72.59440073557832,23.038572545548483
21,DARIYAPUR,72.5951819332276,23.038846018412382
21,DARIYAPUR,72.58868039246438,23.03071657242146
21,DARIYAPUR,72.59321733489301,23.036767055401594
21,DARIYAPUR,72.59743448999144,23.03212825938028
21,DARIYAPUR,72.59401628839714,23.03703737397831
21,DARIYAPUR,72.58479776123463,23.02657530581623
21,DARIYAPUR,72.59450973247564,23.03778743475363
21,DARIYAPUR,72.5930990020901,23.037185450041235
21,DARIYAPUR,72.59665489335607,23.039529371795155
21,DARIYAPUR,72.59492045420991,23.038570972997984
21,DARIYAPUR,72.58701568393222,23.030702026744517
21,DARIYAPUR,72.58624179073769,23.03435999828974
21,DARIYAPUR,72.58503317597928,23.032239482613342
21,DARIYAPUR,72.594720270906,23.030772650969986
21,DARIYAPUR,72.58526862262441,23.027807166169364
21,DARIYAPUR,72.59492738208574,23.039613598154922
21,DARIYAPUR,72.58250716178435,23.03739896872278
21,DARIYAPUR,72.58335313781866,23.029681639115775
21,DARIYAPUR,72.5959111100479,23.03896496554659
21,DARIYAPUR,72.58658903682363,23.029758988777566
21,DARIYAPUR,72.58808845800408,23.03781282437498
21,DARIYAPUR,72.57986324863782,23.03671000194945
21,DARIYAPUR,72.59394324227917,23.037149304887176
21,DARIYAPUR,72.5913463368508,23.036357425446983
21,DARIYAPUR,72.59154720466626,23.035597269121208
21,DARIYAPUR,72.58819936763967,23.033043506212632
21,DARIYAPUR,72.58287286998109,23.03765797861688
21,DARIYAPUR,72.5925197750988,23.034419283860583
21,DARIYAPUR,72.59658972971388,23.030494140675586
21,DARIYAPUR,72.58440228752166,23.02899887697374
21,DARIYAPUR,72.5895867256241,23.029314807717054
21,DARIYAPUR,72.5955430850283,23.030740912412213
21,DARIYAPUR,72.58860441148592,23.033986509144174
21,DARIYAPUR,72.58523967531782,23.036997303578858
21,DARIYAPUR,72.59229697496338,23.037320008538725
21,DARIYAPUR,72.59071538798442,23.032987347196052
21,DARIYAPUR,72.58783312005832,23.036681896102046
21,DARIYAPUR,72.58651351295529,23.03265698796539
21,DARIYAPUR,72.58259657440668,23.036150034136504
21,DARIYAPUR,72.58395707685875,23.03054416491168
21,DARIYAPUR,72.58551149675073,23.036707867642054
21,DARIYAPUR,72.59687121592462,23.031833330658433
21,DARIYAPUR,72.59386227658568,23.03300927715446
21,DARIYAPUR,72.5800842515287,23.03881994422661
21,DARIYAPUR,72.58849935675448,23.031415644992872
21,DARIYAPUR,72.5962395760297,23.031253252977763
21,DARIYAPUR,72.58451043432987,23.0312639663981
21,DARIYAPUR,72.5932847967409,23.03701184561086
21,DARIYAPUR,72.59077049507391,23.03027688785619
21,DARIYAPUR,72.58721740682995,23.029903640010012
21,DARIYAPUR,72.5846773858889,23.03101350458631
21,DARIYAPUR,72.58037339123318,23.03633485644173
21,DARIYAPUR,72.59583111714694,23.03499958293445
21,DARIYAPUR,72.5945975877487,23.032624776201747
21,DARIYAPUR,72.58609397100837,23.03579779025321
21,DARIYAPUR,72.58704526406125,23.03437127831468
21,DARIYAPUR,72.58469217239643,23.031149285601806
21,DARIYAPUR,72.58110075803123,23.037616333072588
21,DARIYAPUR,72.58520086013748,23.036356052503287
21,DARIYAPUR,72.5944318815524,23.033373998648226
21,DARIYAPUR,72.58632795609886,23.03708855601035
21,DARIYAPUR,72.58310663169893,23.034994708866314
21,DARIYAPUR,72.59162922848581,23.036951279202995
21,DARIYAPUR,72.58705086642797,23.037538298006428
21,DARIYAPUR,72.59001015923,23.03283427995085
21,DARIYAPUR,72.59065699401862,23.035081022118252
21,DARIYAPUR,72.59729725909209,23.032484532774006
21,DARIYAPUR,72.59200538912387,23.03292694484367
21,DARIYAPUR,72.59663126027657,23.039353846397514
21,DARIYAPUR,72.58532526857483,23.035119607928603
21,DARIYAPUR,72.5906359867802,23.030270120353237
21,DARIYAPUR,72.59705220383773,23.030784464701306
21,DARIYAPUR,72.59435539324795,23.038345698362587
21,DARIYAPUR,72.58836735448396,23.032944640864926
21,DARIYAPUR,72.5961769092827,23.032709471080487
21,DARIYAPUR,72.59326589149653,23.032471328555804
21,DARIYAPUR,72.58341477316897,23.036764526938107
21,DARIYAPUR,72.5864513615616,23.032899798462957
21,DARIYAPUR,72.59434160224656,23.03535813491259
21,DARIYAPUR,72.58448261914486,23.03624918796192
21,DARIYAPUR,72.58912706014665,23.03369933230495
21,DARIYAPUR,72.59124570871188,23.034715153715293
21,DARIYAPUR,72.58957032787382,23.034846622837744
21,DARIYAPUR,72.59535463270086,23.03516189442732
21,DARIYAPUR,72.58355650503594,23.028735510345328
21,DARIYAPUR,72.58746181154221,23.03131235337584
21,DARIYAPUR,72.59622322966672,23.039761030990206
21,DARIYAPUR,72.59480944501695,23.03385207612028
21,DARIYAPUR,72.58457892269689,23.031914972149632
21,DARIYAPUR,72.58512176157794,23.033074132624524
21,DARIYAPUR,72.59393565046562,23.033343108130637
21,DARIYAPUR,72.5845092477766,23.027614853112276
21,DARIYAPUR,72.59530187024752,23.03237031636086
21,DARIYAPUR,72.58770471408799,23.037361955270192
21,DARIYAPUR,72.5951911790111,23.03372182041373
21,DARIYAPUR,72.5967578773447,23.034540081315306
21,DARIYAPUR,72.58785415609833,23.03618651921012
21,DARIYAPUR,72.59421088103822,23.031390251814887
21,DARIYAPUR,72.58562070453858,23.03638300359127
21,DARIYAPUR,72.59628779017393,23.034356770148865
21,DARIYAPUR,72.5862397264655,23.037792240660828
21,DARIYAPUR,72.59181284881399,23.035934220053775
21,DARIYAPUR,72.59011942215164,23.03368377372994
21,DARIYAPUR,72.58689722579486,23.03730664188972
21,DARIYAPUR,72.58689199481118,23.02764814266093
21,DARIYAPUR,72.5896099289666,23.032140106535987
21,DARIYAPUR,72.58114501335166,23.038869911338878
21,DARIYAPUR,72.5856238104301,23.027328074112155
21,DARIYAPUR,72.58521151941193,23.038012886566662
21,DARIYAPUR,72.59279454175687,23.036556317902328
21,DARIYAPUR,72.59322934891127,23.03414714389437
21,DARIYAPUR,72.59462610428163,23.035598512285198
21,DARIYAPUR,72.58189397869249,23.03803260929553
21,DARIYAPUR,72.5855356348724,23.036516160358662
21,DARIYAPUR,72.58256008860253,23.036370935963397
21,DARIYAPUR,72.59517827071583,23.038435789739662
21,DARIYAPUR,72.58539688257974,23.0372308941377
21,DARIYAPUR,72.58713435644155,23.036911952794963
21,DARIYAPUR,72.59067077060696,23.03501560650978
21,DARIYAPUR,72.59448154050583,23.033380572081224
21,DARIYAPUR,72.59358781723314,23.035162279008592
21,DARIYAPUR,72.58723012801813,23.036149982113784
21,DARIYAPUR,72.59014733430168,23.033715568854532
21,DARIYAPUR,72.5963024730784,23.03118440244814
21,DARIYAPUR,72.58371681342553,23.03747832910683
21,DARIYAPUR,72.58731130207802,23.030630150977654
21,DARIYAPUR,72.58559661784193,23.030829468814254
21,DARIYAPUR,72.58748752426276,23.029712085169752
21,DARIYAPUR,72.58268337466171,23.03593595535827
21,DARIYAPUR,72.59405446698555,23.03666472291036
21,DARIYAPUR,72.59031753017437,23.036242138883086
21,DARIYAPUR,72.589740364413,23.03104704571514
21,DARIYAPUR,72.58302493092974,23.038106763072218
21,DARIYAPUR,72.58687731638206,23.031133073753587
21,DARIYAPUR,72.58754634736525,23.029577600499103
21,DARIYAPUR,72.58295922813961,23.03795840041223
21,DARIYAPUR,72.58377308687564,23.036976440384684
21,DARIYAPUR,72.59576662748981,23.037731386134908
21,DARIYAPUR,72.59420610256491,23.038017261444583
21,DARIYAPUR,72.59486969364386,23.029686529711924
21,DARIYAPUR,72.59578573813296,23.03514004406039
21,DARIYAPUR,72.58614376622002,23.03391953974448
21,DARIYAPUR,72.58948058805441,23.035946190473737
21,DARIYAPUR,72.58623006258446,23.033571853988573
21,DARIYAPUR,72.59059213488561,23.034300159391112
21,DARIYAPUR,72.59692841362427,23.03593819311899
21,DARIYAPUR,72.58472889873978,23.035604145406168
21,DARIYAPUR,72.59458046370416,23.035588745441192
21,DARIYAPUR,72.59679315311193,23.036005156148548
21,DARIYAPUR,72.58111371218793,23.036730223971226
21,DARIYAPUR,72.58473058383713,23.031064301509833
21,DARIYAPUR,72.5918525010129,23.033151902380883
21,DARIYAPUR,72.58470308109429,23.036048318351586
21,DARIYAPUR,72.58633951700205,23.032384749125242
21,DARIYAPUR,72.58979715650099,23.03638086175081
21,DARIYAPUR,72.58962851230629,23.029641187941415
21,DARIYAPUR,72.59593962141845,23.037868183192856
21,DARIYAPUR,72.58865458212297,23.03284152140291
21,DARIYAPUR,72.58879105829098,23.028623323415637
21,DARIYAPUR,72.59682152321791,23.03778952597708
21,DARIYAPUR,72.59473295654699,23.0384675278731
21,DARIYAPUR,72.58134756076866,23.03647497285129
21,DARIYAPUR,72.58859954221005,23.035902153901915
21,DARIYAPUR,72.59597078192125,23.039649044498553
21,DARIYAPUR,72.58364899547023,23.036317426341597
21,DARIYAPUR,72.58549839889938,23.027235532397327
21,DARIYAPUR,72.58710039994676,23.031351640204377
21,DARIYAPUR,72.58849080993957,23.0306338148883
21,DARIYAPUR,72.58436327380227,23.029593210184142
21,DARIYAPUR,72.58742767178178,23.0339510762753
21,DARIYAPUR,72.58832022221144,23.032587820120543
21,DARIYAPUR,72.58394536327269,23.034207439285723
21,DARIYAPUR,72.59048119687897,23.032407135709928
21,DARIYAPUR,72.58503158262275,23.028614968426005
21,DARIYAPUR,72.59676257946688,23.03169545541508
21,DARIYAPUR,72.58344407621024,23.027212528164082
21,DARIYAPUR,72.58732487801922,23.034173005749267
21,DARIYAPUR,72.59503310993713,23.03467451753165
21,DARIYAPUR,72.59347932419399,23.037264784528837
21,DARIYAPUR,72.584637812673,23.03547069250306
21,DARIYAPUR,72.59502018756035,23.03390517056855
21,DARIYAPUR,72.58315678863312,23.03427721874395
21,DARIYAPUR,72.59038647620486,23.03216111415344
21,DARIYAPUR,72.59206830199308,23.03260039367825
21,DARIYAPUR,72.59569930259916,23.037764106237788
21,DARIYAPUR,72.59436590191326,23.0339370174764
21,DARIYAPUR,72.5831964532904,23.03679556725699
21,DARIYAPUR,72.59218405918087,23.032396685127395
21,DARIYAPUR,72.5872454083316,23.028124904970152
21,DARIYAPUR,72.58513325505406,23.03275807286107
21,DARIYAPUR,72.59544517374097,23.039296886352513
21,DARIYAPUR,72.58502973807327,23.033026700985076
21,DARIYAPUR,72.59137303312815,23.03648393183211
21,DARIYAPUR,72.59402158702646,23.033501733350587
21,DARIYAPUR,72.58399833916037,23.03793898541445
21,DARIYAPUR,72.59660043449492,23.038682592922097
22,INDIA COLONY,72.60492856420159,23.034472707063
22,INDIA COLONY,72.62995954096661,23.045219270846186
22,INDIA COLONY,72.60276123767456,23.0333998037724
22,INDIA COLONY,72.62034115510062,23.04420265050848
22,INDIA COLONY,72.61634297824754,23.046396245616073
22,INDIA COLONY,72.62852444602817,23.051354902913857
22,INDIA COLONY,72.63730195089622,23.042062244645127
22,INDIA COLONY,72.6026189669232,23.037114411640218
22,INDIA COLONY,72.60826366776222,23.036540004825916
22,INDIA COLONY,72.63850838599649,23.046818776488866
22,INDIA COLONY,72.63115382680878,23.040844045075577
22,INDIA COLONY,72.63614450806861,23.046269785459526
22,INDIA COLONY,72.62500201304947,23.050559030165015
22,INDIA COLONY,72.63208518046467,23.048785333551116
22,INDIA COLONY,72.62251683485184,23.05144543057299
22,INDIA COLONY,72.63687735995364,23.041562428686976
22,INDIA COLONY,72.62813412889331,23.051305783966658
22,INDIA COLONY,72.62855567518294,23.040243812241652
22,INDIA COLONY,72.60674381816128,23.03557515634001
22,INDIA COLONY,72.63148106251235,23.045395152912747
22,INDIA COLONY,72.6039632135838,23.03436752077804
22,INDIA COLONY,72.61755096998326,23.046197853318496
22,INDIA COLONY,72.63386224818954,23.043588855724327
22,INDIA COLONY,72.62282185583348,23.044930870621183
22,INDIA COLONY,72.6251242812505,23.0520176306855
22,INDIA COLONY,72.61990133198496,23.043128368025133
22,INDIA COLONY,72.62727809369848,23.047165579074587
22,INDIA COLONY,72.62332089100343,23.051016293759947
22,INDIA COLONY,72.63806873318867,23.046369713758494
22,INDIA COLONY,72.62449637832279,23.047748317213127
22,INDIA COLONY,72.60795867461046,23.037225864920725
22,INDIA COLONY,72.63552366751456,23.04331451857991
22,INDIA COLONY,72.62749765722458,23.04458191226609
22,INDIA COLONY,72.6345501044829,23.044420949785568
22,INDIA COLONY,72.60436027714496,23.036604166675005
22,INDIA COLONY,72.6275872914485,23.050732249086796
22,INDIA COLONY,72.62969614812255,23.05237555168426
22,INDIA COLONY,72.62459093835108,23.051023138260685
22,INDIA COLONY,72.62988828228322,23.04289735961606
22,INDIA COLONY,72.62543542010778,23.0489677568028
22,INDIA COLONY,72.61436128112645,23.039616844703758
22,INDIA COLONY,72.62292894310961,23.05080995374814
22,INDIA COLONY,72.63676043244439,23.04450121522101
22,INDIA COLONY,72.63481682256881,23.040387533002708
22,INDIA COLONY,72.62495366031193,23.045318632974737
22,INDIA COLONY,72.61263806339194,23.042673289057777
22,INDIA COLONY,72.63503285681657,23.04542411904635
22,INDIA COLONY,72.61965131815157,23.043866921939326
22,INDIA COLONY,72.62587827351342,23.048085762040607
22,INDIA COLONY,72.60318751833833,23.03461301432839
22,INDIA COLONY,72.62751531960016,23.04499221788986
22,INDIA COLONY,72.62651933324567,23.04385383933388
22,INDIA COLONY,72.60457496151396,23.033414807046636
22,INDIA COLONY,72.61338577703583,23.0369019760486
22,INDIA COLONY,72.606187491332,23.038686363557726
22,INDIA COLONY,72.63101682576523,23.044990044911827
22,INDIA COLONY,72.62863968076147,23.05374117277271
22,INDIA COLONY,72.62881131282859,23.05307979050773
22,INDIA COLONY,72.62790966706105,23.051573775847572
22,INDIA COLONY,72.6222339737944,23.051323683052825
22,INDIA COLONY,72.62900716361557,23.04402066461783
22,INDIA COLONY,72.63488292558631,23.043741121545143
22,INDIA COLONY,72.63504498843719,23.044404338335777
22,INDIA COLONY,72.63245423410096,23.049764139134126
22,INDIA COLONY,72.61140063515985,23.03940889343574
22,INDIA COLONY,72.62476688672919,23.045824365560293
22,INDIA COLONY,72.6267796749686,23.04579814876305
22,INDIA COLONY,72.63875993586873,23.044887136271914
22,INDIA COLONY,72.63887468677981,23.043676353836695
22,INDIA COLONY,72.63075010073216,23.04102601475806
22,INDIA COLONY,72.63103523229444,23.04498878649968
22,INDIA COLONY,72.64044590423586,23.044196541822927
22,INDIA COLONY,72.64043166031611,23.039899081173555
22,INDIA COLONY,72.62968869934657,23.050835693958902
22,INDIA COLONY,72.61719165357354,23.0473073859079
22,INDIA COLONY,72.62958416060535,23.052771066465308
22,INDIA COLONY,72.62930356254212,23.051190342271518
22,INDIA COLONY,72.62366768636292,23.04145061628952
22,INDIA COLONY,72.61366008005955,23.044613965880682
22,INDIA COLONY,72.62143287947771,23.045881083758857
22,INDIA COLONY,72.6270149097772,23.039891429316913
22,INDIA COLONY,72.63938454671653,23.04265213067423
22,INDIA COLONY,72.60248117430079,23.03355012552602
22,INDIA COLONY,72.62263194654109,23.04619733584183
22,INDIA COLONY,72.61921820857555,23.043189095464925
22,INDIA COLONY,72.63124972816193,23.038909738568425
22,INDIA COLONY,72.62864649902947,23.043624735989212
22,INDIA COLONY,72.60701989636766,23.03865785088649
22,INDIA COLONY,72.64049530863247,23.039466746131712
22,INDIA COLONY,72.60910209268079,23.03577764556642
22,INDIA COLONY,72.62615342640593,23.048762755659894
22,INDIA COLONY,72.63246923204925,23.047441302794525
22,INDIA COLONY,72.62422273067766,23.040870640386697
22,INDIA COLONY,72.63022899803691,23.04784470200953
22,INDIA COLONY,72.6301473905642,23.04189854821203
22,INDIA COLONY,72.62710251450554,23.044738074169807
22,INDIA COLONY,72.62694281454677,23.04256828050249
22,INDIA COLONY,72.63245249092122,23.046188180319987
22,INDIA COLONY,72.63634976671831,23.047424569109694
22,INDIA COLONY,72.63136680784153,23.0488210353077
22,INDIA COLONY,72.61831469929292,23.043804276872983
22,INDIA COLONY,72.62656220848334,23.05126497295736
22,INDIA COLONY,72.62744762132837,23.043137224909398
22,INDIA COLONY,72.61292787285315,23.039449821762005
22,INDIA COLONY,72.61945858372233,23.043036165478973
22,INDIA COLONY,72.63528090058219,23.042321589179217
22,INDIA COLONY,72.62726179074055,23.055029310832975
22,INDIA COLONY,72.63183139094558,23.04518382278304
22,INDIA COLONY,72.62608873592501,23.053413625985446
22,INDIA COLONY,72.6183127460194,23.044666100175437
22,INDIA COLONY,72.63316221375379,23.04756611536571
22,INDIA COLONY,72.6267402307268,23.047091716664298
22,INDIA COLONY,72.60947518094865,23.037019573816465
22,INDIA COLONY,72.60174586105721,23.035500356494914
22,INDIA COLONY,72.61128805856772,23.0380133173593
22,INDIA COLONY,72.629425222136,23.039197771389468
22,INDIA COLONY,72.62831622823546,23.039184662997435
22,INDIA COLONY,72.62892811498685,23.044232679582716
22,INDIA COLONY,72.6283388440657,23.0483949063478
22,INDIA COLONY,72.61276346307613,23.039373784277878
22,INDIA COLONY,72.63987088168288,23.04412301694348
22,INDIA COLONY,72.63849467396369,23.044842574483216
22,INDIA COLONY,72.62828907113749,23.046831792473096
22,INDIA COLONY,72.61413346933709,23.040128205345578
22,INDIA COLONY,72.61027028360269,23.037933529418652
22,INDIA COLONY,72.64044101913169,23.042542342008183
22,INDIA COLONY,72.62591706543928,23.048619503465343
22,INDIA COLONY,72.6233475502931,23.0498732147679
22,INDIA COLONY,72.63243952070263,23.038911717618184
22,INDIA COLONY,72.63058461988817,23.045790828090425
22,INDIA COLONY,72.62484251837576,23.044581989951165
22,INDIA COLONY,72.6090214563485,23.03749204250732
22,INDIA COLONY,72.63548200103004,23.04658850097867
22,INDIA COLONY,72.6307815637005,23.047447587579168
22,INDIA COLONY,72.60864047389178,23.03853866146188
22,INDIA COLONY,72.60605349685676,23.037689582482894
22,INDIA COLONY,72.6134817032143,23.042924936278162
22,INDIA COLONY,72.6127988452408,23.03885371952416
22,INDIA COLONY,72.62316958552829,23.053119506082258
22,INDIA COLONY,72.62361806779417,23.04377769575435
22,INDIA COLONY,72.64114486153285,23.045766473937594
22,INDIA COLONY,72.60933928456679,23.03640616784063
22,INDIA COLONY,72.62052816473198,23.04013008436978
22,INDIA COLONY,72.613793834071,23.038553352978134
22,INDIA COLONY,72.6365263153925,23.041933381620016
22,INDIA COLONY,72.62645361601155,23.049628712471353
22,INDIA COLONY,72.631742398745,23.052233046082875
22,INDIA COLONY,72.62938152925518,23.053349835443147
22,INDIA COLONY,72.63622691663926,23.039535294839354
22,INDIA COLONY,72.61738202925949,23.03870210292508
22,INDIA COLONY,72.62118418503415,23.048625959180395
22,INDIA COLONY,72.62015646950216,23.043103295199554
22,INDIA COLONY,72.60908754152943,23.03942950980891
22,INDIA COLONY,72.63872614871956,23.039247704292976
22,INDIA COLONY,72.60578616598433,23.03946124506506
22,INDIA COLONY,72.62553209062125,23.046392913880933
22,INDIA COLONY,72.61992995534229,23.042291126399633
22,INDIA COLONY,72.62661979748218,23.05499391845572
22,INDIA COLONY,72.62921383589091,23.044268405899075
22,INDIA COLONY,72.61655237740406,23.04705181734018
22,INDIA COLONY,72.62963344558375,23.052164202657103
22,INDIA COLONY,72.60562589876201,23.03812399950906
22,INDIA COLONY,72.63974892634292,23.03924355155817
22,INDIA COLONY,72.61351245647445,23.041315694572244
22,INDIA COLONY,72.62742402985056,23.03963649484235
22,INDIA COLONY,72.62623962204941,23.0466106570394
22,INDIA COLONY,72.62662625265477,23.055647286718898
22,INDIA COLONY,72.61440724283615,23.038691878782473
22,INDIA COLONY,72.60548642491212,23.03682670494626
22,INDIA COLONY,72.6267033688444,23.040981967815476
22,INDIA COLONY,72.6174161994736,23.047789282244743
22,INDIA COLONY,72.60548685018404,23.038011386098333
22,INDIA COLONY,72.62910883198491,23.045474748106663
22,INDIA COLONY,72.6319561876587,23.04580319050114
22,INDIA COLONY,72.62375889667526,23.05322591160606
22,INDIA COLONY,72.61572585078204,23.03989213056123
22,INDIA COLONY,72.60757432824057,23.033426730733417
22,INDIA COLONY,72.62142676764489,23.047431159387447
22,INDIA COLONY,72.61288643773271,23.039026953763045
22,INDIA COLONY,72.60451543989832,23.035971361858618
22,INDIA COLONY,72.61262370476723,23.038251119506693
22,INDIA COLONY,72.63084112038169,23.04368231711546
22,INDIA COLONY,72.62263276695712,23.046728474197874
22,INDIA COLONY,72.62576349695705,23.04880887894991
22,INDIA COLONY,72.61221845711661,23.041147025100155
22,INDIA COLONY,72.62704559223701,23.055222059391998
22,INDIA COLONY,72.63860467934389,23.04360712635153
22,INDIA COLONY,72.62104915918465,23.039772022728506
22,INDIA COLONY,72.64038299632793,23.044953420059592
22,INDIA COLONY,72.63947950722951,23.040585957238047
22,INDIA COLONY,72.63519673368958,23.0476022710056
22,INDIA COLONY,72.62977952364292,23.049700140620345
22,INDIA COLONY,72.62646886139083,23.053076605356974
22,INDIA COLONY,72.60803169983373,23.036653878444117
22,INDIA COLONY,72.62979081652631,23.050503869859106
22,INDIA COLONY,72.63551590922584,23.04395426366406
22,INDIA COLONY,72.6380973346798,23.04588988022267
22,INDIA COLONY,72.61642469527582,23.046262335119806
22,INDIA COLONY,72.60531009615245,23.039261032132526
22,INDIA COLONY,72.62275907661244,23.050581843309747
23,THAKKARBAPANAGAR,72.65378035057284,23.058389098167844
23,THAKKARBAPANAGAR,72.65305609563656,23.050981922545827
23,THAKKARBAPANAGAR,72.64142972392199,23.045240311933966
23,THAKKARBAPANAGAR,72.64635902192491,23.047780962295107
23,THAKKARBAPANAGAR,72.65203003334943,23.04327695733446
23,THAKKARBAPANAGAR,72.65606142295694,23.052607145717776
23,THAKKARBAPANAGAR,72.6520120491256,23.051706193289398
23,THAKKARBAPANAGAR,72.65227151388665,23.061651035373345
23,THAKKARBAPANAGAR,72.64203406506145,23.0414632187943
23,THAKKARBAPANAGAR,72.65395634344424,23.061986382737974
23,THAKKARBAPANAGAR,72.64856385187822,23.04059363372855
23,THAKKARBAPANAGAR,72.64698931376746,23.04753891872687
23,THAKKARBAPANAGAR,72.64252847213398,23.04637883070344
23,THAKKARBAPANAGAR,72.65597576377687,23.052117992614573
23,THAKKARBAPANAGAR,72.6539913331534,23.061276577381363
23,THAKKARBAPANAGAR,72.64165062118732,23.04335538228619
23,THAKKARBAPANAGAR,72.64455294870403,23.05387983004314
23,THAKKARBAPANAGAR,72.65335750622177,23.043577775393874
23,THAKKARBAPANAGAR,72.65738892392955,23.058514449622205
23,THAKKARBAPANAGAR,72.65746431818468,23.05655522099666
23,THAKKARBAPANAGAR,72.64342070986783,23.046947035482948
23,THAKKARBAPANAGAR,72.65373974129784,23.046046012696934
23,THAKKARBAPANAGAR,72.65376063368156,23.046356613461786
23,THAKKARBAPANAGAR,72.64366395451718,23.050761500732662
23,THAKKARBAPANAGAR,72.65330909951949,23.050738070023616
23,THAKKARBAPANAGAR,72.65246767472742,23.04882261074016
23,THAKKARBAPANAGAR,72.65505611081502,23.053951387360847
23,THAKKARBAPANAGAR,72.65119188117467,23.04875776625794
23,THAKKARBAPANAGAR,72.65045442671207,23.039455437284374
23,THAKKARBAPANAGAR,72.65293907215536,23.04316807267168
23,THAKKARBAPANAGAR,72.65660801946582,23.057881243877734
23,THAKKARBAPANAGAR,72.65030699131314,23.0587231661153
23,THAKKARBAPANAGAR,72.64107005349479,23.044148440157677
23,THAKKARBAPANAGAR,72.65163068674127,23.048269436159377
23,THAKKARBAPANAGAR,72.65238590237016,23.052413057670627
23,THAKKARBAPANAGAR,72.64717363154443,23.05041359666515
23,THAKKARBAPANAGAR,72.64908736398067,23.04787672659185
23,THAKKARBAPANAGAR,72.65384830223975,23.05302961931448
23,THAKKARBAPANAGAR,72.65698991085216,23.05890806052248
23,THAKKARBAPANAGAR,72.64486823381768,23.038647792520077
23,THAKKARBAPANAGAR,72.64687674225391,23.042054370905998
23,THAKKARBAPANAGAR,72.65343769252355,23.045000096042166
23,THAKKARBAPANAGAR,72.64364524546664,23.050403962715173
23,THAKKARBAPANAGAR,72.64795152063712,23.04692202405063
23,THAKKARBAPANAGAR,72.64305416519208,23.046271302425286
23,THAKKARBAPANAGAR,72.64715977998797,23.052894722018323
23,THAKKARBAPANAGAR,72.64296921287571,23.053428907373064
23,THAKKARBAPANAGAR,72.64584558884879,23.05381913975203
23,THAKKARBAPANAGAR,72.65295302353476,23.06204184689026
23,THAKKARBAPANAGAR,72.64886452602505,23.05330800595427
23,THAKKARBAPANAGAR,72.6494253093858,23.054608808145364
23,THAKKARBAPANAGAR,72.6488208178036,23.039251029162877
23,THAKKARBAPANAGAR,72.64685311068709,23.0460808803849
23,THAKKARBAPANAGAR,72.64466412936603,23.05387539658068
23,THAKKARBAPANAGAR,72.64109035198149,23.039829663332192
23,THAKKARBAPANAGAR,72.6538880745196,23.053593239877216
23,THAKKARBAPANAGAR,72.65319405230389,23.043810845793754
23,THAKKARBAPANAGAR,72.64797668699272,23.04634516093056
23,THAKKARBAPANAGAR,72.65461498570227,23.056313623896617
23,THAKKARBAPANAGAR,72.64361608437115,23.039437429675388
23,THAKKARBAPANAGAR,72.64252954478447,23.046792579584544
23,THAKKARBAPANAGAR,72.65324272953538,23.051921821309637
23,THAKKARBAPANAGAR,72.64931197949171,23.054856873344857
23,THAKKARBAPANAGAR,72.64699364924212,23.048061204343057
23,THAKKARBAPANAGAR,72.64738359019952,23.039756877016767
23,THAKKARBAPANAGAR,72.64819561742668,23.041838578101412
23,THAKKARBAPANAGAR,72.65463540669745,23.06115837409231
23,THAKKARBAPANAGAR,72.64482489074453,23.051950476048493
23,THAKKARBAPANAGAR,72.64106528298707,23.0406594617659
23,THAKKARBAPANAGAR,72.64724618403928,23.054738809788827
23,THAKKARBAPANAGAR,72.65139961740152,23.050252864910576
23,THAKKARBAPANAGAR,72.64542219868085,23.038379371273905
23,THAKKARBAPANAGAR,72.65106676350361,23.05800861582455
23,THAKKARBAPANAGAR,72.6523287406198,23.04982224419681
23,THAKKARBAPANAGAR,72.64934885293387,23.047892187667248
23,THAKKARBAPANAGAR,72.65663317927927,23.058685584297866
23,THAKKARBAPANAGAR,72.65408741303041,23.058293070306146
23,THAKKARBAPANAGAR,72.64731531342369,23.03953516424921
23,THAKKARBAPANAGAR,72.64096186878938,23.04250862805555
23,THAKKARBAPANAGAR,72.65098325887523,23.047546263470622
23,THAKKARBAPANAGAR,72.65319430548837,23.061516637549982
23,THAKKARBAPANAGAR,72.65280899568437,23.048321916781948
23,THAKKARBAPANAGAR,72.65058030646543,23.06031312651001
23,THAKKARBAPANAGAR,72.65305799273176,23.057659450204657
23,THAKKARBAPANAGAR,72.646011971032,23.056234960637802
23,THAKKARBAPANAGAR,72.6429375202705,23.05636696946824
23,THAKKARBAPANAGAR,72.64237806497022,23.04979906306335
23,THAKKARBAPANAGAR,72.64674017134377,23.054770739653716
23,THAKKARBAPANAGAR,72.65282828251836,23.052328068040318
23,THAKKARBAPANAGAR,72.65031598207062,23.055301217038558
23,THAKKARBAPANAGAR,72.6479375665878,23.03988522913186
23,THAKKARBAPANAGAR,72.65048718340385,23.055729971275404
23,THAKKARBAPANAGAR,72.64596723521167,23.041627359045165
23,THAKKARBAPANAGAR,72.65758851258676,23.059125369386187
23,THAKKARBAPANAGAR,72.6520231984281,23.057258366333947
23,THAKKARBAPANAGAR,72.64492441377533,23.05368142779487
23,THAKKARBAPANAGAR,72.65764072138892,23.054923866770245
23,THAKKARBAPANAGAR,72.65696360870577,23.05827512422311
23,THAKKARBAPANAGAR,72.6550725987886,23.057444133163592
23,THAKKARBAPANAGAR,72.64591777817844,23.04805969564467
23,THAKKARBAPANAGAR,72.6525461862328,23.053049869939255
23,THAKKARBAPANAGAR,72.64496038363797,23.053106003306215
23,THAKKARBAPANAGAR,72.65666339269046,23.050950737707904
23,THAKKARBAPANAGAR,72.64410465274918,23.05122385957748
23,THAKKARBAPANAGAR,72.64628052021598,23.042303014394076
23,THAKKARBAPANAGAR,72.65342677463161,23.06110498527558
23,THAKKARBAPANAGAR,72.64174216409458,23.046368792167623
23,THAKKARBAPANAGAR,72.65453141012787,23.05542876339686
23,THAKKARBAPANAGAR,72.64648352245035,23.042671393845904
23,THAKKARBAPANAGAR,72.65230757564298,23.046305953599866
23,THAKKARBAPANAGAR,72.65610340245003,23.05752585817692
23,THAKKARBAPANAGAR,72.65589481180837,23.053467724461076
23,THAKKARBAPANAGAR,72.64747563199828,23.04017327426193
23,THAKKARBAPANAGAR,72.64156021445379,23.044305322356678
23,THAKKARBAPANAGAR,72.65383006091295,23.052588526744326
23,THAKKARBAPANAGAR,72.64426708270724,23.044136932523177
23,THAKKARBAPANAGAR,72.64940793283404,23.04746521113924
23,THAKKARBAPANAGAR,72.65715626247436,23.052612932328408
23,THAKKARBAPANAGAR,72.65023434437384,23.0420979547015
23,THAKKARBAPANAGAR,72.65753504131995,23.05804666297211
23,THAKKARBAPANAGAR,72.64241880442236,23.052885629811005
23,THAKKARBAPANAGAR,72.65544517806114,23.057784444584264
23,THAKKARBAPANAGAR,72.64202535032848,23.043656939524972
23,THAKKARBAPANAGAR,72.6481272884573,23.044310875747666
23,THAKKARBAPANAGAR,72.64991850568143,23.041971962033532
23,THAKKARBAPANAGAR,72.65141523506719,23.03972178590234
23,THAKKARBAPANAGAR,72.6518040828655,23.061991569478316
23,THAKKARBAPANAGAR,72.64496223838157,23.03989021436534
23,THAKKARBAPANAGAR,72.65629114536061,23.05010240381395
23,THAKKARBAPANAGAR,72.64686430253342,23.03955764498774
23,THAKKARBAPANAGAR,72.64151859065183,23.0404164195394
23,THAKKARBAPANAGAR,72.64259534536946,23.039508039583072
23,THAKKARBAPANAGAR,72.65277123645802,23.041297359287736
23,THAKKARBAPANAGAR,72.644469102865,23.049353354308987
23,THAKKARBAPANAGAR,72.65309903871287,23.045318085945084
23,THAKKARBAPANAGAR,72.65707244452635,23.05712614717569
23,THAKKARBAPANAGAR,72.65075469491802,23.049334729061606
23,THAKKARBAPANAGAR,72.65204422099649,23.055928611954354
23,THAKKARBAPANAGAR,72.64758559670028,23.050956559047385
23,THAKKARBAPANAGAR,72.65052779325926,23.05812446426443
23,THAKKARBAPANAGAR,72.64296924632315,23.053286226055995
23,THAKKARBAPANAGAR,72.64261086758593,23.051216176913883
23,THAKKARBAPANAGAR,72.64496591790551,23.05289677588701
23,THAKKARBAPANAGAR,72.65136302688167,23.05536099170055
23,THAKKARBAPANAGAR,72.64501121321561,23.055121609652208
23,THAKKARBAPANAGAR,72.65182494671966,23.05052536098922
23,THAKKARBAPANAGAR,72.65570574057385,23.05395129713088
23,THAKKARBAPANAGAR,72.65545509679532,23.058931088564588
23,THAKKARBAPANAGAR,72.65218484840425,23.059762044088146
23,THAKKARBAPANAGAR,72.64758649817402,23.05043631388545
23,THAKKARBAPANAGAR,72.65665436718386,23.056663582920468
23,THAKKARBAPANAGAR,72.64745320370814,23.038768598182774
23,THAKKARBAPANAGAR,72.65699099280002,23.057252308398578
23,THAKKARBAPANAGAR,72.64881243772095,23.051441012269766
23,THAKKARBAPANAGAR,72.64416816990979,23.048194570576207
23,THAKKARBAPANAGAR,72.64338827454002,23.043317104820044
23,THAKKARBAPANAGAR,72.6416353057756,23.04697058101865
23,THAKKARBAPANAGAR,72.64329491505971,23.055006836386788
23,THAKKARBAPANAGAR,72.65758003114064,23.056688854802672
23,THAKKARBAPANAGAR,72.65505812671704,23.059079794163083
23,THAKKARBAPANAGAR,72.65502449742957,23.05198150985475
23,THAKKARBAPANAGAR,72.65425239763184,23.06166001396156
23,THAKKARBAPANAGAR,72.65596856020765,23.056229837278494
23,THAKKARBAPANAGAR,72.64967964672601,23.054573732089654
23,THAKKARBAPANAGAR,72.64810423251522,23.04608381937094
23,THAKKARBAPANAGAR,72.64185282679104,23.04736946361469
23,THAKKARBAPANAGAR,72.65113166051799,23.052155156928812
23,THAKKARBAPANAGAR,72.64363205222037,23.052297465763427
23,THAKKARBAPANAGAR,72.65730426787228,23.056030480328406
23,THAKKARBAPANAGAR,72.64436477713927,23.044522352192605
23,THAKKARBAPANAGAR,72.65502886238737,23.05628488196336
23,THAKKARBAPANAGAR,72.64333160479264,23.050054197600602
23,THAKKARBAPANAGAR,72.64394914975512,23.038485798580624
23,THAKKARBAPANAGAR,72.6521011235986,23.04533169712944
23,THAKKARBAPANAGAR,72.64902449939783,23.043161953479117
23,THAKKARBAPANAGAR,72.65147086726421,23.04538943389055
23,THAKKARBAPANAGAR,72.64767120422505,23.04602758779603
23,THAKKARBAPANAGAR,72.64878280226098,23.048978365506184
23,THAKKARBAPANAGAR,72.64990693248666,23.04946287438607
23,THAKKARBAPANAGAR,72.65707828309638,23.057360623406925
23,THAKKARBAPANAGAR,72.64238218326442,23.050196798863507
23,THAKKARBAPANAGAR,72.6517605508972,23.049866642055093
23,THAKKARBAPANAGAR,72.64212271164924,23.050697854629323
23,THAKKARBAPANAGAR,72.65001141067233,23.05183159166268
23,THAKKARBAPANAGAR,72.64345982200834,23.053670435257523
23,THAKKARBAPANAGAR,72.65287154356639,23.046217813622924
23,THAKKARBAPANAGAR,72.6515039784342,23.052278816523
23,THAKKARBAPANAGAR,72.65267779872266,23.06098909102936
23,THAKKARBAPANAGAR,72.64962561212839,23.040093686184075
23,THAKKARBAPANAGAR,72.64709485537941,23.038876892933096
23,THAKKARBAPANAGAR,72.6460446871088,23.0547302929617
23,THAKKARBAPANAGAR,72.64192421823098,23.047320000299898
23,THAKKARBAPANAGAR,72.64281801236521,23.04973932377708
23,THAKKARBAPANAGAR,72.64297701376059,23.040859812869183
23,THAKKARBAPANAGAR,72.64322895115208,23.05256104908463
23,THAKKARBAPANAGAR,72.64111968305839,23.03901938760222
23,THAKKARBAPANAGAR,72.64847642968476,23.047056940885
23,THAKKARBAPANAGAR,72.64853826934596,23.05216266485122
23,THAKKARBAPANAGAR,72.65510901601701,23.051499388674888
23,THAKKARBAPANAGAR,72.652379283356,23.060789324059588
24,NIKOL,72.67063445370653,23.05301246830832
24,NIKOL,72.66891944221673,23.036770860671645
24,NIKOL,72.67517757654309,23.06553753277268
24,NIKOL,72.66318583234228,23.037572986652272
24,NIKOL,72.66480514956879,23.03536761730745
24,NIKOL,72.67064448776763,23.068485375537783
24,NIKOL,72.66527240894335,23.053243682593383
24,NIKOL,72.67475928061197,23.056628529147805
24,NIKOL,72.6649398457865,23.04963989458283
24,NIKOL,72.6643071246996,23.06720300766699
24,NIKOL,72.66307512395417,23.057100366452413
24,NIKOL,72.65831905128982,23.04938187823083
24,NIKOL,72.67513461804167,23.049576689062608
24,NIKOL,72.68104644209885,23.027511155240365
24,NIKOL,72.6599954798671,23.041880043093226
24,NIKOL,72.67108092343815,23.047455081555096
24,NIKOL,72.68079776824365,23.039715923282255
24,NIKOL,72.66456145944697,23.039808090810336
24,NIKOL,72.66908712188881,23.035916875128734
24,NIKOL,72.66403721880353,23.042391241335565
24,NIKOL,72.67185116609879,23.055921104058267
24,NIKOL,72.67420880496765,23.038623073406697
24,NIKOL,72.67399107481208,23.05972508245314
24,NIKOL,72.67127891124993,23.06113083287816
24,NIKOL,72.67510481610104,23.04893242798955
24,NIKOL,72.68643771731327,23.03216169285978
24,NIKOL,72.66349473919594,23.065016563017643
24,NIKOL,72.67670148980176,23.05002028407574
24,NIKOL,72.6669335542232,23.043833795365508
24,NIKOL,72.67241002155095,23.053159204645954
24,NIKOL,72.67634729726979,23.063926654713242
24,NIKOL,72.6764447520335,23.02990167224053
24,NIKOL,72.66980724027786,23.056867672036557
24,NIKOL,72.6806691714835,23.028202177938176
24,NIKOL,72.667381530644,23.06067159533136
24,NIKOL,72.66224972893998,23.046347819103367
24,NIKOL,72.67214125308558,23.05501465747772
24,NIKOL,72.66769545683796,23.041887814378324
24,NIKOL,72.68144921278757,23.038003873474658
24,NIKOL,72.66235392041023,23.055317860262477
24,NIKOL,72.67727079901915,23.045303710470254
24,NIKOL,72.68057470000583,23.038929545636332
24,NIKOL,72.67773062674235,23.060185080494087
24,NIKOL,72.6745508607288,23.039603897700545
24,NIKOL,72.68271941661243,23.029975934162877
24,NIKOL,72.68035406794034,23.066308746648197
24,NIKOL,72.67287376283377,23.06112969939217
24,NIKOL,72.6651076501523,23.06139282310819
24,NIKOL,72.67718892365683,23.051512769449555
24,NIKOL,72.67501091561677,23.0484637908665
24,NIKOL,72.66209502421896,23.04003222371716
24,NIKOL,72.67717687531217,23.05114962169641
24,NIKOL,72.65561936515647,23.041209861166507
24,NIKOL,72.6783472640021,23.032095238417845
24,NIKOL,72.67084137394896,23.039440670047618
24,NIKOL,72.67709912913047,23.067120573594824
24,NIKOL,72.65904444521117,23.039409167529275
24,NIKOL,72.6770186837944,23.065720709613046
24,NIKOL,72.67826243436627,23.052764065305745
24,NIKOL,72.67019009517338,23.037431723374546
24,NIKOL,72.68094996683068,23.06304569824348
24,NIKOL,72.66582770291161,23.06808737317168
24,NIKOL,72.65871127069101,23.047741035521344
24,NIKOL,72.68134215166457,23.050321731840036
24,NIKOL,72.66104200987714,23.055400564644874
24,NIKOL,72.66732542034889,23.056687011168055
24,NIKOL,72.67672066696873,23.05294689843156
24,NIKOL,72.666320092216,23.063233917643167
24,NIKOL,72.67727828279254,23.05480500300002
24,NIKOL,72.67691516574524,23.048148976149122
24,NIKOL,72.66421800528633,23.061510985262444
24,NIKOL,72.66483042423994,23.034438746659553
24,NIKOL,72.67056323474604,23.035289201818085
24,NIKOL,72.67286500986383,23.043333199858676
24,NIKOL,72.67838858622787,23.034647033262377
24,NIKOL,72.66977779592779,23.038860882770567
24,NIKOL,72.68145670217008,23.025887674514074
24,NIKOL,72.67656788471402,23.03969697820938
24,NIKOL,72.67003364088602,23.039686089841677
24,NIKOL,72.66584946366241,23.05618701824299
24,NIKOL,72.67415571843136,23.035980519156322
24,NIKOL,72.6704405605345,23.05357440879119
24,NIKOL,72.67030347895586,23.05358426999799
24,NIKOL,72.67191500790814,23.04809759443567
24,NIKOL,72.66138154993689,23.056806112567024
24,NIKOL,72.6694509487636,23.061734191645964
24,NIKOL,72.66686635584847,23.04100481831583
24,NIKOL,72.68298713456596,23.026332526227492
24,NIKOL,72.659454269471,23.043871995940698
24,NIKOL,72.67342316008404,23.042292366646283
24,NIKOL,72.67539813058117,23.06711090545479
24,NIKOL,72.6685887118194,23.050561722246634
24,NIKOL,72.66956645195191,23.05515193428192
24,NIKOL,72.67361780995626,23.036805822882634
24,NIKOL,72.68171221498096,23.052060395846347
24,NIKOL,72.6713407208153,23.060083165740995
24,NIKOL,72.66241150110426,23.066855833211708
24,NIKOL,72.65593721373789,23.045717867557634
24,NIKOL,72.6650034197483,23.065837138171347
24,NIKOL,72.67136836126106,23.0381541523448
24,NIKOL,72.6790417500627,23.053555968232548
24,NIKOL,72.67434345888245,23.04507964650598
24,NIKOL,72.67057071543681,23.042164358338592
24,NIKOL,72.67016433472632,23.061774998277986
24,NIKOL,72.66616658468516,23.054727300402856
24,NIKOL,72.67969758562631,23.035203048571127
24,NIKOL,72.66613049988051,23.055677890838286
24,NIKOL,72.68245270148311,23.036781682630192
24,NIKOL,72.66573729626153,23.058930978868585
24,NIKOL,72.68069907633325,23.061620034591073
24,NIKOL,72.67936237375169,23.03539506106917
24,NIKOL,72.6631238464835,23.068757729797223
24,NIKOL,72.67265673379832,23.059948099744787
24,NIKOL,72.6742889813273,23.06793405659572
24,NIKOL,72.68399513370056,23.03679228295164
24,NIKOL,72.66859261607526,23.06449323129562
24,NIKOL,72.6643815503866,23.03817283082192
24,NIKOL,72.6716880490906,23.043801018579877
24,NIKOL,72.6797134394386,23.050573823701733
24,NIKOL,72.67610744977004,23.02873433442736
24,NIKOL,72.67451557363464,23.059776838689853
24,NIKOL,72.6598153715354,23.044941920812136
24,NIKOL,72.67224722207331,23.043920077970697
24,NIKOL,72.68425518932499,23.0324496323331
24,NIKOL,72.68049460895871,23.06105831858397
24,NIKOL,72.66884642590898,23.049852565455655
24,NIKOL,72.67185760672844,23.035069058928123
24,NIKOL,72.68175149906163,23.053456433631787
24,NIKOL,72.6547526530794,23.041324204098505
24,NIKOL,72.6836222813904,23.037546927383755
24,NIKOL,72.67862825089473,23.02892264208057
24,NIKOL,72.67041387998728,23.051277962622784
24,NIKOL,72.66580058161172,23.058578448315036
24,NIKOL,72.65951388943554,23.054354445717852
24,NIKOL,72.6847807026679,23.027506249539446
24,NIKOL,72.68001685817954,23.048189703113007
24,NIKOL,72.66750472788029,23.05856259037745
24,NIKOL,72.66326097572227,23.065446458316615
24,NIKOL,72.6762609530628,23.040790182464267
24,NIKOL,72.67215312235507,23.036701819334343
24,NIKOL,72.67200621814965,23.058799651962897
24,NIKOL,72.6565028823217,23.04410324162252
24,NIKOL,72.65976689737685,23.032494558956063
24,NIKOL,72.67034878657307,23.038579379812596
24,NIKOL,72.66512810648874,23.053825298194678
24,NIKOL,72.67272548058331,23.03470416718786
24,NIKOL,72.66933694165697,23.03898485504695
24,NIKOL,72.67183675584636,23.046878367908672
24,NIKOL,72.67977622582903,23.048659737294642
24,NIKOL,72.68229886149318,23.04474473940526
24,NIKOL,72.66427167787484,23.053006363750942
24,NIKOL,72.67986750261788,23.049081136114857
24,NIKOL,72.6686465013302,23.068972918447255
24,NIKOL,72.68151963055755,23.02873349763965
24,NIKOL,72.65569435635743,23.04123403402396
24,NIKOL,72.68362298336679,23.035434885244804
24,NIKOL,72.67172813489765,23.032567298615255
24,NIKOL,72.66219399201964,23.06786356537657
24,NIKOL,72.66035087049299,23.04254440158973
24,NIKOL,72.65803368796553,23.04446833813275
24,NIKOL,72.67977420726874,23.04970512539102
24,NIKOL,72.66829194274081,23.063542449214534
24,NIKOL,72.68059017076094,23.029286933971793
24,NIKOL,72.67215430096367,23.040109169050808
24,NIKOL,72.68004861816294,23.06458659144889
24,NIKOL,72.66943137191524,23.06011198830906
24,NIKOL,72.66430851326228,23.046275661880095
24,NIKOL,72.660996415636,23.046045372444727
24,NIKOL,72.67467500605946,23.05425609798136
24,NIKOL,72.68112939668418,23.04998539389543
24,NIKOL,72.66044486412157,23.057319457396808
24,NIKOL,72.67795372112488,23.02759514215659
24,NIKOL,72.67768973754205,23.03449835038619
24,NIKOL,72.6753034467715,23.058881075775925
24,NIKOL,72.68015169822309,23.043761040668052
24,NIKOL,72.6821575827131,23.02819831585102
24,NIKOL,72.67120216354685,23.037051115809536
24,NIKOL,72.66447233013723,23.043719913319844
24,NIKOL,72.66958135524052,23.04894710425791
24,NIKOL,72.66603707052293,23.047921093490626
24,NIKOL,72.66776013418706,23.069809583265908
24,NIKOL,72.65968765339366,23.042148912464544
24,NIKOL,72.67239050037259,23.060199771269865
24,NIKOL,72.66196785039351,23.061691555393992
24,NIKOL,72.66069307232705,23.04836681364869
24,NIKOL,72.65915654260908,23.040275653873493
24,NIKOL,72.67088622420933,23.042103535664165
24,NIKOL,72.67048164049042,23.045124599603287
24,NIKOL,72.68145369133191,23.03915978604853
24,NIKOL,72.66464364374453,23.069099252568222
24,NIKOL,72.66694739048994,23.064071827049535
24,NIKOL,72.67185369259184,23.063444597955215
24,NIKOL,72.67304400226975,23.04751859422443
24,NIKOL,72.68080101558166,23.030483410979105
24,NIKOL,72.67910024585636,23.050022174666942
24,NIKOL,72.66224389570796,23.050033796291046
24,NIKOL,72.67549299847228,23.05635462201092
24,NIKOL,72.66718106288153,23.035919052540855
24,NIKOL,72.67849318944619,23.038801617078743
24,NIKOL,72.65538030573533,23.043753730156176
25,VIRATNAGAR,72.65690002337072,23.037537836309063
25,VIRATNAGAR,72.65486257339523,23.033401629920817
25,VIRATNAGAR,72.64031378195921,23.035238181780525
25,VIRATNAGAR,72.64655263080877,23.035026924638302
25,VIRATNAGAR,72.64324706906858,23.024451043142157
25,VIRATNAGAR,72.65590434281381,23.03767752020142
25,VIRATNAGAR,72.64328940385847,23.027541703921827
25,VIRATNAGAR,72.6401180522931,23.020257033676636
25,VIRATNAGAR,72.64670618443206,23.030762419248674
25,VIRATNAGAR,72.65641836502927,23.0327247900319
25,VIRATNAGAR,72.65053190022707,23.03123330506638
25,VIRATNAGAR,72.64772086762692,23.03701101476364
25,VIRATNAGAR,72.63722305023913,23.022931626825194
25,VIRATNAGAR,72.64478698259151,23.02882609817909
25,VIRATNAGAR,72.63968044709743,23.03130438408886
25,VIRATNAGAR,72.6412730855563,23.038236444160024
25,VIRATNAGAR,72.63861510610123,23.021170611031224
25,VIRATNAGAR,72.65344863890566,23.033385975131583
25,VIRATNAGAR,72.63891728693552,23.019368958192285
25,VIRATNAGAR,72.62852794910303,23.022683552426223
25,VIRATNAGAR,72.64516976210315,23.029248569898375
25,VIRATNAGAR,72.64396519879148,23.027740126857022
25,VIRATNAGAR,72.63976839591294,23.026869564940778
25,VIRATNAGAR,72.65937801368734,23.03491841930501
25,VIRATNAGAR,72.6482642015885,23.035139906630388
25,VIRATNAGAR,72.65082268754684,23.037062568424485
25,VIRATNAGAR,72.62957330249218,23.020952552175466
25,VIRATNAGAR,72.65089960693821,23.037183283629396
25,VIRATNAGAR,72.64652898307071,23.027532833210675
25,VIRATNAGAR,72.65758462219448,23.036354246468566
25,VIRATNAGAR,72.65224257812467,23.036711939453177
25,VIRATNAGAR,72.64924247804223,23.03486399085315
25,VIRATNAGAR,72.63464518922433,23.021163284968182
25,VIRATNAGAR,72.64619593137384,23.03101873120891
25,VIRATNAGAR,72.63156813257594,23.020737580325196
25,VIRATNAGAR,72.64639075182613,23.02332344344264
25,VIRATNAGAR,72.64943970285478,23.03507656869973
25,VIRATNAGAR,72.65178707096698,23.037556339784853
25,VIRATNAGAR,72.64494932729616,23.02862890291498
25,VIRATNAGAR,72.65208977760493,23.03476125107954
25,VIRATNAGAR,72.65264372274511,23.031614624159754
25,VIRATNAGAR,72.64059782452385,23.036579625509127
25,VIRATNAGAR,72.64775377207475,23.022902692315412
25,VIRATNAGAR,72.64147176361926,23.02337020022036
25,VIRATNAGAR,72.63726050324553,23.024364009781912
25,VIRATNAGAR,72.63929184502057,23.02845383816736
25,VIRATNAGAR,72.64873511919218,23.0307086973143
25,VIRATNAGAR,72.64632996361073,23.032482688047057
25,VIRATNAGAR,72.64791460910877,23.037414967129138
25,VIRATNAGAR,72.64526069818156,23.025005699679237
25,VIRATNAGAR,72.64224159790909,23.03387107589736
25,VIRATNAGAR,72.6410863407871,23.03577744247133
25,VIRATNAGAR,72.64004643496584,23.024898132662972
25,VIRATNAGAR,72.64207748023942,23.02355224560372
25,VIRATNAGAR,72.6483318330692,23.025261441984227
25,VIRATNAGAR,72.64536305766671,23.0376975730568
25,VIRATNAGAR,72.63826240554128,23.02491752985807
25,VIRATNAGAR,72.64084051397009,23.03548770946579
25,VIRATNAGAR,72.6419096576441,23.02704533685026
25,VIRATNAGAR,72.64132625627137,23.021910709537828
25,VIRATNAGAR,72.64790802542682,23.023351499260414
25,VIRATNAGAR,72.64017679143875,23.036805369471562
25,VIRATNAGAR,72.64583784529042,23.025969987212065
25,VIRATNAGAR,72.64212973825077,23.037388530063538
25,VIRATNAGAR,72.63106355575061,23.02174026823144
25,VIRATNAGAR,72.64732487990389,23.03617787600702
25,VIRATNAGAR,72.64618602339179,23.030334901685478
25,VIRATNAGAR,72.64552913861104,23.033390592036927
25,VIRATNAGAR,72.63799984607415,23.025989005904563
25,VIRATNAGAR,72.64243972811396,23.036849240278496
25,VIRATNAGAR,72.65203537093254,23.0336791135086
25,VIRATNAGAR,72.65367913438419,23.037028569071424
25,VIRATNAGAR,72.64252049535826,23.033690281048493
25,VIRATNAGAR,72.6342681856395,23.020526232191546
25,VIRATNAGAR,72.64585819516434,23.025542663663526
25,VIRATNAGAR,72.64400983930467,23.02813061257738
25,VIRATNAGAR,72.63229921564226,23.02080416573307
25,VIRATNAGAR,72.64949424664395,23.036828129272504
25,VIRATNAGAR,72.6527524759012,23.035857626472144
25,VIRATNAGAR,72.64570394702054,23.02370852720237
25,VIRATNAGAR,72.64146744609276,23.027735835428643
25,VIRATNAGAR,72.65486090135488,23.039518439241874
25,VIRATNAGAR,72.6444063181614,23.03630599321929
25,VIRATNAGAR,72.6404017558675,23.033252491691186
25,VIRATNAGAR,72.64362556441654,23.035172560715043
25,VIRATNAGAR,72.64733406029681,23.028134447368174
25,VIRATNAGAR,72.64828884717413,23.038395953192786
25,VIRATNAGAR,72.64195864778547,23.035742230470774
25,VIRATNAGAR,72.63798540777765,23.022896993573596
25,VIRATNAGAR,72.63997311985723,23.02003340614758
25,VIRATNAGAR,72.64053313444951,23.016104372176418
25,VIRATNAGAR,72.64352677662409,23.026168778636055
25,VIRATNAGAR,72.64382732791312,23.03482634779676
25,VIRATNAGAR,72.65328845173632,23.03646489083484
25,VIRATNAGAR,72.65421820947034,23.0391887379655
25,VIRATNAGAR,72.64437997207781,23.027411947422852
25,VIRATNAGAR,72.64038174943806,23.01880915515817
25,VIRATNAGAR,72.65433096828085,23.033116315769682
25,VIRATNAGAR,72.63078828371223,23.02296518990922
25,VIRATNAGAR,72.64472974930945,23.033668330440737
25,VIRATNAGAR,72.64448274541049,23.02338090589839
25,VIRATNAGAR,72.64315828722809,23.03736517009105
25,VIRATNAGAR,72.64081770496581,23.027314000692712
25,VIRATNAGAR,72.64530033730416,23.03697366548494
25,VIRATNAGAR,72.64464523443438,23.03227739290852
25,VIRATNAGAR,72.65103786563472,23.03427914319895
25,VIRATNAGAR,72.63361131848974,23.021600529462635
25,VIRATNAGAR,72.65675827607312,23.03343581817102
25,VIRATNAGAR,72.64827759547451,23.037252989437846
25,VIRATNAGAR,72.65452208499818,23.034281507647258
25,VIRATNAGAR,72.65313158530381,23.039005907149548
25,VIRATNAGAR,72.65110380232146,23.033473977063394
25,VIRATNAGAR,72.65110282295697,23.03616349201047
25,VIRATNAGAR,72.64155865888152,23.037558561116242
25,VIRATNAGAR,72.65905520685614,23.034890959062757
25,VIRATNAGAR,72.657782240058,23.03547861548413
25,VIRATNAGAR,72.65158898158717,23.038452208193867
25,VIRATNAGAR,72.64779384272117,23.031262079102763
25,VIRATNAGAR,72.64137493439351,23.03796937376142
25,VIRATNAGAR,72.6427693511793,23.028462293668873
25,VIRATNAGAR,72.63449958969062,23.02156556573864
25,VIRATNAGAR,72.65353439422513,23.038688801959044
25,VIRATNAGAR,72.63797370917486,23.020352885343563
25,VIRATNAGAR,72.64328810335905,23.032385553463257
25,VIRATNAGAR,72.63923759939334,23.028575776454325
25,VIRATNAGAR,72.6463304684185,23.02840972129748
25,VIRATNAGAR,72.63998336007627,23.028357208082006
25,VIRATNAGAR,72.63242773171478,23.02289341528009
25,VIRATNAGAR,72.64589774264468,23.030144430128832
25,VIRATNAGAR,72.64045526290356,23.019187339819073
25,VIRATNAGAR,72.64048009545391,23.018059347606748
25,VIRATNAGAR,72.65370912616034,23.033612933737185
25,VIRATNAGAR,72.62671218167773,23.020424561243384
25,VIRATNAGAR,72.64223465044998,23.02496893555293
25,VIRATNAGAR,72.65901716677703,23.035262956747257
25,VIRATNAGAR,72.64352187139433,23.025497071272856
25,VIRATNAGAR,72.64244467080427,23.023390858620058
25,VIRATNAGAR,72.64878009546294,23.030672347655873
25,VIRATNAGAR,72.64199238122913,23.037611729114353
25,VIRATNAGAR,72.64099696903185,23.027008281624482
25,VIRATNAGAR,72.62817636729271,23.020686560584686
25,VIRATNAGAR,72.63840585186554,23.022491833694893
25,VIRATNAGAR,72.64008942169036,23.027309586619957
25,VIRATNAGAR,72.64604764175445,23.037935518579456
25,VIRATNAGAR,72.63927968363262,23.022993089213998
25,VIRATNAGAR,72.63725285690853,23.021048584247655
25,VIRATNAGAR,72.65126119552289,23.038944957140902
25,VIRATNAGAR,72.6414005137646,23.020958860014858
25,VIRATNAGAR,72.65834956510047,23.035824700524085
25,VIRATNAGAR,72.6501388003467,23.03478409757587
25,VIRATNAGAR,72.63742417429548,23.02224047840833
25,VIRATNAGAR,72.63886133578397,23.019242405185565
25,VIRATNAGAR,72.65609020797528,23.037522817277388
25,VIRATNAGAR,72.63115644119924,23.020218516096925
25,VIRATNAGAR,72.6398594077641,23.01759481616253
25,VIRATNAGAR,72.64938241369225,23.033829159613408
25,VIRATNAGAR,72.64014203261578,23.026618578827296
25,VIRATNAGAR,72.65310540276697,23.03516044072632
25,VIRATNAGAR,72.64229895545851,23.033658993210143
25,VIRATNAGAR,72.64553221875804,23.037749089869962
25,VIRATNAGAR,72.6417359456053,23.0194848364551
25,VIRATNAGAR,72.62867541214062,23.022148888565663
25,VIRATNAGAR,72.6466911100386,23.035318699737992
25,VIRATNAGAR,72.64025846930585,23.018498333845372
25,VIRATNAGAR,72.64418064081953,23.037374025124766
25,VIRATNAGAR,72.64411518324324,23.033520021647263
25,VIRATNAGAR,72.65448919340572,23.03654545746345
25,VIRATNAGAR,72.6368879028093,23.020610720662507
25,VIRATNAGAR,72.63558643469074,23.022576558425424
25,VIRATNAGAR,72.65353620940856,23.038808332240663
25,VIRATNAGAR,72.6399224139968,23.03273327930237
25,VIRATNAGAR,72.63417868899249,23.023516625973066
25,VIRATNAGAR,72.6356625070054,23.0217442731174
25,VIRATNAGAR,72.64531064434216,23.02268993659978
25,VIRATNAGAR,72.64103808470465,23.030646091457747
25,VIRATNAGAR,72.63114447086912,23.020305130142468
25,VIRATNAGAR,72.657775216567,23.032679679285334
25,VIRATNAGAR,72.64548842796768,23.036526849189617
25,VIRATNAGAR,72.64838341006786,23.035758811994867
25,VIRATNAGAR,72.64827990316522,23.03715226817
25,VIRATNAGAR,72.64714760885843,23.0214268570725
25,VIRATNAGAR,72.65177441633189,23.034822113895537
25,VIRATNAGAR,72.64850637413275,23.038181514647913
25,VIRATNAGAR,72.64289406594862,23.02508594285137
25,VIRATNAGAR,72.63148220302587,23.020311884670537
25,VIRATNAGAR,72.65195647981979,23.038266202735745
25,VIRATNAGAR,72.64379682803927,23.031125336821905
25,VIRATNAGAR,72.63815762032226,23.02581237111347
25,VIRATNAGAR,72.65406982039268,23.037448112407482
25,VIRATNAGAR,72.63341737468711,23.023336146023947
25,VIRATNAGAR,72.64912426633143,23.038974031238073
25,VIRATNAGAR,72.64782582213414,23.035162388495454
25,VIRATNAGAR,72.64166552868994,23.020459476165033
25,VIRATNAGAR,72.65427034998761,23.032433044301786
25,VIRATNAGAR,72.6554263416426,23.03745136465988
25,VIRATNAGAR,72.64907237159093,23.026577305479606
25,VIRATNAGAR,72.6447142124243,23.028636642130547
25,VIRATNAGAR,72.6444054869538,23.025286506423093
25,VIRATNAGAR,72.63788376964129,23.02314478103859
25,VIRATNAGAR,72.65043558065355,23.038640303281433
26,BAPUNAGAR,72.6378102342169,23.03531407009095
26,BAPUNAGAR,72.62442076802162,23.03255009486873
26,BAPUNAGAR,72.62792672196845,23.038671515280306
26,BAPUNAGAR,72.63784741853537,23.028277886847157
26,BAPUNAGAR,72.63411078279032,23.028718679871073
26,BAPUNAGAR,72.63423173387207,23.033728561716032
26,BAPUNAGAR,72.6311153530512,23.038537542929735
26,BAPUNAGAR,72.6261792760457,23.03706614649029
26,BAPUNAGAR,72.6344426179591,23.027682168604564
26,BAPUNAGAR,72.62945205018285,23.02382360860594
26,BAPUNAGAR,72.63272958368198,23.03870996950689
26,BAPUNAGAR,72.63043743127201,23.027681482061666
26,BAPUNAGAR,72.6267546656424,23.03417938436811
26,BAPUNAGAR,72.62923907631203,23.03792384797305
26,BAPUNAGAR,72.62958659376334,23.033754092980754
26,BAPUNAGAR,72.6290086681647,23.02722325115505
26,BAPUNAGAR,72.63037715533851,23.03566661366591
26,BAPUNAGAR,72.6315044101604,23.034130226080993
26,BAPUNAGAR,72.62319170772321,23.037642500043884
26,BAPUNAGAR,72.6267364619478,23.038474024265568
26,BAPUNAGAR,72.63189162286456,23.025333642826332
26,BAPUNAGAR,72.63501785979166,23.03726123543028
26,BAPUNAGAR,72.6323187525374,23.02749718957571
26,BAPUNAGAR,72.629743708154,23.032167883850917
26,BAPUNAGAR,72.63400049843413,23.034093132360155
26,BAPUNAGAR,72.62905586691092,23.036351706394065
26,BAPUNAGAR,72.63596889540257,23.03522760486813
26,BAPUNAGAR,72.62666570354273,23.031102155096185
26,BAPUNAGAR,72.62965835070224,23.037417466057242
26,BAPUNAGAR,72.63665394494674,23.038313484765194
26,BAPUNAGAR,72.62590210639254,23.036175155573265
26,BAPUNAGAR,72.63289031446723,23.030234136637013
26,BAPUNAGAR,72.6252289676103,23.032173030630968
26,BAPUNAGAR,72.63623174797874,23.03812690961739
26,BAPUNAGAR,72.63560189362131,23.03866671164611
26,BAPUNAGAR,72.63285273030118,23.03778616244296
26,BAPUNAGAR,72.62936822256037,23.0380662087904
26,BAPUNAGAR,72.6382868933791,23.0350472121358
26,BAPUNAGAR,72.62962647373621,23.02768955006372
26,BAPUNAGAR,72.62765376178096,23.024975083400594
26,BAPUNAGAR,72.62247320836306,23.030102705660017
26,BAPUNAGAR,72.62238948401982,23.038577209737348
26,BAPUNAGAR,72.63370565405741,23.037906026869166
26,BAPUNAGAR,72.62987561561474,23.026640240563076
26,BAPUNAGAR,72.6270034266705,23.038107193399828
26,BAPUNAGAR,72.62386574626765,23.0352627745997
26,BAPUNAGAR,72.62579988941104,23.028989275251515
26,BAPUNAGAR,72.62398611355931,23.038196530233375
26,BAPUNAGAR,72.63354688647894,23.03426858302903
26,BAPUNAGAR,72.63126280116579,23.038349380920078
26,BAPUNAGAR,72.62428118635418,23.036982253898696
26,BAPUNAGAR,72.62406668900393,23.032515619868963
26,BAPUNAGAR,72.62911640436425,23.025427058000886
26,BAPUNAGAR,72.63471539897135,23.031568719935517
26,BAPUNAGAR,72.63351667557683,23.03119129113753
26,BAPUNAGAR,72.62928059300212,23.031520140603362
26,BAPUNAGAR,72.63835586823605,23.02976858985954
26,BAPUNAGAR,72.63356225700277,23.037729604582267
26,BAPUNAGAR,72.6331676851656,23.02667862437626
26,BAPUNAGAR,72.62386698452788,23.033310555339877
26,BAPUNAGAR,72.6351486111237,23.036543872653407
26,BAPUNAGAR,72.63601406267016,23.033560435871152
26,BAPUNAGAR,72.6296108372131,23.034860730107713
26,BAPUNAGAR,72.63307168489087,23.028702476040035
26,BAPUNAGAR,72.6315361287245,23.026284441826007
26,BAPUNAGAR,72.62323101864172,23.035894651357008
26,BAPUNAGAR,72.6287522156759,23.036307112486682
26,BAPUNAGAR,72.63069402314483,23.037290161043522
26,BAPUNAGAR,72.63537619682198,23.036460136898572
26,BAPUNAGAR,72.6291458733458,23.036987560381295
26,BAPUNAGAR,72.63071734884097,23.026842622278593
26,BAPUNAGAR,72.63331351940515,23.031096940155386
26,BAPUNAGAR,72.6265150514072,23.02952304340528
26,BAPUNAGAR,72.62457465635627,23.040512498594627
26,BAPUNAGAR,72.63357942113464,23.025723871775053
26,BAPUNAGAR,72.63584166259743,23.033510549205698
26,BAPUNAGAR,72.6350583469099,23.03319437778228
26,BAPUNAGAR,72.63591910500148,23.03628233468732
26,BAPUNAGAR,72.6365974993311,23.03055191145295
26,BAPUNAGAR,72.6345200181182,23.027515136471344
26,BAPUNAGAR,72.62631881572666,23.03682492890514
26,BAPUNAGAR,72.6328669862467,23.027533608855894
26,BAPUNAGAR,72.62707941971904,23.035869441236066
26,BAPUNAGAR,72.63787968883139,23.033275508483158
26,BAPUNAGAR,72.6357277218282,23.03353500434426
26,BAPUNAGAR,72.63121801621074,23.036566509707598
26,BAPUNAGAR,72.63566824668901,23.03138393255087
26,BAPUNAGAR,72.62959129481987,23.02492213555174
26,BAPUNAGAR,72.62958972807242,23.026890307597593
26,BAPUNAGAR,72.63071110503807,23.029395089092628
26,BAPUNAGAR,72.62415115373115,23.028978589013573
26,BAPUNAGAR,72.63611018646948,23.033861716191375
26,BAPUNAGAR,72.62974514742301,23.037486154204665
26,BAPUNAGAR,72.62270378009298,23.038389673032093
26,BAPUNAGAR,72.63925136276401,23.037460682324852
26,BAPUNAGAR,72.63703810705317,23.03247685244652
26,BAPUNAGAR,72.6283014245868,23.031125772162593
26,BAPUNAGAR,72.62309804226604,23.031591485749654
26,BAPUNAGAR,72.62887004823868,23.02604742404292
26,BAPUNAGAR,72.63196079311878,23.034329965597706
26,BAPUNAGAR,72.6361168737166,23.033959787284807
26,BAPUNAGAR,72.62929213925008,23.03397792594294
26,BAPUNAGAR,72.62629976869476,23.032773811351827
26,BAPUNAGAR,72.62542529321374,23.03924682917462
26,BAPUNAGAR,72.63108963317079,23.026819982465142
26,BAPUNAGAR,72.6296818669909,23.038311370807765
26,BAPUNAGAR,72.63590259855812,23.03535682714083
26,BAPUNAGAR,72.6303635756265,23.030692815484233
26,BAPUNAGAR,72.62937161702092,23.031229350552714
26,BAPUNAGAR,72.62973893595657,23.026193696369226
26,BAPUNAGAR,72.63135035033338,23.037368426126985
26,BAPUNAGAR,72.62702087585747,23.028251308820565
26,BAPUNAGAR,72.63170936246715,23.026818421100764
26,BAPUNAGAR,72.62788867664796,23.030793856298533
26,BAPUNAGAR,72.62879272033378,23.03744364505045
26,BAPUNAGAR,72.63741446110859,23.02989292779546
26,BAPUNAGAR,72.63580839058599,23.027372477543103
26,BAPUNAGAR,72.6366160388475,23.028147445064715
26,BAPUNAGAR,72.63418705005614,23.03238813506253
26,BAPUNAGAR,72.63698595114263,23.03621811012616
26,BAPUNAGAR,72.62278229108163,23.028721275511376
26,BAPUNAGAR,72.63128586739217,23.037178351785872
26,BAPUNAGAR,72.63489951773826,23.0325566144192
26,BAPUNAGAR,72.63665758525775,23.030475564767197
26,BAPUNAGAR,72.62263155493459,23.038394469010495
26,BAPUNAGAR,72.63140688785991,23.037264959725192
26,BAPUNAGAR,72.62890041152419,23.033268291386918
26,BAPUNAGAR,72.6277639539545,23.03001466346044
26,BAPUNAGAR,72.62434100372303,23.036050611242864
26,BAPUNAGAR,72.62681718972955,23.02805417047497
26,BAPUNAGAR,72.62819432170942,23.030424620669987
26,BAPUNAGAR,72.63233058072022,23.034981741757594
26,BAPUNAGAR,72.63418513073476,23.03027109537066
26,BAPUNAGAR,72.63057390251065,23.02511988669592
26,BAPUNAGAR,72.63131209219439,23.03851301378873
26,BAPUNAGAR,72.6244972549047,23.03596527705766
26,BAPUNAGAR,72.63478699455713,23.03495851484705
26,BAPUNAGAR,72.63542303183252,23.03165276043146
26,BAPUNAGAR,72.62510467510687,23.039130194572593
26,BAPUNAGAR,72.62747392347464,23.02972934853057
26,BAPUNAGAR,72.62511999945633,23.034061596228565
26,BAPUNAGAR,72.63206783717304,23.02757969014655
26,BAPUNAGAR,72.62307016421653,23.02962911347798
26,BAPUNAGAR,72.63402760348566,23.033014125194704
26,BAPUNAGAR,72.63373797479872,23.030989666806857
26,BAPUNAGAR,72.62657033526547,23.031344953411125
26,BAPUNAGAR,72.62870390609163,23.03546331982384
26,BAPUNAGAR,72.62479243977755,23.031588473273494
26,BAPUNAGAR,72.6260145376322,23.03958182252736
26,BAPUNAGAR,72.62614400433091,23.03622470372859
26,BAPUNAGAR,72.62363539454708,23.038059137016653
26,BAPUNAGAR,72.62495920880798,23.029734788551224
26,BAPUNAGAR,72.6314117595275,23.03138383837272
26,BAPUNAGAR,72.63877265012923,23.036459466913698
26,BAPUNAGAR,72.63882583136643,23.03187261568547
26,BAPUNAGAR,72.62991753725727,23.032859919153353
26,BAPUNAGAR,72.62852893298378,23.026401342101018
26,BAPUNAGAR,72.63718464918044,23.03494038365756
26,BAPUNAGAR,72.62766268032472,23.030681946641973
26,BAPUNAGAR,72.62579537240835,23.032800851211025
26,BAPUNAGAR,72.62827200980426,23.038486083696256
26,BAPUNAGAR,72.63143986219617,23.030053851262807
26,BAPUNAGAR,72.63556273971804,23.03902283635945
26,BAPUNAGAR,72.63682610572326,23.031566097873572
26,BAPUNAGAR,72.6282363294979,23.03460584932896
26,BAPUNAGAR,72.63011477380574,23.034716937572092
26,BAPUNAGAR,72.62705605670999,23.024158995266227
26,BAPUNAGAR,72.6310870229349,23.029352604971173
26,BAPUNAGAR,72.6342333049795,23.033754793829857
26,BAPUNAGAR,72.6247224063528,23.034818402766085
26,BAPUNAGAR,72.62796251812044,23.034158316849243
26,BAPUNAGAR,72.62849592208796,23.029499001224046
26,BAPUNAGAR,72.63506163271609,23.033515556374596
26,BAPUNAGAR,72.63125379349617,23.038681351905275
26,BAPUNAGAR,72.6236089788689,23.03110890414809
26,BAPUNAGAR,72.6398376161031,23.035912873692745
26,BAPUNAGAR,72.62562277928643,23.02988485232446
26,BAPUNAGAR,72.62580611315569,23.0350189842439
26,BAPUNAGAR,72.6281245956845,23.039291181875743
26,BAPUNAGAR,72.62546196319815,23.02892849020485
26,BAPUNAGAR,72.63895773795149,23.038651611428822
26,BAPUNAGAR,72.62705730318324,23.031350705491676
26,BAPUNAGAR,72.63806127029117,23.034760465678506
26,BAPUNAGAR,72.633469405854,23.03457729424573
26,BAPUNAGAR,72.638755870357,23.03197070325027
26,BAPUNAGAR,72.62498166774373,23.031162645121753
26,BAPUNAGAR,72.63517643172707,23.031515509694895
26,BAPUNAGAR,72.62743170627945,23.03468221146941
26,BAPUNAGAR,72.62815615181175,23.035612194784647
26,BAPUNAGAR,72.63193755595297,23.02397905001563
26,BAPUNAGAR,72.63631204497251,23.035922022419346
26,BAPUNAGAR,72.622535632537,23.03165295019846
26,BAPUNAGAR,72.62605243587626,23.038552416769154
26,BAPUNAGAR,72.63415219523901,23.035055979741884
26,BAPUNAGAR,72.63414023969753,23.03491177149448
26,BAPUNAGAR,72.63551606352375,23.034746887649625
26,BAPUNAGAR,72.6371402020575,23.03271510232897
26,BAPUNAGAR,72.62812908929462,23.031055814734046
26,BAPUNAGAR,72.62979769556338,23.02861363211547
26,BAPUNAGAR,72.6293361914479,23.0295676741606
27,SARASPUR-RAKHIYAL,72.62085595038278,23.027718602533874
27,SARASPUR-RAKHIYAL,72.62345854404852,23.022029551978203
27,SARASPUR-RAKHIYAL,72.6108549191287,23.029930190359178
27,SARASPUR-RAKHIYAL,72.61987597469297,23.033206570506024
27,SARASPUR-RAKHIYAL,72.61882880880877,23.03565082683219
27,SARASPUR-RAKHIYAL,72.6106114608488,23.02586194035455
27,SARASPUR-RAKHIYAL,72.60323835230388,23.031135384168493
27,SARASPUR-RAKHIYAL,72.62232538316736,23.02755352767258
27,SARASPUR-RAKHIYAL,72.61625906912545,23.023419163156
27,SARASPUR-RAKHIYAL,72.614343025154,23.0331517003174
27,SARASPUR-RAKHIYAL,72.6128965593401,23.02771755181286
27,SARASPUR-RAKHIYAL,72.60422144380455,23.0306383468633
27,SARASPUR-RAKHIYAL,72.61289275507676,23.031688655339163
27,SARASPUR-RAKHIYAL,72.61635169352382,23.02880496113707
27,SARASPUR-RAKHIYAL,72.6089653700747,23.02854762655896
27,SARASPUR-RAKHIYAL,72.61510211020502,23.028106994807445
27,SARASPUR-RAKHIYAL,72.62023136603956,23.02271070789405
27,SARASPUR-RAKHIYAL,72.62473007070561,23.02463425787293
27,SARASPUR-RAKHIYAL,72.62543966019092,23.025572613655147
27,SARASPUR-RAKHIYAL,72.62164841039122,23.033358428675577
27,SARASPUR-RAKHIYAL,72.61467117111438,23.028236524135675
27,SARASPUR-RAKHIYAL,72.61146662708634,23.031363679133666
27,SARASPUR-RAKHIYAL,72.61918946847469,23.03125871412897
27,SARASPUR-RAKHIYAL,72.61410224082847,23.027709224889517
27,SARASPUR-RAKHIYAL,72.6190451848939,23.022317545586088
27,SARASPUR-RAKHIYAL,72.60649959636707,23.0320136830911
27,SARASPUR-RAKHIYAL,72.61890099285618,23.029254551281475
27,SARASPUR-RAKHIYAL,72.61182636062748,23.032135344285102
27,SARASPUR-RAKHIYAL,72.61671174366438,23.037086800392004
27,SARASPUR-RAKHIYAL,72.61563412381491,23.032474681013294
27,SARASPUR-RAKHIYAL,72.62009688688752,23.02516117848426
27,SARASPUR-RAKHIYAL,72.61478901269889,23.022443351214452
27,SARASPUR-RAKHIYAL,72.61046730693415,23.031548101203008
27,SARASPUR-RAKHIYAL,72.6143314409896,23.030541848766056
27,SARASPUR-RAKHIYAL,72.60169417907574,23.02970438115888
27,SARASPUR-RAKHIYAL,72.60196999939893,23.02896143478123
27,SARASPUR-RAKHIYAL,72.61801421768699,23.023811622202953
27,SARASPUR-RAKHIYAL,72.60686696057994,23.02876255243489
27,SARASPUR-RAKHIYAL,72.62145771279444,23.032973232943974
27,SARASPUR-RAKHIYAL,72.61149280565374,23.02778415426775
27,SARASPUR-RAKHIYAL,72.61486196292094,23.026407743591545
27,SARASPUR-RAKHIYAL,72.62176577962117,23.028749308675966
27,SARASPUR-RAKHIYAL,72.61281584674556,23.034866478555852
27,SARASPUR-RAKHIYAL,72.62402262888803,23.022120747550794
27,SARASPUR-RAKHIYAL,72.62213068108574,23.028220491178846
27,SARASPUR-RAKHIYAL,72.61906022739119,23.038461179199345
27,SARASPUR-RAKHIYAL,72.60537837886996,23.0305266519535
27,SARASPUR-RAKHIYAL,72.61802901578055,23.026595139463417
27,SARASPUR-RAKHIYAL,72.62148863181477,23.03023036219749
27,SARASPUR-RAKHIYAL,72.61955515137723,23.033298854220256
27,SARASPUR-RAKHIYAL,72.61291980187758,23.026891153375214
27,SARASPUR-RAKHIYAL,72.61788295266528,23.02667376893933
27,SARASPUR-RAKHIYAL,72.61534158117027,23.023377328881466
27,SARASPUR-RAKHIYAL,72.60293597799352,23.02967449006822
27,SARASPUR-RAKHIYAL,72.60698040170665,23.03054151103736
27,SARASPUR-RAKHIYAL,72.61993783548229,23.03822363926003
27,SARASPUR-RAKHIYAL,72.60635707967865,23.028602026093708
27,SARASPUR-RAKHIYAL,72.62212801156056,23.0283888820947
27,SARASPUR-RAKHIYAL,72.62122970833218,23.037378852084064
27,SARASPUR-RAKHIYAL,72.61178311482546,23.032303941852547
27,SARASPUR-RAKHIYAL,72.61291447069152,23.02980016977871
27,SARASPUR-RAKHIYAL,72.61135658157812,23.03222836013698
27,SARASPUR-RAKHIYAL,72.61408727907748,23.026289968870604
27,SARASPUR-RAKHIYAL,72.62146313359005,23.03887236359845
27,SARASPUR-RAKHIYAL,72.61043347837713,23.028857247834498
27,SARASPUR-RAKHIYAL,72.61407731170573,23.025360074133484
27,SARASPUR-RAKHIYAL,72.61609797101484,23.028356488857746
27,SARASPUR-RAKHIYAL,72.60311705361366,23.028480300086667
27,SARASPUR-RAKHIYAL,72.62096220074136,23.02581254017804
27,SARASPUR-RAKHIYAL,72.6202864887037,23.028988357392304
27,SARASPUR-RAKHIYAL,72.60275988024789,23.028775953269957
27,SARASPUR-RAKHIYAL,72.62303213391377,23.026794263885346
27,SARASPUR-RAKHIYAL,72.61710360298005,23.028202668160592
27,SARASPUR-RAKHIYAL,72.62095046846035,23.035789456522814
27,SARASPUR-RAKHIYAL,72.60509186640978,23.030950012029937
27,SARASPUR-RAKHIYAL,72.60988275230154,23.02809042311135
27,SARASPUR-RAKHIYAL,72.61933481408013,23.027577209536098
27,SARASPUR-RAKHIYAL,72.62394546744747,23.02378063167051
27,SARASPUR-RAKHIYAL,72.62611663265615,23.028059002327844
27,SARASPUR-RAKHIYAL,72.61969428672016,23.025937037087115
27,SARASPUR-RAKHIYAL,72.60956324964988,23.029148963866593
27,SARASPUR-RAKHIYAL,72.60816759204599,23.02682045598064
27,SARASPUR-RAKHIYAL,72.61919875434275,23.03416582663291
27,SARASPUR-RAKHIYAL,72.61476615492003,23.02796565771244
27,SARASPUR-RAKHIYAL,72.61992344678458,23.023635564802632
27,SARASPUR-RAKHIYAL,72.62023946062344,23.032407736266236
27,SARASPUR-RAKHIYAL,72.61290426344841,23.030279006794117
27,SARASPUR-RAKHIYAL,72.62270154013336,23.023733630399498
27,SARASPUR-RAKHIYAL,72.61116712151777,23.035520728319746
27,SARASPUR-RAKHIYAL,72.61829561006002,23.029520543625203
27,SARASPUR-RAKHIYAL,72.62141057926166,23.037392005939402
27,SARASPUR-RAKHIYAL,72.60165739497043,23.03030042315194
27,SARASPUR-RAKHIYAL,72.60795300214419,23.026546008238814
27,SARASPUR-RAKHIYAL,72.60822315476754,23.02867441969595
27,SARASPUR-RAKHIYAL,72.61187999183534,23.033192317021065
27,SARASPUR-RAKHIYAL,72.60901556377895,23.02652303889463
27,SARASPUR-RAKHIYAL,72.61057948894086,23.03416104405408
27,SARASPUR-RAKHIYAL,72.61001772880172,23.032125262453985
27,SARASPUR-RAKHIYAL,72.6209872187065,23.03091782802968
27,SARASPUR-RAKHIYAL,72.61801814641186,23.038470325818984
27,SARASPUR-RAKHIYAL,72.60199342843137,23.02793995184461
27,SARASPUR-RAKHIYAL,72.61723095439588,23.02572046178576
27,SARASPUR-RAKHIYAL,72.61934522703103,23.026760688889773
27,SARASPUR-RAKHIYAL,72.6117706109583,23.027930686777903
27,SARASPUR-RAKHIYAL,72.60876612947123,23.030383289212715
27,SARASPUR-RAKHIYAL,72.62238549450339,23.025836573754027
27,SARASPUR-RAKHIYAL,72.61313040598365,23.033906720692254
27,SARASPUR-RAKHIYAL,72.60509202961613,23.03129530594517
27,SARASPUR-RAKHIYAL,72.61374085195564,23.036973843275156
27,SARASPUR-RAKHIYAL,72.61182040928567,23.032779766109922
27,SARASPUR-RAKHIYAL,72.61488971840298,23.02708668048337
27,SARASPUR-RAKHIYAL,72.60797173187433,23.026974555926735
27,SARASPUR-RAKHIYAL,72.62508322561928,23.024723692541723
27,SARASPUR-RAKHIYAL,72.62023461630494,23.034881940847782
27,SARASPUR-RAKHIYAL,72.62144552949967,23.037481020275646
27,SARASPUR-RAKHIYAL,72.60183976766005,23.03291812131167
27,SARASPUR-RAKHIYAL,72.6238734571831,23.028282607154754
27,SARASPUR-RAKHIYAL,72.62224522692992,23.03406176788924
27,SARASPUR-RAKHIYAL,72.61229177746785,23.02782378799183
27,SARASPUR-RAKHIYAL,72.61464874920892,23.03145698835495
27,SARASPUR-RAKHIYAL,72.6148449015094,23.0250014506371
27,SARASPUR-RAKHIYAL,72.62283813872531,23.025840174390197
27,SARASPUR-RAKHIYAL,72.61560967482097,23.02916632351035
27,SARASPUR-RAKHIYAL,72.61782397045879,23.035381190630368
27,SARASPUR-RAKHIYAL,72.61045183718933,23.033951544976528
27,SARASPUR-RAKHIYAL,72.62180627839624,23.027871414028628
27,SARASPUR-RAKHIYAL,72.61137322855008,23.026128904832294
27,SARASPUR-RAKHIYAL,72.615174536503,23.03223016666432
27,SARASPUR-RAKHIYAL,72.60661392141124,23.032223073291267
27,SARASPUR-RAKHIYAL,72.6093769412194,23.03211246554643
27,SARASPUR-RAKHIYAL,72.60451375552168,23.027165240042944
27,SARASPUR-RAKHIYAL,72.61430564674689,23.026179184631612
27,SARASPUR-RAKHIYAL,72.60223724083471,23.032289587621108
27,SARASPUR-RAKHIYAL,72.6116344815905,23.028698355999428
27,SARASPUR-RAKHIYAL,72.61866220395893,23.0312377153878
27,SARASPUR-RAKHIYAL,72.6084453816925,23.028123539952517
27,SARASPUR-RAKHIYAL,72.62265988063494,23.02254889146528
27,SARASPUR-RAKHIYAL,72.62116962183788,23.036769697672376
27,SARASPUR-RAKHIYAL,72.61954500095462,23.022493510615767
27,SARASPUR-RAKHIYAL,72.62049742173267,23.0348376287414
27,SARASPUR-RAKHIYAL,72.61913678728665,23.024020911906558
27,SARASPUR-RAKHIYAL,72.62267352276785,23.02218175298876
27,SARASPUR-RAKHIYAL,72.61763969548828,23.032237275586432
27,SARASPUR-RAKHIYAL,72.61448989716398,23.02841308675817
27,SARASPUR-RAKHIYAL,72.62160600082933,23.03852186650397
27,SARASPUR-RAKHIYAL,72.62027009085364,23.03679163369405
27,SARASPUR-RAKHIYAL,72.62476112725801,23.02228249211742
27,SARASPUR-RAKHIYAL,72.60401846063098,23.03054010060112
27,SARASPUR-RAKHIYAL,72.6130032455837,23.029577151670605
27,SARASPUR-RAKHIYAL,72.61516359528008,23.0314262001286
27,SARASPUR-RAKHIYAL,72.62381796060633,23.02787319643486
27,SARASPUR-RAKHIYAL,72.6094277152098,23.03444498801263
27,SARASPUR-RAKHIYAL,72.61805256130165,23.036807105172056
27,SARASPUR-RAKHIYAL,72.62572599323886,23.022303744993806
27,SARASPUR-RAKHIYAL,72.61887123600964,23.02742864040036
27,SARASPUR-RAKHIYAL,72.60835016837974,23.031420676949132
27,SARASPUR-RAKHIYAL,72.61258244553555,23.032937335366523
27,SARASPUR-RAKHIYAL,72.61111788610285,23.0286978843737
27,SARASPUR-RAKHIYAL,72.61051753468823,23.0282234005528
27,SARASPUR-RAKHIYAL,72.62006227833537,23.028655276873618
27,SARASPUR-RAKHIYAL,72.61722619958174,23.03816922596661
27,SARASPUR-RAKHIYAL,72.61982238924061,23.02873203782939
27,SARASPUR-RAKHIYAL,72.62136420631133,23.024629056425834
27,SARASPUR-RAKHIYAL,72.60240270104606,23.031469765930137
27,SARASPUR-RAKHIYAL,72.6187593589593,23.030732558423406
27,SARASPUR-RAKHIYAL,72.6259324199613,23.02605613180677
27,SARASPUR-RAKHIYAL,72.62135380365903,23.022816229750152
27,SARASPUR-RAKHIYAL,72.61929591579457,23.02390416069026
27,SARASPUR-RAKHIYAL,72.60354165825737,23.028016656198282
27,SARASPUR-RAKHIYAL,72.61472858063948,23.032111641523496
27,SARASPUR-RAKHIYAL,72.6097794083772,23.026520918631398
27,SARASPUR-RAKHIYAL,72.62669551767874,23.026520911704086
27,SARASPUR-RAKHIYAL,72.60479863061906,23.028123284864243
27,SARASPUR-RAKHIYAL,72.60910659932132,23.029272953545767
27,SARASPUR-RAKHIYAL,72.61740970859624,23.032622013995717
27,SARASPUR-RAKHIYAL,72.61934570542537,23.02437986308861
27,SARASPUR-RAKHIYAL,72.60685538252422,23.027314791636808
27,SARASPUR-RAKHIYAL,72.61304754538605,23.034711031865996
27,SARASPUR-RAKHIYAL,72.62079034670944,23.03230597390718
27,SARASPUR-RAKHIYAL,72.60770783857392,23.026284717961584
27,SARASPUR-RAKHIYAL,72.62644940621183,23.026688503402976
27,SARASPUR-RAKHIYAL,72.61306193063547,23.031259231105473
27,SARASPUR-RAKHIYAL,72.61627486883732,23.02355820615083
27,SARASPUR-RAKHIYAL,72.62447780083589,23.027066079288662
27,SARASPUR-RAKHIYAL,72.6073849760573,23.02738124964006
27,SARASPUR-RAKHIYAL,72.61247961721327,23.034136227395503
27,SARASPUR-RAKHIYAL,72.61071201945461,23.031813157787187
27,SARASPUR-RAKHIYAL,72.60136896460935,23.028592933026673
27,SARASPUR-RAKHIYAL,72.62044928277426,23.027108969442093
27,SARASPUR-RAKHIYAL,72.6138911534556,23.037078048375736
27,SARASPUR-RAKHIYAL,72.61251126568726,23.032518515906215
27,SARASPUR-RAKHIYAL,72.61668714844421,23.031738647483508
27,SARASPUR-RAKHIYAL,72.60708949554694,23.03107204631408
27,SARASPUR-RAKHIYAL,72.62391990417751,23.02852842584929
27,SARASPUR-RAKHIYAL,72.61739233360566,23.030382528054364
27,SARASPUR-RAKHIYAL,72.61909473948634,23.03805379229702
27,SARASPUR-RAKHIYAL,72.6126638834494,23.03546965139893
27,SARASPUR-RAKHIYAL,72.62609120755513,23.026886817476278
27,SARASPUR-RAKHIYAL,72.62167375584048,23.03628419906567
27,SARASPUR-RAKHIYAL,72.61691049671798,23.027647220499926
28,KHADIA,72.58604897621932,23.02074222754564
28,KHADIA,72.59761515599277,23.01819568618579
28,KHADIA,72.58427185187031,23.01847406398451
28,KHADIA,72.5996497557089,23.0261382340127
28,KHADIA,72.59324719044669,23.013712133353366
28,KHADIA,72.58952091935677,23.022473720008044
28,KHADIA,72.59028989829507,23.021645054815938
28,KHADIA,72.58726646582072,23.02454192002043
28,KHADIA,72.58817414316454,23.020319406492952
28,KHADIA,72.59658002704612,23.025829564995405
28,KHADIA,72.60079983681646,23.016058618626804
28,KHADIA,72.59457646758703,23.02129392342765
28,KHADIA,72.60152772689156,23.021101791298122
28,KHADIA,72.59521912136904,23.01791440555645
28,KHADIA,72.59598743950944,23.01442683484609
28,KHADIA,72.59204594465916,23.017751792991202
28,KHADIA,72.59759985519538,23.02816129677507
28,KHADIA,72.60324821265216,23.016398919330573
28,KHADIA,72.59605352802586,23.02765371764361
28,KHADIA,72.58899840729764,23.022677814080694
28,KHADIA,72.59205427447647,23.030844420030252
28,KHADIA,72.59183838872177,23.027154075839128
28,KHADIA,72.5888934227507,23.02685359690824
28,KHADIA,72.59386637448614,23.02029135503446
28,KHADIA,72.5971916887819,23.01301754994198
28,KHADIA,72.59857343023141,23.02045584991433
28,KHADIA,72.59330237557579,23.024276347949552
28,KHADIA,72.59789829796506,23.02095267021305
28,KHADIA,72.59739444633972,23.026863141296275
28,KHADIA,72.59623570412364,23.018097766646864
28,KHADIA,72.59442416614817,23.02619010293445
28,KHADIA,72.59808796851351,23.01508226234899
28,KHADIA,72.5947771728843,23.019765017470732
28,KHADIA,72.59736097639954,23.01636400292848
28,KHADIA,72.59200696300681,23.02750771916806
28,KHADIA,72.59503725297347,23.014586072308735
28,KHADIA,72.59834784737234,23.02415649486052
28,KHADIA,72.5953122963216,23.027600192308615
28,KHADIA,72.59723263734112,23.01952766108278
28,KHADIA,72.59552000454579,23.018087363699888
28,KHADIA,72.59969608974134,23.019182926014043
28,KHADIA,72.58910071404999,23.02224113559459
28,KHADIA,72.58953683571161,23.022895319362227
28,KHADIA,72.59601716635342,23.012958648246517
28,KHADIA,72.60040136294806,23.021636461618517
28,KHADIA,72.59180011967331,23.026605565805262
28,KHADIA,72.59333851389135,23.014782738161518
28,KHADIA,72.5944562372404,23.026086765548243
28,KHADIA,72.5899842101131,23.026567598519108
28,KHADIA,72.59744553787674,23.03032544901018
28,KHADIA,72.59513335701628,23.012912080801748
28,KHADIA,72.59503347420832,23.01872088590337
28,KHADIA,72.59569832563018,23.01740758272394
28,KHADIA,72.59169227807587,23.017525204077756
28,KHADIA,72.5918914243343,23.031561267038434
28,KHADIA,72.58614168819346,23.0254782484543
28,KHADIA,72.58724006460301,23.019778308969343
28,KHADIA,72.5983718122077,23.01226875354925
28,KHADIA,72.59599697584986,23.025903518286473
28,KHADIA,72.59055927267832,23.025706141701043
28,KHADIA,72.5949117963684,23.023730371127463
28,KHADIA,72.59846896650627,23.012083688224582
28,KHADIA,72.59596027881845,23.022801426171107
28,KHADIA,72.59046553659465,23.018844632870877
28,KHADIA,72.6004129830227,23.019869623902967
28,KHADIA,72.5942089922914,23.01222445860007
28,KHADIA,72.59899493593481,23.017234181848053
28,KHADIA,72.59477716593211,23.02877626358848
28,KHADIA,72.59586912140179,23.02146754174131
28,KHADIA,72.59675286179915,23.021139763840868
28,KHADIA,72.58664026397074,23.020814955851588
28,KHADIA,72.59488310496546,23.021652052067815
28,KHADIA,72.59215807801506,23.02860048373403
28,KHADIA,72.59960323611267,23.022053045802874
28,KHADIA,72.58533346927682,23.02458865988514
28,KHADIA,72.592508074352,23.017734104450028
28,KHADIA,72.58974769131413,23.02100107991244
28,KHADIA,72.5932300543691,23.02169345502153
28,KHADIA,72.59877981922911,23.013229490836594
28,KHADIA,72.58896349460477,23.02425017354683
28,KHADIA,72.594366671103,23.028130809501864
28,KHADIA,72.5923116900042,23.030393628506882
28,KHADIA,72.58584375727214,23.021035128943666
28,KHADIA,72.60054422151765,23.021407480682765
28,KHADIA,72.59631227052353,23.01934921707543
28,KHADIA,72.59857395461692,23.014902092863196
28,KHADIA,72.59431688776425,23.01559642151387
28,KHADIA,72.59319042988477,23.0209223032931
28,KHADIA,72.59616314206751,23.022638188892312
28,KHADIA,72.60316539615604,23.0165805881727
28,KHADIA,72.59953373805355,23.029719092484733
28,KHADIA,72.59119911385127,23.030496821694815
28,KHADIA,72.59916590899734,23.01964531210702
28,KHADIA,72.58898360370483,23.021093534815638
28,KHADIA,72.58872015474446,23.02234675596449
28,KHADIA,72.59398875698484,23.020683717874917
28,KHADIA,72.59088503039098,23.024162798323918
28,KHADIA,72.59999629266204,23.031168988314956
28,KHADIA,72.60134371536773,23.0212483087534
28,KHADIA,72.60117916847655,23.02305212574054
28,KHADIA,72.59689808907156,23.026220008117132
28,KHADIA,72.5916838439378,23.022128269136495
28,KHADIA,72.59808767321844,23.018261890484677
28,KHADIA,72.59927536529673,23.01926416282717
28,KHADIA,72.59574615652934,23.02975943871485
28,KHADIA,72.58345292915716,23.016794821020767
28,KHADIA,72.5952144088394,23.013881059565822
28,KHADIA,72.58351016923245,23.024819457905565
28,KHADIA,72.59487946498011,23.018355137887564
28,KHADIA,72.59193842812597,23.023923769497078
28,KHADIA,72.59648790337461,23.017393108771255
28,KHADIA,72.58725904829706,23.02232918417288
28,KHADIA,72.59704398288379,23.02930268534138
28,KHADIA,72.59590588399429,23.026607974234032
28,KHADIA,72.59352683858575,23.023879208209646
28,KHADIA,72.5968383901299,23.01670780598436
28,KHADIA,72.59616589670236,23.023754072055223
28,KHADIA,72.6016022921185,23.014043896565276
28,KHADIA,72.60227754272132,23.014552048691247
28,KHADIA,72.58856661897951,23.024857437140763
28,KHADIA,72.59308152156395,23.03185718327766
28,KHADIA,72.60004430223127,23.01884937494065
28,KHADIA,72.6007298550424,23.016478964942998
28,KHADIA,72.59640383646352,23.027891877349052
28,KHADIA,72.59831875377638,23.025831939558497
28,KHADIA,72.60109120854517,23.023651060456295
28,KHADIA,72.60324207026909,23.01472124090326
28,KHADIA,72.59072245697723,23.02857362460775
28,KHADIA,72.58968062194043,23.021192653322643
28,KHADIA,72.59984306577059,23.023268197224596
28,KHADIA,72.58953144163969,23.018155190856998
28,KHADIA,72.60061903516753,23.016563885277254
28,KHADIA,72.59408731961217,23.019172697038645
28,KHADIA,72.59084403289776,23.020438777190314
28,KHADIA,72.59048931761521,23.024600027593564
28,KHADIA,72.59224768543943,23.021150597051673
28,KHADIA,72.59400814635893,23.019309211038546
28,KHADIA,72.5994425361519,23.022506587989675
28,KHADIA,72.59407848297795,23.01613289867898
28,KHADIA,72.60164899962545,23.016814502968185
28,KHADIA,72.59081698620768,23.01934913690386
28,KHADIA,72.59790453428518,23.01564214289153
28,KHADIA,72.5929665443498,23.01417209632092
28,KHADIA,72.59307321414576,23.03151132238413
28,KHADIA,72.59833255607754,23.027811337079527
28,KHADIA,72.59516735052439,23.015968156472116
28,KHADIA,72.5960549716909,23.020749788558195
28,KHADIA,72.58449558328164,23.025528498407525
28,KHADIA,72.59799605459588,23.016424022734167
28,KHADIA,72.59351253257877,23.022869447512186
28,KHADIA,72.59489187333152,23.01303921447223
28,KHADIA,72.5904877207627,23.025216462537813
28,KHADIA,72.5902290559424,23.028246910591495
28,KHADIA,72.59783287536916,23.022866176029865
28,KHADIA,72.59940240126299,23.03140781835621
28,KHADIA,72.58979644561532,23.018713160366772
28,KHADIA,72.5948785629785,23.020442005178122
28,KHADIA,72.59959382796359,23.023232608371952
28,KHADIA,72.58757739589181,23.019313742021424
28,KHADIA,72.59762089940313,23.012737843696367
28,KHADIA,72.60089221426605,23.01412172465852
28,KHADIA,72.58490248853722,23.026430602752733
28,KHADIA,72.59125055735683,23.029413808455292
28,KHADIA,72.60107267183629,23.01778129929515
28,KHADIA,72.60102268989951,23.0208192695142
28,KHADIA,72.60113283700787,23.01680830822322
28,KHADIA,72.59189227192547,23.02669905732439
28,KHADIA,72.58985572813903,23.023440407546385
28,KHADIA,72.5881412789588,23.025968011390745
28,KHADIA,72.59901984982609,23.01636792340126
28,KHADIA,72.596182642414,23.02848869155981
28,KHADIA,72.58429263768758,23.018520624107406
28,KHADIA,72.59600767270985,23.01495972590675
28,KHADIA,72.58740348509838,23.02309556549234
28,KHADIA,72.5915036720487,23.019877357627767
28,KHADIA,72.59518862200974,23.013925518204
28,KHADIA,72.58674930712623,23.025800149927274
28,KHADIA,72.60325549672855,23.01446243480553
28,KHADIA,72.59974208922763,23.016674795640434
28,KHADIA,72.59193687570124,23.026132667373325
28,KHADIA,72.59344421235687,23.012994487071616
28,KHADIA,72.5933054062168,23.02864797425034
28,KHADIA,72.58925482313212,23.018714932447402
28,KHADIA,72.59498398665887,23.01244636094079
28,KHADIA,72.59122647684708,23.023652676402563
28,KHADIA,72.58305112837773,23.025426504343603
28,KHADIA,72.6004726961911,23.029784879012965
28,KHADIA,72.5976678841795,23.02376745154297
28,KHADIA,72.58966981694795,23.020794665375206
28,KHADIA,72.59401288457069,23.02568884307778
28,KHADIA,72.59044895736282,23.021189152700693
28,KHADIA,72.59763692670379,23.01710075314219
28,KHADIA,72.60146932453716,23.012773229424944
28,KHADIA,72.59271920579573,23.025403141602496
28,KHADIA,72.594554750709,23.029187257359606
28,KHADIA,72.5953525937369,23.016628268735452
28,KHADIA,72.59467339115072,23.02754253555439
28,KHADIA,72.5939416694028,23.02117139101721
28,KHADIA,72.59451325543738,23.023474150689236
28,KHADIA,72.59915684431529,23.0298612627133
29,JAMALPUR,72.58066436004177,23.02524633980066
29,JAMALPUR,72.58110379761617,23.024326483506865
29,JAMALPUR,72.59070868891004,23.016164116411776
29,JAMALPUR,72.5760542048156,23.020942689878506
29,JAMALPUR,72.58242183425979,23.028381941073086
29,JAMALPUR,72.57713496593871,23.017937238542082
29,JAMALPUR,72.58749402507351,23.014854644132278
29,JAMALPUR,72.57690744473982,23.020639221275623
29,JAMALPUR,72.5790815059087,23.02666834324157
29,JAMALPUR,72.58934004239342,23.013625558127185
29,JAMALPUR,72.5831878145163,23.012334684033743
29,JAMALPUR,72.57736075444127,23.01800316411762
29,JAMALPUR,72.57674692326665,23.029157235551104
29,JAMALPUR,72.58534238040782,23.01211149822102
29,JAMALPUR,72.57956791665875,23.010775630076676
29,JAMALPUR,72.58074130218104,23.023482174643
29,JAMALPUR,72.585058051158,23.033707817127762
29,JAMALPUR,72.58616520434002,23.01653491215909
29,JAMALPUR,72.57795926389355,23.024119467085928
29,JAMALPUR,72.5858669297498,23.014153807393306
29,JAMALPUR,72.57902717318147,23.028457051873158
29,JAMALPUR,72.57611581570836,23.031888112506564
29,JAMALPUR,72.58156270665742,23.025114773586356
29,JAMALPUR,72.58965114034781,23.014946181744826
29,JAMALPUR,72.57557774600389,23.024895517219868
29,JAMALPUR,72.57618640273893,23.021132724849707
29,JAMALPUR,72.58451370358948,23.03300613219641
29,JAMALPUR,72.57625061138732,23.01864337407509
29,JAMALPUR,72.59082707092804,23.013699287955077
29,JAMALPUR,72.58959058770306,23.01309342584283
29,JAMALPUR,72.58149396092719,23.01302676526868
29,JAMALPUR,72.57613056180584,23.028204493543146
29,JAMALPUR,72.58018023482985,23.01328388334441
29,JAMALPUR,72.58858404855405,23.015059871125843
29,JAMALPUR,72.57571360754864,23.028702685119587
29,JAMALPUR,72.57566490157292,23.02060284468056
29,JAMALPUR,72.58262803127961,23.01212480917926
29,JAMALPUR,72.5833496456759,23.022396732241493
29,JAMALPUR,72.58536737763339,23.015692744065444
29,JAMALPUR,72.5797817111159,23.027006787728418
29,JAMALPUR,72.57847253105801,23.01279585710743
29,JAMALPUR,72.58155764008079,23.02377133998698
29,JAMALPUR,72.5758474264566,23.02835483069646
29,JAMALPUR,72.579305969213,23.011702149109713
29,JAMALPUR,72.57878436500972,23.012317121514396
29,JAMALPUR,72.58046932157495,23.028026118656022
29,JAMALPUR,72.57859158144028,23.02674285813677
29,JAMALPUR,72.57669311425657,23.020888752229947
29,JAMALPUR,72.5822876076569,23.013835775354238
29,JAMALPUR,72.58053311022053,23.013626030886076
29,JAMALPUR,72.5746203726375,23.03334703837241
29,JAMALPUR,72.58219669482158,23.01236005970089
29,JAMALPUR,72.58623181781483,23.01196947767474
29,JAMALPUR,72.58049000344813,23.015978982301597
29,JAMALPUR,72.5763420515235,23.0237678778584
29,JAMALPUR,72.5786352130398,23.01454174475062
29,JAMALPUR,72.58164210116809,23.01093350358143
29,JAMALPUR,72.57424328689221,23.03351935230967
29,JAMALPUR,72.58146055824764,23.028042143431268
29,JAMALPUR,72.57604045069382,23.031833836403695
29,JAMALPUR,72.58195726880611,23.024415800719336
29,JAMALPUR,72.58784063460783,23.01792776917284
29,JAMALPUR,72.57827141323503,23.018062978961893
29,JAMALPUR,72.5798154990446,23.018204245679613
29,JAMALPUR,72.5843921548181,23.0125304880527
29,JAMALPUR,72.58161299926705,23.01989436631875
29,JAMALPUR,72.57765814777676,23.015039571346264
29,JAMALPUR,72.58090822939873,23.016279401826115
29,JAMALPUR,72.58016650239288,23.03348792369165
29,JAMALPUR,72.58731574062863,23.013894285701102
29,JAMALPUR,72.58816583426838,23.018306502244798
29,JAMALPUR,72.57561027637574,23.018704576900387
29,JAMALPUR,72.57789155535251,23.02354900605128
29,JAMALPUR,72.58051033352642,23.03281074137197
29,JAMALPUR,72.58355525263876,23.020134032181065
29,JAMALPUR,72.58232296777585,23.03404194879299
29,JAMALPUR,72.58437922564289,23.01594530691257
29,JAMALPUR,72.58235158982849,23.02202416615896
29,JAMALPUR,72.57895359258853,23.028975316660315
29,JAMALPUR,72.5781990606994,23.022714828386608
29,JAMALPUR,72.58129405168309,23.02205510074554
29,JAMALPUR,72.57595454218172,23.01746954191216
29,JAMALPUR,72.59012225873266,23.013863913936557
29,JAMALPUR,72.57555511979982,23.01269745346698
29,JAMALPUR,72.59090097449852,23.016609068787037
29,JAMALPUR,72.58304292291766,23.016131677800217
29,JAMALPUR,72.57699178769295,23.029638436162628
29,JAMALPUR,72.57755576903286,23.012278102803393
29,JAMALPUR,72.58010059445296,23.01796894184825
29,JAMALPUR,72.57873053052988,23.030436778113792
29,JAMALPUR,72.58496437750081,23.01348153353275
29,JAMALPUR,72.57847123117809,23.01156557461359
29,JAMALPUR,72.58231290046987,23.012073486521714
29,JAMALPUR,72.58352898208338,23.033202159597785
29,JAMALPUR,72.58224640737441,23.02038402652777
29,JAMALPUR,72.5788864333383,23.012622798081463
29,JAMALPUR,72.583463841994,23.02220035447406
29,JAMALPUR,72.57552284536999,23.01695444022198
29,JAMALPUR,72.58749544013588,23.016629134392968
29,JAMALPUR,72.58101945844767,23.014207225833044
29,JAMALPUR,72.5764355020539,23.02949018343762
29,JAMALPUR,72.57690652443976,23.019550382341478
29,JAMALPUR,72.58057135941552,23.015989067331876
29,JAMALPUR,72.57758451999089,23.025676715268194
29,JAMALPUR,72.57533604021297,23.013381171647886
29,JAMALPUR,72.58366340620525,23.021604998916096
29,JAMALPUR,72.58278267345177,23.03166034276842
29,JAMALPUR,72.58055265642365,23.01209129066343
29,JAMALPUR,72.58015640381485,23.021528725685652
29,JAMALPUR,72.57788875594852,23.026564796820374
29,JAMALPUR,72.57678983055132,23.028657830883038
29,JAMALPUR,72.57899938701058,23.01507425920378
29,JAMALPUR,72.57917143225679,23.02793885115022
29,JAMALPUR,72.5820109790476,23.011190397280323
29,JAMALPUR,72.58072538584742,23.021937511864937
29,JAMALPUR,72.58240442604543,23.013636610373567
29,JAMALPUR,72.57800582395448,23.014192391731388
29,JAMALPUR,72.5745982946022,23.028595712897218
29,JAMALPUR,72.57629685175155,23.03416045171306
29,JAMALPUR,72.58118032206986,23.028937981167687
29,JAMALPUR,72.58134071001885,23.023901809639895
29,JAMALPUR,72.58725141674704,23.016180935920552
29,JAMALPUR,72.58676696651129,23.016181178664144
29,JAMALPUR,72.57500733207263,23.01193544509405
29,JAMALPUR,72.58498400166938,23.0139168611904
29,JAMALPUR,72.57806443134231,23.018819870075642
29,JAMALPUR,72.57769786147958,23.03139593378393
29,JAMALPUR,72.57823043279757,23.02158857130618
29,JAMALPUR,72.58274114169583,23.012315322418235
29,JAMALPUR,72.58061002796134,23.032081400104712
29,JAMALPUR,72.58320503332205,23.017118717938207
29,JAMALPUR,72.5861514899704,23.014149553589696
29,JAMALPUR,72.57774893943214,23.02239048978802
29,JAMALPUR,72.58029557318379,23.016217530011634
29,JAMALPUR,72.57683038331102,23.03217548308915
29,JAMALPUR,72.57537924162443,23.024634364028795
29,JAMALPUR,72.57886775540327,23.02395500292156
29,JAMALPUR,72.58259326195197,23.017557053422095
29,JAMALPUR,72.58295950527634,23.012885385628508
29,JAMALPUR,72.57717390171457,23.029832782578353
29,JAMALPUR,72.58238175954082,23.01108244257194
29,JAMALPUR,72.57786617355289,23.012045475083582
29,JAMALPUR,72.57499247309758,23.012869077330773
29,JAMALPUR,72.58916295585588,23.015222765726087
29,JAMALPUR,72.57883278809086,23.02763925174229
29,JAMALPUR,72.57448055653268,23.034403809848
29,JAMALPUR,72.57985833200324,23.013917825365056
29,JAMALPUR,72.58015545268155,23.035050662356987
29,JAMALPUR,72.58286933702325,23.01158675231149
29,JAMALPUR,72.5902604225217,23.01375143496918
29,JAMALPUR,72.57437242854031,23.01123091902486
29,JAMALPUR,72.58819648969278,23.013994345374005
29,JAMALPUR,72.57659917855888,23.0343128586631
29,JAMALPUR,72.58389903675251,23.016307788245392
29,JAMALPUR,72.58224746066213,23.018658643110676
29,JAMALPUR,72.57963621219662,23.01376046220186
29,JAMALPUR,72.57976579294157,23.02953665003548
29,JAMALPUR,72.57750147602275,23.025685113621382
29,JAMALPUR,72.57693689710722,23.01225571949278
29,JAMALPUR,72.57879092854571,23.01938172737738
29,JAMALPUR,72.58395187607995,23.015477310408617
29,JAMALPUR,72.57791243281133,23.01325261783677
29,JAMALPUR,72.58963348499438,23.015976877375355
29,JAMALPUR,72.59024439343307,23.0168527729251
29,JAMALPUR,72.58205054645832,23.019547106065698
29,JAMALPUR,72.58630702713421,23.016633600074165
29,JAMALPUR,72.58687269403798,23.013392044346276
29,JAMALPUR,72.57680842606773,23.017071321314923
29,JAMALPUR,72.57617219146682,23.033964651534486
29,JAMALPUR,72.5788727840685,23.01373318218616
29,JAMALPUR,72.58795581738165,23.01554154728115
29,JAMALPUR,72.57507940352099,23.027231254910802
29,JAMALPUR,72.58187713216067,23.01680406557855
29,JAMALPUR,72.58293883533122,23.024746307609007
29,JAMALPUR,72.58989855862336,23.014828806041344
29,JAMALPUR,72.58394088742396,23.016026020701542
29,JAMALPUR,72.5803094954977,23.02700233393556
29,JAMALPUR,72.5792175141933,23.014061990351344
29,JAMALPUR,72.57760602043832,23.017042235465674
29,JAMALPUR,72.57745253666748,23.027487095506448
29,JAMALPUR,72.58966806023332,23.015721465928152
29,JAMALPUR,72.58017166479742,23.03438559846336
29,JAMALPUR,72.5891486518721,23.014460675970252
29,JAMALPUR,72.57745008021315,23.011177854579156
29,JAMALPUR,72.57658794441282,23.02910639134411
29,JAMALPUR,72.57907091337711,23.026033074468756
29,JAMALPUR,72.57387270385627,23.034080905295607
29,JAMALPUR,72.57847726279506,23.012169116119168
29,JAMALPUR,72.57451815718247,23.030987937529517
29,JAMALPUR,72.57611481171945,23.03122786355229
29,JAMALPUR,72.57814493437661,23.02396623130001
29,JAMALPUR,72.57808493576069,23.011350552668908
29,JAMALPUR,72.58310762662306,23.019493320626758
29,JAMALPUR,72.5811876953422,23.02551463888971
29,JAMALPUR,72.5790119315725,23.024544978734166
29,JAMALPUR,72.5851767066349,23.012364072083248
29,JAMALPUR,72.57966467999697,23.012374406406277
29,JAMALPUR,72.58400222794853,23.012229496569226
29,JAMALPUR,72.57388018867844,23.031903678095517
29,JAMALPUR,72.57981683849704,23.01218533038526
30,PALDI,72.55395400749991,23.018358106386863
30,PALDI,72.55788272257216,23.016491999291254
30,PALDI,72.5621925632615,23.012437129632975
30,PALDI,72.56462872637378,22.997325844922564
30,PALDI,72.56624951441621,23.009967053596164
30,PALDI,72.5676033894397,23.01565570207191
30,PALDI,72.56041931740218,23.0046929820312
30,PALDI,72.56398268452462,23.00023470229242
30,PALDI,72.56475944058374,23.01742523082925
30,PALDI,72.55591993995483,23.010423059265907
30,PALDI,72.56478473783159,23.0099887304337
30,PALDI,72.56529182316385,23.017402758628062
30,PALDI,72.57540249092753,23.015797009058794
30,PALDI,72.55771793018515,23.011152222383416
30,PALDI,72.55048272911039,23.01337774408282
30,PALDI,72.57482739618,23.02255697399563
30,PALDI,72.57111354711982,23.008246768486877
30,PALDI,72.56234823526302,23.0098025832545
30,PALDI,72.56628621119931,23.01332743030306
30,PALDI,72.54781824028305,23.01300459537598
30,PALDI,72.56716202507472,22.999756953946772
30,PALDI,72.55190220539876,23.017276413682303
30,PALDI,72.56985096053728,23.00498753388631
30,PALDI,72.56712799789808,23.011214146068575
30,PALDI,72.57142165156311,23.01693964249158
30,PALDI,72.56638583653177,23.00908538674
30,PALDI,72.5478667309008,23.014652909918944
30,PALDI,72.56036867973847,23.019144173028458
30,PALDI,72.56556394375679,23.00611972498282
30,PALDI,72.57244595896363,23.013711775711208
30,PALDI,72.55418193465921,23.017886484940757
30,PALDI,72.57183785468483,23.02265229885752
30,PALDI,72.56773159933846,23.010488446401414
30,PALDI,72.55800960249852,23.001716549078665
30,PALDI,72.55369326518151,23.00511577348806
30,PALDI,72.54980790096695,23.010664653878326
30,PALDI,72.55602680537285,23.012539663259023
30,PALDI,72.57232305194611,23.00996871057875
30,PALDI,72.56389534264788,23.017112528367516
30,PALDI,72.56549697878917,23.017249067100945
30,PALDI,72.55912866492456,23.001749479155624
30,PALDI,72.56853238176443,23.016464499104647
30,PALDI,72.5644440506245,23.007665561260236
30,PALDI,72.55507311823528,23.018289609425498
30,PALDI,72.56111158967576,23.009623493389636
30,PALDI,72.5566146485403,23.014922365129767
30,PALDI,72.55866805227996,23.008490796219224
30,PALDI,72.56905514103838,23.00503536469676
30,PALDI,72.56213684839626,23.01435066755435
30,PALDI,72.55648279160515,23.011749944350743
30,PALDI,72.57273328970707,23.020312429983104
30,PALDI,72.54855544304759,23.00969412046774
30,PALDI,72.56155125035812,23.01581177682499
30,PALDI,72.55506378647034,23.011753193952817
30,PALDI,72.57206588819406,23.010329918376414
30,PALDI,72.56867162106282,23.016236003979063
30,PALDI,72.56979011171545,23.017859865675458
30,PALDI,72.55759540844606,23.00614362954444
30,PALDI,72.57020350072447,23.01180297750514
30,PALDI,72.56419799726834,23.007409817460292
30,PALDI,72.55174132804015,23.00858835616427
30,PALDI,72.56031672884754,23.004179302825303
30,PALDI,72.56663383332459,23.00016283179725
30,PALDI,72.57334390498129,23.016625137487626
30,PALDI,72.5731063709409,23.00882685499848
30,PALDI,72.56913438062459,23.01274675732535
30,PALDI,72.55628890673839,23.003557968274663
30,PALDI,72.54670084807091,23.01207628536522
30,PALDI,72.55567151626117,23.007698085789094
30,PALDI,72.5607182306716,23.002737347243404
30,PALDI,72.57121156315482,23.017776334916878
30,PALDI,72.55110134925707,23.01354643093725
30,PALDI,72.57052532128974,23.010775116280776
30,PALDI,72.55578875676548,23.01774812493031
30,PALDI,72.56748409357525,23.012977918083223
30,PALDI,72.56787133693587,23.00038155911924
30,PALDI,72.55736002046972,23.017940164936523
30,PALDI,72.57367786523783,23.010058869887356
30,PALDI,72.55767410547863,23.00497691829514
30,PALDI,72.56407407600516,23.01265966892989
30,PALDI,72.56175314194651,23.008024822279147
30,PALDI,72.57191534789621,23.0223835836253
30,PALDI,72.55646411405911,23.014903460241623
30,PALDI,72.57341098214435,23.009693718931317
30,PALDI,72.56263472681358,23.010759963255012
30,PALDI,72.55300854873063,23.01710564540802
30,PALDI,72.57227888341966,23.013012428250654
30,PALDI,72.56944194907845,23.020460001202665
30,PALDI,72.57520119212234,23.014282397214735
30,PALDI,72.57260374580946,23.00810418039567
30,PALDI,72.56677011718905,23.00543719789239
30,PALDI,72.56596391420652,23.02120152539704
30,PALDI,72.55807132307116,23.016985630432142
30,PALDI,72.57542064844344,23.01516969224365
30,PALDI,72.56773449933611,23.012750514593268
30,PALDI,72.56957438774478,23.007492573824837
30,PALDI,72.55032434210149,23.01598324751522
30,PALDI,72.57099807433185,23.019235752145313
30,PALDI,72.57383470095402,23.01612827533399
30,PALDI,72.55879668734681,23.011868647059114
30,PALDI,72.56641499439445,23.01797437797872
30,PALDI,72.5562284055522,23.012778730025808
30,PALDI,72.56907010581436,23.010145264906164
30,PALDI,72.54897410388593,23.00958259177503
30,PALDI,72.56517635951853,23.0115623825452
30,PALDI,72.54973911529218,23.016553170332493
30,PALDI,72.56951898797068,23.01501245717011
30,PALDI,72.56842232114712,23.021849788344806
30,PALDI,72.5745199635987,23.013498823551917
30,PALDI,72.56493094750077,23.00791739731789
30,PALDI,72.56971187857116,23.02024245558807
30,PALDI,72.5715026925545,23.013729411054857
30,PALDI,72.55405470715533,23.013110637233936
30,PALDI,72.54974531338611,23.015152628231682
30,PALDI,72.57325548759141,23.01028365887024
30,PALDI,72.57186201113286,23.016880662824498
30,PALDI,72.56070507610913,23.01817541807074
30,PALDI,72.56949953107008,23.005758167300378
30,PALDI,72.55526625888591,23.00901290313365
30,PALDI,72.56502920278912,22.998956998817025
30,PALDI,72.56753283832788,23.008452221572842
30,PALDI,72.55092539408388,23.007897446970677
30,PALDI,72.55968752555734,23.01340077547705
30,PALDI,72.57430264268385,23.016655947247585
30,PALDI,72.5600577070471,23.002179638549123
30,PALDI,72.56627092772594,23.00957974596652
30,PALDI,72.5647046560024,23.01887079833449
30,PALDI,72.5664577608831,23.019188382062822
30,PALDI,72.56833822674089,23.014282134332888
30,PALDI,72.54968874919234,23.009266392560292
30,PALDI,72.55884168525488,23.01078148560924
30,PALDI,72.5575549160927,23.01286928803972
30,PALDI,72.55759519149247,23.011224551491143
30,PALDI,72.5570111525898,23.01576227491746
30,PALDI,72.56438271258737,23.006718777008576
30,PALDI,72.57033027539356,23.020910563629457
30,PALDI,72.56888409639811,23.021460932217348
30,PALDI,72.57243426341107,23.016585824689976
30,PALDI,72.57117594612315,23.015741358952276
30,PALDI,72.56127154977223,23.0110884382152
30,PALDI,72.55836912421807,23.01401751117002
30,PALDI,72.55551960471114,23.015990764438886
30,PALDI,72.56105090857,23.00587216599854
30,PALDI,72.56519450593257,23.006308394518044
30,PALDI,72.5567946560585,23.002759465660326
30,PALDI,72.55433942719151,23.015081409925887
30,PALDI,72.56844797720633,23.0217308927276
30,PALDI,72.54792026378993,23.012682518361014
30,PALDI,72.56356202589147,23.006017495265056
30,PALDI,72.56225519737136,23.01338769844661
30,PALDI,72.57129064764149,23.00691125904452
30,PALDI,72.55411188395964,23.010731996005607
30,PALDI,72.5594289249467,23.002334737833372
30,PALDI,72.55380081183257,23.015759191316366
30,PALDI,72.57550809107012,23.01418501181136
30,PALDI,72.55205515191595,23.017344533663117
30,PALDI,72.57310487706744,23.009382733792243
30,PALDI,72.54879635571925,23.010292660084005
30,PALDI,72.55489654053017,23.011412281275913
30,PALDI,72.56836936325821,23.01437356569855
30,PALDI,72.56304266137941,23.01755406695517
30,PALDI,72.57577331373682,23.018729621762166
30,PALDI,72.55806020939164,23.019557327744817
30,PALDI,72.56962192780284,23.00714825712168
30,PALDI,72.57177916840065,23.008778226078697
30,PALDI,72.5665556451735,23.005347144988523
30,PALDI,72.5724017692317,23.022539183923676
30,PALDI,72.56175287983605,23.01118481546094
30,PALDI,72.57361214558433,23.011724966446113
30,PALDI,72.5536474765264,23.006691062506125
30,PALDI,72.56204007036719,23.005004918120363
30,PALDI,72.56024329443999,23.01927270894814
30,PALDI,72.55304450749415,23.017341760761692
30,PALDI,72.54778573447912,23.014538764229133
30,PALDI,72.55818345542059,23.016796317460237
30,PALDI,72.54962655427332,23.012421924185457
30,PALDI,72.56425731830471,22.998092204636517
30,PALDI,72.55712811463033,23.01133045595394
30,PALDI,72.567874990263,23.015100486831184
30,PALDI,72.55710141755546,23.002929783752638
30,PALDI,72.55493377784461,23.005591933076545
30,PALDI,72.55774003206115,23.010202996102144
30,PALDI,72.56974710527575,23.003204484148352
30,PALDI,72.55730334746157,23.001443378113866
30,PALDI,72.5685995497645,23.013831138268053
30,PALDI,72.57455312505354,23.019607443864277
30,PALDI,72.56685442941233,23.000840069648465
30,PALDI,72.56037810130786,22.99973512548709
30,PALDI,72.56210004260983,23.0005850149298
30,PALDI,72.57180982576025,23.010682020173522
30,PALDI,72.55930403474672,23.00970862110575
30,PALDI,72.56584958293729,23.01967594355534
30,PALDI,72.5668588265046,23.018638437843016
30,PALDI,72.5692052705721,23.0168399276815
30,PALDI,72.55629219345525,23.007355666779993
30,PALDI,72.56977567941269,23.008827422000056
30,PALDI,72.57211943091819,23.01363616962079
30,PALDI,72.56679914274457,23.002858572894397
30,PALDI,72.55832871053371,23.01755419624785
30,PALDI,72.54639318056522,23.012961038422596
31,VASNA,72.53888234573985,23.00845286873326
31,VASNA,72.54600697742246,23.006920148905238
31,VASNA,72.54987657611619,22.99706782112949
31,VASNA,72.53517295699712,22.99850939554468
31,VASNA,72.55003349321417,23.000702856723525
31,VASNA,72.53804330263826,22.99869537019889
31,VASNA,72.54794971675408,23.000387990431463
31,VASNA,72.55428341049776,22.9932995768383
31,VASNA,72.5494838034326,22.99431725119708
31,VASNA,72.54300921970736,22.990220737799586
31,VASNA,72.53435823376121,22.99529454279607
31,VASNA,72.54346279831006,23.005542014638085
31,VASNA,72.56439477322162,22.99677897228304
31,VASNA,72.55992721698446,22.998035261121014
31,VASNA,72.54185658142354,22.997260356576927
31,VASNA,72.55198358089609,22.992225808088318
31,VASNA,72.54299280098259,22.98336757378654
31,VASNA,72.55200722306837,22.99537509034713
31,VASNA,72.54090409340928,22.993988335053103
31,VASNA,72.54819768997909,22.992928416701538
31,VASNA,72.54592213717424,23.00880879088304
31,VASNA,72.54223677044588,22.989089167599335
31,VASNA,72.54352970745747,23.007889630552768
31,VASNA,72.54615274426425,23.004568335559696
31,VASNA,72.55382270583173,22.989429876613517
31,VASNA,72.54412141697622,23.000339596353857
31,VASNA,72.54247139346924,23.007410450036417
31,VASNA,72.5549924397098,23.00188207223511
31,VASNA,72.54199804237605,22.99814442800957
31,VASNA,72.54574373698708,23.006361825664147
31,VASNA,72.54158746706338,23.009671040616613
31,VASNA,72.55071005298304,22.99692385145618
31,VASNA,72.53775640862956,22.996080723471565
31,VASNA,72.54263326430679,23.006122395460512
31,VASNA,72.54003803772109,22.997573680753987
31,VASNA,72.55288880787666,22.995142118161223
31,VASNA,72.54609720222463,22.990180317785565
31,VASNA,72.55093120901225,23.002839006364145
31,VASNA,72.55653447250596,23.001319270058588
31,VASNA,72.5435663780054,22.993575712263144
31,VASNA,72.55047733401433,22.99044500425449
31,VASNA,72.56001531709892,22.997544544164867
31,VASNA,72.55133308194557,22.998737681221396
31,VASNA,72.54804191633741,22.988131329164275
31,VASNA,72.54649610127278,23.005596506056936
31,VASNA,72.5373563093254,22.999306770551588
31,VASNA,72.55556116425282,22.99494388733197
31,VASNA,72.54055176900323,22.986459348074224
31,VASNA,72.54287284609477,22.990101166618725
31,VASNA,72.55447108282017,23.002800704695872
31,VASNA,72.55008980039848,22.99830011494836
31,VASNA,72.5468029761002,22.992951963426524
31,VASNA,72.54337530999372,23.006735195376045
31,VASNA,72.53743169205367,22.991095051762493
31,VASNA,72.5426551168964,23.002227967582066
31,VASNA,72.55308229448299,22.9953627889802
31,VASNA,72.54543862328296,23.010019133279563
31,VASNA,72.54667419146993,23.000347620890896
31,VASNA,72.5420842202368,23.010080407656147
31,VASNA,72.54696745331812,22.990598181471604
31,VASNA,72.55815349832898,22.995729907663485
31,VASNA,72.54446863555722,22.99786805283863
31,VASNA,72.54398169580865,23.010048640973697
31,VASNA,72.53704293993506,22.99682306563668
31,VASNA,72.55095463331902,22.986088459658337
31,VASNA,72.55663891001201,22.99673738346597
31,VASNA,72.54799596973929,22.99994868814144
31,VASNA,72.55773796051608,22.998369861791435
31,VASNA,72.55424982942408,23.002019988345666
31,VASNA,72.54207085911514,22.98499437543937
31,VASNA,72.55104441688626,22.990326407069546
31,VASNA,72.55159408858276,22.995072627588293
31,VASNA,72.54749116691819,22.996046746652077
31,VASNA,72.54632127881885,23.003758992937538
31,VASNA,72.55938887442376,22.992927766636665
31,VASNA,72.55337951339453,23.001240521700918
31,VASNA,72.54332407456701,22.98596185113093
31,VASNA,72.55495711644613,22.99047828507972
31,VASNA,72.54378640178629,22.999674145705434
31,VASNA,72.53895684935883,22.98967532008581
31,VASNA,72.54770579123692,23.00892564317719
31,VASNA,72.55770932308725,22.991975094513563
31,VASNA,72.55406364228045,23.003094523994147
31,VASNA,72.54305559853194,23.007823418128318
31,VASNA,72.56098001183953,22.996242614354745
31,VASNA,72.5425075282732,22.99001369744142
31,VASNA,72.54033308826523,22.998470754155168
31,VASNA,72.53731223687201,22.999623752071326
31,VASNA,72.56296700685488,22.997637674709562
31,VASNA,72.54037965708677,23.010336848909375
31,VASNA,72.54608239057332,22.992522924542495
31,VASNA,72.54751092403083,23.008928840411276
31,VASNA,72.5487799261613,22.988181835412448
31,VASNA,72.55357480459698,22.988271385384778
31,VASNA,72.5498374672115,23.006267363554592
31,VASNA,72.557442963644,22.992038895625786
31,VASNA,72.54856271399615,23.002090620670508
31,VASNA,72.54520428224419,22.993077737236778
31,VASNA,72.54843071588883,22.988334559288347
31,VASNA,72.53636873360759,22.99937446186676
31,VASNA,72.54998419850621,22.986525267367167
31,VASNA,72.55224094771485,22.99122770926845
31,VASNA,72.55589152743381,23.001410967909155
31,VASNA,72.54384412315903,22.99219470815501
31,VASNA,72.54422873191929,23.011191014138472
31,VASNA,72.5390718792972,22.990538470795524
31,VASNA,72.54838685116388,22.99869781435053
31,VASNA,72.55225957197572,22.99685316300428
31,VASNA,72.54330469052694,22.995788202939714
31,VASNA,72.56173099696657,22.996765054241962
31,VASNA,72.54804882122599,22.993267196355124
31,VASNA,72.54986127246394,22.992592541363685
31,VASNA,72.54506352848033,22.988288612455474
31,VASNA,72.54461238195964,23.006907842016698
31,VASNA,72.54156009210105,23.00719654369731
31,VASNA,72.53496604528972,22.999331993603082
31,VASNA,72.5595768436996,22.9934313384066
31,VASNA,72.54269887690134,22.992089328422768
31,VASNA,72.54700033002572,22.984497582651045
31,VASNA,72.54131456431055,23.001928024193038
31,VASNA,72.54851561921751,22.989851902711724
31,VASNA,72.543120959434,22.99816925770857
31,VASNA,72.5360589889338,23.008214204463798
31,VASNA,72.55780305676795,23.000500314065373
31,VASNA,72.54305848587575,22.995837758544607
31,VASNA,72.54113344193134,23.008874998135276
31,VASNA,72.54581827928695,22.98779014787703
31,VASNA,72.55267153381236,22.98858630717756
31,VASNA,72.54202009812123,23.00270953934449
31,VASNA,72.53783232265633,22.99182279149124
31,VASNA,72.55672219313826,22.996635039377672
31,VASNA,72.55030378165826,22.991749590269634
31,VASNA,72.5479282400801,22.990207406891265
31,VASNA,72.54397289038961,22.988553089385267
31,VASNA,72.55095087333315,23.006894584071365
31,VASNA,72.53787722625997,22.99630683048469
31,VASNA,72.53998955676427,22.989315412709285
31,VASNA,72.54311585081436,23.00610378941849
31,VASNA,72.54954025586365,22.999623430003357
31,VASNA,72.54574402304817,22.997125783928073
31,VASNA,72.53751933108904,23.009369480275033
31,VASNA,72.54508142511968,23.002242752584728
31,VASNA,72.55951487968746,22.99415305849925
31,VASNA,72.55316484566283,23.002858590765115
31,VASNA,72.54982693931461,22.987381151844875
31,VASNA,72.55541528582448,22.989848910274368
31,VASNA,72.54216346582791,22.986208765783562
31,VASNA,72.54461245479993,23.00925925035221
31,VASNA,72.54792008206425,23.00940982703877
31,VASNA,72.54913613662728,22.98778153652231
31,VASNA,72.55730018550479,22.9930585350426
31,VASNA,72.55923943930335,22.997301953654702
31,VASNA,72.54713831233924,23.002201234267623
31,VASNA,72.548691364462,23.005916044173507
31,VASNA,72.55774633095072,22.995175059038026
31,VASNA,72.55235763167053,22.98892205866629
31,VASNA,72.5470007960466,23.007072426174428
31,VASNA,72.54760012088914,22.98821180438717
31,VASNA,72.54222888534666,22.994729017182266
31,VASNA,72.5412986718311,22.999239863418453
31,VASNA,72.54392462107182,23.000248597063518
31,VASNA,72.55457376661111,23.003005674996714
31,VASNA,72.54894444973684,22.991538347509998
31,VASNA,72.54365393831982,22.997608127211343
31,VASNA,72.54544506472976,22.98632009887048
31,VASNA,72.54110222703257,22.99854595369224
31,VASNA,72.54861998918389,23.002037448418005
31,VASNA,72.54859817009931,22.994707841512803
31,VASNA,72.54540268657964,23.011928091415026
31,VASNA,72.56044624285428,22.997560350226266
31,VASNA,72.55026254767128,22.995981624786413
31,VASNA,72.5439888100491,23.010133173566214
31,VASNA,72.5535064680555,22.993746780981244
31,VASNA,72.54789939350218,22.991439519159297
31,VASNA,72.54681642532664,22.990248694959924
31,VASNA,72.53792554977154,22.990226645397676
31,VASNA,72.56206382687701,22.99462494659722
31,VASNA,72.53908004764057,22.999294076701855
31,VASNA,72.55161436775687,23.00425214326957
31,VASNA,72.54577517263569,23.003687504548566
31,VASNA,72.54524879479823,22.985332223863853
31,VASNA,72.54353208601283,22.98260569225982
31,VASNA,72.54820822535385,23.00474994379429
31,VASNA,72.54719072495348,22.98466251043561
31,VASNA,72.55823297107035,22.99593082688305
31,VASNA,72.53670540600685,22.99666977783903
31,VASNA,72.55590041938117,22.996672678076916
31,VASNA,72.5589094523652,22.993506487997635
31,VASNA,72.55768336828879,22.997664363385848
31,VASNA,72.55055901748658,22.99811068785202
31,VASNA,72.54382428792056,23.001776496787443
31,VASNA,72.54774053522506,22.988123841435417
31,VASNA,72.5371142422079,22.99148015668116
31,VASNA,72.53717050232757,23.00870225404974
31,VASNA,72.54512774673867,22.99351245102554
31,VASNA,72.55725696296108,22.991483724377176
31,VASNA,72.54507130026066,22.99681695452333
31,VASNA,72.5439074397789,22.995165445629404
31,VASNA,72.55183593431279,22.992943461838628
31,VASNA,72.54825949462615,22.9973733763685
32,VEJALPUR,72.53189507874428,23.002582819478388
32,VEJALPUR,72.52198592866804,23.008253276580195
32,VEJALPUR,72.52793245000802,23.011850907674265
32,VEJALPUR,72.53789543407211,23.006144258188584
32,VEJALPUR,72.53151331729237,23.006646297048107
32,VEJALPUR,72.53201978751414,23.00450851105806
32,VEJALPUR,72.5280477408822,23.004949992645756
32,VEJALPUR,72.52262845587114,23.007059633813068
32,VEJALPUR,72.5296596655792,23.008886842027
32,VEJALPUR,72.51747230562584,23.00222126923594
32,VEJALPUR,72.52419002368259,23.001777909078868
32,VEJALPUR,72.52297995546165,23.007031136759924
32,VEJALPUR,72.52813425394913,23.003156849650946
32,VEJALPUR,72.51995556945559,23.006552410991507
32,VEJALPUR,72.52773587780754,23.01281301360968
32,VEJALPUR,72.53965546750756,23.003001530817762
32,VEJALPUR,72.52282481276826,23.011818911372117
32,VEJALPUR,72.52484170344846,23.01264415713915
32,VEJALPUR,72.53453430293904,23.00626869677905
32,VEJALPUR,72.52449125888548,23.005761085027814
32,VEJALPUR,72.52878794963583,23.011692066332145
32,VEJALPUR,72.53206297627109,23.005763429722904
32,VEJALPUR,72.51546359808721,23.00347882571886
32,VEJALPUR,72.52529360985041,23.005758048529017
32,VEJALPUR,72.5286621007784,23.01048952548759
32,VEJALPUR,72.52263874398358,23.006289740710034
32,VEJALPUR,72.53578124254676,23.00204671473943
32,VEJALPUR,72.53137190965263,23.00887444318901
32,VEJALPUR,72.53144767414811,23.006848269146076
32,VEJALPUR,72.53369794516576,23.006789772869205
32,VEJALPUR,72.52826643641967,23.012411383819504
32,VEJALPUR,72.52989789989415,23.004099056452997
32,VEJALPUR,72.52741833439721,23.010986685609655
32,VEJALPUR,72.53220956069987,23.00556537445807
32,VEJALPUR,72.51911901089647,23.003976360878312
32,VEJALPUR,72.53925457288513,23.0048436817779
32,VEJALPUR,72.50862863214125,23.001895137353294
32,VEJALPUR,72.52957811700254,23.002294420141357
32,VEJALPUR,72.53316239659058,23.00254018344516
32,VEJALPUR,72.51850956749998,23.00400983928505
32,VEJALPUR,72.5236672962439,23.002217379967014
32,VEJALPUR,72.5197328343562,23.004302997060385
32,VEJALPUR,72.5224363052363,23.00788672111797
32,VEJALPUR,72.53818351348347,23.004805112254427
32,VEJALPUR,72.51289731797193,23.00655509124562
32,VEJALPUR,72.52350889476438,23.01047496345001
32,VEJALPUR,72.53894776416422,23.00182539195028
32,VEJALPUR,72.51513616122305,23.002197600182384
32,VEJALPUR,72.50852109777821,23.002435102346517
32,VEJALPUR,72.52152403635102,23.009702802349533
32,VEJALPUR,72.53722607190316,23.005690940722026
32,VEJALPUR,72.52289408292222,23.005125422477793
32,VEJALPUR,72.52923129098637,23.002989833324687
32,VEJALPUR,72.52820073256676,23.008872198717405
32,VEJALPUR,72.52372562446592,23.00265895427552
32,VEJALPUR,72.51291798990344,22.999964131597718
32,VEJALPUR,72.52821868243883,23.01400272369404
32,VEJALPUR,72.53167864439446,23.007453302512147
32,VEJALPUR,72.5131442877714,23.001648393862723
32,VEJALPUR,72.51338036877216,23.00110791834204
32,VEJALPUR,72.51456987864505,23.002246413598705
32,VEJALPUR,72.52848416733158,23.0047466667582
32,VEJALPUR,72.51102134467598,23.00462390668592
32,VEJALPUR,72.52906185014852,23.001748802454618
32,VEJALPUR,72.51854428572688,23.00258712062648
32,VEJALPUR,72.53432892675046,23.00623014555067
32,VEJALPUR,72.51847462156807,23.00461700387178
32,VEJALPUR,72.51098276061364,23.00296822335383
32,VEJALPUR,72.52655773190888,23.0062392338909
32,VEJALPUR,72.53301615810977,23.002402456951376
32,VEJALPUR,72.53802304121787,23.00205676857426
32,VEJALPUR,72.53210436180095,23.0046582759908
32,VEJALPUR,72.5170807956888,23.00455390288079
32,VEJALPUR,72.52838957853274,23.013936974267132
32,VEJALPUR,72.52790424276564,23.010116181111492
32,VEJALPUR,72.50937497940966,23.00025193655866
32,VEJALPUR,72.5324628247709,23.003264996967122
32,VEJALPUR,72.52231137313356,23.00626971848172
32,VEJALPUR,72.52413268383093,23.01055559986793
32,VEJALPUR,72.51951939172525,23.003351765672814
32,VEJALPUR,72.52678949062617,23.004659820535235
32,VEJALPUR,72.53875650975837,23.001969932491406
32,VEJALPUR,72.53040391284956,23.00928978957124
32,VEJALPUR,72.52352421450051,23.010988787508968
32,VEJALPUR,72.52655673658191,23.004301912716574
32,VEJALPUR,72.52802296478733,23.01280070690301
32,VEJALPUR,72.53594679158745,23.007623769309028
32,VEJALPUR,72.52901960744822,23.007209002532456
32,VEJALPUR,72.52370079571928,23.002295797304498
32,VEJALPUR,72.51565731140052,23.002024588410883
32,VEJALPUR,72.51897975954887,23.00412977701933
32,VEJALPUR,72.52307593866367,23.00896575340096
32,VEJALPUR,72.52736305766983,23.01071346511556
32,VEJALPUR,72.52525002511148,23.003683854301993
32,VEJALPUR,72.53682321112785,23.002685704635372
32,VEJALPUR,72.52220586806361,23.004436179543184
32,VEJALPUR,72.53096653461256,23.006711128186474
32,VEJALPUR,72.51481440910713,23.00546723844256
32,VEJALPUR,72.52787020774105,23.0085733201534
32,VEJALPUR,72.51888355899248,23.003908673581957
32,VEJALPUR,72.51605728150892,23.00439317088708
32,VEJALPUR,72.52104999548021,23.003976306747933
32,VEJALPUR,72.51747094574574,23.003062843158133
32,VEJALPUR,72.50977837251301,23.0013416955961
32,VEJALPUR,72.51443882704679,23.00125045140616
32,VEJALPUR,72.52767349344917,23.006721656147164
32,VEJALPUR,72.52391291064838,23.008907254140336
32,VEJALPUR,72.53017993882625,23.00738966000593
32,VEJALPUR,72.5219566769049,23.008668524949442
32,VEJALPUR,72.52424459278693,23.006298202011404
32,VEJALPUR,72.52396880337136,23.009930437032086
32,VEJALPUR,72.53199015385087,23.00284281024625
32,VEJALPUR,72.51104216257903,23.001709652888618
32,VEJALPUR,72.52253915080945,23.00929589420715
32,VEJALPUR,72.53720812557195,23.007875456267893
32,VEJALPUR,72.52077659343841,23.005611081363877
32,VEJALPUR,72.50906106795325,23.000232261537615
32,VEJALPUR,72.53605408277127,23.001041068765865
32,VEJALPUR,72.53838133246796,23.004752980038532
32,VEJALPUR,72.5123939297243,23.000661112216722
32,VEJALPUR,72.52183734495934,23.00694617396232
32,VEJALPUR,72.5225593013199,23.00951560938437
32,VEJALPUR,72.52555157100996,23.00873642463976
32,VEJALPUR,72.5259581824381,23.009528248586296
32,VEJALPUR,72.51239533926221,23.000922734407446
32,VEJALPUR,72.51506551931298,23.004307530622846
32,VEJALPUR,72.52040736299642,23.00743333468825
32,VEJALPUR,72.51695661122629,23.005305889302754
32,VEJALPUR,72.53795452857409,23.001826928953186
32,VEJALPUR,72.53259199917126,23.00726713645397
32,VEJALPUR,72.527438028682,23.003155176274646
32,VEJALPUR,72.51918513862591,23.007653152842796
32,VEJALPUR,72.5287077480064,23.003937997773342
32,VEJALPUR,72.53429847337767,23.008089517630342
32,VEJALPUR,72.52302270820573,23.00771069822631
32,VEJALPUR,72.50819704928685,23.001756615520705
32,VEJALPUR,72.51248730136025,23.00425522325674
32,VEJALPUR,72.5355804703919,23.006242939911054
32,VEJALPUR,72.51960319178241,23.00454365320991
32,VEJALPUR,72.52878709254793,23.011294924977715
32,VEJALPUR,72.52873501049329,23.00972871913737
32,VEJALPUR,72.52453383158351,23.00339078061793
32,VEJALPUR,72.51595602471146,23.005656914072198
32,VEJALPUR,72.52903972180039,23.009645421904263
32,VEJALPUR,72.5213910964656,23.008534449570146
32,VEJALPUR,72.531524587318,23.002757291043647
32,VEJALPUR,72.5316280455669,23.000665264142224
32,VEJALPUR,72.52487048019589,23.007668266386176
32,VEJALPUR,72.53250655794146,23.00563224052517
32,VEJALPUR,72.53043549794891,23.00339810188832
32,VEJALPUR,72.53839212796314,23.002560203590992
32,VEJALPUR,72.51946351641256,23.005132576152462
32,VEJALPUR,72.52973020372542,23.003960946268414
32,VEJALPUR,72.5393926227615,23.002622460563444
32,VEJALPUR,72.5263916788586,23.010674121768528
32,VEJALPUR,72.53329573496146,23.008661365959043
32,VEJALPUR,72.53590703426379,23.00315902826624
32,VEJALPUR,72.53884856227116,23.006019656546712
32,VEJALPUR,72.53157345641583,23.002651207605943
32,VEJALPUR,72.51806965436647,23.003348536226387
32,VEJALPUR,72.53011000870545,23.007537602883982
32,VEJALPUR,72.53899942344093,23.00114597258907
32,VEJALPUR,72.52300711783316,23.012721116886908
32,VEJALPUR,72.52743777642102,23.007013350867084
32,VEJALPUR,72.53769214493556,23.002999834554963
32,VEJALPUR,72.51246904371651,22.999467282031333
32,VEJALPUR,72.51496325594412,23.004990738018588
32,VEJALPUR,72.53495962371942,23.004347260850746
32,VEJALPUR,72.53144424630825,23.00253416031043
32,VEJALPUR,72.52940302661743,23.00975032981842
32,VEJALPUR,72.5305858210312,23.002905016042387
32,VEJALPUR,72.51615281996506,23.004558140486747
32,VEJALPUR,72.53139180021645,23.000551561809658
32,VEJALPUR,72.5357872647829,23.001590890420033
32,VEJALPUR,72.5314031325378,23.006748381654926
32,VEJALPUR,72.53270274650242,23.004586124512972
32,VEJALPUR,72.53797137693755,23.003737664228115
32,VEJALPUR,72.5229125106668,23.011979983381686
32,VEJALPUR,72.53117117156532,23.00021765702367
32,VEJALPUR,72.53462752446943,23.00455854013602
32,VEJALPUR,72.5100527177111,22.99976955563409
32,VEJALPUR,72.52780297893622,23.00548195989757
32,VEJALPUR,72.50925859051738,23.00010494373742
32,VEJALPUR,72.53138875720124,23.00410894295501
32,VEJALPUR,72.53040376509053,23.006785916772362
32,VEJALPUR,72.51587023632061,23.00500373436503
32,VEJALPUR,72.52269624827771,23.006575222462605
32,VEJALPUR,72.52775102044025,23.010330603962505
32,VEJALPUR,72.51774553925304,23.00249294548039
32,VEJALPUR,72.5124748909389,23.00421377306438
32,VEJALPUR,72.53332007745927,23.004955698478387
32,VEJALPUR,72.51615626329256,23.004371130768014
32,VEJALPUR,72.5218434826524,23.00953892073231
32,VEJALPUR,72.5356080151356,23.002702437934847
32,VEJALPUR,72.53039829100321,23.009106991681737
32,VEJALPUR,72.53229760060836,23.00698199121429
32,VEJALPUR,72.52726869262986,23.00759287979837
32,VEJALPUR,72.51351536751156,23.000932623399233
32,VEJALPUR,72.51300343396767,23.001409957947192
32,VEJALPUR,72.5095917160292,23.00182760144139
33,SARKHEJ,72.48411373118456,22.997548650170742
33,SARKHEJ,72.49562722875471,22.97446353865482
33,SARKHEJ,72.49697697788037,22.96720968700871
33,SARKHEJ,72.49194912319632,22.96834183188172
33,SARKHEJ,72.48152660294959,22.99570135191334
33,SARKHEJ,72.47748983042588,22.980731844680246
33,SARKHEJ,72.46872485922623,22.99570121346839
33,SARKHEJ,72.49514809124273,23.002721100196702
33,SARKHEJ,72.47825444692099,22.998747157057014
33,SARKHEJ,72.48910016180655,22.978449344962964
33,SARKHEJ,72.5060727324997,23.01058021550561
33,SARKHEJ,72.50743685291278,22.975908014812454
33,SARKHEJ,72.49350011377305,22.969644589072725
33,SARKHEJ,72.49975966677107,22.97992522109222
33,SARKHEJ,72.48325640573599,22.968165180175202
33,SARKHEJ,72.492605863865,22.9684141573947
33,SARKHEJ,72.50633830725103,22.970070317119458
33,SARKHEJ,72.48145557646887,22.993188206546424
33,SARKHEJ,72.47646737958462,22.996238289439358
33,SARKHEJ,72.48897787358916,22.968528564542662
33,SARKHEJ,72.47819276515511,22.98684080476882
33,SARKHEJ,72.48605410206585,22.986086280836187
33,SARKHEJ,72.48690395664073,22.980637901891484
33,SARKHEJ,72.47880952679229,22.98210345737061
33,SARKHEJ,72.49671882864858,22.99003532816843
33,SARKHEJ,72.49067038833267,22.999606767750446
33,SARKHEJ,72.49038890092308,22.994000616335274
33,SARKHEJ,72.49806980232138,22.983369622728436
33,SARKHEJ,72.46905330065748,22.992711093898528
33,SARKHEJ,72.51236317087104,23.01013100734274
33,SARKHEJ,72.49266336016454,23.00701072337215
33,SARKHEJ,72.50356576654495,22.97416858507138
33,SARKHEJ,72.51188275456869,22.989424300558426
33,SARKHEJ,72.50598510249017,23.011348150385377
33,SARKHEJ,72.47346000176007,22.991953503509023
33,SARKHEJ,72.50109923355619,22.9893249963925
33,SARKHEJ,72.48851714309566,22.989846955026355
33,SARKHEJ,72.4948699702436,23.009977925286268
33,SARKHEJ,72.51208972214498,22.9794319437995
33,SARKHEJ,72.4969589754221,22.98898727454386
33,SARKHEJ,72.49354699966707,22.960825979760425
33,SARKHEJ,72.50499863538974,22.998146448766654
33,SARKHEJ,72.49204186789423,23.007587500537184
33,SARKHEJ,72.51643725127629,23.009442080879182
33,SARKHEJ,72.4999484674679,22.96596252702686
33,SARKHEJ,72.47321580515677,22.983790218910947
33,SARKHEJ,72.50630253987447,22.98540279074104
33,SARKHEJ,72.50461516959,22.975367931043902
33,SARKHEJ,72.49017292972533,22.98978850139043
33,SARKHEJ,72.49649544601671,23.00068193151667
33,SARKHEJ,72.48956591301983,22.990129109222085
33,SARKHEJ,72.51457790390681,22.99729379307184
33,SARKHEJ,72.47769367574864,23.00524895820033
33,SARKHEJ,72.50225586475267,23.007231813984617
33,SARKHEJ,72.50957775946682,22.97450927567094
33,SARKHEJ,72.49184470287604,22.961326740261548
33,SARKHEJ,72.50378422435266,22.997000504124287
33,SARKHEJ,72.47559265641078,22.987843000530276
33,SARKHEJ,72.48552042684294,22.96037450283769
33,SARKHEJ,72.48225195922251,23.00802875912914
33,SARKHEJ,72.48160783091147,22.969972951042266
33,SARKHEJ,72.49126356923408,22.97894811965396
33,SARKHEJ,72.4777615719388,22.983682008813776
33,SARKHEJ,72.48568450685087,23.00197790582018
33,SARKHEJ,72.48140524051462,22.98114109864403
33,SARKHEJ,72.50899360039178,22.99680652575858
33,SARKHEJ,72.48739235251139,22.989620381958282
33,SARKHEJ,72.49057543422788,23.007235341559774
33,SARKHEJ,72.48696522756526,22.997638860461212
33,SARKHEJ,72.4769722841871,22.981672041921794
33,SARKHEJ,72.49460285424178,22.963408304113887
33,SARKHEJ,72.49789790045646,22.98946470301343
33,SARKHEJ,72.4698227742726,23.007239939492766
33,SARKHEJ,72.49245771657249,22.969953094932244
33,SARKHEJ,72.4709746208639,22.996380752804964
33,SARKHEJ,72.5073729542556,22.994940531122612
33,SARKHEJ,72.48839359509624,22.96717396815334
33,SARKHEJ,72.50936332708139,23.005905403624343
33,SARKHEJ,72.48680526900844,23.00424157778642
33,SARKHEJ,72.50063105894014,22.98682109699655
33,SARKHEJ,72.4992131960124,22.963580387778777
33,SARKHEJ,72.47168938474512,22.99789328224359
33,SARKHEJ,72.49108772987955,22.994065948882305
33,SARKHEJ,72.48943219777289,22.99830530608506
33,SARKHEJ,72.47168348317922,22.982151907200326
33,SARKHEJ,72.51633469111782,22.99564416732378
33,SARKHEJ,72.48124326556123,23.00725356091294
33,SARKHEJ,72.50695521967859,22.99183895699559
33,SARKHEJ,72.47323209253439,23.009101026032045
33,SARKHEJ,72.48751179042284,22.981355312641178
33,SARKHEJ,72.49790288654651,22.97838536366943
33,SARKHEJ,72.47648996445477,22.99458289799754
33,SARKHEJ,72.50301098722568,22.982131526991363
33,SARKHEJ,72.4921818485338,22.960416002596777
33,SARKHEJ,72.49044866274599,23.001978677972538
33,SARKHEJ,72.49812843557513,23.00864779206856
33,SARKHEJ,72.50522093714044,23.000716865072143
33,SARKHEJ,72.49058008751238,22.96722251411548
33,SARKHEJ,72.51632061121103,22.994150875538857
33,SARKHEJ,72.51616685686835,22.991840592341543
33,SARKHEJ,72.4903568858328,22.96507653323053
33,SARKHEJ,72.48713620178367,22.99073357282153
33,SARKHEJ,72.49368447428076,22.982442271933415
33,SARKHEJ,72.49434291486047,23.005410301610546
33,SARKHEJ,72.50085779470142,22.97428719720632
33,SARKHEJ,72.47660714439581,22.992425952842524
33,SARKHEJ,72.48919739691374,22.961183962567198
33,SARKHEJ,72.49964459538806,22.991388126500937
33,SARKHEJ,72.48996999195577,22.96899135599759
33,SARKHEJ,72.4893509493735,22.991038945120575
33,SARKHEJ,72.49499986981581,22.996106720341604
33,SARKHEJ,72.482348593916,22.979998539439976
33,SARKHEJ,72.47712540387514,22.973852276550716
33,SARKHEJ,72.50356703742142,22.976303785629828
33,SARKHEJ,72.48043770241527,22.974158266569166
33,SARKHEJ,72.49932878920151,22.98869700058042
33,SARKHEJ,72.4876578883311,22.992660718393598
33,SARKHEJ,72.48380948993538,22.971149642557286
33,SARKHEJ,72.48257493810823,22.987420322749593
33,SARKHEJ,72.49562777263199,23.002564938392204
33,SARKHEJ,72.48658161963276,22.973193902090745
33,SARKHEJ,72.49907921068942,22.99798071607252
33,SARKHEJ,72.49241335275178,22.964983891334086
33,SARKHEJ,72.47393677908471,22.983090129958303
33,SARKHEJ,72.49635971028867,22.969630027269393
33,SARKHEJ,72.50612674176779,22.993659763108038
33,SARKHEJ,72.4896382362824,23.00721135911742
33,SARKHEJ,72.47594431790843,22.997744623448472
33,SARKHEJ,72.49858358116332,22.976798454326477
33,SARKHEJ,72.47767232307416,22.97209244021657
33,SARKHEJ,72.48459730028094,22.96970749232577
33,SARKHEJ,72.48623699411009,22.987861660628475
33,SARKHEJ,72.50443413113977,22.974781976669334
33,SARKHEJ,72.4756039512718,23.00318268965986
33,SARKHEJ,72.4739532012803,23.001870824403905
33,SARKHEJ,72.49788249366958,22.97364880376342
33,SARKHEJ,72.48240265966523,22.978153585444687
33,SARKHEJ,72.4826303552768,23.009821331421367
33,SARKHEJ,72.49208038362563,23.001951891191638
33,SARKHEJ,72.49138166322999,23.004728550509583
33,SARKHEJ,72.510679532336,22.995647453612847
33,SARKHEJ,72.49948578146551,22.986331283908743
33,SARKHEJ,72.48370049369015,23.00651446861349
33,SARKHEJ,72.50201713807132,22.98855043689552
33,SARKHEJ,72.5032728080593,22.976947423476748
33,SARKHEJ,72.48844930666961,22.968450186707837
33,SARKHEJ,72.51307791050968,22.994505427789882
33,SARKHEJ,72.50173521050716,23.009354242359656
33,SARKHEJ,72.49992434664225,22.971270823801557
33,SARKHEJ,72.48674091913153,23.005222525288925
33,SARKHEJ,72.49234121739805,22.996910703356427
33,SARKHEJ,72.47402251077912,22.97976897232724
33,SARKHEJ,72.51219504822039,23.00977379009212
33,SARKHEJ,72.48297227948092,22.967173919331742
33,SARKHEJ,72.51198009700875,22.98286875122885
33,SARKHEJ,72.48111851990484,23.000607266836216
33,SARKHEJ,72.50958501331044,22.97768408960018
33,SARKHEJ,72.4793945999692,23.007486767348993
33,SARKHEJ,72.49936334579836,23.008351117384084
33,SARKHEJ,72.47472064001138,22.979178161172467
33,SARKHEJ,72.49961100008126,22.979205173577757
33,SARKHEJ,72.48277224881075,22.986441313942585
33,SARKHEJ,72.50513809349769,22.986352072985817
33,SARKHEJ,72.47765122432872,23.002371969130298
33,SARKHEJ,72.47935432789265,22.99670711124314
33,SARKHEJ,72.51780865418428,22.99862239381976
33,SARKHEJ,72.50873443508928,22.991874637708655
33,SARKHEJ,72.51004882588587,22.98466321417115
33,SARKHEJ,72.48511511348794,22.974762092822598
33,SARKHEJ,72.51619148531343,23.00072061680293
33,SARKHEJ,72.49849523960201,22.981796653961243
33,SARKHEJ,72.5163150255128,22.999030751440117
33,SARKHEJ,72.48822143385784,22.985143674015045
33,SARKHEJ,72.47015963408118,23.002552270512094
33,SARKHEJ,72.5123224032586,22.97732273891166
33,SARKHEJ,72.48214141771027,22.97159010481089
33,SARKHEJ,72.47441561926863,23.01014936354707
33,SARKHEJ,72.50763293358608,22.981633700755438
33,SARKHEJ,72.50483945774413,22.96886520358785
33,SARKHEJ,72.49754503228566,23.002419347930502
33,SARKHEJ,72.50561442379365,22.990170963698105
33,SARKHEJ,72.47983189406138,22.99006428537382
33,SARKHEJ,72.48417555800721,23.005191526958935
33,SARKHEJ,72.47768393840411,23.00455533485026
33,SARKHEJ,72.47437122978133,22.998703359712152
33,SARKHEJ,72.4694248510472,22.993547089871274
33,SARKHEJ,72.47964810515222,22.999160426163577
33,SARKHEJ,72.49403796583752,22.96752440316404
33,SARKHEJ,72.48739284494336,22.986121178165064
33,SARKHEJ,72.47315522213032,22.988387163052593
33,SARKHEJ,72.47706777806073,23.00636747941601
33,SARKHEJ,72.49795217710455,22.996219271442346
33,SARKHEJ,72.478851919555,22.992331358280804
33,SARKHEJ,72.49082247386907,22.98433199663403
33,SARKHEJ,72.49584850790589,22.989213709767977
33,SARKHEJ,72.50484000468853,22.982688243353827
33,SARKHEJ,72.50556822754392,22.98454581017082
33,SARKHEJ,72.50217492408937,22.972193024168345
33,SARKHEJ,72.49530455388997,22.98355128051697
33,SARKHEJ,72.48668951095878,22.978154995838697
34,MAKTAMPURA,72.52227651781722,23.003221532034058
34,MAKTAMPURA,72.50195902532766,22.94365922762338
34,MAKTAMPURA,72.53713250801287,22.979665484658526
34,MAKTAMPURA,72.51111887132456,22.930967351845634
34,MAKTAMPURA,72.50613082911033,22.9291329591325
34,MAKTAMPURA,72.53181810181086,22.987226426080667
34,MAKTAMPURA,72.5220748949774,22.981567950088277
34,MAKTAMPURA,72.5168452594057,22.92190625052029
34,MAKTAMPURA,72.52936276613327,22.938245212985166
34,MAKTAMPURA,72.4984622057662,22.942243044633305
34,MAKTAMPURA,72.50979183782994,22.96050956382374
34,MAKTAMPURA,72.5111995209272,22.97450709700287
34,MAKTAMPURA,72.51000399223928,22.94751310572044
34,MAKTAMPURA,72.5389779188124,22.948934914241587
34,MAKTAMPURA,72.51655120910372,22.92511212655611
34,MAKTAMPURA,72.49515172901125,22.952219232833627
34,MAKTAMPURA,72.51154922441249,22.95052561372964
34,MAKTAMPURA,72.51471048589161,22.98132001720647
34,MAKTAMPURA,72.51788884225446,22.93537247868623
34,MAKTAMPURA,72.52059496663567,22.931708530817133
34,MAKTAMPURA,72.50722311480479,22.92664520896694
34,MAKTAMPURA,72.53715595989814,22.949525056414174
34,MAKTAMPURA,72.50915354645896,22.94357605677098
34,MAKTAMPURA,72.50994162843676,22.962981584718154
34,MAKTAMPURA,72.53437891355655,22.980165067359895
34,MAKTAMPURA,72.51531899920639,22.983933772828067
34,MAKTAMPURA,72.51987839996502,22.921771613802083
34,MAKTAMPURA,72.53137431043496,22.99428412201757
34,MAKTAMPURA,72.51445023655594,22.92529729122646
34,MAKTAMPURA,72.50717029593095,22.96346382274253
34,MAKTAMPURA,72.52298017451547,22.932057689990682
34,MAKTAMPURA,72.52927512462853,22.944099212366343
34,MAKTAMPURA,72.49530391767756,22.95525248938124
34,MAKTAMPURA,72.49997056721597,22.94989732257569
34,MAKTAMPURA,72.5332644578095,22.94684326241548
34,MAKTAMPURA,72.51806706520875,22.939958666661866
34,MAKTAMPURA,72.5089897929118,22.945630259218625
34,MAKTAMPURA,72.53329502978956,22.98217207607837
34,MAKTAMPURA,72.50458340061498,22.948682588930204
34,MAKTAMPURA,72.49834606997709,22.929645891731983
34,MAKTAMPURA,72.50557791537135,22.934088489059523
34,MAKTAMPURA,72.51946406484595,22.97776148276439
34,MAKTAMPURA,72.494813804009,22.958890863804207
34,MAKTAMPURA,72.52339027269038,22.996429715025105
34,MAKTAMPURA,72.52358919851478,22.97835796804002
34,MAKTAMPURA,72.53292910348901,22.98135193033687
34,MAKTAMPURA,72.51585874998796,22.984690356939836
34,MAKTAMPURA,72.48964670826876,22.943481195621793
34,MAKTAMPURA,72.52449125422133,22.99362082910058
34,MAKTAMPURA,72.52599280317665,22.948172384519797
34,MAKTAMPURA,72.51933690002735,22.92323535836481
34,MAKTAMPURA,72.5137469097417,22.926856073377127
34,MAKTAMPURA,72.51103576985825,22.930958552895635
34,MAKTAMPURA,72.51905711192067,22.99821433730854
34,MAKTAMPURA,72.51841230025921,22.947369496875726
34,MAKTAMPURA,72.53739641642159,22.979527003093082
34,MAKTAMPURA,72.50778978631637,22.92113342331626
34,MAKTAMPURA,72.52610935970195,22.927963590344103
34,MAKTAMPURA,72.52532465293726,22.931564824121285
34,MAKTAMPURA,72.512032993006,22.96652409046711
34,MAKTAMPURA,72.52220714304129,23.002720600039993
34,MAKTAMPURA,72.51269466283726,22.93031313798398
34,MAKTAMPURA,72.52296108914452,22.92575910943208
34,MAKTAMPURA,72.50130065297125,22.958722533856513
34,MAKTAMPURA,72.51385125196634,22.939925927029712
34,MAKTAMPURA,72.50706551916939,22.95441401782218
34,MAKTAMPURA,72.50714248300072,22.95667786315077
34,MAKTAMPURA,72.51617451705575,22.946587077107633
34,MAKTAMPURA,72.53292619003527,22.998126447046136
34,MAKTAMPURA,72.51586876289454,22.979406134141716
34,MAKTAMPURA,72.53941649876245,22.934597046407273
34,MAKTAMPURA,72.51120833202111,22.946606098241354
34,MAKTAMPURA,72.49666007856378,22.951784952222667
34,MAKTAMPURA,72.50133026567225,22.927731859585915
34,MAKTAMPURA,72.51843350088566,22.93055566557629
34,MAKTAMPURA,72.52952057185932,22.94685003615381
34,MAKTAMPURA,72.53729748039143,22.98959474744703
34,MAKTAMPURA,72.50160476277713,22.940058974291027
34,MAKTAMPURA,72.49322153345553,22.945303775170682
34,MAKTAMPURA,72.5158423460902,22.966141679852463
34,MAKTAMPURA,72.51024894581752,22.9315483237456
34,MAKTAMPURA,72.4910526873841,22.946254311650023
34,MAKTAMPURA,72.51820565030853,22.928234923980735
34,MAKTAMPURA,72.51204512826429,22.954077875370583
34,MAKTAMPURA,72.50771265053537,22.950117825034944
34,MAKTAMPURA,72.52538139334045,22.975043005893113
34,MAKTAMPURA,72.52394378836888,22.93132886432641
34,MAKTAMPURA,72.50922417123569,22.938464621390967
34,MAKTAMPURA,72.51594557654573,22.93577133133848
34,MAKTAMPURA,72.53139923428908,22.986561075166023
34,MAKTAMPURA,72.52575848066013,22.945765501144813
34,MAKTAMPURA,72.53643353639612,22.930475398373392
34,MAKTAMPURA,72.51450046989362,22.928116743609678
34,MAKTAMPURA,72.5038301367143,22.954132297650276
34,MAKTAMPURA,72.51025627140315,22.943694483831656
34,MAKTAMPURA,72.53711893802311,22.95030570550848
34,MAKTAMPURA,72.51975123399745,22.940061967048557
34,MAKTAMPURA,72.49168564035182,22.958348449560635
34,MAKTAMPURA,72.53873299750725,22.93630979192555
34,MAKTAMPURA,72.50962097412771,22.941844359438868
34,MAKTAMPURA,72.53408926320296,22.94041800846086
34,MAKTAMPURA,72.53117177759358,22.933603433487576
34,MAKTAMPURA,72.53261447729243,22.9330322981968
34,MAKTAMPURA,72.50041074471093,22.938326212729294
34,MAKTAMPURA,72.52256971982143,22.974233453547335
34,MAKTAMPURA,72.52509782734056,22.992844172972706
34,MAKTAMPURA,72.51387700370788,22.92086451595862
34,MAKTAMPURA,72.50303271389505,22.94913844004788
34,MAKTAMPURA,72.52320004919258,23.001876682074617
34,MAKTAMPURA,72.51916729189675,22.924077634331212
34,MAKTAMPURA,72.50584201986334,22.921610307758503
34,MAKTAMPURA,72.5022183513386,22.947514221918645
34,MAKTAMPURA,72.52472563667482,22.94328167993783
34,MAKTAMPURA,72.52178214095416,22.939644987291924
34,MAKTAMPURA,72.49925733507234,22.933034721652827
34,MAKTAMPURA,72.52486995880436,22.98306361254389
34,MAKTAMPURA,72.4940276737683,22.947355799055053
34,MAKTAMPURA,72.50555383562934,22.95029765293797
34,MAKTAMPURA,72.51257831913576,22.955680202358387
34,MAKTAMPURA,72.51400173495904,22.982963256456795
34,MAKTAMPURA,72.49387775071254,22.948293404122822
34,MAKTAMPURA,72.52069802260522,22.99360902585193
34,MAKTAMPURA,72.50334289769276,22.952709322949474
34,MAKTAMPURA,72.49779678290258,22.93035789907147
34,MAKTAMPURA,72.52638392847072,22.99411713148532
34,MAKTAMPURA,72.51965688872346,22.933591572828615
34,MAKTAMPURA,72.52687147325663,22.982549984520116
34,MAKTAMPURA,72.50958235797482,22.97124969563576
34,MAKTAMPURA,72.51365972200634,22.946765860760785
34,MAKTAMPURA,72.52450937558673,22.939385976093575
34,MAKTAMPURA,72.5045880936687,22.953036551426237
34,MAKTAMPURA,72.5211715488883,22.991556089972246
34,MAKTAMPURA,72.52118866503554,22.98067586046484
34,MAKTAMPURA,72.49167364738834,22.95800408569261
34,MAKTAMPURA,72.52551788254539,22.93354312277252
34,MAKTAMPURA,72.5247512840224,22.940545711562553
34,MAKTAMPURA,72.53216832441734,22.94168074616622
34,MAKTAMPURA,72.53131624876654,22.99625657865881
34,MAKTAMPURA,72.51820498846672,22.92362339597668
34,MAKTAMPURA,72.52556104542082,22.93088781730725
34,MAKTAMPURA,72.5362121337575,22.938074031146392
34,MAKTAMPURA,72.51225594980309,22.931953656502106
34,MAKTAMPURA,72.52111910592917,22.99618114606868
34,MAKTAMPURA,72.52842713969315,22.93611685625089
34,MAKTAMPURA,72.53424797961159,22.996414112775227
34,MAKTAMPURA,72.51757488465152,22.970075689477508
34,MAKTAMPURA,72.5067708680444,22.941368890898744
34,MAKTAMPURA,72.5331065235961,22.94284268420877
34,MAKTAMPURA,72.53809685189682,22.939194180210947
34,MAKTAMPURA,72.51408789866026,22.932494752611095
34,MAKTAMPURA,72.50518265081524,22.947807592181693
34,MAKTAMPURA,72.50876187596216,22.925493051391047
34,MAKTAMPURA,72.50435597661232,22.959929676589617
34,MAKTAMPURA,72.53152080538987,22.980406131101144
34,MAKTAMPURA,72.51887611503554,22.932821732420134
34,MAKTAMPURA,72.50217803991981,22.946363932834764
34,MAKTAMPURA,72.52380934743606,22.988765444748125
34,MAKTAMPURA,72.51517548135632,22.94827831444215
34,MAKTAMPURA,72.48999405894699,22.944045444825868
34,MAKTAMPURA,72.5243053685638,22.983961680497266
34,MAKTAMPURA,72.52782646105668,22.98257168230969
34,MAKTAMPURA,72.49958554696715,22.960810863409176
34,MAKTAMPURA,72.51998369242351,22.932273014635783
34,MAKTAMPURA,72.51202394539783,22.973216711627582
34,MAKTAMPURA,72.54103265823078,22.93438253920534
34,MAKTAMPURA,72.48764913591035,22.95567177917911
34,MAKTAMPURA,72.50238923663181,22.935873249360164
34,MAKTAMPURA,72.50640759575563,22.935767245346753
34,MAKTAMPURA,72.51501014647289,22.977747433517436
34,MAKTAMPURA,72.52419550055966,23.001456940465445
34,MAKTAMPURA,72.52916509060022,22.978713033019837
34,MAKTAMPURA,72.4964151123796,22.94412741886142
34,MAKTAMPURA,72.5372759762348,22.99025782440971
34,MAKTAMPURA,72.51380814072397,22.9755673967733
34,MAKTAMPURA,72.52283716320535,22.925982349209463
34,MAKTAMPURA,72.51025478131638,22.955986237368077
34,MAKTAMPURA,72.4967304415042,22.95424790204507
34,MAKTAMPURA,72.52795604772932,22.93872443317395
34,MAKTAMPURA,72.51624410664888,22.97297548566038
34,MAKTAMPURA,72.52487845650363,22.98184893700707
34,MAKTAMPURA,72.50971056179661,22.95176584181015
34,MAKTAMPURA,72.51311984113772,22.953219930314336
34,MAKTAMPURA,72.51942272455294,22.929907593531734
34,MAKTAMPURA,72.51559250930387,22.980446387966257
34,MAKTAMPURA,72.50713378499677,22.944509408737687
34,MAKTAMPURA,72.53576170532098,22.93264374232495
34,MAKTAMPURA,72.53928429630818,22.941962551811454
34,MAKTAMPURA,72.50944983435569,22.921919628074466
34,MAKTAMPURA,72.51671951186506,22.93432068615
34,MAKTAMPURA,72.53018099373102,22.994012290715478
34,MAKTAMPURA,72.53872670535603,22.938855391406943
34,MAKTAMPURA,72.5272781075474,22.9341616407102
34,MAKTAMPURA,72.49422124813812,22.94248109779117
34,MAKTAMPURA,72.51027498123315,22.93676804812594
34,MAKTAMPURA,72.53939030949799,22.98462474709267
34,MAKTAMPURA,72.53732613172352,22.982205922441832
34,MAKTAMPURA,72.51897678240378,22.932968390528995
34,MAKTAMPURA,72.51193342797447,22.966226994819543
34,MAKTAMPURA,72.49908927098744,22.95292772374079
34,MAKTAMPURA,72.4928486616452,22.953388596794078
35,BAHERAMPURA,72.58664989581017,22.974498139720605
35,BAHERAMPURA,72.5698309019007,22.98412860899036
35,BAHERAMPURA,72.58136106247572,22.991626996528638
35,BAHERAMPURA,72.54628548522452,22.980887215134743
35,BAHERAMPURA,72.5733121803186,22.975676807120102
35,BAHERAMPURA,72.57338457795444,22.984956140832885
35,BAHERAMPURA,72.54743091627022,22.977497592759214
35,BAHERAMPURA,72.57910837778122,22.988516716720696
35,BAHERAMPURA,72.55436216193148,22.978319814683243
35,BAHERAMPURA,72.57067708594667,22.99235168195716
35,BAHERAMPURA,72.57828242862797,22.98386213872513
35,BAHERAMPURA,72.57454475034034,22.98852078140072
35,BAHERAMPURA,72.56280963526764,22.97736740524224
35,BAHERAMPURA,72.5772702772378,22.99443953412326
35,BAHERAMPURA,72.5776245559247,22.98255137978591
35,BAHERAMPURA,72.56330995648948,22.99186795259786
35,BAHERAMPURA,72.58144952672606,22.977288835328867
35,BAHERAMPURA,72.54697733771106,22.981107199908735
35,BAHERAMPURA,72.57539093492372,22.974194931730604
35,BAHERAMPURA,72.58078616159047,22.981151565845625
35,BAHERAMPURA,72.55994446661254,22.992143064183345
35,BAHERAMPURA,72.57945253786475,22.99766964588537
35,BAHERAMPURA,72.58066024111939,22.9759412365468
35,BAHERAMPURA,72.57032656685692,22.99574964677012
35,BAHERAMPURA,72.57028248230208,22.995272672263752
35,BAHERAMPURA,72.57557799717324,23.005094796114022
35,BAHERAMPURA,72.55315837466199,22.97663693411803
35,BAHERAMPURA,72.54609905479481,22.97870984145071
35,BAHERAMPURA,72.57249859659187,22.988641423028234
35,BAHERAMPURA,72.56354180588501,22.9830205405329
35,BAHERAMPURA,72.56360538453953,22.98842671309293
35,BAHERAMPURA,72.56263787388252,22.981189032553647
35,BAHERAMPURA,72.57296622895393,22.98984096783724
35,BAHERAMPURA,72.55697475947737,22.9814954207219
35,BAHERAMPURA,72.57959562707545,23.00371891160806
35,BAHERAMPURA,72.56456267677653,22.97911295410853
35,BAHERAMPURA,72.56622258500492,22.984641726866823
35,BAHERAMPURA,72.5588709202788,22.98092120501637
35,BAHERAMPURA,72.55606393569846,22.98223033667061
35,BAHERAMPURA,72.55090559331619,22.977789581662503
35,BAHERAMPURA,72.54574792406937,22.978579636243808
35,BAHERAMPURA,72.56943779045815,22.99453641167668
35,BAHERAMPURA,72.57765515784546,23.010333952619998
35,BAHERAMPURA,72.56269212778932,22.987028585555862
35,BAHERAMPURA,72.56450885681427,22.98082828315292
35,BAHERAMPURA,72.5827578379567,22.984199919681007
35,BAHERAMPURA,72.57433271299844,22.977147157337146
35,BAHERAMPURA,72.5446901529729,22.98163035626305
35,BAHERAMPURA,72.58173570519627,22.98996173370516
35,BAHERAMPURA,72.56148833978165,22.984208473050227
35,BAHERAMPURA,72.56126465061364,22.986348202767914
35,BAHERAMPURA,72.57400309014393,22.994653577121156
35,BAHERAMPURA,72.58054997603344,22.987371153120428
35,BAHERAMPURA,72.5817669675546,22.99026686504767
35,BAHERAMPURA,72.56971308524275,22.98998876756584
35,BAHERAMPURA,72.58075814334377,22.99739690998072
35,BAHERAMPURA,72.56157272221199,22.97650683719153
35,BAHERAMPURA,72.57130794157332,22.987354342661806
35,BAHERAMPURA,72.5715147294078,22.99339054936932
35,BAHERAMPURA,72.54463022973641,22.980501284256125
35,BAHERAMPURA,72.57451576106828,22.990610167218147
35,BAHERAMPURA,72.56726804434518,22.990712493371966
35,BAHERAMPURA,72.57352052504567,23.003328179640597
35,BAHERAMPURA,72.5554525768266,22.977507037307056
35,BAHERAMPURA,72.5466084088923,22.978292645451216
35,BAHERAMPURA,72.56224147488821,22.979247981736993
35,BAHERAMPURA,72.5596638902023,22.98557258065856
35,BAHERAMPURA,72.56446430622549,22.975458947704094
35,BAHERAMPURA,72.57425914849168,22.997903786533996
35,BAHERAMPURA,72.5697129465207,22.979189708317243
35,BAHERAMPURA,72.57922248537143,23.002784568368053
35,BAHERAMPURA,72.57377722771876,22.988982331553334
35,BAHERAMPURA,72.56279048504263,22.981308123626285
35,BAHERAMPURA,72.5732451760239,23.00377509677192
35,BAHERAMPURA,72.5745185151974,23.00710605679289
35,BAHERAMPURA,72.58310774813329,22.98448521070567
35,BAHERAMPURA,72.5790079638133,23.008796155993522
35,BAHERAMPURA,72.57195081428873,22.97893445739805
35,BAHERAMPURA,72.58203467594218,22.973527152391362
35,BAHERAMPURA,72.55754637832469,22.981601605508327
35,BAHERAMPURA,72.56555156266863,22.992558800373192
35,BAHERAMPURA,72.57036991290316,22.992458087713135
35,BAHERAMPURA,72.57396417325869,22.976732125514108
35,BAHERAMPURA,72.56446752455571,22.98409936543567
35,BAHERAMPURA,72.5754495037603,23.003987197069776
35,BAHERAMPURA,72.55824839905992,22.97797997802849
35,BAHERAMPURA,72.58318819954164,23.006657369061926
35,BAHERAMPURA,72.56978663088027,22.99233581656483
35,BAHERAMPURA,72.57891176813554,22.976851316776113
35,BAHERAMPURA,72.57826382437617,23.00387059868222
35,BAHERAMPURA,72.56892586833271,22.987541605910046
35,BAHERAMPURA,72.5499089471889,22.98458537981458
35,BAHERAMPURA,72.57320024021708,23.0046784267081
35,BAHERAMPURA,72.57232242668596,22.99535088301184
35,BAHERAMPURA,72.56002649962355,22.986373142254607
35,BAHERAMPURA,72.55919832656527,22.988189636870867
35,BAHERAMPURA,72.57782459317502,22.990125535132535
35,BAHERAMPURA,72.57028189736799,22.989639003078896
35,BAHERAMPURA,72.58238208789233,22.979491884898632
35,BAHERAMPURA,72.57069850985484,22.98763453541477
35,BAHERAMPURA,72.57950633300827,22.99791701211027
35,BAHERAMPURA,72.55329481740353,22.983695664575887
35,BAHERAMPURA,72.5806047624497,22.98816088007684
35,BAHERAMPURA,72.58322521468885,22.97852713543599
35,BAHERAMPURA,72.58281689165797,22.978789226420744
35,BAHERAMPURA,72.5458337304723,22.97975348606135
35,BAHERAMPURA,72.56157138321191,22.991717557831613
35,BAHERAMPURA,72.58497920974435,23.00408971320961
35,BAHERAMPURA,72.58293487453693,22.974910347374582
35,BAHERAMPURA,72.5711393941406,22.991559795871762
35,BAHERAMPURA,72.57395969056186,22.975290336872213
35,BAHERAMPURA,72.584603670212,22.978243046422943
35,BAHERAMPURA,72.55059931188316,22.978525355042233
35,BAHERAMPURA,72.57704483524975,22.978799354599396
35,BAHERAMPURA,72.57559605052691,22.978153098138574
35,BAHERAMPURA,72.57091969478624,22.994978490128748
35,BAHERAMPURA,72.58209828331053,22.97352608797938
35,BAHERAMPURA,72.58266440772923,23.006840418008697
35,BAHERAMPURA,72.57238427931429,22.977086699832565
35,BAHERAMPURA,72.5824810661677,23.007243262242135
35,BAHERAMPURA,72.58270902887033,22.98049736506177
35,BAHERAMPURA,72.56060781682754,22.985569646755813
35,BAHERAMPURA,72.58240536991077,22.979373489198515
35,BAHERAMPURA,72.56774377731158,22.99316467143584
35,BAHERAMPURA,72.57204574919835,22.983200137947076
35,BAHERAMPURA,72.55752099964526,22.989703079330045
35,BAHERAMPURA,72.57444961704492,22.98431291040322
35,BAHERAMPURA,72.57126463134185,22.997320406452747
35,BAHERAMPURA,72.55936979142105,22.992167908559633
35,BAHERAMPURA,72.54763914721896,22.98421283593393
35,BAHERAMPURA,72.56640791992581,22.98997362026357
35,BAHERAMPURA,72.57488392597364,22.99230689237479
35,BAHERAMPURA,72.54624225446646,22.979072516187692
35,BAHERAMPURA,72.5684377742385,22.97587267601965
35,BAHERAMPURA,72.56441559744005,22.976914812892485
35,BAHERAMPURA,72.58363086059701,22.983328166564508
35,BAHERAMPURA,72.57935431113866,22.992253133630143
35,BAHERAMPURA,72.57072861272152,22.980637560343457
35,BAHERAMPURA,72.57332923325878,23.001183236438596
35,BAHERAMPURA,72.58189001086369,23.006307410804204
35,BAHERAMPURA,72.56525722433543,22.988289706956834
35,BAHERAMPURA,72.57166225573407,22.984470072986216
35,BAHERAMPURA,72.5787474740602,22.97841499017501
35,BAHERAMPURA,72.57381839504158,22.99667726034412
35,BAHERAMPURA,72.55688805638081,22.98728226534551
35,BAHERAMPURA,72.5817668908351,22.977780043522294
35,BAHERAMPURA,72.57960495618666,23.007171516794607
35,BAHERAMPURA,72.55808022087108,22.98649977283782
35,BAHERAMPURA,72.58086445219483,22.999962939977454
35,BAHERAMPURA,72.56998399637243,22.997411397164797
35,BAHERAMPURA,72.57370909379787,22.974454037905783
35,BAHERAMPURA,72.54808626531748,22.979588387439858
35,BAHERAMPURA,72.56063907527987,22.991447895841933
35,BAHERAMPURA,72.57958214292965,22.97763879703517
35,BAHERAMPURA,72.5787315350793,22.98609836954254
35,BAHERAMPURA,72.57794859773658,22.974550774999194
35,BAHERAMPURA,72.55822365943378,22.99113424426009
35,BAHERAMPURA,72.57112648288282,23.004793992944613
35,BAHERAMPURA,72.58507599366985,22.974432402898632
35,BAHERAMPURA,72.58120990506846,23.00675332696234
35,BAHERAMPURA,72.55402046889411,22.986435311823133
35,BAHERAMPURA,72.55955313630211,22.98155788465063
35,BAHERAMPURA,72.56263118561888,22.992067330385613
35,BAHERAMPURA,72.56908879925422,23.000171645941638
35,BAHERAMPURA,72.57830448928995,22.998281962819615
35,BAHERAMPURA,72.56390807681439,22.975462647670966
35,BAHERAMPURA,72.58331869566247,22.976131698264652
35,BAHERAMPURA,72.58703659342308,22.973834607543807
35,BAHERAMPURA,72.57584294604659,22.983679917156277
35,BAHERAMPURA,72.58378298421283,23.00432494434333
35,BAHERAMPURA,72.57010523097534,22.97836978260203
35,BAHERAMPURA,72.56499426009842,22.978675547338373
35,BAHERAMPURA,72.57926791053507,22.973716702007614
35,BAHERAMPURA,72.55956881823158,22.981773181964
35,BAHERAMPURA,72.57539886681921,22.991009325651568
35,BAHERAMPURA,72.57978085063408,22.98085788754693
35,BAHERAMPURA,72.55241034093115,22.981954692101493
35,BAHERAMPURA,72.58063153086577,23.00503295787006
35,BAHERAMPURA,72.55684423156053,22.979493264548818
35,BAHERAMPURA,72.55998792734906,22.98313699561408
35,BAHERAMPURA,72.57317157782755,22.999685278239447
35,BAHERAMPURA,72.56457733261105,22.983716255537168
35,BAHERAMPURA,72.55643406577911,22.979753455533192
35,BAHERAMPURA,72.5591911055638,22.9790879675828
35,BAHERAMPURA,72.5542767764929,22.981934308069896
35,BAHERAMPURA,72.5758473182626,23.006830348739893
35,BAHERAMPURA,72.57290776334736,23.001185686637008
35,BAHERAMPURA,72.57467356929271,22.975371995144645
35,BAHERAMPURA,72.56974349545317,22.97625566901166
35,BAHERAMPURA,72.56642765974601,22.976018250818775
35,BAHERAMPURA,72.57119618459835,22.9901756824994
35,BAHERAMPURA,72.56783206557104,22.997587113267343
35,BAHERAMPURA,72.55409963896604,22.984909349796183
35,BAHERAMPURA,72.56461087321195,22.994406830333805
35,BAHERAMPURA,72.57530531089802,22.985248807604393
35,BAHERAMPURA,72.56259765093913,22.982312551246466
35,BAHERAMPURA,72.56647082371283,22.979770854612813
35,BAHERAMPURA,72.58294663248058,23.00398324026013
35,BAHERAMPURA,72.5858674567686,23.006213133212512
35,BAHERAMPURA,72.58356141648036,22.98144680403034
36,DANILIMDA,72.59066624482327,23.011838847417838
36,DANILIMDA,72.58705901571481,23.002633876578276
36,DANILIMDA,72.59063454346078,22.987869359378777
36,DANILIMDA,72.59025551822428,23.00135144289969
36,DANILIMDA,72.59290513509991,23.008823943607478
36,DANILIMDA,72.58360503835516,23.008101838595106
36,DANILIMDA,72.582364221113,22.994907204355677
36,DANILIMDA,72.5877668744317,23.007802122114317
36,DANILIMDA,72.59202214256729,23.010081153210756
36,DANILIMDA,72.58220529185219,22.99819537279148
36,DANILIMDA,72.58712989361688,23.00225505580014
36,DANILIMDA,72.58394446308289,22.99140739085774
36,DANILIMDA,72.58993048013147,22.98763874892001
36,DANILIMDA,72.5886069529686,23.009034243849573
36,DANILIMDA,72.58840402313278,23.00710231105316
36,DANILIMDA,72.58699731250846,22.99094618168638
36,DANILIMDA,72.58477112418234,22.98757841405838
36,DANILIMDA,72.59276719556723,22.986875455014676
36,DANILIMDA,72.58877673834469,22.995251853140683
36,DANILIMDA,72.59021612941073,23.003522243853745
36,DANILIMDA,72.59323724836499,22.990068256286065
36,DANILIMDA,72.58135523310854,23.00855374157121
36,DANILIMDA,72.5872554459229,22.997921769578898
36,DANILIMDA,72.58474134086136,22.983987689830673
36,DANILIMDA,72.58730648223751,23.01132101908728
36,DANILIMDA,72.5866165863072,22.98553883580405
36,DANILIMDA,72.58957261708194,22.985844812029857
36,DANILIMDA,72.59094289327753,22.989140993753153
36,DANILIMDA,72.58159464193442,22.99371960082361
36,DANILIMDA,72.5928198636241,23.003193411531186
36,DANILIMDA,72.58993370301135,22.99620680113831
36,DANILIMDA,72.58649169308924,22.992120768533496
36,DANILIMDA,72.5906659032751,22.994415017746803
36,DANILIMDA,72.58212474318842,22.997710892127706
36,DANILIMDA,72.58722234097036,22.98303107249597
36,DANILIMDA,72.5885386049925,23.00665974935428
36,DANILIMDA,72.58871101540586,23.0029480711072
36,DANILIMDA,72.5872570666341,22.988155704506685
36,DANILIMDA,72.5950603307907,22.989908161878418
36,DANILIMDA,72.58269039421756,22.992572588478126
36,DANILIMDA,72.59279855019739,22.990416132070525
36,DANILIMDA,72.59028580237191,23.001416321711563
36,DANILIMDA,72.58646114954327,23.00135181351461
36,DANILIMDA,72.5873962137026,22.99760843614649
36,DANILIMDA,72.5820844889726,22.996770533110293
36,DANILIMDA,72.58791517717648,22.991382423535434
36,DANILIMDA,72.58883170379448,22.99205566521087
36,DANILIMDA,72.59138113773805,23.00992875962101
36,DANILIMDA,72.58441103493669,23.002061685129064
36,DANILIMDA,72.58676780164232,22.991494783140954
36,DANILIMDA,72.58500842587996,23.003501260013923
36,DANILIMDA,72.59254376174712,22.987595528141963
36,DANILIMDA,72.58358910095569,22.989919680676383
36,DANILIMDA,72.58515026695474,22.997768294956597
36,DANILIMDA,72.59333053097554,23.002944806255865
36,DANILIMDA,72.59393264890899,22.99037496196409
36,DANILIMDA,72.59266289545837,23.005714933506166
36,DANILIMDA,72.5872070606763,23.00890777458293
36,DANILIMDA,72.58344607596739,22.994450578415808
36,DANILIMDA,72.59069321629015,23.00366511782464
36,DANILIMDA,72.58724600283891,22.996148596930475
36,DANILIMDA,72.58649450165498,22.997789982812268
36,DANILIMDA,72.58522688336981,22.990580888109832
36,DANILIMDA,72.58469464591214,22.99753048160857
36,DANILIMDA,72.58584440480101,23.000914051426047
36,DANILIMDA,72.5898984032183,23.005595043295784
36,DANILIMDA,72.58804969392655,23.009736957737914
36,DANILIMDA,72.59205466020263,22.997360748044272
36,DANILIMDA,72.58536864394678,23.007648368311116
36,DANILIMDA,72.59181258905595,23.00622627346122
36,DANILIMDA,72.59093485574613,23.01220340266895
36,DANILIMDA,72.58854561485872,23.00305976825038
36,DANILIMDA,72.59259069477544,22.99938248499859
36,DANILIMDA,72.58837921610541,23.00289729525828
36,DANILIMDA,72.59138370555374,22.99967591340087
36,DANILIMDA,72.58777432772177,22.988937320452372
36,DANILIMDA,72.5865637099701,22.98715013950137
36,DANILIMDA,72.58174030563922,23.009004083571888
36,DANILIMDA,72.58862982316757,23.00703303372081
36,DANILIMDA,72.5881764161458,22.99023360471413
36,DANILIMDA,72.58529915086875,23.000361878508357
36,DANILIMDA,72.59089767413028,23.000074700917978
36,DANILIMDA,72.58632818989439,23.009495094377392
36,DANILIMDA,72.59028667087459,23.012867410861613
36,DANILIMDA,72.59297758855557,22.99863439624056
36,DANILIMDA,72.59023849455563,22.99527992611176
36,DANILIMDA,72.58141695083792,22.995312142557847
36,DANILIMDA,72.59083832404929,23.01196010238559
36,DANILIMDA,72.58613142588875,22.99908995547225
36,DANILIMDA,72.59062632043131,22.992382134793985
36,DANILIMDA,72.5905120422806,22.990871528267608
36,DANILIMDA,72.58562110617484,23.01101572347678
36,DANILIMDA,72.5954751185791,22.987147056328872
36,DANILIMDA,72.5861100037414,22.99678728757688
36,DANILIMDA,72.5905504057273,23.001737734228254
36,DANILIMDA,72.59010008449431,23.01205563595009
36,DANILIMDA,72.58602957958026,22.997908663723592
36,DANILIMDA,72.58924422146897,23.00884574337022
36,DANILIMDA,72.5846537652889,23.001071769761577
36,DANILIMDA,72.58365767709768,22.986599843809586
36,DANILIMDA,72.58943629430662,22.985240328758778
36,DANILIMDA,72.59017668379659,23.005119474410932
36,DANILIMDA,72.58117310408058,22.991988118415154
36,DANILIMDA,72.58415593250092,23.002032527462514
36,DANILIMDA,72.58350017816088,22.997628085261766
36,DANILIMDA,72.59376092107567,22.99099694572161
36,DANILIMDA,72.58677879717412,22.98310355113302
36,DANILIMDA,72.59151980379434,22.993677938907695
36,DANILIMDA,72.59280476142372,23.00808040580032
36,DANILIMDA,72.59269757028294,23.005587077781815
36,DANILIMDA,72.5833331204383,22.99561423324984
36,DANILIMDA,72.58591071300438,22.990098131630734
36,DANILIMDA,72.5877502386913,23.004430247197313
36,DANILIMDA,72.59152657061273,22.996429481028272
36,DANILIMDA,72.58622394930786,23.000853413581957
36,DANILIMDA,72.58670769836827,22.989498474862334
36,DANILIMDA,72.5882609367295,23.003651047740792
36,DANILIMDA,72.5854321667151,22.991425731549644
36,DANILIMDA,72.58297827909219,22.99392165312495
36,DANILIMDA,72.59030801162221,22.9915390243353
36,DANILIMDA,72.58167490159754,23.008568373703405
36,DANILIMDA,72.59230845534375,22.99822939935618
36,DANILIMDA,72.58325786493339,23.007988770856254
36,DANILIMDA,72.58136254342757,22.9956551350792
36,DANILIMDA,72.58499162882372,23.009317501875355
36,DANILIMDA,72.59174590155058,23.00797995034551
36,DANILIMDA,72.5831810809239,22.99296317132264
36,DANILIMDA,72.59038390535122,22.999872506750254
36,DANILIMDA,72.5942634294507,22.98743215452582
36,DANILIMDA,72.58599481274517,22.9925419100839
36,DANILIMDA,72.58215678690874,22.99096386176886
36,DANILIMDA,72.58421928582938,23.00949682174958
36,DANILIMDA,72.58273443417576,23.008253203385017
36,DANILIMDA,72.59180069730947,22.99253350503468
36,DANILIMDA,72.58974606365724,22.99701547270282
36,DANILIMDA,72.58660013639158,22.984206382097224
36,DANILIMDA,72.59023506251708,23.006648926222613
36,DANILIMDA,72.58799961413389,22.989960138438498
36,DANILIMDA,72.5887396515585,23.00394522034038
36,DANILIMDA,72.58810115270278,22.984363539578055
36,DANILIMDA,72.58302965573012,22.987427625075938
36,DANILIMDA,72.58511340687743,23.01104797782094
36,DANILIMDA,72.58058286913791,22.993751626763547
36,DANILIMDA,72.59241039926145,23.00962812446692
36,DANILIMDA,72.59130317545333,23.005914268250056
36,DANILIMDA,72.58653901239279,22.99201376473405
36,DANILIMDA,72.58723154506698,23.00664002161321
36,DANILIMDA,72.5905089264109,23.006765040374525
36,DANILIMDA,72.59011442383014,23.00554694991354
36,DANILIMDA,72.58190447486685,22.99269208331065
36,DANILIMDA,72.5889593531711,22.98305002259482
36,DANILIMDA,72.59506753485786,22.99004952263774
36,DANILIMDA,72.58352774718726,22.98774039989281
36,DANILIMDA,72.59198302687217,22.994723852303864
36,DANILIMDA,72.589189801601,22.9893159437862
36,DANILIMDA,72.58880665598562,22.995755450733526
36,DANILIMDA,72.58880578236024,23.011645262056238
36,DANILIMDA,72.5887480219558,23.008747149656198
36,DANILIMDA,72.58834887304,23.00105153708215
36,DANILIMDA,72.59466837868464,22.990365953586974
36,DANILIMDA,72.59511674763506,22.989168341371602
36,DANILIMDA,72.59093076087416,23.007323471760653
36,DANILIMDA,72.58837194404414,22.984530530489472
36,DANILIMDA,72.58566300965269,23.00458168750728
36,DANILIMDA,72.58365150644542,22.988524271315725
36,DANILIMDA,72.58460315465376,22.984531292851276
36,DANILIMDA,72.58786359606717,23.003502369719723
36,DANILIMDA,72.58291529072604,22.99502266844433
36,DANILIMDA,72.58823371761125,23.00050654577795
36,DANILIMDA,72.5824390396315,23.007888080167074
36,DANILIMDA,72.58741084287051,22.993414145169552
36,DANILIMDA,72.59035528232036,22.986357448310443
36,DANILIMDA,72.58319415387902,22.99398939068615
36,DANILIMDA,72.58711075390596,22.99447140162336
36,DANILIMDA,72.58872714663738,23.001389969131168
36,DANILIMDA,72.59612028456708,22.987330997062685
36,DANILIMDA,72.58523524186572,22.995748729985323
36,DANILIMDA,72.5854710070297,23.009098029557364
36,DANILIMDA,72.59221987772588,22.99731195012322
36,DANILIMDA,72.58930567938295,23.00152925462596
36,DANILIMDA,72.58850715634998,22.99865790464798
36,DANILIMDA,72.59056718377742,22.989215610750144
36,DANILIMDA,72.59172173593993,23.00228870099399
36,DANILIMDA,72.58510751347097,23.00977604621818
36,DANILIMDA,72.59154623161196,22.99801358285269
36,DANILIMDA,72.59199667098918,23.00224874861574
36,DANILIMDA,72.581157153664,23.00960108388409
36,DANILIMDA,72.58919314115062,23.0086433587775
36,DANILIMDA,72.59022658877137,23.006668911698434
36,DANILIMDA,72.59191022941327,22.990699330326414
36,DANILIMDA,72.58271195741087,22.992138995582902
36,DANILIMDA,72.58846978837201,23.01021633215618
36,DANILIMDA,72.59305741402856,22.992013599218666
36,DANILIMDA,72.5849832563032,23.008890431657942
36,DANILIMDA,72.58182674723997,22.993625697702942
36,DANILIMDA,72.5877161213929,23.01078703707779
36,DANILIMDA,72.5908202419133,22.98783312350895
36,DANILIMDA,72.58423684578966,22.988627084618326
36,DANILIMDA,72.59292772525218,23.00529575078551
36,DANILIMDA,72.58449210939807,22.98423638061195
37,MANINAGAR,72.59617273792858,23.00371977419334
37,MANINAGAR,72.59441119090525,23.00124485344482
37,MANINAGAR,72.60615715704279,23.005253231856358
37,MANINAGAR,72.59519753390089,22.999211107313382
37,MANINAGAR,72.60279598292793,23.00916201240667
37,MANINAGAR,72.6029155740724,22.997809253672063
37,MANINAGAR,72.59515493162772,23.005431032982948
37,MANINAGAR,72.60631136598276,23.00602678628584
37,MANINAGAR,72.6121006980422,22.99518326791244
37,MANINAGAR,72.59648004002295,23.01157822139688
37,MANINAGAR,72.60355032060997,23.01252583773293
37,MANINAGAR,72.59513826077749,23.00267290907054
37,MANINAGAR,72.59671575801869,22.991097444646662
37,MANINAGAR,72.61333327287564,22.99226743677699
37,MANINAGAR,72.59815400970187,23.00987164129823
37,MANINAGAR,72.60315713775326,23.006027384460875
37,MANINAGAR,72.60501033637829,22.995129098419014
37,MANINAGAR,72.59878228922518,23.006854218544238
37,MANINAGAR,72.60434018074116,22.996553123608102
37,MANINAGAR,72.60624955663945,22.998157446303722
37,MANINAGAR,72.60305848481903,23.004992417537217
37,MANINAGAR,72.60267389601339,23.012199876537668
37,MANINAGAR,72.60328591149234,23.012514695629743
37,MANINAGAR,72.60435305041437,23.001647302429173
37,MANINAGAR,72.59690807952894,22.99271159215721
37,MANINAGAR,72.5931476861591,23.006784820214172
37,MANINAGAR,72.5951864694007,23.002455241234507
37,MANINAGAR,72.60437388085678,23.01016387567945
37,MANINAGAR,72.60038225687082,23.011386132845992
37,MANINAGAR,72.59567875643027,22.995397804047265
37,MANINAGAR,72.60840235477527,23.00437323935421
37,MANINAGAR,72.59706274344103,23.010907142157752
37,MANINAGAR,72.60784407677043,22.99593810629064
37,MANINAGAR,72.60154298738577,22.9947824658397
37,MANINAGAR,72.59542123043354,22.992375605690142
37,MANINAGAR,72.5990462747537,22.99771274336176
37,MANINAGAR,72.59826740586186,22.995732252473424
37,MANINAGAR,72.60901770621062,22.990157517603002
37,MANINAGAR,72.59662862759303,23.011786614512463
37,MANINAGAR,72.6027002954572,22.992348314395606
37,MANINAGAR,72.61034200710188,22.999681045522806
37,MANINAGAR,72.61412560257631,22.991093798082982
37,MANINAGAR,72.60036852464569,23.006519519057992
37,MANINAGAR,72.60524348894765,22.998510823078774
37,MANINAGAR,72.60535626948791,22.99548584454111
37,MANINAGAR,72.60628821313021,23.001477400051325
37,MANINAGAR,72.5961322677935,22.995949265773238
37,MANINAGAR,72.60589752860838,23.00802474513283
37,MANINAGAR,72.60876268244378,23.003496284725504
37,MANINAGAR,72.60205153962353,23.003184583813532
37,MANINAGAR,72.6013860870507,22.99905037558056
37,MANINAGAR,72.59463682715618,23.000908371546586
37,MANINAGAR,72.60498345447998,22.995839164137077
37,MANINAGAR,72.60110336962451,23.00777868718032
37,MANINAGAR,72.61356237780213,22.99113205119417
37,MANINAGAR,72.6033434542886,23.000324420690934
37,MANINAGAR,72.60092822124182,23.00133733597618
37,MANINAGAR,72.59547679895007,23.004662286289765
37,MANINAGAR,72.60476257943212,23.00815805781109
37,MANINAGAR,72.60282254860988,22.99971625445743
37,MANINAGAR,72.60421014779503,22.990077281438083
37,MANINAGAR,72.59917801945396,23.00957591280633
37,MANINAGAR,72.60848406127792,23.0032462403338
37,MANINAGAR,72.59493977577405,23.009570458069984
37,MANINAGAR,72.59908067097193,23.001205570450477
37,MANINAGAR,72.59762782092385,23.00082811538424
37,MANINAGAR,72.60501551625016,22.996051911364333
37,MANINAGAR,72.6037518561882,22.997789557698095
37,MANINAGAR,72.60805803208063,23.001441600872113
37,MANINAGAR,72.59504515241605,23.00096480850024
37,MANINAGAR,72.59873255029972,23.00052253448494
37,MANINAGAR,72.60843475579242,22.998646470408417
37,MANINAGAR,72.61401959640183,22.992315698286856
37,MANINAGAR,72.60393483387786,22.99373930290661
37,MANINAGAR,72.61051200058462,22.992005860426108
37,MANINAGAR,72.60489695760744,23.001135762132343
37,MANINAGAR,72.59541112649035,22.990265699166077
37,MANINAGAR,72.59930525609175,23.007250578511606
37,MANINAGAR,72.60368989323204,23.004364490859714
37,MANINAGAR,72.59251903440635,23.011504752003933
37,MANINAGAR,72.59610406913501,22.99548048928983
37,MANINAGAR,72.60386750629858,23.00989415979897
37,MANINAGAR,72.59586749161747,22.994041009523833
37,MANINAGAR,72.60831729797322,23.001137605083432
37,MANINAGAR,72.60195638753929,23.007765882067297
37,MANINAGAR,72.59950890421392,22.989295395373457
37,MANINAGAR,72.60129827508757,23.00733726669287
37,MANINAGAR,72.60303625129706,23.01292073447151
37,MANINAGAR,72.60075363834588,22.99222160688804
37,MANINAGAR,72.61065646614496,22.996864482760667
37,MANINAGAR,72.60134188705061,22.99605913997727
37,MANINAGAR,72.59620312863005,22.999625640672146
37,MANINAGAR,72.6070807615896,22.995318484600283
37,MANINAGAR,72.60329654299186,23.0012609437963
37,MANINAGAR,72.59722657285594,23.0083106496141
37,MANINAGAR,72.60193175341011,23.005113275537944
37,MANINAGAR,72.60929238414326,22.997997436518794
37,MANINAGAR,72.605233975738,23.006783441124234
37,MANINAGAR,72.60790894420872,22.989645597511824
37,MANINAGAR,72.60183063952154,23.010584164726932
37,MANINAGAR,72.59599244934553,22.995243574862965
37,MANINAGAR,72.59370690345726,23.01009488491513
37,MANINAGAR,72.59733219193039,23.0098395747098
37,MANINAGAR,72.60280227991458,22.989818639858186
37,MANINAGAR,72.59723707119126,23.004315620896673
37,MANINAGAR,72.59524217675526,23.011999572129948
37,MANINAGAR,72.59748331717877,22.989360931572214
37,MANINAGAR,72.5961131459863,23.002601889264376
37,MANINAGAR,72.59887958685638,23.00825794547331
37,MANINAGAR,72.60147736442478,23.00594769234747
37,MANINAGAR,72.60830075917897,22.99062864449552
37,MANINAGAR,72.59365163068838,23.009339830764503
37,MANINAGAR,72.60813345874448,22.991667319189148
37,MANINAGAR,72.60766458985668,22.995760454121537
37,MANINAGAR,72.59365551261544,22.993092268467695
37,MANINAGAR,72.6093687058953,22.997383518443424
37,MANINAGAR,72.60462715398896,22.990648885039764
37,MANINAGAR,72.59446261240855,22.993370188068106
37,MANINAGAR,72.60300145401561,23.009472231094026
37,MANINAGAR,72.60953924041381,22.991272106578016
37,MANINAGAR,72.59398633165638,22.99300602771532
37,MANINAGAR,72.61051727553242,22.996823280413807
37,MANINAGAR,72.60565172083666,23.00278864667295
37,MANINAGAR,72.60646733144918,22.999487858021492
37,MANINAGAR,72.59775740383277,22.998383906076747
37,MANINAGAR,72.60510803841039,22.99999615690935
37,MANINAGAR,72.59509597986688,23.00698901418708
37,MANINAGAR,72.5969126371437,23.011408068167825
37,MANINAGAR,72.60070264605166,23.00343564584085
37,MANINAGAR,72.59740699663597,22.99361228698948
37,MANINAGAR,72.60629267958555,22.99987684716509
37,MANINAGAR,72.59540429283183,22.993366862333644
37,MANINAGAR,72.59326910078599,22.997894935220664
37,MANINAGAR,72.60348776341988,23.00332650875814
37,MANINAGAR,72.5985250232769,22.989996735864345
37,MANINAGAR,72.59657163104923,23.01185294089474
37,MANINAGAR,72.60466806621572,22.992836119174115
37,MANINAGAR,72.59827140710573,22.994068801213867
37,MANINAGAR,72.59848228077843,23.00479397206459
37,MANINAGAR,72.59899228757008,22.995254261194574
37,MANINAGAR,72.60272184598139,22.997029760039247
37,MANINAGAR,72.6029449294892,23.006086496860917
37,MANINAGAR,72.60330550312563,22.999222689685215
37,MANINAGAR,72.59980451074486,23.00767325882457
37,MANINAGAR,72.60711600032565,22.996658542787113
37,MANINAGAR,72.60403552806476,22.99248442138819
37,MANINAGAR,72.60797931983457,22.993711213380774
37,MANINAGAR,72.60023686158489,22.988836001795427
37,MANINAGAR,72.59732202571719,22.992194613184108
37,MANINAGAR,72.60447614272107,22.99728626227139
37,MANINAGAR,72.60593026873966,23.004463533452896
37,MANINAGAR,72.59743511302646,23.00036774179144
37,MANINAGAR,72.59579387615481,23.00847574571323
37,MANINAGAR,72.59544825108075,23.00054756290542
37,MANINAGAR,72.61156238886302,22.992383175704038
37,MANINAGAR,72.59812201370073,22.98946863138287
37,MANINAGAR,72.60374374324161,23.01259172557625
37,MANINAGAR,72.60697179520665,22.999252074840523
37,MANINAGAR,72.60266675849294,23.00370525015608
37,MANINAGAR,72.6038840046593,23.004028940402353
37,MANINAGAR,72.61042139468881,22.999282978463402
37,MANINAGAR,72.60170860612638,23.00183304340974
37,MANINAGAR,72.59711219429605,22.9910151567102
37,MANINAGAR,72.59764947136496,23.005906750602815
37,MANINAGAR,72.60648204615202,23.001255123635158
37,MANINAGAR,72.60351239672471,22.997342471264385
37,MANINAGAR,72.60956275636927,22.99466770935948
37,MANINAGAR,72.59516765397737,22.99608394670771
37,MANINAGAR,72.59974369347621,23.006373789467105
37,MANINAGAR,72.60415593945508,22.994102307062285
37,MANINAGAR,72.59756757831971,22.99915279611695
37,MANINAGAR,72.60734911551927,23.000509893624184
37,MANINAGAR,72.59824728511913,23.003457704455254
37,MANINAGAR,72.60425711282228,22.996984209163596
37,MANINAGAR,72.59728933036514,23.01022736661111
37,MANINAGAR,72.60018616295734,22.989462436446214
37,MANINAGAR,72.603533568169,22.99108002104334
37,MANINAGAR,72.5943754483921,23.00763743403905
37,MANINAGAR,72.60440405907741,23.00482027431421
37,MANINAGAR,72.6023161831999,23.006726162966167
37,MANINAGAR,72.59830604644706,22.990509874346156
37,MANINAGAR,72.6134077481076,22.993150089785406
37,MANINAGAR,72.61285876805371,22.991899820613366
37,MANINAGAR,72.60345667393105,22.99627013884411
37,MANINAGAR,72.59502701072981,23.00359937098565
37,MANINAGAR,72.60112250842906,23.00501975094644
37,MANINAGAR,72.60534159244466,22.99674825901141
37,MANINAGAR,72.60212622534047,22.997698663106384
37,MANINAGAR,72.61009978046906,22.995841626209995
37,MANINAGAR,72.60524438008497,23.006413615902414
37,MANINAGAR,72.60499576622075,22.99510171142571
37,MANINAGAR,72.60660306535699,22.99344728788222
37,MANINAGAR,72.60138484268242,23.006411317199888
37,MANINAGAR,72.59704152978442,22.989453685696223
37,MANINAGAR,72.5943439533106,23.00247262271017
37,MANINAGAR,72.61235969828282,22.9929331759862
37,MANINAGAR,72.6094640916103,22.98802803531299
37,MANINAGAR,72.60032214283133,23.00435141892074
37,MANINAGAR,72.60659865340652,22.999289753791736
37,MANINAGAR,72.59374277875614,22.99433448440306
38,GOMTIPUR,72.6140385582116,23.015935439673814
38,GOMTIPUR,72.60546108529229,23.02329173244062
38,GOMTIPUR,72.6060820766796,23.014502929494686
38,GOMTIPUR,72.61143687852164,23.01509295430215
38,GOMTIPUR,72.61425334891061,23.019900532612585
38,GOMTIPUR,72.62117598839251,23.02117907568366
38,GOMTIPUR,72.60508504769491,23.01740092879438
38,GOMTIPUR,72.60442262018633,23.025741843214366
38,GOMTIPUR,72.63569191943252,23.016822377517812
38,GOMTIPUR,72.6044945071308,23.017214179879225
38,GOMTIPUR,72.6263347293231,23.0196075367324
38,GOMTIPUR,72.60530568396892,23.023922517482728
38,GOMTIPUR,72.61414649119226,23.01329296790009
38,GOMTIPUR,72.61370836411214,23.0229825813168
38,GOMTIPUR,72.62576509681053,23.01933940040722
38,GOMTIPUR,72.61167810385787,23.018409751133753
38,GOMTIPUR,72.61549672665656,23.018001422477088
38,GOMTIPUR,72.61954472110256,23.018956257829117
38,GOMTIPUR,72.60504205767901,23.0165404709228
38,GOMTIPUR,72.60603981754785,23.02110426971562
38,GOMTIPUR,72.61703994855394,23.022125945032826
38,GOMTIPUR,72.60448529395813,23.01734136464379
38,GOMTIPUR,72.60775537093511,23.017661324509852
38,GOMTIPUR,72.61216911550166,23.025752867229656
38,GOMTIPUR,72.63823197606358,23.01847514466188
38,GOMTIPUR,72.6087373828273,23.01958287208215
38,GOMTIPUR,72.61976852664885,23.019113611333772
38,GOMTIPUR,72.60648548057249,23.01744161667708
38,GOMTIPUR,72.60956963695884,23.02357842804582
38,GOMTIPUR,72.60513804505325,23.015143929008918
38,GOMTIPUR,72.60908489984983,23.02563025678378
38,GOMTIPUR,72.60412651778599,23.02328533955505
38,GOMTIPUR,72.61197967262414,23.020816600067903
38,GOMTIPUR,72.60784402718649,23.024095335421183
38,GOMTIPUR,72.61008560184177,23.01911817069796
38,GOMTIPUR,72.60846587054634,23.024844198651166
38,GOMTIPUR,72.63744087244784,23.018302302731914
38,GOMTIPUR,72.6114918795854,23.0205815449316
38,GOMTIPUR,72.60537875133181,23.0192979671335
38,GOMTIPUR,72.62463867992264,23.01925944857342
38,GOMTIPUR,72.62936668538684,23.01711713363143
38,GOMTIPUR,72.60472020411804,23.023290793923735
38,GOMTIPUR,72.60162567430451,23.02596599632677
38,GOMTIPUR,72.62950737695849,23.016240118010682
38,GOMTIPUR,72.60465964436082,23.014948629406124
38,GOMTIPUR,72.62844142360736,23.017472680376045
38,GOMTIPUR,72.63414696286354,23.01882417265112
38,GOMTIPUR,72.60622727478669,23.023523912640226
38,GOMTIPUR,72.621037047888,23.020977196494584
38,GOMTIPUR,72.60253642303257,23.01948139262846
38,GOMTIPUR,72.61116187291606,23.015714431959925
38,GOMTIPUR,72.61318294604723,23.01932583327421
38,GOMTIPUR,72.60906481723491,23.022305632815375
38,GOMTIPUR,72.61362410337205,23.01846236455903
38,GOMTIPUR,72.62208779086532,23.017809063016383
38,GOMTIPUR,72.62954996128289,23.019947079977538
38,GOMTIPUR,72.61496531397631,23.015237699540414
38,GOMTIPUR,72.60573707837622,23.015446543092956
38,GOMTIPUR,72.63024964893137,23.017835278036706
38,GOMTIPUR,72.63069490688477,23.01465868509432
38,GOMTIPUR,72.60967349337609,23.016341370537596
38,GOMTIPUR,72.63377612549006,23.01650727071078
38,GOMTIPUR,72.60711595111678,23.016005462116276
38,GOMTIPUR,72.61670101991724,23.01759419625158
38,GOMTIPUR,72.62047030933158,23.01832337475683
38,GOMTIPUR,72.61374977309141,23.018100611646126
38,GOMTIPUR,72.61513301387988,23.018577621890238
38,GOMTIPUR,72.62563583145668,23.021652788912885
38,GOMTIPUR,72.6232303096005,23.018004820038588
38,GOMTIPUR,72.614387611382,23.01511113616653
38,GOMTIPUR,72.63510179720008,23.019996200883043
38,GOMTIPUR,72.60964875803684,23.016732809821978
38,GOMTIPUR,72.62771863531114,23.02016089462735
38,GOMTIPUR,72.60548339176346,23.014757491512636
38,GOMTIPUR,72.62509311635317,23.021444807780927
38,GOMTIPUR,72.61584931170502,23.01772708572165
38,GOMTIPUR,72.63387081144297,23.019672854094793
38,GOMTIPUR,72.61201691773624,23.019672687230035
38,GOMTIPUR,72.61991887934927,23.01834645642394
38,GOMTIPUR,72.60241137151094,23.02284795619288
38,GOMTIPUR,72.62059204211197,23.02139909380306
38,GOMTIPUR,72.61564488813487,23.015410752955955
38,GOMTIPUR,72.60687003800908,23.019187421929953
38,GOMTIPUR,72.60874845272117,23.019175903722093
38,GOMTIPUR,72.63500232601704,23.019213338909474
38,GOMTIPUR,72.63691497011142,23.018151593174814
38,GOMTIPUR,72.60709916727116,23.017768125692623
38,GOMTIPUR,72.63447178891766,23.01775995593233
38,GOMTIPUR,72.60229753748848,23.020030530036916
38,GOMTIPUR,72.6013635420681,23.02405285664914
38,GOMTIPUR,72.63585974320054,23.0145187065371
38,GOMTIPUR,72.60250388161869,23.02214553165058
38,GOMTIPUR,72.63183121888106,23.016260727408284
38,GOMTIPUR,72.6256765249415,23.01952196722748
38,GOMTIPUR,72.6089057048665,23.025484984022178
38,GOMTIPUR,72.6095566099871,23.02459199593575
38,GOMTIPUR,72.61005335583968,23.016470760662422
38,GOMTIPUR,72.61135373870574,23.01923972952109
38,GOMTIPUR,72.60381523140529,23.018022041611886
38,GOMTIPUR,72.62710300564873,23.017438501266444
38,GOMTIPUR,72.62879359428794,23.020109036117894
38,GOMTIPUR,72.61636373618335,23.018069120342194
38,GOMTIPUR,72.6220703787058,23.01794098662167
38,GOMTIPUR,72.60795103301493,23.024681295598324
38,GOMTIPUR,72.61363953283411,23.022038887957525
38,GOMTIPUR,72.6383189905136,23.016605907966415
38,GOMTIPUR,72.61132448302473,23.014960233463864
38,GOMTIPUR,72.6380608732241,23.01854149403852
38,GOMTIPUR,72.63526913244053,23.018277010887232
38,GOMTIPUR,72.61865382747625,23.02093777952009
38,GOMTIPUR,72.62426111350669,23.01957594601071
38,GOMTIPUR,72.60827830650575,23.020610556606695
38,GOMTIPUR,72.60183087552153,23.026055925126485
38,GOMTIPUR,72.60913999249435,23.020701560818548
38,GOMTIPUR,72.62108256417147,23.018104288514586
38,GOMTIPUR,72.61734904713668,23.01856073931695
38,GOMTIPUR,72.60984887126331,23.013699012481755
38,GOMTIPUR,72.61598162478435,23.0186947389314
38,GOMTIPUR,72.6198826339692,23.01803499415907
38,GOMTIPUR,72.60322220635958,23.024358696724356
38,GOMTIPUR,72.61116748326106,23.014983979909413
38,GOMTIPUR,72.61097018128963,23.016087398798124
38,GOMTIPUR,72.62970191938254,23.01793601499135
38,GOMTIPUR,72.63808331479196,23.014157955605345
38,GOMTIPUR,72.60323041473475,23.020266249115537
38,GOMTIPUR,72.62305294717027,23.018285664426365
38,GOMTIPUR,72.61353019333205,23.02377238986711
38,GOMTIPUR,72.62395469400278,23.01878869043383
38,GOMTIPUR,72.61672172969946,23.020155162783443
38,GOMTIPUR,72.60514530855865,23.014407648259567
38,GOMTIPUR,72.60508367241863,23.013798759248957
38,GOMTIPUR,72.61101580614888,23.02245659003404
38,GOMTIPUR,72.61060344499981,23.018904795878115
38,GOMTIPUR,72.60515734096883,23.02471993980472
38,GOMTIPUR,72.61989676568354,23.019062491759
38,GOMTIPUR,72.62418178032642,23.018863604060275
38,GOMTIPUR,72.6377080561315,23.01481125980786
38,GOMTIPUR,72.60407709692396,23.01743252669804
38,GOMTIPUR,72.62212467570129,23.01755802864783
38,GOMTIPUR,72.62527681953293,23.018924474418103
38,GOMTIPUR,72.60902540705665,23.018067211985027
38,GOMTIPUR,72.61192910111623,23.021623617006046
38,GOMTIPUR,72.63178716218596,23.01613676552231
38,GOMTIPUR,72.61506227809977,23.019428134057495
38,GOMTIPUR,72.61464302501314,23.017750972591134
38,GOMTIPUR,72.60936886473576,23.018871703979194
38,GOMTIPUR,72.62373914851104,23.020243501750468
38,GOMTIPUR,72.63666997421251,23.017040243496417
38,GOMTIPUR,72.61534772189754,23.02101041704384
38,GOMTIPUR,72.61084045939427,23.016760676745307
38,GOMTIPUR,72.61551559578159,23.018076640791964
38,GOMTIPUR,72.60640732543729,23.022952586326575
38,GOMTIPUR,72.61027110372521,23.014856581707786
38,GOMTIPUR,72.60453958278126,23.015584845781852
38,GOMTIPUR,72.61058516190185,23.017286531072365
38,GOMTIPUR,72.60842022622117,23.025443456871226
38,GOMTIPUR,72.61459231223387,23.020740113761494
38,GOMTIPUR,72.63209431002034,23.01717818754768
38,GOMTIPUR,72.61869058916622,23.01424082200255
38,GOMTIPUR,72.61085156623304,23.025069041904043
38,GOMTIPUR,72.6289437234733,23.019535183675384
38,GOMTIPUR,72.62750089219115,23.019067068611268
38,GOMTIPUR,72.62612034965032,23.020523583627977
38,GOMTIPUR,72.61402820522147,23.015836238090685
38,GOMTIPUR,72.6351974073757,23.013522786136622
38,GOMTIPUR,72.61248947249477,23.022914073653904
38,GOMTIPUR,72.63825847766569,23.01784625951086
38,GOMTIPUR,72.6088831961627,23.014476939712484
38,GOMTIPUR,72.60240854588704,23.02288507086694
38,GOMTIPUR,72.60667088647934,23.022189549302652
38,GOMTIPUR,72.61240140743251,23.014115187058234
38,GOMTIPUR,72.61519325392993,23.02061742544937
38,GOMTIPUR,72.6097171984959,23.02496496948669
38,GOMTIPUR,72.60901681273785,23.022093096999196
38,GOMTIPUR,72.60951774515448,23.02262143592417
38,GOMTIPUR,72.6172603029695,23.021176492821873
38,GOMTIPUR,72.61989332951207,23.01971721427914
38,GOMTIPUR,72.62835147337562,23.017985187786085
38,GOMTIPUR,72.63374574634942,23.014127503642424
38,GOMTIPUR,72.63108094476443,23.016421521033166
38,GOMTIPUR,72.61437295987866,23.0139585033358
38,GOMTIPUR,72.63839770725743,23.01838557604052
38,GOMTIPUR,72.61068917808107,23.024674800235907
38,GOMTIPUR,72.62938030048606,23.014860006741223
38,GOMTIPUR,72.63618876352463,23.01894838126607
38,GOMTIPUR,72.61191288016286,23.020624675551424
38,GOMTIPUR,72.61717727758473,23.021374114842462
38,GOMTIPUR,72.60499748092981,23.01562311900211
38,GOMTIPUR,72.60448936669142,23.018667302124197
38,GOMTIPUR,72.62515495297109,23.021502024185043
38,GOMTIPUR,72.60476862100592,23.02003837656507
38,GOMTIPUR,72.61549304881379,23.013715208603106
38,GOMTIPUR,72.60249751735803,23.024642030728078
38,GOMTIPUR,72.61301488828573,23.023089174863166
38,GOMTIPUR,72.62846134276526,23.01653466621329
38,GOMTIPUR,72.63773497884733,23.018260559343506
38,GOMTIPUR,72.61495949756866,23.01731541197043
38,GOMTIPUR,72.63739439369354,23.01712326846399
38,GOMTIPUR,72.62137236923832,23.021206861162177
38,GOMTIPUR,72.60933819556733,23.02396393601225
39,AMRAIWADI,72.61680185635039,23.01223169215974
39,AMRAIWADI,72.62460618487397,23.014627474253217
39,AMRAIWADI,72.62424080973415,23.010012905068436
39,AMRAIWADI,72.62098196363445,23.009885123586848
39,AMRAIWADI,72.63420233005537,23.008032764951096
39,AMRAIWADI,72.61718025710682,23.004083090250234
39,AMRAIWADI,72.62587188848802,23.00455924445868
39,AMRAIWADI,72.61908871674957,23.003518233684854
39,AMRAIWADI,72.6222971219583,23.007787145088656
39,AMRAIWADI,72.62466861283893,23.010127110208664
39,AMRAIWADI,72.62651451080197,23.005962935398863
39,AMRAIWADI,72.63582892236343,23.008628356157
39,AMRAIWADI,72.63378711834717,23.009472295874282
39,AMRAIWADI,72.62004356100401,23.012818165438198
39,AMRAIWADI,72.61427657125591,23.017082559349074
39,AMRAIWADI,72.62155474912889,23.012336231012924
39,AMRAIWADI,72.63653456266384,23.005758994625683
39,AMRAIWADI,72.62744238583835,23.00948622133221
39,AMRAIWADI,72.61596998837278,23.007067406351908
39,AMRAIWADI,72.62428345972715,23.015060988206848
39,AMRAIWADI,72.62573565962205,23.00133670838186
39,AMRAIWADI,72.62377050345897,23.014503953364336
39,AMRAIWADI,72.62643514713129,23.006235721067064
39,AMRAIWADI,72.61365057120577,23.016847537277513
39,AMRAIWADI,72.62526365761832,23.00157763287686
39,AMRAIWADI,72.62723712434168,23.00842095586651
39,AMRAIWADI,72.61828107394045,23.002602217121616
39,AMRAIWADI,72.6213574566235,23.00461528448147
39,AMRAIWADI,72.62622483372724,23.014381994972567
39,AMRAIWADI,72.61946281162977,23.010160365267343
39,AMRAIWADI,72.62357127109941,23.006971685027253
39,AMRAIWADI,72.62561123552757,23.012633305242144
39,AMRAIWADI,72.61951880987455,23.006648720308046
39,AMRAIWADI,72.61711821695286,23.005454327326145
39,AMRAIWADI,72.61415205044258,23.012405420606044
39,AMRAIWADI,72.61748475130142,23.00727626555599
39,AMRAIWADI,72.62966235672616,23.01196052129674
39,AMRAIWADI,72.6191808866247,23.010192035241975
39,AMRAIWADI,72.61553331203184,23.01689168156214
39,AMRAIWADI,72.6242580817823,23.013040968254774
39,AMRAIWADI,72.61275256170354,23.010571402418453
39,AMRAIWADI,72.62508748889786,23.003738926053384
39,AMRAIWADI,72.62325311839386,23.014245838101264
39,AMRAIWADI,72.62955700542439,23.013110744937848
39,AMRAIWADI,72.61546873277672,23.005490578974964
39,AMRAIWADI,72.6176605480588,23.015572536314647
39,AMRAIWADI,72.61962828358709,23.01106031711485
39,AMRAIWADI,72.61016611259305,23.012344422288372
39,AMRAIWADI,72.617927572291,23.00771623523579
39,AMRAIWADI,72.61947447499395,23.00908203097306
39,AMRAIWADI,72.6302981029448,23.01248373433919
39,AMRAIWADI,72.61745776954557,23.01631265439672
39,AMRAIWADI,72.62507456334916,23.00218400558023
39,AMRAIWADI,72.63730670892757,23.00853365534794
39,AMRAIWADI,72.61363785171712,23.01275511532546
39,AMRAIWADI,72.61596896937185,23.0026481563621
39,AMRAIWADI,72.6169755741511,23.009858026679435
39,AMRAIWADI,72.62423760184342,23.00766678808063
39,AMRAIWADI,72.617389301811,23.008131468756922
39,AMRAIWADI,72.62706836497358,23.005194860462154
39,AMRAIWADI,72.62896392639789,23.01192284831629
39,AMRAIWADI,72.62477671194628,23.00911116288682
39,AMRAIWADI,72.62665216220772,23.016115606500026
39,AMRAIWADI,72.62126401133654,23.00720335744225
39,AMRAIWADI,72.63781913660291,23.011777103011177
39,AMRAIWADI,72.61665056285494,23.011844668132657
39,AMRAIWADI,72.62088495554465,23.012030312983267
39,AMRAIWADI,72.61568556710318,23.010819906414575
39,AMRAIWADI,72.6191222291272,23.006956854112904
39,AMRAIWADI,72.61907415620813,23.01302886129861
39,AMRAIWADI,72.63603951412951,23.010883380944545
39,AMRAIWADI,72.62676019677494,23.00618383459806
39,AMRAIWADI,72.62324307842631,23.007162256057672
39,AMRAIWADI,72.62739298618357,23.008594804270555
39,AMRAIWADI,72.61515909612297,23.012114007320857
39,AMRAIWADI,72.6226399891578,23.010700359573814
39,AMRAIWADI,72.63454934486523,23.006941901435127
39,AMRAIWADI,72.6258232459721,23.001787625282596
39,AMRAIWADI,72.6157918625847,23.00584279886268
39,AMRAIWADI,72.63002343887322,23.009681908077916
39,AMRAIWADI,72.6185119711534,23.01121444612517
39,AMRAIWADI,72.61556481078603,23.01291640839318
39,AMRAIWADI,72.63456742559457,23.00660422561629
39,AMRAIWADI,72.62364144159208,23.006738492154895
39,AMRAIWADI,72.6249259040667,23.006110997065427
39,AMRAIWADI,72.63729165380255,23.01032948476667
39,AMRAIWADI,72.62541135560639,23.010546074264944
39,AMRAIWADI,72.62458278910204,23.002432336596517
39,AMRAIWADI,72.6182834948261,23.015507346088114
39,AMRAIWADI,72.62805191191835,23.012107097668448
39,AMRAIWADI,72.61805291997182,23.002264559506337
39,AMRAIWADI,72.62235685858336,23.01312058628118
39,AMRAIWADI,72.62738053519062,23.01228772083124
39,AMRAIWADI,72.62009875522578,23.00653641931072
39,AMRAIWADI,72.61652483956257,23.012442556386027
39,AMRAIWADI,72.62812124113388,23.010929218233695
39,AMRAIWADI,72.62447021077256,23.005498408399507
39,AMRAIWADI,72.6318677982716,23.01044959774738
39,AMRAIWADI,72.62892381428001,23.010269134427404
39,AMRAIWADI,72.63809288307752,23.013150233792008
39,AMRAIWADI,72.61598247822101,23.008665113669437
39,AMRAIWADI,72.62043758919754,23.00811289354161
39,AMRAIWADI,72.61823500658035,23.00613510171409
39,AMRAIWADI,72.62140503114844,23.007870139677628
39,AMRAIWADI,72.6322320300558,23.008830748806062
39,AMRAIWADI,72.61872680934107,23.007734736107608
39,AMRAIWADI,72.63271553496207,23.008061592642306
39,AMRAIWADI,72.62554005006437,23.002377414517905
39,AMRAIWADI,72.61698669392625,23.005599739534368
39,AMRAIWADI,72.63095750364783,23.011847626257126
39,AMRAIWADI,72.61837737248553,23.017006756456155
39,AMRAIWADI,72.62260424198297,23.014587654199936
39,AMRAIWADI,72.62615009632562,23.0091720925987
39,AMRAIWADI,72.60994112159905,23.011785893340257
39,AMRAIWADI,72.62276814492816,23.009522388457597
39,AMRAIWADI,72.62980824442013,23.013286273343358
39,AMRAIWADI,72.61864960383907,23.012608052445813
39,AMRAIWADI,72.62269396373853,23.007667949835387
39,AMRAIWADI,72.62406795444208,23.007955386383767
39,AMRAIWADI,72.6141493823067,23.005782242103436
39,AMRAIWADI,72.61537002557294,23.00705661671515
39,AMRAIWADI,72.61772239316177,23.009247929775952
39,AMRAIWADI,72.6385021991724,23.012177400440663
39,AMRAIWADI,72.62109322106754,23.011789846327545
39,AMRAIWADI,72.6303568591816,23.010516495225577
39,AMRAIWADI,72.6308337010814,23.013729579806114
39,AMRAIWADI,72.61381153696307,23.012813156312582
39,AMRAIWADI,72.6319290234249,23.013000479814643
39,AMRAIWADI,72.62457279880125,23.012954775307968
39,AMRAIWADI,72.6182561422711,23.00316596581412
39,AMRAIWADI,72.62938955445772,23.008921988972308
39,AMRAIWADI,72.61769037086613,23.009086705611214
39,AMRAIWADI,72.61858081848392,23.01634059984216
39,AMRAIWADI,72.63855855681041,23.011997290734865
39,AMRAIWADI,72.62561078883434,23.00657222239204
39,AMRAIWADI,72.6171358951607,23.00785875623259
39,AMRAIWADI,72.6325706646112,23.013930492419107
39,AMRAIWADI,72.615211955719,23.007389690387974
39,AMRAIWADI,72.61691061471353,23.005260253246497
39,AMRAIWADI,72.61947675164089,23.003961874388608
39,AMRAIWADI,72.62318981875246,23.00373229127833
39,AMRAIWADI,72.63365971319779,23.009380229883863
39,AMRAIWADI,72.6148644489113,23.007436766577907
39,AMRAIWADI,72.61704469122012,23.003339986152525
39,AMRAIWADI,72.62385505037608,23.006944903060766
39,AMRAIWADI,72.63276698788736,23.010759341207365
39,AMRAIWADI,72.62202078054742,23.014435450181754
39,AMRAIWADI,72.62360207488442,23.003946788351097
39,AMRAIWADI,72.62522414556582,23.01500446390171
39,AMRAIWADI,72.6205996470832,23.01465010164936
39,AMRAIWADI,72.61338109660235,23.016134655168262
39,AMRAIWADI,72.61273622757363,23.01156553917966
39,AMRAIWADI,72.62492666289067,23.01217859651043
39,AMRAIWADI,72.63217668544527,23.009894252172096
39,AMRAIWADI,72.61330947237767,23.0162698606677
39,AMRAIWADI,72.62395504912193,23.01684074378496
39,AMRAIWADI,72.6142711932175,23.005540281782064
39,AMRAIWADI,72.62812098635999,23.00809604106515
39,AMRAIWADI,72.62433510720544,23.007647041714385
39,AMRAIWADI,72.61829313125241,23.011479550939885
39,AMRAIWADI,72.6272829857958,23.009510769209378
39,AMRAIWADI,72.63130990317863,23.006986241527784
39,AMRAIWADI,72.62217249406807,23.008745783741123
39,AMRAIWADI,72.62429019804082,23.01532524720747
39,AMRAIWADI,72.63098816872194,23.009818360075982
39,AMRAIWADI,72.62983248944616,23.01047912599998
39,AMRAIWADI,72.62080319703986,23.009437421326485
39,AMRAIWADI,72.62764505723507,23.008372206490986
39,AMRAIWADI,72.61938317396157,23.008388971728607
39,AMRAIWADI,72.62524412391153,23.00618297986042
39,AMRAIWADI,72.61883191924903,23.00469979380519
39,AMRAIWADI,72.61484544987619,23.016982322915084
39,AMRAIWADI,72.61918476545489,23.00636389184677
39,AMRAIWADI,72.62367931955673,23.01580968124461
39,AMRAIWADI,72.62582596187784,23.011493478131158
39,AMRAIWADI,72.61547145465951,23.004010087455274
39,AMRAIWADI,72.62677209164434,23.01164819240495
39,AMRAIWADI,72.62170497037621,23.008029522070927
39,AMRAIWADI,72.61479071190315,23.00294024306138
39,AMRAIWADI,72.61486855262358,23.007990846172497
39,AMRAIWADI,72.62518723395564,23.000682348239547
39,AMRAIWADI,72.63218625881528,23.0083016647247
39,AMRAIWADI,72.62014485310739,23.016971143801836
39,AMRAIWADI,72.63173293329538,23.01026946943363
39,AMRAIWADI,72.62447403008828,23.010358181939843
39,AMRAIWADI,72.62465197184999,22.99926330904377
39,AMRAIWADI,72.6314383461919,23.013397788802372
39,AMRAIWADI,72.61030240959703,23.010578734867245
39,AMRAIWADI,72.61623846704593,23.01086580048425
39,AMRAIWADI,72.6167721202728,23.010472639118376
39,AMRAIWADI,72.62634648072601,23.015541065498788
39,AMRAIWADI,72.6242054721564,23.013946306240722
39,AMRAIWADI,72.63080587088648,23.011471690590767
39,AMRAIWADI,72.6364432430741,23.011899520394337
39,AMRAIWADI,72.62988156085459,23.008696000430977
39,AMRAIWADI,72.62327185332137,23.012954370071526
39,AMRAIWADI,72.6236866116211,23.013461629800098
39,AMRAIWADI,72.62319944441738,23.006279189473766
39,AMRAIWADI,72.61499732040635,23.012658670217558
39,AMRAIWADI,72.62470959069572,23.00397339031548
40,ODHAV,72.66112626266734,23.024320825074156
40,ODHAV,72.67312087053337,23.029845176033263
40,ODHAV,72.662623720017,23.025219017669357
40,ODHAV,72.6521240180845,23.013209879719692
40,ODHAV,72.65186879627862,23.013239638185947
40,ODHAV,72.64972731833424,23.022813506201242
40,ODHAV,72.66859104413865,23.023290556384406
40,ODHAV,72.64854801581927,23.02312491947502
40,ODHAV,72.67774620141107,23.020211871109844
40,ODHAV,72.64959388291093,23.030165777755013
40,ODHAV,72.65018161356227,23.021334263257803
40,ODHAV,72.65032870354752,23.019008570792632
40,ODHAV,72.66564009310716,23.031293903070225
40,ODHAV,72.65410776318411,23.018315716015767
40,ODHAV,72.67507477588678,23.02058510370798
40,ODHAV,72.64887227473781,23.012199575388763
40,ODHAV,72.65385365094784,23.018290529759895
40,ODHAV,72.66081760961184,23.026226338290343
40,ODHAV,72.65521141637508,23.01220673449858
40,ODHAV,72.65804860876675,23.022732332788227
40,ODHAV,72.67998411684111,23.022580228206753
40,ODHAV,72.6558818372954,23.02207853412128
40,ODHAV,72.67651806268879,23.02520605424566
40,ODHAV,72.65946381909431,23.019769221085703
40,ODHAV,72.67433879053887,23.02381264423322
40,ODHAV,72.68335856246824,23.022856135711972
40,ODHAV,72.65394354414767,23.027812942478153
40,ODHAV,72.65455071421563,23.018110980469523
40,ODHAV,72.67422419076239,23.02374640856921
40,ODHAV,72.64560311715309,23.014360112489378
40,ODHAV,72.6679188796214,23.020131936979144
40,ODHAV,72.64839529052584,23.015014953260053
40,ODHAV,72.66012341833449,23.02624082844541
40,ODHAV,72.6743252635909,23.02236976669937
40,ODHAV,72.66228413107173,23.026714726011758
40,ODHAV,72.6645992436711,23.02175692654219
40,ODHAV,72.65770129567275,23.01965787566679
40,ODHAV,72.67618862808958,23.02255321322359
40,ODHAV,72.65282954443511,23.01775239594424
40,ODHAV,72.64701165011992,23.018871922231693
40,ODHAV,72.66289592358832,23.02539788241277
40,ODHAV,72.65052751550762,23.0158816409056
40,ODHAV,72.6618085856722,23.023613325027885
40,ODHAV,72.66672032105022,23.02845529219337
40,ODHAV,72.68365351132219,23.024621992830184
40,ODHAV,72.65232141341859,23.015906747031167
40,ODHAV,72.65341968562787,23.019597991148576
40,ODHAV,72.66619088081835,23.03162087443516
40,ODHAV,72.64513173442117,23.015784844420406
40,ODHAV,72.64431181704873,23.01655780287122
40,ODHAV,72.65127981464855,23.02462518979243
40,ODHAV,72.6692735110448,23.02899175478105
40,ODHAV,72.66402446682133,23.030956769333045
40,ODHAV,72.65324592069436,23.03028423742319
40,ODHAV,72.6575355583407,23.024173074366733
40,ODHAV,72.65053747129288,23.011501502969907
40,ODHAV,72.66977782762218,23.02524683205598
40,ODHAV,72.65852313168459,23.018903544344084
40,ODHAV,72.64922162485448,23.025668783214513
40,ODHAV,72.67301051602796,23.02170665942549
40,ODHAV,72.64885834070145,23.015013719831842
40,ODHAV,72.65939807985507,23.022077640563698
40,ODHAV,72.66988389755569,23.027437479756856
40,ODHAV,72.65716773054656,23.022325543997557
40,ODHAV,72.67290816292373,23.021278221779443
40,ODHAV,72.65629249214263,23.031436519843744
40,ODHAV,72.66781228014487,23.02523007216603
40,ODHAV,72.64591593166848,23.016165010902125
40,ODHAV,72.65831959143452,23.0178504720987
40,ODHAV,72.67322364794065,23.023763057413287
40,ODHAV,72.67866521703557,23.02413555065473
40,ODHAV,72.67632651996233,23.023547351890716
40,ODHAV,72.65336429784766,23.025129651214296
40,ODHAV,72.67863469946325,23.02335135836502
40,ODHAV,72.65309190382061,23.03032503044836
40,ODHAV,72.6697438670993,23.0214607379963
40,ODHAV,72.65862619487316,23.024685599200488
40,ODHAV,72.6772097223356,23.02187678473831
40,ODHAV,72.67131064729068,23.023231366028508
40,ODHAV,72.68191432963778,23.020379391308868
40,ODHAV,72.67273874771482,23.020656757392686
40,ODHAV,72.64291566261895,23.01741420227156
40,ODHAV,72.64855308443556,23.01721299639415
40,ODHAV,72.64675922157382,23.0150618575537
40,ODHAV,72.66725354337981,23.03124286913607
40,ODHAV,72.65216882247587,23.02646819519919
40,ODHAV,72.65004539528941,23.02458161878921
40,ODHAV,72.67369775249138,23.025593315652113
40,ODHAV,72.6483979037886,23.022298583695164
40,ODHAV,72.6751581506416,23.024495591156438
40,ODHAV,72.6769696347361,23.026222684254464
40,ODHAV,72.65815830574931,23.02158171222927
40,ODHAV,72.66701216101742,23.025838222261964
40,ODHAV,72.66570427557286,23.026258601516727
40,ODHAV,72.64839361840095,23.01919170728643
40,ODHAV,72.65026136523169,23.020600628322647
40,ODHAV,72.67238596413176,23.02121019036107
40,ODHAV,72.66345401882816,23.03186162623085
40,ODHAV,72.67060767580436,23.023177844585472
40,ODHAV,72.65268495737288,23.018665508654685
40,ODHAV,72.65191184451434,23.015663537591237
40,ODHAV,72.65766506327525,23.031041963891425
40,ODHAV,72.67764838422829,23.02182708172878
40,ODHAV,72.66171560008958,23.024318954555252
40,ODHAV,72.65147578046002,23.031021787518185
40,ODHAV,72.66891583661493,23.019578239335623
40,ODHAV,72.66061044284663,23.022954221510144
40,ODHAV,72.65968902812597,23.029359382535787
40,ODHAV,72.66212858230408,23.019704237108755
40,ODHAV,72.65234913559767,23.02888728999073
40,ODHAV,72.66846187493304,23.020007823159382
40,ODHAV,72.67027122184173,23.029627565275437
40,ODHAV,72.65040652525255,23.01914237617802
40,ODHAV,72.65623245922714,23.027407342055266
40,ODHAV,72.65278045239657,23.028506545810696
40,ODHAV,72.6715441038808,23.021150888959074
40,ODHAV,72.66712122398489,23.027785520865912
40,ODHAV,72.67513751726219,23.02190668685179
40,ODHAV,72.66574976904342,23.026032607942554
40,ODHAV,72.65717217214403,23.021596290312594
40,ODHAV,72.65792252511794,23.019108263495905
40,ODHAV,72.67461686658835,23.02236207683292
40,ODHAV,72.6717870416707,23.021756379522714
40,ODHAV,72.6757595084937,23.020141001715277
40,ODHAV,72.65673586641145,23.024604086821437
40,ODHAV,72.65036605654859,23.026922051291816
40,ODHAV,72.65274011496037,23.02001130293384
40,ODHAV,72.65124456207637,23.01289596588558
40,ODHAV,72.65901172107961,23.022781756381384
40,ODHAV,72.65486639568863,23.012039042109315
40,ODHAV,72.65262211608922,23.015857775279812
40,ODHAV,72.66477213668114,23.020885489925966
40,ODHAV,72.65333709891007,23.026946916735323
40,ODHAV,72.67049420142993,23.025583168095938
40,ODHAV,72.66720801642936,23.031822264463248
40,ODHAV,72.66050392796888,23.025247745989702
40,ODHAV,72.6608626699544,23.031229527353425
40,ODHAV,72.65326692377602,23.02061831557131
40,ODHAV,72.66305641543771,23.026665655880997
40,ODHAV,72.67279121688588,23.026907191393718
40,ODHAV,72.67328858453357,23.020872480710224
40,ODHAV,72.66016071974059,23.02520843571842
40,ODHAV,72.65463664390161,23.030416193619168
40,ODHAV,72.67876787104066,23.020481305200097
40,ODHAV,72.67010922476217,23.028234804468138
40,ODHAV,72.65975070327467,23.026583583008016
40,ODHAV,72.67204064536382,23.021242713025224
40,ODHAV,72.64871594526808,23.016141291093813
40,ODHAV,72.67630770418236,23.02743028494016
40,ODHAV,72.65889707283378,23.02093683197016
40,ODHAV,72.6518392101039,23.018228640325816
40,ODHAV,72.65230543370991,23.02586075405356
40,ODHAV,72.65174910753613,23.02405766901638
40,ODHAV,72.66720172970511,23.023144804218607
40,ODHAV,72.67526549566598,23.023650299513672
40,ODHAV,72.67462653572353,23.02557479710197
40,ODHAV,72.66603252312989,23.02975610260853
40,ODHAV,72.6722929779251,23.026399044646723
40,ODHAV,72.65286955647822,23.01446968145008
40,ODHAV,72.671864457883,23.02921801237902
40,ODHAV,72.6544257151679,23.030801516892804
40,ODHAV,72.65044417530189,23.0206887387161
40,ODHAV,72.66932754278126,23.027432506058325
40,ODHAV,72.65204418565874,23.019814336202273
40,ODHAV,72.64955678197411,23.019806725091456
40,ODHAV,72.66981338635648,23.02876491256398
40,ODHAV,72.64866324784616,23.012696423214503
40,ODHAV,72.65944277110084,23.029697293408038
40,ODHAV,72.64888357170305,23.01214980436402
40,ODHAV,72.65985775739333,23.024509634006296
40,ODHAV,72.67811952477498,23.022054829033024
40,ODHAV,72.6511060256481,23.02034301275635
40,ODHAV,72.64388743311507,23.016188120080063
40,ODHAV,72.65923426592835,23.02780823667131
40,ODHAV,72.64324421959313,23.018214806677683
40,ODHAV,72.68169126285629,23.023258358998646
40,ODHAV,72.67730054858248,23.02118029493515
40,ODHAV,72.64610547922976,23.01454383653472
40,ODHAV,72.66193990868844,23.021380401890262
40,ODHAV,72.64374394082135,23.018169580595107
40,ODHAV,72.67148176522035,23.019867142035274
40,ODHAV,72.65070577694506,23.02218255372513
40,ODHAV,72.65450088328573,23.01934891447642
40,ODHAV,72.66096187347024,23.024103552401
40,ODHAV,72.65881321117196,23.02505855543522
40,ODHAV,72.67698021283194,23.02729820835066
40,ODHAV,72.65680078655174,23.019196212626483
40,ODHAV,72.65881818940778,23.02293000118806
40,ODHAV,72.65713894179532,23.02503684091205
40,ODHAV,72.64960895697541,23.022377364302244
40,ODHAV,72.68212999802427,23.022527623225255
40,ODHAV,72.65602761672307,23.023072224056058
40,ODHAV,72.65334282817825,23.029234759774457
40,ODHAV,72.6825878646861,23.02398355078116
40,ODHAV,72.6606374638606,23.03015576611926
40,ODHAV,72.64244009770297,23.0168639021175
40,ODHAV,72.65707794512402,23.025466957051968
40,ODHAV,72.65124854970071,23.028832853076896
40,ODHAV,72.65014969963939,23.016772467623067
40,ODHAV,72.64310649655262,23.017116607804
41,VASTRAL,72.66982255848633,22.982796829431077
41,VASTRAL,72.67554912961972,22.99936676756009
41,VASTRAL,72.65104913175267,23.003747634130402
41,VASTRAL,72.65522705235156,23.00697576825298
41,VASTRAL,72.65056507593357,23.010002048348053
41,VASTRAL,72.65939482067604,23.001771316754965
41,VASTRAL,72.66573415477686,23.000095599759984
41,VASTRAL,72.64751716167642,23.002622055884988
41,VASTRAL,72.6593410700956,23.016148479411957
41,VASTRAL,72.67635886243215,22.989758600740828
41,VASTRAL,72.66349510657308,23.001405983353223
41,VASTRAL,72.669298901484,22.99775855710855
41,VASTRAL,72.67242750957564,23.009987589262664
41,VASTRAL,72.66852132743443,23.00561438580358
41,VASTRAL,72.68611973717852,23.00160948871631
41,VASTRAL,72.66404545297075,22.99204495356842
41,VASTRAL,72.66354074360949,23.011805470800475
41,VASTRAL,72.65414254046584,23.009429204382656
41,VASTRAL,72.65956529127753,23.000540948682744
41,VASTRAL,72.67149123160377,22.998328334311157
41,VASTRAL,72.6640251912598,22.994347924444696
41,VASTRAL,72.66180206794967,22.989608825908434
41,VASTRAL,72.65678943856423,23.003312777275035
41,VASTRAL,72.66932344050028,23.017225471032717
41,VASTRAL,72.65475677793732,23.016527942649386
41,VASTRAL,72.65898888882566,23.000842562748712
41,VASTRAL,72.67692691438165,23.003354257693477
41,VASTRAL,72.65065384195546,23.00639277196529
41,VASTRAL,72.67191297528677,22.989724795367128
41,VASTRAL,72.66969452467741,23.016565258956064
41,VASTRAL,72.6729153766143,22.992631539518968
41,VASTRAL,72.6668319799554,23.000837705060768
41,VASTRAL,72.6631381915424,23.011398895308332
41,VASTRAL,72.6458105767875,23.005823392616936
41,VASTRAL,72.68221122731582,22.99816490830321
41,VASTRAL,72.66724398591386,23.00937005489773
41,VASTRAL,72.65495864381818,23.005431924988837
41,VASTRAL,72.67473392725823,23.013350557303617
41,VASTRAL,72.6769491157993,22.996749816797205
41,VASTRAL,72.65712820779626,23.005915544755872
41,VASTRAL,72.64710902802081,23.005342079249356
41,VASTRAL,72.68030108368761,23.002648152613034
41,VASTRAL,72.65762239760384,22.99834711192446
41,VASTRAL,72.67075706599253,23.01170344247359
41,VASTRAL,72.67024481938145,23.017960517064513
41,VASTRAL,72.67073562769804,22.997556567761592
41,VASTRAL,72.66512279987515,23.018416798243273
41,VASTRAL,72.65964321669313,23.001367717585666
41,VASTRAL,72.64990723870008,23.0018213565721
41,VASTRAL,72.68421516579033,22.997944421721485
41,VASTRAL,72.66956821799006,23.009571130266984
41,VASTRAL,72.66670374301127,23.017247555300674
41,VASTRAL,72.68155623077534,23.002470956097547
41,VASTRAL,72.66793494869046,22.99213996543374
41,VASTRAL,72.68502704754809,22.998805917544345
41,VASTRAL,72.67360547751194,22.99010632721933
41,VASTRAL,72.6698440156629,23.00913749350161
41,VASTRAL,72.6656455961835,22.994135032287257
41,VASTRAL,72.67765810368947,23.008859925902126
41,VASTRAL,72.67549932505433,22.99114183115237
41,VASTRAL,72.6605736520178,23.00564094726413
41,VASTRAL,72.64857951210548,23.006356223112004
41,VASTRAL,72.6638203243785,23.013961797376165
41,VASTRAL,72.68447669345214,22.995087066435566
41,VASTRAL,72.68428487674372,22.988779774468906
41,VASTRAL,72.66874089911542,22.997308151254312
41,VASTRAL,72.6681332072703,23.001196114517136
41,VASTRAL,72.6623038683894,22.986875405928473
41,VASTRAL,72.66868803340677,23.007886617341832
41,VASTRAL,72.66846267432567,23.008480916108
41,VASTRAL,72.68631260096424,22.99184768816864
41,VASTRAL,72.68233907259732,22.992080764174304
41,VASTRAL,72.66815049041918,23.003197065919426
41,VASTRAL,72.66550429737731,22.985210985895723
41,VASTRAL,72.64695491989191,23.006368357068965
41,VASTRAL,72.67489391489381,23.019159899496213
41,VASTRAL,72.67027103392681,22.984164755580437
41,VASTRAL,72.65712390581204,23.000758008504018
41,VASTRAL,72.65945048727822,22.997385534453915
41,VASTRAL,72.67223911014018,23.018255767955214
41,VASTRAL,72.67020740426017,22.996261427327056
41,VASTRAL,72.68818667345315,22.99907475312163
41,VASTRAL,72.65933965999346,23.01026071086085
41,VASTRAL,72.66787742515369,23.00380348059605
41,VASTRAL,72.6508878186061,22.996920622595393
41,VASTRAL,72.67267072318276,23.004734319730336
41,VASTRAL,72.67496179207728,23.018008477315092
41,VASTRAL,72.65828390252689,23.00367738144184
41,VASTRAL,72.6639070955102,22.99837789447299
41,VASTRAL,72.64839695073589,23.007005763984136
41,VASTRAL,72.65525767344938,23.01174297710541
41,VASTRAL,72.66999808894306,22.993451999674978
41,VASTRAL,72.67134128080443,22.9944489251121
41,VASTRAL,72.68978543434643,23.003364763356657
41,VASTRAL,72.68308762627308,23.005902740118408
41,VASTRAL,72.65767696958103,23.001700463073945
41,VASTRAL,72.68713039275968,22.997214453335086
41,VASTRAL,72.6599503333772,23.01544929219298
41,VASTRAL,72.67395493792021,22.987164980709395
41,VASTRAL,72.67605404802347,22.99634373096952
41,VASTRAL,72.65681774855538,23.004827454062507
41,VASTRAL,72.67541294208611,23.017473181625256
41,VASTRAL,72.67308813890322,23.008298908864173
41,VASTRAL,72.6827179220484,22.99020752479523
41,VASTRAL,72.67121071405684,23.006066990262987
41,VASTRAL,72.64929834909749,22.99999347037585
41,VASTRAL,72.66390566529527,22.988141365617697
41,VASTRAL,72.65206704201375,23.002176575779377
41,VASTRAL,72.6718930322628,23.00337271398253
41,VASTRAL,72.66367608530507,23.005916768815016
41,VASTRAL,72.6653156794822,23.00643986309075
41,VASTRAL,72.66392289867284,23.010360913956514
41,VASTRAL,72.65295366060597,22.994838694114655
41,VASTRAL,72.65113899633842,23.006471143271316
41,VASTRAL,72.65658213332856,23.008520729809707
41,VASTRAL,72.66465953856533,22.98854079599264
41,VASTRAL,72.6783772039668,23.000223512474193
41,VASTRAL,72.66959518324151,22.991767275857434
41,VASTRAL,72.66748323562415,23.010441531851495
41,VASTRAL,72.68173458390746,22.995593152789276
41,VASTRAL,72.67711940650895,23.00117842106767
41,VASTRAL,72.68013131829743,23.00899438619598
41,VASTRAL,72.68068011210684,22.988874608199588
41,VASTRAL,72.65935582637202,22.99270424808273
41,VASTRAL,72.66557765124563,23.000353120886594
41,VASTRAL,72.67654459579776,23.00435852973312
41,VASTRAL,72.67219083320106,23.00678323400769
41,VASTRAL,72.65690426120952,22.991217843509915
41,VASTRAL,72.65727191692747,23.005212395495686
41,VASTRAL,72.64856334598157,23.003233862896728
41,VASTRAL,72.66197489290732,22.990786796985017
41,VASTRAL,72.66742174245722,22.999212682923744
41,VASTRAL,72.66933763625438,23.016832178522353
41,VASTRAL,72.6703365485304,23.001904679878173
41,VASTRAL,72.67640432201429,23.00558131614209
41,VASTRAL,72.68645925069762,23.001713967551016
41,VASTRAL,72.68326234103174,23.009830329923723
41,VASTRAL,72.665786348232,23.012014058442
41,VASTRAL,72.67863304358296,23.002031738029938
41,VASTRAL,72.68417732075565,23.005033161447965
41,VASTRAL,72.64732855141504,22.998686671597387
41,VASTRAL,72.67347069105699,22.99263793292417
41,VASTRAL,72.66636918994902,22.98779210697205
41,VASTRAL,72.66273519030743,22.99022784983266
41,VASTRAL,72.68797919957808,23.00255233226151
41,VASTRAL,72.6831294124532,23.001149418022553
41,VASTRAL,72.67055078271673,23.012401171694076
41,VASTRAL,72.67635860599457,23.000556510505987
41,VASTRAL,72.68153455872596,23.018523042276662
41,VASTRAL,72.66985502382158,22.99353778548653
41,VASTRAL,72.68307790428489,23.00271836131714
41,VASTRAL,72.68724925851458,23.004223326168546
41,VASTRAL,72.6801125460706,22.99582434921025
41,VASTRAL,72.6766099864255,23.018618802675928
41,VASTRAL,72.67587753019572,23.011068150514195
41,VASTRAL,72.67186972565422,22.999040565936763
41,VASTRAL,72.67812060339352,22.986070006182132
41,VASTRAL,72.67483296441506,23.016752606105356
41,VASTRAL,72.66495205261785,22.98578411208148
41,VASTRAL,72.67505490921153,22.99838439993189
41,VASTRAL,72.65229413477762,22.99341384818746
41,VASTRAL,72.66318182131963,23.00327881120164
41,VASTRAL,72.6652805950612,23.015113277598903
41,VASTRAL,72.66483626063302,23.002433688323645
41,VASTRAL,72.68208680680064,23.00984041485531
41,VASTRAL,72.66459635684296,22.988605499192854
41,VASTRAL,72.6777925655835,22.9986833905606
41,VASTRAL,72.68485389817924,22.992145702094618
41,VASTRAL,72.67435951635733,22.990732357477782
41,VASTRAL,72.65056178140253,23.00911030805073
41,VASTRAL,72.67770803652971,23.0081283536966
41,VASTRAL,72.67279261020573,23.016421856369902
41,VASTRAL,72.64660049673864,23.001516581214187
41,VASTRAL,72.68503962797398,23.005260730160593
41,VASTRAL,72.6709990442778,22.989783912702205
41,VASTRAL,72.68064661437576,23.01073571915639
41,VASTRAL,72.67951581739943,23.013170674409047
41,VASTRAL,72.66669909794064,22.995864059171396
41,VASTRAL,72.68170622519916,23.008063948804878
41,VASTRAL,72.65327497701358,22.999219946990504
41,VASTRAL,72.65562158327141,23.0063895886992
41,VASTRAL,72.66488417992383,23.015945094323612
41,VASTRAL,72.66279955530331,22.99764467057648
41,VASTRAL,72.64927233004623,22.99928868775712
41,VASTRAL,72.66133646117524,22.98957237124419
41,VASTRAL,72.6732837529137,23.015375876853714
41,VASTRAL,72.68723801537804,22.99588225387112
41,VASTRAL,72.66848336483125,22.996772032021404
41,VASTRAL,72.6709182916551,22.9920126213911
41,VASTRAL,72.68566056595634,22.995544314829438
41,VASTRAL,72.66074294741206,22.99799503973314
41,VASTRAL,72.65697853518134,23.006158932903926
41,VASTRAL,72.66040378163078,23.010900980713437
41,VASTRAL,72.6820811332454,22.99768347080421
41,VASTRAL,72.66292555066121,23.01103945326741
41,VASTRAL,72.67126538219806,23.015174583081308
41,VASTRAL,72.67392985235637,22.986859836040892
41,VASTRAL,72.68163719862653,23.01715527283599
41,VASTRAL,72.68159730625993,23.011357128573348
41,VASTRAL,72.68094600289115,23.00600101236868
42,INDRAPURI,72.63653754832383,23.004719635788078
42,INDRAPURI,72.64830235773323,23.0086283969974
42,INDRAPURI,72.63271525965186,22.98712220299189
42,INDRAPURI,72.64060729944175,23.014547447457943
42,INDRAPURI,72.63297391744725,23.005744157011254
42,INDRAPURI,72.6352804141175,22.997072932275763
42,INDRAPURI,72.63413209325932,23.00503750302384
42,INDRAPURI,72.64284601471198,23.01424908998756
42,INDRAPURI,72.63994699783406,22.990718491972526
42,INDRAPURI,72.64033814961341,22.996523482590636
42,INDRAPURI,72.63178542322919,22.990483429597646
42,INDRAPURI,72.63927113647665,23.008207682723427
42,INDRAPURI,72.64159841669341,23.01172286623611
42,INDRAPURI,72.64219636032858,22.997904394857432
42,INDRAPURI,72.63355076236464,22.99022195616435
42,INDRAPURI,72.64290972620142,23.000769386753802
42,INDRAPURI,72.63592026939962,23.004200253206154
42,INDRAPURI,72.63095285103593,22.990409172082487
42,INDRAPURI,72.63639514913098,22.993898206296763
42,INDRAPURI,72.63434737804904,22.9866430188835
42,INDRAPURI,72.63639939146641,22.984887762019557
42,INDRAPURI,72.64083407119102,23.004752298963943
42,INDRAPURI,72.64214319218124,22.999187382692565
42,INDRAPURI,72.63959264912302,23.013733253751106
42,INDRAPURI,72.62781247290273,23.00453189759023
42,INDRAPURI,72.64113379620647,23.00196982295293
42,INDRAPURI,72.64386463129026,23.01135717303821
42,INDRAPURI,72.63810771958414,23.005518919019178
42,INDRAPURI,72.64029371302905,23.005761764192684
42,INDRAPURI,72.64291507051354,23.00242713883946
42,INDRAPURI,72.63988442308687,23.000427806583968
42,INDRAPURI,72.6371813509236,22.988281297818023
42,INDRAPURI,72.63896632311592,23.01408740286395
42,INDRAPURI,72.63565707544207,22.996858486401404
42,INDRAPURI,72.64443349937288,23.01419509674716
42,INDRAPURI,72.63010492134454,23.006807488154543
42,INDRAPURI,72.64217078236621,23.00080215361126
42,INDRAPURI,72.63794650797118,23.00628910840905
42,INDRAPURI,72.64077855911098,23.010318539829303
42,INDRAPURI,72.642825217532,23.004247707871134
42,INDRAPURI,72.64031294166261,22.99610545273841
42,INDRAPURI,72.6289406115821,23.00542208282584
42,INDRAPURI,72.64742983766627,23.0079436497501
42,INDRAPURI,72.64996408872483,23.010263547551965
42,INDRAPURI,72.64298848610927,23.005825267456427
42,INDRAPURI,72.64552405713977,23.012659124767907
42,INDRAPURI,72.64208974375524,23.00867809917263
42,INDRAPURI,72.63331611062381,23.003760077785884
42,INDRAPURI,72.63833936142014,23.004372248065767
42,INDRAPURI,72.63516378119498,22.996726393631924
42,INDRAPURI,72.63499452351995,22.989164378589127
42,INDRAPURI,72.64361246783871,22.996199451686774
42,INDRAPURI,72.64458041469796,23.003043020221675
42,INDRAPURI,72.63570998180084,22.985832509932663
42,INDRAPURI,72.63721282483834,22.985250457878912
42,INDRAPURI,72.64231179762557,22.999032471868713
42,INDRAPURI,72.63799183574156,22.999843776001125
42,INDRAPURI,72.6375513936011,23.002120854097793
42,INDRAPURI,72.64355068373045,23.00956604185302
42,INDRAPURI,72.64099843287548,22.99959097695286
42,INDRAPURI,72.63566048892719,23.00400803347629
42,INDRAPURI,72.63645784691265,22.99436587185282
42,INDRAPURI,72.63068787063331,22.98905907555099
42,INDRAPURI,72.64704987197813,23.01212162900406
42,INDRAPURI,72.63851469778827,22.99097655729894
42,INDRAPURI,72.64504384497876,22.99750176696619
42,INDRAPURI,72.63303415394542,22.987690325119303
42,INDRAPURI,72.63996880744338,23.009910353202883
42,INDRAPURI,72.63607616326254,22.988231550034655
42,INDRAPURI,72.63996011679642,22.989337296385294
42,INDRAPURI,72.63557713514187,22.988005830153302
42,INDRAPURI,72.63701067309884,23.003233015422424
42,INDRAPURI,72.6272411277531,23.00523793754769
42,INDRAPURI,72.63684568716182,22.99969951899728
42,INDRAPURI,72.64086724881672,23.001104142564987
42,INDRAPURI,72.63323235225597,22.98953947866002
42,INDRAPURI,72.64285477322238,23.00259802206259
42,INDRAPURI,72.6467076149556,23.011463234971878
42,INDRAPURI,72.63057658023709,23.006196727482433
42,INDRAPURI,72.6357077404941,22.992321381177558
42,INDRAPURI,72.64248515126454,22.99622229151065
42,INDRAPURI,72.63728665869941,22.998857439793287
42,INDRAPURI,72.63970418915027,23.00825507982822
42,INDRAPURI,72.64041757617102,22.99066235041833
42,INDRAPURI,72.64068998158098,22.990434176067023
42,INDRAPURI,72.6408144914393,23.00323401348833
42,INDRAPURI,72.63865688773188,22.99006557798264
42,INDRAPURI,72.64149851750832,23.00912516331243
42,INDRAPURI,72.63897808178861,23.01058099915342
42,INDRAPURI,72.63246497309241,22.988626411807804
42,INDRAPURI,72.63148442729647,23.006449392300908
42,INDRAPURI,72.63724793175048,22.998660066713573
42,INDRAPURI,72.63788416117303,22.995727423049015
42,INDRAPURI,72.64332674159962,22.998443737544623
42,INDRAPURI,72.6369046581891,22.990233402346586
42,INDRAPURI,72.64179922532291,23.00684227972943
42,INDRAPURI,72.63948055266751,23.00376403858938
42,INDRAPURI,72.639411855412,23.009033593683615
42,INDRAPURI,72.63515680961144,22.997976508772833
42,INDRAPURI,72.63604041815404,22.99355059697291
42,INDRAPURI,72.63634792768272,22.988060321392418
42,INDRAPURI,72.64271810099783,23.008546577542987
42,INDRAPURI,72.63126299460339,23.005488694656915
42,INDRAPURI,72.6415573282035,23.00480023583478
42,INDRAPURI,72.63527933507812,22.996203310684663
42,INDRAPURI,72.64417306043435,23.000465389537393
42,INDRAPURI,72.637881739598,23.004078966078012
42,INDRAPURI,72.63043937759102,23.00478008234607
42,INDRAPURI,72.64261420105319,23.01198046181685
42,INDRAPURI,72.64376856487367,23.010626434606827
42,INDRAPURI,72.6362234192889,22.984043358113464
42,INDRAPURI,72.63802211711497,22.996691456446438
42,INDRAPURI,72.63596524423731,23.003204306552075
42,INDRAPURI,72.64138434076658,23.010678496845113
42,INDRAPURI,72.64685102580953,23.008439784655188
42,INDRAPURI,72.642398278351,23.008271444436776
42,INDRAPURI,72.6389197278678,22.99807651280676
42,INDRAPURI,72.63978955666066,23.01268486803111
42,INDRAPURI,72.64567532206594,23.008343717158734
42,INDRAPURI,72.63858101982613,22.99986394984175
42,INDRAPURI,72.6412341532072,23.011686485989145
42,INDRAPURI,72.64843534284579,23.00979378073731
42,INDRAPURI,72.63319512692516,22.99083602043406
42,INDRAPURI,72.63881317036419,23.00397812334185
42,INDRAPURI,72.63977162380613,23.009208267530862
42,INDRAPURI,72.63339498544366,23.00350450201389
42,INDRAPURI,72.63575827167541,22.991832089804433
42,INDRAPURI,72.64403895979339,23.012486162298924
42,INDRAPURI,72.64346200209133,23.004506986574448
42,INDRAPURI,72.63105412638762,22.98736542244411
42,INDRAPURI,72.63720413561039,22.986879646757497
42,INDRAPURI,72.63112435015732,23.004559724281535
42,INDRAPURI,72.64424401022247,23.01321573110896
42,INDRAPURI,72.65134242010481,23.010989003208227
42,INDRAPURI,72.64803362313978,23.008696971983447
42,INDRAPURI,72.6384517854862,23.003248013293803
42,INDRAPURI,72.63434432035267,22.985845122302386
42,INDRAPURI,72.6372894790016,22.999838529355337
42,INDRAPURI,72.63727304043613,22.993615240586323
42,INDRAPURI,72.64403804960097,23.013085352738738
42,INDRAPURI,72.63832602452956,22.998435584769734
42,INDRAPURI,72.63754374782951,22.98802318624753
42,INDRAPURI,72.63389916569454,22.991000329044226
42,INDRAPURI,72.64166764034609,23.003479766611573
42,INDRAPURI,72.63610415535231,22.993443809967427
42,INDRAPURI,72.63454479844494,23.003137737571905
42,INDRAPURI,72.63549116898,23.003495354735108
42,INDRAPURI,72.63708106568505,22.98760708914057
42,INDRAPURI,72.64053060462788,23.01210052913292
42,INDRAPURI,72.64278948526142,23.005591808506917
42,INDRAPURI,72.63123835365056,22.986904489745935
42,INDRAPURI,72.63068601612639,22.98996699718142
42,INDRAPURI,72.63678421727785,22.989786621884758
42,INDRAPURI,72.62936937693313,22.98789017645033
42,INDRAPURI,72.64163381188362,23.00084076609415
42,INDRAPURI,72.6355104262928,22.998405116143733
42,INDRAPURI,72.63739731601211,22.99815283628082
42,INDRAPURI,72.63444892882227,22.991114540305205
42,INDRAPURI,72.63995962418964,23.010026264667474
42,INDRAPURI,72.62905319667978,23.00678297141691
42,INDRAPURI,72.63844593721525,22.99445942870928
42,INDRAPURI,72.63770922709381,23.0038936656163
42,INDRAPURI,72.63997505657576,23.011075615403055
42,INDRAPURI,72.6376758013768,22.999538248303253
42,INDRAPURI,72.6383329154928,23.00815164679476
42,INDRAPURI,72.63809755797243,23.003365493288232
42,INDRAPURI,72.62860899770799,23.005853658367993
42,INDRAPURI,72.63394177774244,23.003763599081132
42,INDRAPURI,72.64680260227453,23.010968483672606
42,INDRAPURI,72.63439618073876,22.985827477948202
42,INDRAPURI,72.63872589423475,23.001924275332282
42,INDRAPURI,72.64657305564344,23.007296413821354
42,INDRAPURI,72.64233293553309,23.011165686129083
42,INDRAPURI,72.63940281766324,23.00861852178439
42,INDRAPURI,72.63185791664596,23.004871018657663
42,INDRAPURI,72.63564523004739,22.993931145295278
42,INDRAPURI,72.63741237000647,22.99107317149822
42,INDRAPURI,72.63853874220631,22.99838760273575
42,INDRAPURI,72.6439183652751,23.003894556287936
42,INDRAPURI,72.64212676599364,23.001127073404326
42,INDRAPURI,72.63911180589837,22.998022991789444
42,INDRAPURI,72.63543645788181,22.990422661109324
42,INDRAPURI,72.63576984872094,23.003716155949352
42,INDRAPURI,72.64066288051683,23.002128584244215
42,INDRAPURI,72.63872202332055,23.008505219848374
42,INDRAPURI,72.64285796584424,23.00497230674277
42,INDRAPURI,72.64561376420042,23.012871662109784
42,INDRAPURI,72.6497416040682,23.011135631579336
42,INDRAPURI,72.63766597410762,23.00596434234413
42,INDRAPURI,72.64390319546145,23.000556605604434
42,INDRAPURI,72.64196147406389,23.006359115887502
42,INDRAPURI,72.6462563110059,23.011192514558108
42,INDRAPURI,72.63432112182899,22.9932308835246
42,INDRAPURI,72.63454368662924,23.005071088434516
42,INDRAPURI,72.6438016401951,23.002674915378066
42,INDRAPURI,72.63217225272481,22.990377206562517
42,INDRAPURI,72.63038907117337,22.98731468738023
42,INDRAPURI,72.64675826117534,23.007567736058743
42,INDRAPURI,72.6484474423075,23.00961268335901
42,INDRAPURI,72.63746918152694,22.989931687688074
43,BHAIPURA HATKESHWAR,72.63438315335269,22.998125874819923
43,BHAIPURA HATKESHWAR,72.62746131967806,22.992460799400302
43,BHAIPURA HATKESHWAR,72.62775087629568,22.98963207994426
43,BHAIPURA HATKESHWAR,72.62606638784051,22.998271217210082
43,BHAIPURA HATKESHWAR,72.62534806491684,22.998252545671114
43,BHAIPURA HATKESHWAR,72.63149732102903,22.999613734770936
43,BHAIPURA HATKESHWAR,72.62831253818199,22.988342828834618
43,BHAIPURA HATKESHWAR,72.63078041328558,23.000911807122417
43,BHAIPURA HATKESHWAR,72.62430948898792,22.990703771298737
43,BHAIPURA HATKESHWAR,72.62826561583437,22.993616850956503
43,BHAIPURA HATKESHWAR,72.62492222308062,22.992845938450635
43,BHAIPURA HATKESHWAR,72.6261320299986,22.994145342071583
43,BHAIPURA HATKESHWAR,72.62743084575506,23.00052050214913
43,BHAIPURA HATKESHWAR,72.62568544690656,22.987723388511064
43,BHAIPURA HATKESHWAR,72.62324832704262,22.989322239363965
43,BHAIPURA HATKESHWAR,72.62588425552448,23.00031056815285
43,BHAIPURA HATKESHWAR,72.6252755378934,22.99164881477868
43,BHAIPURA HATKESHWAR,72.63376998588453,23.00004360873497
43,BHAIPURA HATKESHWAR,72.62797200582013,22.98779212951073
43,BHAIPURA HATKESHWAR,72.62857679597319,22.99902379602934
43,BHAIPURA HATKESHWAR,72.62895361771149,22.989310165540275
43,BHAIPURA HATKESHWAR,72.62936453230317,23.00130928710325
43,BHAIPURA HATKESHWAR,72.6260006814373,22.98809844314063
43,BHAIPURA HATKESHWAR,72.62348269725845,22.988261248477556
43,BHAIPURA HATKESHWAR,72.63177208923835,22.994198976544936
43,BHAIPURA HATKESHWAR,72.62145291254872,22.988572083909848
43,BHAIPURA HATKESHWAR,72.62669112707052,22.995856827644744
43,BHAIPURA HATKESHWAR,72.62789778599263,22.999807055362233
43,BHAIPURA HATKESHWAR,72.62653384360058,22.987120209084637
43,BHAIPURA HATKESHWAR,72.63432282032612,22.998861348234247
43,BHAIPURA HATKESHWAR,72.62979973281924,22.996406056277035
43,BHAIPURA HATKESHWAR,72.62679061835973,22.99739553867928
43,BHAIPURA HATKESHWAR,72.62277643374861,22.99026104208288
43,BHAIPURA HATKESHWAR,72.62020974025283,22.987573731545268
43,BHAIPURA HATKESHWAR,72.63107268988998,22.99734801479785
43,BHAIPURA HATKESHWAR,72.62842860340422,23.00015869052786
43,BHAIPURA HATKESHWAR,72.6321332128382,23.001920958511448
43,BHAIPURA HATKESHWAR,72.63064208996231,22.991737744783528
43,BHAIPURA HATKESHWAR,72.62747669926256,22.99440490866557
43,BHAIPURA HATKESHWAR,72.62227892452903,22.986585888934574
43,BHAIPURA HATKESHWAR,72.62948773581024,22.999661410493637
43,BHAIPURA HATKESHWAR,72.62662649112919,22.987214020072436
43,BHAIPURA HATKESHWAR,72.63073777394911,22.99098150774326
43,BHAIPURA HATKESHWAR,72.63207768813672,22.997606631539142
43,BHAIPURA HATKESHWAR,72.63120192530683,22.99311597146298
43,BHAIPURA HATKESHWAR,72.62899070401922,22.99214329161294
43,BHAIPURA HATKESHWAR,72.63111188134312,22.998492351054587
43,BHAIPURA HATKESHWAR,72.62951198641113,22.991178980609433
43,BHAIPURA HATKESHWAR,72.62869074118574,23.00103408534912
43,BHAIPURA HATKESHWAR,72.63037457395106,23.000870453099278
43,BHAIPURA HATKESHWAR,72.62764322761694,22.999427235539173
43,BHAIPURA HATKESHWAR,72.62847867221681,23.002264334975624
43,BHAIPURA HATKESHWAR,72.6199957712053,22.990022796221286
43,BHAIPURA HATKESHWAR,72.62937845715709,22.996277385473135
43,BHAIPURA HATKESHWAR,72.63252425275917,22.9971458597682
43,BHAIPURA HATKESHWAR,72.62843777276743,22.993637801906896
43,BHAIPURA HATKESHWAR,72.62675837278739,22.987003727711784
43,BHAIPURA HATKESHWAR,72.62710906234743,22.9911539532842
43,BHAIPURA HATKESHWAR,72.63370900247953,22.999409260087265
43,BHAIPURA HATKESHWAR,72.63404319703795,22.995512347577282
43,BHAIPURA HATKESHWAR,72.62983551623596,23.00388631738043
43,BHAIPURA HATKESHWAR,72.6313329500035,22.993432680586274
43,BHAIPURA HATKESHWAR,72.63253059899573,22.997278354878603
43,BHAIPURA HATKESHWAR,72.63513017896385,23.000965083799922
43,BHAIPURA HATKESHWAR,72.63267864476805,22.995374493893287
43,BHAIPURA HATKESHWAR,72.63488191397698,23.0002009784406
43,BHAIPURA HATKESHWAR,72.62363428758718,22.990645098064046
43,BHAIPURA HATKESHWAR,72.62964374548329,22.99633055489596
43,BHAIPURA HATKESHWAR,72.62282879482711,22.99085133165215
43,BHAIPURA HATKESHWAR,72.62735950918062,23.001429014399502
43,BHAIPURA HATKESHWAR,72.62591557182664,22.999177461457148
43,BHAIPURA HATKESHWAR,72.63378823467896,22.99990649647444
43,BHAIPURA HATKESHWAR,72.63118233289775,22.997879250810332
43,BHAIPURA HATKESHWAR,72.62335597208711,22.985229290691766
43,BHAIPURA HATKESHWAR,72.62910775390336,22.996985824275768
43,BHAIPURA HATKESHWAR,72.62334236747564,22.99123855702633
43,BHAIPURA HATKESHWAR,72.62260432917685,22.985117698221075
43,BHAIPURA HATKESHWAR,72.62195786132386,22.985566061743675
43,BHAIPURA HATKESHWAR,72.62330719492714,22.98774569685004
43,BHAIPURA HATKESHWAR,72.62702964305701,22.991164892688243
43,BHAIPURA HATKESHWAR,72.62894610314798,22.990868817530963
43,BHAIPURA HATKESHWAR,72.62468751589005,22.985595357336653
43,BHAIPURA HATKESHWAR,72.63033460373836,23.000587160066086
43,BHAIPURA HATKESHWAR,72.62588737172567,22.985895747173114
43,BHAIPURA HATKESHWAR,72.6284787912647,22.99215424587783
43,BHAIPURA HATKESHWAR,72.62519731717795,22.986810624144596
43,BHAIPURA HATKESHWAR,72.62955524050756,22.99912053752992
43,BHAIPURA HATKESHWAR,72.62117813887599,22.990779969735556
43,BHAIPURA HATKESHWAR,72.63053535763746,23.000368469689537
43,BHAIPURA HATKESHWAR,72.63522341586909,23.001899979344998
43,BHAIPURA HATKESHWAR,72.63193959108057,22.996644888366518
43,BHAIPURA HATKESHWAR,72.61979777615984,22.98980583215953
43,BHAIPURA HATKESHWAR,72.62153979095855,22.991306719552647
43,BHAIPURA HATKESHWAR,72.62723660974669,22.988537154400483
43,BHAIPURA HATKESHWAR,72.63057853802698,22.993586646287977
43,BHAIPURA HATKESHWAR,72.62865351839994,22.989725474238313
43,BHAIPURA HATKESHWAR,72.62772582150008,23.004164083259692
43,BHAIPURA HATKESHWAR,72.62189328652224,22.986809727855473
43,BHAIPURA HATKESHWAR,72.6310437649884,23.001707991618986
43,BHAIPURA HATKESHWAR,72.63443645756446,22.99960212770299
43,BHAIPURA HATKESHWAR,72.62007730747764,22.99048336469526
43,BHAIPURA HATKESHWAR,72.6276825169908,22.98992423608035
43,BHAIPURA HATKESHWAR,72.62712437272425,23.003555690415993
43,BHAIPURA HATKESHWAR,72.62613339017017,22.98987277800327
43,BHAIPURA HATKESHWAR,72.62193753526408,22.988525597088405
43,BHAIPURA HATKESHWAR,72.62797366270453,22.993832993694294
43,BHAIPURA HATKESHWAR,72.62541493214984,22.998965872037896
43,BHAIPURA HATKESHWAR,72.63028018760534,22.995538537584206
43,BHAIPURA HATKESHWAR,72.6253650823612,22.988360821118125
43,BHAIPURA HATKESHWAR,72.62616325663019,22.990930133376178
43,BHAIPURA HATKESHWAR,72.62111877946344,22.98586860408684
43,BHAIPURA HATKESHWAR,72.63357685559211,23.00050072109531
43,BHAIPURA HATKESHWAR,72.62802341909874,22.993246635595863
43,BHAIPURA HATKESHWAR,72.63115323144612,23.00308347705684
43,BHAIPURA HATKESHWAR,72.62801169891921,23.002087694245006
43,BHAIPURA HATKESHWAR,72.63022975940068,22.997690451173643
43,BHAIPURA HATKESHWAR,72.63048549656229,22.99195507075707
43,BHAIPURA HATKESHWAR,72.6250680530529,22.985449036164887
43,BHAIPURA HATKESHWAR,72.62737662588182,22.994129289932637
43,BHAIPURA HATKESHWAR,72.62383315387304,22.991200449027293
43,BHAIPURA HATKESHWAR,72.62887880116604,22.997105859299396
43,BHAIPURA HATKESHWAR,72.63512981798996,22.998979612155306
43,BHAIPURA HATKESHWAR,72.63134831627505,23.0000480372678
43,BHAIPURA HATKESHWAR,72.62559928599448,22.989329528601388
43,BHAIPURA HATKESHWAR,72.62211972286846,22.988823331822914
43,BHAIPURA HATKESHWAR,72.62831255278053,22.99660018163313
43,BHAIPURA HATKESHWAR,72.62437511248197,22.99358006130317
43,BHAIPURA HATKESHWAR,72.62767520118092,23.002855497064573
43,BHAIPURA HATKESHWAR,72.61979358628201,22.98844884206203
43,BHAIPURA HATKESHWAR,72.62846419063341,22.99466122049974
43,BHAIPURA HATKESHWAR,72.62457283995548,22.987582688256754
43,BHAIPURA HATKESHWAR,72.63336806179638,22.994385915961505
43,BHAIPURA HATKESHWAR,72.62138538089243,22.985487856772114
43,BHAIPURA HATKESHWAR,72.63386581927645,22.998693412220614
43,BHAIPURA HATKESHWAR,72.63291445945569,22.992852873265253
43,BHAIPURA HATKESHWAR,72.62889197043289,22.99757424217434
43,BHAIPURA HATKESHWAR,72.63217515550002,22.99608259136162
43,BHAIPURA HATKESHWAR,72.62926549973797,22.995001880095096
43,BHAIPURA HATKESHWAR,72.62915356916477,22.99348690177711
43,BHAIPURA HATKESHWAR,72.6322052138976,23.0007381119878
43,BHAIPURA HATKESHWAR,72.62733444866474,22.987595295294184
43,BHAIPURA HATKESHWAR,72.62710386257524,23.003510580997467
43,BHAIPURA HATKESHWAR,72.62793863212039,22.992193391032092
43,BHAIPURA HATKESHWAR,72.62169074880387,22.988914212339097
43,BHAIPURA HATKESHWAR,72.62930612916081,22.998726055319747
43,BHAIPURA HATKESHWAR,72.6333512989677,23.00250706731311
43,BHAIPURA HATKESHWAR,72.63405799254967,22.99819394703512
43,BHAIPURA HATKESHWAR,72.61997339073031,22.989169040085816
43,BHAIPURA HATKESHWAR,72.62657415451076,22.99854398951169
43,BHAIPURA HATKESHWAR,72.6354730377883,23.000295478423364
43,BHAIPURA HATKESHWAR,72.62610861264633,22.987388473878866
43,BHAIPURA HATKESHWAR,72.62469150214005,22.984859493003203
43,BHAIPURA HATKESHWAR,72.63078585420375,23.000733961461545
43,BHAIPURA HATKESHWAR,72.62726611532332,22.98848696070652
43,BHAIPURA HATKESHWAR,72.62462635109661,22.99042114834105
43,BHAIPURA HATKESHWAR,72.63272304123332,23.002316519637724
43,BHAIPURA HATKESHWAR,72.63252927695312,23.001594818314732
43,BHAIPURA HATKESHWAR,72.6292880477185,22.994585013882904
43,BHAIPURA HATKESHWAR,72.62693885758458,22.99317222467277
43,BHAIPURA HATKESHWAR,72.63530023367835,23.00034973736929
43,BHAIPURA HATKESHWAR,72.6299945248539,23.002408434847982
43,BHAIPURA HATKESHWAR,72.62075808286711,22.986474956820462
43,BHAIPURA HATKESHWAR,72.62774972513779,23.002311843039898
43,BHAIPURA HATKESHWAR,72.63170553051981,22.99915924662333
43,BHAIPURA HATKESHWAR,72.62408045561635,22.99375563009023
43,BHAIPURA HATKESHWAR,72.62701726857588,22.98666169313114
43,BHAIPURA HATKESHWAR,72.62681440238617,22.99783231162162
43,BHAIPURA HATKESHWAR,72.6311283294522,22.992176310725796
43,BHAIPURA HATKESHWAR,72.62004635532917,22.98879676789781
43,BHAIPURA HATKESHWAR,72.62072143409014,22.989525696116075
43,BHAIPURA HATKESHWAR,72.62895999268775,22.995298917368665
43,BHAIPURA HATKESHWAR,72.62825642858415,22.996380991780597
43,BHAIPURA HATKESHWAR,72.63248896191139,22.995473492667443
43,BHAIPURA HATKESHWAR,72.62823815419377,23.00273183552336
43,BHAIPURA HATKESHWAR,72.62467811326955,22.984733368046445
43,BHAIPURA HATKESHWAR,72.62255528313862,22.990216837569072
43,BHAIPURA HATKESHWAR,72.63468036467509,22.998457268081456
43,BHAIPURA HATKESHWAR,72.62346550746165,22.98941053651056
43,BHAIPURA HATKESHWAR,72.63043205259373,22.99105090788034
43,BHAIPURA HATKESHWAR,72.63230616747059,22.999070198443846
43,BHAIPURA HATKESHWAR,72.6244565989467,22.986590156145898
43,BHAIPURA HATKESHWAR,72.63073882372377,22.99948376219767
43,BHAIPURA HATKESHWAR,72.63444180549743,22.99794536347932
43,BHAIPURA HATKESHWAR,72.62765028520431,22.99467242483032
43,BHAIPURA HATKESHWAR,72.62904959239111,22.997620355454426
43,BHAIPURA HATKESHWAR,72.62751373027044,22.9991510701413
43,BHAIPURA HATKESHWAR,72.63157338046616,22.99667976824984
43,BHAIPURA HATKESHWAR,72.62863838241906,22.991972863613658
43,BHAIPURA HATKESHWAR,72.63330010604953,23.00283447534859
43,BHAIPURA HATKESHWAR,72.63351832624397,23.001953919915554
43,BHAIPURA HATKESHWAR,72.62727375752249,22.99527479427422
43,BHAIPURA HATKESHWAR,72.62673932139873,23.00149002722191
43,BHAIPURA HATKESHWAR,72.62372663132192,22.98788602744334
43,BHAIPURA HATKESHWAR,72.62277356272398,22.987525998100516
43,BHAIPURA HATKESHWAR,72.62522467620683,22.987005009345648
43,BHAIPURA HATKESHWAR,72.62891292781504,22.99672198628211
43,BHAIPURA HATKESHWAR,72.63431332309183,23.00220821333534
43,BHAIPURA HATKESHWAR,72.62724093050159,22.990185233106835
43,BHAIPURA HATKESHWAR,72.63317180029664,22.996819940195536
43,BHAIPURA HATKESHWAR,72.63248011923386,22.992611142293786
44,KHOKHRA,72.61455088547474,22.98567023981927
44,KHOKHRA,72.61536700621589,22.988030912761495
44,KHOKHRA,72.61823718545672,22.985181944196846
44,KHOKHRA,72.60836096909672,23.008001561260404
44,KHOKHRA,72.60670268754194,23.0129420887867
44,KHOKHRA,72.60882399181018,23.00829181902356
44,KHOKHRA,72.61596105740809,22.992786855880475
44,KHOKHRA,72.61948059153939,22.990320062856973
44,KHOKHRA,72.62147249481924,22.99849898342052
44,KHOKHRA,72.61773064607992,22.99083781951579
44,KHOKHRA,72.61378044987124,22.985275077883017
44,KHOKHRA,72.61706874231052,22.996928124916124
44,KHOKHRA,72.61231991358737,22.990325418428952
44,KHOKHRA,72.60703807342543,23.011562382227776
44,KHOKHRA,72.61451454270869,22.984432305530337
44,KHOKHRA,72.61425426436868,22.992952423289935
44,KHOKHRA,72.61867109115587,22.995397402972017
44,KHOKHRA,72.61681871047938,22.9856963781833
44,KHOKHRA,72.62068935449678,22.9819912640682
44,KHOKHRA,72.61276181878355,22.986907304240056
44,KHOKHRA,72.6155003047789,22.993282939478657
44,KHOKHRA,72.60897941958882,23.004470125145662
44,KHOKHRA,72.6198962691627,23.00092573258338
44,KHOKHRA,72.61397759082595,23.00785548566745
44,KHOKHRA,72.61446280065161,22.982879744081753
44,KHOKHRA,72.60845796718209,23.00650358737908
44,KHOKHRA,72.619681693794,23.000210647391654
44,KHOKHRA,72.61929246877513,23.001500131791218
44,KHOKHRA,72.60744938378281,23.007779323782547
44,KHOKHRA,72.62366910820094,22.998086928821245
44,KHOKHRA,72.61081370573919,23.00328650341652
44,KHOKHRA,72.61876634599996,22.98961446140346
44,KHOKHRA,72.61269057339652,23.009710386071397
44,KHOKHRA,72.60928722622813,23.006551987865993
44,KHOKHRA,72.61753906990063,22.993158036785132
44,KHOKHRA,72.62337955026247,22.999517938561006
44,KHOKHRA,72.61434757270321,22.981382446497914
44,KHOKHRA,72.61269939789271,22.985143924053265
44,KHOKHRA,72.61535200193003,22.987557714289135
44,KHOKHRA,72.6254835651353,22.99571502359001
44,KHOKHRA,72.62207753687755,22.98482525832094
44,KHOKHRA,72.6147246156724,22.981939870325263
44,KHOKHRA,72.61365118338554,23.0082202495234
44,KHOKHRA,72.62402852629684,22.99725121356511
44,KHOKHRA,72.61094547335959,23.004904114833366
44,KHOKHRA,72.61855189384157,22.995519485009698
44,KHOKHRA,72.61502267148768,22.996330855431594
44,KHOKHRA,72.6120855965519,22.99724995361732
44,KHOKHRA,72.61547235718511,22.993738357963835
44,KHOKHRA,72.61175657914227,23.000918609681257
44,KHOKHRA,72.61523006351206,22.982329361138564
44,KHOKHRA,72.61284532820783,22.981461018398953
44,KHOKHRA,72.61294710050745,22.997744573481487
44,KHOKHRA,72.61320299283565,22.99092172566195
44,KHOKHRA,72.61674829702214,23.001432295468806
44,KHOKHRA,72.60871740753964,23.011681775515395
44,KHOKHRA,72.61708974917823,22.993517519774315
44,KHOKHRA,72.61537608070334,23.010013731853533
44,KHOKHRA,72.6144832444767,23.0000263682437
44,KHOKHRA,72.61805746181783,22.98866088017292
44,KHOKHRA,72.61305016362206,22.98763509491126
44,KHOKHRA,72.61841405874662,22.982372010994663
44,KHOKHRA,72.626100570916,22.997214000734896
44,KHOKHRA,72.61530526952562,22.980247095779507
44,KHOKHRA,72.61338101680515,22.997056911697086
44,KHOKHRA,72.60920093494873,23.00429667006194
44,KHOKHRA,72.61847511454751,22.982535058512816
44,KHOKHRA,72.61357495438915,22.988519063806937
44,KHOKHRA,72.61460509162364,23.009490078130266
44,KHOKHRA,72.61855871987036,22.9929565033298
44,KHOKHRA,72.61308902156573,22.998256949037533
44,KHOKHRA,72.61450674752172,23.008291077483708
44,KHOKHRA,72.62327284027438,22.992199390384517
44,KHOKHRA,72.62246509980282,22.994846162584313
44,KHOKHRA,72.62069509323184,23.00209748812557
44,KHOKHRA,72.6166136202053,22.98563205991401
44,KHOKHRA,72.61526403377938,23.00939922214881
44,KHOKHRA,72.61864073110952,22.98739387996632
44,KHOKHRA,72.60792234543625,23.00876050700251
44,KHOKHRA,72.61672017696529,22.985292290669957
44,KHOKHRA,72.6152451983576,22.983238697410087
44,KHOKHRA,72.6070350781472,23.01155945657416
44,KHOKHRA,72.61651716602947,22.987613198241732
44,KHOKHRA,72.60881868300166,23.006546280527797
44,KHOKHRA,72.62451704918325,22.995461447598778
44,KHOKHRA,72.62290980353353,23.000748802213174
44,KHOKHRA,72.61153701115629,23.003839775954933
44,KHOKHRA,72.61784496697346,22.987776806097692
44,KHOKHRA,72.60622145291644,23.0118518102535
44,KHOKHRA,72.62061552542627,22.9831378703454
44,KHOKHRA,72.61790064366846,22.997128508430556
44,KHOKHRA,72.61384164911219,22.989392280486697
44,KHOKHRA,72.60873278799225,23.012240630723202
44,KHOKHRA,72.61342624526341,22.98880189326033
44,KHOKHRA,72.6161529146665,22.985545366781725
44,KHOKHRA,72.62376806469851,22.998748690528853
44,KHOKHRA,72.612820019936,22.98450773062423
44,KHOKHRA,72.61290554123067,23.000575696758
44,KHOKHRA,72.60673687390207,23.009668894553645
44,KHOKHRA,72.61460647189126,22.999496627572416
44,KHOKHRA,72.62186756221668,22.983605298531536
44,KHOKHRA,72.61430483850458,22.986981344313225
44,KHOKHRA,72.61622360590226,22.9843452346399
44,KHOKHRA,72.6147091459261,22.982606914365142
44,KHOKHRA,72.62144678735129,22.991760620806588
44,KHOKHRA,72.62266820844131,22.99849726881478
44,KHOKHRA,72.61705830082472,22.98972130740824
44,KHOKHRA,72.62227882061477,22.983684300566733
44,KHOKHRA,72.62561786531073,22.993995375264934
44,KHOKHRA,72.61364077037547,22.99581585168923
44,KHOKHRA,72.6211089908448,23.002011164253545
44,KHOKHRA,72.6154280829283,22.984668197023574
44,KHOKHRA,72.61133638679188,23.009768929465565
44,KHOKHRA,72.61375234346872,22.97980137350018
44,KHOKHRA,72.6079724830165,23.010104800367802
44,KHOKHRA,72.61024597971644,23.004154358229787
44,KHOKHRA,72.61876374034436,22.996900158524735
44,KHOKHRA,72.61674151684484,22.98683995814975
44,KHOKHRA,72.62004062556458,22.99557114059058
44,KHOKHRA,72.6231706973949,22.992788080891014
44,KHOKHRA,72.62055107999802,23.0025327153423
44,KHOKHRA,72.61403881993508,23.008608029924236
44,KHOKHRA,72.62093926918917,22.983186565209717
44,KHOKHRA,72.61763167801263,22.999866871372003
44,KHOKHRA,72.61249854700415,22.980778510617586
44,KHOKHRA,72.61286194352131,22.99773877514708
44,KHOKHRA,72.62274629203696,23.001277892887686
44,KHOKHRA,72.6143071498231,22.9952124621349
44,KHOKHRA,72.61989995602336,22.99282543786259
44,KHOKHRA,72.61220464413152,22.983571631587555
44,KHOKHRA,72.61340649661877,22.98801813862216
44,KHOKHRA,72.61306213437129,23.000554868404404
44,KHOKHRA,72.620378779829,23.002347457231966
44,KHOKHRA,72.6090178045283,23.011294163050604
44,KHOKHRA,72.6070676639492,23.012876726349784
44,KHOKHRA,72.61386144620047,22.985216291822294
44,KHOKHRA,72.62262540258936,22.983182132241453
44,KHOKHRA,72.61847552704145,23.000397070313923
44,KHOKHRA,72.61166595636413,22.983192150087405
44,KHOKHRA,72.61343783234162,22.997869302459616
44,KHOKHRA,72.61380907329661,23.008514122642264
44,KHOKHRA,72.61418429899278,23.001427244595728
44,KHOKHRA,72.6059481576373,23.010865966608034
44,KHOKHRA,72.61571750145144,23.000634247130986
44,KHOKHRA,72.60895829580163,23.012014821437475
44,KHOKHRA,72.60826816207411,23.01190016159223
44,KHOKHRA,72.62266644888702,22.993983613113294
44,KHOKHRA,72.61520397381726,22.987220744424107
44,KHOKHRA,72.61253958237165,23.001554904267824
44,KHOKHRA,72.6149606072978,22.98156457473526
44,KHOKHRA,72.6150867253421,22.997410517135645
44,KHOKHRA,72.61537242749722,22.99763446326253
44,KHOKHRA,72.61546784030332,23.008963746065334
44,KHOKHRA,72.614717867107,22.98911527408688
44,KHOKHRA,72.61631522868365,22.989330104484583
44,KHOKHRA,72.61621843778691,23.00048522305345
44,KHOKHRA,72.62568838902352,22.996274851405552
44,KHOKHRA,72.62208575525737,22.998318138162542
44,KHOKHRA,72.61644301464645,23.000815860088068
44,KHOKHRA,72.61878047065984,22.984876908302656
44,KHOKHRA,72.61882179298087,22.98462266265211
44,KHOKHRA,72.61270012337785,23.004457147225217
44,KHOKHRA,72.61341897610468,22.98921135914051
44,KHOKHRA,72.61824010430128,22.994831021851116
44,KHOKHRA,72.6214412022493,23.000380095236615
44,KHOKHRA,72.61362940618825,22.98307095346242
44,KHOKHRA,72.6079542864898,23.009279217601915
44,KHOKHRA,72.61147466206769,22.99100068864236
44,KHOKHRA,72.6190092389336,22.98658732797998
44,KHOKHRA,72.6161558091896,22.994642336108274
44,KHOKHRA,72.62301314239029,22.991773700493592
44,KHOKHRA,72.61512834046151,22.992153605150204
44,KHOKHRA,72.61481935326445,22.981995295827627
44,KHOKHRA,72.61463202906572,22.986623320062016
44,KHOKHRA,72.61812665743535,22.99214181660798
44,KHOKHRA,72.61685204214473,23.000386804504057
44,KHOKHRA,72.61689665566965,22.995720338638403
44,KHOKHRA,72.60761363702314,23.012943896811258
44,KHOKHRA,72.61664310267612,22.981000206324847
44,KHOKHRA,72.62020764585394,22.98246748464552
44,KHOKHRA,72.6153237319428,22.997762030355947
44,KHOKHRA,72.60823389932183,23.0131328759091
44,KHOKHRA,72.6120309552651,23.006085601249097
44,KHOKHRA,72.62101419821056,22.99427505307788
44,KHOKHRA,72.62386534904,22.9996870234524
44,KHOKHRA,72.61267248015685,22.990438311251523
44,KHOKHRA,72.61439412960804,23.004511192424218
44,KHOKHRA,72.61404646014104,22.990231522905052
44,KHOKHRA,72.61809691776953,22.985891579165667
44,KHOKHRA,72.62072679364061,22.998292012199677
44,KHOKHRA,72.61067487841812,23.010203995329224
44,KHOKHRA,72.62366625315894,23.002451835146548
44,KHOKHRA,72.61912369322332,22.992300458490025
44,KHOKHRA,72.61296865293225,22.99755429713453
44,KHOKHRA,72.61456436414447,22.99504623049714
44,KHOKHRA,72.61076083777161,23.008981587906575
44,KHOKHRA,72.61795156762648,22.998907722761974
44,KHOKHRA,72.61063478507927,23.008051490469946
44,KHOKHRA,72.61936780721922,22.99856510067099
44,KHOKHRA,72.62080608165432,23.001669588170543
45,ISANPUR,72.60204491433294,22.974673046016786
45,ISANPUR,72.59888035823481,22.978709300119196
45,ISANPUR,72.60121061949172,22.980198464676526
45,ISANPUR,72.58606706978388,22.979804120972183
45,ISANPUR,72.5964064532096,22.976237518425304
45,ISANPUR,72.59003981734367,22.98165049082604
45,ISANPUR,72.59876991752049,22.980523117878857
45,ISANPUR,72.5950864142934,22.980596347082137
45,ISANPUR,72.5975138711619,22.977487574588537
45,ISANPUR,72.60364427455904,22.97704134140296
45,ISANPUR,72.59030535401793,22.97328922867928
45,ISANPUR,72.60730420402429,22.97295617106122
45,ISANPUR,72.60740297275248,22.98430900252172
45,ISANPUR,72.60721281697461,22.981911152144857
45,ISANPUR,72.59455104447954,22.9814574864507
45,ISANPUR,72.60699927026393,22.9835246838214
45,ISANPUR,72.6033726421733,22.987362787990477
45,ISANPUR,72.60077074730428,22.97823172309127
45,ISANPUR,72.60664688432223,22.970142807051463
45,ISANPUR,72.59913157699363,22.9781950425515
45,ISANPUR,72.59944232789022,22.97630465006748
45,ISANPUR,72.60771162986809,22.970415871356572
45,ISANPUR,72.59286607216289,22.973419161777347
45,ISANPUR,72.60972892711517,22.986336241310497
45,ISANPUR,72.60119448750567,22.974294081228287
45,ISANPUR,72.59757782542901,22.979695914215963
45,ISANPUR,72.61030623766077,22.983045811902443
45,ISANPUR,72.58834377108573,22.98188033001994
45,ISANPUR,72.58738041603819,22.97905372734969
45,ISANPUR,72.60336128334684,22.981899864329375
45,ISANPUR,72.60551493045983,22.97463123039661
45,ISANPUR,72.59017370074241,22.97882299601125
45,ISANPUR,72.60348202993207,22.983651006855034
45,ISANPUR,72.58829554573028,22.978697218301
45,ISANPUR,72.61051962146675,22.981132078616042
45,ISANPUR,72.60558778383195,22.985498336040365
45,ISANPUR,72.60212601367417,22.97642777194498
45,ISANPUR,72.59430015145512,22.97654534024304
45,ISANPUR,72.6074018854343,22.970426525073158
45,ISANPUR,72.60205173356663,22.982397248004958
45,ISANPUR,72.60244279344529,22.974808929744043
45,ISANPUR,72.59864050141894,22.98088339729385
45,ISANPUR,72.60795713846082,22.987207930809838
45,ISANPUR,72.60856017072358,22.971821780973304
45,ISANPUR,72.58674940269675,22.976820672516887
45,ISANPUR,72.60149518889912,22.982640223499907
45,ISANPUR,72.59892403272266,22.976974467958204
45,ISANPUR,72.60748453408534,22.976432252359867
45,ISANPUR,72.59689055984968,22.979828675554703
45,ISANPUR,72.60373029188038,22.9841176850906
45,ISANPUR,72.59713985234964,22.986884822976407
45,ISANPUR,72.5993587313573,22.977648867602234
45,ISANPUR,72.59046047593517,22.977515087789783
45,ISANPUR,72.59822572904415,22.986640110163755
45,ISANPUR,72.60851238625884,22.977876127795835
45,ISANPUR,72.60800298632093,22.985779149829774
45,ISANPUR,72.61011215882277,22.97519555437373
45,ISANPUR,72.60062495295793,22.977451805270704
45,ISANPUR,72.59068773690558,22.9736917206414
45,ISANPUR,72.59974951373427,22.9785268170011
45,ISANPUR,72.59660721315751,22.974989139318065
45,ISANPUR,72.59955870198688,22.98092988196935
45,ISANPUR,72.58895181968197,22.975735257156817
45,ISANPUR,72.59467479546629,22.979653289140018
45,ISANPUR,72.60335495936631,22.984628577550033
45,ISANPUR,72.60352423236736,22.97771257718416
45,ISANPUR,72.60073122301672,22.97695890483903
45,ISANPUR,72.59622569893345,22.982492485075515
45,ISANPUR,72.59903943317609,22.986067087033735
45,ISANPUR,72.60476367865527,22.977659149024234
45,ISANPUR,72.59072180436952,22.973470234971167
45,ISANPUR,72.58844380649285,22.981799468190953
45,ISANPUR,72.59676288353792,22.984274108462323
45,ISANPUR,72.60761741696571,22.986530579000085
45,ISANPUR,72.60278921413177,22.984752647593538
45,ISANPUR,72.59551273344096,22.98231766512197
45,ISANPUR,72.60998767027989,22.979216344395347
45,ISANPUR,72.59740129008739,22.98559663439528
45,ISANPUR,72.60874379639152,22.96986613173972
45,ISANPUR,72.60288330459663,22.978872979573556
45,ISANPUR,72.60461870860678,22.980172989448032
45,ISANPUR,72.59401409856535,22.982628596458238
45,ISANPUR,72.60093788426205,22.987764329748714
45,ISANPUR,72.59110676361689,22.974806040944504
45,ISANPUR,72.60029461845846,22.98419836673591
45,ISANPUR,72.60480312143322,22.985237006829884
45,ISANPUR,72.60444763291682,22.988401810544946
45,ISANPUR,72.59605696701013,22.977691199893634
45,ISANPUR,72.59010354896915,22.977007510337355
45,ISANPUR,72.60544408621541,22.98611628192112
45,ISANPUR,72.589216836204,22.973077562290594
45,ISANPUR,72.60121239160341,22.975182233001014
45,ISANPUR,72.59313620691664,22.975661982687335
45,ISANPUR,72.60001888905454,22.986350454861718
45,ISANPUR,72.59884939189568,22.984655982907444
45,ISANPUR,72.60779591501071,22.973744900580627
45,ISANPUR,72.60009008336898,22.988106070605838
45,ISANPUR,72.60189113635982,22.983946582479167
45,ISANPUR,72.60902327053428,22.980608825580102
45,ISANPUR,72.60343322292883,22.9800637534535
45,ISANPUR,72.60189521492808,22.988500994734075
45,ISANPUR,72.60927056458732,22.971936547643935
45,ISANPUR,72.60074467677933,22.98741022892513
45,ISANPUR,72.6103979400661,22.98038127479712
45,ISANPUR,72.60182422779695,22.975803423513497
45,ISANPUR,72.60424674385078,22.972706483556994
45,ISANPUR,72.58693662743605,22.98170532881521
45,ISANPUR,72.5909568302445,22.981073243106234
45,ISANPUR,72.60025331518955,22.976727566977207
45,ISANPUR,72.60736322551263,22.983603254396417
45,ISANPUR,72.60317851941811,22.980291200015948
45,ISANPUR,72.60352830426795,22.972295956637147
45,ISANPUR,72.59214210134962,22.973832022463608
45,ISANPUR,72.60470148093849,22.976713363399373
45,ISANPUR,72.60666555562347,22.97772995728911
45,ISANPUR,72.60154244023076,22.98027156360963
45,ISANPUR,72.6068131680009,22.98047537375163
45,ISANPUR,72.59269343567358,22.982980720135252
45,ISANPUR,72.60364720567976,22.987027998097147
45,ISANPUR,72.60851201725313,22.97381939605814
45,ISANPUR,72.60405255768367,22.973093060073385
45,ISANPUR,72.59149680722193,22.98120764582041
45,ISANPUR,72.60258966225831,22.98787269461673
45,ISANPUR,72.60958830562187,22.97761039915019
45,ISANPUR,72.60342401016278,22.97637214101102
45,ISANPUR,72.60987416717647,22.981381083658277
45,ISANPUR,72.61009527644175,22.978063559539432
45,ISANPUR,72.60829822481652,22.974600285236978
45,ISANPUR,72.60261718910886,22.98068467781763
45,ISANPUR,72.59806670128259,22.97819974184503
45,ISANPUR,72.6037427949012,22.983046638905943
45,ISANPUR,72.60060927673115,22.98507452882626
45,ISANPUR,72.59346744270641,22.97386508937771
45,ISANPUR,72.60874498443958,22.984405154802786
45,ISANPUR,72.60866816818056,22.975026796803984
45,ISANPUR,72.58968665983863,22.979994685262085
45,ISANPUR,72.59031909108839,22.97314471232993
45,ISANPUR,72.59581527323635,22.977367419512134
45,ISANPUR,72.59180035542603,22.982251448773237
45,ISANPUR,72.59334408451981,22.9823429818402
45,ISANPUR,72.60474903174037,22.982768914983456
45,ISANPUR,72.58919405339977,22.974314649605223
45,ISANPUR,72.60591774668218,22.984220186209413
45,ISANPUR,72.60770644132488,22.986741608005428
45,ISANPUR,72.59069531394225,22.978187658094864
45,ISANPUR,72.59685852655976,22.97516753509735
45,ISANPUR,72.60807974187101,22.978821566404168
45,ISANPUR,72.60104161307238,22.97304780815257
45,ISANPUR,72.60288473731958,22.974313916419046
45,ISANPUR,72.59143804388368,22.98021404219939
45,ISANPUR,72.59556947744377,22.975354957963333
45,ISANPUR,72.60278885638448,22.979181753689957
45,ISANPUR,72.60862429387483,22.97220913220065
45,ISANPUR,72.59578302109135,22.979051887252993
45,ISANPUR,72.60667797997539,22.98511011799713
45,ISANPUR,72.60778911049543,22.978578856548367
45,ISANPUR,72.59166653744849,22.983027189736614
45,ISANPUR,72.61027627418753,22.97355678089626
45,ISANPUR,72.60275471168367,22.97913468894944
45,ISANPUR,72.60264391872887,22.976793747628196
45,ISANPUR,72.59144813700296,22.980440665303753
45,ISANPUR,72.592169661043,22.9736473942076
45,ISANPUR,72.58974060668383,22.982991822785543
45,ISANPUR,72.60640053384648,22.971329729633183
45,ISANPUR,72.60250161982881,22.9724475547959
45,ISANPUR,72.60832898127165,22.973205162019294
45,ISANPUR,72.58874806135603,22.976860938200257
45,ISANPUR,72.59421012781098,22.98161969460429
45,ISANPUR,72.58841094684605,22.973531209285916
45,ISANPUR,72.60776281422778,22.973309144700362
45,ISANPUR,72.58975740857812,22.978889880270785
45,ISANPUR,72.60645369489336,22.98552924726008
45,ISANPUR,72.60453624951201,22.97246783697052
45,ISANPUR,72.59911460372561,22.988242030642652
45,ISANPUR,72.59782999187291,22.9878248124095
45,ISANPUR,72.60301309443565,22.98557737609764
45,ISANPUR,72.60763179875782,22.98428991146425
45,ISANPUR,72.60992524595933,22.984372151191174
45,ISANPUR,72.60041318844989,22.981361319522517
45,ISANPUR,72.60678491655125,22.983519064611716
45,ISANPUR,72.60080581646378,22.980274350028008
45,ISANPUR,72.60409838079978,22.97957810095665
45,ISANPUR,72.60723901279789,22.971841569656213
45,ISANPUR,72.60256959428315,22.983832842303833
45,ISANPUR,72.60163418809542,22.979344222775122
45,ISANPUR,72.59432276975025,22.981170047060534
45,ISANPUR,72.6088365029243,22.982923300440376
45,ISANPUR,72.60458023577512,22.978257309350237
45,ISANPUR,72.60079429435304,22.98700749835085
45,ISANPUR,72.60816956138659,22.96917578954107
45,ISANPUR,72.59868566654761,22.98079488751468
45,ISANPUR,72.60759752957104,22.97313155668694
45,ISANPUR,72.58901119413466,22.98025448942322
45,ISANPUR,72.60996974434315,22.974249549791622
45,ISANPUR,72.60000653332513,22.976200418328684
45,ISANPUR,72.60096589100141,22.98867523331829
45,ISANPUR,72.59494063685605,22.982067111247787
45,ISANPUR,72.59495696580481,22.984144553407386
45,ISANPUR,72.60106299693366,22.97171378708658
45,ISANPUR,72.59618759154783,22.985978183911953
46,LAMBHA,72.56743139739912,22.962309783389312
46,LAMBHA,72.58319940448919,22.9467940814445
46,LAMBHA,72.54145034058155,22.95457249444539
46,LAMBHA,72.52306914426126,22.95464278136121
46,LAMBHA,72.59073690442155,22.96339524530134
46,LAMBHA,72.58507286119288,22.936788765654878
46,LAMBHA,72.56434702460447,22.953852851272465
46,LAMBHA,72.54966061110267,22.952124192515658
46,LAMBHA,72.53626394380471,22.973547594712713
46,LAMBHA,72.6084372792362,22.936206402076305
46,LAMBHA,72.54617640861092,22.92867736599991
46,LAMBHA,72.59880934647056,22.92507723218561
46,LAMBHA,72.59216748258497,22.970648591501334
46,LAMBHA,72.54353876332844,22.96686529696713
46,LAMBHA,72.55731741015867,22.937685988541684
46,LAMBHA,72.60169086819916,22.94484394079816
46,LAMBHA,72.51724260603739,22.957173566872495
46,LAMBHA,72.577975384903,22.95718236040297
46,LAMBHA,72.54798207692498,22.96017729886124
46,LAMBHA,72.53351233726592,22.95572468245491
46,LAMBHA,72.5442098818611,22.936008339252474
46,LAMBHA,72.56857862677239,22.947106236382638
46,LAMBHA,72.52392576593462,22.965751062021138
46,LAMBHA,72.5294382560605,22.97021939466285
46,LAMBHA,72.58807224912492,22.95897322258505
46,LAMBHA,72.5509945326447,22.95618826676348
46,LAMBHA,72.57836529926875,22.964743891997323
46,LAMBHA,72.5588946252004,22.970332900019567
46,LAMBHA,72.5405889193093,22.97957336831087
46,LAMBHA,72.5912800798485,22.943879522944428
46,LAMBHA,72.53521022434894,22.922733597504685
46,LAMBHA,72.55625547592018,22.948971964550854
46,LAMBHA,72.55101815304381,22.929795162729278
46,LAMBHA,72.56953827119322,22.94966746183288
46,LAMBHA,72.57664413386205,22.966599205900152
46,LAMBHA,72.56087415847644,22.953152975221087
46,LAMBHA,72.54531114716724,22.97187295062686
46,LAMBHA,72.5669416194479,22.94950391787079
46,LAMBHA,72.58138793990055,22.9432060757374
46,LAMBHA,72.58275039539072,22.932361751363864
46,LAMBHA,72.55454186067738,22.97432946620891
46,LAMBHA,72.56992676516751,22.943755156864313
46,LAMBHA,72.59124088618705,22.934708866164925
46,LAMBHA,72.56101056107397,22.9320364591861
46,LAMBHA,72.60745024064879,22.96668969373608
46,LAMBHA,72.55432603599169,22.96347226143288
46,LAMBHA,72.55505546600318,22.952409383548535
46,LAMBHA,72.54687737424241,22.941302298080952
46,LAMBHA,72.60176418023215,22.953165977740152
46,LAMBHA,72.57510264159191,22.950244869018025
46,LAMBHA,72.54908201470984,22.964233614813452
46,LAMBHA,72.54026425371521,22.928855302600198
46,LAMBHA,72.53928437815696,22.969244481020706
46,LAMBHA,72.53877055472609,22.95547168742031
46,LAMBHA,72.54625300112156,22.958664233853646
46,LAMBHA,72.54300848844923,22.937778277910365
46,LAMBHA,72.59604671429618,22.92832230818298
46,LAMBHA,72.59280122391006,22.96106362878272
46,LAMBHA,72.60288734745019,22.949495611907018
46,LAMBHA,72.55141143369856,22.96645029520309
46,LAMBHA,72.52265842609567,22.96724717588437
46,LAMBHA,72.54875898049515,22.924081932461124
46,LAMBHA,72.53348662559554,22.96717235890179
46,LAMBHA,72.56013331595189,22.97304692035523
46,LAMBHA,72.59863663329917,22.972376571038126
46,LAMBHA,72.55211571908357,22.937533180435505
46,LAMBHA,72.57273170871359,22.942036591555155
46,LAMBHA,72.53610329892015,22.958362165817285
46,LAMBHA,72.52110258712047,22.97188369329186
46,LAMBHA,72.56172746572166,22.961055477442567
46,LAMBHA,72.59499799887553,22.973520651442946
46,LAMBHA,72.52729851389608,22.95828695107672
46,LAMBHA,72.59395371355944,22.963288109765013
46,LAMBHA,72.55400934671263,22.968031771721726
46,LAMBHA,72.54389884744208,22.977260087090187
46,LAMBHA,72.57378401949953,22.923865362872604
46,LAMBHA,72.55611224426741,22.97510893366417
46,LAMBHA,72.54757430019352,22.931048184484997
46,LAMBHA,72.55526559053821,22.926198848760958
46,LAMBHA,72.54205189005414,22.960025697915576
46,LAMBHA,72.55924062996476,22.92259661594435
46,LAMBHA,72.5424267293366,22.963239620733624
46,LAMBHA,72.57755729046501,22.940039363484996
46,LAMBHA,72.60549032897744,22.967575874481692
46,LAMBHA,72.5728543990903,22.943702938744007
46,LAMBHA,72.54442909217056,22.941150006942234
46,LAMBHA,72.58312979681853,22.96911540726074
46,LAMBHA,72.59842476239217,22.94676983689968
46,LAMBHA,72.57456607987149,22.971946095472315
46,LAMBHA,72.56266267608818,22.94859953595776
46,LAMBHA,72.55849465285958,22.954869116967252
46,LAMBHA,72.58395230565685,22.968798370517764
46,LAMBHA,72.55525751344344,22.92067189150358
46,LAMBHA,72.58740803252206,22.949568039650128
46,LAMBHA,72.51186760105331,22.956959019518248
46,LAMBHA,72.54583629862222,22.963463471711457
46,LAMBHA,72.5870441454517,22.955088531890414
46,LAMBHA,72.51318587031125,22.95425024009362
46,LAMBHA,72.56025963080494,22.968210940025884
46,LAMBHA,72.53753847200936,22.962923738378382
46,LAMBHA,72.57533300904747,22.956388101436694
46,LAMBHA,72.53058393045876,22.97146066578299
46,LAMBHA,72.57382847025904,22.953332805318286
46,LAMBHA,72.56464427468337,22.91918942909155
46,LAMBHA,72.54670756452636,22.956126423844584
46,LAMBHA,72.51899760349679,22.96025708451766
46,LAMBHA,72.542029747062,22.972783942108133
46,LAMBHA,72.59498644198483,22.93664772249929
46,LAMBHA,72.58998937524439,22.938562130718083
46,LAMBHA,72.53947042641786,22.97063580274832
46,LAMBHA,72.5510085146759,22.93300345392915
46,LAMBHA,72.51672674252617,22.95151119700593
46,LAMBHA,72.53791048829419,22.96227448800097
46,LAMBHA,72.57935087644626,22.967437557861146
46,LAMBHA,72.51800060027148,22.96615830478015
46,LAMBHA,72.56111041183456,22.935270559934168
46,LAMBHA,72.57316755358468,22.968414292088337
46,LAMBHA,72.52214389557639,22.968943074732426
46,LAMBHA,72.56905221408364,22.956188020510393
46,LAMBHA,72.60023734033804,22.962314474706858
46,LAMBHA,72.57047128562961,22.936839234981665
46,LAMBHA,72.56309455754341,22.970937289145894
46,LAMBHA,72.59129128235375,22.96159445647007
46,LAMBHA,72.5543814878855,22.951824258440144
46,LAMBHA,72.56703954307703,22.95463577653891
46,LAMBHA,72.5950868127237,22.97051517495816
46,LAMBHA,72.5916107421039,22.96021740149041
46,LAMBHA,72.5375260209041,22.972245231497894
46,LAMBHA,72.53986237582728,22.963329559657435
46,LAMBHA,72.52286014165585,22.95123040547102
46,LAMBHA,72.54379887618121,22.961937736483716
46,LAMBHA,72.535785816713,22.963731536443152
46,LAMBHA,72.59354661209922,22.964396469639098
46,LAMBHA,72.51491289624298,22.964047229250486
46,LAMBHA,72.58324015154565,22.93278236918805
46,LAMBHA,72.54246541417623,22.92538676446432
46,LAMBHA,72.60791745491282,22.952875407666824
46,LAMBHA,72.53656304254544,22.923111494963
46,LAMBHA,72.57649031544783,22.95551188825127
46,LAMBHA,72.58944064119454,22.96039742838193
46,LAMBHA,72.55503220488328,22.919464272554414
46,LAMBHA,72.5525058544528,22.95215327168526
46,LAMBHA,72.60454665691168,22.93505198256255
46,LAMBHA,72.58211305847452,22.962499752310716
46,LAMBHA,72.5738594373956,22.94169230885671
46,LAMBHA,72.54667319910338,22.956013634046624
46,LAMBHA,72.54474574529016,22.954476242360506
46,LAMBHA,72.57452285040908,22.959336009417072
46,LAMBHA,72.56308835830214,22.940089799313206
46,LAMBHA,72.60368434633611,22.948754396276854
46,LAMBHA,72.55721484781351,22.972694181736667
46,LAMBHA,72.59189035337003,22.96257955996788
46,LAMBHA,72.56481187445685,22.929935034778797
46,LAMBHA,72.56885419768905,22.921834854953122
46,LAMBHA,72.56576481080332,22.971950574171117
46,LAMBHA,72.56356838639991,22.918613441399728
46,LAMBHA,72.53960129089756,22.93143590516776
46,LAMBHA,72.6014930374133,22.950358547015522
46,LAMBHA,72.5966225739967,22.953614752026958
46,LAMBHA,72.59297818698579,22.95150720471574
46,LAMBHA,72.55700925338229,22.9587714152962
46,LAMBHA,72.54053926123585,22.97653491236381
46,LAMBHA,72.58032004078882,22.970020216624206
46,LAMBHA,72.53598406281331,22.921623005728254
46,LAMBHA,72.58786721710217,22.94408783778131
46,LAMBHA,72.56071403151721,22.965848204175778
46,LAMBHA,72.5372492925794,22.920566876784203
46,LAMBHA,72.57738417592664,22.936629388304727
46,LAMBHA,72.58613178198354,22.930094319353323
46,LAMBHA,72.5431904010171,22.950027969933192
46,LAMBHA,72.57716371291109,22.92411360095379
46,LAMBHA,72.57763653172132,22.939906941066514
46,LAMBHA,72.51974519828535,22.95083894942794
46,LAMBHA,72.60459161246848,22.9394355342924
46,LAMBHA,72.53533465589189,22.92279475174071
46,LAMBHA,72.5263506441671,22.971838540884438
46,LAMBHA,72.56004565104972,22.96834063210446
46,LAMBHA,72.55325118992718,22.944911383904405
46,LAMBHA,72.51719625004922,22.966577382328698
46,LAMBHA,72.54806219030283,22.96820517639753
46,LAMBHA,72.5416257754114,22.956657470924995
46,LAMBHA,72.54448388711832,22.935626626494727
46,LAMBHA,72.56568039097878,22.95580748076049
46,LAMBHA,72.59669513982267,22.94730897059207
46,LAMBHA,72.54876999699046,22.948312030529095
46,LAMBHA,72.59290819236986,22.951204864903442
46,LAMBHA,72.60757532817856,22.93934931292955
46,LAMBHA,72.59882832611136,22.945798596740147
46,LAMBHA,72.55832420941425,22.926074511190542
46,LAMBHA,72.5627289115703,22.91988305352432
46,LAMBHA,72.56696508466405,22.938078706167598
46,LAMBHA,72.56376932404787,22.94284552116419
46,LAMBHA,72.5851138116994,22.927024557447982
46,LAMBHA,72.52551544182906,22.953558962822637
46,LAMBHA,72.58643938144797,22.947839412759624
46,LAMBHA,72.59127823552201,22.971245193896834
46,LAMBHA,72.60403356330151,22.93971101392759
46,LAMBHA,72.60279583601587,22.962250868257627
46,LAMBHA,72.57464139289404,22.951672910678326
46,LAMBHA,72.57108901294072,22.959084265761152
47,VATVA,72.62205409440276,22.952233460016693
47,VATVA,72.61329317647215,22.962663490865214
47,VATVA,72.62143651973422,22.960796188259977
47,VATVA,72.61164515146135,22.936800340212805
47,VATVA,72.61245026257846,22.968534375347094
47,VATVA,72.6110173074396,22.965332066495616
47,VATVA,72.61955201806694,22.95209651280887
47,VATVA,72.6090514794455,22.928507214553914
47,VATVA,72.62228855330288,22.94325620624079
47,VATVA,72.61958973555225,22.929666079860308
47,VATVA,72.6108040550546,22.94530776146493
47,VATVA,72.61588603666698,22.961208791872778
47,VATVA,72.61089002902152,22.975677079145555
47,VATVA,72.6222112870946,22.96730479965246
47,VATVA,72.617184136017,22.977880888280463
47,VATVA,72.62150693073991,22.936743663787123
47,VATVA,72.61993831828337,22.93859970668529
47,VATVA,72.62023971023268,22.964146672546104
47,VATVA,72.61404493421698,22.941485956965284
47,VATVA,72.60802932206578,22.948183382698506
47,VATVA,72.61715293966724,22.934236349222388
47,VATVA,72.61485591474289,22.97223288068382
47,VATVA,72.60972518744,22.94316450327997
47,VATVA,72.62387525666657,22.94075065813193
47,VATVA,72.61752157372567,22.953865676523243
47,VATVA,72.60915255809866,22.955053809555505
47,VATVA,72.62441384176417,22.94006581018761
47,VATVA,72.6134443424055,22.956794766677735
47,VATVA,72.6176951636569,22.97569874138548
47,VATVA,72.6177456848834,22.96639992058234
47,VATVA,72.62444618695771,22.965370291695905
47,VATVA,72.61607452119667,22.97821633959714
47,VATVA,72.62073979495341,22.928567456914987
47,VATVA,72.62663538613124,22.962295018662154
47,VATVA,72.60993898537562,22.936934557708653
47,VATVA,72.61742096635817,22.928306598682852
47,VATVA,72.61591912283816,22.951251739966697
47,VATVA,72.61446565134779,22.957629278668986
47,VATVA,72.61455053018554,22.95892539418431
47,VATVA,72.6162922442506,22.943972481597662
47,VATVA,72.62942341622313,22.934242396856803
47,VATVA,72.6245472461508,22.93645564474185
47,VATVA,72.62371309994184,22.942614969909954
47,VATVA,72.61417124755839,22.97346896919355
47,VATVA,72.62685819542202,22.954844286201673
47,VATVA,72.62079605250698,22.939668676362672
47,VATVA,72.6117271125059,22.925157285799653
47,VATVA,72.62608146165522,22.933710559398317
47,VATVA,72.61996207201538,22.974760715216775
47,VATVA,72.6267018224414,22.93324263201753
47,VATVA,72.61389788267212,22.9292938082436
47,VATVA,72.61205478177986,22.94223944457406
47,VATVA,72.61444407766606,22.92475937338222
47,VATVA,72.62074447393623,22.95758000221113
47,VATVA,72.62336395296288,22.952148342928805
47,VATVA,72.62302540919566,22.932405952500346
47,VATVA,72.61051519031507,22.92840855136621
47,VATVA,72.61402574787067,22.970676214797784
47,VATVA,72.6131063434114,22.92970633449959
47,VATVA,72.6191288575496,22.934243550978394
47,VATVA,72.61666020575035,22.958967147074766
47,VATVA,72.62029136719198,22.95428927526693
47,VATVA,72.61930534539042,22.95464668281257
47,VATVA,72.61310419509759,22.95982645966814
47,VATVA,72.62073361757939,22.93881258172022
47,VATVA,72.61333424681847,22.972281823507497
47,VATVA,72.6225936882602,22.92518264816112
47,VATVA,72.63157595737316,22.951056495223973
47,VATVA,72.61630212864148,22.941766267807697
47,VATVA,72.61750459850215,22.95128286577171
47,VATVA,72.62345613762139,22.929034056470837
47,VATVA,72.61859296362745,22.954569207008248
47,VATVA,72.6242470320039,22.968684787140113
47,VATVA,72.62054871204599,22.97416482110841
47,VATVA,72.61500517701812,22.922007233839498
47,VATVA,72.62617584254278,22.93552242741189
47,VATVA,72.61055508899294,22.951264327626344
47,VATVA,72.6202387370202,22.974097863115396
47,VATVA,72.62100373701084,22.95388803547713
47,VATVA,72.61498934442176,22.96483849871454
47,VATVA,72.62308752533839,22.972045071982482
47,VATVA,72.62801593749606,22.9334467568227
47,VATVA,72.61414573234714,22.937128670858442
47,VATVA,72.62930951530242,22.953111506057557
47,VATVA,72.6095021583139,22.946852888681192
47,VATVA,72.61427420750834,22.974898721204283
47,VATVA,72.62578455341294,22.95375830083813
47,VATVA,72.61015265325175,22.96988189668584
47,VATVA,72.62939402342764,22.957437395474027
47,VATVA,72.6172985181805,22.93752073900487
47,VATVA,72.62237924968997,22.923854814898526
47,VATVA,72.61345373994263,22.962256612894915
47,VATVA,72.62791799727097,22.957614326344412
47,VATVA,72.6277814773681,22.95945717619541
47,VATVA,72.61824151085281,22.9406455824071
47,VATVA,72.62224816589625,22.943072488165225
47,VATVA,72.61546017851612,22.95128549256636
47,VATVA,72.60790772962116,22.929222975866296
47,VATVA,72.62727423950592,22.95897290463156
47,VATVA,72.61043374773726,22.94139441070767
47,VATVA,72.60936587299148,22.96625187842117
47,VATVA,72.61444690478748,22.968442608101423
47,VATVA,72.60950376884935,22.948652433703547
47,VATVA,72.62725289005827,22.938153226683593
47,VATVA,72.6156705653312,22.927232300654754
47,VATVA,72.61566046071299,22.930461126504134
47,VATVA,72.62119101948413,22.944251175767945
47,VATVA,72.61198234310105,22.925209486768424
47,VATVA,72.61311659183463,22.962923017406307
47,VATVA,72.62365080060572,22.9581610747811
47,VATVA,72.61926868483211,22.930373224201137
47,VATVA,72.61216436430753,22.942843394840526
47,VATVA,72.61465707700668,22.9444946819384
47,VATVA,72.61561123629262,22.964526359741377
47,VATVA,72.60862715993834,22.953456812161548
47,VATVA,72.62202075506582,22.92370604962598
47,VATVA,72.61783293711918,22.931865794614513
47,VATVA,72.61486749795681,22.921831608374987
47,VATVA,72.61990633141627,22.941963356566298
47,VATVA,72.6279072206148,22.96128302473113
47,VATVA,72.62167264857393,22.931606754370176
47,VATVA,72.62274328266784,22.926156112376603
47,VATVA,72.61833367851843,22.980016543132944
47,VATVA,72.61433771009791,22.97441291647471
47,VATVA,72.61570878508788,22.931069349791844
47,VATVA,72.61559474233725,22.960427962590707
47,VATVA,72.61659067356071,22.921283838909527
47,VATVA,72.62057022771832,22.97443168454253
47,VATVA,72.61564883019902,22.92756088685793
47,VATVA,72.62708974316331,22.958630257709142
47,VATVA,72.62000076777996,22.948159224110125
47,VATVA,72.61992159176795,22.942408283694068
47,VATVA,72.61937819854063,22.932965566521524
47,VATVA,72.60931621410228,22.933024965588746
47,VATVA,72.60891584285508,22.927595566639003
47,VATVA,72.61081344371325,22.970314013842554
47,VATVA,72.62921767453923,22.954712999014433
47,VATVA,72.6085611205718,22.94468006284646
47,VATVA,72.62146046391715,22.965779075603315
47,VATVA,72.61441151729233,22.973736096202224
47,VATVA,72.60972355831305,22.966733545842406
47,VATVA,72.61689203628148,22.928295183613855
47,VATVA,72.61778177382674,22.964336471944197
47,VATVA,72.62067582491724,22.939593113452517
47,VATVA,72.61621303882454,22.926869822442914
47,VATVA,72.63102009671144,22.95594853025335
47,VATVA,72.61603693583459,22.969782842171213
47,VATVA,72.62433980037976,22.966346632718036
47,VATVA,72.61663825320548,22.960122333478825
47,VATVA,72.62011847455888,22.933672214119134
47,VATVA,72.61890037777204,22.945533328347633
47,VATVA,72.61920451326489,22.95576738175616
47,VATVA,72.61115300676741,22.9372781017083
47,VATVA,72.61380509391839,22.958764143602565
47,VATVA,72.61088972395446,22.941674363436213
47,VATVA,72.61694949469967,22.953102665735845
47,VATVA,72.61274292417912,22.964791878138463
47,VATVA,72.62881094717916,22.95939396588585
47,VATVA,72.62460193545488,22.964430760796507
47,VATVA,72.61267649068017,22.971189201146927
47,VATVA,72.61963413406507,22.972534325710946
47,VATVA,72.61896353702885,22.96846291554518
47,VATVA,72.61373198229408,22.977761652459616
47,VATVA,72.61795794564812,22.920995576156873
47,VATVA,72.62016229055287,22.95796511672842
47,VATVA,72.61289574710189,22.964771212799185
47,VATVA,72.61256321906038,22.927387829916277
47,VATVA,72.61302621712413,22.952868994724252
47,VATVA,72.63012248024855,22.952587423287763
47,VATVA,72.61650005620672,22.94679602923409
47,VATVA,72.62859835172054,22.957589085515323
47,VATVA,72.61988288495246,22.967941670402123
47,VATVA,72.61160344308811,22.951681176504216
47,VATVA,72.62007332963522,22.922547751328867
47,VATVA,72.62129822865617,22.93136658605684
47,VATVA,72.61998909202623,22.926866689568428
47,VATVA,72.61752825091357,22.971668737600343
47,VATVA,72.61263124493786,22.97842643616853
47,VATVA,72.6103864490478,22.96853547302446
47,VATVA,72.61089824788917,22.953635504565444
47,VATVA,72.62104391455703,22.961483083497814
47,VATVA,72.61224574343618,22.951462738160018
47,VATVA,72.61642488475091,22.96480341958447
47,VATVA,72.62363561492552,22.935191652344816
47,VATVA,72.6130044126856,22.945773429917338
47,VATVA,72.61044630349078,22.940028795620798
47,VATVA,72.6144784043168,22.948743122962398
47,VATVA,72.61522585192833,22.92183498403833
47,VATVA,72.62009008067974,22.96605379471641
47,VATVA,72.60915508407636,22.950585832970855
47,VATVA,72.62261454210724,22.95680442942788
47,VATVA,72.61970519892726,22.980381768847
47,VATVA,72.62034457893832,22.97755917755082
47,VATVA,72.60976718112484,22.940075419253933
47,VATVA,72.61610405521736,22.974669253143325
47,VATVA,72.6217454514068,22.966232804873577
47,VATVA,72.61534657195357,22.92977875125782
47,VATVA,72.61345740538104,22.923010164000296
47,VATVA,72.61687388241123,22.926131645292685
47,VATVA,72.61907074698888,22.969188496670053
48,RAMOL HATHIJAN,72.62655132642445,22.97001401871813
48,RAMOL HATHIJAN,72.6195518615731,22.95067177404572
48,RAMOL HATHIJAN,72.66610885094053,22.97583804669848
48,RAMOL HATHIJAN,72.62684162446476,22.98583180216124
48,RAMOL HATHIJAN,72.64969817514762,22.99565687662058
48,RAMOL HATHIJAN,72.66701301500225,22.938036081082878
48,RAMOL HATHIJAN,72.65760073328926,22.93345313236447
48,RAMOL HATHIJAN,72.63069819995987,22.957094947887853
48,RAMOL HATHIJAN,72.63813304966244,22.98007115383944
48,RAMOL HATHIJAN,72.66809950057967,22.97704162642781
48,RAMOL HATHIJAN,72.67803066918925,22.934369987047308
48,RAMOL HATHIJAN,72.64136467916911,22.94905943739272
48,RAMOL HATHIJAN,72.65333171678736,22.968159710547425
48,RAMOL HATHIJAN,72.66097062573888,22.925834790863494
48,RAMOL HATHIJAN,72.65360429503349,22.968261201872956
48,RAMOL HATHIJAN,72.63349336103008,22.933285679957102
48,RAMOL HATHIJAN,72.64560803204185,22.986212694601633
48,RAMOL HATHIJAN,72.63131585653524,22.95922759345266
48,RAMOL HATHIJAN,72.62283663737448,22.976516196431056
48,RAMOL HATHIJAN,72.66112663290585,22.925734846132016
48,RAMOL HATHIJAN,72.65817419481114,22.938435608216516
48,RAMOL HATHIJAN,72.6546100890459,22.93660121763781
48,RAMOL HATHIJAN,72.67611192554209,22.98049910916994
48,RAMOL HATHIJAN,72.65997104130646,22.95317947261828
48,RAMOL HATHIJAN,72.63929511091636,22.946100443355228
48,RAMOL HATHIJAN,72.6497982169951,22.989120853676425
48,RAMOL HATHIJAN,72.63178323132594,22.969628736644083
48,RAMOL HATHIJAN,72.65732063178987,22.919248691008058
48,RAMOL HATHIJAN,72.66542687751564,22.981751717293843
48,RAMOL HATHIJAN,72.65907071958537,22.931764464364594
48,RAMOL HATHIJAN,72.66402660024383,22.929903267405283
48,RAMOL HATHIJAN,72.63841129652238,22.95676367237635
48,RAMOL HATHIJAN,72.64970922042647,22.923942519578265
48,RAMOL HATHIJAN,72.65293367576645,22.92212187216692
48,RAMOL HATHIJAN,72.64615514322006,22.963501516308206
48,RAMOL HATHIJAN,72.65513351228101,22.983270417118874
48,RAMOL HATHIJAN,72.6366607071078,22.930170438594665
48,RAMOL HATHIJAN,72.67504520206238,22.979243924301777
48,RAMOL HATHIJAN,72.64671374693303,22.99054686818861
48,RAMOL HATHIJAN,72.66105612214734,22.94955953986805
48,RAMOL HATHIJAN,72.64061310561442,22.97326609877381
48,RAMOL HATHIJAN,72.65649349660846,22.93922375321473
48,RAMOL HATHIJAN,72.6464606181535,22.974212406027867
48,RAMOL HATHIJAN,72.65781013601514,22.953280419317178
48,RAMOL HATHIJAN,72.64893421208683,22.953972063274396
48,RAMOL HATHIJAN,72.66981113456877,22.933737401635153
48,RAMOL HATHIJAN,72.65299743980894,22.923881785105714
48,RAMOL HATHIJAN,72.65684147752141,22.93092598296301
48,RAMOL HATHIJAN,72.65339270022083,22.943117711953843
48,RAMOL HATHIJAN,72.67739823431008,22.93711436808327
48,RAMOL HATHIJAN,72.64590358938162,22.96915379768311
48,RAMOL HATHIJAN,72.63247662916119,22.934501404816295
48,RAMOL HATHIJAN,72.65633056206099,22.941494073667034
48,RAMOL HATHIJAN,72.65305989097449,22.93755579336296
48,RAMOL HATHIJAN,72.64917150646602,22.992790895620058
48,RAMOL HATHIJAN,72.64898758073046,22.957264815918915
48,RAMOL HATHIJAN,72.64949111559672,22.98655197089284
48,RAMOL HATHIJAN,72.6612126373779,22.918453455623713
48,RAMOL HATHIJAN,72.6501081896013,22.96890213277596
48,RAMOL HATHIJAN,72.64378000379858,22.973108065936596
48,RAMOL HATHIJAN,72.64017008224458,22.967296293460215
48,RAMOL HATHIJAN,72.65855409474655,22.9449161241469
48,RAMOL HATHIJAN,72.66366377976605,22.982257738485924
48,RAMOL HATHIJAN,72.64463842783402,22.945822050816446
48,RAMOL HATHIJAN,72.6283704135218,22.971738775859105
48,RAMOL HATHIJAN,72.64651443502699,22.926886720350712
48,RAMOL HATHIJAN,72.64011396917299,22.930077323615308
48,RAMOL HATHIJAN,72.64501635689888,22.94219111500816
48,RAMOL HATHIJAN,72.64885482079384,22.965065312492754
48,RAMOL HATHIJAN,72.67426307852853,22.976587710162672
48,RAMOL HATHIJAN,72.65109250683736,22.92576462245944
48,RAMOL HATHIJAN,72.6687838052623,22.97481138405072
48,RAMOL HATHIJAN,72.63976940425846,22.935053276799145
48,RAMOL HATHIJAN,72.65974452040685,22.922872808988043
48,RAMOL HATHIJAN,72.66775983847089,22.934635043185352
48,RAMOL HATHIJAN,72.65573570551226,22.940957085205223
48,RAMOL HATHIJAN,72.64852310782426,22.981940299185663
48,RAMOL HATHIJAN,72.6445163680198,22.973466569746986
48,RAMOL HATHIJAN,72.67350693381532,22.934185449597486
48,RAMOL HATHIJAN,72.65773579382021,22.97671223618605
48,RAMOL HATHIJAN,72.6389382710085,22.932067249474578
48,RAMOL HATHIJAN,72.65685714400576,22.984820487122214
48,RAMOL HATHIJAN,72.64247072372511,22.966385885177697
48,RAMOL HATHIJAN,72.65021221107082,22.923271221185374
48,RAMOL HATHIJAN,72.66141308851024,22.941495942396266
48,RAMOL HATHIJAN,72.66388796578146,22.941043725449436
48,RAMOL HATHIJAN,72.64633123209423,22.97740053717349
48,RAMOL HATHIJAN,72.66371141842295,22.97300770534797
48,RAMOL HATHIJAN,72.6502391778693,22.922986071704845
48,RAMOL HATHIJAN,72.63267344040295,22.98344746442342
48,RAMOL HATHIJAN,72.66188515916595,22.9235643625867
48,RAMOL HATHIJAN,72.62349475672521,22.949444078269714
48,RAMOL HATHIJAN,72.65635116841062,22.93627382592837
48,RAMOL HATHIJAN,72.65522058951531,22.945561180490095
48,RAMOL HATHIJAN,72.65543512464969,22.9757468516384
48,RAMOL HATHIJAN,72.6712292274352,22.93207596366136
48,RAMOL HATHIJAN,72.62917162005613,22.942671434737804
48,RAMOL HATHIJAN,72.67159489873137,22.97472804647419
48,RAMOL HATHIJAN,72.6410298671288,22.974199840921884
48,RAMOL HATHIJAN,72.65456487485432,22.970538788339717
48,RAMOL HATHIJAN,72.64054572426565,22.938126025157025
48,RAMOL HATHIJAN,72.64316023038234,22.93631812632464
48,RAMOL HATHIJAN,72.65497652536703,22.98193114866629
48,RAMOL HATHIJAN,72.63561127075808,22.94904151453778
48,RAMOL HATHIJAN,72.65755798712831,22.97927449674914
48,RAMOL HATHIJAN,72.64031763499003,22.98540809567586
48,RAMOL HATHIJAN,72.65951378406103,22.946601621221653
48,RAMOL HATHIJAN,72.66114901734386,22.986178646785653
48,RAMOL HATHIJAN,72.63975588914609,22.947835063818797
48,RAMOL HATHIJAN,72.6618390399523,22.951367238447077
48,RAMOL HATHIJAN,72.6299341160462,22.98635438440885
48,RAMOL HATHIJAN,72.63141569545179,22.936239362957764
48,RAMOL HATHIJAN,72.64569156002256,22.94740858146274
48,RAMOL HATHIJAN,72.62273679467167,22.977939177152937
48,RAMOL HATHIJAN,72.67436791809247,22.97444420579843
48,RAMOL HATHIJAN,72.63393078176625,22.938243505952556
48,RAMOL HATHIJAN,72.64104462531834,22.942355514364014
48,RAMOL HATHIJAN,72.62157448110786,22.97669590767784
48,RAMOL HATHIJAN,72.63384350163146,22.936863380809278
48,RAMOL HATHIJAN,72.6581266843567,22.97684480381328
48,RAMOL HATHIJAN,72.64419413113473,22.99380586539269
48,RAMOL HATHIJAN,72.66803607022288,22.983049468350654
48,RAMOL HATHIJAN,72.65117193811861,22.97413377704808
48,RAMOL HATHIJAN,72.64388092287744,22.96957430429541
48,RAMOL HATHIJAN,72.64161353136862,22.982611934965444
48,RAMOL HATHIJAN,72.63593869004026,22.98132694598135
48,RAMOL HATHIJAN,72.6681534593063,22.945687048693635
48,RAMOL HATHIJAN,72.6354569409528,22.970666548865182
48,RAMOL HATHIJAN,72.64173335811513,22.944402450628065
48,RAMOL HATHIJAN,72.6468674654592,22.95369796706765
48,RAMOL HATHIJAN,72.66318115724597,22.923203327617994
48,RAMOL HATHIJAN,72.63986966699957,22.931562046876326
48,RAMOL HATHIJAN,72.64167903587355,22.930603175438666
48,RAMOL HATHIJAN,72.64193001319144,22.935566643501197
48,RAMOL HATHIJAN,72.63114689207843,22.955804541119488
48,RAMOL HATHIJAN,72.63506255994226,22.95289963528833
48,RAMOL HATHIJAN,72.67290300145906,22.97418981903077
48,RAMOL HATHIJAN,72.64735191257272,22.970495854694235
48,RAMOL HATHIJAN,72.63782239064369,22.973758720968796
48,RAMOL HATHIJAN,72.64659604090038,22.944660793891135
48,RAMOL HATHIJAN,72.64624979363053,22.953488835664317
48,RAMOL HATHIJAN,72.63097447887323,22.938888080941506
48,RAMOL HATHIJAN,72.651823653388,22.955726324231165
48,RAMOL HATHIJAN,72.66614862077999,22.93102390323933
48,RAMOL HATHIJAN,72.6626765816038,22.94401363956715
48,RAMOL HATHIJAN,72.65817883174527,22.95472037470022
48,RAMOL HATHIJAN,72.65779005559003,22.985477190696134
48,RAMOL HATHIJAN,72.66003833247736,22.922962949829046
48,RAMOL HATHIJAN,72.65215983375403,22.97726350319929
48,RAMOL HATHIJAN,72.64072405116897,22.966699484292242
48,RAMOL HATHIJAN,72.64455174719728,22.959390533888676
48,RAMOL HATHIJAN,72.6584087600681,22.920369936564168
48,RAMOL HATHIJAN,72.65582594417715,22.949972642250298
48,RAMOL HATHIJAN,72.64993914469636,22.957176604900567
48,RAMOL HATHIJAN,72.62142077557012,22.981563453955353
48,RAMOL HATHIJAN,72.66238845168405,22.972645839934877
48,RAMOL HATHIJAN,72.64996380582532,22.978637202372653
48,RAMOL HATHIJAN,72.62492055050126,22.977494523721813
48,RAMOL HATHIJAN,72.65177483009019,22.93626571987764
48,RAMOL HATHIJAN,72.65272301286137,22.974186310668482
48,RAMOL HATHIJAN,72.6783319475412,22.936306222567662
48,RAMOL HATHIJAN,72.66380001807414,22.93717227130415
48,RAMOL HATHIJAN,72.65716736650653,22.925105527618992
48,RAMOL HATHIJAN,72.64349505659256,22.957234335710424
48,RAMOL HATHIJAN,72.65503121419101,22.942238641245297
48,RAMOL HATHIJAN,72.66315764500342,22.944073516275903
48,RAMOL HATHIJAN,72.63458938969295,22.953292798731443
48,RAMOL HATHIJAN,72.65304404607217,22.927805632460597
48,RAMOL HATHIJAN,72.66830695841739,22.97532368827415
48,RAMOL HATHIJAN,72.64562320792803,22.997034605669675
48,RAMOL HATHIJAN,72.64997356383451,22.933469763476502
48,RAMOL HATHIJAN,72.65671642521148,22.97634611423355
48,RAMOL HATHIJAN,72.62931169335512,22.9819837685443
48,RAMOL HATHIJAN,72.67592791013652,22.979085498149097
48,RAMOL HATHIJAN,72.67425086947007,22.97760431832938
48,RAMOL HATHIJAN,72.6466321695751,22.96222777193088
48,RAMOL HATHIJAN,72.64517069823937,22.933406873223348
48,RAMOL HATHIJAN,72.63240765335136,22.95797039843348
48,RAMOL HATHIJAN,72.65738854073263,22.9291359311517
48,RAMOL HATHIJAN,72.65059976717235,22.937046094415134
48,RAMOL HATHIJAN,72.64334279523563,22.98833219123575
48,RAMOL HATHIJAN,72.62804355209401,22.967353050272322
48,RAMOL HATHIJAN,72.63236849321306,22.952602520317793
48,RAMOL HATHIJAN,72.65198442733231,22.92596996330819
48,RAMOL HATHIJAN,72.6443100095112,22.991864468540605
48,RAMOL HATHIJAN,72.64699681085423,22.968365579830657
48,RAMOL HATHIJAN,72.64911574703058,22.96981664578386
48,RAMOL HATHIJAN,72.64797617440504,22.93566803754817
48,RAMOL HATHIJAN,72.63595571074725,22.963808704322226
48,RAMOL HATHIJAN,72.65346853905359,22.956125121921225
48,RAMOL HATHIJAN,72.65667499775958,22.922851699355487
48,RAMOL HATHIJAN,72.64712096615976,22.939003839732685
48,RAMOL HATHIJAN,72.6415400248571,22.951483967400243
48,RAMOL HATHIJAN,72.65166763822708,22.96721699676895
48,RAMOL HATHIJAN,72.64105746402166,22.980971434281713
48,RAMOL HATHIJAN,72.65665350211627,22.981166364637538
48,RAMOL HATHIJAN,72.6748976918905,22.9365126506467
48,RAMOL HATHIJAN,72.6537067964248,22.95741802492662
48,RAMOL HATHIJAN,72.65269680913617,22.931744990528305
48,RAMOL HATHIJAN,72.641482573432,22.932829951173517
