ward_id,name,lon,lat
1,Ward No - 1,72.64643733109061,23.271594814475048
1,Ward No - 1,72.64573598739022,23.296135522094772
1,Ward No - 1,72.62437547912882,23.306080899140024
1,Ward No - 1,72.6393184183258,23.29872945806779
1,Ward No - 1,72.6283492244031,23.256635137382478
1,Ward No - 1,72.63443276711128,23.24508375005284
1,Ward No - 1,72.64556897612496,23.26563239045772
1,Ward No - 1,72.61252757112027,23.28885391911016
1,Ward No - 1,72.62977976118789,23.25396556497866
1,Ward No - 1,72.6165015179044,23.287918410840295
1,Ward No - 1,72.6280065362139,23.29943040814361
1,Ward No - 1,72.64240477150923,23.262652373660096
1,Ward No - 1,72.64962786355271,23.297457328537863
1,Ward No - 1,72.64143237305144,23.25045120420718
1,Ward No - 1,72.64714699166076,23.287567593215357
1,Ward No - 1,72.64267292734623,23.295758400159336
1,Ward No - 1,72.62919751085639,23.28077411653505
1,Ward No - 1,72.64066119261926,23.27387211566635
1,Ward No - 1,72.63501563491761,23.294646518514366
1,Ward No - 1,72.63881788171952,23.279702410505887
1,Ward No - 1,72.63468571538164,23.26205745333274
1,Ward No - 1,72.65078487818694,23.257108778473487
1,Ward No - 1,72.62015066157632,23.287360180319503
1,Ward No - 1,72.63456669328477,23.295982412368613
1,Ward No - 1,72.64043740887819,23.26929815898692
1,Ward No - 1,72.64361382605432,23.273220475682187
1,Ward No - 1,72.61241936324997,23.28979200477348
1,Ward No - 1,72.62058397319156,23.285124147986004
1,Ward No - 1,72.64669971800554,23.291245974659027
1,Ward No - 1,72.62867467625429,23.259816146892497
1,Ward No - 1,72.62902571006198,23.254876831750153
1,Ward No - 1,72.62082718966589,23.28151477654857
1,Ward No - 1,72.64559260477915,23.291427829751314
1,Ward No - 1,72.62772970123854,23.28491394936955
1,Ward No - 1,72.63604780491444,23.286507022862462
1,Ward No - 1,72.63588162174935,23.265091217296796
1,Ward No - 1,72.63642087741849,23.24218473372887
1,Ward No - 1,72.6307156553832,23.27525829715436
1,Ward No - 1,72.62999501741545,23.259443928739366
1,Ward No - 1,72.62222876510693,23.277376391213842
1,Ward No - 1,72.64930128584524,23.30391765110454
1,Ward No - 1,72.61175924387561,23.279734695211616
1,Ward No - 1,72.61002599619223,23.2880898987272
1,Ward No - 1,72.61947429176946,23.287183901309167
1,Ward No - 1,72.64386747969674,23.294904420927473
1,Ward No - 1,72.63444741538463,23.26679135811853
1,Ward No - 1,72.64949269556288,23.297703813972714
1,Ward No - 1,72.62143911238887,23.30792820021295
1,Ward No - 1,72.62000422831913,23.276979477651203
1,Ward No - 1,72.6180915233844,23.30673675230392
1,Ward No - 1,72.6528309240213,23.303725803653506
1,Ward No - 1,72.6324777244534,23.26290418135714
1,Ward No - 1,72.64633097136145,23.287342137955154
1,Ward No - 1,72.64495071323898,23.25912477719105
1,Ward No - 1,72.63688423002147,23.302390952597726
1,Ward No - 1,72.63148630572748,23.250744193375326
1,Ward No - 1,72.61129810364284,23.288472909139667
1,Ward No - 1,72.64207629004885,23.28164886815613
1,Ward No - 1,72.61501669166034,23.297412102292284
1,Ward No - 1,72.64323338250408,23.29280766798236
1,Ward No - 1,72.62055314262747,23.275108237270164
1,Ward No - 1,72.61975953016196,23.305942600435223
1,Ward No - 1,72.63877721143409,23.248058170104265
1,Ward No - 1,72.62966078279705,23.296043571556087
1,Ward No - 1,72.64947293368911,23.296895578684303
1,Ward No - 1,72.61681515457887,23.27809010731298
1,Ward No - 1,72.63724720656907,23.301908665150954
1,Ward No - 1,72.63708803697152,23.269735322828335
1,Ward No - 1,72.63975980557925,23.30189111259832
1,Ward No - 1,72.62892286399861,23.258091300406353
1,Ward No - 1,72.6170352281046,23.293304600527662
1,Ward No - 1,72.64133491336462,23.268396477130455
1,Ward No - 1,72.6214857472075,23.276235105335537
1,Ward No - 1,72.65196698844267,23.300734782238116
1,Ward No - 1,72.63534378141567,23.26999620968318
1,Ward No - 1,72.63274556901226,23.2477594921017
1,Ward No - 1,72.65024705789743,23.304376562082744
1,Ward No - 1,72.63341948250269,23.276920508351918
1,Ward No - 1,72.62515754550884,23.28578014936978
1,Ward No - 1,72.63023513319632,23.27004052491524
1,Ward No - 1,72.62484970814542,23.289044371251475
1,Ward No - 1,72.62033030034775,23.307642530480717
1,Ward No - 1,72.62205322639652,23.278419865237147
1,Ward No - 1,72.63871934325573,23.260941025939243
1,Ward No - 1,72.64429970871537,23.254879745959816
1,Ward No - 1,72.64210560456779,23.301412467081096
1,Ward No - 1,72.61131345986998,23.284000060590277
1,Ward No - 1,72.60928833604414,23.291869797637958
1,Ward No - 1,72.6469116695841,23.29677525580383
1,Ward No - 1,72.63637493254264,23.24729136856465
1,Ward No - 1,72.6378026342713,23.25268051435201
1,Ward No - 1,72.63500001189081,23.28103489465228
1,Ward No - 1,72.62958436551187,23.277514888790233
1,Ward No - 1,72.645888318013,23.297067174706665
1,Ward No - 1,72.6310163497172,23.282954896379856
1,Ward No - 1,72.64008443419166,23.27016202701719
1,Ward No - 1,72.64645732495184,23.288018600564392
1,Ward No - 1,72.6223419730697,23.304073565551324
1,Ward No - 1,72.64581218559384,23.259695515007557
1,Ward No - 1,72.62506070439812,23.292150421338818
1,Ward No - 1,72.63434566397112,23.306743567489892
1,Ward No - 1,72.64678457030594,23.274456914989756
1,Ward No - 1,72.63894678428603,23.24919084017077
1,Ward No - 1,72.63627545259547,23.28906932431801
1,Ward No - 1,72.6492524506931,23.26145019645779
1,Ward No - 1,72.629177389702,23.27183766479317
1,Ward No - 1,72.62060669960947,23.305492584291237
1,Ward No - 1,72.61962065576967,23.299728583066358
1,Ward No - 1,72.64051244426496,23.286526702455866
1,Ward No - 1,72.611910977921,23.295478411918772
1,Ward No - 1,72.63724224634633,23.297225302913333
1,Ward No - 1,72.61713867884562,23.300613007879885
1,Ward No - 1,72.64228742886952,23.29980517969764
1,Ward No - 1,72.64428482031931,23.254217918455545
1,Ward No - 1,72.6189010708416,23.290752207686428
1,Ward No - 1,72.64291441302551,23.252810329683854
1,Ward No - 1,72.63540838133756,23.250831330013643
1,Ward No - 1,72.63571505034494,23.29003626045742
1,Ward No - 1,72.63961217112242,23.30705842676213
1,Ward No - 1,72.62619425924335,23.274089295869857
1,Ward No - 1,72.62750042309585,23.283760284616456
1,Ward No - 1,72.63881300032303,23.26968155495387
1,Ward No - 1,72.62645412143728,23.255955844210614
1,Ward No - 1,72.63627809287514,23.262982772743715
1,Ward No - 1,72.63003021903774,23.256518800816057
1,Ward No - 1,72.63541083198832,23.280564232952646
1,Ward No - 1,72.64249982898005,23.286372854980904
1,Ward No - 1,72.63978727801346,23.262924333547282
1,Ward No - 1,72.64717478222711,23.279388922925534
1,Ward No - 1,72.62769277199328,23.28482231664762
1,Ward No - 1,72.62382055430214,23.276815638812916
1,Ward No - 1,72.64439889484505,23.303227918516328
1,Ward No - 1,72.63255525292348,23.297111401679064
1,Ward No - 1,72.62129200705881,23.299762920440084
1,Ward No - 1,72.6311251618118,23.248762141085876
1,Ward No - 1,72.62126150895772,23.293069806406287
1,Ward No - 1,72.61249054619739,23.28304303775145
1,Ward No - 1,72.64633603097089,23.262553052449807
1,Ward No - 1,72.6417152639623,23.290434244726594
1,Ward No - 1,72.62530815297451,23.28587383219984
1,Ward No - 1,72.63281864305766,23.25214755218458
1,Ward No - 1,72.64541807489599,23.271234364347634
1,Ward No - 1,72.62976723644059,23.251223115116495
1,Ward No - 1,72.62006669372934,23.275222286726905
1,Ward No - 1,72.6361762500062,23.27544087426932
1,Ward No - 1,72.63960756867277,23.287945925590204
1,Ward No - 1,72.62414621120797,23.27870915240262
1,Ward No - 1,72.62260566618878,23.300264534755193
1,Ward No - 1,72.63049206860035,23.294903014129392
1,Ward No - 1,72.63138100700229,23.278135448003425
1,Ward No - 1,72.62091356644612,23.282875994653896
1,Ward No - 1,72.64255626354553,23.28537063804242
1,Ward No - 1,72.63021480920409,23.2943944362935
1,Ward No - 1,72.644164015331,23.27168036125053
1,Ward No - 1,72.63435172379543,23.286807843110076
1,Ward No - 1,72.61985704683855,23.29243795151946
1,Ward No - 1,72.64512549317952,23.265064573201187
1,Ward No - 1,72.64662268083038,23.275187099872213
1,Ward No - 1,72.63448075461724,23.297266156947256
1,Ward No - 1,72.65468652203363,23.298716839258457
1,Ward No - 1,72.64103892444051,23.290989248555253
1,Ward No - 1,72.6464244512638,23.301747334126237
1,Ward No - 1,72.64454805659078,23.297182169820996
1,Ward No - 1,72.63811630818097,23.301229127829867
1,Ward No - 1,72.62604766654856,23.303880478727425
1,Ward No - 1,72.64083684376968,23.257371645987252
1,Ward No - 1,72.65075084381925,23.265173325907774
1,Ward No - 1,72.63638830431024,23.268630415783736
1,Ward No - 1,72.61912358928551,23.303238851694562
1,Ward No - 1,72.62279557849439,23.2912989145191
1,Ward No - 1,72.61157166517548,23.281207465232196
1,Ward No - 1,72.63665603948954,23.268307318077632
1,Ward No - 1,72.63880813808578,23.26483835415742
1,Ward No - 1,72.62708883028654,23.30837421164649
1,Ward No - 1,72.64523382112681,23.278803106543947
1,Ward No - 1,72.61965526437496,23.30397674536663
1,Ward No - 1,72.64470601230883,23.282329432934404
1,Ward No - 1,72.63984233728529,23.26173465025988
1,Ward No - 1,72.61958445652276,23.28026152556017
1,Ward No - 1,72.64742334335587,23.295977174655885
1,Ward No - 1,72.628074082482,23.27423692633015
1,Ward No - 1,72.64866357715823,23.30436955195427
1,Ward No - 1,72.63484788977651,23.247775202074525
1,Ward No - 1,72.63214247765393,23.27117735475074
1,Ward No - 1,72.62898967811255,23.277052330331394
1,Ward No - 1,72.60739672394163,23.28992413914128
1,Ward No - 1,72.63189268497509,23.2751731230232
1,Ward No - 1,72.64679987312942,23.300033030752566
1,Ward No - 1,72.64147411838213,23.256706822469287
1,Ward No - 1,72.62218316721803,23.306336751291376
1,Ward No - 1,72.64302275043194,23.251207637848463
1,Ward No - 1,72.61013838142499,23.284407878873402
1,Ward No - 1,72.61730755758536,23.2808073987139
1,Ward No - 1,72.63638147120326,23.30061488032776
1,Ward No - 1,72.63796425122959,23.252076314922093
1,Ward No - 1,72.64638158735232,23.301042961254343
1,Ward No - 1,72.61799840704948,23.30551745011438
1,Ward No - 1,72.62895353865011,23.28322569013793
1,Ward No - 1,72.64376836102556,23.290624023807794
1,Ward No - 1,72.64450148317694,23.26299070778807
2,Ward No - 2,72.69443674596363,23.284368743261815
2,Ward No - 2,72.70042490409824,23.283836424086164
2,Ward No - 2,72.69387670398585,23.281031212713696
2,Ward No - 2,72.67885253885797,23.265799343780078
2,Ward No - 2,72.64566120399012,23.284411428623347
2,Ward No - 2,72.65985146262284,23.288410516224648
2,Ward No - 2,72.67733737341139,23.263372406366173
2,Ward No - 2,72.67821215870943,23.282035447821606
2,Ward No - 2,72.6657435327406,23.28922128099238
2,Ward No - 2,72.68489371274156,23.282811304886586
2,Ward No - 2,72.66708600149992,23.27977928776914
2,Ward No - 2,72.67295171552028,23.27360451619449
2,Ward No - 2,72.66567617889687,23.28950857750968
2,Ward No - 2,72.6530935683152,23.261534333809028
2,Ward No - 2,72.65505189065611,23.27718582100717
2,Ward No - 2,72.66474920831766,23.279920388881123
2,Ward No - 2,72.68582023192471,23.292320504317303
2,Ward No - 2,72.68821652179398,23.28298481340561
2,Ward No - 2,72.6656542544797,23.268460171016216
2,Ward No - 2,72.67809427209309,23.283625073105632
2,Ward No - 2,72.66649730115024,23.284828815694098
2,Ward No - 2,72.69707230581498,23.277060692481864
2,Ward No - 2,72.65415683586254,23.271823377808726
2,Ward No - 2,72.66562387328946,23.257571160216532
2,Ward No - 2,72.65218892489838,23.289623272650292
2,Ward No - 2,72.66244987569395,23.30527924365281
2,Ward No - 2,72.6568791198816,23.25570727927111
2,Ward No - 2,72.65888455992143,23.26168178645218
2,Ward No - 2,72.65351911967542,23.280209537448897
2,Ward No - 2,72.66994131808715,23.265003194228434
2,Ward No - 2,72.69846387492643,23.287767575688232
2,Ward No - 2,72.67151526172186,23.256388773784703
2,Ward No - 2,72.65739270383678,23.26704949640612
2,Ward No - 2,72.66041569809477,23.28199823377566
2,Ward No - 2,72.67855995229303,23.28138818745013
2,Ward No - 2,72.65233068036464,23.264645039442676
2,Ward No - 2,72.67667003348222,23.292551776797918
2,Ward No - 2,72.65992569615493,23.271478602050664
2,Ward No - 2,72.6662483387909,23.29399297182852
2,Ward No - 2,72.65809592711895,23.299000331045107
2,Ward No - 2,72.65315459211467,23.27392920514782
2,Ward No - 2,72.66886312316448,23.264181938537877
2,Ward No - 2,72.6935394199844,23.26962941341947
2,Ward No - 2,72.67356876419781,23.264364215511545
2,Ward No - 2,72.65694882658221,23.259316967211817
2,Ward No - 2,72.6878910754412,23.279957570983054
2,Ward No - 2,72.67123064713759,23.280657399341813
2,Ward No - 2,72.67390096200498,23.275145096207154
2,Ward No - 2,72.69805236890784,23.277894088816957
2,Ward No - 2,72.67493797497112,23.262007787177424
2,Ward No - 2,72.66140727202865,23.285196820926146
2,Ward No - 2,72.66974362984368,23.273169579294194
2,Ward No - 2,72.67362893894438,23.260821828111403
2,Ward No - 2,72.68581431856175,23.27712549940072
2,Ward No - 2,72.66256080816726,23.252880096054366
2,Ward No - 2,72.66261987390878,23.29598761271197
2,Ward No - 2,72.67890580066847,23.293461540278425
2,Ward No - 2,72.69639845053777,23.275343535951542
2,Ward No - 2,72.65022271261478,23.25879995797049
2,Ward No - 2,72.6794620609314,23.27273385080742
2,Ward No - 2,72.68491756271995,23.276681893990578
2,Ward No - 2,72.68106962005854,23.2847083915757
2,Ward No - 2,72.66263788315385,23.260242499295522
2,Ward No - 2,72.68212372749383,23.298973055512064
2,Ward No - 2,72.70035071729507,23.280754006547202
2,Ward No - 2,72.68107220075733,23.2674957927239
2,Ward No - 2,72.68563397856703,23.273325304808232
2,Ward No - 2,72.67536805847661,23.29166299313283
2,Ward No - 2,72.6722954146893,23.302510306402244
2,Ward No - 2,72.66708766318213,23.287452100587526
2,Ward No - 2,72.66261747763104,23.273615822993573
2,Ward No - 2,72.66829320204671,23.257264124646696
2,Ward No - 2,72.68081202686092,23.288369320871105
2,Ward No - 2,72.65421886805723,23.29504330701629
2,Ward No - 2,72.6587125334878,23.258008159865245
2,Ward No - 2,72.6591987343292,23.289054247549593
2,Ward No - 2,72.67422115632414,23.290597891131135
2,Ward No - 2,72.69809145632175,23.28530866650619
2,Ward No - 2,72.65754786997596,23.2862015493377
2,Ward No - 2,72.66594744507312,23.289673404834375
2,Ward No - 2,72.69357035707712,23.285318335740197
2,Ward No - 2,72.66851937526741,23.304181162626925
2,Ward No - 2,72.69234308175243,23.26863872733719
2,Ward No - 2,72.67436462833426,23.27834543311284
2,Ward No - 2,72.67945739469306,23.26932763610924
2,Ward No - 2,72.68715369101676,23.294142104611343
2,Ward No - 2,72.67064962338681,23.276412758911555
2,Ward No - 2,72.65668329318802,23.28732164567964
2,Ward No - 2,72.65953568188277,23.264908713311847
2,Ward No - 2,72.67677075189874,23.273721555806123
2,Ward No - 2,72.65544170009207,23.297238473508056
2,Ward No - 2,72.64944846879577,23.272567941734913
2,Ward No - 2,72.651671368435,23.2744638806471
2,Ward No - 2,72.65844989653489,23.301222480868407
2,Ward No - 2,72.66733136124155,23.28195692299845
2,Ward No - 2,72.6718208478392,23.28971598212988
2,Ward No - 2,72.66952254229598,23.274578350916645
2,Ward No - 2,72.66325514826073,23.295582618495686
2,Ward No - 2,72.66693456836795,23.26859992615487
2,Ward No - 2,72.68623300089945,23.29638908857135
2,Ward No - 2,72.67126838535046,23.301696322229056
2,Ward No - 2,72.66807628599211,23.294839016731277
2,Ward No - 2,72.69055010706461,23.281189972534474
2,Ward No - 2,72.66564563406334,23.292706295968788
2,Ward No - 2,72.65768411781241,23.29354784965233
2,Ward No - 2,72.67201911395554,23.293428379514474
2,Ward No - 2,72.6697241954932,23.27128469233499
2,Ward No - 2,72.65546102483854,23.262046130644904
2,Ward No - 2,72.65069804627458,23.287826683079246
2,Ward No - 2,72.66879748139074,23.272733317147022
2,Ward No - 2,72.6555544917444,23.287973437561945
2,Ward No - 2,72.65952193789768,23.29252836278511
2,Ward No - 2,72.6756354217731,23.28188301681689
2,Ward No - 2,72.69086514747298,23.29112731214665
2,Ward No - 2,72.677676953408,23.278135082863045
2,Ward No - 2,72.65784288942334,23.27422387522146
2,Ward No - 2,72.67533343845433,23.272296149977443
2,Ward No - 2,72.65845365037744,23.280204103443143
2,Ward No - 2,72.6610131531665,23.28264667818851
2,Ward No - 2,72.6946977367645,23.287406868559337
2,Ward No - 2,72.67003075247234,23.27755014369765
2,Ward No - 2,72.65522798622234,23.283902009970735
2,Ward No - 2,72.65408388046141,23.28933167728005
2,Ward No - 2,72.65516488969311,23.255720742031325
2,Ward No - 2,72.6547519603285,23.27446004111909
2,Ward No - 2,72.69270897163256,23.268533414380045
2,Ward No - 2,72.6634894062126,23.265314032521356
2,Ward No - 2,72.67819559617529,23.261873026332697
2,Ward No - 2,72.64942652245674,23.285859347531325
2,Ward No - 2,72.68654969255253,23.297455811591977
2,Ward No - 2,72.66154692742356,23.304917120227113
2,Ward No - 2,72.67624201118463,23.29666715938313
2,Ward No - 2,72.67169729071637,23.278568271692116
2,Ward No - 2,72.66582246399427,23.283843018555668
2,Ward No - 2,72.6501659222599,23.26857328296923
2,Ward No - 2,72.65395151614457,23.25595972027115
2,Ward No - 2,72.69304959990224,23.284108170827555
2,Ward No - 2,72.66356512121541,23.273645515487008
2,Ward No - 2,72.6677975387156,23.28664580096196
2,Ward No - 2,72.66547193972426,23.269046827419263
2,Ward No - 2,72.6689321003553,23.282869011373318
2,Ward No - 2,72.66955792712359,23.288128617063972
2,Ward No - 2,72.6749369565433,23.26855185056472
2,Ward No - 2,72.6628131825021,23.27190369174482
2,Ward No - 2,72.6847394069525,23.27251200486347
2,Ward No - 2,72.65519084231076,23.282564283915615
2,Ward No - 2,72.67743502645436,23.28871899600522
2,Ward No - 2,72.6655296194908,23.3034840588406
2,Ward No - 2,72.67156818716889,23.276951653056145
2,Ward No - 2,72.66194081532898,23.300870055162548
2,Ward No - 2,72.66440106254856,23.282703593496123
2,Ward No - 2,72.65843302617277,23.25927841165652
2,Ward No - 2,72.68774868161455,23.2787372849655
2,Ward No - 2,72.65362620847928,23.28439434925242
2,Ward No - 2,72.69374697230943,23.271664577837996
2,Ward No - 2,72.67071678319743,23.282663909796494
2,Ward No - 2,72.69978926560844,23.285143669505768
2,Ward No - 2,72.66741758218888,23.271405152850146
2,Ward No - 2,72.66698995547303,23.25683510934346
2,Ward No - 2,72.65924965194097,23.26757202568541
2,Ward No - 2,72.67296492627189,23.2768310942019
2,Ward No - 2,72.68155647155064,23.27179604434838
2,Ward No - 2,72.6695526565593,23.280223355048754
2,Ward No - 2,72.65517849185748,23.258064286651248
2,Ward No - 2,72.65367646619895,23.269908491958383
2,Ward No - 2,72.666256420431,23.296828078424703
2,Ward No - 2,72.67957545151631,23.27482443438121
2,Ward No - 2,72.68373328846104,23.267454360970273
2,Ward No - 2,72.6738039418989,23.303011747387124
2,Ward No - 2,72.6756951180998,23.272983218709438
2,Ward No - 2,72.65372812870186,23.266544110579115
2,Ward No - 2,72.69311690576357,23.290971591354406
2,Ward No - 2,72.67443012481534,23.28145369814964
2,Ward No - 2,72.68367758842709,23.277946652332094
2,Ward No - 2,72.66924336670509,23.272352439986452
2,Ward No - 2,72.6637351377577,23.272651582587056
2,Ward No - 2,72.68803697393815,23.275811663040653
2,Ward No - 2,72.69679941363783,23.285433788901905
2,Ward No - 2,72.65543284655053,23.279847197895855
2,Ward No - 2,72.65406283240071,23.282905814136047
2,Ward No - 2,72.69573990675732,23.281090195339505
2,Ward No - 2,72.67909641819666,23.26166899637729
2,Ward No - 2,72.68924045931963,23.285756242355653
2,Ward No - 2,72.66293925932484,23.255223969924305
2,Ward No - 2,72.65585260868023,23.275334962679473
2,Ward No - 2,72.68750845315802,23.28127886460647
2,Ward No - 2,72.6533472946671,23.268552926138863
2,Ward No - 2,72.68067689310442,23.28894518864225
2,Ward No - 2,72.66798582822986,23.263219809416245
2,Ward No - 2,72.64896089889922,23.278798511887775
2,Ward No - 2,72.67291217978399,23.27940921614198
2,Ward No - 2,72.66809666944766,23.307590925580424
2,Ward No - 2,72.67097922771946,23.277657562012294
2,Ward No - 2,72.67717718138209,23.263180554262675
2,Ward No - 2,72.69482810745588,23.27751941605037
2,Ward No - 2,72.68038591566383,23.295252119362466
2,Ward No - 2,72.66760295125414,23.28692306275892
2,Ward No - 2,72.69247349623882,23.286525125494386
2,Ward No - 2,72.66292606227341,23.288347307013378
2,Ward No - 2,72.66427624674259,23.274596005253578
3,Ward No - 3,72.65752637804792,23.24711168654597
3,Ward No - 3,72.65570910608773,23.246188393232053
3,Ward No - 3,72.64114641993835,23.240953197048327
3,Ward No - 3,72.65306923167525,23.251953563762623
3,Ward No - 3,72.6417061050517,23.240934818909118
3,Ward No - 3,72.64499924249337,23.247585414748414
3,Ward No - 3,72.64659529782566,23.246563210308913
3,Ward No - 3,72.64153779640047,23.24245375231417
3,Ward No - 3,72.64540824967762,23.23952358508207
3,Ward No - 3,72.6512270537175,23.251106680453752
3,Ward No - 3,72.65680688223843,23.25196800531671
3,Ward No - 3,72.65759734041765,23.245958459684495
3,Ward No - 3,72.64667053686222,23.240507555918967
3,Ward No - 3,72.64923646628168,23.244832119361227
3,Ward No - 3,72.64554087271284,23.24244121450674
3,Ward No - 3,72.64527911429627,23.244375269203267
3,Ward No - 3,72.65345826663683,23.254357435707593
3,Ward No - 3,72.65702914767668,23.246212891100715
3,Ward No - 3,72.64947017661598,23.246882175022098
3,Ward No - 3,72.64779029168183,23.248362817640757
3,Ward No - 3,72.6512733097174,23.253744767051757
3,Ward No - 3,72.64060525282048,23.241486368494026
3,Ward No - 3,72.6476531660932,23.242346600836523
3,Ward No - 3,72.64628159247935,23.24813896405694
3,Ward No - 3,72.645118794828,23.240376125528602
3,Ward No - 3,72.64268660236289,23.2381336013275
3,Ward No - 3,72.65805551494613,23.250631555176437
3,Ward No - 3,72.64260808144252,23.24048964594245
3,Ward No - 3,72.65429318347591,23.253300908682654
3,Ward No - 3,72.64365046437361,23.2425094404229
3,Ward No - 3,72.6483337823168,23.24564319528423
3,Ward No - 3,72.65655763887578,23.24455661189093
3,Ward No - 3,72.6429947945192,23.247375371772677
3,Ward No - 3,72.64749857189872,23.251949674350836
3,Ward No - 3,72.64269406624207,23.245192768178484
3,Ward No - 3,72.64952349076641,23.25425001835628
3,Ward No - 3,72.65344032228312,23.25081344536907
3,Ward No - 3,72.64769388386219,23.255483657350684
3,Ward No - 3,72.64245062703358,23.246270966152053
3,Ward No - 3,72.64439071195662,23.242467880364952
3,Ward No - 3,72.64411884176346,23.239679199951286
3,Ward No - 3,72.6453473216449,23.249380262591153
3,Ward No - 3,72.6555119088275,23.245817761205
3,Ward No - 3,72.6590791843872,23.247546646368473
3,Ward No - 3,72.65601650986879,23.24274295627332
3,Ward No - 3,72.64082623149572,23.241750224845454
3,Ward No - 3,72.6500877447653,23.247101955126514
3,Ward No - 3,72.65200651338814,23.24489310337321
3,Ward No - 3,72.65429951538904,23.24745909168647
3,Ward No - 3,72.6464598270655,23.24976734357481
3,Ward No - 3,72.65694114303935,23.2446461316879
3,Ward No - 3,72.64609434837108,23.249128582177025
3,Ward No - 3,72.65383067802894,23.253604073639394
3,Ward No - 3,72.63857976047481,23.241385729236683
3,Ward No - 3,72.65511604941204,23.24826970983797
3,Ward No - 3,72.65602499824779,23.24213664252386
3,Ward No - 3,72.65077130523795,23.25259512054454
3,Ward No - 3,72.64390166819344,23.24159801168817
3,Ward No - 3,72.65507032454389,23.249713950272604
3,Ward No - 3,72.65588762551705,23.247629953920097
3,Ward No - 3,72.64944451557999,23.245984354563525
3,Ward No - 3,72.64640000340754,23.24857216360791
3,Ward No - 3,72.64598145129885,23.240362787895734
3,Ward No - 3,72.64308557624612,23.238776278886537
3,Ward No - 3,72.65194868452858,23.252497830117353
3,Ward No - 3,72.6533492807485,23.247439736679194
3,Ward No - 3,72.6551360594796,23.245941460884143
3,Ward No - 3,72.64631581970535,23.246347638700332
3,Ward No - 3,72.64426257442481,23.24004996699151
3,Ward No - 3,72.64593426343228,23.250726192333357
3,Ward No - 3,72.65639347222842,23.243140130074345
3,Ward No - 3,72.65132437340287,23.24943931862034
3,Ward No - 3,72.65267259197798,23.249473087190943
3,Ward No - 3,72.654222025715,23.250656789286502
3,Ward No - 3,72.6433404461233,23.245812546240185
3,Ward No - 3,72.65795037561224,23.24791435009677
3,Ward No - 3,72.6562827586799,23.246445947431578
3,Ward No - 3,72.64999920915196,23.249396361749035
3,Ward No - 3,72.65070791789448,23.249041052638027
3,Ward No - 3,72.65039593590296,23.246627098314395
3,Ward No - 3,72.64925657526126,23.256262604454136
3,Ward No - 3,72.64320930873316,23.23888025366963
3,Ward No - 3,72.65649493598185,23.25167682632922
3,Ward No - 3,72.64583893927099,23.249834261116504
3,Ward No - 3,72.64790806478759,23.25220162964512
3,Ward No - 3,72.65002363409685,23.25213045917129
3,Ward No - 3,72.6433783969305,23.24272366028683
3,Ward No - 3,72.64401552375759,23.242242072204576
3,Ward No - 3,72.65336274331753,23.254213051336198
3,Ward No - 3,72.6507051322278,23.253669063963933
3,Ward No - 3,72.64528482585123,23.245789418435994
3,Ward No - 3,72.64446527022362,23.243404462467428
3,Ward No - 3,72.6511559298094,23.248214659251833
3,Ward No - 3,72.65015095568916,23.249736202688286
3,Ward No - 3,72.64781339873252,23.251991743379918
3,Ward No - 3,72.64601481119708,23.243601478116485
3,Ward No - 3,72.64105190702361,23.240755288624417
3,Ward No - 3,72.65844999924023,23.245919198698687
3,Ward No - 3,72.64560136079926,23.240520503974516
3,Ward No - 3,72.65258193139063,23.245887235068203
3,Ward No - 3,72.63825661567748,23.240552637095643
3,Ward No - 3,72.65973407814934,23.2479884360816
3,Ward No - 3,72.64160066437255,23.241037537109893
3,Ward No - 3,72.65386689065389,23.251503413896017
3,Ward No - 3,72.64338970774428,23.237893377577752
3,Ward No - 3,72.64646371945778,23.25123461334363
3,Ward No - 3,72.65348258464316,23.24920960379862
3,Ward No - 3,72.64941778258273,23.249069300937414
3,Ward No - 3,72.64389845208105,23.237824983286114
3,Ward No - 3,72.64336984949014,23.2460918581601
3,Ward No - 3,72.65843239942689,23.249278253006516
3,Ward No - 3,72.6527784619147,23.2453372145007
3,Ward No - 3,72.64935635443913,23.247193245115216
3,Ward No - 3,72.65562615322543,23.24436956963754
3,Ward No - 3,72.64219642772879,23.24137413517571
3,Ward No - 3,72.64915078005566,23.255869019387596
3,Ward No - 3,72.64942459403011,23.252083897031785
3,Ward No - 3,72.64484993841224,23.243689087927326
3,Ward No - 3,72.65833402369324,23.247398573364723
3,Ward No - 3,72.65826264526711,23.245921346973283
3,Ward No - 3,72.66091442836226,23.250019374755194
3,Ward No - 3,72.64135406367818,23.245814847771108
3,Ward No - 3,72.64795846201315,23.247434751440164
3,Ward No - 3,72.64471797678446,23.237614308445348
3,Ward No - 3,72.65277002769778,23.244464388289376
3,Ward No - 3,72.64897338313862,23.244872456095866
3,Ward No - 3,72.6574825901141,23.244546981163733
3,Ward No - 3,72.65075082149919,23.248871013364305
3,Ward No - 3,72.64628617169728,23.2454179403833
3,Ward No - 3,72.6524570055144,23.252285853944382
3,Ward No - 3,72.64869412743678,23.247938197895284
3,Ward No - 3,72.64152137428817,23.243713927148836
3,Ward No - 3,72.64887621986037,23.253865892042228
3,Ward No - 3,72.6457827228222,23.24659114951381
3,Ward No - 3,72.64818219608914,23.25561915657375
3,Ward No - 3,72.64421763819958,23.247087285944513
3,Ward No - 3,72.65866672314026,23.245958694681345
3,Ward No - 3,72.64736999914454,23.247612118167428
3,Ward No - 3,72.64653600973787,23.243966034209564
3,Ward No - 3,72.65523232470241,23.246324719401272
3,Ward No - 3,72.64668228330136,23.254065738035504
3,Ward No - 3,72.64097281989652,23.241752789343998
3,Ward No - 3,72.65258110790911,23.25121355923475
3,Ward No - 3,72.64620696214173,23.24023691990816
3,Ward No - 3,72.65047963871507,23.247662771229606
3,Ward No - 3,72.64435567511333,23.237765005829626
3,Ward No - 3,72.64059544694848,23.24178852599299
3,Ward No - 3,72.64458014385023,23.237629673864312
3,Ward No - 3,72.64471120519376,23.240840084537833
3,Ward No - 3,72.64709894632989,23.24469393897341
3,Ward No - 3,72.64614609312815,23.24354628215808
3,Ward No - 3,72.65012008332802,23.24763418290477
3,Ward No - 3,72.64555854747366,23.252488251598592
3,Ward No - 3,72.6524819612429,23.25415069727276
3,Ward No - 3,72.64034609993209,23.2425037562269
3,Ward No - 3,72.64743844566938,23.245494576088774
3,Ward No - 3,72.64587668852622,23.247046523406222
3,Ward No - 3,72.64645692300411,23.248315159569827
3,Ward No - 3,72.6479357183493,23.25349013671214
3,Ward No - 3,72.65767321271065,23.248683490299634
3,Ward No - 3,72.65237241431305,23.253329524782334
3,Ward No - 3,72.6442109401615,23.250262561012857
3,Ward No - 3,72.64576743946968,23.248753115448057
3,Ward No - 3,72.65526384947016,23.245846496137453
3,Ward No - 3,72.64175104343794,23.239059968065067
3,Ward No - 3,72.6589794473823,23.24664282471376
3,Ward No - 3,72.64653473615087,23.246042856134366
3,Ward No - 3,72.64614628837326,23.250112897336223
3,Ward No - 3,72.64127427588448,23.243390646901265
3,Ward No - 3,72.64685174968835,23.24774141849099
3,Ward No - 3,72.64513247803308,23.23818743968237
3,Ward No - 3,72.64686459970049,23.24207522774006
3,Ward No - 3,72.64429126099026,23.24954137199932
3,Ward No - 3,72.64732825030212,23.243896320177715
3,Ward No - 3,72.65083415524512,23.252446572692268
3,Ward No - 3,72.64710488834844,23.248750800198348
3,Ward No - 3,72.65606862750549,23.247150073176584
3,Ward No - 3,72.65312029901587,23.249250407029674
3,Ward No - 3,72.65868632948168,23.249971320272177
3,Ward No - 3,72.6461464752326,23.251081609690193
3,Ward No - 3,72.64290727357465,23.23884808389126
3,Ward No - 3,72.64279747661209,23.24283230603496
3,Ward No - 3,72.64933642606435,23.246716387789473
3,Ward No - 3,72.6484824205754,23.243480518543663
3,Ward No - 3,72.65054090360051,23.245615836296018
3,Ward No - 3,72.64646150602293,23.242735300580478
3,Ward No - 3,72.64992932084928,23.25540143047886
3,Ward No - 3,72.64301792319453,23.24094385598095
3,Ward No - 3,72.65178993940116,23.24695602904906
3,Ward No - 3,72.65195344914399,23.24452488031359
3,Ward No - 3,72.64829615223613,23.250800612164344
3,Ward No - 3,72.64208846647706,23.23835800120486
3,Ward No - 3,72.65550002440743,23.24274706808602
3,Ward No - 3,72.64363716496574,23.247963970925724
3,Ward No - 3,72.64824447372621,23.252921021562262
3,Ward No - 3,72.64975155161953,23.247009409338784
3,Ward No - 3,72.64948095605922,23.254741617179814
3,Ward No - 3,72.65399263794768,23.250709446771147
3,Ward No - 3,72.644325439418,23.245363702286806
3,Ward No - 3,72.6468093401705,23.247426065912336
4,Ward No - 4,72.66753304256582,23.20861949723874
4,Ward No - 4,72.65880320534251,23.20256554950602
4,Ward No - 4,72.66212069128507,23.194532033468114
4,Ward No - 4,72.69036057198623,23.2305297307488
4,Ward No - 4,72.6834526968827,23.188316171626536
4,Ward No - 4,72.67476792608335,23.242786095718987
4,Ward No - 4,72.67493815537654,23.261507830364597
4,Ward No - 4,72.65613752748884,23.197680576679236
4,Ward No - 4,72.67500809257936,23.24566760890763
4,Ward No - 4,72.68373129426031,23.253650114616903
4,Ward No - 4,72.68666631991894,23.20228008476383
4,Ward No - 4,72.67274872779782,23.206272097667267
4,Ward No - 4,72.67976716364369,23.26018199518426
4,Ward No - 4,72.66891911881709,23.19113633264679
4,Ward No - 4,72.64868717363676,23.19835641982418
4,Ward No - 4,72.68441342786308,23.190312173137784
4,Ward No - 4,72.69192967486218,23.240368009288225
4,Ward No - 4,72.6769675884933,23.242887530299935
4,Ward No - 4,72.6879152596022,23.239782846373984
4,Ward No - 4,72.67443618494194,23.20826642606679
4,Ward No - 4,72.6806236077303,23.258779367502505
4,Ward No - 4,72.66859943574917,23.228097689105926
4,Ward No - 4,72.67839921827829,23.23993135533949
4,Ward No - 4,72.67751999537792,23.245506185997115
4,Ward No - 4,72.67658508935216,23.22538601762064
4,Ward No - 4,72.67555118014663,23.190651216437146
4,Ward No - 4,72.69040974469527,23.23665426863987
4,Ward No - 4,72.68787309947658,23.22984006339786
4,Ward No - 4,72.67472502995601,23.209550379418456
4,Ward No - 4,72.66664317378486,23.25138656398724
4,Ward No - 4,72.68207424296291,23.22397262877488
4,Ward No - 4,72.64975447196878,23.197961909984468
4,Ward No - 4,72.66992372028218,23.20129078280089
4,Ward No - 4,72.68722091423129,23.213113015955695
4,Ward No - 4,72.68481356378247,23.246498266407688
4,Ward No - 4,72.69100450134368,23.224162719554258
4,Ward No - 4,72.67254687800248,23.199451876120182
4,Ward No - 4,72.68742810145756,23.222288597705088
4,Ward No - 4,72.6947265102889,23.24860358289047
4,Ward No - 4,72.65722804997944,23.186840442258806
4,Ward No - 4,72.69416150570808,23.257194431386665
4,Ward No - 4,72.67144203759538,23.23372987853341
4,Ward No - 4,72.64844238614815,23.190297712579362
4,Ward No - 4,72.67234420524981,23.199721761801552
4,Ward No - 4,72.69266235661227,23.25444210842079
4,Ward No - 4,72.68796481200012,23.232851665815552
4,Ward No - 4,72.67632811991467,23.233482710527955
4,Ward No - 4,72.68024610970886,23.183907395428015
4,Ward No - 4,72.6951495768213,23.22921492822504
4,Ward No - 4,72.68531258114388,23.212630505879048
4,Ward No - 4,72.66070995927097,23.202483806075264
4,Ward No - 4,72.67117078450767,23.21247099219855
4,Ward No - 4,72.67204875671206,23.22234274962593
4,Ward No - 4,72.67764214624626,23.258224503479298
4,Ward No - 4,72.67619015566675,23.236595282084156
4,Ward No - 4,72.68337810942307,23.2237195375679
4,Ward No - 4,72.67542577109548,23.21412584558076
4,Ward No - 4,72.68361631347312,23.248414457391778
4,Ward No - 4,72.68059304767812,23.250977203198318
4,Ward No - 4,72.66041156206632,23.195809881474837
4,Ward No - 4,72.68454374045726,23.25369698963972
4,Ward No - 4,72.67813374258789,23.192499513983442
4,Ward No - 4,72.69428142574387,23.25827729027987
4,Ward No - 4,72.67599686195567,23.20110864396028
4,Ward No - 4,72.67888477470323,23.210555966671343
4,Ward No - 4,72.69117042826187,23.24781615611684
4,Ward No - 4,72.68762953781032,23.254415017356607
4,Ward No - 4,72.67360283440412,23.21622991365949
4,Ward No - 4,72.67299915399884,23.209869686583566
4,Ward No - 4,72.65786044445886,23.201806189180743
4,Ward No - 4,72.69123258897369,23.232761392680302
4,Ward No - 4,72.67080491916529,23.216715359736423
4,Ward No - 4,72.66765410373637,23.19925573758425
4,Ward No - 4,72.68170123030957,23.243097347638
4,Ward No - 4,72.67380644223465,23.251292467137514
4,Ward No - 4,72.68241342472616,23.246183398677154
4,Ward No - 4,72.6788027607401,23.249972272847685
4,Ward No - 4,72.68711983285797,23.241870941880013
4,Ward No - 4,72.68861133710863,23.214164652989886
4,Ward No - 4,72.66373786032102,23.20217770166831
4,Ward No - 4,72.66916945720524,23.246746010268197
4,Ward No - 4,72.6738037516284,23.21979469438341
4,Ward No - 4,72.6760014871459,23.21820268724584
4,Ward No - 4,72.67420354310637,23.222478321096286
4,Ward No - 4,72.66808533024965,23.247702786045355
4,Ward No - 4,72.68331775285202,23.209772255397034
4,Ward No - 4,72.68637695882782,23.250554032011426
4,Ward No - 4,72.66369429639488,23.251913979058166
4,Ward No - 4,72.68014901674944,23.22500649999208
4,Ward No - 4,72.68130779040435,23.21988480859337
4,Ward No - 4,72.65569492725375,23.193700700001823
4,Ward No - 4,72.6703211308731,23.246875806938824
4,Ward No - 4,72.68549319968163,23.19347496485192
4,Ward No - 4,72.66370293951542,23.25367905274721
4,Ward No - 4,72.67270221688955,23.20919232864644
4,Ward No - 4,72.68114836817108,23.228394248204115
4,Ward No - 4,72.65327796151136,23.197455347344096
4,Ward No - 4,72.69091602789261,23.246085270011957
4,Ward No - 4,72.69022579289496,23.23819686348416
4,Ward No - 4,72.6793359364025,23.224397710031432
4,Ward No - 4,72.67814599368158,23.25576519565766
4,Ward No - 4,72.68378795070744,23.21083479079248
4,Ward No - 4,72.67791261298527,23.223518419165664
4,Ward No - 4,72.65625586707976,23.193360171108413
4,Ward No - 4,72.64830308492142,23.19082074433404
4,Ward No - 4,72.67731074507827,23.21057092721858
4,Ward No - 4,72.68004305130913,23.225518219675873
4,Ward No - 4,72.68894004384153,23.228742123527866
4,Ward No - 4,72.67669677913793,23.210720489594703
4,Ward No - 4,72.67963290358911,23.243926113035386
4,Ward No - 4,72.6520268149443,23.19579077798842
4,Ward No - 4,72.68041374066378,23.18577537589144
4,Ward No - 4,72.69641186821016,23.241432680710687
4,Ward No - 4,72.66769926270376,23.20010884123036
4,Ward No - 4,72.68704189825077,23.241216100290313
4,Ward No - 4,72.66756484409271,23.248385457367124
4,Ward No - 4,72.67987569836075,23.23379755718093
4,Ward No - 4,72.67798115137735,23.20412726573231
4,Ward No - 4,72.6856175206292,23.217066063607717
4,Ward No - 4,72.66619697461384,23.202127965319125
4,Ward No - 4,72.65474159802822,23.187706894432726
4,Ward No - 4,72.6845351849747,23.21256583067944
4,Ward No - 4,72.68718271881934,23.208136947230877
4,Ward No - 4,72.6840076985927,23.25739203161001
4,Ward No - 4,72.67859605283553,23.216961207113638
4,Ward No - 4,72.68343703381456,23.21904827503738
4,Ward No - 4,72.65948499209163,23.190894570967544
4,Ward No - 4,72.66489450229545,23.192455449471854
4,Ward No - 4,72.67640117606472,23.219035363707555
4,Ward No - 4,72.65080496416707,23.190044035613035
4,Ward No - 4,72.67240320380479,23.20879276898102
4,Ward No - 4,72.67233215740673,23.200254515857143
4,Ward No - 4,72.64782194086285,23.192694426852633
4,Ward No - 4,72.67618964214952,23.231180185651144
4,Ward No - 4,72.67649101539952,23.216037933656853
4,Ward No - 4,72.69318758730994,23.22779848449909
4,Ward No - 4,72.68102032600969,23.194471745601227
4,Ward No - 4,72.66719995958938,23.194933560359157
4,Ward No - 4,72.67988435423169,23.229417342499755
4,Ward No - 4,72.67488831374651,23.19912516389073
4,Ward No - 4,72.67315296035744,23.25280352415749
4,Ward No - 4,72.67892827072237,23.22015438160618
4,Ward No - 4,72.65970006822205,23.189432619954783
4,Ward No - 4,72.6951273455055,23.25227708717111
4,Ward No - 4,72.67063243261416,23.209374413956024
4,Ward No - 4,72.6737494263717,23.197189137514133
4,Ward No - 4,72.66995553834576,23.247837538163378
4,Ward No - 4,72.67820827071212,23.239118136413264
4,Ward No - 4,72.68167383927432,23.25226159621296
4,Ward No - 4,72.67596381507191,23.20474400696689
4,Ward No - 4,72.68583606241063,23.24802483953221
4,Ward No - 4,72.67314601070339,23.22024160782207
4,Ward No - 4,72.67827557435889,23.199320203537745
4,Ward No - 4,72.68797225033117,23.229890990794384
4,Ward No - 4,72.67464831815694,23.191412041416868
4,Ward No - 4,72.68423252344274,23.238177891734377
4,Ward No - 4,72.65995506398166,23.201277416526448
4,Ward No - 4,72.66820218288335,23.228030882460594
4,Ward No - 4,72.6592863078034,23.19384323453012
4,Ward No - 4,72.67534068768111,23.21268677665316
4,Ward No - 4,72.65592999413056,23.20091367145152
4,Ward No - 4,72.67619664263631,23.18299210526626
4,Ward No - 4,72.68438017846033,23.218211315802314
4,Ward No - 4,72.67790433573923,23.24491667697383
4,Ward No - 4,72.67601955244167,23.222044575671152
4,Ward No - 4,72.67617220221243,23.194669139555593
4,Ward No - 4,72.67508240140496,23.21777481650801
4,Ward No - 4,72.66460762803082,23.197079657884316
4,Ward No - 4,72.68253687290937,23.218296831582688
4,Ward No - 4,72.68722275078902,23.240197516071298
4,Ward No - 4,72.69019279854753,23.25478580579366
4,Ward No - 4,72.67569661756417,23.203874870653927
4,Ward No - 4,72.65415120233052,23.191663363823785
4,Ward No - 4,72.67850950483388,23.24476389311712
4,Ward No - 4,72.68417014419293,23.20777380660364
4,Ward No - 4,72.69051199491386,23.255522280274597
4,Ward No - 4,72.65614140758134,23.19612415464188
4,Ward No - 4,72.6952212375167,23.243165320598706
4,Ward No - 4,72.67748649388218,23.23641284490692
4,Ward No - 4,72.65859784751949,23.202910547258178
4,Ward No - 4,72.68139714504727,23.234854866008778
4,Ward No - 4,72.65239502716587,23.197960504606115
4,Ward No - 4,72.67196128394087,23.192855131280872
4,Ward No - 4,72.68015708093068,23.257742495710296
4,Ward No - 4,72.6655596864034,23.254331876665105
4,Ward No - 4,72.64726547564034,23.186015093237415
4,Ward No - 4,72.68196555931053,23.24317986787045
4,Ward No - 4,72.68505868559586,23.21257134749571
4,Ward No - 4,72.65868385488648,23.196369617270424
4,Ward No - 4,72.68784899313478,23.233505142563626
4,Ward No - 4,72.68272920711955,23.23925476069189
4,Ward No - 4,72.66149755639412,23.192449912624063
4,Ward No - 4,72.64570141735291,23.187126090789235
4,Ward No - 4,72.64714709361843,23.197606444346416
4,Ward No - 4,72.6967367633884,23.23609166620065
4,Ward No - 4,72.67955082979175,23.18579409266363
4,Ward No - 4,72.69007660648242,23.211627142565206
4,Ward No - 4,72.66916404593657,23.196429560618174
4,Ward No - 4,72.64500297948223,23.18900740423163
4,Ward No - 4,72.68227978471901,23.251383866569753
5,Ward No - 5,72.66201639869924,23.236049852900003
5,Ward No - 5,72.66499757979125,23.22157415382313
5,Ward No - 5,72.66206623574796,23.2079299690008
5,Ward No - 5,72.6685843066526,23.246392126951687
5,Ward No - 5,72.67348231068328,23.2337044723436
5,Ward No - 5,72.65564884569295,23.236112451255647
5,Ward No - 5,72.64916964018224,23.238276866997634
5,Ward No - 5,72.65340414736485,23.21890741475683
5,Ward No - 5,72.65320392857548,23.24124603230452
5,Ward No - 5,72.6685343915069,23.23584700842335
5,Ward No - 5,72.648935078454,23.241058685961356
5,Ward No - 5,72.66592238311028,23.2126058432804
5,Ward No - 5,72.66500441199261,23.226004938255084
5,Ward No - 5,72.65841543477536,23.20876656463326
5,Ward No - 5,72.66090761584445,23.20820069052423
5,Ward No - 5,72.6557593838144,23.2185119527189
5,Ward No - 5,72.65545423555064,23.240783574695204
5,Ward No - 5,72.67520823907638,23.229230914760695
5,Ward No - 5,72.64705102764707,23.235873202243873
5,Ward No - 5,72.65523828882716,23.214148791565787
5,Ward No - 5,72.65050618358009,23.238996765094818
5,Ward No - 5,72.67483963045046,23.23116876009948
5,Ward No - 5,72.66480133848711,23.236514208381696
5,Ward No - 5,72.66677283368712,23.241614619801048
5,Ward No - 5,72.65980803319374,23.228318634936187
5,Ward No - 5,72.6643851940762,23.223105945750646
5,Ward No - 5,72.65568175149116,23.237003097824335
5,Ward No - 5,72.66282430957767,23.226378778714146
5,Ward No - 5,72.65967400745743,23.20479130844883
5,Ward No - 5,72.66178353493814,23.232184176734147
5,Ward No - 5,72.66688526844746,23.24075767910369
5,Ward No - 5,72.66362229195005,23.242870780856006
5,Ward No - 5,72.66053417272626,23.213914702601112
5,Ward No - 5,72.65612185094649,23.219870506673317
5,Ward No - 5,72.66110847061219,23.24455348579129
5,Ward No - 5,72.65528384707245,23.24170568575932
5,Ward No - 5,72.66042438823187,23.23474859917519
5,Ward No - 5,72.66897388094945,23.221790290525554
5,Ward No - 5,72.660187528077,23.22010109217609
5,Ward No - 5,72.66224265914977,23.225870216115425
5,Ward No - 5,72.66594658833677,23.23451998069804
5,Ward No - 5,72.65458705823393,23.219632149850167
5,Ward No - 5,72.66301752500583,23.231246273194998
5,Ward No - 5,72.65448086657491,23.21889429441737
5,Ward No - 5,72.66645485286377,23.233612485350267
5,Ward No - 5,72.66055864567865,23.223258260647373
5,Ward No - 5,72.67366252377745,23.229408196558683
5,Ward No - 5,72.65094490051234,23.235368710020506
5,Ward No - 5,72.6618758306692,23.247403558404983
5,Ward No - 5,72.6584129727125,23.216025587893476
5,Ward No - 5,72.64891241243201,23.235990041154064
5,Ward No - 5,72.6679194745359,23.2465866688567
5,Ward No - 5,72.66638894806506,23.23363813266023
5,Ward No - 5,72.66106921457079,23.245670742107535
5,Ward No - 5,72.67226108392258,23.241275627892783
5,Ward No - 5,72.66083169030227,23.2152456592984
5,Ward No - 5,72.66051845951615,23.20824151660534
5,Ward No - 5,72.66534380457567,23.209780942841192
5,Ward No - 5,72.66068251672412,23.206086448650034
5,Ward No - 5,72.65400147722912,23.214334504493696
5,Ward No - 5,72.66411862581957,23.240081758890874
5,Ward No - 5,72.67171743595212,23.21944902097802
5,Ward No - 5,72.66534878922407,23.222249947088223
5,Ward No - 5,72.67372250292077,23.24169826280037
5,Ward No - 5,72.66230353663856,23.229443759338576
5,Ward No - 5,72.65492547964453,23.218523935779924
5,Ward No - 5,72.65288159319331,23.212281899483926
5,Ward No - 5,72.66598230111376,23.23867815022639
5,Ward No - 5,72.65490386436717,23.24169954378962
5,Ward No - 5,72.66638650371841,23.22952005044705
5,Ward No - 5,72.67582396970198,23.239872757385644
5,Ward No - 5,72.65878776418349,23.24021040050767
5,Ward No - 5,72.66826285069712,23.240371119890902
5,Ward No - 5,72.66410862159611,23.217545366247236
5,Ward No - 5,72.65841108252557,23.224316040873763
5,Ward No - 5,72.66198172089109,23.22256972118878
5,Ward No - 5,72.66199241552894,23.22362954207594
5,Ward No - 5,72.67396935615479,23.229754635931755
5,Ward No - 5,72.65850376898102,23.236296688106385
5,Ward No - 5,72.66664222232262,23.238361703805168
5,Ward No - 5,72.6658976935286,23.23819480132626
5,Ward No - 5,72.64862357254769,23.241454297227925
5,Ward No - 5,72.66718122263387,23.23875949801108
5,Ward No - 5,72.65761613349171,23.23004301618629
5,Ward No - 5,72.66721653824347,23.229885211596326
5,Ward No - 5,72.66022122283228,23.241156278606475
5,Ward No - 5,72.66605485323551,23.21646934320798
5,Ward No - 5,72.67482044275067,23.23639077965629
5,Ward No - 5,72.67355268265803,23.2386235918115
5,Ward No - 5,72.66378396935812,23.211553730381013
5,Ward No - 5,72.66169822610986,23.23908798318039
5,Ward No - 5,72.66098819731079,23.243862455576313
5,Ward No - 5,72.66051810960934,23.223629072025656
5,Ward No - 5,72.65949259737849,23.21119205967111
5,Ward No - 5,72.66680462128764,23.240478000841364
5,Ward No - 5,72.65377910935167,23.24065363839309
5,Ward No - 5,72.66027552522752,23.246536159705183
5,Ward No - 5,72.66420258216554,23.227434908593867
5,Ward No - 5,72.67527104246443,23.24126090393411
5,Ward No - 5,72.67097357316113,23.217801484911085
5,Ward No - 5,72.65472138486497,23.221526046793482
5,Ward No - 5,72.66871786905537,23.24032481779011
5,Ward No - 5,72.65722697606824,23.237096796458392
5,Ward No - 5,72.67343364138708,23.24072816047296
5,Ward No - 5,72.65687179955944,23.22603751641651
5,Ward No - 5,72.66914773352798,23.217143329299265
5,Ward No - 5,72.66992186862363,23.218790009547735
5,Ward No - 5,72.67199171679879,23.244540518151048
5,Ward No - 5,72.66036800956029,23.213776020478523
5,Ward No - 5,72.65082744514955,23.21404198964089
5,Ward No - 5,72.66525546886108,23.218764060012507
5,Ward No - 5,72.66396057534011,23.24488448079898
5,Ward No - 5,72.66356703640224,23.235799699403465
5,Ward No - 5,72.65608446981419,23.210976677366205
5,Ward No - 5,72.66417480632812,23.216443214690816
5,Ward No - 5,72.65878048920713,23.242343440804632
5,Ward No - 5,72.66564674615144,23.229585525437926
5,Ward No - 5,72.67248746717512,23.234774220187305
5,Ward No - 5,72.66483509162647,23.21237053499889
5,Ward No - 5,72.66345029695796,23.222856621940494
5,Ward No - 5,72.64618262122953,23.23864708711624
5,Ward No - 5,72.6555964742227,23.221633587595946
5,Ward No - 5,72.65234605964203,23.243441896311865
5,Ward No - 5,72.65393257220556,23.213318555792327
5,Ward No - 5,72.654308832013,23.212991648041026
5,Ward No - 5,72.67264061362968,23.235099654995743
5,Ward No - 5,72.65590863372039,23.231914296334207
5,Ward No - 5,72.65389864655464,23.21961525778074
5,Ward No - 5,72.6695049233008,23.244330124905506
5,Ward No - 5,72.65798496738688,23.226168965604497
5,Ward No - 5,72.66396408561106,23.221265797424902
5,Ward No - 5,72.66828263343884,23.2232233984767
5,Ward No - 5,72.66266739727736,23.235325004122807
5,Ward No - 5,72.65500411395959,23.234665309736354
5,Ward No - 5,72.65840549342504,23.237640664295505
5,Ward No - 5,72.67193302953547,23.238762873993455
5,Ward No - 5,72.67586757227949,23.238576689703777
5,Ward No - 5,72.67144634089716,23.242197384502497
5,Ward No - 5,72.66759815681982,23.240778700232084
5,Ward No - 5,72.66469485807315,23.22746370455464
5,Ward No - 5,72.67042198371202,23.24066510902618
5,Ward No - 5,72.66694646013683,23.238695441782003
5,Ward No - 5,72.6626506791205,23.230444237759013
5,Ward No - 5,72.65259699658421,23.23720162217067
5,Ward No - 5,72.65121370497313,23.2123330423229
5,Ward No - 5,72.64739256237078,23.236843441577115
5,Ward No - 5,72.65431899779178,23.212858028162636
5,Ward No - 5,72.65877488077821,23.23843517079177
5,Ward No - 5,72.65921252795648,23.219520821664656
5,Ward No - 5,72.65280650705492,23.216472717919252
5,Ward No - 5,72.66072607469518,23.219203830441153
5,Ward No - 5,72.66544492131649,23.232834353471123
5,Ward No - 5,72.66603310687294,23.24152201144997
5,Ward No - 5,72.66111300579766,23.246629736556333
5,Ward No - 5,72.65556367840259,23.2359673470856
5,Ward No - 5,72.66229726702007,23.233876093205723
5,Ward No - 5,72.66503022894175,23.239690646340044
5,Ward No - 5,72.65765571054828,23.216256603590736
5,Ward No - 5,72.65440788534775,23.211833906404216
5,Ward No - 5,72.66557275750863,23.232785100996324
5,Ward No - 5,72.67408214948776,23.240610046464504
5,Ward No - 5,72.66246855775921,23.209947071716996
5,Ward No - 5,72.65814823279193,23.221676504928677
5,Ward No - 5,72.65805129423593,23.21655065843708
5,Ward No - 5,72.66619556100649,23.242595546141835
5,Ward No - 5,72.6688055526921,23.232700005553703
5,Ward No - 5,72.66736673050963,23.228858191050904
5,Ward No - 5,72.65309330990648,23.21877937546632
5,Ward No - 5,72.67407972363354,23.232542662189623
5,Ward No - 5,72.65956952204611,23.232382967634532
5,Ward No - 5,72.65760712938129,23.225386242102154
5,Ward No - 5,72.66964235101236,23.216697037028847
5,Ward No - 5,72.66609232316715,23.233395002725526
5,Ward No - 5,72.66514753095507,23.231789175732803
5,Ward No - 5,72.66766297068855,23.236306401699498
5,Ward No - 5,72.65200515851573,23.21671218249724
5,Ward No - 5,72.65793145146486,23.21645188571459
5,Ward No - 5,72.65612360398701,23.22170908827499
5,Ward No - 5,72.66360831682042,23.213768673856293
5,Ward No - 5,72.65938180436665,23.204872092316545
5,Ward No - 5,72.66588242291147,23.219515906583233
5,Ward No - 5,72.6623438695371,23.21550915995686
5,Ward No - 5,72.66412118529766,23.22524049938181
5,Ward No - 5,72.65624623871582,23.213016702195752
5,Ward No - 5,72.66719449944301,23.246014307474056
5,Ward No - 5,72.66083044480669,23.227845626638043
5,Ward No - 5,72.67373290099755,23.23234393951375
5,Ward No - 5,72.65436609415649,23.222131749849897
5,Ward No - 5,72.64876117979219,23.212488705677014
5,Ward No - 5,72.6490722276384,23.24117275014212
5,Ward No - 5,72.66679665184651,23.22817875702645
5,Ward No - 5,72.656364277898,23.234591095918727
5,Ward No - 5,72.67020666623212,23.244465589342486
5,Ward No - 5,72.6618139054586,23.24161805521909
5,Ward No - 5,72.66068671456762,23.225588050399722
5,Ward No - 5,72.67186465966991,23.221496192969855
5,Ward No - 5,72.65704433857067,23.217715024020173
5,Ward No - 5,72.66092016138725,23.228852022088994
5,Ward No - 5,72.66539478177296,23.22354445628895
5,Ward No - 5,72.65142340858704,23.243797609338486
6,Ward No - 6,72.62879040151026,23.233363477070473
6,Ward No - 6,72.62622565011897,23.2462301897635
6,Ward No - 6,72.64092394573446,23.234321527550048
6,Ward No - 6,72.63963833003635,23.222459498118585
6,Ward No - 6,72.63385741430194,23.236638045894782
6,Ward No - 6,72.62817382334836,23.235137608117444
6,Ward No - 6,72.62768444964414,23.245192491146117
6,Ward No - 6,72.65381539945129,23.22362812060676
6,Ward No - 6,72.62499576904607,23.227329114020417
6,Ward No - 6,72.64704061561426,23.222838229542347
6,Ward No - 6,72.63967116155212,23.218584116540317
6,Ward No - 6,72.64056672464302,23.220011413878684
6,Ward No - 6,72.63950330049681,23.236737849493878
6,Ward No - 6,72.62429702790728,23.22898586177358
6,Ward No - 6,72.64278919152008,23.22138111799979
6,Ward No - 6,72.62926880755136,23.2299322324076
6,Ward No - 6,72.62459257603933,23.229433531354037
6,Ward No - 6,72.64783816172175,23.22590035505316
6,Ward No - 6,72.65292138768982,23.221629401642346
6,Ward No - 6,72.6411847311542,23.21953920466594
6,Ward No - 6,72.63957130972915,23.218374451066033
6,Ward No - 6,72.62707657067637,23.235281861201955
6,Ward No - 6,72.6421864392704,23.23292976997941
6,Ward No - 6,72.63040991330456,23.229418079005022
6,Ward No - 6,72.64015450387996,23.225824763782313
6,Ward No - 6,72.64500297660695,23.232851647752835
6,Ward No - 6,72.62567034774354,23.22720989459434
6,Ward No - 6,72.63759029129228,23.240477284042367
6,Ward No - 6,72.62609200759516,23.246771257299145
6,Ward No - 6,72.63901940867358,23.22232154096977
6,Ward No - 6,72.6300684827809,23.222515676066944
6,Ward No - 6,72.63475733537952,23.2391540932722
6,Ward No - 6,72.64151318900295,23.229264583818196
6,Ward No - 6,72.62707552616254,23.234322541474203
6,Ward No - 6,72.62547405839877,23.241787987811247
6,Ward No - 6,72.63155957442473,23.238333844789516
6,Ward No - 6,72.6357357945192,23.23656512865733
6,Ward No - 6,72.63673922982844,23.21919645454774
6,Ward No - 6,72.62211543369779,23.227720059745856
6,Ward No - 6,72.64533372715876,23.233875628132733
6,Ward No - 6,72.62687673599501,23.22934165014885
6,Ward No - 6,72.63486017985922,23.22285124917284
6,Ward No - 6,72.64833130159742,23.22415489776821
6,Ward No - 6,72.6412177721572,23.235458362480202
6,Ward No - 6,72.6248066457872,23.240893293338974
6,Ward No - 6,72.62923663377875,23.224653388051234
6,Ward No - 6,72.64315725449153,23.235633898442345
6,Ward No - 6,72.63207344489345,23.236993193289518
6,Ward No - 6,72.64198331422604,23.224014610113848
6,Ward No - 6,72.63306869732494,23.243207439946225
6,Ward No - 6,72.64988654653897,23.231166489422904
6,Ward No - 6,72.6497759880703,23.222618583141003
6,Ward No - 6,72.63293249478909,23.23054993872859
6,Ward No - 6,72.65423821587068,23.226934880580483
6,Ward No - 6,72.64045003848584,23.23039266814171
6,Ward No - 6,72.63703016538888,23.23153461506572
6,Ward No - 6,72.63564695372452,23.23222036422212
6,Ward No - 6,72.6387893796278,23.222152769253828
6,Ward No - 6,72.63731690618216,23.228053975626395
6,Ward No - 6,72.63038662076788,23.232546083493357
6,Ward No - 6,72.63742694513394,23.230198170213864
6,Ward No - 6,72.63790985223598,23.220393614928355
6,Ward No - 6,72.64063768257786,23.223072916130132
6,Ward No - 6,72.65322610303497,23.227343549216293
6,Ward No - 6,72.64494234333289,23.22192001602059
6,Ward No - 6,72.62175355330234,23.227630196848665
6,Ward No - 6,72.641113331982,23.229667242374955
6,Ward No - 6,72.65056957463477,23.233198027480906
6,Ward No - 6,72.6481994730351,23.21745212793587
6,Ward No - 6,72.64721379315671,23.23057809365101
6,Ward No - 6,72.62363325116836,23.230906465258066
6,Ward No - 6,72.63150268778831,23.231858778952024
6,Ward No - 6,72.62542548162092,23.245298791267828
6,Ward No - 6,72.62870418583549,23.24241644676606
6,Ward No - 6,72.62498873153693,23.235362916921087
6,Ward No - 6,72.63783053951362,23.220213877593437
6,Ward No - 6,72.64720806844574,23.225884806858122
6,Ward No - 6,72.64227637801032,23.219590136581086
6,Ward No - 6,72.64644858109337,23.21538475493953
6,Ward No - 6,72.6292044192523,23.244862653009903
6,Ward No - 6,72.64361129780484,23.219256717629662
6,Ward No - 6,72.6418686171191,23.222173795315868
6,Ward No - 6,72.64113255579606,23.236866241986892
6,Ward No - 6,72.63885933725084,23.231478247639362
6,Ward No - 6,72.64790951918145,23.222451874583182
6,Ward No - 6,72.62835677499538,23.242194638624067
6,Ward No - 6,72.62801917919177,23.232285939539164
6,Ward No - 6,72.63162771259829,23.24281054536551
6,Ward No - 6,72.64670623362684,23.231589647333266
6,Ward No - 6,72.63185116554253,23.238510191536484
6,Ward No - 6,72.64407226730808,23.217539323207543
6,Ward No - 6,72.65133807672437,23.22758636901553
6,Ward No - 6,72.63768187709978,23.234438409230986
6,Ward No - 6,72.6409843161183,23.23807079221962
6,Ward No - 6,72.63869089879074,23.239019540334574
6,Ward No - 6,72.64175085847452,23.22542751329457
6,Ward No - 6,72.63070872630718,23.242913164218926
6,Ward No - 6,72.65298752031798,23.227365425044876
6,Ward No - 6,72.65188694577527,23.233024200847034
6,Ward No - 6,72.64418547041132,23.21493413705723
6,Ward No - 6,72.62857318500134,23.233029082703126
6,Ward No - 6,72.62483724445677,23.24732545271854
6,Ward No - 6,72.623558707227,23.230200808535763
6,Ward No - 6,72.64231369009545,23.22138368945437
6,Ward No - 6,72.6455862294392,23.214678081030666
6,Ward No - 6,72.63011675785935,23.23269385963024
6,Ward No - 6,72.64890908624209,23.217111768321647
6,Ward No - 6,72.63882372784272,23.234419399640334
6,Ward No - 6,72.62651662903838,23.228652956552615
6,Ward No - 6,72.64019811405517,23.21885864749446
6,Ward No - 6,72.64313702878643,23.219008094309164
6,Ward No - 6,72.64811877697484,23.219947492051634
6,Ward No - 6,72.64057085183583,23.224539293748983
6,Ward No - 6,72.62945396781355,23.230110584192268
6,Ward No - 6,72.64798943944938,23.234170359414644
6,Ward No - 6,72.62855313376446,23.24072717623097
6,Ward No - 6,72.64045602343558,23.236795941657995
6,Ward No - 6,72.63448083162395,23.228915215317677
6,Ward No - 6,72.62777908569487,23.24058817087915
6,Ward No - 6,72.62690556838767,23.241389370722555
6,Ward No - 6,72.63856180457896,23.234668496432594
6,Ward No - 6,72.65544316844834,23.226580332659235
6,Ward No - 6,72.6488261927177,23.218307750939523
6,Ward No - 6,72.63064995003816,23.241276496642627
6,Ward No - 6,72.64400027820314,23.221168221876788
6,Ward No - 6,72.64319954483219,23.226714927183362
6,Ward No - 6,72.65215364163214,23.226447862352536
6,Ward No - 6,72.64258651061986,23.23363204557778
6,Ward No - 6,72.65205537563052,23.22145703657277
6,Ward No - 6,72.63212389037136,23.22386560623404
6,Ward No - 6,72.62513178511468,23.229612499236744
6,Ward No - 6,72.63530489344527,23.230763570701804
6,Ward No - 6,72.64079483890633,23.225060341117107
6,Ward No - 6,72.626604789631,23.234246285045945
6,Ward No - 6,72.63678614684652,23.228019996967063
6,Ward No - 6,72.62722456862068,23.236984679718148
6,Ward No - 6,72.64528471347683,23.214256880366435
6,Ward No - 6,72.6395845396585,23.236839143326094
6,Ward No - 6,72.6411070901784,23.22151386386876
6,Ward No - 6,72.63821953617065,23.236153269825227
6,Ward No - 6,72.65062049337794,23.221648226612487
6,Ward No - 6,72.65339248454599,23.223071842181337
6,Ward No - 6,72.65007451769411,23.216889957525765
6,Ward No - 6,72.63182433646746,23.232391245002525
6,Ward No - 6,72.63118790042529,23.225918103038936
6,Ward No - 6,72.63895795062737,23.230930915578817
6,Ward No - 6,72.64416800819822,23.229698443328264
6,Ward No - 6,72.62591840796982,23.227384525389695
6,Ward No - 6,72.6364395968388,23.21967073684665
6,Ward No - 6,72.64934353979696,23.22458695057664
6,Ward No - 6,72.64307899149615,23.23173335512226
6,Ward No - 6,72.63717190701911,23.22374633915476
6,Ward No - 6,72.64960112966506,23.22178711656704
6,Ward No - 6,72.62420099015789,23.22798489869066
6,Ward No - 6,72.64848381964084,23.233283646685756
6,Ward No - 6,72.62980179463355,23.233021524649853
6,Ward No - 6,72.64987902288814,23.22442955428903
6,Ward No - 6,72.64551209849576,23.230473831516004
6,Ward No - 6,72.62632224307353,23.22623096183465
6,Ward No - 6,72.63433780810185,23.222876060103196
6,Ward No - 6,72.6481979065601,23.22320265671142
6,Ward No - 6,72.63040121678247,23.240205286348086
6,Ward No - 6,72.63129462247942,23.242684720269846
6,Ward No - 6,72.62703232269659,23.237060295538008
6,Ward No - 6,72.64176014033733,23.233945244448364
6,Ward No - 6,72.62712041712906,23.226160687166725
6,Ward No - 6,72.6298424320403,23.23103491574562
6,Ward No - 6,72.6483518069399,23.22022257146966
6,Ward No - 6,72.63729903242792,23.219453748988066
6,Ward No - 6,72.63343717025789,23.227380923846123
6,Ward No - 6,72.64723246291092,23.224602708141415
6,Ward No - 6,72.62500992744899,23.248558718787756
6,Ward No - 6,72.65338081413144,23.22393399612925
6,Ward No - 6,72.64630574742465,23.22994199356496
6,Ward No - 6,72.63312507786694,23.22331357336344
6,Ward No - 6,72.62611992016002,23.232968539330738
6,Ward No - 6,72.63774780734053,23.231603034470098
6,Ward No - 6,72.62511815002055,23.23567268734359
6,Ward No - 6,72.65283130430764,23.22493704916324
6,Ward No - 6,72.63124576833101,23.22921314181582
6,Ward No - 6,72.63323123671142,23.222743560799373
6,Ward No - 6,72.64530764126401,23.214717792823965
6,Ward No - 6,72.633770387375,23.238132949985655
6,Ward No - 6,72.6326336414983,23.2298201305557
6,Ward No - 6,72.64252898953762,23.218492449534928
6,Ward No - 6,72.64271457895805,23.227790612935003
6,Ward No - 6,72.65138748141868,23.225283602098802
6,Ward No - 6,72.65378361930713,23.222832788481618
6,Ward No - 6,72.62692452498383,23.224038261265573
6,Ward No - 6,72.64574215155064,23.217999955028162
6,Ward No - 6,72.63171659332221,23.2294294929709
6,Ward No - 6,72.63868483693173,23.221761263975885
6,Ward No - 6,72.63600137512219,23.237354558053593
6,Ward No - 6,72.63601113925053,23.23036398594766
6,Ward No - 6,72.65762534987026,23.229108966427916
6,Ward No - 6,72.63384344245264,23.22650623294887
6,Ward No - 6,72.62426361588193,23.22850321765239
6,Ward No - 6,72.62729292639258,23.225506540560552
6,Ward No - 6,72.65073897332789,23.22181145432308
6,Ward No - 6,72.64225312369506,23.21989420516804
7,Ward No - 7,72.60244845846417,23.252860776230097
7,Ward No - 7,72.61009624649517,23.21820430786022
7,Ward No - 7,72.60726977037902,23.249149762410052
7,Ward No - 7,72.59878943263004,23.25459272408495
7,Ward No - 7,72.61475385044672,23.238712640741916
7,Ward No - 7,72.60111089008232,23.278417750054846
7,Ward No - 7,72.62912488586475,23.265066079908927
7,Ward No - 7,72.61837457160668,23.210430821969176
7,Ward No - 7,72.59235687954259,23.256624215680528
7,Ward No - 7,72.6070987892549,23.2549601233677
7,Ward No - 7,72.59545048469835,23.248109001175486
7,Ward No - 7,72.60336244933555,23.24440107467743
7,Ward No - 7,72.60577297170686,23.284168983974027
7,Ward No - 7,72.60986237339223,23.24606575541726
7,Ward No - 7,72.60687334627542,23.227922156716414
7,Ward No - 7,72.6172885401263,23.251234911599543
7,Ward No - 7,72.59628558263492,23.26220008663638
7,Ward No - 7,72.61659249599052,23.237716617560892
7,Ward No - 7,72.59918318524828,23.25796979114784
7,Ward No - 7,72.60122611262418,23.265352580853413
7,Ward No - 7,72.59262276830164,23.26024963345588
7,Ward No - 7,72.59911534716038,23.281497063401968
7,Ward No - 7,72.59501851980728,23.244140282980897
7,Ward No - 7,72.62597532231987,23.266012017239
7,Ward No - 7,72.60679986270114,23.222919873101276
7,Ward No - 7,72.58833368849807,23.24283930475152
7,Ward No - 7,72.62465817511003,23.263790252294392
7,Ward No - 7,72.60546488437735,23.253200748606655
7,Ward No - 7,72.60677125116135,23.251970094122452
7,Ward No - 7,72.61061103429171,23.259968394009856
7,Ward No - 7,72.6101481171652,23.28033822011667
7,Ward No - 7,72.597326493903,23.245818669966948
7,Ward No - 7,72.61170101905368,23.249880792865714
7,Ward No - 7,72.61992224610147,23.228091579467268
7,Ward No - 7,72.61757616983401,23.26177796029154
7,Ward No - 7,72.60559152384117,23.238095953638446
7,Ward No - 7,72.6142074236797,23.23003110496361
7,Ward No - 7,72.6183977262011,23.264611199110778
7,Ward No - 7,72.60185526194554,23.2713896493913
7,Ward No - 7,72.59914851316225,23.240206805589807
7,Ward No - 7,72.60481467805639,23.230195175205232
7,Ward No - 7,72.59267322582964,23.25800306245729
7,Ward No - 7,72.59261202367568,23.26737887559668
7,Ward No - 7,72.59568747132072,23.263922783646073
7,Ward No - 7,72.60803766639607,23.255988397530256
7,Ward No - 7,72.61003890471322,23.276070962518325
7,Ward No - 7,72.59898348994034,23.26736058567818
7,Ward No - 7,72.61744902164578,23.215587980565257
7,Ward No - 7,72.60706805540158,23.25638840851615
7,Ward No - 7,72.60663767576438,23.225729243189335
7,Ward No - 7,72.61903986037547,23.252398052881045
7,Ward No - 7,72.61069650048496,23.250040429230534
7,Ward No - 7,72.59664259495511,23.259926379481325
7,Ward No - 7,72.60446781831746,23.235059730489535
7,Ward No - 7,72.59323245682397,23.253368218834996
7,Ward No - 7,72.6146351281455,23.23324220100938
7,Ward No - 7,72.59131017704908,23.261072364942066
7,Ward No - 7,72.60704814770733,23.227626119570203
7,Ward No - 7,72.61885626038998,23.24427324849033
7,Ward No - 7,72.59659431048571,23.246271123760735
7,Ward No - 7,72.62815554279476,23.26871031304276
7,Ward No - 7,72.60972850728042,23.229177715950673
7,Ward No - 7,72.59465726539459,23.27545625072743
7,Ward No - 7,72.61971503075128,23.251432472357035
7,Ward No - 7,72.61840715651556,23.223546352242984
7,Ward No - 7,72.5918546888961,23.24307295209207
7,Ward No - 7,72.60446273353615,23.280382358528794
7,Ward No - 7,72.60146621047991,23.27047601944838
7,Ward No - 7,72.62154186533337,23.258945155513594
7,Ward No - 7,72.59918775193582,23.275565580871056
7,Ward No - 7,72.60857330358449,23.233324786571192
7,Ward No - 7,72.59636906204763,23.244591150006055
7,Ward No - 7,72.62002210623436,23.22903645561689
7,Ward No - 7,72.6219619289131,23.255953272629945
7,Ward No - 7,72.62337226767637,23.226229226955077
7,Ward No - 7,72.61597542225084,23.218605628626126
7,Ward No - 7,72.60334773544494,23.263372734516448
7,Ward No - 7,72.61600567606112,23.221282864888476
7,Ward No - 7,72.61127256321392,23.2693596018714
7,Ward No - 7,72.61428150732421,23.267980126933214
7,Ward No - 7,72.61713625855703,23.260765899080038
7,Ward No - 7,72.59692188874206,23.264742584372236
7,Ward No - 7,72.60321097404416,23.262610178651602
7,Ward No - 7,72.6091392287642,23.225663356852355
7,Ward No - 7,72.6036620964742,23.231512310116543
7,Ward No - 7,72.58762917743684,23.25528214071005
7,Ward No - 7,72.61576878316266,23.21209916199678
7,Ward No - 7,72.60113836440767,23.27501869246488
7,Ward No - 7,72.6136665509165,23.238865232216718
7,Ward No - 7,72.60813477869792,23.222884813414602
7,Ward No - 7,72.60067336677135,23.232654176083273
7,Ward No - 7,72.61607359637478,23.22142295459105
7,Ward No - 7,72.61941274194699,23.234423639281417
7,Ward No - 7,72.61429656865515,23.224082325070764
7,Ward No - 7,72.59411399719548,23.243507629563677
7,Ward No - 7,72.60284641272102,23.254811178625648
7,Ward No - 7,72.59646532414818,23.258553192102713
7,Ward No - 7,72.62239406485223,23.21961773729826
7,Ward No - 7,72.62273252326924,23.25760015826409
7,Ward No - 7,72.61932352265269,23.23814853589944
7,Ward No - 7,72.59725901594767,23.248264199014624
7,Ward No - 7,72.59581400188699,23.263519331558353
7,Ward No - 7,72.61009311066539,23.24472841758067
7,Ward No - 7,72.61454936089278,23.240863414957932
7,Ward No - 7,72.61616348154331,23.254338001101996
7,Ward No - 7,72.60670687417168,23.231814780627438
7,Ward No - 7,72.61413133070938,23.208547711541602
7,Ward No - 7,72.58835065944724,23.247716308853807
7,Ward No - 7,72.61521745332438,23.22209175266322
7,Ward No - 7,72.62795363776817,23.266403379285887
7,Ward No - 7,72.60110014304621,23.237764997986183
7,Ward No - 7,72.59700889172944,23.271710283215985
7,Ward No - 7,72.59681378657332,23.239627309292676
7,Ward No - 7,72.61255121950282,23.215981417150957
7,Ward No - 7,72.61211203491928,23.249664970931903
7,Ward No - 7,72.61463400547939,23.210897697979853
7,Ward No - 7,72.61562323985055,23.234590610739062
7,Ward No - 7,72.59921062586997,23.246020318111228
7,Ward No - 7,72.60006482488436,23.233504647703473
7,Ward No - 7,72.6075511445043,23.246220883985735
7,Ward No - 7,72.6092156731963,23.218274280151082
7,Ward No - 7,72.60269573940866,23.26281969132683
7,Ward No - 7,72.59440094564006,23.252153296889976
7,Ward No - 7,72.62320045160874,23.239205620391957
7,Ward No - 7,72.60563641008328,23.266079680814528
7,Ward No - 7,72.6023965322751,23.235129494754425
7,Ward No - 7,72.61873279034585,23.257026072053954
7,Ward No - 7,72.61277293741773,23.229653412201387
7,Ward No - 7,72.58723434535658,23.254746313904608
7,Ward No - 7,72.6102558598826,23.2721846395065
7,Ward No - 7,72.59427293521611,23.254569530332628
7,Ward No - 7,72.59167163953568,23.279222671411308
7,Ward No - 7,72.61457857124098,23.266694542526377
7,Ward No - 7,72.58869800626078,23.246253400190376
7,Ward No - 7,72.61557856263302,23.23061663705049
7,Ward No - 7,72.60655405793241,23.250030900185322
7,Ward No - 7,72.60692412879806,23.223319297517715
7,Ward No - 7,72.59652935145326,23.244025662733428
7,Ward No - 7,72.59690203243886,23.272662421566288
7,Ward No - 7,72.61552426251434,23.250710279218513
7,Ward No - 7,72.60122947112828,23.279460679185682
7,Ward No - 7,72.60180637629566,23.272048382213516
7,Ward No - 7,72.61727042582622,23.213445668855663
7,Ward No - 7,72.60855213772005,23.223594952938697
7,Ward No - 7,72.60150271733029,23.252794984732475
7,Ward No - 7,72.60766830903327,23.230219309677143
7,Ward No - 7,72.61681742768118,23.264089063570232
7,Ward No - 7,72.60346942213215,23.265092554334633
7,Ward No - 7,72.62001113415299,23.255631225166784
7,Ward No - 7,72.60998279778258,23.24799240344318
7,Ward No - 7,72.61724483105448,23.23674212123551
7,Ward No - 7,72.58722743402268,23.248161918547716
7,Ward No - 7,72.6149069478565,23.260018937076264
7,Ward No - 7,72.59194122981515,23.2594945784693
7,Ward No - 7,72.60709283584902,23.23357203283609
7,Ward No - 7,72.62175368591359,23.249134667559588
7,Ward No - 7,72.59420097498686,23.242568385092852
7,Ward No - 7,72.60747731381568,23.225773467540648
7,Ward No - 7,72.60528260196405,23.241748905179715
7,Ward No - 7,72.5909943337895,23.25054582014793
7,Ward No - 7,72.60886304410433,23.241242951065214
7,Ward No - 7,72.60533936080505,23.238320142462587
7,Ward No - 7,72.61982439225531,23.255728445853993
7,Ward No - 7,72.60683577006284,23.250857025888255
7,Ward No - 7,72.60792966593368,23.257779324713166
7,Ward No - 7,72.61022755269012,23.222349496156927
7,Ward No - 7,72.59102120782805,23.27102269444582
7,Ward No - 7,72.59835416776579,23.269623356872497
7,Ward No - 7,72.61460788233711,23.239722816110554
7,Ward No - 7,72.61690966839136,23.25244494108083
7,Ward No - 7,72.59347487839696,23.27602739036378
7,Ward No - 7,72.60165056521184,23.27478734953684
7,Ward No - 7,72.6251522309627,23.27399131658476
7,Ward No - 7,72.604202009886,23.26589176289782
7,Ward No - 7,72.61343840651058,23.263005881990164
7,Ward No - 7,72.5945580155479,23.26392455704316
7,Ward No - 7,72.62324937712752,23.250072265600554
7,Ward No - 7,72.60067006656764,23.254279293790827
7,Ward No - 7,72.60184998885006,23.24171958250304
7,Ward No - 7,72.62218332801561,23.25232136189137
7,Ward No - 7,72.6123364715703,23.254664408047386
7,Ward No - 7,72.62046138708655,23.232861334884618
7,Ward No - 7,72.60625944311661,23.22622948585536
7,Ward No - 7,72.60255212532539,23.25661376379019
7,Ward No - 7,72.60246082917132,23.237616595012604
7,Ward No - 7,72.60538385320376,23.23228844049044
7,Ward No - 7,72.59024365366719,23.256298107191334
7,Ward No - 7,72.6068431641672,23.233517241137818
7,Ward No - 7,72.62234582653741,23.264801278680682
7,Ward No - 7,72.60306482934361,23.267392913903016
7,Ward No - 7,72.6190013306551,23.258782745405973
7,Ward No - 7,72.62034079210417,23.265285211373033
7,Ward No - 7,72.61763641715136,23.222531852492608
7,Ward No - 7,72.62930987232514,23.26563201186719
7,Ward No - 7,72.61723843015821,23.257613031412706
7,Ward No - 7,72.61430307607462,23.239233543482165
7,Ward No - 7,72.6033447583327,23.270803683939846
7,Ward No - 7,72.61661699625662,23.212606403065386
7,Ward No - 7,72.59287577594637,23.277166758202043
7,Ward No - 7,72.60637452938447,23.26805642954048
8,Ward No - 8,72.61863823334755,23.195485410782435
8,Ward No - 8,72.62453151372418,23.151982120601836
8,Ward No - 8,72.61473001351095,23.169524197369032
8,Ward No - 8,72.60906053198013,23.17163971689599
8,Ward No - 8,72.60368252449555,23.1640529562789
8,Ward No - 8,72.62030288345676,23.13890844148555
8,Ward No - 8,72.62003652313277,23.15306419991879
8,Ward No - 8,72.60686928822462,23.148238875490247
8,Ward No - 8,72.61432621285046,23.199683628026225
8,Ward No - 8,72.60556178706277,23.149728661214656
8,Ward No - 8,72.60452400534714,23.151963301786292
8,Ward No - 8,72.62204923855158,23.176662341221093
8,Ward No - 8,72.59640772417337,23.166499108467814
8,Ward No - 8,72.60689524283553,23.17850584809877
8,Ward No - 8,72.60567918291942,23.17439989652981
8,Ward No - 8,72.61898421868301,23.172989147882728
8,Ward No - 8,72.62224232684558,23.14341130627556
8,Ward No - 8,72.61364696897891,23.17463698672616
8,Ward No - 8,72.6229428379122,23.15071161850513
8,Ward No - 8,72.5977568199656,23.1923216586437
8,Ward No - 8,72.62019130956443,23.145074918723875
8,Ward No - 8,72.62509496605644,23.147784678421196
8,Ward No - 8,72.61280554811732,23.143833013851765
8,Ward No - 8,72.61785773234158,23.140858714941526
8,Ward No - 8,72.62008421448196,23.1466281649172
8,Ward No - 8,72.59914387163774,23.175109197463286
8,Ward No - 8,72.6053720498778,23.16762449688932
8,Ward No - 8,72.6289746063165,23.21585752066373
8,Ward No - 8,72.59732530109589,23.170614079743817
8,Ward No - 8,72.61058031232986,23.16417807422312
8,Ward No - 8,72.60950007293617,23.157332289988314
8,Ward No - 8,72.60886977235904,23.194755639588834
8,Ward No - 8,72.60342441552321,23.152797142003696
8,Ward No - 8,72.61282473215776,23.165911717862
8,Ward No - 8,72.60304961185173,23.188855380187643
8,Ward No - 8,72.61634732229533,23.18825628397822
8,Ward No - 8,72.61423287762149,23.160906399668228
8,Ward No - 8,72.61955447465513,23.17544842853835
8,Ward No - 8,72.60536599303227,23.1508479996457
8,Ward No - 8,72.60326552054978,23.164687424569706
8,Ward No - 8,72.61952983739569,23.148480069807185
8,Ward No - 8,72.6191716557445,23.149088584397617
8,Ward No - 8,72.60429356950053,23.146616764520903
8,Ward No - 8,72.62076324596451,23.169249343999528
8,Ward No - 8,72.61503007179547,23.161310081291354
8,Ward No - 8,72.6115290429923,23.18947638605348
8,Ward No - 8,72.61508228217366,23.191232073085626
8,Ward No - 8,72.61528703070347,23.177231896265273
8,Ward No - 8,72.61339291440184,23.141244812893497
8,Ward No - 8,72.62956952275552,23.215665956475497
8,Ward No - 8,72.61411864764185,23.1844310244059
8,Ward No - 8,72.608857756143,23.19789114605318
8,Ward No - 8,72.61761681597147,23.155327176008083
8,Ward No - 8,72.61666406296752,23.141371412451477
8,Ward No - 8,72.60946641503854,23.162823942475086
8,Ward No - 8,72.61825921766764,23.18955142652569
8,Ward No - 8,72.62238288253907,23.20315966312037
8,Ward No - 8,72.60850919614326,23.15117232810953
8,Ward No - 8,72.60848531842599,23.14158248659698
8,Ward No - 8,72.61742161561118,23.15538961679071
8,Ward No - 8,72.6155498003457,23.142477116723864
8,Ward No - 8,72.6090989932677,23.15143325183002
8,Ward No - 8,72.61600846825864,23.16711478127457
8,Ward No - 8,72.60264550075344,23.153215608072582
8,Ward No - 8,72.61324739293144,23.146783080105145
8,Ward No - 8,72.61894605641349,23.20876952461422
8,Ward No - 8,72.60587277861072,23.183776507960143
8,Ward No - 8,72.62390841001333,23.21404418782741
8,Ward No - 8,72.61401163443816,23.1446221448926
8,Ward No - 8,72.623030074541,23.160999111290558
8,Ward No - 8,72.62765843068242,23.140045338233044
8,Ward No - 8,72.62631279920812,23.143884841284958
8,Ward No - 8,72.61359883195037,23.171896027050387
8,Ward No - 8,72.62403837263932,23.18389567267782
8,Ward No - 8,72.62364547541091,23.14098443510431
8,Ward No - 8,72.62528525948456,23.213119443689124
8,Ward No - 8,72.61865155628526,23.16377416547533
8,Ward No - 8,72.61698042629519,23.19427131928962
8,Ward No - 8,72.62170707900297,23.191826733340722
8,Ward No - 8,72.62472349633875,23.214476999846518
8,Ward No - 8,72.6199588373868,23.141274426042244
8,Ward No - 8,72.63272703604842,23.220697430860945
8,Ward No - 8,72.59149873508791,23.169062573637344
8,Ward No - 8,72.61066457622037,23.171785201881253
8,Ward No - 8,72.60572777592004,23.189705294747824
8,Ward No - 8,72.62532364128728,23.212614662457398
8,Ward No - 8,72.60061295228105,23.181824106141725
8,Ward No - 8,72.62118723222568,23.183762446293116
8,Ward No - 8,72.62189963907524,23.14303835640298
8,Ward No - 8,72.61905315202584,23.17027174666222
8,Ward No - 8,72.60818437173162,23.188728787414885
8,Ward No - 8,72.62350780001255,23.18511933522177
8,Ward No - 8,72.61237993657865,23.199467389341393
8,Ward No - 8,72.62107393563731,23.20859857707571
8,Ward No - 8,72.61260113471896,23.141897044076345
8,Ward No - 8,72.61991234516952,23.198552867529436
8,Ward No - 8,72.61303767233257,23.20537249822353
8,Ward No - 8,72.60315461331298,23.15312622902954
8,Ward No - 8,72.60538828089626,23.17149903189706
8,Ward No - 8,72.62066110238194,23.209937905951275
8,Ward No - 8,72.62176650659296,23.15066176146165
8,Ward No - 8,72.60607330802988,23.14928705853969
8,Ward No - 8,72.620253646681,23.157210009259384
8,Ward No - 8,72.61311553032228,23.205198682779685
8,Ward No - 8,72.61955526724846,23.16164134833561
8,Ward No - 8,72.61418094858313,23.143812534909337
8,Ward No - 8,72.6108137244485,23.152820119190288
8,Ward No - 8,72.60655010786692,23.16468232582256
8,Ward No - 8,72.60184888194857,23.185388847076926
8,Ward No - 8,72.61559404998894,23.18064980584774
8,Ward No - 8,72.61440137529138,23.157587750055875
8,Ward No - 8,72.61845238653865,23.20013233829948
8,Ward No - 8,72.61964760282058,23.164619888587005
8,Ward No - 8,72.6180584734043,23.160850638536537
8,Ward No - 8,72.61674342729286,23.15087490835714
8,Ward No - 8,72.62139390690065,23.160108859524314
8,Ward No - 8,72.6036550079839,23.155032101534335
8,Ward No - 8,72.60139908688375,23.149254979260775
8,Ward No - 8,72.62715730900254,23.142793943560495
8,Ward No - 8,72.62673623325784,23.137714900796333
8,Ward No - 8,72.61798418245026,23.190342750327687
8,Ward No - 8,72.60280009048404,23.147103860552175
8,Ward No - 8,72.61327585384085,23.15936350640687
8,Ward No - 8,72.6015570955824,23.18778799355839
8,Ward No - 8,72.62291415645232,23.161991702578533
8,Ward No - 8,72.61471301068354,23.150248015646177
8,Ward No - 8,72.62612365924997,23.207444480612345
8,Ward No - 8,72.62869214195122,23.13935874190159
8,Ward No - 8,72.60356101489504,23.1573127423526
8,Ward No - 8,72.60170717088418,23.184087287044267
8,Ward No - 8,72.60048064730748,23.17006206719634
8,Ward No - 8,72.61887689612419,23.209099894287352
8,Ward No - 8,72.62051987278922,23.187764745497198
8,Ward No - 8,72.60616860831108,23.192860186002488
8,Ward No - 8,72.60522444775684,23.175532106131406
8,Ward No - 8,72.6089053061859,23.19189061802621
8,Ward No - 8,72.61402983495499,23.14194918040405
8,Ward No - 8,72.61942770060206,23.16256719126564
8,Ward No - 8,72.61188435580958,23.162703030289258
8,Ward No - 8,72.62059249899959,23.156546360065473
8,Ward No - 8,72.61733975167863,23.205850692201203
8,Ward No - 8,72.62330521922469,23.165752773085096
8,Ward No - 8,72.6120307605613,23.182901750837026
8,Ward No - 8,72.61938517264736,23.167627595091222
8,Ward No - 8,72.59176085520414,23.168671267499736
8,Ward No - 8,72.61517612028791,23.168518175326806
8,Ward No - 8,72.61002244660845,23.145795475887912
8,Ward No - 8,72.61505279562176,23.149111852759102
8,Ward No - 8,72.6245059440273,23.21097248077136
8,Ward No - 8,72.62697479815584,23.212194609176922
8,Ward No - 8,72.60617969786175,23.175553654481817
8,Ward No - 8,72.59960865452388,23.172895113740786
8,Ward No - 8,72.61326170788568,23.169575468700366
8,Ward No - 8,72.60724729934591,23.143784610235944
8,Ward No - 8,72.60164651843127,23.179627131792394
8,Ward No - 8,72.60897704581527,23.183414086358848
8,Ward No - 8,72.62562748242463,23.21358222015228
8,Ward No - 8,72.61797019838873,23.170889328173455
8,Ward No - 8,72.59670686573943,23.170737070150036
8,Ward No - 8,72.61140474449033,23.155270190266453
8,Ward No - 8,72.60264815675713,23.14735010208523
8,Ward No - 8,72.61756006543938,23.16688084952554
8,Ward No - 8,72.61520900635703,23.14265582161643
8,Ward No - 8,72.61162110430803,23.156621828833472
8,Ward No - 8,72.61713615783394,23.188881262639118
8,Ward No - 8,72.61811326442295,23.147626618475687
8,Ward No - 8,72.61433112075196,23.15276078279314
8,Ward No - 8,72.60613952807913,23.1882942439828
8,Ward No - 8,72.59362411976453,23.169080875168383
8,Ward No - 8,72.60697978004606,23.146938932245853
8,Ward No - 8,72.59234561980611,23.167468085860982
8,Ward No - 8,72.62026134751618,23.165466113125543
8,Ward No - 8,72.5928045103162,23.163359615418496
8,Ward No - 8,72.61353208147919,23.145600216104246
8,Ward No - 8,72.62195221839448,23.15855910532871
8,Ward No - 8,72.60443526468978,23.157098556053636
8,Ward No - 8,72.59797514368675,23.174587137683105
8,Ward No - 8,72.61695122996677,23.192693744908254
8,Ward No - 8,72.62408405863226,23.16411149719421
8,Ward No - 8,72.60856421326554,23.143868751677008
8,Ward No - 8,72.62036923980351,23.18489809890426
8,Ward No - 8,72.60496213192087,23.18566525920243
8,Ward No - 8,72.61652648153407,23.175926123177486
8,Ward No - 8,72.6051654301589,23.196964618848796
8,Ward No - 8,72.60722311193248,23.17309344879411
8,Ward No - 8,72.62114090727518,23.1670090858282
8,Ward No - 8,72.60630714742007,23.17333031706133
8,Ward No - 8,72.6217019295809,23.15847821373683
8,Ward No - 8,72.61742872300059,23.189232338681286
8,Ward No - 8,72.62702569975472,23.147314983637596
8,Ward No - 8,72.5918237363015,23.17198837275728
8,Ward No - 8,72.6247441280803,23.1484308998791
8,Ward No - 8,72.61225424675864,23.179290914600305
8,Ward No - 8,72.61459355561644,23.151722485059224
8,Ward No - 8,72.6067710923687,23.188150040900247
8,Ward No - 8,72.6008287306752,23.14902100867539
8,Ward No - 8,72.61346952512721,23.196706039117615
8,Ward No - 8,72.59851989955789,23.173821276650088
8,Ward No - 8,72.60954367024067,23.154368357949505
8,Ward No - 8,72.61487033652118,23.148185623471264
9,Ward No - 9,72.63187290373773,23.154476303444813
9,Ward No - 9,72.63133235533091,23.16732035701496
9,Ward No - 9,72.63058883742283,23.175237420665702
9,Ward No - 9,72.6283521395342,23.151991192248477
9,Ward No - 9,72.62988546120184,23.190465530727487
9,Ward No - 9,72.63478308854943,23.158613749053146
9,Ward No - 9,72.62422000709047,23.153033413226183
9,Ward No - 9,72.63425127998616,23.171665379643652
9,Ward No - 9,72.63007849767047,23.170264100224735
9,Ward No - 9,72.63502455364514,23.15430186461448
9,Ward No - 9,72.6312575567628,23.16302508110804
9,Ward No - 9,72.62170273949316,23.19278128366672
9,Ward No - 9,72.63061205626249,23.2014622172543
9,Ward No - 9,72.63079136271165,23.161467139311288
9,Ward No - 9,72.62518305222932,23.18966943431085
9,Ward No - 9,72.62918870955205,23.152739783047384
9,Ward No - 9,72.6317593779668,23.209900361662513
9,Ward No - 9,72.62795963610341,23.204859410028945
9,Ward No - 9,72.63656093357221,23.207306068220312
9,Ward No - 9,72.62343036920184,23.198717437078233
9,Ward No - 9,72.63845470192008,23.1888888393516
9,Ward No - 9,72.63213501743351,23.15761316609527
9,Ward No - 9,72.63596716411523,23.20212660136472
9,Ward No - 9,72.62829215164182,23.19310482113913
9,Ward No - 9,72.62399080270491,23.20195377486683
9,Ward No - 9,72.63593951218644,23.179909334524638
9,Ward No - 9,72.6323585949812,23.192914845140574
9,Ward No - 9,72.63140377019171,23.186033963288438
9,Ward No - 9,72.62564609364232,23.17165690998174
9,Ward No - 9,72.63383410147685,23.159068743129865
9,Ward No - 9,72.6294902339572,23.163316505286023
9,Ward No - 9,72.63024491262807,23.209191134203778
9,Ward No - 9,72.63186084788421,23.177553888231184
9,Ward No - 9,72.63003454287636,23.168963309012298
9,Ward No - 9,72.62386007449301,23.19338925175607
9,Ward No - 9,72.63998515543433,23.205819524998084
9,Ward No - 9,72.62683329689264,23.188470802673645
9,Ward No - 9,72.63154016608736,23.191768857468645
9,Ward No - 9,72.63774109956718,23.20670596248008
9,Ward No - 9,72.62659972747103,23.179523727377553
9,Ward No - 9,72.62781833301834,23.20822879154325
9,Ward No - 9,72.63183308114513,23.177720253372968
9,Ward No - 9,72.62826535045807,23.188566937603472
9,Ward No - 9,72.63210295458225,23.15548853212159
9,Ward No - 9,72.63014964483465,23.160454468506018
9,Ward No - 9,72.6328476071511,23.192627416834046
9,Ward No - 9,72.62683848855272,23.1603771905321
9,Ward No - 9,72.62710174768416,23.203883728521777
9,Ward No - 9,72.62699684482418,23.177121681984843
9,Ward No - 9,72.63624942739486,23.203641590258282
9,Ward No - 9,72.63519616857097,23.195936445254237
9,Ward No - 9,72.62436043422981,23.20399275078742
9,Ward No - 9,72.62664690427502,23.155445057482186
9,Ward No - 9,72.62354146815477,23.18769933004046
9,Ward No - 9,72.62761032927362,23.15576725110363
9,Ward No - 9,72.63391328211114,23.196317294971593
9,Ward No - 9,72.63292506842949,23.199862182555446
9,Ward No - 9,72.62408711409147,23.16058508158953
9,Ward No - 9,72.62483729917788,23.194065480829515
9,Ward No - 9,72.63498460634376,23.160854203377692
9,Ward No - 9,72.63018149359242,23.208489491329754
9,Ward No - 9,72.63242081995692,23.15733145311744
9,Ward No - 9,72.63053363984635,23.160274592370207
9,Ward No - 9,72.62810998815061,23.18133454672098
9,Ward No - 9,72.63543977223644,23.197864569200124
9,Ward No - 9,72.62304574797618,23.1727256761488
9,Ward No - 9,72.63091174310769,23.155968980171636
9,Ward No - 9,72.62967120801153,23.17574772984819
9,Ward No - 9,72.6338691752001,23.172306926441802
9,Ward No - 9,72.63180944077116,23.16748877205403
9,Ward No - 9,72.63154122126464,23.20616257014471
9,Ward No - 9,72.63920244534496,23.199805374329877
9,Ward No - 9,72.62552792492677,23.15704887930144
9,Ward No - 9,72.63590014459075,23.177498972830307
9,Ward No - 9,72.635757591191,23.196423720062107
9,Ward No - 9,72.62708445471631,23.165573705997826
9,Ward No - 9,72.63145046469707,23.164854196777203
9,Ward No - 9,72.63539098212205,23.19552301218818
9,Ward No - 9,72.63103081667154,23.1940367804838
9,Ward No - 9,72.63188827593783,23.193328489028318
9,Ward No - 9,72.62551361206884,23.19501179735621
9,Ward No - 9,72.63290505861193,23.202560607786832
9,Ward No - 9,72.6260619233219,23.194826217574505
9,Ward No - 9,72.64179248989137,23.203269042368177
9,Ward No - 9,72.62945609736924,23.18647997130011
9,Ward No - 9,72.6260014131915,23.16965839494598
9,Ward No - 9,72.63740245697754,23.17727893405573
9,Ward No - 9,72.64224015848197,23.204711924238687
9,Ward No - 9,72.6261741242114,23.18984068027149
9,Ward No - 9,72.62631835441191,23.19021244500325
9,Ward No - 9,72.63035952239643,23.177719040478415
9,Ward No - 9,72.63342511058816,23.203996295993157
9,Ward No - 9,72.63363721849667,23.18441537523985
9,Ward No - 9,72.62449539055858,23.195871484415242
9,Ward No - 9,72.63682801065346,23.18933400864491
9,Ward No - 9,72.62519285583272,23.166825255215084
9,Ward No - 9,72.63194374501263,23.152543149516653
9,Ward No - 9,72.63050935047687,23.15824887379152
9,Ward No - 9,72.62323537740974,23.185174464717687
9,Ward No - 9,72.63178149879288,23.195272579427836
9,Ward No - 9,72.62626987070684,23.201943199579
9,Ward No - 9,72.62406122370886,23.171817518538106
9,Ward No - 9,72.63059469038424,23.16998650820081
9,Ward No - 9,72.6302746923533,23.19186754906583
9,Ward No - 9,72.63333596265474,23.179642612802013
9,Ward No - 9,72.63425843314899,23.205349600444535
9,Ward No - 9,72.63610593897835,23.18163656471521
9,Ward No - 9,72.63489727073792,23.186427248099157
9,Ward No - 9,72.6301617653115,23.18761786583175
9,Ward No - 9,72.63039508728784,23.196228444586808
9,Ward No - 9,72.63118667243235,23.163801320771814
9,Ward No - 9,72.62616530538065,23.19203891426507
9,Ward No - 9,72.63019927775443,23.199192728129564
9,Ward No - 9,72.62594760017406,23.164454499501808
9,Ward No - 9,72.62257443101255,23.172664095373815
9,Ward No - 9,72.62655705905388,23.15748570467452
9,Ward No - 9,72.6318673084327,23.154358635710885
9,Ward No - 9,72.62968846474669,23.202323247775478
9,Ward No - 9,72.62595840599978,23.16442788012206
9,Ward No - 9,72.6348219559499,23.18491189320973
9,Ward No - 9,72.62499155390525,23.192490731841737
9,Ward No - 9,72.62321535018003,23.19265298669893
9,Ward No - 9,72.62509213916923,23.169098395256004
9,Ward No - 9,72.63451865868568,23.15360281711439
9,Ward No - 9,72.63543911584009,23.181157894109027
9,Ward No - 9,72.63212235205361,23.171553891317217
9,Ward No - 9,72.63388332665184,23.209267554166807
9,Ward No - 9,72.62791361454937,23.204389653096793
9,Ward No - 9,72.62352212674283,23.20218945554267
9,Ward No - 9,72.62618594930143,23.193507214840096
9,Ward No - 9,72.62478375694934,23.20187721267788
9,Ward No - 9,72.62869659931178,23.167908947301907
9,Ward No - 9,72.63187886617474,23.175324069464814
9,Ward No - 9,72.63021911992817,23.204919202652295
9,Ward No - 9,72.63523995424505,23.204660547403886
9,Ward No - 9,72.63374949057004,23.200562557415935
9,Ward No - 9,72.62546276048059,23.169991371331236
9,Ward No - 9,72.64152822122229,23.204548031792065
9,Ward No - 9,72.63294931741527,23.17794269552766
9,Ward No - 9,72.63056251201877,23.15093474041405
9,Ward No - 9,72.64041716493472,23.20015197538204
9,Ward No - 9,72.63067826766127,23.16523599462814
9,Ward No - 9,72.62814754357318,23.155106884779887
9,Ward No - 9,72.63660786909746,23.183204403663076
9,Ward No - 9,72.62571760481292,23.18750389422899
9,Ward No - 9,72.63072815093474,23.179152806331984
9,Ward No - 9,72.62421462558993,23.181578240539235
9,Ward No - 9,72.6340217220253,23.15732248737099
9,Ward No - 9,72.62394502280604,23.202627823117556
9,Ward No - 9,72.62744339309906,23.187978840058953
9,Ward No - 9,72.63448610237788,23.201514456650333
9,Ward No - 9,72.63701215978323,23.201605556636103
9,Ward No - 9,72.6344513051199,23.176255507860255
9,Ward No - 9,72.62927849061258,23.171690818792467
9,Ward No - 9,72.6298328797151,23.155505405131393
9,Ward No - 9,72.62995715487418,23.172365866889056
9,Ward No - 9,72.63728040104924,23.184583370251136
9,Ward No - 9,72.63956205672152,23.198720723640527
9,Ward No - 9,72.63385630982877,23.170594991298863
9,Ward No - 9,72.63413142087578,23.181207829177115
9,Ward No - 9,72.63066067472275,23.191970617391775
9,Ward No - 9,72.63784950994932,23.20610369970758
9,Ward No - 9,72.63027822738906,23.152405652543795
9,Ward No - 9,72.63832595301619,23.204495877183238
9,Ward No - 9,72.62972719346303,23.162897195584097
9,Ward No - 9,72.62757427557891,23.188792577178848
9,Ward No - 9,72.63086663126393,23.210454983128905
9,Ward No - 9,72.6320211836401,23.17208892407269
9,Ward No - 9,72.62930901685105,23.18263858255235
9,Ward No - 9,72.62841531786604,23.193978890875062
9,Ward No - 9,72.62899034731366,23.172022318342588
9,Ward No - 9,72.63426726765914,23.15106807672876
9,Ward No - 9,72.63512434832843,23.17985366701824
9,Ward No - 9,72.63060625121852,23.193742085301967
9,Ward No - 9,72.63742217289393,23.20197398792314
9,Ward No - 9,72.62885949507687,23.168320998603484
9,Ward No - 9,72.6364415598065,23.18483350656246
9,Ward No - 9,72.63459839048714,23.18313006515181
9,Ward No - 9,72.63289927818468,23.157371567866218
9,Ward No - 9,72.6295840924164,23.19016051138543
9,Ward No - 9,72.63150048588707,23.17172722941746
9,Ward No - 9,72.6322422856869,23.208701193288785
9,Ward No - 9,72.62996624155366,23.198202588471805
9,Ward No - 9,72.62424006057438,23.16564772656597
9,Ward No - 9,72.62803957519455,23.153983018872445
9,Ward No - 9,72.63169550249116,23.159585510712894
9,Ward No - 9,72.6346516339871,23.159445008327893
9,Ward No - 9,72.63518878038933,23.20781957610486
9,Ward No - 9,72.63142938977498,23.149289291659922
9,Ward No - 9,72.63331594324998,23.18331193223927
9,Ward No - 9,72.63433420170495,23.195390838290248
9,Ward No - 9,72.63151945557244,23.187205546170492
9,Ward No - 9,72.62943823131619,23.157645396630667
9,Ward No - 9,72.63391544852045,23.152294344826995
9,Ward No - 9,72.62544023956076,23.174186840701594
9,Ward No - 9,72.63632738154047,23.173553638882776
9,Ward No - 9,72.62360527153731,23.168961955442818
9,Ward No - 9,72.62570126507028,23.168388439512903
9,Ward No - 9,72.62529150073117,23.15440588989095
9,Ward No - 9,72.62534524438601,23.205830179309668
10,Ward No - 10,72.65470676943366,23.166803677409472
10,Ward No - 10,72.65016276587104,23.16644216416524
10,Ward No - 10,72.63955037199143,23.17884181853113
10,Ward No - 10,72.66220542838614,23.146475135740374
10,Ward No - 10,72.64814892693657,23.203798675502828
10,Ward No - 10,72.64954496054003,23.159344885684227
10,Ward No - 10,72.65941882665203,23.16409640640264
10,Ward No - 10,72.63593631116512,23.1477308720105
10,Ward No - 10,72.64625589505053,23.18107736632294
10,Ward No - 10,72.66310429800123,23.16371522546658
10,Ward No - 10,72.65215751188626,23.205062228037004
10,Ward No - 10,72.6492705351612,23.17955742378078
10,Ward No - 10,72.64494090189137,23.151463847745568
10,Ward No - 10,72.64126076420123,23.212922033670143
10,Ward No - 10,72.64030528919821,23.197285325272702
10,Ward No - 10,72.64738886317684,23.201488763529433
10,Ward No - 10,72.64265041679593,23.182974567803637
10,Ward No - 10,72.64649148791061,23.212672848791158
10,Ward No - 10,72.64609225834288,23.152015543949144
10,Ward No - 10,72.65711256706454,23.17023427801668
10,Ward No - 10,72.6551783270732,23.151807962012427
10,Ward No - 10,72.64067070311172,23.21615438584984
10,Ward No - 10,72.66937372364454,23.153756573848423
10,Ward No - 10,72.64195798573671,23.20087294628145
10,Ward No - 10,72.64408803143527,23.18952154070565
10,Ward No - 10,72.64733428160692,23.13974016370405
10,Ward No - 10,72.64511268883889,23.177405721417458
10,Ward No - 10,72.65828248656526,23.158247756834218
10,Ward No - 10,72.63872154677276,23.147729702333528
10,Ward No - 10,72.66131734290933,23.15380936860107
10,Ward No - 10,72.64735321279667,23.164428295809767
10,Ward No - 10,72.65378140540055,23.16160776789816
10,Ward No - 10,72.64671204801733,23.172994831086427
10,Ward No - 10,72.67118131386115,23.149092251556375
10,Ward No - 10,72.65749561434764,23.171114635908385
10,Ward No - 10,72.6419044229679,23.14259725426672
10,Ward No - 10,72.647094742929,23.204492142489386
10,Ward No - 10,72.66157659039085,23.15543451417804
10,Ward No - 10,72.64342195623124,23.181303270586582
10,Ward No - 10,72.63398712163783,23.21654053748086
10,Ward No - 10,72.66807926466281,23.154700476826825
10,Ward No - 10,72.66560860154557,23.159943517019226
10,Ward No - 10,72.63727623003541,23.164621117932192
10,Ward No - 10,72.6522675406028,23.18493825843204
10,Ward No - 10,72.66211902266421,23.15927558452155
10,Ward No - 10,72.65221916386598,23.165225930969733
10,Ward No - 10,72.64522254219195,23.158665798013892
10,Ward No - 10,72.64176271721122,23.141186349686233
10,Ward No - 10,72.64512307953824,23.149669003491365
10,Ward No - 10,72.63972362298206,23.191395398252055
10,Ward No - 10,72.64410171111304,23.175432423076227
10,Ward No - 10,72.64371440185103,23.193456347084798
10,Ward No - 10,72.66388679876736,23.150404232410377
10,Ward No - 10,72.66660137715348,23.145330839999144
10,Ward No - 10,72.6452141422491,23.20065404840459
10,Ward No - 10,72.63787662598837,23.15116803571178
10,Ward No - 10,72.65761253763054,23.174642662220364
10,Ward No - 10,72.65682820035889,23.203485859976627
10,Ward No - 10,72.66421582922894,23.15375997525309
10,Ward No - 10,72.65346725090455,23.182585771838294
10,Ward No - 10,72.63398245787351,23.21796072779835
10,Ward No - 10,72.64117723417183,23.173577522817173
10,Ward No - 10,72.6628110393087,23.166995140990647
10,Ward No - 10,72.6412643568598,23.164357042927218
10,Ward No - 10,72.65461548613074,23.159885437120842
10,Ward No - 10,72.65598208239032,23.178233119230207
10,Ward No - 10,72.63474448821545,23.210587805206828
10,Ward No - 10,72.64697090943991,23.165926634830083
10,Ward No - 10,72.65862395227225,23.170758299980196
10,Ward No - 10,72.65399474627108,23.20257875817266
10,Ward No - 10,72.66910042094369,23.143129390614938
10,Ward No - 10,72.64199577075428,23.153664901537237
10,Ward No - 10,72.63891891722695,23.153870938615817
10,Ward No - 10,72.65447252398184,23.148700668719474
10,Ward No - 10,72.6612726812433,23.146174190154344
10,Ward No - 10,72.64339253796118,23.155849510220524
10,Ward No - 10,72.63806163624476,23.168403213868576
10,Ward No - 10,72.6523787198061,23.207493136230607
10,Ward No - 10,72.656743844773,23.161459194904968
10,Ward No - 10,72.67230374396628,23.15377283438697
10,Ward No - 10,72.65502601202475,23.179989008846828
10,Ward No - 10,72.64426487458874,23.18949769518826
10,Ward No - 10,72.66425225210287,23.144585635907433
10,Ward No - 10,72.63612855483035,23.148460893172675
10,Ward No - 10,72.66820445876634,23.147136902028866
10,Ward No - 10,72.65700629325923,23.15296860676143
10,Ward No - 10,72.64667397094722,23.159573486805865
10,Ward No - 10,72.66978620335465,23.149430548181204
10,Ward No - 10,72.66266623519431,23.144036696857317
10,Ward No - 10,72.65485087809154,23.174903376391686
10,Ward No - 10,72.6475993146961,23.160644477282275
10,Ward No - 10,72.64381363502949,23.151751296727376
10,Ward No - 10,72.65120058937454,23.16452987178874
10,Ward No - 10,72.6648569787584,23.166370035143554
10,Ward No - 10,72.64207753073444,23.172745257729876
10,Ward No - 10,72.63880302920187,23.21073049552994
10,Ward No - 10,72.64771094231209,23.21206143895883
10,Ward No - 10,72.63481838260445,23.21207675964877
10,Ward No - 10,72.65562850321085,23.161059010011616
10,Ward No - 10,72.64394861098792,23.18188211238136
10,Ward No - 10,72.6452402254076,23.176912022333077
10,Ward No - 10,72.64145140669716,23.148242216330615
10,Ward No - 10,72.6527250028887,23.169269213154408
10,Ward No - 10,72.66373845106854,23.149166559941296
10,Ward No - 10,72.64204426474822,23.191730111633696
10,Ward No - 10,72.65222839103548,23.201174237326367
10,Ward No - 10,72.63743121554816,23.14504873773533
10,Ward No - 10,72.64315263133618,23.20698417190659
10,Ward No - 10,72.65509748637669,23.205532736969847
10,Ward No - 10,72.65570618721256,23.149549794014998
10,Ward No - 10,72.63216245775325,23.21665055520445
10,Ward No - 10,72.64955548431571,23.166473517869495
10,Ward No - 10,72.64606770177004,23.16882348019227
10,Ward No - 10,72.65575861219253,23.1481143267665
10,Ward No - 10,72.64775444376299,23.16390081820956
10,Ward No - 10,72.65515351945373,23.158554573349928
10,Ward No - 10,72.64431137000663,23.18010692660191
10,Ward No - 10,72.6577533756612,23.154973419447515
10,Ward No - 10,72.63852942196964,23.21006852641516
10,Ward No - 10,72.65134598573762,23.145466678153394
10,Ward No - 10,72.64237652690535,23.178538959016876
10,Ward No - 10,72.66576243679123,23.15292686352596
10,Ward No - 10,72.66409339715668,23.148583170906733
10,Ward No - 10,72.63941525594812,23.213270198614854
10,Ward No - 10,72.66401567680803,23.150226214675723
10,Ward No - 10,72.66041815677009,23.16803694457343
10,Ward No - 10,72.65190833069897,23.177938816664305
10,Ward No - 10,72.64022750591386,23.16346685532189
10,Ward No - 10,72.65238127027149,23.18482662274124
10,Ward No - 10,72.63011480694283,23.212432314804712
10,Ward No - 10,72.6388656775322,23.15238665653193
10,Ward No - 10,72.64592576987371,23.175598882713473
10,Ward No - 10,72.64762359184012,23.180604468477892
10,Ward No - 10,72.65228249494552,23.160193173175333
10,Ward No - 10,72.64292055504507,23.202854882843113
10,Ward No - 10,72.64145167571785,23.139100567861167
10,Ward No - 10,72.66643887431752,23.146426432719757
10,Ward No - 10,72.64486033923474,23.179024612018488
10,Ward No - 10,72.63763283889638,23.174187413083384
10,Ward No - 10,72.6463869528816,23.139112508979743
10,Ward No - 10,72.65137731346398,23.151284772509992
10,Ward No - 10,72.63768818889686,23.15652333091769
10,Ward No - 10,72.64740440587924,23.151739093089848
10,Ward No - 10,72.64782295628963,23.141250276012386
10,Ward No - 10,72.65365564521088,23.205520563486655
10,Ward No - 10,72.65582777946045,23.16273734186931
10,Ward No - 10,72.64315835113038,23.155774855105474
10,Ward No - 10,72.64319896658756,23.16407825228327
10,Ward No - 10,72.64302963341198,23.210583933609517
10,Ward No - 10,72.64116142746468,23.207529272635092
10,Ward No - 10,72.65601205339375,23.1686958960498
10,Ward No - 10,72.64681165755418,23.212391995597724
10,Ward No - 10,72.64320595631098,23.195683745693174
10,Ward No - 10,72.65391230785326,23.184945098562547
10,Ward No - 10,72.66726076969775,23.142874770875263
10,Ward No - 10,72.64437832999167,23.211633930039422
10,Ward No - 10,72.64842326440743,23.20438649768094
10,Ward No - 10,72.64293003898031,23.194122748648496
10,Ward No - 10,72.64424011521284,23.198841683960698
10,Ward No - 10,72.64913059809828,23.142051137497123
10,Ward No - 10,72.65692350931796,23.168327640735857
10,Ward No - 10,72.66302668991555,23.158481108815398
10,Ward No - 10,72.66932709296971,23.155881048254752
10,Ward No - 10,72.67796616584364,23.151863825430336
10,Ward No - 10,72.65167278063296,23.18120173774155
10,Ward No - 10,72.6508544015883,23.207843686204207
10,Ward No - 10,72.64695812068291,23.1679706869938
10,Ward No - 10,72.64867985047947,23.1560750482345
10,Ward No - 10,72.6405986259003,23.185794986387528
10,Ward No - 10,72.64413401816057,23.20614972174903
10,Ward No - 10,72.6496369028693,23.179619821601204
10,Ward No - 10,72.65000810492869,23.201939185708305
10,Ward No - 10,72.649564996356,23.156983155694636
10,Ward No - 10,72.64192175740244,23.141229003589853
10,Ward No - 10,72.65528232899445,23.206201741155645
10,Ward No - 10,72.63802904312804,23.208898220552733
10,Ward No - 10,72.65829893912239,23.150057825399088
10,Ward No - 10,72.64496798383296,23.157409443019386
10,Ward No - 10,72.65366483717486,23.175349553186006
10,Ward No - 10,72.67118720838401,23.159583898260312
10,Ward No - 10,72.64564433398328,23.184248080701355
10,Ward No - 10,72.64096933511428,23.160741457362374
10,Ward No - 10,72.63261153479168,23.216270369189047
10,Ward No - 10,72.63824796385629,23.209738115527088
10,Ward No - 10,72.66649378085937,23.161853236305763
10,Ward No - 10,72.65352567396648,23.155926028637165
10,Ward No - 10,72.65531649250401,23.157253482910676
10,Ward No - 10,72.63706191698292,23.171593725784398
10,Ward No - 10,72.6403927459188,23.209933100394863
10,Ward No - 10,72.64723438756607,23.159908065275175
10,Ward No - 10,72.64596038214611,23.177463232755784
10,Ward No - 10,72.66338649430237,23.158216438403752
10,Ward No - 10,72.65599255161807,23.163815840506814
10,Ward No - 10,72.6441231508174,23.158413370915785
10,Ward No - 10,72.6678462932691,23.149607205490486
10,Ward No - 10,72.66855268763317,23.15284436861518
10,Ward No - 10,72.65847916706564,23.16540046946337
10,Ward No - 10,72.64127173411671,23.19692884117039
10,Ward No - 10,72.66539158358447,23.164545266228416
10,Ward No - 10,72.67215972664172,23.159717058017144
11,Ward No - 11,72.54836795283161,23.13417997020959
11,Ward No - 11,72.56417323639775,23.14207678373207
11,Ward No - 11,72.56921108459089,23.148870133782285
11,Ward No - 11,72.63241093698522,23.14498175978285
11,Ward No - 11,72.6220379733223,23.12380296920405
11,Ward No - 11,72.6176591879774,23.138706999182627
11,Ward No - 11,72.58251828978771,23.13846127248212
11,Ward No - 11,72.64513473632277,23.111647456726065
11,Ward No - 11,72.57985266688709,23.135996154245184
11,Ward No - 11,72.64473708026917,23.10266865589514
11,Ward No - 11,72.63712196614814,23.09222537934655
11,Ward No - 11,72.64201376449094,23.12105647107264
11,Ward No - 11,72.629370311953,23.132349522789372
11,Ward No - 11,72.63284176176323,23.103141035304958
11,Ward No - 11,72.54127697261572,23.141287048647698
11,Ward No - 11,72.57300061904772,23.130926356180286
11,Ward No - 11,72.6156723759224,23.127591739800657
11,Ward No - 11,72.64233485085819,23.119964408782366
11,Ward No - 11,72.61212244150724,23.135255987437667
11,Ward No - 11,72.63732747240468,23.092804986445785
11,Ward No - 11,72.63198522640137,23.14014143416244
11,Ward No - 11,72.55217317994389,23.160259200707255
11,Ward No - 11,72.55826769050667,23.150556637308824
11,Ward No - 11,72.61012960226235,23.099797293997412
11,Ward No - 11,72.63910924357317,23.1222679883778
11,Ward No - 11,72.62443147470957,23.103769108023336
11,Ward No - 11,72.55098945974008,23.15436545938651
11,Ward No - 11,72.63224712264922,23.13326549152029
11,Ward No - 11,72.614473193019,23.115954957672848
11,Ward No - 11,72.57680878034284,23.136145440205446
11,Ward No - 11,72.64393498490135,23.119911007321313
11,Ward No - 11,72.54985300579516,23.152313005199847
11,Ward No - 11,72.63226685306473,23.123320074886383
11,Ward No - 11,72.64216468600392,23.10432901180336
11,Ward No - 11,72.6426848470932,23.133322765705344
11,Ward No - 11,72.6430588853024,23.100299627256614
11,Ward No - 11,72.554438933704,23.16326717951091
11,Ward No - 11,72.5544726426326,23.15090290397772
11,Ward No - 11,72.6430819370721,23.10155241285249
11,Ward No - 11,72.54561693992207,23.153983651330165
11,Ward No - 11,72.61690242358634,23.090327568909245
11,Ward No - 11,72.6061946951119,23.13435783428883
11,Ward No - 11,72.5545756011914,23.16000183526209
11,Ward No - 11,72.58173669082517,23.13256548437853
11,Ward No - 11,72.61813495655079,23.103263596686286
11,Ward No - 11,72.64359013220985,23.115553762203827
11,Ward No - 11,72.56890093539363,23.12038662927493
11,Ward No - 11,72.62459210052496,23.11305370714382
11,Ward No - 11,72.60662665147996,23.132933928675637
11,Ward No - 11,72.63075230184606,23.095417680321283
11,Ward No - 11,72.6356523752737,23.104743730841044
11,Ward No - 11,72.583396562743,23.130597373710813
11,Ward No - 11,72.58229398014772,23.139694973114437
11,Ward No - 11,72.54898281349568,23.156613345903576
11,Ward No - 11,72.60887883460812,23.132024542132065
11,Ward No - 11,72.56849323381091,23.14606170879435
11,Ward No - 11,72.55317124076258,23.158999470582636
11,Ward No - 11,72.63919921670917,23.12801040070144
11,Ward No - 11,72.56898131738666,23.133663322414883
11,Ward No - 11,72.61348455756386,23.13473550791775
11,Ward No - 11,72.63353766507241,23.132201380496554
11,Ward No - 11,72.61678425719481,23.100777421969
11,Ward No - 11,72.64137216747898,23.134790670569235
11,Ward No - 11,72.63808994006878,23.096755390656785
11,Ward No - 11,72.64153739018555,23.12807924533823
11,Ward No - 11,72.61355258690408,23.116830390254197
11,Ward No - 11,72.64354945083248,23.10115033871889
11,Ward No - 11,72.6156645961406,23.103654866181156
11,Ward No - 11,72.62427149181319,23.107400517529378
11,Ward No - 11,72.62347001062557,23.131698188393806
11,Ward No - 11,72.64248693872523,23.10320500384849
11,Ward No - 11,72.62039064576479,23.115028827904982
11,Ward No - 11,72.64157061331655,23.112899062051834
11,Ward No - 11,72.59221613572927,23.133670909399346
11,Ward No - 11,72.61570095921266,23.120054717778874
11,Ward No - 11,72.61751343104424,23.118377215476126
11,Ward No - 11,72.62269243604511,23.097459171500773
11,Ward No - 11,72.61609330385203,23.13933733891448
11,Ward No - 11,72.63819549884637,23.11249560180878
11,Ward No - 11,72.54766047116584,23.16007056514909
11,Ward No - 11,72.6351711063885,23.104701491751054
11,Ward No - 11,72.61692277855481,23.13174579109077
11,Ward No - 11,72.62802967785868,23.124685858807222
11,Ward No - 11,72.56392368142546,23.140681969912773
11,Ward No - 11,72.63093580011086,23.096701851603363
11,Ward No - 11,72.61392471518032,23.115448349325217
11,Ward No - 11,72.63136478080087,23.12736145863251
11,Ward No - 11,72.62870854863858,23.103587448095183
11,Ward No - 11,72.61423293204155,23.09716017598204
11,Ward No - 11,72.63828653079926,23.100611956424522
11,Ward No - 11,72.55946856133718,23.157196893818742
11,Ward No - 11,72.55378761670555,23.14618605393082
11,Ward No - 11,72.58670927292123,23.130273128777787
11,Ward No - 11,72.60998646510724,23.132389935935052
11,Ward No - 11,72.59485071921168,23.1316183779109
11,Ward No - 11,72.58752039948747,23.131586545088773
11,Ward No - 11,72.61362387898646,23.121575162361424
11,Ward No - 11,72.56133874100178,23.142794518654533
11,Ward No - 11,72.63661092362065,23.140382395236415
11,Ward No - 11,72.61543988736975,23.126559231523636
11,Ward No - 11,72.55043118984246,23.151594875945918
11,Ward No - 11,72.57807846524699,23.130480967110152
11,Ward No - 11,72.62679695271088,23.10621518388104
11,Ward No - 11,72.63683537995982,23.137651048606266
11,Ward No - 11,72.64285949828138,23.101490066893376
11,Ward No - 11,72.62397616970782,23.111855902588356
11,Ward No - 11,72.55278407700486,23.148884481826315
11,Ward No - 11,72.64333542053491,23.095280979641462
11,Ward No - 11,72.6121699076405,23.130477818628517
11,Ward No - 11,72.64086660297986,23.13843360571737
11,Ward No - 11,72.61189985077716,23.126827861021955
11,Ward No - 11,72.62718288166629,23.122671172546813
11,Ward No - 11,72.57128614089802,23.150294758618447
11,Ward No - 11,72.63081727649731,23.130418262503188
11,Ward No - 11,72.55813213139277,23.158214897055398
11,Ward No - 11,72.54275075485619,23.147766963796755
11,Ward No - 11,72.57212820501833,23.128749189314423
11,Ward No - 11,72.58367038434218,23.13130303115204
11,Ward No - 11,72.64189833781306,23.10077465497051
11,Ward No - 11,72.64613787008521,23.12008134527505
11,Ward No - 11,72.55559074152968,23.152075258097934
11,Ward No - 11,72.63015426183206,23.141440422914087
11,Ward No - 11,72.62230727690014,23.108563438615995
11,Ward No - 11,72.61068099049143,23.091236561142544
11,Ward No - 11,72.62126436795448,23.105961473921084
11,Ward No - 11,72.55288945483255,23.160858834154634
11,Ward No - 11,72.57799377010262,23.126875860012934
11,Ward No - 11,72.62199407026338,23.130451004203373
11,Ward No - 11,72.60703378107388,23.137984858054917
11,Ward No - 11,72.62698608423959,23.09945899189792
11,Ward No - 11,72.63518885544816,23.107210937656173
11,Ward No - 11,72.63856103387369,23.12312538603922
11,Ward No - 11,72.62815489621221,23.118919377085554
11,Ward No - 11,72.64430566300624,23.128425141951862
11,Ward No - 11,72.63315504399519,23.115993456325082
11,Ward No - 11,72.59370562275602,23.137048851412974
11,Ward No - 11,72.63566971682977,23.123222699319353
11,Ward No - 11,72.5491437057814,23.147399754211577
11,Ward No - 11,72.61265223261722,23.137968720535234
11,Ward No - 11,72.56497549782887,23.145288776354853
11,Ward No - 11,72.55758663320495,23.144069978412922
11,Ward No - 11,72.61076340316629,23.093666059980144
11,Ward No - 11,72.55328800951396,23.136777069660933
11,Ward No - 11,72.56014846542075,23.143865493142375
11,Ward No - 11,72.64270311619912,23.134270349249398
11,Ward No - 11,72.5621186395272,23.140269801748552
11,Ward No - 11,72.56910877077664,23.118321395555302
11,Ward No - 11,72.61533412933497,23.10726627172556
11,Ward No - 11,72.59088417247708,23.137619102836027
11,Ward No - 11,72.54902511800104,23.138512375218752
11,Ward No - 11,72.64808266343,23.10226312298425
11,Ward No - 11,72.55462649387057,23.14404771569556
11,Ward No - 11,72.62582251391808,23.107939224647744
11,Ward No - 11,72.54423672780942,23.151403692353647
11,Ward No - 11,72.62707847198138,23.125760023305602
11,Ward No - 11,72.57085023290823,23.130330886456314
11,Ward No - 11,72.61903913162338,23.098362771953425
11,Ward No - 11,72.62816995843214,23.126008901378064
11,Ward No - 11,72.64859958707248,23.11578626314403
11,Ward No - 11,72.6238728401005,23.10927470027743
11,Ward No - 11,72.54168570532812,23.138779941413677
11,Ward No - 11,72.5592906482992,23.14370390610625
11,Ward No - 11,72.62556694829479,23.130015276224853
11,Ward No - 11,72.6194630079535,23.11996710731178
11,Ward No - 11,72.57015448860712,23.139197973703784
11,Ward No - 11,72.55196594586081,23.16235547886042
11,Ward No - 11,72.61435213456626,23.102059220560864
11,Ward No - 11,72.63510893679381,23.106470741233753
11,Ward No - 11,72.64511862625181,23.107607197863935
11,Ward No - 11,72.61989217332862,23.105995135013185
11,Ward No - 11,72.60784956381669,23.13871978648184
11,Ward No - 11,72.60168966978519,23.13362663603769
11,Ward No - 11,72.59275248208029,23.134210031326614
11,Ward No - 11,72.62591386298234,23.130355949776675
11,Ward No - 11,72.54333431936809,23.1485994566206
11,Ward No - 11,72.64409138452972,23.112272208884775
11,Ward No - 11,72.54775015290282,23.130798143442963
11,Ward No - 11,72.55972880874819,23.14140809961918
11,Ward No - 11,72.6255720769958,23.133952649189208
11,Ward No - 11,72.628900219215,23.133538663571425
11,Ward No - 11,72.63367841169878,23.133881330730716
11,Ward No - 11,72.58470402100463,23.13788578315977
11,Ward No - 11,72.60983892062734,23.09021661158022
11,Ward No - 11,72.54596284630269,23.134076235332497
11,Ward No - 11,72.62536854779322,23.091086805870773
11,Ward No - 11,72.62265305293823,23.107035795374475
11,Ward No - 11,72.56131077383942,23.157232188072037
11,Ward No - 11,72.62612778733627,23.114659879676232
11,Ward No - 11,72.64396062560273,23.106592054646203
11,Ward No - 11,72.58089408920355,23.126601940908046
11,Ward No - 11,72.54826867242252,23.146802798729322
11,Ward No - 11,72.54656315106084,23.143613298940082
11,Ward No - 11,72.57289958796011,23.12663448335953
11,Ward No - 11,72.61406916908778,23.13805335295489
11,Ward No - 11,72.567306658903,23.11701063093445
11,Ward No - 11,72.61768294361634,23.130932996232556
11,Ward No - 11,72.64017998253502,23.129172024962546
11,Ward No - 11,72.63506548794587,23.1181530961209
11,Ward No - 11,72.63086980519039,23.09265186291961
11,Ward No - 11,72.61882858596931,23.136109294536972
