{"type": "FeatureCollection", "features": [{"type": "Feature", "properties": {"objectid": 1, "zone_name": "CENTRAL ZONE", "zone_id": "1", "st_area(shape)": 18459949.22864932, "st_length(shape)": 22612.673187185846}, "geometry": {"type": "Polygon", "coordinates": [[[72.5967460983339, 23.063385785373], [72.59676146057257, 23.063364768477914], [72.59684822186472, 23.063377820076123], [72.59704191309669, 23.063059981530976], [72.59709438711174, 23.062960188015744], [72.59721050075326, 23.06273936485192], [72.59728587667772, 23.06259601453245], [72.59767957407712, 23.061800352846074], [72.5977270316759, 23.06170444056001], [72.59823195078106, 23.06070623055658], [72.59828156700505, 23.060557817851357], [72.59845614647772, 23.060035612050125], [72.5986229059576, 23.0600843198089], [72.59876761600881, 23.05986407149048], [72.59909166006135, 23.059856531604364], [72.59937044894758, 23.05985004395825], [72.59980157935132, 23.05982411323683], [72.60003377559802, 23.05981014746004], [72.60029329012949, 23.059796456357954], [72.60102548256775, 23.059757824653417], [72.60128232023459, 23.059720677518463], [72.60132133577449, 23.059715034352003], [72.60143111292268, 23.059699157214922], [72.60152616788764, 23.059686311036668], [72.60174796057576, 23.059669887173214], [72.60234682520742, 23.059625540992393], [72.60253273197482, 23.05961124363686], [72.60293447235344, 23.059580347026635], [72.60358719296238, 23.05953014522094], [72.60396426320033, 23.059501143154943], [72.60423212419803, 23.05960107135376], [72.60459271129353, 23.05948078619927], [72.60480762059544, 23.059409096026126], [72.60486053355774, 23.059391445240806], [72.60487460912488, 23.059404045773285], [72.60491200797043, 23.0594375229489], [72.60536827309984, 23.0594007308101], [72.60589502113473, 23.059358233616813], [72.60597932464164, 23.059351820257277], [72.6061528778776, 23.059338616050184], [72.6064724346367, 23.059316296396357], [72.60653408893528, 23.059311989765042], [72.60701474207761, 23.059277514095445], [72.6076024471212, 23.05923606711401], [72.6076184535679, 23.059234938160493], [72.60813717506285, 23.059196654249888], [72.60821252232772, 23.059191728205878], [72.60858664288193, 23.05916726909869], [72.60880957334062, 23.058982985998632], [72.60886620945693, 23.058934104014394], [72.60927953012954, 23.058577374453737], [72.60954133571698, 23.058351413429598], [72.60963937615846, 23.058267476623335], [72.61008375379035, 23.057887022457518], [72.61020340230363, 23.057784584419082], [72.61029112612329, 23.057711843683318], [72.61038575981355, 23.057633373571022], [72.61042512457011, 23.057600731819722], [72.61048428253447, 23.057551678763257], [72.61049135290295, 23.05754581554331], [72.6105217670371, 23.057520595652665], [72.61058177744138, 23.05747083411698], [72.6109573795256, 23.05715938178075], [72.61099536083039, 23.057127887158533], [72.61128489677282, 23.05688779995147], [72.61165082540491, 23.05658436431445], [72.61183161239101, 23.05643445130384], [72.61207584390309, 23.056231927103937], [72.61209377737208, 23.05621705652306], [72.61217988231871, 23.056150633127526], [72.61227636146906, 23.056076206122885], [72.61227971240568, 23.056073621514205], [72.61231437805279, 23.056046879271477], [72.61256640950751, 23.055852454551147], [72.61275172935204, 23.055709492609235], [72.61283174206852, 23.055647767878842], [72.61304138762813, 23.056017682270184], [72.61314604760456, 23.056202351192677], [72.61315728068968, 23.056228120431815], [72.61318508396114, 23.05629190464362], [72.61319387539926, 23.056312073094492], [72.61320048680633, 23.056327239650248], [72.6132967192962, 23.056548005695397], [72.61334948317399, 23.056669049099302], [72.61336718708898, 23.056709664069956], [72.61343746375384, 23.056870883486685], [72.61352950746954, 23.05708203823781], [72.61355567746752, 23.057130636254307], [72.6136391715827, 23.057285687853945], [72.6137784927239, 23.057528656812323], [72.61386792818406, 23.05768462681285], [72.61390716055864, 23.057753045133055], [72.61395322387787, 23.05783337511917], [72.61407381193611, 23.058043673324438], [72.61413236825976, 23.05817478346653], [72.61434875625469, 23.0586592867769], [72.61456258152187, 23.059138047340376], [72.61458124789982, 23.059174243133302], [72.61459575779732, 23.059202380141922], [72.61488651481, 23.059766181198842], [72.61493972299225, 23.059869356546475], [72.61508795845191, 23.06015259913242], [72.61516112550402, 23.060292402256895], [72.61521273635749, 23.060391018699193], [72.61521589538415, 23.060397054603737], [72.61522672308146, 23.060417743925345], [72.61522850409865, 23.0604211472516], [72.61526695396627, 23.060409288985227], [72.6152743296638, 23.060407632653657], [72.6153344800896, 23.06039518740628], [72.6158585449329, 23.060243512228368], [72.61621349630924, 23.060244082708177], [72.61651350786153, 23.060224731272747], [72.61698429341402, 23.060213201414577], [72.61726588093632, 23.06020072796944], [72.61747202070856, 23.06019237138279], [72.6177964950361, 23.060148536118405], [72.61799472013925, 23.060109445781123], [72.61811507625177, 23.060087532280928], [72.61847839438306, 23.059992686567014], [72.61873662786334, 23.059928502996325], [72.61904199401712, 23.059826332867917], [72.61933715527404, 23.05973189063359], [72.61963487997427, 23.05962387140454], [72.62012449330804, 23.05943705019331], [72.62048026858659, 23.05930467512395], [72.62065866522117, 23.059248391367976], [72.62075890567206, 23.059206904476596], [72.62086114513507, 23.059161866233723], [72.62101404675971, 23.059098241190377], [72.6211408558026, 23.059043181547935], [72.62128882603093, 23.058973750123318], [72.62138332273754, 23.058928594038942], [72.62152269398767, 23.05886369043513], [72.62163707773048, 23.05881059286163], [72.62180597568117, 23.058740043216527], [72.62197845822503, 23.05866381367942], [72.62214434721984, 23.05858820152393], [72.62230788851434, 23.058513987488276], [72.62258801599873, 23.058386377673855], [72.62279249910618, 23.058299313968128], [72.62291471225981, 23.058248602827472], [72.62299340133819, 23.058214255381685], [72.62305743248311, 23.058187749340348], [72.6232365588479, 23.05811161827746], [72.62335101453213, 23.05806168565084], [72.6234615517529, 23.058014380715143], [72.62357760907375, 23.057965068751614], [72.62370147259608, 23.057912291808787], [72.62378112264214, 23.057878257220086], [72.62389622889184, 23.057828035127837], [72.62397034296283, 23.057796902728395], [72.62403699648736, 23.057768046899113], [72.62411081387043, 23.05773541674249], [72.62417354371345, 23.057709488298816], [72.62422459278925, 23.057687265309465], [72.62427333050911, 23.057667993095166], [72.62437441524479, 23.057626028926705], [72.62438566148937, 23.05762184293251], [72.62445176371673, 23.057594537755538], [72.62451855147732, 23.05756902768424], [72.62462351792986, 23.057530237256547], [72.62468711797871, 23.057509635537475], [72.6247121892445, 23.057500303776116], [72.62475367267514, 23.057486004187318], [72.62481097262909, 23.05746926646707], [72.62484398942541, 23.057458870561465], [72.62488904439626, 23.05744502456382], [72.62491727192679, 23.057436849751156], [72.6249579478225, 23.057425422401806], [72.62497481003145, 23.057420659934746], [72.62501784987536, 23.057409841379563], [72.62505571974673, 23.057399422680184], [72.62508630967334, 23.057392000166317], [72.62511506809454, 23.05738598285537], [72.62516792253174, 23.057374834200296], [72.62529629789198, 23.05734719620869], [72.62558705104426, 23.057290446541757], [72.62578108375504, 23.057246591121284], [72.62596783190902, 23.057196927544577], [72.62605408827636, 23.057172545301558], [72.62617476906385, 23.05713554270408], [72.62633309873958, 23.057085968110147], [72.62641811695642, 23.057058581506865], [72.6265024694856, 23.05703237925624], [72.62656937074092, 23.057007705964423], [72.62666033227428, 23.056972645346143], [72.6267680519672, 23.05692778824848], [72.62648672269938, 23.056643055106004], [72.62563377421435, 23.055860849226278], [72.62509174993662, 23.055376158448194], [72.62492033887159, 23.055215214327152], [72.6247443213727, 23.05505205124157], [72.62463526108215, 23.054956537194137], [72.62444401135954, 23.054778812937467], [72.62426114041372, 23.05460909677106], [72.62411939545586, 23.054478694449834], [72.62397914926733, 23.05435118183596], [72.62380621716618, 23.054188780153687], [72.62369502564283, 23.054082485701013], [72.62359666733883, 23.053995014282314], [72.62342218828817, 23.053832589873817], [72.62321793168641, 23.053646068669032], [72.62303356532912, 23.053473462398262], [72.62279116840044, 23.053254120926287], [72.62260680312228, 23.053081514239345], [72.62232259678065, 23.052817830653098], [72.62213198905968, 23.05264799593574], [72.62195225831464, 23.052476174240773], [72.62171826710808, 23.052263407402556], [72.62140129103871, 23.051969848613428], [72.62113237098332, 23.05171785875513], [72.62094497627551, 23.051541621587752], [72.62070799242585, 23.051323075646405], [72.62053498093026, 23.051165685592395], [72.62026653517427, 23.050930899843365], [72.62009577130299, 23.050777843228456], [72.61991354604572, 23.050616015620076], [72.6196736084926, 23.05038954063936], [72.61949643762713, 23.050248569271197], [72.61937817178304, 23.050148614286424], [72.61919446347154, 23.049983179518243], [72.61895668560862, 23.04976605206294], [72.61868932229059, 23.04951408204501], [72.61834807845747, 23.049192205365213], [72.61796563800733, 23.048775752443134], [72.61782521565755, 23.04864521980132], [72.61641462407789, 23.04728199815352], [72.61555342624612, 23.046498669950882], [72.61484091879862, 23.04584656805258], [72.6141129990851, 23.04519064844064], [72.61370939656798, 23.0448214462425], [72.61215569093525, 23.04336630610623], [72.61148437475427, 23.042765890553095], [72.61132937030571, 23.04263276183723], [72.6109275263605, 23.042319438465167], [72.61038885330284, 23.04186700936441], [72.61013768151857, 23.041708428789573], [72.61006881955605, 23.041671178574703], [72.60980788248604, 23.041530027232128], [72.60961445609135, 23.041433945322147], [72.60920067750247, 23.04127577086851], [72.60843814573059, 23.04096040172898], [72.60802132754588, 23.040775450370916], [72.60714377694258, 23.040411050456502], [72.60641837215864, 23.040137085375083], [72.60586579881192, 23.039946703992477], [72.60532289717045, 23.039734969157646], [72.6035231365461, 23.039053092549178], [72.60316853148, 23.038931909913057], [72.60301308502669, 23.038871707012927], [72.60282944545041, 23.03876820849169], [72.60281961287521, 23.03876346150283], [72.60281144620149, 23.03875806448752], [72.60233818751222, 23.038445285991713], [72.6020884630309, 23.038330674127522], [72.60191425912886, 23.03823128008171], [72.60142082404728, 23.038121174918953], [72.60109863439072, 23.038097178164033], [72.60076018058989, 23.03810255168813], [72.60047833553209, 23.03809913286319], [72.60070832529398, 23.037531482120777], [72.60085097978782, 23.037179385893726], [72.60104908549448, 23.036690421429697], [72.60102076558172, 23.03668351603671], [72.60108356333077, 23.03644770648595], [72.60110767664867, 23.036357161628654], [72.60155910183157, 23.034652831601424], [72.60156642257239, 23.03459691652477], [72.60160791798097, 23.03422523614661], [72.6016431103868, 23.03357868933069], [72.60157607485357, 23.03317611599443], [72.60157520432259, 23.03316831895084], [72.60148493302178, 23.0318467456677], [72.60157180876682, 23.03110063044791], [72.60164849326262, 23.030053514361445], [72.60160615804395, 23.02960937024087], [72.60151592004836, 23.028189583664364], [72.60144498892879, 23.027381515123512], [72.60136474972892, 23.02631616136307], [72.6013233285627, 23.025623785761802], [72.601286104624, 23.025160781233573], [72.60125696789214, 23.02470745445526], [72.60123016648753, 23.024355441543275], [72.60131105703738, 23.024049142259088], [72.60130758196635, 23.023810430088947], [72.60131834745887, 23.02358128495348], [72.60133581747012, 23.023381620940448], [72.60135153582839, 23.023237107916447], [72.60136432313467, 23.02313701370179], [72.60138502976244, 23.02296316163598], [72.60140469494142, 23.02285812150377], [72.60144127395351, 23.022714819437493], [72.60148399263251, 23.02253327531633], [72.60152943406261, 23.02225497179043], [72.6015719919897, 23.02199982348505], [72.60161949675407, 23.021846686796113], [72.60165540474394, 23.02169271251525], [72.60172969941802, 23.02143775098149], [72.6017450994021, 23.021377379305285], [72.60175777241652, 23.021353380292794], [72.60178020082014, 23.02125210234708], [72.60185908889781, 23.020965329238546], [72.6021106366236, 23.020470830579278], [72.6021616789128, 23.02037049092409], [72.60217532583488, 23.020311554221852], [72.60217945672133, 23.02026886342566], [72.6021814582848, 23.020248179255365], [72.60220586437428, 23.02018409903046], [72.6022062509942, 23.02018308473818], [72.60222094927481, 23.020144492079247], [72.60224503308676, 23.0200812600965], [72.6023816596876, 23.019722541765145], [72.6025127959946, 23.019378234339566], [72.60254096204929, 23.01931611500073], [72.60257766862026, 23.019235159269833], [72.60280221221248, 23.01873993381369], [72.60280471598394, 23.018734412371114], [72.60294416015729, 23.01842687003537], [72.60298497756001, 23.0183368474398], [72.60304383333205, 23.017592237532433], [72.6032888426461, 23.01704560650713], [72.60351646025885, 23.016548396584597], [72.60379257234153, 23.015935354107217], [72.60393785802293, 23.015599322877556], [72.60423456881388, 23.01493022005816], [72.60447938943413, 23.01439361623064], [72.60470424071384, 23.01390515696073], [72.60486723390291, 23.013553767037337], [72.60489966757342, 23.013475783728772], [72.603628960446, 23.01313884312019], [72.60359539414905, 23.013130729657792], [72.60212242846535, 23.012774679642067], [72.60210139561435, 23.012768445828065], [72.60190477861767, 23.012653505725275], [72.60144972791653, 23.012572800162822], [72.60139798825871, 23.012563602780038], [72.60095218377943, 23.012472817303635], [72.60071255362986, 23.012416634462085], [72.60052502474767, 23.01236900351873], [72.60023761856364, 23.012299684859666], [72.59989432521486, 23.01222608742493], [72.59931158762474, 23.012108544504706], [72.59914567341052, 23.0120829122605], [72.59868758689456, 23.012033709900127], [72.59860139251808, 23.012029675430203], [72.59830180929072, 23.0120369353925], [72.5981723438389, 23.012032967060172], [72.59801255928997, 23.012021557131135], [72.59790810093762, 23.012004206070838], [72.59775371424504, 23.011944869342727], [72.59743017343848, 23.011756035849846], [72.59729182372539, 23.011935612308108], [72.59719562198057, 23.012056687881618], [72.59708361898382, 23.012195796767063], [72.59697084680278, 23.012329977290555], [72.59690682634894, 23.01240880608343], [72.59672988331904, 23.012346402988438], [72.59667034991132, 23.012320417541442], [72.59647906091118, 23.012251078646816], [72.59626931866094, 23.012200022337925], [72.59626565378753, 23.012199130684607], [72.5962579239613, 23.012198514924172], [72.59608072093893, 23.012175070600748], [72.59586040819802, 23.012157391737144], [72.59556762101302, 23.012089615255338], [72.59529153441794, 23.01205814936903], [72.59511459374218, 23.012023402368115], [72.59497730365284, 23.011995041073163], [72.59496617486072, 23.011993775042793], [72.5944850870029, 23.011929754692275], [72.59437458576623, 23.011896783338795], [72.59398634148532, 23.011818027498492], [72.59361168925467, 23.011736513584225], [72.59335601023267, 23.011675287433707], [72.59314372442587, 23.011613764857273], [72.59293399175944, 23.011561435097434], [72.5928987769012, 23.011551926632567], [72.59280170698224, 23.011529879122413], [72.5924522803898, 23.011420921527737], [72.59237222374811, 23.01141795660091], [72.59236732359881, 23.011431217096792], [72.59227405877434, 23.01181524970828], [72.5922567243457, 23.01189170198543], [72.5921627644549, 23.012225314140142], [72.59209920525875, 23.012403839733704], [72.59203222783773, 23.012615407587187], [72.59201584833845, 23.012665916550237], [72.59182819230698, 23.013105339887677], [72.59177497098194, 23.013216224321], [72.59176081872192, 23.01324450174161], [72.59167152353513, 23.013404972377426], [72.59153788050662, 23.01365458423018], [72.59146089489296, 23.013786334885975], [72.59129907927421, 23.014022262031563], [72.5912721185825, 23.01399717216606], [72.59108561507475, 23.013823609886614], [72.59093293125075, 23.01370304845028], [72.59078543574594, 23.01359546487385], [72.59065042710279, 23.013503954909847], [72.59048557369564, 23.01340028666888], [72.59033654303636, 23.013313818047163], [72.59024107511033, 23.01326256113225], [72.59017284561686, 23.01322497639594], [72.59005662777646, 23.01316516274148], [72.58991385037667, 23.0130970622597], [72.58981793299778, 23.013049381415854], [72.58970895342242, 23.012996127271045], [72.58961304159078, 23.012948087991234], [72.58949365856489, 23.01289216639281], [72.58941572455794, 23.012856225544677], [72.58928961046504, 23.012808800280602], [72.58912726384278, 23.012752941574444], [72.58898447321003, 23.012707412425293], [72.58881709583464, 23.012651475860324], [72.5886747116164, 23.012604878325018], [72.58847309280391, 23.01253731265466], [72.58831727971537, 23.01248406066566], [72.58817453430056, 23.012436023576672], [72.58797672849111, 23.012371740167488], [72.58783322291154, 23.01232297438825], [72.58771353537252, 23.012284245819966], [72.58756846256847, 23.012236531135912], [72.5874160692498, 23.012186912686605], [72.58692449710175, 23.01199871776499], [72.5868149168114, 23.011957634751898], [72.5866361863397, 23.011895345112084], [72.58646570358046, 23.01183920806001], [72.58635087355974, 23.01180312011799], [72.58621391534858, 23.011759827082226], [72.58598263770871, 23.011687924914447], [72.58586814036308, 23.011651244071395], [72.58575558908129, 23.011613996100902], [72.58564944928862, 23.011578936723055], [72.58546347463354, 23.011516980368604], [72.58535318071864, 23.01147976657059], [72.58526800489877, 23.01145207306431], [72.5851656367888, 23.011418981221595], [72.5850373670087, 23.011376895020373], [72.5848867824624, 23.011327301860934], [72.58475850011092, 23.01128593206218], [72.58467769522078, 23.011259140041044], [72.58450139864307, 23.011204377452525], [72.5844234140714, 23.01117858440541], [72.58405529081605, 23.01105875266892], [72.58400339944619, 23.011043689236168], [72.5838760583054, 23.01100382542543], [72.58370036120509, 23.010944413687437], [72.58352205786021, 23.010886454263716], [72.58339730751845, 23.01084603200783], [72.58323022711313, 23.010791826802315], [72.58311992921217, 23.010754910284916], [72.58298458597149, 23.010711639254048], [72.58283512393929, 23.010664271392535], [72.5827129272487, 23.010625381733558], [72.58258723152625, 23.01058375095159], [72.58243970420041, 23.010536411387125], [72.58228833384558, 23.010487521582196], [72.58219531673534, 23.010458332667795], [72.58201125330629, 23.010397894857757], [72.58184640462561, 23.010345214660166], [72.58167097798112, 23.01028879041095], [72.58154687962184, 23.010248078813017], [72.58137842045747, 23.010198926110597], [72.58126479821753, 23.010167630630214], [72.58116134284347, 23.010148701488685], [72.58114905967282, 23.01014645359142], [72.58105258355111, 23.010130349333558], [72.58092760904752, 23.010120675926046], [72.5809211421129, 23.010120624012597], [72.5809113997867, 23.01012054550103], [72.58080409179108, 23.010119683268265], [72.58067638841827, 23.010118327695157], [72.58059061839828, 23.010126399899043], [72.58042105191316, 23.010147864634217], [72.58027867488921, 23.01017345536224], [72.58004461585895, 23.010216622204393], [72.58000338159103, 23.010223326721995], [72.57980493704301, 23.01025936690657], [72.57974602604023, 23.010271005536747], [72.57950106909048, 23.010315330154206], [72.57934065827469, 23.010346555572347], [72.57918910228805, 23.010380425107375], [72.5790157568782, 23.01042419775907], [72.57875913021036, 23.010486350400903], [72.57861645446508, 23.010521429545122], [72.57843644077487, 23.010566685683205], [72.57823865224242, 23.010610236872246], [72.57803471722555, 23.01065118580992], [72.57782302445837, 23.010693090038018], [72.5776397132671, 23.010727904672976], [72.5774831842365, 23.010758470753096], [72.57715654403651, 23.01082154580073], [72.57704109192544, 23.01084303005683], [72.57696974992031, 23.010856306306327], [72.57670376007441, 23.010901116884252], [72.57656958944095, 23.010923712536716], [72.57648429839394, 23.010937311185465], [72.57642239098395, 23.01094763694769], [72.57628595830901, 23.01096981583257], [72.57617642848385, 23.010988202435154], [72.57607187548228, 23.01100532727632], [72.5759658672681, 23.011023003921704], [72.57586897424054, 23.011038908046604], [72.57573915526599, 23.011060614497932], [72.57562238895385, 23.01107965449563], [72.5754555193122, 23.01110690757629], [72.57534163842382, 23.011126182056707], [72.57522239555868, 23.01114518380342], [72.57512176620772, 23.011162177635203], [72.57499981719968, 23.0111824747546], [72.57490810314644, 23.01119731201474], [72.57463673495515, 23.01124265138012], [72.5743671550027, 23.011290293579957], [72.57508707110246, 23.013637970088283], [72.57524427030319, 23.014847739659714], [72.57550301576015, 23.016838934241285], [72.57556209825782, 23.018615298863164], [72.57562964008036, 23.02064590574808], [72.57542280425494, 23.022397136851144], [72.57542090305853, 23.022413234016508], [72.5748807503883, 23.026986280406902], [72.57415209570055, 23.030216057710565], [72.57340886670387, 23.034619630002656], [72.5732002452199, 23.040058707507225], [72.57319932053609, 23.040082815443554], [72.57319785947868, 23.04012090363468], [72.57429948307366, 23.04480278333725], [72.5747807623999, 23.046885517264155], [72.57525175162239, 23.048645741444922], [72.57664894863018, 23.051933695116354], [72.57751473949757, 23.053655378911753], [72.5784712212203, 23.055089702692346], [72.5797758974791, 23.05647146351277], [72.58234218460396, 23.058683278922672], [72.5858642823129, 23.061181743548165], [72.58926379100733, 23.06307383437933], [72.58930936907066, 23.063101301871853], [72.58944475394453, 23.06318289014377], [72.58974590773194, 23.061612868372293], [72.58975407649056, 23.061570279772603], [72.58975731675235, 23.061547217137804], [72.59060485266934, 23.061568658124603], [72.59061593522486, 23.06196326816819], [72.5912414377943, 23.06197186902752], [72.59127675768868, 23.061972354314257], [72.59129818938692, 23.061971804496636], [72.59130315434594, 23.061973997220832], [72.59130341474231, 23.061974112233255], [72.59130640688633, 23.06197543348517], [72.59150517268527, 23.062063226132626], [72.59151883043589, 23.062069259103836], [72.59168586585083, 23.062143035986388], [72.59173731121444, 23.062165758750815], [72.59177731557027, 23.062183428458027], [72.59180193741668, 23.062194726553415], [72.59207491563905, 23.062319991291307], [72.59211043730346, 23.06233622216931], [72.59211421033928, 23.062385915485404], [72.592232556565, 23.062437163763057], [72.5923309600581, 23.062477717898204], [72.59238893382567, 23.062505472762844], [72.59239884664773, 23.062510658653625], [72.59242376741078, 23.062523696360383], [72.59257334095912, 23.062634368326187], [72.59257335634138, 23.062621938165673], [72.59260154291779, 23.06263199768876], [72.59265582683403, 23.06265137258772], [72.5935469997079, 23.062969434806714], [72.59362380113792, 23.062996845019303], [72.59364541380758, 23.063004559005282], [72.594103093661, 23.063167902933287], [72.59421652218376, 23.063308561372146], [72.59437255417889, 23.063502051155048], [72.59464050000736, 23.063627668476418], [72.59473208888954, 23.06367060641954], [72.59475018975915, 23.063684336196637], [72.5947882297686, 23.063706026971136], [72.59481824454589, 23.06372314121687], [72.59482378755548, 23.063726302297074], [72.59483045626718, 23.063730187395567], [72.5948356697666, 23.063733224291], [72.59490342300806, 23.063772694550686], [72.59497757946173, 23.063815895069713], [72.5950031438615, 23.06383078838981], [72.59507650468255, 23.063873416125094], [72.59514877917583, 23.06391541249606], [72.59518409189893, 23.063937514859457], [72.59533070203403, 23.064029277508862], [72.59535358678879, 23.064043600954374], [72.5954045890289, 23.064075522439175], [72.59543051809963, 23.064089116726812], [72.59545290349588, 23.064100852405595], [72.59558084187908, 23.064167928405762], [72.59576213697767, 23.064262977547067], [72.59579925612778, 23.064279903640855], [72.59580962323874, 23.0642846313155], [72.5958114320668, 23.06428545600312], [72.5958157184678, 23.064287410766596], [72.59590419610394, 23.064327756687202], [72.59592339251911, 23.064336509725894], [72.59593268634328, 23.064340748000077], [72.59597185437188, 23.06435860892413], [72.5961330027684, 23.06444191550688], [72.59617480242035, 23.06434443267345], [72.59618052062336, 23.064331098021015], [72.59621077474247, 23.06428854352927], [72.59622073435587, 23.0642745349426], [72.59623880085218, 23.06424514352399], [72.59624857457086, 23.064229242581842], [72.5963864199887, 23.064004987219032], [72.59639484635262, 23.063991279386833], [72.5964074603011, 23.063970757873182], [72.59641021216935, 23.063966280414967], [72.59650713795126, 23.063808594592043], [72.5965400978596, 23.0637549733477], [72.59654744058928, 23.063741850270542], [72.59660808274009, 23.06363347209921], [72.5966773439187, 23.063502730383533], [72.59668199873799, 23.063493943998438], [72.59668254890728, 23.063492906043255], [72.5966826750957, 23.06349266782282], [72.59671465518393, 23.0634322995695], [72.59671736572663, 23.063425095070578], [72.5967229994619, 23.063417387055477], [72.59672904816239, 23.06340911208607], [72.5967460983339, 23.063385785373]], [[72.59710942315499, 23.062710559713615], [72.59720051036291, 23.06258755611918], [72.59722456977131, 23.062548386478756], [72.59722459689202, 23.06254834265487], [72.59722470431929, 23.062548171857248], [72.59724041383483, 23.062523852385702], [72.59729016418677, 23.06243659673239], [72.59735549897823, 23.06231069068984], [72.5974412471709, 23.06213000361096], [72.59744133118862, 23.06212983245711], [72.59754834445239, 23.06191654780449], [72.59765284114147, 23.06169964073008], [72.5976529160437, 23.061699488395895], [72.59771377360995, 23.06157920159906], [72.59779871876572, 23.061410328502735], [72.59787900384116, 23.061249161064172], [72.598010129717, 23.060982057532012], [72.59807665005107, 23.060827487655963], [72.59813390516234, 23.060687068848047], [72.59815140293308, 23.060638773221484], [72.59820829753352, 23.060445897138777], [72.5982729084807, 23.060209040936073], [72.59830781639938, 23.060057527424263], [72.59832113767509, 23.059995257273236], [72.59833476651612, 23.059916266816114], [72.59834874980638, 23.059827916261323], [72.59835531276906, 23.05969421528908], [72.59835848876621, 23.05962951408164], [72.59836073859002, 23.059529989240833], [72.59836251766792, 23.05945131968314], [72.59836371849454, 23.05939818741949], [72.59835540462444, 23.05926347576994], [72.59835216304157, 23.05923921923685], [72.5983393042797, 23.05914300363389], [72.5983201771484, 23.059045088493693], [72.59829631012391, 23.05892290577771], [72.5982814042586, 23.058846601556162], [72.59827529552248, 23.05881458804793], [72.59823669308194, 23.05861227588969], [72.59823244243393, 23.05856220876135], [72.59822316790596, 23.058452983448532], [72.59822958970264, 23.05834838698761], [72.5982350429484, 23.058321866639982], [72.59827615858902, 23.058121903827747], [72.59827942202145, 23.058107173954554], [72.59829513883606, 23.05803623645243], [72.5983259699131, 23.057897085007323], [72.5983498021866, 23.057789520311072], [72.59838454740934, 23.057644423921737], [72.5984175444942, 23.057506624332678], [72.59842976861383, 23.057455575318784], [72.59848678368361, 23.057206213557883], [72.59849204472488, 23.05718320481013], [72.59850540040291, 23.057124794526086], [72.59850710156175, 23.057117445536104], [72.59854113292693, 23.05697044147807], [72.59854117308146, 23.056970267850964], [72.59854540161938, 23.056952002886522], [72.59854605385081, 23.05694999417363], [72.59854704826058, 23.056948109829058], [72.59854835764958, 23.05694639818979], [72.59854994805542, 23.056944903878836], [72.59855177779323, 23.056943666887953], [72.59855379945421, 23.056942719899556], [72.59855595993783, 23.05694208648175], [72.59855820332963, 23.056941783840408], [72.59856046901474, 23.056941819179304], [72.59856269845713, 23.056942192511496], [72.5985648342723, 23.056942893936977], [72.59856682019523, 23.056943905447703], [72.59857123561967, 23.05694660597989], [72.5985768667425, 23.056949795339943], [72.59858261427235, 23.05695280230103], [72.59858847050266, 23.056955621329287], [72.59859443057277, 23.056958251448023], [72.59859930981875, 23.056960214231744], [72.59860048482544, 23.05696068709377], [72.59860662742464, 23.056962927275013], [72.59861285063178, 23.05696496826299], [72.59861914669223, 23.056966807231472], [72.59862358199722, 23.056967948052723], [72.59862356333586, 23.05696801006122], [72.59862580973305, 23.056968692402585], [72.59862790790042, 23.056969701104627], [72.59862980170115, 23.056971010938945], [72.59863144299322, 23.05697258596531], [72.59863278763217, 23.05697438488744], [72.59863380033154, 23.056976362029843], [72.59863445568642, 23.056978464644917], [72.5986347351833, 23.056980636478617], [72.59863463199665, 23.056982822357348], [72.59863414812703, 23.05698496453331], [72.59863329727898, 23.056987005436564], [72.59863210183897, 23.056988893045865], [72.59863207288149, 23.056988930522706], [72.5986188103333, 23.057006315194084], [72.59853372041414, 23.057117850124342], [72.59852402270931, 23.05713056108617], [72.59851107207167, 23.0571872035571], [72.59846752071452, 23.057377680929207], [72.59844883621453, 23.057459396839015], [72.59836888252771, 23.05779328606498], [72.59836574006174, 23.057807467984784], [72.59835750043388, 23.05784465662031], [72.59829529831899, 23.05812540417493], [72.59828391449113, 23.05818077041625], [72.5982489953158, 23.058350595888957], [72.59824601157253, 23.058399194352685], [72.59824272061293, 23.05845278776492], [72.59824436019876, 23.058472099772267], [72.59825606821714, 23.05860999388055], [72.5983006099261, 23.05884342591963], [72.59832647224478, 23.058975820567415], [72.5983479246489, 23.05908563905625], [72.59835859938477, 23.05914028796719], [72.59837484621701, 23.05926185198984], [72.59838323950987, 23.059397861245206], [72.5983806341179, 23.05951312975454], [72.59837798948998, 23.059630112955663], [72.59837585142758, 23.059673664166812], [72.59837311280725, 23.05972944619633], [72.59837304252834, 23.0597308769437], [72.59836822110103, 23.059829075320135], [72.59836821510056, 23.05982919349365], [72.59836812304776, 23.059830092170124], [72.59835406167448, 23.059918939877324], [72.5983540420671, 23.05991905513562], [72.59834037415007, 23.05999826889159], [72.59834031073946, 23.05999859834662], [72.5983269404875, 23.060061099770813], [72.59832691189354, 23.060061226628694], [72.59829195114047, 23.060212969552836], [72.59829186922985, 23.060213296921013], [72.59822719149862, 23.060450399481063], [72.59822714365151, 23.060450566671488], [72.59817015048614, 23.060643775294203], [72.5981700997128, 23.060643942440105], [72.59816998857276, 23.060644267558224], [72.59815234511095, 23.060692966322215], [72.59815222337005, 23.060693284056864], [72.59809487239109, 23.060833937944327], [72.5980948143275, 23.060834076090263], [72.59802816983868, 23.06098893568658], [72.59802798821315, 23.06098932924721], [72.59789674394965, 23.06125667294193], [72.5978164224296, 23.0614179156702], [72.59773145301496, 23.061586837158565], [72.59767062377979, 23.061707067518448], [72.59756613320386, 23.061923961157277], [72.5975660714621, 23.061924086608034], [72.5974590703232, 23.062137348888843], [72.5973732958262, 23.062318089745546], [72.59737315820576, 23.062318367515342], [72.59730767286854, 23.062444565583615], [72.59730759716645, 23.06244470797477], [72.59730750648104, 23.06244486999928], [72.59725754869996, 23.06253248903361], [72.59725729441112, 23.06253290857129], [72.59724155985555, 23.062557264677874], [72.59724145242829, 23.06255743547553], [72.59722053370217, 23.062591491676923], [72.59722040521805, 23.062592628132492], [72.59721708364505, 23.062597105068928], [72.59721683559565, 23.062597447964823], [72.59712556146148, 23.062720704213493], [72.59710118158031, 23.06275478899748], [72.59709447830765, 23.06276416084082], [72.59708063955833, 23.06278350823356], [72.59708044757228, 23.062783770731496], [72.59708024407414, 23.062784022220914], [72.5970800328692, 23.0627842681764], [72.59707981005596, 23.062784508538602], [72.59707958155082, 23.062784739786398], [72.59707934143736, 23.062784965440915], [72.59707909563201, 23.06278518198101], [72.59707884020116, 23.062785391152435], [72.59707857712768, 23.06278559117977], [72.5970783083302, 23.06278578389775], [72.59707802997139, 23.062785965636902], [72.59707774588857, 23.062786140066716], [72.59707745611388, 23.062786305382115], [72.59707715872857, 23.062786459748363], [72.5970768576021, 23.062786605029853], [72.59707655078373, 23.062786741196923], [72.59707623830552, 23.062786866444505], [72.59707592208615, 23.062786982607335], [72.59707560020692, 23.06278708785068], [72.59707527461862, 23.062787182204207], [72.59707494727196, 23.062787265697576], [72.59707461618416, 23.06278734010622], [72.59707428337006, 23.062787401849633], [72.59707394681482, 23.0627874545083], [72.59707360850125, 23.062787496306825], [72.59707327041214, 23.062787525469783], [72.59707293053263, 23.06278754557769], [72.59707259087759, 23.062787553050033], [72.5970722494642, 23.062787549662232], [72.59707191016193, 23.062787537278705], [72.59707156913338, 23.062787512229956], [72.59707123219872, 23.062787476410083], [72.59707089545648, 23.06278742975974], [72.59707056085742, 23.0627873723086], [72.5970702284015, 23.062787304056645], [72.59706989808875, 23.062787225003902], [72.59706957186991, 23.062787135180024], [72.59706924776215, 23.062787036360437], [72.59706892973112, 23.062786924994302], [72.59706861576194, 23.06278680466213], [72.59706830588668, 23.062786673558843], [72.59706800007325, 23.06278653348949], [72.59706770225523, 23.062786382708364], [72.59706740849906, 23.0627862229612], [72.59706712075548, 23.062786054277648], [72.59706684097526, 23.062785876687393], [72.5970665672397, 23.062785688355707], [72.59706629948464, 23.062785492892715], [72.59706604164369, 23.06278528855269], [72.59706578981533, 23.062785075276295], [72.59706554790107, 23.06278485312288], [72.59706531193527, 23.062784625643243], [72.5970650878343, 23.062784389316267], [72.59706486971386, 23.062784145857993], [72.59706466339412, 23.06278389716251], [72.59706446503773, 23.062783639560333], [72.59706427848205, 23.062783376720965], [72.5970640998256, 23.06278310858506], [72.59706393105115, 23.06278283337721], [72.59706377404534, 23.06278255473723], [72.59706362884023, 23.06278227086006], [72.59706349153434, 23.06278198168635], [72.59706336794784, 23.062781689110206], [72.59706325421128, 23.062781391267183], [72.59706315224336, 23.062781089992054], [72.59706306006129, 23.0627807870602], [72.59706298159858, 23.06278048072591], [72.5970629129217, 23.062780172734914], [72.59706285601347, 23.062779861311807], [72.59706281279254, 23.062779548291328], [72.59706277932537, 23.06277923541923], [72.59706275954552, 23.062778920949757], [72.59706274951942, 23.06277860662865], [72.59706275318064, 23.062778290710185], [72.59706276851428, 23.062777976774854], [72.59706279363375, 23.062777661182803], [72.59706283234435, 23.062777349408613], [72.59706288275943, 23.062777037812488], [72.59706294484695, 23.062776728199463], [72.5970630186069, 23.062776420569566], [72.5970631040393, 23.062776114922798], [72.59706320111204, 23.062775813064214], [72.5970633098572, 23.062775513188768], [72.59706342825993, 23.06277521887692], [72.59706355830302, 23.062774928353278], [72.59706369998646, 23.062774641617814], [72.59706385135954, 23.062774358640905], [72.59706401430883, 23.062774083062326], [72.59706418501301, 23.062773810310077], [72.59706436924418, 23.062773544985863], [72.59710933515746, 23.062710680250834], [72.59710937916425, 23.062710619530964], [72.59710942315499, 23.062710559713615]]]}}, {"type": "Feature", "properties": {"objectid": 2, "zone_name": "EAST ZONE", "zone_id": "4", "st_area(shape)": 75886893.8169513, "st_length(shape)": 62335.103936770116}, "geometry": {"type": "Polygon", "coordinates": [[[72.67924847228318, 22.93248572982566], [72.67924825413961, 22.932485603849727], [72.67924812961435, 22.93248553251024], [72.67924783519337, 22.932485363888343], [72.67924765371137, 22.93248526011664], [72.67915082256515, 22.93242960159864], [72.67908903403287, 22.932394085904868], [72.67907965686274, 22.932385520796753], [72.6790531598568, 22.93236132009302], [72.67889007128076, 22.932411170528493], [72.6788558066676, 22.932439327903644], [72.6788473897813, 22.932446245064494], [72.67882524374637, 22.932488370483007], [72.67883792232914, 22.932596857068496], [72.67884336805632, 22.93264345338654], [72.67883831459595, 22.932643305427177], [72.67852408540493, 22.932634097486304], [72.6782765164577, 22.932627543616466], [72.67808519786617, 22.932622477912524], [72.67801074583443, 22.932627641399307], [72.67778953278608, 22.932642983348522], [72.67778906922221, 22.93264301628859], [72.67778760395191, 22.93264303005389], [72.67778009043522, 22.93264309975218], [72.6777752657068, 22.932643142895724], [72.6777673086244, 22.932643216032655], [72.67775583704643, 22.932643321695025], [72.67773119672084, 22.93264354158228], [72.677707635503, 22.932643757397358], [72.67770649877697, 22.932643767845033], [72.67765259001655, 22.932644267160423], [72.67756208585207, 22.932645093919824], [72.67750298380729, 22.93264564266331], [72.67749085999942, 22.93264575591329], [72.67742569322178, 22.932646355794127], [72.67737798581753, 22.9326467950178], [72.67729869725261, 22.932647665725852], [72.67719931942261, 22.932648756915697], [72.67718700030113, 22.932648891659557], [72.67700686566641, 22.93265087066745], [72.67697455084728, 22.932651226356363], [72.6768821916118, 22.932652062582886], [72.67657621131465, 22.932654833864348], [72.67655919434112, 22.932582820389268], [72.67641743299444, 22.93198289472003], [72.67638822082004, 22.931971664553725], [72.67594588766868, 22.931801599592973], [72.67587271179781, 22.931812484880794], [72.67568588180286, 22.931840275652043], [72.67562499830773, 22.931849332087193], [72.6754248262977, 22.931879107434497], [72.67533165457435, 22.93189296596593], [72.67519343727027, 22.931675682481703], [72.67513783038721, 22.931588265468633], [72.67499290779757, 22.93155764325194], [72.67440494040349, 22.93143340759764], [72.67418922570342, 22.931387825444844], [72.67343001139818, 22.931227399615796], [72.67339746320937, 22.93085287248785], [72.6731932605921, 22.930849878244377], [72.67285415135164, 22.930850176896854], [72.67253570400857, 22.93049816494619], [72.6723267389554, 22.930267174903], [72.67196559276704, 22.93031963360425], [72.6719634215369, 22.930319949339133], [72.67145116487364, 22.930394356738578], [72.67107314085787, 22.930449265142702], [72.67070670302796, 22.930392978703185], [72.67058962922736, 22.93036523876419], [72.67055684739265, 22.93029864875546], [72.66965426181004, 22.929941018380813], [72.66948020286311, 22.92987205093616], [72.66935737953632, 22.92982338388792], [72.66930365018737, 22.929802093297134], [72.66919183871042, 22.929757789632276], [72.6691761169334, 22.929751561211944], [72.66916196357053, 22.929745953500596], [72.66916183871373, 22.92974590201104], [72.66915314375181, 22.92974245820393], [72.66915001953313, 22.929741220579366], [72.66887604263546, 22.929632659262683], [72.6688017013718, 22.92973317056517], [72.66848529498242, 22.929501531033054], [72.66830764409715, 22.92964685549016], [72.66778342968033, 22.929825640903726], [72.6678483507948, 22.930364060348392], [72.66791212756199, 22.930597239362815], [72.66787713219317, 22.930612086653245], [72.6678724673881, 22.93061406570775], [72.66783302331696, 22.930629940929006], [72.66766896441631, 22.930695971176558], [72.66743114385072, 22.930680447915435], [72.66689081487846, 22.930645177366756], [72.66674005897715, 22.930640381291802], [72.6657955024754, 22.930610326976712], [72.66579519950665, 22.930610317102996], [72.66540619331462, 22.930597936782533], [72.66536286725423, 22.930596558110295], [72.66530472283398, 22.93059470680152], [72.66529325485979, 22.930533291195744], [72.66528468112509, 22.930487374569946], [72.66524565918198, 22.930278397278617], [72.66504804535079, 22.930272063316547], [72.66500428606119, 22.93027066102482], [72.66496284923282, 22.930269332621343], [72.6647355989172, 22.93026204754504], [72.6646204448043, 22.93025835574934], [72.66431767505505, 22.930248649499624], [72.66431465437309, 22.930244333764804], [72.66380123838817, 22.929510840208003], [72.66339182859568, 22.92892593001609], [72.66336415615662, 22.928725199864473], [72.66330319027219, 22.92828296640546], [72.66324477045796, 22.92785919620048], [72.66321905627048, 22.927672675557027], [72.66318593656658, 22.927601599493087], [72.66314748563661, 22.92751908917138], [72.6630985463866, 22.9274140704185], [72.66296392655894, 22.92712518157603], [72.66293808506063, 22.927069725917544], [72.66281364288362, 22.92680268267764], [72.66279593303696, 22.92676467740866], [72.66279137848906, 22.926763247064923], [72.66279274018443, 22.92675972352657], [72.66283685969206, 22.926645524769857], [72.66295175521249, 22.926348131235557], [72.66305831577635, 22.926072309755938], [72.66309453273621, 22.925819326717004], [72.66310011210973, 22.925780350799734], [72.66314578527309, 22.925461313545576], [72.663205661057, 22.92504305980267], [72.66321453789367, 22.92482004791201], [72.66321999805639, 22.924682879719064], [72.66323908545597, 22.924417213338565], [72.66324078972336, 22.92439349680162], [72.66325056877315, 22.92431862672931], [72.66326730588247, 22.92419048489549], [72.66337436538538, 22.92411832002948], [72.66337586664552, 22.92408501789789], [72.66337816222568, 22.924034108798587], [72.66335734863276, 22.924013060834827], [72.66330735287428, 22.923962504991668], [72.66327141657382, 22.923926161680445], [72.66327187759032, 22.92392127695344], [72.66329734161197, 22.923651310354668], [72.66330496654945, 22.92357047427384], [72.66330606124407, 22.92355887823416], [72.66331742366066, 22.92330958367567], [72.6633462076694, 22.92316727956757], [72.66343451002137, 22.922730739250603], [72.66345934999977, 22.92260793497287], [72.6634714291585, 22.922548218356674], [72.66342543544336, 22.9225341541631], [72.66320431825707, 22.92246653998728], [72.66315452395688, 22.922224327822434], [72.6631493342841, 22.92219908512153], [72.66324261747158, 22.921975810810842], [72.6632549535181, 22.921946283102272], [72.66319543128276, 22.92177291272341], [72.66317831611005, 22.9216732342419], [72.6631743676518, 22.921650236185886], [72.66313754973334, 22.921613049299253], [72.66313414806429, 22.921592152948087], [72.6630984460803, 22.92137280378158], [72.66309794140331, 22.921367850666364], [72.66306905135946, 22.921084199540505], [72.6630693152009, 22.921074900697878], [72.66307259438149, 22.92095927971186], [72.66308250199624, 22.920836679955094], [72.66308675583899, 22.92078405180426], [72.66304776410517, 22.920758089351462], [72.66302107129269, 22.92074031694253], [72.6629800415068, 22.920712996410455], [72.66292254894734, 22.9206747142183], [72.66293332860069, 22.92064693586087], [72.66302575970136, 22.92040873705728], [72.66304338889867, 22.9203633054426], [72.66304649503077, 22.9203552997631], [72.66303601973706, 22.92028348817416], [72.66293971137706, 22.920086998257165], [72.66290994870418, 22.9200262765051], [72.66288527709135, 22.919963652515786], [72.66288158887686, 22.91995429006857], [72.66284901695032, 22.919871609020344], [72.66277787526843, 22.91969102451312], [72.66277125444041, 22.919674217510643], [72.6627656656207, 22.91966003126129], [72.66275229972057, 22.919626103950822], [72.66274809132041, 22.91961542022922], [72.66269216854242, 22.919474612618984], [72.66268713747085, 22.919461945912143], [72.66264407972844, 22.919353529743695], [72.66261928888102, 22.919291108008288], [72.66257651708511, 22.919183413784587], [72.6625670239744, 22.919159511599492], [72.66256526849557, 22.91915509078959], [72.66255973854214, 22.919141168124497], [72.66254292080343, 22.91909882167222], [72.6624897664785, 22.91890127058804], [72.66246462319526, 22.918807825228665], [72.66245951445183, 22.91878883939169], [72.66242188255931, 22.918648976370953], [72.66240153473122, 22.91857335300004], [72.66239155367231, 22.918536258741234], [72.66238970847026, 22.9185293998795], [72.66238329416151, 22.918505561984116], [72.66235965631085, 22.918417711029203], [72.66234995012921, 22.918381638302225], [72.66234724093576, 22.91837156980771], [72.66232690231641, 22.918295981776502], [72.66232581752973, 22.918291950931515], [72.66232147478028, 22.91827581034479], [72.66231135814589, 22.91823821301744], [72.6623084519962, 22.918227411235296], [72.66230595996606, 22.918218148551247], [72.66230215136275, 22.91820399302056], [72.66228499934071, 22.918140245537423], [72.66228241384792, 22.9181322264748], [72.66228205944886, 22.918131126127054], [72.66228027421698, 22.918126111719758], [72.66227452613764, 22.918109966687812], [72.66227143263875, 22.918101279274875], [72.66226608815792, 22.918086264205495], [72.6622653836715, 22.918084209831346], [72.66222367394263, 22.917962538272995], [72.66211747761439, 22.917652756535706], [72.66202904379526, 22.917394788652537], [72.66201578046271, 22.917356098593782], [72.66185126834512, 22.91687620406404], [72.66184903800364, 22.916869697947895], [72.66178751758895, 22.916690237115493], [72.66165055780726, 22.916176188050876], [72.66090528534801, 22.916318898005976], [72.65957828756193, 22.916109436472116], [72.65932669529474, 22.915894324298918], [72.65907159209256, 22.915733503779823], [72.65783549447002, 22.915449525814783], [72.65746557345615, 22.915405251906698], [72.65713754794402, 22.915766364200046], [72.65679401452759, 22.916189353884704], [72.65469249654564, 22.918430477182202], [72.65419524229095, 22.918914251101256], [72.65365719390654, 22.91944567337305], [72.65314811928867, 22.919956500557237], [72.65257083832223, 22.920534395353], [72.6521297742268, 22.920988895252083], [72.6515849363301, 22.921554127832582], [72.65102321346518, 22.922126274906987], [72.65015368057074, 22.922976448405198], [72.64925067831884, 22.923897542701077], [72.64861192949246, 22.924568387124346], [72.64807242278569, 22.925106930260363], [72.64748758604841, 22.92576136952191], [72.6469557751911, 22.926450989823692], [72.64668912423114, 22.926838785290258], [72.64622962729118, 22.927521830693827], [72.64595131815128, 22.928034345759038], [72.64571021645968, 22.928464527145426], [72.64517242364435, 22.929409712951767], [72.64172946498768, 22.930481613062504], [72.6411428353012, 22.930698404229467], [72.64109095272869, 22.93068039186525], [72.64089828713902, 22.930613502552706], [72.64031222300734, 22.930724750751217], [72.63993451443652, 22.930793183166383], [72.63983100369565, 22.930771175833655], [72.6397265218249, 22.930761107264477], [72.63952261969737, 22.930825913458907], [72.63949946458469, 22.93083327271976], [72.63925227764378, 22.93089379086316], [72.63872046218766, 22.931074584923856], [72.63836307117415, 22.931221493244582], [72.63783980193901, 22.931443669987768], [72.63763621055604, 22.931492939905734], [72.63745669574696, 22.931535564913414], [72.63742905497061, 22.93154212759141], [72.63709653608605, 22.93160689232451], [72.63681648582254, 22.93169596602828], [72.63646376042121, 22.931662047921137], [72.63576689881045, 22.931762108985254], [72.63507071535491, 22.932017433778796], [72.6350043618681, 22.932044739838318], [72.63485703611049, 22.932106191246387], [72.63468939021618, 22.932176118542166], [72.63413291209852, 22.932408230115318], [72.63398771179624, 22.932567964532666], [72.63364644332323, 22.932705719051768], [72.63336450066772, 22.9329021638646], [72.63296488876973, 22.93310258644685], [72.63225828909157, 22.933412355485675], [72.6320518249494, 22.933481216566275], [72.631870888629, 22.93354156389012], [72.63144338626816, 22.93368404974622], [72.63093898826469, 22.933852162680267], [72.63090379433096, 22.933863892824625], [72.63090422094655, 22.9338639669057], [72.63087944284318, 22.933872230496366], [72.63087086908743, 22.93387508987221], [72.63067603927858, 22.9339400700676], [72.63035048989566, 22.934048645385555], [72.63021157994626, 22.934094973901452], [72.63021169735356, 22.934094556750967], [72.63017090849245, 22.934108127043736], [72.63004029957297, 22.934151580255016], [72.62989314197401, 22.93418034839375], [72.62986509324006, 22.934282107664316], [72.62978809737831, 22.934519826605847], [72.62970350144397, 22.934786692925556], [72.62962146235724, 22.935017767539748], [72.62953354765824, 22.935260459231127], [72.62948782509626, 22.935372757341955], [72.62940107041045, 22.935611049704246], [72.62924945051157, 22.93583164903762], [72.62904175225847, 22.936029195568544], [72.62881827165121, 22.93615556129258], [72.62857312590822, 22.9362735976082], [72.62835854026045, 22.936483346362795], [72.62816791190949, 22.936669678374052], [72.62795424585659, 22.936957903393775], [72.62764491787502, 22.937392797042826], [72.62719572954019, 22.938009526387383], [72.62691511348385, 22.938424542623935], [72.62668652358815, 22.93874001290917], [72.62638575390419, 22.939201305934276], [72.62613967267289, 22.939558315325783], [72.62593493082169, 22.93983711605684], [72.62585812647592, 22.939935973310696], [72.62541058547116, 22.94031600653336], [72.6250740246699, 22.94058518666497], [72.62490726024872, 22.9407402305628], [72.62486681218947, 22.940774229526557], [72.62467953565377, 22.94099116582696], [72.6243784447115, 22.941307694991707], [72.62428990830782, 22.94141529264873], [72.62401112485823, 22.94169489262932], [72.62391924355605, 22.9418167719935], [72.62376809734215, 22.94196499480923], [72.62349941997407, 22.94219744888046], [72.62330328431348, 22.942352163577585], [72.62308481244655, 22.942545239369622], [72.6229007040776, 22.942724982579648], [72.62266549118947, 22.94297070854664], [72.62243751448435, 22.943179998781208], [72.62213758043467, 22.943514580128117], [72.62202168597369, 22.9436525797773], [72.62184192519238, 22.943903084544058], [72.621754213874, 22.944086053683154], [72.62173619265168, 22.944123646226956], [72.62163663495905, 22.944359826860914], [72.6216285034007, 22.944382396943077], [72.62145280242514, 22.94466068897965], [72.62141244378253, 22.94474816232622], [72.62135482687984, 22.94489480490062], [72.62123612091872, 22.94514223765088], [72.62115725818664, 22.945340642497523], [72.62103785347377, 22.94569130486032], [72.62101875638105, 22.945764415567034], [72.62083357001814, 22.946261919862792], [72.62073177022009, 22.946494895370652], [72.62062002090313, 22.946728717300015], [72.62049084802413, 22.94706525433157], [72.62035918855591, 22.9474406891548], [72.62024756278845, 22.94770296354425], [72.62007150074363, 22.948032316993046], [72.6199811511323, 22.948209144876433], [72.61995915885431, 22.948258516910876], [72.61984631635184, 22.94859747219781], [72.61970660363826, 22.948990700568054], [72.61957909527632, 22.949339963010704], [72.6194725595548, 22.94962852953175], [72.61935813622242, 22.949935122985114], [72.61934670657628, 22.949980994402903], [72.61929072037807, 22.950232283581613], [72.61919024822359, 22.95056453091955], [72.61908278606452, 22.950831117887507], [72.6190110158198, 22.95107941903899], [72.6190075229128, 22.951091503885664], [72.61899853568, 22.951175198789823], [72.61903221184913, 22.95119607082021], [72.61924498582323, 22.95114036671094], [72.61951675219743, 22.951069580050298], [72.61984757178577, 22.95095750121973], [72.62023121071874, 22.950848603202115], [72.62068663841873, 22.95069061888642], [72.62124458744368, 22.950495952744667], [72.62175547414499, 22.950337602723614], [72.62187448562089, 22.95031669561984], [72.6220771147155, 22.95030779028209], [72.62215167287462, 22.95030927217698], [72.62232205967827, 22.950312657724467], [72.62269553894726, 22.95034214477668], [72.62282819087433, 22.95035249344852], [72.62309009612494, 22.950368527986253], [72.62356579948207, 22.950334094556], [72.62402425331739, 22.95026810995039], [72.62415289635962, 22.950224188438437], [72.62417020013582, 22.950220206314963], [72.62442042079118, 22.950143219860397], [72.62475655353764, 22.950029243603], [72.62515407445977, 22.949923186345902], [72.6254567435002, 22.94986517611871], [72.62593001297094, 22.94988038135077], [72.62643435527012, 22.94994884195094], [72.62683413647926, 22.950026035388156], [72.62719208907066, 22.95011427343867], [72.62721462685052, 22.950118831312132], [72.62776501135639, 22.950217666468554], [72.62849859390185, 22.950317586658233], [72.62898940216444, 22.95038816795172], [72.62924392610279, 22.95038029207581], [72.63012176889777, 22.950289663360238], [72.63058473543916, 22.950299943921074], [72.63113793736494, 22.95051486130789], [72.631960082058, 22.95081382847015], [72.63213433336361, 22.950824804198575], [72.63213582273251, 22.950824423785896], [72.63292545286184, 22.95062277716033], [72.63392477338044, 22.950425001154198], [72.63227685585483, 22.952388456825922], [72.63186295330637, 22.953404937686482], [72.63116698466604, 22.95488300545915], [72.63057049315398, 22.956224161416255], [72.62995877669792, 22.957597682408576], [72.62933649088215, 22.959020260305], [72.62868432665144, 22.960497409282624], [72.62805385750673, 22.961869861798906], [72.62751973901749, 22.963193837683562], [72.62686619996747, 22.964509700469407], [72.62651757361995, 22.9652688489528], [72.62622359313477, 22.96593378277944], [72.62593119317796, 22.96657732223408], [72.62571393732745, 22.967077462007563], [72.62538229682048, 22.9678142063739], [72.6251439882593, 22.96834283265595], [72.62495064121605, 22.968778496060327], [72.62474244959932, 22.969236867863522], [72.62451265582364, 22.969750332306848], [72.62411966084375, 22.970627294883112], [72.62392197917085, 22.971074357097738], [72.62371692485, 22.971529907600605], [72.62350158860859, 22.972015726201487], [72.62331974588163, 22.972424242227117], [72.62315020089031, 22.972796242550658], [72.62290104432614, 22.973339272496258], [72.62250542753726, 22.974217384373553], [72.6218244820128, 22.975729225754723], [72.6213051551978, 22.976894266673064], [72.62099080242493, 22.977609014102242], [72.62068798166617, 22.97828380336858], [72.62046402115516, 22.978786359843365], [72.62012427033727, 22.97953655278618], [72.61987291865613, 22.980100323599345], [72.6195622473203, 22.980780725500615], [72.61929452306391, 22.98138059753961], [72.61927649180008, 22.981420998635098], [72.6192752752511, 22.981420479296265], [72.61927294605364, 22.98142530497097], [72.6194008435669, 22.981480063604746], [72.61940797052623, 22.981483221279458], [72.6196519777343, 22.981591326978617], [72.62011564907114, 22.981787945523102], [72.62013396086174, 22.98179595404399], [72.6202508764685, 22.981845398362026], [72.62057555877134, 22.981989421142316], [72.6212208234683, 22.982267001181928], [72.62174708485736, 22.982489884210924], [72.6220660003716, 22.9826200768973], [72.62243080283194, 22.982781772217216], [72.62257753744542, 22.98284416903841], [72.62292975674323, 22.983061569641922], [72.62357516851428, 22.98351402849668], [72.62374370763091, 22.983647556496777], [72.62454585649476, 22.98437053092808], [72.62491707772978, 22.98470900403334], [72.62493379134455, 22.984724243907937], [72.62388894312659, 22.984847560815275], [72.62315911333678, 22.98490468777988], [72.62219662729342, 22.984988176137293], [72.62134269911836, 22.985060151372885], [72.62040982817747, 22.985122774570296], [72.62040243192736, 22.98512267428065], [72.6203380422707, 22.985374612196967], [72.62028785400037, 22.98559531797432], [72.62028181766843, 22.985627612562748], [72.62023717040577, 22.98583748398649], [72.62021380077886, 22.985956446140783], [72.6202015169448, 22.986039029472444], [72.62019706780568, 22.98607556398397], [72.62018479125989, 22.986176365045598], [72.62017324390719, 22.98628768837453], [72.62016112478555, 22.98637844903552], [72.6201418415724, 22.98650714698242], [72.62009816658573, 22.986691611850976], [72.62008432139746, 22.986742547477622], [72.62007107058027, 22.9867592993476], [72.62003490506885, 22.986805019011648], [72.61999327834272, 22.98684320939047], [72.61976593422634, 22.98695772382993], [72.61971554443589, 22.98698310529437], [72.61969870481387, 22.986990701151587], [72.61969830606702, 22.986990863982303], [72.6195410042921, 22.98706794527175], [72.61930625536598, 22.9871766835234], [72.61918197481602, 22.987238712773657], [72.61893029237216, 22.98735675019712], [72.61859017998, 22.987515259858537], [72.6184301081571, 22.987595262192364], [72.618164517183, 22.987733990770042], [72.61791528678843, 22.98785922975057], [72.61776029881554, 22.98794348777924], [72.61756416373485, 22.98805698403598], [72.61741428060667, 22.9881520988199], [72.61740312794254, 22.988160617769346], [72.6175013810519, 22.98823662295603], [72.61759462721169, 22.988303952695375], [72.61769951952954, 22.988383878299036], [72.61786765087294, 22.98850631819545], [72.61797663655311, 22.988588216435282], [72.61812490069642, 22.98869602621083], [72.61819208105659, 22.988749109223168], [72.61822822139435, 22.988777361510973], [72.61830550187024, 22.98884301710753], [72.61842519219294, 22.98896186155548], [72.61852102337302, 22.989058372071867], [72.61864774410644, 22.98918831008011], [72.61874305154043, 22.98928528928412], [72.61882721821688, 22.98937015868121], [72.61892353427469, 22.98946846653262], [72.61899273795581, 22.989538658846094], [72.61904635418476, 22.98959285207623], [72.6191525908661, 22.98969725300296], [72.6192678072497, 22.989819521672988], [72.6193292414948, 22.98988404302808], [72.61940012757069, 22.989961247253913], [72.61947099898288, 22.990039347713267], [72.6195450577386, 22.99011958513906], [72.61957543398333, 22.990152885640914], [72.6196658550455, 22.99027396249922], [72.61977043520835, 22.990429677731388], [72.61983233452986, 22.990522869830876], [72.61990201151656, 22.990632302829944], [72.61995631378095, 22.99071731959869], [72.62001087075778, 22.990806221320813], [72.62006791833298, 22.99090023690825], [72.62011907017259, 22.990981025414413], [72.62017981348194, 22.99108494968], [72.62022177240713, 22.99115664331678], [72.62029969574142, 22.99127191573891], [72.62056527672266, 22.991658433317458], [72.62059317445072, 22.991700928456588], [72.62076954105405, 22.991601892440457], [72.62080623699352, 22.9915917356802], [72.62094269579093, 22.99158828063613], [72.62144063744356, 22.991602766739437], [72.62155857271733, 22.991606481933143], [72.62157433198264, 22.991606978647443], [72.62158276230045, 22.991606741443047], [72.62187202828399, 22.99160984282821], [72.62216169904278, 22.991606429730236], [72.62243535377213, 22.991596804494584], [72.62276986552062, 22.99157600841341], [72.62293401839852, 22.991629730167904], [72.62307166790207, 22.99224824313567], [72.62309456062228, 22.99236465730813], [72.62311715937683, 22.992482657802807], [72.62324560829315, 22.993207437701674], [72.62327089696568, 22.993355771173718], [72.62339047643204, 22.99397300520747], [72.62339731974214, 22.99400832803123], [72.62339815825946, 22.99401223259611], [72.6234698686405, 22.994378457095685], [72.62348653008607, 22.994476859795668], [72.62390783146691, 22.994370618697836], [72.62407471225485, 22.99423276250095], [72.6242533794382, 22.994108385742873], [72.62431731762014, 22.994067214015423], [72.62445573815825, 22.993987994376226], [72.62454934595146, 22.993944280307232], [72.6247931980429, 22.993845058754644], [72.6254275318276, 22.993588227295387], [72.62572216179497, 22.99344993494725], [72.62572839768995, 22.993516500934632], [72.62578517029723, 22.994083991999716], [72.62578658495096, 22.994097052395233], [72.62584361459584, 22.99454936498599], [72.62585296208184, 22.994649721690955], [72.62592836433838, 22.995387861796964], [72.62593250136987, 22.995425354037955], [72.62595048523282, 22.9956044039485], [72.62601721658977, 22.99626881118382], [72.62603541914432, 22.99641925815238], [72.6260703037695, 22.996718550283685], [72.62610206644541, 22.996861961897714], [72.6261387768599, 22.996938949945285], [72.62622645134468, 22.99708103405092], [72.62644107022048, 22.99732089270243], [72.62645192007783, 22.997331206482507], [72.62645553064499, 22.997334024092694], [72.62641717331834, 22.997368562645132], [72.62639401663066, 22.99738941418338], [72.62625584123536, 22.99751383512425], [72.62616824350296, 22.997592712255834], [72.62616602610443, 22.997594709411327], [72.62604890266329, 22.997700172763132], [72.62604733622656, 22.99770158292523], [72.6259674921934, 22.997773478359033], [72.62595921708612, 22.997780929686805], [72.62589056099998, 22.997842751450918], [72.62584120159585, 22.997887196520026], [72.62583670041697, 22.997891249409843], [72.62581442139376, 22.997911310517217], [72.62573107959429, 22.99798635559915], [72.62570029950359, 22.99801407135435], [72.62568470832878, 22.998028109933255], [72.62566364695489, 22.998047074316464], [72.62564503813606, 22.998060356225157], [72.6253194093816, 22.998352698221805], [72.6252829870626, 22.998388081613705], [72.62490556981105, 22.998728748293445], [72.62460841750627, 22.99901857448055], [72.62452410425834, 22.999279585953072], [72.62450578055335, 22.999290269206984], [72.62448819379509, 22.9993005238524], [72.62448729781127, 22.99930051131041], [72.62447353645481, 22.99930482243252], [72.62446656653545, 22.99930700644644], [72.62443457982842, 22.999329917151265], [72.62441980662851, 22.99934049839106], [72.62440826588538, 22.999354160647414], [72.62440473943505, 22.99936447279669], [72.6244001503789, 22.999376769608993], [72.62439665757627, 22.9993981370712], [72.62438544132146, 22.99957266090645], [72.62433288705883, 23.000176929074215], [72.62432834730649, 23.00020940875326], [72.62431299524344, 23.00031925877957], [72.62429950695869, 23.000480722859628], [72.62429837057358, 23.000483801512367], [72.62428590233591, 23.00065957585587], [72.62428142228988, 23.00071626595499], [72.62427732705291, 23.00076807767163], [72.62426933376423, 23.00085392428723], [72.62426865642333, 23.000861195216945], [72.62426141479267, 23.000948947189105], [72.62425623293656, 23.0010058389101], [72.6242494554086, 23.00108139918944], [72.62424220374068, 23.001148894847287], [72.62423716750054, 23.001214287724856], [72.62422869589392, 23.001297594793765], [72.62417726801397, 23.00149078443404], [72.62413799642255, 23.001618296226848], [72.62409522561668, 23.001757171406734], [72.62409165318398, 23.001779513582566], [72.62409176777301, 23.00178037657506], [72.62406479118273, 23.001868426350256], [72.62402170058182, 23.00200906889517], [72.6240186335052, 23.002020039744], [72.62398635285751, 23.002125336447037], [72.62393231552348, 23.002301598975087], [72.62393227143934, 23.002301499005213], [72.62392474394095, 23.002326153464026], [72.62391031180972, 23.002373418759372], [72.62389883334518, 23.002411010636497], [72.62381736707972, 23.00237596969906], [72.62378820935719, 23.002363428141102], [72.62377016594328, 23.002509013849124], [72.62375331259695, 23.0026450034853], [72.623743463489, 23.002730872724385], [72.62373647587687, 23.002791788158927], [72.62373263567393, 23.002821059811644], [72.62370370618234, 23.003041551794258], [72.62367443225052, 23.00325748215173], [72.62366521158029, 23.003311979441815], [72.6236456883774, 23.003475157439627], [72.62363957540241, 23.003505122621675], [72.62363159701624, 23.003516093752378], [72.62356871031633, 23.003521847492298], [72.62351583526848, 23.003524539355077], [72.62330330537498, 23.003540976103917], [72.62307961899324, 23.003560133992778], [72.62301925246751, 23.003562313249514], [72.62281165997159, 23.003575917358102], [72.62279817263185, 23.003576807188317], [72.62246912762718, 23.003620292217676], [72.62210931834063, 23.003688237991707], [72.62189642048497, 23.003733769056268], [72.62164861761327, 23.003827503085503], [72.62132521584482, 23.003950436507445], [72.62089351856928, 23.004113066254586], [72.62064080832225, 23.004196887936313], [72.62049101866914, 23.003861580752474], [72.62010340725965, 23.003990118680093], [72.62003242170806, 23.00400583980251], [72.61986303027429, 23.003586471162958], [72.6197188186134, 23.003276165443186], [72.61970532235068, 23.003236549881883], [72.61959405943142, 23.002960181048472], [72.61953002810758, 23.002786039538805], [72.61950102939622, 23.002453580039138], [72.61947070721122, 23.002049440030685], [72.61892133710013, 23.001919117000618], [72.6186431091646, 23.00190558854256], [72.61793786873442, 23.00187981218947], [72.61777846401101, 23.00187669741134], [72.61757540302864, 23.001877639837662], [72.61718454753756, 23.00190287076804], [72.61705571302217, 23.001914785694492], [72.61695408908848, 23.00192734940251], [72.61676458021937, 23.001956346122647], [72.61654139304623, 23.001999960988346], [72.61645442403942, 23.002015491340625], [72.61624082869801, 23.002061557750803], [72.61598633132287, 23.002127636777075], [72.61586962106918, 23.002161708312354], [72.61572854030734, 23.00219505517078], [72.61565588102994, 23.002211159018135], [72.61553330806228, 23.002226510951974], [72.61542548143555, 23.002239576963312], [72.61527039916261, 23.002254797362443], [72.6151026424781, 23.00227027082484], [72.61480102049235, 23.002296506121038], [72.61473183779269, 23.002301845505887], [72.61423511818195, 23.002347641905622], [72.61429649148758, 23.00242309279799], [72.61430088512209, 23.002429452414564], [72.61440471040909, 23.00256374369693], [72.61447927300114, 23.00272413524642], [72.61452991960189, 23.002838773716103], [72.61457972791493, 23.002955612296372], [72.61463862750395, 23.003083695883973], [72.61469536611428, 23.00322464605442], [72.61474703438877, 23.00334581264794], [72.61481176470636, 23.00349039148697], [72.61488821049261, 23.00368133664839], [72.61495012231273, 23.003828932555447], [72.61501459720579, 23.003977523127517], [72.6150696426266, 23.004104712534925], [72.61518851384159, 23.004388260266843], [72.6153576961923, 23.004698732608635], [72.61534573089821, 23.004706954671185], [72.61534577798064, 23.004707050174247], [72.6153412995608, 23.004709999849666], [72.61514884501737, 23.004836742735638], [72.61501403487836, 23.00492217259619], [72.61492466357439, 23.00498025520786], [72.61484970732, 23.00502861880845], [72.61475176083805, 23.005093069517027], [72.61467492698222, 23.00514255128177], [72.61461753642678, 23.00517799413764], [72.61449880765532, 23.00525447088663], [72.61449397528472, 23.005257415200646], [72.61435445753052, 23.00534619056972], [72.61428530439582, 23.005390234791427], [72.61422441604357, 23.00558787356297], [72.61403124104626, 23.005813542425752], [72.6137624904958, 23.00602761719645], [72.61346710263739, 23.00623336504419], [72.61346830348991, 23.006235618474967], [72.61363383892358, 23.006581966080535], [72.61375915762017, 23.00679214602616], [72.6142018551279, 23.007479227046375], [72.61437685642875, 23.007667239871374], [72.6145679358467, 23.007842685996465], [72.61483537677108, 23.00804997607017], [72.6148947974018, 23.00809603219029], [72.61512008414672, 23.00826654307261], [72.61533951097135, 23.008456254528532], [72.61564098444687, 23.008750769840997], [72.6158680371402, 23.009054215263856], [72.6159963400571, 23.00924174692955], [72.61609951936633, 23.00940709841005], [72.61618062086826, 23.00960640460415], [72.61633513661512, 23.00999091678669], [72.61653752948766, 23.010499643598596], [72.6166307436097, 23.010701694202396], [72.61640432446913, 23.010737697335127], [72.61547164686151, 23.010729617193487], [72.61515821275393, 23.010710498831678], [72.61489582315669, 23.010693230757717], [72.61390764450522, 23.010569173116295], [72.61323167187675, 23.01050447561114], [72.61266762102557, 23.010444372556965], [72.61209750670163, 23.01037700963841], [72.61193993023859, 23.010357433547668], [72.61163510901646, 23.010347100574656], [72.61118146952919, 23.010347419749863], [72.61116698452962, 23.01034777075608], [72.61056190854522, 23.010362429741313], [72.60981377773284, 23.010381229064436], [72.60951491779674, 23.010392913618393], [72.60938757016477, 23.010792943490866], [72.6092178377878, 23.011329461792243], [72.60918256140428, 23.01144754237456], [72.60914118467262, 23.011572477771196], [72.60898819090785, 23.012074916216907], [72.6089715855438, 23.01218449375333], [72.60897285532988, 23.01232541553903], [72.60898346303166, 23.012447223642102], [72.60901153419948, 23.012830626358397], [72.6090129960652, 23.012850596572957], [72.6090151996977, 23.012870535564574], [72.60907181980643, 23.013486926545475], [72.60908857725599, 23.01372529243434], [72.60889434679908, 23.01376562921609], [72.6086582888176, 23.01382493957361], [72.60842692685041, 23.01389214685565], [72.60815772972641, 23.013968336115834], [72.60808971826263, 23.013991194112517], [72.60792070186889, 23.01406412064716], [72.60778964480917, 23.014120899361913], [72.60759709792185, 23.014214788319702], [72.60748385028789, 23.01427129887707], [72.60735613992573, 23.01434311777724], [72.60728089823895, 23.014388194837775], [72.60707810058565, 23.014551083802925], [72.60706810187347, 23.014128916831748], [72.6070676478332, 23.013440756367356], [72.6069390301664, 23.01348383891095], [72.6063172392361, 23.013692115994225], [72.60489966757342, 23.013475783728772], [72.60486723390291, 23.013553767037337], [72.60470424071384, 23.01390515696073], [72.60447938943413, 23.01439361623064], [72.60423456881388, 23.01493022005816], [72.60393785802293, 23.015599322877556], [72.60379257234153, 23.015935354107217], [72.60351646025885, 23.016548396584597], [72.6032888426461, 23.01704560650713], [72.60304383333205, 23.017592237532433], [72.60298497756001, 23.0183368474398], [72.60294416015729, 23.01842687003537], [72.60280471598394, 23.018734412371114], [72.60280221221248, 23.01873993381369], [72.60257766862026, 23.019235159269833], [72.60254096204929, 23.01931611500073], [72.6025127959946, 23.019378234339566], [72.6023816596876, 23.019722541765145], [72.60224503308676, 23.0200812600965], [72.60222094927481, 23.020144492079247], [72.6022062509942, 23.02018308473818], [72.60220586437428, 23.02018409903046], [72.6021814582848, 23.020248179255365], [72.60217945672133, 23.02026886342566], [72.60217532583488, 23.020311554221852], [72.6021616789128, 23.02037049092409], [72.6021106366236, 23.020470830579278], [72.60185908889781, 23.020965329238546], [72.60178020082014, 23.02125210234708], [72.60175777241652, 23.021353380292794], [72.6017450994021, 23.021377379305285], [72.60172969941802, 23.02143775098149], [72.60165540474394, 23.02169271251525], [72.60161949675407, 23.021846686796113], [72.6015719919897, 23.02199982348505], [72.60152943406261, 23.02225497179043], [72.60148399263251, 23.02253327531633], [72.60144127395351, 23.022714819437493], [72.60140469494142, 23.02285812150377], [72.60138502976244, 23.02296316163598], [72.60136432313467, 23.02313701370179], [72.60135153582839, 23.023237107916447], [72.60133581747012, 23.023381620940448], [72.60131834745887, 23.02358128495348], [72.60130758196635, 23.023810430088947], [72.60131105703738, 23.024049142259088], [72.60123016648753, 23.024355441543275], [72.60125696789214, 23.02470745445526], [72.601286104624, 23.025160781233573], [72.6013233285627, 23.025623785761802], [72.60136474972892, 23.02631616136307], [72.60141678999125, 23.026320405549814], [72.6022780363569, 23.026446103451583], [72.60252587851475, 23.026493602464775], [72.6030069666626, 23.026585800685158], [72.60322305433289, 23.02660261997573], [72.6035701639678, 23.02680661440129], [72.60364125948436, 23.026857853322984], [72.60369091244047, 23.0269070953705], [72.60390480993773, 23.026715819124462], [72.60400223125816, 23.026640516333043], [72.60400497051646, 23.026638398356848], [72.6040069937425, 23.026637168712114], [72.60410635900222, 23.026567320161544], [72.60422969716839, 23.026494431155687], [72.60432575652219, 23.026449083750244], [72.6043463070649, 23.02643996628727], [72.60463588550863, 23.026335640922216], [72.60463658506582, 23.026317807868235], [72.60464817875541, 23.026224158270043], [72.60466338985363, 23.026173503768792], [72.60467720383133, 23.02611746282377], [72.60472137282814, 23.02598879168138], [72.60479263459915, 23.025826249148455], [72.60487666932116, 23.025671066340973], [72.60492690277106, 23.025603153559558], [72.60500822489674, 23.025566162633318], [72.60510324317067, 23.02553700852612], [72.60524013796996, 23.025503446317913], [72.60541932208388, 23.025477549748796], [72.60552512438659, 23.02547160869388], [72.60571277237686, 23.02545417719086], [72.60578478273104, 23.025439024229925], [72.60583571297123, 23.025419253059518], [72.60589202387423, 23.02538714181627], [72.60595096357653, 23.025352203979597], [72.60605333847349, 23.025254386912206], [72.60620277393915, 23.02507827695711], [72.60629778862385, 23.024940575847015], [72.60634995443402, 23.024836265965966], [72.60644995577935, 23.02463534190001], [72.60645844499773, 23.02463978119158], [72.60685488027981, 23.0248816890818], [72.607359126159, 23.025174454382253], [72.60779472404506, 23.02540652709393], [72.608093539801, 23.02558029895218], [72.60837625776138, 23.02580579519935], [72.6086089289013, 23.02597238277253], [72.60877109368109, 23.026095342861456], [72.60900073516841, 23.026223135369598], [72.60904965171339, 23.026263307908014], [72.60906527905466, 23.02628012392483], [72.60914727339626, 23.026192899685213], [72.60929161109323, 23.026104397781452], [72.60939750191612, 23.026026575156767], [72.60954862470676, 23.025908233529947], [72.60971698185608, 23.025793779614308], [72.61008295693632, 23.025791312142296], [72.61024426752466, 23.025796088626127], [72.61054839932477, 23.025803549873718], [72.61094073085596, 23.025814492347184], [72.61119912127596, 23.0258255614315], [72.61147620147881, 23.025830461879085], [72.6117583897467, 23.02583674892466], [72.61220029587497, 23.02585734920788], [72.61223595657741, 23.025859848434287], [72.61264105482174, 23.025893194484272], [72.61279968763408, 23.025897738364957], [72.61302613143663, 23.025910277756235], [72.61303465619899, 23.025911222534173], [72.61325615877993, 23.025935779053363], [72.6132632778401, 23.02593656809055], [72.61341655834846, 23.026002832274813], [72.61351813611424, 23.025840145773437], [72.61361162617602, 23.02569704245535], [72.6137182051035, 23.02554338877073], [72.6138368771411, 23.025362447202422], [72.61395345652898, 23.025190431479363], [72.61410715344392, 23.024962245729895], [72.61424216007573, 23.024769607096054], [72.61428084209352, 23.02469793445994], [72.61432524514586, 23.024601744232285], [72.61437326506041, 23.0244394427018], [72.61440610311706, 23.024264570064343], [72.61440650570272, 23.024262866242616], [72.61440672521775, 23.024261256258857], [72.61444248503666, 23.024047673392126], [72.61449398043096, 23.023790476356943], [72.61454809997889, 23.023516119710578], [72.61459134757962, 23.023304838060287], [72.61459670970842, 23.023282807665954], [72.61459713468325, 23.02327656221875], [72.61460776510293, 23.023120247374138], [72.61462388457775, 23.02297597011261], [72.61444633227025, 23.0227002945221], [72.61430013117344, 23.022502816843165], [72.6141125011806, 23.022276648102284], [72.61402195438028, 23.0221720929106], [72.614090733429, 23.022180291287142], [72.61428598943785, 23.022184674359483], [72.6143598656138, 23.022188058149993], [72.61456250655414, 23.02218454536521], [72.61484766390849, 23.02218466443188], [72.61509223963112, 23.022181186512523], [72.61534255808309, 23.022181377077924], [72.61564773090718, 23.022180602935517], [72.61595026163982, 23.022183371579818], [72.61618568112665, 23.022186919459163], [72.61646758261992, 23.022188778584333], [72.61681321242715, 23.0221987628272], [72.61732543377063, 23.022193341501655], [72.61796045873275, 23.0222119829135], [72.61851764442625, 23.022225149008037], [72.61897454944852, 23.022217975002942], [72.61936645866011, 23.022223296677993], [72.61961969465139, 23.022229728396827], [72.6196401299985, 23.022230247161247], [72.61989563558619, 23.02224373906544], [72.62011137113264, 23.02224411854905], [72.62033759293406, 23.022235101178552], [72.62044089228539, 23.022230922358077], [72.62057117342285, 23.02221855018109], [72.62077093329731, 23.0221881133937], [72.62097101071315, 23.02213952765848], [72.62137307955956, 23.022050983331262], [72.62177430070639, 23.02195191481823], [72.62223244845984, 23.021844145712013], [72.62241814204536, 23.02179374481089], [72.6227465390053, 23.021673320344078], [72.62287322198938, 23.021623270700914], [72.623082217742, 23.02155176502345], [72.62336451339281, 23.021461607074567], [72.62361585825995, 23.02139684614005], [72.62387137312109, 23.02131920127933], [72.62425585456755, 23.02145094089771], [72.6246384402012, 23.02159317329359], [72.62478043486304, 23.021633714128676], [72.62504022908591, 23.021711663295203], [72.6252758137746, 23.021786859813606], [72.62541591817974, 23.02183243643549], [72.62551828699903, 23.02186243023813], [72.62562836950514, 23.02189868602263], [72.62577316758139, 23.021942704142223], [72.6258350104894, 23.021961504160505], [72.62589526627889, 23.021980985423074], [72.62620261119005, 23.02208268406911], [72.62629082725707, 23.022115557105785], [72.62649756034516, 23.0221909220208], [72.6268309780247, 23.02231710826937], [72.62685500515143, 23.022326461530767], [72.6269604417356, 23.022367624778926], [72.62696381003627, 23.022368940132782], [72.62700327907098, 23.02238275193884], [72.62708052898657, 23.02241003151047], [72.62710706038447, 23.022420304338414], [72.62719567623991, 23.022455438994825], [72.62741774640841, 23.022538416839797], [72.62752190453028, 23.022577302654025], [72.62764430960509, 23.022624224345414], [72.62777989020786, 23.022674031174887], [72.62797813980949, 23.022751603486768], [72.6281417163466, 23.022812347464665], [72.62825287892323, 23.022852130510824], [72.62877640560434, 23.023046734576734], [72.62892923702132, 23.023102531861575], [72.62913082109502, 23.02317434687409], [72.62915791255142, 23.0231837908744], [72.6293910284867, 23.023269999376108], [72.62975928133415, 23.02339122726035], [72.6298649798071, 23.02342755990527], [72.63007992214031, 23.023502917905986], [72.63046598396254, 23.02363467500491], [72.63047193944745, 23.023636802745926], [72.63047492233807, 23.02363751640619], [72.63059579044376, 23.023678132118672], [72.63084474000293, 23.023742055357665], [72.63110821063174, 23.023698711624746], [72.63166949023558, 23.023818817454767], [72.63182388494884, 23.023858236064637], [72.63222999019978, 23.0237897891854], [72.6326943174274, 23.02371071810178], [72.6326029633526, 23.02414066060745], [72.6327066673044, 23.024187232779383], [72.63282488673589, 23.02423761166488], [72.63283006595222, 23.02423973582914], [72.63306420840992, 23.024335784264988], [72.63318253808204, 23.02438723888546], [72.63337497920129, 23.024480410403388], [72.63367138564273, 23.02462004434478], [72.63380697675613, 23.024688000008037], [72.63397027286925, 23.02476544677903], [72.63416245492874, 23.024858772424913], [72.63431794680366, 23.024932399733054], [72.63458587610778, 23.025062529373944], [72.63472832260864, 23.025129511584595], [72.63484163340922, 23.025180293242027], [72.63496329464809, 23.025240515719393], [72.63520245577335, 23.02535552290085], [72.63535528466623, 23.02542660145573], [72.63557679971129, 23.0255323875786], [72.63580748455219, 23.025645117622727], [72.63608984940846, 23.02578465663452], [72.63631050492666, 23.025895444939497], [72.63643205757276, 23.025954589504934], [72.63676535140654, 23.026117818784538], [72.63700975817213, 23.02623552986922], [72.63721326991508, 23.026330534436543], [72.63729459426003, 23.02636578775877], [72.63750920722205, 23.02645319458034], [72.63770275266725, 23.02652774560243], [72.63797840388223, 23.026629798742192], [72.6381457755091, 23.026688431921865], [72.63873780592085, 23.02690825278715], [72.6387647554523, 23.027099608471687], [72.6387835027507, 23.027190614012294], [72.63879781459417, 23.02733928866389], [72.63882907499955, 23.027677992424852], [72.63884363147373, 23.027882596829066], [72.63884605151956, 23.028061309942764], [72.63886631436705, 23.028320306003486], [72.63888985966949, 23.02856860226016], [72.63891557705062, 23.02882553016391], [72.63893836063677, 23.029073099115557], [72.63896792377398, 23.029375946950065], [72.63898994890859, 23.02962937370892], [72.63899243102647, 23.029657937616324], [72.63899395686528, 23.029672641820508], [72.63906217778612, 23.030408948500323], [72.6390679491349, 23.03047814262145], [72.63907816897532, 23.03057864925437], [72.63912073803559, 23.03103042392234], [72.63917225697561, 23.03160118472852], [72.63921585279566, 23.032076226449423], [72.63924208330143, 23.03221492242346], [72.63926402956865, 23.032376071307848], [72.6392937327237, 23.032716599751037], [72.63931081166828, 23.032980564188815], [72.63932713313643, 23.033264429590062], [72.63945760590157, 23.033971480125228], [72.63964630129125, 23.034919920625963], [72.63973476464382, 23.035355022000644], [72.63986118634512, 23.036024072362], [72.63987314779875, 23.036082888118536], [72.63996126999885, 23.03656047124666], [72.63997348549256, 23.036600066452344], [72.64001760987503, 23.03677091832733], [72.64008597742159, 23.037105756497482], [72.64010164277204, 23.037188875074676], [72.64012291390799, 23.037355924469832], [72.64015817414435, 23.03755411367551], [72.64016338365259, 23.037585996361944], [72.64025081668582, 23.03816222045181], [72.64027452817164, 23.03839367898664], [72.64030857862753, 23.03877641331992], [72.6403175515695, 23.03887726781879], [72.64033505167562, 23.038874644549775], [72.64061457474129, 23.038933092009742], [72.64063916201096, 23.038931686728457], [72.6406429013721, 23.03893133265844], [72.64095202749687, 23.038902111996627], [72.64105979374759, 23.038883900683253], [72.64164319314236, 23.038785313940004], [72.64183540940468, 23.038691126736456], [72.64225687886461, 23.03854620344796], [72.64250746534228, 23.038460037858382], [72.64251496294021, 23.038457459293866], [72.64252858986556, 23.038457101844543], [72.64276110055303, 23.038451003435494], [72.64366267650351, 23.038427352130796], [72.64381344732857, 23.03841660232799], [72.64389574090795, 23.03841073537085], [72.64405577274091, 23.038399326166605], [72.64444311519276, 23.038371709127468], [72.64451413798504, 23.03836999204779], [72.64540931305245, 23.03834834249157], [72.64541006181608, 23.038327775947078], [72.64541198933759, 23.038274872135283], [72.64541259031138, 23.038258373246663], [72.64559585761947, 23.03826853260568], [72.64598568502359, 23.038290141839237], [72.64627646647823, 23.038306259929474], [72.64629453459067, 23.03830726109158], [72.64630816809347, 23.038309836635452], [72.64642398858994, 23.038331724144015], [72.6467890284839, 23.03840070652905], [72.64695300790615, 23.038431693934676], [72.64708723551993, 23.038485335854404], [72.64720868235948, 23.038533870774803], [72.64731312364526, 23.038575608994208], [72.6475008468167, 23.038654271697826], [72.64785764068523, 23.038803781424704], [72.64834513764387, 23.039008058853415], [72.64835413159675, 23.03901182734321], [72.64861856259276, 23.03905326489968], [72.64875162356724, 23.0390741161633], [72.6488791985662, 23.03909422848918], [72.64961460457626, 23.03921016533541], [72.6496913500813, 23.03922598955842], [72.64991040684944, 23.03931408566843], [72.65003406738495, 23.039371819466655], [72.65040045431044, 23.03954208471109], [72.65060713407064, 23.0396347321113], [72.65078691966885, 23.039715513038626], [72.650955168741, 23.039791824081867], [72.65107582080856, 23.03984449550315], [72.65120212088951, 23.039898923657624], [72.65134963875141, 23.039965131717622], [72.65149415973636, 23.04002556318751], [72.65163466859919, 23.040079246014397], [72.65188853461024, 23.040085405642287], [72.65228129160135, 23.040164093655914], [72.65239189677332, 23.04021682889269], [72.65243149152887, 23.04024237053918], [72.65258123081148, 23.040331023677012], [72.65259926723175, 23.04037045090421], [72.65259944097869, 23.040383049499564], [72.65260184756181, 23.04055765813419], [72.6526018734688, 23.040559539976442], [72.6526028503402, 23.04063041880367], [72.65259939087379, 23.040658460197182], [72.65259781771704, 23.04067121431831], [72.65258947292988, 23.040738868924755], [72.65258644015914, 23.040763454374062], [72.65257463812341, 23.040859133249693], [72.65257432147872, 23.040861698849945], [72.65256703680352, 23.040869552569152], [72.65253422594131, 23.04090492590752], [72.65251153588784, 23.040929387384587], [72.6524772311588, 23.04095594605349], [72.65229876802454, 23.041094112664787], [72.65225101281254, 23.04113108406785], [72.6522412564927, 23.041138637442707], [72.65223658943746, 23.041142250696453], [72.65222827870973, 23.041148685289187], [72.65222343318759, 23.041160172010887], [72.65221582870593, 23.04117819744159], [72.65216989662437, 23.041287070438802], [72.65211415343127, 23.04143303502201], [72.65210959877324, 23.041444961213028], [72.65210588822784, 23.04145467631853], [72.65211002906568, 23.04156315180696], [72.65211495048271, 23.041591395293086], [72.65218151834944, 23.04197345209819], [72.65220190846837, 23.042090474769545], [72.65221564256699, 23.04215068223146], [72.65221806330975, 23.042157067648972], [72.65223247761897, 23.042195094132413], [72.65224711955533, 23.0422337207532], [72.65224973154422, 23.042240610070444], [72.65225656415913, 23.042252419190003], [72.65226035460104, 23.0422589693987], [72.65226566329073, 23.042268144054983], [72.6522709236667, 23.042277235837883], [72.65227384934258, 23.042282293497113], [72.65227900457943, 23.042291204059072], [72.65240660636859, 23.0425117426007], [72.6524532377082, 23.042592336532255], [72.65248441129069, 23.042637130170533], [72.65249993529432, 23.042659435322957], [72.65261676417192, 23.042827303585558], [72.65270044742694, 23.042947544767465], [72.65273755478285, 23.0430008632401], [72.65274528888645, 23.04301019487465], [72.65280852961473, 23.04310284411221], [72.65287931607664, 23.043204554929645], [72.65292322811489, 23.043267649823676], [72.65292542681316, 23.04327080890244], [72.65309647471432, 23.043550317250542], [72.65311126140311, 23.04357448022589], [72.65313825874995, 23.043621661985192], [72.65322832833084, 23.043779069872457], [72.65328198710705, 23.043886294325016], [72.65328902188631, 23.04390035079823], [72.6533058945818, 23.04393406667233], [72.65332171993097, 23.0439724327225], [72.65333030573677, 23.043993247188205], [72.65334288437279, 23.044023743085628], [72.65337012380965, 23.044089779096712], [72.65341677429309, 23.044202873373965], [72.65342197774751, 23.044215144884195], [72.65347803127604, 23.044347330539832], [72.65356291589993, 23.044547505102187], [72.65356713387055, 23.044557481480116], [72.65356813657901, 23.044559853603534], [72.65359139662654, 23.044614879421253], [72.65360180514277, 23.044639501904502], [72.65361022414994, 23.044659419197785], [72.65361375426944, 23.044667769333003], [72.65361584688672, 23.044672717103445], [72.65362765543573, 23.044700652918518], [72.65363940122619, 23.044728438837613], [72.65371032866518, 23.04489622637522], [72.65371171560277, 23.04489950701211], [72.65373989562885, 23.044966170850348], [72.65381245954121, 23.045137826814145], [72.65384357839021, 23.045210321277423], [72.6538961589634, 23.045332813257524], [72.65391423658998, 23.045374925955638], [72.65393455389433, 23.045440522406647], [72.65396682769278, 23.045544721753462], [72.653971992944, 23.0455613984007], [72.65400007568495, 23.045672306620023], [72.6540103466509, 23.045712867974157], [72.65401210092979, 23.045740436965346], [72.6540213225599, 23.045885401849695], [72.65402316483625, 23.045942175369476], [72.65402519214582, 23.04600465288584], [72.65402597739255, 23.0460288625798], [72.65402734647238, 23.046071059514272], [72.65402741270937, 23.04607309182177], [72.65403272651997, 23.046236845781422], [72.65403329066412, 23.04627584023472], [72.65403625638939, 23.046480852101944], [72.65403764607596, 23.04657691283903], [72.65404281686929, 23.04664916930907], [72.65404968499789, 23.046677694440156], [72.65405073791574, 23.046682067935564], [72.65406037261886, 23.04672208176951], [72.65408165025515, 23.04677601550925], [72.65408885995282, 23.04679428887527], [72.65412521614276, 23.04685264628288], [72.65415060018208, 23.046893392213633], [72.6542018799305, 23.04697570328631], [72.65420436100186, 23.046979686295177], [72.65421426540175, 23.046995583728357], [72.65421862484006, 23.047002582015665], [72.65422324937471, 23.047013254163346], [72.6542313390196, 23.047031923375943], [72.65423591010666, 23.047042471045057], [72.65425223669324, 23.0470801484035], [72.6542608169402, 23.047099949798447], [72.65426071084815, 23.047106071989933], [72.6542598269028, 23.04715708122647], [72.6542595392818, 23.047173678746532], [72.6542592049097, 23.047192974074317], [72.65425913496335, 23.047197010406332], [72.65425891735067, 23.04720956798398], [72.6542587103737, 23.04722151180808], [72.65425826964196, 23.047246944670974], [72.65425804423944, 23.047259951732727], [72.6542569438078, 23.04726383644659], [72.65417238605455, 23.04756222167319], [72.65370668458604, 23.047517756674957], [72.65334527635721, 23.04746079559477], [72.65299204908713, 23.047396544019016], [72.65281093406189, 23.047455241057847], [72.65278219205912, 23.04745170765248], [72.65275342541248, 23.04803889788186], [72.65274541730186, 23.048411414709314], [72.6527681444646, 23.048440416456884], [72.65280195874364, 23.048455250747683], [72.65330137204865, 23.048557700193374], [72.65330348194608, 23.048558220844168], [72.653303182681, 23.048558545023646], [72.65330070508489, 23.04856122659823], [72.65327429998179, 23.048602837782326], [72.6532559487129, 23.048631755863273], [72.65325326076149, 23.048635991661197], [72.65323718419867, 23.048661325954104], [72.65321639768644, 23.048694082731203], [72.65321373770094, 23.048699349952805], [72.65319964056421, 23.048727271293707], [72.65319725536169, 23.048731994589275], [72.65315121388745, 23.048823182698392], [72.65308028659345, 23.048963659417986], [72.65307364614799, 23.04897681135475], [72.65302054074738, 23.049081989186636], [72.65298567454896, 23.049151043771584], [72.65296991341539, 23.049182260006138], [72.65294214126713, 23.049237262961938], [72.6528881718708, 23.049344151366043], [72.65286671396495, 23.04937904589607], [72.65284684215969, 23.04941136207946], [72.65280177900875, 23.049484641994304], [72.65271624125508, 23.04962374229464], [72.65266169524455, 23.04971244395335], [72.65258137036989, 23.049843066556612], [72.65257482320148, 23.049867821859568], [72.65257142904552, 23.049880654541774], [72.65256709001265, 23.049897060955573], [72.65256400700801, 23.049908715578212], [72.65256305796417, 23.049912304595797], [72.65256220291401, 23.049915536593993], [72.65255850077855, 23.04992953293708], [72.65255767779902, 23.04998294538678], [72.65255458662604, 23.05018355707646], [72.6525438831205, 23.0503657124016], [72.65319715874747, 23.05028833041373], [72.6549203103948, 23.050102374890383], [72.65534103390053, 23.050062297591637], [72.65558984642661, 23.050040907723133], [72.65601063761024, 23.05000056960546], [72.65633317111582, 23.049970119808012], [72.65651303811474, 23.049950333204563], [72.65671638774539, 23.049927132554497], [72.6570063154769, 23.04989769025701], [72.65724843156138, 23.049871719606994], [72.65764653116541, 23.049820389304845], [72.65778197617118, 23.05049376481252], [72.65789071548511, 23.05113213787294], [72.65795986505914, 23.05158538396161], [72.65800593456555, 23.05233898308552], [72.65803561987289, 23.0530846961482], [72.65804956751782, 23.053621165037008], [72.6580851778194, 23.054254683122718], [72.65812706949089, 23.054735416627125], [72.65821585320228, 23.055104646317854], [72.65830667526326, 23.055410405105132], [72.65841397368793, 23.055773285173625], [72.65855177365182, 23.0562755193103], [72.65862138014762, 23.05650443222845], [72.658750922732, 23.056957669265763], [72.65878515453167, 23.0570712798729], [72.65887267912659, 23.057383584627182], [72.65899953260585, 23.057839794369997], [72.65914277443922, 23.058333509515236], [72.65935863872198, 23.058901393936694], [72.65949403243903, 23.05926868468241], [72.65972980452325, 23.059060858704523], [72.65979084352583, 23.058897809422202], [72.65998181209028, 23.058863153158793], [72.66007105421195, 23.058866694890522], [72.66033975481511, 23.058865895577462], [72.66114821902649, 23.058863487428056], [72.6611533831035, 23.058863261431288], [72.66115194351245, 23.058939591001792], [72.6611515380322, 23.058961070139002], [72.66115002459462, 23.05904121931923], [72.66114646734127, 23.05922971189207], [72.66114572591663, 23.059268985912382], [72.66114514365523, 23.059299843559415], [72.6611435212172, 23.05938578808351], [72.66114050610476, 23.059545571102607], [72.6611401003932, 23.059567062874127], [72.6611364439283, 23.059760780348682], [72.66113629072858, 23.059768907909483], [72.66120285761563, 23.059769508744655], [72.66177032538775, 23.05977462828471], [72.66175399543185, 23.059950659940554], [72.66172134478401, 23.060302627667724], [72.66168989764627, 23.060641624407243], [72.6616891409554, 23.060649784567257], [72.6616853315625, 23.060690844090384], [72.66167829898342, 23.060766650315934], [72.66167252408998, 23.060828905877436], [72.66166795077727, 23.06087820399598], [72.66166388732216, 23.060902295902515], [72.66166111635081, 23.060918726709914], [72.66162659412613, 23.06112341426446], [72.66161716916785, 23.061179296102853], [72.66161461785394, 23.061194420178058], [72.66160001177988, 23.06128102568739], [72.66157869089177, 23.06140743793255], [72.66157115845606, 23.061452100535202], [72.66157058555986, 23.061455497465023], [72.66153416381859, 23.061671446525907], [72.661533842064, 23.06167335301777], [72.66152498017641, 23.06172589283897], [72.66152497362177, 23.061725933368518], [72.66150953804227, 23.06181745142156], [72.66150693441642, 23.06183289070249], [72.6615011717565, 23.06186705721172], [72.66150076268184, 23.06188880081725], [72.66149953035256, 23.061954326777663], [72.6614966293103, 23.062108588065325], [72.6614963791359, 23.06212187376473], [72.66149569696624, 23.062158172084246], [72.66149407872527, 23.062244213261813], [72.66149197825457, 23.062355889887964], [72.6614916975548, 23.062370828185067], [72.66149160330411, 23.062375828371984], [72.66149160179052, 23.06237591592241], [72.66149083110322, 23.06241688227745], [72.66149105828659, 23.0624944318299], [72.66149108363925, 23.062503123582506], [72.66149124821911, 23.062559406455904], [72.66149160806506, 23.062682048044895], [72.66149168750069, 23.06270899998323], [72.66149210223726, 23.06285036220237], [72.66149237855157, 23.06294448179833], [72.66149251642204, 23.062991699132514], [72.6614929374421, 23.063135292290465], [72.66149320204829, 23.06322540412535], [72.66149335708171, 23.063278343738315], [72.66151038134096, 23.06327807753896], [72.66160180970361, 23.063269448549086], [72.66161477805186, 23.063268224904316], [72.66215189749104, 23.063217527112734], [72.66222261358551, 23.06321085277843], [72.66219977676124, 23.0639450975316], [72.66218855073556, 23.064343100729353], [72.6621734456061, 23.064878638766526], [72.66216026112797, 23.064973242583974], [72.66215917853191, 23.064981007904315], [72.66205008740413, 23.065763769565002], [72.6620427237239, 23.065816605115398], [72.66204633244209, 23.06634806121826], [72.66204759600215, 23.066534137843874], [72.66204641973601, 23.066542014626002], [72.66201259590164, 23.066768571319354], [72.66199925695797, 23.066797701741486], [72.66193924131449, 23.066928764838888], [72.66182107024503, 23.067264255725473], [72.66180454027224, 23.067311183874324], [72.66164853386246, 23.06775408991024], [72.661606216606, 23.067764014581517], [72.66128315541643, 23.06783977846301], [72.66117605712215, 23.068080770083114], [72.66093751884226, 23.068220492265358], [72.66122770190772, 23.068295567162235], [72.66143180985813, 23.068373588668127], [72.66173489714154, 23.068538451522855], [72.66233572676902, 23.068846410057663], [72.66261305760644, 23.068990036977308], [72.66270117787772, 23.069099972875847], [72.66274633277672, 23.069306086028185], [72.6627323833381, 23.06966603318587], [72.66274290539707, 23.070529680284054], [72.66280771311007, 23.07085894169294], [72.66291053603226, 23.071104294001792], [72.66299620378963, 23.071274858914357], [72.66334531540463, 23.071588805481877], [72.66354848342286, 23.071479578207356], [72.66392637926505, 23.07142306218636], [72.66497293431091, 23.071262833779784], [72.66518407511136, 23.071223739849156], [72.66552387280692, 23.07117392250329], [72.66563026673788, 23.071158324538125], [72.66609715644381, 23.071097532874127], [72.66659767602475, 23.071043661102806], [72.66678599332761, 23.071020765506216], [72.66703089348175, 23.070971168796582], [72.6673631967607, 23.070875527189937], [72.66766705390872, 23.070775316329048], [72.6680096433224, 23.070674818188014], [72.66845263054672, 23.070537736067678], [72.66881854096503, 23.07044662115827], [72.66930025938964, 23.070309250555283], [72.66948844316474, 23.070270479966908], [72.66973332773571, 23.070220026407892], [72.67113616970154, 23.069991041944615], [72.672060443271, 23.069840165934735], [72.67248179562553, 23.069771383460758], [72.67283309557536, 23.069715856534156], [72.67295436575723, 23.069696686268866], [72.6733173292992, 23.06966372356475], [72.67334912827525, 23.069661224449714], [72.6742923890145, 23.06958708068248], [72.67433058861111, 23.069584077952836], [72.67467468879859, 23.069557029449854], [72.67534384830314, 23.069504426653584], [72.67544306636283, 23.069496626770494], [72.67635710546404, 23.069424768721422], [72.6766170784593, 23.069384185426838], [72.67668823579235, 23.069373076619115], [72.67679572215435, 23.069356297085687], [72.67673440266532, 23.06896535660559], [72.6766963311141, 23.068716380564712], [72.67664392938376, 23.068446272701514], [72.67661967228794, 23.0683255249873], [72.67655754346268, 23.067986159625608], [72.67692824944785, 23.0678135231687], [72.67702074163392, 23.067770449447746], [72.67703265478035, 23.067764901685536], [72.67717546594336, 23.06769839492202], [72.67718917286088, 23.067692538580623], [72.67733757299357, 23.067629142809373], [72.67746058898669, 23.06757659026261], [72.6774688492305, 23.06757000828992], [72.67752474587175, 23.067525466233267], [72.67758346876985, 23.067478671645862], [72.67769556205596, 23.067389095278006], [72.67783699939064, 23.06728697942351], [72.67784027841712, 23.06728461258872], [72.6779574644134, 23.06722124209123], [72.67814627875346, 23.067119817895726], [72.67806767265883, 23.066892790462067], [72.67810164905981, 23.06687902084984], [72.6781922494718, 23.06684230420437], [72.67828980233168, 23.066802769073192], [72.67834128016358, 23.06677421025791], [72.67835780897924, 23.066765040403432], [72.6785572881833, 23.066617213980184], [72.67862554809292, 23.066539596904253], [72.67870987029713, 23.066443714352513], [72.67880085907534, 23.066338412184695], [72.6788774602355, 23.066234516387194], [72.67888373767323, 23.06622600295086], [72.67894426592466, 23.06612989699711], [72.67894518873426, 23.066128430834862], [72.67899782100615, 23.066044861853353], [72.67904401444618, 23.065991090616205], [72.67911223328385, 23.06591168058305], [72.67912338985577, 23.065898694026924], [72.67929002700988, 23.065808170793506], [72.67945929356567, 23.065716219815602], [72.67963313497815, 23.065613632905777], [72.67975393780493, 23.06554234393851], [72.67982440391965, 23.065500760433995], [72.6799142513622, 23.065447739340176], [72.680016254733, 23.06539512965244], [72.6800957023056, 23.065354153712217], [72.68010099646875, 23.065351421886746], [72.68014330391854, 23.06532820153769], [72.68024557438278, 23.065216833716434], [72.68025458702196, 23.065208407330005], [72.68029852300707, 23.065130224549268], [72.68031094771418, 23.065083110933045], [72.68034041900337, 23.065035529898495], [72.68038322499048, 23.06497811342796], [72.68049470530477, 23.06484502606529], [72.68057826378455, 23.064714395989945], [72.68061654637259, 23.064649746430103], [72.68066076499065, 23.064509938396554], [72.6807092968616, 23.06438954293092], [72.68074779987292, 23.064266850584563], [72.68077627503963, 23.06414186047849], [72.6808215123024, 23.063897442091577], [72.68086040591864, 23.06370978661188], [72.68059048824374, 23.0636854281373], [72.6805742859504, 23.063651747948224], [72.6805719342221, 23.063548043378503], [72.68057069236649, 23.063530109563516], [72.68056942692309, 23.06351360817923], [72.68056984462314, 23.0634892498798], [72.68057018861735, 23.06346918973208], [72.68056543250403, 23.063430422280323], [72.68055412508289, 23.063412341579497], [72.68055041425897, 23.063402970884177], [72.6805467761813, 23.063389301120132], [72.680546308811, 23.06337137957928], [72.68054971296999, 23.06335351397981], [72.68055927430665, 23.063337888400362], [72.68056562803727, 23.06332866638119], [72.68056738588893, 23.063316509523037], [72.68056757016637, 23.063305763240766], [72.68056312072318, 23.063294232084], [72.6805544071078, 23.06326042259972], [72.68055225658003, 23.063250358876527], [72.6805501674992, 23.063236711855804], [72.68055112529903, 23.063225976930823], [72.68055827809987, 23.063215332964003], [72.68056549233023, 23.06320110660175], [72.68057420543616, 23.063189768703133], [72.6805782980884, 23.063176929284953], [72.68058160395387, 23.063164795154705], [72.68058565973715, 23.063154105714773], [72.68058819110449, 23.063141960212885], [72.68058758859304, 23.06313191921838], [72.6805852532727, 23.06308745439485], [72.6805846507613, 23.06307741340033], [72.68058498247291, 23.063058069008292], [72.6805891733847, 23.06303949902065], [72.68059020587252, 23.063024465054465], [72.68058806763314, 23.06301368467204], [72.68058358134378, 23.063004302592134], [72.6805751876595, 23.062997013662642], [72.68055982548027, 23.06298962151605], [72.68055762581339, 23.06298242352849], [72.68057105764632, 23.062966854773933], [72.68057839471889, 23.062945463619204], [72.68058177427966, 23.062929031336054], [72.68058904991874, 23.062911222575618], [72.6805907699171, 23.062901215680373], [72.68059503453905, 23.062878346636992], [72.68059341227875, 23.062837475578853], [72.68058837306896, 23.06277003939823], [72.68057137528629, 23.062632199890917], [72.68055585333445, 23.062543828662687], [72.68055371414185, 23.062533047363136], [72.6805515881984, 23.062521550320888], [72.68055176018112, 23.06251152069724], [72.68054889661171, 23.062497862304998], [72.68053906454207, 23.062484102502406], [72.68053149452338, 23.062473959208607], [72.68052935533333, 23.062463177908867], [72.68052951502824, 23.062453864944864], [72.68053040009077, 23.062447428185266], [72.68053139572292, 23.062434543294707], [72.68053159228431, 23.062423080351948], [72.68052944124469, 23.062367869243168], [72.6805214038715, 23.06233980350426], [72.68051669593072, 23.062298171202876], [72.6805201736697, 23.062185713592342], [72.68052265535029, 23.062131286438305], [72.68052442545329, 23.062118413820997], [72.6805269936487, 23.062104119241294], [72.68053104939638, 23.06209342979921], [72.68053197130563, 23.062084843962936], [72.6805321064509, 23.06207696251248], [72.68052844380507, 23.062064726970764], [72.68052476888653, 23.062053207185997], [72.68052190532522, 23.06203954879355], [72.68052122911413, 23.062033805950747], [72.68052135195545, 23.062026642062502], [72.68052156080259, 23.06201446245964], [72.68052325720156, 23.062005887994495], [72.68052330634107, 23.06200302225866], [72.68052505090375, 23.061991582043312], [72.68052442480749, 23.061982973478973], [72.68052078674158, 23.06196930461799], [72.68051322807833, 23.061958443748637], [72.68051099157468, 23.061953394837342], [72.6805073412219, 23.061940442635773], [72.68050753779612, 23.0619289787899], [72.68050774662802, 23.06191680008958], [72.6805079800528, 23.061903187167452], [72.68050813974484, 23.061893874202934], [72.68050673916007, 23.061885254267374], [72.6805069725846, 23.0618716413452], [72.68048528235977, 23.06175152934524], [72.68047274720581, 23.06169222405427], [72.68047861534592, 23.061688726914504], [72.68048575349832, 23.06168644285355], [72.68049297353917, 23.0616793831675], [72.6804995887992, 23.061669925736677], [72.6804997628371, 23.061659776067323], [72.6804998754471, 23.061653208793476], [72.68049679304563, 23.061644802510013], [72.68048984941014, 23.061635742770537], [72.68046542439686, 23.061575945116967], [72.68034845377656, 23.061405902991687], [72.68029865653416, 23.061329210247663], [72.68023826519105, 23.061238029646702], [72.68021260392379, 23.0611989561267], [72.68018733584293, 23.061136955817343], [72.68017401430815, 23.061100929040894], [72.68014282262642, 23.06102307668233], [72.6801101321304, 23.060942335853394], [72.68008198930191, 23.06086739471328], [72.68003811515226, 23.060716261000543], [72.6800312323397, 23.060665997383172], [72.68003005295908, 23.060644481185477], [72.68002889716873, 23.06062153255704], [72.68002206377898, 23.060387815510847], [72.68002206293053, 23.060297521648494], [72.68001329205562, 23.06003227490928], [72.68001263504297, 23.05975978480394], [72.6800123793932, 23.05970420247488], [72.68001041458439, 23.05927834897208], [72.68002477601479, 23.059123267378823], [72.68008736761716, 23.05878498836747], [72.68015997536702, 23.058464771949744], [72.68018664230719, 23.058264510532013], [72.68023204978647, 23.058100355427868], [72.68027445782698, 23.05795976865642], [72.6803207251191, 23.057859202821373], [72.68034479164935, 23.05781058711008], [72.68037339240988, 23.057779871394516], [72.68050639383723, 23.057644554421604], [72.68062311929876, 23.05753638729917], [72.68078093232093, 23.05736552092506], [72.68095579747825, 23.057163613736186], [72.6810035468088, 23.057118326605256], [72.68110064405154, 23.057026238248007], [72.68111335472236, 23.05701257279254], [72.68112278806599, 23.05701445729295], [72.68163092285744, 23.05655724024374], [72.6817006672162, 23.056494484572607], [72.68175586509771, 23.05645112926083], [72.68182711319855, 23.05641551275873], [72.68195231135608, 23.056356008142266], [72.68210022493044, 23.05622310132521], [72.68212306694528, 23.056154558268236], [72.68217604447563, 23.056145918051087], [72.6822037096905, 23.056141407994776], [72.68224246325954, 23.055830855678867], [72.68225458720921, 23.055733699311702], [72.68228857743391, 23.055653202053627], [72.68232192493608, 23.055574227447636], [72.68237030898038, 23.055459640345653], [72.68247002367777, 23.0552234880407], [72.68248116201927, 23.05516574886525], [72.68249840315572, 23.055076378516247], [72.68252714328958, 23.054927403620855], [72.68253376152414, 23.0548869810947], [72.68253497093662, 23.054879596587888], [72.68256283180219, 23.054709437587604], [72.68258310465197, 23.054585623847604], [72.68258819388795, 23.05455261634653], [72.68258834357262, 23.054532767273372], [72.68256868663231, 23.054417301373974], [72.6825523743092, 23.054321479390175], [72.68249696285626, 23.05422310861408], [72.68248155460242, 23.054187465802993], [72.68245428540754, 23.054124386498064], [72.68242466361912, 23.054055862069127], [72.68242102814027, 23.054047450417052], [72.68236555313986, 23.053946649177668], [72.68232987876561, 23.053870602122405], [72.6822433685725, 23.053686183047883], [72.68220957225458, 23.053689090990886], [72.68219242591857, 23.053690566598544], [72.68217643507863, 23.053614099507094], [72.68217540707322, 23.053609183907007], [72.68215213631147, 23.053497909140862], [72.68209332260876, 23.05322353000996], [72.68198702100055, 23.052727605806318], [72.68197234680619, 23.052659147995815], [72.68196243731362, 23.052612913539193], [72.6819589029786, 23.052561122730896], [72.68195813331971, 23.05254983969936], [72.68192829201155, 23.052169051779565], [72.68192759743843, 23.052163466660755], [72.68191999295324, 23.05210233151902], [72.68189411916607, 23.051894314491193], [72.68187705130322, 23.051757088762944], [72.68185792366191, 23.05160330664817], [72.68183447701416, 23.051607069658854], [72.68183050452467, 23.051562634939767], [72.68182413117744, 23.05156267777713], [72.68161922221753, 23.05152451958279], [72.68161237505566, 23.051559853119144], [72.68160380443182, 23.051539122265204], [72.6815692095775, 23.05145803241062], [72.68149957628287, 23.05129481605652], [72.68145761532413, 23.051227876396116], [72.68143961421728, 23.05111457258849], [72.68140082421593, 23.050887429322344], [72.68133697709685, 23.050524987070318], [72.68128310173911, 23.05021914821462], [72.68121026617912, 23.049950542545734], [72.68123785878814, 23.04993334053011], [72.6810919743572, 23.049605468015475], [72.68088670027919, 23.049144118277656], [72.68078918804859, 23.049169908404743], [72.6807497911323, 23.04918032846849], [72.68060687561443, 23.04890361969622], [72.68058726823092, 23.048865657171742], [72.68057133510543, 23.04854979660684], [72.68054506625829, 23.048372936390223], [72.68054319437864, 23.048360339824907], [72.68050285426516, 23.048088724113093], [72.68043654162747, 23.04770763015834], [72.68052301619002, 23.04739614792173], [72.68053568888274, 23.047349515317908], [72.68065375193207, 23.047207923829646], [72.6807495477755, 23.047169772333532], [72.68103839391303, 23.047218218045714], [72.68119723931277, 23.04705627172523], [72.68142148092826, 23.046931884070474], [72.68150150439078, 23.046629670538103], [72.68150365839062, 23.046517632895988], [72.68150508172711, 23.04644364214057], [72.68147316046473, 23.046181279367175], [72.6814211598567, 23.04575387579158], [72.68141850330323, 23.045731668001682], [72.68138693712149, 23.045329425194993], [72.68133795848132, 23.04531313395007], [72.68133160524918, 23.044920311775012], [72.68127655002439, 23.04423720277537], [72.68119777861445, 23.044154099832475], [72.68121723621122, 23.044102816897144], [72.68098639006901, 23.043535901803775], [72.68102013381724, 23.043359409172304], [72.68106861969646, 23.04268699077564], [72.68093803968256, 23.042381186724867], [72.68093753008475, 23.042187728600165], [72.68093724499585, 23.04207986682956], [72.68097628909439, 23.041861407432435], [72.68088026247105, 23.041455109591443], [72.68087879776569, 23.041178951464023], [72.68087862983967, 23.041007916339527], [72.68085223358582, 23.04093413318922], [72.68088996484924, 23.040584349686107], [72.68101743365038, 23.040298932953537], [72.68104812682341, 23.04023106199907], [72.68104813454683, 23.0402310097486], [72.68105546230196, 23.04018785031855], [72.68108389451139, 23.04002044239602], [72.68114187725584, 23.039679036955043], [72.68117311579206, 23.03949510514592], [72.68117057631741, 23.03945797448775], [72.68115696561564, 23.03925900559611], [72.68115691295132, 23.03925900482369], [72.68113969361232, 23.039259382438942], [72.68113965262029, 23.039259383643355], [72.68106979308237, 23.038862686609274], [72.6810599192185, 23.038806618181127], [72.6810578904118, 23.038795096381744], [72.68107905004327, 23.0387931072436], [72.68107430831452, 23.038710890673656], [72.68107215182204, 23.03867349929789], [72.68109280261406, 23.038672170782867], [72.68109120870145, 23.038623402148854], [72.68108645362035, 23.038478900478385], [72.6811006557035, 23.038477435847184], [72.68110705166575, 23.03847677670099], [72.68110705722209, 23.038476737058243], [72.68110655497995, 23.038429444300455], [72.6811061938571, 23.038344570866755], [72.68110545537483, 23.038170928977465], [72.68110484362208, 23.038027257275168], [72.68110449929273, 23.037946415192373], [72.68110440788749, 23.03792492032669], [72.68110429534742, 23.0378982790556], [72.68110394156152, 23.03781496941569], [72.68110401365307, 23.03781497498715], [72.68111182846907, 23.0376540836227], [72.68111195629288, 23.037651460988688], [72.6811119006107, 23.03765146558898], [72.6811119029769, 23.037651384369546], [72.68111740745567, 23.037487549315472], [72.68111878848855, 23.03744643150072], [72.68112436240528, 23.037280532702056], [72.68113518707239, 23.03724118840127], [72.68113651649433, 23.037236356123383], [72.68117951874967, 23.03708004891959], [72.68125111355961, 23.03681981713799], [72.68127050024974, 23.036749350744532], [72.6813147753044, 23.03658841981975], [72.6813310974647, 23.036529089947734], [72.68134294249539, 23.036486033727158], [72.68140978180038, 23.03624308164901], [72.68173584039236, 23.035908853898118], [72.68186040819016, 23.03569488805407], [72.68214111775245, 23.03560036783326], [72.68212685585013, 23.03503367614647], [72.68233940506842, 23.035024558426617], [72.6831361252694, 23.03497530257435], [72.68316226786818, 23.034977428073155], [72.68383585618491, 23.034926957615827], [72.68517948403768, 23.0348678047078], [72.68635133682339, 23.03480182772593], [72.68733743018004, 23.03473169154649], [72.68713784889796, 23.034267530877013], [72.68686788810206, 23.03370896747441], [72.68684050383332, 23.033044449350363], [72.68662516763334, 23.032747246832265], [72.68649660863184, 23.032567643747424], [72.68634226816042, 23.032356133061214], [72.68621675724586, 23.032179440860403], [72.6862137972224, 23.031893345974826], [72.6863531941146, 23.031799515208267], [72.68694775345544, 23.031180589970763], [72.68694949697077, 23.03115845829173], [72.68697311054798, 23.031143045725866], [72.68695896756846, 23.031038259901745], [72.68693211398381, 23.030839293042007], [72.68690339345248, 23.030636783263798], [72.68686314788543, 23.030403318509915], [72.68674302470345, 23.03040992166698], [72.6867346175351, 23.030335414778577], [72.68667649817183, 23.030338511802317], [72.68662418508511, 23.030341299203], [72.68646217396437, 23.029594661310476], [72.68646011400797, 23.029587510580196], [72.68645661760101, 23.029558174435465], [72.68636663059, 23.02880300927666], [72.68630386589984, 23.028707630114695], [72.68617342287996, 23.028459790839598], [72.68616656015075, 23.028447599780737], [72.68620137794137, 23.02774076861148], [72.68622120703158, 23.027532301617928], [72.68617903410964, 23.026254853360218], [72.68616838077912, 23.026181667829057], [72.68616428200737, 23.026153510083173], [72.68615822378526, 23.02615396134927], [72.68615017107214, 23.026031927577755], [72.68614151793254, 23.025900786329785], [72.68615361613288, 23.025796814976903], [72.6862007801988, 23.025561585339236], [72.68621455039421, 23.025492903765013], [72.68621453897691, 23.025281977879516], [72.68625876762628, 23.02517711594416], [72.68589113803172, 23.025117441014768], [72.68588947394933, 23.024959052668365], [72.6858558241804, 23.024369536087317], [72.68585411349375, 23.024228269166944], [72.68585227933724, 23.02407675334977], [72.68585241230019, 23.024055029661525], [72.6858528897202, 23.023977434134665], [72.685852949477, 23.023967765729598], [72.6858529893765, 23.023961316515823], [72.68585316102444, 23.02393350021247], [72.68585321799644, 23.023924280471732], [72.6858533642021, 23.023900581590937], [72.685853627589, 23.02385785372967], [72.68585402684177, 23.023793174709347], [72.68585489109807, 23.0236528825858], [72.68585493594821, 23.023645572147046], [72.68585510879022, 23.023617457024347], [72.68585545850927, 23.023560761881733], [72.68585560288645, 23.02353734104401], [72.68585570106998, 23.02352148070858], [72.6858557783687, 23.023508956917084], [72.68585644564557, 23.023400648174203], [72.68585681647313, 23.02334043140987], [72.68585701052733, 23.023308903006672], [72.68585707733425, 23.02329813596324], [72.68585724242807, 23.02327127385036], [72.6858572870994, 23.023264087998825], [72.68585787600489, 23.02316847908059], [72.6858583652707, 23.023089158416386], [72.68585838179088, 23.023086477261028], [72.6858585708098, 23.02305581459463], [72.68585862375534, 23.02304728726263], [72.68585883950941, 23.023012259817257], [72.68585944293713, 23.022914428347963], [72.6858597447708, 23.022865391184393], [72.68585994396517, 23.022832989820692], [72.68586011965023, 23.022804421517733], [72.68586034894801, 23.022767172411523], [72.68586061513103, 23.022724050050222], [72.68586109620178, 23.022646064543785], [72.68586130108187, 23.022612758629503], [72.68586137304176, 23.02260100396751], [72.68586158497104, 23.022566542537195], [72.68586063396954, 23.022553517980302], [72.68585767322017, 23.02251298557009], [72.68585510058506, 23.022477771073547], [72.68584803912204, 23.022381095942194], [72.68584310758067, 23.02231357356778], [72.68584099520115, 23.022284650385], [72.68583672851604, 23.02222623191623], [72.68583287131155, 23.022173422384107], [72.68582979828219, 23.02213135442663], [72.68582859028197, 23.022114815916964], [72.68582842585815, 23.022112563665818], [72.6858249654455, 23.022065192250185], [72.68582283563804, 23.022036033174036], [72.68582207118857, 23.022025564541543], [72.6858210134816, 23.02201107764853], [72.68581972243385, 23.021993404875477], [72.68581308795969, 23.021902570960698], [72.6858115012693, 23.02188084829311], [72.68580920470046, 23.021849402623786], [72.68580729224706, 23.021823223348754], [72.68580531024077, 23.021796090573286], [72.68579966136897, 23.02179188743214], [72.68575797048926, 23.02176086669596], [72.68566331609158, 23.02169043822994], [72.68565846857467, 23.021686830937206], [72.68562163683853, 23.02165942575713], [72.68552157548594, 23.021584973658722], [72.68549999523188, 23.021568916228784], [72.68547179527465, 23.021547933623907], [72.68542468203718, 23.02151287818876], [72.6853672313884, 23.02147013107631], [72.6853500152898, 23.02145845660766], [72.68534632523394, 23.021455954148692], [72.68533222934538, 23.02144639551489], [72.68529135714988, 23.021418680160924], [72.68526827090103, 23.021403025898532], [72.68522256028565, 23.02137203018144], [72.68519637988692, 23.021354277605724], [72.68514306261034, 23.021318123759052], [72.68512276009616, 23.021304356492944], [72.68509935955335, 23.02128848905614], [72.68493357364672, 23.021185885312654], [72.68492651144186, 23.021181514299784], [72.68490892976666, 23.021170632536847], [72.68483456185476, 23.021124606886726], [72.68481181166666, 23.021110526595436], [72.68481163889021, 23.021110420241783], [72.68478746409843, 23.02109545870427], [72.68478717454848, 23.021095279318256], [72.6847847490685, 23.021093777630263], [72.68477767527988, 23.021089400122033], [72.68470575902053, 23.021044890933037], [72.68469102850071, 23.021035774372766], [72.6846664705701, 23.02102057518441], [72.6846427011902, 23.021005864226325], [72.68463751143342, 23.021002652751598], [72.68463682326953, 23.02100222647647], [72.68463027551248, 23.020998174456246], [72.68461393799274, 23.020988062927657], [72.68461237441629, 23.02098709478325], [72.68459095716929, 23.020973840196458], [72.68455811323817, 23.02095351263892], [72.68454845472726, 23.02094753539975], [72.68454372055156, 23.020944605049692], [72.68454138192962, 23.020943157896365], [72.68452618718806, 23.020933753748363], [72.68450638953611, 23.02092150061798], [72.68450443511095, 23.020919945331357], [72.6844928355826, 23.020910714781316], [72.68449075317946, 23.020906716377464], [72.68442601090149, 23.02078239925975], [72.68437750195235, 23.02068925329278], [72.6843534538366, 23.02064307740953], [72.68424253818797, 23.020426977399318], [72.68420761285532, 23.020358932000217], [72.68416260366473, 23.020337040454454], [72.68408102341326, 23.020297360514252], [72.68408263071271, 23.020225097413174], [72.68408388185856, 23.02016882628528], [72.68402972693225, 23.02011752124764], [72.6838838444817, 23.019979316034163], [72.68375574320453, 23.019857956866066], [72.68375139163618, 23.019851818034418], [72.68358525115002, 23.019617452048326], [72.68359307889126, 23.01941224402626], [72.68359836367495, 23.019273707722768], [72.68360088516714, 23.01919755871211], [72.68360401958277, 23.019102893574512], [72.68360434170751, 23.019093175750594], [72.68353608412612, 23.019092464343185], [72.68340654842731, 23.019091113845498], [72.68339067943496, 23.01909133018357], [72.68320791190543, 23.019093820713582], [72.6831067090619, 23.018932266632333], [72.68294480541876, 23.01865814840378], [72.68294245735032, 23.01865417588639], [72.6827918388404, 23.01838709964011], [72.68271346266033, 23.018092868987708], [72.68246701310937, 23.01768050544178], [72.68237009474751, 23.01751975677855], [72.68229517700016, 23.017395498477917], [72.68228786799234, 23.017383615845727], [72.68225990268947, 23.017338148830852], [72.6821585353492, 23.0171733434966], [72.6821554597375, 23.01716834282671], [72.68215425075499, 23.017166376816505], [72.68215418433401, 23.01716626840713], [72.68215116091824, 23.017161352464672], [72.6821271844094, 23.01712019166331], [72.68212702995797, 23.0171199266782], [72.68207923429647, 23.017037873705917], [72.68200897638906, 23.016917260563044], [72.6819897423847, 23.016884240491425], [72.68197631580655, 23.016861191447344], [72.68196010085107, 23.016842184130255], [72.68185690296214, 23.016721214727827], [72.6817524966328, 23.01659882908505], [72.68170955939385, 23.016548497582416], [72.68169953959531, 23.016536752163127], [72.68169905289997, 23.016536181668453], [72.68165206952911, 23.016473042963668], [72.68160419570793, 23.01640870669202], [72.68150125372429, 23.01629339885511], [72.68145213894233, 23.016238384998402], [72.68142133180153, 23.016203878057752], [72.68142004367704, 23.016202434522317], [72.68141805500917, 23.01620020699932], [72.68139394863675, 23.016142081911603], [72.68138136010913, 23.01611172950892], [72.68137494735217, 23.016096267632143], [72.68132635341959, 23.015979100004255], [72.68122286067218, 23.015748159032302], [72.681219247417, 23.015740096208688], [72.68121698234116, 23.01573504059351], [72.68121107033433, 23.015700282729398], [72.681207309174, 23.015678171572404], [72.68116257086014, 23.01541514478485], [72.68115236870203, 23.01535516228791], [72.68114231540672, 23.015296056810474], [72.68113936965021, 23.015278735357136], [72.68111296035563, 23.015123464922123], [72.6810985965236, 23.015039016241616], [72.68108684613817, 23.014969934040106], [72.68108640915118, 23.014966229660867], [72.68107910919511, 23.014904334172755], [72.68107567298959, 23.01487520108176], [72.68105545882128, 23.014703810289713], [72.6810552381839, 23.01470194091493], [72.6810464467213, 23.014627400254394], [72.68104309837621, 23.01459900425356], [72.68103023865302, 23.014489973799343], [72.68102679910014, 23.014460809059457], [72.68102557073306, 23.01445039862751], [72.68142004472057, 23.01388733659344], [72.68101088491598, 23.01331003784305], [72.68090312763427, 23.01315799814505], [72.68193220873204, 23.01160184790772], [72.68205251066574, 23.011637662910783], [72.68205923728993, 23.011639665501455], [72.68207767976172, 23.011644725134385], [72.68207770954426, 23.01163699195718], [72.68212173734123, 23.01039714744769], [72.68215769835533, 23.01030963499047], [72.68215766709699, 23.010288068707556], [72.68268027191635, 23.01033011980272], [72.68298205329124, 23.010368621145425], [72.68345292634207, 23.010406877895], [72.68345140922115, 23.00968307426326], [72.68346046872489, 23.009682962208444], [72.68418658621347, 23.009637818017644], [72.68496969219352, 23.009472460124936], [72.6852745643813, 23.009405479643842], [72.6852860588931, 23.009422127089845], [72.6853868632577, 23.009599176273177], [72.68587037070775, 23.00949015418521], [72.68627430437634, 23.009409348886525], [72.68617242603896, 23.00907367554092], [72.68616550189279, 23.0089123345069], [72.68704941520699, 23.00909545286417], [72.6871481102922, 23.009139253280033], [72.68729806622574, 23.00920580378149], [72.6874102604049, 23.0092591645522], [72.68761937425711, 23.00892063009336], [72.68795838420108, 23.008515674936714], [72.68805422165988, 23.008408434774257], [72.6886367013733, 23.007688010366596], [72.6888613645412, 23.007451222361514], [72.68900713962569, 23.007315550204133], [72.6890550673002, 23.007270943286606], [72.68911229246764, 23.00721768395411], [72.68928605497373, 23.007060414551205], [72.68953040470663, 23.006894858167936], [72.68964575376427, 23.006830693148697], [72.6900149563352, 23.00662531443743], [72.69053575827553, 23.006249682722647], [72.69110265779105, 23.00581897983726], [72.69128162062235, 23.00566008467276], [72.69166132405832, 23.005363711323714], [72.69184944531315, 23.005226712647847], [72.6919125989907, 23.00515477686562], [72.69213805462947, 23.00494665993972], [72.69229478600155, 23.004857175847864], [72.69260690969583, 23.00477242885275], [72.69262781210068, 23.004757206651444], [72.69267683753512, 23.004681481224363], [72.69277386317015, 23.004627909454644], [72.69278630445145, 23.00462103968444], [72.69312880050106, 23.004445772153552], [72.69322299574921, 23.004407330930686], [72.69334524683552, 23.004380447576008], [72.6940140799264, 23.004281904385806], [72.69428201174672, 23.003715106990263], [72.69359851090785, 23.003379306238877], [72.69369106452717, 23.002750091152787], [72.69369828834421, 23.00270097937904], [72.69375878558316, 23.002238403328022], [72.69336116348752, 23.0021012287649], [72.69312363818631, 23.00203377111746], [72.69280349179604, 23.001925278697943], [72.69246186331449, 23.001795568341482], [72.69229625204693, 23.001720463510658], [72.69208586577447, 23.00162505288698], [72.69176850357437, 23.00148618718103], [72.69146381672329, 23.001346780750932], [72.69140626070917, 23.00131727648586], [72.6912282840892, 23.001161800763267], [72.69112432490593, 23.00105398513137], [72.69111213752623, 23.001042341414045], [72.69109324082407, 23.00101555053687], [72.69108012796512, 23.00096734578849], [72.69105184710892, 23.000855140164244], [72.69102966692735, 23.00079390350241], [72.69098237451075, 23.000707218990335], [72.69088508942852, 23.000556024719938], [72.69080780943045, 23.000457436792185], [72.6907644591849, 23.00036651044828], [72.69067310519189, 23.000094293146983], [72.69061051374224, 22.999860477518396], [72.69057759686497, 22.999702340362713], [72.69055209022895, 22.999563659887492], [72.69053667377557, 22.999468840809733], [72.69048298568052, 22.99912885473338], [72.69042225973547, 22.9987854227881], [72.69033924673157, 22.998205179774587], [72.69026407084357, 22.99798897708683], [72.69013102543012, 22.997765240100435], [72.68999640419061, 22.99762252180576], [72.68984981056161, 22.997460154644255], [72.68979714264731, 22.997371002546796], [72.68968613111673, 22.997147229248945], [72.68956354561088, 22.99688642980418], [72.68944702864287, 22.99664210343435], [72.68942772986792, 22.996601978943644], [72.68928903253875, 22.99645013172951], [72.68920676404339, 22.996341676491028], [72.68910467039333, 22.996190923120604], [72.68904673709588, 22.99607956467859], [72.6890232278798, 22.996020697309984], [72.68901850011795, 22.996011820282067], [72.6890107266703, 22.9959972245048], [72.68900766167587, 22.99587415907592], [72.68900379971782, 22.995760039905424], [72.68900844594741, 22.995752344274976], [72.6890136359193, 22.995750628809738], [72.68904799802917, 22.995740380337146], [72.68908375164844, 22.99572418174277], [72.68912798796673, 22.995588668677176], [72.68915857417568, 22.995497148162393], [72.68922288929461, 22.99531893075363], [72.68927093292436, 22.995187056526913], [72.68929805077643, 22.995109817801715], [72.68931435157212, 22.99506168378444], [72.68932786932241, 22.99502545270812], [72.68938010243083, 22.994912749804318], [72.68941091595033, 22.994845717321642], [72.68944020579202, 22.994792397372716], [72.68949858305643, 22.994697699864396], [72.68951718802637, 22.994665723108977], [72.68955353324013, 22.99459871623459], [72.68961151804723, 22.994497618188277], [72.6896415173504, 22.99441779418047], [72.6896610870962, 22.9942616587135], [72.68967080761597, 22.994061342106015], [72.6896677284197, 22.994027059089508], [72.68961965495558, 22.993928737162715], [72.68958819234135, 22.993870660267316], [72.68955357916799, 22.993812168137662], [72.68944922210788, 22.993669449728678], [72.6894158595266, 22.993593011278985], [72.68936653380912, 22.993428900635696], [72.68935415328991, 22.993368046073403], [72.68932075257968, 22.993105234607892], [72.68916518056507, 22.992964934017493], [72.68900069504214, 22.992805831745898], [72.68898414742537, 22.99278858179757], [72.68886683876813, 22.99266628660514], [72.68874309568938, 22.992599506423694], [72.6887009702486, 22.992588381694407], [72.68839018945621, 22.992579660530435], [72.68799737845247, 22.992451028715703], [72.68774424512173, 22.992380859864138], [72.68753600130553, 22.992332498600327], [72.68739841509961, 22.992283094289956], [72.687264168032, 22.992234889744225], [72.68699731544493, 22.992147863953072], [72.68685274496207, 22.99212338002934], [72.68681825416043, 22.99211753865902], [72.68680871695312, 22.992071535542255], [72.68672268065808, 22.99203301436956], [72.68658269163559, 22.991570446229638], [72.68651858960517, 22.99145214627826], [72.68640236720577, 22.991237660152088], [72.68622704657749, 22.99096715024395], [72.6860816197012, 22.990804042535277], [72.68587101954171, 22.990683471676718], [72.68564211627532, 22.99048950471862], [72.68543009975457, 22.990329494157763], [72.68521547045489, 22.990256338038023], [72.68516969170929, 22.99021744936984], [72.6850844064801, 22.990134985006385], [72.68495988578742, 22.989932510749327], [72.68490921989492, 22.989817109760377], [72.684812421241, 22.98968359797624], [72.68468791951132, 22.989540603168226], [72.68462753552524, 22.989474602823073], [72.6845779471787, 22.989417025707073], [72.6845395956817, 22.98936630103608], [72.68448455243595, 22.98929574540867], [72.68441817665128, 22.989224067968244], [72.68436849168563, 22.989172222353915], [72.68424309268225, 22.989046323658343], [72.68400310982258, 22.988770973155297], [72.68376326439987, 22.98877544014968], [72.68361645854436, 22.988790491861554], [72.68345201687195, 22.988749900489044], [72.68332378886934, 22.988704993216356], [72.68323334009915, 22.9886681979083], [72.68314069115789, 22.988616678622186], [72.68300835950235, 22.988584883353617], [72.68278420117306, 22.988529051814712], [72.68258439432591, 22.988482533272265], [72.68235904853563, 22.988420711562682], [72.68218234535821, 22.98837823494271], [72.6816753574328, 22.988197059355684], [72.68136899107039, 22.98808116796985], [72.68120197739191, 22.98800748234139], [72.6810185311763, 22.98793217912147], [72.6808084266075, 22.987842504123225], [72.6805654282651, 22.987753555111702], [72.68032087716655, 22.98764558479043], [72.68006450815122, 22.98754986391734], [72.67979267237766, 22.987453317488736], [72.6795009581564, 22.98734991129025], [72.67906077865996, 22.98717769576081], [72.67853363468414, 22.987013777074225], [72.67850282247461, 22.987004196041376], [72.67800555635263, 22.986822298657025], [72.67780273035174, 22.986484908679493], [72.67776165256423, 22.98640421478221], [72.67765777960945, 22.986248441904177], [72.67761296064337, 22.986120305529987], [72.6775279094543, 22.985907098057588], [72.67744223078623, 22.985720951718747], [72.67743086815673, 22.985693563053864], [72.67742123529207, 22.985666294550793], [72.67736400270333, 22.985504283487476], [72.67733474992501, 22.98540448304237], [72.67730570963577, 22.985292263712115], [72.67729716908488, 22.98519573188406], [72.6771471465954, 22.984879030177947], [72.67694358360916, 22.984640100800114], [72.67669948193834, 22.984386187327488], [72.67654701967078, 22.984149222269192], [72.67647953119668, 22.984032755304472], [72.67642070998328, 22.98393746306419], [72.6763638328701, 22.98364281454236], [72.6763286735586, 22.983435911647568], [72.67626676668945, 22.9833447090489], [72.67621986215727, 22.98301007614374], [72.67618646963668, 22.982700006946853], [72.67618262524658, 22.982664939826577], [72.67617021719653, 22.982202433713823], [72.6761324503684, 22.98187653426249], [72.67607778123565, 22.981452925772082], [72.67606968107766, 22.981397090782373], [72.67599497785928, 22.981020272587422], [72.67594420621305, 22.980846138910394], [72.67588843866261, 22.980667599259743], [72.67575288676275, 22.980247672967447], [72.67574834503449, 22.980227492251537], [72.67561204830436, 22.97985842111627], [72.67554206043096, 22.979726969119653], [72.67545994133191, 22.979569848680125], [72.67542257665713, 22.979486887667083], [72.67536415177668, 22.97929389978159], [72.67529799842333, 22.979009777282858], [72.6752777006006, 22.978971765643156], [72.6752440029042, 22.978908658305343], [72.67520169731462, 22.978667252686446], [72.67519430222079, 22.97853151611198], [72.67501665992958, 22.977982486836844], [72.67484173582454, 22.977651468577502], [72.67479634335035, 22.97746438671479], [72.6747863485377, 22.97744390746383], [72.67461584780645, 22.977094530859645], [72.67456067341371, 22.976926675522368], [72.67451373460754, 22.97665532996175], [72.67454844631693, 22.97642360264622], [72.67459862765678, 22.975963791023517], [72.67460029481109, 22.97591185781318], [72.6746241717555, 22.97546093299711], [72.67464195301861, 22.97522647434132], [72.67470790575672, 22.974447832296526], [72.67469001693432, 22.97416665425652], [72.67466658894813, 22.974164419912327], [72.67439604433893, 22.97413861614036], [72.67428658062077, 22.974108897220248], [72.67398561843059, 22.974057899800098], [72.67377736225787, 22.974016622176194], [72.6737385725055, 22.97402202488026], [72.67370119509313, 22.97402028167345], [72.67362291993065, 22.97399643897867], [72.67356013661492, 22.973986917735], [72.67349412649388, 22.97398499331869], [72.6734377294365, 22.973964099902407], [72.67330697059393, 22.97394689228651], [72.67319262073582, 22.97393565757695], [72.67315122404534, 22.973942693888105], [72.672833461036, 22.973887426413274], [72.6723830532308, 22.973825869917185], [72.67217263400165, 22.97378854533856], [72.6721139196165, 22.97377527609551], [72.6716770884826, 22.97373445909134], [72.67075570874574, 22.973667410307183], [72.67041929258689, 22.973668197456583], [72.66970098984325, 22.973755828032207], [72.66952389398041, 22.973786051886506], [72.6688333473966, 22.974015741625912], [72.6687487692847, 22.97375794796633], [72.66863414081178, 22.97335710470791], [72.6686222294822, 22.973239404292976], [72.66856161015727, 22.97311883667079], [72.66842407356506, 22.972955573911403], [72.6684150633925, 22.972939436963276], [72.66768647356072, 22.972983222250974], [72.6676078488225, 22.972864733025784], [72.66725795969244, 22.97295919267919], [72.6671054391684, 22.972990945718532], [72.66703819891762, 22.973004944399353], [72.66672304925166, 22.973056659124424], [72.66666641261523, 22.972884554080444], [72.66658555748536, 22.97272215705378], [72.66647180426432, 22.972536432275554], [72.66636774068564, 22.972392735725215], [72.66626467979349, 22.972265093446506], [72.66613440397676, 22.972099786239273], [72.66603422919228, 22.971984368139427], [72.66592370872448, 22.97188551878414], [72.66583609662062, 22.9718144661826], [72.6656488080637, 22.971639491897957], [72.66564312764513, 22.97163534822051], [72.66550579621858, 22.971554974445855], [72.66535304660742, 22.971389006066424], [72.6652176365884, 22.971330010334324], [72.6651886859168, 22.971318357163852], [72.66482748098055, 22.971305868024597], [72.66477445575755, 22.971317165468808], [72.66464563298048, 22.971274523472665], [72.66447170120061, 22.971187877430303], [72.66440410654711, 22.971158216532327], [72.66437328916346, 22.97115011810579], [72.66434630237168, 22.9711592749055], [72.6642687465333, 22.971228838099783], [72.66413529811521, 22.970978204787595], [72.66405185251537, 22.97088023186064], [72.66390075873514, 22.970740652673445], [72.66385963366406, 22.970713730023192], [72.66372194759687, 22.970623594601676], [72.66369208775971, 22.970604047034723], [72.66355443617441, 22.970473931406534], [72.66354417661273, 22.970464551486977], [72.6635052963881, 22.970419925908907], [72.66345395768025, 22.970381984393992], [72.66345346858779, 22.970381623276065], [72.66339614644913, 22.97032921607503], [72.6633928933034, 22.970326242059837], [72.66337463768559, 22.970309552344997], [72.66332770183473, 22.970266641578526], [72.66312775128732, 22.970117981181293], [72.66303864584563, 22.970048251278335], [72.66281975394685, 22.96987695551855], [72.66272271562812, 22.9698193895461], [72.66258019376386, 22.969697091104273], [72.66252730647686, 22.96964100413546], [72.66242421883504, 22.969566421761147], [72.66241593500328, 22.96956042851586], [72.66236286920851, 22.969522035077695], [72.66234066793145, 22.96950597319887], [72.66224218465781, 22.96943472143758], [72.66203091557495, 22.9691130801108], [72.66189368547123, 22.968837618760116], [72.66182593467936, 22.968755431108505], [72.66178161147802, 22.96870166324131], [72.66172724877805, 22.968635716230875], [72.66158131753956, 22.968395290285734], [72.66120129406592, 22.968290763786786], [72.6604609242244, 22.96814128962379], [72.66010512775404, 22.967830281051505], [72.65976036409884, 22.96777741576216], [72.65949747160612, 22.9677639788893], [72.65925356500968, 22.96784637022264], [72.65908669879052, 22.96794900916005], [72.65893497813711, 22.968070980735593], [72.65879724896482, 22.96827915338886], [72.65868407557831, 22.96855935004051], [72.6573260839186, 22.96865510840678], [72.65732394769734, 22.968654826746604], [72.65730717414286, 22.968652611543025], [72.65727743931245, 22.968648686188985], [72.65664320487764, 22.968367981109512], [72.65626150281054, 22.968457941415377], [72.65608409045214, 22.96839416685812], [72.6559865742687, 22.968363528256432], [72.65575890344142, 22.968313156241678], [72.65550537017371, 22.968250643892866], [72.65506292902549, 22.968102924943622], [72.65483860005823, 22.968141885349958], [72.65479896866593, 22.96815133189639], [72.65477262540502, 22.96815309166679], [72.6545794490843, 22.968135900570438], [72.65439921898998, 22.968113099346887], [72.65418789629953, 22.968058921574443], [72.65415813854084, 22.968054193606438], [72.6541356731572, 22.96805062445939], [72.65408825044457, 22.96803320137786], [72.65402182267474, 22.967991591222958], [72.65397596014593, 22.96796286354545], [72.65393034873252, 22.967931620710505], [72.65388417846243, 22.967899994920824], [72.65378946519546, 22.967812895445974], [72.65375328714603, 22.967778979944214], [72.65373798025479, 22.967769079631132], [72.65371645908343, 22.967760520086458], [72.65359552434677, 22.9677501302526], [72.65357059698296, 22.96775097817947], [72.65346363331585, 22.967761673670154], [72.65338020176347, 22.967760401290594], [72.65291270270826, 22.967745243657625], [72.6528133486452, 22.96775933224385], [72.65287086978874, 22.967391004826137], [72.65289958631607, 22.967207124380053], [72.65291564522752, 22.967125947001882], [72.65294009076644, 22.96700238103308], [72.65295477478433, 22.966928153941108], [72.65298062397112, 22.96679748822109], [72.65299759505247, 22.96671169829404], [72.65300588076182, 22.966670861051586], [72.6530712528579, 22.966232484507213], [72.6531131256442, 22.965951684456336], [72.65312240342979, 22.965889469616126], [72.65319572706825, 22.96539775301025], [72.65319578883751, 22.965397337725722], [72.65320240145813, 22.96535299261182], [72.6532350222457, 22.965134236170073], [72.65326564491733, 22.964928877739453], [72.65328312849161, 22.964842399252188], [72.6533529198259, 22.964497182828318], [72.65339399072329, 22.964338238536932], [72.65344250434804, 22.964150493463418], [72.65346718479944, 22.964054978641823], [72.65349299873219, 22.9639550793541], [72.65352665039443, 22.96382484763688], [72.65370006559792, 22.963318012119284], [72.65377856481894, 22.963088583416884], [72.6537988780283, 22.963029213204866], [72.65379952530739, 22.96302741082903], [72.65380022591442, 22.96302562549331], [72.65380098179882, 22.963023857226528], [72.65380178992739, 22.963022112303523], [72.65393410429935, 22.962747073371247], [72.653935098821, 22.962745091959174], [72.65393616200082, 22.96274314316198], [72.65393729091468, 22.962741226936362], [72.65393848845552, 22.96273934513078], [72.6539397497187, 22.962737499478273], [72.65394107368282, 22.9627356926722], [72.6539424622972, 22.962733924741382], [72.65394391057934, 22.96273220193183], [72.653945418576, 22.96273052153575], [72.65408862420094, 22.962576095905742], [72.6541911613771, 22.962465524864147], [72.65419281438574, 22.96246380237324], [72.65419453181096, 22.9624621322963], [72.65419630873258, 22.96246051726897], [72.65419814412915, 22.96245895998461], [72.6543397105945, 22.96234282004389], [72.65434150471042, 22.962341394861106], [72.65434334958165, 22.96234002279291], [72.65434524021012, 22.962338710987876], [72.65434717574576, 22.962337452210853], [72.65434915507367, 22.962336254570733], [72.65435117435739, 22.962335114399455], [72.65457706062766, 22.962212292533277], [72.65458867392444, 22.962205976715353], [72.65464175743898, 22.96218151844704], [72.6549010384209, 22.962062054843187], [72.65490275671188, 22.962061237934513], [72.65490445231097, 22.962060380063228], [72.65490612235641, 22.96205947757572], [72.65512886949898, 22.961935687534552], [72.65514164886085, 22.961927614882384], [72.65523894838532, 22.96186615208397], [72.65539414728767, 22.961777742419855], [72.65556681847926, 22.961655042815384], [72.65556851582785, 22.961653800361063], [72.65557017306452, 22.961652509464013], [72.65557178813093, 22.96165117641354], [72.65567527334707, 22.961563083151447], [72.6556770602454, 22.961561509782584], [72.65567878862163, 22.961559881379017], [72.65568045846024, 22.961558198843314], [72.6556820628761, 22.961556465684954], [72.65568360473104, 22.96155468555752], [72.65568508210677, 22.961552856627012], [72.65572848594496, 22.96149357930699], [72.65580864483071, 22.96138410345792], [72.6559641056651, 22.961171788639316], [72.65606704569856, 22.96103120158161], [72.65610533016476, 22.960978914803945], [72.65624262110732, 22.960804941869906], [72.65631708495266, 22.960708448911245], [72.65639036396911, 22.96061349304823], [72.65654035311664, 22.96041913226533], [72.65664076076878, 22.960289022452823], [72.65666847710168, 22.960253105401616], [72.6566753378122, 22.96024721570634], [72.65676092178124, 22.960173756214257], [72.65676271358397, 22.960172179292023], [72.6567645619437, 22.96017065827782], [72.65676646481775, 22.960169198558393], [72.65676841931317, 22.960167798285326], [72.65677042538331, 22.96016646016636], [72.65677247714895, 22.960165185920278], [72.6567745756159, 22.960163973756263], [72.65677671580185, 22.960162829920424], [72.6567788986815, 22.96016175442717], [72.65678111840674, 22.960160747190045], [72.65678337395623, 22.96015981090242], [72.65678566243707, 22.960158943715886], [72.65697586488271, 22.960090401649456], [72.65704779334501, 22.960064481287002], [72.65705010980317, 22.960063687638364], [72.65705245130201, 22.960062968391068], [72.65705481983758, 22.960062320866154], [72.65705720948401, 22.96006174949014], [72.65705961832307, 22.960061252429018], [72.6570620463703, 22.960060828780197], [72.65706448575052, 22.960060482941415], [72.65706693941884, 22.960060213150676], [72.65706939857208, 22.960060021083518], [72.65707186618093, 22.96005990407538], [72.65707433534486, 22.960059866538394], [72.6570768032176, 22.960059903916367], [72.65707927071163, 22.960060019834078], [72.65708173105088, 22.960060211482926], [72.65726513558032, 22.96007740062016], [72.65747116094197, 22.960096711413897], [72.65748525513034, 22.96009803286816], [72.65751046940707, 22.9600994075992], [72.65774733405185, 22.960121532826008], [72.65776117831155, 22.960123893321008], [72.6578708892419, 22.96013417600098], [72.65794652975899, 22.960141266634725], [72.65802895072326, 22.960148990974517], [72.65817407342195, 22.96016259265361], [72.6582541379236, 22.96017009608438], [72.65870006143838, 22.960211889323027], [72.65877957509979, 22.96021934102047], [72.65881625513978, 22.960222779005594], [72.65892203100765, 22.960232692279302], [72.65893217439624, 22.960233641980402], [72.65893471457467, 22.960233840196835], [72.65893726204678, 22.96023395455855], [72.65893980898404, 22.960233986755615], [72.65894235439625, 22.960233937676197], [72.65894490024827, 22.960233806446503], [72.65894743674667, 22.960233595630367], [72.65894820361295, 22.960233505839682], [72.65899064098058, 22.960097770440896], [72.65899638375107, 22.96007940248619], [72.65900789868158, 22.960009086573187], [72.65900834428267, 22.960006365730695], [72.65901204645493, 22.959978660455377], [72.65901783928443, 22.95993530585419], [72.65903536636883, 22.95980414099344], [72.65906938749433, 22.959549537691593], [72.65908743834206, 22.959414445149193], [72.65908750654773, 22.95941393786797], [72.65909863089986, 22.959330684155592], [72.65913961735794, 22.95902394461272], [72.65913997235316, 22.95902161606141], [72.65914041390779, 22.959019299622106], [72.65914094199074, 22.959016997100026], [72.65914155649322, 22.95901471481329], [72.65914225551252, 22.959012450025348], [72.65914343654265, 22.959008859790575], [72.65916494404544, 22.958943478159934], [72.65920862867749, 22.958810680784172], [72.65923211129255, 22.95873929745555], [72.65925452809587, 22.958671153055437], [72.65938258629033, 22.95828187022572], [72.65939277441582, 22.958255241154276], [72.65942248688398, 22.95826419073952], [72.65943423793634, 22.95823347599901], [72.65956188737594, 22.957899816976482], [72.65960883008655, 22.957777114126333], [72.65963962292915, 22.95769662442366], [72.65968141224761, 22.957587392303413], [72.65985613726822, 22.957130679875036], [72.65989640717832, 22.95702541932424], [72.65993444549942, 22.956925990550218], [72.65993484671634, 22.956924940170623], [72.659935140685, 22.956924173499754], [72.65993525806822, 22.956923867370083], [72.6599039625105, 22.956923645583398], [72.65990236869459, 22.956923636502914], [72.65991210487626, 22.956900935207535], [72.65993839238817, 22.95683963971682], [72.65994166588283, 22.95683200682521], [72.65996989020957, 22.956754811426382], [72.66002582210321, 22.956601834019903], [72.66008914853069, 22.956428631458255], [72.6601423188984, 22.95628320596355], [72.66016515864213, 22.956220736420587], [72.66018121344334, 22.956176825362824], [72.66018502126924, 22.95616640972627], [72.66021956162503, 22.95607193807717], [72.66029297057621, 22.95591246353813], [72.66039723093414, 22.955685966383395], [72.66051209649774, 22.95543642669826], [72.66053230392939, 22.955392527208154], [72.66063164352686, 22.955176716158014], [72.6606405911388, 22.955157278601305], [72.66069579495348, 22.95503734964759], [72.66071388359039, 22.954998053050275], [72.66073275204126, 22.954957061621144], [72.66074810523375, 22.954923707663298], [72.66083969635557, 22.95474015732089], [72.66094483595805, 22.95452550953415], [72.66097855565819, 22.954468710253106], [72.66106026552264, 22.954331073265777], [72.66107872566575, 22.9542999779155], [72.66112333839308, 22.954224829614134], [72.66119710910463, 22.95410960084731], [72.66134706851207, 22.95387536351641], [72.66138059137282, 22.953813550552923], [72.66146271395253, 22.95366212605207], [72.66148102221445, 22.95362942047244], [72.66156370442046, 22.95348172107735], [72.66159917621522, 22.953418356854932], [72.66181620884008, 22.953114322295093], [72.66193694677402, 22.952945184742394], [72.66195457805313, 22.952920485276284], [72.66204820797535, 22.952787536607392], [72.66214842587502, 22.952645234248862], [72.66215241095284, 22.95263957632831], [72.66235670532038, 22.952376198559598], [72.66252431557017, 22.952160110377292], [72.66252847889785, 22.95215474307337], [72.66285416977158, 22.951734850242534], [72.66305336095323, 22.951478044542732], [72.66307625504624, 22.951448528275858], [72.663330812032, 22.95109038267323], [72.66337000741181, 22.951035237048462], [72.66338396266354, 22.95101560222712], [72.6634330536971, 22.950940095655007], [72.66349088723975, 22.95085114211705], [72.66359131900447, 22.9506966662804], [72.66361375924312, 22.95065615766423], [72.6637985372538, 22.9503226014972], [72.66393083819212, 22.950047699488156], [72.66413435960268, 22.949705992855822], [72.66420752392283, 22.949406089616186], [72.66423576272992, 22.94929033460354], [72.66432537397262, 22.948923004999575], [72.66438710413733, 22.948689530054505], [72.66441571615822, 22.948581313647242], [72.66444156225754, 22.948483556347167], [72.66450113566583, 22.948262680978328], [72.66453654752583, 22.948131384645887], [72.66469637776282, 22.947635505390636], [72.66469810041858, 22.947630161657703], [72.66470111423877, 22.947628140374643], [72.66471679317088, 22.94762072703725], [72.66477215058384, 22.947594548630978], [72.6648316820256, 22.947566395795157], [72.66486759037136, 22.947549414242232], [72.66485559965203, 22.94760376651207], [72.66491186741345, 22.94761319985258], [72.66538502981568, 22.947692526688673], [72.665551919424, 22.947720506318987], [72.66570967675426, 22.94774695378308], [72.66574796665009, 22.947753373106934], [72.66582631461675, 22.947766507697487], [72.66589739655136, 22.947778423929392], [72.66591275048008, 22.94778267651247], [72.66618889543257, 22.94785915353511], [72.66621363738017, 22.947866005350356], [72.66631654141459, 22.947894504233968], [72.66638356620106, 22.947913066740803], [72.66672136447377, 22.948006616099363], [72.66680501538085, 22.948029781899393], [72.66681776720151, 22.94803331357825], [72.66687328584975, 22.94810837788839], [72.66706868480658, 22.94837257098637], [72.66711406167262, 22.94843392107008], [72.66712400653097, 22.948447366896797], [72.66712545888593, 22.948450332377682], [72.66722835644538, 22.94866050990991], [72.66723639708754, 22.948676932324723], [72.66726938942567, 22.948778820357436], [72.66727901975773, 22.948808561171372], [72.66729944882182, 22.948871650524275], [72.66731515064852, 22.948920142964777], [72.66732506981153, 22.948921504980092], [72.66745253376293, 22.94893901232458], [72.66749337818557, 22.94902694978822], [72.6675268481498, 22.949099011821136], [72.66753947987951, 22.949126209270123], [72.6675500358174, 22.94914893518498], [72.6675573595113, 22.949164704229826], [72.66758688873018, 22.94919847721555], [72.66759989838631, 22.949213358448223], [72.66761022525245, 22.94922516943392], [72.66762374526984, 22.949270491538236], [72.66780274397775, 22.949421225575108], [72.66811897762416, 22.949571111066618], [72.668139372113, 22.949575973851704], [72.66818245143163, 22.94958624499554], [72.66820206512931, 22.949595766612447], [72.66821267878615, 22.949600918922247], [72.66824491653287, 22.949601136555383], [72.66825935151617, 22.94960123505451], [72.66828898613838, 22.94958008693327], [72.66830933172623, 22.94956556890572], [72.66831734365007, 22.949559850841514], [72.66832826009598, 22.949552061064647], [72.66833115968365, 22.949549992891118], [72.66840478769683, 22.949497452099504], [72.6684677844777, 22.949452495795658], [72.66850612605717, 22.94940941959302], [72.66853067288449, 22.9493818416211], [72.6685554781444, 22.9493539731227], [72.66858969159458, 22.949315534512646], [72.66863146139404, 22.94926860665859], [72.66865259602001, 22.949236772229675], [72.66874390417148, 22.94909923274557], [72.66878666167503, 22.94903482619138], [72.66890578964826, 22.94885538096775], [72.66894234682961, 22.948800991265244], [72.6689580666635, 22.948586868682906], [72.66893255851006, 22.948393482898965], [72.66890210533616, 22.948063390609686], [72.66887784141896, 22.947853780349817], [72.66887052263864, 22.94779920973814], [72.66887270071595, 22.947732357632546], [72.66887458314957, 22.947682699129523], [72.66889630859593, 22.947558804846974], [72.66891297541159, 22.9474892983307], [72.66895673868414, 22.947343751350903], [72.6689920034033, 22.9472614488603], [72.66904785103583, 22.94718971764142], [72.66927672432979, 22.946895743474876], [72.66928142271232, 22.94688404326979], [72.66934958548117, 22.946714261700716], [72.6693697853756, 22.946663948770976], [72.66959214089431, 22.946801710467533], [72.66961132389618, 22.94681359548484], [72.66972622809716, 22.946884785328994], [72.6697772343001, 22.946916386200147], [72.66986305814612, 22.94689032494438], [72.67052124158444, 22.9466904567991], [72.67054970866852, 22.94668181234952], [72.6706329275974, 22.946656541189665], [72.67068602628478, 22.94664041653291], [72.67075161986706, 22.94662011200332], [72.67066008320796, 22.946544532567344], [72.67061295915526, 22.946370757509314], [72.67056380052166, 22.946189479853007], [72.67054389847888, 22.946116090984905], [72.67053356450124, 22.94607913181379], [72.67051367545086, 22.946008002911945], [72.67050513362953, 22.945977453055388], [72.67048659356689, 22.945853110532276], [72.67047390073893, 22.945767979740552], [72.67043714332875, 22.945579923409866], [72.67042148546727, 22.94552750365508], [72.67042906941829, 22.945526264421495], [72.67050097533925, 22.94551450675758], [72.67057405138337, 22.94550255859594], [72.67102531656481, 22.945428770130484], [72.67108859636043, 22.94541842303685], [72.67108810268772, 22.945407514138623], [72.67107947874173, 22.945216851955543], [72.67107588968925, 22.94513751650136], [72.67106937091266, 22.944993402542607], [72.67101830082692, 22.9447762808322], [72.6709978344527, 22.944689270878726], [72.6709558858984, 22.944510929559968], [72.67093438280406, 22.944419510313075], [72.6709502344757, 22.94441591780699], [72.6711235322888, 22.9443766381065], [72.6711814684797, 22.944363506701876], [72.67128708295596, 22.94433956877084], [72.67141285583297, 22.94441939175501], [72.67155425776191, 22.944521851394384], [72.67178358605885, 22.944407520731094], [72.67181389059054, 22.944392412552723], [72.67183924366199, 22.94437977314797], [72.67184707493904, 22.944375868710484], [72.67189301983514, 22.94435339279691], [72.6719325000929, 22.94443633555153], [72.67199318008227, 22.944563813626214], [72.67210504029839, 22.94453822436689], [72.67212985903593, 22.944530378315775], [72.67214344062559, 22.94452608518006], [72.67224585387488, 22.944493710537657], [72.67235626194652, 22.944469862102775], [72.67245399235674, 22.944448751804575], [72.67257688396667, 22.944432423697794], [72.67263400780759, 22.944424834036003], [72.67265530552527, 22.944353447499243], [72.672744403145, 22.944054798992536], [72.67274650962409, 22.944047739082578], [72.67287264044019, 22.944046041644658], [72.67297209499844, 22.944044703876592], [72.67314249674273, 22.944042411647185], [72.67327460848396, 22.94404063460845], [72.67378337706431, 22.94397325004038], [72.67378627396626, 22.943972866392333], [72.67381991125295, 22.94396841132192], [72.67379780558022, 22.943889260171698], [72.67377817369068, 22.94381896504191], [72.67373673292018, 22.943670580320966], [72.6736825883202, 22.943476707092557], [72.67366090716689, 22.943399075298405], [72.67362576818739, 22.943255970644792], [72.67360903940532, 22.943187844245013], [72.67357259667556, 22.943051325561463], [72.67352316876102, 22.9428661660709], [72.67351715895447, 22.942843653444427], [72.67350582554079, 22.942801197777367], [72.67350145763905, 22.94279155017613], [72.67350057992464, 22.942749159392438], [72.67349844986978, 22.942646323866818], [72.67349789191469, 22.94261938066998], [72.67349767684398, 22.942608984143092], [72.67349082795448, 22.942571465920473], [72.67346995610038, 22.94245712158797], [72.67346015340492, 22.94240342196284], [72.67344977047964, 22.94234654308968], [72.67344153653998, 22.94230143522813], [72.67356933078831, 22.94234768010115], [72.67358758924696, 22.94235148247555], [72.67364796642232, 22.942364055141265], [72.67369301473846, 22.942373435367116], [72.67394759025133, 22.9424264452851], [72.67395954333671, 22.942394116900264], [72.67396852016095, 22.942369837833553], [72.67407630831367, 22.942078303057485], [72.67410259885806, 22.942007194387923], [72.67421331351505, 22.941707743936117], [72.67421418123197, 22.941705397564835], [72.67433629756165, 22.941498396017543], [72.67455206090568, 22.94113265036573], [72.6745533098665, 22.94113229400135], [72.67479684223797, 22.94106287475739], [72.67556874565696, 22.94157955183765], [72.6759936083828, 22.941922589935768], [72.67621322420571, 22.941749040465943], [72.67667656742636, 22.941349104269346], [72.67639083641971, 22.94103736597952], [72.67646404043512, 22.94095662556868], [72.67658792179795, 22.94080078328938], [72.6765904092916, 22.940655106414233], [72.67655576950443, 22.940329271109743], [72.67660749117485, 22.940182494351195], [72.67668179735495, 22.93997162412512], [72.67697214927378, 22.939837893115882], [72.67695809064034, 22.939664265090403], [72.67694391620208, 22.93958809509859], [72.67691332411324, 22.939570979925236], [72.6769296653519, 22.939343790623678], [72.67693132819959, 22.939320673603838], [72.67692085535718, 22.93927109473758], [72.67691586335461, 22.939247462250602], [72.67689775690006, 22.939161743208697], [72.67682707459204, 22.93882712186835], [72.67682281314471, 22.938806947990976], [72.67678258760587, 22.93855383969451], [72.67678047066654, 22.93854051901568], [72.67677541201921, 22.938508687841882], [72.67684343027402, 22.938495105029972], [72.67691466905092, 22.9384833009799], [72.67716701996605, 22.93844148538512], [72.67728019253796, 22.93842273215386], [72.67728665802501, 22.938421661263998], [72.67728772550257, 22.938421484590517], [72.67729248420724, 22.938420695672992], [72.67740086090888, 22.938402737046353], [72.67745934375239, 22.938392238365925], [72.67746801663831, 22.93839068156064], [72.6774721888119, 22.938389932803354], [72.67749507466476, 22.9383858250271], [72.67750566105302, 22.938383925170204], [72.67760264970914, 22.93836651562269], [72.67760006542154, 22.93833642252348], [72.67759802524246, 22.938312659017107], [72.67759515545599, 22.9382792465403], [72.67765895576325, 22.938266685915934], [72.67766834423787, 22.93826483712602], [72.67769188241046, 22.93826020258682], [72.67781631212294, 22.9382357038131], [72.67785814893935, 22.938227466667218], [72.67786109389931, 22.938226886821454], [72.67788663710218, 22.938221857270936], [72.6779872831011, 22.938202041697686], [72.6780368515256, 22.938192281740122], [72.67813629253398, 22.938229091203706], [72.67816717627551, 22.938223735303673], [72.67820664399106, 22.938216890767098], [72.6783433511443, 22.938193181573475], [72.67853258572119, 22.938160362147624], [72.67856334611167, 22.93815703573534], [72.6786648804203, 22.938146054293288], [72.67867808317132, 22.938138263741482], [72.67868491891116, 22.93813422969843], [72.67868844608623, 22.938132147918058], [72.67868906841423, 22.938131780543358], [72.67868925157195, 22.938131672175075], [72.67871386001478, 22.93811715087743], [72.67877408301403, 22.93810320215742], [72.67897383067977, 22.93805693575065], [72.67900298285834, 22.938048167824338], [72.67906134697559, 22.938030613869614], [72.67912833825746, 22.938010465872622], [72.67919504707127, 22.93797035570019], [72.67919430540672, 22.93795399997203], [72.67919296976653, 22.93792451739931], [72.6791914200293, 22.93789032703468], [72.67919123735946, 22.937886291409896], [72.67919108571662, 22.937882951419994], [72.67919085689593, 22.937877906656247], [72.67918679696596, 22.93786258668553], [72.67918389920509, 22.93785165432835], [72.67917813483297, 22.937829906534976], [72.67916909811623, 22.937795813388398], [72.67915526873853, 22.93774363952321], [72.67909296273707, 22.937695350067603], [72.6790443699929, 22.93765768893231], [72.67891974951658, 22.937561104380787], [72.67890889748544, 22.93755269371762], [72.67890660850365, 22.93754470446905], [72.67887892717958, 22.937448095454766], [72.67887722885847, 22.937442166985836], [72.67886724855026, 22.937407336852964], [72.67882236866512, 22.937250700571003], [72.67880478546958, 22.937189333292682], [72.67878110815305, 22.93710669730331], [72.6787665555051, 22.93705590590282], [72.67876116768751, 22.937037232335847], [72.67876528292098, 22.937035532928366], [72.6787785565333, 22.937030896086878], [72.67940613846754, 22.9368116236823], [72.67974243478477, 22.936694122887232], [72.6800062661994, 22.936615502984637], [72.680088170126, 22.93659109635208], [72.68022065594498, 22.936542435274283], [72.68027139846876, 22.936523797923403], [72.6803761685527, 22.936485316263163], [72.68090936323097, 22.936283985324913], [72.68089825474665, 22.936211107843402], [72.68087802552442, 22.936078385444073], [72.68079296514394, 22.935520326784456], [72.68078710232706, 22.935481863440536], [72.68075346855844, 22.935360682817265], [72.68074824941016, 22.935341879049876], [72.6807374309069, 22.935302901775568], [72.68073064779541, 22.935278461327414], [72.68069014240507, 22.935271034750812], [72.68064086817749, 22.935262000229493], [72.68053383983022, 22.934844312466176], [72.68045016572093, 22.934517767647957], [72.68044539389282, 22.934499144660464], [72.68033982337793, 22.934087143405154], [72.68032884389812, 22.93404429602103], [72.68030908401143, 22.93396717962258], [72.68030612491528, 22.933937080136218], [72.68029607701557, 22.933834881470027], [72.68029338627896, 22.93380750975499], [72.68026103845138, 22.93347850931656], [72.68025676668015, 22.933435065720296], [72.68026872070146, 22.933376685431842], [72.68028589201332, 22.933292825818715], [72.68031407945051, 22.93315516851826], [72.68032066094399, 22.933123022753676], [72.6803214041106, 22.93311939520018], [72.68046702092595, 22.932852916636485], [72.68059136275768, 22.93271438704305], [72.68071993408266, 22.932571145874597], [72.68074105709493, 22.93254761169742], [72.68076521914058, 22.932461043660044], [72.68076871131348, 22.9324485335798], [72.68077337235643, 22.932436185940674], [72.68077678054976, 22.932419622715205], [72.68089994148892, 22.931978356316623], [72.68087365931302, 22.931929800585678], [72.68077666486306, 22.93168712406761], [72.68046758523235, 22.931538323423325], [72.68038677766138, 22.931467629375007], [72.68027408322655, 22.93142178999782], [72.68021179420037, 22.93154852376434], [72.68012121306946, 22.931787207795562], [72.6800781369873, 22.93190071509629], [72.68007581952916, 22.931908809422094], [72.68000735568896, 22.93214789165655], [72.68002445467366, 22.932224293852848], [72.6800249537321, 22.93222652482825], [72.6800322958645, 22.932259330094624], [72.68003229729047, 22.932259360811805], [72.68003347355197, 22.932283510745233], [72.6800429662418, 22.9324783265876], [72.67973173355935, 22.93252189755683], [72.67966347918339, 22.9325314526533], [72.67964180595592, 22.932529214478986], [72.67960893807061, 22.932525818571143], [72.67930599197182, 22.9324945196599], [72.67925673834813, 22.93248943046049], [72.67925573126675, 22.932489326350154], [72.67925548703721, 22.93248930110999], [72.67925511728217, 22.93248926319986], [72.67925451011908, 22.932489200149313], [72.67925390778798, 22.932488853679903], [72.67925301683671, 22.932488341381944], [72.67925294154917, 22.932488297847623], [72.67925286626163, 22.93248825431328], [72.67925257860055, 22.93248808940159], [72.67925250718024, 22.932488047729496], [72.67925172146433, 22.932487594752033], [72.67925145020043, 22.932487440011336], [72.67925125425486, 22.932487326999752], [72.67925097242538, 22.932487163076186], [72.67925093960025, 22.93248714453941], [72.67925074657818, 22.93248703157059], [72.67925014420092, 22.932486687808986], [72.67924995985699, 22.932486580384094], [72.67924986334596, 22.932486523899673], [72.6792495563796, 22.932486347871624], [72.6792493902895, 22.932486256061868], [72.67924925615779, 22.932486176456372], [72.67924859202826, 22.93248579567823], [72.67924847228318, 22.93248572982566]]]}}, {"type": "Feature", "properties": {"objectid": 3, "zone_name": "NORTH-WEST ZONE", "zone_id": "6", "st_area(shape)": 91405685.02711056, "st_length(shape)": 58091.631371822274}, "geometry": {"type": "Polygon", "coordinates": [[[72.53077836158535, 23.026100350919208], [72.53073075955413, 23.02616695872388], [72.53069433713158, 23.026217922972634], [72.53064036651381, 23.026293441714618], [72.53062801383648, 23.026310726196794], [72.53059279559731, 23.026356086855365], [72.53052970614802, 23.02643734462407], [72.5304717953605, 23.026511931515202], [72.53043615328284, 23.02655720877815], [72.53043296420819, 23.026561259297033], [72.53041691690777, 23.026581645712046], [72.53040473467289, 23.026597121003483], [72.53035193412033, 23.026672212833734], [72.53031735219918, 23.026721393882916], [72.53025372546756, 23.026811881923148], [72.53018824655025, 23.026944955573125], [72.53017945890895, 23.02696281386572], [72.5301484063195, 23.027025922624084], [72.5301388878481, 23.02705021697884], [72.53012978268147, 23.027073454341508], [72.53010361890487, 23.02714023149874], [72.530089767243, 23.027175584635827], [72.53006367709908, 23.02724217245153], [72.5300314840303, 23.027324336778204], [72.53002773525361, 23.027333085511042], [72.53001806479669, 23.027355655926726], [72.52997847731397, 23.027448051230163], [72.52992217807916, 23.027579449037887], [72.52991434328197, 23.027597734750287], [72.52990857744416, 23.027611192342636], [72.52980521545695, 23.027742479736542], [72.52979891208399, 23.027750486217016], [72.52975086247496, 23.027811516649397], [72.5297458873367, 23.027817768154687], [72.52962638021471, 23.027967926279896], [72.52960958310126, 23.027989032108312], [72.52959926547814, 23.02800199519105], [72.52955945332037, 23.02805201784129], [72.52951091864244, 23.028112999982078], [72.52948780472232, 23.02814204253845], [72.5293468769739, 23.02826183563907], [72.52933839250717, 23.028269047903226], [72.52928341181378, 23.02831225783086], [72.52915776042636, 23.028394470293154], [72.5291208267639, 23.028418635042872], [72.52911952246859, 23.028419450615345], [72.52894031726811, 23.028531539667497], [72.52890800063298, 23.028553525033875], [72.52887735006652, 23.02857437819215], [72.52882563822044, 23.028620651509524], [72.52879747942823, 23.028645848823132], [72.52869680237418, 23.02872999122513], [72.5286528230432, 23.028766747505134], [72.52859828086993, 23.02881182729978], [72.52859719649533, 23.028812723941126], [72.52859698359316, 23.02881289935936], [72.52859306798211, 23.028816135929716], [72.52840698737607, 23.02896993243686], [72.52837501554599, 23.028991612520844], [72.52806360531729, 23.02920277332498], [72.52798688612084, 23.029254794158856], [72.52796917385069, 23.029266804671355], [72.52790370142964, 23.02936901835485], [72.5278541805906, 23.029428439862798], [72.52768265530737, 23.029634254819598], [72.52750444218526, 23.029828483760845], [72.5270498437521, 23.030292481917645], [72.52699934696373, 23.030443364756387], [72.52698952132974, 23.030483315922364], [72.5269168350276, 23.030778858284776], [72.52675998454137, 23.03088890540554], [72.52659136834095, 23.031007367043767], [72.52641094517627, 23.03113639196702], [72.52624854542141, 23.03125351776473], [72.5260932554111, 23.031362871765065], [72.52582833822154, 23.03154001690341], [72.52561442661685, 23.031691166888475], [72.52557194837763, 23.031724514296048], [72.52531328791126, 23.031932514957017], [72.52529896809283, 23.0319188624065], [72.52502078657646, 23.031611613478795], [72.5247238432823, 23.031283639364602], [72.5243536294365, 23.030924340506306], [72.52416971254284, 23.030637272896804], [72.52394758259454, 23.0302948611967], [72.52357479990508, 23.030442887933095], [72.52343117106078, 23.030507713969648], [72.5233732408926, 23.030500358348288], [72.52332720829904, 23.030477423387346], [72.52325859185125, 23.030376985537558], [72.52303517901711, 23.030034314319238], [72.5228901081792, 23.02985290171975], [72.52262253223273, 23.029526258107232], [72.5223152971013, 23.029181078565504], [72.5220221410732, 23.028771628386245], [72.52174199760792, 23.028426872429765], [72.52139351000858, 23.02800938906912], [72.52110087940957, 23.027681527349316], [72.52099728161392, 23.027697805930796], [72.52072963901882, 23.027710259809794], [72.52069920472402, 23.02771167576254], [72.52069520629027, 23.027711755713636], [72.52025582510313, 23.027730846266625], [72.51994564068434, 23.027748793925994], [72.51965033533045, 23.02776326853876], [72.51960885857383, 23.02776530099917], [72.51959775270511, 23.02776671746098], [72.51943433805268, 23.027777437445828], [72.51925418931593, 23.027806857031802], [72.5188808645206, 23.027900602744012], [72.51869096431713, 23.02792175205511], [72.51847172120861, 23.02789090453501], [72.51801302239056, 23.02777974389726], [72.51742922696386, 23.027663885678702], [72.51728779499865, 23.027636271127452], [72.51708447575186, 23.02763451183926], [72.51682054171619, 23.02767336131216], [72.516448900994, 23.027731538554452], [72.5158209035092, 23.027809333961574], [72.51549551454318, 23.027813019717716], [72.51483179128577, 23.02774423218396], [72.51446419498093, 23.027701432695526], [72.51410359592434, 23.027664117314405], [72.51348755667202, 23.02758988000008], [72.51348016263272, 23.02758908126939], [72.51307048901364, 23.02753561458347], [72.5126597592484, 23.027487952963533], [72.51233202143062, 23.027452941488182], [72.51193638232967, 23.027412953122997], [72.5117744163306, 23.02739341344245], [72.51133249462188, 23.027355086775938], [72.51110026906863, 23.027356531889726], [72.51071625456265, 23.02736481905376], [72.51026972239396, 23.027369732419764], [72.50996247043281, 23.0273433980148], [72.50961585704202, 23.027282407889814], [72.5091685006746, 23.027191060790095], [72.5088941852883, 23.02714644522345], [72.50889182138663, 23.02714605682069], [72.50825810567574, 23.0271618975225], [72.50815057587084, 23.02717372100315], [72.5078419287989, 23.02722446306806], [72.50771303366797, 23.02722804332724], [72.50728562770963, 23.027239912835146], [72.50710133259408, 23.02727603536968], [72.50707671997894, 23.02728085894531], [72.50618039252586, 23.027353888397656], [72.50582737206251, 23.027394754841485], [72.50545006802663, 23.027436811831688], [72.50542838756567, 23.02743955001632], [72.50541588839101, 23.027440622116888], [72.50506718456458, 23.027470518878015], [72.50490384033239, 23.027485490325933], [72.50441855356758, 23.02751409193864], [72.50388413268041, 23.027549124949736], [72.50346835824107, 23.027571466991134], [72.50299396158665, 23.02760410433892], [72.50264899882072, 23.027628752948072], [72.50215275922464, 23.027669594482237], [72.501688066141, 23.02770930424256], [72.50149530159445, 23.027722312406198], [72.50123173550759, 23.027741077845622], [72.50068074422174, 23.02777106526804], [72.50026703267767, 23.027787456142335], [72.49977058734855, 23.02779823820705], [72.49953084823763, 23.027822729817927], [72.4992210376534, 23.027833975683254], [72.49861758978935, 23.027853810954966], [72.4978086082689, 23.02789403754563], [72.4976290163992, 23.027885605268747], [72.49712181147075, 23.02789965084993], [72.4968010201089, 23.027921162842315], [72.4967472297454, 23.027922672982527], [72.49673775077615, 23.027922761265046], [72.49633307225359, 23.027933741014134], [72.49582603479247, 23.027933082149435], [72.49571051985473, 23.027934935245653], [72.49551330685892, 23.027938111499473], [72.49490467852833, 23.02794178802811], [72.49482233314524, 23.027954067123684], [72.4942390467612, 23.027997310516074], [72.49379338551113, 23.028044524737428], [72.49311531494726, 23.02814478536777], [72.49252728719024, 23.02823769070055], [72.49183542381198, 23.028307927648953], [72.4913511948238, 23.02836681841473], [72.49079418903538, 23.02845956016453], [72.49010176610136, 23.028578823421984], [72.49008316264549, 23.028582028069483], [72.49008379571728, 23.02843067004777], [72.49008902494373, 23.027755937065827], [72.49008167663143, 23.027723042094017], [72.4900794963541, 23.02767368199046], [72.49007334856175, 23.02753449986741], [72.49007320550697, 23.027531271218137], [72.49007303449649, 23.02752739305791], [72.49007232053201, 23.027511231777606], [72.49007219338277, 23.02750835544784], [72.49007027087366, 23.027464823888018], [72.49006745044753, 23.027400951168104], [72.49006865744698, 23.02733006040125], [72.49006988418105, 23.027258051456897], [72.49007025598374, 23.02723624454431], [72.49007375654872, 23.02703064958324], [72.49007402244823, 23.02701503285666], [72.49007407159648, 23.027012169254824], [72.49007462533555, 23.02697964613976], [72.49007463765184, 23.026978928659965], [72.49007638845836, 23.02697787045455], [72.49026949513929, 23.026848134406322], [72.49027280758968, 23.02663077106277], [72.49027308654377, 23.0266124472345], [72.49023051938177, 23.026611771728017], [72.49018003209528, 23.026077500323815], [72.49053481205647, 23.026046546661938], [72.49053539957198, 23.026036521165445], [72.49053917099896, 23.02597217798098], [72.49054131952498, 23.025935532082773], [72.49054813925495, 23.025819189088676], [72.49056305946833, 23.02579381699609], [72.49061454301331, 23.02570626859711], [72.49062280150612, 23.02569908024161], [72.49066606968297, 23.025661414883537], [72.49067678459409, 23.0256588297346], [72.49092666998719, 23.02559854644626], [72.49103173680712, 23.02556062732177], [72.49114701064562, 23.0254559492533], [72.49123211774328, 23.025378667284325], [72.49123019907474, 23.025233504744605], [72.49123011304539, 23.025226983814193], [72.4912152072749, 23.025192010059147], [72.49116633318027, 23.02508414131472], [72.49115863928222, 23.025067161561182], [72.4911533372398, 23.025037413523414], [72.4911525950838, 23.02503324916126], [72.49114837043571, 23.025007785450867], [72.4911408591747, 23.024962505987716], [72.49112388476334, 23.024857899303125], [72.49111913212441, 23.024828609542702], [72.49111526807428, 23.02480479363025], [72.49109385469704, 23.02471053050203], [72.49107021202444, 23.024606457174215], [72.4910661668087, 23.024606858817357], [72.49104790661927, 23.024608674337838], [72.4910327946806, 23.024585630579615], [72.49090621155503, 23.02459615160338], [72.49089074073521, 23.024567313791838], [72.4908844411465, 23.024555572161155], [72.4908287956339, 23.02456037933561], [72.49050569060906, 23.024588289671634], [72.4904563625177, 23.02459255058866], [72.49042439830104, 23.02459531222398], [72.49040070038127, 23.024597359151592], [72.49013970768978, 23.024619903510366], [72.49011313776839, 23.024622198208107], [72.49006032418342, 23.024626760268976], [72.4891978010663, 23.024701261222447], [72.48918101350975, 23.024702711725435], [72.48913008180345, 23.02469413874706], [72.48906704723578, 23.024683527517293], [72.48892236682738, 23.02465917310622], [72.4887943508407, 23.024668696520333], [72.48879835912764, 23.024730860257122], [72.48853178753684, 23.02475413212003], [72.48851495268251, 23.024590591517793], [72.48851460797253, 23.024587246825], [72.48849412350215, 23.024411605774937], [72.48847589964939, 23.024211400170493], [72.48846837163559, 23.024088512194023], [72.4884946969089, 23.023976909744473], [72.48859409468692, 23.023626185487235], [72.4886405034742, 23.023447307731306], [72.4887265663539, 23.023147723720538], [72.48881821674257, 23.022860428811203], [72.48856047166815, 23.02271875872896], [72.48837280987476, 23.022555033315886], [72.48830914969108, 23.022495146023733], [72.48814713160301, 23.02229838935077], [72.48798437869436, 23.022099470555542], [72.48784354259348, 23.021971121698996], [72.48769509066545, 23.021877761865028], [72.48741651265837, 23.02174650810392], [72.48734089235433, 23.02169156615441], [72.48726496410211, 23.021617625730094], [72.48726295770045, 23.021616534046267], [72.48722447377428, 23.02157819649668], [72.48705092237309, 23.021423269859383], [72.48689205197759, 23.021349091252603], [72.48666042766685, 23.02125824031169], [72.48659994736711, 23.021237684557846], [72.48637033694168, 23.021156377335227], [72.48633695971661, 23.021142504517204], [72.4860873170603, 23.021065209892768], [72.48597914163511, 23.02102699942086], [72.48593862672666, 23.021012689000653], [72.48558604791944, 23.020892436700855], [72.48543753426102, 23.02083036362988], [72.48492900950438, 23.02061646371809], [72.48475780915619, 23.02049766080853], [72.48461266289033, 23.020359873182553], [72.48460259323689, 23.020351882743178], [72.4844744534172, 23.020248811965747], [72.48432325775866, 23.020135263814627], [72.48413566422525, 23.020007425027853], [72.4841285949001, 23.020004144901016], [72.48402416253288, 23.01994274280576], [72.4837908122403, 23.019839465965994], [72.48359355360513, 23.019713473317484], [72.48327947432767, 23.019462816756025], [72.48309674716305, 23.01928756598953], [72.48276397276555, 23.019072892837293], [72.48274575578284, 23.019060185859896], [72.48251000652435, 23.01885318027925], [72.48236776223254, 23.01871106510377], [72.48234616188417, 23.01865148669103], [72.48233562481995, 23.01855195785837], [72.48232500948873, 23.01831771741566], [72.48224899586319, 23.018159106182758], [72.48205321139874, 23.018028043012905], [72.48132278734103, 23.01761902262301], [72.4810419044646, 23.017450573584707], [72.48068454007947, 23.01726156331211], [72.48039532303945, 23.01710063297164], [72.48032144935921, 23.01705952764931], [72.47996696979091, 23.01689150793346], [72.47994424601323, 23.016880309564993], [72.47989686336282, 23.016953552646914], [72.47986108911368, 23.01700885196393], [72.47984885908794, 23.01702775805043], [72.47978013603165, 23.017133989101623], [72.47977016223587, 23.01715223872734], [72.47976559308448, 23.017161686151038], [72.47976430905057, 23.01716434139359], [72.47976012227461, 23.017172997796063], [72.4796919457878, 23.017313972827445], [72.4796866595391, 23.01732490374801], [72.47964511198334, 23.0174108138434], [72.47964306046158, 23.017418030097733], [72.47963543041872, 23.01743846826126], [72.47962804770646, 23.017458245051074], [72.4796171620202, 23.017487403192487], [72.47959565334503, 23.01754501772059], [72.47958343126845, 23.017577757370496], [72.47958226420319, 23.01758350994234], [72.4795692010437, 23.017647897708095], [72.47955877270029, 23.017699294708724], [72.47955804044881, 23.01770290480294], [72.47955263242841, 23.017729561172338], [72.47954082716201, 23.017772243827338], [72.47952577864825, 23.017826650043116], [72.47952159852362, 23.0178417646861], [72.47950078696535, 23.017917005306316], [72.47949898546561, 23.017923519604444], [72.47949880461303, 23.01792417210635], [72.47948099073044, 23.01798977507215], [72.47944772689897, 23.01811227660214], [72.47944621926585, 23.018117829658287], [72.47944445726205, 23.018124317502604], [72.4794424962864, 23.0181315406113], [72.47943600625673, 23.018155439039017], [72.47943459262873, 23.018158978695293], [72.47943017548708, 23.01816827235352], [72.47941816845726, 23.01819353266385], [72.47941461169098, 23.018200140861897], [72.47941167110272, 23.018205605186342], [72.47936923936868, 23.018284440815787], [72.47936247027273, 23.01829701814639], [72.47896129805788, 23.01816699097622], [72.47888615670193, 23.018298587112266], [72.47876289362677, 23.018514458084155], [72.4787166692416, 23.018595410443424], [72.47871472563985, 23.018598813456837], [72.47869262066463, 23.018629889742193], [72.47847376240207, 23.018937576499034], [72.47844109397307, 23.01898350310198], [72.47836506661429, 23.019105948243606], [72.47831098977736, 23.01919304113239], [72.47830769935163, 23.01919743824231], [72.47829442026335, 23.01922138816205], [72.47823993286384, 23.019314083142675], [72.47823061172873, 23.019329941779702], [72.4782104436858, 23.019364251745923], [72.47819937895387, 23.019390111927656], [72.47816083892832, 23.01948479975697], [72.47809562089678, 23.019645032042924], [72.47804381936417, 23.01977230191836], [72.4780362547893, 23.019790562726286], [72.47802680722842, 23.01981336945677], [72.47796412849561, 23.01995960558045], [72.47794543657669, 23.020018823714572], [72.47793015847222, 23.020067224685224], [72.47791040966456, 23.020138268888502], [72.47790584779011, 23.020157793539887], [72.4778826334036, 23.0202571598277], [72.47783147198635, 23.020438572958238], [72.47783068571002, 23.020441361595257], [72.47778079853258, 23.02060208997929], [72.4777674562022, 23.020636236975918], [72.4776874039285, 23.020841123460126], [72.4776797480921, 23.02086071792467], [72.47756983474369, 23.02112663661946], [72.47755443200774, 23.02116390216491], [72.4775376853045, 23.02120441777196], [72.47753443665518, 23.021212277497657], [72.47751203258534, 23.021207823630874], [72.47733534108247, 23.021172695308685], [72.47730134468887, 23.021187847098737], [72.47726760338288, 23.021203074264857], [72.47720521251232, 23.02123123198948], [72.47720056305833, 23.021233553682336], [72.4771871402272, 23.021247546773804], [72.4771833996303, 23.02125144558791], [72.47698703480648, 23.02145614653282], [72.47698294905531, 23.021460406344413], [72.47693425733027, 23.02151116475071], [72.47679353173157, 23.02170941007204], [72.47671972844118, 23.021813379162737], [72.47646745285957, 23.022168767526363], [72.47644649725196, 23.022198289187266], [72.47643902764123, 23.022208811396546], [72.47638675346408, 23.022286632254037], [72.47632387050166, 23.022380245896134], [72.47622862655443, 23.022522034609548], [72.47615322470568, 23.022634283873682], [72.47608275897299, 23.022739185098274], [72.47601001007128, 23.022847484735692], [72.47600312076365, 23.02285774084609], [72.47592914193649, 23.022967870502324], [72.47589592421009, 23.023148583254176], [72.47594621887457, 23.023290904083513], [72.47596939965032, 23.023319909488567], [72.47596346043636, 23.02337330054191], [72.47593465993657, 23.0236322258637], [72.47591203236765, 23.023780860289275], [72.47590268897657, 23.02389264875065], [72.47587238651322, 23.024045900009853], [72.47585256383906, 23.02414615044178], [72.47579582449882, 23.02440512179473], [72.47580012316365, 23.024566765437463], [72.47584895170259, 23.024989789210114], [72.47589529257839, 23.024976893954847], [72.47589582560875, 23.025064195500466], [72.47589675253779, 23.02521610987475], [72.47589559119112, 23.02540310890044], [72.4759718850958, 23.02550716453024], [72.47597477935832, 23.025605879954476], [72.47585918642103, 23.025909078257605], [72.47581037757352, 23.026037100688935], [72.47569813794105, 23.026140377028902], [72.4755531335415, 23.026273801413407], [72.47546011291512, 23.02635735096263], [72.47542346861597, 23.026389637092215], [72.47530865300097, 23.026490797516736], [72.47517671097276, 23.026593617171066], [72.47512638045814, 23.02664199523213], [72.47511987761169, 23.026648245723408], [72.47511807909645, 23.026649974623354], [72.47511544339775, 23.026652508030043], [72.47511253817872, 23.02665626303971], [72.47511053632994, 23.02665885441041], [72.47510471869599, 23.026666384174597], [72.47509618165292, 23.026677432691116], [72.47508847512053, 23.026687406677986], [72.47508714095052, 23.02670362727678], [72.47509190211157, 23.02671683348234], [72.47510264954552, 23.02674664165857], [72.47510798754189, 23.026761447681494], [72.47510890007864, 23.026763979058593], [72.47512512092673, 23.026808968245632], [72.47512519324519, 23.02680916980602], [72.475126764247, 23.02681352618067], [72.47512756551612, 23.02681574795073], [72.47514368989992, 23.026860471096878], [72.47514694408176, 23.026869497078344], [72.47515087712011, 23.02688040525481], [72.47516712583067, 23.02692547071308], [72.4751721878642, 23.026952207308483], [72.47519350340002, 23.02700229519433], [72.47519999841565, 23.027017557510295], [72.4752484611859, 23.027131434111507], [72.47527457307882, 23.027192791497665], [72.47531330876622, 23.027283813678164], [72.47531815554458, 23.02729520134436], [72.4753278266277, 23.02731792666755], [72.47533547755043, 23.027335903884147], [72.47537833314041, 23.02743660498496], [72.47539992447386, 23.027487339997418], [72.47550180960776, 23.027726745262107], [72.47552075944192, 23.027771273359726], [72.47552872339223, 23.02778998858273], [72.47559936777165, 23.027982312480113], [72.47562728730728, 23.02805832198935], [72.47565928372687, 23.028145428824416], [72.47566895201852, 23.02818919489836], [72.47571478938686, 23.028396693054162], [72.47576638072185, 23.0286302383142], [72.4757681662636, 23.028642921271427], [72.4757726310938, 23.02867465485919], [72.47578104390277, 23.028734454120773], [72.4758169977341, 23.028861695346823], [72.47581810491012, 23.028865611906287], [72.47588395453467, 23.029098654423724], [72.47596780826726, 23.029323833549448], [72.47599868255318, 23.029313832107118], [72.47606295271929, 23.029292029687042], [72.47697326674789, 23.028983229940177], [72.4770207972073, 23.028964505547496], [72.47704523031994, 23.029048663254848], [72.47707065408521, 23.02913624186113], [72.47710002186528, 23.02923739905609], [72.47714756184162, 23.029401157078382], [72.47717125630673, 23.029482772638417], [72.47723094894704, 23.029688387304237], [72.47723335761368, 23.02969668480446], [72.47724027939421, 23.029720525285217], [72.47724052080237, 23.02973919578137], [72.47724192965683, 23.02984805496111], [72.47724277727043, 23.0299135714528], [72.47724357837993, 23.029975509684448], [72.47724406068585, 23.030012773032986], [72.47724528541794, 23.03010742662671], [72.4772452868134, 23.030107456439055], [72.47723916764582, 23.03024885537348], [72.47708873491294, 23.030344838450294], [72.47720783850656, 23.030866789441337], [72.47722300815985, 23.030987289483154], [72.47722998117297, 23.031042683890423], [72.47723121831211, 23.03105250817375], [72.47724556547219, 23.03116794432004], [72.47725136576442, 23.03121461228758], [72.47729687720107, 23.03158080753769], [72.47729699342248, 23.031581741911527], [72.47730023459367, 23.031607818411384], [72.47730331959876, 23.031632643944764], [72.47731021745399, 23.031688148186316], [72.47731946185522, 23.031824521171423], [72.47732630970098, 23.031925550168484], [72.47733187908989, 23.032007713386683], [72.4773417480601, 23.032194186989898], [72.47734387281675, 23.032234331869294], [72.47734612314854, 23.032276846611563], [72.47735754766092, 23.032492708111548], [72.47736401905952, 23.032614997600444], [72.47737082034322, 23.032743507643975], [72.47738067659175, 23.03288405557582], [72.4773817762833, 23.032899741796033], [72.47739224843203, 23.03304906415322], [72.4773867534509, 23.033315506456862], [72.47734515071235, 23.033317262026475], [72.47736524867877, 23.033386671270087], [72.47736802724017, 23.033396268283227], [72.47737610733573, 23.03342417147261], [72.47737071801089, 23.033458391013124], [72.47736734531428, 23.033479803206735], [72.47736565285456, 23.03349054937741], [72.47736659433065, 23.03349734389613], [72.47736776364403, 23.03350578321195], [72.47737092342344, 23.03352858511413], [72.47735813600305, 23.03357411246679], [72.47734529010222, 23.033619846512305], [72.47734326803477, 23.033632683561223], [72.4773396208983, 23.03365584266966], [72.47732884675209, 23.033724246608788], [72.47732587994861, 23.03374308437262], [72.4773027851325, 23.03385567442208], [72.47729876005961, 23.033875296923593], [72.47728553689214, 23.033939763795694], [72.47726352435322, 23.034047081106454], [72.47724413375407, 23.03414161155891], [72.4772365009558, 23.03421887624205], [72.47723306652799, 23.03424213352464], [72.47722439748651, 23.034300829682074], [72.47721447279511, 23.0343680266647], [72.47721089777865, 23.034392233179346], [72.47720253559035, 23.034448854341193], [72.4771957482886, 23.034494811413776], [72.47719073700361, 23.034522501210315], [72.47717419853747, 23.034613874266743], [72.47717045507835, 23.034634555641706], [72.47716678552203, 23.03465483016206], [72.47715664436292, 23.034710866850336], [72.47715046644126, 23.0347450006668], [72.47715031427829, 23.034745838679697], [72.4771438827339, 23.034806729855646], [72.47713915182017, 23.03485151639628], [72.47713750576855, 23.034867099221223], [72.47712207672446, 23.03501316014716], [72.47710411548272, 23.035105347310825], [72.47710189707718, 23.035116730532728], [72.47709923534295, 23.035130392390556], [72.47708821958075, 23.03518693147205], [72.47707357252537, 23.035262107223748], [72.4770298544003, 23.03548303771193], [72.4770278538117, 23.03549314704567], [72.47700289637582, 23.035513848267517], [72.47674515901491, 23.035741570357793], [72.47657480268171, 23.0358262699024], [72.47626577068452, 23.036009075903095], [72.47604403552374, 23.036140241392935], [72.47569307175849, 23.0364164780482], [72.47551314132718, 23.036516309361108], [72.47538814630099, 23.036563983324765], [72.47527271557325, 23.03660800943357], [72.47478640726393, 23.036910960672632], [72.47460514113592, 23.0370201064265], [72.47418709472768, 23.037239855610306], [72.47390919289036, 23.03737963155799], [72.47387686553515, 23.037400333621115], [72.47353385159987, 23.037619997025995], [72.47327617444337, 23.037775125361613], [72.47304576065544, 23.037924782473848], [72.47291922196679, 23.03806750122239], [72.47287776011311, 23.03821492355916], [72.47283523000418, 23.038336532478933], [72.47278531449827, 23.03852203566973], [72.47277728873249, 23.038564899729028], [72.47272751215472, 23.038835606256427], [72.4727224494287, 23.038853290981134], [72.4726590970702, 23.03911761299997], [72.47259055235516, 23.03930344473471], [72.4725435026003, 23.03946016322035], [72.47241752601579, 23.039968463905623], [72.47275936201473, 23.040056488104174], [72.47274620852198, 23.040264634331], [72.4727071564576, 23.04040731872751], [72.47266368711519, 23.040537750188747], [72.4726310081929, 23.040759182876812], [72.47260435265257, 23.04108949309297], [72.47257809660911, 23.041109177910847], [72.47254651463899, 23.041127668116477], [72.47228534100327, 23.041099845964588], [72.47196701091127, 23.041064660235907], [72.47155287816312, 23.041018627185835], [72.4711249320311, 23.040967523542573], [72.47107649237202, 23.040961804369257], [72.47108550777403, 23.04108710339172], [72.47116050685025, 23.041437974934446], [72.47118192427932, 23.04156251818048], [72.47116726637255, 23.04184985506741], [72.47114952046661, 23.041970904710972], [72.471089809323, 23.042176313391135], [72.47108216352828, 23.042274715438644], [72.47100785409765, 23.042487891360675], [72.47097229716087, 23.042560767304987], [72.4709242973064, 23.04264347613782], [72.47088967699621, 23.042700723713253], [72.4708003441971, 23.042819718795684], [72.4706896945631, 23.042991424069438], [72.47044056240306, 23.04323058271759], [72.4702769792156, 23.04339042996102], [72.4701121596437, 23.04362372277868], [72.4700194459528, 23.043778922047984], [72.46983397965286, 23.04427084325724], [72.46972462610788, 23.04446016972676], [72.4696253021391, 23.044665181721378], [72.4695534049551, 23.044818086940662], [72.46945005478834, 23.045031393548463], [72.4694438200345, 23.045041448473143], [72.4692944075828, 23.045218824729947], [72.46923589586477, 23.045311514800634], [72.4691446539841, 23.04549826548854], [72.46911121056054, 23.04563052792412], [72.46909718674169, 23.045938893333165], [72.46911240929775, 23.04606333661204], [72.46910462520755, 23.046120774173765], [72.46901352412165, 23.046396615919576], [72.46898263429074, 23.046516499505405], [72.4689496394536, 23.046583326061004], [72.46887316194248, 23.04669817985458], [72.4687730982894, 23.04687356263579], [72.46873520498282, 23.046953924656396], [72.46872989044712, 23.04698966684675], [72.4687343921366, 23.047121581786072], [72.46874606407435, 23.047201304127906], [72.46880281203887, 23.047354835660474], [72.46883787622042, 23.047467177951916], [72.46885100205769, 23.047551939110008], [72.46886164256829, 23.047686819418782], [72.4688587746989, 23.04776427866054], [72.4688459975157, 23.047895439315802], [72.4688385988192, 23.047946075568937], [72.46886446405561, 23.04797753992381], [72.4688916427625, 23.04800783100782], [72.46890868810225, 23.048062441668414], [72.46897120851668, 23.0482730302099], [72.46903011632834, 23.048469827739133], [72.469056282086, 23.048559613758083], [72.46905424125384, 23.048594414484946], [72.46904411901825, 23.04861813664647], [72.46902517870868, 23.048630373049864], [72.46890148149582, 23.048689297820623], [72.46883865626641, 23.04870202472382], [72.46874337697851, 23.048724980512862], [72.46846507177275, 23.048770680622788], [72.46825565384532, 23.048790015769413], [72.46802954506086, 23.048770271522926], [72.46786428411069, 23.048752466934186], [72.46783898970774, 23.04875009190184], [72.46768860027804, 23.04873596750185], [72.46753826943966, 23.048749263215633], [72.46713577760411, 23.048776152182857], [72.46691967926944, 23.048799101299178], [72.46685691661432, 23.048805765710895], [72.46678227543339, 23.048813692169336], [72.46664186452368, 23.048806847403508], [72.46655632253636, 23.048757707612598], [72.46643690006479, 23.04851933570624], [72.46632830617108, 23.048322935208404], [72.46615841088655, 23.04779590457194], [72.46613485743653, 23.047730560693193], [72.46609864298155, 23.04756947596652], [72.46605599510725, 23.047346300827996], [72.4659463437566, 23.047377868502156], [72.46577752847207, 23.047406689170952], [72.46571708415222, 23.04738183478061], [72.46567056050445, 23.047344068086165], [72.46563714660971, 23.047309138532754], [72.4655836353365, 23.047175959353016], [72.46553711657658, 23.04704145967716], [72.46550043270557, 23.046864125557278], [72.46550873164693, 23.04679308259188], [72.46551937925501, 23.046720644669], [72.46549300394743, 23.0465855120365], [72.46548846932501, 23.04655200157367], [72.46553272507082, 23.04633870466886], [72.46554858679771, 23.046263484208044], [72.46548499779904, 23.04618603366712], [72.46539379048292, 23.046150177267307], [72.46532175994064, 23.046127273702766], [72.4653177120563, 23.04612601087202], [72.46527499690768, 23.04611268409547], [72.46515693685245, 23.046111865768328], [72.46510299855512, 23.04613930371889], [72.46507246278564, 23.04615744343512], [72.46504498783862, 23.046197101682136], [72.46502316242852, 23.046247295035275], [72.46497328494384, 23.04624722802879], [72.46489308925015, 23.046247119738105], [72.46473143024029, 23.046307342513515], [72.46451764191386, 23.046375222534582], [72.46426960986243, 23.046450406514797], [72.46418288259727, 23.046471585760884], [72.4638926728999, 23.046556697550542], [72.46389070004501, 23.04655339172097], [72.46379313695581, 23.04658344123019], [72.46371908028205, 23.04640359606238], [72.46367286736361, 23.04633550057538], [72.46361584877926, 23.04627941208653], [72.46359531260313, 23.046259735383593], [72.46349715435905, 23.046044679957514], [72.46349005085398, 23.04600976694058], [72.46329157619621, 23.046065098594102], [72.46317313042228, 23.046119325959612], [72.46302229794787, 23.046159538576422], [72.46290586171352, 23.046175343865038], [72.46277815985214, 23.046213897328972], [72.46268253143253, 23.046248666846424], [72.46250868860082, 23.046297943869902], [72.46239457283848, 23.046327640082453], [72.46226666823644, 23.04634947056113], [72.46216642181251, 23.04638273207622], [72.46200693803742, 23.046437016290128], [72.46182070131272, 23.046486571929634], [72.46166864725959, 23.046529988089834], [72.46154873837119, 23.04656579953047], [72.46126455351684, 23.04669116694932], [72.46104510497985, 23.04680515328934], [72.46082110897892, 23.04691381149988], [72.4606518429953, 23.04699420985312], [72.46048882186489, 23.047071843122577], [72.46040958415182, 23.04708585561586], [72.46024976860386, 23.04713294875997], [72.46024947746388, 23.047132972968328], [72.46011873281792, 23.047153790070986], [72.45994247212455, 23.047166721473403], [72.45963846810078, 23.04719288511892], [72.45961438915762, 23.04715571585928], [72.45959320177845, 23.047019472666292], [72.45953941765487, 23.04690802226557], [72.45949271721045, 23.04685587703898], [72.45943341114882, 23.046849353912616], [72.45926918085722, 23.04688105865104], [72.4591759184637, 23.046895416479277], [72.45901174029237, 23.046914467460063], [72.45893678475268, 23.046935498092502], [72.45872260426704, 23.04698839838131], [72.45859375893484, 23.047005314314138], [72.45836161880973, 23.047049350363196], [72.45822051102468, 23.047085326478012], [72.45813115035507, 23.047104041557002], [72.45795285758467, 23.047087798281495], [72.4577917106803, 23.047065620810685], [72.45773293803, 23.047061809266513], [72.45763486993127, 23.046979024943273], [72.45755561722935, 23.04689054017584], [72.45723129084564, 23.046864850510598], [72.45694424427464, 23.046884079013477], [72.4568238201223, 23.046906025339283], [72.45639783325628, 23.046776165520946], [72.45594112403117, 23.04663315035294], [72.45584173103349, 23.046689589704055], [72.45559781112372, 23.046649835862357], [72.4552549686944, 23.046592569454514], [72.45508146563012, 23.046552672199937], [72.45494632725375, 23.04651992373079], [72.4546799380729, 23.046453534896745], [72.45458023502385, 23.04643043273173], [72.45441532025728, 23.04638908340876], [72.45426830693978, 23.04635650239575], [72.45416177734027, 23.046318959384603], [72.4539800979965, 23.046222167325485], [72.45395920494336, 23.046220662633196], [72.4538938177378, 23.046198113766927], [72.45383607502711, 23.04618070352511], [72.45377531806574, 23.046158945061503], [72.45368231692629, 23.046139255173202], [72.45355564690924, 23.046161018042646], [72.45328477179557, 23.046036795256754], [72.45326807127256, 23.046027408710906], [72.45325141768966, 23.046017497538816], [72.4528360595485, 23.046200923215963], [72.45270123230469, 23.0461516979128], [72.45249812158973, 23.046124062544497], [72.45200007410868, 23.046079729320226], [72.45170030150742, 23.046040990126663], [72.45163757055049, 23.046019189110375], [72.45158871963397, 23.04614642185722], [72.45135258390066, 23.04613198552605], [72.45129641088162, 23.046134065851174], [72.45117689102736, 23.046142288515295], [72.45106823846126, 23.046149015427744], [72.45081500129146, 23.046220406181085], [72.45055276442133, 23.046276364752803], [72.45043333825645, 23.046300114149314], [72.45036844258169, 23.046319965999523], [72.45028133568078, 23.04635438678702], [72.45016651409341, 23.046387166996144], [72.45008296927213, 23.046403732563604], [72.44998512439844, 23.046432725224985], [72.44986698090764, 23.04648432015249], [72.44964321305179, 23.046580545994754], [72.4494189650328, 23.04667485360179], [72.44930597167213, 23.046727008727984], [72.44926540738842, 23.04674307231562], [72.44910191425464, 23.046845524825457], [72.44850492458494, 23.047264210381893], [72.44829269135933, 23.04738966247083], [72.44817195183823, 23.047403277545673], [72.44814546079462, 23.04740626476265], [72.44821914512865, 23.047809577475416], [72.44826196718395, 23.048026432783693], [72.44828586728701, 23.04822937776025], [72.44829722832627, 23.04844963292051], [72.4483483210219, 23.048901872607846], [72.44835835122365, 23.04898586869552], [72.44860833682968, 23.04948431051058], [72.44882691832605, 23.04989626244373], [72.44892761150221, 23.050079740658894], [72.44897576074878, 23.05023172436175], [72.44905078601606, 23.05063299851886], [72.4490930730179, 23.05092268145154], [72.44911858123731, 23.051349429724365], [72.44912346519101, 23.05160596059079], [72.44912756740904, 23.0517003838971], [72.44912533560601, 23.051704207873815], [72.44912138007957, 23.051710983883], [72.44911255944294, 23.05171886661693], [72.44909190522175, 23.051725352290756], [72.44878855197477, 23.051735679120867], [72.44862107164522, 23.05173566419449], [72.44832873364827, 23.051744796769103], [72.44815733968338, 23.05177307870129], [72.44788800111661, 23.051821751510143], [72.44768029599408, 23.051859478293466], [72.44759751826727, 23.05186936645186], [72.4476483653088, 23.052047171023936], [72.44782374166819, 23.05251933069559], [72.44790932047344, 23.052785113144324], [72.44798586851142, 23.05303713498526], [72.44806005006895, 23.053250425581535], [72.44811653667719, 23.0534576990471], [72.44817566037842, 23.05368937661565], [72.44819420500468, 23.053773509298765], [72.44826401246155, 23.05397239952182], [72.44829089366903, 23.05402514047079], [72.44880153457329, 23.05468775440194], [72.44884772514989, 23.055152158287115], [72.44890135924277, 23.055866687954385], [72.44891450738898, 23.05600770641005], [72.44896052760615, 23.056342464313577], [72.4489718929015, 23.05679718121201], [72.44897586088673, 23.05686575130387], [72.44892496877891, 23.057625912421194], [72.44892399620932, 23.057677486784648], [72.44893258752721, 23.057933665710664], [72.44889630295584, 23.058324783340428], [72.44892038886506, 23.058525800309145], [72.44903783246065, 23.058911026747996], [72.4490550000051, 23.05915317425304], [72.44906974009004, 23.059361094097426], [72.44906665957723, 23.05958191752591], [72.44903178850615, 23.059995769303978], [72.44902797473947, 23.060334865182394], [72.44902011188765, 23.060478043921712], [72.44992557528502, 23.06105311478438], [72.45007100562137, 23.061142993141434], [72.45043308813702, 23.061267992165998], [72.45045394726738, 23.06127519306736], [72.45106263830667, 23.061451364650875], [72.45163415695394, 23.06159479316855], [72.45215344826654, 23.061761284805577], [72.45232831424451, 23.061891886254717], [72.45265140422788, 23.06224862751025], [72.45297765636364, 23.062608857644626], [72.45300025355287, 23.06259397877072], [72.45328646980558, 23.062405517296234], [72.45355652228004, 23.062243683845956], [72.45411692570036, 23.062091258197455], [72.45459685405389, 23.061974343744698], [72.45462608919729, 23.06206332070014], [72.4550212202521, 23.06227755931056], [72.45516804247724, 23.06236232558611], [72.4555727294792, 23.062295997434784], [72.45577634396388, 23.062257002022637], [72.45601584315956, 23.06224509524709], [72.45615924138721, 23.062160118272075], [72.45643565333964, 23.062012787560494], [72.45645351343036, 23.062003268036143], [72.45669624752195, 23.06196094017094], [72.45700792790757, 23.061928956676216], [72.45715974461933, 23.061926624382327], [72.45718081152881, 23.061978324497055], [72.45718639182118, 23.0619920191744], [72.45757605485187, 23.061969629168647], [72.45819611677038, 23.06176162422708], [72.45861891469787, 23.061609036783924], [72.4589591923697, 23.061519843795285], [72.4593722036885, 23.061411209906595], [72.45967680053867, 23.061355203083515], [72.45968607587038, 23.061273667073063], [72.45977725597123, 23.061246259903836], [72.4598060030499, 23.0612376191654], [72.45985507646006, 23.061192479783045], [72.45991395376262, 23.061138323701364], [72.46001095862542, 23.061044584412826], [72.46030416493481, 23.060935370161147], [72.46061533656395, 23.060817844827124], [72.4610081517909, 23.060682285824146], [72.46113079019038, 23.06062550072871], [72.46126370988077, 23.06063981823415], [72.46139229694325, 23.0606122005962], [72.46176657760147, 23.060540418570444], [72.46203014474659, 23.060483747715242], [72.46231206928621, 23.06048039524811], [72.46267887794221, 23.060492736383164], [72.46311185116497, 23.06061210141497], [72.46326202268865, 23.060658005146657], [72.46353412893531, 23.06072071459972], [72.46388297166051, 23.060865323581606], [72.46409593794928, 23.060946844991104], [72.46446670343913, 23.061161308767115], [72.4645467209182, 23.061213290804154], [72.46479029682726, 23.061358652875636], [72.46488731584941, 23.06144242701435], [72.46529380819963, 23.061497593208706], [72.4652996893122, 23.061497622580795], [72.46552872795803, 23.06149876271106], [72.4658864348537, 23.0615424781067], [72.46609895534276, 23.061565233488302], [72.46615813212419, 23.06149273821481], [72.46620057823853, 23.061465951057475], [72.46625758152246, 23.061454326590063], [72.46649168632038, 23.061461664319875], [72.46682593539504, 23.061496880486153], [72.46692614576244, 23.061521177364966], [72.46701065113768, 23.06155716536186], [72.46729839873078, 23.061697920467907], [72.4674626288673, 23.061749517186662], [72.46768951184364, 23.06179793853599], [72.46781029439961, 23.061801495133853], [72.46786574587752, 23.061810492271906], [72.46791951278726, 23.061819216847766], [72.46796746781231, 23.061813738697115], [72.46807576966795, 23.061847122289286], [72.46814899234484, 23.061934280226268], [72.4681484190177, 23.061999356414532], [72.4681256172182, 23.062182794232513], [72.46811958664739, 23.06227360892919], [72.46811844121218, 23.062290865063375], [72.46837157617571, 23.062340424856107], [72.46839443358266, 23.062377700799477], [72.46848835215296, 23.062530862453645], [72.4687314397116, 23.06268971218559], [72.46893403887555, 23.06273553016655], [72.46904352430485, 23.06276655886849], [72.46906742606707, 23.062771916746456], [72.46908355973218, 23.06277553337943], [72.46933928080047, 23.062813078182057], [72.46963057584176, 23.06283969988413], [72.46970612451946, 23.062868054975798], [72.47010966302953, 23.062914315186806], [72.47026031312892, 23.062931584976084], [72.47029041559422, 23.06295171123313], [72.47054916083266, 23.063001251901788], [72.47058299834913, 23.06303470614696], [72.47062967957147, 23.06327143278519], [72.4707491960551, 23.06331251754534], [72.47124986182362, 23.063443424979667], [72.47130596675542, 23.06345446797696], [72.47149240956395, 23.063488081128032], [72.47162027181702, 23.063508701405528], [72.47198716847095, 23.063550477012676], [72.47205301040424, 23.063568378314635], [72.47198358509601, 23.063686439412944], [72.47195256342278, 23.063744221876455], [72.47189886927458, 23.064075835735515], [72.47187079380687, 23.06425213249748], [72.47191533682668, 23.064575766037493], [72.47196468321009, 23.064918583504472], [72.47200600767158, 23.065193440088212], [72.47205898288139, 23.065563066938786], [72.47211660551328, 23.065905060856537], [72.47219216155621, 23.066337149271043], [72.47228334749445, 23.06670643164712], [72.47233498028939, 23.06692699634184], [72.47233817329221, 23.066949499089798], [72.47235741616919, 23.06724573710437], [72.47230536388098, 23.06742045584334], [72.47222718259583, 23.06770868641413], [72.47217076336749, 23.067909847273963], [72.47217940905527, 23.068193018432233], [72.47218874696955, 23.068273420032448], [72.47227350128502, 23.068544911242103], [72.47233898509273, 23.068770236532377], [72.47238026378388, 23.069089039618024], [72.47249643903555, 23.06936437823876], [72.47286951098795, 23.06918118192837], [72.47302438715003, 23.069070925302878], [72.47313620979664, 23.068999149746386], [72.47325560384778, 23.06897171157268], [72.47360069667768, 23.06897033659603], [72.4736365709572, 23.06897019372072], [72.4737329056331, 23.06896784582817], [72.47397532208511, 23.06896193791543], [72.47398818175611, 23.06894574832157], [72.47399918206295, 23.068931899540964], [72.47402036040005, 23.068905236888106], [72.47417579796975, 23.06891412509829], [72.47420458800774, 23.068915771733092], [72.47425740357953, 23.069013521211094], [72.47436578947527, 23.069214119441547], [72.47440899962398, 23.069294092274728], [72.47443568983138, 23.069344959757654], [72.47448450261126, 23.06943561203744], [72.47466139279048, 23.06976412580871], [72.47465285991883, 23.0698048701533], [72.47464343268577, 23.06984988181856], [72.47463630205749, 23.069899490773594], [72.47459250481397, 23.07020417675119], [72.47458792994077, 23.070262056711474], [72.47458120352108, 23.07034716364671], [72.47456090446201, 23.070603983757792], [72.47455519267893, 23.070676240378358], [72.47454944136159, 23.070748993766777], [72.47454127281769, 23.070852331624238], [72.47453835864107, 23.070889202845592], [72.47444450129514, 23.071087001732046], [72.47442059665089, 23.07113737871912], [72.47431387813018, 23.071345096761227], [72.47424311300341, 23.071486103398033], [72.47424231850506, 23.071487687609846], [72.47406001387421, 23.071850945485348], [72.4739918309884, 23.071959980861728], [72.47392300736266, 23.072070040471466], [72.47391430143033, 23.072079923247195], [72.47373050364449, 23.072288567919294], [72.47375510758721, 23.07234238836107], [72.47372256454744, 23.07239728144769], [72.47350081792301, 23.07262541420184], [72.47344802483482, 23.07265323099366], [72.47338993767181, 23.072653495877706], [72.47330196380175, 23.072629994953463], [72.47320409966814, 23.072606920685896], [72.47319083589001, 23.072605765095034], [72.47314870344009, 23.072733548485754], [72.47311327924514, 23.072840987097482], [72.47305598276562, 23.073011795333095], [72.47302867703888, 23.073091610494775], [72.47294901231008, 23.073232316864942], [72.47291398839081, 23.07329578021455], [72.47286037949502, 23.073384489580413], [72.47278811900843, 23.073504248384143], [72.47273187331791, 23.073595901699925], [72.47269111306021, 23.07365316895524], [72.47260919964178, 23.073736946766335], [72.47253625255388, 23.073791494332006], [72.47252993070397, 23.073796221807648], [72.47245878706515, 23.073842915619565], [72.47237713096675, 23.073895647338247], [72.47230260682393, 23.073944258504856], [72.47217658399926, 23.074018309025], [72.47204899496678, 23.074111565972114], [72.47190921159257, 23.07421501700047], [72.47177428002075, 23.074328219153262], [72.47174084776375, 23.074359223174646], [72.4715810172572, 23.07448921158957], [72.4713797027023, 23.0746652865888], [72.47113824205717, 23.07480277146465], [72.47092996600918, 23.074931398251813], [72.47077866716623, 23.0750155557696], [72.47059027582623, 23.07513243208355], [72.47056562615825, 23.075145597895766], [72.47015420710332, 23.07536466172962], [72.47003074183782, 23.075447477029883], [72.46978217464904, 23.075614203160622], [72.46976940676431, 23.075622767593952], [72.46943595595695, 23.075854733824713], [72.46931432683766, 23.075960850989336], [72.4691961917117, 23.076081124560947], [72.46891805021208, 23.076334262940808], [72.46877807393236, 23.07647532593516], [72.46868765219007, 23.076561771536962], [72.46861769115834, 23.076630870747305], [72.4684938763828, 23.076763594138693], [72.46839232578152, 23.076892853193222], [72.46828601489516, 23.07702824565169], [72.46815379481266, 23.0771961835868], [72.4680337141952, 23.07734998537274], [72.46800133412722, 23.077397234463437], [72.46792418243349, 23.077464306923456], [72.46785629643726, 23.077587895635887], [72.46776363644216, 23.077711086960065], [72.46767689260675, 23.077849181338483], [72.46755962134581, 23.078018313499754], [72.46748998702527, 23.078097448373246], [72.46741221316074, 23.07822517697744], [72.46733550200119, 23.07832378366591], [72.46727098033594, 23.078433095329306], [72.46716957508562, 23.078609647441617], [72.46706964807657, 23.078762338107527], [72.46696216593965, 23.078891142459316], [72.4668044844989, 23.07908136032261], [72.4667566884887, 23.079152246795587], [72.46675513011155, 23.07916042932056], [72.46671679093589, 23.07925622100964], [72.4666510969774, 23.07953819844856], [72.46658709933727, 23.07981232140612], [72.46642945365684, 23.080372271708764], [72.46637830480255, 23.080580678693604], [72.46631844947483, 23.080798977833002], [72.4662354523664, 23.08109500789749], [72.46616588061434, 23.08134404836259], [72.46614743381416, 23.081411020225186], [72.4659888814553, 23.081358317379514], [72.46584357203697, 23.081301528223875], [72.46528425229549, 23.080979423110975], [72.46492535150122, 23.080790226607526], [72.46457844445476, 23.080597110100037], [72.4645616570771, 23.080588294441494], [72.46452877152414, 23.08063689403379], [72.46432177071075, 23.081059324797398], [72.4641762628737, 23.081302042201287], [72.46370711077331, 23.081045150895303], [72.46350701295107, 23.08093660581412], [72.46352541225924, 23.080889849059844], [72.46364038650403, 23.080597678280277], [72.46365970888797, 23.08054472653255], [72.4633274458331, 23.08036694158394], [72.46298087109636, 23.08018152280534], [72.46272123250894, 23.080026877763228], [72.46242814844486, 23.07984554119122], [72.46191353218904, 23.079549461256992], [72.46133557724926, 23.079258331857613], [72.46131637951274, 23.079249663079125], [72.46105741810376, 23.079533219854937], [72.46083726898136, 23.079522639760437], [72.46047748725431, 23.07950534842819], [72.46023457552934, 23.079498917625237], [72.46014350000561, 23.07950212486376], [72.46012794884655, 23.079798736705058], [72.46010546789849, 23.080015678805], [72.46007635302144, 23.080296630516095], [72.46007295966466, 23.08031401460148], [72.45992146236533, 23.08057070096875], [72.45968015809143, 23.080987663654454], [72.45950190995927, 23.081368038897264], [72.45965391131102, 23.081690772430363], [72.45974718497946, 23.0819546262807], [72.45975157359253, 23.082164879974307], [72.4597553490732, 23.082227238993948], [72.45961049830588, 23.08272289772115], [72.45965116150316, 23.083031660927702], [72.45975698434142, 23.083513441097733], [72.45978856961824, 23.083824446781048], [72.45982754985847, 23.084222749480812], [72.45983139863537, 23.084251472659293], [72.46030565173781, 23.08401739356015], [72.46038958753158, 23.08397149224505], [72.46056716729274, 23.083866352746973], [72.4607075141853, 23.083788836601435], [72.46090583008565, 23.08370308300535], [72.46106234516942, 23.08363507492587], [72.46110723688251, 23.083614522659254], [72.46135120659342, 23.08350875562291], [72.46157859198989, 23.0834429086461], [72.46185700943774, 23.08338146478813], [72.46202980580165, 23.08333551900412], [72.4621990217153, 23.083315310609805], [72.46301837001157, 23.083274805795753], [72.46330419037587, 23.08328076959414], [72.464313452336, 23.083275368091876], [72.46473063738394, 23.08327538180958], [72.46500402502969, 23.083289325988396], [72.46500588683686, 23.083352193244277], [72.46500971417166, 23.083481448218834], [72.46546109962073, 23.083514564044428], [72.46570991356543, 23.083532817434747], [72.46580538705241, 23.08411331100481], [72.46601959339077, 23.084144455269723], [72.4664322101704, 23.0842781445704], [72.46666024890683, 23.084287536918847], [72.46687409767267, 23.084337783085815], [72.46711562273654, 23.08439898165008], [72.46748387479192, 23.084475587867672], [72.46782028630552, 23.08454308495449], [72.46806176068287, 23.08457944206115], [72.46857348582066, 23.08463207439092], [72.46895858171682, 23.08466404517007], [72.4694780358291, 23.08470103523082], [72.46956877407857, 23.084708222187345], [72.46989287111339, 23.084771696324662], [72.47006893861533, 23.08479923857926], [72.47010738362282, 23.084814185477057], [72.47029844180402, 23.084847700934237], [72.47058469113702, 23.084898863330718], [72.47063745379813, 23.084907471343314], [72.4706684653729, 23.08494021169414], [72.47089080473218, 23.084992141322793], [72.47109042775679, 23.085050870692783], [72.47118847510768, 23.08508826877944], [72.47132345707101, 23.085117898414307], [72.47141615579679, 23.08513072886484], [72.47163049902645, 23.085161629577158], [72.47187249758406, 23.08519775016602], [72.4719199920165, 23.085205079080566], [72.47190894767567, 23.085546929112166], [72.47190772340576, 23.085612353236467], [72.4724907917558, 23.085701943147708], [72.47276357674724, 23.085741323188596], [72.47320300636586, 23.086133237929687], [72.47319881897019, 23.086170146409703], [72.47319651394278, 23.086190456874835], [72.4734174135285, 23.08630577275422], [72.47373896534249, 23.086464258950276], [72.47382024229186, 23.086513196515167], [72.47411034451521, 23.08673317224924], [72.47460496947446, 23.087065917734957], [72.4748343401335, 23.087219612122848], [72.47509119084553, 23.08732463406981], [72.47531050906447, 23.087400393777333], [72.4755318107113, 23.087439163324998], [72.4757139957735, 23.08749880260816], [72.47598520894998, 23.087629729064474], [72.47614379866856, 23.08770869609779], [72.47636976862233, 23.087843077155295], [72.47647241318154, 23.087910998192555], [72.4767109183769, 23.08809991780854], [72.4767445690409, 23.088129713996167], [72.4767562266201, 23.088162144774778], [72.4770309106681, 23.0883492537647], [72.47730537988878, 23.088423503907375], [72.47742250807958, 23.088593762148996], [72.47757833214095, 23.088793301193416], [72.47767531584047, 23.088908661309095], [72.47782860907279, 23.0890986061706], [72.47788730132304, 23.08917000359255], [72.47796258992761, 23.089285852777987], [72.4779932253549, 23.089338889040338], [72.47812586262984, 23.089459834218466], [72.47817263621843, 23.08950410198893], [72.47819665682698, 23.089595197010333], [72.47830156233496, 23.0898602793208], [72.47830471652841, 23.089869504111597], [72.47833079643762, 23.08993303934212], [72.47837975165908, 23.090088502543235], [72.47840484079988, 23.090202028370218], [72.47842313776047, 23.09034737594431], [72.47842342071046, 23.09035234274302], [72.4784234514474, 23.0903578047186], [72.47842401783315, 23.090458553331175], [72.47842661758732, 23.090539448310313], [72.4784182206661, 23.090581489439312], [72.47838464800573, 23.09072030841237], [72.4783531362383, 23.090881490098322], [72.4783366665731, 23.091068149600932], [72.47832451142273, 23.09120590793776], [72.47831551330742, 23.091373904729338], [72.47830211206544, 23.091586813016757], [72.47829670422001, 23.091718306825292], [72.4782891240182, 23.091902649323888], [72.47828607437468, 23.09207585959908], [72.47829345356995, 23.09216029920608], [72.47830567050129, 23.09230009625771], [72.47839688208418, 23.092684621314714], [72.4784407847173, 23.092836200613924], [72.47846567325996, 23.092946324476898], [72.4785027128988, 23.093040954955296], [72.47854507801141, 23.093275783295265], [72.47855416928998, 23.09332617872301], [72.47856186516476, 23.09336883987815], [72.47860130170007, 23.09354436657849], [72.47861898492111, 23.093801730624698], [72.47860883164303, 23.094013663500952], [72.47857467594403, 23.094183654106416], [72.47849523702722, 23.094331424508255], [72.47830003076332, 23.09467684235084], [72.47845928067782, 23.09480519906707], [72.47863268096705, 23.095017915667764], [72.478849257484, 23.095241353967072], [72.47903653043954, 23.095416315139108], [72.47915170199592, 23.09551202229644], [72.47942642921778, 23.095670787031576], [72.47964535336577, 23.095815625537572], [72.47988464210849, 23.09595723590759], [72.48015907886163, 23.096073881820242], [72.48016768186194, 23.09607789912369], [72.48042641360983, 23.096148820817927], [72.48057199404792, 23.09619120027686], [72.48075866325, 23.096253050255847], [72.48081389596445, 23.09625329930775], [72.48092374368224, 23.096281782810504], [72.4810838402762, 23.096331251578718], [72.48124650521393, 23.096381513162296], [72.48141947515197, 23.096440607050013], [72.48152379553105, 23.09649088670148], [72.48162317405824, 23.096557509797158], [72.481633641562, 23.096580068980796], [72.48171327451129, 23.096751696970134], [72.48179583124289, 23.097018134325143], [72.48181283264786, 23.097075609595525], [72.48190181344158, 23.097163731117163], [72.48208853798138, 23.09725516737609], [72.48217565323674, 23.09729158876775], [72.48259702365488, 23.09752867640875], [72.48309849125764, 23.097592582614258], [72.4832177951689, 23.097607786516317], [72.48331263110808, 23.09760937690683], [72.48336682811231, 23.097608945981225], [72.48345020883612, 23.097608280910475], [72.48352152165997, 23.097597184593024], [72.48368397740582, 23.097585609135518], [72.48401789923761, 23.097645225264884], [72.4840312788219, 23.097646590501668], [72.48439393805609, 23.0977009850577], [72.4844173280683, 23.09770542387259], [72.48459730468984, 23.09773231488908], [72.48476238730895, 23.097761244944916], [72.48492802229288, 23.09778860567066], [72.48508277100487, 23.097797521502294], [72.48534779813924, 23.097754029412435], [72.48571646665383, 23.097826294169188], [72.48595951614367, 23.097865703057217], [72.48637074564554, 23.09794697848622], [72.48696445514162, 23.09799015310547], [72.48742585368034, 23.098033096175065], [72.48783071693586, 23.098087551155924], [72.48790528420517, 23.09809413224445], [72.4883392897834, 23.09814652230842], [72.48872491504615, 23.098194220587406], [72.48928024170324, 23.098238169470836], [72.48958493430136, 23.0982645136804], [72.49019668372775, 23.098315089467967], [72.4903234766129, 23.0983278552004], [72.49090707090035, 23.098393027105907], [72.49125192400204, 23.09842574005103], [72.49145714148368, 23.09845317459444], [72.49155816636804, 23.09851879163205], [72.49172331484966, 23.098635108932402], [72.49183634809464, 23.098721458350358], [72.49208413329771, 23.098892590230754], [72.49216308658929, 23.098953297280868], [72.49223419108269, 23.09900796936169], [72.49232647165968, 23.099078922028074], [72.49248382594253, 23.099225687513673], [72.49253652162454, 23.099280027171048], [72.49260246841735, 23.099454956552698], [72.49285209272323, 23.09941593108345], [72.4932738702712, 23.099338558209226], [72.49352028017883, 23.09929183805557], [72.49372272294154, 23.09936771138254], [72.49397178149727, 23.099435273244623], [72.49444551046166, 23.099494439959898], [72.49460942934837, 23.099517625408332], [72.49521984383719, 23.099625869047177], [72.4955410286224, 23.099675154939828], [72.49566072140077, 23.09969496877224], [72.49582517472966, 23.09959845737105], [72.49607360511735, 23.099462469684358], [72.49611557383601, 23.09944246319233], [72.49649496379203, 23.099571616647335], [72.49696934432191, 23.099685976590276], [72.49721773798734, 23.09974506521803], [72.49807965996322, 23.099959737981862], [72.49816537499606, 23.099981086496317], [72.49821590298431, 23.099993671138925], [72.49824137146233, 23.10000001409049], [72.49824164774321, 23.10006309696454], [72.49824298401155, 23.100368148137456], [72.49824368373078, 23.10040206048048], [72.49824691759731, 23.100558997784564], [72.49824860631925, 23.10064096476303], [72.49825484681163, 23.10094377095758], [72.4982591536626, 23.10108656589877], [72.49825920507874, 23.101088267463577], [72.49826152638043, 23.101165218953913], [72.49824241866153, 23.101455068847407], [72.49822991685375, 23.101600877755967], [72.4982156159462, 23.101767672853878], [72.49820133514089, 23.101934222720494], [72.49817946257747, 23.102190361287164], [72.4981718609259, 23.10227938021047], [72.49816065794607, 23.102499844049458], [72.49815800987723, 23.102551947526447], [72.49815489553575, 23.102644478827806], [72.49815092686973, 23.102762412125216], [72.49814751722782, 23.102863714208336], [72.49813804915563, 23.103145046135754], [72.49813623356323, 23.10319898723376], [72.49813476960729, 23.103242485676503], [72.4981334194394, 23.103282582620245], [72.49813292941965, 23.10330486152081], [72.4981326264668, 23.103318627005102], [72.49813166621783, 23.103362327523485], [72.49812968931211, 23.103452297745687], [72.49812902042306, 23.103464587776656], [72.49812719921597, 23.10349803313372], [72.49812211340506, 23.103658331108235], [72.49811510579433, 23.103755671793394], [72.49813363821707, 23.103884226922396], [72.4981613958889, 23.104016511311233], [72.49817456876045, 23.104099840273236], [72.49819042401843, 23.10416386440498], [72.49823331969436, 23.10427345945818], [72.4982849246943, 23.104372922236763], [72.49835584370524, 23.104503024942073], [72.49843946163675, 23.104697078212773], [72.4984405086479, 23.104699506919676], [72.49844583816689, 23.104724403958755], [72.49846090625061, 23.10479478888509], [72.49846759827223, 23.10482604923065], [72.49847832402997, 23.104876562038463], [72.49848469666775, 23.104906573352512], [72.49849584608747, 23.104958238446514], [72.49851501653072, 23.10504707168243], [72.4985352745197, 23.10514093955384], [72.49853552522227, 23.105142103541503], [72.49853795537052, 23.105153363051112], [72.49853962516592, 23.10516110157953], [72.49855979993642, 23.105247823900278], [72.4985600322032, 23.105248824200896], [72.49858195613027, 23.10534305881809], [72.49858378107493, 23.105348955523045], [72.49860168435517, 23.10540680220702], [72.49860245964088, 23.105409306947468], [72.49863165425262, 23.105503636096685], [72.49865103567251, 23.105570718608014], [72.49865658395493, 23.105589922866635], [72.49867387355566, 23.10564976478393], [72.49869647109311, 23.105720138201086], [72.49870023828511, 23.10573186937542], [72.49870589202334, 23.105747858867396], [72.49872033005742, 23.105788691849348], [72.49873315551507, 23.105824964830926], [72.49874803216638, 23.105867038802657], [72.49876648261545, 23.10591922137694], [72.498784133961, 23.105975766825406], [72.49883055400849, 23.106124465377224], [72.4988330228569, 23.106132374552686], [72.4989053737202, 23.106115607968626], [72.49895614388883, 23.10617660273103], [72.4989597409316, 23.10618456229239], [72.49897409533895, 23.106216326880507], [72.4990305661692, 23.10634129121697], [72.49903278700219, 23.106346206605576], [72.49907896390772, 23.10645148339804], [72.49909893433805, 23.106497013430896], [72.49912050816008, 23.106568667803067], [72.49913647782178, 23.10662170652469], [72.49915074395209, 23.1066690887913], [72.49917658286601, 23.106696010843198], [72.49918292560375, 23.10671669191912], [72.49919211762746, 23.106746662158322], [72.49920507190713, 23.10678889700046], [72.49920343659188, 23.10690222095907], [72.49920262611144, 23.10695833734941], [72.49920234237076, 23.10697802146112], [72.49921126586389, 23.10703833733154], [72.49921817558828, 23.107085037847266], [72.4992246808572, 23.107110220721523], [72.4992418859807, 23.10718975799471], [72.4992432645584, 23.107195203472894], [72.49924334000008, 23.107195503473694], [72.49927153833337, 23.10730692896068], [72.49928583302622, 23.107363413931736], [72.49928881978798, 23.107453029568667], [72.49929895363903, 23.107530821680193], [72.4993023832186, 23.107557143785044], [72.499304857128, 23.107573367208502], [72.49932484526425, 23.107704434181073], [72.4993327289474, 23.107773679647156], [72.49933848920807, 23.10782427167265], [72.49933673478301, 23.107846114372883], [72.49933006529896, 23.10792912327074], [72.49932907077337, 23.10794150383423], [72.49932093098411, 23.108042818512164], [72.49932066195933, 23.108046171511294], [72.49931634248473, 23.108099790370556], [72.49928595887647, 23.108276295778953], [72.49926267406583, 23.10840418780796], [72.49923560128163, 23.10856928097661], [72.49921032041523, 23.108763064318747], [72.4991697491933, 23.108979675442818], [72.49915508492346, 23.109028547981982], [72.49902141170296, 23.109474036695595], [72.49900935813949, 23.10951420854568], [72.49892072375505, 23.10973745165076], [72.49887918563262, 23.109799670963465], [72.49874333591612, 23.10999623776386], [72.49870907261541, 23.110228810618427], [72.49869082771531, 23.11043297574729], [72.498709366059, 23.11049154837968], [72.4987745338942, 23.110622236006368], [72.49880185662336, 23.110707874658427], [72.49880757242286, 23.11072578976465], [72.49881327667218, 23.110915863924017], [72.4988150437041, 23.111079996099114], [72.49880918094296, 23.111176256280864], [72.4987711877798, 23.11139816284452], [72.49874826466112, 23.111548273958814], [72.4987627199665, 23.1117778370069], [72.49875314648844, 23.111884524461725], [72.49870416139403, 23.112019061704014], [72.49853785667216, 23.112131070878952], [72.49841116817726, 23.11254202159242], [72.4978061576713, 23.112724704110796], [72.49749944333152, 23.112833290700053], [72.49738647025963, 23.112937784621217], [72.4971644198567, 23.113170695914636], [72.49697012115962, 23.11347192912863], [72.49693744714097, 23.11361854128657], [72.4969119840578, 23.113766222981432], [72.49688403888211, 23.11401727856605], [72.49693241507693, 23.114285039207733], [72.49697912187374, 23.114384185543063], [72.49722708929939, 23.114672590129388], [72.49742657893115, 23.114859908077374], [72.49753290174614, 23.11497480882368], [72.49756926458352, 23.11501909525917], [72.4976331487436, 23.115083164878154], [72.49772135019957, 23.115172700056398], [72.49781179613557, 23.115266569617415], [72.49787662793798, 23.115321338900998], [72.49792910750817, 23.115373762756676], [72.49796651098, 23.115403734760683], [72.4980257891588, 23.115465581754492], [72.49806431596738, 23.115518500950994], [72.49809809032091, 23.115577077081603], [72.4981225314608, 23.11563765452562], [72.49814437963109, 23.115670962627593], [72.49816563911044, 23.115694229327598], [72.49819022223585, 23.115705367294815], [72.49821483192589, 23.115715073044434], [72.4982821025414, 23.115721872693694], [72.49835646301615, 23.115722335679166], [72.4984012221982, 23.115731644304194], [72.49844280389709, 23.11574520131731], [72.49858481557254, 23.115815526524358], [72.49870431497098, 23.11588835977464], [72.49888661390645, 23.116009761254062], [72.49891986821386, 23.116031979576114], [72.49898285523906, 23.116074063793565], [72.49918338520763, 23.116205506348035], [72.49936272672717, 23.116351659389185], [72.49951561842204, 23.11648450359436], [72.4995231410419, 23.116529007534975], [72.49957243956864, 23.116815134912294], [72.49960605985407, 23.1170786322124], [72.49968408727004, 23.117536069897724], [72.49972796880652, 23.11799678826168], [72.4997736530048, 23.118206982726175], [72.49978148143975, 23.11824436714486], [72.49980640633636, 23.11832071558379], [72.49984176531761, 23.118461003006285], [72.49987398763697, 23.11860339009196], [72.4999226513352, 23.118778281678452], [72.4999612680664, 23.11894786385658], [72.4999576897454, 23.119170778411547], [72.49993923318539, 23.119388325003392], [72.49991569272309, 23.11952982784584], [72.49989686182921, 23.119751658264402], [72.49989366122476, 23.11989273436141], [72.49988519132965, 23.120130525074504], [72.49985971705506, 23.120292777212164], [72.49982279360482, 23.12065476323888], [72.49978910480424, 23.120925799709372], [72.49980091604638, 23.12112446983704], [72.499843966144, 23.121289782012266], [72.49984847283085, 23.12144265353614], [72.49989950374004, 23.1216569932681], [72.49993729376278, 23.121791586894183], [72.4999607585005, 23.12194673243069], [72.4999933686634, 23.12210155718451], [72.50002824822602, 23.122234421048177], [72.50002893834721, 23.122334718311922], [72.50002895446556, 23.122337007896235], [72.49998827330522, 23.122453188041394], [72.49995146164662, 23.12253674431392], [72.49984335612248, 23.12272160562909], [72.49967199887126, 23.122965012361394], [72.49958903663189, 23.1230672461745], [72.49956969175244, 23.123107781638247], [72.49952748970239, 23.123224253442825], [72.49947371863095, 23.12335346793797], [72.49945641894384, 23.123409083458032], [72.49943078836517, 23.123496095636455], [72.49942432437605, 23.123573141459467], [72.4994657812911, 23.123635302178112], [72.49948242928305, 23.123642732136553], [72.49953210468023, 23.123644713498656], [72.4995635081038, 23.123657154753115], [72.49961783535177, 23.123673923500515], [72.49976664518896, 23.123801774313677], [72.49985277312999, 23.123892111768583], [72.49992727991102, 23.123947631567304], [72.50002779117946, 23.123993412517617], [72.50015656090063, 23.124082036540603], [72.50035215925072, 23.12422940295607], [72.50045133103575, 23.124312661913628], [72.500547431504, 23.124394438579838], [72.50064190294503, 23.124480488177287], [72.50068532325675, 23.124562146277107], [72.50075394008982, 23.124747387052253], [72.50076730217737, 23.12482068591308], [72.50076117706163, 23.124983961674513], [72.5008217785086, 23.125016450407482], [72.50094040822604, 23.125053433005817], [72.50122038012873, 23.125120936218533], [72.50131976452994, 23.125192732470833], [72.5014669481773, 23.125319027786393], [72.50160873732993, 23.125443804845126], [72.50170730028232, 23.125560014044087], [72.50180847865153, 23.12566050112416], [72.5020804204946, 23.12589697105292], [72.50240004074452, 23.126278222565734], [72.50246178894545, 23.12636040900408], [72.50245565215238, 23.126412858949678], [72.50238613851548, 23.12675573845666], [72.50243616549082, 23.12694905156791], [72.50252505188597, 23.12728102630214], [72.5025748177447, 23.12743849946218], [72.50265000468913, 23.127567069970418], [72.50272160977724, 23.12773715726115], [72.50271919570982, 23.127832657947064], [72.50277215432716, 23.12811056108793], [72.50286293214987, 23.128333531782822], [72.50293466276786, 23.12850425110781], [72.50298107124449, 23.12871756099875], [72.50301435899829, 23.12883751271074], [72.50307436177945, 23.129014016872674], [72.50312833471497, 23.129202368652976], [72.5031948431256, 23.129341357156818], [72.50325737548219, 23.12945102327182], [72.50373179888288, 23.129518097643082], [72.50397649671432, 23.12951304952128], [72.50415638276242, 23.12949141608893], [72.50427407104831, 23.12944670407049], [72.50439040101405, 23.129405553400073], [72.50442157013309, 23.129395896592793], [72.50445542475588, 23.129415539896375], [72.50451273085727, 23.129458843230474], [72.50459466704041, 23.12953179501112], [72.50469358651927, 23.129677864442513], [72.50467501175092, 23.12978839626711], [72.50467093159388, 23.129897246485406], [72.50468137148148, 23.129947092819055], [72.50471596107542, 23.13003171474881], [72.5047421578602, 23.13006747964968], [72.5048028302475, 23.13013818361182], [72.50491187904971, 23.13033003386259], [72.50494053347914, 23.13046696278132], [72.50490995220913, 23.13074460277578], [72.50488560491073, 23.130929803116697], [72.50490153158016, 23.13099024502948], [72.504903614604, 23.13108701223879], [72.50491382002468, 23.131414635023486], [72.50506645628347, 23.13141034684529], [72.50509624956273, 23.131395310430566], [72.5052592769535, 23.131293991919307], [72.50526853170737, 23.131296287826302], [72.50545497751942, 23.131352979699706], [72.50554950482365, 23.131394603302486], [72.50568748795837, 23.131457050109137], [72.50581758711398, 23.131561501726985], [72.505846415056, 23.131561022725315], [72.50586176195988, 23.131560768196668], [72.50625534605423, 23.131518987276113], [72.50625919637606, 23.131534202400996], [72.50631815946133, 23.131767190448866], [72.50635052303453, 23.13190241305853], [72.50637913732332, 23.132156523316535], [72.50641052242943, 23.132330662658156], [72.50641914418279, 23.132478885411896], [72.50638544872861, 23.132680896025363], [72.50644206780824, 23.13302669054439], [72.50644855795635, 23.133221756745094], [72.50644635353663, 23.13324172194088], [72.50640510330888, 23.13340539754669], [72.50637537886868, 23.13348459890941], [72.50633498347639, 23.13359393348424], [72.50625850513146, 23.13376326148387], [72.5062016437053, 23.133905193153964], [72.50611989903695, 23.13405198582017], [72.5060539202886, 23.134184219493484], [72.5059860866824, 23.13430495905193], [72.50590121772908, 23.134453134756324], [72.50580785703283, 23.134557706655045], [72.50572174440163, 23.134605546263607], [72.50565159677036, 23.134628082136707], [72.50559705871856, 23.13464441593409], [72.50552582295519, 23.134725690747388], [72.50536952979101, 23.13488157322574], [72.50533785777334, 23.134918332158854], [72.50530542899418, 23.134995922378092], [72.50529232573035, 23.135075968847236], [72.50528614075986, 23.135158990115674], [72.5052778580768, 23.135439028635375], [72.50527371535316, 23.135620964941612], [72.50530960686916, 23.135943720524523], [72.50531064388836, 23.135956989068642], [72.50531368778894, 23.13614037789834], [72.50535159568578, 23.136320194091454], [72.50533496305471, 23.136437444087832], [72.50533318440603, 23.136589323385927], [72.50530463914852, 23.136847783504773], [72.50525734852984, 23.13700276440381], [72.50521957465584, 23.13709006277346], [72.50514995566104, 23.137242150710673], [72.50511406628135, 23.13732055265522], [72.50498640293276, 23.137308895460773], [72.50497483677402, 23.137307839374277], [72.50497459671891, 23.137655599058128], [72.5049744059283, 23.137833299043947], [72.50497639388058, 23.13806071453745], [72.50496787337298, 23.13829173072957], [72.50513702355315, 23.138312615458734], [72.5055463653517, 23.138355401657385], [72.50573666957753, 23.138399496816575], [72.50597600122371, 23.138447620351048], [72.5060394194278, 23.138836007876755], [72.50602991607201, 23.13926578516716], [72.50607975382243, 23.13929861294436], [72.50619192596822, 23.139372500579558], [72.50665181408586, 23.139364718629693], [72.50713199504398, 23.139375898760616], [72.50765444725002, 23.139405660865314], [72.50794202852468, 23.13942692926351], [72.5082341896279, 23.139410053209932], [72.50854482201477, 23.139371972776186], [72.50884176019296, 23.13930620768662], [72.50896965727446, 23.139259309705054], [72.50917771945429, 23.139239291340424], [72.5093892179471, 23.13924059274475], [72.50967251477128, 23.13924233539878], [72.50989707088085, 23.139221999920636], [72.5099871618162, 23.13904285317022], [72.51003503393511, 23.138946289421277], [72.51005154691933, 23.138912981259722], [72.51008929092502, 23.138799169552655], [72.51009226835576, 23.138786321931438], [72.51013186856072, 23.138615472215925], [72.51016901319028, 23.138455213387605], [72.51019592722895, 23.138388601543888], [72.51028790384277, 23.138160960492264], [72.51038565237289, 23.137891347590745], [72.51038568938765, 23.137891246166472], [72.51038572540988, 23.137891145629247], [72.5103857348428, 23.137891110571598], [72.5103865682478, 23.137891175195662], [72.51038734315156, 23.137891236187148], [72.51038754296826, 23.137891251982644], [72.5103877837375, 23.137891270230654], [72.51038844850312, 23.137891322260035], [72.51038880232139, 23.1378913504189], [72.51039040967099, 23.13789147511654], [72.51039497336853, 23.13789183158627], [72.51039601535626, 23.137891913046992], [72.51039624929452, 23.137891931187056], [72.51039946981555, 23.137892182479636], [72.51040289600842, 23.1378924496601], [72.51040373232432, 23.13789251523281], [72.51040477042534, 23.137892595729316], [72.51040948812457, 23.13789296456201], [72.51041175731234, 23.137893141242465], [72.51041693607384, 23.137893545344642], [72.51041763008179, 23.137893599641405], [72.51041970917807, 23.13789376248544], [72.5104216196683, 23.137893910929893], [72.51042513747491, 23.137894185876547], [72.51042627888312, 23.13789427522707], [72.51042820690542, 23.137894425753917], [72.51042861239397, 23.13789445743729], [72.510434495898, 23.13789491600521], [72.51043626796704, 23.137895054137793], [72.5104422996176, 23.137895524976237], [72.51044735555513, 23.137895919914907], [72.51044906035693, 23.13789605337359], [72.51044936740094, 23.137896077182333], [72.51045586400065, 23.137896584253987], [72.51046685899966, 23.137897442247702], [72.51046692722612, 23.137897447839347], [72.51046861937523, 23.13789757929244], [72.51046991089837, 23.137897680041807], [72.5104703514677, 23.137897714987545], [72.51048262824833, 23.13789867267286], [72.5104832033355, 23.137898717868527], [72.51048703501749, 23.137899016730422], [72.51049314075016, 23.137899493251116], [72.51049896770535, 23.137899948214976], [72.51049997947513, 23.13790002739212], [72.51050121446548, 23.137900123637095], [72.51050770911407, 23.13790063067581], [72.5105132280662, 23.13790106091265], [72.51052227554332, 23.137901767165882], [72.51053629806307, 23.137902861659935], [72.51054677546851, 23.137903679874672], [72.51054995700625, 23.137903927840078], [72.51055854343832, 23.137904597919494], [72.51076048882828, 23.137920359885342], [72.51115290796074, 23.137988049610556], [72.51157076754548, 23.138035926999088], [72.51159720392421, 23.13803510504816], [72.51176430193169, 23.138029909051717], [72.51178049378586, 23.138036325923117], [72.51178674826264, 23.138038369185228], [72.51179319699845, 23.13803983054161], [72.51179706535575, 23.138041368505426], [72.51257058744194, 23.137975603289277], [72.51299700137024, 23.13793934779355], [72.51320685534675, 23.137921505213587], [72.51322747646594, 23.137919751661368], [72.51329513273575, 23.137915522160856], [72.51379026456044, 23.137929279134752], [72.51382414563831, 23.13793022086764], [72.51400100985927, 23.137935134670013], [72.51417198836388, 23.137939868756433], [72.51424895588197, 23.137941999283324], [72.51461706416099, 23.13795219067862], [72.5150925032156, 23.137940522385883], [72.51515523216908, 23.137927121998565], [72.51523488531782, 23.137910711535092], [72.5154477166198, 23.13786686257768], [72.51555806981062, 23.13784412667322], [72.51612811048064, 23.13779241724018], [72.51613758627586, 23.13779144270562], [72.51635143067573, 23.137769454731558], [72.5165622287093, 23.13773034585513], [72.51694452741155, 23.137659416856003], [72.51709796364699, 23.1376483658566], [72.51717557398834, 23.137655077443632], [72.51738920765537, 23.137673550887833], [72.5175448274728, 23.137684759290725], [72.5176245674779, 23.137688362679388], [72.51776325841435, 23.13769462707347], [72.51790424886345, 23.13770509461352], [72.51801146905534, 23.13771459135719], [72.51815408889489, 23.137727223834137], [72.5181810789068, 23.137721251236005], [72.51820931209545, 23.137699824358016], [72.51824419395707, 23.137698211702716], [72.51845293395247, 23.137700072964932], [72.5187508301169, 23.137729862226205], [72.51898102773833, 23.13775288147567], [72.51902672585327, 23.137760410383976], [72.5193140129779, 23.137840771853387], [72.51979723020041, 23.13797390472001], [72.51981789365065, 23.137970062925962], [72.51987068669312, 23.137988667956655], [72.51992263598346, 23.13800697532693], [72.52037295203743, 23.138167404779736], [72.52069051764794, 23.138269759869477], [72.5209517440773, 23.138293548922295], [72.52102850229761, 23.138336592286873], [72.52130452218121, 23.1384913737093], [72.52179899328868, 23.138568296163342], [72.52225841240774, 23.13866927282059], [72.52246258663754, 23.13869339991671], [72.52275825687677, 23.138875378794516], [72.52282075236971, 23.13884769931255], [72.52327656529434, 23.139454141810862], [72.52358072819744, 23.139767995342204], [72.52425521822661, 23.140499010434727], [72.52450093267828, 23.140791988005304], [72.52536724706252, 23.140689840475932], [72.5257198658147, 23.140594427537486], [72.52582310484482, 23.140568503418134], [72.52617856990338, 23.140508162331628], [72.52654234959496, 23.140440913165293], [72.52663363117242, 23.14042403854297], [72.52708118321674, 23.140357046959636], [72.5274095496371, 23.140309652725374], [72.52768450699045, 23.14024517845732], [72.52827709850384, 23.140098744656893], [72.52879294638572, 23.139968303041705], [72.52917377455397, 23.139876824428566], [72.52921770184338, 23.139865381309935], [72.5292223559513, 23.139854800104978], [72.52933338313133, 23.13960237165192], [72.52933352776266, 23.13960204351539], [72.5293723791911, 23.139575464779092], [72.5294438534536, 23.139581867481983], [72.52944755582686, 23.13958219816463], [72.52945518087594, 23.13955769266068], [72.52949965368136, 23.139473946362095], [72.52953566613805, 23.139406062221358], [72.5295491654601, 23.13938359242518], [72.52956238840923, 23.13936331196352], [72.5295822835947, 23.13933279788425], [72.52961750240944, 23.13928131046402], [72.52964356348788, 23.139243207983935], [72.52969108051605, 23.13917374201505], [72.52975560607801, 23.139079407566037], [72.52977827077238, 23.139046271069855], [72.52979839579952, 23.13899799454204], [72.52993646517467, 23.138651053206296], [72.53001244213351, 23.13864866125037], [72.53004490131632, 23.138648496631742], [72.53049132685743, 23.138646222009974], [72.53055483399861, 23.138647848365068], [72.53085067898789, 23.13861307360306], [72.53115708003742, 23.138594228317586], [72.5313098471846, 23.138587307388267], [72.5313422884485, 23.138550554846283], [72.53137537271442, 23.138478700984916], [72.53144151426334, 23.13829414898761], [72.53148930177142, 23.138180964840373], [72.53157310100288, 23.13800528894653], [72.5316574780453, 23.137840369229032], [72.53175877686604, 23.13759761075825], [72.53184173430009, 23.137340950585564], [72.53189297462785, 23.13720847359315], [72.53193810978314, 23.137113161788776], [72.53202269476475, 23.136894503673762], [72.53206891849395, 23.136739735052696], [72.532097430569, 23.136508495439607], [72.53215829043859, 23.136077259792362], [72.53218419163359, 23.13554328753669], [72.53228923754868, 23.135053374601114], [72.53232087551974, 23.13493348881769], [72.53247471905627, 23.13445843255809], [72.53265497169777, 23.133979728979526], [72.53277378537993, 23.13369687733406], [72.53295827995423, 23.133473094979276], [72.53304576465159, 23.13334978342686], [72.5332642613222, 23.132926135716982], [72.53339314838271, 23.13265729464416], [72.53361094930936, 23.132028644056483], [72.5336404816436, 23.13167374970691], [72.5336910805479, 23.131336964605605], [72.53369633982285, 23.131036266844458], [72.53382591881461, 23.13115180418512], [72.53430104601449, 23.131458728353344], [72.53495511848728, 23.1319022392651], [72.5353104822757, 23.13212849648156], [72.53548847327932, 23.132235794739735], [72.53601047327955, 23.132550469716236], [72.53622628134131, 23.132626672003454], [72.53641013181799, 23.132656774812407], [72.53680175795074, 23.132001274537398], [72.53683392219016, 23.132020855032934], [72.53751631374038, 23.132294287417597], [72.53794811707094, 23.132160707737544], [72.53882777359334, 23.131943800387315], [72.5396819175488, 23.13176023714244], [72.54058046731873, 23.131544962342364], [72.540716178262, 23.13210918134119], [72.54089527209298, 23.132055588326182], [72.54114201947415, 23.1319817493278], [72.54141069556282, 23.131901347776033], [72.54122204870227, 23.131277658827067], [72.5412336139196, 23.1312811207551], [72.54156052632646, 23.131489672649003], [72.54167449756291, 23.13146356175281], [72.54298390737414, 23.1311635508805], [72.54343267807205, 23.131060725792654], [72.54349979485286, 23.131044189920434], [72.54492622043493, 23.1306927507575], [72.54517366718683, 23.130631783822853], [72.54580106770243, 23.131650945427292], [72.54593114812883, 23.131596798997442], [72.546647828105, 23.131298472346103], [72.54780484967527, 23.130835471750316], [72.54783852942535, 23.130821994053708], [72.54804656342671, 23.13073874410969], [72.54811994746079, 23.130748062902498], [72.54812452070256, 23.130748643201283], [72.54812596534569, 23.130762274694387], [72.54812666135217, 23.130765921815833], [72.54813832851515, 23.130827063600353], [72.54813943177184, 23.130832845751595], [72.54814156880205, 23.13084404426045], [72.54814696215885, 23.13087230763498], [72.54815520370146, 23.13091549631756], [72.5481598645418, 23.130939919715843], [72.54817829655407, 23.131036514979495], [72.54818933191326, 23.131094345561042], [72.54822386330443, 23.131223873682142], [72.5482359744507, 23.131269301808217], [72.54824017783184, 23.13128506699552], [72.54824876268867, 23.131317270886747], [72.54826523554186, 23.131365680954215], [72.54830599333123, 23.13148545958388], [72.54831673439315, 23.131513640940394], [72.54833379486028, 23.131558403989626], [72.5483356265102, 23.131563208955086], [72.54836245541577, 23.131633601487998], [72.5484371323978, 23.1318295386739], [72.54844342099756, 23.131847332283787], [72.54846833406835, 23.131917822291108], [72.54847189889293, 23.131927910050585], [72.54847784587166, 23.131944736912303], [72.54848330920647, 23.131960193994583], [72.54855095975861, 23.132128900400815], [72.54859728685332, 23.132244431486527], [72.54861305172714, 23.132283744295727], [72.54862363975893, 23.132310148442723], [72.54872031078416, 23.1325324179363], [72.5487318483308, 23.132558945177472], [72.54876374948488, 23.132632291829097], [72.54876581264234, 23.13263703539363], [72.54880311998078, 23.13272281399925], [72.54884188693171, 23.13280653806286], [72.54888370983913, 23.132877611507162], [72.54888610065822, 23.1328816749762], [72.54892481978527, 23.132947474093775], [72.5489470070183, 23.132949999320587], [72.54899508754866, 23.13295597765878], [72.54901787826574, 23.132958811975918], [72.54902564431016, 23.132959777734076], [72.54908555991113, 23.132967229240585], [72.5493126599103, 23.132994607179743], [72.54933591291017, 23.13299741072473], [72.549365058878, 23.13300090623484], [72.54939867646522, 23.133004938900065], [72.54944261749102, 23.13301020907093], [72.5494563947203, 23.133011861389868], [72.5495126208229, 23.13301860448053], [72.54953400106848, 23.133021170340545], [72.54969696480852, 23.133040937783548], [72.54972458991433, 23.133044276876877], [72.54972463654178, 23.133044289337644], [72.54973980928352, 23.13304612221434], [72.54980849169577, 23.133084712158265], [72.54988960696937, 23.133130287694573], [72.55002773729306, 23.133207897311433], [72.55007103337839, 23.133232223468887], [72.55037858600038, 23.133405024174763], [72.55039890552301, 23.133416439391304], [72.55050826751318, 23.133482528258135], [72.5507347983699, 23.133656421559593], [72.55075410436983, 23.133671241521856], [72.55077772423614, 23.133689373028204], [72.55088386307598, 23.133770847778163], [72.55091353453578, 23.133793624102502], [72.55092509562596, 23.13380249910795], [72.55093386777588, 23.13380923276776], [72.550961329871, 23.133830311874135], [72.55096792078962, 23.133840998201904], [72.5510042489738, 23.13389990601725], [72.55101955853077, 23.133924731371625], [72.5510323497138, 23.133945471440235], [72.55104492184006, 23.133965857834873], [72.55104508398895, 23.133966120348166], [72.55106613774846, 23.134000259316732], [72.5510987452853, 23.134053133959753], [72.55114779653306, 23.134132670618193], [72.55117094686827, 23.134170205821512], [72.55146838582273, 23.13423653989351], [72.55176582704203, 23.134302875263405], [72.55182261781086, 23.13431178212542], [72.5521440422377, 23.134362199160012], [72.55226835226973, 23.134381697672854], [72.55252225983925, 23.13442152040139], [72.55278644773739, 23.134578412887844], [72.5528900863952, 23.134620871994674], [72.55296745452341, 23.13465256759242], [72.55303046990683, 23.134678383619672], [72.55309752766445, 23.134705857560682], [72.55321312800955, 23.13475321639336], [72.55333429981522, 23.134802857151552], [72.55339525539245, 23.134827829483754], [72.55340860923829, 23.13483329987741], [72.55341902329293, 23.134837622363303], [72.55348910618054, 23.134866714812848], [72.55349078131073, 23.13486740976154], [72.55367766666384, 23.134944984330232], [72.55368216040573, 23.13494645877892], [72.55375498415454, 23.13497034865129], [72.55406342287426, 23.135071530873372], [72.55408661361444, 23.13507913815375], [72.55418622155165, 23.13511181301443], [72.55432039878528, 23.13515582942178], [72.55441618746829, 23.135187252328627], [72.55449555955359, 23.135213289147167], [72.55449810773828, 23.135214124923145], [72.55457793592942, 23.135240311415966], [72.55473043885726, 23.13529033805849], [72.55476186033043, 23.13530064581962], [72.55476414554852, 23.135301395360152], [72.55491529690778, 23.135350978370028], [72.5549190425256, 23.13535220736315], [72.55507011056191, 23.135401762759066], [72.55517529087723, 23.135436265802646], [72.55525036550536, 23.135460893187044], [72.55532926343419, 23.135486774198135], [72.55534252549486, 23.13549112449721], [72.5557023667559, 23.135637464388218], [72.55602557399924, 23.135854541442317], [72.55638118353568, 23.13610920294222], [72.5563841016996, 23.136111439187257], [72.55655319169584, 23.136241070172726], [72.5566515203766, 23.136344824923967], [72.55671702522523, 23.136435650545383], [72.55676480328377, 23.13654074201009], [72.5568025807254, 23.13666155610905], [72.55684573278934, 23.136799555375102], [72.55690033532315, 23.1369741665634], [72.55699206170274, 23.13721746457044], [72.55709137261107, 23.137480878016238], [72.5572062839594, 23.137619241325623], [72.5574554622292, 23.13769359411739], [72.55769939155326, 23.137695792588808], [72.55783892029416, 23.137749547795583], [72.55804551825017, 23.13775083853804], [72.55815692383038, 23.137760208657127], [72.55829192877088, 23.13778570835857], [72.55831159313465, 23.137897797117333], [72.55831888966465, 23.138008261547423], [72.55829938158462, 23.13814410693008], [72.55826492632019, 23.13824962452649], [72.55825970801092, 23.13828107249201], [72.55825697279892, 23.138346476464427], [72.55824996246632, 23.13839127282697], [72.55826332606702, 23.138508996462633], [72.55828102340105, 23.13867264737023], [72.55828818681229, 23.139087249856193], [72.55854474768432, 23.139113362008587], [72.55876823707308, 23.139094849874514], [72.55894097888412, 23.139083194877223], [72.55917896727613, 23.139005670467842], [72.55929659377286, 23.13895685593233], [72.55952303010054, 23.13888966194521], [72.5597794146033, 23.13884233622781], [72.55987507762053, 23.138789062697512], [72.55997496588871, 23.13871608591879], [72.56019619791942, 23.138627791376756], [72.56041679953671, 23.13854044186095], [72.5607098634525, 23.138330964594964], [72.56105851122146, 23.13807580892359], [72.5611197719268, 23.13801521240485], [72.56123848132862, 23.13789779069282], [72.5612480066737, 23.137893910908044], [72.56166442366245, 23.13767634630424], [72.56201123528983, 23.137436646693693], [72.5624590824796, 23.137179878025535], [72.56277376708161, 23.137002737372356], [72.56297758441535, 23.13690539890346], [72.56327224852964, 23.136687991336775], [72.56354071357744, 23.136495802927914], [72.56367646443113, 23.136415735247596], [72.56380684355894, 23.136347050357767], [72.5641515006053, 23.1361975991268], [72.56442241304242, 23.136069938339162], [72.5645924176809, 23.135985952219794], [72.5647837978233, 23.13589608162328], [72.56483592506167, 23.135869245519128], [72.56486012650791, 23.13585932080754], [72.5649490765717, 23.13582284255336], [72.56500721438549, 23.13580408509583], [72.56512240695581, 23.135766919899158], [72.56533895280172, 23.13569568223772], [72.56549708598911, 23.135643660803616], [72.56557030285798, 23.135619574167], [72.56565555196103, 23.13559152969176], [72.56563145769898, 23.13543593118371], [72.56561003926554, 23.13486439033882], [72.56561221288487, 23.134629628168405], [72.56572784511201, 23.13459080905444], [72.56588165131636, 23.13444031650917], [72.56603188927879, 23.134201392769665], [72.56616691263278, 23.134018364019543], [72.56625954539814, 23.133894395502214], [72.56634006354321, 23.133797707283215], [72.56643097478165, 23.1336975973442], [72.56652386349917, 23.133630958005718], [72.56670927524524, 23.13351797572513], [72.56715617585066, 23.13327529663656], [72.56740590089905, 23.133199108037914], [72.5677193958004, 23.132537679555355], [72.56772912248296, 23.132326179553736], [72.56775064217656, 23.132135426491466], [72.56775748969675, 23.13189906417631], [72.56780515096197, 23.131762456922367], [72.56790180825865, 23.131486875133763], [72.56799680116235, 23.13128913452191], [72.56815700474442, 23.131170266992317], [72.56822691099583, 23.13090287096729], [72.56826004910748, 23.130726628376088], [72.56828327227618, 23.13052730259858], [72.56833811859472, 23.130121136903018], [72.56834910308336, 23.12997034893869], [72.56838041480651, 23.12983802734661], [72.56844832111368, 23.129738755350772], [72.56853717605993, 23.129508912955473], [72.5685925535235, 23.12924511388082], [72.56861173831572, 23.129157462568514], [72.56858592992123, 23.128982269499968], [72.56854952712743, 23.128824061901252], [72.56848160890789, 23.1286376614022], [72.56844277259148, 23.128563793072367], [72.5684096968164, 23.128500881976514], [72.56836708056395, 23.1283435345242], [72.56838245491599, 23.128121156454462], [72.56843002624663, 23.127890359365608], [72.56840582561856, 23.12766798013731], [72.56837296369646, 23.12736601052396], [72.56836259001888, 23.127270685633004], [72.5683202816208, 23.12705298593605], [72.56829004011648, 23.127011435523062], [72.5681753288943, 23.12670918268991], [72.56811196381832, 23.126500357272207], [72.56811008017563, 23.12649899302406], [72.56809053306873, 23.126445956502334], [72.56808801844583, 23.12643211444716], [72.56806793018215, 23.12626220317696], [72.56809162914799, 23.126155768217245], [72.56810363946974, 23.126072605827908], [72.5681217018321, 23.125947533904668], [72.56812299561227, 23.12593857768225], [72.56813283978823, 23.125870416499453], [72.56816802161605, 23.12562681124539], [72.56818619188324, 23.12550099708772], [72.56818825524768, 23.125486711983896], [72.56819271895337, 23.125455801593514], [72.56818854927752, 23.12544085610684], [72.5681876095247, 23.125437488743938], [72.56818716576609, 23.125435899352855], [72.56818281266496, 23.125420300143574], [72.56818232676997, 23.125418557535323], [72.56814404226874, 23.12528134352158], [72.56808365956799, 23.125064942986086], [72.56799563942106, 23.124702852301805], [72.56797241860887, 23.124521873549984], [72.56794407200954, 23.12432365688087], [72.56789873835037, 23.124173911142847], [72.56776642110275, 23.124121709438374], [72.56738355666492, 23.123478544507602], [72.56713932394256, 23.123087371701747], [72.56700623944754, 23.122699104711245], [72.56697075071635, 23.122604925071112], [72.56671914894658, 23.122580022862664], [72.56662444067612, 23.122274139240957], [72.56654947988194, 23.122078522414537], [72.56653589805533, 23.121887137235912], [72.56647266722904, 23.121670234628176], [72.56643132759355, 23.121556855791972], [72.5663730226868, 23.12140370020642], [72.56634547349014, 23.121241274931656], [72.56631109809581, 23.121071156554542], [72.56629440460904, 23.12099446458382], [72.5662787914833, 23.12093541394223], [72.56621461827304, 23.120593088418612], [72.56616371584514, 23.120422266224494], [72.56615492965773, 23.1203927799432], [72.56579448887068, 23.11982560537514], [72.56545902561302, 23.119518271822276], [72.56524305059256, 23.11934190237477], [72.56508656142984, 23.119279396028674], [72.56506266075016, 23.119244392414714], [72.56508479180913, 23.119040037153486], [72.56509724261221, 23.118973824879454], [72.56496793623441, 23.118640772962316], [72.56490086954393, 23.118464893637746], [72.56479074474012, 23.118156500729334], [72.56470877567628, 23.117947907965082], [72.56457866627944, 23.117859670966283], [72.56443215603208, 23.117480061127065], [72.56420094820207, 23.116982487801362], [72.56399246530684, 23.116686906425898], [72.56386426785015, 23.116492885644927], [72.56352601354058, 23.116127255764408], [72.56351578597003, 23.11611471724458], [72.5633662334845, 23.11609919442185], [72.56335679151603, 23.116107465878507], [72.56318162570342, 23.11626090444404], [72.56254220493445, 23.11632104354212], [72.56183537316593, 23.116383862476795], [72.56195526723344, 23.11537198854905], [72.56198739832263, 23.115100803586852], [72.56181783972238, 23.115035785789022], [72.56179318573574, 23.115028238467296], [72.56202060426399, 23.114447034679724], [72.5622011474758, 23.1140590570271], [72.56231122225302, 23.113798016851405], [72.56242136559732, 23.113533155325474], [72.56251990859103, 23.113281490617943], [72.56263905430711, 23.112975685089314], [72.56276978195193, 23.1126576382074], [72.56292507043905, 23.112295065485252], [72.56309359571223, 23.111885880691776], [72.56335730189059, 23.11123931044981], [72.56353764800114, 23.110804511122556], [72.56374499760854, 23.110304204321356], [72.56389375697701, 23.10995968209594], [72.56407082906094, 23.10953438613997], [72.56417693809672, 23.109263728829337], [72.56432824321506, 23.108892492812576], [72.56448130263853, 23.108538482222038], [72.56458830428255, 23.108275481076824], [72.56471210336115, 23.10799745266877], [72.56477303025662, 23.1078550795567], [72.56488544722885, 23.107592400051267], [72.56498527976015, 23.10734027536718], [72.56508893164668, 23.107091075823003], [72.56519184719504, 23.106839715329176], [72.5652775565164, 23.106640398932406], [72.56538717011158, 23.106404188916258], [72.5655454970213, 23.106087042156698], [72.5656791565203, 23.105849053484846], [72.56583074249605, 23.105604891941738], [72.5658387172903, 23.10559350294747], [72.56614216089244, 23.105145707679007], [72.56659982928875, 23.10459563957241], [72.56678758242506, 23.104372500460155], [72.56679596464319, 23.104362538642306], [72.56680516120231, 23.104352932435656], [72.56706560950806, 23.104063011798765], [72.56721833278466, 23.103898764466596], [72.56739925890056, 23.10370987122612], [72.56757101272413, 23.103545354524687], [72.56773751912218, 23.10337301006384], [72.56791550686476, 23.103239605368444], [72.56820974326484, 23.103031557968396], [72.56853496785665, 23.10283760309184], [72.56873736561151, 23.102725115127328], [72.56888018495033, 23.102651837625686], [72.56914042272338, 23.102539285308506], [72.56964153729777, 23.10235687529538], [72.56978015966408, 23.102309278266677], [72.56818141449658, 23.10275900228282], [72.56781537353119, 23.10288901163556], [72.56697675892404, 23.10318572778706], [72.56624723596882, 23.103433395900357], [72.56575776503631, 23.103599731611332], [72.5654149349276, 23.103710048222116], [72.5648288308987, 23.103908329712016], [72.56423131511502, 23.10410929896436], [72.56389562516327, 23.10422449885662], [72.56350078449073, 23.104355026911342], [72.56322961281086, 23.104443514184382], [72.5629399226341, 23.10452789437333], [72.56274903328621, 23.104574626942053], [72.56255201742322, 23.104617443207133], [72.56220810151139, 23.104673276489244], [72.56194531208, 23.104697877858005], [72.56165707015748, 23.104702021445327], [72.56141135357612, 23.104696311945524], [72.5610516091813, 23.104656354975877], [72.56085287695744, 23.104622708332208], [72.56055359103927, 23.104552156099956], [72.56019505600048, 23.104445335677884], [72.5598647633302, 23.104318888366187], [72.55957809788138, 23.104178783090354], [72.55936866767136, 23.10405133828767], [72.55907854707083, 23.103873917223428], [72.55885048421258, 23.10369172347937], [72.55863921890042, 23.10349450294168], [72.5584596184406, 23.103316880995354], [72.55829578217225, 23.103124215509542], [72.55813836723514, 23.102919229085185], [72.55801168728337, 23.102728093613635], [72.5578686981682, 23.102467916076296], [72.55765845130585, 23.10204331906939], [72.55745077223281, 23.101591054063057], [72.55722103475507, 23.101102141868395], [72.55634396887226, 23.099172933961828], [72.55616257401495, 23.098795359414186], [72.55599245748881, 23.09843659059647], [72.55584862897922, 23.09812337142817], [72.55571517603404, 23.09783611019233], [72.55566952414497, 23.09770498743227], [72.555476983297, 23.09730144324903], [72.55532569901185, 23.09697234511971], [72.55519899627546, 23.096697369103595], [72.55503922034929, 23.096366705618326], [72.55485673704865, 23.095964033519074], [72.55467804801916, 23.09556571901344], [72.5545049461286, 23.09520116933401], [72.55431927745202, 23.09480346315593], [72.5541395970709, 23.09441731469384], [72.55401887689973, 23.09411161860705], [72.55390885596124, 23.093813971208885], [72.55382379255667, 23.09354967222207], [72.55375072079492, 23.093264778458018], [72.55369030744855, 23.09300802765484], [72.55363139552625, 23.092711172418024], [72.55360278204635, 23.092452047393976], [72.55356119599969, 23.092096701867252], [72.55354740780085, 23.09187435220312], [72.5535393960144, 23.091589751064166], [72.55354497941602, 23.091238719803034], [72.5535552873196, 23.091011727021364], [72.55357882793355, 23.090738363239133], [72.55361279442567, 23.09048809116924], [72.55365454253891, 23.090235790225297], [72.55372541581774, 23.089872155467166], [72.55379648856903, 23.089583047524545], [72.55390490972896, 23.08915622084575], [72.55396323306891, 23.08892949453526], [72.55403278240662, 23.08863892919311], [72.55410981376784, 23.088362811068745], [72.55417343651375, 23.08810010053342], [72.55424272443662, 23.087823862292492], [72.55430635856774, 23.087560435036973], [72.55437469069837, 23.087294213355868], [72.55443797409279, 23.087050127638037], [72.55449885669618, 23.08681030452743], [72.5545598557667, 23.086564032947074], [72.55462822461087, 23.086295663054802], [72.55468581467099, 23.086066537073435], [72.5547267772996, 23.085900210450056], [72.55478947908583, 23.085645367176813], [72.55486427565586, 23.08536419800693], [72.55490153450975, 23.08518849922812], [72.55495914939158, 23.084957939853883], [72.55502568301702, 23.084705305229676], [72.55518849840149, 23.08404663254644], [72.55520760885702, 23.083975881167554], [72.55544349994533, 23.08304145453732], [72.55561165850777, 23.08238003811489], [72.55573835842908, 23.081869653444677], [72.55586490507763, 23.081367625785276], [72.55609215515345, 23.080463990356087], [72.55610025786723, 23.080431772512306], [72.55616791894161, 23.080160534051462], [72.5561948008234, 23.080052772119032], [72.55624381225721, 23.079869371699175], [72.5562887456061, 23.079697374118023], [72.55635097414284, 23.07946831877292], [72.5563971599727, 23.079269827278587], [72.55643025518688, 23.079152822356512], [72.5564947315951, 23.078885106570805], [72.55652657644443, 23.078751600516267], [72.556578813362, 23.07856108549485], [72.55662569523616, 23.07836690359927], [72.55670408465436, 23.078057842459884], [72.55677067515005, 23.07780162426383], [72.5568398209788, 23.077532547778272], [72.55688840638356, 23.077329793272675], [72.55695844269323, 23.07705428112618], [72.55701589390252, 23.076832316604406], [72.55707119065708, 23.0766010039966], [72.55714126491208, 23.07632334280264], [72.55718875108737, 23.076138485549404], [72.55723889622719, 23.075935039073663], [72.55728165837901, 23.075754408545716], [72.55734975639419, 23.075500362689112], [72.55741813791029, 23.075230557104135], [72.55746584324035, 23.07503352118907], [72.55750653891198, 23.074881521326326], [72.55755496664362, 23.0746873637117], [72.55760276113105, 23.074485313339725], [72.5576600674056, 23.074271229065833], [72.55772908055022, 23.074009315026014], [72.55776490953221, 23.073869421664824], [72.55779430084708, 23.07375188317304], [72.55784755149662, 23.073538927696262], [72.5578878081219, 23.073368289614294], [72.5579594532506, 23.073089218432344], [72.5580280528332, 23.07280723381624], [72.55810457510381, 23.072515340137123], [72.55817810356895, 23.072217666639972], [72.55825696046182, 23.07192509212728], [72.55831867903561, 23.07168097926968], [72.55840375766216, 23.071344073070094], [72.5584915201268, 23.0709909982344], [72.55833193948645, 23.070909614046275], [72.55822049480922, 23.07085136615486], [72.55813391192905, 23.070806111524963], [72.55809971530304, 23.07078823704617], [72.5580992252555, 23.070787981208582], [72.55809690358925, 23.070786768104895], [72.55809605785286, 23.070786326214556], [72.55806736573201, 23.070771329996088], [72.5580370691499, 23.070755494669676], [72.55797783593138, 23.070724535644775], [72.55796902098581, 23.07071992794469], [72.55794485317459, 23.07070568415638], [72.55791949528243, 23.070689374492176], [72.55784263949269, 23.070639940473505], [72.55778351553744, 23.07060191171867], [72.55773229350842, 23.07056896583502], [72.55772591932482, 23.07056486620847], [72.55763900608818, 23.070509131447224], [72.55760559478139, 23.070487705805245], [72.5575845696151, 23.070474222850425], [72.55754205440176, 23.070446959053356], [72.55753461616595, 23.070442189362023], [72.55750378685917, 23.07042241958151], [72.55739970958376, 23.070355677248195], [72.55735835660889, 23.07033839699576], [72.55731200981583, 23.070319029036803], [72.55718846200418, 23.070264933763685], [72.55718103152844, 23.070261679918037], [72.55701657934038, 23.070192379384657], [72.55696127008595, 23.070169072051637], [72.5569047272445, 23.07014524458318], [72.55686182387635, 23.070127164750563], [72.55680917266068, 23.070104977290477], [72.55677831886, 23.070095806351993], [72.55668330418833, 23.07006756312733], [72.55666902389149, 23.07006331857587], [72.55652113579131, 23.070015851684147], [72.55634989790752, 23.06996088972786], [72.55619238433982, 23.06991033240209], [72.55617529287662, 23.06990464682951], [72.55599472852371, 23.069844576792043], [72.55598627279922, 23.069842611520734], [72.5558414322359, 23.0698089619395], [72.55581555786372, 23.069802950821973], [72.55562251090146, 23.06975989386079], [72.55548019816008, 23.069728151804586], [72.5552519158374, 23.069677235722573], [72.55518541713927, 23.069662403962095], [72.55515012422057, 23.069654531685885], [72.5549981772266, 23.06962396532118], [72.55498153983784, 23.069619504482187], [72.55490995780914, 23.069600312105653], [72.55488800099474, 23.069592241805818], [72.55487736713714, 23.069588684585703], [72.5548397796249, 23.06957611123753], [72.55476781466685, 23.069552037950473], [72.55469310817686, 23.069530928384516], [72.55469140247098, 23.06953072593548], [72.55448289220658, 23.069506001646058], [72.55444719110659, 23.069501768253758], [72.5541524843213, 23.06946682286299], [72.55409043613324, 23.069458827591923], [72.55408296337811, 23.06945786416511], [72.55404029844385, 23.069452366392245], [72.55379372458219, 23.06942059332735], [72.55377559130584, 23.069418034787958], [72.55371809095503, 23.06940992023564], [72.55358118887125, 23.069390600188726], [72.55348407040464, 23.069376894916257], [72.55346431290643, 23.06937410715663], [72.55344363439585, 23.069366735343692], [72.5533695219943, 23.06934031259049], [72.55336952973656, 23.069340262155738], [72.55334621528507, 23.06933195756613], [72.55328136952859, 23.069304847790317], [72.55325934541733, 23.06929597638347], [72.55316908996647, 23.06925962222262], [72.55296112126008, 23.069175855586305], [72.5529020801265, 23.069152074713454], [72.5527718910926, 23.06912671380648], [72.55276870215725, 23.06912609294407], [72.5526281247591, 23.06911283677675], [72.55256889501639, 23.069110315615646], [72.5525178525879, 23.069108142488513], [72.55231620635075, 23.069091883156478], [72.55229237255539, 23.06908996102061], [72.552083033537, 23.06908365879446], [72.55190787969883, 23.06907838542333], [72.5518969504524, 23.069077624700935], [72.5516648850791, 23.069061481615584], [72.55151211015223, 23.06905345555309], [72.55150159126566, 23.069053471221096], [72.55148189117365, 23.06905349982207], [72.55143608088035, 23.06904935548706], [72.55140681897149, 23.069046709003867], [72.5513586806641, 23.06904235432006], [72.55135294245463, 23.069041834735483], [72.55134180011967, 23.069040826925605], [72.55134032296448, 23.069040934923507], [72.55133870806723, 23.069041052521676], [72.55133624516108, 23.069041232803833], [72.55122558318863, 23.06904934446682], [72.55114239914528, 23.06905544105246], [72.55108989449374, 23.069059289682606], [72.55097536768251, 23.06906768338573], [72.5509566823852, 23.069069052910606], [72.55084588522493, 23.069138275529077], [72.55056989672478, 23.06922209219283], [72.5504574807868, 23.069214616110806], [72.55019422343662, 23.06913090199553], [72.5499396603346, 23.06905936877954], [72.54973587090909, 23.06896592028735], [72.54894381748186, 23.068693599721936], [72.54866666935058, 23.068605932890126], [72.54865407897738, 23.068599986889403], [72.54863959188364, 23.068565681930043], [72.54856987726423, 23.068450360062737], [72.54849703682754, 23.068329868293866], [72.54843056959444, 23.06821991765362], [72.5482561952685, 23.06806643545756], [72.548076152726, 23.068030200425262], [72.5479936043897, 23.067998584330248], [72.547515271285, 23.06782049519774], [72.54718165594535, 23.067690631600225], [72.54678447637603, 23.06752938773658], [72.54676800849556, 23.067522069660217], [72.54652380943854, 23.067436588425657], [72.54637990681344, 23.0673788170078], [72.54637975667892, 23.067378756898872], [72.54632586717852, 23.067357123751503], [72.54628525127899, 23.06734081815426], [72.54619369231334, 23.06722438508452], [72.54614176392465, 23.06715828986314], [72.54614273154164, 23.06715550634306], [72.5462020520339, 23.066803423833903], [72.54617378819202, 23.06675280124563], [72.54604587007842, 23.066518645861603], [72.54592562852571, 23.066259769352442], [72.54577741341929, 23.066006190642256], [72.54571064373087, 23.06587330428438], [72.54562995253114, 23.065709363331074], [72.54546342237016, 23.065214998477053], [72.54536468663312, 23.064724288806648], [72.54524462914209, 23.064370111430236], [72.54522358248485, 23.064290801964862], [72.54509148437955, 23.063839615587735], [72.54508041574451, 23.06374653431983], [72.5449240586085, 23.06340134743284], [72.54479566569597, 23.0631509415116], [72.54466475748957, 23.062896914268954], [72.54466043138439, 23.062886608837392], [72.5444786431753, 23.06250492049653], [72.54439057115182, 23.062288348180406], [72.54440042696802, 23.062110947689987], [72.54436970030362, 23.06199906148392], [72.54432445722597, 23.061857266904507], [72.54431086760393, 23.061814676541395], [72.5443021485536, 23.06178813440355], [72.54425134018041, 23.061633474745445], [72.54424696263735, 23.061620148778477], [72.54423583615564, 23.06158353956321], [72.54423485986699, 23.061583308626837], [72.54413795843149, 23.06139269500814], [72.54388844252654, 23.061401713510858], [72.54372197959698, 23.06143743386004], [72.54325746653741, 23.061414856435825], [72.54292265622921, 23.061387435025207], [72.54287888774027, 23.061386741611813], [72.5427932148154, 23.061366737274337], [72.54266785344795, 23.06133690829595], [72.54261696462875, 23.061324799714754], [72.54233573819934, 23.061257884413518], [72.54214991722809, 23.061207543538597], [72.54188579882351, 23.06113599166905], [72.54170765222884, 23.061079319507467], [72.541410076847, 23.06098465382498], [72.541393301017, 23.060983228180778], [72.54123371813505, 23.06098615287768], [72.5411525896785, 23.06098763994412], [72.54110553351678, 23.0609865220369], [72.54103353318992, 23.06093125935539], [72.54077278493234, 23.060731126987594], [72.54075979276152, 23.060721155097436], [72.54071212886504, 23.060683818930023], [72.54069597861118, 23.06067116904277], [72.54068119427932, 23.060659587616637], [72.54040624733665, 23.060444216306788], [72.54018550957244, 23.060271306653423], [72.54017580108294, 23.060263279833908], [72.54008676102849, 23.06018966110259], [72.5400317413467, 23.06016462131758], [72.54002763878752, 23.060162754628767], [72.53996057061478, 23.06014114635864], [72.53991991596118, 23.060128048012945], [72.53986455074184, 23.060110209500582], [72.53978413671008, 23.060084301132502], [72.53952193129555, 23.05999982076841], [72.53948815702493, 23.059983963224237], [72.53936047745678, 23.059924017601205], [72.53922444707791, 23.05986015113129], [72.5390226956507, 23.059765864321033], [72.53884151061249, 23.059681189744797], [72.53881515968817, 23.059668874577273], [72.53871611448332, 23.05965583040573], [72.53851401723963, 23.059629215433226], [72.53850372871938, 23.059627874323503], [72.53828175239104, 23.05959893617686], [72.53814115990872, 23.059580056103048], [72.5378453166361, 23.05954032842923], [72.53780847687132, 23.059535381324785], [72.53764665308444, 23.05951365032987], [72.53762512781479, 23.059392736436365], [72.53761755061508, 23.059350172559633], [72.53759634131946, 23.059231035698495], [72.53758523003442, 23.059168617495104], [72.53756801967872, 23.05907193762617], [72.5375631431414, 23.05904527906818], [72.53754855002623, 23.058965496249517], [72.53752900766608, 23.058858655622828], [72.5375222581423, 23.058821754090427], [72.53751771720637, 23.058789575896583], [72.53751677008871, 23.05878286719929], [72.53748948759272, 23.058653513066538], [72.53700975950719, 23.058659994192308], [72.53680093919449, 23.058579446440113], [72.53634497816068, 23.05870181900498], [72.536244367122, 23.058722261009255], [72.53624267672664, 23.058713031960593], [72.53624259926632, 23.058712571250165], [72.53623252631986, 23.05865284946841], [72.53620351354245, 23.058488564086698], [72.53618626383958, 23.05839088778347], [72.53617289036394, 23.058315160133642], [72.53613900563941, 23.0581232900078], [72.53613147697635, 23.058080660045245], [72.53604174764564, 23.057578916694325], [72.53603344081206, 23.057532467674047], [72.53604375802425, 23.05738148928334], [72.53603467500923, 23.057089152816577], [72.53603731256058, 23.057031911415606], [72.53605799415571, 23.056583147457278], [72.53605958281844, 23.056548678851474], [72.53607222316538, 23.05625796394605], [72.5360801183019, 23.056076368716866], [72.53607661109737, 23.055758115293195], [72.53607179320495, 23.05568936394138], [72.53606002765987, 23.055683489494985], [72.53600007946339, 23.05565355812416], [72.53592569487233, 23.055640454644443], [72.53595310815243, 23.055559237859264], [72.53597199238317, 23.055503290693117], [72.53608891384715, 23.055182817662047], [72.53619491682936, 23.054842333479012], [72.5362926362112, 23.054588462198115], [72.5364222389258, 23.05425947401126], [72.53656653359245, 23.053893191665793], [72.53658927583548, 23.053855822760433], [72.53662431209156, 23.05378409253003], [72.53682120245696, 23.0534566845749], [72.53694100550834, 23.05323229701064], [72.5373971742612, 23.052414834633637], [72.53742061775905, 23.05237331840115], [72.53755399449929, 23.052137120632338], [72.53755552536781, 23.052124186320974], [72.53755424754907, 23.05210798901196], [72.53754997326347, 23.052089895260778], [72.53753819758094, 23.052068453648992], [72.5375871992212, 23.05204991901332], [72.53770829063072, 23.05199771544308], [72.53805416391452, 23.051848605767514], [72.53806902073235, 23.051848740637105], [72.53854025126473, 23.0518525607842], [72.53886130801148, 23.05185299078913], [72.53926522467393, 23.05186982352256], [72.54001551641421, 23.051917411622707], [72.540145142512, 23.051918838197064], [72.54077330461097, 23.051951545302124], [72.54135235753937, 23.051845905479073], [72.54165534113521, 23.051762720375606], [72.54191333526609, 23.05171227483371], [72.54220996030273, 23.051694913666818], [72.5426201328682, 23.05167117844773], [72.543145521597, 23.051610089862677], [72.54359888695824, 23.05171021053193], [72.54384608039432, 23.051768123625685], [72.5439795712212, 23.05177258711825], [72.54399431751874, 23.05177198757343], [72.54399986848254, 23.051771762394676], [72.54420107607905, 23.05176358417985], [72.54432298532431, 23.051764504615218], [72.54432565430513, 23.051764831363155], [72.54439621872163, 23.051773473181346], [72.54451030834024, 23.051787445933353], [72.54453225394153, 23.051790133212855], [72.54454181095474, 23.051791922933116], [72.54473740018007, 23.051828551885958], [72.5447528951532, 23.051832176180696], [72.544909731506, 23.051868855503336], [72.54497586911697, 23.051884323573287], [72.54508325098368, 23.05190728611523], [72.54509792267766, 23.051910423638432], [72.54555006457403, 23.05200710832782], [72.54562264773789, 23.052011602089475], [72.54574243575291, 23.052019018162664], [72.5460160424307, 23.05201561283455], [72.54649524794698, 23.052011354090297], [72.54650524098655, 23.052011265499875], [72.54650539484199, 23.052011065670257], [72.54653339347728, 23.05201026991926], [72.54662056970507, 23.05186840491324], [72.54663196961035, 23.051851842007807], [72.54664243561858, 23.05183282082872], [72.54647375499816, 23.051426367237827], [72.54641892292342, 23.051297953994673], [72.54627683336729, 23.050985177333818], [72.5462017996242, 23.0508528799415], [72.54605527954439, 23.05058070009741], [72.54602267122439, 23.05052493395453], [72.54572201077795, 23.0500430520842], [72.54515548983582, 23.04933990741315], [72.54492208179775, 23.049036190559754], [72.54473090367047, 23.048808187698942], [72.54471033423658, 23.048782365158406], [72.54463587675144, 23.04869485755634], [72.54458902402514, 23.048639791590727], [72.54437642959208, 23.048364909323528], [72.54415023983636, 23.048071185305528], [72.5439301934717, 23.04778618687916], [72.54391313196109, 23.047764089389894], [72.54371643558238, 23.047495840488416], [72.54346538030256, 23.047165077171154], [72.54342950093343, 23.047117806190503], [72.54340167197145, 23.047072653627346], [72.54316031036348, 23.046722507579254], [72.54296431333199, 23.04639208219934], [72.54242846501096, 23.045542569844546], [72.54237356898952, 23.04545657612933], [72.54235896537861, 23.04543570746287], [72.54208709393468, 23.045047207736555], [72.54186921656705, 23.044708466069196], [72.54166227724222, 23.044392825271302], [72.54149454947232, 23.044135118457973], [72.54131383920166, 23.043853324364193], [72.54112987628938, 23.04358007828998], [72.54088417197721, 23.043238992437402], [72.54063010879952, 23.042903507840155], [72.54042313076674, 23.042647101475858], [72.54015990161807, 23.04230478600349], [72.53992193813322, 23.04199248108226], [72.53967823457414, 23.041655246227887], [72.53946672537553, 23.041364372316615], [72.53926761817571, 23.041072736114234], [72.53911045131565, 23.040809328269518], [72.53894756645312, 23.040505966384075], [72.53883050833774, 23.04024502075991], [72.53869341204386, 23.039948820932704], [72.53852017247843, 23.039597394447874], [72.53834815412257, 23.03925417124437], [72.53833063928505, 23.039216657938475], [72.53819102136355, 23.038963601960376], [72.53804673504081, 23.038658959109085], [72.53799941557492, 23.038572001591948], [72.53786235066964, 23.038303543480644], [72.53776095618572, 23.03809595137816], [72.53765517728137, 23.037881125751614], [72.53756492772466, 23.03769938428109], [72.53747530027753, 23.03751884681124], [72.53739929988423, 23.037369572821493], [72.53731154336872, 23.037192647471283], [72.53724985808567, 23.03707225897106], [72.53716334861562, 23.036897741682743], [72.53705383139203, 23.036675691435743], [72.53697158856419, 23.036514974189643], [72.5368882285444, 23.036344685622737], [72.53677671230353, 23.03612618803968], [72.53669070737762, 23.035959440331716], [72.53659668760004, 23.035772265598002], [72.5364634429046, 23.035506852434274], [72.53634928260487, 23.03529189466925], [72.5362684834528, 23.035122840113363], [72.53611210894564, 23.03480425048789], [72.53583651476355, 23.0342871208521], [72.5355542808124, 23.033921389898158], [72.53538962992809, 23.033738474310198], [72.53522130763395, 23.033543094756844], [72.53503859296102, 23.033330292264967], [72.53485431828254, 23.033118182968536], [72.53467161776209, 23.032904664458286], [72.534515368492, 23.032726670032456], [72.53433715601267, 23.032521819937983], [72.53415290860416, 23.03230827680816], [72.5339631928713, 23.032097514471925], [72.53377438043819, 23.03187959995123], [72.5335973757802, 23.03165112209739], [72.53349171639574, 23.031501144837602], [72.53329442281613, 23.031196394117455], [72.53314923076127, 23.030964111374747], [72.53293386493851, 23.030613785283983], [72.53292057873742, 23.030593575632803], [72.53250538383729, 23.02989138402952], [72.53223752076339, 23.02946600983718], [72.53218085578271, 23.029367766945207], [72.5321039935786, 23.02926746021041], [72.53197966329085, 23.029037652558937], [72.53187730435077, 23.028800671391867], [72.53187091864719, 23.028787395104892], [72.53163462446925, 23.02826922111838], [72.53141417196525, 23.027712113647897], [72.5312099457626, 23.027166847939156], [72.53109473308383, 23.026868911204772], [72.53091721090243, 23.026439958798864], [72.53077836158535, 23.026100350919208]]]}}, {"type": "Feature", "properties": {"objectid": 4, "zone_name": "NORTH ZONE", "zone_id": "2", "st_area(shape)": 41507631.79727867, "st_length(shape)": 50047.832089589814}, "geometry": {"type": "Polygon", "coordinates": [[[72.6156161972683, 23.0821506075275], [72.61561536532001, 23.082151690949118], [72.61533873532545, 23.08251187767016], [72.6152211693453, 23.08266524524512], [72.61521217727145, 23.08267697567568], [72.61497753187693, 23.08298307324281], [72.61492228915694, 23.08299656859996], [72.61394439188288, 23.083235453134485], [72.61315715501061, 23.083440052741075], [72.61269937776206, 23.083559025306435], [72.61266858659748, 23.083567027809874], [72.61149392533241, 23.08384410593054], [72.611254881592, 23.083900489952928], [72.61070163595741, 23.08406764796867], [72.61022539903804, 23.0842115358487], [72.61008332046408, 23.084254462851053], [72.60980017160132, 23.084340011229703], [72.60915286651142, 23.08447985098696], [72.60818016164973, 23.084704844198118], [72.60808940629019, 23.084725836473044], [72.60715925893196, 23.084943286942384], [72.60675443545331, 23.085057734916884], [72.606231197584, 23.085205658859312], [72.60608219321304, 23.08524778191584], [72.60596352727563, 23.085281328975803], [72.60565744818994, 23.08532593167511], [72.6052553064477, 23.085384531206582], [72.6046536459763, 23.085472202466168], [72.60450001918774, 23.085439988960072], [72.60356487954886, 23.084449597887687], [72.60283155698818, 23.083672933351547], [72.60209824274551, 23.08289626694684], [72.60182099719862, 23.083983114474382], [72.6017776238231, 23.08407004991014], [72.6017475634423, 23.08413030630893], [72.60145277359477, 23.08463377391772], [72.60130487503032, 23.08488637233528], [72.6016966805298, 23.085730147374885], [72.60149594375424, 23.08576849262561], [72.60148962920852, 23.086306287516436], [72.60151819091327, 23.086346154182998], [72.60165481431713, 23.086536839603266], [72.60172142692858, 23.086629810127917], [72.6019441957737, 23.086940728756016], [72.60357222509361, 23.0871286066606], [72.60368674297243, 23.087141823287407], [72.60356524313615, 23.087366748963127], [72.60341564642074, 23.087643689711403], [72.60329726531417, 23.08786284040816], [72.60355309297941, 23.087981772929794], [72.60437027689083, 23.08836167278029], [72.60456629777977, 23.08806980573342], [72.60456806182133, 23.08806717831969], [72.60457493172402, 23.088058863214844], [72.60457758711014, 23.088060229704933], [72.60547076486715, 23.088519714949236], [72.60544177307463, 23.088642309317375], [72.60536376393225, 23.08897218143935], [72.60547977350001, 23.088988108906708], [72.60560574746093, 23.08900540531312], [72.60668279982528, 23.08915328419014], [72.60669024489928, 23.089154306190558], [72.60750059130542, 23.089265561707414], [72.60761660250357, 23.08928148765922], [72.6082253471017, 23.089365060046877], [72.60886080837868, 23.089011281976006], [72.60900026903099, 23.08893364078608], [72.60941029650301, 23.08895704353144], [72.6095284785822, 23.088963784405422], [72.60953869496775, 23.08896436976843], [72.60952353326198, 23.089048474843565], [72.60984871587937, 23.08905596265755], [72.61065359684798, 23.08907487253648], [72.61067886393778, 23.088934694704236], [72.61131055539838, 23.088933624996642], [72.61133331103886, 23.088961155023988], [72.61142644398839, 23.089073838459992], [72.61148507960652, 23.089144781226253], [72.61209245382044, 23.089174550719306], [72.61223211309957, 23.089256786954703], [72.61267466790329, 23.08951737627661], [72.61340545197149, 23.089454749169008], [72.61352770487514, 23.089444271980003], [72.61373521126468, 23.08942649004231], [72.61419011187067, 23.08966047174432], [72.61484870294326, 23.089700966386918], [72.6149064119445, 23.089550271058737], [72.61506247951853, 23.089142731621536], [72.61511444269996, 23.089007045792474], [72.61612772966954, 23.089070496642563], [72.61616240480429, 23.089072670667118], [72.61720296288296, 23.089163519979696], [72.61733068808537, 23.089174668404123], [72.61764590448523, 23.089202188741314], [72.61807121621246, 23.089174762342832], [72.61853367057094, 23.089144939483727], [72.61876146032161, 23.089130249224038], [72.61910087254007, 23.089108359037684], [72.61927854512103, 23.089131260751028], [72.61942094927919, 23.089156856892515], [72.61941528101434, 23.089163257951633], [72.61982896763189, 23.089212416672986], [72.61985988976211, 23.089216090607618], [72.62076072458783, 23.089222938049513], [72.6208089617916, 23.089223304983157], [72.62153239244873, 23.089181517953115], [72.62186836212025, 23.089163947540847], [72.62199316257416, 23.089115773510247], [72.62197499943576, 23.08900766583083], [72.62196075634964, 23.088922891197054], [72.62194731178808, 23.088842868253032], [72.62212439237832, 23.088949594752386], [72.62225344726163, 23.088963400801028], [72.62265423952284, 23.089006273053577], [72.62280835485544, 23.08902275644019], [72.6234524011826, 23.088901573009977], [72.62391320505154, 23.08887238554562], [72.624153236219, 23.08885126325407], [72.62436261348428, 23.08883023893848], [72.62435233300778, 23.088499182445467], [72.6243856767037, 23.08829523410549], [72.62444022029682, 23.088330629317856], [72.62447585444879, 23.088417228032455], [72.62448820570764, 23.088447245832562], [72.62454100371338, 23.088574646412184], [72.62446629385524, 23.088722015259187], [72.62433807542452, 23.08897493133793], [72.62441632525248, 23.089009557609522], [72.62453433287402, 23.089061776409316], [72.62461407460108, 23.088954459869846], [72.62515661593318, 23.089002441894362], [72.62551668257197, 23.08900875392058], [72.62563744099319, 23.08901087213228], [72.62627844252339, 23.089022108990704], [72.62682605761823, 23.08903170709833], [72.62689874533844, 23.089032980572764], [72.62710511045245, 23.089022837445704], [72.62735800861465, 23.089042310080504], [72.62755594782125, 23.08904858702321], [72.62798699985056, 23.088991773490964], [72.62811427507481, 23.08897499835206], [72.62836990197121, 23.089040822861495], [72.6284813490943, 23.089038774322322], [72.62867413815955, 23.089043760927755], [72.62879094931958, 23.089046782509918], [72.62883552420335, 23.0890479351717], [72.62905704665684, 23.089041881154618], [72.6293586209315, 23.089033638317627], [72.629551667516, 23.089056321611167], [72.62986962196375, 23.089093488874244], [72.63007765548092, 23.089128817254892], [72.63015411850273, 23.08914168636069], [72.63042498455242, 23.089187275466216], [72.63042622987126, 23.089187490069243], [72.63076722509547, 23.08923559849431], [72.63123120544893, 23.089286224611516], [72.6315150486124, 23.089316648273154], [72.63163068395276, 23.089328263706655], [72.63173704198174, 23.08933909705957], [72.63215427430184, 23.089381593538615], [72.6326879343287, 23.089435016719477], [72.63272507432333, 23.08943840495017], [72.63364897941996, 23.08952268331983], [72.63388186290017, 23.08954392556823], [72.63397956393125, 23.08955585725875], [72.63387106341665, 23.08982625896668], [72.63466465828053, 23.089942559283323], [72.63490513963067, 23.08997779988113], [72.63516948882459, 23.090016538581995], [72.63617520014228, 23.09016391597425], [72.63618399348458, 23.09016520415919], [72.63622346131852, 23.090170986364136], [72.63726224088086, 23.09039360037976], [72.63830102644692, 23.090616207859075], [72.6391886998079, 23.090806426456748], [72.63927767264205, 23.090825491930772], [72.6402543244173, 23.091034767520057], [72.64065328890877, 23.091120257251944], [72.64123097774383, 23.09124404178891], [72.64134081731234, 23.09110835563893], [72.64148793458614, 23.09092662208704], [72.6421943314998, 23.091114418410204], [72.64238911274805, 23.09192653971834], [72.64245306536944, 23.092193183166764], [72.64270763143519, 23.092264164135784], [72.6429139530285, 23.09232169285223], [72.64318933765948, 23.09269133825489], [72.6432583551811, 23.09278398073754], [72.64327451217534, 23.09307612484377], [72.64352605696955, 23.09314331107339], [72.6436823722767, 23.09318506233992], [72.64390728048049, 23.093483752965387], [72.6443303057322, 23.09404555221581], [72.64437451985089, 23.094104270504022], [72.64497824621957, 23.09490603910723], [72.64520611103362, 23.09520864896731], [72.64562619367628, 23.09576652662415], [72.64572812545214, 23.095901892390486], [72.64627415016433, 23.096627008477338], [72.64676505814693, 23.09727892423773], [72.64692211557406, 23.097487490984467], [72.6473799758315, 23.098095511899853], [72.64757008702621, 23.09834797139382], [72.64790932890425, 23.099075617050207], [72.64801284915681, 23.09929765723585], [72.6482851207059, 23.099881656574585], [72.64845561397682, 23.10024734761442], [72.64858892418536, 23.10053328142987], [72.64889838653802, 23.101197032673802], [72.64934116377235, 23.10214672049334], [72.64934559046378, 23.10214566787625], [72.64967210145197, 23.102959330646925], [72.65096155063237, 23.10278496267606], [72.65109833698948, 23.102557486653488], [72.65127210189132, 23.102268515776586], [72.65146064469204, 23.10204109484576], [72.65156552896192, 23.101914583400795], [72.651767945208, 23.10172989514555], [72.65184063970587, 23.10166356741158], [72.6518401915238, 23.101332968142874], [72.65156143935933, 23.10060571060099], [72.65160896964834, 23.100521317909724], [72.65156063625678, 23.10041359266935], [72.65156269986788, 23.10039976262705], [72.65165405239215, 23.099824018032734], [72.65174783933786, 23.099330958597314], [72.65176091959151, 23.09925919521648], [72.65179202220756, 23.098971165031347], [72.65194405111211, 23.098423431566896], [72.65202154606307, 23.09814422861986], [72.65215624037218, 23.097971382138137], [72.65233842183159, 23.097740480277587], [72.65254183594779, 23.097491261944654], [72.65267636863572, 23.097339480379], [72.65287195888423, 23.097020396192097], [72.65303209065408, 23.09674318366029], [72.65319228075434, 23.09658886891197], [72.65335877633528, 23.096458056595356], [72.65376476039408, 23.096186051052594], [72.65404426070104, 23.09597116507947], [72.65435619205358, 23.09576225420305], [72.65464498846053, 23.095559029538144], [72.65493037444935, 23.095345674666397], [72.65516726098699, 23.09517577649651], [72.65539244378938, 23.095010720933654], [72.65569531735959, 23.094787818040004], [72.65586533003346, 23.09465477449351], [72.65591938636028, 23.094612472944593], [72.65596514936692, 23.094566297925855], [72.65598670795649, 23.094571468936426], [72.6560721113518, 23.094591956435124], [72.656231331131, 23.094627604176534], [72.65628386361419, 23.0946395891343], [72.65628446142853, 23.094639725308816], [72.65651722115926, 23.094692807581], [72.65660702646265, 23.09473964811562], [72.65677868467097, 23.09479935567958], [72.65685916840657, 23.09482734968877], [72.65702999335618, 23.09490275618051], [72.65716209870529, 23.094956220001965], [72.65728429542487, 23.095006950977304], [72.65729312812475, 23.09501061840283], [72.65750112353402, 23.09508648685465], [72.65755548701456, 23.095105173947882], [72.6576668505303, 23.09514774676313], [72.65783162012806, 23.09511859143415], [72.65789649500503, 23.095142406190277], [72.6579652214412, 23.09516736687057], [72.65806049508457, 23.095201968972226], [72.65811356189784, 23.0952378107539], [72.65816576251113, 23.095273068187286], [72.65825836532949, 23.095312280002922], [72.65847613776126, 23.095462709893834], [72.65855690642277, 23.095518502066817], [72.65880586497175, 23.095690473047835], [72.65879826157766, 23.096053450762756], [72.65879663307282, 23.096131172835243], [72.65879212607341, 23.0963463318346], [72.65879041497244, 23.09642802864599], [72.65878926768988, 23.096482776871987], [72.65893945731267, 23.096537577486355], [72.65900984594816, 23.096543663039306], [72.65906682313049, 23.09658603027826], [72.65901586637492, 23.09658031067459], [72.65926950012522, 23.09675430591635], [72.65927042027033, 23.09675493347551], [72.6596000209305, 23.096850269406183], [72.65963933186778, 23.09686946746977], [72.65968735251076, 23.096884631851776], [72.65969223755401, 23.096886174979108], [72.6597137059153, 23.09692237460767], [72.65977989983406, 23.097087798406267], [72.65990355708516, 23.097444970564382], [72.66028553789857, 23.097820164567377], [72.66028617588559, 23.097820968499207], [72.66028325936647, 23.097828373424797], [72.66027017626119, 23.097861596891395], [72.66015685864429, 23.098149347077726], [72.66003990121033, 23.0984463357716], [72.65997231165991, 23.098617965744232], [72.66082916673875, 23.098493692321984], [72.66084087803239, 23.098491993515758], [72.66084375198236, 23.098490876012352], [72.66087202775442, 23.09847987917641], [72.66092032586742, 23.09846109630704], [72.66092647366447, 23.098458705622495], [72.66095239031145, 23.09844862716492], [72.66099726323951, 23.09843117659816], [72.66105214438748, 23.098409833402215], [72.66108313588077, 23.098397780772373], [72.66112740451524, 23.098380564966966], [72.66116883653591, 23.098364451863763], [72.66123702032807, 23.098337934969596], [72.66127257768457, 23.098324106440565], [72.6613585730207, 23.09829066261911], [72.66137424560755, 23.098284567120615], [72.66137526843897, 23.098289127924694], [72.66140575501582, 23.098425010183238], [72.66141227636169, 23.09845407527631], [72.66145178398375, 23.09863016422375], [72.66146176893966, 23.098674668129842], [72.6614950161975, 23.09882285595647], [72.66151261967956, 23.09890131728487], [72.66153434004339, 23.098998126930347], [72.6615536668175, 23.09908426600705], [72.66157196133051, 23.09908067853686], [72.6621546190787, 23.098966412429714], [72.66217654078127, 23.099002751211007], [72.66219548737494, 23.09903415719559], [72.66222252830264, 23.0990789823944], [72.66222651855807, 23.09908559681546], [72.6622275999237, 23.099095008375784], [72.66223278948243, 23.099140185114432], [72.66223664929058, 23.099173780772535], [72.66224800373226, 23.099272625178138], [72.66225477758198, 23.099331592331374], [72.66226433067122, 23.09941475442723], [72.6622691208135, 23.099456452138856], [72.66228473959386, 23.099592417344365], [72.66229113528208, 23.099648087249914], [72.66229999552417, 23.09972521553365], [72.66230752681624, 23.099790772679857], [72.66231233389394, 23.09983262050759], [72.66231784830927, 23.09988062514206], [72.6623191679714, 23.099892113082976], [72.66233283874509, 23.099945673476373], [72.66233401770263, 23.09995029436942], [72.66236231345387, 23.100061152477522], [72.66236691336373, 23.100079172996022], [72.66238649003809, 23.100155875030644], [72.66241657169664, 23.100200619770924], [72.66243742823046, 23.10023164145076], [72.66253422503227, 23.100375618317116], [72.66256393291579, 23.100419804075], [72.66255039893953, 23.10042040075011], [72.66250706716724, 23.100422311025024], [72.66245182758821, 23.100424747252166], [72.66249209304588, 23.100561728525147], [72.66259702614782, 23.100918704777865], [72.66261828618137, 23.100991030536548], [72.6626853033269, 23.101219017669465], [72.66272359307108, 23.10134927981564], [72.66272333763776, 23.101352928798775], [72.6627135705529, 23.101492497484056], [72.66282762305296, 23.101595558141184], [72.66281164171791, 23.101606332962835], [72.66286960326285, 23.101680032070988], [72.66289419280261, 23.101711297694315], [72.66289310498911, 23.10175508138462], [72.66289046086305, 23.101861480750667], [72.66290558168126, 23.101921219753077], [72.66291925281465, 23.101975231523497], [72.66293123128489, 23.102022555484787], [72.66296786562266, 23.10216728406506], [72.66298772193264, 23.102245735324313], [72.66299694777568, 23.1022812467738], [72.6630013497898, 23.102298190908286], [72.6630151250576, 23.102351208417012], [72.66303760823811, 23.10243070070269], [72.66305785200439, 23.10250227738411], [72.66308102405183, 23.102584205719026], [72.66325427382775, 23.102923781722392], [72.6632714912432, 23.10295752826977], [72.66327851698252, 23.102971298161602], [72.66344373832838, 23.102957836870377], [72.66353464270422, 23.102950430453983], [72.66356997943976, 23.103216703049064], [72.66357906035444, 23.10328512967345], [72.66358713110934, 23.103345945999155], [72.66361544713014, 23.103559309271265], [72.66361763047479, 23.10355902110877], [72.66359806340282, 23.10406985068843], [72.66364694117854, 23.10407389871501], [72.66390577428261, 23.104095334774488], [72.66417523427545, 23.104117650009584], [72.66440020408179, 23.104136280796258], [72.66448037650818, 23.10414291980875], [72.66451974349448, 23.104146179449046], [72.66453833570165, 23.104144433302295], [72.6645931202252, 23.104284374589753], [72.66470398874732, 23.104567577034405], [72.6647906010338, 23.104788818919346], [72.66480927300124, 23.104836514516606], [72.6648417005717, 23.104919347969986], [72.6650928918391, 23.105010745204954], [72.6653438313196, 23.10510204985916], [72.66540132745851, 23.105122970243382], [72.6654133481029, 23.105127343499277], [72.665431405232, 23.10523774727134], [72.665431721231, 23.105239678545097], [72.66544208256285, 23.105303031315643], [72.66545909909388, 23.105407072026203], [72.66546723357546, 23.10545680635049], [72.66554578661045, 23.10593709119125], [72.66558009348878, 23.106146848652973], [72.66561556946841, 23.10644363717112], [72.66563224337997, 23.106583131576073], [72.66569658693902, 23.107121422902413], [72.66591625037344, 23.10706760857351], [72.66609219919175, 23.107024503591564], [72.6662518618386, 23.106985388025848], [72.66632080911027, 23.10696849721202], [72.66702087721377, 23.106874695412053], [72.66707172998497, 23.106867881953285], [72.66717274193657, 23.10685434764842], [72.66722328655807, 23.106847574722988], [72.66729365554893, 23.10683814636626], [72.66771180279989, 23.106782116695737], [72.66773835366283, 23.106778559460064], [72.66805542817382, 23.106736072564917], [72.66838962758435, 23.106649555237578], [72.66880337126273, 23.106542444130824], [72.66894034714498, 23.106506983606923], [72.66935186659066, 23.106400446625084], [72.6694408138769, 23.106385328698845], [72.66944572287997, 23.106384493899526], [72.66992052189637, 23.106303792538434], [72.67014934250852, 23.106264899034525], [72.67035968508188, 23.106229144931124], [72.67040128960852, 23.106222072810223], [72.67046935261868, 23.106204911562134], [72.670507141437, 23.106195383387654], [72.67065937494779, 23.10615699851984], [72.67107933033624, 23.106049067406353], [72.67123943672162, 23.106007918214313], [72.67138858287412, 23.105969586344287], [72.6714475156814, 23.105954439476143], [72.67206716120566, 23.105727589652663], [72.67234377155602, 23.105626325738296], [72.67246248640663, 23.105582865390687], [72.67256344392446, 23.10547432185091], [72.67282678704967, 23.10534066694711], [72.67377185993733, 23.104949717428184], [72.67400046276309, 23.104855150066214], [72.67404374416928, 23.104846791681876], [72.67414716384403, 23.104817572059698], [72.67412779122255, 23.104769900423857], [72.6741181859192, 23.104746263064573], [72.67455746161059, 23.104492473866834], [72.67487932848533, 23.10430651659341], [72.67496871965321, 23.104254870455254], [72.67507251114459, 23.104634357174547], [72.67527249005987, 23.10523820603441], [72.67542686600085, 23.10520785141464], [72.67559491681727, 23.105166136685785], [72.67569222185925, 23.105138906032238], [72.67605471339913, 23.105022557009317], [72.6762401137502, 23.10496304806649], [72.67673392490933, 23.10479355729387], [72.6771004901372, 23.105265708279983], [72.67761084862134, 23.10502001971754], [72.67789306078332, 23.105652403066344], [72.67798611298083, 23.10587233910035], [72.67808950826071, 23.106191552008475], [72.67810410561596, 23.106189201970206], [72.67816872943015, 23.10618537636705], [72.67822425623403, 23.10618499921757], [72.67827982314311, 23.10618223378767], [72.67834309444243, 23.106181970579883], [72.6784028255084, 23.106177356034145], [72.67848187409578, 23.106175652952906], [72.6785238699973, 23.10616623799612], [72.6786109095017, 23.106150320241603], [72.67868533540744, 23.106132067217867], [72.67873287032447, 23.106145904489892], [72.67879728880453, 23.106154018057392], [72.67883863708094, 23.106152238532903], [72.67888520964686, 23.106146951688277], [72.67894077654876, 23.10614418602297], [72.67899878251625, 23.10614981720683], [72.67903596965165, 23.106164696563535], [72.67907573959602, 23.106179613912893], [72.67914917300428, 23.10618905440131], [72.67923133484365, 23.106216539660725], [72.67937445315064, 23.106228199663764], [72.67955578375681, 23.10627028049676], [72.67984775584908, 23.1063354872739], [72.68024725130658, 23.106175091743125], [72.68025712895898, 23.10616835572916], [72.68045152380502, 23.106357006786034], [72.68079620961733, 23.10666399668254], [72.6808442993909, 23.106706858041257], [72.68091222131991, 23.106767394696522], [72.68083925922598, 23.106346389291144], [72.68091588131756, 23.106264041289545], [72.68091641485533, 23.10623077219609], [72.68092365486844, 23.105779550398427], [72.68092514983614, 23.10568634386083], [72.68092921223096, 23.10543313175406], [72.68093060983844, 23.105346044882083], [72.68093103051108, 23.1053197980438], [72.680934040256, 23.10527277210676], [72.680946469744, 23.105078580981242], [72.68094730076737, 23.10506560165722], [72.68095623231152, 23.104926058996767], [72.68095693966818, 23.10491499453552], [72.6809572376928, 23.1049146901531], [72.68107357526178, 23.104795712603472], [72.68106481516665, 23.104723028916283], [72.68093485683296, 23.104525118686556], [72.68090369662478, 23.104439053673314], [72.680794804748, 23.10413829623464], [72.68079110589883, 23.104122837988836], [72.68078723318396, 23.1041066495162], [72.68078084830391, 23.104074781899403], [72.68077565732365, 23.104042727797424], [72.68077166831061, 23.10401052885858], [72.68076888360181, 23.103978219424274], [72.68076730833751, 23.103945841099705], [72.68076694384798, 23.103913430017066], [72.68076779037929, 23.103881028612378], [72.68076984635005, 23.103848672072154], [72.6807731101324, 23.10381639829071], [72.68077757813153, 23.1037842460362], [72.68078324478564, 23.103752254950678], [72.68079010064562, 23.103720463716186], [72.68079814217872, 23.10368890749045], [72.68080735796887, 23.10365762582939], [72.68081773666214, 23.10362665467853], [72.68082926586676, 23.103596033579397], [72.68084193139472, 23.103565793018902], [72.68085571885644, 23.10353597521764], [72.6808706130727, 23.103506611550706], [72.68088659488396, 23.10347773784885], [72.68090367777928, 23.10346981666648], [72.68094698023984, 23.103449736258387], [72.6810724358545, 23.103391556558908], [72.6811000051639, 23.103378772535894], [72.6811152296465, 23.103371711482033], [72.68147541314468, 23.103243430710084], [72.68148828100689, 23.10323884752566], [72.68152673242878, 23.10329101315842], [72.68157202418237, 23.103352459158096], [72.68158370491321, 23.103343918624045], [72.68187458900226, 23.103131236037335], [72.68189064178478, 23.103121460564566], [72.68208612015653, 23.103002437860994], [72.68249185732157, 23.102755388290205], [72.68266102043178, 23.10265320400765], [72.68276891303493, 23.10258803165878], [72.68304620377873, 23.10242053258899], [72.68308207945766, 23.10239886095311], [72.68308344138154, 23.102398038624308], [72.68319505361946, 23.102480069165637], [72.68324378686313, 23.10251588549003], [72.68348365645817, 23.102459635722724], [72.68351937032418, 23.102451259223503], [72.68380110167182, 23.102401337545412], [72.68407004003798, 23.10235368141765], [72.6841155981123, 23.102345608181967], [72.68423045726654, 23.102335682115864], [72.6843142423979, 23.102328440774837], [72.68438035517228, 23.102314400886065], [72.6844376540842, 23.102302232254225], [72.68451342505678, 23.102286141113908], [72.6845222036564, 23.102284276528913], [72.68456751500759, 23.102274653008784], [72.68475202484139, 23.102253409919655], [72.68488488401447, 23.102238113925445], [72.68506715148506, 23.102217127360355], [72.68517473783659, 23.102204740228725], [72.68535452999843, 23.10220562392151], [72.68541783662498, 23.102203260110752], [72.68558774420289, 23.102196914096538], [72.68582197763779, 23.102173381935224], [72.68630493800701, 23.102124861591996], [72.68640637218864, 23.102114669323733], [72.68646171736411, 23.102127196818003], [72.68721383702618, 23.102297414914318], [72.68743663902455, 23.102347837029065], [72.68794488223625, 23.102401842728117], [72.68819737081412, 23.10242867117483], [72.68823005030167, 23.1024321419811], [72.68823063388021, 23.102432201993096], [72.68824444807649, 23.102434577502464], [72.68824634368929, 23.102434903209684], [72.68824640694143, 23.102434914067544], [72.68830505605534, 23.102444994851965], [72.68836726576278, 23.10245568843746], [72.68843073371126, 23.102466598152287], [72.68858972669777, 23.102493928525043], [72.68885813115232, 23.10254006391426], [72.68905146049892, 23.102573294794247], [72.68909307156412, 23.10258044885509], [72.68911305436943, 23.102583882470082], [72.68912955883695, 23.10258663045065], [72.68915688525774, 23.102591180979267], [72.68924860336276, 23.102606452195023], [72.68927212946518, 23.10261036923643], [72.68936328314803, 23.102625546352197], [72.68939387176177, 23.10263063936473], [72.68946851030637, 23.10264306560282], [72.68946881100298, 23.102643116953328], [72.6895656531031, 23.10265924036058], [72.68959394401976, 23.102663950294236], [72.68968493719846, 23.102679101404593], [72.68969266636729, 23.10268038735503], [72.6897811798737, 23.102695124719695], [72.68980374935998, 23.102698882321324], [72.6898958569334, 23.10271421755594], [72.68991622211672, 23.102717608821088], [72.69000909174054, 23.102733070710585], [72.69007560027633, 23.102552318268092], [72.69008337940748, 23.10253117613449], [72.69010450788633, 23.102484878221603], [72.69010657846412, 23.10248034026013], [72.69013319463505, 23.102422016753387], [72.690141103909, 23.102412490418082], [72.69016615812028, 23.10238231116666], [72.69065789041989, 23.10179000803194], [72.69078479833637, 23.101637142658706], [72.69093623064114, 23.10145473733107], [72.69097972855602, 23.101402342167162], [72.69098966026938, 23.10138714496031], [72.69101867361863, 23.101342753480846], [72.69103219715679, 23.101322060994562], [72.69106332411567, 23.101274434026365], [72.69108857924773, 23.10123579087126], [72.69111938044344, 23.101188662896348], [72.69113241487928, 23.10116871890363], [72.69116036586966, 23.101125949563656], [72.69118123533161, 23.10109401969641], [72.69120209782973, 23.101062096946308], [72.69120998901597, 23.10105002341953], [72.69121152837343, 23.101047667912], [72.69121419517128, 23.10104358826159], [72.69122241811553, 23.101031004980108], [72.69122501977782, 23.10102702458957], [72.691232480026, 23.101015610135246], [72.69123253013925, 23.10101553322585], [72.69124483193592, 23.100996710639393], [72.69124645147943, 23.100994231715333], [72.69125406805668, 23.100982578493774], [72.69125622478391, 23.100979276833836], [72.6912567669546, 23.100978447851286], [72.69126367999364, 23.100967871332116], [72.69126541075809, 23.100965223401925], [72.69127272669905, 23.10095402892777], [72.69127280289086, 23.100953910870146], [72.69127643777114, 23.100948351213564], [72.69127760643362, 23.10094655635037], [72.691293719406, 23.100921908543814], [72.69129536708296, 23.10091881159755], [72.69129550726063, 23.100918547316187], [72.69129773375134, 23.100914361910554], [72.69131730724585, 23.100877570317877], [72.69132049371649, 23.10087157977205], [72.69133450599521, 23.100845243639498], [72.69134338661243, 23.100828556715015], [72.69135310215991, 23.100810300262292], [72.6913581391027, 23.100800824813675], [72.69137054310362, 23.100777506752095], [72.69137994821457, 23.100759825366644], [72.69138073371593, 23.10075834991197], [72.69138159085439, 23.10075673737367], [72.69138976964325, 23.10074136913078], [72.69147662475761, 23.100578087972945], [72.69148312857976, 23.10055736585562], [72.69157365672636, 23.10026891508975], [72.69159944774223, 23.100220998651988], [72.69168924901129, 23.1000541554624], [72.69173535457162, 23.09996849576729], [72.69176184835855, 23.09981729403411], [72.69176992584602, 23.099771194006465], [72.69177161401434, 23.09976155940444], [72.6917999797388, 23.099599672148067], [72.69188365809818, 23.09931111004852], [72.69204062941799, 23.09876979223983], [72.69205660763367, 23.09871469013881], [72.69210702907743, 23.098540808165165], [72.69215042214512, 23.098391164372845], [72.6922611256815, 23.09800939613365], [72.6924009070622, 23.097677454579443], [72.6924221414689, 23.09762702916803], [72.692434167947, 23.097581569143316], [72.69246390931752, 23.097473075763702], [72.69260641232925, 23.097286839746577], [72.69270834113155, 23.097153628970318], [72.69272155181487, 23.097121788162845], [72.6927511447866, 23.097050461766035], [72.69278799093773, 23.096961651707225], [72.69282720759912, 23.096867128019362], [72.69285954864098, 23.09678917713087], [72.69296180528616, 23.096542708127544], [72.69299818496394, 23.096455021511492], [72.693195457883, 23.095979532704636], [72.69337160333355, 23.09555496273653], [72.69340714372014, 23.09546929867827], [72.69340871319515, 23.09546551621704], [72.6934784401294, 23.095297450040437], [72.69352052701042, 23.095196004571168], [72.69360762576564, 23.09498606284583], [72.69373902120515, 23.094721595048565], [72.69388762742507, 23.09442248626422], [72.69408184131917, 23.09403157465278], [72.69414419388792, 23.09390607228421], [72.69422856464567, 23.093752226916653], [72.69423038694191, 23.093748266669945], [72.69425604131165, 23.09371913358978], [72.69003057451586, 23.0908940065754], [72.68991457001685, 23.090816443603263], [72.68979839429278, 23.090741025862467], [72.68905398462826, 23.090258712916192], [72.68879266757853, 23.090087664897272], [72.68848599772008, 23.08988693016712], [72.68801366233355, 23.089579595273662], [72.68792059400288, 23.089519037549117], [72.68748294692607, 23.089226456781756], [72.68739550130118, 23.08916799625446], [72.68715085309192, 23.08900444055812], [72.6869971250626, 23.0889016659015], [72.68655185980282, 23.08861431314879], [72.68629765479199, 23.08845025866144], [72.686289692856, 23.088445120459593], [72.68622674544412, 23.088404496167474], [72.68603700776323, 23.08827896714364], [72.68583553692652, 23.088145673165254], [72.68577351893491, 23.088104643426526], [72.68574295056587, 23.088084555272463], [72.68569596752266, 23.088053680587837], [72.68567237903422, 23.088038179072957], [72.68563546390534, 23.088013918896817], [72.68547186553175, 23.087906408226868], [72.68525841853702, 23.087766139726373], [72.68509202228653, 23.087656790152685], [72.6850231795365, 23.08761154861038], [72.68484878905069, 23.087507915585977], [72.68469236878241, 23.087414960914813], [72.6844587183339, 23.08727611134293], [72.68414750263598, 23.087117717676524], [72.68399265496676, 23.087038908259654], [72.68367892102039, 23.08689854222], [72.68364589569988, 23.0868837677536], [72.6833370743646, 23.086745599309747], [72.6833651727611, 23.086691553582952], [72.68339824616763, 23.086627938743696], [72.6835515323847, 23.086421892326985], [72.68367108947156, 23.086255481147656], [72.68382057311595, 23.086090465058312], [72.68388879060505, 23.086031732695844], [72.68422650552083, 23.085740979442775], [72.68447778824483, 23.08554162396853], [72.68460386365386, 23.08541657278134], [72.68504288843464, 23.085395456675325], [72.6852358633294, 23.08541234525405], [72.6858033537102, 23.085496268921], [72.68589542014314, 23.08551015969555], [72.6859082830468, 23.085446329198245], [72.68599361665201, 23.08502286674932], [72.68606288605754, 23.084677314250296], [72.68612014375736, 23.084207970391866], [72.68618686847972, 23.083884799327485], [72.6862007816084, 23.083887040919375], [72.6862357897022, 23.08389268205144], [72.68623104297335, 23.08380390844777], [72.68622601186009, 23.083709802221986], [72.68625917449936, 23.083582491153614], [72.6862836275868, 23.083360698527134], [72.68631214916238, 23.083180432116222], [72.68632819991493, 23.083042889529022], [72.6864002228363, 23.082793310886437], [72.68649695471312, 23.082511904167273], [72.68651101352445, 23.082485450761016], [72.68660313995679, 23.082261674897985], [72.68708775786563, 23.08088619713874], [72.6871517009579, 23.080770564164975], [72.6871714376945, 23.07997934980126], [72.68727390888841, 23.079120910591328], [72.68761062774526, 23.0783785308703], [72.68743938472267, 23.07744704806667], [72.6875174738258, 23.077221262694298], [72.68781462481863, 23.077093637796125], [72.68824423754118, 23.07710692052826], [72.68866491169773, 23.077132731544747], [72.68899560005289, 23.07714278379338], [72.6894514058567, 23.0771809853562], [72.6895724653354, 23.076925729159836], [72.69057686514515, 23.077018687353597], [72.69084166814788, 23.077053492643707], [72.6909902757853, 23.077059488384627], [72.69110132486699, 23.077058029990994], [72.69116889282729, 23.077057143722133], [72.69140370331365, 23.077062069320906], [72.69166957131301, 23.07705019110486], [72.69170410354009, 23.07704510202037], [72.69170586222434, 23.07702954136385], [72.69179380626727, 23.077024502671104], [72.69187575309786, 23.07701980781482], [72.6928746958955, 23.076962576142257], [72.69291866792736, 23.076960055118857], [72.69346530028751, 23.076928734639182], [72.69404353117295, 23.076895602195567], [72.69559553034739, 23.07722352952458], [72.69565248389182, 23.07724284606817], [72.69570065000428, 23.077087092764298], [72.69646983918163, 23.077173561102683], [72.69684754684204, 23.07722468525892], [72.69720490915323, 23.077292731437787], [72.69765911967131, 23.07737937793449], [72.69824454195619, 23.077493017388385], [72.69854899537461, 23.07750392579291], [72.69919563127561, 23.07754760367532], [72.69937071647792, 23.07756914850673], [72.6993834920491, 23.077560292826664], [72.69941283298759, 23.077539955280997], [72.6994383567955, 23.077523791864024], [72.69952244279769, 23.077237247710304], [72.6995981539638, 23.07700954247316], [72.69978705919604, 23.0765008701791], [72.69987405359761, 23.07628725973973], [72.70000780763822, 23.075875543730017], [72.70004547011433, 23.075762208601542], [72.70015755339901, 23.075420376178034], [72.70028342028876, 23.07509681718492], [72.70030939868032, 23.075030035890848], [72.70035356210386, 23.074915961105887], [72.70041648302539, 23.07473819945261], [72.70044488574071, 23.074646885650587], [72.70051351355885, 23.07449787185714], [72.70065124741765, 23.074232338503563], [72.70074242597379, 23.074061799946353], [72.70079830328343, 23.073942416262092], [72.70084642711736, 23.073812412541866], [72.70087909185938, 23.073708222227747], [72.70092534432489, 23.07351416438821], [72.70094581379853, 23.073428277417037], [72.70099430187736, 23.073251584600126], [72.70105154136508, 23.07308080629024], [72.70052435606057, 23.072926920497284], [72.70033136451175, 23.072859136397856], [72.69996461933796, 23.072703081746944], [72.69969425526874, 23.072594079014657], [72.69949901698008, 23.072510440961207], [72.69911972110161, 23.07239168888142], [72.69850718112524, 23.072274421299394], [72.69805298408727, 23.07221016772674], [72.69790837520512, 23.07225348382096], [72.69708541984774, 23.07209672883182], [72.69707918947651, 23.072095077893806], [72.69704172574656, 23.072077698368492], [72.69703346482342, 23.072062528671974], [72.6969657073746, 23.07187235217768], [72.6967222445536, 23.071736187116834], [72.69663303261042, 23.07168440441026], [72.69644596399104, 23.07153884685771], [72.69643312258003, 23.07152885575188], [72.69631766697205, 23.07142891879083], [72.696121009325, 23.071264639935993], [72.69606010219943, 23.071240700439095], [72.69577514954953, 23.07121390756263], [72.69573533160612, 23.071210164011905], [72.69562427301705, 23.07119928330716], [72.69528926998038, 23.07115793067606], [72.69500734890883, 23.07115595062714], [72.69492945940753, 23.071153060536318], [72.69485685670749, 23.07115107456141], [72.69455917615419, 23.071142930313634], [72.69432033805232, 23.07115979246562], [72.69430765737089, 23.071159327461594], [72.69407855303879, 23.071152918353114], [72.693894132391, 23.071143058941598], [72.69373621444845, 23.07111160883539], [72.69367614287935, 23.071095577671183], [72.69334384369844, 23.070980336147397], [72.6933085771998, 23.07096810509373], [72.69325476593495, 23.07095374425349], [72.69292175895072, 23.0708648757296], [72.6925771897923, 23.070785047332013], [72.69214054908231, 23.070688467903047], [72.6919402577717, 23.070625345083187], [72.69182049401832, 23.0705633989287], [72.69166199234188, 23.07046956930818], [72.69123116649715, 23.070282041497205], [72.69117657526068, 23.070260990379573], [72.69079317013731, 23.07011314587653], [72.6903628673566, 23.070106670556406], [72.69015926590885, 23.0700299728606], [72.69000763987577, 23.07001697824148], [72.6896505154327, 23.06998637254926], [72.68936413382428, 23.069961829772865], [72.68917702749326, 23.069882652874096], [72.68905379314984, 23.06984263050874], [72.68898082202516, 23.069822810224014], [72.68872590254796, 23.069753571029725], [72.68714756345851, 23.069385760626364], [72.68714466538101, 23.069385085308358], [72.68705218449645, 23.069363533046758], [72.68441092136193, 23.068798757747743], [72.68430720708174, 23.068806882027385], [72.68374226139898, 23.068851144122267], [72.683533283092, 23.068867517957948], [72.6829905061407, 23.06891003951104], [72.68276105948455, 23.06891431216343], [72.68264293854594, 23.068916513623734], [72.68257446781257, 23.068912483646006], [72.68161501470674, 23.06885600666736], [72.68101571347695, 23.068820726205264], [72.68101208160166, 23.06882051217867], [72.68101020682671, 23.068820592991013], [72.6810084440147, 23.068820631208986], [72.68006139642858, 23.068851732648273], [72.68005918370491, 23.06885183376426], [72.6800569757192, 23.068851999952876], [72.68005477353977, 23.068852225812893], [72.6800525819666, 23.068852515928917], [72.67992644833768, 23.06887105155894], [72.67954279832699, 23.0689274293614], [72.6790720059523, 23.069000931486087], [72.67848090203287, 23.0690932146942], [72.67783755274176, 23.069193653667007], [72.67741900472144, 23.069258995388303], [72.67679572215435, 23.069356297085687], [72.6766170784593, 23.069384185426838], [72.67635710546404, 23.069424768721422], [72.67544306636283, 23.069496626770494], [72.67534384830314, 23.069504426653584], [72.67433058861111, 23.069584077952836], [72.6742923890145, 23.06958708068248], [72.6733173292992, 23.06966372356475], [72.67295436575723, 23.069696686268866], [72.67283309557536, 23.069715856534156], [72.67248179562553, 23.069771383460758], [72.66973332773571, 23.070220026407892], [72.66930025938964, 23.070309250555283], [72.66881854096503, 23.07044662115827], [72.66845263054672, 23.070537736067678], [72.6680096433224, 23.070674818188014], [72.66766705390872, 23.070775316329048], [72.6673631967607, 23.070875527189937], [72.66703089348175, 23.070971168796582], [72.66678599332761, 23.071020765506216], [72.66659767602475, 23.071043661102806], [72.66609715644381, 23.071097532874127], [72.66563026673788, 23.071158324538125], [72.66552387280692, 23.07117392250329], [72.66518407511136, 23.071223739849156], [72.66497293431091, 23.071262833779784], [72.66392637926505, 23.07142306218636], [72.66354848342286, 23.071479578207356], [72.66334531540463, 23.071588805481877], [72.66299620378963, 23.071274858914357], [72.66291053603226, 23.071104294001792], [72.66280771311007, 23.07085894169294], [72.66274290539707, 23.070529680284054], [72.6627323833381, 23.06966603318587], [72.66274633277672, 23.069306086028185], [72.66270117787772, 23.069099972875847], [72.66261305760644, 23.068990036977308], [72.66233572676902, 23.068846410057663], [72.66173489714154, 23.068538451522855], [72.66143180985813, 23.068373588668127], [72.66122770190772, 23.068295567162235], [72.66093751884226, 23.068220492265358], [72.66117605712215, 23.068080770083114], [72.66128315541643, 23.06783977846301], [72.661606216606, 23.067764014581517], [72.66164853386246, 23.06775408991024], [72.66180454027224, 23.067311183874324], [72.66182107024503, 23.067264255725473], [72.66193924131449, 23.066928764838888], [72.66199925695797, 23.066797701741486], [72.66201259590164, 23.066768571319354], [72.66204641973601, 23.066542014626002], [72.66204759600215, 23.066534137843874], [72.66204633244209, 23.06634806121826], [72.6620427237239, 23.065816605115398], [72.66205008740413, 23.065763769565002], [72.66215917853191, 23.064981007904315], [72.66216026112797, 23.064973242583974], [72.6621734456061, 23.064878638766526], [72.66218855073556, 23.064343100729353], [72.66219977676124, 23.0639450975316], [72.66222261358551, 23.06321085277843], [72.66215189749104, 23.063217527112734], [72.66161477805186, 23.063268224904316], [72.66160180970361, 23.063269448549086], [72.66151038134096, 23.06327807753896], [72.66149335708171, 23.063278343738315], [72.66149320204829, 23.06322540412535], [72.6614929374421, 23.063135292290465], [72.66149251642204, 23.062991699132514], [72.66149237855157, 23.06294448179833], [72.66149210223726, 23.06285036220237], [72.66149168750069, 23.06270899998323], [72.66149160806506, 23.062682048044895], [72.66149124821911, 23.062559406455904], [72.66149108363925, 23.062503123582506], [72.66149105828659, 23.0624944318299], [72.66149083110322, 23.06241688227745], [72.66149160179052, 23.06237591592241], [72.66149160330411, 23.062375828371984], [72.6614916975548, 23.062370828185067], [72.66149197825457, 23.062355889887964], [72.66149407872527, 23.062244213261813], [72.66149569696624, 23.062158172084246], [72.6614963791359, 23.06212187376473], [72.6614966293103, 23.062108588065325], [72.66149953035256, 23.061954326777663], [72.66150076268184, 23.06188880081725], [72.6615011717565, 23.06186705721172], [72.66150693441642, 23.06183289070249], [72.66150953804227, 23.06181745142156], [72.66152497362177, 23.061725933368518], [72.66152498017641, 23.06172589283897], [72.661533842064, 23.06167335301777], [72.66153416381859, 23.061671446525907], [72.66157058555986, 23.061455497465023], [72.66157115845606, 23.061452100535202], [72.66157869089177, 23.06140743793255], [72.66160001177988, 23.06128102568739], [72.66161461785394, 23.061194420178058], [72.66161716916785, 23.061179296102853], [72.66162659412613, 23.06112341426446], [72.66166111635081, 23.060918726709914], [72.66166388732216, 23.060902295902515], [72.66166795077727, 23.06087820399598], [72.66167252408998, 23.060828905877436], [72.66167829898342, 23.060766650315934], [72.6616853315625, 23.060690844090384], [72.6616891409554, 23.060649784567257], [72.66168989764627, 23.060641624407243], [72.66172134478401, 23.060302627667724], [72.66175399543185, 23.059950659940554], [72.66177032538775, 23.05977462828471], [72.66120285761563, 23.059769508744655], [72.66113629072858, 23.059768907909483], [72.6611364439283, 23.059760780348682], [72.6611401003932, 23.059567062874127], [72.66114050610476, 23.059545571102607], [72.6611435212172, 23.05938578808351], [72.66114514365523, 23.059299843559415], [72.66114572591663, 23.059268985912382], [72.66114646734127, 23.05922971189207], [72.66115002459462, 23.05904121931923], [72.6611515380322, 23.058961070139002], [72.66115194351245, 23.058939591001792], [72.6611533831035, 23.058863261431288], [72.66114821902649, 23.058863487428056], [72.66033975481511, 23.058865895577462], [72.66007105421195, 23.058866694890522], [72.65998181209028, 23.058863153158793], [72.65979084352583, 23.058897809422202], [72.65972980452325, 23.059060858704523], [72.65949403243903, 23.05926868468241], [72.65935863872198, 23.058901393936694], [72.65914277443922, 23.058333509515236], [72.65899953260585, 23.057839794369997], [72.65887267912659, 23.057383584627182], [72.65878515453167, 23.0570712798729], [72.658750922732, 23.056957669265763], [72.65862138014762, 23.05650443222845], [72.65855177365182, 23.0562755193103], [72.65841397368793, 23.055773285173625], [72.65830667526326, 23.055410405105132], [72.65821585320228, 23.055104646317854], [72.65812706949089, 23.054735416627125], [72.6580851778194, 23.054254683122718], [72.65804956751782, 23.053621165037008], [72.65803561987289, 23.0530846961482], [72.65800593456555, 23.05233898308552], [72.65795986505914, 23.05158538396161], [72.65789071548511, 23.05113213787294], [72.65778197617118, 23.05049376481252], [72.65764653116541, 23.049820389304845], [72.65724843156138, 23.049871719606994], [72.6570063154769, 23.04989769025701], [72.65671638774539, 23.049927132554497], [72.65651303811474, 23.049950333204563], [72.65633317111582, 23.049970119808012], [72.65601063761024, 23.05000056960546], [72.65558984642661, 23.050040907723133], [72.65534103390053, 23.050062297591637], [72.6549203103948, 23.050102374890383], [72.65319715874747, 23.05028833041373], [72.6525438831205, 23.0503657124016], [72.65255458662604, 23.05018355707646], [72.65255767779902, 23.04998294538678], [72.65255850077855, 23.04992953293708], [72.65256220291401, 23.049915536593993], [72.65256305796417, 23.049912304595797], [72.65256400700801, 23.049908715578212], [72.65256709001265, 23.049897060955573], [72.65257142904552, 23.049880654541774], [72.65257482320148, 23.049867821859568], [72.65258137036989, 23.049843066556612], [72.65266169524455, 23.04971244395335], [72.65271624125508, 23.04962374229464], [72.65280177900875, 23.049484641994304], [72.65284684215969, 23.04941136207946], [72.65286671396495, 23.04937904589607], [72.6528881718708, 23.049344151366043], [72.65294214126713, 23.049237262961938], [72.65296991341539, 23.049182260006138], [72.65298567454896, 23.049151043771584], [72.65302054074738, 23.049081989186636], [72.65307364614799, 23.04897681135475], [72.65308028659345, 23.048963659417986], [72.65315121388745, 23.048823182698392], [72.65319725536169, 23.048731994589275], [72.65319964056421, 23.048727271293707], [72.65321373770094, 23.048699349952805], [72.65321639768644, 23.048694082731203], [72.65323718419867, 23.048661325954104], [72.65325326076149, 23.048635991661197], [72.6532559487129, 23.048631755863273], [72.65327429998179, 23.048602837782326], [72.65330070508489, 23.04856122659823], [72.653303182681, 23.048558545023646], [72.65330348194608, 23.048558220844168], [72.65330137204865, 23.048557700193374], [72.65280195874364, 23.048455250747683], [72.6527681444646, 23.048440416456884], [72.65274541730186, 23.048411414709314], [72.65275342541248, 23.04803889788186], [72.65278219205912, 23.04745170765248], [72.65281093406189, 23.047455241057847], [72.65299204908713, 23.047396544019016], [72.65334527635721, 23.04746079559477], [72.65370668458604, 23.047517756674957], [72.65417238605455, 23.04756222167319], [72.6542569438078, 23.04726383644659], [72.65425804423944, 23.047259951732727], [72.65425826964196, 23.047246944670974], [72.6542587103737, 23.04722151180808], [72.65425891735067, 23.04720956798398], [72.65425913496335, 23.047197010406332], [72.6542592049097, 23.047192974074317], [72.6542595392818, 23.047173678746532], [72.6542598269028, 23.04715708122647], [72.65426071084815, 23.047106071989933], [72.6542608169402, 23.047099949798447], [72.65425223669324, 23.0470801484035], [72.65423591010666, 23.047042471045057], [72.6542313390196, 23.047031923375943], [72.65422324937471, 23.047013254163346], [72.65421862484006, 23.047002582015665], [72.65421426540175, 23.046995583728357], [72.65420436100186, 23.046979686295177], [72.6542018799305, 23.04697570328631], [72.65415060018208, 23.046893392213633], [72.65412521614276, 23.04685264628288], [72.65408885995282, 23.04679428887527], [72.65408165025515, 23.04677601550925], [72.65406037261886, 23.04672208176951], [72.65405073791574, 23.046682067935564], [72.65404968499789, 23.046677694440156], [72.65404281686929, 23.04664916930907], [72.65403764607596, 23.04657691283903], [72.65403625638939, 23.046480852101944], [72.65403329066412, 23.04627584023472], [72.65403272651997, 23.046236845781422], [72.65402741270937, 23.04607309182177], [72.65402734647238, 23.046071059514272], [72.65402597739255, 23.0460288625798], [72.65402519214582, 23.04600465288584], [72.65402316483625, 23.045942175369476], [72.6540213225599, 23.045885401849695], [72.65401210092979, 23.045740436965346], [72.6540103466509, 23.045712867974157], [72.65400007568495, 23.045672306620023], [72.653971992944, 23.0455613984007], [72.65396682769278, 23.045544721753462], [72.65393455389433, 23.045440522406647], [72.65391423658998, 23.045374925955638], [72.6538961589634, 23.045332813257524], [72.65384357839021, 23.045210321277423], [72.65381245954121, 23.045137826814145], [72.65373989562885, 23.044966170850348], [72.65371171560277, 23.04489950701211], [72.65371032866518, 23.04489622637522], [72.65363940122619, 23.044728438837613], [72.65362765543573, 23.044700652918518], [72.65361584688672, 23.044672717103445], [72.65361375426944, 23.044667769333003], [72.65361022414994, 23.044659419197785], [72.65360180514277, 23.044639501904502], [72.65359139662654, 23.044614879421253], [72.65356813657901, 23.044559853603534], [72.65356713387055, 23.044557481480116], [72.65356291589993, 23.044547505102187], [72.65347803127604, 23.044347330539832], [72.65342197774751, 23.044215144884195], [72.65341677429309, 23.044202873373965], [72.65337012380965, 23.044089779096712], [72.65334288437279, 23.044023743085628], [72.65333030573677, 23.043993247188205], [72.65332171993097, 23.0439724327225], [72.6533058945818, 23.04393406667233], [72.65328902188631, 23.04390035079823], [72.65328198710705, 23.043886294325016], [72.65322832833084, 23.043779069872457], [72.65313825874995, 23.043621661985192], [72.65311126140311, 23.04357448022589], [72.65309647471432, 23.043550317250542], [72.65292542681316, 23.04327080890244], [72.65292322811489, 23.043267649823676], [72.65287931607664, 23.043204554929645], [72.65280852961473, 23.04310284411221], [72.65274528888645, 23.04301019487465], [72.65273755478285, 23.0430008632401], [72.65270044742694, 23.042947544767465], [72.65261676417192, 23.042827303585558], [72.65249993529432, 23.042659435322957], [72.65248441129069, 23.042637130170533], [72.6524532377082, 23.042592336532255], [72.65240660636859, 23.0425117426007], [72.65227900457943, 23.042291204059072], [72.65227384934258, 23.042282293497113], [72.6522709236667, 23.042277235837883], [72.65226566329073, 23.042268144054983], [72.65226035460104, 23.0422589693987], [72.65225656415913, 23.042252419190003], [72.65224973154422, 23.042240610070444], [72.65224711955533, 23.0422337207532], [72.65223247761897, 23.042195094132413], [72.65221806330975, 23.042157067648972], [72.65221564256699, 23.04215068223146], [72.65220190846837, 23.042090474769545], [72.65218151834944, 23.04197345209819], [72.65211495048271, 23.041591395293086], [72.65211002906568, 23.04156315180696], [72.65210588822784, 23.04145467631853], [72.65210959877324, 23.041444961213028], [72.65211415343127, 23.04143303502201], [72.65216989662437, 23.041287070438802], [72.65221582870593, 23.04117819744159], [72.65222343318759, 23.041160172010887], [72.65222827870973, 23.041148685289187], [72.65223658943746, 23.041142250696453], [72.6522412564927, 23.041138637442707], [72.65225101281254, 23.04113108406785], [72.65229876802454, 23.041094112664787], [72.6524772311588, 23.04095594605349], [72.65251153588784, 23.040929387384587], [72.65253422594131, 23.04090492590752], [72.65256703680352, 23.040869552569152], [72.65257432147872, 23.040861698849945], [72.65257463812341, 23.040859133249693], [72.65258644015914, 23.040763454374062], [72.65258947292988, 23.040738868924755], [72.65259781771704, 23.04067121431831], [72.65259939087379, 23.040658460197182], [72.6526028503402, 23.04063041880367], [72.6526018734688, 23.040559539976442], [72.65260184756181, 23.04055765813419], [72.65259944097869, 23.040383049499564], [72.65259926723175, 23.04037045090421], [72.65258123081148, 23.040331023677012], [72.65243149152887, 23.04024237053918], [72.65239189677332, 23.04021682889269], [72.65228129160135, 23.040164093655914], [72.65188853461024, 23.040085405642287], [72.65163466859919, 23.040079246014397], [72.65149415973636, 23.04002556318751], [72.65134963875141, 23.039965131717622], [72.65120212088951, 23.039898923657624], [72.65107582080856, 23.03984449550315], [72.650955168741, 23.039791824081867], [72.65078691966885, 23.039715513038626], [72.65060713407064, 23.0396347321113], [72.65040045431044, 23.03954208471109], [72.65003406738495, 23.039371819466655], [72.64991040684944, 23.03931408566843], [72.6496913500813, 23.03922598955842], [72.64961460457626, 23.03921016533541], [72.6488791985662, 23.03909422848918], [72.64875162356724, 23.0390741161633], [72.64861856259276, 23.03905326489968], [72.64835413159675, 23.03901182734321], [72.64834513764387, 23.039008058853415], [72.64785764068523, 23.038803781424704], [72.6475008468167, 23.038654271697826], [72.64731312364526, 23.038575608994208], [72.64720868235948, 23.038533870774803], [72.64708723551993, 23.038485335854404], [72.64695300790615, 23.038431693934676], [72.6467890284839, 23.03840070652905], [72.64642398858994, 23.038331724144015], [72.64632118514972, 23.038312296469737], [72.64630816809347, 23.038309836635452], [72.64629453459067, 23.03830726109158], [72.64627646647823, 23.038306259929474], [72.64626377885128, 23.0383055564436], [72.64598568502359, 23.038290141839237], [72.64559585761947, 23.03826853260568], [72.64541259031138, 23.038258373246663], [72.64541198933759, 23.038274872135283], [72.64541006181608, 23.038327775947078], [72.64540931305245, 23.03834834249157], [72.64451413798504, 23.03836999204779], [72.64444311519276, 23.038371709127468], [72.64405577274091, 23.038399326166605], [72.64389574090795, 23.03841073537085], [72.64381344732857, 23.03841660232799], [72.64366267650351, 23.038427352130796], [72.64276110055303, 23.038451003435494], [72.64253888886068, 23.038456831997642], [72.64252858986556, 23.038457101844543], [72.64251496294021, 23.038457459293866], [72.64250746534228, 23.038460037858382], [72.64250565080903, 23.03846066172478], [72.64225687886461, 23.03854620344796], [72.64183540940468, 23.038691126736456], [72.64164319314236, 23.038785313940004], [72.64105979374759, 23.038883900683253], [72.64095202749687, 23.038902111996627], [72.6406429013721, 23.03893133265844], [72.64063916201096, 23.038931686728457], [72.64061457474129, 23.038933092009742], [72.64033505167562, 23.038874644549775], [72.6403175515695, 23.03887726781879], [72.64030857862753, 23.03877641331992], [72.64027452817164, 23.03839367898664], [72.64025081668582, 23.03816222045181], [72.64016338365259, 23.037585996361944], [72.64015817414435, 23.03755411367551], [72.64012291390799, 23.037355924469832], [72.64010164277204, 23.037188875074676], [72.64008597742159, 23.037105756497482], [72.64001760987503, 23.03677091832733], [72.63997348549256, 23.036600066452344], [72.63996126999885, 23.03656047124666], [72.63987314779875, 23.036082888118536], [72.63986118634512, 23.036024072362], [72.63973476464382, 23.035355022000644], [72.63964630129125, 23.034919920625963], [72.63945760590157, 23.033971480125228], [72.63932713313643, 23.033264429590062], [72.63931081166828, 23.032980564188815], [72.6392937327237, 23.032716599751037], [72.63926402956865, 23.032376071307848], [72.63924208330143, 23.03221492242346], [72.63921585279566, 23.032076226449423], [72.63917225697561, 23.03160118472852], [72.63912073803559, 23.03103042392234], [72.63907816897532, 23.03057864925437], [72.6390679491349, 23.03047814262145], [72.63906217778612, 23.030408948500323], [72.63899395686528, 23.029672641820508], [72.63899243102647, 23.029657937616324], [72.63898994890859, 23.02962937370892], [72.63896792377398, 23.029375946950065], [72.63893836063677, 23.029073099115557], [72.63891557705062, 23.02882553016391], [72.63888985966949, 23.02856860226016], [72.63886631436705, 23.028320306003486], [72.63884605151956, 23.028061309942764], [72.63884363147373, 23.027882596829066], [72.63882907499955, 23.027677992424852], [72.63879781459417, 23.02733928866389], [72.6387835027507, 23.027190614012294], [72.6387647554523, 23.027099608471687], [72.63873780592085, 23.02690825278715], [72.6381457755091, 23.026688431921865], [72.63797840388223, 23.026629798742192], [72.63770275266725, 23.02652774560243], [72.63750920722205, 23.02645319458034], [72.63729459426003, 23.02636578775877], [72.63721326991508, 23.026330534436543], [72.63700975817213, 23.02623552986922], [72.63676535140654, 23.026117818784538], [72.63643205757276, 23.025954589504934], [72.63631050492666, 23.025895444939497], [72.63608984940846, 23.02578465663452], [72.63580748455219, 23.025645117622727], [72.63557679971129, 23.0255323875786], [72.63535528466623, 23.02542660145573], [72.63520245577335, 23.02535552290085], [72.63496329464809, 23.025240515719393], [72.63484163340922, 23.025180293242027], [72.63472832260864, 23.025129511584595], [72.63458587610778, 23.025062529373944], [72.63431794680366, 23.024932399733054], [72.63416245492874, 23.024858772424913], [72.63397027286925, 23.02476544677903], [72.63380697675613, 23.024688000008037], [72.63367138564273, 23.02462004434478], [72.63337497920129, 23.024480410403388], [72.63318253808204, 23.02438723888546], [72.63306420840992, 23.024335784264988], [72.63283006595222, 23.02423973582914], [72.63282488673589, 23.02423761166488], [72.6327066673044, 23.024187232779383], [72.6326029633526, 23.02414066060745], [72.6326943174274, 23.02371071810178], [72.63222999019978, 23.0237897891854], [72.63182388494884, 23.023858236064637], [72.63166949023558, 23.023818817454767], [72.63110821063174, 23.023698711624746], [72.63084474000293, 23.023742055357665], [72.63059579044376, 23.023678132118672], [72.63047492233807, 23.02363751640619], [72.63047193944745, 23.023636802745926], [72.63046598396254, 23.02363467500491], [72.63007992214031, 23.023502917905986], [72.6298649798071, 23.02342755990527], [72.62975928133415, 23.02339122726035], [72.6293910284867, 23.023269999376108], [72.62915791255142, 23.0231837908744], [72.62913082109502, 23.02317434687409], [72.62892923702132, 23.023102531861575], [72.62877640560434, 23.023046734576734], [72.62825287892323, 23.022852130510824], [72.6281417163466, 23.022812347464665], [72.62797813980949, 23.022751603486768], [72.62777989020786, 23.022674031174887], [72.62764430960509, 23.022624224345414], [72.62752190453028, 23.022577302654025], [72.62741774640841, 23.022538416839797], [72.62719567623991, 23.022455438994825], [72.62710706038447, 23.022420304338414], [72.62708052898657, 23.02241003151047], [72.62700327907098, 23.02238275193884], [72.62696381003627, 23.022368940132782], [72.6269604417356, 23.022367624778926], [72.62685500515143, 23.022326461530767], [72.6268309780247, 23.02231710826937], [72.62649756034516, 23.0221909220208], [72.62629082725707, 23.022115557105785], [72.62620261119005, 23.02208268406911], [72.62589526627889, 23.021980985423074], [72.6258350104894, 23.021961504160505], [72.62577316758139, 23.021942704142223], [72.62562836950514, 23.02189868602263], [72.62551828699903, 23.02186243023813], [72.62541591817974, 23.02183243643549], [72.6252758137746, 23.021786859813606], [72.62504022908591, 23.021711663295203], [72.62478043486304, 23.021633714128676], [72.6246384402012, 23.02159317329359], [72.62425585456755, 23.02145094089771], [72.62387137312109, 23.02131920127933], [72.62361585825995, 23.02139684614005], [72.62336451339281, 23.021461607074567], [72.623082217742, 23.02155176502345], [72.62287322198938, 23.021623270700914], [72.6227465390053, 23.021673320344078], [72.62241814204536, 23.02179374481089], [72.62223244845984, 23.021844145712013], [72.62177430070639, 23.02195191481823], [72.62137307955956, 23.022050983331262], [72.62097101071315, 23.02213952765848], [72.62077093329731, 23.0221881133937], [72.62057117342285, 23.02221855018109], [72.62044089228539, 23.022230922358077], [72.62033759293406, 23.022235101178552], [72.62011137113264, 23.02224411854905], [72.61989563558619, 23.02224373906544], [72.6196401299985, 23.022230247161247], [72.61961969465139, 23.022229728396827], [72.61936645866011, 23.022223296677993], [72.61897454944852, 23.022217975002942], [72.61851764442625, 23.022225149008037], [72.61796045873275, 23.0222119829135], [72.61732543377063, 23.022193341501655], [72.61681321242715, 23.0221987628272], [72.61646758261992, 23.022188778584333], [72.61618568112665, 23.022186919459163], [72.61595026163982, 23.022183371579818], [72.61564773090718, 23.022180602935517], [72.61534255808309, 23.022181377077924], [72.61509223963112, 23.022181186512523], [72.61484766390849, 23.02218466443188], [72.61456250655414, 23.02218454536521], [72.6143598656138, 23.022188058149993], [72.61428598943785, 23.022184674359483], [72.614090733429, 23.022180291287142], [72.61402195438028, 23.0221720929106], [72.6141125011806, 23.022276648102284], [72.61430013117344, 23.022502816843165], [72.61444633227025, 23.0227002945221], [72.61462388457775, 23.02297597011261], [72.61460776510293, 23.023120247374138], [72.61459713468325, 23.02327656221875], [72.61459670970842, 23.023282807665954], [72.61459134757962, 23.023304838060287], [72.61454809997889, 23.023516119710578], [72.61449398043096, 23.023790476356943], [72.61444248503666, 23.024047673392126], [72.61440672521775, 23.024261256258857], [72.61440650570272, 23.024262866242616], [72.61440610311706, 23.024264570064343], [72.61437326506041, 23.0244394427018], [72.61432524514586, 23.024601744232285], [72.61428084209352, 23.02469793445994], [72.61424216007573, 23.024769607096054], [72.61410715344392, 23.024962245729895], [72.61395345652898, 23.025190431479363], [72.6138368771411, 23.025362447202422], [72.6137182051035, 23.02554338877073], [72.61361162617602, 23.02569704245535], [72.61351813611424, 23.025840145773437], [72.61341655834846, 23.026002832274813], [72.6132632778401, 23.02593656809055], [72.61325615877993, 23.025935779053363], [72.61303465619899, 23.025911222534173], [72.61302613143663, 23.025910277756235], [72.61279968763408, 23.025897738364957], [72.61264105482174, 23.025893194484272], [72.61223595657741, 23.025859848434287], [72.61220029587497, 23.02585734920788], [72.6117583897467, 23.02583674892466], [72.61147620147881, 23.025830461879085], [72.61119912127596, 23.0258255614315], [72.61094073085596, 23.025814492347184], [72.61054839932477, 23.025803549873718], [72.61024426752466, 23.025796088626127], [72.61008295693632, 23.025791312142296], [72.60971698185608, 23.025793779614308], [72.60954862470676, 23.025908233529947], [72.60939750191612, 23.026026575156767], [72.60929161109323, 23.026104397781452], [72.60914727339626, 23.026192899685213], [72.60906527905466, 23.02628012392483], [72.60904965171339, 23.026263307908014], [72.60900073516841, 23.026223135369598], [72.60877109368109, 23.026095342861456], [72.6086089289013, 23.02597238277253], [72.60837625776138, 23.02580579519935], [72.608093539801, 23.02558029895218], [72.60779472404506, 23.02540652709393], [72.607359126159, 23.025174454382253], [72.60685488027981, 23.0248816890818], [72.60645844499773, 23.02463978119158], [72.60644995577935, 23.02463534190001], [72.60634995443402, 23.024836265965966], [72.60629778862385, 23.024940575847015], [72.60620277393915, 23.02507827695711], [72.60605333847349, 23.025254386912206], [72.60595096357653, 23.025352203979597], [72.60589202387423, 23.02538714181627], [72.60583571297123, 23.025419253059518], [72.60578478273104, 23.025439024229925], [72.60571277237686, 23.02545417719086], [72.60552512438659, 23.02547160869388], [72.60541932208388, 23.025477549748796], [72.60524013796996, 23.025503446317913], [72.60510324317067, 23.02553700852612], [72.60500822489674, 23.025566162633318], [72.60492690277106, 23.025603153559558], [72.60487666932116, 23.025671066340973], [72.60479263459915, 23.025826249148455], [72.60472137282814, 23.02598879168138], [72.60467720383133, 23.02611746282377], [72.60466338985363, 23.026173503768792], [72.60464817875541, 23.026224158270043], [72.60463658506582, 23.026317807868235], [72.60463588550863, 23.026335640922216], [72.6043463070649, 23.02643996628727], [72.60432575652219, 23.026449083750244], [72.60422969716839, 23.026494431155687], [72.60410635900222, 23.026567320161544], [72.6040069937425, 23.026637168712114], [72.60400497051646, 23.026638398356848], [72.60400223125816, 23.026640516333043], [72.60390480993773, 23.026715819124462], [72.60369091244047, 23.0269070953705], [72.60364125948436, 23.026857853322984], [72.6035701639678, 23.02680661440129], [72.60322305433289, 23.02660261997573], [72.6030069666626, 23.026585800685158], [72.60252587851475, 23.026493602464775], [72.6022780363569, 23.026446103451583], [72.60141678999125, 23.026320405549814], [72.60136474972892, 23.02631616136307], [72.60144498892879, 23.027381515123512], [72.60151592004836, 23.028189583664364], [72.60160615804395, 23.02960937024087], [72.60164849326262, 23.030053514361445], [72.60157180876682, 23.03110063044791], [72.60148493302178, 23.0318467456677], [72.60157520432259, 23.03316831895084], [72.60157607485357, 23.03317611599443], [72.6016431103868, 23.03357868933069], [72.60160791798097, 23.03422523614661], [72.60156642257239, 23.03459691652477], [72.60155910183157, 23.034652831601424], [72.60110767664867, 23.036357161628654], [72.60108356333077, 23.03644770648595], [72.60102076558172, 23.03668351603671], [72.60104908549448, 23.036690421429697], [72.60085097978782, 23.037179385893726], [72.60070832529398, 23.037531482120777], [72.60047833553209, 23.03809913286319], [72.60076018058989, 23.03810255168813], [72.60109863439072, 23.038097178164033], [72.60142082404728, 23.038121174918953], [72.60191425912886, 23.03823128008171], [72.6020884630309, 23.038330674127522], [72.60233818751222, 23.038445285991713], [72.60281144620149, 23.03875806448752], [72.60281961287521, 23.03876346150283], [72.60282944545041, 23.03876820849169], [72.60301308502669, 23.038871707012927], [72.60316853148, 23.038931909913057], [72.6035231365461, 23.039053092549178], [72.60532289717045, 23.039734969157646], [72.60586579881192, 23.039946703992477], [72.60641837215864, 23.040137085375083], [72.60714377694258, 23.040411050456502], [72.60802132754588, 23.040775450370916], [72.60843814573059, 23.04096040172898], [72.60920067750247, 23.04127577086851], [72.60961445609135, 23.041433945322147], [72.60980788248604, 23.041530027232128], [72.61006881955605, 23.041671178574703], [72.61013768151857, 23.041708428789573], [72.61038885330284, 23.04186700936441], [72.6109275263605, 23.042319438465167], [72.61132937030571, 23.04263276183723], [72.61148437475427, 23.042765890553095], [72.61215569093525, 23.04336630610623], [72.61370939656798, 23.0448214462425], [72.6141129990851, 23.04519064844064], [72.61484091879862, 23.04584656805258], [72.61555342624612, 23.046498669950882], [72.61641462407789, 23.04728199815352], [72.61782521565755, 23.04864521980132], [72.61796563800733, 23.048775752443134], [72.61834807845747, 23.049192205365213], [72.61868932229059, 23.04951408204501], [72.61895668560862, 23.04976605206294], [72.61919446347154, 23.049983179518243], [72.61937817178304, 23.050148614286424], [72.61949643762713, 23.050248569271197], [72.6196736084926, 23.05038954063936], [72.61991354604572, 23.050616015620076], [72.62009577130299, 23.050777843228456], [72.62026653517427, 23.050930899843365], [72.62053498093026, 23.051165685592395], [72.62070799242585, 23.051323075646405], [72.62094497627551, 23.051541621587752], [72.62113237098332, 23.05171785875513], [72.62140129103871, 23.051969848613428], [72.62171826710808, 23.052263407402556], [72.62195225831464, 23.052476174240773], [72.62213198905968, 23.05264799593574], [72.62232259678065, 23.052817830653098], [72.62260680312228, 23.053081514239345], [72.62279116840044, 23.053254120926287], [72.62303356532912, 23.053473462398262], [72.62321793168641, 23.053646068669032], [72.62342218828817, 23.053832589873817], [72.62359666733883, 23.053995014282314], [72.62369502564283, 23.054082485701013], [72.62380621716618, 23.054188780153687], [72.62397914926733, 23.05435118183596], [72.62411939545586, 23.054478694449834], [72.62426114041372, 23.05460909677106], [72.62444401135954, 23.054778812937467], [72.62463526108215, 23.054956537194137], [72.6247443213727, 23.05505205124157], [72.62492033887159, 23.055215214327152], [72.62509174993662, 23.055376158448194], [72.62563377421435, 23.055860849226278], [72.62648672269938, 23.056643055106004], [72.6267680519672, 23.05692778824848], [72.62666033227428, 23.056972645346143], [72.62656937074092, 23.057007705964423], [72.6265024694856, 23.05703237925624], [72.62641811695642, 23.057058581506865], [72.62633309873958, 23.057085968110147], [72.62617476906385, 23.05713554270408], [72.62605408827636, 23.057172545301558], [72.62596783190902, 23.057196927544577], [72.62578108375504, 23.057246591121284], [72.62558705104426, 23.057290446541757], [72.62529629789198, 23.05734719620869], [72.62516792253174, 23.057374834200296], [72.62511506809454, 23.05738598285537], [72.62508630967334, 23.057392000166317], [72.62505571974673, 23.057399422680184], [72.62501784987536, 23.057409841379563], [72.62497481003145, 23.057420659934746], [72.6249579478225, 23.057425422401806], [72.62491727192679, 23.057436849751156], [72.62488904439626, 23.05744502456382], [72.62484398942541, 23.057458870561465], [72.62481097262909, 23.05746926646707], [72.62475367267514, 23.057486004187318], [72.6247121892445, 23.057500303776116], [72.62468711797871, 23.057509635537475], [72.62462351792986, 23.057530237256547], [72.62451855147732, 23.05756902768424], [72.62445176371673, 23.057594537755538], [72.62438566148937, 23.05762184293251], [72.62437441524479, 23.057626028926705], [72.62427333050911, 23.057667993095166], [72.62422459278925, 23.057687265309465], [72.62417354371345, 23.057709488298816], [72.62411081387043, 23.05773541674249], [72.62403699648736, 23.057768046899113], [72.62397034296283, 23.057796902728395], [72.62389622889184, 23.057828035127837], [72.62378112264214, 23.057878257220086], [72.62370147259608, 23.057912291808787], [72.62357760907375, 23.057965068751614], [72.6234615517529, 23.058014380715143], [72.62335101453213, 23.05806168565084], [72.6232365588479, 23.05811161827746], [72.62305743248311, 23.058187749340348], [72.62299340133819, 23.058214255381685], [72.62291471225981, 23.058248602827472], [72.62279249910618, 23.058299313968128], [72.62258801599873, 23.058386377673855], [72.62230788851434, 23.058513987488276], [72.62214434721984, 23.05858820152393], [72.62197845822503, 23.05866381367942], [72.62180597568117, 23.058740043216527], [72.62163707773048, 23.05881059286163], [72.62152269398767, 23.05886369043513], [72.62138332273754, 23.058928594038942], [72.62128882603093, 23.058973750123318], [72.6211408558026, 23.059043181547935], [72.62101404675971, 23.059098241190377], [72.62086114513507, 23.059161866233723], [72.62075890567206, 23.059206904476596], [72.62065866522117, 23.059248391367976], [72.62048026858659, 23.05930467512395], [72.62012449330804, 23.05943705019331], [72.61963487997427, 23.05962387140454], [72.61933715527404, 23.05973189063359], [72.61904199401712, 23.059826332867917], [72.61873662786334, 23.059928502996325], [72.61847839438306, 23.059992686567014], [72.61811507625177, 23.060087532280928], [72.61799472013925, 23.060109445781123], [72.6177964950361, 23.060148536118405], [72.61747202070856, 23.06019237138279], [72.61726588093632, 23.06020072796944], [72.61698429341402, 23.060213201414577], [72.61651350786153, 23.060224731272747], [72.61621349630924, 23.060244082708177], [72.6158585449329, 23.060243512228368], [72.6153344800896, 23.06039518740628], [72.6152743296638, 23.060407632653657], [72.61526695396627, 23.060409288985227], [72.61522850409865, 23.0604211472516], [72.61532265673921, 23.060601048621923], [72.61554526374928, 23.0610248523957], [72.6157067967838, 23.061332381736918], [72.61608921533691, 23.062062686067158], [72.61614736030981, 23.06217431441964], [72.61646674255263, 23.062787472959815], [72.61646902919556, 23.06279186253135], [72.61684643452159, 23.063520071190254], [72.61698770398507, 23.06380687989543], [72.61699029132124, 23.06381192491072], [72.61701640959772, 23.063862872584018], [72.61709059349161, 23.063996561314845], [72.6171601266226, 23.064115848034035], [72.61717315125536, 23.06410761964783], [72.6172358314508, 23.064068022541015], [72.61741608017707, 23.063947129192297], [72.6175857526021, 23.063840407936482], [72.61767342988342, 23.063782197394943], [72.61776855807868, 23.063723438319855], [72.61798044584297, 23.063586897510394], [72.61815987468489, 23.063468498810884], [72.61840811569915, 23.063312441825854], [72.61862162080124, 23.063181664402613], [72.61864395715688, 23.063167546500104], [72.61884270304503, 23.063033559811245], [72.61904561945938, 23.062908717803264], [72.61939328194349, 23.062686145623108], [72.61966409499377, 23.062506343680475], [72.6197612322926, 23.06244331444343], [72.61991041956925, 23.06250962629287], [72.61993266925465, 23.062517775196557], [72.62001745753469, 23.06254563448662], [72.62013988828087, 23.06258586214627], [72.6203690121414, 23.06265138083701], [72.62038863573203, 23.062656518123166], [72.62044339265535, 23.062558214354482], [72.62057129455837, 23.062310288119445], [72.62044269874066, 23.062253647226324], [72.62035269616241, 23.062214004900223], [72.62027312926398, 23.062178958768012], [72.6202824902627, 23.062122689600663], [72.62028352266296, 23.06211641358115], [72.62043337335541, 23.062028380607437], [72.6206621522701, 23.061896044469233], [72.6207829244439, 23.061813889111168], [72.62088681452967, 23.061748452844206], [72.62096974665953, 23.061700494966495], [72.62111222431751, 23.06161330540482], [72.62123611137439, 23.06152631335064], [72.6213828360483, 23.061432498662953], [72.62153217399202, 23.061336812854726], [72.62164270375641, 23.06127541669947], [72.62175041467346, 23.061198212518843], [72.62192429218956, 23.061096819911654], [72.6221395736976, 23.06094036319298], [72.62223799955007, 23.060847971096422], [72.62246618966782, 23.060686588409087], [72.62265257907467, 23.06056828877835], [72.62293700294755, 23.060379804602977], [72.62322607078778, 23.06019138972179], [72.62353940317092, 23.059988290544766], [72.62365921564023, 23.05991269967538], [72.62380434526665, 23.059947769611966], [72.62387848639615, 23.059968600874925], [72.62404913887625, 23.060016547347892], [72.62406874422555, 23.060021156653487], [72.62415874735619, 23.0600423166158], [72.62422236519258, 23.06005571744901], [72.62447308707067, 23.06010750189715], [72.62454243751498, 23.060116251831396], [72.6245446103215, 23.06011652554814], [72.62463844762631, 23.060128363746376], [72.62466520362354, 23.060131739840045], [72.6247395946264, 23.060148023474536], [72.62482524682787, 23.060166783925524], [72.62503222771892, 23.06021211755543], [72.62509241436861, 23.060225300353384], [72.62512716843307, 23.06023291245028], [72.62513581248882, 23.060234805551346], [72.62534780667075, 23.06028123701017], [72.62542853835274, 23.06029891927479], [72.62557533974244, 23.060331071454833], [72.62559387287543, 23.060335130909575], [72.62583692065827, 23.06040898324714], [72.62617603131844, 23.06045779151765], [72.62624563503607, 23.060463136469288], [72.62637503561875, 23.06050306046562], [72.62642919604555, 23.06054237757858], [72.62644156276552, 23.060551355717816], [72.62651909112626, 23.0606290731663], [72.62658235298788, 23.060692489910785], [72.62666101044098, 23.06079972857268], [72.62685259210697, 23.061003253221774], [72.62691488389571, 23.06107226616498], [72.6271840006677, 23.061270505547462], [72.62723442057535, 23.061309959434315], [72.62732248719863, 23.061366460192502], [72.62738058137946, 23.061454040961273], [72.62751491132823, 23.0616545555099], [72.62768864195968, 23.06194881950677], [72.62776117459228, 23.062007953165413], [72.62786535671131, 23.062122978459666], [72.62799492224471, 23.062241968036172], [72.62808454893126, 23.06235677465543], [72.62821683695849, 23.06251187442498], [72.62834582952735, 23.062663579761317], [72.62844346843953, 23.062792599171225], [72.62855197125839, 23.062920349783013], [72.62858631738473, 23.062993241772016], [72.62868702851614, 23.063123740820828], [72.6287980059516, 23.063242928387854], [72.6289041493443, 23.063372792943845], [72.62898183986051, 23.06344705137446], [72.62902091070613, 23.063471285690024], [72.62901267035353, 23.06349571540213], [72.6290098875256, 23.063503966735023], [72.62895229226324, 23.06367472502965], [72.62890283069491, 23.06399286794696], [72.62893626631956, 23.06400067977413], [72.6288721036017, 23.064296204483494], [72.62883662523893, 23.064459610060972], [72.62882953920702, 23.06447657018071], [72.62880425439464, 23.0645370852358], [72.62864859965653, 23.064909619954268], [72.62864046414293, 23.064916875482858], [72.62860787643541, 23.064945941144014], [72.62856784205626, 23.064981647927215], [72.62845282253377, 23.065084233040587], [72.62837820603198, 23.06515078374389], [72.62825883296712, 23.065257252164848], [72.6282226045269, 23.065289563695632], [72.62820560882416, 23.065304722862315], [72.62820174423295, 23.06530816949341], [72.62817961424432, 23.065327907289493], [72.62817810568127, 23.065329252375584], [72.62827482479864, 23.06542874481481], [72.62830428170768, 23.065459046226064], [72.62836739424087, 23.065523968765437], [72.62855662586024, 23.06571862452161], [72.62858796133817, 23.065750858090947], [72.62862124905341, 23.065785100798625], [72.62879406398989, 23.06597818002836], [72.62895881721903, 23.06600454032909], [72.62940351912961, 23.066033505158504], [72.62970383505105, 23.066102021321065], [72.6299534718756, 23.06614413253742], [72.63015208603532, 23.06617264007243], [72.63016401687631, 23.066174352929497], [72.63048680366887, 23.066231834942474], [72.63088334500445, 23.06648917364125], [72.63126854680013, 23.06657520958984], [72.63122995550987, 23.0667150837381], [72.63158705948607, 23.066803403269667], [72.63163298897005, 23.066814763040547], [72.6316911153022, 23.06662072033969], [72.63172348103843, 23.066629948328472], [72.63187503245099, 23.0666731615974], [72.63183899859895, 23.06672118289685], [72.63185432425807, 23.06672282104005], [72.63207747925155, 23.066769106452238], [72.63204590556259, 23.06692509990287], [72.63201729580753, 23.066922520521583], [72.63201590280538, 23.06692857818279], [72.6319642037486, 23.067153425181104], [72.63215649351085, 23.067192137337074], [72.63208175194008, 23.067480045211425], [72.6320234767788, 23.067712065665106], [72.63200109431376, 23.067810859214735], [72.63203529851246, 23.067813069280216], [72.63214549633523, 23.06782019051751], [72.63232082092777, 23.067833204618537], [72.63230863669814, 23.06788022391086], [72.63234671627416, 23.067932035806308], [72.63236622302264, 23.067958578001978], [72.63234633469982, 23.068027665385966], [72.63233725594651, 23.06805920128396], [72.63231110622931, 23.068150039824584], [72.63228961694493, 23.068224687007817], [72.63228641096553, 23.068235822820164], [72.6322610434661, 23.068323943008505], [72.63225413486049, 23.068347942365165], [72.63223557407684, 23.068412419170603], [72.63221048385404, 23.06849957750665], [72.63219778030941, 23.06854370635837], [72.63217618073483, 23.068618737356218], [72.63217283361, 23.06862767995574], [72.63215595356596, 23.068672783504088], [72.63212400108777, 23.068758161537836], [72.63212211974702, 23.068763187199956], [72.63210928283395, 23.06879748888109], [72.63207274564324, 23.06889511504688], [72.6320618811934, 23.068924145060173], [72.6320580775238, 23.06893430771459], [72.63205261048711, 23.068948916089745], [72.63201368103591, 23.069052935197572], [72.63201356078739, 23.06905372876034], [72.63201080174964, 23.069071877885012], [72.63200644940017, 23.06910050086412], [72.6319990789032, 23.06914897537165], [72.63198742542706, 23.069225620691043], [72.63198015197398, 23.069273455664092], [72.63197471994846, 23.06930918463149], [72.63196954274228, 23.06934323279672], [72.63196153597183, 23.06939589035642], [72.6319613760857, 23.06939694152519], [72.6319523668253, 23.069456197955617], [72.63193957310594, 23.06954034016193], [72.63193874277235, 23.069545800477357], [72.63193437494033, 23.069574525235094], [72.63192632722115, 23.06962745752946], [72.63192286767891, 23.06966777520006], [72.63192085593657, 23.069691220508272], [72.63193481290826, 23.069707962729172], [72.63204993473474, 23.06984606648017], [72.63217131238389, 23.069991673220702], [72.63217423662142, 23.069995181101014], [72.63224985110993, 23.070085889521533], [72.63234770522881, 23.07020327769517], [72.63240007121372, 23.070266096744803], [72.63244133466192, 23.0703155964667], [72.63244137303467, 23.07031680408392], [72.6324423551489, 23.070347420074334], [72.63244314359052, 23.070371989826292], [72.63244722093982, 23.07049910091863], [72.63245275616545, 23.07067167172631], [72.63245411931157, 23.070714183287503], [72.63245534619644, 23.070752440623743], [72.63245626524659, 23.070781085760817], [72.63245837411083, 23.070846817650885], [72.63246273859492, 23.070982883389572], [72.6324648518029, 23.0710487570831], [72.63246999887748, 23.071209224561663], [72.63247195287445, 23.071270148530317], [72.63247263198087, 23.071291322118274], [72.63247867362448, 23.071479658858173], [72.63248131375427, 23.071561967773242], [72.63248365347255, 23.07163490925912], [72.63248439716173, 23.071658078096934], [72.63248825919857, 23.071687156457653], [72.63249130066691, 23.07171004917952], [72.63249463952296, 23.071735182591908], [72.63251662423332, 23.071769018641525], [72.63252280092215, 23.07177852562232], [72.63254541937064, 23.07181333716382], [72.63255551055695, 23.07182753057221], [72.6325564771218, 23.071828889329264], [72.63263198352296, 23.071935088041812], [72.63266540533782, 23.07198209672779], [72.63267038858271, 23.071989104922828], [72.6327024796168, 23.072036722001474], [72.63274486919443, 23.072099621648647], [72.63275172180748, 23.072108866109104], [72.63282183985179, 23.072203457945182], [72.63282759247977, 23.072211217963883], [72.63283374086568, 23.07222000317443], [72.63285529400605, 23.072250800216057], [72.63290969855284, 23.07232853776467], [72.63295809750302, 23.072394854253744], [72.63295930955674, 23.07239651461198], [72.63297487370049, 23.072417839987327], [72.63298936681412, 23.072437698510505], [72.63299149400325, 23.072440590460744], [72.63299715699033, 23.072448288643297], [72.63300065657387, 23.072453045581632], [72.63305795370059, 23.07253092936326], [72.63306737517776, 23.072544201783295], [72.63307282486103, 23.072551878710637], [72.63307485216474, 23.0725547357593], [72.63311696879099, 23.07261407240159], [72.63313404247985, 23.072638126077234], [72.63315995796151, 23.07267200381506], [72.63316200787516, 23.0726746842531], [72.63316359898384, 23.072676763773078], [72.63316364477943, 23.072676823141368], [72.63317078470287, 23.072686156756177], [72.63317115482738, 23.072686639884047], [72.63317881651611, 23.07269665661212], [72.63319385949144, 23.072716321134063], [72.63319444519047, 23.072717086457672], [72.63321199215608, 23.072740024137786], [72.63321278674358, 23.072741063431682], [72.6332571580579, 23.072801868382644], [72.63326251222173, 23.072809206226292], [72.6332763936359, 23.072828228596585], [72.63332169976186, 23.072890315072424], [72.63333523417685, 23.072909094802], [72.63335093669792, 23.072930882648375], [72.63335812774386, 23.07294114329412], [72.63337762944691, 23.072968969117788], [72.63338562395273, 23.072980375718974], [72.63340698291992, 23.073010852004277], [72.63341032047622, 23.07301561372942], [72.63341793419814, 23.073026477457375], [72.6334491095001, 23.07306824228907], [72.63345643997529, 23.073078063551954], [72.63350899277361, 23.073148469538808], [72.63351277958414, 23.07315354223782], [72.63352095908806, 23.073165195361465], [72.63354641056047, 23.07320145580284], [72.6336059757647, 23.07328631503196], [72.63361687532833, 23.073300995371117], [72.63362244618446, 23.073308498053002], [72.63365034145593, 23.073346067144957], [72.63365950419977, 23.073358407581757], [72.6337189686653, 23.07343849397366], [72.63372560207591, 23.073447392051325], [72.63372694153256, 23.073449188830885], [72.63375587660106, 23.073488006711845], [72.63381418152602, 23.07356622496143], [72.63384105360274, 23.073602274631032], [72.63384592417552, 23.073608981378346], [72.63386387915818, 23.073633706335375], [72.63387110020935, 23.07364365052923], [72.63392978808395, 23.073724470029344], [72.63394835297748, 23.073750084346162], [72.63395031465492, 23.073752790537736], [72.63397509232122, 23.073786976125565], [72.6340351563119, 23.07386984660741], [72.63404979932665, 23.073890077444744], [72.63405190860615, 23.07389299168498], [72.63405779248565, 23.073901121072822], [72.63405949210185, 23.07390346943968], [72.63407449238375, 23.073924194042256], [72.63409985043306, 23.07395922971854], [72.63415623137526, 23.074037125629474], [72.63415781476589, 23.07403931336152], [72.63418337389776, 23.074074625587638], [72.63419496171319, 23.074090853672526], [72.63421288870873, 23.07411595825641], [72.63422773087751, 23.0741367436743], [72.63424570168297, 23.074161910301843], [72.63427924137764, 23.07420887894732], [72.63427941567403, 23.074209122605915], [72.63428073759835, 23.074210974189725], [72.63429548929588, 23.074231633660755], [72.63430500757343, 23.074244963444475], [72.63431347919307, 23.074256825846437], [72.63431440776733, 23.074258127149246], [72.63431853905207, 23.07426381438256], [72.6343357158368, 23.074287464140124], [72.6343569896032, 23.07431675457202], [72.6343765731274, 23.07434371844512], [72.63440170570496, 23.074378320971753], [72.63440382185911, 23.07438123350553], [72.63440630767282, 23.074384656241808], [72.63443828506675, 23.07442868360832], [72.63443894154051, 23.074429587213857], [72.63449377275626, 23.074502611778836], [72.63450736615225, 23.074520715210618], [72.63451009323295, 23.07452434649519], [72.63451548920092, 23.07453153326013], [72.6345267369186, 23.074546513978678], [72.63456412685262, 23.07459767778033], [72.6345767321537, 23.074614926802496], [72.63460001784318, 23.074646791434024], [72.6346114519954, 23.07466243849786], [72.63461789030788, 23.074671172924145], [72.63464372465036, 23.074706216566607], [72.63466829991802, 23.074739553111], [72.63467018137564, 23.074742105520574], [72.63467557223863, 23.074749417693678], [72.6347187419702, 23.074807978007808], [72.63472896800974, 23.074821850120962], [72.63473043608812, 23.074823825768835], [72.63473493281396, 23.074829875975666], [72.63475531725122, 23.074857304109575], [72.63481665556057, 23.07493983683076], [72.6348298597472, 23.074957603985546], [72.63485301050369, 23.07498954691469], [72.63486298670935, 23.075003311456815], [72.63487569730829, 23.075020848224046], [72.63491002096613, 23.075068205872675], [72.63492340006314, 23.075086127311128], [72.63495325964382, 23.07512612708223], [72.6349973011198, 23.07518512380356], [72.63500790678239, 23.07519938618024], [72.63502557652508, 23.075223148887208], [72.63505662514882, 23.07526490343688], [72.63509214103402, 23.075312666210007], [72.6350952737504, 23.075316984272202], [72.63510273583825, 23.07532727148266], [72.6351261949652, 23.075359609909658], [72.63512645793264, 23.075359972259413], [72.6351763726504, 23.075428781856864], [72.63517916522092, 23.075432631687455], [72.63519549668936, 23.07545514472361], [72.63520715011285, 23.075470814897635], [72.63521312746413, 23.075478851759062], [72.63524336215465, 23.075519506215773], [72.63528522933233, 23.075575802536708], [72.6352909570991, 23.0755837164885], [72.63530815091272, 23.075607471139488], [72.63532835246762, 23.07563538218031], [72.63533296652119, 23.07564175642969], [72.63534793286483, 23.0756624343826], [72.6353855815806, 23.075713731903857], [72.63539730392704, 23.075729703730786], [72.63541071697185, 23.07574797863847], [72.63541507044461, 23.075753910223103], [72.63542240053086, 23.075764104261772], [72.63546128390965, 23.075818174698792], [72.63547996973351, 23.075844159021898], [72.63550807196556, 23.07588250464397], [72.63553548327037, 23.075919908226652], [72.63555939705108, 23.07595253959672], [72.63560110458457, 23.076010390788127], [72.63561508746542, 23.076029784657866], [72.63563186251915, 23.076053052720304], [72.63569252745921, 23.07613682184687], [72.63570181480354, 23.076149646147517], [72.63572214202124, 23.07617679706589], [72.63572831483474, 23.076185042676393], [72.63578166777401, 23.07625630414301], [72.63582568616131, 23.07631509900528], [72.63587404485716, 23.076379689814726], [72.63589025502127, 23.076401340607863], [72.63590467148843, 23.076421165264296], [72.63591393785522, 23.076433907988697], [72.63591711007764, 23.076438313297874], [72.63595400515094, 23.07648954345128], [72.63599675697712, 23.07654890613166], [72.63603611937224, 23.0766035641252], [72.63603925826476, 23.07660792289059], [72.63604080247589, 23.076610066686268], [72.63604151793604, 23.076611057838257], [72.63606697779997, 23.076646408955536], [72.63606788373616, 23.076647667479417], [72.6360775443403, 23.07666107965608], [72.63608271711263, 23.076668261230083], [72.63611265718708, 23.07670983380143], [72.63611851488685, 23.076717967248708], [72.63612378769203, 23.076725287544793], [72.63612643409293, 23.076728961835855], [72.63614092737646, 23.076749084645865], [72.63616057818365, 23.076776368936862], [72.63616076489971, 23.076776628127266], [72.63616187567781, 23.07677816958531], [72.63616540040776, 23.076783063165607], [72.63618835782164, 23.076814937136216], [72.63620235193866, 23.076834367243755], [72.63622037380084, 23.076859388199022], [72.63625601934832, 23.076908877047007], [72.63626055482041, 23.07691517426272], [72.63626495313476, 23.076921279837098], [72.63628474769239, 23.076948493140677], [72.63629975702028, 23.076969128329104], [72.63630131969506, 23.07697127691311], [72.63636476731149, 23.07705850638856], [72.63638237699779, 23.077082716763947], [72.63641752493018, 23.07713103893812], [72.6364223558982, 23.07713768092897], [72.63645588878832, 23.07718378150526], [72.63645631374787, 23.07718436656125], [72.63646328484164, 23.077193950310807], [72.63646420529126, 23.077195216272514], [72.63649042514382, 23.077230921774365], [72.63649385429306, 23.077235590926378], [72.63651145291497, 23.077260994625956], [72.63656376051935, 23.077336504153543], [72.63659907676002, 23.07738748485172], [72.6366049737369, 23.077395998048228], [72.63661480543212, 23.07740928546424], [72.6366271565498, 23.07742597713177], [72.63664540059007, 23.077450633030693], [72.6366748089688, 23.077490377512035], [72.6367317335599, 23.07756731120313], [72.63675426052232, 23.077597756753914], [72.63680984401296, 23.077672876485583], [72.63681247972488, 23.07767643866009], [72.63681789795342, 23.077683761113843], [72.63682166231736, 23.077688847856805], [72.63682752569544, 23.077696772820826], [72.6368285733066, 23.077698188743227], [72.63683158459693, 23.07770225849554], [72.63685569495392, 23.07773484299351], [72.63686099592908, 23.077742007506714], [72.6368618605192, 23.077743176030886], [72.63686202736466, 23.077743455687635], [72.63686889424223, 23.077754929229023], [72.63623091254777, 23.07755039369141], [72.63479066388997, 23.079789261255545], [72.63474419105583, 23.07981654368796], [72.63473640925763, 23.079821112633866], [72.63446513933219, 23.08007655164274], [72.63444849376077, 23.08009108466743], [72.63441786754593, 23.0801172475164], [72.63372104256347, 23.079527794490474], [72.633393812967, 23.079520023413654], [72.63284447756865, 23.079516564861745], [72.63233695514411, 23.079513732342793], [72.63136858357876, 23.079518675337585], [72.63076498548114, 23.079532549804842], [72.6301628361114, 23.079552176456303], [72.62987224073436, 23.079560712588002], [72.62948629939646, 23.079485408476604], [72.6294828923213, 23.079485333848908], [72.62947117813437, 23.07944299827063], [72.62947979525018, 23.079301301016855], [72.62950263421493, 23.07915832496484], [72.62958672356504, 23.07889026606776], [72.6297167293635, 23.078543474680327], [72.62920754616493, 23.078429534534852], [72.6289558481698, 23.07837000094665], [72.62892987173744, 23.078363857331343], [72.62892345016732, 23.0783619688457], [72.62885238017961, 23.078635114211338], [72.62885008871064, 23.078643922688613], [72.62867315435612, 23.078612004869306], [72.62835434675145, 23.078539912005546], [72.62833371402854, 23.078535246990814], [72.62832921739042, 23.07853398504673], [72.6281783604022, 23.07881835667064], [72.62807425967635, 23.079016443428735], [72.62806284241287, 23.079038169222446], [72.62796804672831, 23.079008394565488], [72.62795689721176, 23.07906239932706], [72.6275618909687, 23.07901416112925], [72.62716667448738, 23.07895268562278], [72.62649953419289, 23.078821623763684], [72.62646557164811, 23.07881495162561], [72.6264339786283, 23.07895972018384], [72.62642907177859, 23.078982205464246], [72.62636297266363, 23.078962172703804], [72.62632955963163, 23.078952045673535], [72.62621772634567, 23.07940467429788], [72.62612206399773, 23.079403366889284], [72.62609103957763, 23.079521287538267], [72.62608776066041, 23.07953374917026], [72.62547686765437, 23.07938984311266], [72.62547256022161, 23.079223527771635], [72.6254031371828, 23.079206356132936], [72.62499354181932, 23.079072406489487], [72.62474856925402, 23.079620651869366], [72.62414492026916, 23.079645574700567], [72.62359792484969, 23.079626592845578], [72.62300929726985, 23.079626092650653], [72.62267874581809, 23.079630000086826], [72.62176679580939, 23.07964038742898], [72.62136289272014, 23.07966447591818], [72.62066430109338, 23.079706977666746], [72.62065410269308, 23.079697700351307], [72.62059881465578, 23.079626801399876], [72.62049760354392, 23.07949701179893], [72.62048449322184, 23.079500994137476], [72.62026227118808, 23.079534071548803], [72.6199737666518, 23.079550261224234], [72.61938455257855, 23.07958867698584], [72.61882930224468, 23.079628076729957], [72.61831698984236, 23.079662866177692], [72.61802300950637, 23.079716953683448], [72.61775678284575, 23.079733122369294], [72.61763253534369, 23.079723522386654], [72.617527825769, 23.07968807140803], [72.6164280517848, 23.081295745328], [72.61593827245004, 23.081455600771772], [72.61574104274125, 23.08187899375002], [72.61570686206511, 23.081987160809803], [72.61566904370974, 23.082055337096747], [72.61566745331983, 23.082058204713153], [72.61562604092235, 23.082132861098664], [72.6156161972683, 23.0821506075275]]]}}, {"type": "Feature", "properties": {"objectid": 5, "zone_name": "SOUTH ZONE", "zone_id": "3", "st_area(shape)": 85432242.43956202, "st_length(shape)": 52899.63660157758}, "geometry": {"type": "Polygon", "coordinates": [[[72.60907181980643, 23.013486926545475], [72.6090151996977, 23.012870535564574], [72.6090129960652, 23.012850596572957], [72.60901153419948, 23.012830626358397], [72.60898346303166, 23.012447223642102], [72.60897285532988, 23.01232541553903], [72.6089715855438, 23.01218449375333], [72.60898819090785, 23.012074916216907], [72.60914118467262, 23.011572477771196], [72.60918256140428, 23.01144754237456], [72.6092178377878, 23.011329461792243], [72.60938757016477, 23.010792943490866], [72.60951491779674, 23.010392913618393], [72.60981377773284, 23.010381229064436], [72.61056190854522, 23.010362429741313], [72.61116698452962, 23.01034777075608], [72.61118146952919, 23.010347419749863], [72.61163510901646, 23.010347100574656], [72.61193993023859, 23.010357433547668], [72.61209750670163, 23.01037700963841], [72.61266762102557, 23.010444372556965], [72.61323167187675, 23.01050447561114], [72.61390764450522, 23.010569173116295], [72.61489582315669, 23.010693230757717], [72.61515821275393, 23.010710498831678], [72.61547164686151, 23.010729617193487], [72.61640432446913, 23.010737697335127], [72.6166307436097, 23.010701694202396], [72.61653752948766, 23.010499643598596], [72.61633513661512, 23.00999091678669], [72.61618062086826, 23.00960640460415], [72.61609951936633, 23.00940709841005], [72.6159963400571, 23.00924174692955], [72.6158680371402, 23.009054215263856], [72.61564098444687, 23.008750769840997], [72.61533951097135, 23.008456254528532], [72.61512008414672, 23.00826654307261], [72.6148947974018, 23.00809603219029], [72.61483537677108, 23.00804997607017], [72.6145679358467, 23.007842685996465], [72.61437685642875, 23.007667239871374], [72.6142018551279, 23.007479227046375], [72.61375915762017, 23.00679214602616], [72.61363383892358, 23.006581966080535], [72.61346830348991, 23.006235618474967], [72.61346710263739, 23.00623336504419], [72.6137624904958, 23.00602761719645], [72.61403124104626, 23.005813542425752], [72.61422441604357, 23.00558787356297], [72.61428530439582, 23.005390234791427], [72.61435445753052, 23.00534619056972], [72.61449397528472, 23.005257415200646], [72.61449880765532, 23.00525447088663], [72.61461753642678, 23.00517799413764], [72.61467492698222, 23.00514255128177], [72.61475176083805, 23.005093069517027], [72.61484970732, 23.00502861880845], [72.61492466357439, 23.00498025520786], [72.61501403487836, 23.00492217259619], [72.61514884501737, 23.004836742735638], [72.6153412995608, 23.004709999849666], [72.61534577798064, 23.004707050174247], [72.61534573089821, 23.004706954671185], [72.6153576961923, 23.004698732608635], [72.61518851384159, 23.004388260266843], [72.6150696426266, 23.004104712534925], [72.61501459720579, 23.003977523127517], [72.61495012231273, 23.003828932555447], [72.61488821049261, 23.00368133664839], [72.61481176470636, 23.00349039148697], [72.61474703438877, 23.00334581264794], [72.61469536611428, 23.00322464605442], [72.61463862750395, 23.003083695883973], [72.61457972791493, 23.002955612296372], [72.61452991960189, 23.002838773716103], [72.61447927300114, 23.00272413524642], [72.61440471040909, 23.00256374369693], [72.61430088512209, 23.002429452414564], [72.61429649148758, 23.00242309279799], [72.61423511818195, 23.002347641905622], [72.61473183779269, 23.002301845505887], [72.61480102049235, 23.002296506121038], [72.6151026424781, 23.00227027082484], [72.61527039916261, 23.002254797362443], [72.61542548143555, 23.002239576963312], [72.61553330806228, 23.002226510951974], [72.61565588102994, 23.002211159018135], [72.61572854030734, 23.00219505517078], [72.61586962106918, 23.002161708312354], [72.61598633132287, 23.002127636777075], [72.61624082869801, 23.002061557750803], [72.61645442403942, 23.002015491340625], [72.61654139304623, 23.001999960988346], [72.61676458021937, 23.001956346122647], [72.61695408908848, 23.00192734940251], [72.61705571302217, 23.001914785694492], [72.61718454753756, 23.00190287076804], [72.61757540302864, 23.001877639837662], [72.61777846401101, 23.00187669741134], [72.61793786873442, 23.00187981218947], [72.6186431091646, 23.00190558854256], [72.61892133710013, 23.001919117000618], [72.61947070721122, 23.002049440030685], [72.61950102939622, 23.002453580039138], [72.61953002810758, 23.002786039538805], [72.61959405943142, 23.002960181048472], [72.61970532235068, 23.003236549881883], [72.6197188186134, 23.003276165443186], [72.61986303027429, 23.003586471162958], [72.62003242170806, 23.00400583980251], [72.62010340725965, 23.003990118680093], [72.62049101866914, 23.003861580752474], [72.62064080832225, 23.004196887936313], [72.62089351856928, 23.004113066254586], [72.62132521584482, 23.003950436507445], [72.62164861761327, 23.003827503085503], [72.62189642048497, 23.003733769056268], [72.62210931834063, 23.003688237991707], [72.62246912762718, 23.003620292217676], [72.62279817263185, 23.003576807188317], [72.62281165997159, 23.003575917358102], [72.62301925246751, 23.003562313249514], [72.62307961899324, 23.003560133992778], [72.62330330537498, 23.003540976103917], [72.62351583526848, 23.003524539355077], [72.62356871031633, 23.003521847492298], [72.62363159701624, 23.003516093752378], [72.62363957540241, 23.003505122621675], [72.6236456883774, 23.003475157439627], [72.62366521158029, 23.003311979441815], [72.62367443225052, 23.00325748215173], [72.62370370618234, 23.003041551794258], [72.62373263567393, 23.002821059811644], [72.62373647587687, 23.002791788158927], [72.623743463489, 23.002730872724385], [72.62375331259695, 23.0026450034853], [72.62377016594328, 23.002509013849124], [72.62378820935719, 23.002363428141102], [72.62381736707972, 23.00237596969906], [72.62389883334518, 23.002411010636497], [72.62391031180972, 23.002373418759372], [72.62392474394095, 23.002326153464026], [72.62393227143934, 23.002301499005213], [72.62393231552348, 23.002301598975087], [72.62398635285751, 23.002125336447037], [72.6240186335052, 23.002020039744], [72.62402170058182, 23.00200906889517], [72.62406479118273, 23.001868426350256], [72.62409176777301, 23.00178037657506], [72.62409165318398, 23.001779513582566], [72.62409522561668, 23.001757171406734], [72.62413799642255, 23.001618296226848], [72.62417726801397, 23.00149078443404], [72.62422869589392, 23.001297594793765], [72.62423716750054, 23.001214287724856], [72.62424220374068, 23.001148894847287], [72.6242494554086, 23.00108139918944], [72.62425623293656, 23.0010058389101], [72.62426141479267, 23.000948947189105], [72.62426865642333, 23.000861195216945], [72.62426933376423, 23.00085392428723], [72.62427732705291, 23.00076807767163], [72.62428142228988, 23.00071626595499], [72.62428590233591, 23.00065957585587], [72.62429837057358, 23.000483801512367], [72.62429950695869, 23.000480722859628], [72.62431299524344, 23.00031925877957], [72.62432834730649, 23.00020940875326], [72.62433288705883, 23.000176929074215], [72.62438544132146, 22.99957266090645], [72.62439665757627, 22.9993981370712], [72.6244001503789, 22.999376769608993], [72.62440473943505, 22.99936447279669], [72.62440826588538, 22.999354160647414], [72.62441980662851, 22.99934049839106], [72.62443457982842, 22.999329917151265], [72.62446656653545, 22.99930700644644], [72.62447353645481, 22.99930482243252], [72.62448729781127, 22.99930051131041], [72.62448819379509, 22.9993005238524], [72.62450578055335, 22.999290269206984], [72.62452410425834, 22.999279585953072], [72.62460841750627, 22.99901857448055], [72.62490556981105, 22.998728748293445], [72.6252829870626, 22.998388081613705], [72.6253194093816, 22.998352698221805], [72.62564503813606, 22.998060356225157], [72.62566364695489, 22.998047074316464], [72.62568470832878, 22.998028109933255], [72.62570029950359, 22.99801407135435], [72.62573107959429, 22.99798635559915], [72.62581442139376, 22.997911310517217], [72.62583670041697, 22.997891249409843], [72.62584120159585, 22.997887196520026], [72.62589056099998, 22.997842751450918], [72.62595921708612, 22.997780929686805], [72.6259674921934, 22.997773478359033], [72.62604733622656, 22.99770158292523], [72.62604890266329, 22.997700172763132], [72.62616602610443, 22.997594709411327], [72.62616824350296, 22.997592712255834], [72.62625584123536, 22.99751383512425], [72.62639401663066, 22.99738941418338], [72.62641717331834, 22.997368562645132], [72.62645553064499, 22.997334024092694], [72.62645192007783, 22.997331206482507], [72.62644107022048, 22.99732089270243], [72.62622645134468, 22.99708103405092], [72.6261387768599, 22.996938949945285], [72.62610206644541, 22.996861961897714], [72.6260703037695, 22.996718550283685], [72.62603541914432, 22.99641925815238], [72.62601721658977, 22.99626881118382], [72.62595048523282, 22.9956044039485], [72.62593250136987, 22.995425354037955], [72.62592836433838, 22.995387861796964], [72.62585296208184, 22.994649721690955], [72.62584361459584, 22.99454936498599], [72.62578658495096, 22.994097052395233], [72.62578517029723, 22.994083991999716], [72.62572839768995, 22.993516500934632], [72.62572216179497, 22.99344993494725], [72.6254275318276, 22.993588227295387], [72.6247931980429, 22.993845058754644], [72.62454934595146, 22.993944280307232], [72.62445573815825, 22.993987994376226], [72.62431731762014, 22.994067214015423], [72.6242533794382, 22.994108385742873], [72.62407471225485, 22.99423276250095], [72.62390783146691, 22.994370618697836], [72.62348653008607, 22.994476859795668], [72.6234698686405, 22.994378457095685], [72.62339815825946, 22.99401223259611], [72.62339731974214, 22.99400832803123], [72.62339047643204, 22.99397300520747], [72.62327089696568, 22.993355771173718], [72.62324560829315, 22.993207437701674], [72.62311715937683, 22.992482657802807], [72.62309456062228, 22.99236465730813], [72.62307166790207, 22.99224824313567], [72.62293401839852, 22.991629730167904], [72.62276986552062, 22.99157600841341], [72.62243535377213, 22.991596804494584], [72.62216169904278, 22.991606429730236], [72.62187202828399, 22.99160984282821], [72.62158276230045, 22.991606741443047], [72.62157433198264, 22.991606978647443], [72.62155857271733, 22.991606481933143], [72.62144063744356, 22.991602766739437], [72.62094269579093, 22.99158828063613], [72.62080623699352, 22.9915917356802], [72.62076954105405, 22.991601892440457], [72.62059317445072, 22.991700928456588], [72.62056527672266, 22.991658433317458], [72.62029969574142, 22.99127191573891], [72.62022177240713, 22.99115664331678], [72.62017981348194, 22.99108494968], [72.62011907017259, 22.990981025414413], [72.62006791833298, 22.99090023690825], [72.62001087075778, 22.990806221320813], [72.61995631378095, 22.99071731959869], [72.61990201151656, 22.990632302829944], [72.61983233452986, 22.990522869830876], [72.61977043520835, 22.990429677731388], [72.6196658550455, 22.99027396249922], [72.61957543398333, 22.990152885640914], [72.6195450577386, 22.99011958513906], [72.61947099898288, 22.990039347713267], [72.61940012757069, 22.989961247253913], [72.6193292414948, 22.98988404302808], [72.6192678072497, 22.989819521672988], [72.6191525908661, 22.98969725300296], [72.61904635418476, 22.98959285207623], [72.61899273795581, 22.989538658846094], [72.61892353427469, 22.98946846653262], [72.61882721821688, 22.98937015868121], [72.61874305154043, 22.98928528928412], [72.61864774410644, 22.98918831008011], [72.61852102337302, 22.989058372071867], [72.61842519219294, 22.98896186155548], [72.61830550187024, 22.98884301710753], [72.61822822139435, 22.988777361510973], [72.61819208105659, 22.988749109223168], [72.61812490069642, 22.98869602621083], [72.61797663655311, 22.988588216435282], [72.61786765087294, 22.98850631819545], [72.61769951952954, 22.988383878299036], [72.61759462721169, 22.988303952695375], [72.6175013810519, 22.98823662295603], [72.61740312794254, 22.988160617769346], [72.61741428060667, 22.9881520988199], [72.61756416373485, 22.98805698403598], [72.61776029881554, 22.98794348777924], [72.61791528678843, 22.98785922975057], [72.618164517183, 22.987733990770042], [72.6184301081571, 22.987595262192364], [72.61859017998, 22.987515259858537], [72.61893029237216, 22.98735675019712], [72.61918197481602, 22.987238712773657], [72.61930625536598, 22.9871766835234], [72.6195410042921, 22.98706794527175], [72.61969830606702, 22.986990863982303], [72.61969870481387, 22.986990701151587], [72.61971554443589, 22.98698310529437], [72.61976593422634, 22.98695772382993], [72.61999327834272, 22.98684320939047], [72.62003490506885, 22.986805019011648], [72.62007107058027, 22.9867592993476], [72.62008432139746, 22.986742547477622], [72.62009816658573, 22.986691611850976], [72.6201418415724, 22.98650714698242], [72.62016112478555, 22.98637844903552], [72.62017324390719, 22.98628768837453], [72.62018479125989, 22.986176365045598], [72.62019706780568, 22.98607556398397], [72.6202015169448, 22.986039029472444], [72.62021380077886, 22.985956446140783], [72.62023717040577, 22.98583748398649], [72.62028181766843, 22.985627612562748], [72.62028785400037, 22.98559531797432], [72.6203380422707, 22.985374612196967], [72.62040243192736, 22.98512267428065], [72.62040982817747, 22.985122774570296], [72.62134269911836, 22.985060151372885], [72.62219662729342, 22.984988176137293], [72.62315911333678, 22.98490468777988], [72.62388894312659, 22.984847560815275], [72.62493379134455, 22.984724243907937], [72.62491707772978, 22.98470900403334], [72.62454585649476, 22.98437053092808], [72.62374370763091, 22.983647556496777], [72.62357516851428, 22.98351402849668], [72.62292975674323, 22.983061569641922], [72.62257753744542, 22.98284416903841], [72.62243080283194, 22.982781772217216], [72.6220660003716, 22.9826200768973], [72.62174708485736, 22.982489884210924], [72.6212208234683, 22.982267001181928], [72.62057555877134, 22.981989421142316], [72.6202508764685, 22.981845398362026], [72.62013396086174, 22.98179595404399], [72.62011564907114, 22.981787945523102], [72.6196519777343, 22.981591326978617], [72.61940797052623, 22.981483221279458], [72.6194008435669, 22.981480063604746], [72.61927294605364, 22.98142530497097], [72.6192752752511, 22.981420479296265], [72.61927649180008, 22.981420998635098], [72.61929452306391, 22.98138059753961], [72.6195622473203, 22.980780725500615], [72.61987291865613, 22.980100323599345], [72.62012427033727, 22.97953655278618], [72.62046402115516, 22.978786359843365], [72.62068798166617, 22.97828380336858], [72.62099080242493, 22.977609014102242], [72.6213051551978, 22.976894266673064], [72.6218244820128, 22.975729225754723], [72.62250542753726, 22.974217384373553], [72.62290104432614, 22.973339272496258], [72.62315020089031, 22.972796242550658], [72.62331974588163, 22.972424242227117], [72.62350158860859, 22.972015726201487], [72.62371692485, 22.971529907600605], [72.62392197917085, 22.971074357097738], [72.62411966084375, 22.970627294883112], [72.62451265582364, 22.969750332306848], [72.62474244959932, 22.969236867863522], [72.62495064121605, 22.968778496060327], [72.6251439882593, 22.96834283265595], [72.62538229682048, 22.9678142063739], [72.62571393732745, 22.967077462007563], [72.62593119317796, 22.96657732223408], [72.62622359313477, 22.96593378277944], [72.62651757361995, 22.9652688489528], [72.62686619996747, 22.964509700469407], [72.62751973901749, 22.963193837683562], [72.62805385750673, 22.961869861798906], [72.62868432665144, 22.960497409282624], [72.62933649088215, 22.959020260305], [72.62995877669792, 22.957597682408576], [72.63057049315398, 22.956224161416255], [72.63116698466604, 22.95488300545915], [72.63186295330637, 22.953404937686482], [72.63227685585483, 22.952388456825922], [72.63392477338044, 22.950425001154198], [72.63292545286184, 22.95062277716033], [72.63213582273251, 22.950824423785896], [72.63213433336361, 22.950824804198575], [72.631960082058, 22.95081382847015], [72.63113793736494, 22.95051486130789], [72.63058473543916, 22.950299943921074], [72.63012176889777, 22.950289663360238], [72.62924392610279, 22.95038029207581], [72.62898940216444, 22.95038816795172], [72.62849859390185, 22.950317586658233], [72.62776501135639, 22.950217666468554], [72.62721462685052, 22.950118831312132], [72.62719208907066, 22.95011427343867], [72.62683413647926, 22.950026035388156], [72.62643435527012, 22.94994884195094], [72.62593001297094, 22.94988038135077], [72.6254567435002, 22.94986517611871], [72.62515407445977, 22.949923186345902], [72.62475655353764, 22.950029243603], [72.62442042079118, 22.950143219860397], [72.62417020013582, 22.950220206314963], [72.62415289635962, 22.950224188438437], [72.62402425331739, 22.95026810995039], [72.62356579948207, 22.950334094556], [72.62309009612494, 22.950368527986253], [72.62282819087433, 22.95035249344852], [72.62269553894726, 22.95034214477668], [72.62232205967827, 22.950312657724467], [72.62215167287462, 22.95030927217698], [72.6220771147155, 22.95030779028209], [72.62187448562089, 22.95031669561984], [72.62175547414499, 22.950337602723614], [72.62124458744368, 22.950495952744667], [72.62068663841873, 22.95069061888642], [72.62023121071874, 22.950848603202115], [72.61984757178577, 22.95095750121973], [72.61951675219743, 22.951069580050298], [72.61924498582323, 22.95114036671094], [72.61903221184913, 22.95119607082021], [72.61899853568, 22.951175198789823], [72.6190075229128, 22.951091503885664], [72.6190110158198, 22.95107941903899], [72.61908278606452, 22.950831117887507], [72.61919024822359, 22.95056453091955], [72.61929072037807, 22.950232283581613], [72.61934670657628, 22.949980994402903], [72.61935813622242, 22.949935122985114], [72.6194725595548, 22.94962852953175], [72.61957909527632, 22.949339963010704], [72.61970660363826, 22.948990700568054], [72.61984631635184, 22.94859747219781], [72.61995915885431, 22.948258516910876], [72.6199811511323, 22.948209144876433], [72.62007150074363, 22.948032316993046], [72.62024756278845, 22.94770296354425], [72.62035918855591, 22.9474406891548], [72.62049084802413, 22.94706525433157], [72.62062002090313, 22.946728717300015], [72.62073177022009, 22.946494895370652], [72.62083357001814, 22.946261919862792], [72.62101875638105, 22.945764415567034], [72.62103785347377, 22.94569130486032], [72.62115725818664, 22.945340642497523], [72.62123612091872, 22.94514223765088], [72.62135482687984, 22.94489480490062], [72.62141244378253, 22.94474816232622], [72.62145280242514, 22.94466068897965], [72.6216285034007, 22.944382396943077], [72.62163663495905, 22.944359826860914], [72.62173619265168, 22.944123646226956], [72.621754213874, 22.944086053683154], [72.62184192519238, 22.943903084544058], [72.62202168597369, 22.9436525797773], [72.62213758043467, 22.943514580128117], [72.62243751448435, 22.943179998781208], [72.62266549118947, 22.94297070854664], [72.6229007040776, 22.942724982579648], [72.62308481244655, 22.942545239369622], [72.62330328431348, 22.942352163577585], [72.62349941997407, 22.94219744888046], [72.62376809734215, 22.94196499480923], [72.62391924355605, 22.9418167719935], [72.62401112485823, 22.94169489262932], [72.62428990830782, 22.94141529264873], [72.6243784447115, 22.941307694991707], [72.62467953565377, 22.94099116582696], [72.62486681218947, 22.940774229526557], [72.62490726024872, 22.9407402305628], [72.6250740246699, 22.94058518666497], [72.62541058547116, 22.94031600653336], [72.62585812647592, 22.939935973310696], [72.62593493082169, 22.93983711605684], [72.62613967267289, 22.939558315325783], [72.62638575390419, 22.939201305934276], [72.62668652358815, 22.93874001290917], [72.62691511348385, 22.938424542623935], [72.62719572954019, 22.938009526387383], [72.62764491787502, 22.937392797042826], [72.62795424585659, 22.936957903393775], [72.62816791190949, 22.936669678374052], [72.62835854026045, 22.936483346362795], [72.62857312590822, 22.9362735976082], [72.62881827165121, 22.93615556129258], [72.62904175225847, 22.936029195568544], [72.62924945051157, 22.93583164903762], [72.62940107041045, 22.935611049704246], [72.62948782509626, 22.935372757341955], [72.62953354765824, 22.935260459231127], [72.62962146235724, 22.935017767539748], [72.62970350144397, 22.934786692925556], [72.62978809737831, 22.934519826605847], [72.62986509324006, 22.934282107664316], [72.62989314197401, 22.93418034839375], [72.62991186610901, 22.93411241625872], [72.62899565470939, 22.933973729152857], [72.62895158892927, 22.93396681053487], [72.6286857615792, 22.933938498814538], [72.62815870259206, 22.933849017290136], [72.62811938495997, 22.933800641987258], [72.62812030360135, 22.93377785074743], [72.62818526661982, 22.933322774778887], [72.62818853189968, 22.933299898542607], [72.62818859399823, 22.933299914818672], [72.62818949451527, 22.93329315359583], [72.6281471095365, 22.933281809948205], [72.62779774204239, 22.933188307372806], [72.62771896319096, 22.93316722345541], [72.62762314835541, 22.933137071545435], [72.62761994060142, 22.93313606208957], [72.6275908106339, 22.93313407549616], [72.62758921886096, 22.933133966830887], [72.62758278459398, 22.933133527553927], [72.62758127945412, 22.93313342560083], [72.6274454168496, 22.933124160723413], [72.62735645370253, 22.93311809334427], [72.62720537264534, 22.93310481430176], [72.62711818307696, 22.933097150965867], [72.62705432374175, 22.93309153830638], [72.62702894147866, 22.933091515297328], [72.62652156343144, 22.933091051036577], [72.62631785374565, 22.93307938352273], [72.6261389641211, 22.933035872173658], [72.6258003021794, 22.932855148058675], [72.6257670048697, 22.932634807751402], [72.6257516539529, 22.932533222413202], [72.62574517257562, 22.932490334097658], [72.62573483686901, 22.93248266896855], [72.62571264604148, 22.932466211836758], [72.62516161986228, 22.932339329897037], [72.62472772752383, 22.932241069954365], [72.62472640680737, 22.932220959989838], [72.62477898423255, 22.931998051936713], [72.62478241878158, 22.931983491398043], [72.62484177957546, 22.931742561874582], [72.62491092753763, 22.931361614185402], [72.62496322963035, 22.931063604468203], [72.62504200113285, 22.930761419972036], [72.62515399890718, 22.930402404342054], [72.62515885450107, 22.930050145993345], [72.62514707898248, 22.92981627230487], [72.62509835115151, 22.92954176447235], [72.62505554072924, 22.9293939803684], [72.62495788252139, 22.928960644829093], [72.62492515597216, 22.928707909347214], [72.62487198625885, 22.928156836272116], [72.6247005453464, 22.927822027554644], [72.62472188899625, 22.927787606949277], [72.6251228465016, 22.927132184881632], [72.62542868370002, 22.92667455030245], [72.62572302048193, 22.926210771731554], [72.62606314006098, 22.92563540842359], [72.62626183851532, 22.925210029849367], [72.6263954882671, 22.924953599505425], [72.62668887218759, 22.924336927903447], [72.62684855410156, 22.923934194127675], [72.6271604021015, 22.923091142342827], [72.62742973283443, 22.922483340373287], [72.62751567685369, 22.9222630798795], [72.62742523017202, 22.922248977500576], [72.62705186443416, 22.922211559226717], [72.62665045306746, 22.922454815165125], [72.62647473064646, 22.922401364675913], [72.62581421636798, 22.92220045308143], [72.62491676699274, 22.922098104923837], [72.6241463212944, 22.922047002250306], [72.62412630824414, 22.922044869073787], [72.62413474431371, 22.921710465795996], [72.62410484504156, 22.921264881029366], [72.62355113385627, 22.921041840647046], [72.62337557725563, 22.921012083618777], [72.62298568429699, 22.92096912626696], [72.62295625108156, 22.92082345338291], [72.62290344226153, 22.920421363223003], [72.62287375252126, 22.92005401628486], [72.62286297712186, 22.91969148288742], [72.62242158047613, 22.9195146367105], [72.62177722998537, 22.919402909903997], [72.62106108526271, 22.91930676952726], [72.62049934115082, 22.919209701295685], [72.6199386092541, 22.919128440014394], [72.619746907326, 22.919117393346056], [72.61960243064316, 22.91910906699779], [72.6187627133602, 22.91905586510015], [72.61840707999248, 22.919029750782244], [72.61837091713977, 22.919329892467555], [72.61836240767724, 22.91940051774549], [72.61829883492301, 22.919393632455417], [72.61748646397992, 22.919398639791797], [72.61696127111117, 22.91943805138359], [72.61647130387425, 22.919498055918773], [72.61588249182255, 22.91954797420376], [72.61580480106711, 22.91963578780009], [72.61490102938572, 22.919779862771534], [72.61484989792868, 22.920141288063462], [72.61485549236066, 22.92040441336083], [72.61468157999704, 22.92044001840459], [72.61469282689927, 22.920740204796832], [72.61425506613075, 22.920760314360006], [72.61416498263958, 22.920798198929326], [72.61412683878824, 22.920831745272558], [72.6139533457816, 22.921161918275136], [72.61385176568018, 22.9213667732049], [72.61376507444359, 22.921546053348802], [72.61367447601401, 22.921712853902513], [72.61359673634978, 22.921852138855407], [72.61355268198064, 22.921952756663053], [72.61347337842028, 22.92213716454339], [72.61340559411367, 22.92231171271555], [72.61333507429329, 22.922407818405237], [72.61326902545375, 22.922511740957596], [72.61319466602497, 22.922722975774466], [72.61313544634739, 22.92279135644586], [72.61308718725688, 22.92282287794086], [72.61286775112819, 22.922910347404883], [72.61280727487173, 22.922914233504045], [72.61273221423875, 22.922919057608564], [72.61242167226376, 22.92283436639497], [72.61236749085441, 22.922835939244603], [72.61167916177497, 22.922898437324278], [72.61140369812804, 22.92294564881326], [72.61080153394018, 22.92294733412365], [72.61048801720708, 22.922885286361034], [72.61044399989791, 22.922873551688802], [72.61032745673828, 22.922833721321208], [72.60991870158614, 22.922761255615516], [72.60922176357418, 22.92262989366359], [72.60918907326636, 22.923761236894073], [72.60918357239281, 22.924309592656883], [72.6091817923918, 22.92488093470265], [72.60914138096778, 22.924926032967168], [72.60888169791596, 22.925390693697963], [72.60859769530255, 22.92585041199537], [72.60852316718476, 22.92598275819446], [72.60830447274122, 22.926379742007367], [72.60804200823839, 22.926934256305003], [72.60785319104667, 22.92734799327214], [72.60781378965888, 22.927449810356716], [72.6077468540226, 22.9275274280595], [72.60774205562831, 22.927535421347265], [72.60766677830334, 22.92766081948443], [72.60765312809998, 22.9276835583838], [72.60765380013457, 22.927683641642027], [72.60762612790967, 22.927728535135444], [72.60760889956768, 22.927743403636576], [72.60757152631498, 22.92777693175953], [72.60756944299372, 22.927777456476232], [72.6075612622951, 22.927784516728124], [72.60755426121332, 22.92779477894232], [72.60752083111346, 22.92779005524456], [72.60748459169716, 22.927807868232243], [72.60747628478683, 22.927821833002426], [72.60727333441486, 22.928162982932843], [72.60709120874895, 22.928474582810985], [72.60693353612649, 22.92869495485601], [72.60660751711035, 22.92914376006596], [72.60659781977085, 22.929178091742394], [72.60654014085809, 22.929279613746402], [72.60644123545147, 22.929448672563957], [72.60632048953127, 22.929671863250768], [72.6062301794311, 22.92983603559516], [72.60618889937601, 22.92989768347997], [72.6060506168046, 22.93010420094445], [72.60586754145088, 22.93044702874362], [72.60553083510676, 22.93117364095004], [72.60546234807512, 22.931347245853814], [72.60543440376979, 22.931404968936558], [72.60524851294849, 22.93182336089606], [72.60505942145893, 22.93219313814162], [72.60487839080102, 22.93254440479058], [72.60473166205568, 22.932840167616426], [72.60472271524844, 22.932861657294197], [72.60441401306359, 22.932813584596875], [72.60395105787111, 22.932724386854776], [72.60349598461043, 22.93261754248614], [72.6033402647761, 22.932563133192687], [72.60311176816003, 22.93244582780358], [72.60269002339051, 22.932300259027798], [72.60266935031964, 22.932291218417937], [72.60242945279491, 22.932134786824243], [72.60220979039607, 22.931999613738977], [72.60202767588119, 22.93188507163366], [72.60190417076402, 22.931825161436215], [72.60171768788474, 22.931776191796526], [72.60161461101599, 22.931749124284753], [72.60151763427501, 22.931720428188545], [72.60104456914542, 22.931694988463097], [72.60065983030499, 22.93171212640453], [72.60048378571123, 22.931733460539494], [72.60001945059645, 22.931828910614588], [72.59985629101115, 22.931868005552964], [72.59981556974381, 22.931896439755327], [72.59975499857886, 22.931886245425417], [72.59974255944876, 22.931820856360435], [72.59969005197729, 22.93154484352159], [72.59968236102789, 22.931504416392333], [72.59966072478112, 22.931351634681633], [72.59965482475462, 22.931309968923365], [72.599623791059, 22.931090829410454], [72.59961958574473, 22.931071179614595], [72.5996127015268, 22.931039008125584], [72.5996013337723, 22.930985885312193], [72.59959017672557, 22.9309337479289], [72.5995516891307, 22.930753886475305], [72.59950977699879, 22.93055802620458], [72.59945982369399, 22.930324586331015], [72.59945209304685, 22.93028846132422], [72.59944650200748, 22.930262331049942], [72.59944155501368, 22.93026009130122], [72.59942801652528, 22.93025396232705], [72.59940635164624, 22.930244155194025], [72.59935153839895, 22.930226904041664], [72.59934318244558, 22.930213251017037], [72.59933088917036, 22.930193163774472], [72.59932034098597, 22.93017592778468], [72.59930150945348, 22.930037567325204], [72.59930183578989, 22.93003757767929], [72.59930009628572, 22.930024571851824], [72.59928000839487, 22.929874384703087], [72.59927985850227, 22.929873267481216], [72.59924447766926, 22.92960873995087], [72.59922911142341, 22.92949385768566], [72.59921697176733, 22.929403106342054], [72.59925109199264, 22.929402905748354], [72.59936180750577, 22.92940225517969], [72.59935024502519, 22.929335809544398], [72.59928873963541, 22.92898236031848], [72.59921567311345, 22.92856246274872], [72.59973807699228, 22.928531748363664], [72.5998136925375, 22.928527301987906], [72.59983202048204, 22.928520159116886], [72.5998261793416, 22.92848090200845], [72.59979620001668, 22.92827940645642], [72.59977515271724, 22.92813794569403], [72.59976810559718, 22.928103296275875], [72.599760873727, 22.92806773765468], [72.59976005659315, 22.928063722292237], [72.59970414783761, 22.9277888352505], [72.59969723971702, 22.927754872253196], [72.59969704417892, 22.927753911427693], [72.59969200319573, 22.92775468561325], [72.59969136207494, 22.927754784251377], [72.59935148682277, 22.92780696515656], [72.59933823198618, 22.927749441538488], [72.59933428540866, 22.92773231445624], [72.59929415144433, 22.92755814727984], [72.5992900690752, 22.92754043042177], [72.5992843622031, 22.92752010066849], [72.59927309700669, 22.92747997154508], [72.59927259352158, 22.927478179098443], [72.59926485292029, 22.927452354850015], [72.59925134634551, 22.927407286920808], [72.59923402331059, 22.927349487788675], [72.5992206842274, 22.927304982125847], [72.59918772539905, 22.92719501936264], [72.59918551618907, 22.927187648005816], [72.59918464446893, 22.927184739547688], [72.59918376996885, 22.92718182292235], [72.59917820091466, 22.927163241261074], [72.59916762348399, 22.92712794347406], [72.59917882720227, 22.927125236662338], [72.59936224113642, 22.92705663806154], [72.59949962806611, 22.927005253596274], [72.59953771362524, 22.926991009383585], [72.5995365358608, 22.92698439663465], [72.59952873776511, 22.926940603154076], [72.59951883154693, 22.92688497551693], [72.59948997229097, 22.926722918414896], [72.59946936716409, 22.92660720487027], [72.59944152229227, 22.926481098949598], [72.59931007904524, 22.925885791375897], [72.59930797689815, 22.925876272983057], [72.59931880146382, 22.925836301977807], [72.59941072050287, 22.9254968964033], [72.59940495136378, 22.925424762302487], [72.59940345323585, 22.92540602645904], [72.59939841164442, 22.92534298821213], [72.59938863829849, 22.925220787599113], [72.59938720085961, 22.925202811023173], [72.59937909274684, 22.925112976505808], [72.59937199806268, 22.925034376379656], [72.59936694749263, 22.924978426759886], [72.59936619564236, 22.92497010152665], [72.59935388873146, 22.924905533278523], [72.59933676612206, 22.92481569962574], [72.59932745342559, 22.92472956640969], [72.59932428040345, 22.924696483253378], [72.59931366665153, 22.924585799547426], [72.59929841106417, 22.924426721592923], [72.5992860469982, 22.924297787541743], [72.5992777886024, 22.92421167117372], [72.59927257761976, 22.92411418322463], [72.5992558897394, 22.92380194930696], [72.59925409565311, 22.923768379635302], [72.599238131325, 22.923769139350124], [72.59914716513933, 22.923773465369976], [72.59907301483688, 22.923776992160718], [72.5990552075595, 22.923777967732466], [72.59905520202416, 22.92377783945152], [72.59905456865701, 22.923763126913677], [72.59904824452373, 22.92361628967094], [72.59904562858455, 22.92355553878568], [72.5990406170174, 22.92343917545821], [72.59903901117048, 22.923401897234854], [72.59903257179612, 22.923252364297845], [72.59903237321147, 22.923247762444202], [72.59903206278265, 22.923240548911604], [72.59902687406493, 22.92312008149341], [72.59902298498832, 22.923029770915107], [72.5990159512939, 22.922866461324066], [72.59901449285167, 22.92283259700023], [72.59901382212752, 22.92281701811361], [72.59900701439783, 22.922816405950694], [72.5990052570058, 22.92281624755694], [72.59895697912408, 22.922811907831555], [72.59867478528042, 22.922786539272217], [72.59863901453448, 22.92278332397903], [72.59862081290561, 22.922781688071737], [72.59860902005066, 22.922780627611033], [72.59849855829049, 22.922777863879165], [72.59845990686743, 22.92277689625771], [72.59836348335767, 22.922774483876882], [72.59827013249757, 22.922772147726278], [72.59826209826183, 22.922771946703175], [72.59818653534317, 22.922770055721916], [72.59814628526028, 22.92276904848436], [72.59808558378047, 22.922767529510207], [72.59804620562008, 22.922766543567732], [72.59800549474508, 22.92276552480702], [72.59790637958649, 22.922763043426794], [72.59787059703586, 22.92276265443988], [72.59785944841909, 22.922762533555048], [72.59783198079396, 22.92276223519585], [72.59774458684662, 22.922761284408285], [72.59763617513524, 22.922760104819016], [72.59755336887086, 22.922759204407953], [72.59753051524571, 22.922758955976413], [72.59745874853793, 22.922752757090535], [72.597402767256, 22.922747922014477], [72.59735803750567, 22.922744058929194], [72.59724883286167, 22.922734627248488], [72.5972270908197, 22.922736946904426], [72.59716766296864, 22.922743286746144], [72.59694163295418, 22.922767403555202], [72.59646461805121, 22.92238326669694], [72.59643674707661, 22.922360821819428], [72.59633874123598, 22.9223782313366], [72.59603056803866, 22.922295745657213], [72.59598874947324, 22.922284553156604], [72.595891310611, 22.922258473373194], [72.59588683118918, 22.922243845229982], [72.59579549581743, 22.921945573689367], [72.5957593207206, 22.921945131349208], [72.59567697596208, 22.921944125036372], [72.59532673089358, 22.921939844618652], [72.59517277557636, 22.92193796254236], [72.59516229966134, 22.92193783451178], [72.59514185867292, 22.921857044179166], [72.59508711982372, 22.921640699418035], [72.59505138170704, 22.92149944909335], [72.59484730398427, 22.921531737335513], [72.59476011447342, 22.921545532510994], [72.59476064767856, 22.921552260097922], [72.59479198771893, 22.921947377617794], [72.59479673792993, 22.922007258898425], [72.59479858831389, 22.922028363601697], [72.59477074913353, 22.92202709580901], [72.59466924381687, 22.92202247180728], [72.59449755968878, 22.922014651741524], [72.59446608787546, 22.9220204591177], [72.59443537869437, 22.922054875892417], [72.59441951153072, 22.922072658811345], [72.59441326131079, 22.922079663663265], [72.59451852621838, 22.922164987905397], [72.59413700380047, 22.92216420308467], [72.59408126997369, 22.922164088617336], [72.594002690817, 22.92216392664611], [72.59351419378149, 22.92214819341502], [72.59348740102345, 22.922147330366286], [72.59343233978053, 22.922145557504063], [72.59330993674868, 22.922176552412424], [72.59304150322927, 22.922244523950233], [72.59304079536423, 22.922244595369726], [72.59287641282904, 22.922261106239812], [72.59287292020032, 22.922261798978507], [72.59285094005043, 22.922263697331456], [72.59284861787623, 22.922263897742113], [72.59257675977763, 22.922291202513165], [72.59256198455013, 22.922292686488746], [72.5924743117813, 22.922293536883664], [72.59231927117561, 22.922295039982483], [72.59225224062645, 22.92229568879501], [72.59196921404052, 22.922319805944955], [72.59197158780721, 22.922392255978288], [72.59197185115411, 22.92240029213299], [72.59197317023784, 22.922440560513053], [72.59198042458291, 22.922661960757114], [72.59183928575928, 22.922660978529745], [72.59151306278689, 22.922658707052786], [72.59125299719236, 22.922656895476695], [72.59122284888832, 22.92265668529228], [72.59119492343072, 22.922656490782217], [72.59114111705412, 22.922656114721924], [72.59112822462407, 22.923410191418018], [72.59112646857068, 22.923512879206566], [72.59111763959706, 22.924029227997032], [72.59115940820965, 22.92428902961858], [72.59118429684828, 22.924443834728617], [72.5912233183815, 22.924674806363946], [72.59123997719021, 22.924773415856077], [72.59124735725942, 22.92481710300486], [72.59126610174113, 22.92492805915781], [72.59129760909694, 22.925114559779058], [72.59136480134705, 22.925432186570614], [72.5914204027539, 22.925739155997476], [72.5914643211686, 22.9259946649139], [72.59150346146203, 22.926222376516876], [72.59153765134643, 22.926421284287365], [72.59162481109725, 22.92688604258794], [72.59168758867784, 22.92722079058554], [72.59171284560041, 22.927416424654666], [72.59172763787451, 22.92751793084003], [72.5917788101006, 22.927869068050036], [72.59178129161353, 22.927886093574724], [72.59179590663378, 22.927986383711445], [72.59189218427176, 22.9279836160924], [72.59189423991086, 22.927983557007856], [72.59189425004286, 22.927983976057817], [72.59189435449706, 22.927985564753993], [72.59189521623574, 22.92799861687838], [72.59190067619461, 22.928081335136664], [72.59191357847949, 22.92827680968924], [72.59191652484706, 22.928321446985], [72.59192630287507, 22.92846955781182], [72.59192976125952, 22.928521947039854], [72.59193713433125, 22.928709207121102], [72.59194262990597, 22.92884876308641], [72.59194272529619, 22.92885119485409], [72.59194639402831, 22.92894437096888], [72.59194844930899, 22.928996570983028], [72.59195142258663, 22.929072087833287], [72.59195615728696, 22.929192337746255], [72.59195782178638, 22.92923461554574], [72.59196506597362, 22.92941858117364], [72.59197259880189, 22.929609867417398], [72.59197281461945, 22.929615354259894], [72.59197625544388, 22.929702734588197], [72.59197921140901, 22.929777797066745], [72.59199373919886, 22.930146749060196], [72.59199794717591, 22.930253630530956], [72.5920039060688, 22.93040495690951], [72.59200461161309, 22.93042419440727], [72.59198294875385, 22.93047039923612], [72.5919731489936, 22.930491299142325], [72.5919438134607, 22.93055386530702], [72.59193348920489, 22.93060871220976], [72.5919326963518, 22.930612924347137], [72.59192071521551, 22.93067658174084], [72.59191317498485, 22.93071664251184], [72.5918999695445, 22.93078680580844], [72.59193278178256, 22.930788158729566], [72.59190396207306, 22.930944649390348], [72.5918989045013, 22.93102806295524], [72.59189577068749, 22.931079755379063], [72.59188400718774, 22.931273806494698], [72.59194132459788, 22.931349959417222], [72.59197353977478, 22.931397193162873], [72.59199296283585, 22.931428355340408], [72.5920916551194, 22.93166826095314], [72.59226299022782, 22.931787071292298], [72.5923136511174, 22.931870210021877], [72.59248087682913, 22.93211161221583], [72.59254608588077, 22.932226791492948], [72.59255890047311, 22.93224942666915], [72.59263879748416, 22.932355946194395], [72.59268492996011, 22.932533679437558], [72.59268480828322, 22.932533670369054], [72.59262741072006, 22.932525322554355], [72.59251508015012, 22.932508984751912], [72.59245208956462, 22.932499823454254], [72.59243048637599, 22.93249668163846], [72.59214658416015, 22.932484177849588], [72.59207001309454, 22.93248080575499], [72.59204975420063, 22.932479913286073], [72.5919938759901, 22.932482490434865], [72.59187831513343, 22.932487820753927], [72.59186936010474, 22.932488233735683], [72.59182712314397, 22.93248379371691], [72.59155575843967, 22.932455270422107], [72.59136945634371, 22.932435687377158], [72.59136947174031, 22.932434982529628], [72.59136623733448, 22.93243483773261], [72.59136558189434, 22.932418778833195], [72.59135634540307, 22.932192240725595], [72.59134252427677, 22.932098873514768], [72.59131811073154, 22.932068379404402], [72.59113880706391, 22.932034612061656], [72.59105553672191, 22.93202284292643], [72.59100374045305, 22.932015522102255], [72.59095166710132, 22.93200816184557], [72.59085145808166, 22.931993997607282], [72.59081192108307, 22.9319884093483], [72.59078399969376, 22.93198446268733], [72.59068238092516, 22.931970099991023], [72.59067508604649, 22.931969069273023], [72.59067452352811, 22.93196907607868], [72.59064279384333, 22.931969434761083], [72.59063510099651, 22.931969521974835], [72.5906229850787, 22.93196965938566], [72.59062015400463, 22.93196969132673], [72.59061777429987, 22.93196971838562], [72.59058561955625, 22.931970082338218], [72.59057794913751, 22.93197016898697], [72.5905550889822, 22.931970427614402], [72.5905545410963, 22.931970433739043], [72.59051506201789, 22.931970880552125], [72.59050494365265, 22.931970995023935], [72.59050341989791, 22.931971012509788], [72.59050264292486, 22.93197102057207], [72.59047052230402, 22.931971384116626], [72.59045047422599, 22.931973234625772], [72.59042867662808, 22.931975247246864], [72.5904267914069, 22.931975421745218], [72.5904231361871, 22.931975758949772], [72.59038123313633, 22.931972511705208], [72.59038033180379, 22.931972442043687], [72.5903797672569, 22.931972398261095], [72.59036326982392, 22.931971119435868], [72.59031819850397, 22.931967626346946], [72.59031814788149, 22.931967622869738], [72.59028698584375, 22.931965207695484], [72.59028118074502, 22.931964757511185], [72.59018877311395, 22.931957596038117], [72.59018543142535, 22.93195712548596], [72.59014466519761, 22.931951382974493], [72.5901402744316, 22.93195076468], [72.59010227916818, 22.931945412722026], [72.58996986214397, 22.931926759368565], [72.5898801831428, 22.931914124909397], [72.58983490562836, 22.931907746840118], [72.58982920928011, 22.93190616438442], [72.58981725889163, 22.931902843845755], [72.58981661292557, 22.93190266430837], [72.5898162685765, 22.93189932235753], [72.58980080992843, 22.931490482866145], [72.58978355798745, 22.931364033919873], [72.58978793364885, 22.931198156335043], [72.58982408486206, 22.930904185734384], [72.58968582679748, 22.930920478149773], [72.58936977786165, 22.930942907757952], [72.58926764464786, 22.93094350559608], [72.5892388906729, 22.930910691893946], [72.58914100294444, 22.930798979120645], [72.58877449140404, 22.930350795429028], [72.58807503129171, 22.930111233109514], [72.58815928128939, 22.929928984309516], [72.58826259631104, 22.929705493187235], [72.58774347271326, 22.92936306646155], [72.58744673912452, 22.929243733682767], [72.58719946898034, 22.929144292581352], [72.58697252158925, 22.928288213977112], [72.58685690545455, 22.92790656038456], [72.58683277122645, 22.9275274453709], [72.58681179014756, 22.92722322059644], [72.58681555890439, 22.926937835166825], [72.58679793722474, 22.92684082769439], [72.58663422309158, 22.926751391122774], [72.58634730569435, 22.926702120851147], [72.58614903026834, 22.92667115824528], [72.58602016879001, 22.926621721233154], [72.58577523329369, 22.926550291289264], [72.58555878352685, 22.92647290894162], [72.58517144417014, 22.92627921682699], [72.58511072499503, 22.926248853768303], [72.58481528789834, 22.926060632711017], [72.58459110650247, 22.925876178792617], [72.58450401594375, 22.925813715367884], [72.58418347256934, 22.925567555529586], [72.58402446748289, 22.92546416241183], [72.58388060622849, 22.92537089880047], [72.58352002707859, 22.925211057879245], [72.58348686611967, 22.925197699926002], [72.58311397249513, 22.925035602340525], [72.58273312064003, 22.924876320398724], [72.58259229993376, 22.924826478356763], [72.58222632073485, 22.92474759041717], [72.58199431786258, 22.924684817463163], [72.58165270483796, 22.924579289843003], [72.5814270934395, 22.924505148068576], [72.58136702299379, 22.924417286813465], [72.58120044061455, 22.924326690913873], [72.58107330670565, 22.924257548732626], [72.58080074685078, 22.92406827561661], [72.58053657359365, 22.923884042908828], [72.58017701239253, 22.92364369251953], [72.58002031793583, 22.923581039497787], [72.57973427060908, 22.923497852469946], [72.57943180616803, 22.923395306149747], [72.57905164050827, 22.92326840400548], [72.57900021612943, 22.923259975672668], [72.57896426070423, 22.923251783293473], [72.57868146637415, 22.923145235690797], [72.57839655981313, 22.92304152263876], [72.57809113144677, 22.92293176234388], [72.57789433030136, 22.92286187698317], [72.57780838956523, 22.922822347723276], [72.57764832189235, 22.92277499832842], [72.57757226812245, 22.922759505795742], [72.57749423760127, 22.92273920550525], [72.5772286769784, 22.92266421000856], [72.57711868613204, 22.922904207080446], [72.57708181702615, 22.922969511587233], [72.57705579432249, 22.92299894421157], [72.57704327438508, 22.923003378056542], [72.57697451239545, 22.92299951521188], [72.5768755791681, 22.922980089882397], [72.57675291743482, 22.922931877956202], [72.57648091097403, 22.922723630759425], [72.57646083060857, 22.9227082575259], [72.57576223491587, 22.92223129655229], [72.57547000130198, 22.922018289025292], [72.5753542017503, 22.921933484469697], [72.57516712143405, 22.921781061822593], [72.57501032543932, 22.921665923626573], [72.57481426040948, 22.92155496192134], [72.57471339814869, 22.921484627539517], [72.57469521110639, 22.921463330065684], [72.57465020932429, 22.921376652036265], [72.57462141351108, 22.92132843928265], [72.5745765758909, 22.92131222800742], [72.5742945493574, 22.9212502968785], [72.57406958176904, 22.92122708847795], [72.57402369475896, 22.921143845413997], [72.57402036547978, 22.920973141817765], [72.57400598033836, 22.920825304722054], [72.57400865813389, 22.9207180351029], [72.57404343262691, 22.920416467349437], [72.57404717985855, 22.920231973506887], [72.57405012479757, 22.9200869390064], [72.57405153928454, 22.92001108326919], [72.57405002572588, 22.919981208615166], [72.57403910376489, 22.919765606255545], [72.57405954218233, 22.919642320902877], [72.57404864836096, 22.91955902948198], [72.5740149398411, 22.919427501086343], [72.57400899195203, 22.919406924160707], [72.57391567165145, 22.919084049171612], [72.5738637220108, 22.918815728977282], [72.57373231157854, 22.918448260919643], [72.5736826556259, 22.918268354885186], [72.57358515444217, 22.917951566549142], [72.57356255008759, 22.917944391451563], [72.57353771872971, 22.917936509733767], [72.57300714123957, 22.918086353510112], [72.57298147519818, 22.91805475901476], [72.57277748823496, 22.917757268746044], [72.5724325249259, 22.917254178830646], [72.57242818990342, 22.91724718456161], [72.57210449519009, 22.916246235264765], [72.57204823928832, 22.916060639704515], [72.5719722209977, 22.915768542713455], [72.5718971681123, 22.915465711000238], [72.57184924543586, 22.915463545298916], [72.57183612154473, 22.915458045215384], [72.57177760876513, 22.915316266066412], [72.57169539920051, 22.915067785352594], [72.57157604708627, 22.914689751911357], [72.57152779971436, 22.914484069885393], [72.57139440036872, 22.914503526375885], [72.57132773996958, 22.914511105647172], [72.57129059387928, 22.914511971004025], [72.57124246723488, 22.9145212664919], [72.57115711785129, 22.914535726082747], [72.57100967195315, 22.91456213364907], [72.57081110716108, 22.914592057957737], [72.57078161835527, 22.914597339421764], [72.57074269512813, 22.914611076446466], [72.57068955681433, 22.914624276355063], [72.57066788014727, 22.91461080732909], [72.57062913706186, 22.914542138168795], [72.57050631118832, 22.914342910722187], [72.57045410591002, 22.914274504962854], [72.57042445308757, 22.914235651218572], [72.57011695901897, 22.91434440443127], [72.56991749111177, 22.914378476545654], [72.56983661634618, 22.914393458917097], [72.56980760790688, 22.91440065874819], [72.56976830558213, 22.91440674585133], [72.56972269822973, 22.91441942335123], [72.56970190501484, 22.914428660116094], [72.56967705579473, 22.914434012397788], [72.5696471187975, 22.914435464399553], [72.5694777979305, 22.914479461336498], [72.56945641994544, 22.91448700542181], [72.56937450130567, 22.914511548303295], [72.56932474006152, 22.914523366732855], [72.56930648251507, 22.91450584401716], [72.56928996547778, 22.91450929886279], [72.56911608890012, 22.914542943836917], [72.56881609084681, 22.914592810434463], [72.56878225124197, 22.914581782002873], [72.56874292385814, 22.914555083859742], [72.56859960211557, 22.914536488943373], [72.56839748908983, 22.914533850213886], [72.56823993076382, 22.914519970634895], [72.5680622660468, 22.91450578380344], [72.56791556163118, 22.914490638357968], [72.56772446240561, 22.914449014682088], [72.5675657162453, 22.91441505278587], [72.56746231916397, 22.91440057046678], [72.56734477025233, 22.91439876929866], [72.56721038840617, 22.914386677466922], [72.56714862245752, 22.914379998284474], [72.56712694874084, 22.914377684538994], [72.56683565219282, 22.914578712709126], [72.56682998806005, 22.914635952625154], [72.56682108877864, 22.914787732054236], [72.56680111797229, 22.91503966445772], [72.56679388200033, 22.915098312992647], [72.56677924572534, 22.91513821736858], [72.56676047656494, 22.915203807574063], [72.56674522784765, 22.915548734873283], [72.56674388384806, 22.91557089113686], [72.56658761039171, 22.915658308234992], [72.56639046487571, 22.9158107850841], [72.56632892510243, 22.915863585237627], [72.56630779116493, 22.91589192459957], [72.56620127955235, 22.915864017111325], [72.56589590908064, 22.91599787527206], [72.56556424792979, 22.916159992968634], [72.56548811652718, 22.916163602079497], [72.56532146130816, 22.91618254417006], [72.56523237685876, 22.916189537640737], [72.5651172999749, 22.91620807619701], [72.56503283697347, 22.916244998150074], [72.56492555805853, 22.916260073029648], [72.56468598350207, 22.91632868278851], [72.56442253202995, 22.91641597633796], [72.5642836570817, 22.916467589079556], [72.56412160233201, 22.916517652533276], [72.56404633272565, 22.916545160856494], [72.56399016129456, 22.9165860994889], [72.56396818731142, 22.91662840968974], [72.56391939258009, 22.91672235907342], [72.56385160726308, 22.916850422906535], [72.56364809912421, 22.91676728163249], [72.56346126188929, 22.91668917260838], [72.56333618526816, 22.91661798328378], [72.56312095544494, 22.91651268505292], [72.56299989329777, 22.91644776734214], [72.56280059089431, 22.916345818787164], [72.56266629765697, 22.916279305619582], [72.5625360113648, 22.91620285918334], [72.56243117943727, 22.916151926992057], [72.56231390466506, 22.916150481892505], [72.56222860079234, 22.91616230923332], [72.56216546527031, 22.916160145316084], [72.56193806778772, 22.916043194321936], [72.56186442084359, 22.91599844087228], [72.56172635234066, 22.915914541009265], [72.56149590752216, 22.915823816248608], [72.56130838866771, 22.915762048252923], [72.56106833020492, 22.915668557160558], [72.56096072884912, 22.915629641754904], [72.5607354364517, 22.915481669479902], [72.56066257305632, 22.915465638674004], [72.5599359120072, 22.915123749656225], [72.55986559988601, 22.91521367545101], [72.55973132310869, 22.91533964097831], [72.55968509781948, 22.91538670280735], [72.55954596224537, 22.915568008781396], [72.5594653281728, 22.91567903433344], [72.55943396658921, 22.915702437935476], [72.55942713660316, 22.91572383082213], [72.55941238113982, 22.91575585035651], [72.55930759929444, 22.915847394528534], [72.55915848647433, 22.916038579274783], [72.55904397623144, 22.916169386297483], [72.55879317248139, 22.91642349970106], [72.55871990137769, 22.91648328252027], [72.55844500160646, 22.9168588429966], [72.55818197854899, 22.91721905957598], [72.55805378530569, 22.91739384446407], [72.5579541833403, 22.91755593183643], [72.55776624494302, 22.917683220255753], [72.5575509900116, 22.917967734899086], [72.55741959190928, 22.91810544690009], [72.5572557347017, 22.91825579559718], [72.55710424815182, 22.918363340570753], [72.55691310420404, 22.918434512368766], [72.55601957986391, 22.91870670434042], [72.55575384767886, 22.91876569338147], [72.55550777107405, 22.91882759097605], [72.55485813668817, 22.91894377994329], [72.55425406451349, 22.919035793086096], [72.55389058958446, 22.91917350801138], [72.55373530663047, 22.919282942788275], [72.55347599019255, 22.91946569354929], [72.5528764276645, 22.919826684223562], [72.55257462019601, 22.920026614384817], [72.55198384170616, 22.920300313774867], [72.55140986925757, 22.92055707308155], [72.55116847632087, 22.920673734047956], [72.55066331333352, 22.920889511607225], [72.55012389750175, 22.92121750174894], [72.54956627529386, 22.921539713583194], [72.54945520936957, 22.921604644309653], [72.54897176340405, 22.921905543462007], [72.54833092950204, 22.922208790058036], [72.54799035078152, 22.922398796851304], [72.54763465838538, 22.922604691035417], [72.54735547699585, 22.92278609004973], [72.54710226642635, 22.922957141486542], [72.54676442342787, 22.923174058687188], [72.54660640823458, 22.923242548756555], [72.54645020203573, 22.923146151718196], [72.54624444945665, 22.923024525195434], [72.54573056678589, 22.922906317486095], [72.54539631995515, 22.92281635280322], [72.54511565593344, 22.92272338398587], [72.54472432741831, 22.92256829105877], [72.5443351413482, 22.922417451735082], [72.54405966022462, 22.92234478884521], [72.54374888894317, 22.92226943707259], [72.54355447887384, 22.9221969202785], [72.5431846855815, 22.92202638385466], [72.54296184220942, 22.92194339465098], [72.54268830624385, 22.921840272123987], [72.54228103051436, 22.92168921749028], [72.54235241168263, 22.921548918192205], [72.54226282089901, 22.921473652649297], [72.54209562867167, 22.92137487517148], [72.54198898375238, 22.921311597795167], [72.54183413491498, 22.921233242315374], [72.54171735822806, 22.92118843923603], [72.54161375799738, 22.921148500266934], [72.54147275231458, 22.921025570623208], [72.54122026397395, 22.920817441944262], [72.54104000326605, 22.92067180583796], [72.54079496262118, 22.9205095244843], [72.54059151548098, 22.920382884975787], [72.54041384380997, 22.920261896966473], [72.54027018868693, 22.920149198851288], [72.54020838031525, 22.920087809578998], [72.54018772254192, 22.92003231303914], [72.54018761866945, 22.920032236499477], [72.53989440399542, 22.919782698497023], [72.5398757730493, 22.919803843297252], [72.53965240153876, 22.92005733643198], [72.53947903760184, 22.920251349045813], [72.5393681852833, 22.92039258776452], [72.5392323442915, 22.920515599346235], [72.5391633801403, 22.92046751932102], [72.53903940278926, 22.92039322300502], [72.53890396783508, 22.920310866865467], [72.53873412008141, 22.920206479354373], [72.53854496528213, 22.92010035957701], [72.53843941877578, 22.92003065486381], [72.53835385255026, 22.919974144281085], [72.53832575840326, 22.919995599819764], [72.53819383473927, 22.92009634665426], [72.537955702895, 22.920260331569175], [72.53778919575916, 22.920363443077573], [72.53760260135364, 22.92048654603152], [72.53743925008438, 22.92060762153443], [72.53716392735983, 22.920789061802527], [72.53700455993942, 22.92090509887707], [72.53696350476854, 22.92093499250881], [72.53675325193619, 22.921066651071925], [72.53652791554042, 22.92115264521056], [72.53621975842849, 22.921295953883362], [72.53597972045337, 22.921451068701323], [72.5356517321131, 22.92164996045486], [72.535390778875, 22.92183508432971], [72.53519160779094, 22.921958690275364], [72.53485099139444, 22.92221006776929], [72.53439972413096, 22.92260935462375], [72.53404250061553, 22.922856038654334], [72.53393480467678, 22.92293594832065], [72.53380412571322, 22.92303291062516], [72.53372384007653, 22.92318536267], [72.53359626024435, 22.923311850066916], [72.53328856871703, 22.923532274876592], [72.53309251824754, 22.923782122244372], [72.53304469612635, 22.92391183493438], [72.53298891897828, 22.92406312915082], [72.5314335649429, 22.925306499595006], [72.53698119836143, 22.930461308141034], [72.5391602306369, 22.932545328069896], [72.54214961259837, 22.935786331486], [72.54293774367741, 22.937950514898535], [72.54229256695022, 22.943786558538534], [72.53992989914221, 22.947993293617756], [72.5375352349082, 22.950092791569105], [72.53415086005545, 22.951162251594006], [72.52976099231932, 22.95062641092844], [72.52348803374399, 22.949680044162335], [72.51895578724985, 22.950184192908356], [72.51602426437546, 22.951234889338117], [72.51355968152545, 22.953038314367845], [72.5123002849621, 22.95550877806525], [72.51185974340723, 22.958094102875783], [72.5151204784514, 22.96521743959789], [72.51569690054151, 22.966050641336714], [72.51877057206576, 22.970493331159755], [72.52200635963474, 22.973674692915832], [72.5286399123659, 22.975939721202476], [72.53299500350298, 22.977496660346674], [72.53664575693723, 22.978853559692933], [72.54045018114704, 22.981264591227966], [72.54287128335349, 22.982316261481834], [72.5428717999542, 22.982316486159558], [72.55126514222806, 22.98629013944075], [72.55576389200678, 22.99012317192872], [72.55795915466067, 22.991655068764658], [72.55884570715428, 22.99234022459491], [72.55980771843605, 22.993094791287923], [72.5608595829887, 22.993949048119227], [72.56178088311846, 22.994697255298547], [72.56237641516364, 22.99518089143675], [72.56282241875637, 22.9955430902479], [72.56301504689685, 22.99568487761609], [72.56401932406527, 22.996424081453515], [72.56402564432119, 22.996428733196055], [72.56435317291556, 22.996669809045695], [72.56522069814983, 22.99771403064863], [72.56595683036251, 22.99860008058193], [72.56725732987339, 23.00016539496827], [72.5688389602689, 23.00208749570584], [72.57095533318359, 23.00475694727509], [72.57278998781474, 23.007839172564406], [72.5743671550027, 23.011290293579957], [72.57463673495515, 23.01124265138012], [72.57490810314644, 23.01119731201474], [72.57499981719968, 23.0111824747546], [72.57512176620772, 23.011162177635203], [72.57522239555868, 23.01114518380342], [72.57534163842382, 23.011126182056707], [72.5754555193122, 23.01110690757629], [72.57562238895385, 23.01107965449563], [72.57573915526599, 23.011060614497932], [72.57586897424054, 23.011038908046604], [72.5759658672681, 23.011023003921704], [72.57607187548228, 23.01100532727632], [72.57617642848385, 23.010988202435154], [72.57628595830901, 23.01096981583257], [72.57642239098395, 23.01094763694769], [72.57648429839394, 23.010937311185465], [72.57656958944095, 23.010923712536716], [72.57670376007441, 23.010901116884252], [72.57696974992031, 23.010856306306327], [72.57704109192544, 23.01084303005683], [72.57715654403651, 23.01082154580073], [72.5774831842365, 23.010758470753096], [72.5776397132671, 23.010727904672976], [72.57782302445837, 23.010693090038018], [72.57803471722555, 23.01065118580992], [72.57823865224242, 23.010610236872246], [72.57843644077487, 23.010566685683205], [72.57861645446508, 23.010521429545122], [72.57875913021036, 23.010486350400903], [72.5790157568782, 23.01042419775907], [72.57918910228805, 23.010380425107375], [72.57934065827469, 23.010346555572347], [72.57950106909048, 23.010315330154206], [72.57974602604023, 23.010271005536747], [72.57980493704301, 23.01025936690657], [72.58000338159103, 23.010223326721995], [72.58004461585895, 23.010216622204393], [72.58027867488921, 23.01017345536224], [72.58042105191316, 23.010147864634217], [72.58059061839828, 23.010126399899043], [72.58067638841827, 23.010118327695157], [72.58080409179108, 23.010119683268265], [72.5809113997867, 23.01012054550103], [72.5809211421129, 23.010120624012597], [72.58092760904752, 23.010120675926046], [72.58105258355111, 23.010130349333558], [72.58114905967282, 23.01014645359142], [72.58116134284347, 23.010148701488685], [72.58126479821753, 23.010167630630214], [72.58137842045747, 23.010198926110597], [72.58154687962184, 23.010248078813017], [72.58167097798112, 23.01028879041095], [72.58184640462561, 23.010345214660166], [72.58201125330629, 23.010397894857757], [72.58219531673534, 23.010458332667795], [72.58228833384558, 23.010487521582196], [72.58243970420041, 23.010536411387125], [72.58258723152625, 23.01058375095159], [72.5827129272487, 23.010625381733558], [72.58283512393929, 23.010664271392535], [72.58298458597149, 23.010711639254048], [72.58311992921217, 23.010754910284916], [72.58323022711313, 23.010791826802315], [72.58339730751845, 23.01084603200783], [72.58352205786021, 23.010886454263716], [72.58370036120509, 23.010944413687437], [72.5838760583054, 23.01100382542543], [72.58400339944619, 23.011043689236168], [72.58405529081605, 23.01105875266892], [72.5844234140714, 23.01117858440541], [72.58450139864307, 23.011204377452525], [72.58467769522078, 23.011259140041044], [72.58475850011092, 23.01128593206218], [72.5848867824624, 23.011327301860934], [72.5850373670087, 23.011376895020373], [72.5851656367888, 23.011418981221595], [72.58526800489877, 23.01145207306431], [72.58535318071864, 23.01147976657059], [72.58546347463354, 23.011516980368604], [72.58564944928862, 23.011578936723055], [72.58575558908129, 23.011613996100902], [72.58586814036308, 23.011651244071395], [72.58598263770871, 23.011687924914447], [72.58621391534858, 23.011759827082226], [72.58635087355974, 23.01180312011799], [72.58646570358046, 23.01183920806001], [72.5866361863397, 23.011895345112084], [72.5868149168114, 23.011957634751898], [72.58692449710175, 23.01199871776499], [72.5874160692498, 23.012186912686605], [72.58756846256847, 23.012236531135912], [72.58771353537252, 23.012284245819966], [72.58783322291154, 23.01232297438825], [72.58797672849111, 23.012371740167488], [72.58817453430056, 23.012436023576672], [72.58831727971537, 23.01248406066566], [72.58847309280391, 23.01253731265466], [72.5886747116164, 23.012604878325018], [72.58881709583464, 23.012651475860324], [72.58898447321003, 23.012707412425293], [72.58912726384278, 23.012752941574444], [72.58928961046504, 23.012808800280602], [72.58941572455794, 23.012856225544677], [72.58949365856489, 23.01289216639281], [72.58961304159078, 23.012948087991234], [72.58970895342242, 23.012996127271045], [72.58981793299778, 23.013049381415854], [72.58991385037667, 23.0130970622597], [72.59005662777646, 23.01316516274148], [72.59017284561686, 23.01322497639594], [72.59024107511033, 23.01326256113225], [72.59033654303636, 23.013313818047163], [72.59048557369564, 23.01340028666888], [72.59065042710279, 23.013503954909847], [72.59078543574594, 23.01359546487385], [72.59093293125075, 23.01370304845028], [72.59108561507475, 23.013823609886614], [72.5912721185825, 23.01399717216606], [72.59129907927421, 23.014022262031563], [72.59146089489296, 23.013786334885975], [72.59153788050662, 23.01365458423018], [72.59167152353513, 23.013404972377426], [72.59176081872192, 23.01324450174161], [72.59177497098194, 23.013216224321], [72.59182819230698, 23.013105339887677], [72.59201584833845, 23.012665916550237], [72.59203222783773, 23.012615407587187], [72.59209920525875, 23.012403839733704], [72.5921627644549, 23.012225314140142], [72.5922567243457, 23.01189170198543], [72.59227405877434, 23.01181524970828], [72.59236732359881, 23.011431217096792], [72.59237222374811, 23.01141795660091], [72.5924522803898, 23.011420921527737], [72.59280170698224, 23.011529879122413], [72.5928987769012, 23.011551926632567], [72.59293399175944, 23.011561435097434], [72.59314372442587, 23.011613764857273], [72.59335601023267, 23.011675287433707], [72.59361168925467, 23.011736513584225], [72.59398634148532, 23.011818027498492], [72.59437458576623, 23.011896783338795], [72.5944850870029, 23.011929754692275], [72.59496617486072, 23.011993775042793], [72.59497730365284, 23.011995041073163], [72.59511459374218, 23.012023402368115], [72.59529153441794, 23.01205814936903], [72.59556762101302, 23.012089615255338], [72.59586040819802, 23.012157391737144], [72.59608072093893, 23.012175070600748], [72.5962579239613, 23.012198514924172], [72.59626565378753, 23.012199130684607], [72.59626931866094, 23.012200022337925], [72.59647906091118, 23.012251078646816], [72.59667034991132, 23.012320417541442], [72.59672988331904, 23.012346402988438], [72.59690682634894, 23.01240880608343], [72.59697084680278, 23.012329977290555], [72.59708361898382, 23.012195796767063], [72.59719562198057, 23.012056687881618], [72.59729182372539, 23.011935612308108], [72.59743017343848, 23.011756035849846], [72.59775371424504, 23.011944869342727], [72.59790810093762, 23.012004206070838], [72.59801255928997, 23.012021557131135], [72.5981723438389, 23.012032967060172], [72.59830180929072, 23.0120369353925], [72.59860139251808, 23.012029675430203], [72.59868758689456, 23.012033709900127], [72.59914567341052, 23.0120829122605], [72.59931158762474, 23.012108544504706], [72.59989432521486, 23.01222608742493], [72.60023761856364, 23.012299684859666], [72.60052502474767, 23.01236900351873], [72.60071255362986, 23.012416634462085], [72.60095218377943, 23.012472817303635], [72.60139798825871, 23.012563602780038], [72.60144972791653, 23.012572800162822], [72.60190477861767, 23.012653505725275], [72.60210139561435, 23.012768445828065], [72.60212242846535, 23.012774679642067], [72.60359539414905, 23.013130729657792], [72.603628960446, 23.01313884312019], [72.60489966757342, 23.013475783728772], [72.6063172392361, 23.013692115994225], [72.6069390301664, 23.01348383891095], [72.6070676478332, 23.013440756367356], [72.60706810187347, 23.014128916831748], [72.60707810058565, 23.014551083802925], [72.60728089823895, 23.014388194837775], [72.60735613992573, 23.01434311777724], [72.60748385028789, 23.01427129887707], [72.60759709792185, 23.014214788319702], [72.60778964480917, 23.014120899361913], [72.60792070186889, 23.01406412064716], [72.60808971826263, 23.013991194112517], [72.60815772972641, 23.013968336115834], [72.60842692685041, 23.01389214685565], [72.6086582888176, 23.01382493957361], [72.60889434679908, 23.01376562921609], [72.60908857725599, 23.01372529243434], [72.60907181980643, 23.013486926545475]]]}}, {"type": "Feature", "properties": {"objectid": 6, "zone_name": "WEST ZONE", "zone_id": "5", "st_area(shape)": 65410036.81090298, "st_length(shape)": 49856.1333101773}, "geometry": {"type": "Polygon", "coordinates": [[[72.59102401784382, 23.130410773968745], [72.5910261591611, 23.1304108455163], [72.59103044085207, 23.13041098679139], [72.59103221539148, 23.13041104460802], [72.59104582430417, 23.130411494551407], [72.59104626428763, 23.130411508498312], [72.59105351651829, 23.13041174843829], [72.59105782454144, 23.130411891017875], [72.59106242815318, 23.130412043531734], [72.59106598207917, 23.130412161043914], [72.59107248411618, 23.13041237597551], [72.59107752088046, 23.13041254233138], [72.59108616620281, 23.130412827936553], [72.59109764061377, 23.130413207335653], [72.59109770279501, 23.130413332868844], [72.59110269273432, 23.13041349760548], [72.59110406630863, 23.13041354297367], [72.59113230553852, 23.13041447651299], [72.59117578382876, 23.13041591378229], [72.59123926869019, 23.130418012490882], [72.59135927688658, 23.13042198066794], [72.5914274492824, 23.130424233991317], [72.59152866063916, 23.130427578960198], [72.59173212429074, 23.130434303567014], [72.59180693728096, 23.130436776456367], [72.5920439786492, 23.130477554485093], [72.59208177917222, 23.130484056897192], [72.59220140493186, 23.130504635968173], [72.59223231177097, 23.130509952410474], [72.59280512898914, 23.130608492045752], [72.59283935811676, 23.130614383625414], [72.59346944566117, 23.130722833252218], [72.59357931406045, 23.130741743851715], [72.59357944481688, 23.13074169168161], [72.5937231807288, 23.13076641675859], [72.59378407142881, 23.13073843048298], [72.59401072162834, 23.130791551325657], [72.59421907363273, 23.13083892082613], [72.59424900927304, 23.130753388388133], [72.59431699314963, 23.13070665389249], [72.59440518469977, 23.13068530780302], [72.59459495991906, 23.130688204199547], [72.59465157223065, 23.130699817537863], [72.59473235078055, 23.13073210127699], [72.5951287663779, 23.130950736089037], [72.59551982737466, 23.13118003674811], [72.59595071953292, 23.13142069254112], [72.59602218453192, 23.131468360452946], [72.59610073603025, 23.13155315928208], [72.59620293056628, 23.131615627395977], [72.59628000715344, 23.131638300757587], [72.59634394301038, 23.131644769252475], [72.59639778120263, 23.13166708814777], [72.59655940005743, 23.131728311883492], [72.59681815931005, 23.131816814444356], [72.59688822244277, 23.13162440596901], [72.59701609226536, 23.13140564925916], [72.59737767561356, 23.1307676722471], [72.59755840633287, 23.13077090477347], [72.59771249962994, 23.130819592171942], [72.5979990159252, 23.130915681142742], [72.59830696608755, 23.131026428728955], [72.5986235555762, 23.13108714544321], [72.5988573055522, 23.131100739313343], [72.59916271568288, 23.131122112221846], [72.59949877126945, 23.131046973984926], [72.60013618310532, 23.13097427350264], [72.6003101178146, 23.130953036129306], [72.60049954541066, 23.130932033525514], [72.60082249157806, 23.130896821302475], [72.60092394381948, 23.130884990026768], [72.60096156640334, 23.130860720935065], [72.60121948124736, 23.13082260682051], [72.60128683419403, 23.13081121146206], [72.60158044040065, 23.1307411552358], [72.6017763532841, 23.130704006946623], [72.60194839252198, 23.130673184765424], [72.6021235970747, 23.130638588179693], [72.6023162414486, 23.130610944486932], [72.60249837031321, 23.130593650755447], [72.60272717871936, 23.13056560150941], [72.60295957796946, 23.130509898422495], [72.60315457570584, 23.130466047558727], [72.6033361983031, 23.130419125833917], [72.603493794536, 23.130387126247086], [72.60366559449142, 23.130369674081123], [72.60378499456189, 23.13033613831827], [72.60401770564715, 23.130291903657657], [72.60417717684858, 23.1302561094952], [72.6042385120762, 23.130220018795125], [72.60456448132943, 23.13011629111845], [72.6048930332405, 23.130012602879123], [72.60524585860388, 23.129923613461866], [72.60565842935716, 23.129815228179467], [72.60601420597843, 23.129676359808688], [72.60620532652887, 23.129559831814433], [72.6063179005283, 23.129481805122154], [72.60647975695335, 23.129420443663783], [72.6066199040448, 23.12938196560117], [72.60671588318252, 23.129358342804927], [72.60703041934124, 23.129316540286954], [72.60737875421157, 23.12926211290464], [72.60762884758562, 23.129213359022167], [72.60780656028251, 23.129168284652916], [72.607976082779, 23.129075312359994], [72.60814075948758, 23.12896435242769], [72.60829140466824, 23.128843624346125], [72.60844945695905, 23.128669264951544], [72.60855127712121, 23.1285346584786], [72.60870052520144, 23.1283470279117], [72.60873347733998, 23.12830931032959], [72.6088080368591, 23.128255502596517], [72.60886230131301, 23.128181084276815], [72.6089264780277, 23.128071942707198], [72.6089654215981, 23.12803135392223], [72.60904806163217, 23.12800251050052], [72.6093419475114, 23.127857918587882], [72.61001609130209, 23.127504115943044], [72.61043222901857, 23.127298628321515], [72.61042749819455, 23.127256801069315], [72.61041556142774, 23.127055976512175], [72.61047463687161, 23.127045167457574], [72.6104659598772, 23.126951880412193], [72.6105395434324, 23.126930427160612], [72.6105944639514, 23.126914415527803], [72.6106009364793, 23.126699810962386], [72.61060671686309, 23.12647369533986], [72.61095354390227, 23.126428041415682], [72.6113458696797, 23.126368300298783], [72.61187663161961, 23.126152077858315], [72.61199311378716, 23.125678355960904], [72.61202641004601, 23.125506246194757], [72.61205679823047, 23.125151143123155], [72.61207977961482, 23.12476753796693], [72.61214229282197, 23.12412499008059], [72.61216229665872, 23.123695341067222], [72.61217498211279, 23.123066370030827], [72.61295155011881, 23.123139756018855], [72.61360119196729, 23.123205485198262], [72.61388757340094, 23.123236094597956], [72.61382049467912, 23.12300771555408], [72.6136487465864, 23.1223536588705], [72.61364659082047, 23.122347513480676], [72.6136324091873, 23.122307088763932], [72.6136195154779, 23.122270333501987], [72.61359338886463, 23.12219585908367], [72.61352165677624, 23.12199138208099], [72.6134642355219, 23.121827700978898], [72.61346323105435, 23.12182483748646], [72.61344636617146, 23.12178039266363], [72.6134320677382, 23.12174271334207], [72.61342751298425, 23.121730710476225], [72.6133853377614, 23.12161956571285], [72.61334253403196, 23.12151277729675], [72.6133344404968, 23.1214925858614], [72.61333221288241, 23.121487027094187], [72.61332470169438, 23.121468290736004], [72.61331063667737, 23.12143319961432], [72.61329632859315, 23.121397503557215], [72.61324226438913, 23.121262621511583], [72.61322874063823, 23.121228881923066], [72.61319348650376, 23.121140931533144], [72.61314468068483, 23.121019169801144], [72.61311602075025, 23.12094766776512], [72.61311369124529, 23.12094185557613], [72.61308051719618, 23.120859092465153], [72.61306539106681, 23.12070736257094], [72.6130619013226, 23.12067235660457], [72.61306149924522, 23.12066832680381], [72.61304770268991, 23.120529935826497], [72.61304351338005, 23.120487910044496], [72.61303001776103, 23.120352536215705], [72.61301488924204, 23.12020077919663], [72.613018418339, 23.12017189745587], [72.6130297922863, 23.12007880110186], [72.61303357684322, 23.120047065912136], [72.61303373938054, 23.12004571329217], [72.61303803839806, 23.120009671479924], [72.61303846254843, 23.120006110996695], [72.61304266763547, 23.11997085408794], [72.61304395502975, 23.119960872522892], [72.61304654022884, 23.1199408174662], [72.61305566231432, 23.119870061644495], [72.61306155461959, 23.119826056106735], [72.61306390976813, 23.119808465781343], [72.61307643473484, 23.119713695924375], [72.61308596435339, 23.119639985130846], [72.61308943725359, 23.119613118453604], [72.61310024458813, 23.11953443911135], [72.61310343417772, 23.119509737537356], [72.61311015274174, 23.11945770249053], [72.61312218326141, 23.11936522092002], [72.61312229111815, 23.119364365809485], [72.61312248001236, 23.119362902545618], [72.61313118443698, 23.119295169232082], [72.61313121005927, 23.119290025549038], [72.61313127571117, 23.119276772751128], [72.61313131723246, 23.11926824837759], [72.61312902229531, 23.11922507132996], [72.61312714842587, 23.11918981537565], [72.61312331479866, 23.119115883318372], [72.61312165339332, 23.119083844495986], [72.61312004490065, 23.119058854519906], [72.61311951517521, 23.119050620320593], [72.61311817527454, 23.119029812501118], [72.61311620681018, 23.118987656931292], [72.6131148356289, 23.118958301969062], [72.61311463707699, 23.118953802189417], [72.61311108790609, 23.11887339243801], [72.61310535589496, 23.118821246547316], [72.6131045148255, 23.118813452707915], [72.61309896894247, 23.11876204089079], [72.61309339570292, 23.118711016857066], [72.61308872445, 23.118665612774805], [72.61308685223077, 23.118647418585308], [72.61308661618392, 23.118645148117885], [72.61307847480393, 23.11856881443816], [72.61307603201968, 23.118543921971465], [72.61307330553957, 23.118529601341052], [72.61301139870464, 23.118204376442808], [72.61299590373626, 23.118122973341436], [72.61294642370692, 23.117863028279412], [72.61293513490749, 23.117803724938714], [72.61291733779389, 23.11771022667101], [72.61290449248949, 23.11764274490491], [72.61290344677535, 23.117637250069485], [72.61287754366931, 23.117501169281084], [72.61285679778744, 23.117392183321027], [72.6128500715404, 23.117356846681158], [72.61283147253074, 23.117259138315443], [72.61282842455213, 23.117218807178766], [72.61282708326954, 23.117201057973187], [72.61282594595278, 23.11718601298938], [72.61282542795767, 23.117179157520088], [72.61282479519414, 23.11717078995333], [72.6128236500363, 23.11715563651654], [72.61282350761581, 23.11715375656677], [72.61282346490563, 23.117153191679296], [72.61281999870802, 23.117107316525182], [72.61281932064263, 23.11709836507318], [72.61281931200126, 23.117098246677468], [72.61281837797841, 23.11708588875227], [72.61281622125124, 23.117057354263117], [72.61281567320417, 23.117050101113236], [72.61281207170909, 23.117002440006534], [72.61281063168933, 23.1169644569818], [72.61280849998649, 23.11690825340067], [72.61280440280913, 23.116800241708177], [72.61279963076446, 23.11670819458648], [72.61279814737433, 23.11668992683566], [72.61279595156479, 23.11666288405845], [72.61279568443618, 23.11663208871112], [72.61279562288931, 23.116624976538382], [72.61279416984438, 23.116457611520104], [72.61279409176727, 23.116448620400444], [72.61279378492017, 23.116436561763578], [72.61279369706592, 23.11643308741787], [72.61279243383296, 23.116383293217137], [72.61279242390458, 23.116382916605293], [72.61278703666548, 23.11617052969595], [72.61278540535612, 23.11610623479802], [72.61278418045625, 23.116057969592088], [72.61278096396794, 23.115931185161283], [72.61278042790518, 23.115910071726354], [72.61278019887153, 23.115897807529056], [72.6127785443184, 23.11580917679137], [72.61277798369979, 23.11577913624126], [72.61277385124643, 23.1155577224057], [72.6127717346168, 23.115444292373454], [72.6127696099549, 23.115330433395332], [72.61276856116834, 23.115274255228485], [72.61276633764797, 23.115155116164832], [72.6127663115018, 23.115153725479242], [72.61276490560998, 23.115108958531977], [72.61281727148727, 23.11510580518105], [72.61387795016168, 23.11502123997994], [72.61446359184075, 23.114958309006845], [72.61474101880874, 23.11495242412305], [72.6149368663331, 23.11494826967307], [72.6154309458705, 23.114929944468045], [72.61545283762355, 23.114915835424032], [72.61549468307183, 23.114888868172415], [72.6159338060341, 23.114858244969152], [72.61612245273957, 23.11487495101077], [72.61624355350493, 23.11487774490981], [72.61657289914669, 23.114885342896454], [72.61691122514102, 23.114876151349712], [72.61699661761834, 23.11487383152363], [72.61747684724702, 23.11487397014517], [72.61748386496988, 23.11487357783225], [72.61781121298519, 23.114882555912967], [72.61804527981538, 23.114862205636843], [72.61810611866517, 23.11485356946991], [72.61838405432081, 23.11483507567446], [72.61838342051618, 23.11481878522049], [72.61837703708615, 23.114654746995182], [72.61837105616394, 23.114466911030263], [72.61837364057251, 23.114298551170798], [72.6183677675257, 23.11419240742777], [72.61837238306933, 23.114106485651348], [72.61836699293299, 23.114016831404747], [72.61835085109237, 23.113965709189223], [72.61828198634365, 23.113829233771487], [72.61819274140083, 23.113662354276528], [72.618079255308, 23.11346429464571], [72.61798968200517, 23.113316040942056], [72.61790909844066, 23.113185120197045], [72.61769379704398, 23.11296187569145], [72.61761381476998, 23.112884708683037], [72.61751929124428, 23.112753578094594], [72.61739544810203, 23.11257184290464], [72.61727703917147, 23.112389473827733], [72.61714482825766, 23.112199013001693], [72.61710756074612, 23.112159754626738], [72.61709430547722, 23.1121645702375], [72.61697072610315, 23.111924079013818], [72.6169200087408, 23.11181295769036], [72.61686076929847, 23.111657995499826], [72.61679340300613, 23.111480696493725], [72.61678009424111, 23.1114446664472], [72.61678073658085, 23.111364418321372], [72.61677669577982, 23.111242297645706], [72.61674568517614, 23.11100965459723], [72.61672019903895, 23.110873594914768], [72.61668378553838, 23.11059596374381], [72.61666935435272, 23.11047726921694], [72.61666068143482, 23.110383503715745], [72.61664888294143, 23.110115799604287], [72.61664734965882, 23.10996863646251], [72.61664999165744, 23.10970210479997], [72.61665084547091, 23.109456137797288], [72.61638826959846, 23.10934415489017], [72.61615972861811, 23.10924228892774], [72.61600193118196, 23.109162579259646], [72.61581266603797, 23.109066973269456], [72.6156404651766, 23.10899175538589], [72.6155466541179, 23.108962402262794], [72.61534148532695, 23.10890124492378], [72.61498932396417, 23.108765270691233], [72.6149260669922, 23.10874300207069], [72.61453560774474, 23.108620577275925], [72.61429552357761, 23.10852904444529], [72.61390590769767, 23.10816103501086], [72.61353096924414, 23.107787858979524], [72.61357396728201, 23.107634601554945], [72.61362860516567, 23.107338737270318], [72.61363293856529, 23.107315272597226], [72.61364639488305, 23.107163605782], [72.61365325594599, 23.107086271243006], [72.61365497543085, 23.106901417362938], [72.61364346503802, 23.10676302296218], [72.61359127694796, 23.106560791002426], [72.61352963994332, 23.106322667528563], [72.61347633397958, 23.10613913069343], [72.61341397526456, 23.105941842858112], [72.61337193637, 23.105814033962123], [72.61325999005727, 23.10545560673879], [72.61315323225408, 23.10489242469248], [72.6131717799597, 23.104544443607985], [72.61275011952418, 23.104470703519702], [72.61258401894037, 23.10448897106065], [72.61226180387625, 23.104489792668762], [72.61209083617608, 23.104496475488308], [72.61189786772546, 23.104521580446885], [72.6117860639983, 23.104548834798948], [72.61147579312507, 23.10462446983322], [72.6113922581817, 23.10425971988817], [72.61140738890266, 23.10401750310352], [72.61142816172584, 23.103792093138406], [72.61144844644801, 23.103521290908933], [72.6114702542428, 23.10323737438038], [72.61147985825868, 23.103132420139023], [72.61130184145671, 23.103123753753746], [72.610669192219, 23.10311011243653], [72.61065395356498, 23.10294984390374], [72.61062766763764, 23.102793914757463], [72.61061305949337, 23.10270725628334], [72.610583939558, 23.10233920628838], [72.61048593321475, 23.10234727605947], [72.61034911767975, 23.102024172244306], [72.61008959017643, 23.1014710963161], [72.60991342898092, 23.100993091176502], [72.60985350440957, 23.100840507244378], [72.60978733207679, 23.10058776479173], [72.60977611872853, 23.10054493558273], [72.60977391628124, 23.100450551190878], [72.61057129145016, 23.09852733503078], [72.60999544679329, 23.097384314377244], [72.60953649085712, 23.09639230792605], [72.609476200024, 23.096224362009956], [72.60948816985217, 23.09580072600214], [72.60954983786864, 23.094821435973675], [72.6095477182837, 23.094649422223494], [72.60953724867424, 23.09448625386889], [72.60949030060519, 23.09444428354554], [72.60893552802578, 23.09394831908428], [72.60911883405582, 23.092912760767845], [72.60341616165799, 23.09304762583531], [72.60256591190891, 23.09249346480009], [72.60226993573713, 23.092408201588572], [72.60194477646887, 23.092311538224937], [72.60163259290314, 23.092182108116116], [72.6015321526588, 23.092167683598166], [72.60141021533374, 23.092175735673322], [72.60139889960143, 23.092172368739842], [72.60030407005532, 23.09144686479437], [72.60028531328578, 23.091354753107453], [72.60004585687693, 23.091055878677157], [72.59992176192061, 23.0908906105627], [72.5995912674974, 23.09048429675805], [72.59917595546642, 23.089969204264516], [72.59884876563076, 23.08955147411378], [72.59839994939851, 23.0890126551723], [72.59828406014203, 23.088846063700682], [72.59833274537297, 23.08824195359308], [72.59841910389831, 23.088156538310557], [72.60075318305458, 23.085847883737056], [72.60065048394972, 23.084551545226322], [72.60081543278505, 23.084453235838385], [72.60074980017959, 23.083101551211676], [72.60039689690846, 23.081343158695233], [72.59949902158444, 23.076075898851354], [72.5992294546756, 23.074733718804623], [72.59793762079667, 23.071505338273194], [72.59737541447856, 23.070179022929008], [72.5958039255071, 23.067814350707973], [72.59456021071433, 23.066554256145608], [72.59265467113266, 23.065117259293174], [72.58954109663676, 23.063240951047156], [72.58944475394453, 23.06318289014377], [72.58930936907066, 23.063101301871853], [72.58926379100733, 23.06307383437933], [72.5858642823129, 23.061181743548165], [72.58234218460396, 23.058683278922672], [72.5797758974791, 23.05647146351277], [72.5784712212203, 23.055089702692346], [72.57751473949757, 23.053655378911753], [72.57664894863018, 23.051933695116354], [72.57525175162239, 23.048645741444922], [72.5747807623999, 23.046885517264155], [72.57429948307366, 23.04480278333725], [72.57319785947868, 23.04012090363468], [72.57319932053609, 23.040082815443554], [72.5732002452199, 23.040058707507225], [72.57340886670387, 23.034619630002656], [72.57415209570055, 23.030216057710565], [72.5748807503883, 23.026986280406902], [72.57542090305853, 23.022413234016508], [72.57542280425494, 23.022397136851144], [72.57562964008036, 23.02064590574808], [72.57556209825782, 23.018615298863164], [72.57550301576015, 23.016838934241285], [72.57524427030319, 23.014847739659714], [72.57508707110246, 23.013637970088283], [72.5743671550027, 23.011290293579957], [72.57278998781474, 23.007839172564406], [72.57095533318359, 23.00475694727509], [72.5688389602689, 23.00208749570584], [72.56725732987339, 23.00016539496827], [72.56595683036251, 22.99860008058193], [72.56522069814983, 22.99771403064863], [72.56435317291556, 22.996669809045695], [72.56402564432119, 22.996428733196055], [72.56401932406527, 22.996424081453515], [72.56301504689685, 22.99568487761609], [72.56282241875637, 22.9955430902479], [72.56237641516364, 22.99518089143675], [72.56178088311846, 22.994697255298547], [72.5608595829887, 22.993949048119227], [72.55980771843605, 22.993094791287923], [72.55884570715428, 22.99234022459491], [72.55795915466067, 22.991655068764658], [72.55576389200678, 22.99012317192872], [72.55126514222806, 22.98629013944075], [72.5428717999542, 22.982316486159558], [72.54287128335349, 22.982316261481834], [72.54250906492257, 22.98283739201557], [72.54174197754607, 22.983895769441325], [72.5416970919379, 22.98395476718983], [72.54102689611682, 22.984903025328297], [72.54057346699717, 22.985512339766544], [72.53992867454356, 22.98640964992824], [72.5395330960207, 22.986991700218358], [72.53943497444696, 22.98714630956393], [72.53902306625898, 22.98782746352526], [72.53878297919044, 22.988177717482042], [72.53839221508228, 22.988727701466065], [72.53798741573526, 22.989283198557306], [72.53748716420819, 22.989980524415067], [72.53699469642152, 22.990675103075183], [72.53648355604344, 22.9913889746968], [72.53611182847405, 22.991912496182103], [72.53583445059638, 22.9922979929666], [72.53556678992415, 22.992659754224757], [72.53533254124548, 22.99300006091133], [72.53500751800051, 22.99345169343576], [72.53472793104672, 22.993844797049473], [72.5344124318708, 22.994283201020338], [72.53409376603724, 22.99472537625929], [72.53369022438243, 22.99527782140624], [72.53353070670518, 22.995496641659937], [72.53365545099105, 22.995530227627306], [72.53420430308397, 22.995653428208207], [72.53455507422376, 22.995730547583232], [72.5348580268049, 22.995798322853926], [72.53513553661557, 22.995860685711694], [72.53537322072076, 22.995913113434295], [72.5353172517828, 22.996116563951425], [72.53531674958552, 22.996118389640138], [72.53531391921328, 22.996128674061733], [72.53531365188148, 22.996129648492474], [72.53529738936396, 22.996194625190487], [72.53529278090791, 22.99621303927512], [72.53526523238703, 22.9963044202459], [72.53522859954538, 22.99642494984543], [72.53519038904496, 22.99655282410227], [72.53518683099857, 22.9965647302845], [72.53518533386182, 22.996569739865667], [72.53517413294372, 22.996606919001273], [72.53516467847497, 22.996638300715304], [72.5351408549828, 22.996717376338527], [72.53510700954499, 22.996841461928206], [72.53509486291627, 22.996894249502475], [72.53506941987045, 22.997004820674793], [72.53504864579601, 22.997095097357185], [72.53504572165264, 22.997107803319025], [72.53503369456901, 22.99716007275508], [72.5350251994279, 22.997196989770863], [72.53500921600333, 22.997224686753956], [72.53500896930284, 22.997255925644826], [72.53500851119314, 22.997313830591583], [72.53500836541944, 22.997332321368553], [72.53501148144444, 22.997372713345985], [72.53500704951922, 22.99741398625063], [72.5350056704972, 22.997426824600183], [72.53500717685209, 22.997442456782082], [72.53501584203241, 22.997532410042783], [72.53501677736166, 22.997542115739094], [72.53502785061117, 22.99765705698551], [72.53503175250806, 22.997697561405023], [72.53503209298336, 22.997701095596724], [72.53503496847513, 22.997730949517226], [72.5350393864811, 22.99777680721682], [72.53504450013432, 22.997829890608724], [72.53504560199693, 22.997841325878454], [72.53504961883523, 22.99788301831432], [72.5350563889693, 22.997953293486482], [72.53506186282893, 22.998010113595008], [72.53506386051184, 22.998030853119854], [72.53507300225729, 22.998125761827215], [72.5350745627623, 22.998141956368546], [72.53507431016057, 22.998144212947324], [72.53507370817175, 22.9981495984699], [72.53506785079827, 22.99820202264229], [72.5350643481561, 22.99823336520594], [72.5350571844422, 22.998297470615757], [72.53505272572674, 22.99833737090378], [72.53504084027115, 22.998443722387925], [72.53504060380821, 22.99844584199822], [72.53504047347143, 22.998447004529563], [72.53503831698123, 22.99846629814646], [72.53503765668563, 22.99847220906989], [72.53503113334678, 22.998530585599227], [72.53502600734785, 22.99857645808659], [72.5350012375114, 22.998573893128896], [72.53489769263412, 22.998563170119898], [72.53465293933775, 22.998536822163576], [72.53463703562667, 22.99853511021114], [72.53440803221979, 22.99850150612924], [72.53440465553393, 22.998501010282414], [72.53440351308664, 22.998512202059782], [72.53439062851791, 22.998630628558967], [72.53438568063316, 22.998661965736858], [72.53433495560789, 22.999030860386867], [72.53468234433171, 22.999069475233746], [72.5351780582673, 22.99911447213295], [72.53602854769653, 22.999205301861195], [72.53643147166031, 22.99924089725891], [72.53619352593351, 22.99977805336306], [72.53581243694447, 23.000638339190214], [72.5358014376858, 23.000660213373173], [72.53580139316797, 23.000660302053436], [72.53579521241076, 23.000659668693515], [72.53622422126627, 23.000708899139195], [72.53646846142819, 23.000728465360417], [72.53671264871016, 23.000750895748947], [72.53689026246909, 23.000773723452557], [72.53715943411244, 23.00078436097066], [72.53751366005872, 23.000799904260784], [72.53787303059272, 23.000830574009612], [72.53824952884175, 23.000855776784505], [72.5385336546784, 23.00088121511828], [72.5387868802908, 23.00090151515122], [72.53882098756435, 23.001002890283736], [72.53893685751063, 23.001347282743588], [72.53899568740647, 23.00151778484103], [72.53906868346188, 23.00176076152276], [72.53911151727571, 23.001888618490785], [72.53916704131817, 23.002028018654396], [72.53921782962598, 23.002144056631106], [72.53924338633217, 23.002228650037424], [72.53930339951714, 23.002476202230255], [72.53935534809916, 23.002670483442266], [72.53940302656645, 23.002815732453314], [72.53944832574192, 23.002914368269277], [72.53946561861433, 23.002992264692512], [72.53947543885897, 23.00301988659238], [72.53949466043572, 23.00306258180653], [72.53949626294212, 23.003166270876523], [72.53948988493171, 23.003404072076375], [72.53942407675842, 23.004016432427935], [72.53940585516145, 23.004224431658113], [72.53939557613111, 23.004563447597157], [72.5393767204438, 23.004749461918795], [72.53931403616099, 23.005018872633244], [72.53925245747236, 23.00525581641405], [72.53915225135164, 23.00557384774187], [72.53910571859896, 23.005749400146584], [72.53908009263546, 23.005782008453945], [72.53898400334147, 23.005904282012686], [72.5389598171423, 23.005994693931665], [72.53889775227812, 23.006118689044744], [72.5388906124167, 23.00613295358895], [72.53888688159284, 23.00614040745025], [72.53887885214527, 23.00615269465407], [72.53886592378709, 23.006172478038433], [72.53886475321242, 23.006174269871746], [72.53884006676657, 23.006210448716192], [72.53883884104903, 23.00621253850575], [72.53875861698104, 23.00634936285735], [72.53867903713893, 23.006482114887255], [72.53867367083231, 23.006492043052546], [72.53862084038816, 23.006589774961533], [72.53858963248055, 23.006647507766314], [72.53853498775203, 23.00675218615218], [72.53848856009468, 23.006858471941822], [72.5384571893113, 23.00692544013189], [72.53843982485684, 23.006962510054983], [72.53839103640553, 23.007076621230038], [72.53828531111039, 23.00728304508414], [72.53823406536324, 23.007385148258116], [72.53815197498247, 23.00758038519565], [72.53785204025621, 23.0075127046207], [72.53761847222631, 23.007458910539146], [72.5371507875533, 23.00735385772206], [72.53703987320381, 23.007497338819682], [72.53693892839593, 23.00761004099742], [72.53679826827906, 23.00776836342698], [72.53676826277565, 23.007800857981515], [72.53667056748287, 23.007937634784877], [72.53648033634867, 23.008221161826818], [72.53538237435603, 23.00796755758734], [72.53510725719553, 23.007905650518314], [72.53478285899311, 23.007847876402657], [72.53474392989686, 23.007836216597173], [72.53468213876985, 23.007828804710126], [72.53409450457386, 23.007781060074908], [72.53408826845752, 23.007815580101276], [72.53402839950722, 23.00814700876075], [72.53402510849719, 23.008165224805836], [72.53400904338734, 23.008301039197796], [72.53400380372948, 23.008383244023914], [72.5340024382001, 23.00839982809243], [72.53399281559513, 23.008503341046012], [72.53399163236288, 23.008514404875932], [72.53397747666737, 23.008646784220122], [72.53397530860438, 23.008667064315045], [72.53396487383125, 23.00884875254805], [72.53396330778808, 23.00886354512487], [72.53396167691315, 23.008878953275612], [72.53395612048462, 23.008931434334993], [72.53395543743983, 23.0089518341651], [72.53394914858303, 23.00905386797667], [72.53393208635389, 23.00933067410722], [72.53392990888956, 23.00936600213825], [72.53393067905307, 23.00938328391542], [72.53393507223845, 23.00948185780256], [72.53394016999816, 23.009596225600145], [72.53394016746077, 23.009596418750988], [72.53393953208499, 23.00959741181445], [72.53389054491686, 23.00968850681412], [72.53388953407085, 23.0097004932382], [72.53388837775717, 23.009714204372695], [72.5338737532636, 23.009887678069962], [72.53385301973644, 23.01013360404584], [72.53384398853392, 23.01024072005395], [72.53382649165466, 23.010448251573624], [72.53382468245537, 23.010469708129833], [72.53382335805588, 23.010500649401408], [72.53382188061299, 23.01053517946139], [72.53380989878539, 23.01081519183888], [72.53380841457157, 23.01084987887161], [72.5338082192784, 23.010854450105615], [72.53380812108034, 23.010885854643096], [72.53380792039209, 23.0109503472956], [72.53380768455453, 23.01102626290663], [72.5338075203457, 23.011078937211757], [72.53380734712835, 23.011134734018], [72.53380671168674, 23.0113388378195], [72.53380664355697, 23.01136076024846], [72.5338064611107, 23.01141931573924], [72.53380993531184, 23.011546475576985], [72.53381031513507, 23.01156039119983], [72.53381153425333, 23.011604997443076], [72.53381422390729, 23.011703442747724], [72.53381424487229, 23.011704220349536], [72.53381426020793, 23.01170477127124], [72.53381673335545, 23.011705632229685], [72.5338207209057, 23.011707251636317], [72.5338549941008, 23.01172117009708], [72.53398526480476, 23.011774075316662], [72.53409129856753, 23.011817136404495], [72.53422527920428, 23.01187154727878], [72.53422879677328, 23.011894774103013], [72.53424247165482, 23.011962017933712], [72.5342556461841, 23.012026798463147], [72.53427765259353, 23.012135012021652], [72.53428688469543, 23.012180408468446], [72.53429295051333, 23.01221023534814], [72.53430385736259, 23.012334932741837], [72.53437299921741, 23.012379494233294], [72.53439279166412, 23.0127458369905], [72.534479965827, 23.012786817435888], [72.53462774576286, 23.012847695569462], [72.53465988475992, 23.012854521053434], [72.53465968633677, 23.012862805287536], [72.53465918673196, 23.012883630467822], [72.53465443227786, 23.01308175888406], [72.53465139019261, 23.01321639316184], [72.53465041879474, 23.013259355662246], [72.53464999792735, 23.0132779955866], [72.53464873613669, 23.0133338169713], [72.53464843844112, 23.01335871583544], [72.5346474246924, 23.01344342665549], [72.53466207505123, 23.013462458487165], [72.53469479519305, 23.013504963735432], [72.5347563302056, 23.013584902154978], [72.53479198675127, 23.013631223058457], [72.53483768880413, 23.01366202225413], [72.53484953053828, 23.013670002071883], [72.53485812258184, 23.013720362728023], [72.53490171815285, 23.013975898880613], [72.53492702895146, 23.014124258094945], [72.53497901685947, 23.014428976385346], [72.53504520721805, 23.014497549301005], [72.53518400443802, 23.014641342731323], [72.53525257850907, 23.01471238474037], [72.53525772760405, 23.014748072472507], [72.53526226262055, 23.014779504060545], [72.53526623034952, 23.01480700251837], [72.5352704501161, 23.014836248129804], [72.53527404101689, 23.014861138966122], [72.53527970454704, 23.01490039519277], [72.53529365869777, 23.014997107565502], [72.53532939154613, 23.015244767371584], [72.5353338736734, 23.015275837030874], [72.5353352681829, 23.015285499316462], [72.53536056285884, 23.01544711525547], [72.53536359745598, 23.015466504136743], [72.53536919562342, 23.015502276499415], [72.53536937995025, 23.01550345656839], [72.53537397266375, 23.015504787461065], [72.53572519715765, 23.015589024072188], [72.53602367692532, 23.015677328757256], [72.53644522255303, 23.01579696382808], [72.53643885620347, 23.01588716500709], [72.5364380089177, 23.01589917386012], [72.53643601649352, 23.015927399203303], [72.53643042746548, 23.016006596111563], [72.53642922948205, 23.01602357370742], [72.53642575658775, 23.016072782303812], [72.5364219872044, 23.0161261768917], [72.53642118200396, 23.016137586967282], [72.53642223609401, 23.016167756444972], [72.53642242081254, 23.016173047685403], [72.53642330902785, 23.016198445302642], [72.53642043321958, 23.01625891067328], [72.53641944974025, 23.016279593824432], [72.53641640347763, 23.016343642299944], [72.53641616512516, 23.0163486543191], [72.5364145017141, 23.01638362117301], [72.53641295005596, 23.01641624891205], [72.53641259993188, 23.01642360094826], [72.53641102175736, 23.016456775346313], [72.53640246762545, 23.016530724376047], [72.53639929950936, 23.016558116216526], [72.53639711495897, 23.01657700222793], [72.53639503571506, 23.016594977189428], [72.53639265342183, 23.01661556723917], [72.53638331911772, 23.01667561335988], [72.53637851714247, 23.016706507739784], [72.53637175711985, 23.016749995813704], [72.5363674290495, 23.016777835412995], [72.53636297835044, 23.016806465724976], [72.53636247590624, 23.01680969519544], [72.53636109532947, 23.01681858031946], [72.53635983018971, 23.01683431466979], [72.53635501356062, 23.01689424065323], [72.53635360972473, 23.016911703432875], [72.536348823261, 23.016971257045466], [72.536347249251, 23.016990838658945], [72.53634654107866, 23.016999645782967], [72.53634180008787, 23.017058628655906], [72.53633885865973, 23.017095224943713], [72.53633285740871, 23.01716988717216], [72.53632944346478, 23.017212358479547], [72.53632776983349, 23.017233181639963], [72.5363265601296, 23.017248226241314], [72.53632541184973, 23.017256564298496], [72.53632396706388, 23.01726704991614], [72.53629776456016, 23.017457254952582], [72.53629497494028, 23.017477501924485], [72.53629231445522, 23.017496814746018], [72.53629164820707, 23.017501651284363], [72.5362895640762, 23.017516780667872], [72.53628692942611, 23.01753590611757], [72.53628688792135, 23.017536204284486], [72.53628416669592, 23.017555961219937], [72.536279641102, 23.017588816173294], [72.53627652440962, 23.017611443140275], [72.53627149111516, 23.01764797705468], [72.53627142700519, 23.017650860371628], [72.53627114629903, 23.01766356775115], [72.53627096432491, 23.017671808913402], [72.53627090169842, 23.01767466426793], [72.53627057731687, 23.017689345301395], [72.53627004564245, 23.01769890446253], [72.53626945900474, 23.017709448580614], [72.5362687176487, 23.017722763565175], [72.53626778181423, 23.017739588156704], [72.53626639880646, 23.017764434923663], [72.53625970790837, 23.01783936625448], [72.53625667703909, 23.01786397791808], [72.53625295607425, 23.01789420121789], [72.53625050983084, 23.01791406715364], [72.536247427782, 23.017927167841435], [72.53623510380758, 23.017979552601993], [72.53622162567552, 23.018036841228497], [72.5362215136467, 23.018037317043326], [72.53619048498692, 23.0181692008526], [72.53619028837876, 23.018170037356526], [72.53619034206564, 23.018170249438253], [72.53616980454933, 23.018250406941437], [72.53615543648608, 23.018306483735717], [72.53613149450612, 23.01839993008265], [72.53610107756818, 23.018518645812204], [72.53609231513747, 23.01855284667895], [72.53607643748389, 23.01860606709064], [72.53604488053429, 23.018711841148058], [72.53604182815329, 23.018722073322355], [72.53601955909159, 23.018796715948817], [72.53601007378052, 23.01882851052885], [72.53598778283946, 23.018898453044116], [72.53594627883479, 23.019028684953312], [72.5359144981766, 23.019128404289095], [72.5358899719356, 23.01920536431544], [72.53588946412818, 23.01920695609421], [72.53588211183677, 23.019219324017538], [72.53584264508592, 23.01928571291884], [72.53578999486443, 23.01937427764168], [72.5357180804845, 23.019495245588818], [72.53570865769078, 23.019511095687452], [72.5356824446651, 23.019555189737535], [72.53562002550021, 23.01973049813904], [72.53560752764338, 23.019765600400838], [72.53560397471044, 23.019775787750582], [72.53559739669564, 23.01979464862187], [72.53555492300234, 23.019916432595817], [72.53554755373358, 23.019931017408275], [72.53553006233068, 23.01996563562495], [72.53549117631526, 23.02004259753302], [72.53544837393149, 23.020127309981344], [72.53542198751795, 23.020179532415085], [72.53538286466392, 23.020256960933278], [72.53535300902281, 23.020316049846127], [72.53533142008321, 23.020358776863006], [72.53529680833832, 23.020427277843762], [72.53528489436457, 23.020450858231523], [72.53525467845748, 23.02051066010089], [72.53523591111714, 23.020547803267497], [72.53514930705907, 23.020719202966546], [72.53511115307133, 23.020794714585], [72.53506915424208, 23.020898548094866], [72.5350645587096, 23.020909910820905], [72.53505433523817, 23.020935185823653], [72.53504119448644, 23.02096813665747], [72.53502697046015, 23.021003537847356], [72.53502414589511, 23.021010566943286], [72.53497309497942, 23.02113762544786], [72.53494199403129, 23.021195449941676], [72.53491629053144, 23.021243240425825], [72.53489624613158, 23.021267738561896], [72.53484858445555, 23.0213259883403], [72.53484090047652, 23.02133915267762], [72.53484010621487, 23.021342067944214], [72.53482994884308, 23.021357913745213], [72.53470231597593, 23.021576566817973], [72.53465128123165, 23.021663996157226], [72.5346210545671, 23.02171577849214], [72.53453700999069, 23.021854316606216], [72.53443382317172, 23.022024408295866], [72.53443363615028, 23.022024716832213], [72.53442104151209, 23.022046397951264], [72.53439619756315, 23.022089166136887], [72.5342499919683, 23.02234085452691], [72.53421372715333, 23.022403284546915], [72.53420460709218, 23.02241898396898], [72.53419841888676, 23.022430016699296], [72.53407046143889, 23.022658133959894], [72.53402614997367, 23.022737131367734], [72.53397836382096, 23.022822322572146], [72.53393826476756, 23.022893809678454], [72.53391670925637, 23.022932237116688], [72.53391483499131, 23.02294615549873], [72.53390639828346, 23.023008818871627], [72.53390541270247, 23.023016135701837], [72.5338959519439, 23.023086406894056], [72.53388181785485, 23.0231913839532], [72.53387362480939, 23.023252232063314], [72.5338735597247, 23.02326374030332], [72.53387196554051, 23.023546311927927], [72.5338824899093, 23.023754753890085], [72.53388442520013, 23.023770925366584], [72.53351578630453, 23.02390870307688], [72.53344850599107, 23.023934872933985], [72.53333882808116, 23.023985965711944], [72.53309452670888, 23.024102903899287], [72.53280086983395, 23.02425180125952], [72.53253024859389, 23.024360797149996], [72.53233657732342, 23.024415655932927], [72.5321182761786, 23.024513235888683], [72.5321083555686, 23.0245246183248], [72.53194784720986, 23.024696206778064], [72.53174010404382, 23.02491828933433], [72.53158415027097, 23.025082663179287], [72.53154845631558, 23.025120283668667], [72.53153855479209, 23.02513072027108], [72.53138591695873, 23.025291597802475], [72.53126607512162, 23.025417908680883], [72.53114053313762, 23.02559357622125], [72.53113199384084, 23.025605525409816], [72.53104360629612, 23.0257292035389], [72.53100678878997, 23.025780720517265], [72.53093160332402, 23.025885925739043], [72.53089838682291, 23.025932403747845], [72.53077836158535, 23.026100350919208], [72.53091721090243, 23.026439958798864], [72.53109473308383, 23.026868911204772], [72.5312099457626, 23.027166847939156], [72.53141417196525, 23.027712113647897], [72.53163462446925, 23.02826922111838], [72.53187091864719, 23.028787395104892], [72.53187730435077, 23.028800671391867], [72.53197966329085, 23.029037652558937], [72.5321039935786, 23.02926746021041], [72.53218085578271, 23.029367766945207], [72.53223752076339, 23.02946600983718], [72.53250538383729, 23.02989138402952], [72.53292057873742, 23.030593575632803], [72.53293386493851, 23.030613785283983], [72.53314923076127, 23.030964111374747], [72.53329442281613, 23.031196394117455], [72.53349171639574, 23.031501144837602], [72.5335973757802, 23.03165112209739], [72.53377438043819, 23.03187959995123], [72.5339631928713, 23.032097514471925], [72.53415290860416, 23.03230827680816], [72.53433715601267, 23.032521819937983], [72.534515368492, 23.032726670032456], [72.53467161776209, 23.032904664458286], [72.53485431828254, 23.033118182968536], [72.53503859296102, 23.033330292264967], [72.53522130763395, 23.033543094756844], [72.53538962992809, 23.033738474310198], [72.5355542808124, 23.033921389898158], [72.53583651476355, 23.0342871208521], [72.53611210894564, 23.03480425048789], [72.5362684834528, 23.035122840113363], [72.53634928260487, 23.03529189466925], [72.5364634429046, 23.035506852434274], [72.53659668760004, 23.035772265598002], [72.53669070737762, 23.035959440331716], [72.53677671230353, 23.03612618803968], [72.5368882285444, 23.036344685622737], [72.53697158856419, 23.036514974189643], [72.53705383139203, 23.036675691435743], [72.53716334861562, 23.036897741682743], [72.53724985808567, 23.03707225897106], [72.53731154336872, 23.037192647471283], [72.53739929988423, 23.037369572821493], [72.53747530027753, 23.03751884681124], [72.53756492772466, 23.03769938428109], [72.53765517728137, 23.037881125751614], [72.53776095618572, 23.03809595137816], [72.53786235066964, 23.038303543480644], [72.53799941557492, 23.038572001591948], [72.53804673504081, 23.038658959109085], [72.53819102136355, 23.038963601960376], [72.53833063928505, 23.039216657938475], [72.53834815412257, 23.03925417124437], [72.53852017247843, 23.039597394447874], [72.53869341204386, 23.039948820932704], [72.53883050833774, 23.04024502075991], [72.53894756645312, 23.040505966384075], [72.53911045131565, 23.040809328269518], [72.53926761817571, 23.041072736114234], [72.53946672537553, 23.041364372316615], [72.53967823457414, 23.041655246227887], [72.53992193813322, 23.04199248108226], [72.54015990161807, 23.04230478600349], [72.54042313076674, 23.042647101475858], [72.54063010879952, 23.042903507840155], [72.54088417197721, 23.043238992437402], [72.54112987628938, 23.04358007828998], [72.54131383920166, 23.043853324364193], [72.54149454947232, 23.044135118457973], [72.54166227724222, 23.044392825271302], [72.54186921656705, 23.044708466069196], [72.54208709393468, 23.045047207736555], [72.54235896537861, 23.04543570746287], [72.54237356898952, 23.04545657612933], [72.54242846501096, 23.045542569844546], [72.54296431333199, 23.04639208219934], [72.54316031036348, 23.046722507579254], [72.54340167197145, 23.047072653627346], [72.54342950093343, 23.047117806190503], [72.54346538030256, 23.047165077171154], [72.54371643558238, 23.047495840488416], [72.54391313196109, 23.047764089389894], [72.5439301934717, 23.04778618687916], [72.54415023983636, 23.048071185305528], [72.54437642959208, 23.048364909323528], [72.54458902402514, 23.048639791590727], [72.54463587675144, 23.04869485755634], [72.54471033423658, 23.048782365158406], [72.54473090367047, 23.048808187698942], [72.54492208179775, 23.049036190559754], [72.54515548983582, 23.04933990741315], [72.54572201077795, 23.0500430520842], [72.54602267122439, 23.05052493395453], [72.54605527954439, 23.05058070009741], [72.5462017996242, 23.0508528799415], [72.54627683336729, 23.050985177333818], [72.54641892292342, 23.051297953994673], [72.54647375499816, 23.051426367237827], [72.54664243561858, 23.05183282082872], [72.54663196961035, 23.051851842007807], [72.54662056970507, 23.05186840491324], [72.54653339347728, 23.05201026991926], [72.54650539484199, 23.052011065670257], [72.54650524098655, 23.052011265499875], [72.54649524794698, 23.052011354090297], [72.5460160424307, 23.05201561283455], [72.54574243575291, 23.052019018162664], [72.54562264773789, 23.052011602089475], [72.54555006457403, 23.05200710832782], [72.54509792267766, 23.051910423638432], [72.54508325098368, 23.05190728611523], [72.54497586911697, 23.051884323573287], [72.544909731506, 23.051868855503336], [72.5447528951532, 23.051832176180696], [72.54473740018007, 23.051828551885958], [72.54454181095474, 23.051791922933116], [72.54453225394153, 23.051790133212855], [72.54451030834024, 23.051787445933353], [72.54439621872163, 23.051773473181346], [72.54432565430513, 23.051764831363155], [72.54432298532431, 23.051764504615218], [72.54420107607905, 23.05176358417985], [72.54399986848254, 23.051771762394676], [72.54399431751874, 23.05177198757343], [72.5439795712212, 23.05177258711825], [72.54384608039432, 23.051768123625685], [72.54359888695824, 23.05171021053193], [72.543145521597, 23.051610089862677], [72.5426201328682, 23.05167117844773], [72.54220996030273, 23.051694913666818], [72.54191333526609, 23.05171227483371], [72.54165534113521, 23.051762720375606], [72.54135235753937, 23.051845905479073], [72.54077330461097, 23.051951545302124], [72.540145142512, 23.051918838197064], [72.54001551641421, 23.051917411622707], [72.53926522467393, 23.05186982352256], [72.53886130801148, 23.05185299078913], [72.53854025126473, 23.0518525607842], [72.53806902073235, 23.051848740637105], [72.53805416391452, 23.051848605767514], [72.53770829063072, 23.05199771544308], [72.5375871992212, 23.05204991901332], [72.53753819758094, 23.052068453648992], [72.53754997326347, 23.052089895260778], [72.53755424754907, 23.05210798901196], [72.53755552536781, 23.052124186320974], [72.53755399449929, 23.052137120632338], [72.53742061775905, 23.05237331840115], [72.5373971742612, 23.052414834633637], [72.53694100550834, 23.05323229701064], [72.53682120245696, 23.0534566845749], [72.53662431209156, 23.05378409253003], [72.53658927583548, 23.053855822760433], [72.53656653359245, 23.053893191665793], [72.5364222389258, 23.05425947401126], [72.5362926362112, 23.054588462198115], [72.53619491682936, 23.054842333479012], [72.53608891384715, 23.055182817662047], [72.53597199238317, 23.055503290693117], [72.53595310815243, 23.055559237859264], [72.53592569487233, 23.055640454644443], [72.53600007946339, 23.05565355812416], [72.53606002765987, 23.055683489494985], [72.53607179320495, 23.05568936394138], [72.53607661109737, 23.055758115293195], [72.5360801183019, 23.056076368716866], [72.53607222316538, 23.05625796394605], [72.53605958281844, 23.056548678851474], [72.53605799415571, 23.056583147457278], [72.53603731256058, 23.057031911415606], [72.53603467500923, 23.057089152816577], [72.53604375802425, 23.05738148928334], [72.53603344081206, 23.057532467674047], [72.53604174764564, 23.057578916694325], [72.53613147697635, 23.058080660045245], [72.53613900563941, 23.0581232900078], [72.53617289036394, 23.058315160133642], [72.53618626383958, 23.05839088778347], [72.53620351354245, 23.058488564086698], [72.53623252631986, 23.05865284946841], [72.53624259926632, 23.058712571250165], [72.53624267672664, 23.058713031960593], [72.536244367122, 23.058722261009255], [72.53634497816068, 23.05870181900498], [72.53680093919449, 23.058579446440113], [72.53700975950719, 23.058659994192308], [72.53748948759272, 23.058653513066538], [72.53751677008871, 23.05878286719929], [72.53751771720637, 23.058789575896583], [72.5375222581423, 23.058821754090427], [72.53752900766608, 23.058858655622828], [72.53754855002623, 23.058965496249517], [72.5375631431414, 23.05904527906818], [72.53756801967872, 23.05907193762617], [72.53758523003442, 23.059168617495104], [72.53759634131946, 23.059231035698495], [72.53761755061508, 23.059350172559633], [72.53762512781479, 23.059392736436365], [72.53764665308444, 23.05951365032987], [72.53780847687132, 23.059535381324785], [72.5378453166361, 23.05954032842923], [72.53814115990872, 23.059580056103048], [72.53828175239104, 23.05959893617686], [72.53850372871938, 23.059627874323503], [72.53851401723963, 23.059629215433226], [72.53871611448332, 23.05965583040573], [72.53881515968817, 23.059668874577273], [72.53884151061249, 23.059681189744797], [72.5390226956507, 23.059765864321033], [72.53922444707791, 23.05986015113129], [72.53936047745678, 23.059924017601205], [72.53948815702493, 23.059983963224237], [72.53952193129555, 23.05999982076841], [72.53978413671008, 23.060084301132502], [72.53986455074184, 23.060110209500582], [72.53991991596118, 23.060128048012945], [72.53996057061478, 23.06014114635864], [72.54002763878752, 23.060162754628767], [72.5400317413467, 23.06016462131758], [72.54008676102849, 23.06018966110259], [72.54017580108294, 23.060263279833908], [72.54018550957244, 23.060271306653423], [72.54040624733665, 23.060444216306788], [72.54068119427932, 23.060659587616637], [72.54069597861118, 23.06067116904277], [72.54071212886504, 23.060683818930023], [72.54075979276152, 23.060721155097436], [72.54077278493234, 23.060731126987594], [72.54103353318992, 23.06093125935539], [72.54110553351678, 23.0609865220369], [72.5411525896785, 23.06098763994412], [72.54123371813505, 23.06098615287768], [72.541393301017, 23.060983228180778], [72.541410076847, 23.06098465382498], [72.54170765222884, 23.061079319507467], [72.54188579882351, 23.06113599166905], [72.54214991722809, 23.061207543538597], [72.54233573819934, 23.061257884413518], [72.54261696462875, 23.061324799714754], [72.54266785344795, 23.06133690829595], [72.5427932148154, 23.061366737274337], [72.54287888774027, 23.061386741611813], [72.54292265622921, 23.061387435025207], [72.54325746653741, 23.061414856435825], [72.54372197959698, 23.06143743386004], [72.54388844252654, 23.061401713510858], [72.54413795843149, 23.06139269500814], [72.54423485986699, 23.061583308626837], [72.54423583615564, 23.06158353956321], [72.54424696263735, 23.061620148778477], [72.54425134018041, 23.061633474745445], [72.5443021485536, 23.06178813440355], [72.54431086760393, 23.061814676541395], [72.54432445722597, 23.061857266904507], [72.54436970030362, 23.06199906148392], [72.54440042696802, 23.062110947689987], [72.54439057115182, 23.062288348180406], [72.5444786431753, 23.06250492049653], [72.54466043138439, 23.062886608837392], [72.54466475748957, 23.062896914268954], [72.54479566569597, 23.0631509415116], [72.5449240586085, 23.06340134743284], [72.54508041574451, 23.06374653431983], [72.54509148437955, 23.063839615587735], [72.54522358248485, 23.064290801964862], [72.54524462914209, 23.064370111430236], [72.54536468663312, 23.064724288806648], [72.54546342237016, 23.065214998477053], [72.54562995253114, 23.065709363331074], [72.54571064373087, 23.06587330428438], [72.54577741341929, 23.066006190642256], [72.54592562852571, 23.066259769352442], [72.54604587007842, 23.066518645861603], [72.54617378819202, 23.06675280124563], [72.5462020520339, 23.066803423833903], [72.54614273154164, 23.06715550634306], [72.54614176392465, 23.06715828986314], [72.54619369231334, 23.06722438508452], [72.54628525127899, 23.06734081815426], [72.54632586717852, 23.067357123751503], [72.54637975667892, 23.067378756898872], [72.54637990681344, 23.0673788170078], [72.54652380943854, 23.067436588425657], [72.54676800849556, 23.067522069660217], [72.54678447637603, 23.06752938773658], [72.54718165594535, 23.067690631600225], [72.547515271285, 23.06782049519774], [72.5479936043897, 23.067998584330248], [72.548076152726, 23.068030200425262], [72.5482561952685, 23.06806643545756], [72.54843056959444, 23.06821991765362], [72.54849703682754, 23.068329868293866], [72.54856987726423, 23.068450360062737], [72.54863959188364, 23.068565681930043], [72.54865407897738, 23.068599986889403], [72.54866666935058, 23.068605932890126], [72.54894381748186, 23.068693599721936], [72.54973587090909, 23.06896592028735], [72.5499396603346, 23.06905936877954], [72.55019422343662, 23.06913090199553], [72.5504574807868, 23.069214616110806], [72.55056989672478, 23.06922209219283], [72.55084588522493, 23.069138275529077], [72.5509566823852, 23.069069052910606], [72.55097536768251, 23.06906768338573], [72.55108989449374, 23.069059289682606], [72.55114239914528, 23.06905544105246], [72.55122558318863, 23.06904934446682], [72.55133870806723, 23.069041052521676], [72.55134180011967, 23.069040826925605], [72.55148189117365, 23.06905349982207], [72.55151211015223, 23.06905345555309], [72.5516648850791, 23.069061481615584], [72.5518969504524, 23.069077624700935], [72.55190787969883, 23.06907838542333], [72.552083033537, 23.06908365879446], [72.55229237255539, 23.06908996102061], [72.55231620635075, 23.069091883156478], [72.5525178525879, 23.069108142488513], [72.55256889501639, 23.069110315615646], [72.5526281247591, 23.06911283677675], [72.55276870215725, 23.06912609294407], [72.5527718910926, 23.06912671380648], [72.5529020801265, 23.069152074713454], [72.55296112126008, 23.069175855586305], [72.55316908996647, 23.06925962222262], [72.55325934541733, 23.06929597638347], [72.55328136952859, 23.069304847790317], [72.55334621528507, 23.06933195756613], [72.55336952973656, 23.069340262155738], [72.5533695219943, 23.06934031259049], [72.55344363439585, 23.069366735343692], [72.55346431290643, 23.06937410715663], [72.55348407040464, 23.069376894916257], [72.55358118887125, 23.069390600188726], [72.55371809095503, 23.06940992023564], [72.55377559130584, 23.069418034787958], [72.55379372458219, 23.06942059332735], [72.55404029844385, 23.069452366392245], [72.55408296337811, 23.06945786416511], [72.55409043613324, 23.069458827591923], [72.5541524843213, 23.06946682286299], [72.55444719110659, 23.069501768253758], [72.55448289220658, 23.069506001646058], [72.55469140247098, 23.06953072593548], [72.55469310817686, 23.069530928384516], [72.55476781466685, 23.069552037950473], [72.5548397796249, 23.06957611123753], [72.55487736713714, 23.069588684585703], [72.55488800099474, 23.069592241805818], [72.55490995780914, 23.069600312105653], [72.55498153983784, 23.069619504482187], [72.5549981772266, 23.06962396532118], [72.55515012422057, 23.069654531685885], [72.55518541713927, 23.069662403962095], [72.5552519158374, 23.069677235722573], [72.55548019816008, 23.069728151804586], [72.55562251090146, 23.06975989386079], [72.55581555786372, 23.069802950821973], [72.5558414322359, 23.0698089619395], [72.55598627279922, 23.069842611520734], [72.55599472852371, 23.069844576792043], [72.55617529287662, 23.06990464682951], [72.55619238433982, 23.06991033240209], [72.55634989790752, 23.06996088972786], [72.55652113579131, 23.070015851684147], [72.55666902389149, 23.07006331857587], [72.55668330418833, 23.07006756312733], [72.55677831886, 23.070095806351993], [72.55680917266068, 23.070104977290477], [72.55686182387635, 23.070127164750563], [72.5569047272445, 23.07014524458318], [72.55696127008595, 23.070169072051637], [72.55701657934038, 23.070192379384657], [72.55718103152844, 23.070261679918037], [72.55718846200418, 23.070264933763685], [72.55731200981583, 23.070319029036803], [72.55735835660889, 23.07033839699576], [72.55739970958376, 23.070355677248195], [72.55750378685917, 23.07042241958151], [72.55753461616595, 23.070442189362023], [72.55754205440176, 23.070446959053356], [72.5575845696151, 23.070474222850425], [72.55760559478139, 23.070487705805245], [72.55763900608818, 23.070509131447224], [72.55772591932482, 23.07056486620847], [72.55773229350842, 23.07056896583502], [72.55778351553744, 23.07060191171867], [72.55784263949269, 23.070639940473505], [72.55791949528243, 23.070689374492176], [72.55794485317459, 23.07070568415638], [72.55796902098581, 23.07071992794469], [72.55797783593138, 23.070724535644775], [72.5580370691499, 23.070755494669676], [72.55806736573201, 23.070771329996088], [72.55809690358925, 23.070786768104895], [72.5580992252555, 23.070787981208582], [72.55813391192905, 23.070806111524963], [72.55822049480922, 23.07085136615486], [72.55833193948645, 23.070909614046275], [72.5584915201268, 23.0709909982344], [72.55840375766216, 23.071344073070094], [72.55831867903561, 23.07168097926968], [72.55825696046182, 23.07192509212728], [72.55817810356895, 23.072217666639972], [72.55810457510381, 23.072515340137123], [72.5580280528332, 23.07280723381624], [72.5579594532506, 23.073089218432344], [72.5578878081219, 23.073368289614294], [72.55784755149662, 23.073538927696262], [72.55779430084708, 23.07375188317304], [72.55776490953221, 23.073869421664824], [72.55772908055022, 23.074009315026014], [72.5576600674056, 23.074271229065833], [72.55760276113105, 23.074485313339725], [72.55755496664362, 23.0746873637117], [72.55750653891198, 23.074881521326326], [72.55746584324035, 23.07503352118907], [72.55741813791029, 23.075230557104135], [72.55734975639419, 23.075500362689112], [72.55728165837901, 23.075754408545716], [72.55723889622719, 23.075935039073663], [72.55718875108737, 23.076138485549404], [72.55714126491208, 23.07632334280264], [72.55707119065708, 23.0766010039966], [72.55701589390252, 23.076832316604406], [72.55695844269323, 23.07705428112618], [72.55688840638356, 23.077329793272675], [72.5568398209788, 23.077532547778272], [72.55677067515005, 23.07780162426383], [72.55670408465436, 23.078057842459884], [72.55662569523616, 23.07836690359927], [72.556578813362, 23.07856108549485], [72.55652657644443, 23.078751600516267], [72.5564947315951, 23.078885106570805], [72.55643025518688, 23.079152822356512], [72.5563971599727, 23.079269827278587], [72.55635097414284, 23.07946831877292], [72.5562887456061, 23.079697374118023], [72.55624381225721, 23.079869371699175], [72.5561948008234, 23.080052772119032], [72.55616791894161, 23.080160534051462], [72.55610025786723, 23.080431772512306], [72.55609215515345, 23.080463990356087], [72.55586490507763, 23.081367625785276], [72.55573835842908, 23.081869653444677], [72.55561165850777, 23.08238003811489], [72.55544349994533, 23.08304145453732], [72.55520760885702, 23.083975881167554], [72.55518849840149, 23.08404663254644], [72.55502568301702, 23.084705305229676], [72.55495914939158, 23.084957939853883], [72.55490153450975, 23.08518849922812], [72.55486427565586, 23.08536419800693], [72.55478947908583, 23.085645367176813], [72.5547267772996, 23.085900210450056], [72.55468581467099, 23.086066537073435], [72.55462822461087, 23.086295663054802], [72.5545598557667, 23.086564032947074], [72.55449885669618, 23.08681030452743], [72.55443797409279, 23.087050127638037], [72.55437469069837, 23.087294213355868], [72.55430635856774, 23.087560435036973], [72.55424272443662, 23.087823862292492], [72.55417343651375, 23.08810010053342], [72.55410981376784, 23.088362811068745], [72.55403278240662, 23.08863892919311], [72.55396323306891, 23.08892949453526], [72.55390490972896, 23.08915622084575], [72.55379648856903, 23.089583047524545], [72.55372541581774, 23.089872155467166], [72.55365454253891, 23.090235790225297], [72.55361279442567, 23.09048809116924], [72.55357882793355, 23.090738363239133], [72.5535552873196, 23.091011727021364], [72.55354497941602, 23.091238719803034], [72.5535393960144, 23.091589751064166], [72.55354740780085, 23.09187435220312], [72.55356119599969, 23.092096701867252], [72.55360278204635, 23.092452047393976], [72.55363139552625, 23.092711172418024], [72.55369030744855, 23.09300802765484], [72.55375072079492, 23.093264778458018], [72.55382379255667, 23.09354967222207], [72.55390885596124, 23.093813971208885], [72.55401887689973, 23.09411161860705], [72.5541395970709, 23.09441731469384], [72.55431927745202, 23.09480346315593], [72.5545049461286, 23.09520116933401], [72.55467804801916, 23.09556571901344], [72.55485673704865, 23.095964033519074], [72.55503922034929, 23.096366705618326], [72.55519899627546, 23.096697369103595], [72.55532569901185, 23.09697234511971], [72.555476983297, 23.09730144324903], [72.55566952414497, 23.09770498743227], [72.55571517603404, 23.09783611019233], [72.55584862897922, 23.09812337142817], [72.55599245748881, 23.09843659059647], [72.55616257401495, 23.098795359414186], [72.55634396887226, 23.099172933961828], [72.55722103475507, 23.101102141868395], [72.55745077223281, 23.101591054063057], [72.55765845130585, 23.10204331906939], [72.5578686981682, 23.102467916076296], [72.55801168728337, 23.102728093613635], [72.55813836723514, 23.102919229085185], [72.55829578217225, 23.103124215509542], [72.5584596184406, 23.103316880995354], [72.55863921890042, 23.10349450294168], [72.55885048421258, 23.10369172347937], [72.55907854707083, 23.103873917223428], [72.55936866767136, 23.10405133828767], [72.55957809788138, 23.104178783090354], [72.5598647633302, 23.104318888366187], [72.56019505600048, 23.104445335677884], [72.56055359103927, 23.104552156099956], [72.56085287695744, 23.104622708332208], [72.5610516091813, 23.104656354975877], [72.56141135357612, 23.104696311945524], [72.56165707015748, 23.104702021445327], [72.56194531208, 23.104697877858005], [72.56220810151139, 23.104673276489244], [72.56255201742322, 23.104617443207133], [72.56274903328621, 23.104574626942053], [72.5629399226341, 23.10452789437333], [72.56322961281086, 23.104443514184382], [72.56350078449073, 23.104355026911342], [72.56389562516327, 23.10422449885662], [72.56423131511502, 23.10410929896436], [72.5648288308987, 23.103908329712016], [72.5654149349276, 23.103710048222116], [72.56575776503631, 23.103599731611332], [72.56624723596882, 23.103433395900357], [72.56697675892404, 23.10318572778706], [72.56781537353119, 23.10288901163556], [72.56818141449658, 23.10275900228282], [72.56978015966408, 23.102309278266677], [72.56964153729777, 23.10235687529538], [72.56914042272338, 23.102539285308506], [72.56888018495033, 23.102651837625686], [72.56873736561151, 23.102725115127328], [72.56853496785665, 23.10283760309184], [72.56820974326484, 23.103031557968396], [72.56791550686476, 23.103239605368444], [72.56773751912218, 23.10337301006384], [72.56757101272413, 23.103545354524687], [72.56739925890056, 23.10370987122612], [72.56721833278466, 23.103898764466596], [72.56706560950806, 23.104063011798765], [72.56680516120231, 23.104352932435656], [72.56679596464319, 23.104362538642306], [72.56678758242506, 23.104372500460155], [72.56659982928875, 23.10459563957241], [72.56614216089244, 23.105145707679007], [72.5658387172903, 23.10559350294747], [72.56583074249605, 23.105604891941738], [72.5656791565203, 23.105849053484846], [72.5655454970213, 23.106087042156698], [72.56538717011158, 23.106404188916258], [72.5652775565164, 23.106640398932406], [72.56519184719504, 23.106839715329176], [72.56508893164668, 23.107091075823003], [72.56498527976015, 23.10734027536718], [72.56488544722885, 23.107592400051267], [72.56477303025662, 23.1078550795567], [72.56471210336115, 23.10799745266877], [72.56458830428255, 23.108275481076824], [72.56448130263853, 23.108538482222038], [72.56432824321506, 23.108892492812576], [72.56417693809672, 23.109263728829337], [72.56407082906094, 23.10953438613997], [72.56389375697701, 23.10995968209594], [72.56374499760854, 23.110304204321356], [72.56353764800114, 23.110804511122556], [72.56335730189059, 23.11123931044981], [72.56309359571223, 23.111885880691776], [72.56292507043905, 23.112295065485252], [72.56276978195193, 23.1126576382074], [72.56263905430711, 23.112975685089314], [72.56251990859103, 23.113281490617943], [72.56242136559732, 23.113533155325474], [72.56231122225302, 23.113798016851405], [72.5622011474758, 23.1140590570271], [72.56202060426399, 23.114447034679724], [72.56179318573574, 23.115028238467296], [72.56181783972238, 23.115035785789022], [72.56198739832263, 23.115100803586852], [72.56195526723344, 23.11537198854905], [72.56183537316593, 23.116383862476795], [72.56254220493445, 23.11632104354212], [72.56318162570342, 23.11626090444404], [72.56335679151603, 23.116107465878507], [72.5633662334845, 23.11609919442185], [72.56351578597003, 23.11611471724458], [72.56381395589518, 23.116145664067478], [72.56392751953848, 23.11618094897001], [72.56435724691575, 23.116065292624803], [72.56476373835919, 23.11597793894478], [72.5654078769078, 23.11588660979426], [72.56564342004714, 23.116113816613428], [72.5660259545938, 23.115980229368514], [72.56679473489687, 23.1158506904682], [72.56768161743193, 23.115701950396204], [72.56800945038059, 23.11573758078472], [72.56865231290669, 23.115946223544547], [72.56901308920659, 23.116102743599015], [72.56896250401856, 23.116271973393953], [72.56894713646038, 23.1163233863787], [72.56902389972788, 23.11634971545784], [72.56982796428926, 23.116625503052415], [72.56983116871137, 23.117250402550322], [72.56991165828929, 23.117660375575813], [72.56998028810546, 23.11847574856745], [72.57045463538894, 23.11842181203156], [72.57050626031746, 23.11862194810711], [72.57056808156342, 23.1188616126997], [72.57045074999921, 23.119617264005324], [72.57068557237119, 23.120250956784595], [72.57068944231128, 23.120430225331003], [72.5707175840967, 23.12070798223851], [72.57073442029802, 23.120920227278944], [72.57076033272617, 23.121114863792187], [72.57077167857896, 23.12120009177232], [72.57087656898497, 23.121661962210393], [72.571051867247, 23.121914175759226], [72.5712060495497, 23.12222013319264], [72.57125779482456, 23.122307793584298], [72.57126516424822, 23.122321766374423], [72.57127949990948, 23.122304296624524], [72.57132735154391, 23.122283296095723], [72.57142887117007, 23.12223874309634], [72.57144919515964, 23.122229823588874], [72.57186277568351, 23.122048317529728], [72.57201576788472, 23.12198117433124], [72.57211126960242, 23.121934403970062], [72.57211133655687, 23.121934371598815], [72.57213128140363, 23.121924603876952], [72.5724618618672, 23.121762706113525], [72.5725210266324, 23.121733731019944], [72.57258861284075, 23.121700629925016], [72.57274507814829, 23.12163820222584], [72.57319122573112, 23.121460190990096], [72.57338682614127, 23.121382146801707], [72.57364226874007, 23.121253333604205], [72.57397440427832, 23.12110605408688], [72.574233321558, 23.12099124197463], [72.5744750592746, 23.1208799422862], [72.57461998323305, 23.120813216607438], [72.57476205486361, 23.12074780376831], [72.57486150402764, 23.120692831099763], [72.57497619327978, 23.12062943432826], [72.5752655254566, 23.120469501133552], [72.57529746973134, 23.120451841357976], [72.5755346354347, 23.120320745017402], [72.57558581815009, 23.120287789308726], [72.57561504731147, 23.120264572702375], [72.57561967146857, 23.120260899125807], [72.5756207052152, 23.120260078155635], [72.57565900544827, 23.120229654298225], [72.57568811778881, 23.120206527962452], [72.57568912777539, 23.120205725584555], [72.57575462526442, 23.120153697770068], [72.57580742096755, 23.12010300030592], [72.57581067265012, 23.120099877975317], [72.57584222608186, 23.120069579633967], [72.57596478078777, 23.119951899484278], [72.57614108414396, 23.11978260823213], [72.57614837706664, 23.119775604728634], [72.57615566205268, 23.119768608324875], [72.57616524992825, 23.119755831690078], [72.57622810709334, 23.11967206776537], [72.57647116970676, 23.11941233654754], [72.57649935619233, 23.119382216503396], [72.57659811524154, 23.119276684187284], [72.57664509400783, 23.119229629932516], [72.57678059935597, 23.119093904934434], [72.57706073236511, 23.118813317855988], [72.57723479759515, 23.11865669362713], [72.57744423089521, 23.118456429266466], [72.57755643568059, 23.118349135689854], [72.57757249987196, 23.11833377180956], [72.5777909330075, 23.118168409014125], [72.57788877392224, 23.11812205621705], [72.57800275801178, 23.1180680548007], [72.57810324880553, 23.118020446186467], [72.57853110012353, 23.118804480658333], [72.57853868430601, 23.118818377908976], [72.57855621155035, 23.118850642136735], [72.57902909090073, 23.118718720042473], [72.57925799659002, 23.119244685516367], [72.57942332979972, 23.119571726244377], [72.57967242024614, 23.12011241207796], [72.57972287683998, 23.120369863969277], [72.58000288159572, 23.120884363383777], [72.58036677570058, 23.12158844969554], [72.58056498010225, 23.121984414061448], [72.58063874368489, 23.12211930678656], [72.58085437974741, 23.122551366623195], [72.58091254605468, 23.122691990837097], [72.58084763056954, 23.123049999338463], [72.58098746933138, 23.123460592649202], [72.58105444244713, 23.123686147367085], [72.58119053783454, 23.1240895178327], [72.58131355032458, 23.12442819629511], [72.58142796137533, 23.125003654914586], [72.58154584986683, 23.125506519108622], [72.58162725356514, 23.126034814271534], [72.58165434873571, 23.12618987539622], [72.58167915603642, 23.126320007530005], [72.58170333606068, 23.126446856593347], [72.5817631043302, 23.126555916356253], [72.5818423813858, 23.12693697762751], [72.58199968523476, 23.127300128686983], [72.58205826651981, 23.12745826461628], [72.58215941735473, 23.127679612788373], [72.58276984778652, 23.127639161083184], [72.58279006137451, 23.127851857775255], [72.58279524304879, 23.12790006845105], [72.58287829369189, 23.128672849770634], [72.58288475620753, 23.12872317541596], [72.5828866762645, 23.129003952955948], [72.58292545952132, 23.129194984434513], [72.5829356807722, 23.129250989270318], [72.58294949846695, 23.1293013618026], [72.5829641080779, 23.129394024124572], [72.5829804415297, 23.12948559705607], [72.58298007369139, 23.12960662405307], [72.582987841859, 23.1296489161013], [72.58299623073897, 23.12969458951565], [72.58305537852128, 23.130016594847447], [72.58307968820537, 23.13014893461862], [72.58309954917193, 23.130295462720635], [72.58318487792432, 23.130246611431648], [72.58335430946968, 23.12994245966016], [72.58414911879704, 23.12967004744256], [72.58431712803433, 23.129705293798484], [72.58497869743859, 23.129844082253012], [72.58502073142577, 23.12985528692504], [72.5850208266945, 23.129855526716405], [72.5854611815801, 23.129972684012056], [72.58594667015628, 23.130092352303233], [72.58610885432145, 23.130132327492404], [72.58610907650277, 23.13013229388152], [72.58618540438817, 23.130151097592194], [72.58630811815905, 23.129783313406108], [72.58662738494992, 23.129867026025764], [72.58672364818747, 23.129510211330203], [72.58734506691768, 23.12966342259118], [72.58735907359444, 23.129667221000187], [72.58778815588867, 23.129783580927818], [72.58780692476985, 23.129788215024295], [72.58843166778777, 23.129730802829], [72.58916454053893, 23.129761577403727], [72.58970401487764, 23.129873118040365], [72.59010007771977, 23.13018636017949], [72.59035601691455, 23.130388776988365], [72.59035620748895, 23.130388927956858], [72.59049470836185, 23.130393164165852], [72.59049469369162, 23.130393274982765], [72.59063297383162, 23.13039784713911], [72.5907248500572, 23.13040088471172], [72.59078009929888, 23.13040271146476], [72.59100166116073, 23.13041003594553], [72.5910075671409, 23.13041023093618], [72.59101836355457, 23.130410587339473], [72.59101972932187, 23.130410632589072], [72.59102401784382, 23.130410773968745]]]}}, {"type": "Feature", "properties": {"objectid": 7, "zone_name": "SOUTH-WEST ZONE", "zone_id": "7", "st_area(shape)": 62420109.75341976, "st_length(shape)": 44327.95140366223}, "geometry": {"type": "Polygon", "coordinates": [[[72.53077836158535, 23.026100350919208], [72.53089838682291, 23.025932403747845], [72.53093160332402, 23.025885925739043], [72.53100678878997, 23.025780720517265], [72.53104360629612, 23.0257292035389], [72.53113199384084, 23.025605525409816], [72.53114053313762, 23.02559357622125], [72.53126607512162, 23.025417908680883], [72.53138591695873, 23.025291597802475], [72.53153855479209, 23.02513072027108], [72.53154845631558, 23.025120283668667], [72.53158415027097, 23.025082663179287], [72.53174010404382, 23.02491828933433], [72.53194784720986, 23.024696206778064], [72.5321083555686, 23.0245246183248], [72.5321182761786, 23.024513235888683], [72.53233657732342, 23.024415655932927], [72.53253024859389, 23.024360797149996], [72.53280086983395, 23.02425180125952], [72.53309452670888, 23.024102903899287], [72.53333882808116, 23.023985965711944], [72.53344850599107, 23.023934872933985], [72.53351578630453, 23.02390870307688], [72.53388442520013, 23.023770925366584], [72.5338824899093, 23.023754753890085], [72.53387196554051, 23.023546311927927], [72.5338735597247, 23.02326374030332], [72.53387362480939, 23.023252232063314], [72.53388181785485, 23.0231913839532], [72.5338959519439, 23.023086406894056], [72.53390541270247, 23.023016135701837], [72.53390639828346, 23.023008818871627], [72.53391483499131, 23.02294615549873], [72.53391670925637, 23.022932237116688], [72.53393826476756, 23.022893809678454], [72.53397836382096, 23.022822322572146], [72.53402614997367, 23.022737131367734], [72.53407046143889, 23.022658133959894], [72.53419841888676, 23.022430016699296], [72.53420100142408, 23.02242541226959], [72.53420460709218, 23.02241898396898], [72.53421372715333, 23.022403284546915], [72.5342499919683, 23.02234085452691], [72.53426549648135, 23.022314163342834], [72.53439619756315, 23.022089166136887], [72.53442104151209, 23.022046397951264], [72.53443363615028, 23.022024716832213], [72.53443382317172, 23.022024408295866], [72.53453700999069, 23.021854316606216], [72.5346210545671, 23.02171577849214], [72.53465128123165, 23.021663996157226], [72.53470231597593, 23.021576566817973], [72.53482994884308, 23.021357913745213], [72.53484010621487, 23.021342067944214], [72.53484090047652, 23.02133915267762], [72.53484858445555, 23.0213259883403], [72.53489624613158, 23.021267738561896], [72.53491629053144, 23.021243240425825], [72.53494199403129, 23.021195449941676], [72.53497309497942, 23.02113762544786], [72.53502414589511, 23.021010566943286], [72.53502697046015, 23.021003537847356], [72.53504119448644, 23.02096813665747], [72.53505433523817, 23.020935185823653], [72.5350645587096, 23.020909910820905], [72.53506915424208, 23.020898548094866], [72.53511115307133, 23.020794714585], [72.53514930705907, 23.020719202966546], [72.53523591111714, 23.020547803267497], [72.53525467845748, 23.02051066010089], [72.53528327559977, 23.02045406307925], [72.53528489436457, 23.020450858231523], [72.53529680833832, 23.020427277843762], [72.53529866281777, 23.02042360723409], [72.53533142008321, 23.020358776863006], [72.53535300902281, 23.020316049846127], [72.53538286466392, 23.020256960933278], [72.53542198751795, 23.020179532415085], [72.53544837393149, 23.020127309981344], [72.53549117631526, 23.02004259753302], [72.53553006233068, 23.01996563562495], [72.53554755373358, 23.019931017408275], [72.53555492300234, 23.019916432595817], [72.53559739669564, 23.01979464862187], [72.53560397471044, 23.019775787750582], [72.53560752764338, 23.019765600400838], [72.53562002550021, 23.01973049813904], [72.5356824446651, 23.019555189737535], [72.53570865769078, 23.019511095687452], [72.5357180804845, 23.019495245588818], [72.53578999486443, 23.01937427764168], [72.53584264508592, 23.01928571291884], [72.53588211183677, 23.019219324017538], [72.53588946412818, 23.01920695609421], [72.5358899719356, 23.01920536431544], [72.5359144981766, 23.019128404289095], [72.53594627883479, 23.019028684953312], [72.53598778283946, 23.018898453044116], [72.53601007378052, 23.01882851052885], [72.53601955909159, 23.018796715948817], [72.53604182815329, 23.018722073322355], [72.53604488053429, 23.018711841148058], [72.53607643748389, 23.01860606709064], [72.53609231513747, 23.01855284667895], [72.53610107756818, 23.018518645812204], [72.53613149450612, 23.01839993008265], [72.53615543648608, 23.018306483735717], [72.53616980454933, 23.018250406941437], [72.53619034206564, 23.018170249438253], [72.53619028837876, 23.018170037356526], [72.53619048498692, 23.0181692008526], [72.5362215136467, 23.018037317043326], [72.53622162567552, 23.018036841228497], [72.53623510380758, 23.017979552601993], [72.536247427782, 23.017927167841435], [72.53625050983084, 23.01791406715364], [72.53625295607425, 23.01789420121789], [72.53625667703909, 23.01786397791808], [72.53625970790837, 23.01783936625448], [72.53626639880646, 23.017764434923663], [72.53626778181423, 23.017739588156704], [72.5362687176487, 23.017722763565175], [72.53626945900474, 23.017709448580614], [72.53627004564245, 23.01769890446253], [72.53627057731687, 23.017689345301395], [72.53627090169842, 23.01767466426793], [72.53627096432491, 23.017671808913402], [72.53627114629903, 23.01766356775115], [72.53627142700519, 23.017650860371628], [72.53627149111516, 23.01764797705468], [72.53627652440962, 23.017611443140275], [72.536279641102, 23.017588816173294], [72.53628416669592, 23.017555961219937], [72.53628688792135, 23.017536204284486], [72.53628692942611, 23.01753590611757], [72.5362895640762, 23.017516780667872], [72.53629164820707, 23.017501651284363], [72.53629231445522, 23.017496814746018], [72.53629497494028, 23.017477501924485], [72.53629776456016, 23.017457254952582], [72.53632396706388, 23.01726704991614], [72.53632541184973, 23.017256564298496], [72.5363265601296, 23.017248226241314], [72.53632776983349, 23.017233181639963], [72.53632944346478, 23.017212358479547], [72.53633285740871, 23.01716988717216], [72.53633885865973, 23.017095224943713], [72.53634180008787, 23.017058628655906], [72.53634654107866, 23.016999645782967], [72.536347249251, 23.016990838658945], [72.536348823261, 23.016971257045466], [72.53635360972473, 23.016911703432875], [72.53635501356062, 23.01689424065323], [72.53635983018971, 23.01683431466979], [72.53636109532947, 23.01681858031946], [72.53636247590624, 23.01680969519544], [72.53636297835044, 23.016806465724976], [72.5363674290495, 23.016777835412995], [72.53637175711985, 23.016749995813704], [72.53637851714247, 23.016706507739784], [72.53638331911772, 23.01667561335988], [72.53639265342183, 23.01661556723917], [72.53639503571506, 23.016594977189428], [72.53639711495897, 23.01657700222793], [72.53639929950936, 23.016558116216526], [72.53640246762545, 23.016530724376047], [72.53641102175736, 23.016456775346313], [72.53641259993188, 23.01642360094826], [72.53641295005596, 23.01641624891205], [72.5364145017141, 23.01638362117301], [72.53641616512516, 23.0163486543191], [72.53641640347763, 23.016343642299944], [72.53641944974025, 23.016279593824432], [72.53642043321958, 23.01625891067328], [72.53642330902785, 23.016198445302642], [72.53642242081254, 23.016173047685403], [72.53642223609401, 23.016167756444972], [72.53642118200396, 23.016137586967282], [72.5364219872044, 23.0161261768917], [72.53642575658775, 23.016072782303812], [72.53642922948205, 23.01602357370742], [72.53643042746548, 23.016006596111563], [72.53643601649352, 23.015927399203303], [72.5364380089177, 23.01589917386012], [72.53643885620347, 23.01588716500709], [72.53644522255303, 23.01579696382808], [72.53602367692532, 23.015677328757256], [72.53572519715765, 23.015589024072188], [72.53537397266375, 23.015504787461065], [72.53536937995025, 23.01550345656839], [72.53536919562342, 23.015502276499415], [72.53536359745598, 23.015466504136743], [72.53536056285884, 23.01544711525547], [72.5353352681829, 23.015285499316462], [72.5353338736734, 23.015275837030874], [72.53532939154613, 23.015244767371584], [72.53529365869777, 23.014997107565502], [72.53527970454704, 23.01490039519277], [72.53527404101689, 23.014861138966122], [72.5352704501161, 23.014836248129804], [72.53526623034952, 23.01480700251837], [72.53526226262055, 23.014779504060545], [72.53525772760405, 23.014748072472507], [72.53525257850907, 23.01471238474037], [72.53518400443802, 23.014641342731323], [72.53504520721805, 23.014497549301005], [72.53497901685947, 23.014428976385346], [72.53492702895146, 23.014124258094945], [72.53490171815285, 23.013975898880613], [72.53485812258184, 23.013720362728023], [72.53484953053828, 23.013670002071883], [72.53483768880413, 23.01366202225413], [72.53479198675127, 23.013631223058457], [72.5347563302056, 23.013584902154978], [72.53469479519305, 23.013504963735432], [72.53466207505123, 23.013462458487165], [72.5346474246924, 23.01344342665549], [72.53464843844112, 23.01335871583544], [72.53464873613669, 23.0133338169713], [72.53464999792735, 23.0132779955866], [72.53465041879474, 23.013259355662246], [72.53465139019261, 23.01321639316184], [72.53465443227786, 23.01308175888406], [72.53465918673196, 23.012883630467822], [72.53465968633677, 23.012862805287536], [72.53465988475992, 23.012854521053434], [72.53462774576286, 23.012847695569462], [72.534479965827, 23.012786817435888], [72.53439279166412, 23.0127458369905], [72.53437299921741, 23.012379494233294], [72.53430385736259, 23.012334932741837], [72.53429295051333, 23.01221023534814], [72.53428688469543, 23.012180408468446], [72.53427765259353, 23.012135012021652], [72.5342556461841, 23.012026798463147], [72.53424247165482, 23.011962017933712], [72.53422879677328, 23.011894774103013], [72.53422527920428, 23.01187154727878], [72.53409129856753, 23.011817136404495], [72.53398526480476, 23.011774075316662], [72.5338549941008, 23.01172117009708], [72.53381673335545, 23.011705632229685], [72.53381426020793, 23.01170477127124], [72.53381424487229, 23.011704220349536], [72.53381153425333, 23.011604997443076], [72.53381031513507, 23.01156039119983], [72.53380993531184, 23.011546475576985], [72.5338064611107, 23.01141931573924], [72.53380664355697, 23.01136076024846], [72.53380671168674, 23.0113388378195], [72.53380734712835, 23.011134734018], [72.5338075203457, 23.011078937211757], [72.53380768455453, 23.01102626290663], [72.53380792039209, 23.0109503472956], [72.53380812108034, 23.010885854643096], [72.5338082192784, 23.010854450105615], [72.53380841457157, 23.01084987887161], [72.53380989878539, 23.01081519183888], [72.53382188061299, 23.01053517946139], [72.53382335805588, 23.010500649401408], [72.53382468245537, 23.010469708129833], [72.53382649165466, 23.010448251573624], [72.53384398853392, 23.01024072005395], [72.53385301973644, 23.01013360404584], [72.5338737532636, 23.009887678069962], [72.53388837775717, 23.009714204372695], [72.53388953407085, 23.0097004932382], [72.53389054491686, 23.00968850681412], [72.53393953208499, 23.00959741181445], [72.53394016746077, 23.009596418750988], [72.53394016999816, 23.009596225600145], [72.53393507223845, 23.00948185780256], [72.53393067905307, 23.00938328391542], [72.53392990888956, 23.00936600213825], [72.53393208635389, 23.00933067410722], [72.53394914858303, 23.00905386797667], [72.53395543743983, 23.0089518341651], [72.53395612048462, 23.008931434334993], [72.53396167691315, 23.008878953275612], [72.53396330778808, 23.00886354512487], [72.53396487383125, 23.00884875254805], [72.53397530860438, 23.008667064315045], [72.53397747666737, 23.008646784220122], [72.53399163236288, 23.008514404875932], [72.53399281559513, 23.008503341046012], [72.5340024382001, 23.00839982809243], [72.53400380372948, 23.008383244023914], [72.53400904338734, 23.008301039197796], [72.53402510849719, 23.008165224805836], [72.53402839950722, 23.00814700876075], [72.53408826845752, 23.007815580101276], [72.53409450457386, 23.007781060074908], [72.53468213876985, 23.007828804710126], [72.53474392989686, 23.007836216597173], [72.53478285899311, 23.007847876402657], [72.53510725719553, 23.007905650518314], [72.53538237435603, 23.00796755758734], [72.53648033634867, 23.008221161826818], [72.53667056748287, 23.007937634784877], [72.53676826277565, 23.007800857981515], [72.53679826827906, 23.00776836342698], [72.53693892839593, 23.00761004099742], [72.53703987320381, 23.007497338819682], [72.5371507875533, 23.00735385772206], [72.53761847222631, 23.007458910539146], [72.53785204025621, 23.0075127046207], [72.53815197498247, 23.00758038519565], [72.53823406536324, 23.007385148258116], [72.53828531111039, 23.00728304508414], [72.53839103640553, 23.007076621230038], [72.53843982485684, 23.006962510054983], [72.5384571893113, 23.00692544013189], [72.53848856009468, 23.006858471941822], [72.53853498775203, 23.00675218615218], [72.53858963248055, 23.006647507766314], [72.53862084038816, 23.006589774961533], [72.53867367083231, 23.006492043052546], [72.53867903713893, 23.006482114887255], [72.53875861698104, 23.00634936285735], [72.53883884104903, 23.00621253850575], [72.53884006676657, 23.006210448716192], [72.53886475321242, 23.006174269871746], [72.53886592378709, 23.006172478038433], [72.53887885214527, 23.00615269465407], [72.53888688159284, 23.00614040745025], [72.5388906124167, 23.00613295358895], [72.53889775227812, 23.006118689044744], [72.5389598171423, 23.005994693931665], [72.53898400334147, 23.005904282012686], [72.53908009263546, 23.005782008453945], [72.53910571859896, 23.005749400146584], [72.53915225135164, 23.00557384774187], [72.53925245747236, 23.00525581641405], [72.53931403616099, 23.005018872633244], [72.5393767204438, 23.004749461918795], [72.53939557613111, 23.004563447597157], [72.53940585516145, 23.004224431658113], [72.53942407675842, 23.004016432427935], [72.53948988493171, 23.003404072076375], [72.53949626294212, 23.003166270876523], [72.53949466043572, 23.00306258180653], [72.53947543885897, 23.00301988659238], [72.53946561861433, 23.002992264692512], [72.53944832574192, 23.002914368269277], [72.53940302656645, 23.002815732453314], [72.53935534809916, 23.002670483442266], [72.53930339951714, 23.002476202230255], [72.53924338633217, 23.002228650037424], [72.53921782962598, 23.002144056631106], [72.53916704131817, 23.002028018654396], [72.53911151727571, 23.001888618490785], [72.53906868346188, 23.00176076152276], [72.53899568740647, 23.00151778484103], [72.53893685751063, 23.001347282743588], [72.53882098756435, 23.001002890283736], [72.5387868802908, 23.00090151515122], [72.5385336546784, 23.00088121511828], [72.53824952884175, 23.000855776784505], [72.53787303059272, 23.000830574009612], [72.53751366005872, 23.000799904260784], [72.53715943411244, 23.00078436097066], [72.53689026246909, 23.000773723452557], [72.53671264871016, 23.000750895748947], [72.53646846142819, 23.000728465360417], [72.53622422126627, 23.000708899139195], [72.53579521241076, 23.000659668693515], [72.53580139316797, 23.000660302053436], [72.5358014376858, 23.000660213373173], [72.53581243694447, 23.000638339190214], [72.53619352593351, 22.99977805336306], [72.53643147166031, 22.99924089725891], [72.53602854769653, 22.999205301861195], [72.5351780582673, 22.99911447213295], [72.53468234433171, 22.999069475233746], [72.53433495560789, 22.999030860386867], [72.53438568063316, 22.998661965736858], [72.53439062851791, 22.998630628558967], [72.53440351308664, 22.998512202059782], [72.53440465553393, 22.998501010282414], [72.53440803221979, 22.99850150612924], [72.53463703562667, 22.99853511021114], [72.53465293933775, 22.998536822163576], [72.53489769263412, 22.998563170119898], [72.5350012375114, 22.998573893128896], [72.53502600734785, 22.99857645808659], [72.53503113334678, 22.998530585599227], [72.53503765668563, 22.99847220906989], [72.53503831698123, 22.99846629814646], [72.53504047347143, 22.998447004529563], [72.53504060380821, 22.99844584199822], [72.53504084027115, 22.998443722387925], [72.53505272572674, 22.99833737090378], [72.5350571844422, 22.998297470615757], [72.5350643481561, 22.99823336520594], [72.53506785079827, 22.99820202264229], [72.53507370817175, 22.9981495984699], [72.53507431016057, 22.998144212947324], [72.5350745627623, 22.998141956368546], [72.53507300225729, 22.998125761827215], [72.53506386051184, 22.998030853119854], [72.53506186282893, 22.998010113595008], [72.5350563889693, 22.997953293486482], [72.53504961883523, 22.99788301831432], [72.53504560199693, 22.997841325878454], [72.53504450013432, 22.997829890608724], [72.5350393864811, 22.99777680721682], [72.53503496847513, 22.997730949517226], [72.53503209298336, 22.997701095596724], [72.53503175250806, 22.997697561405023], [72.53502785061117, 22.99765705698551], [72.53501677736166, 22.997542115739094], [72.53501584203241, 22.997532410042783], [72.53500717685209, 22.997442456782082], [72.5350056704972, 22.997426824600183], [72.53500704951922, 22.99741398625063], [72.53501148144444, 22.997372713345985], [72.53500836541944, 22.997332321368553], [72.53500851119314, 22.997313830591583], [72.53500896930284, 22.997255925644826], [72.53500921600333, 22.997224686753956], [72.5350251994279, 22.997196989770863], [72.53503369456901, 22.99716007275508], [72.53504572165264, 22.997107803319025], [72.53504864579601, 22.997095097357185], [72.53506941987045, 22.997004820674793], [72.53509486291627, 22.996894249502475], [72.53510700954499, 22.996841461928206], [72.5351408549828, 22.996717376338527], [72.53516467847497, 22.996638300715304], [72.53517413294372, 22.996606919001273], [72.53518533386182, 22.996569739865667], [72.53518683099857, 22.9965647302845], [72.53519038904496, 22.99655282410227], [72.53522859954538, 22.99642494984543], [72.53526523238703, 22.9963044202459], [72.53529278090791, 22.99621303927512], [72.53529738936396, 22.996194625190487], [72.53531365188148, 22.996129648492474], [72.53531391921328, 22.996128674061733], [72.53531674958552, 22.996118389640138], [72.5353172517828, 22.996116563951425], [72.53537322072076, 22.995913113434295], [72.53513553661557, 22.995860685711694], [72.5348580268049, 22.995798322853926], [72.53455507422376, 22.995730547583232], [72.53420430308397, 22.995653428208207], [72.53365545099105, 22.995530227627306], [72.53353070670518, 22.995496641659937], [72.53369022438243, 22.99527782140624], [72.53409376603724, 22.99472537625929], [72.5344124318708, 22.994283201020338], [72.53472793104672, 22.993844797049473], [72.53500751800051, 22.99345169343576], [72.53533254124548, 22.99300006091133], [72.53556678992415, 22.992659754224757], [72.53583445059638, 22.9922979929666], [72.53611182847405, 22.991912496182103], [72.53648355604344, 22.9913889746968], [72.53699469642152, 22.990675103075183], [72.53748716420819, 22.989980524415067], [72.53798741573526, 22.989283198557306], [72.53839221508228, 22.988727701466065], [72.53878297919044, 22.988177717482042], [72.53902306625898, 22.98782746352526], [72.53943497444696, 22.98714630956393], [72.5395330960207, 22.986991700218358], [72.53992867454356, 22.98640964992824], [72.54057346699717, 22.985512339766544], [72.54102689611682, 22.984903025328297], [72.5416970919379, 22.98395476718983], [72.54174197754607, 22.983895769441325], [72.54250906492257, 22.98283739201557], [72.54287128335349, 22.982316261481834], [72.54045018114704, 22.981264591227966], [72.53664575693723, 22.978853559692933], [72.53299500350298, 22.977496660346674], [72.5286399123659, 22.975939721202476], [72.52200635963474, 22.973674692915832], [72.51877057206576, 22.970493331159755], [72.51569690054151, 22.966050641336714], [72.5151204784514, 22.96521743959789], [72.51185974340723, 22.958094102875783], [72.5123002849621, 22.95550877806525], [72.51355968152545, 22.953038314367845], [72.51602426437546, 22.951234889338117], [72.51895578724985, 22.950184192908356], [72.52348803374399, 22.949680044162335], [72.52976099231932, 22.95062641092844], [72.53415086005545, 22.951162251594006], [72.5375352349082, 22.950092791569105], [72.53992989914221, 22.947993293617756], [72.54229256695022, 22.943786558538534], [72.54293774367741, 22.937950514898535], [72.54214961259837, 22.935786331486], [72.5391602306369, 22.932545328069896], [72.53698119836143, 22.930461308141034], [72.5314335649429, 22.925306499595006], [72.5301352794633, 22.926705566124472], [72.5290386572793, 22.92604772220514], [72.52887397276324, 22.925885611448944], [72.52858187456403, 22.925782107128946], [72.52820895396864, 22.925678812241145], [72.52773315154973, 22.925546002128836], [72.52722962941986, 22.925405453567297], [72.52674376712982, 22.92518052299293], [72.5266162771916, 22.925243027622592], [72.52651621551895, 22.92521519314545], [72.52574898145666, 22.92498924119784], [72.52523875587194, 22.92478090197566], [72.52400576187033, 22.924164528850188], [72.52362866861125, 22.923985474687637], [72.52327637785025, 22.923860549065957], [72.52282270989359, 22.923638497509554], [72.52182797658769, 22.92303777110311], [72.52103446860413, 22.922425070877164], [72.52054660175044, 22.922102581540045], [72.52012844065811, 22.921842861104583], [72.51992156477598, 22.921733575917788], [72.51986008770241, 22.92171111873681], [72.51972717048402, 22.921646938986207], [72.51957323787181, 22.921603928127148], [72.51939911819942, 22.921536715491683], [72.51928000973952, 22.921493054282458], [72.51908863403881, 22.92145304079025], [72.51889227648606, 22.921403394387404], [72.5187935076641, 22.92137557554518], [72.51846626830665, 22.92129163774145], [72.51822597937982, 22.921247275426573], [72.51819584983838, 22.921259224467715], [72.51770881686417, 22.921175529011332], [72.5173103324552, 22.920987123170804], [72.51700475835064, 22.92086575173777], [72.5166172648828, 22.920692490282203], [72.51617769214305, 22.92054707554835], [72.51610468172723, 22.920520853455102], [72.51596583589557, 22.920407810960093], [72.51573398905055, 22.920345464207816], [72.51543967441613, 22.920223818412435], [72.51511167322356, 22.92009710656436], [72.51495770031126, 22.919995609246236], [72.51445383235671, 22.91981188141321], [72.51420811005019, 22.91974085732621], [72.51288741192553, 22.919246952114477], [72.51167719879031, 22.91904485135996], [72.51098217176146, 22.918898739334036], [72.51040509440845, 22.918757841668278], [72.51025881667503, 22.918747903673154], [72.50965517818557, 22.91870813050153], [72.50922800434435, 22.918644788132482], [72.50907945475457, 22.918646279307914], [72.50887015026608, 22.918704471320414], [72.50878387421116, 22.91871425184873], [72.50840414517084, 22.918723578910196], [72.50812106148462, 22.918749707757044], [72.50794787011557, 22.91874507851795], [72.50778503343722, 22.91871003717485], [72.5075102161731, 22.91865078580433], [72.50700732793324, 22.91842680593102], [72.50695013957328, 22.91864497550423], [72.50689676510724, 22.918856240193506], [72.50685193594143, 22.919192320255366], [72.50667464098538, 22.919665332791325], [72.50659486802992, 22.91979736045131], [72.50654335474597, 22.91990690205505], [72.50642957588985, 22.920375179457622], [72.5063178564541, 22.920935208837705], [72.50629514192879, 22.92098296151052], [72.50621538289543, 22.92096396833434], [72.50620567464735, 22.920961656410167], [72.5060675474962, 22.92089929678004], [72.5056446968085, 22.920718499989402], [72.50543818113806, 22.920649632298], [72.50538335541638, 22.920673011333747], [72.5053096856197, 22.920922172475144], [72.50524914084023, 22.921186826180307], [72.50516327716788, 22.921200762843863], [72.50503759266252, 22.921248946846966], [72.50497200179217, 22.921282310657624], [72.5048090619443, 22.921449813359395], [72.50491722291268, 22.921569984735015], [72.50497312731706, 22.92172755171445], [72.5049850092155, 22.921810860390316], [72.50498855359537, 22.921955183265137], [72.50492568242892, 22.92223413227416], [72.50483304520115, 22.922617708143363], [72.50480845290365, 22.922721461274154], [72.50475414088687, 22.923152455436554], [72.5047284439082, 22.9233727518992], [72.50473045081114, 22.923540962681443], [72.50482698246063, 22.923745166460446], [72.50464933603172, 22.924059529317116], [72.50459257904689, 22.924170178288144], [72.50452582609034, 22.92483278448762], [72.50435659160213, 22.925202735186133], [72.50427784485193, 22.925559777536062], [72.50422669154325, 22.925888590488157], [72.50421097898142, 22.926042404367372], [72.5041570456196, 22.926522846736336], [72.50412046845142, 22.926689468369812], [72.50401305878088, 22.92699231786309], [72.50396840170973, 22.927099346256753], [72.50395146118862, 22.927161691060142], [72.50395236391698, 22.927196816897734], [72.5038017119199, 22.927228125180847], [72.5037808431388, 22.927227080114623], [72.50367222746704, 22.927286279234544], [72.50353491765816, 22.927349326654337], [72.50338792140911, 22.92739215698485], [72.50322940249191, 22.927430506966818], [72.50312920130283, 22.927445650194084], [72.50299510464089, 22.927445928803913], [72.50286235276768, 22.927443242160706], [72.5024666723802, 22.92743522390287], [72.50240150338223, 22.927438377920083], [72.50191561438645, 22.927498205598397], [72.5016732435885, 22.92753200927642], [72.50140854361385, 22.9275881516229], [72.50128680053055, 22.927617883249624], [72.5010825733995, 22.927645718216827], [72.5009542550868, 22.927665434733097], [72.50093117684489, 22.92767537978377], [72.50093254044523, 22.927685780182102], [72.50096601178397, 22.92794105539849], [72.5009846612219, 22.9281728603831], [72.50070984770696, 22.92822445841211], [72.50050962253961, 22.92826205113536], [72.5004762611952, 22.928267258088574], [72.50046920648641, 22.928286708656696], [72.50040699858978, 22.92845820547961], [72.50011028762417, 22.928565314219004], [72.49999370090356, 22.928595005934966], [72.49968128226519, 22.928757041508245], [72.49939737486328, 22.928882981519127], [72.49929608437624, 22.928922229220664], [72.49907170468332, 22.928929321811708], [72.49882221881265, 22.928964203075658], [72.49860828723978, 22.929007884727866], [72.49818700552628, 22.929059761826966], [72.49789363951606, 22.929096935115496], [72.49779474020487, 22.9290762670614], [72.49724167107061, 22.928932592550165], [72.49661041902742, 22.928783354950784], [72.49625057910139, 22.928706447854744], [72.496142397839, 22.928678905968663], [72.49612056750142, 22.92868811527294], [72.4959882100685, 22.928939748483323], [72.49596194737576, 22.92898417804096], [72.49593825042012, 22.92903138611805], [72.49584827345996, 22.929212890865454], [72.49573220210961, 22.92940379837699], [72.49569820345883, 22.929457720045804], [72.49568701244786, 22.92950531412561], [72.49567824922765, 22.929757404460673], [72.49567905945676, 22.930049772124924], [72.49567918338953, 22.93021123864668], [72.49567256375879, 22.930346802710783], [72.49568439891654, 22.93063371393383], [72.49568196714766, 22.93087290369911], [72.49568263444286, 22.93108191025589], [72.4956413708122, 22.93126220207913], [72.49581286783179, 22.93158401582616], [72.49610011019665, 22.93212026228031], [72.49658458628407, 22.932525381112352], [72.49718378463604, 22.93309561023348], [72.49754167280837, 22.933336525486524], [72.49807244165191, 22.933529322768177], [72.49840630121159, 22.933577071700498], [72.49862355386873, 22.933542519468546], [72.49890448897162, 22.933479146771354], [72.49894766644819, 22.93347457616262], [72.49896872245827, 22.9335624892039], [72.49898694523118, 22.933638570384694], [72.49903543945413, 22.933750162658136], [72.4991006739874, 22.93390501223939], [72.4991948314705, 22.934113820959766], [72.49931221523732, 22.934349746918503], [72.4994046861633, 22.93450534891429], [72.49943028476963, 22.934548422650636], [72.4995576136129, 22.934804569734748], [72.49969493898838, 22.935078070768466], [72.49977160634872, 22.935228322994273], [72.49976810907245, 22.935250242599032], [72.49975527810446, 22.93527488132935], [72.49971078581429, 22.935298836893566], [72.49943394329993, 22.935447897416587], [72.49941199290033, 22.935459716866458], [72.49946242811733, 22.935693709102637], [72.49951298370587, 22.935928265639777], [72.49957562677716, 22.936168106002725], [72.49959077188983, 22.936801290089825], [72.49958483995903, 22.937093199793217], [72.49959015857252, 22.93744739234479], [72.49946846104551, 22.93747413629764], [72.49945410601292, 22.937483463803883], [72.49943970709671, 22.93749517929055], [72.49943433115881, 22.937507037011436], [72.49943303414696, 22.93766179376885], [72.49943394947509, 22.93794878936131], [72.49943253491661, 22.938109992593503], [72.49951884140395, 22.93850761021639], [72.49958974202264, 22.938775287936544], [72.4996609278204, 22.939060716370722], [72.49972476107904, 22.939282738970352], [72.49986559943741, 22.939781942066396], [72.49987096118814, 22.93980109624733], [72.49993911758067, 22.940033317584685], [72.49996109403253, 22.94010419935802], [72.50007096333796, 22.940438481204136], [72.50012620090907, 22.94064956773768], [72.50020018537866, 22.94093072499783], [72.50029161519255, 22.94126245745235], [72.50039210924919, 22.94151551371067], [72.50045136013824, 22.94157520560993], [72.50052376837135, 22.941817109879807], [72.50054621426061, 22.94190676805541], [72.50065038487745, 22.94223876977166], [72.50071358292506, 22.942462615599215], [72.50079451617219, 22.942731883752536], [72.50086872416698, 22.94298814742765], [72.50089332488007, 22.943080971165333], [72.50055698794745, 22.942913143685406], [72.50021862025639, 22.94274899293476], [72.49994685197284, 22.942645434846494], [72.4995403618637, 22.942493565973816], [72.49927138802623, 22.94239473882547], [72.49900242777618, 22.942295195582044], [72.49854442140843, 22.94212603136625], [72.49835784314385, 22.942049938918068], [72.49820742044756, 22.9419961538469], [72.49785973992762, 22.94193513578168], [72.49758675122854, 22.941879476080427], [72.49720151541602, 22.94179218722536], [72.49698131471338, 22.94174094160833], [72.49673292910181, 22.941679697083394], [72.49633809220192, 22.941588672571037], [72.49570495400091, 22.94144909939796], [72.49523682779521, 22.9413467636459], [72.49478585657047, 22.94118121188726], [72.4946214219884, 22.94112558182652], [72.4941181197193, 22.940966993244153], [72.49395814999802, 22.940971153328157], [72.49364200816018, 22.94094131798356], [72.49330688142877, 22.940934110814094], [72.49309208583244, 22.940890588956265], [72.49273314189598, 22.94083236824648], [72.49247498085792, 22.940791025373017], [72.49239692104766, 22.94077259398039], [72.4921662952313, 22.94069251583312], [72.49211268017531, 22.940677097795984], [72.49197647726083, 22.94065105932307], [72.49178198526504, 22.940604392964218], [72.49156113318033, 22.940553727401024], [72.49146375740587, 22.94051994223017], [72.49137373572042, 22.940471942243544], [72.49009807854652, 22.940764444598535], [72.49005238800846, 22.940774921011155], [72.48975184496094, 22.940710451833226], [72.4895738330356, 22.940714083625167], [72.48946082237205, 22.940717071309003], [72.48941839716151, 22.940724162475345], [72.4893408115647, 22.94075697052943], [72.4892055717347, 22.94083950258369], [72.48876873889282, 22.941033222533772], [72.48840441379652, 22.941140907855495], [72.48807520120441, 22.94123242958755], [72.48779648090947, 22.941289592140098], [72.48768151056122, 22.94131317153912], [72.48765416575289, 22.941375686657718], [72.48757859752651, 22.941548445463724], [72.4874451459411, 22.94184823930687], [72.48740526066332, 22.941941237216117], [72.48718483393189, 22.942076995814926], [72.48710733527307, 22.942125926129805], [72.48704461226833, 22.942170791654682], [72.48702646583284, 22.942189851711387], [72.48701823169964, 22.942209784697006], [72.4870173891256, 22.942220519398777], [72.48701271114422, 22.942229402288877], [72.48694931970736, 22.94227557066891], [72.48686746080112, 22.942344137726163], [72.48664026945549, 22.942496984621304], [72.48633598449437, 22.942704740001723], [72.48622433357167, 22.9427805971784], [72.4862131003294, 22.94279534687461], [72.48617401750549, 22.9428866852234], [72.48614184908385, 22.942987686873398], [72.48611308237723, 22.94318368560969], [72.48607974777663, 22.94338259819482], [72.4860461933918, 22.943593449650347], [72.48601632045033, 22.943744645778498], [72.48600243513658, 22.943868031793382], [72.48598812113266, 22.943944834043645], [72.48595128516364, 22.944054121014375], [72.48593419996828, 22.944106397870407], [72.48593182538242, 22.944130244969493], [72.4858285174341, 22.944353780825413], [72.48297711840057, 22.949189492811943], [72.48211598035286, 22.950596344552178], [72.48214976247345, 22.951337794377118], [72.48223905644551, 22.951641119079714], [72.48229834613316, 22.951865623970484], [72.48231126521533, 22.95196184718074], [72.48228565027513, 22.95225880906419], [72.48227126338334, 22.952552313898366], [72.48227127281754, 22.95257112532832], [72.48227146244551, 22.952941456339918], [72.482272159213, 22.953238119236765], [72.4822815146505, 22.953568598119027], [72.48229078261971, 22.953820253840025], [72.48229086122652, 22.953941352125145], [72.48232283688792, 22.954346682440857], [72.48233833288981, 22.954678720349257], [72.48233176491745, 22.95484774149924], [72.48309072292007, 22.955271870619995], [72.48308495046697, 22.95554066350572], [72.48313411141329, 22.95563768685485], [72.48316059349516, 22.95568995161269], [72.48314207692667, 22.955740875460304], [72.48312363532534, 22.95579159286463], [72.48310782459872, 22.95585000455623], [72.4830771350105, 22.955962826438512], [72.4830758812443, 22.956002694971822], [72.48311481288927, 22.956282050994655], [72.48315127114144, 22.956486130741204], [72.48318543831435, 22.956730299967685], [72.48320926724148, 22.95694779340713], [72.48322344749364, 22.957101360542946], [72.48324505301954, 22.957229965662098], [72.48328472006534, 22.957511483659903], [72.48329967782126, 22.957706622542002], [72.48332460304775, 22.957823099698786], [72.48333312459036, 22.957947915016245], [72.48334374205417, 22.958084944268894], [72.48335420036858, 22.958230570487785], [72.48337064350505, 22.958345479426697], [72.48338912910044, 22.958600865349194], [72.48338951731904, 22.958621651666775], [72.4835002802286, 22.958623977051676], [72.48380925526236, 22.958630464412163], [72.4843873570416, 22.958666638171877], [72.48441211604369, 22.959224786101927], [72.48443328317421, 22.959800240301004], [72.48443671439276, 22.959853243142238], [72.48448779363933, 22.96064228808441], [72.48449358793704, 22.96073179188252], [72.4836609286338, 22.96076323985263], [72.48339225534477, 22.960780043270365], [72.48306700667437, 22.960800385713025], [72.48291505682761, 22.96080921726891], [72.48277652456474, 22.960817268754372], [72.48240360215063, 22.96078755142879], [72.48233293566973, 22.96078191979102], [72.48216722232071, 22.960728531928996], [72.48189105962065, 22.960598987363014], [72.48183271188748, 22.9605741757435], [72.48179983047807, 22.960566964959934], [72.4817647276376, 22.960568318361208], [72.48173156309369, 22.960576390034763], [72.48168341074548, 22.960682147198234], [72.48082432299057, 22.960637927938382], [72.4808129991036, 22.960652819168313], [72.48075056332185, 22.960734922930847], [72.48067601831924, 22.96095396185325], [72.48064990620418, 22.961030691158154], [72.4805548189397, 22.961276389007747], [72.48048089235027, 22.961465816084342], [72.48038851175646, 22.961648978139415], [72.48047979232274, 22.961894589896428], [72.48062579961083, 22.961983318154484], [72.48076667710328, 22.962203388908744], [72.48081916040756, 22.962377628177258], [72.4809035022421, 22.96254728597135], [72.4809679614205, 22.96268010747118], [72.48117007713415, 22.96289947937398], [72.48078907567155, 22.96336061396476], [72.48057902650179, 22.963226385336416], [72.48044227532003, 22.963217214294275], [72.4803962579332, 22.9632373034666], [72.48029290139004, 22.96330312457116], [72.48011106443558, 22.963480725027363], [72.47980209341316, 22.9638015576428], [72.47926896643828, 22.963895779857577], [72.47879436815428, 22.96406192431901], [72.47875730268309, 22.964076799447216], [72.47873105844667, 22.9642072119226], [72.47870299320702, 22.964597401151188], [72.47876513559684, 22.96581547970766], [72.4787161129418, 22.966177751423903], [72.47861757947547, 22.966539234447165], [72.47858365442187, 22.966643788508257], [72.47795438609053, 22.966455634528515], [72.47793935833094, 22.966451586721163], [72.47736949762447, 22.96632638128602], [72.47727658388725, 22.966302892621147], [72.47725728796449, 22.96638087608987], [72.477161666741, 22.966767332401325], [72.47712844265848, 22.967119128465903], [72.47706952221975, 22.96774299792415], [72.47707444325479, 22.96789474573474], [72.47702143993726, 22.96817932598012], [72.47697877632451, 22.968532144269144], [72.47695231621124, 22.968662050844458], [72.47693208293681, 22.96875472394477], [72.47638689136978, 22.9688328672291], [72.4763863671361, 22.968918144757964], [72.4763843401298, 22.969247823745096], [72.47637606225513, 22.96947125509304], [72.4765340097228, 22.96963332172035], [72.47666097807567, 22.969768979167632], [72.47656000673794, 22.969872345715462], [72.47624637688456, 22.970176182566824], [72.47612941078859, 22.970293600568468], [72.4760848968257, 22.9703362426466], [72.47572930442576, 22.970475857876345], [72.47551595409563, 22.97057375194908], [72.47536123531323, 22.97064092193875], [72.47534512063683, 22.970647918644914], [72.4752579404462, 22.970589775535768], [72.4751695200132, 22.970530805576562], [72.47497750289638, 22.97042829063076], [72.4743042904942, 22.970522738554006], [72.47408600291651, 22.970513681796795], [72.47348632589654, 22.970552845976748], [72.47325693801746, 22.970570684046177], [72.47304928496405, 22.97056041696823], [72.47303907716078, 22.970717684505587], [72.47293248095328, 22.9707905050671], [72.47289701254785, 22.971393748584788], [72.47293229826911, 22.97171556333368], [72.47294993519553, 22.971973800567458], [72.47295204768666, 22.9719989130838], [72.4729565518382, 22.9720202424772], [72.47308780467232, 22.972019599641627], [72.47312836117074, 22.972019400593297], [72.47314325108817, 22.972123651861676], [72.47315574812636, 22.972211154476405], [72.47323402718068, 22.972272865220347], [72.47324297492727, 22.972297976609845], [72.47331225095454, 22.97249238723158], [72.47330915864772, 22.972575457062756], [72.47327747586782, 22.97263770799431], [72.47321438036288, 22.972761680622476], [72.47309658428495, 22.973145303203324], [72.4730192905058, 22.973279019950706], [72.47287455261662, 22.973571689221167], [72.4727466912421, 22.97383071094625], [72.4726260671186, 22.974130452889476], [72.4726109510782, 22.974180369374942], [72.47222653752992, 22.974313295160652], [72.47210993190807, 22.974364648911283], [72.47146641693904, 22.974568387641206], [72.4712696244282, 22.975113657174322], [72.47125675102784, 22.97514969998544], [72.47111897374305, 22.9755354325573], [72.47082320143703, 22.975419168484432], [72.47080960100688, 22.975601891713048], [72.47080118319187, 22.975714988746123], [72.47073229370612, 22.975699743108045], [72.47067237478342, 22.9756864831384], [72.47072826080904, 22.975849138558424], [72.47079706671194, 22.976049398595315], [72.47043645739075, 22.976327696225226], [72.4704211644433, 22.97671494943324], [72.47036310059981, 22.977099186076256], [72.47016871206209, 22.977555007774896], [72.47005327610948, 22.97793579848657], [72.4699525914373, 22.978438637355765], [72.46982829443769, 22.978962595653076], [72.46980569066227, 22.979677345383063], [72.4697843443403, 22.980075402919155], [72.46987125149322, 22.980893651329524], [72.46987393885604, 22.980909541692377], [72.46997350286172, 22.98138683319216], [72.46997254266176, 22.981399330603637], [72.4699136795231, 22.982192116188344], [72.4699559428815, 22.982633816681762], [72.46998115040721, 22.98287147226614], [72.4699540266859, 22.983396073334227], [72.46995915482705, 22.983482947366948], [72.46997091229173, 22.983682141202564], [72.46998368075924, 22.983747186491875], [72.47003223405241, 22.983994563673868], [72.47003567615299, 22.98402123024858], [72.47004134367913, 22.984065138414316], [72.47008055673831, 22.984368962163746], [72.47010999108613, 22.984538340430895], [72.47016468601, 22.98485307543102], [72.47025456548941, 22.98517277957618], [72.47025703054345, 22.985198302128378], [72.47026431018459, 22.985273639323356], [72.47026514148706, 22.98528224117921], [72.4702522796134, 22.98528467260464], [72.47025112111692, 22.985284891517352], [72.47022885133009, 22.985289101796948], [72.47019568244774, 22.985295373132168], [72.47019229011212, 22.98529601494815], [72.47019278494237, 22.98530483079271], [72.47019324670629, 22.985311758499876], [72.47019389148221, 22.985321422598005], [72.47019655720231, 22.985361395652216], [72.47019833454544, 22.98538803382627], [72.47020844856276, 22.985539655486253], [72.47020993461987, 22.985561937846747], [72.47021539285609, 22.985643765463987], [72.47021819128476, 22.98568572122771], [72.47022602831233, 22.985858341934417], [72.47022617688285, 22.98586161851058], [72.47023081108101, 22.98596370286972], [72.47022980410992, 22.9859773992578], [72.47022635267497, 22.986024324917842], [72.47022384277324, 22.986058449555486], [72.4702227837434, 22.986072846533137], [72.47022177675272, 22.986086543823298], [72.47021671616118, 22.986155359360502], [72.47021293670528, 22.986206753710153], [72.47020781204026, 22.986276442967686], [72.47020303623262, 22.98634138131121], [72.47020084376182, 22.986371185133898], [72.47019995039109, 22.986383336958532], [72.4701982445343, 22.98640392806749], [72.47019477968644, 22.986445763915764], [72.47019441983366, 22.98645011022984], [72.47019414926748, 22.986453380110294], [72.4701872351082, 22.986536845328413], [72.47018499076721, 22.986563938325016], [72.47018031202651, 22.986620422340927], [72.47017725080147, 22.986657393502558], [72.47017467682099, 22.98668846678639], [72.47017291813917, 22.986709694377556], [72.4701706499207, 22.986737074059832], [72.47015516469806, 22.98680011168262], [72.47014669150745, 22.9868346014424], [72.47013550846093, 22.986895054664846], [72.47007370035242, 22.98722916068381], [72.47004787851273, 22.98736874715362], [72.47002487580583, 22.98748895641487], [72.4699753154217, 22.987691701356837], [72.46993995370654, 22.98783635766536], [72.46992761898059, 22.987886816384588], [72.46992562509224, 22.9878949740946], [72.46992133748324, 22.98791414096171], [72.46988515467037, 22.988075901692888], [72.46988295903081, 22.9881129823543], [72.46987900891055, 22.988179743825764], [72.46985887089242, 22.988520049149432], [72.46981260254394, 22.98871745276242], [72.46979716246376, 22.988783325601762], [72.46978877718223, 22.988819100406158], [72.46975190343359, 22.98897642032739], [72.46974658794413, 22.988999097724438], [72.46973455024565, 22.989050453052826], [72.46983180595456, 22.989105469432594], [72.46984480176711, 22.989112820384644], [72.46991208879005, 22.98915088214744], [72.46991788004794, 22.989162154988655], [72.46994721365122, 22.98921925372393], [72.46995607886139, 22.98923650932217], [72.46996608160553, 22.989255980339603], [72.46996702535307, 22.98925781622457], [72.46996725303423, 22.989258260394532], [72.46996763693953, 22.98925900676692], [72.46996600288257, 22.989261982235554], [72.46996467063883, 22.98926440644483], [72.4699644839173, 22.989264746498822], [72.46995865425565, 22.98927535882858], [72.46995802246117, 22.989276507839175], [72.46995786195792, 22.98927680137012], [72.46993099370656, 22.989325708069853], [72.46987693806702, 22.989424109444897], [72.4698654351667, 22.989445048623853], [72.4697418603069, 22.98966999323789], [72.46962974256161, 22.98987408178791], [72.4695649728953, 22.99007523742824], [72.46948966074076, 22.990309132646892], [72.46947064714014, 22.990368182351897], [72.46944806897973, 22.99047705721173], [72.46942787105225, 22.99052975713814], [72.4693798446544, 22.9906550665948], [72.46936269884978, 22.990699803563192], [72.46928394454837, 22.990802413830423], [72.46914281951987, 22.99108998397437], [72.46908524163524, 22.99120730945452], [72.46902227996799, 22.991292865759068], [72.46893615275278, 22.991409899110636], [72.46886683130025, 22.991504095703718], [72.46879285255362, 22.991644210950867], [72.46875513185945, 22.991715652032994], [72.46862707988609, 22.991958175825324], [72.46855909313366, 22.99205120288093], [72.46846797195288, 22.9921880856057], [72.46839708662803, 22.992294570149486], [72.4683924770422, 22.992301494400227], [72.46834994150413, 22.99237813842735], [72.46809294946323, 22.992841200169675], [72.46808438733407, 22.992866498531836], [72.46798191676922, 22.993169278884935], [72.46797187988354, 22.993198936399637], [72.4679035007115, 22.993371044852033], [72.46782082523627, 22.993579135759163], [72.46763775181495, 22.994039919365196], [72.46758693587816, 22.99416781846532], [72.46755243882698, 22.99425464535194], [72.46751974530181, 22.994251152423047], [72.46751692743949, 22.994250832919924], [72.46710262116922, 22.99420395801868], [72.46672175222169, 22.99417470571396], [72.46667703165232, 22.994168367054616], [72.46648908088858, 22.994141724325], [72.46647361768164, 22.994141591525743], [72.4662970741957, 22.994140080701857], [72.46613128214443, 22.99413866231187], [72.46600168817787, 22.994144432882603], [72.4659875060295, 22.994141960809714], [72.46591172894298, 22.994128751607715], [72.46584803175939, 22.994117648603837], [72.46566129445968, 22.994085097923723], [72.46561544550568, 22.99407710606776], [72.46560209573704, 22.994075958045805], [72.46556083926859, 22.99407241069533], [72.4655261881985, 22.99406133290497], [72.46546646264798, 22.99404223829511], [72.46543387977636, 22.994039041002416], [72.46535494294882, 22.99403129481536], [72.46530813836159, 22.99402670168799], [72.46530221101625, 22.994026120223612], [72.46526976442324, 22.994022935912128], [72.46516479988797, 22.994012635272583], [72.4651101486542, 22.994007271911553], [72.46507091628807, 22.994003421931314], [72.46503311022417, 22.993999480132118], [72.46490029565324, 22.993985630728996], [72.46487680312218, 22.99398318099771], [72.46482108961891, 22.993977371733664], [72.46481788786092, 22.993977037911524], [72.4648168942432, 22.99397693443654], [72.46481683390782, 22.993976928054046], [72.46480233743532, 22.993975416762193], [72.46479489067234, 22.993974640333644], [72.46464024945489, 22.99397314257524], [72.46464030156994, 22.993977085618], [72.4646413669567, 22.9939924490355], [72.46466270233357, 22.994300013017163], [72.46467053461653, 22.994412925133265], [72.46473756686198, 22.994744667408092], [72.46483310872686, 22.99517552431352], [72.46484458218752, 22.995227263673048], [72.46490529405594, 22.99550104803305], [72.46504714984275, 22.99619583017879], [72.46511636201402, 22.996534816447802], [72.46509017269531, 22.996667923036377], [72.4651145665789, 22.99673979516105], [72.46520482535772, 22.99694903637398], [72.4652765209431, 22.99711618317099], [72.46554878758657, 22.997259788863374], [72.46555630115563, 22.9972636283892], [72.46555682379866, 22.99726582135595], [72.46556397334224, 22.997295830525854], [72.46562648273184, 22.99757236071167], [72.46564645876602, 22.9976607325097], [72.46571239374298, 22.99795241291921], [72.46572633886622, 22.99803827788069], [72.4657438957687, 22.99814638247092], [72.46576507845789, 22.998276812672547], [72.46577689763797, 22.99834958835924], [72.46580951552636, 22.99855043739548], [72.46583903598666, 22.998732209162068], [72.46583966389517, 22.9987604547095], [72.46584185469983, 22.998858977297804], [72.46584259606018, 22.9988923205551], [72.46578214340884, 22.9991063859403], [72.46578206901113, 22.999110159953336], [72.46577543846712, 22.99944684677648], [72.46576858368856, 22.999794956712332], [72.46580290461574, 22.99993690390248], [72.46588644141332, 23.000282405907484], [72.46596750324021, 23.000458482394208], [72.46600242704461, 23.000534343350598], [72.4660196620695, 23.000588857802096], [72.46609387443323, 23.00082358760385], [72.46610063586171, 23.000852774482844], [72.46612209961745, 23.000945422811792], [72.46613876855277, 23.00103619976203], [72.46614992950354, 23.00109698480639], [72.46614995789433, 23.00109723982986], [72.46617013170211, 23.001277588190863], [72.46618084914721, 23.001373394647704], [72.4661829751694, 23.001387529275814], [72.46619946968568, 23.00149720111605], [72.46626955112859, 23.001858371092435], [72.46630679740939, 23.002120230936075], [72.46631581330871, 23.002183619404885], [72.46632791415999, 23.002268693814923], [72.46627911885066, 23.002366711658386], [72.466271866645, 23.002378673148453], [72.46625947406935, 23.002399114715235], [72.46621597082805, 23.0024708684555], [72.4662043026614, 23.00249011466736], [72.46618750128431, 23.002567989347668], [72.46617844930559, 23.00260994851949], [72.46616035115409, 23.00289755912949], [72.4661677869897, 23.00325715209482], [72.46616949533608, 23.00333973922186], [72.4661731071633, 23.003378634154316], [72.46617798217396, 23.003431133541234], [72.46618194416646, 23.00344747313252], [72.46618316555895, 23.003452509138473], [72.46619166088007, 23.003487542751515], [72.46622796358778, 23.003573724082862], [72.4662781644383, 23.003653101074136], [72.46640782452673, 23.00382835491323], [72.46649365802594, 23.003931505941065], [72.46650893403914, 23.00394986458697], [72.46656518893836, 23.00400459737983], [72.46676308943583, 23.004197144529474], [72.46683409598755, 23.004274152529376], [72.46684054947632, 23.004281151751673], [72.46685419629458, 23.004320019527544], [72.46704532447521, 23.004573281931023], [72.4670697439164, 23.00461810045736], [72.4672433419651, 23.004936720307843], [72.46729303155419, 23.005167815630113], [72.4673078448805, 23.005236708696813], [72.46730869182846, 23.005240650016237], [72.46731082006278, 23.005250548173628], [72.46730935693226, 23.005263676590758], [72.46730908516066, 23.005266115021215], [72.4673089938191, 23.00526693323572], [72.4673089727662, 23.005267120666055], [72.46728407584177, 23.005490473082403], [72.46727802442666, 23.00554475832532], [72.46726016626147, 23.005704968380428], [72.46725469463858, 23.005754053260766], [72.46687318299865, 23.005841851605897], [72.46690646661345, 23.006089881355773], [72.46694692295995, 23.006391357203984], [72.46699007059985, 23.006712896797847], [72.46698977093664, 23.006713016577816], [72.46698707676536, 23.00687287255643], [72.46698671460614, 23.006894350755406], [72.46698373450462, 23.007071184250563], [72.46698934670924, 23.00716390287666], [72.46699110391711, 23.007192986167283], [72.46700226970769, 23.007377385246293], [72.46700788868398, 23.007470211403582], [72.46706489680405, 23.007712596065108], [72.4670809976952, 23.007928234452915], [72.46710258955086, 23.008015242720997], [72.46714794545497, 23.00819800894358], [72.46717248865289, 23.008292984968815], [72.46717071211997, 23.008346696762562], [72.467133271619, 23.008403420653107], [72.46701620810722, 23.008508985837924], [72.46703266921068, 23.008678395027978], [72.46708680955254, 23.008769173198843], [72.46712803630007, 23.00883830038743], [72.46713128133575, 23.00885962147165], [72.46721047998768, 23.009054670235788], [72.4673671988227, 23.009440632510035], [72.46737527724389, 23.00946052700654], [72.46759060378199, 23.009990819860203], [72.46763760996623, 23.010106583139212], [72.46767240758481, 23.01029880247071], [72.46775804320457, 23.01049305585052], [72.46778473572851, 23.010553604617293], [72.46783164770694, 23.010660016808345], [72.46788980990816, 23.010791949466007], [72.46791103042287, 23.0108400848201], [72.46791355641132, 23.01084581693453], [72.46795667733214, 23.010936910544267], [72.46802671215276, 23.011084857953847], [72.46804489625791, 23.011228754729533], [72.46808683021379, 23.011242210150378], [72.46813400761881, 23.01125734819053], [72.46826412723632, 23.011299100517675], [72.4683924670777, 23.011436700204417], [72.46844146628963, 23.01148923389098], [72.46845500995376, 23.011506519341854], [72.4686696306521, 23.01178043437406], [72.46865968475004, 23.011823620609125], [72.46865829985298, 23.011829633184835], [72.46861354105829, 23.012023981120226], [72.46859885458241, 23.012087749513906], [72.4685966800776, 23.012097192457237], [72.4685487928652, 23.012135199358323], [72.46853664708368, 23.012144839348647], [72.46855310505124, 23.012279418519288], [72.46929936016579, 23.01251174065605], [72.46937130490025, 23.012424092750333], [72.4694389426148, 23.012341691180453], [72.46947158391038, 23.01230192539201], [72.46947921783034, 23.01229262571432], [72.46950023059144, 23.01226702640785], [72.46955730397973, 23.012140510138835], [72.46956726836949, 23.012118422674533], [72.46966372788432, 23.012128049187236], [72.46966721127157, 23.012129201706802], [72.46971504253858, 23.012145021394154], [72.46980012486279, 23.012159061674172], [72.46993599666914, 23.012181482514478], [72.47000911084282, 23.012193979026748], [72.47002413963642, 23.01219654746565], [72.47006747329706, 23.012203953930992], [72.47009882189757, 23.012210667741517], [72.47055091376974, 23.012319039977328], [72.47055112154369, 23.012319089337993], [72.47055840401936, 23.012320835181455], [72.47055549326379, 23.012335615055168], [72.47052430341901, 23.01249696113748], [72.47051579710168, 23.012538597084735], [72.47098130101845, 23.012689347231728], [72.47147489081958, 23.012856069134248], [72.4720250523031, 23.0130332479322], [72.47270799215383, 23.01328539337283], [72.4729078153957, 23.01337594846225], [72.47291082223111, 23.01337797617204], [72.47308027029716, 23.01349224988364], [72.47326427515985, 23.013616341081452], [72.47343211252615, 23.013729528929076], [72.4735465875122, 23.01381788442683], [72.47363067776114, 23.013882788343878], [72.47365628354665, 23.013902551723593], [72.47392280758, 23.01410826394354], [72.47427047236913, 23.014261936026884], [72.47428479054733, 23.01426455773453], [72.47452341797499, 23.014308245914876], [72.47472288506557, 23.01440707936753], [72.47482418608952, 23.014457272095722], [72.47525535550632, 23.01473171782346], [72.475589325969, 23.014944805754944], [72.47560457201253, 23.014954533100862], [72.47586274145768, 23.01515092470523], [72.47599148411466, 23.01524514199424], [72.47616088156943, 23.015369110864608], [72.47617037197612, 23.015376056208734], [72.47627168758954, 23.01543983622752], [72.47652323426004, 23.01559818849156], [72.47690193232081, 23.015841722390938], [72.47724286316405, 23.01606096739099], [72.47730918064777, 23.01610361458914], [72.47733614215507, 23.016086215564407], [72.47742194922452, 23.016030844408263], [72.477604021404, 23.015913352854945], [72.4776171437987, 23.015904885019914], [72.47765623656201, 23.01587965858137], [72.47768640206398, 23.01586019276435], [72.4776880546892, 23.015859428319597], [72.47769712743575, 23.015855229926128], [72.4777310078839, 23.01587678926954], [72.47783933732036, 23.01594572193282], [72.47791577352938, 23.01597345819765], [72.4780056233814, 23.016006060933055], [72.47832009384378, 23.01612017051529], [72.47836699525548, 23.016136363811587], [72.47853900363721, 23.016195755348537], [72.47857021958147, 23.016206534068296], [72.47859158548236, 23.01621391047781], [72.47860225533907, 23.01621759486193], [72.47862062414521, 23.016227812243038], [72.47877159692904, 23.016311788198347], [72.47880447357277, 23.016330075180758], [72.47891500922589, 23.01638252955806], [72.47908464687998, 23.016463029253032], [72.47941088055852, 23.016617437135064], [72.47944906546994, 23.016636257225898], [72.47968227752591, 23.016751198267674], [72.47986769804315, 23.016842584608963], [72.47987741221787, 23.016847372174166], [72.47994038817174, 23.016878408344212], [72.47994424601323, 23.016880309564993], [72.47996696979091, 23.01689150793346], [72.48032144935921, 23.01705952764931], [72.48039532303945, 23.01710063297164], [72.48068454007947, 23.01726156331211], [72.4810419044646, 23.017450573584707], [72.48132278734103, 23.01761902262301], [72.48205321139874, 23.018028043012905], [72.48224899586319, 23.018159106182758], [72.48232500948873, 23.01831771741566], [72.48233562481995, 23.01855195785837], [72.48234616188417, 23.01865148669103], [72.48236776223254, 23.01871106510377], [72.48251000652435, 23.01885318027925], [72.48274575578284, 23.019060185859896], [72.48276397276555, 23.019072892837293], [72.48309674716305, 23.01928756598953], [72.48327947432767, 23.019462816756025], [72.48359355360513, 23.019713473317484], [72.4837908122403, 23.019839465965994], [72.48402416253288, 23.01994274280576], [72.4841285949001, 23.020004144901016], [72.48413566422525, 23.020007425027853], [72.48432325775866, 23.020135263814627], [72.4844744534172, 23.020248811965747], [72.48460259323689, 23.020351882743178], [72.48461266289033, 23.020359873182553], [72.48475780915619, 23.02049766080853], [72.48492900950438, 23.02061646371809], [72.48543753426102, 23.02083036362988], [72.48558604791944, 23.020892436700855], [72.48593862672666, 23.021012689000653], [72.48597914163511, 23.02102699942086], [72.4860873170603, 23.021065209892768], [72.48633695971661, 23.021142504517204], [72.48637033694168, 23.021156377335227], [72.48659994736711, 23.021237684557846], [72.48666042766685, 23.02125824031169], [72.48689205197759, 23.021349091252603], [72.48705092237309, 23.021423269859383], [72.48722447377428, 23.02157819649668], [72.48726295770045, 23.021616534046267], [72.48726496410211, 23.021617625730094], [72.48734089235433, 23.02169156615441], [72.48741651265837, 23.02174650810392], [72.48769509066545, 23.021877761865028], [72.48784354259348, 23.021971121698996], [72.48798437869436, 23.022099470555542], [72.48814713160301, 23.02229838935077], [72.48830914969108, 23.022495146023733], [72.48837280987476, 23.022555033315886], [72.48856047166815, 23.02271875872896], [72.48881821674257, 23.022860428811203], [72.4887265663539, 23.023147723720538], [72.4886405034742, 23.023447307731306], [72.48859409468692, 23.023626185487235], [72.4884946969089, 23.023976909744473], [72.48846837163559, 23.024088512194023], [72.48847589964939, 23.024211400170493], [72.48849412350215, 23.024411605774937], [72.48851460797253, 23.024587246825], [72.48851495268251, 23.024590591517793], [72.48853178753684, 23.02475413212003], [72.48879835912764, 23.024730860257122], [72.4887943508407, 23.024668696520333], [72.48892236682738, 23.02465917310622], [72.48906704723578, 23.024683527517293], [72.48913008180345, 23.02469413874706], [72.48918101350975, 23.024702711725435], [72.4891978010663, 23.024701261222447], [72.49006032418342, 23.024626760268976], [72.49011313776839, 23.024622198208107], [72.49013970768978, 23.024619903510366], [72.49040070038127, 23.024597359151592], [72.49042439830104, 23.02459531222398], [72.4904563625177, 23.02459255058866], [72.49050569060906, 23.024588289671634], [72.4908287956339, 23.02456037933561], [72.4908844411465, 23.024555572161155], [72.49089074073521, 23.024567313791838], [72.49090621155503, 23.02459615160338], [72.4910327946806, 23.024585630579615], [72.49104790661927, 23.024608674337838], [72.4910661668087, 23.024606858817357], [72.49107021202444, 23.024606457174215], [72.49109385469704, 23.02471053050203], [72.49111526807428, 23.02480479363025], [72.49111913212441, 23.024828609542702], [72.49112388476334, 23.024857899303125], [72.4911408591747, 23.024962505987716], [72.49114837043571, 23.025007785450867], [72.4911525950838, 23.02503324916126], [72.4911533372398, 23.025037413523414], [72.49115863928222, 23.025067161561182], [72.49116633318027, 23.02508414131472], [72.4912152072749, 23.025192010059147], [72.49123011304539, 23.025226983814193], [72.49123019907474, 23.025233504744605], [72.49123211774328, 23.025378667284325], [72.49114701064562, 23.0254559492533], [72.49103173680712, 23.02556062732177], [72.49092666998719, 23.02559854644626], [72.49067678459409, 23.0256588297346], [72.49066606968297, 23.025661414883537], [72.49062280150612, 23.02569908024161], [72.49061454301331, 23.02570626859711], [72.49056305946833, 23.02579381699609], [72.49054813925495, 23.025819189088676], [72.49054131952498, 23.025935532082773], [72.49053917099896, 23.02597217798098], [72.49053539957198, 23.026036521165445], [72.49053481205647, 23.026046546661938], [72.49018003209528, 23.026077500323815], [72.49023051938177, 23.026611771728017], [72.49027308654377, 23.0266124472345], [72.49027280758968, 23.02663077106277], [72.49026949513929, 23.026848134406322], [72.49007638845836, 23.02697787045455], [72.49007463765184, 23.026978928659965], [72.49007462533555, 23.02697964613976], [72.49007407159648, 23.027012169254824], [72.49007402244823, 23.02701503285666], [72.49007375654872, 23.02703064958324], [72.49007025598374, 23.02723624454431], [72.49006988418105, 23.027258051456897], [72.49006865744698, 23.02733006040125], [72.49006745044753, 23.027400951168104], [72.49007027087366, 23.027464823888018], [72.49007219338277, 23.02750835544784], [72.49007232053201, 23.027511231777606], [72.49007303449649, 23.02752739305791], [72.49007320550697, 23.027531271218137], [72.49007334856175, 23.02753449986741], [72.4900794963541, 23.02767368199046], [72.49008167663143, 23.027723042094017], [72.49008902494373, 23.027755937065827], [72.49008379571728, 23.02843067004777], [72.49008316264549, 23.028582028069483], [72.49010176610136, 23.028578823421984], [72.49079418903538, 23.02845956016453], [72.4913511948238, 23.02836681841473], [72.49183542381198, 23.028307927648953], [72.49252728719024, 23.02823769070055], [72.49311531494726, 23.02814478536777], [72.49379338551113, 23.028044524737428], [72.4942390467612, 23.027997310516074], [72.49482233314524, 23.027954067123684], [72.49490467852833, 23.02794178802811], [72.49551330685892, 23.027938111499473], [72.49571051985473, 23.027934935245653], [72.49582603479247, 23.027933082149435], [72.49633307225359, 23.027933741014134], [72.49673775077615, 23.027922761265046], [72.4967472297454, 23.027922672982527], [72.4968010201089, 23.027921162842315], [72.49712181147075, 23.02789965084993], [72.4976290163992, 23.027885605268747], [72.4978086082689, 23.02789403754563], [72.49861758978935, 23.027853810954966], [72.4992210376534, 23.027833975683254], [72.49953084823763, 23.027822729817927], [72.49977058734855, 23.02779823820705], [72.50026703267767, 23.027787456142335], [72.50068074422174, 23.02777106526804], [72.50123173550759, 23.027741077845622], [72.50149530159445, 23.027722312406198], [72.501688066141, 23.02770930424256], [72.50215275922464, 23.027669594482237], [72.50264899882072, 23.027628752948072], [72.50299396158665, 23.02760410433892], [72.50346835824107, 23.027571466991134], [72.50388413268041, 23.027549124949736], [72.50441855356758, 23.02751409193864], [72.50490384033239, 23.027485490325933], [72.50506718456458, 23.027470518878015], [72.50541588839101, 23.027440622116888], [72.50542838756567, 23.02743955001632], [72.50545006802663, 23.027436811831688], [72.50582737206251, 23.027394754841485], [72.50618039252586, 23.027353888397656], [72.50707671997894, 23.02728085894531], [72.50710133259408, 23.02727603536968], [72.50728562770963, 23.027239912835146], [72.50771303366797, 23.02722804332724], [72.5078419287989, 23.02722446306806], [72.50815057587084, 23.02717372100315], [72.50825810567574, 23.0271618975225], [72.50889182138663, 23.02714605682069], [72.5088941852883, 23.02714644522345], [72.5091685006746, 23.027191060790095], [72.50961585704202, 23.027282407889814], [72.50996247043281, 23.0273433980148], [72.51026972239396, 23.027369732419764], [72.51071625456265, 23.02736481905376], [72.51110026906863, 23.027356531889726], [72.51133249462188, 23.027355086775938], [72.5117744163306, 23.02739341344245], [72.51193638232967, 23.027412953122997], [72.51233202143062, 23.027452941488182], [72.5126597592484, 23.027487952963533], [72.51307048901364, 23.02753561458347], [72.51348016263272, 23.02758908126939], [72.51348755667202, 23.02758988000008], [72.51410359592434, 23.027664117314405], [72.51446419498093, 23.027701432695526], [72.51483179128577, 23.02774423218396], [72.51549551454318, 23.027813019717716], [72.5158209035092, 23.027809333961574], [72.516448900994, 23.027731538554452], [72.51682054171619, 23.02767336131216], [72.51708447575186, 23.02763451183926], [72.51728779499865, 23.027636271127452], [72.51742922696386, 23.027663885678702], [72.51801302239056, 23.02777974389726], [72.51847172120861, 23.02789090453501], [72.51869096431713, 23.02792175205511], [72.5188808645206, 23.027900602744012], [72.51925418931593, 23.027806857031802], [72.51943433805268, 23.027777437445828], [72.51959775270511, 23.02776671746098], [72.51960885857383, 23.02776530099917], [72.51965033533045, 23.02776326853876], [72.51994564068434, 23.027748793925994], [72.52025582510313, 23.027730846266625], [72.52069520629027, 23.027711755713636], [72.52069920472402, 23.02771167576254], [72.52072963901882, 23.027710259809794], [72.52099728161392, 23.027697805930796], [72.52110087940957, 23.027681527349316], [72.52139351000858, 23.02800938906912], [72.52174199760792, 23.028426872429765], [72.5220221410732, 23.028771628386245], [72.5223152971013, 23.029181078565504], [72.52262253223273, 23.029526258107232], [72.5228901081792, 23.02985290171975], [72.52303517901711, 23.030034314319238], [72.52325859185125, 23.030376985537558], [72.52332720829904, 23.030477423387346], [72.5233732408926, 23.030500358348288], [72.52343117106078, 23.030507713969648], [72.52357479990508, 23.030442887933095], [72.52394758259454, 23.0302948611967], [72.52416971254284, 23.030637272896804], [72.5243536294365, 23.030924340506306], [72.5247238432823, 23.031283639364602], [72.52502078657646, 23.031611613478795], [72.52529896809283, 23.0319188624065], [72.52531328791126, 23.031932514957017], [72.52557194837763, 23.031724514296048], [72.52561442661685, 23.031691166888475], [72.52582833822154, 23.03154001690341], [72.5260932554111, 23.031362871765065], [72.52624854542141, 23.03125351776473], [72.52641094517627, 23.03113639196702], [72.52659136834095, 23.031007367043767], [72.52675998454137, 23.03088890540554], [72.5269168350276, 23.030778858284776], [72.52698952132974, 23.030483315922364], [72.52699934696373, 23.030443364756387], [72.5270498437521, 23.030292481917645], [72.52750444218526, 23.029828483760845], [72.52768265530737, 23.029634254819598], [72.5278541805906, 23.029428439862798], [72.52790370142964, 23.02936901835485], [72.52796917385069, 23.029266804671355], [72.52798688612084, 23.029254794158856], [72.52806360531729, 23.02920277332498], [72.52837501554599, 23.028991612520844], [72.52840698737607, 23.02896993243686], [72.52859306798211, 23.028816135929716], [72.52859698359316, 23.02881289935936], [72.52859719649533, 23.028812723941126], [72.52859828086993, 23.02881182729978], [72.5286528230432, 23.028766747505134], [72.52869680237418, 23.02872999122513], [72.52879747942823, 23.028645848823132], [72.52882563822044, 23.028620651509524], [72.52887735006652, 23.02857437819215], [72.52890800063298, 23.028553525033875], [72.52894031726811, 23.028531539667497], [72.52911952246859, 23.028419450615345], [72.5291208267639, 23.028418635042872], [72.52915776042636, 23.028394470293154], [72.52928341181378, 23.02831225783086], [72.52933839250717, 23.028269047903226], [72.5293468769739, 23.02826183563907], [72.52948780472232, 23.02814204253845], [72.52951091864244, 23.028112999982078], [72.52955945332037, 23.02805201784129], [72.52959926547814, 23.02800199519105], [72.52960958310126, 23.027989032108312], [72.52962638021471, 23.027967926279896], [72.5297458873367, 23.027817768154687], [72.52975086247496, 23.027811516649397], [72.52979891208399, 23.027750486217016], [72.52980521545695, 23.027742479736542], [72.52990857744416, 23.027611192342636], [72.52991434328197, 23.027597734750287], [72.52992217807916, 23.027579449037887], [72.52997847731397, 23.027448051230163], [72.53001806479669, 23.027355655926726], [72.53002773525361, 23.027333085511042], [72.5300314840303, 23.027324336778204], [72.53006367709908, 23.02724217245153], [72.530089767243, 23.027175584635827], [72.53010361890487, 23.02714023149874], [72.53012978268147, 23.027073454341508], [72.5301388878481, 23.02705021697884], [72.5301484063195, 23.027025922624084], [72.53017945890895, 23.02696281386572], [72.53018824655025, 23.026944955573125], [72.53025372546756, 23.026811881923148], [72.53031735219918, 23.026721393882916], [72.53035193412033, 23.026672212833734], [72.53040473467289, 23.026597121003483], [72.53041691690777, 23.026581645712046], [72.53043296420819, 23.026561259297033], [72.53043615328284, 23.02655720877815], [72.5304717953605, 23.026511931515202], [72.53052970614802, 23.02643734462407], [72.53059279559731, 23.026356086855365], [72.53062801383648, 23.026310726196794], [72.53064036651381, 23.026293441714618], [72.53069433713158, 23.026217922972634], [72.53073075955413, 23.02616695872388], [72.53077836158535, 23.026100350919208]]]}}]}