{"type" : "FeatureCollection", "features" : [{"type" : "Feature", "id" : 0, "properties" : {"fid": 0, "fid1": 1, "zone": "North Zone", "layer": "g_ward_boundary_new", "remarks": "", "ward_no": 7, "zone_id": 1, "no_of_sch": 0, "object_id": 0, "sector_no": "", "vill_name": "KOLAVADA", "ward_name": "Ward No - 7", "co1_f_path": "", "co2_f_path": "", "co3_f_path": "", "co4_f_path": "", "cor_1_cont": "", "cor_1_name": "", "cor_2_cont": "", "cor_2_name": "", "cor_3_cont": "", "cor_3_name": "", "cor_4_cont": "", "cor_4_name": "", "female_pop": 0, "govt_prima": 0, "male_popul": 0, "no_med_fac": 0, "no_of_inst": 0, "shape_area": 16909844, "shape_leng": 20275.690999999999, "total_hous": 0, "total_popu": 0, "z_offi_con": "", "zo_officer": ""}, "geometry" : {"type":"Polygon","coordinates":[[[72.6247785774131,23.2465923302464],[72.6246535292643,23.2466181637012],[72.6246369725115,23.2466184241892],[72.6245932332534,23.24661911211],[72.6245420921913,23.2466199182417],[72.6241247190455,23.2466265254051],[72.62408042554,23.246599280961],[72.6238323229462,23.2464466735958],[72.6237914759626,23.2464215467932],[72.6233807797363,23.2463538397836],[72.622811285831,23.2462639278276],[72.6227802373331,23.2462469531568],[72.6227461747762,23.2462283295121],[72.6211060607206,23.2453312884285],[72.6209688513301,23.2450113896093],[72.6206768871864,23.2449292040579],[72.6204968737516,23.244897337229],[72.6202265144776,23.244849471434],[72.6201218769985,23.244828266357],[72.6197913876721,23.2447612857578],[72.6194317231507,23.2446883777906],[72.6193973824627,23.2446713282117],[72.6191654893013,23.2445561866582],[72.61912043942,23.2445551307247],[72.61853221462,23.2445413615348],[72.6184566235619,23.2445023074826],[72.6183458359597,23.2444450648567],[72.6183193994591,23.2444352587487],[72.6179035416458,23.244280966537],[72.6177683803962,23.244230801663],[72.6177050305702,23.24419249542],[72.6176083608481,23.2441340374097],[72.6173059333067,23.2441635409556],[72.6171835056206,23.2441399063916],[72.617177008611,23.2441386522457],[72.6169489613953,23.244094610761],[72.6167914646124,23.2440613617452],[72.6165655111837,23.2440136465089],[72.6164703285786,23.2440113819776],[72.6163473580917,23.2440084617397],[72.6162494947338,23.2440061410325],[72.6158154813624,23.2440129840292],[72.6157745486268,23.2440116023712],[72.6155653856388,23.2440045524731],[72.6153925289737,23.2439203608888],[72.615327246147,23.2439126230238],[72.6152079153392,23.2438984806184],[72.6149779101154,23.243840460538],[72.6148375737131,23.2438050661715],[72.6146269714665,23.2437740010548],[72.6142306469818,23.2437155855709],[72.6139257145102,23.2437139475957],[72.6136650529194,23.2437124853104],[72.6129534096724,23.2436989304551],[72.6129323500537,23.2437279730141],[72.612889590899,23.2437869349167],[72.6128159735937,23.2437985294987],[72.6126267293083,23.2438283182801],[72.6122958238866,23.2437962018168],[72.6118228724355,23.2439280842035],[72.6115864564377,23.2440063950876],[72.6114564422238,23.244107849895],[72.6114419990946,23.2441107944085],[72.6113681244505,23.2441258519247],[72.6113246020633,23.2441347149996],[72.6110981783314,23.2440883651854],[72.6110557574519,23.2439771211198],[72.6110219535804,23.2439776143123],[72.6109099393962,23.2439792358588],[72.6105789266667,23.2440087473124],[72.6103650888074,23.2439495104318],[72.6103137613911,23.2439348085455],[72.6100044190316,23.2438461380733],[72.6099503850727,23.2438306392571],[72.6096575888497,23.2438218228032],[72.6095454066764,23.243800492362],[72.6093501049079,23.2437633193163],[72.60920117003,23.2436962715263],[72.6090270699473,23.243617876255],[72.608892398211,23.2435572275551],[72.6088761433041,23.2436614388323],[72.6088691190015,23.2437064677398],[72.6089394363814,23.2438671611826],[72.6089445243063,23.2440906258898],[72.6089890518029,23.24428886016],[72.6087987731398,23.2442564500701],[72.6085067194026,23.2442065711293],[72.6081172351683,23.244122972277],[72.6079108193668,23.2440830173188],[72.6076289077573,23.24402835043],[72.6073108485954,23.2439665275632],[72.6071964844067,23.2439442594368],[72.6070674839319,23.2439191176442],[72.606785073803,23.2439080789107],[72.6067816081348,23.2438968804826],[72.6065612620464,23.2431853264054],[72.606540117366,23.2431171040212],[72.6067519880111,23.2429674806984],[72.6067209713207,23.2427025873224],[72.6067027363538,23.2425469867901],[72.606684035144,23.2423932072607],[72.6066795017824,23.2423558961646],[72.60660523779,23.2417434972911],[72.6066050862865,23.2417406006989],[72.6065875218158,23.2414048055877],[72.6065829323311,23.2413170007595],[72.606559595725,23.2411071724568],[72.6065499596014,23.2410205049359],[72.606394371708,23.2406262009651],[72.6063555147063,23.2405248044059],[72.6062816401187,23.2403320318663],[72.6061536334804,23.2399980316342],[72.6060974995641,23.2398749760035],[72.6060966489562,23.2398680089942],[72.6060492763095,23.2394801832791],[72.6060167803219,23.2393435582107],[72.6059966611586,23.239258971546],[72.6059760058879,23.2391721297109],[72.605889326764,23.2386372825765],[72.6058822208264,23.238593437716],[72.6058381764802,23.2383216714463],[72.6056914589135,23.2376937965652],[72.6058169945407,23.2376382372343],[72.6058908057887,23.2376055346975],[72.6058230567781,23.2374694356729],[72.6056952345785,23.2372127323734],[72.6056143341292,23.2370965338813],[72.6054533123475,23.2368653340126],[72.6054051721022,23.2367962359272],[72.6053714845593,23.2367353287501],[72.6052702499233,23.236552347273],[72.6051587469643,23.2363508919593],[72.605140496943,23.2363179270671],[72.6049586955981,23.2359621860048],[72.6049699301357,23.2358512244551],[72.604900916047,23.2355201272543],[72.6048956089176,23.2354946676381],[72.6046607688745,23.2351756754852],[72.6043480750219,23.2349915936657],[72.6042259362091,23.2350342977698],[72.6041344584065,23.2350662660942],[72.6039194121332,23.2351363583185],[72.6038673690491,23.2351533119399],[72.603856875991,23.2351512470171],[72.6034685671517,23.2350745996437],[72.6034081188291,23.2350626310148],[72.6033683700665,23.2350547544994],[72.6033272341721,23.2350566617921],[72.60283135654,23.2350794410397],[72.602121185347,23.2351904339523],[72.6017082072516,23.2353759896088],[72.6013598407169,23.2354376074749],[72.6012953461361,23.2354837100464],[72.6011347007745,23.2355985695781],[72.6010085874758,23.2356703887517],[72.6006328622756,23.2358844627852],[72.6006272888918,23.2358876402487],[72.6005177021585,23.2359501258608],[72.6004177861782,23.2360071213494],[72.6003101997373,23.2360069888437],[72.6002987135366,23.2360118932275],[72.6001482804641,23.235266786048],[72.5999834458187,23.2348750198518],[72.6001397443324,23.235261601021],[72.6002772410362,23.2359991854898],[72.599479229161,23.2363462283316],[72.5989196886582,23.2370593495857],[72.5985655094587,23.2372098306925],[72.5985348219339,23.23722286777],[72.5982829565619,23.2373605748385],[72.5979641221391,23.2374619265311],[72.59748680165,23.2377124720038],[72.5972084023278,23.2378627269014],[72.5969440258988,23.2380867541608],[72.5967332929149,23.2383472511535],[72.5964677504237,23.238448129513],[72.5960628901921,23.2386118172124],[72.5955988857572,23.2388622388286],[72.5955993517322,23.2389114981684],[72.5951624600012,23.2392109419767],[72.5946711071587,23.2393877094385],[72.5946615027729,23.2397819002445],[72.594464667749,23.2401038519358],[72.5943870504249,23.2403508548313],[72.5936816970478,23.2404432974389],[72.5934281926072,23.2404085905457],[72.5932152418763,23.2404351019697],[72.5927755518195,23.2404389845334],[72.5924430324797,23.2405034982742],[72.5921641585437,23.2406044867055],[72.5919119312745,23.2407052386549],[72.5915533432674,23.2408315610457],[72.5910880486171,23.2409465067132],[72.5901630161696,23.2410593463731],[72.590192676239,23.241379294885],[72.590236357225,23.2417730193163],[72.5895976113288,23.2418648562264],[72.588559257179,23.2419725257941],[72.5880662648376,23.241976864477],[72.5876032747838,23.2423380982546],[72.5873921699384,23.2425616395597],[72.5870999610484,23.2426627358042],[72.5868090261239,23.2428992950832],[72.5861569471119,23.2429912375126],[72.5861604457496,23.2430223210063],[72.5862005590412,23.2433788025304],[72.5864299624416,23.2436846825724],[72.5865669029608,23.2440775865211],[72.5866870519617,23.2441011617748],[72.5867818266134,23.2442604346423],[72.5867840220246,23.2444944154025],[72.5868663973029,23.2447523247714],[72.586829891343,23.2451221206833],[72.5868323184543,23.2453807314171],[72.5868341685624,23.2455777694656],[72.5867839919188,23.2459107382984],[72.5867865351345,23.2461816653577],[72.5867900033109,23.2465511087125],[72.5867765191706,23.2467708592318],[72.5868315135238,23.2469510100417],[72.5868875868858,23.2472460962198],[72.5868903618132,23.2475416523371],[72.5868554447588,23.2476076428355],[72.5867863844735,23.2478217255696],[72.5868409167416,23.2479526137337],[72.5868430741825,23.248182490781],[72.5869342189508,23.2484280064523],[72.5869705241907,23.2486565730445],[72.5871402795829,23.2487770448113],[72.5871434782202,23.2491175179918],[72.5871881354118,23.2492573315671],[72.5871063959462,23.2494959019066],[72.5867813367692,23.2494987604366],[72.58651327641,23.2498015593722],[72.5863533300189,23.2500783711717],[72.586357324687,23.2505039632866],[72.5863351696653,23.2510299321053],[72.586339634996,23.2515055949034],[72.5866128719529,23.251753561995],[72.5869647903415,23.2517254308098],[72.5869687864911,23.2521510229944],[72.5869723132975,23.252526544446],[72.5868957471718,23.2530279541937],[72.5868170665468,23.2533040528372],[72.5866825626848,23.2534053844752],[72.5864957602703,23.2537074684854],[72.5864203690936,23.2543340536288],[72.5863971568056,23.2547473649496],[72.5864812460458,23.2550470689905],[72.5865662755829,23.2554469117038],[72.586676512241,23.2556462371698],[72.5868126637345,23.2557201514234],[72.5868687254005,23.255919953754],[72.5868446921076,23.2562456432444],[72.586848688557,23.2566712352185],[72.5867987429016,23.2571223385361],[72.5866404345609,23.2575743944715],[72.5865360733392,23.2580009372037],[72.586296964794,23.2585037779214],[72.5866246292625,23.258776303763],[72.5868187290006,23.2592502953542],[72.5872547582064,23.2595218655848],[72.5875011565091,23.2597951048676],[72.5877470875159,23.2600182722563],[72.5877503823465,23.2603687591412],[72.5878342428301,23.2606434274699],[72.5878667467685,23.2612189881475],[72.5878978379416,23.2616443411715],[72.5879816983345,23.2619190076526],[72.588066267404,23.2622687802139],[72.5882867608753,23.2626674264585],[72.5882921761065,23.2632432279691],[72.5882959429704,23.2636437837528],[72.588299004195,23.2639692361721],[72.5882761507306,23.2644200998523],[72.5880137145036,23.2653237362323],[72.5878297473075,23.2656274782462],[72.5878443228184,23.2658060858735],[72.5877576555341,23.2661045013609],[72.5875115009105,23.2665696824105],[72.5874078705503,23.266967463517],[72.5873039294212,23.2673321752475],[72.5873239985058,23.2675635054353],[72.5873795455758,23.2677614500579],[72.5879010993801,23.2680379770646],[72.5883143612543,23.2682162362689],[72.5885469800896,23.2682141884998],[72.5888704636476,23.2683601649223],[72.589230514841,23.2685884990181],[72.5893210736547,23.2687034550427],[72.5893763106034,23.2688683299015],[72.5895580501378,23.2691643785282],[72.5895594520058,23.2693131930316],[72.5894383986197,23.2697607380163],[72.5895334741719,23.2703552031058],[72.5895900367483,23.2706606246636],[72.589591438505,23.2708094391452],[72.5897719345869,23.2709732087686],[72.5897932550635,23.2713368170017],[72.5900839196794,23.2717972684754],[72.590392171118,23.2722244909296],[72.5899608436933,23.272029859793],[72.5899634919816,23.2723109532265],[72.5906114196253,23.2727021065925],[72.5905776582978,23.2729173748891],[72.5903301007203,23.2732337471507],[72.5900658933866,23.2736825553482],[72.5898026205821,23.2742305716852],[72.5896803181365,23.274545836539],[72.5895432369939,23.2751919567944],[72.5894396860933,23.2755980057327],[72.5893530157566,23.2758964215611],[72.5901786612384,23.2761537203763],[72.5908978752544,23.276511172025],[72.5914544818217,23.2767046929938],[72.5919754565719,23.2769150648652],[72.592137446032,23.277012850772],[72.5921564333,23.2771284374507],[72.5919792030023,23.277311900172],[72.5917831401963,23.2773963114902],[72.5914313276988,23.2780443291759],[72.5911854797553,23.2785425858087],[72.5910273883759,23.2788581694088],[72.5904978658569,23.2796400422426],[72.5904108857887,23.2799053865674],[72.5904111644983,23.2799054838337],[72.5909517882247,23.2800928478902],[72.59111401517,23.280215438404],[72.5912493969295,23.2803382637372],[72.5915598444513,23.2805215551035],[72.591735610782,23.2806564264813],[72.5920318177294,23.2807530283171],[72.59224773199,23.2808751412054],[72.5924902543979,23.2809722161796],[72.5930150973193,23.2811164050403],[72.5931891051883,23.2810652566234],[72.593593508129,23.2812477147912],[72.5939570584526,23.281368519466],[72.5940913917593,23.2813797334637],[72.5944155008218,23.2815877030206],[72.5948188494638,23.2816585462807],[72.5952763534919,23.2817785185136],[72.595277292518,23.2818777256714],[72.596288251455,23.2823276516557],[72.5965442024993,23.282424599739],[72.5966501633963,23.2822748367424],[72.5970269075725,23.2823707138692],[72.5973624462007,23.2823677391427],[72.5976855050497,23.2824640921946],[72.5980369341585,23.282721418396],[72.5984407581703,23.2828418568579],[72.598950779109,23.2828373303517],[72.5993248187749,23.2826479786417],[72.5996331614599,23.2826080316597],[72.5998749843798,23.2826306900766],[72.5996828450069,23.2828928404229],[72.5995259068423,23.2833283074431],[72.6001177574584,23.2834594730541],[72.6005898727828,23.2837033210149],[72.600926003271,23.2837623434492],[72.6014097730695,23.2838200521733],[72.6019343988593,23.2839394075026],[72.6023252797861,23.2841095586607],[72.6026625935526,23.2842925885353],[72.6032151280377,23.2845233081487],[72.6038076949769,23.2847288673308],[72.6042976797162,23.2849923070044],[72.6043082524189,23.2849974527021],[72.6045685515312,23.2849008097391],[72.6045977916054,23.2848913918908],[72.6047190383556,23.2848523423938],[72.6048369060854,23.2848778051961],[72.6049424779825,23.2849006480579],[72.6050905373283,23.2849327133292],[72.6051333733831,23.2849282434517],[72.6057525163984,23.2848628362367],[72.605772865967,23.2848608638484],[72.6058720986045,23.2848310502445],[72.6063465785039,23.2846884986349],[72.6068911039803,23.2844132325841],[72.6069714609609,23.2843725118341],[72.6070094077275,23.2843539901755],[72.6075439604626,23.2840893385824],[72.607615483145,23.2840328494707],[72.6077719200254,23.2839094074257],[72.6078705946583,23.283758112098],[72.6079017065206,23.2837129499938],[72.6082551832,23.2836434028929],[72.6082606535162,23.2836423280752],[72.6084363795621,23.2836076768946],[72.6084844798784,23.283598925979],[72.6088174518056,23.2835370119229],[72.6089807679158,23.2835059480609],[72.6091233925445,23.2834847355277],[72.6091722119318,23.2834774677724],[72.609172903252,23.2834686384082],[72.6092627652654,23.2833631206866],[72.6093343520764,23.2832801146804],[72.6094185637753,23.2831809754344],[72.6094568775209,23.2831406153503],[72.6095172085898,23.2830770611312],[72.6095630389115,23.2830291158863],[72.609488179337,23.2829226253233],[72.609381111386,23.2828235989307],[72.6089664508675,23.2824408590005],[72.6088320851373,23.2823375269491],[72.6088805016025,23.282155224458],[72.6090364381238,23.2821526421756],[72.6091533537095,23.282150591503],[72.6094358577495,23.2821372761289],[72.609768233451,23.2821791067498],[72.6098885136995,23.2822272357372],[72.6101051627763,23.2822597149825],[72.610194425284,23.2819991468971],[72.6102565899728,23.2817381179624],[72.6102895398561,23.2815689284356],[72.6103318749509,23.2815077817209],[72.6103659765342,23.2814585262889],[72.6103820129491,23.2814569407294],[72.6104081591465,23.2814543545715],[72.6104116765718,23.2814540064349],[72.6104363605262,23.2814516011148],[72.6105175420183,23.2814436893941],[72.6106472868161,23.2811133894673],[72.6107159055014,23.2809671066109],[72.6107440548814,23.2809070986925],[72.6107680797319,23.2808558822894],[72.6108374750912,23.280703355001],[72.6108975858214,23.2805715104047],[72.6109132465941,23.280537201807],[72.6110216461282,23.2802678155977],[72.6110857491259,23.2801168776564],[72.6111308689823,23.2800106391317],[72.611365667454,23.2798419064873],[72.6114165127112,23.2798053676004],[72.6116044200713,23.27967033126],[72.6120790983059,23.2793584599376],[72.6121052068164,23.2793414746177],[72.6123909108411,23.2791750635485],[72.612563039843,23.2790752718043],[72.6126152340901,23.2790611931711],[72.6127448575144,23.27902622939],[72.6129410605203,23.2789733071205],[72.6130532131118,23.2788912134668],[72.6130733724179,23.2788764575486],[72.6131082175298,23.2788509510508],[72.6132015582068,23.2787826280205],[72.613427700986,23.2787514489503],[72.6135172782073,23.2787391954913],[72.6136595641365,23.2787197318646],[72.6140287867164,23.2786319945461],[72.6141395973412,23.2786059498182],[72.6142456622201,23.2785810208668],[72.6144871796815,23.2785242557475],[72.6145365767677,23.2785284366779],[72.6146875576176,23.2785365594052],[72.6147303577833,23.2785388614878],[72.6152356349462,23.2784406643538],[72.6153333440679,23.2784216751199],[72.6153329580562,23.2784194267671],[72.615320622601,23.2783827880206],[72.6152970496699,23.2783127708768],[72.6154011530385,23.2782946353361],[72.6155313334698,23.2782845038263],[72.6155697561179,23.2782815138832],[72.6156634132883,23.2782742250409],[72.6161446480588,23.2781752305456],[72.6165106500788,23.2781005482588],[72.616692131633,23.2780564151627],[72.6173025305828,23.2779076101601],[72.6173643777004,23.2778924983989],[72.6178040982156,23.2778073962916],[72.6180178021222,23.27776598355],[72.6181360853556,23.2777245514758],[72.6183467897788,23.2776507454698],[72.6184066034238,23.2776297939631],[72.6185380533539,23.2775837497136],[72.6186965434445,23.2775687523813],[72.6189032700652,23.2775506558018],[72.6190714485831,23.2773533393806],[72.6191312090353,23.2772832244575],[72.6191589650702,23.2772506783053],[72.6190816019271,23.2768676390801],[72.6190872955145,23.276863112335],[72.6194231709386,23.2765773295995],[72.6195201413215,23.2764948217155],[72.6195842448948,23.2761433807227],[72.6195755187174,23.2761095694298],[72.6195655848664,23.2760710787898],[72.6195558750275,23.2760334546003],[72.6195281195245,23.2759259102869],[72.6195242259505,23.2759036213049],[72.61951759018,23.2758656248797],[72.619490227007,23.2757089819618],[72.6192482382935,23.2754813339328],[72.6191670267797,23.2754049345962],[72.6194336281857,23.2753036642539],[72.6195507049414,23.2752664068995],[72.6199767225172,23.2751302828381],[72.620591432413,23.2749608990359],[72.620649887103,23.2749447918995],[72.6207386586144,23.274923109542],[72.6208378354532,23.2748988865614],[72.620900213039,23.2748942995447],[72.6210043263495,23.2748866441073],[72.6211146365437,23.2748311696419],[72.6212567624106,23.2747962462386],[72.6213646333214,23.2747696495537],[72.6216144748996,23.2747213099128],[72.6216675370622,23.2747110437212],[72.6216897548976,23.2747016152722],[72.6217859369823,23.2746607984042],[72.6218079733072,23.2746647779015],[72.6218407684711,23.274670740502],[72.6218888629905,23.2746794844773],[72.6220011822777,23.2746999044764],[72.6231290615395,23.2744440375021],[72.6232475781148,23.2744226852116],[72.6236028799059,23.2743558498013],[72.6237637174016,23.2743237668783],[72.6237717551542,23.2743221498909],[72.6239454926089,23.2742450737556],[72.6240221961626,23.2742110444788],[72.6241173496287,23.2741688310832],[72.6242483067163,23.2741107329729],[72.6247773379548,23.2741135145418],[72.6248517997159,23.2741137392292],[72.6256883402988,23.2741139738611],[72.6257391080516,23.2741139297713],[72.6257492658315,23.2741117317826],[72.6257495041852,23.2741116812237],[72.6258770149687,23.2740840614373],[72.6257364003979,23.2736566668393],[72.6256338814871,23.2735494550945],[72.6255085742808,23.2734184135293],[72.6262795327601,23.2731373858666],[72.6265948699339,23.2730197920411],[72.6266422211913,23.2730019897768],[72.6268861662573,23.2725536273373],[72.6268955364459,23.2725360936123],[72.6270002946543,23.2722385891399],[72.6270583570119,23.2720736976653],[72.62733050736,23.2718608314926],[72.6273998042097,23.2718076388759],[72.6274621328016,23.2717597945189],[72.6276344789988,23.2716787666823],[72.6278500940064,23.2715773961085],[72.6281488853265,23.2710624572956],[72.6281805088673,23.2710379952602],[72.6283777420301,23.2708862453878],[72.6284186655054,23.270854758538],[72.6284501529949,23.2708306347316],[72.6284936972594,23.2708229801903],[72.6286013095948,23.2708040632467],[72.6287852858154,23.2707717223875],[72.6287095430505,23.2709368557304],[72.6288457889645,23.2707179790521],[72.628912514552,23.2706107670023],[72.6289328407428,23.2705780875914],[72.628939806631,23.2705470912587],[72.6289399625412,23.2705463984759],[72.6289412724938,23.270540572785],[72.6289508159925,23.2704981058887],[72.628969359532,23.2704155526304],[72.6289886401887,23.2703868422703],[72.6289894691475,23.2703856098672],[72.6290321544034,23.2703219888891],[72.6290719731697,23.2702626416622],[72.6291368215777,23.2701658390386],[72.6291761290663,23.2701071611354],[72.6292070967872,23.2699434850435],[72.6292306501444,23.2698184215769],[72.6292348924673,23.2698102261639],[72.6292424908615,23.2697955444464],[72.6292885403437,23.2697065772482],[72.6293407675642,23.2696056756623],[72.629431978902,23.2694295640083],[72.6294556724687,23.2693838333601],[72.6295302825579,23.2692852280092],[72.6296064771514,23.2691840465515],[72.6297275885958,23.2689415825968],[72.6298155248524,23.2687665532488],[72.6298327723967,23.2687322220316],[72.6297114493128,23.2686912474048],[72.6295931422709,23.2686520127718],[72.6295444318493,23.2686358591796],[72.6295427460816,23.2686327227349],[72.6294857975722,23.2685267933256],[72.6294558434375,23.2684709038223],[72.6295500931872,23.2680652152627],[72.6295545610493,23.2680459840641],[72.6295803676334,23.2679349006435],[72.6295877008457,23.2679033374421],[72.629593575444,23.267878052696],[72.6296196061903,23.2677660039677],[72.6296420681087,23.2676693171652],[72.6296435724949,23.2676486924393],[72.6296455298559,23.2676217975358],[72.6296623038831,23.2673886799196],[72.6296960438713,23.2670316693506],[72.6296938760491,23.2670008355925],[72.6296855155486,23.2668819144266],[72.6301543251382,23.2669657565429],[72.6303488107426,23.2669719096063],[72.6303821068878,23.2669729532268],[72.6309405440415,23.2669899885687],[72.6309565577927,23.2661108391908],[72.6309655209895,23.2654886804511],[72.6309624210638,23.2651807144878],[72.6309573430311,23.2646846543036],[72.6309552445689,23.2644825940754],[72.6309774123656,23.2641345415535],[72.6307962745027,23.2641267214161],[72.630559956915,23.2641165196073],[72.6305109360452,23.2641144080694],[72.6304825062137,23.2641144391891],[72.630005591713,23.2641151190539],[72.629964134943,23.2641152052032],[72.6298004549718,23.2641435258465],[72.6296490356084,23.2641697610301],[72.6296128474735,23.2641760303611],[72.6295724937939,23.2641830221759],[72.6289224960209,23.2641890185232],[72.628910202859,23.2640659239517],[72.6288705518284,23.2636792261791],[72.6288377295715,23.2630446445541],[72.6288381108434,23.2630320475225],[72.6288396076697,23.2629821518859],[72.6288579716145,23.2622781498823],[72.6288537614812,23.2622377293413],[72.6288469947881,23.262172934862],[72.6288175067161,23.2618946058175],[72.6288124008234,23.2618472167315],[72.6288131147039,23.2618028550296],[72.6288179194833,23.2614065273097],[72.6292114268139,23.2615378008811],[72.6292904493732,23.2615641596391],[72.6294421040367,23.2615967406149],[72.6295398596935,23.2616177407606],[72.6296272038883,23.2616365044861],[72.6296698407767,23.26164566441],[72.6298609998524,23.2616492503699],[72.6301303218022,23.2616542918308],[72.6301951238458,23.2616555222927],[72.6302423262738,23.261656425574],[72.6302982398018,23.2615017642948],[72.6304305520814,23.2611357729141],[72.6304464890097,23.2610908339349],[72.6304575064498,23.2608262908112],[72.630519844735,23.2607191918607],[72.6310799730143,23.2606963097084],[72.6312793727988,23.2606882848066],[72.6313115215465,23.2606884287914],[72.6320520771037,23.2606924156706],[72.63211853079,23.2606928857113],[72.6322981741088,23.2606269549839],[72.6329561693925,23.2603849390105],[72.6330996982832,23.2603320232735],[72.6330864854685,23.2603320000426],[72.6334107429811,23.2601452332783],[72.63300485618,23.2601429155216],[72.6326787370143,23.2601411635172],[72.632423297643,23.2601399146923],[72.6323871218064,23.2601397499133],[72.6321917308757,23.260138926324],[72.6320861277644,23.2601385454395],[72.6320405412121,23.2601384010905],[72.6320317713169,23.2601383743917],[72.6318587549977,23.2601345007521],[72.6312737237825,23.2601218566325],[72.631176019569,23.2601198158786],[72.6309004224573,23.2601141815517],[72.6304826389132,23.2601060271765],[72.6303843927866,23.2601041899015],[72.6302427906468,23.260101613039],[72.6301101974063,23.2600993057014],[72.6300191117516,23.2600978363265],[72.6297124475806,23.2600940120826],[72.6296238261994,23.2600930933783],[72.6295651511218,23.2600925348582],[72.6292773477879,23.2600904228373],[72.6289140214166,23.2600958179021],[72.6282720208009,23.2601134531609],[72.6282655919932,23.2601137044783],[72.6276656424909,23.2601463422582],[72.6276588989904,23.2601467630298],[72.627104413327,23.2601824340084],[72.6269953322634,23.2601897077318],[72.6269747301276,23.2601929748261],[72.6268235294722,23.2602170848145],[72.6258272953232,23.2603826879547],[72.625672060046,23.2604096029876],[72.6252305545578,23.2604882487577],[72.6250895706119,23.2605141889873],[72.6248151347243,23.2605467941022],[72.6247864287225,23.2603859803581],[72.6246233170423,23.2594722265904],[72.6246037295594,23.259355553105],[72.6245727762012,23.2591683667937],[72.6245055605826,23.2587503827859],[72.6244850209139,23.2586195835666],[72.6244799314238,23.2585869532859],[72.6244399794727,23.2583278491262],[72.6244054141624,23.2580994992547],[72.6243666896838,23.2578391786621],[72.624349706582,23.257723543048],[72.6243423406201,23.2576731098435],[72.624339919838,23.2576565000156],[72.6243314523149,23.2575982645855],[72.6243250084931,23.2575537955436],[72.6243169001971,23.2574976735354],[72.624315567101,23.2574721246197],[72.6243102867244,23.2573696408546],[72.6243066140137,23.2572971689783],[72.6242920384046,23.2569832025299],[72.6242842093446,23.2567880543213],[72.6242814569217,23.2567142106084],[72.6242694017948,23.2563530887045],[72.6242661442354,23.2562434232598],[72.6242606410944,23.2560336401119],[72.6242545390085,23.2558010410275],[72.6242521801101,23.2556997091771],[72.624252456892,23.2556692726127],[72.6242556728018,23.2553681772852],[72.6242618925924,23.2549153289787],[72.6242633512521,23.2548218621203],[72.6242658000686,23.2546720462318],[72.6242764165772,23.2540916450769],[72.6242769614275,23.254064106869],[72.6242785936986,23.2539825024183],[72.624279073207,23.2539588704427],[72.6242875671382,23.2535566075138],[72.6242931752138,23.253305338311],[72.6242992045802,23.253044739851],[72.6242995598438,23.2530296589087],[72.6243018241033,23.2529341684565],[72.6243039734726,23.2528444423059],[72.6243053738448,23.2527864419717],[72.6243081324776,23.2526732573313],[72.6243176809055,23.252290846128],[72.6243193537478,23.2522251338709],[72.6243340827035,23.2520940991942],[72.6243440334321,23.2520058127614],[72.6243903621395,23.2515969686694],[72.6244424159989,23.2511415321237],[72.6244520159705,23.2510579754286],[72.6244718993634,23.2508853175807],[72.6245213461815,23.2504582483036],[72.6245215203834,23.2504567433001],[72.6245322530346,23.25036445039],[72.6245322988515,23.2503639049026],[72.6245365512999,23.2503130489513],[72.6245520998826,23.2501275168573],[72.6245810440422,23.249783767928],[72.6245970956112,23.2495939895305],[72.6245999912817,23.2495598180493],[72.6246014833476,23.2495422211028],[72.6246021146238,23.2495347709979],[72.6246047763919,23.2495033783398],[72.6246105901002,23.2494348750198],[72.6246110690234,23.2494292408048],[72.6247015679653,23.2483715860929],[72.624707261066,23.2483055247509],[72.6247141034066,23.2482262135636],[72.6247285096611,23.2480594527206],[72.624736043045,23.2479723474639],[72.6247613900384,23.247680284882],[72.6247827987029,23.2474335977359],[72.6248184979447,23.2470241707218],[72.6248025927402,23.2468521123897],[72.6247785774131,23.2465923302464]]]}}, {"type" : "Feature", "id" : 0, "properties" : {"fid": 0, "fid1": 2, "zone": "South Zone", "layer": "g_ward_boundary_new", "remarks": "", "ward_no": 11, "zone_id": 3, "no_of_sch": 0, "object_id": 0, "sector_no": "", "vill_name": "BHAT", "ward_name": "Ward No - 11", "co1_f_path": "", "co2_f_path": "", "co3_f_path": "", "co4_f_path": "", "cor_1_cont": "", "cor_1_name": "", "cor_2_cont": "", "cor_2_name": "", "cor_3_cont": "", "cor_3_name": "", "cor_4_cont": "", "cor_4_name": "", "female_pop": 0, "govt_prima": 0, "male_popul": 0, "no_med_fac": 0, "no_of_inst": 0, "shape_area": 7555804.5, "shape_leng": 12580.42, "total_hous": 0, "total_popu": 0, "z_offi_con": "", "zo_officer": ""}, "geometry" : {"type":"Polygon","coordinates":[[[72.6488126802677,23.1171189322609],[72.649371621864,23.1148744969593],[72.6493602130821,23.1137101552582],[72.6494909493034,23.1122310068023],[72.6496623948985,23.1104603743756],[72.6496481422704,23.1090057249649],[72.6496473584734,23.1089258125206],[72.6496413332338,23.1083108191485],[72.6493523747351,23.1064861808005],[72.6489490132896,23.1048417338862],[72.6487065110841,23.1038049076648],[72.6481915605253,23.1026272588829],[72.6482331692308,23.1024519643975],[72.6482536548653,23.1023656629888],[72.6491370407593,23.1024066180869],[72.6492198830878,23.1023972761685],[72.6493310914763,23.1023707801804],[72.6493290555499,23.1023664696545],[72.6493206924128,23.1023487701711],[72.6493172586363,23.102341505609],[72.6493170590805,23.1023410837348],[72.6493081462237,23.1023222222774],[72.6492638332755,23.1022284477721],[72.6483492889411,23.1002930574594],[72.6475448989896,23.098590828474],[72.6475292267145,23.0985576632674],[72.6464375104236,23.0971114572128],[72.6451620688461,23.0954214858414],[72.6438867572852,23.0937309156955],[72.6435813856256,23.0933258724581],[72.6432168023538,23.0932257314777],[72.6431726115138,23.0932135951079],[72.643140718757,23.0927686064402],[72.6431268614752,23.0925752649693],[72.6431265885638,23.092571442946],[72.643124439568,23.0925414739538],[72.6430964089227,23.092510802453],[72.6428486696787,23.0922397278222],[72.6427275695591,23.0923493202027],[72.6411000702365,23.0913386383018],[72.6410999424578,23.0913388025073],[72.6410999035752,23.0913387938009],[72.638164450699,23.0906868172101],[72.637836523649,23.0906139792421],[72.6377767560198,23.0906007037026],[72.6377767171377,23.0906006949954],[72.6361743578503,23.0902447809147],[72.6360829620554,23.0902244821455],[72.6360434600563,23.0902184213311],[72.6360409530057,23.0902180352999],[72.6357294859475,23.0901702557558],[72.6357052424657,23.0901665368828],[72.6348832416088,23.0900404359193],[72.6347707963557,23.0900231848003],[72.6347637578798,23.0900221052018],[72.634644279038,23.0900037762746],[72.634523136939,23.0899851939227],[72.6342529871957,23.0899437481908],[72.6341825217935,23.0899329381184],[72.6341118169777,23.0899220919258],[72.633885207284,23.0898873253246],[72.6338470738873,23.0898814749802],[72.6337290279756,23.0898633645701],[72.6337854228198,23.0897474151481],[72.633062874397,23.0896273099305],[72.6326969687285,23.0895664869756],[72.6326588267441,23.0895629735656],[72.6324824395875,23.0895450623953],[72.6324241055496,23.0895389755053],[72.6321435193702,23.0895096982957],[72.6316877492815,23.089458025258],[72.6316347794499,23.0894523354539],[72.6314732870093,23.0894353165519],[72.6314731944864,23.0894353061355],[72.6308714251142,23.0893721382253],[72.6308105807978,23.089365751256],[72.6307021096702,23.0893528316987],[72.6305289179645,23.0893322046914],[72.6304546725184,23.0893233621179],[72.6304451262371,23.0893222248196],[72.6304433382037,23.0893220183191],[72.6303195871475,23.0893052163891],[72.6298032356864,23.0892351168829],[72.6294383386424,23.0892014090134],[72.6293824552083,23.0891950508721],[72.6292163914265,23.0891761572488],[72.6292144129331,23.0891761275299],[72.6286451725774,23.0891676464083],[72.6285956519205,23.0891652240798],[72.6284657952848,23.0891589395345],[72.6282513344369,23.0891487329504],[72.6281278975103,23.0891469746128],[72.6278720849905,23.0890801592581],[72.6278701111408,23.0890796429859],[72.6277483685107,23.0890971592119],[72.627748267018,23.089097159492],[72.6273987777053,23.089133689363],[72.6273435557718,23.0891394604691],[72.6272952804727,23.0891376983421],[72.6271493409632,23.0891323671441],[72.6271492386217,23.0891323601887],[72.626899605943,23.0891119748317],[72.6268995064015,23.0891119751406],[72.6268585900557,23.0891129298943],[72.6267018726016,23.0891165869529],[72.6267017721163,23.0891165854419],[72.626565635122,23.0891121386874],[72.6260958261179,23.0891006313998],[72.6254703831986,23.0890883359498],[72.6254678849155,23.0890882875306],[72.6254675834755,23.0890882820927],[72.6253496219159,23.089086044226],[72.6253495194795,23.0890860426848],[72.6249965037084,23.0890794761472],[72.6244625518741,23.0890321961087],[72.624388997225,23.089137492245],[72.6243604031245,23.0891252262375],[72.6241918545752,23.0890529285678],[72.6242742717806,23.0888954255859],[72.6242789339645,23.0888865138709],[72.6243722392705,23.0887039903845],[72.6244107699322,23.0884855950722],[72.6243037614996,23.0883306097847],[72.6243277787941,23.0884572395762],[72.6242938172556,23.0887268306265],[72.6242719473611,23.0887252411419],[72.6242093635462,23.0888924940189],[72.6240686472507,23.0889045903],[72.6237765345116,23.0889296987194],[72.6233666577065,23.0889649285528],[72.6233649454368,23.0889650761059],[72.6233591870932,23.0889655698929],[72.6227282265868,23.0890851922768],[72.6225595484379,23.0890687801467],[72.6221372805445,23.0890276912153],[72.6220885368486,23.0890229484503],[72.6220582459284,23.0890200012792],[72.6220281761495,23.08901707549],[72.6220269077845,23.0890169516564],[72.6218772288052,23.0889317316589],[72.6218482644032,23.0889152408861],[72.621843604633,23.0889125877864],[72.621853456579,23.0889860420547],[72.6218799026195,23.0891832248531],[72.6217657641997,23.0892274589626],[72.6208262094562,23.0892732992135],[72.6200399015964,23.0892843634756],[72.6197302153666,23.0892793187023],[72.6193820497893,23.0892392803402],[72.6193035071093,23.0892282145887],[72.6192993408449,23.0892276281267],[72.6191630663464,23.089208429428],[72.6190677808259,23.0891950047888],[72.6189608556911,23.0891838393257],[72.6189293754544,23.0891805513166],[72.6188202332989,23.0891880942502],[72.6186403873083,23.0892005242484],[72.6180137264689,23.0892438306263],[72.617831120662,23.0892579243124],[72.6174948938254,23.0892838745139],[72.6172036857911,23.089258738573],[72.6171615926116,23.0892551049148],[72.6170721622487,23.0892473864417],[72.6169596182454,23.0892376713431],[72.6171231618348,23.0906884828526],[72.6171568188495,23.0910311790739],[72.6172881957478,23.0923688546323],[72.6173209332828,23.0943872518379],[72.6173059370022,23.0944479284983],[72.6173054010771,23.0944500952265],[72.6172936982139,23.0944974503955],[72.6172934565286,23.0944984271758],[72.6172792891691,23.0944991765355],[72.6172770042362,23.0945086023667],[72.6172397000142,23.0946625497218],[72.6172268078732,23.0947157469311],[72.6171518599208,23.0950504944384],[72.6168878911545,23.0962294700231],[72.6169265443703,23.0963401724078],[72.6169319729505,23.0964723559327],[72.6169792974632,23.0965754595858],[72.6172181021904,23.0966366972611],[72.617606690726,23.0966520576036],[72.6182277013848,23.0966766012735],[72.6185027188177,23.0968063854051],[72.6185171183393,23.0968131813625],[72.6190262809535,23.0970534590944],[72.6194475151412,23.0973765397777],[72.6201705568758,23.0979807570322],[72.6201853418552,23.0979981980513],[72.6211732167876,23.0991635041106],[72.6212543640467,23.0992592244785],[72.6214087714986,23.0994413612116],[72.6223354073422,23.1005343966977],[72.6226031652713,23.1008492862177],[72.6233199943041,23.1016922787825],[72.6234325629899,23.1018246319781],[72.6237316160959,23.1021762429207],[72.6237770370274,23.1022296464863],[72.6245774532209,23.1020976435598],[72.6250224533857,23.1020241265071],[72.6250282016447,23.1020297300055],[72.6261090368427,23.1030834695176],[72.6268400631487,23.1037961404841],[72.6270015051495,23.1052745815295],[72.6272394751946,23.1074537415217],[72.6272438953108,23.1074942170221],[72.6263512542909,23.1069071705256],[72.6263133863152,23.1068822668142],[72.6255519877543,23.1079291333605],[72.6252547597706,23.1092210119245],[72.6253324709916,23.1105392486496],[72.6253976748302,23.111482675413],[72.6262395008903,23.1120371748779],[72.6262941993391,23.1120845054815],[72.6272579816966,23.1129184342478],[72.6280617115587,23.1145915113778],[72.627872494756,23.1158049542005],[72.6276945137912,23.1162520298354],[72.627690055438,23.1162632305136],[72.6276944948913,23.1162685353023],[72.6277058783896,23.1162821383006],[72.6277352674089,23.1162907181987],[72.6277450002946,23.1162935603569],[72.627783091916,23.1163046816224],[72.6285811066324,23.1165376638985],[72.6292564929497,23.1163921336174],[72.6292756689362,23.1164489168929],[72.629278653589,23.1164577531628],[72.6293082771724,23.1165379196615],[72.6293378709417,23.1166180071651],[72.6295591506385,23.1172168367739],[72.6295657884183,23.1172347974155],[72.6295692945776,23.1172442852127],[72.6296316273355,23.1174129702104],[72.6296677029432,23.1175105817229],[72.6297438618355,23.1177167002961],[72.6302001695064,23.1175380104004],[72.6307687667264,23.1173301452122],[72.6307848570577,23.1173233569179],[72.6313649984087,23.1170786284874],[72.6316214453318,23.1169704473129],[72.6316255387034,23.116969512109],[72.6316327680108,23.1169678602415],[72.6318943306552,23.116908072066],[72.6320375890648,23.1168782139586],[72.6324128995947,23.1174386644748],[72.6325413010334,23.1175746013319],[72.6325382999241,23.1175756992108],[72.632769186764,23.1177955997255],[72.6327700152566,23.1177963885665],[72.6330974351109,23.118108227655],[72.6334414745688,23.118388426178],[72.6334415170191,23.1183883988285],[72.6336647799312,23.1182650937747],[72.6342125626657,23.1179244825553],[72.6343826039648,23.1178536517976],[72.6345827665913,23.1177702724503],[72.6349256303073,23.1177955586086],[72.635083102672,23.1178071723083],[72.6354535524075,23.1176640970258],[72.6357306036586,23.1176076285939],[72.6357531725787,23.1176030286933],[72.6357542969477,23.1176032540975],[72.6357684526683,23.1176055933299],[72.6367408558368,23.1177662488764],[72.636944062392,23.1180049322621],[72.6372158779058,23.1179910091936],[72.6375076267567,23.1179760662254],[72.6379929982187,23.1179512026071],[72.6383182197676,23.1179345422591],[72.6393702532189,23.117880645709],[72.6394042839203,23.1178922794434],[72.6394159007976,23.1178962496181],[72.6403491779789,23.1179970884511],[72.6405289086956,23.1180165077097],[72.6405454499847,23.1180182935928],[72.6406382457049,23.1179386722409],[72.6406768136981,23.1179055794705],[72.6411304799259,23.1175163155613],[72.6411810701629,23.1174765015054],[72.6421964297789,23.1166773996682],[72.6422502895842,23.1166332609523],[72.6425711751461,23.1163702883032],[72.6429467030682,23.116062533991],[72.6429474130713,23.1160619514645],[72.6430204969234,23.116001871977],[72.6432239022257,23.1158798960475],[72.6434404042831,23.1157500661863],[72.6434416056918,23.1157493456502],[72.6440511367288,23.1153838256694],[72.6441598821519,23.1153186160042],[72.6446049828019,23.1152250874024],[72.6449784142963,23.1151468161652],[72.6453613644432,23.1150665492104],[72.646198293337,23.1148625789659],[72.6462814099559,23.1149912616126],[72.6464521333307,23.1152555713516],[72.6465623856315,23.1154262626387],[72.6469485120187,23.1158026507099],[72.646949958344,23.1158040598967],[72.647371002065,23.1162144827781],[72.6473752988092,23.1162186708779],[72.6473754351386,23.1162169539784],[72.6488126802677,23.1171189322609]]]}}, {"type" : "Feature", "id" : 0, "properties" : {"fid": 0, "fid1": 3, "zone": "South Zone", "layer": "g_ward_boundary_new", "remarks": "", "ward_no": 8, "zone_id": 3, "no_of_sch": 0, "object_id": 0, "sector_no": "", "vill_name": "POR", "ward_name": "Ward No - 8", "co1_f_path": "", "co2_f_path": "", "co3_f_path": "", "co4_f_path": "", "cor_1_cont": "", "cor_1_name": "", "cor_2_cont": "", "cor_2_name": "", "cor_3_cont": "", "cor_3_name": "", "cor_4_cont": "", "cor_4_name": "", "female_pop": 0, "govt_prima": 0, "male_popul": 0, "no_med_fac": 0, "no_of_inst": 0, "shape_area": 5774363, "shape_leng": 13762.861000000001, "total_hous": 0, "total_popu": 0, "z_offi_con": "", "zo_officer": ""}, "geometry" : {"type":"Polygon","coordinates":[[[72.6233197362201,23.1529872254817],[72.623279587032,23.1529690026286],[72.6232796538969,23.1529689756513],[72.6232404916987,23.1528600340008],[72.6230546910656,23.1529367059312],[72.6225909350425,23.1531280791067],[72.6225837252198,23.1531310541922],[72.622520459516,23.1531571611014],[72.6224903279355,23.1531695944246],[72.6223216300374,23.1532392101339],[72.6222300254782,23.1532770108],[72.6222038914713,23.1532875841912],[72.6222036800594,23.1532876694726],[72.6221969609458,23.153290388334],[72.6221534829363,23.1533079781243],[72.6220911062756,23.1533332126383],[72.6220038502857,23.1533685131014],[72.6219445277933,23.1533925126143],[72.6217801439815,23.1534590150354],[72.6217654657451,23.1534649539995],[72.6217320106106,23.1534881713154],[72.621725172699,23.1534929169216],[72.6217011807165,23.1535095667221],[72.6216285802907,23.15354932234],[72.6214061827065,23.1536711087464],[72.6213867398807,23.1536817550615],[72.6213328269683,23.1537112771171],[72.6213243279837,23.1537159317129],[72.621086739088,23.1538460285379],[72.621061807021,23.1538596803238],[72.6206817263201,23.1539906393669],[72.6205037328249,23.1541516549914],[72.6204633047974,23.1541882253811],[72.6204550121877,23.1541957286232],[72.6202694012342,23.1543636335586],[72.6202418673611,23.1543885415364],[72.6200719990758,23.1544701530243],[72.6200205271934,23.1544897402124],[72.6200097218987,23.154493851609],[72.6198032868736,23.1545724004357],[72.6195931213987,23.1546523695449],[72.6195548379234,23.154680877717],[72.619544866369,23.1546883031661],[72.6194597484496,23.154751689367],[72.6193095112931,23.1548422336462],[72.6191542786153,23.1549357870613],[72.6189606125077,23.1550525006627],[72.6187230471071,23.1551354126112],[72.6184219260884,23.1552073881997],[72.6183758217327,23.155218407309],[72.6183612520253,23.155221890193],[72.6183233482732,23.155230948775],[72.6182154363666,23.1552567424405],[72.6180022123051,23.1553252780101],[72.6176903843835,23.1554254999036],[72.6175847116539,23.1555367836163],[72.6174844647708,23.1556423498476],[72.6174539582177,23.1556755892393],[72.6174409737107,23.1556897371289],[72.6171665484691,23.1559887398587],[72.6171615838295,23.1559941482469],[72.6170744604182,23.1560684669769],[72.6166625928213,23.1564197743802],[72.6163910699445,23.1567705588535],[72.61604775414,23.1570181619777],[72.6159985870272,23.1570536201516],[72.6159860717488,23.1570626453896],[72.6158687989899,23.1571292909704],[72.6157588836194,23.1571917542147],[72.6153999981116,23.1572541244831],[72.6152604264016,23.1572783829937],[72.6152019965625,23.1572885382643],[72.6149430263596,23.1572654383575],[72.6148304875244,23.1572554029511],[72.6148143430665,23.1572727536498],[72.614802421567,23.1572855668279],[72.614687239501,23.1574093549632],[72.6146683421001,23.1574191356411],[72.6146520963134,23.1574275445307],[72.6146001092201,23.1574544516925],[72.6142669335077,23.1576268525457],[72.6142176620585,23.1576523481361],[72.613975384168,23.1577777047203],[72.6139687466844,23.1577811403452],[72.6139759501103,23.1578035066828],[72.6139907779857,23.1578495493542],[72.6140022400799,23.1578851445875],[72.6140286901734,23.1579673347098],[72.6140403368317,23.1580035348933],[72.6140286645243,23.1580099916782],[72.6138611407463,23.1581026453178],[72.6136523208268,23.1582022238148],[72.6135434246313,23.158222453335],[72.6134166953555,23.1582460001555],[72.6131896345691,23.1583079299875],[72.613159054389,23.1583355908242],[72.6131421593522,23.1583508716064],[72.6131309965068,23.1583609697378],[72.6127202212793,23.158620525202],[72.6124526872849,23.1587894283572],[72.6124406085299,23.1587970497583],[72.6124086753592,23.1588236372719],[72.6123903839197,23.1588388679002],[72.6120545095554,23.1591182663486],[72.6116349512065,23.1594568232288],[72.6115991984639,23.1594834537309],[72.6114447308454,23.1595991131404],[72.6111205932358,23.1598418114661],[72.6108706669875,23.1600289395551],[72.6107843104143,23.1600935981111],[72.6110875531974,23.1606782464443],[72.6100037836924,23.1610318898883],[72.6096023353244,23.1613037011644],[72.6095919934026,23.161310702296],[72.6094984990063,23.1613475498773],[72.6093778634851,23.1613962306145],[72.6090986345455,23.1615089115452],[72.6086640744731,23.1616842717981],[72.608325580495,23.161795837183],[72.6079604088187,23.1619161949144],[72.6076567930782,23.1620217344882],[72.6072826964754,23.1621517509988],[72.607093105132,23.1622133181303],[72.6068694851575,23.1622859351012],[72.6067151128731,23.1623153799604],[72.606374963256,23.1623802592694],[72.606355788796,23.1623839165137],[72.6059036723495,23.1624701413311],[72.6054420820169,23.1626868662004],[72.6052211908215,23.1627905786615],[72.6049963123604,23.1628634761151],[72.6048643890224,23.1629062407033],[72.6046363446689,23.1631632740826],[72.6044557147166,23.1633349595347],[72.6043997911487,23.1633881145551],[72.604396806672,23.1633909508084],[72.6042841688422,23.163498011592],[72.6041632368515,23.1636129536976],[72.6040584424018,23.1636657368202],[72.6039739283747,23.1637083048408],[72.6038519763949,23.16376972898],[72.6035114426819,23.1639412472219],[72.6034927236822,23.1639506752579],[72.603403020264,23.1638785068003],[72.6030192995476,23.1640032111406],[72.602933428069,23.16404313533],[72.602731070054,23.164137217295],[72.6026566964169,23.1641964263662],[72.6024153989632,23.1643885179617],[72.6020359956471,23.1646905545746],[72.6018975016045,23.1647524437148],[72.6015500607459,23.1649077077938],[72.6012420527643,23.1648601927933],[72.6010168717257,23.1647910223983],[72.600336012681,23.1645818737617],[72.5998199433918,23.164324628753],[72.5997064061497,23.1642680343395],[72.5996050906601,23.1642088465493],[72.5995037732953,23.1641496595738],[72.5994068504623,23.1641066342163],[72.5991092171993,23.1640190638144],[72.5988570914823,23.1638433584295],[72.5987205992775,23.163670758812],[72.5986375185903,23.1635657005449],[72.5984179456349,23.1632880406008],[72.5983477930269,23.1631747998587],[72.5983199227458,23.1631298128666],[72.5982093333408,23.1629762322526],[72.5981404604903,23.162880587977],[72.5981151553289,23.1628454451205],[72.5980769536881,23.1627923930819],[72.5979175553079,23.1628163060073],[72.5973013082797,23.1626376101226],[72.5971358007942,23.1625824958931],[72.5969973922576,23.1625115280171],[72.5966146743397,23.162121950599],[72.5962655156121,23.1616151106886],[72.5959931817274,23.1613982972801],[72.5958845371494,23.1614473842172],[72.5954566966507,23.1616406842807],[72.5950101414582,23.1618424387793],[72.5949468140271,23.1618578495579],[72.5948450335515,23.1618826169537],[72.5948363954503,23.1618837254087],[72.5947384766773,23.1618962938735],[72.5939606717108,23.1619961314542],[72.5938942843413,23.1620046529215],[72.5930965506117,23.162121494043],[72.5927673310869,23.1622132028173],[72.5923956702565,23.1623167345708],[72.5917846708331,23.1624068620394],[72.591578626512,23.1624473241143],[72.5915954175797,23.1632749736232],[72.5911965175669,23.1632943102202],[72.5910030925829,23.1633897970116],[72.5907679306282,23.1636744542533],[72.5905917565244,23.1637178916014],[72.5901380543491,23.1639785531188],[72.590094444271,23.1640456574659],[72.5900748837081,23.1640757570394],[72.5901053295312,23.1640907161601],[72.5903231909876,23.1641977629499],[72.5902996056312,23.1644046230209],[72.5902899119895,23.1654700571714],[72.5900385013704,23.1654916289126],[72.5898706028693,23.1655060342738],[72.5898780896652,23.1655675408844],[72.5899304974972,23.165998079029],[72.5898884528411,23.1660296263335],[72.5899346864383,23.166498745525],[72.5899346929865,23.1664988160413],[72.5899408115654,23.1665614319698],[72.589941124429,23.1665646253441],[72.589945180951,23.1666061372404],[72.5899602049711,23.1666894284316],[72.5899821599278,23.1668111293687],[72.5899825844594,23.166813484876],[72.5899937349829,23.16687530486],[72.5899964919975,23.166890588538],[72.5900800775357,23.1673539493018],[72.5900823985044,23.1673668122957],[72.5900836881583,23.1673739639239],[72.5900955645664,23.1674397988019],[72.5900793588251,23.1675215583555],[72.5900762793541,23.1675370930256],[72.5900629255292,23.1676044645509],[72.5900619272203,23.1676095047807],[72.5900511580426,23.1676638374409],[72.5899821290032,23.1680121012254],[72.5900389563099,23.1681527679042],[72.5900398202239,23.1681549053485],[72.5900595674057,23.168203783926],[72.5901767342631,23.1684938014813],[72.590180094326,23.1685753532058],[72.5901801195979,23.1685759593514],[72.5901803625372,23.1685818581598],[72.590207502257,23.169240623283],[72.590222958887,23.1694264838899],[72.5902232658285,23.169430171891],[72.5902452759534,23.1696948272931],[72.5902878503522,23.1702067394312],[72.5903154089494,23.1702400916707],[72.5903161601512,23.1702409996215],[72.5905785237902,23.1705585145976],[72.5905820159431,23.1705627406572],[72.5906244101504,23.1706140449356],[72.5909534145411,23.1714532034593],[72.5909801406303,23.171629164315],[72.5910553452444,23.1721243265695],[72.5911036751699,23.1724438714483],[72.5911295319143,23.1726127755685],[72.5911348067504,23.1726475064265],[72.5913103901008,23.1726664173127],[72.5913138020166,23.172666784595],[72.5914635694964,23.1726829151094],[72.5914927983139,23.1726860634814],[72.5915809291825,23.1726955559906],[72.5919277570787,23.1727367560809],[72.5921276007189,23.1727604951304],[72.5923036265514,23.1728350711223],[72.5924279013632,23.1728877214445],[72.5926702936851,23.1729904143205],[72.5927282026204,23.1730149472308],[72.5927548243056,23.1730786792748],[72.592772172603,23.1731202111763],[72.592928733916,23.1734950086347],[72.5930744403604,23.173583197053],[72.5932622300169,23.1736968550942],[72.5933007829383,23.1737260516511],[72.5935625315015,23.173924276228],[72.5937068847685,23.173981333927],[72.5940227535141,23.1740095086886],[72.5941561606931,23.1740769664998],[72.5942647447303,23.1741318708921],[72.5943521295238,23.174176057571],[72.5944349933384,23.1742179560902],[72.5944707110054,23.1742360166948],[72.5946885845806,23.1745086317069],[72.5947366299439,23.1745687485089],[72.5948180134454,23.1746705809069],[72.5951997114864,23.1749181805984],[72.5953112710442,23.1749758643007],[72.5956437259771,23.1751477669754],[72.5956558072989,23.1751540136625],[72.5960896651512,23.1753782563805],[72.5962958333799,23.1754747891057],[72.596399650662,23.1755233983405],[72.5967115619786,23.1756694412194],[72.5968277721189,23.1757131134998],[72.5968492845373,23.1757211986216],[72.5968504570796,23.1757229579748],[72.5968504445972,23.1757216343196],[72.5968894975414,23.1757363103013],[72.5969203495513,23.175840774489],[72.5974518291382,23.1760640614641],[72.5976725968258,23.176156809793],[72.5978259204376,23.1760325968051],[72.5984495095576,23.1755575803438],[72.5984878847824,23.1755283473389],[72.5986897806202,23.1755309938376],[72.5987292788572,23.1755315107483],[72.5989669994975,23.1755828736976],[72.5990379817823,23.1755982114276],[72.5994056827378,23.175677658581],[72.5994569580912,23.1756887368565],[72.5994534616672,23.1757261486344],[72.5996462073441,23.1758051427677],[72.599683089992,23.1758202571253],[72.5996464095154,23.1758049761299],[72.5994547461337,23.1757248664274],[72.5994582219705,23.1756875139184],[72.5994640738368,23.1756888300498],[72.5994723984904,23.1756358432379],[72.599525674584,23.1752966577136],[72.5995287913195,23.1749651633635],[72.599542137942,23.1748350090966],[72.5995461355089,23.1747960485715],[72.5995507227908,23.1747513454682],[72.5995517516865,23.1747448494533],[72.5995514601225,23.1747441706341],[72.5995275478685,23.1746886780234],[72.5996969472852,23.1742026686993],[72.5997067003515,23.1741582131873],[72.5997240402841,23.1740955949162],[72.5997424739525,23.1740290834079],[72.5997882458629,23.1738644573511],[72.5998711668194,23.1735682903409],[72.5999833840712,23.1733792102003],[72.5999983165566,23.1733540455752],[72.6000625617749,23.173245763368],[72.6000954773191,23.1731902752155],[72.6002033467808,23.1731995773311],[72.6003328951445,23.1728028449629],[72.6003375499045,23.1727814353168],[72.6003487690985,23.1727298151027],[72.6005000806794,23.172324187063],[72.6005905982355,23.1720644936091],[72.6007792303723,23.1715226763571],[72.6015893753196,23.1717080113211],[72.6017884537127,23.1717539870594],[72.6018453434614,23.1717671388295],[72.602522338865,23.1718369958088],[72.6027393276289,23.1718706937042],[72.603323809005,23.1719615008656],[72.6035662830528,23.172025357457],[72.6040345272085,23.1721486760559],[72.6040418571347,23.1721506049252],[72.6046819900753,23.1722778824007],[72.6047338992812,23.1722882002815],[72.6050738174283,23.1723767361858],[72.6054137374831,23.1724652479406],[72.6057407434131,23.1726142390804],[72.6057660603573,23.1727992691672],[72.6057680492189,23.1728138178802],[72.6058876432144,23.1728639446917],[72.6060022720326,23.1729119899246],[72.6062248231142,23.1730052607951],[72.6063800615781,23.1730703142249],[72.6064524282163,23.1731006385766],[72.6064902266765,23.1731196101966],[72.6065469273165,23.1731480676557],[72.6066781991957,23.1732139498163],[72.6067574043174,23.1732536992014],[72.6069796697489,23.1733652351389],[72.607039461265,23.1735819775533],[72.6074323509593,23.1738099193037],[72.607484038256,23.1738399017707],[72.6075680679487,23.1738886399588],[72.6076624710482,23.1739433893975],[72.607873196693,23.1740655830153],[72.6082827194274,23.1742770940984],[72.6084361762949,23.1743563292085],[72.6086399020017,23.1744615028692],[72.6086491800729,23.1744662931522],[72.6087764821465,23.1745790885453],[72.6087419086292,23.1748960630771],[72.6087159014389,23.1751344807029],[72.6086964304401,23.1753129746249],[72.6086954493275,23.1753219703448],[72.6086868242754,23.175553446086],[72.6086850254435,23.1755630694499],[72.6086166888224,23.1759285544069],[72.6085673754919,23.1761923045415],[72.6085436452881,23.1763192428401],[72.6085428597918,23.1763234405568],[72.6089274454594,23.1763819559695],[72.6089350248133,23.1763831093223],[72.6092633748087,23.1764330678983],[72.6092972662354,23.176438224844],[72.6093433915901,23.1763604316861],[72.6093436348643,23.1763602593399],[72.609343637289,23.1763604525712],[72.6096230154209,23.1763851424864],[72.6097539612694,23.1763967162003],[72.6100328442069,23.176421369889],[72.6101645310333,23.1764330131988],[72.6106414463686,23.176504054212],[72.6109318234481,23.1765473137834],[72.6111202173265,23.1765794002481],[72.6112132749115,23.1766040954906],[72.6112400699355,23.1766112071568],[72.6113855367982,23.1766498124893],[72.6115298812351,23.1766881189901],[72.6121955448843,23.1768647752344],[72.6122482732304,23.1768845932327],[72.6130166984144,23.1771733940025],[72.6135667498907,23.1773801032174],[72.6139301420952,23.1774681935347],[72.6142631796812,23.1775489238118],[72.6143864808691,23.1775788135476],[72.6145618538313,23.1775878393365],[72.6150439588904,23.1776126686301],[72.6150768635604,23.1776143643969],[72.6152737603531,23.1776229996876],[72.6152910040108,23.1776255892676],[72.6153351630022,23.1776322213063],[72.6156680482168,23.1777168382665],[72.615840076232,23.177760565424],[72.6162873118328,23.1779258707783],[72.6165532183341,23.1780668178399],[72.616592237395,23.1780874993148],[72.6167108166371,23.178193265872],[72.6167216600284,23.1782029372867],[72.6168028691412,23.1782599960863],[72.6169642061045,23.1784381305875],[72.6171443559776,23.1786369653271],[72.6172703611612,23.1788407488256],[72.6173153087005,23.1789134181169],[72.6174862693679,23.1791896803936],[72.6175119374123,23.1792311383663],[72.6176185299191,23.1795105038212],[72.617636686071,23.1796016761822],[72.6176858255516,23.1798486403105],[72.6177029388757,23.1799134609309],[72.6176959706813,23.1800610342692],[72.6178200277627,23.1800287484436],[72.6179350946725,23.1799988045571],[72.6181073227147,23.1799539822326],[72.6182160200951,23.1797365982124],[72.6183741549459,23.1794196876295],[72.6184625528753,23.17924218348],[72.6186044147878,23.1792769416194],[72.6185921034604,23.1793145367381],[72.6193554294429,23.1796222139117],[72.6193664787763,23.1796266674876],[72.6193895421333,23.1796206842926],[72.6195228620701,23.1795861069091],[72.6195568762002,23.1795772903065],[72.6204168591125,23.1793538532096],[72.6204848744871,23.1793360532861],[72.6212729844273,23.1791290835761],[72.6213630679833,23.1791274841704],[72.6215731507501,23.1791237470162],[72.6215973930149,23.1791233162687],[72.6222443000078,23.1791118500801],[72.6222796113312,23.179111226273],[72.6223939047196,23.1791092093718],[72.6224003936549,23.1791483672641],[72.6224008745363,23.1791512697579],[72.6224018001506,23.1791568548229],[72.6224047737454,23.1791747983457],[72.6224383414569,23.1793772158588],[72.6224890362119,23.1796823165857],[72.6225370133351,23.1799680386107],[72.6225749544818,23.1801926421936],[72.6225935359681,23.1802949167517],[72.6226026812851,23.1803452217232],[72.6226037041086,23.1803517715265],[72.6226047439424,23.1803492937479],[72.6227085908819,23.1801354087992],[72.6227343208951,23.1800824204211],[72.622755289793,23.1800268720358],[72.6229742620014,23.179812472727],[72.6232770629401,23.1797013014923],[72.6237054285622,23.1796797187462],[72.6239353512842,23.1796804399301],[72.6246227430552,23.1795869931719],[72.6247329530576,23.1795651356429],[72.6250641671861,23.1795227693582],[72.6253637315927,23.1794845099944],[72.6254210846647,23.1794771899264],[72.6253984458554,23.1794275580297],[72.6252987041776,23.1792089925953],[72.6252978853472,23.1792071972376],[72.6251379430657,23.1788269751063],[72.6251151962426,23.1787840799381],[72.6251141331186,23.1787820732523],[72.6249146190726,23.1784062416228],[72.6249065687171,23.1783915410418],[72.624872880672,23.1783020161663],[72.6247890800145,23.1780795102972],[72.624695637286,23.1778317614336],[72.6246390161003,23.1776818334926],[72.6244840360955,23.1772722297142],[72.6244268094861,23.1770559757985],[72.6243504720601,23.1767678605817],[72.6242169452977,23.1762635289533],[72.6241547522549,23.175847344162],[72.6240934114509,23.1754309654823],[72.6240933817667,23.1754307664214],[72.6240766281723,23.1751194047445],[72.6240641739194,23.1748817445335],[72.6240587166032,23.1747746983654],[72.6239224597822,23.1744442026792],[72.623863130889,23.1743002994935],[72.6238515417545,23.1742721878421],[72.6238411436102,23.174246967736],[72.623806981762,23.1741640638052],[72.6237898123635,23.1741223974448],[72.6237754062802,23.1740904651038],[72.623773057096,23.174085258483],[72.6237351348363,23.174001201785],[72.6236643252212,23.1738442460749],[72.6233212992734,23.173334036887],[72.623059025258,23.1729186699325],[72.6229575921142,23.1727580348773],[72.6227994579326,23.1727590410303],[72.6223041958547,23.1727619329987],[72.6215379433285,23.1726830620093],[72.6214836896073,23.1726774465504],[72.6213823756627,23.172662405304],[72.6207079993946,23.1725891140309],[72.6206164722988,23.1725794988228],[72.6206201930694,23.1725631821855],[72.6206306288313,23.1725023099607],[72.6206339767385,23.1724827828038],[72.6206399721225,23.17246158038],[72.6207268666102,23.172154325164],[72.6207986411088,23.1719057849735],[72.6208332855266,23.1717858330444],[72.6208454548338,23.171743704412],[72.6208662800061,23.1716715509236],[72.6209880934072,23.1712496081697],[72.6209879870519,23.1712496038539],[72.6209795170738,23.1710415375915],[72.6209788724264,23.1710256993357],[72.6209561882491,23.1709955808555],[72.6209107988951,23.1709353182915],[72.6208855188056,23.1709017534596],[72.6208538409562,23.1708596942253],[72.6208427226036,23.1708449326675],[72.6207833307847,23.1707507376371],[72.6206743691883,23.1705779263766],[72.62055342319,23.17038611807],[72.6204899655541,23.170285482419],[72.6206344713197,23.1702596408301],[72.6207070443071,23.1699155141379],[72.6207125146967,23.1698850068916],[72.6207929616663,23.1694363077787],[72.6208815606543,23.1690882008216],[72.6209068258198,23.1689220054514],[72.6209133304939,23.1688792169975],[72.6210165837132,23.1685659612762],[72.6210424363889,23.1684875280789],[72.6210493254634,23.1681720133758],[72.6210506315909,23.1681122137215],[72.6210511644909,23.1680878131946],[72.621051098623,23.1680877833101],[72.6214349860056,23.1681508515297],[72.6215018208637,23.1681618317411],[72.6219402338834,23.1682336228737],[72.6219827395092,23.1682405682354],[72.6221299719597,23.1682646234817],[72.6222861026147,23.1679006254194],[72.6222990194679,23.1678705140306],[72.6223737057744,23.1676964043144],[72.6224002848341,23.1676344431744],[72.6225315705909,23.1673283966397],[72.6225431807611,23.1673013322483],[72.6226103273568,23.167144808504],[72.6226680601765,23.1670102319033],[72.6226701748796,23.1670070923543],[72.6228340631721,23.1667637992938],[72.6229284160012,23.1666237286791],[72.6230183608451,23.1664901980194],[72.6230449773801,23.1664506832456],[72.6231946915731,23.1662284110111],[72.6236118875473,23.1660240342362],[72.623738833459,23.1659618111244],[72.62379220673,23.1659142337446],[72.6238495451079,23.1658631176867],[72.6239109804498,23.1658083493795],[72.6239115657092,23.1658078291804],[72.6239340124709,23.1657757335808],[72.6241146710293,23.1655189082688],[72.6241297220327,23.1654975118821],[72.6241545941141,23.1654621495506],[72.6241685378456,23.1654137070357],[72.6241715470992,23.1654032530477],[72.6242504836002,23.1651290195926],[72.6243256280385,23.1648679718162],[72.6243470950443,23.1647934015144],[72.6244322176358,23.1645697567893],[72.624547672802,23.1642664239069],[72.624632550818,23.16404342804],[72.6246440805015,23.1640131356633],[72.624197543375,23.1639660370435],[72.6240221488605,23.1639474794865],[72.6237412338816,23.1638391404847],[72.6236510726132,23.163804352187],[72.6234648621689,23.1637324792571],[72.6231542844338,23.1636096667317],[72.6230778438738,23.1635479926635],[72.622975257528,23.1634652157225],[72.6228993936939,23.1633519308082],[72.6229003069988,23.1633465459393],[72.6229194356927,23.1632337906374],[72.622987172286,23.1628344188272],[72.6229905716564,23.1628143696248],[72.6230463517675,23.1624853988313],[72.6230854660997,23.1622546703283],[72.6231015744801,23.1621682903045],[72.6231107243855,23.1621192257033],[72.6232446646501,23.1617837528667],[72.6233511707703,23.1615169884727],[72.6233785981288,23.1614482905899],[72.6233917477051,23.1614160014139],[72.6234210564961,23.161344039458],[72.6234266279748,23.1613303605799],[72.6234804639282,23.1611981756197],[72.6234945615517,23.1611635607188],[72.6236151650045,23.1608674416847],[72.6236629442233,23.1607501325127],[72.6237189038251,23.1606106136483],[72.6238609703311,23.1602564197086],[72.6239285804319,23.1600878542529],[72.6240335443992,23.1598995595682],[72.6240409634405,23.1598862434701],[72.6242483325393,23.1596791648425],[72.6244319972678,23.1594957577513],[72.6244485575463,23.15947449057],[72.624504410101,23.1594027635686],[72.6246885702288,23.1591661677847],[72.6248002495609,23.1588934250447],[72.6248236436865,23.1588362667796],[72.6248266149048,23.1588290062448],[72.6249601169272,23.1585026329262],[72.6249626535288,23.1584964311211],[72.6249625598607,23.158495210043],[72.6249568055424,23.1584200348436],[72.624953658598,23.158378978278],[72.6249395400396,23.158195207962],[72.6249395367721,23.1581951718012],[72.6249307636839,23.1580815266466],[72.6249257688171,23.158016820785],[72.6249209098876,23.15795415005],[72.6249211578643,23.1576224021081],[72.6249211018307,23.157542779052],[72.62492105722,23.1575035206819],[72.6249449040038,23.1572613890172],[72.6249668188433,23.1570352887834],[72.624980924656,23.1568885720085],[72.6249936921829,23.156755066294],[72.6249706775158,23.1562521781716],[72.6249555030016,23.1562002809965],[72.6249239581862,23.1560914391813],[72.6247417357109,23.1554741780494],[72.6247414452221,23.1554732112969],[72.6247414339551,23.155473185849],[72.6246037402781,23.1552202443191],[72.6244967426638,23.1550696840657],[72.6244840127149,23.1550517910999],[72.6244173991376,23.154958218106],[72.6243981116581,23.1549123003043],[72.6242911301145,23.1546579241796],[72.6242159858802,23.1544795130202],[72.6242131633207,23.1544728187055],[72.6239757078212,23.1541536401318],[72.6239260842265,23.1541022631694],[72.6238271720317,23.1539998961377],[72.6238160591095,23.1539826630878],[72.6237564551073,23.1538902699449],[72.6237278752595,23.1538459668953],[72.6236591693808,23.1537395118066],[72.6236438841911,23.1537123501382],[72.6234806366414,23.1534501514825],[72.6234110410578,23.1532795055733],[72.623411193269,23.1532794555085],[72.6233406763667,23.1530233857228],[72.6233197362201,23.1529872254817]]]}}, {"type" : "Feature", "id" : 0, "properties" : {"fid": 0, "fid1": 4, "zone": "South Zone", "layer": "g_ward_boundary_new", "remarks": "", "ward_no": 9, "zone_id": 3, "no_of_sch": 0, "object_id": 0, "sector_no": "", "vill_name": "KUDASAN", "ward_name": "Ward No - 9", "co1_f_path": "", "co2_f_path": "", "co3_f_path": "", "co4_f_path": "", "cor_1_cont": "", "cor_1_name": "", "cor_2_cont": "", "cor_2_name": "", "cor_3_cont": "", "cor_3_name": "", "cor_4_cont": "", "cor_4_name": "", "female_pop": 0, "govt_prima": 0, "male_popul": 0, "no_med_fac": 0, "no_of_inst": 0, "shape_area": 5134187.5, "shape_leng": 11849.895500000001, "total_hous": 0, "total_popu": 0, "z_offi_con": "", "zo_officer": ""}, "geometry" : {"type":"Polygon","coordinates":[[[72.6351046717243,23.1854112938408],[72.6356596193447,23.1853619111957],[72.6357234393583,23.1853646478684],[72.6357244617317,23.185364707469],[72.6363868411001,23.1854042598681],[72.6368225019583,23.1854302965472],[72.6371460307435,23.1853693731579],[72.6372694943081,23.1853130443512],[72.6380714696897,23.1852896273367],[72.6384960433895,23.1853408938357],[72.6380765287267,23.1819334249162],[72.6377148279262,23.178754254053],[72.637281375078,23.1745722529706],[72.6369792945507,23.172204875186],[72.6365348945928,23.1690168913856],[72.6364894707145,23.1685967969171],[72.6363494843992,23.1669542717688],[72.6360509962892,23.1638891978896],[72.6357388473385,23.1604801947498],[72.6354774240168,23.1580359825583],[72.6350919623416,23.1545225138358],[72.634717321839,23.1510567288039],[72.6346818190247,23.1504652197747],[72.6346680174283,23.1502352753736],[72.634671497737,23.1500148034823],[72.6340854428245,23.149509254006],[72.6340794792547,23.1495041087965],[72.6338330332588,23.1491054860137],[72.6334981379012,23.1485640413695],[72.6333935064237,23.1482808073901],[72.6332620818536,23.147926318804],[72.6331320327576,23.1476711046382],[72.6330447914841,23.1476597520312],[72.6328492170598,23.1476343012163],[72.6327088028141,23.1476160284533],[72.6325981086309,23.1476016229013],[72.6321888548069,23.1475466985114],[72.6315805644808,23.1474650616364],[72.6314163737238,23.1474468392224],[72.6311269794329,23.1474461050664],[72.6302697190962,23.1474439156576],[72.6300161125518,23.1474432646223],[72.6296575883133,23.1474423426263],[72.6294404959712,23.1474458675096],[72.629305819246,23.1474581562846],[72.6292561900155,23.1474626852836],[72.6292072059977,23.1474559038935],[72.6292059519999,23.1474558750899],[72.6292047274378,23.1474555605448],[72.6291848999034,23.1474528155743],[72.6291730786972,23.1474506280504],[72.6288944963496,23.1473990656441],[72.62874055129,23.1473363598531],[72.6284959627693,23.1472367320691],[72.6282983388829,23.1471562333502],[72.6282549340789,23.1471438146955],[72.6282439197047,23.1471406624339],[72.6281868797971,23.1471243406424],[72.6281600177432,23.1472666229834],[72.6281351469945,23.1474167904685],[72.6280485134865,23.1479398676514],[72.6280582985608,23.1484236040735],[72.6280600239955,23.1484484215545],[72.6280985688469,23.1490027521997],[72.6280987652328,23.1490055709569],[72.628100477837,23.1490302302556],[72.6281422113833,23.1496313499092],[72.6281402649202,23.1496551199311],[72.6280482619323,23.1507781630012],[72.6280483394504,23.1507966009289],[72.6280485194959,23.1508393741795],[72.6280491237712,23.1509828996709],[72.6280500806288,23.151211121118],[72.6280506506683,23.1513474418313],[72.6280515482814,23.1513615551092],[72.6280610592896,23.1515111216734],[72.6280610695127,23.151512758584],[72.6280634751552,23.1519087770619],[72.6280637010875,23.1519463933651],[72.6280471156587,23.1519490009199],[72.62799569698,23.1519570865276],[72.6275191637667,23.1520320195974],[72.6270859475428,23.1521001422574],[72.6265356516255,23.1521866198446],[72.6263818557328,23.1522121080156],[72.6263544085683,23.1522171715864],[72.6263518884853,23.1522170749257],[72.6261977165623,23.1522426240509],[72.6261900710538,23.1522435154286],[72.6261367755711,23.1522497277296],[72.6259752865919,23.1522685534247],[72.6259699166381,23.1522691793657],[72.6257858463031,23.1522906328554],[72.6257817129297,23.1522911149285],[72.6257491977661,23.1522949039941],[72.6254896359681,23.152325153388],[72.6254874758538,23.1523254051997],[72.6254661946406,23.1523278848049],[72.6254627669497,23.1523285986917],[72.6250881432624,23.1524066666628],[72.6243852079539,23.1525531560536],[72.624375204124,23.1525552395602],[72.6240383790927,23.1527011408411],[72.6240278069571,23.15270571918],[72.6238311674105,23.1527908898999],[72.6238271406264,23.1527926338189],[72.6233829207927,23.1530113995284],[72.6233816424329,23.1530120293417],[72.6233783736452,23.1530136402407],[72.6233618870287,23.1530062124956],[72.6233197362201,23.1529872254817],[72.6233406763667,23.1530233857228],[72.623411193269,23.1532794555085],[72.6234110410578,23.1532795055733],[72.6234806366414,23.1534501514825],[72.6236438841911,23.1537123501382],[72.6236591693808,23.1537395118066],[72.6237278752595,23.1538459668953],[72.6238160591095,23.1539826630878],[72.6238271720317,23.1539998961377],[72.6239260842265,23.1541022631694],[72.6239757078212,23.1541536401318],[72.6242131633207,23.1544728187055],[72.6242159858802,23.1544795130202],[72.6242911301145,23.1546579241796],[72.6243981116581,23.1549123003043],[72.6244173991376,23.154958218106],[72.6244840127149,23.1550517910999],[72.6244967426638,23.1550696840657],[72.6246037402781,23.1552202443191],[72.6247414339551,23.155473185849],[72.6247414452221,23.1554732112969],[72.6247417357109,23.1554741780494],[72.6249239581862,23.1560914391813],[72.6249555030016,23.1562002809965],[72.6249706775158,23.1562521781716],[72.6249936921829,23.156755066294],[72.624980924656,23.1568885720085],[72.6249668188433,23.1570352887834],[72.6249449040038,23.1572613890172],[72.62492105722,23.1575035206819],[72.6249211018307,23.157542779052],[72.6249211578643,23.1576224021081],[72.6249209098876,23.15795415005],[72.6249257688171,23.158016820785],[72.6249307636839,23.1580815266466],[72.6249395367721,23.1581951718012],[72.6249395400396,23.158195207962],[72.624953658598,23.158378978278],[72.6249568055424,23.1584200348436],[72.6249625598607,23.158495210043],[72.6249626535288,23.1584964311211],[72.6249601169272,23.1585026329262],[72.6248266149048,23.1588290062448],[72.6248236436865,23.1588362667796],[72.6248002495609,23.1588934250447],[72.6246885702288,23.1591661677847],[72.624504410101,23.1594027635686],[72.6244485575463,23.15947449057],[72.6244319972678,23.1594957577513],[72.6242483325393,23.1596791648425],[72.6240409634405,23.1598862434701],[72.6240335443992,23.1598995595682],[72.6239285804319,23.1600878542529],[72.6238609703311,23.1602564197086],[72.6237189038251,23.1606106136483],[72.6236629442233,23.1607501325127],[72.6236151650045,23.1608674416847],[72.6234945615517,23.1611635607188],[72.6234804639282,23.1611981756197],[72.6234266279748,23.1613303605799],[72.6234210564961,23.161344039458],[72.6233917477051,23.1614160014139],[72.6233785981288,23.1614482905899],[72.6233511707703,23.1615169884727],[72.6232446646501,23.1617837528667],[72.6231107243855,23.1621192257033],[72.6231015744801,23.1621682903045],[72.6230854660997,23.1622546703283],[72.6230463517675,23.1624853988313],[72.6229905716564,23.1628143696248],[72.622987172286,23.1628344188272],[72.6229194356927,23.1632337906374],[72.6229003069988,23.1633465459393],[72.6228993936939,23.1633519308082],[72.622975257528,23.1634652157225],[72.6230778438738,23.1635479926635],[72.6231542844338,23.1636096667317],[72.6234648621689,23.1637324792571],[72.6236510726132,23.163804352187],[72.6237412338816,23.1638391404847],[72.6240221488605,23.1639474794865],[72.624197543375,23.1639660370435],[72.6246440805015,23.1640131356633],[72.624632550818,23.16404342804],[72.624547672802,23.1642664239069],[72.6244322176358,23.1645697567893],[72.6243470950443,23.1647934015144],[72.6243256280385,23.1648679718162],[72.6242504836002,23.1651290195926],[72.6241715470992,23.1654032530477],[72.6241685378456,23.1654137070357],[72.6241545941141,23.1654621495506],[72.6241297220327,23.1654975118821],[72.6241146710293,23.1655189082688],[72.6239340124709,23.1657757335808],[72.6239115657092,23.1658078291804],[72.6239109804498,23.1658083493795],[72.6238495451079,23.1658631176867],[72.62379220673,23.1659142337446],[72.623738833459,23.1659618111244],[72.6236118875473,23.1660240342362],[72.6231946915731,23.1662284110111],[72.6230449773801,23.1664506832456],[72.6230183608451,23.1664901980194],[72.6229284160012,23.1666237286791],[72.6228340631721,23.1667637992938],[72.6226701748796,23.1670070923543],[72.6226680601765,23.1670102319033],[72.6226103273568,23.167144808504],[72.6225431807611,23.1673013322483],[72.6225315705909,23.1673283966397],[72.6224002848341,23.1676344431744],[72.6223737057744,23.1676964043144],[72.6222990194679,23.1678705140306],[72.6222861026147,23.1679006254194],[72.6221299719597,23.1682646234817],[72.6219827395092,23.1682405682354],[72.6219402338834,23.1682336228737],[72.6215018208637,23.1681618317411],[72.6214349860056,23.1681508515297],[72.621051098623,23.1680877833101],[72.6210511644909,23.1680878131946],[72.6210506315909,23.1681122137215],[72.6210493254634,23.1681720133758],[72.6210424363889,23.1684875280789],[72.6210165837132,23.1685659612762],[72.6209133304939,23.1688792169975],[72.6209068258198,23.1689220054514],[72.6208815606543,23.1690882008216],[72.6207929616663,23.1694363077787],[72.6207125146967,23.1698850068916],[72.6207070443071,23.1699155141379],[72.6206344713197,23.1702596408301],[72.6204899655541,23.170285482419],[72.62055342319,23.17038611807],[72.6206743691883,23.1705779263766],[72.6207833307847,23.1707507376371],[72.6208427226036,23.1708449326675],[72.6208538409562,23.1708596942253],[72.6208855188056,23.1709017534596],[72.6209107988951,23.1709353182915],[72.6209561882491,23.1709955808555],[72.6209788724264,23.1710256993357],[72.6209795170738,23.1710415375915],[72.6209879870519,23.1712496038539],[72.6209880934072,23.1712496081697],[72.6208662800061,23.1716715509236],[72.6208454548338,23.171743704412],[72.6208332855266,23.1717858330444],[72.6207986411088,23.1719057849735],[72.6207268666102,23.172154325164],[72.6206399721225,23.17246158038],[72.6206339767385,23.1724827828038],[72.6206306288313,23.1725023099607],[72.6206201930694,23.1725631821855],[72.6206164722988,23.1725794988228],[72.6207079993946,23.1725891140309],[72.6213823756627,23.172662405304],[72.6214836896073,23.1726774465504],[72.6215379433285,23.1726830620093],[72.6223041958547,23.1727619329987],[72.6227994579326,23.1727590410303],[72.6229575921142,23.1727580348773],[72.623059025258,23.1729186699325],[72.6233212992734,23.173334036887],[72.6236643252212,23.1738442460749],[72.6237351348363,23.174001201785],[72.623773057096,23.174085258483],[72.6237754062802,23.1740904651038],[72.6237898123635,23.1741223974448],[72.623806981762,23.1741640638052],[72.6238411436102,23.174246967736],[72.6238515417545,23.1742721878421],[72.623863130889,23.1743002994935],[72.6239224597822,23.1744442026792],[72.6240587166032,23.1747746983654],[72.6240641739194,23.1748817445335],[72.6240766281723,23.1751194047445],[72.6240933817667,23.1754307664214],[72.6240934114509,23.1754309654823],[72.6241547522549,23.175847344162],[72.6242169452977,23.1762635289533],[72.6243504720601,23.1767678605817],[72.6244268094861,23.1770559757985],[72.6244840360955,23.1772722297142],[72.6246390161003,23.1776818334926],[72.624695637286,23.1778317614336],[72.6247890800145,23.1780795102972],[72.624872880672,23.1783020161663],[72.6249065687171,23.1783915410418],[72.6249146190726,23.1784062416228],[72.6251141331186,23.1787820732523],[72.6251151962426,23.1787840799381],[72.6251379430657,23.1788269751063],[72.6252978853472,23.1792071972376],[72.6252987041776,23.1792089925953],[72.6253984458554,23.1794275580297],[72.6254210846647,23.1794771899264],[72.6253637315927,23.1794845099944],[72.6250641671861,23.1795227693582],[72.6247329530576,23.1795651356429],[72.6246227430552,23.1795869931719],[72.6239353512842,23.1796804399301],[72.6237054285622,23.1796797187462],[72.6232770629401,23.1797013014923],[72.6229742620014,23.179812472727],[72.622755289793,23.1800268720358],[72.6227343208951,23.1800824204211],[72.6227085908819,23.1801354087992],[72.6226047439424,23.1803492937479],[72.6226037041086,23.1803517715265],[72.6226248448936,23.1804871446957],[72.6226774196116,23.1807969646521],[72.6227420173062,23.1811772741481],[72.6229237245118,23.1822465564789],[72.6229853119459,23.1826097767765],[72.6231096428529,23.1827303133447],[72.6231444991596,23.1827641065866],[72.6232140303011,23.1828316316282],[72.6234055468388,23.183017621801],[72.6236859499725,23.1830945392595],[72.6237668312802,23.1831156130252],[72.6239940428783,23.1831764840068],[72.6241803184963,23.1832474832863],[72.6243344033945,23.1832809352038],[72.6245462473549,23.1833263632692],[72.6245674523247,23.1833309138642],[72.6246308964035,23.1833460553565],[72.6249329889593,23.1833916139985],[72.6250629542283,23.1834112315793],[72.6250959036907,23.1834146900671],[72.6253682425404,23.1834432859384],[72.6253685856288,23.183443322714],[72.6253946730566,23.1834491033568],[72.6254504059204,23.1834728021034],[72.6255371896215,23.1835097104443],[72.6263442028401,23.1838837933315],[72.6263457526074,23.1838845118569],[72.6265925830262,23.1840504759603],[72.6266503781375,23.1841059157558],[72.6266547272315,23.1841100872288],[72.6267536064753,23.1841909606899],[72.6267548357669,23.1841919659771],[72.6269172420884,23.1842327533471],[72.6269856485829,23.184238438978],[72.627029915765,23.1842409907552],[72.6272956321664,23.18421817191],[72.6274526677253,23.1841781018943],[72.6274699314657,23.184173697532],[72.6274859405782,23.1841696127932],[72.6275814245977,23.1841497730531],[72.6277668253315,23.184112917324],[72.62783706377,23.1840989539848],[72.6278958923669,23.184087260625],[72.628397145641,23.1840300503717],[72.6284269382254,23.1840008429257],[72.6285942459334,23.1839900369062],[72.6286216503607,23.1839882670163],[72.6285492499857,23.1834611817947],[72.6285830775555,23.1834380025409],[72.6289772239609,23.1831679247435],[72.6290094642698,23.1832000342954],[72.6290539626635,23.1833422671958],[72.6291001887629,23.1833907780597],[72.6292481184422,23.183546030353],[72.629596274851,23.1839115023375],[72.6296152876619,23.1839314623109],[72.6297220756664,23.1840435839632],[72.6297574990401,23.1840370704665],[72.6299440419933,23.1840087895473],[72.6299471439325,23.1840083198801],[72.6303183857799,23.1841138529776],[72.6307978133085,23.1843015005726],[72.6313631776654,23.1844834936429],[72.6317455290286,23.1846243074102],[72.6321329088465,23.1847051542698],[72.6324241650855,23.184791227136],[72.6328160129169,23.1849001251328],[72.633341558965,23.1850923611129],[72.6338494238097,23.1852691987782],[72.6341509652189,23.1853756078245],[72.6344412702588,23.1854108981074],[72.6348012655811,23.1854164450556],[72.6351046717243,23.1854112938408]]]}}, {"type" : "Feature", "id" : 0, "properties" : {"fid": 0, "fid1": 5, "zone": "South Zone", "layer": "g_ward_boundary_new", "remarks": "", "ward_no": 10, "zone_id": 3, "no_of_sch": 0, "object_id": 0, "sector_no": "", "vill_name": "KOBA", "ward_name": "Ward No - 10", "co1_f_path": "", "co2_f_path": "", "co3_f_path": "", "co4_f_path": "", "cor_1_cont": "", "cor_1_name": "", "cor_2_cont": "", "cor_2_name": "", "cor_3_cont": "", "cor_3_name": "", "cor_4_cont": "", "cor_4_name": "", "female_pop": 0, "govt_prima": 0, "male_popul": 0, "no_med_fac": 0, "no_of_inst": 0, "shape_area": 6744731, "shape_leng": 12200.700000000001, "total_hous": 0, "total_popu": 0, "z_offi_con": "", "zo_officer": ""}, "geometry" : {"type":"Polygon","coordinates":[[[72.6440044583637,23.1588451275584],[72.6442294622002,23.1587535549616],[72.6447016868778,23.1586031766966],[72.6451156120879,23.1585274476164],[72.6454041715611,23.1585325155719],[72.6457159306753,23.1585213147879],[72.645953961675,23.1585127659499],[72.6461743282114,23.1585150634226],[72.646365588961,23.1585170609754],[72.6464940100051,23.1585184116235],[72.6467477599376,23.158514748623],[72.6468287574756,23.158513580176],[72.6474438973433,23.1584750504762],[72.6480851036433,23.1584688928778],[72.6485862207797,23.15838975497],[72.6487118945779,23.1583699066123],[72.6490238688553,23.1583166293415],[72.6490240377694,23.1583165731814],[72.6493136140688,23.1582671074751],[72.6494948565732,23.1582361556995],[72.6498550315373,23.158145824924],[72.6502376250212,23.158049907263],[72.650520249685,23.1579808089007],[72.6505207456869,23.1579806962288],[72.6506713520133,23.1579475363339],[72.6507264367655,23.1579354065819],[72.6508112804272,23.1579243057721],[72.6510625938096,23.157891420911],[72.6514409281357,23.1578657999352],[72.651441019039,23.1578657940685],[72.6514520942099,23.1578650447083],[72.6518465033751,23.157871097954],[72.6519495506554,23.1578749700483],[72.6527176425176,23.1579038116802],[72.6527197744498,23.1579037802626],[72.6531172572159,23.1578978689071],[72.6531641578732,23.157897172151],[72.6531666802788,23.1578972007146],[72.6535191060382,23.1579012157166],[72.653757531654,23.1579137412105],[72.6539469387043,23.157939584541],[72.6539914660002,23.1579413457141],[72.6539914434691,23.1579412379452],[72.6546573285484,23.1579849549464],[72.6553387307261,23.1579861643135],[72.6553551994125,23.1579861937509],[72.6559745601122,23.1578751305311],[72.6561809913669,23.1579061981334],[72.6561915789714,23.1579028898645],[72.656606232334,23.15777329408],[72.6568904533771,23.1576337242348],[72.6570295260763,23.1575906001312],[72.6570381042739,23.1575835902113],[72.6571533388083,23.157489426228],[72.6576566843056,23.1572718165675],[72.6576669573183,23.1572677298126],[72.6578021028757,23.1572139783689],[72.6580983284514,23.1570961517539],[72.6581310045787,23.1570831534357],[72.6584322262325,23.1569633258084],[72.6584405014536,23.1569600326499],[72.6586089568466,23.1569217640767],[72.6590597085044,23.1567716285433],[72.6595023368331,23.1566131888155],[72.6603547500937,23.1561939343176],[72.6603565246525,23.1561930605866],[72.6603567974146,23.1561929274129],[72.6603569914147,23.1561928318895],[72.6603507789263,23.1561844590823],[72.6603266291549,23.1561519153637],[72.660654902079,23.155979961789],[72.6610098284477,23.155806656409],[72.6610684922397,23.1557761272732],[72.6613447968119,23.1556323216146],[72.6614157417114,23.1555953932727],[72.6614813467362,23.1555616257668],[72.6617647582866,23.1554157364423],[72.6618430923711,23.1553754084008],[72.6622734143112,23.1551512809735],[72.6630794765944,23.154856682242],[72.6633687438053,23.1547941956305],[72.6633715562322,23.154793431153],[72.6633743686434,23.1547926675781],[72.6634431075034,23.1547739999557],[72.6646285157888,23.1545084627362],[72.6646495410434,23.154501772351],[72.6647188166046,23.1544797265867],[72.6647191779015,23.1544796109681],[72.6653807303139,23.1543261890852],[72.6655865487221,23.1542791622056],[72.6656522106123,23.1542641575989],[72.6656669423182,23.1542607909087],[72.6659525414675,23.1541860679581],[72.6661759354896,23.1541226475875],[72.6661988446578,23.1541161428934],[72.6662277221886,23.1541079463028],[72.666233969353,23.1541059976299],[72.6665579553774,23.1540049649082],[72.6668239275986,23.1539041924448],[72.6668256158085,23.1539035087515],[72.6669348011577,23.1538593250438],[72.667103722298,23.1537909687084],[72.6673565298306,23.1536869849106],[72.6673915287993,23.1536725889047],[72.6674978003412,23.1536257606389],[72.6676304849287,23.1535672953555],[72.6677050353861,23.1535344438913],[72.6680479497589,23.1533921627186],[72.6680577695945,23.153388559659],[72.6681880059475,23.1533407585938],[72.6683986334537,23.153263450298],[72.6687379177021,23.1531592826654],[72.6687840179463,23.1531451291917],[72.6688519256482,23.1531265090855],[72.6690785153971,23.1530643784505],[72.669423915889,23.1529709023555],[72.6697269922053,23.1528888779381],[72.6699258932488,23.1528252990345],[72.6702566753405,23.1527195622061],[72.6703193005133,23.152699544296],[72.6707220710747,23.1525707960561],[72.670878008798,23.1525209495958],[72.671098673969,23.1524434870915],[72.6711953791584,23.1524061540021],[72.6712596637936,23.1523813383341],[72.6717003322621,23.1522112123247],[72.6719133475805,23.1521450705009],[72.6722793786132,23.1520483817486],[72.672426301283,23.1520065898202],[72.672448250493,23.1520003462432],[72.6725316262797,23.1519766291879],[72.6725428265991,23.151934768934],[72.6725610444618,23.1518950698778],[72.6725858096211,23.1518585289915],[72.6726165096444,23.1518260662128],[72.6726523660421,23.151798493397],[72.6726924822514,23.1517765059983],[72.6727358450641,23.1517606569097],[72.6727813648792,23.1517513435162],[72.6728279031101,23.151748803586],[72.6728742881596,23.1517530947417],[72.6729193512221,23.1517641130456],[72.6729619586796,23.1517815826447],[72.6730010402986,23.1518050625065],[72.6730356182305,23.1518339630978],[72.67306481564,23.1518675555398],[72.6730879080009,23.1519049976442],[72.6731043072289,23.1519453481234],[72.6731098616819,23.1519705986993],[72.6736755838184,23.1516573555889],[72.6738620694526,23.1515540991839],[72.6739842625094,23.1514864424547],[72.6740311228697,23.1514604961575],[72.6740779841733,23.151434550762],[72.6742251873447,23.1513530438958],[72.6742785192044,23.1486737685474],[72.6742795173753,23.1486236466263],[72.6742805165042,23.1485735256219],[72.6746332509415,23.1484232167979],[72.6747945718968,23.1483544693095],[72.6748083560774,23.1474787615667],[72.6748156905773,23.1470125456258],[72.6748178132227,23.1468776329616],[72.6748417547693,23.14547108959],[72.6742562119565,23.1439297061436],[72.6727982351016,23.1425721377969],[72.6713877614697,23.1421633758565],[72.6696010752075,23.1421448354814],[72.6684661081856,23.1426827485473],[72.6683626403702,23.142651306428],[72.6684010664628,23.1427230217844],[72.6643042256855,23.1431825255625],[72.6613043912286,23.1432102785741],[72.6584177761264,23.1431666788851],[72.6549957394705,23.1427415723279],[72.6525521713519,23.1417408303133],[72.6512739782236,23.1410796716853],[72.6502264068165,23.1404670892425],[72.6478241899305,23.1394704550237],[72.6461085875891,23.1387836384118],[72.6450612156215,23.1378197041903],[72.6446961180186,23.1374836862469],[72.6446661216658,23.1374996931932],[72.6442697436638,23.1377112122954],[72.6438825628518,23.1379176171574],[72.6438117710859,23.1379581117122],[72.6437045700927,23.138019242328],[72.6437505180645,23.1381094237112],[72.643752961628,23.1381142188955],[72.6436845066969,23.1381465653696],[72.6433554267063,23.1383020612612],[72.6430967482586,23.1384242905214],[72.6430967188379,23.1384242982065],[72.6428859617502,23.1384736550695],[72.6418299904541,23.138720944854],[72.6410272492759,23.1389683405562],[72.6409644218274,23.1389877128774],[72.6405313565222,23.1391212442802],[72.640298912763,23.1391929158167],[72.6401538279704,23.1392909705023],[72.6401446511675,23.1392936127733],[72.6400825031526,23.1393334296788],[72.639799901645,23.139514473117],[72.6396809705195,23.1395416569051],[72.6395675075535,23.1395675908919],[72.6394648917771,23.1395910448146],[72.6393992733282,23.1396060430499],[72.6392715423612,23.1396352379179],[72.6387510528296,23.1397542021776],[72.6385567184535,23.139875358227],[72.638362383756,23.1399965131036],[72.6370738585615,23.1405950457784],[72.6370738281324,23.1405950552528],[72.6370736757657,23.1405951152606],[72.6361845386185,23.1409246145175],[72.635939906953,23.1410152933827],[72.6359398666216,23.1410153108334],[72.6357725453445,23.1410924419681],[72.6350608635424,23.1413866861147],[72.6349755450052,23.1414219604638],[72.6348400513101,23.1418894250347],[72.6348330122396,23.1425926980703],[72.6343217882164,23.1429696034364],[72.6342260381126,23.1430401958962],[72.6342005104824,23.1431315967928],[72.6341476892683,23.1433207258997],[72.6341472611335,23.1433222578292],[72.6340757373744,23.1435783505497],[72.6340602258379,23.143633889424],[72.634017748738,23.1437859778383],[72.6336086115985,23.1452508707021],[72.6336012431492,23.1452772524569],[72.6330906244291,23.1453512417809],[72.6328764354879,23.1453822781957],[72.6327838949644,23.1453956871369],[72.6324053223569,23.1454505411033],[72.6322974878569,23.1454661655622],[72.6322973793066,23.1454661205967],[72.6318337593291,23.1454646923455],[72.6316719967626,23.1454641943463],[72.6315534282277,23.1454638291811],[72.6315347349422,23.1454637711294],[72.6315160048259,23.1454583670948],[72.6314475330454,23.1454386101392],[72.6313785999109,23.1454187198278],[72.6313471017314,23.1454096309018],[72.6307228021195,23.1452294764608],[72.6306252395071,23.1452013226459],[72.6302674141649,23.1450980635734],[72.6299052678697,23.1450254191499],[72.6296764397853,23.1449795172347],[72.6294650398925,23.1449371110396],[72.6293709695467,23.1449182400574],[72.6292059500001,23.1448839072406],[72.6288208803321,23.1448018577291],[72.628820662402,23.1447776867586],[72.6288085708928,23.1447747295884],[72.6287825399695,23.1447683640232],[72.6287495801675,23.144760304349],[72.6286681376841,23.1447403889176],[72.6286523153945,23.1447365197343],[72.628650262337,23.1447410127117],[72.6284742416004,23.1449805554394],[72.6284741208062,23.1450105993718],[72.6284735329806,23.1451552427426],[72.628473400753,23.1451878215364],[72.6284722155788,23.1454794761444],[72.6283844487811,23.1459319710716],[72.628323565986,23.1462458626876],[72.628317525478,23.1462769938259],[72.6283217406415,23.1463056811369],[72.6283303374946,23.1463641885583],[72.6283250647986,23.1463921317692],[72.6281868797971,23.1471243406424],[72.6282439197047,23.1471406624339],[72.6282549340789,23.1471438146955],[72.6282983388829,23.1471562333502],[72.6284959627693,23.1472367320691],[72.62874055129,23.1473363598531],[72.6288944963496,23.1473990656441],[72.6291730786972,23.1474506280504],[72.6291848999034,23.1474528155743],[72.6292047274378,23.1474555605448],[72.6292059519999,23.1474558750899],[72.6292072059977,23.1474559038935],[72.6292561900155,23.1474626852836],[72.629305819246,23.1474581562846],[72.6294404959712,23.1474458675096],[72.6296575883133,23.1474423426263],[72.6300161125518,23.1474432646223],[72.6302697190962,23.1474439156576],[72.6311269794329,23.1474461050664],[72.6314163737238,23.1474468392224],[72.6315805644808,23.1474650616364],[72.6321888548069,23.1475466985114],[72.6325981086309,23.1476016229013],[72.6327088028141,23.1476160284533],[72.6328492170598,23.1476343012163],[72.6330447914841,23.1476597520312],[72.6331320327576,23.1476711046382],[72.6332620818536,23.147926318804],[72.6333425166416,23.148143272867],[72.6333935064237,23.1482808073901],[72.6334981379012,23.1485640413695],[72.6338330332588,23.1491054860137],[72.6340794792547,23.1495041087965],[72.6340854428245,23.149509254006],[72.634671497737,23.1500148034823],[72.6350673852558,23.1503563050247],[72.6355513047019,23.1509381984136],[72.6355987991796,23.1509879393307],[72.6357035666688,23.151098943098],[72.6357589084587,23.1511590448524],[72.6361312008506,23.1516757117776],[72.6363934267006,23.1520888271409],[72.6365991472863,23.1523541809739],[72.6368738322132,23.15270421853],[72.6372709651736,23.1532159989975],[72.6375338220683,23.1535559870192],[72.6375347292564,23.1535634892969],[72.6376299116725,23.1537029974528],[72.6377197105669,23.1538224857218],[72.6378741243373,23.1540281387795],[72.6381396898607,23.1543820849592],[72.6381601592578,23.1544093719155],[72.63816812254,23.1544047850767],[72.6385530076478,23.1550120816338],[72.6386445916722,23.1551404363934],[72.6387341800548,23.1552659625279],[72.6389226235443,23.1555298838968],[72.639140144647,23.1558212733455],[72.6391940297116,23.1558934307334],[72.6393089111363,23.1560472411193],[72.6393145598132,23.1560546149512],[72.639711571404,23.1565727568489],[72.6397672965734,23.1566552687144],[72.6399428715742,23.1570815722561],[72.6400344172952,23.1572353782582],[72.6401584129473,23.1573497498528],[72.6404222388671,23.1575930573954],[72.640196713172,23.1577526665902],[72.6402403234238,23.1579321157499],[72.6405187780002,23.1589468226526],[72.6405197406682,23.1589503335985],[72.6414217217832,23.1589134089959],[72.6420346276246,23.1589682496198],[72.6424682898605,23.1590070565901],[72.6431450732042,23.1589466162019],[72.6431662884653,23.1589447218878],[72.6439609347657,23.1588628410285],[72.6440044583637,23.1588451275584]]]}}, {"type" : "Feature", "id" : 0, "properties" : {"fid": 0, "fid1": 6, "zone": "Central Zone", "layer": "g_ward_boundary_new", "remarks": "", "ward_no": 4, "zone_id": 2, "no_of_sch": 0, "object_id": 0, "sector_no": "Palaj", "vill_name": "", "ward_name": "Ward No - 4", "co1_f_path": "", "co2_f_path": "", "co3_f_path": "", "co4_f_path": "", "cor_1_cont": "", "cor_1_name": "", "cor_2_cont": "", "cor_2_name": "", "cor_3_cont": "", "cor_3_name": "", "cor_4_cont": "", "cor_4_name": "", "female_pop": 0, "govt_prima": 0, "male_popul": 0, "no_med_fac": 0, "no_of_inst": 0, "shape_area": 7772595, "shape_leng": 16257.092000000001, "total_hous": 0, "total_popu": 0, "z_offi_con": "", "zo_officer": ""}, "geometry" : {"type":"Polygon","coordinates":[[[72.6882647017721,23.2060444137309],[72.6882587865813,23.2060462389105],[72.6881999719796,23.2060708270653],[72.6877738751406,23.2062489629928],[72.6835206649632,23.2080269786101],[72.682218573033,23.2086050264501],[72.6815613659562,23.209629388079],[72.6805655328897,23.2119317842201],[72.6804059974242,23.2121291319036],[72.6782945668714,23.2147409170218],[72.6783622903066,23.2148103328752],[72.6803516467149,23.2168493525898],[72.6824731578061,23.2197230956202],[72.6829182676494,23.2206628880346],[72.6832202495038,23.2214017757928],[72.6837540872724,23.2227079508125],[72.6842711054957,23.2243915019843],[72.6843023353215,23.2244931958316],[72.684504237227,23.2254347957048],[72.6849507753325,23.2275172566946],[72.6848141991194,23.2301794550957],[72.6847174966514,23.2320642986336],[72.6845522281359,23.2329240665336],[72.6842916707858,23.2342795298469],[72.6840793949034,23.2344932786649],[72.6833447277037,23.235233035151],[72.6828841142409,23.2354043427687],[72.680379019412,23.2363359837799],[72.6800928591751,23.2371916992148],[72.6793858587492,23.2377187453557],[72.6782167833809,23.2380598279403],[72.6775502464861,23.2380593694315],[72.6763913539582,23.2380585644427],[72.6759723809535,23.2380582714304],[72.6758707803973,23.2380591522757],[72.6760100308875,23.238813700379],[72.6761122883268,23.2393677935069],[72.6771720008791,23.2393808001507],[72.678385201336,23.2393941664694],[72.678419931657,23.2390756734227],[72.6791861065689,23.2391393419231],[72.6791909191298,23.2396341160248],[72.6792295669575,23.2406445948187],[72.6792302144997,23.2406615418849],[72.6792313685518,23.2406916737565],[72.6792422748455,23.2409767434662],[72.6792556894154,23.2409888957268],[72.6793967860115,23.2411167088082],[72.6799313607501,23.2409704246993],[72.679970282949,23.2409271369907],[72.6803479337913,23.2405071067918],[72.6807682803876,23.240432537534],[72.6813789236188,23.2402501615617],[72.681683006736,23.2400352692167],[72.6821436341914,23.2401723610988],[72.682645653731,23.2406271519815],[72.6826501972492,23.2410865914972],[72.683248414593,23.2412029076301],[72.6851059985945,23.241564004025],[72.6850410883719,23.2417285558931],[72.6839476906692,23.2445002066214],[72.6837391981896,23.2450286704386],[72.683716248346,23.2450831303604],[72.6829779495513,23.2468350928697],[72.6828168065407,23.2472167876927],[72.6828167943202,23.2472168164021],[72.682187111229,23.2486679721282],[72.681469725339,23.2511769475875],[72.6812353519591,23.2520381603734],[72.6810228079553,23.2528188219009],[72.6810375904899,23.2541122515364],[72.6804998344391,23.2560131996362],[72.6810247334279,23.2570895380058],[72.680958064279,23.257628435315],[72.681167650241,23.2584302486225],[72.6811729646677,23.2584505761001],[72.6812052103939,23.2585739212378],[72.6812074543849,23.2585749050419],[72.6812497586341,23.2585736865173],[72.6822637498067,23.2585444732944],[72.686749263445,23.2584386862144],[72.6879828206595,23.2584095715241],[72.6882135381834,23.2584085227713],[72.6886679728368,23.2584064529648],[72.6893452267065,23.2584033667983],[72.690021201676,23.2584002841569],[72.6919651234853,23.2583914003717],[72.692126285542,23.2583906636684],[72.6922432632656,23.2583901284864],[72.6923572811244,23.2583896056727],[72.6933288975119,23.2583851558028],[72.6937212254695,23.2583833565779],[72.6951231442284,23.2583769210831],[72.6960146122831,23.2583728213292],[72.6961243659144,23.2583723162327],[72.6967809129444,23.2583692929763],[72.6967571345939,23.2575382544931],[72.6967505768589,23.2573091344176],[72.6967295202216,23.2565732143006],[72.6967184414204,23.2561860018549],[72.6966924223933,23.2552766666603],[72.696685935668,23.2550499445434],[72.696709833954,23.254224599741],[72.6967201200952,23.2538693613405],[72.696733987041,23.2533904670177],[72.6969185278252,23.2470171357034],[72.6969142271778,23.2464071481321],[72.6968433922856,23.2454807163285],[72.6968011603477,23.2449283756253],[72.6967175085311,23.2438342870106],[72.6965368535799,23.2414714102461],[72.6965104023304,23.2411254496495],[72.6964802729099,23.2410678480312],[72.6961826008573,23.2404987614498],[72.6953543715069,23.2389153340901],[72.6953092288417,23.2388290310172],[72.695005542078,23.2385682780584],[72.6947276343561,23.2379949770764],[72.6946155135787,23.2377157360553],[72.694516941927,23.2375041699249],[72.6946430670737,23.2374592565664],[72.6945735874198,23.2373847741212],[72.6945707805659,23.2373817653824],[72.6945178562209,23.2373250296145],[72.6946917545046,23.236533597143],[72.6948531903714,23.2365286519337],[72.6948533585038,23.2365286462759],[72.6949932061128,23.2365243627315],[72.6956397246365,23.2365415259222],[72.6956418592749,23.2365415825188],[72.695725530034,23.2365438031455],[72.6965030315131,23.2365644380898],[72.696581602043,23.2365665238767],[72.6974835559131,23.236590456058],[72.6974828653272,23.2363868185],[72.6974812904257,23.2359224151006],[72.69747979586,23.2354814959012],[72.6974165579636,23.2354853339232],[72.6974167750144,23.2354860069916],[72.6973636281655,23.2353347489769],[72.6972512562451,23.2349634876561],[72.6971324051013,23.2345708140931],[72.6970568098573,23.2343210524085],[72.6970567737654,23.2343209354166],[72.6969951617768,23.2341173697709],[72.6967479109651,23.2333004590406],[72.6965079512723,23.2325076309378],[72.6964104101456,23.2321853529722],[72.6963845423483,23.2318838091247],[72.696384328134,23.231881321445],[72.6963680134489,23.2316911323759],[72.6963391104231,23.2313542025314],[72.6963035602391,23.2309398006045],[72.6962234631239,23.2302930486373],[72.6962069801215,23.230159954522],[72.6961843311384,23.2299770656673],[72.6961676663331,23.22984250091],[72.6961665105604,23.2298331759689],[72.6961150724135,23.2294178187541],[72.6960469542946,23.2288677764602],[72.6960268090479,23.2287051030558],[72.6961410856288,23.2281393307461],[72.6962492254434,23.2276039309645],[72.6963794220097,23.2269593360521],[72.6963746222129,23.2268739417802],[72.6963614013306,23.226638735031],[72.6963607315955,23.2266268180185],[72.6963469599223,23.2263818139941],[72.6963418085358,23.2262901553649],[72.6963347479678,23.2261645446622],[72.6963225359891,23.2259472771322],[72.6963042670047,23.2256222504716],[72.6962829681909,23.2252433085576],[72.6962828677063,23.225241536669],[72.6962509352999,23.2246733998196],[72.6961849582117,23.2240403436024],[72.6961810256346,23.2240067527756],[72.6961645967568,23.2238664215647],[72.6961575154479,23.2238059322158],[72.6961572240534,23.2238034452089],[72.6961445497653,23.2236951809746],[72.6960845223341,23.223182424156],[72.6960026234912,23.2224828435949],[72.6959260227092,23.2218284966593],[72.695795615292,23.2207145170073],[72.6957460519607,23.2202911231369],[72.6957453346439,23.2202849960625],[72.6956797199809,23.2197244760247],[72.6956797097493,23.2197243892046],[72.6956794422239,23.2197221056796],[72.6956696630606,23.2196385766937],[72.6956664043712,23.2195907755318],[72.6956570685226,23.2194539356296],[72.6956570153001,23.2194531665555],[72.6956460963148,23.219293092121],[72.6956459076405,23.2192903123023],[72.6956426054238,23.219241917353],[72.6955900919335,23.2184720645644],[72.6955885318659,23.2184491933012],[72.695559679227,23.2180262294327],[72.6955596659253,23.2180260369386],[72.6955457320607,23.2178217752442],[72.6955054279728,23.2172309008013],[72.6955040416251,23.2172307450517],[72.6955039875213,23.2172267836179],[72.6954966167804,23.2172057131283],[72.6954887767527,23.2171833013998],[72.695384963044,23.2170283804126],[72.6953736398372,23.2170114834459],[72.6953722655049,23.2170094328672],[72.6950190201135,23.2164822833142],[72.6948894316542,23.2162888989017],[72.6948879497437,23.216286686041],[72.6948569510528,23.2162404262952],[72.6943919771524,23.2158057424582],[72.6942601813884,23.2156397905982],[72.6942121458664,23.2155793061807],[72.6941070798521,23.2154470068593],[72.6941023766712,23.2154410867319],[72.6938813827428,23.2151628161473],[72.6936477317291,23.2148375586899],[72.6936452466064,23.2148340996629],[72.6935149732958,23.2146527504901],[72.693209453627,23.2142274472063],[72.6931513005535,23.2141464935371],[72.6931457885228,23.2141388199902],[72.6931182769726,23.2141005233863],[72.6929182176768,23.2138220226543],[72.692829097368,23.2136979591948],[72.6927436843278,23.2135790555136],[72.6925680182528,23.2133345124295],[72.6922425009928,23.2128813575132],[72.6921911403486,23.212727835943],[72.692189527557,23.2127230129163],[72.6921716284624,23.2126695140154],[72.691962869553,23.2120455057568],[72.6917528645592,23.2114177729661],[72.6917268001687,23.2113284072965],[72.691449490022,23.2107009371941],[72.6913559366226,23.2104892496825],[72.6913392275918,23.2104514437132],[72.6913126289364,23.2104111361636],[72.69130897535,23.2104055979249],[72.6911733634665,23.2102000926239],[72.6908163780239,23.2096591117669],[72.6905672949781,23.2092816463964],[72.6905664696295,23.2092803965171],[72.6902978647048,23.208873341463],[72.6901076414742,23.2085850695241],[72.6896968405384,23.2079625168468],[72.6896370602635,23.2078824518702],[72.6896351402757,23.2078798804354],[72.6891461978564,23.2072250348503],[72.6890706498464,23.2071238513994],[72.6887538430013,23.2066995416672],[72.6887483991303,23.2066922517901],[72.6885264945146,23.2063950450878],[72.6882647017721,23.2060444137309]]]}}, {"type" : "Feature", "id" : 0, "properties" : {"fid": 0, "fid1": 7, "zone": "North Zone", "layer": "g_ward_boundary_new", "remarks": "", "ward_no": 2, "zone_id": 1, "no_of_sch": 0, "object_id": 0, "sector_no": "", "vill_name": "PETHAPUR", "ward_name": "Ward No - 2", "co1_f_path": "", "co2_f_path": "", "co3_f_path": "", "co4_f_path": "", "cor_1_cont": "", "cor_1_name": "", "cor_2_cont": "", "cor_2_name": "", "cor_3_cont": "", "cor_3_name": "", "cor_4_cont": "", "cor_4_name": "", "female_pop": 0, "govt_prima": 0, "male_popul": 0, "no_med_fac": 0, "no_of_inst": 0, "shape_area": 21851176, "shape_leng": 26277.848000000002, "total_hous": 0, "total_popu": 0, "z_offi_con": "", "zo_officer": ""}, "geometry" : {"type":"Polygon","coordinates":[[[72.6701320868055,23.2589360999075],[72.6693115918775,23.2588994978717],[72.6687839172101,23.2588759559215],[72.6635762519772,23.258643524258],[72.6631306423686,23.2586842262789],[72.6549601147096,23.2594303027029],[72.650432402252,23.2596315311206],[72.6489566710453,23.25973031818],[72.6498424137322,23.2600057099599],[72.6494493075368,23.2610414627017],[72.649222649773,23.2616527942277],[72.6490167828234,23.2620130671345],[72.6490198922061,23.2623284142355],[72.6487628435412,23.2630045330066],[72.6485078975244,23.2631072219865],[72.648046031553,23.2642511177614],[72.6483665569368,23.2645062067828],[72.6485916122335,23.2645184745661],[72.6489270154463,23.2647089174835],[72.649485707943,23.2647324523934],[72.6504260560825,23.264917327657],[72.6511406421706,23.2650182659396],[72.6507053152906,23.2664916340217],[72.6506836058166,23.2666495208256],[72.6503016855591,23.2672479477928],[72.650029500835,23.2687484830736],[72.6500570842744,23.2691854537129],[72.649946332043,23.2697527145051],[72.6498050505959,23.2703704286936],[72.649465786249,23.2713626796872],[72.6495727672435,23.2719852774471],[72.6494977518711,23.2722440009718],[72.6493300868932,23.2725465838693],[72.6492064832556,23.2725978932315],[72.6491325264039,23.2729641217925],[72.6490719623839,23.2731151983754],[72.6489965208164,23.2733309199077],[72.6487438877134,23.2736701203093],[72.6486127391322,23.2737430018644],[72.6486470135349,23.2740723963045],[72.6484821714141,23.2746616568174],[72.648317044558,23.2752222474795],[72.6482458402918,23.2758679866894],[72.6481324623411,23.2761700689624],[72.6477827902135,23.2761087726038],[72.6476115266154,23.2768342749981],[72.6476439650986,23.2769773285469],[72.6475478634316,23.2774584416787],[72.6472893194065,23.2795609252883],[72.6472444048035,23.2797261934428],[72.6471284807666,23.279770264452],[72.6473284673335,23.2803848412215],[72.6474379072716,23.2804698479075],[72.6475585654062,23.280905962634],[72.6471565606763,23.2810458394345],[72.6474133908677,23.281917929934],[72.6470496023714,23.2820001137588],[72.6464661977377,23.2821963531379],[72.6459980769704,23.2823538118707],[72.6458373631369,23.2823938402207],[72.6447721042689,23.2827703661607],[72.6446276112014,23.2828202803579],[72.6444330876403,23.283111848553],[72.6442591368064,23.2833199633943],[72.6442208389178,23.2832638804152],[72.6441410862615,23.2830804563245],[72.6437469272226,23.283158328204],[72.6432836206034,23.2832919612418],[72.6432684337333,23.2832956330343],[72.6431015480457,23.2833542298308],[72.6427332568317,23.2834835420299],[72.6427259731704,23.2834860993647],[72.6427339052598,23.283529118854],[72.6427603613254,23.283615254754],[72.6429112078914,23.2841063783604],[72.6429943469865,23.2843742794627],[72.6430539324794,23.2846013755125],[72.6430539718144,23.2846013616592],[72.6431547805651,23.2849856767599],[72.6431949570792,23.2851388446453],[72.6432156722102,23.2852178190979],[72.643219364376,23.2852168201387],[72.6435290458695,23.2851330158811],[72.6436160019171,23.28545558528],[72.6436251421538,23.2854911749341],[72.6436939074391,23.285758966307],[72.6437286830142,23.2858907264884],[72.6437822339386,23.2860807798455],[72.6438217469987,23.2862210070861],[72.6438591238085,23.2864142913005],[72.6438894192525,23.2866363807428],[72.643987658025,23.2866117609874],[72.6442352297303,23.286549722789],[72.6447587129337,23.2864185957953],[72.6447833974548,23.2864211413689],[72.6447981505,23.2864586813353],[72.6448184036297,23.2865102194213],[72.6449325906881,23.2868006456423],[72.6451030372967,23.2872341584688],[72.6451718973934,23.2874091960992],[72.6454069098711,23.2873427776761],[72.6456284387662,23.2872975542147],[72.6456495342103,23.2872932487109],[72.6459905810284,23.2872254359461],[72.6462634425215,23.2871172402032],[72.6468672785513,23.286935775063],[72.6470972531755,23.2868833266168],[72.6471861750801,23.2868630464448],[72.6471820898037,23.2868412704615],[72.6472746799484,23.2867927826951],[72.6476070171452,23.2867749491776],[72.64761222909,23.286774668963],[72.6476664466431,23.2867717637684],[72.6479063930854,23.2866983538625],[72.6479947316098,23.2866713305885],[72.6480756259983,23.2866465906951],[72.648261037855,23.2865408360622],[72.6486652699943,23.2863299597587],[72.6488361988377,23.2862408169328],[72.6490254889636,23.2864647111785],[72.6493280110349,23.2867917334571],[72.6494736508773,23.2868978508482],[72.6495293859915,23.2869384648838],[72.6495587752462,23.286959882562],[72.6496104412442,23.2869975313137],[72.6497242915013,23.2871526961085],[72.6499138548393,23.2873939631397],[72.650103230821,23.2876178900688],[72.650278340085,23.2879345674088],[72.6503555458841,23.2880741494838],[72.6502833128867,23.2880977148932],[72.6502385096713,23.2881123321539],[72.6496260019969,23.2883122713137],[72.649537798688,23.2883372788524],[72.6488199375164,23.2885409373992],[72.6485479967052,23.2886181388575],[72.6481366919799,23.288734956308],[72.6481755377483,23.2888721303695],[72.6481818576134,23.2888944472203],[72.6482181883748,23.2890226965341],[72.6484715073003,23.2899152825613],[72.6486366039359,23.2904954960132],[72.6489442736066,23.2906188867574],[72.6489474222961,23.2906422574313],[72.6489543793677,23.2906938927396],[72.6490914658055,23.2917070462135],[72.6491390231197,23.2920563292304],[72.6491909381783,23.2924361086642],[72.6492262247144,23.2926933321139],[72.6492291992041,23.2927149957129],[72.6492521954978,23.2928824198956],[72.6492021169005,23.292889469032],[72.6491629273695,23.2928949860077],[72.6490724459859,23.2929077397087],[72.6485392620392,23.2929828914785],[72.6485269261598,23.2930538269342],[72.648526568414,23.293055886237],[72.6485248789601,23.2930655947221],[72.6485142303095,23.2931268361015],[72.6484755900631,23.2933490547672],[72.6484524645916,23.2934820681526],[72.6483676220977,23.2939700650608],[72.6483530574635,23.2940538515924],[72.6483704337316,23.2940551847634],[72.6484288042022,23.2940596660917],[72.6487660547399,23.2940855573717],[72.6488033995332,23.294088428613],[72.6490736543819,23.2941092419408],[72.6492370978338,23.294121830319],[72.6494194464021,23.2941359072181],[72.6501128947568,23.2941896317887],[72.6501205418644,23.2941902248947],[72.6501942222638,23.2941959534077],[72.6508752942485,23.2941909181875],[72.6509403116427,23.2944928099303],[72.6509507482732,23.2945412545272],[72.6510306819929,23.2949122279435],[72.6510488829414,23.2949966701011],[72.6510652060901,23.295072393001],[72.6510986950264,23.295227727986],[72.6512140297987,23.2956489319579],[72.6513395104633,23.2961071883581],[72.651342876703,23.2961194769591],[72.6513911859546,23.2962958467812],[72.6515938245426,23.2963463557486],[72.6516454575643,23.2963592257125],[72.6519710974073,23.2964405463727],[72.6519787494663,23.2964404759231],[72.651984433737,23.2964438770019],[72.6520077550511,23.2964497008277],[72.6520295366914,23.2964592174553],[72.6522530816398,23.2965569439107],[72.6523045794373,23.2965794750643],[72.6534004610909,23.2970527621732],[72.6534127954961,23.2970579437476],[72.6534496696329,23.2970734368795],[72.6537739861769,23.2971872985796],[72.6540734851866,23.2972925060527],[72.6544677891031,23.297431146282],[72.6546491029655,23.2974948967522],[72.6546553131507,23.2974789606869],[72.6547472889465,23.297242930903],[72.6552629302928,23.2974938117145],[72.6552485721937,23.29753676191],[72.6550005324904,23.298278722922],[72.6549368216346,23.298469301466],[72.6550142568852,23.2985035706004],[72.6550313758227,23.2985111465111],[72.6553859609334,23.2986683304771],[72.6557303577003,23.2988209972364],[72.6559676903177,23.2989264407178],[72.6560064533514,23.2989436768421],[72.6560700138292,23.2989719448066],[72.6562198376149,23.2990380168462],[72.6563052412166,23.2990757439482],[72.6564927411998,23.2991585706028],[72.6567056602957,23.2992528921985],[72.6569130577314,23.2993459708971],[72.6569627711437,23.299368538056],[72.6570531630354,23.2994096552853],[72.6571577485836,23.2994625475367],[72.6572585710432,23.299512216496],[72.6577746704227,23.2997664686151],[72.6583330652227,23.3000627204496],[72.6583929025941,23.3000944663268],[72.6587105367581,23.3004935956004],[72.6588070419552,23.3006148598125],[72.6587663073774,23.300686952903],[72.6587564185015,23.3007044547023],[72.6586713721917,23.3008549872652],[72.6584268026225,23.301219016735],[72.6579796387755,23.3022839575882],[72.6578855840227,23.3024968468503],[72.6578524791452,23.302566251385],[72.6577793616529,23.302718687691],[72.6577318426081,23.3028041107015],[72.6576990481734,23.3028629265166],[72.6574693647622,23.3032758818865],[72.6573980155094,23.3034072877562],[72.6569652893237,23.3040493994357],[72.6569494037298,23.3040755287415],[72.6568328508855,23.3042236425],[72.6566373338323,23.3046262926256],[72.656556754942,23.3047921078399],[72.6565503606286,23.3048387775038],[72.6565443070836,23.3048829578616],[72.6565347654936,23.3049525970205],[72.656508268857,23.3051459939961],[72.6565523640882,23.3051717915242],[72.6565918772156,23.3051949078538],[72.6569449949277,23.3054014942296],[72.6574563403338,23.3054439621844],[72.6592469886178,23.3056869744938],[72.6603221786136,23.3059130045734],[72.6612417556086,23.3059044742793],[72.6627627905172,23.3060083502948],[72.6643514591236,23.306489177883],[72.6653521551788,23.306928261082],[72.6653522087995,23.3069277653458],[72.6654224166232,23.3062904179891],[72.6655217593531,23.3060062963836],[72.6661374072636,23.3062601619998],[72.6664224988412,23.3063489559994],[72.6668088433581,23.3066639529506],[72.6670596688131,23.3068386120704],[72.6667591663196,23.3074432008661],[72.667105782612,23.3076169697453],[72.6674717371486,23.3078082555607],[72.6680665240983,23.3078912103811],[72.6684283989493,23.3076754401702],[72.6684470259976,23.3076221664004],[72.6687155928652,23.3076550615887],[72.6687585190875,23.3062032867158],[72.6688289408543,23.3055831398772],[72.6700090965846,23.3057668243618],[72.6700733182246,23.3064388127677],[72.6710886857284,23.3064293297096],[72.6711374512341,23.3055615895176],[72.6696924530265,23.3047608976959],[72.6693454844146,23.3045517382326],[72.6697541707458,23.3032735472288],[72.6709658870126,23.3037401243794],[72.671038962492,23.3033854491046],[72.6715182542753,23.3034163705018],[72.6721295142209,23.3032336589334],[72.6723789161115,23.3032667275907],[72.6723505623656,23.3042581741991],[72.6734624111941,23.3043185737794],[72.6734224952002,23.3041596508346],[72.6733456859269,23.3041426691662],[72.6732220197477,23.3032765415987],[72.6735663198471,23.3032202204934],[72.6735455596861,23.3030611187991],[72.6750217471553,23.3031534966698],[72.6751259112086,23.3039844051057],[72.6758358074215,23.3040839513988],[72.6758223580179,23.3046504676157],[72.6758252107151,23.3049336366351],[72.6759226029113,23.3050920194537],[72.6757886796673,23.3051109745043],[72.6757340589907,23.3053946804852],[72.6762715453269,23.3054958416752],[72.67626869079,23.3052126734937],[72.6768029638376,23.3049952678377],[72.6774917456898,23.3049003078904],[72.6779226125981,23.3048785635528],[72.6778764396372,23.3041002129257],[72.6777545295053,23.303411069347],[72.6776356565296,23.3030227934516],[72.6768317616881,23.3031011332339],[72.6768101063157,23.3028535398791],[72.6761016417663,23.3028955816557],[72.6760554790964,23.3021172294121],[72.6760882648573,23.3015682331338],[72.6760854110029,23.3012850639687],[72.6769464107184,23.3011707938049],[72.6768268283963,23.3007117241006],[72.6759269842439,23.3007732587488],[72.6758682638785,23.3006499119629],[72.6752372416348,23.3007708729934],[72.675079885094,23.3003652527212],[72.6758744935182,23.2993666269827],[72.6777522205886,23.2993844186195],[72.6784801788884,23.2993775860645],[72.6788894414456,23.3000640290053],[72.6813017778954,23.2998997604409],[72.6813202177029,23.2998287879637],[72.6819661798889,23.2992917212569],[72.6825761504898,23.2989850870718],[72.6827653876008,23.2987532093205],[72.6834330018395,23.2984637264202],[72.6839493350995,23.2983703657678],[72.6842490636999,23.2995888148641],[72.6851086074421,23.2993329179459],[72.6849064478066,23.2982905452],[72.6857271292934,23.2979819118159],[72.6860894867302,23.2978191959344],[72.6867979203595,23.2977771100796],[72.6868398527162,23.2978009417174],[72.686811771727,23.2983757020576],[72.6868163404938,23.2988254647405],[72.6868189507469,23.2990824721011],[72.6868227026139,23.2994519203343],[72.687882167021,23.2993294643923],[72.6878600458212,23.2988638015717],[72.6878561268728,23.2984782907492],[72.6893481327134,23.298142897141],[72.6893294377868,23.2980145581206],[72.6894340851492,23.298045697307],[72.6895669083419,23.2991368277094],[72.6913020058338,23.2987669880038],[72.6912208372081,23.2976271778485],[72.6896063201457,23.2978834240523],[72.689414572771,23.2978370428605],[72.689461503887,23.2973225359262],[72.6890609546923,23.2972620640546],[72.688928954259,23.2962512479975],[72.6884595150799,23.2962556862742],[72.6882105540084,23.2957118448666],[72.6881902257891,23.2954228767825],[72.6895785319602,23.2951527196689],[72.6898463576247,23.2958409597872],[72.6911301807917,23.2955557143573],[72.691412129159,23.2959225275524],[72.692606395428,23.2953810865992],[72.6923382275118,23.2946607235005],[72.6920946554224,23.2946469668087],[72.6917179190851,23.293509956657],[72.6914976631153,23.2923714619315],[72.6912805208163,23.2915381623962],[72.6925854523858,23.2916221908532],[72.6928057152185,23.2927606820529],[72.693568736788,23.2925606746396],[72.6933509258037,23.2916631273171],[72.6941173863876,23.2918004400085],[72.6955363134824,23.2919797470924],[72.6976949728801,23.2922323327321],[72.6991391631668,23.2923310447642],[72.7002440107564,23.2923399672285],[72.7001721672915,23.2911321048474],[72.7005648919388,23.2905905576208],[72.7005021719498,23.2905902588865],[72.7007588625073,23.2865476371262],[72.700826694879,23.2834709431222],[72.7005479145583,23.280512330417],[72.7003814547372,23.2788152043194],[72.6997706829107,23.277397772412],[72.6993548872734,23.2756111933667],[72.6986389071522,23.2736208671991],[72.6972979670806,23.271973116512],[72.6952609383037,23.2694699018303],[72.6951165792709,23.2696372688867],[72.6930886672446,23.2683389944939],[72.6905541881757,23.2676084657371],[72.6886592662484,23.2669998465603],[72.6870983373083,23.2658957794039],[72.6854455743185,23.265284834699],[72.6836344238727,23.2633775512826],[72.682359593692,23.2618232207105],[72.6818592454281,23.2607350620458],[72.681765412457,23.2605309931947],[72.6816747749259,23.2602177143193],[72.6797064946453,23.2608504347441],[72.67790562614,23.2614765720363],[72.6759118638446,23.2622048419083],[72.6755915826339,23.2619784781394],[72.6748078487436,23.2619428073865],[72.6748251369614,23.261347736743],[72.6745666871614,23.2610992883761],[72.6742507833133,23.2605360045094],[72.6735533741562,23.2605998661507],[72.6729175043865,23.2606129762991],[72.672483850495,23.2606815355858],[72.6713356205786,23.2606492504557],[72.6712997137361,23.2601621898306],[72.6707656698533,23.2595005876137],[72.6706250684983,23.2594015530179],[72.6697687541074,23.2590869972795],[72.6701320868055,23.2589360999075]]]}}, {"type" : "Feature", "id" : 0, "properties" : {"fid": 0, "fid1": 8, "zone": "North Zone", "layer": "g_ward_boundary_new", "remarks": "", "ward_no": 1, "zone_id": 1, "no_of_sch": 0, "object_id": 0, "sector_no": "", "vill_name": "RANDHEJA", "ward_name": "Ward No - 1", "co1_f_path": "", "co2_f_path": "", "co3_f_path": "", "co4_f_path": "", "cor_1_cont": "", "cor_1_name": "", "cor_2_cont": "", "cor_2_name": "", "cor_3_cont": "", "cor_3_name": "", "cor_4_cont": "", "cor_4_name": "", "female_pop": 0, "govt_prima": 0, "male_popul": 0, "no_med_fac": 0, "no_of_inst": 0, "shape_area": 14164923, "shape_leng": 19981.914000000001, "total_hous": 0, "total_popu": 0, "z_offi_con": "", "zo_officer": ""}, "geometry" : {"type":"Polygon","coordinates":[[[72.6447721042689,23.2827703661607],[72.6441992242219,23.2826761548779],[72.644191918798,23.2825929014472],[72.6440542845279,23.2821889650229],[72.6441498169214,23.2820090579426],[72.6442808848557,23.2818281028925],[72.6442298816353,23.2817008657505],[72.6445811928063,23.2815785980825],[72.6449083856145,23.2811267255613],[72.6449110878925,23.2811229943076],[72.645052323029,23.2808446245216],[72.6450544914911,23.2808403508007],[72.6451326426385,23.2806863509653],[72.6452212534067,23.2805117792859],[72.6451322905486,23.2801495301373],[72.6450857847679,23.27996005419],[72.6450827938849,23.2799478641212],[72.6449284899775,23.279318876589],[72.6449389271252,23.2792524890608],[72.6449413368708,23.279237166171],[72.644968909255,23.2790617800411],[72.6450235341676,23.2787142671146],[72.6450267221011,23.2786939815622],[72.6450358753075,23.2786357440369],[72.6450794983307,23.2783581535541],[72.6450796734376,23.2783570322163],[72.6450900286865,23.2782911228103],[72.6450900472004,23.2782910147541],[72.6450903037169,23.2782893764401],[72.6451031383284,23.2782076829552],[72.6450545985509,23.2781963410321],[72.6447438937741,23.2781237303206],[72.6447137753347,23.278116691334],[72.6447087272114,23.2781155114233],[72.6446920908794,23.2781116233809],[72.6444808007318,23.2780622359343],[72.6444673692521,23.2780590965598],[72.6444668417674,23.2780589730816],[72.6444655495296,23.2780587704095],[72.6444625109295,23.2780582932446],[72.6443930637421,23.2780473810276],[72.6443140954176,23.2780349707034],[72.6437920868477,23.2779529146104],[72.6434385648015,23.2778973220427],[72.6433873359449,23.2782030475034],[72.6432987825129,23.2787310670063],[72.6430755109255,23.2787856463498],[72.6422672927486,23.2787266760867],[72.6421523451578,23.2787182837589],[72.642048629161,23.2787107093025],[72.6417382154904,23.2786854164124],[72.6417355251259,23.2786851972097],[72.6417090186642,23.2786830364293],[72.6416752208058,23.2786802812155],[72.6416407828922,23.2789648361241],[72.6415991663799,23.2793084938948],[72.641556228698,23.2796628911286],[72.6415216733212,23.2799481934911],[72.6404445883819,23.2800069138478],[72.640431867166,23.2800076062847],[72.6403102569061,23.2800142330033],[72.6396399355482,23.2800739800313],[72.6396396634541,23.2800740039225],[72.63966660536,23.2794792484636],[72.6396695426799,23.2794143131163],[72.6396660455437,23.2791062772473],[72.6396625530419,23.2788011899257],[72.6396620229188,23.278755107554],[72.6396211369859,23.2787546403105],[72.6390840189393,23.2787484844756],[72.6390332787229,23.2787479012445],[72.6388975533032,23.2787463419938],[72.638889945343,23.2788347190466],[72.6388686900101,23.2790814471271],[72.6388646388461,23.2791284562821],[72.6386269847106,23.2791481692447],[72.6384349109273,23.2791640993867],[72.6383693716815,23.2791695349312],[72.6381383401493,23.2791886950536],[72.6381377221505,23.2791831787799],[72.6380818139494,23.2786847841704],[72.6380761151315,23.2786340324464],[72.6380733408228,23.2786000253182],[72.6380454324858,23.2782583554261],[72.6380159444673,23.2778980527011],[72.6380108947515,23.2778364349396],[72.6378875735522,23.2778428887872],[72.6371999049045,23.2778788617728],[72.6371729066946,23.277880272359],[72.6371909305159,23.2775540205501],[72.6371924528983,23.2775264012249],[72.637218826913,23.2770466741677],[72.6363969751064,23.2770873410172],[72.6363253607748,23.2770908813697],[72.6355222112179,23.2770188794526],[72.6353581445627,23.277008861589],[72.6355075023421,23.2760628270532],[72.6351842581535,23.2760893311002],[72.6350941785501,23.276096715532],[72.6345593937426,23.2761520991216],[72.634536809178,23.2761544379889],[72.6338300331491,23.2761772637897],[72.6337558666203,23.2761796567838],[72.6326772735333,23.2762424862245],[72.6326564384332,23.2762398353789],[72.6325818640499,23.2760209360079],[72.6325528127935,23.2759356642703],[72.6325455964177,23.2759144835816],[72.6324796343785,23.2755381042459],[72.632509111258,23.2755419435968],[72.6331015388899,23.2756190619678],[72.6331034684851,23.2756186415],[72.6336588746415,23.2754976131651],[72.6336555965835,23.2754405324022],[72.6336158059863,23.2747546526995],[72.6335791315318,23.2741360129809],[72.6332235323618,23.2742272383706],[72.6332093701531,23.2742308714366],[72.6330076713695,23.2742826069424],[72.6329924784234,23.2742865042965],[72.6329365815581,23.2742968598177],[72.632497749449,23.2743781138809],[72.6323525075253,23.2743193996219],[72.6322356973695,23.2742721689268],[72.632217296514,23.2742647258197],[72.6322101926382,23.2737186772355],[72.6322070455429,23.273506967694],[72.6322061940023,23.273453005648],[72.6321628872748,23.2732373821463],[72.6320372940807,23.2726136979931],[72.6319161767742,23.2726147197956],[72.6318688673499,23.2726151142449],[72.6313172068397,23.2726196068197],[72.6313141341394,23.2726196317437],[72.6308619026357,23.2726232027331],[72.6307349187401,23.2724210359714],[72.6306784775437,23.2724111656793],[72.6305468050633,23.2723881078936],[72.6300440963401,23.2722996468556],[72.6300318982838,23.2722974900052],[72.6296549647674,23.2722305081895],[72.6296242944339,23.2722250235146],[72.6296595221499,23.2720119828122],[72.629760027325,23.2714041087652],[72.6297638048044,23.2713812695699],[72.6288801714329,23.2712064195855],[72.6288143400665,23.2711522527665],[72.6286665201816,23.271030886984],[72.6287095430505,23.2709368557304],[72.6287852858154,23.2707717223875],[72.6286013095948,23.2708040632467],[72.6284936972594,23.2708229801903],[72.6284501529949,23.2708306347316],[72.6284186655054,23.270854758538],[72.6283777420301,23.2708862453878],[72.6281805088673,23.2710379952602],[72.6281488853265,23.2710624572956],[72.6278500940064,23.2715773961085],[72.6276344789988,23.2716787666823],[72.6274621328016,23.2717597945189],[72.6273998042097,23.2718076388759],[72.62733050736,23.2718608314926],[72.6270583570119,23.2720736976653],[72.6270002946543,23.2722385891399],[72.6268955364459,23.2725360936123],[72.6268861662573,23.2725536273373],[72.6266422211913,23.2730019897768],[72.6265948699339,23.2730197920411],[72.6262795327601,23.2731373858666],[72.6255085742808,23.2734184135293],[72.6256338814871,23.2735494550945],[72.6257364003979,23.2736566668393],[72.6258770149687,23.2740840614373],[72.6257495041852,23.2741116812237],[72.6257492658315,23.2741117317826],[72.6257391080516,23.2741139297713],[72.6256883402988,23.2741139738611],[72.6248517997159,23.2741137392292],[72.6247773379548,23.2741135145418],[72.6242483067163,23.2741107329729],[72.6241173496287,23.2741688310832],[72.6240221961626,23.2742110444788],[72.6239454926089,23.2742450737556],[72.6237717551542,23.2743221498909],[72.6237637174016,23.2743237668783],[72.6236028799059,23.2743558498013],[72.6232475781148,23.2744226852116],[72.6231290615395,23.2744440375021],[72.6220011822777,23.2746999044764],[72.6218888629905,23.2746794844773],[72.6218407684711,23.274670740502],[72.6218079733072,23.2746647779015],[72.6217859369823,23.2746607984042],[72.6216897548976,23.2747016152722],[72.6216675370622,23.2747110437212],[72.6216144748996,23.2747213099128],[72.6213646333214,23.2747696495537],[72.6212567624106,23.2747962462386],[72.6211146365437,23.2748311696419],[72.6210043263495,23.2748866441073],[72.620900213039,23.2748942995447],[72.6208378354532,23.2748988865614],[72.6207386586144,23.274923109542],[72.620649887103,23.2749447918995],[72.620591432413,23.2749608990359],[72.6199767225172,23.2751302828381],[72.6195507049414,23.2752664068995],[72.6194336281857,23.2753036642539],[72.6191670267797,23.2754049345962],[72.6192482382935,23.2754813339328],[72.619490227007,23.2757089819618],[72.61951759018,23.2758656248797],[72.6195242259505,23.2759036213049],[72.6195281195245,23.2759259102869],[72.6195558750275,23.2760334546003],[72.6195655848664,23.2760710787898],[72.6195755187174,23.2761095694298],[72.6195842448948,23.2761433807227],[72.6195201413215,23.2764948217155],[72.6194231709386,23.2765773295995],[72.6190872955145,23.276863112335],[72.6190816019271,23.2768676390801],[72.6191589650702,23.2772506783053],[72.6191312090353,23.2772832244575],[72.6190714485831,23.2773533393806],[72.6189032700652,23.2775506558018],[72.6186965434445,23.2775687523813],[72.6185380533539,23.2775837497136],[72.6184066034238,23.2776297939631],[72.6183467897788,23.2776507454698],[72.6181360853556,23.2777245514758],[72.6180178021222,23.27776598355],[72.6178040982156,23.2778073962916],[72.6173643777004,23.2778924983989],[72.6173025305828,23.2779076101601],[72.616692131633,23.2780564151627],[72.6165106500788,23.2781005482588],[72.6161446480588,23.2781752305456],[72.6156634132883,23.2782742250409],[72.6155697561179,23.2782815138832],[72.6155313334698,23.2782845038263],[72.6154011530385,23.2782946353361],[72.6152970496699,23.2783127708768],[72.615320622601,23.2783827880206],[72.6153329580562,23.2784194267671],[72.6153333440679,23.2784216751199],[72.6152356349462,23.2784406643538],[72.6147303577833,23.2785388614878],[72.6146875576176,23.2785365594052],[72.6145365767677,23.2785284366779],[72.6144871796815,23.2785242557475],[72.6142456622201,23.2785810208668],[72.6141395973412,23.2786059498182],[72.6140287867164,23.2786319945461],[72.6136595641365,23.2787197318646],[72.6135172782073,23.2787391954913],[72.613427700986,23.2787514489503],[72.6132015582068,23.2787826280205],[72.6131082175298,23.2788509510508],[72.6130733724179,23.2788764575486],[72.6130532131118,23.2788912134668],[72.6129410605203,23.2789733071205],[72.6127448575144,23.27902622939],[72.6126152340901,23.2790611931711],[72.612563039843,23.2790752718043],[72.6123909108411,23.2791750635485],[72.6121052068164,23.2793414746177],[72.6120790983059,23.2793584599376],[72.6116044200713,23.27967033126],[72.6114165127112,23.2798053676004],[72.611365667454,23.2798419064873],[72.6111308689823,23.2800106391317],[72.6110857491259,23.2801168776564],[72.6110216461282,23.2802678155977],[72.6109132465941,23.280537201807],[72.6108975858214,23.2805715104047],[72.6108374750912,23.280703355001],[72.6107680797319,23.2808558822894],[72.6107440548814,23.2809070986925],[72.6107159055014,23.2809671066109],[72.6106472868161,23.2811133894673],[72.6105175420183,23.2814436893941],[72.6104363605262,23.2814516011148],[72.6104116765718,23.2814540064349],[72.6104081591465,23.2814543545715],[72.6103820129491,23.2814569407294],[72.6103659765342,23.2814585262889],[72.6103318749509,23.2815077817209],[72.6102895398561,23.2815689284356],[72.6102565899728,23.2817381179624],[72.610194425284,23.2819991468971],[72.6101051627763,23.2822597149825],[72.6098885136995,23.2822272357372],[72.609768233451,23.2821791067498],[72.6094358577495,23.2821372761289],[72.6091533537095,23.282150591503],[72.6090364381238,23.2821526421756],[72.6088805016025,23.282155224458],[72.6088320851373,23.2823375269491],[72.6089664508675,23.2824408590005],[72.609381111386,23.2828235989307],[72.609488179337,23.2829226253233],[72.6095630389115,23.2830291158863],[72.6095172085898,23.2830770611312],[72.6094568775209,23.2831406153503],[72.6094185637753,23.2831809754344],[72.6093343520764,23.2832801146804],[72.6092627652654,23.2833631206866],[72.609172903252,23.2834686384082],[72.6091722119318,23.2834774677724],[72.6091233925445,23.2834847355277],[72.6089807679158,23.2835059480609],[72.6088174518056,23.2835370119229],[72.6084844798784,23.283598925979],[72.6084363795621,23.2836076768946],[72.6082606535162,23.2836423280752],[72.6082551832,23.2836434028929],[72.6079017065206,23.2837129499938],[72.6078705946583,23.283758112098],[72.6077719200254,23.2839094074257],[72.607615483145,23.2840328494707],[72.6075439604626,23.2840893385824],[72.6070094077275,23.2843539901755],[72.6069714609609,23.2843725118341],[72.6068911039803,23.2844132325841],[72.6063465785039,23.2846884986349],[72.6058720986045,23.2848310502445],[72.605772865967,23.2848608638484],[72.6057525163984,23.2848628362367],[72.6051333733831,23.2849282434517],[72.6050905373283,23.2849327133292],[72.6049424779825,23.2849006480579],[72.6048369060854,23.2848778051961],[72.6047190383556,23.2848523423938],[72.6045977916054,23.2848913918908],[72.6045685515312,23.2849008097391],[72.6043082524189,23.2849974527021],[72.6042976797162,23.2849923070044],[72.6042948505741,23.2850375022691],[72.604289030378,23.2851304948023],[72.6042836327778,23.2852167492286],[72.6040844502399,23.2856410074389],[72.6043576341933,23.2858732858362],[72.6046305202791,23.286074271212],[72.6046669266165,23.286339954297],[72.6046866959937,23.2866370811338],[72.6046373843902,23.2867939958435],[72.604571587378,23.2869979997039],[72.6045558475879,23.2871233203895],[72.6045588305757,23.2874362437304],[72.6047957629082,23.2874184848917],[72.6048660368369,23.2876838655899],[72.6050077818338,23.2883397974183],[72.6050777585667,23.2885738872712],[72.6050306865155,23.2889654939311],[72.6051201367647,23.2894654170979],[72.6051054415372,23.2897002610443],[72.605005923592,23.2899202136116],[72.6047045328538,23.2902827928567],[72.6047058757981,23.2904236086511],[72.6051296167012,23.2904589488475],[72.6056042381528,23.2905016578831],[72.6066712749765,23.2905077825717],[72.6070266057216,23.2904733150501],[72.607534946112,23.2905000691755],[72.6075577147887,23.2911101198822],[72.6074742368298,23.2912360448654],[72.6075611545932,23.2914699808025],[72.607580185013,23.2916888761196],[72.6075840743207,23.2920956760018],[72.6079902132389,23.2920607523477],[72.6082781061685,23.2920581789798],[72.6083143720171,23.2923082145563],[72.6086598070621,23.2930092637126],[72.6087049413581,23.2929939181472],[72.6087779776119,23.2929690884963],[72.608983744808,23.2932332557539],[72.609029378169,23.2935770916793],[72.6089797704322,23.2937027161045],[72.6089470984676,23.293828188064],[72.6089995509392,23.2939998412503],[72.6089848622321,23.2942346841691],[72.6089698737477,23.2944382353138],[72.6089728704673,23.2947511592471],[72.6089752668507,23.2950014969274],[72.6089778134815,23.2952674827445],[72.609047951155,23.2955172142532],[72.6092872919103,23.2957497865316],[72.6096104138401,23.2958877225625],[72.6098307231435,23.295901398834],[72.610067818219,23.2958992768152],[72.6105781294157,23.2961294207396],[72.6108676825126,23.2962989495363],[72.61117372089,23.2964213879398],[72.611310555025,23.2965609900031],[72.6114475400663,23.2967162365206],[72.6114995467581,23.29684095103],[72.6116209466007,23.2971371654623],[72.6118094897943,23.2973701871684],[72.6120314533853,23.2975559686425],[72.6121348688079,23.2977428101754],[72.6121874781703,23.2979301090572],[72.612392207354,23.2980847483721],[72.6127343763924,23.2984415721649],[72.6128040721072,23.298644363548],[72.6129085416174,23.2989407283227],[72.61290974365,23.2990658973873],[72.6131469945363,23.2990794175201],[72.6135894293951,23.2992945116802],[72.6138120000943,23.2995428738126],[72.6140011528423,23.2998384770875],[72.6142436708212,23.3003996086742],[72.6144338770315,23.3008047352345],[72.6146582579003,23.3012408493068],[72.614729238644,23.30157663115],[72.6148166283165,23.3018574999203],[72.6149380402394,23.3021537117023],[72.6151958467722,23.3025425828404],[72.615299119044,23.3027137755747],[72.6155729606028,23.3030086158464],[72.6157781534839,23.3032101898418],[72.6160513938242,23.3034424439015],[72.6162736753884,23.3036595106158],[72.6164443954414,23.3037988010418],[72.6165984798732,23.3039695381401],[72.6165189238268,23.3045022665815],[72.6165559620098,23.3048305297665],[72.6166108404456,23.3052525171574],[72.6165645536585,23.3057223572539],[72.6165829972764,23.3058786651927],[72.6164660980205,23.3060518383647],[72.6166430017277,23.3068326195654],[72.6168005584394,23.3073632144607],[72.61727614786,23.3074997625213],[72.6176673533243,23.3076683628264],[72.6180091089073,23.3079782351244],[72.6181636536427,23.3081959067385],[72.6183036766254,23.3086640692949],[72.6186424156896,23.3086610180237],[72.6189521145717,23.3091589457541],[72.6192435182003,23.3095162106484],[72.6195187414219,23.309951857833],[72.6196915886758,23.3103101897622],[72.6196141563862,23.3110619642925],[72.6195858483513,23.3112574894758],[72.6197399826909,23.3112132654466],[72.6201684820623,23.3110210886033],[72.6205405630561,23.3108503448853],[72.621172793203,23.3106458659199],[72.6215785394548,23.3104434288586],[72.6222116777781,23.3103330939112],[72.6225043828948,23.3101526003455],[72.6229323678653,23.3099081118443],[72.6235975497173,23.3095987075384],[72.6240266465986,23.3094692864493],[72.6244211623272,23.3092774069247],[72.6248396433446,23.3092213118289],[72.6253473979578,23.3090284037327],[72.6257132439748,23.3088001648789],[72.6261302005331,23.3085871528287],[72.626627336064,23.3084675696738],[72.6270228611232,23.3083802928639],[72.6276000764951,23.3083436753669],[72.6285397571655,23.3083142310583],[72.6290389254779,23.3084038581106],[72.6294241422971,23.3084212854464],[72.6298785250754,23.308563625127],[72.6301795258171,23.3086550474148],[72.6308033612282,23.3087539996565],[72.631212042729,23.3088549023309],[72.6313148748824,23.3089481247449],[72.6315875682151,23.3090398008077],[72.6323258709151,23.3092632476894],[72.6332340342453,23.3094851422876],[72.6339600984921,23.309614536127],[72.6344092860864,23.3098039864512],[72.6348631668895,23.3098940077358],[72.6352709332758,23.3099007547251],[72.6355088402986,23.3099090468341],[72.6361619500115,23.3095264686249],[72.6363864852258,23.3093256467062],[72.6370739694439,23.3089845978586],[72.6374011352153,23.3088560709372],[72.6374483766346,23.3090544131738],[72.6381377015463,23.3089016552928],[72.6384080411296,23.3087527199163],[72.6385548419725,23.3087095325746],[72.6389725958271,23.3085801745904],[72.6389804932269,23.3085928684],[72.6390536776426,23.308383697634],[72.6389784178217,23.3080944687596],[72.6392421992877,23.3079136469849],[72.639579926431,23.3078882588569],[72.6399145904848,23.3075506796902],[72.6405621825972,23.3071210320702],[72.6410188510833,23.3069161424932],[72.6415962120628,23.3067101457207],[72.6420302707273,23.3066615686045],[72.6421241973067,23.3063930938703],[72.6427050597882,23.3065438820194],[72.6431380222552,23.3063838053439],[72.643152436219,23.3063768350963],[72.6436638376752,23.3061295353643],[72.644234922502,23.3059478912178],[72.6442754248371,23.3057515113221],[72.6451836390291,23.3053315646065],[72.6457153783548,23.3054638889318],[72.6462662080761,23.3053804280676],[72.6468388316503,23.3053555671192],[72.6473275600797,23.3054294792319],[72.6482814827852,23.3053423060353],[72.6489171706967,23.3052580571184],[72.6495112027797,23.3052525896542],[72.6499133272684,23.3051508842399],[72.6502315573397,23.3051479537455],[72.6505065827022,23.3050670179446],[72.650804373728,23.3051426777964],[72.6513133501788,23.3051183872464],[72.651673623037,23.3050758657552],[72.6520545292884,23.3049743504091],[72.6523301356841,23.3049522075879],[72.6527556064475,23.3050658888393],[72.6530314065515,23.3050633435549],[72.6534767351495,23.3050396328214],[72.6538161802148,23.3050364989912],[72.6543259314536,23.3050905945897],[72.6547940299939,23.305223475208],[72.6552821772955,23.3052385672575],[72.6556000197331,23.3051964282602],[72.6564075645675,23.3053261666801],[72.6565523640882,23.3051717915242],[72.656508268857,23.3051459939961],[72.6565347654936,23.3049525970205],[72.6565443070836,23.3048829578616],[72.6565503606286,23.3048387775038],[72.656556754942,23.3047921078399],[72.6566373338323,23.3046262926256],[72.6568328508855,23.3042236425],[72.6569494037298,23.3040755287415],[72.6569652893237,23.3040493994357],[72.6573980155094,23.3034072877562],[72.6574693647622,23.3032758818865],[72.6576990481734,23.3028629265166],[72.6577318426081,23.3028041107015],[72.6577793616529,23.302718687691],[72.6578524791452,23.302566251385],[72.6578855840227,23.3024968468503],[72.6579796387755,23.3022839575882],[72.6584268026225,23.301219016735],[72.6586713721917,23.3008549872652],[72.6587564185015,23.3007044547023],[72.6587663073774,23.300686952903],[72.6588070419552,23.3006148598125],[72.6587105367581,23.3004935956004],[72.6583929025941,23.3000944663268],[72.6583330652227,23.3000627204496],[72.6577746704227,23.2997664686151],[72.6572585710432,23.299512216496],[72.6571577485836,23.2994625475367],[72.6570531630354,23.2994096552853],[72.6569627711437,23.299368538056],[72.6569130577314,23.2993459708971],[72.6567056602957,23.2992528921985],[72.6564927411998,23.2991585706028],[72.6563052412166,23.2990757439482],[72.6562198376149,23.2990380168462],[72.6560700138292,23.2989719448066],[72.6560064533514,23.2989436768421],[72.6559676903177,23.2989264407178],[72.6557303577003,23.2988209972364],[72.6553859609334,23.2986683304771],[72.6550313758227,23.2985111465111],[72.6550142568852,23.2985035706004],[72.6549368216346,23.298469301466],[72.6550005324904,23.298278722922],[72.6552485721937,23.29753676191],[72.6552629302928,23.2974938117145],[72.6547472889465,23.297242930903],[72.6546553131507,23.2974789606869],[72.6546491029655,23.2974948967522],[72.6544677891031,23.297431146282],[72.6540734851866,23.2972925060527],[72.6537739861769,23.2971872985796],[72.6534496696329,23.2970734368795],[72.6534127954961,23.2970579437476],[72.6534004610909,23.2970527621732],[72.6523045794373,23.2965794750643],[72.6522530816398,23.2965569439107],[72.6520295366914,23.2964592174553],[72.6520077550511,23.2964497008277],[72.651984433737,23.2964438770019],[72.6519787494663,23.2964404759231],[72.6519710974073,23.2964405463727],[72.6516454575643,23.2963592257125],[72.6515938245426,23.2963463557486],[72.6513911859546,23.2962958467812],[72.651342876703,23.2961194769591],[72.6513395104633,23.2961071883581],[72.6512140297987,23.2956489319579],[72.6510986950264,23.295227727986],[72.6510652060901,23.295072393001],[72.6510488829414,23.2949966701011],[72.6510306819929,23.2949122279435],[72.6509507482732,23.2945412545272],[72.6509403116427,23.2944928099303],[72.6508752942485,23.2941909181875],[72.6501942222638,23.2941959534077],[72.6501205418644,23.2941902248947],[72.6501128947568,23.2941896317887],[72.6494194464021,23.2941359072181],[72.6492370978338,23.294121830319],[72.6490736543819,23.2941092419408],[72.6488033995332,23.294088428613],[72.6487660547399,23.2940855573717],[72.6484288042022,23.2940596660917],[72.6483704337316,23.2940551847634],[72.6483530574635,23.2940538515924],[72.6483676220977,23.2939700650608],[72.6484524645916,23.2934820681526],[72.6484755900631,23.2933490547672],[72.6485142303095,23.2931268361015],[72.6485248789601,23.2930655947221],[72.648526568414,23.293055886237],[72.6485269261598,23.2930538269342],[72.6485392620392,23.2929828914785],[72.6490724459859,23.2929077397087],[72.6491629273695,23.2928949860077],[72.6492021169005,23.292889469032],[72.6492521954978,23.2928824198956],[72.6492291992041,23.2927149957129],[72.6492262247144,23.2926933321139],[72.6491909381783,23.2924361086642],[72.6491390231197,23.2920563292304],[72.6490914658055,23.2917070462135],[72.6489543793677,23.2906938927396],[72.6489474222961,23.2906422574313],[72.6489442736066,23.2906188867574],[72.6486366039359,23.2904954960132],[72.6484715073003,23.2899152825613],[72.6482181883748,23.2890226965341],[72.6481818576134,23.2888944472203],[72.6481755377483,23.2888721303695],[72.6481366919799,23.288734956308],[72.6485479967052,23.2886181388575],[72.6488199375164,23.2885409373992],[72.649537798688,23.2883372788524],[72.6496260019969,23.2883122713137],[72.6502385096713,23.2881123321539],[72.6502833128867,23.2880977148932],[72.6503555458841,23.2880741494838],[72.650278340085,23.2879345674088],[72.650103230821,23.2876178900688],[72.6499138548393,23.2873939631397],[72.6497242915013,23.2871526961085],[72.6496104412442,23.2869975313137],[72.6495587752462,23.286959882562],[72.6495293859915,23.2869384648838],[72.6494736508773,23.2868978508482],[72.6493280110349,23.2867917334571],[72.6490254889636,23.2864647111785],[72.6488361988377,23.2862408169328],[72.6486652699943,23.2863299597587],[72.648261037855,23.2865408360622],[72.6480756259983,23.2866465906951],[72.6479947316098,23.2866713305885],[72.6479063930854,23.2866983538625],[72.6476664466431,23.2867717637684],[72.64761222909,23.286774668963],[72.6476070171452,23.2867749491776],[72.6472746799484,23.2867927826951],[72.6471820898037,23.2868412704615],[72.6471861750801,23.2868630464448],[72.6470972531755,23.2868833266168],[72.6468672785513,23.286935775063],[72.6462634425215,23.2871172402032],[72.6459905810284,23.2872254359461],[72.6456495342103,23.2872932487109],[72.6456284387662,23.2872975542147],[72.6454069098711,23.2873427776761],[72.6451718973934,23.2874091960992],[72.6451030372967,23.2872341584688],[72.6449325906881,23.2868006456423],[72.6448184036297,23.2865102194213],[72.6447981505,23.2864586813353],[72.6447833974548,23.2864211413689],[72.6447587129337,23.2864185957953],[72.6442352297303,23.286549722789],[72.643987658025,23.2866117609874],[72.6438894192525,23.2866363807428],[72.6438591238085,23.2864142913005],[72.6438217469987,23.2862210070861],[72.6437822339386,23.2860807798455],[72.6437286830142,23.2858907264884],[72.6436939074391,23.285758966307],[72.6436251421538,23.2854911749341],[72.6436160019171,23.28545558528],[72.6435290458695,23.2851330158811],[72.643219364376,23.2852168201387],[72.6432156722102,23.2852178190979],[72.6431949570792,23.2851388446453],[72.6431547805651,23.2849856767599],[72.6430539718144,23.2846013616592],[72.6430539324794,23.2846013755125],[72.6429943469865,23.2843742794627],[72.6429112078914,23.2841063783604],[72.6427603613254,23.283615254754],[72.6427339052598,23.283529118854],[72.6427259731704,23.2834860993647],[72.6427332568317,23.2834835420299],[72.6431015480457,23.2833542298308],[72.6432684337333,23.2832956330343],[72.6432836206034,23.2832919612418],[72.6437469272226,23.283158328204],[72.6441410862615,23.2830804563245],[72.6442208389178,23.2832638804152],[72.6442591368064,23.2833199633943],[72.6444330876403,23.283111848553],[72.6446276112014,23.2828202803579],[72.6447721042689,23.2827703661607]]]}}, {"type" : "Feature", "id" : 0, "properties" : {"fid": 0, "fid1": 9, "zone": "Central Zone", "layer": "g_ward_boundary_new", "remarks": "", "ward_no": 6, "zone_id": 2, "no_of_sch": 0, "object_id": 0, "sector_no": "14", "vill_name": "", "ward_name": "Ward No - 6", "co1_f_path": "", "co2_f_path": "", "co3_f_path": "", "co4_f_path": "", "cor_1_cont": "", "cor_1_name": "", "cor_2_cont": "", "cor_2_name": "", "cor_3_cont": "", "cor_3_name": "", "cor_4_cont": "", "cor_4_name": "", "female_pop": 0, "govt_prima": 0, "male_popul": 0, "no_med_fac": 0, "no_of_inst": 0, "shape_area": 899018.90000000002, "shape_leng": 4826.1787000000004, "total_hous": 0, "total_popu": 0, "z_offi_con": "", "zo_officer": ""}, "geometry" : {"type":"Polygon","coordinates":[[[72.6379863930069,23.2405757219965],[72.6332200780954,23.233012185117],[72.6330830688159,23.2327947553283],[72.632987633549,23.2328745262618],[72.6328754787336,23.2329343617841],[72.6327209301105,23.2330168104171],[72.631912801283,23.2334479130166],[72.6317157600339,23.2335530162648],[72.6314358860028,23.2337022937405],[72.6313252469224,23.2337613022953],[72.6312510976307,23.2338008481605],[72.6312140643785,23.233820599585],[72.631131214905,23.2338647844883],[72.631048824972,23.2339087225925],[72.631015886339,23.2339262886938],[72.6307688396218,23.2340580268846],[72.6303800507759,23.2342653207292],[72.6302855018934,23.2343157266648],[72.6301799619241,23.2343719882685],[72.6300399270411,23.2344466308759],[72.6300368225148,23.2344482857778],[72.6298998870313,23.2345212786864],[72.6296558097254,23.2346514257383],[72.6293927918448,23.2347917380186],[72.6293042759106,23.2348389762236],[72.6277551005697,23.2356671906337],[72.6271038601923,23.2360161950115],[72.6268113864089,23.2361730018458],[72.6267310264586,23.2362135303636],[72.6263695309902,23.235701203423],[72.6260689794851,23.2352753182045],[72.6258953101366,23.2350292504531],[72.6259004163294,23.2350213624039],[72.6258824664747,23.2350110530771],[72.6251916813909,23.2340836774372],[72.6251323756212,23.2340040701021],[72.6245940390335,23.233281548498],[72.6244131341851,23.2330387834],[72.6243611447968,23.2329690193434],[72.6243695248401,23.2334898034904],[72.6243747066614,23.2338108850186],[72.624375647888,23.2338690545109],[72.6243994888038,23.2353352546276],[72.6244042620128,23.2356270455619],[72.6244131017269,23.2361656339291],[72.6244136617876,23.2361996501003],[72.6244146687734,23.2362608322467],[72.6244294292876,23.2372301458099],[72.6244306018419,23.2373068537451],[72.6244301806578,23.2373078539733],[72.6244364614057,23.2375809783212],[72.6244368608438,23.2375983592531],[72.6244372833143,23.2376166460209],[72.6244436411986,23.2378925286161],[72.624447475841,23.2380585878611],[72.6244479198046,23.2380778120381],[72.6244484046429,23.2380987548223],[72.6244495804167,23.2381496324808],[72.6244526732179,23.2383748360122],[72.6244561771762,23.2386292768455],[72.6244437846837,23.2387482499279],[72.6244415209965,23.2387699880122],[72.6244365121967,23.2388180854471],[72.6244383076233,23.2389735152042],[72.6256294076794,23.2383224803352],[72.6270493947461,23.2375468788489],[72.6281000857536,23.2392425013002],[72.6289891530842,23.2406962677174],[72.6293197425394,23.241236824575],[72.6311778980907,23.2442750709325],[72.6379863930069,23.2405757219965]]]}}, {"type" : "Feature", "id" : 0, "properties" : {"fid": 0, "fid1": 10, "zone": "Central Zone", "layer": "g_ward_boundary_new", "remarks": "", "ward_no": 5, "zone_id": 2, "no_of_sch": 0, "object_id": 0, "sector_no": "18", "vill_name": "", "ward_name": "Ward No - 5", "co1_f_path": "", "co2_f_path": "", "co3_f_path": "", "co4_f_path": "", "cor_1_cont": "", "cor_1_name": "", "cor_2_cont": "", "cor_2_name": "", "cor_3_cont": "", "cor_3_name": "", "cor_4_cont": "", "cor_4_name": "", "female_pop": 0, "govt_prima": 0, "male_popul": 0, "no_med_fac": 0, "no_of_inst": 0, "shape_area": 1010610.6, "shape_leng": 3989.9301999999998, "total_hous": 0, "total_popu": 0, "z_offi_con": "", "zo_officer": ""}, "geometry" : {"type":"Polygon","coordinates":[[[72.6652480346216,23.2093256316713],[72.6651988161793,23.2093881508787],[72.6646331117084,23.2096850325778],[72.664300059491,23.2098598166017],[72.6575602605521,23.2133965710339],[72.6581214714889,23.2142767688149],[72.6627862255289,23.2215924408967],[72.6704127462262,23.2175816112347],[72.6708262611323,23.2173641232922],[72.6709815233421,23.2172824627087],[72.6708732484183,23.2171114058079],[72.6708694787457,23.2171054501312],[72.6707503685521,23.2169172752561],[72.6705765580143,23.2165898900431],[72.6698346835208,23.2152851264541],[72.6690854273682,23.2140162643203],[72.668362807081,23.2130840293021],[72.6674197631673,23.2118169616818],[72.6662117113622,23.2104225731435],[72.6661129336247,23.2102896796532],[72.6659918052508,23.21017022017],[72.6655361385334,23.2096527895663],[72.6652480346216,23.2093256316713]]]}}, {"type" : "Feature", "id" : 0, "properties" : {"fid": 0, "fid1": 11, "zone": "North Zone", "layer": "g_ward_boundary_new", "remarks": "", "ward_no": 3, "zone_id": 1, "no_of_sch": 0, "object_id": 0, "sector_no": "27", "vill_name": "", "ward_name": "Ward No - 3", "co1_f_path": "", "co2_f_path": "", "co3_f_path": "", "co4_f_path": "", "cor_1_cont": "", "cor_1_name": "", "cor_2_cont": "", "cor_2_name": "", "cor_3_cont": "", "cor_3_name": "", "cor_4_cont": "", "cor_4_name": "", "female_pop": 0, "govt_prima": 0, "male_popul": 0, "no_med_fac": 0, "no_of_inst": 0, "shape_area": 829759.69999999995, "shape_leng": 3688.6042000000002, "total_hous": 0, "total_popu": 0, "z_offi_con": "", "zo_officer": ""}, "geometry" : {"type":"Polygon","coordinates":[[[72.649669918592,23.2452103413393],[72.6430882279659,23.2487464814352],[72.6444062523828,23.2508600759004],[72.6446179714043,23.2511801164195],[72.6450220697784,23.2518133117853],[72.6455619810337,23.2526688911804],[72.6482089693269,23.2568633172168],[72.6483062143904,23.257020440237],[72.6487648839704,23.2567856895828],[72.6502864563868,23.2560070894394],[72.6515223881823,23.2553746353306],[72.6529916146746,23.2546227784517],[72.6534399928572,23.2543933218643],[72.6535356726477,23.2543443105311],[72.6548980601021,23.2536461069055],[72.6547866817484,23.2534384584374],[72.6537319626672,23.2517424840761],[72.6532888654103,23.25102997503],[72.649669918592,23.2452103413393]]]}}, {"type" : "Feature", "id" : 0, "properties" : {"fid": 0, "fid1": 12, "zone": "North Zone", "layer": "g_ward_boundary_new", "remarks": "", "ward_no": 1, "zone_id": 1, "no_of_sch": 0, "object_id": 0, "sector_no": "25,GIDC(25,26)", "vill_name": "", "ward_name": "Ward No - 1", "co1_f_path": "", "co2_f_path": "", "co3_f_path": "", "co4_f_path": "", "cor_1_cont": "", "cor_1_name": "", "cor_2_cont": "", "cor_2_name": "", "cor_3_cont": "", "cor_3_name": "", "cor_4_cont": "", "cor_4_name": "", "female_pop": 0, "govt_prima": 0, "male_popul": 0, "no_med_fac": 0, "no_of_inst": 0, "shape_area": 2659286.7999999998, "shape_leng": 8063.6543000000001, "total_hous": 0, "total_popu": 0, "z_offi_con": "", "zo_officer": ""}, "geometry" : {"type":"Polygon","coordinates":[[[72.6407641890402,23.2599234504714],[72.6362993313233,23.2524116416616],[72.6421923855661,23.2492301142379],[72.6430708508059,23.248755817185],[72.6430866202559,23.2487473447391],[72.6432406811503,23.2490219424537],[72.6435221514705,23.2495236291803],[72.6444062523828,23.2508600759004],[72.6430882279659,23.2487464814352],[72.643067373469,23.248713038799],[72.6428529700744,23.2483692130184],[72.6379916214261,23.2405728503341],[72.6379863930069,23.2405757219965],[72.6311778980907,23.2442750709325],[72.6314179414059,23.2446738775527],[72.6318991313846,23.2454445422772],[72.6320387743748,23.2456681910055],[72.6261103373565,23.2487920600014],[72.6246014833476,23.2495422211028],[72.6245999912817,23.2495598180493],[72.6245970956112,23.2495939895305],[72.6245810440422,23.249783767928],[72.6245520998826,23.2501275168573],[72.6245365512999,23.2503130489513],[72.6245322988515,23.2503639049026],[72.6245322530346,23.25036445039],[72.6245215203834,23.2504567433001],[72.6245213461815,23.2504582483036],[72.6244718993634,23.2508853175807],[72.6244520159705,23.2510579754286],[72.6244424159989,23.2511415321237],[72.6243903621395,23.2515969686694],[72.6243440334321,23.2520058127614],[72.6243340827035,23.2520940991942],[72.6243193537478,23.2522251338709],[72.6243176809055,23.252290846128],[72.6243081324776,23.2526732573313],[72.6243053738448,23.2527864419717],[72.6243039734726,23.2528444423059],[72.6243018241033,23.2529341684565],[72.6242995598438,23.2530296589087],[72.6242992045802,23.253044739851],[72.6242931752138,23.253305338311],[72.6242875671382,23.2535566075138],[72.624279073207,23.2539588704427],[72.6242785936986,23.2539825024183],[72.6242769614275,23.254064106869],[72.6242764165772,23.2540916450769],[72.6242658000686,23.2546720462318],[72.6242633512521,23.2548218621203],[72.6242618925924,23.2549153289787],[72.6242556728018,23.2553681772852],[72.624252456892,23.2556692726127],[72.6242521801101,23.2556997091771],[72.6242545390085,23.2558010410275],[72.6242606410944,23.2560336401119],[72.6242661442354,23.2562434232598],[72.6242694017948,23.2563530887045],[72.6242814569217,23.2567142106084],[72.6242842093446,23.2567880543213],[72.6242920384046,23.2569832025299],[72.6243066140137,23.2572971689783],[72.6243102867244,23.2573696408546],[72.624315567101,23.2574721246197],[72.6243169001971,23.2574976735354],[72.6243250084931,23.2575537955436],[72.6243314523149,23.2575982645855],[72.624339919838,23.2576565000156],[72.6243423406201,23.2576731098435],[72.624349706582,23.257723543048],[72.6243666896838,23.2578391786621],[72.6244054141624,23.2580994992547],[72.6244399794727,23.2583278491262],[72.6244799314238,23.2585869532859],[72.6244850209139,23.2586195835666],[72.6245055605826,23.2587503827859],[72.6245727762012,23.2591683667937],[72.6246037295594,23.259355553105],[72.6246233170423,23.2594722265904],[72.6247864287225,23.2603859803581],[72.6248151347243,23.2605467941022],[72.6250895706119,23.2605141889873],[72.6252305545578,23.2604882487577],[72.625672060046,23.2604096029876],[72.6258272953232,23.2603826879547],[72.6268235294722,23.2602170848145],[72.6269747301276,23.2601929748261],[72.6269953322634,23.2601897077318],[72.627104413327,23.2601824340084],[72.6276588989904,23.2601467630298],[72.6276656424909,23.2601463422582],[72.6282655919932,23.2601137044783],[72.6282720208009,23.2601134531609],[72.6289140214166,23.2600958179021],[72.6292773477879,23.2600904228373],[72.6295651511218,23.2600925348582],[72.6296238261994,23.2600930933783],[72.6297124475806,23.2600940120826],[72.6300191117516,23.2600978363265],[72.6301101974063,23.2600993057014],[72.6302427906468,23.260101613039],[72.6303843927866,23.2601041899015],[72.6304826389132,23.2601060271765],[72.6309004224573,23.2601141815517],[72.631176019569,23.2601198158786],[72.631273720852,23.2601218565883],[72.6318587549977,23.2601345007521],[72.6320317713169,23.2601383743917],[72.6320405412121,23.2601384010905],[72.6320861277644,23.2601385454395],[72.6321917308757,23.260138926324],[72.6323871218064,23.2601397499133],[72.632423297643,23.2601399146923],[72.6326787370143,23.2601411635172],[72.63300485618,23.2601429155216],[72.6334107429811,23.2601452332783],[72.6342780505439,23.2601504960386],[72.6342893972396,23.2601505668714],[72.6343891199127,23.2601511934673],[72.6343948557862,23.2601512293709],[72.6346607806721,23.2601529182961],[72.6346852110328,23.2601523024697],[72.6348187382985,23.2601489379093],[72.6349616370568,23.2601453407097],[72.6351653104655,23.2601402216623],[72.6354221102671,23.2601337785594],[72.6356546065947,23.2601279592468],[72.6358780703418,23.2601223808846],[72.6361300285621,23.2601161101423],[72.6363548964419,23.2601105296769],[72.6366015872144,23.2601044225915],[72.6366752148921,23.2601026045355],[72.636759447687,23.2601005236378],[72.636848042139,23.2600983368426],[72.6369516756824,23.260095780606],[72.6370791773549,23.2600668152529],[72.6371939895728,23.2600407255002],[72.6373008349577,23.2600164404544],[72.6373218348006,23.2600116658086],[72.637418891592,23.2599895995091],[72.6375468105422,23.2599605100424],[72.6375571282531,23.2599605317449],[72.6378030610476,23.2599610504019],[72.6380152792849,23.2599615144618],[72.638515652715,23.2599626544966],[72.6386568249862,23.2599629893404],[72.639366393202,23.2599496020972],[72.6403978208027,23.2599302872231],[72.6407641890402,23.2599234504714]]]}}, {"type" : "Feature", "id" : 0, "properties" : {"fid": 0, "fid1": 13, "zone": "North Zone", "layer": "g_ward_boundary_new", "remarks": "", "ward_no": 1, "zone_id": 1, "no_of_sch": 0, "object_id": 0, "sector_no": "", "vill_name": "PETHAPUR", "ward_name": "Ward No - 1", "co1_f_path": "", "co2_f_path": "", "co3_f_path": "", "co4_f_path": "", "cor_1_cont": "", "cor_1_name": "", "cor_2_cont": "", "cor_2_name": "", "cor_3_cont": "", "cor_3_name": "", "cor_4_cont": "", "cor_4_name": "", "female_pop": 0, "govt_prima": 0, "male_popul": 0, "no_med_fac": 0, "no_of_inst": 0, "shape_area": 3907404, "shape_leng": 10821.896000000001, "total_hous": 0, "total_popu": 0, "z_offi_con": "", "zo_officer": ""}, "geometry" : {"type":"Polygon","coordinates":[[[72.6489566710453,23.25973031818],[72.647661638551,23.2598169976093],[72.6464205585921,23.2599000561857],[72.6449008750702,23.259294042501],[72.6442201135198,23.2593468878551],[72.6415135275623,23.2605962477844],[72.6415066634545,23.2605950260785],[72.6414244737113,23.2606417088965],[72.6413888901778,23.2605840729793],[72.6412113024321,23.2606720949481],[72.6411280130049,23.2605276162896],[72.6410479237176,23.2603886881703],[72.6409991960544,23.2603041087112],[72.6409492740749,23.2602174412027],[72.6409057091507,23.2601539678863],[72.6408802828859,23.2601169172792],[72.6407641890402,23.2599234504714],[72.6403978208027,23.2599302872231],[72.639366393202,23.2599496020972],[72.6386568249862,23.2599629893404],[72.638515652715,23.2599626544966],[72.6380152792849,23.2599615144618],[72.6378030610476,23.2599610504019],[72.6375571282531,23.2599605317449],[72.6375468105422,23.2599605100424],[72.637418891592,23.2599895995091],[72.6373218348006,23.2600116658086],[72.6373008349577,23.2600164404544],[72.6371939895728,23.2600407255002],[72.6370791773549,23.2600668152529],[72.6369516756824,23.260095780606],[72.636848042139,23.2600983368426],[72.636759447687,23.2601005236378],[72.6366752148921,23.2601026045355],[72.6366015872144,23.2601044225915],[72.6363548964419,23.2601105296769],[72.6361300285621,23.2601161101423],[72.6358780703418,23.2601223808846],[72.6356546065947,23.2601279592468],[72.6354221102671,23.2601337785594],[72.6351653104655,23.2601402216623],[72.6349616370568,23.2601453407097],[72.6348187382985,23.2601489379093],[72.6346852110328,23.2601523024697],[72.6346607806721,23.2601529182961],[72.6343948557862,23.2601512293709],[72.6343891199127,23.2601511934673],[72.6342893972396,23.2601505668714],[72.6342780505439,23.2601504960386],[72.6334107429811,23.2601452332783],[72.6330864854685,23.2603320000426],[72.6330996982832,23.2603320232735],[72.6329561693925,23.2603849390105],[72.6322981741088,23.2606269549839],[72.63211853079,23.2606928857113],[72.6320520771037,23.2606924156706],[72.6313115215465,23.2606884287914],[72.6312793727988,23.2606882848066],[72.6310799730143,23.2606963097084],[72.630519844735,23.2607191918607],[72.6304575064498,23.2608262908112],[72.6304464890097,23.2610908339349],[72.6304305520814,23.2611357729141],[72.6302982398018,23.2615017642948],[72.6302423262738,23.261656425574],[72.6301951238458,23.2616555222927],[72.6301303218022,23.2616542918308],[72.6298609998524,23.2616492503699],[72.6296698407767,23.26164566441],[72.6296272038883,23.2616365044861],[72.6295398596935,23.2616177407606],[72.6294421040367,23.2615967406149],[72.6292904493732,23.2615641596391],[72.6292114268139,23.2615378008811],[72.6288179194833,23.2614065273097],[72.6288131147039,23.2618028550296],[72.6288124008234,23.2618472167315],[72.6288175067161,23.2618946058175],[72.6288469947881,23.262172934862],[72.6288537614812,23.2622377293413],[72.6288579716145,23.2622781498823],[72.6288396076697,23.2629821518859],[72.6288381108434,23.2630320475225],[72.6288377295715,23.2630446445541],[72.6288705518284,23.2636792261791],[72.628910202859,23.2640659239517],[72.6289224960209,23.2641890185232],[72.6295724937939,23.2641830221759],[72.6296128474735,23.2641760303611],[72.6296490356084,23.2641697610301],[72.6298004549718,23.2641435258465],[72.629964134943,23.2641152052032],[72.630005591713,23.2641151190539],[72.6304825062137,23.2641144391891],[72.6305109360452,23.2641144080694],[72.630559956915,23.2641165196073],[72.6307962745027,23.2641267214161],[72.6309774123656,23.2641345415535],[72.6309552445689,23.2644825940754],[72.6309573430311,23.2646846543036],[72.6309624210638,23.2651807144878],[72.6309655209895,23.2654886804511],[72.6309565577927,23.2661108391908],[72.6309405440415,23.2669899885687],[72.6303821068878,23.2669729532268],[72.6303488107426,23.2669719096063],[72.6301543251382,23.2669657565429],[72.6296855155486,23.2668819144266],[72.6296938760491,23.2670008355925],[72.6296960438713,23.2670316693506],[72.6296623038831,23.2673886799196],[72.6296455298559,23.2676217975358],[72.6296435724949,23.2676486924393],[72.6296420681087,23.2676693171652],[72.6296196061903,23.2677660039677],[72.629593575444,23.267878052696],[72.6295877008457,23.2679033374421],[72.6295803676334,23.2679349006435],[72.6295545610493,23.2680459840641],[72.6295500931872,23.2680652152627],[72.6294558434375,23.2684709038223],[72.6294857975722,23.2685267933256],[72.6295427460816,23.2686327227349],[72.6295444318493,23.2686358591796],[72.6295931422709,23.2686520127718],[72.6297114493128,23.2686912474048],[72.6298327723967,23.2687322220316],[72.6298155248524,23.2687665532488],[72.6297275885958,23.2689415825968],[72.6296064771514,23.2691840465515],[72.6295302825579,23.2692852280092],[72.6294556724687,23.2693838333601],[72.629431978902,23.2694295640083],[72.6293407675642,23.2696056756623],[72.6292885403437,23.2697065772482],[72.6292424908615,23.2697955444464],[72.6292348924673,23.2698102261639],[72.6292306511692,23.2698184188841],[72.6292070967872,23.2699434850435],[72.6291761290663,23.2701071611354],[72.6291368215777,23.2701658390386],[72.6290719731697,23.2702626416622],[72.6290321544034,23.2703219888891],[72.6289894691475,23.2703856098672],[72.6289886401887,23.2703868422703],[72.628969359532,23.2704155526304],[72.6289508159925,23.2704981058887],[72.6289412724938,23.270540572785],[72.6289399625412,23.2705463984759],[72.628939806631,23.2705470912587],[72.6289328407428,23.2705780875914],[72.628912514552,23.2706107670023],[72.6288457889645,23.2707179790521],[72.6287095430505,23.2709368557304],[72.6286665201816,23.271030886984],[72.6288143400665,23.2711522527665],[72.6288801714329,23.2712064195855],[72.6297638048044,23.2713812695699],[72.629760027325,23.2714041087652],[72.6296595221499,23.2720119828122],[72.6296242944339,23.2722250235146],[72.6296549647674,23.2722305081895],[72.6300318982838,23.2722974900052],[72.6300440963401,23.2722996468556],[72.6305468050633,23.2723881078936],[72.6306784775437,23.2724111656793],[72.6307349187401,23.2724210359714],[72.6308619026357,23.2726232027331],[72.6313141341394,23.2726196317437],[72.6313172068397,23.2726196068197],[72.6318688673499,23.2726151142449],[72.6319161767742,23.2726147197956],[72.6320372940807,23.2726136979931],[72.6321628872748,23.2732373821463],[72.6322061940023,23.273453005648],[72.6322070455429,23.273506967694],[72.6322101926382,23.2737186772355],[72.632217296514,23.2742647258197],[72.6322356973695,23.2742721689268],[72.6323525075253,23.2743193996219],[72.632497749449,23.2743781138809],[72.6329365815581,23.2742968598177],[72.6329924784234,23.2742865042965],[72.6330076713695,23.2742826069424],[72.6332093701531,23.2742308714366],[72.6332235323618,23.2742272383706],[72.6335791315318,23.2741360129809],[72.6336158059863,23.2747546526995],[72.6336555965835,23.2754405324022],[72.6336588746415,23.2754976131651],[72.6331034684851,23.2756186415],[72.6331015388899,23.2756190619678],[72.632509111258,23.2755419435968],[72.6324796343785,23.2755381042459],[72.6325455964177,23.2759144835816],[72.6325528127935,23.2759356642703],[72.6325818640499,23.2760209360079],[72.6326564384332,23.2762398353789],[72.6326772735333,23.2762424862245],[72.6337558666203,23.2761796567838],[72.6338300331491,23.2761772637897],[72.634536809178,23.2761544379889],[72.6345593937426,23.2761520991216],[72.6350941785501,23.276096715532],[72.6351842581535,23.2760893311002],[72.6355075023421,23.2760628270532],[72.6353581445627,23.277008861589],[72.6355222112179,23.2770188794526],[72.6363253607748,23.2770908813697],[72.6363969751064,23.2770873410172],[72.637218826913,23.2770466741677],[72.6371924528983,23.2775264012249],[72.6371909305159,23.2775540205501],[72.6371729066946,23.277880272359],[72.6371999049045,23.2778788617728],[72.6378875735522,23.2778428887872],[72.6380108947515,23.2778364349396],[72.6380159444673,23.2778980527011],[72.6380454324858,23.2782583554261],[72.6380733408228,23.2786000253182],[72.6380761151315,23.2786340324464],[72.6380818139494,23.2786847841704],[72.6381377221505,23.2791831787799],[72.6381383401493,23.2791886950536],[72.6383693716815,23.2791695349312],[72.6384349109273,23.2791640993867],[72.6386269847106,23.2791481692447],[72.6388646388461,23.2791284562821],[72.6388686900101,23.2790814471271],[72.638889945343,23.2788347190466],[72.6388975533032,23.2787463419938],[72.6390332787229,23.2787479012445],[72.6390840189393,23.2787484844756],[72.6396211369859,23.2787546403105],[72.6396620229188,23.278755107554],[72.6396625530419,23.2788011899257],[72.6396660455437,23.2791062772473],[72.6396695426799,23.2794143131163],[72.63966660536,23.2794792484636],[72.6396396634541,23.2800740039225],[72.6396399355482,23.2800739800313],[72.6403102569061,23.2800142330033],[72.640431867166,23.2800076062847],[72.6404445883819,23.2800069138478],[72.6415216733212,23.2799481934911],[72.641556228698,23.2796628911286],[72.6415991663799,23.2793084938948],[72.6416407828922,23.2789648361241],[72.6416752208058,23.2786802812155],[72.6417090186642,23.2786830364293],[72.6417355251259,23.2786851972097],[72.6417382154904,23.2786854164124],[72.642048629161,23.2787107093025],[72.6421523451578,23.2787182837589],[72.6422672927486,23.2787266760867],[72.6430755109255,23.2787856463498],[72.6432987825129,23.2787310670063],[72.6433873359449,23.2782030475034],[72.6434385648015,23.2778973220427],[72.6437920868477,23.2779529146104],[72.6443140954176,23.2780349707034],[72.6443930637421,23.2780473810276],[72.6444625109295,23.2780582932446],[72.6444655495296,23.2780587704095],[72.6444668417674,23.2780589730816],[72.6444673692521,23.2780590965598],[72.6444808007318,23.2780622359343],[72.6446920908794,23.2781116233809],[72.6447087272114,23.2781155114233],[72.6447137753347,23.278116691334],[72.6447438937741,23.2781237303206],[72.6450545985509,23.2781963410321],[72.6451031383284,23.2782076829552],[72.6450903037169,23.2782893764401],[72.6450900472004,23.2782910147541],[72.6450900286865,23.2782911228103],[72.6450796734376,23.2783570322163],[72.6450794983307,23.2783581535541],[72.6450358753075,23.2786357440369],[72.6450267221011,23.2786939815622],[72.6450235341676,23.2787142671146],[72.644968909255,23.2790617800411],[72.6449413368708,23.279237166171],[72.6449389271252,23.2792524890608],[72.6449284899775,23.279318876589],[72.6450827938849,23.2799478641212],[72.6450857847679,23.27996005419],[72.6451322905486,23.2801495301373],[72.6452212534067,23.2805117792859],[72.6451326426385,23.2806863509653],[72.6450544914911,23.2808403508007],[72.645052323029,23.2808446245216],[72.6449110878925,23.2811229943076],[72.6449083856145,23.2811267255613],[72.6445811928063,23.2815785980825],[72.6442298816353,23.2817008657505],[72.6442808848557,23.2818281028925],[72.6441498169214,23.2820090579426],[72.6440542845279,23.2821889650229],[72.644191918798,23.2825929014472],[72.6441992242219,23.2826761548779],[72.6447721042689,23.2827703661607],[72.644897464465,23.2827260569666],[72.6458373631369,23.2823938402207],[72.6459980769704,23.2823538118707],[72.6464661977377,23.2821963531379],[72.6470496023714,23.2820001137588],[72.6474133908677,23.281917929934],[72.6471565606763,23.2810458394345],[72.6475585654062,23.280905962634],[72.6474379072716,23.2804698479075],[72.6473284673335,23.2803848412215],[72.6471284807666,23.279770264452],[72.6472444048035,23.2797261934428],[72.6472893194065,23.2795609252883],[72.6475478634316,23.2774584416787],[72.6476439650986,23.2769773285469],[72.6476115266154,23.2768342749981],[72.6477827902135,23.2761087726038],[72.6481324623411,23.2761700689624],[72.6482458402918,23.2758679866894],[72.648317044558,23.2752222474795],[72.6484821714141,23.2746616568174],[72.6486470135349,23.2740723963045],[72.6486127391322,23.2737430018644],[72.6487438877134,23.2736701203093],[72.6489965208164,23.2733309199077],[72.6490719623839,23.2731151983754],[72.6491325264039,23.2729641217925],[72.6492064832556,23.2725978932315],[72.6493300868932,23.2725465838693],[72.6494977518711,23.2722440009718],[72.6495727672435,23.2719852774471],[72.649465786249,23.2713626796872],[72.6498050505959,23.2703704286936],[72.649946332043,23.2697527145051],[72.6500570842744,23.2691854537129],[72.650029500835,23.2687484830736],[72.6503016855591,23.2672479477928],[72.6506836058166,23.2666495208256],[72.6507053152906,23.2664916340217],[72.6511406421706,23.2650182659396],[72.6504260560825,23.264917327657],[72.649485707943,23.2647324523934],[72.6489270154463,23.2647089174835],[72.6485916122335,23.2645184745661],[72.6483665569368,23.2645062067828],[72.648046031553,23.2642511177614],[72.6485078975244,23.2631072219865],[72.6487628435412,23.2630045330066],[72.6490198922061,23.2623284142355],[72.6490167828234,23.2620130671345],[72.649222649773,23.2616527942277],[72.6494493075368,23.2610414627017],[72.6498424137322,23.2600057099599],[72.6489566710453,23.25973031818]]]}}, {"type" : "Feature", "id" : 0, "properties" : {"fid": 0, "fid1": 14, "zone": "Central Zone", "layer": "g_ward_boundary_new", "remarks": "", "ward_no": 4, "zone_id": 2, "no_of_sch": 0, "object_id": 0, "sector_no": "GEB", "vill_name": "PETHAPUR", "ward_name": "Ward No - 4", "co1_f_path": "", "co2_f_path": "", "co3_f_path": "", "co4_f_path": "", "cor_1_cont": "", "cor_1_name": "", "cor_2_cont": "", "cor_2_name": "", "cor_3_cont": "", "cor_3_name": "", "cor_4_cont": "", "cor_4_name": "", "female_pop": 0, "govt_prima": 0, "male_popul": 0, "no_med_fac": 0, "no_of_inst": 0, "shape_area": 1846911.5, "shape_leng": 7298.4750000000004, "total_hous": 0, "total_popu": 0, "z_offi_con": "", "zo_officer": ""}, "geometry" : {"type":"Polygon","coordinates":[[[72.6744039820604,23.2420474724568],[72.6743969712813,23.242112535534],[72.6743958372267,23.2421230571382],[72.6743947122431,23.2421990211328],[72.6744006148733,23.2422748048197],[72.6744135029267,23.2423498559624],[72.6745831483972,23.2427213106068],[72.6746093526158,23.2427786870782],[72.6746710625384,23.2429138041083],[72.674740173673,23.2430651222459],[72.6747788962846,23.243171112132],[72.6727793683044,23.2442402761923],[72.6623157063789,23.2498345606264],[72.6620455609838,23.2499782703382],[72.6621725745291,23.2502124599686],[72.6622918224142,23.2505052263963],[72.6626801302352,23.2528956068807],[72.6630604863341,23.2552645542403],[72.6632975933628,23.2564880147689],[72.6658219881769,23.2560846817426],[72.6683231722841,23.2556886928682],[72.6714978109403,23.2551645319836],[72.6737281057409,23.2548283270123],[72.6738286501835,23.2555728158045],[72.6738249969731,23.2559814022033],[72.6725869818711,23.256272506182],[72.6727739786853,23.2571308705959],[72.6734400610287,23.2570386359438],[72.673503901549,23.2572172287751],[72.6738061380659,23.2571929009552],[72.6739054608231,23.2578155513947],[72.6737605586494,23.258060604776],[72.6723122703079,23.2582676616767],[72.6719219263359,23.2587873731417],[72.6706432374639,23.2588924848438],[72.6701395018298,23.2589330203978],[72.6701320868055,23.2589360999075],[72.6721295634176,23.2590251896311],[72.6728043239672,23.2589253293154],[72.6770233626857,23.2583008652504],[72.6769569638971,23.257942878931],[72.6768512503035,23.2573729189633],[72.6767664477961,23.2560146447768],[72.6766680360514,23.2544383736925],[72.6770433948655,23.2543739184851],[72.6769498741647,23.2512381219596],[72.6772658677417,23.2508753166882],[72.6774931825824,23.2506143276398],[72.678202018397,23.2484880980731],[72.6785217526093,23.2474467153939],[72.6790229750357,23.2459299704198],[72.6790295588517,23.2457927306493],[72.679038587905,23.2456045385144],[72.6790202979987,23.2453984480433],[72.6775652175408,23.2430410499039],[72.6760333177042,23.2425231117235],[72.6760280144637,23.2425213179161],[72.6754712689194,23.2423330769315],[72.6754339500723,23.2423204585639],[72.6753053719036,23.2422769847772],[72.6744039820604,23.2420474724568]]]}}, {"type" : "Feature", "id" : 0, "properties" : {"fid": 0, "fid1": 15, "zone": "North Zone", "layer": "g_ward_boundary_new", "remarks": "", "ward_no": 7, "zone_id": 1, "no_of_sch": 0, "object_id": 0, "sector_no": "", "vill_name": "VAVOL", "ward_name": "Ward No - 7", "co1_f_path": "", "co2_f_path": "", "co3_f_path": "", "co4_f_path": "", "cor_1_cont": "", "cor_1_name": "", "cor_2_cont": "", "cor_2_name": "", "cor_3_cont": "", "cor_3_name": "", "cor_4_cont": "", "cor_4_name": "", "female_pop": 0, "govt_prima": 0, "male_popul": 0, "no_med_fac": 0, "no_of_inst": 0, "shape_area": 6815103.5, "shape_leng": 12869.326999999999, "total_hous": 0, "total_popu": 0, "z_offi_con": "", "zo_officer": ""}, "geometry" : {"type":"Polygon","coordinates":[[[72.6240463823521,23.2253999091228],[72.6240463110396,23.2253973161623],[72.6240222704692,23.2245182648199],[72.6237830849543,23.2231468588488],[72.6237631161348,23.2230323623743],[72.6225076611277,23.2158336649355],[72.622330198129,23.2155455798565],[72.6226966983127,23.2153479196863],[72.6225519020375,23.2150947555897],[72.6224033058964,23.2148567502739],[72.6223079746535,23.2147040698457],[72.6222921621134,23.214678745075],[72.6222763485865,23.214653421191],[72.6221165979484,23.2143975975572],[72.6220788560181,23.2143371631915],[72.6218175803561,23.2139188438844],[72.6218126185176,23.2139109001757],[72.6217690931163,23.2138412240514],[72.6217516801023,23.2138133499447],[72.6217429152225,23.2137993172157],[72.6217205175785,23.2137634638424],[72.6216574866996,23.2136625723287],[72.621639299556,23.2136334632312],[72.621611642774,23.2135891948966],[72.6215910412101,23.2135562214721],[72.6215411092427,23.2134763065215],[72.6215245947322,23.2134498768978],[72.6214581482423,23.2133435386205],[72.6214013670906,23.2132526739875],[72.6213916997715,23.2132372075132],[72.6213252512886,23.213130882703],[72.6212733710932,23.2130478759716],[72.6212588008248,23.2130245650627],[72.6211923503009,23.2129182564272],[72.6211258958592,23.2128119540295],[72.6211038067533,23.2127766207437],[72.6210853269493,23.2127470629983],[72.6210630012765,23.2127113559878],[72.6210558813905,23.2126999679928],[72.620992985899,23.2125993717207],[72.6209265302367,23.2124930999324],[72.6208600716489,23.2123868334942],[72.6208130607341,23.2123116714737],[72.6207936100717,23.2122805760163],[72.6207271484663,23.212174325738],[72.6206606868649,23.2120680808542],[72.6205942243069,23.2119618404476],[72.6205640415315,23.2119135939985],[72.6205277617527,23.2118556054354],[72.6204613001949,23.21174937493],[72.6203983966177,23.2116488415417],[72.6203912718124,23.2116374615734],[72.6203794815606,23.2116186181123],[72.6203283703037,23.2115369272915],[72.6202619086455,23.2114307192873],[72.6201954431653,23.2113245121058],[72.6201683625039,23.2112812399335],[72.6201289786654,23.2112183103335],[72.6200625083746,23.2111121102569],[72.6200395623333,23.2110754485283],[72.6199770423944,23.2109755672052],[72.619905815257,23.2108617857315],[72.6197823531656,23.2106645629194],[72.6197718793397,23.2106478338042],[72.6197111194582,23.2105507839847],[72.6196446320745,23.2104445916344],[72.6195781388999,23.2103384009796],[72.6195163929969,23.2102397969299],[72.6195010712144,23.2102153297871],[72.6194546451952,23.2101411946377],[72.6193928935576,23.2100425931711],[72.6193311438792,23.2099439962288],[72.6192682011054,23.2098435052223],[72.6192610715037,23.2098321305574],[72.6191981288935,23.20973163592],[72.6191363744123,23.2096330496778],[72.619084384236,23.2095500551532],[72.6190746161433,23.2095344615534],[72.619012854951,23.2094358778794],[72.6189510938289,23.20933729509],[72.6188845710095,23.2092311272262],[72.6188496919711,23.2091754670776],[72.618818037613,23.2091249555688],[72.618756245644,23.2090263650294],[72.6186944421078,23.2089277706843],[72.6186326289573,23.2088291725632],[72.6185708032472,23.2087305715244],[72.6185077767309,23.208630071786],[72.6185006385115,23.2086186942549],[72.6184376005535,23.2085181843903],[72.6184055163075,23.2084670361633],[72.6183757410838,23.2084195746542],[72.6183263844975,23.2083409044197],[72.6183138700791,23.2083209593075],[72.6182519855704,23.2082223392229],[72.6181900904872,23.208123714445],[72.6181234192061,23.2080175007434],[72.6180567364039,23.2079112814283],[72.6179805119204,23.207789883535],[72.6179218523522,23.2076964733999],[72.6178025763804,23.2075065557827],[72.6178018098133,23.2075053362485],[72.6170648579599,23.2067125687641],[72.6167778893179,23.2066541911775],[72.6165190400359,23.2066015323816],[72.6162762785948,23.2065521468229],[72.6162395158085,23.2065446678148],[72.6160976924909,23.2065731658047],[72.6158982654513,23.2066132376474],[72.6158603734106,23.206620847616],[72.6156410371859,23.2067030748617],[72.6152494643598,23.2067958328073],[72.6148502078762,23.2068903247639],[72.6146138684153,23.2069746406604],[72.6143891270589,23.2070547699527],[72.6138459954059,23.2071248468833],[72.6137869040566,23.2071324523489],[72.6138264807648,23.2076071239951],[72.6139464951095,23.2081879995768],[72.6141839913444,23.2090852516439],[72.6143057793095,23.2098512783937],[72.6143118598193,23.2104860781757],[72.6142991021795,23.210799399231],[72.6138179862751,23.2116076753244],[72.6134533100131,23.2118430323453],[72.6133104482837,23.2119016950489],[72.6129909404682,23.2122595736046],[72.6126711246562,23.2125851778661],[72.6123699177431,23.213031645133],[72.6121283317314,23.2133242771183],[72.6118937785087,23.2134393356722],[72.6115508567914,23.2140878872947],[72.6111369589469,23.2146160465482],[72.6111402747594,23.2149629658245],[72.6104857243366,23.2149688153918],[72.6103128730097,23.2151478699679],[72.6102094541804,23.215285959504],[72.6099251501057,23.2156757905459],[72.6098395695345,23.2158540636175],[72.6096943624787,23.2161861743861],[72.6096694890745,23.2163235612966],[72.6095689944185,23.2167682309447],[72.6091142913557,23.2175952853931],[72.6089240579262,23.2177825614763],[72.6088446322275,23.2186062673161],[72.6086771620611,23.219350070241],[72.608401742843,23.2195075323322],[72.6080653279499,23.2199833042639],[72.6076936148724,23.2203333160418],[72.6068447540403,23.2207033399893],[72.6069301643843,23.2210807340922],[72.6069165363847,23.2211330986274],[72.6068625836163,23.2214774584815],[72.6067511541546,23.2217958810261],[72.6068703952472,23.2222974106915],[72.6067233836726,23.2226817434126],[72.6064983873455,23.2229514013957],[72.6061058368188,23.2232399164905],[72.6059723524079,23.2233361097976],[72.6058163341761,23.2235567435007],[72.6056536060042,23.2237366780034],[72.6055712886467,23.2241077457258],[72.6054573365173,23.2241616641401],[72.6051463575169,23.2245612200504],[72.6048333635735,23.2247491727448],[72.6044106919,23.2254406948435],[72.6038758229007,23.2263712851429],[72.6034976118394,23.2272255330202],[72.6024400466376,23.2283635674879],[72.6024095975186,23.22917504248],[72.6022248582157,23.2298115393057],[72.6018513545277,23.2306613341158],[72.6009406808674,23.2311984675995],[72.6002940673107,23.2314158251981],[72.5995353276791,23.2318810649153],[72.5987739127269,23.2320641654126],[72.5986236336873,23.2323123862362],[72.5984746893104,23.2327016748345],[72.5986316491115,23.2331587896652],[72.5990195426716,23.2338254778109],[72.5993666123462,23.2342103668992],[72.5999834458187,23.2348750198518],[72.6001482804641,23.235266786048],[72.6002987135366,23.2360118932275],[72.6003101997373,23.2360069888437],[72.6004177861782,23.2360071213494],[72.6005177021585,23.2359501258608],[72.6006272888918,23.2358876402487],[72.6006328622756,23.2358844627852],[72.6010085874758,23.2356703887517],[72.6011347007745,23.2355985695781],[72.6012953461361,23.2354837100464],[72.6013598407169,23.2354376074749],[72.6017082072516,23.2353759896088],[72.602121185347,23.2351904339523],[72.60283135654,23.2350794410397],[72.6033272341721,23.2350566617921],[72.6033683700665,23.2350547544994],[72.6034081188291,23.2350626310148],[72.6034685671517,23.2350745996437],[72.603856875991,23.2351512470171],[72.6038673690491,23.2351533119399],[72.6039194121332,23.2351363583185],[72.6041344584065,23.2350662660942],[72.6042259362091,23.2350342977698],[72.6043480750219,23.2349915936657],[72.6046607688745,23.2351756754852],[72.6048956089176,23.2354946676381],[72.604900916047,23.2355201272543],[72.6049699301357,23.2358512244551],[72.6049586955981,23.2359621860048],[72.605140496943,23.2363179270671],[72.6051587469643,23.2363508919593],[72.6052702499233,23.236552347273],[72.6053714845593,23.2367353287501],[72.6054051721022,23.2367962359272],[72.6054533123475,23.2368653340126],[72.6056143341292,23.2370965338813],[72.6056952345785,23.2372127323734],[72.6058230567781,23.2374694356729],[72.6058908057887,23.2376055346975],[72.6058169945407,23.2376382372343],[72.6056914589135,23.2376937965652],[72.6058381764802,23.2383216714463],[72.6058822208264,23.238593437716],[72.605889326764,23.2386372825765],[72.6059760058879,23.2391721297109],[72.6059966611586,23.239258971546],[72.6060167803219,23.2393435582107],[72.6060492763095,23.2394801832791],[72.6060966489562,23.2398680089942],[72.6060974995641,23.2398749760035],[72.6061536334804,23.2399980316342],[72.6062816401187,23.2403320318663],[72.6063555147063,23.2405248044059],[72.606394371708,23.2406262009651],[72.6065499596014,23.2410205049359],[72.606559595725,23.2411071724568],[72.6065829323311,23.2413170007595],[72.6065875218158,23.2414048055877],[72.6066050862865,23.2417406006989],[72.60660523779,23.2417434972911],[72.6066795017824,23.2423558961646],[72.606684035144,23.2423932072607],[72.6067027363538,23.2425469867901],[72.6067209713207,23.2427025873224],[72.6067519880111,23.2429674806984],[72.606540117366,23.2431171040212],[72.6065612620464,23.2431853264054],[72.6067816081348,23.2438968804826],[72.606785073803,23.2439080789107],[72.6070674839319,23.2439191176442],[72.6071964844067,23.2439442594368],[72.6073108485954,23.2439665275632],[72.6076289077573,23.24402835043],[72.6079108193668,23.2440830173188],[72.6081172351683,23.244122972277],[72.6085067194026,23.2442065711293],[72.6087987731398,23.2442564500701],[72.6089890518029,23.24428886016],[72.6089445243063,23.2440906258898],[72.6089394363814,23.2438671611826],[72.6088691190015,23.2437064677398],[72.6088761433041,23.2436614388323],[72.608892398211,23.2435572275551],[72.6090270699473,23.243617876255],[72.60920117003,23.2436962715263],[72.6093501049079,23.2437633193163],[72.6095454066764,23.243800492362],[72.6096575888497,23.2438218228032],[72.6099503850727,23.2438306392571],[72.6100044190316,23.2438461380733],[72.6103137613911,23.2439348085455],[72.6103650888074,23.2439495104318],[72.6105789266667,23.2440087473124],[72.6109099393962,23.2439792358588],[72.6110219535804,23.2439776143123],[72.6110557574519,23.2439771211198],[72.6110981783314,23.2440883651854],[72.6113246020633,23.2441347149996],[72.6113681244505,23.2441258519247],[72.6114419990946,23.2441107944085],[72.6114564422238,23.244107849895],[72.6115864564377,23.2440063950876],[72.6118228724355,23.2439280842035],[72.6122958238866,23.2437962018168],[72.6126267293083,23.2438283182801],[72.6128159735937,23.2437985294987],[72.612889590899,23.2437869349167],[72.6129323500537,23.2437279730141],[72.6129534096724,23.2436989304551],[72.6136650529194,23.2437124853104],[72.6139257145102,23.2437139475957],[72.6142306469818,23.2437155855709],[72.6146269714665,23.2437740010548],[72.6148375737131,23.2438050661715],[72.6149779101154,23.243840460538],[72.6152079153392,23.2438984806184],[72.615327246147,23.2439126230238],[72.6153925289737,23.2439203608888],[72.6155653856388,23.2440045524731],[72.6157745486268,23.2440116023712],[72.6158154813624,23.2440129840292],[72.6162494947338,23.2440061410325],[72.6163473580917,23.2440084617397],[72.6164703285786,23.2440113819776],[72.6165655111837,23.2440136465089],[72.6167914646124,23.2440613617452],[72.6169489613953,23.244094610761],[72.617177008611,23.2441386522457],[72.6171835056206,23.2441399063916],[72.6173059333067,23.2441635409556],[72.6176083608481,23.2441340374097],[72.6177050305702,23.24419249542],[72.6177683803962,23.244230801663],[72.6179035416458,23.244280966537],[72.6183193994591,23.2444352587487],[72.6183458359597,23.2444450648567],[72.6184566235619,23.2445023074826],[72.61853221462,23.2445413615348],[72.61912043942,23.2445551307247],[72.6191654893013,23.2445561866582],[72.6193973824627,23.2446713282117],[72.6194317231507,23.2446883777906],[72.6197913876721,23.2447612857578],[72.6201218769985,23.244828266357],[72.6202265144776,23.244849471434],[72.6204968737516,23.244897337229],[72.6206768871864,23.2449292040579],[72.6209688513301,23.2450113896093],[72.6211060607206,23.2453312884285],[72.6227461747762,23.2462283295121],[72.6227802373331,23.2462469531568],[72.622811285831,23.2462639278276],[72.6233807797363,23.2463538397836],[72.6237914759626,23.2464215467932],[72.6238323229462,23.2464466735958],[72.62408042554,23.246599280961],[72.6241247190455,23.2466265254051],[72.6245420921913,23.2466199182417],[72.6245932332534,23.24661911211],[72.6246369725115,23.2466184241892],[72.6246535292643,23.2466181637012],[72.6247785774131,23.2465923302464],[72.6247020533274,23.2457630727336],[72.6246699899534,23.2454149438741],[72.624633930737,23.2450234220839],[72.6246316258049,23.2449763434183],[72.6246041795153,23.244728204836],[72.6246017339248,23.244668938335],[72.624598767445,23.2445969979686],[72.6245808427896,23.2441615910775],[72.6245806314618,23.2441566451671],[72.6245684635964,23.2438716434288],[72.6245463465616,23.2433523717493],[72.6245401056258,23.2432055252285],[72.6245231356662,23.2428056724287],[72.6245223733368,23.2427877118478],[72.6245171118108,23.2426635570387],[72.6245072203763,23.2423590246823],[72.6245037060762,23.2422506723612],[72.6245018237153,23.2421925897874],[72.6244799716022,23.2415166294212],[72.6244749814202,23.2413286811225],[72.6244738372539,23.2412855091752],[72.6244671074106,23.2410315314837],[72.6244617870453,23.240830289276],[72.624460317512,23.2407339558752],[72.6244587730222,23.2406324782077],[72.6244563229596,23.2404714909953],[72.6244539814678,23.2403171688348],[72.624446291093,23.2396622524072],[72.6244428816957,23.2393693925576],[72.6244365121967,23.2388180854471],[72.6244415209965,23.2387699880122],[72.6244437846837,23.2387482499279],[72.6244561771762,23.2386292768455],[72.6244526732179,23.2383748360122],[72.6244495804167,23.2381496324808],[72.6244484046429,23.2380987548223],[72.6244479198046,23.2380778120381],[72.624447475841,23.2380585878611],[72.6244436411986,23.2378925286161],[72.6244372833143,23.2376166460209],[72.6244368608438,23.2375983592531],[72.6244364614057,23.2375809783212],[72.6244301806578,23.2373078539733],[72.6244306018419,23.2373068537451],[72.6244294292876,23.2372301458099],[72.6244146687734,23.2362608322467],[72.6244136617876,23.2361996501003],[72.6244131017269,23.2361656339291],[72.6244042620128,23.2356270455619],[72.6243994888038,23.2353352546276],[72.624375647888,23.2338690545109],[72.6243747066614,23.2338108850186],[72.6243695248401,23.2334898034904],[72.6243611447968,23.2329690193434],[72.6231313963066,23.2313722703945],[72.622565175682,23.2304395622364],[72.6224165492504,23.2301947352158],[72.6224381900847,23.2297585058552],[72.6219390570758,23.2289267733588],[72.6210269761146,23.2281584896737],[72.6210421023221,23.2277163454442],[72.6213835328577,23.2269367700864],[72.6214538592159,23.2268584859442],[72.6228316178051,23.22700136963],[72.6232581231512,23.2270034962099],[72.623496269659,23.2269057787934],[72.6236109003787,23.2267315247716],[72.6236522673421,23.2263309586507],[72.6236892864725,23.2260630931708],[72.6237307858851,23.2257628052733],[72.6239745833777,23.2255814124643],[72.6239999651544,23.2254231389941],[72.6240463823521,23.2253999091228]]]}}, {"type" : "Feature", "id" : 0, "properties" : {"fid": 0, "fid1": 16, "zone": "Central Zone", "layer": "g_ward_boundary_new", "remarks": "", "ward_no": 6, "zone_id": 2, "no_of_sch": 0, "object_id": 0, "sector_no": "14", "vill_name": "VAVOL", "ward_name": "Ward No - 6", "co1_f_path": "", "co2_f_path": "", "co3_f_path": "", "co4_f_path": "", "cor_1_cont": "", "cor_1_name": "", "cor_2_cont": "", "cor_2_name": "", "cor_3_cont": "", "cor_3_name": "", "cor_4_cont": "", "cor_4_name": "", "female_pop": 0, "govt_prima": 0, "male_popul": 0, "no_med_fac": 0, "no_of_inst": 0, "shape_area": 940296.75, "shape_leng": 4012.6293999999998, "total_hous": 0, "total_popu": 0, "z_offi_con": "", "zo_officer": ""}, "geometry" : {"type":"Polygon","coordinates":[[[72.630136888116,23.227332346825],[72.6298622403485,23.2268918084976],[72.6298618375621,23.2268911632511],[72.6297860213531,23.2267695593843],[72.6297196847346,23.226663155113],[72.6297073897655,23.2266434343091],[72.6296533452703,23.2265567516794],[72.6295870059377,23.22645034642],[72.6295206657284,23.2263439411251],[72.6294578773478,23.2262432354007],[72.6294507690235,23.2262318352422],[72.6293879817191,23.2261311295119],[72.6293263790719,23.2260323230355],[72.6292886898386,23.2259718745856],[72.6292173847144,23.2258575120792],[72.6291557793919,23.2257587046067],[72.6290894340042,23.2256522972839],[72.6290247093101,23.2255484873259],[72.6290230887483,23.2255458881352],[72.6289567425997,23.2254394798536],[72.6288903965669,23.225333070649],[72.6287899144021,23.2251719170142],[72.6286818739694,23.2249986431538],[72.6286696913518,23.2249791036348],[72.6286250027241,23.2249074316558],[72.628587088895,23.2248466257921],[72.6285633933627,23.2248086230355],[72.6285396959379,23.2247706175393],[72.6284733466426,23.224664207243],[72.628406995494,23.2245577968965],[72.6283616108144,23.2244850102492],[72.6283311653456,23.2244361832352],[72.6282609967404,23.2243236503267],[72.6282390301667,23.2242884226014],[72.6281486961532,23.2241435527393],[72.6278998772193,23.2237445179],[72.6277834419312,23.2235738567588],[72.6277421575001,23.2235133447089],[72.6275236535605,23.2236280501231],[72.6252153672061,23.2248148586644],[72.6239999651544,23.2254231389941],[72.6239745833777,23.2255814124643],[72.6237307858851,23.2257628052733],[72.62365226739,23.226330955943],[72.6236109003787,23.2267315247716],[72.623496269659,23.2269057787934],[72.6232581231512,23.2270034962099],[72.6228316178051,23.22700136963],[72.6214538592159,23.2268584859442],[72.6213835328577,23.2269367700864],[72.6210421023221,23.2277163454442],[72.6210269761146,23.2281584896737],[72.6219390570758,23.2289267733588],[72.6224381900847,23.2297585058552],[72.6224165492504,23.2301947352158],[72.622565175682,23.2304395622364],[72.6231313963066,23.2313722703945],[72.623416427979,23.2317423701656],[72.6243611447968,23.2329690193434],[72.6244131341851,23.2330387834],[72.6245940390335,23.233281548498],[72.6251323756212,23.2340040701021],[72.6251916813909,23.2340836774372],[72.6258824664747,23.2350110530771],[72.6259004163294,23.2350213624039],[72.6258953101366,23.2350292504531],[72.6260689794851,23.2352753182045],[72.6263695309902,23.235701203423],[72.6267310264586,23.2362135303636],[72.6268113864089,23.2361730018458],[72.6271038601923,23.2360161950115],[72.6277551005697,23.2356671906337],[72.6293042759106,23.2348389762236],[72.6293927918448,23.2347917380186],[72.6296558097254,23.2346514257383],[72.6298998870313,23.2345212786864],[72.6300368225148,23.2344482857778],[72.6300399270411,23.2344466308759],[72.6301799619241,23.2343719882685],[72.6302855018934,23.2343157266648],[72.6303800507759,23.2342653207292],[72.6307688396218,23.2340580268846],[72.631015886339,23.2339262886938],[72.631048824972,23.2339087225925],[72.631131214905,23.2338647844883],[72.6312140643785,23.233820599585],[72.6312510976307,23.2338008481605],[72.6313252469224,23.2337613022953],[72.6314358860028,23.2337022937405],[72.6317157600339,23.2335530162648],[72.631912801283,23.2334479130166],[72.6327209301105,23.2330168104171],[72.6328754787336,23.2329343617841],[72.632987633549,23.2328745262618],[72.6333384249186,23.2325813118399],[72.6332619349544,23.2325140033977],[72.6332543586253,23.2325069468389],[72.6332468100886,23.2324998654205],[72.6332392883675,23.2324927591279],[72.6332317934461,23.2324856288636],[72.6332243273255,23.2324784719494],[72.6332168889812,23.2324712910783],[72.6332094784132,23.2324640862502],[72.6332020966301,23.2324568556748],[72.6331947416467,23.2324496011278],[72.6331874164087,23.2324423217506],[72.6331801189631,23.232435017514],[72.6331728502704,23.2324276893352],[72.6331664145266,23.2324211555172],[72.6331663636888,23.2324211023897],[72.6331656103307,23.2324203372142],[72.6331583991281,23.2324129620534],[72.6331512167102,23.2324055611454],[72.6331440630294,23.2323981371978],[72.6331369380856,23.2323906902104],[72.6331298419107,23.2323832183784],[72.6331227754494,23.2323757235214],[72.6331157377252,23.2323682056247],[72.633108730739,23.2323606620102],[72.6331017514814,23.2323530971465],[72.633094802914,23.2323455092725],[72.6330878830996,23.2323378974564],[72.633080992983,23.2323302635179],[72.6330756558011,23.232324308684],[72.6330755820657,23.2323242245169],[72.6330741325959,23.2323226056519],[72.6330673028831,23.2323149256783],[72.6330605028681,23.2323072235824],[72.6330537325826,23.232299497559],[72.6330469929715,23.2322917494279],[72.6330402830739,23.232283978272],[72.6330336038348,23.232276185911],[72.633026955286,23.2322683705399],[72.6330203364189,23.2322605339489],[72.6330137482262,23.2322526752503],[72.6330071907078,23.2322447944441],[72.6330006648403,23.2322368915451],[72.6329941686705,23.2322289665237],[72.6329898563604,23.2322236699125],[72.6329897541224,23.2322235401767],[72.6329877031592,23.2322210202972],[72.6329812702594,23.2322130528951],[72.6329748680181,23.232205064288],[72.632968496451,23.2321970535733],[72.6329621555423,23.2321890216536],[72.6329558462527,23.232180969446],[72.6329495685981,23.2321728960482],[72.6329433225785,23.23216480146],[72.6329371072173,23.2321566856668],[72.6329309254124,23.2321485505178],[72.6329247742659,23.2321403941638],[72.6329186547384,23.232132217522],[72.6329125678226,23.2321240197046],[72.6329092009138,23.2321194559536],[72.6329090845999,23.2321192935054],[72.6329065115173,23.23211580339],[72.6329004878396,23.2321075649971],[72.6328944967257,23.2320993081363],[72.6328885372308,23.2320910309878],[72.6328826103475,23.2320827326637],[72.632876716028,23.2320744158717],[72.6328708543041,23.2320660788066],[72.6328650241674,23.2320577232589],[72.632859227603,23.232049347453],[72.6328534626417,23.2320409522618],[72.6328477312048,23.23203253952],[72.6328420323636,23.2320241065052],[72.6328363661021,23.2320156541199],[72.632833859392,23.2320118905575],[72.6328337481207,23.2320117191574],[72.6328307324044,23.2320071832668],[72.632825132247,23.2319986939604],[72.6328195646534,23.2319901861862],[72.6328140325694,23.2319816590857],[72.6328085310959,23.2319731134878],[72.6328030641234,23.231964550354],[72.6327976296988,23.2319559696549],[72.6327922307837,23.2319473696295],[72.6327868634238,23.2319387529266],[72.6327815296203,23.231930116868],[72.6327762293252,23.2319214641614],[72.6327709645237,23.231912793031],[72.63276573227,23.2319041043353],[72.6327639977059,23.2319012037329],[72.6327639057284,23.2319010461652],[72.6327605335248,23.2318953989915],[72.6327553702573,23.2318866761266],[72.6327502395375,23.2318779356963],[72.6327451433028,23.2318691786327],[72.6327400805766,23.231860404921],[72.632735053328,23.2318516136883],[72.6327300595878,23.2318428058075],[72.6327251003168,23.2318339821958],[72.6327201755468,23.2318251410483],[72.6327152842693,23.2318162841554],[72.6327104284535,23.2318074106438],[72.6327056071068,23.2317985214014],[72.6327008202292,23.2317896164283],[72.6326997640263,23.2317876342486],[72.6326997045056,23.2317875196009],[72.6326960678526,23.2317806939194],[72.6326913508898,23.2317717574995],[72.6326866694046,23.2317628035585],[72.6326820204034,23.2317538356623],[72.6326774088012,23.2317448520797],[72.6326728297466,23.2317358509316],[72.6326682880432,23.2317268368047],[72.6326637808089,23.2317178069469],[72.6326593090044,23.2317087622757],[72.6326548706763,23.2316997027616],[72.6326504697313,23.2316906284635],[72.6326461042,23.2316815402544],[72.6326417721612,23.2316724362999],[72.6326412947389,23.2316714243068],[72.6326412524154,23.2316713315852],[72.6326374774894,23.2316633184639],[72.6326332172707,23.2316541857997],[72.6326289934425,23.2316450392393],[72.6326248040354,23.2316358796558],[72.6326206510347,23.2316267052735],[72.6326165324552,23.2316175178683],[72.6326124512746,23.2316083147764],[72.6326084054759,23.2315990995787],[72.6326043960516,23.2315898713873],[72.6326004220411,23.2315806292851],[72.6325964844368,23.2315713723841],[72.6325925821985,23.2315621042798],[72.6325887173112,23.2315528231967],[72.632583888916,23.2315380233214],[72.6325790251881,23.2315232328442],[72.6325741251191,23.2315084535554],[72.6325691867717,23.231493684523],[72.6325642130756,23.2314789257912],[72.6325592010693,23.2314641791208],[72.6325541527538,23.2314494418338],[72.6325490671206,23.2314347157204],[72.6325439461388,23.2314199999076],[72.6325387868628,23.2314052952537],[72.6325363481647,23.2313983982481],[72.6325335921904,23.231390603608],[72.6325283602323,23.2313759213308],[72.6325230919332,23.2313612502421],[72.6325177872771,23.2313465912442],[72.6325124453193,23.2313319425175],[72.6325070670046,23.2313173058816],[72.632501652333,23.2313026813367],[72.6324962022971,23.2312880679948],[72.6324907149277,23.2312734667291],[72.6324851902566,23.2312588757345],[72.6324796301894,23.231244297748],[72.6324740337653,23.2312297318524],[72.6324684010003,23.2312151771452],[72.6324627308859,23.2312006354167],[72.6324570253914,23.2311861057938],[72.6324512835401,23.2311715882617],[72.6324455053478,23.231157081918],[72.6324396917436,23.2311425894849],[72.6324338417826,23.2311281091427],[72.6324279544723,23.2311136417793],[72.6324220327744,23.2310991856335],[72.6324160737273,23.2310847424665],[72.6324100792841,23.2310703123075],[72.6324040484523,23.2310558960445],[72.6323979822404,23.2310414918871],[72.6323918796559,23.231027100723],[72.6323857416914,23.2310127216645],[72.6323795663299,23.2309983582923],[72.6323733565808,23.2309840061378],[72.6323671104433,23.2309696678793],[72.6323608298864,23.2309553426435],[72.632354512941,23.2309410313037],[72.6323481596072,23.2309267338597],[72.6323417708934,23.2309124485213],[72.6323353467359,23.2308981788987],[72.6323288871984,23.2308839213815],[72.6323223912565,23.2308696786628],[72.6323158608954,23.2308554489668],[72.6323092931374,23.2308412349571],[72.6323026919686,23.2308270321798],[72.6322960553403,23.2308128460208],[72.6322893813629,23.2307986728403],[72.6322826729185,23.2307845153903],[72.6322759300549,23.230770370963],[72.6322691517796,23.2307562404463],[72.6322623370841,23.2307421256305],[72.6322264403754,23.2306845268579],[72.6321189583301,23.2305120721813],[72.6321188814225,23.2305119464379],[72.6318359352593,23.2300579742206],[72.631681588234,23.2298103440311],[72.6316478359682,23.2297561909061],[72.6316452615434,23.2297520615835],[72.6316144741214,23.2297026665817],[72.6315813184088,23.2296494748753],[72.6315505300708,23.229600078947],[72.6315247157529,23.2295586636775],[72.6314489286237,23.2294370771355],[72.6314212505233,23.2293926726234],[72.6313826136618,23.2293306881917],[72.6313778762101,23.2293230875518],[72.631316297839,23.22922429831],[72.6312499801788,23.2291179074757],[72.6311836626344,23.2290115157181],[72.6311173442132,23.2289051239251],[72.6310510239545,23.2287987311795],[72.6309882546554,23.2286980388665],[72.630981149014,23.2286866388034],[72.6309183798463,23.2285859446646],[72.6308520569893,23.2284795500076],[72.6307857332714,23.2283731544127],[72.6307194077002,23.2282667587676],[72.6306784715135,23.2282010913764],[72.6306530812682,23.2281603621846],[72.6305867539594,23.2280539655661],[72.6305204267505,23.227947568927],[72.6304446210318,23.227825970887],[72.6304105284723,23.2277712824852],[72.6303647971877,23.2276979268295],[72.6303340029116,23.2276485279142],[72.6303008375636,23.2275953277233],[72.6302856070714,23.227570900707],[72.6302700394418,23.2275459278374],[72.6302693193639,23.227544774053],[72.6301778761252,23.2273980936519],[72.6301752780251,23.227393926939],[72.630136888116,23.227332346825]]]}}, {"type" : "Feature", "id" : 0, "properties" : {"fid": 0, "fid1": 17, "zone": "South Zone", "layer": "g_ward_boundary_new", "remarks": "", "ward_no": 8, "zone_id": 3, "no_of_sch": 0, "object_id": 0, "sector_no": "", "vill_name": "UNVARASAD", "ward_name": "Ward No - 8", "co1_f_path": "", "co2_f_path": "", "co3_f_path": "", "co4_f_path": "", "cor_1_cont": "", "cor_1_name": "", "cor_2_cont": "", "cor_2_name": "", "cor_3_cont": "", "cor_3_name": "", "cor_4_cont": "", "cor_4_name": "", "female_pop": 0, "govt_prima": 0, "male_popul": 0, "no_med_fac": 0, "no_of_inst": 0, "shape_area": 539796.40000000002, "shape_leng": 3227.7876000000001, "total_hous": 0, "total_popu": 0, "z_offi_con": "", "zo_officer": ""}, "geometry" : {"type":"Polygon","coordinates":[[[72.605047760774,23.1929756400308],[72.605212041855,23.1932746604857],[72.6052143419744,23.1932789764648],[72.6051843556355,23.1933137344283],[72.6051561156842,23.1933504509136],[72.6051481636417,23.1933607911869],[72.6051078516291,23.1934132054606],[72.6049829614363,23.1935755852667],[72.6049760083307,23.193586807404],[72.6048236771396,23.1937853207303],[72.6046662443038,23.1939904881662],[72.6043027318831,23.1944642091261],[72.6043014519811,23.1944616654737],[72.6040597783996,23.1947758787959],[72.6038855556047,23.1950023955782],[72.6038266157366,23.1950790260283],[72.6036181256236,23.1953500931508],[72.6034717613392,23.1955403857413],[72.6033700391105,23.1956726384517],[72.6033579826715,23.1956883137506],[72.6028775005766,23.1963130019107],[72.6028521247118,23.1963459942659],[72.6028519527395,23.1963462182408],[72.6028517967912,23.1963464198905],[72.6027850532981,23.1964331927359],[72.6027603562644,23.1964653016745],[72.6026864240323,23.1965614232453],[72.6026149752397,23.1966543136892],[72.602605655865,23.1966744343684],[72.6026069189799,23.1966751261896],[72.602921022813,23.1968470644153],[72.602934440145,23.1968549695817],[72.6035075183965,23.1971927662698],[72.6039052881663,23.1974273373462],[72.6041723726762,23.1975848988101],[72.6042258311185,23.1976164409359],[72.6042727060695,23.1976441001294],[72.6042771894624,23.1976467449462],[72.6043832963983,23.1977093617796],[72.6045059354378,23.1977817447107],[72.6053521590648,23.1982815051643],[72.6055242099641,23.1983831927273],[72.6059092708222,23.1986108833223],[72.6061331471225,23.1987433431151],[72.6063437950545,23.1988680378152],[72.6064084245575,23.1989063079607],[72.6065949860947,23.1990168151523],[72.6067861915917,23.1991301327386],[72.6068773846942,23.1991842019922],[72.6069243172568,23.1992120346727],[72.6071160015168,23.1993257563996],[72.6073200374228,23.1994468934679],[72.6081793549135,23.1999583983797],[72.6083345689833,23.2000510908799],[72.6083867031229,23.2000822513636],[72.6084510700764,23.2001207442483],[72.6087285900524,23.2002868793423],[72.6088011085695,23.2003302943096],[72.6087968861246,23.2003445309706],[72.6088423919038,23.2004232769408],[72.6093553703745,23.2007311927566],[72.6095215131582,23.2008267261707],[72.6096915311704,23.2009162408436],[72.6098651748354,23.200999601163],[72.6100421875155,23.2010766840488],[72.6102034119229,23.2011403128616],[72.6103669421553,23.2011987368465],[72.6105325860772,23.2012518853675],[72.6104512804184,23.2011164412832],[72.6104499837902,23.2011142792908],[72.6104418272153,23.2011006931381],[72.6103620404562,23.2009677727903],[72.6103485407883,23.2009452835045],[72.6102058832636,23.2007076118279],[72.6100071905826,23.2003865213712],[72.6098959089988,23.2000849322279],[72.6098888150138,23.2000769521942],[72.6095220160982,23.1996643455627],[72.6094546059645,23.1995952677381],[72.6094073419317,23.1995468320904],[72.60940715891,23.1995469638217],[72.6094006015958,23.1995517490565],[72.609335133835,23.1994989895042],[72.6096381083879,23.1992157550021],[72.6098662959947,23.1990094949634],[72.609976662921,23.1988765377525],[72.6103681493359,23.1985177013769],[72.6108798710814,23.1981170701858],[72.6111485415123,23.1980147178583],[72.6115190120243,23.1978144071178],[72.6117735964952,23.1976849658301],[72.6119859131205,23.1976056481501],[72.6122022897148,23.1975099856337],[72.6119760242294,23.1968704051309],[72.6117173139232,23.1959925256822],[72.6117162984496,23.1959875133882],[72.6116819919401,23.1958182046279],[72.6116260821631,23.1955616158802],[72.6116259973033,23.1955615550082],[72.6115106442839,23.1954774698959],[72.6113655489001,23.1951033102784],[72.6111454018925,23.1947301610551],[72.611134736493,23.1947120798333],[72.6110629548539,23.1946043570938],[72.6109539938362,23.1944408304467],[72.6109057601635,23.1943684389299],[72.6107856194589,23.1941591467022],[72.6107262792345,23.1940557647078],[72.6106283706538,23.1938851808555],[72.6104809772907,23.1936283521728],[72.610368415981,23.1934203899862],[72.6102141898234,23.1931366222509],[72.6101220223455,23.1930328008837],[72.6098525230516,23.1927291806296],[72.6096258698624,23.1925365331744],[72.6095286179093,23.1925006512489],[72.6093449798887,23.1923578242001],[72.6091621253746,23.1922358666217],[72.6086257154425,23.1921891365423],[72.6085885343958,23.1925033052747],[72.6083204208773,23.1925001612244],[72.6081206932268,23.19252498197],[72.6080017838893,23.1925397585752],[72.607778920572,23.1925587228098],[72.6077588103225,23.1925575927143],[72.6076140054522,23.1925494536158],[72.6075454922896,23.1925456029665],[72.6075141463429,23.1924837419273],[72.6074637862667,23.1923843566691],[72.6073903562729,23.1924022765369],[72.6071943175869,23.192450118831],[72.6069239753318,23.1924759645396],[72.6062639404925,23.1924377092934],[72.6058058457217,23.1925031549132],[72.6058031629992,23.1925039798389],[72.6057293881816,23.1925241397653],[72.6055431998582,23.1926077154704],[72.6053590464376,23.1927390398894],[72.605047760774,23.1929756400308]]]}}, {"type" : "Feature", "id" : 0, "properties" : {"fid": 0, "fid1": 18, "zone": "South Zone", "layer": "g_ward_boundary_new", "remarks": "", "ward_no": 8, "zone_id": 3, "no_of_sch": 0, "object_id": 0, "sector_no": "4", "vill_name": "", "ward_name": "Ward No - 8", "co1_f_path": "", "co2_f_path": "", "co3_f_path": "", "co4_f_path": "", "cor_1_cont": "", "cor_1_name": "", "cor_2_cont": "", "cor_2_name": "", "cor_3_cont": "", "cor_3_name": "", "cor_4_cont": "", "cor_4_name": "", "female_pop": 0, "govt_prima": 0, "male_popul": 0, "no_med_fac": 0, "no_of_inst": 0, "shape_area": 935251.06000000006, "shape_leng": 3923.6080000000002, "total_hous": 0, "total_popu": 0, "z_offi_con": "", "zo_officer": ""}, "geometry" : {"type":"Polygon","coordinates":[[[72.6290180769983,23.2119384537039],[72.6288128125944,23.2116051272747],[72.6272798238969,23.2091156699395],[72.6248691625782,23.2051138816844],[72.6243381569601,23.2042323575457],[72.6238562041471,23.2037514607019],[72.6238514045103,23.2037466711306],[72.6238144172273,23.20370976434],[72.6233872121051,23.2032834904263],[72.623102002787,23.2033884690565],[72.6230143419492,23.2033971692522],[72.6229438674599,23.2034041665756],[72.6229417833716,23.2033773883502],[72.6227523601377,23.2033942575283],[72.6222561982658,23.2033599235683],[72.6222227625573,23.2033362697148],[72.621910490018,23.203310307289],[72.6219036290564,23.2033096365729],[72.6215507937283,23.2032751163653],[72.6215174411278,23.2032541692636],[72.6214042019589,23.2032385082773],[72.6211481753865,23.2032189987875],[72.6208957023677,23.2032162368788],[72.620882728096,23.2032160820924],[72.6203092435259,23.2032601205753],[72.6201271042705,23.2032094036165],[72.6196894261143,23.2032341201829],[72.6196858147374,23.2032342108589],[72.6196022231223,23.2032363298903],[72.619464578991,23.2031627575377],[72.6194212746817,23.2032019334691],[72.6192643199551,23.2032900092917],[72.6186666746352,23.2036030094324],[72.6185028536611,23.2037505476489],[72.6183202884244,23.2038765773846],[72.6180189137055,23.2040499028584],[72.6178897201798,23.2044329178094],[72.6180069750887,23.204710307431],[72.618061613494,23.2051044094209],[72.6178773501505,23.2051728434058],[72.6176002650633,23.2052576635362],[72.6174123373596,23.2056699433952],[72.617136679955,23.2064970888291],[72.6170648579599,23.2067125687641],[72.6178018098133,23.2075053362485],[72.6178025773408,23.2075065567],[72.6179218523522,23.2076964733999],[72.6179805119204,23.207789883535],[72.6180567364039,23.2079112814283],[72.6181234192061,23.2080175007434],[72.6181900904872,23.208123714445],[72.6182519855704,23.2082223392229],[72.6183138700791,23.2083209593075],[72.6183263844975,23.2083409044197],[72.6183757410838,23.2084195746542],[72.6184055163075,23.2084670361633],[72.6184376005535,23.2085181843903],[72.6185006385115,23.2086186942549],[72.6185077767309,23.208630071786],[72.6185708032472,23.2087305715244],[72.6186326289573,23.2088291725632],[72.6186944421078,23.2089277706843],[72.618756245644,23.2090263650294],[72.618818037613,23.2091249555688],[72.6188496919711,23.2091754670776],[72.6188845710095,23.2092311272262],[72.6189510938289,23.20933729509],[72.619012854951,23.2094358778794],[72.6190746161433,23.2095344615534],[72.619084384236,23.2095500551532],[72.6191363744123,23.2096330496778],[72.6191981288935,23.20973163592],[72.6192610715037,23.2098321305574],[72.6192682011054,23.2098435052223],[72.6193311438792,23.2099439962288],[72.6193928935576,23.2100425931711],[72.6194546451952,23.2101411946377],[72.6195010712144,23.2102153297871],[72.6195163929969,23.2102397969299],[72.6195781388999,23.2103384009796],[72.6196446320745,23.2104445916344],[72.6197111194582,23.2105507839847],[72.6197718793397,23.2106478338042],[72.6197823531656,23.2106645629194],[72.619905815257,23.2108617857315],[72.6199770423944,23.2109755672052],[72.6200395623333,23.2110754485283],[72.6200625083746,23.2111121102569],[72.6201289786654,23.2112183103335],[72.6201683625039,23.2112812399335],[72.6201954431653,23.2113245121058],[72.6202619086455,23.2114307192873],[72.6203283703037,23.2115369272915],[72.6203794815606,23.2116186181123],[72.6203912718124,23.2116374615734],[72.6203983966177,23.2116488415417],[72.6204613001949,23.21174937493],[72.6205277617527,23.2118556054354],[72.6205640415315,23.2119135939985],[72.6205942243069,23.2119618404476],[72.6206606868649,23.2120680808542],[72.6207271484663,23.212174325738],[72.6207936100717,23.2122805760163],[72.6208130607341,23.2123116714737],[72.6208600716489,23.2123868334942],[72.6209265302367,23.2124930999324],[72.620992985899,23.2125993717207],[72.6210558813905,23.2126999679928],[72.6210630012765,23.2127113559878],[72.6210853269493,23.2127470629983],[72.6211038067533,23.2127766207437],[72.6211258958592,23.2128119540295],[72.6211923503009,23.2129182564272],[72.6212588008248,23.2130245650627],[72.6212733710932,23.2130478759716],[72.6213252512886,23.213130882703],[72.6213916997715,23.2132372075132],[72.6214013670906,23.2132526739875],[72.6214581482423,23.2133435386205],[72.6215245947322,23.2134498768978],[72.6215411092427,23.2134763065215],[72.6215910412101,23.2135562214721],[72.621611642774,23.2135891948966],[72.621639299556,23.2136334632312],[72.6216574866996,23.2136625723287],[72.6217205175785,23.2137634638424],[72.6217429152225,23.2137993172157],[72.6217516801023,23.2138133499447],[72.6217690931163,23.2138412240514],[72.6218126185176,23.2139109001757],[72.6218175803561,23.2139188438844],[72.6220788560181,23.2143371631915],[72.6221165979484,23.2143975975572],[72.6222763485865,23.214653421191],[72.6222921621134,23.214678745075],[72.6223079746535,23.2147040698457],[72.6224033058964,23.2148567502739],[72.6225519020375,23.2150947555897],[72.6226966983127,23.2153479196863],[72.6267024947534,23.2131874269022],[72.6290180769983,23.2119384537039]]]}}, {"type" : "Feature", "id" : 0, "properties" : {"fid": 0, "fid1": 19, "zone": "South Zone", "layer": "g_ward_boundary_new", "remarks": "", "ward_no": 8, "zone_id": 3, "no_of_sch": 0, "object_id": 0, "sector_no": "", "vill_name": "VASANA HADMATIA", "ward_name": "Ward No - 8", "co1_f_path": "", "co2_f_path": "", "co3_f_path": "", "co4_f_path": "", "cor_1_cont": "", "cor_1_name": "", "cor_2_cont": "", "cor_2_name": "", "cor_3_cont": "", "cor_3_name": "", "cor_4_cont": "", "cor_4_name": "", "female_pop": 0, "govt_prima": 0, "male_popul": 0, "no_med_fac": 0, "no_of_inst": 0, "shape_area": 700122.19999999995, "shape_leng": 3477.248, "total_hous": 0, "total_popu": 0, "z_offi_con": "", "zo_officer": ""}, "geometry" : {"type":"Polygon","coordinates":[[[72.6160976924909,23.2065731658047],[72.6162395158085,23.2065446678148],[72.6162762785948,23.2065521468229],[72.6165190400359,23.2066015323816],[72.6167778893179,23.2066541911775],[72.6170648579599,23.2067125687641],[72.617136679955,23.2064970888291],[72.6174123373596,23.2056699433952],[72.6176002650633,23.2052576635362],[72.6178773501505,23.2051728434058],[72.618061613494,23.2051044094209],[72.6180069750887,23.204710307431],[72.6178897201798,23.2044329178094],[72.6180189137055,23.2040499028584],[72.6183202884244,23.2038765773846],[72.6185028536611,23.2037505476489],[72.6186666746352,23.2036030094324],[72.6192643199551,23.2032900092917],[72.6194212746817,23.2032019334691],[72.619464578991,23.2031627575377],[72.6190832508528,23.2028886215035],[72.6188422616172,23.2025723078375],[72.6188208085411,23.2025515151263],[72.6187339410908,23.2024673207742],[72.618651210226,23.2024168852922],[72.6186490467019,23.2023425122039],[72.6186338849526,23.2023836190708],[72.6183384170978,23.202136473998],[72.6183991468104,23.2018058488193],[72.6184483662449,23.2017087817003],[72.618381546118,23.2016711592046],[72.6183836366185,23.2016243022829],[72.6181728965786,23.2011258858141],[72.6181487214589,23.2009612732664],[72.6180695134701,23.2007228174845],[72.6179076545763,23.2002396254063],[72.6178295559414,23.2000426429013],[72.6176650537728,23.1995863315043],[72.6174779540938,23.1991398275746],[72.6173207286636,23.1987580504341],[72.6172536745982,23.1986230158966],[72.6171803851289,23.1984662111166],[72.6166735809434,23.1974375452019],[72.6166123840318,23.1973430320127],[72.6165798415355,23.1972734527101],[72.6164011963491,23.1972855696929],[72.6163493047225,23.1972861012395],[72.6161260210582,23.1972884124109],[72.6155594965458,23.1972668607822],[72.6152578567703,23.1972977193006],[72.6152165763884,23.1973505197787],[72.6147808006728,23.1972558331766],[72.6140971643709,23.1972902119372],[72.6134431412037,23.1973850763497],[72.613234416641,23.1974760540077],[72.6128659344945,23.1975619766504],[72.6125602224319,23.1974795335775],[72.6122022897148,23.1975099856337],[72.6119859131205,23.1976056481501],[72.6117735964952,23.1976849658301],[72.6115190120243,23.1978144071178],[72.6111485415123,23.1980147178583],[72.6108798710814,23.1981170701858],[72.6103681493359,23.1985177013769],[72.609976662921,23.1988765377525],[72.6098662959947,23.1990094949634],[72.6096381083879,23.1992157550021],[72.609335133835,23.1994989895042],[72.6094006015958,23.1995517490565],[72.60940715891,23.1995469638217],[72.6094073419317,23.1995468320904],[72.6094546059645,23.1995952677381],[72.6095220160982,23.1996643455627],[72.6098888150138,23.2000769521942],[72.6098959089988,23.2000849322279],[72.6100071905826,23.2003865213712],[72.6102058832636,23.2007076118279],[72.6103485407883,23.2009452835045],[72.6103620404562,23.2009677727903],[72.6104418272153,23.2011006931381],[72.6104499837902,23.2011142792908],[72.6104512804184,23.2011164412832],[72.6105325860772,23.2012518853675],[72.6105326346397,23.2012519005498],[72.6106036284227,23.2013696920988],[72.610845842149,23.2016493937128],[72.6109177137199,23.2017503626053],[72.6109234117367,23.2017583692383],[72.6112872962414,23.2022695744112],[72.6116395649923,23.202713318508],[72.6116705883065,23.2027523987944],[72.611684050946,23.2027693561137],[72.6118884167651,23.2029716967192],[72.6119258824073,23.2030087921043],[72.6120613686811,23.203325966808],[72.6121486338517,23.2035302598357],[72.6121535393048,23.2035519287583],[72.6122850572276,23.2041330330921],[72.612325878584,23.2042321974355],[72.6123405954533,23.2042679497134],[72.6125080065655,23.2046746317936],[72.6125990018971,23.2049831283543],[72.6126205397606,23.2050561551287],[72.6126212096291,23.2051262298233],[72.6126245736019,23.2054780308016],[72.6126247744251,23.2054990441794],[72.6128047546245,23.2061014268142],[72.6128816732572,23.2064249294506],[72.6128955136566,23.2064831448252],[72.6129224901162,23.207026497136],[72.6130486080299,23.207083414613],[72.6132286951606,23.2071646876558],[72.6137293369927,23.2071400764144],[72.6137869040566,23.2071324523489],[72.6138459954059,23.2071248468833],[72.6143891270589,23.2070547699527],[72.6146138684153,23.2069746406604],[72.6148502078762,23.2068903247639],[72.6152494643598,23.2067958328073],[72.6156410371859,23.2067030748617],[72.6158603734106,23.206620847616],[72.6158982654513,23.2066132376474],[72.6160976924909,23.2065731658047]]]}}, {"type" : "Feature", "id" : 0, "properties" : {"fid": 0, "fid1": 20, "zone": "South Zone", "layer": "g_ward_boundary_new", "remarks": "", "ward_no": 8, "zone_id": 3, "no_of_sch": 0, "object_id": 0, "sector_no": "", "vill_name": "SARGASAN", "ward_name": "Ward No - 8", "co1_f_path": "", "co2_f_path": "", "co3_f_path": "", "co4_f_path": "", "cor_1_cont": "", "cor_1_name": "", "cor_2_cont": "", "cor_2_name": "", "cor_3_cont": "", "cor_3_name": "", "cor_4_cont": "", "cor_4_name": "", "female_pop": 0, "govt_prima": 0, "male_popul": 0, "no_med_fac": 0, "no_of_inst": 0, "shape_area": 5396560, "shape_leng": 13548.145500000001, "total_hous": 0, "total_popu": 0, "z_offi_con": "", "zo_officer": ""}, "geometry" : {"type":"Polygon","coordinates":[[[72.623102002787,23.2033884690565],[72.6233872121051,23.2032834904263],[72.6233730525,23.2032294868399],[72.6233720927988,23.2032258223858],[72.6232670257361,23.2028251756875],[72.6228647024126,23.2012929399878],[72.6228413590079,23.2012025959755],[72.6228255124278,23.2011065116571],[72.6227086868324,23.2003998108687],[72.6227066773347,23.2003745043976],[72.6226963295769,23.2003252203667],[72.6226207637317,23.199936161532],[72.6224477063199,23.1993722105988],[72.6223264384951,23.1989780822005],[72.6223249016882,23.198971931783],[72.6220678393583,23.1979446566734],[72.6220598910856,23.1979239855593],[72.6220261884165,23.1978363502582],[72.6217765596386,23.1971876587129],[72.621719845839,23.1970403815682],[72.621696622247,23.1969800901601],[72.6216952749008,23.1969775293562],[72.6216785393333,23.1969457511233],[72.6214782752361,23.1965656485162],[72.6213335394769,23.19629122743],[72.6211034516378,23.195855603691],[72.6210309472658,23.1956932584244],[72.6210259958035,23.1956821704925],[72.6208044755608,23.1951870861109],[72.6207972728355,23.1951709897906],[72.620801613896,23.1951587415185],[72.6208141208332,23.1951633498338],[72.6208382004131,23.195172217396],[72.6208668375398,23.1951828673774],[72.6211799819393,23.1952994081637],[72.621400102242,23.1953814789204],[72.621412878197,23.1951353246194],[72.6214383484314,23.1946448013559],[72.6214428232297,23.1945586623754],[72.6214581361944,23.1943296649592],[72.6214703445399,23.1941471274001],[72.6215050979886,23.1936276089461],[72.6215246742192,23.193335046967],[72.6215280051169,23.1932852836224],[72.6215329118994,23.1932119742707],[72.6215493037201,23.1931643674675],[72.6215656212468,23.1930273028491],[72.6215888317404,23.192832332378],[72.6216387155641,23.1924134084766],[72.6216588444228,23.1922443896971],[72.6217088672069,23.1918244214943],[72.6217362039496,23.19159491059],[72.6218235874404,23.1907514909761],[72.6218667176278,23.1903350755502],[72.6218990757486,23.1900226124402],[72.6219169077589,23.1897986624062],[72.6219411639298,23.1894939255638],[72.621958629572,23.1892744432532],[72.6220264826322,23.1884212369287],[72.6220479766616,23.1880805365073],[72.6220520971719,23.1880151984911],[72.6220565912303,23.1879439240035],[72.622100674687,23.1872441120258],[72.6221153981531,23.1869588177073],[72.62215096604,23.1862683335427],[72.6221309002037,23.1858263553451],[72.622104233934,23.1858320307365],[72.6221026099172,23.1857583715858],[72.6221025740699,23.1857567541594],[72.6221024331655,23.1857503648389],[72.6221019845484,23.1857300111317],[72.6221009992624,23.1856853924324],[72.6221271471768,23.1856843982607],[72.6221249911516,23.1851432401385],[72.6221248902287,23.1851180238779],[72.6225620194006,23.1851289517105],[72.6233344576353,23.1851485840314],[72.6233344888602,23.1851485854059],[72.6233917896452,23.1851500558704],[72.6233918807675,23.1851507569043],[72.6233931328107,23.1851583745489],[72.6235382779851,23.1851643894396],[72.624034141135,23.1851850223702],[72.6243438489949,23.1851930314462],[72.624679426744,23.1851993116615],[72.6247869376414,23.1852013221068],[72.625028519505,23.185207936585],[72.6252788235756,23.1852147897784],[72.625425234366,23.1852165617961],[72.6259274323201,23.1852226484408],[72.6260080892196,23.1852245037983],[72.6267421480192,23.1852414151336],[72.6271618597534,23.1852511069047],[72.62806949048,23.1852847069311],[72.6287717286626,23.1853107735365],[72.6288829759422,23.1853149021729],[72.6290579164559,23.1853214052725],[72.6291413757496,23.1853245082845],[72.6291465440979,23.1853247026285],[72.6291139123404,23.1852378385996],[72.6290470284592,23.1850598132205],[72.6289949194362,23.1849211282159],[72.6289391077816,23.1848267846252],[72.6289110116047,23.184748930116],[72.6288370773438,23.1845440596938],[72.6288189787957,23.1844939088868],[72.6287573109665,23.1842969619927],[72.6287160552462,23.1842426388627],[72.6286822165314,23.1841926796357],[72.6286216503607,23.1839882670163],[72.6285942459334,23.1839900369062],[72.6284269382254,23.1840008429257],[72.628397145641,23.1840300503717],[72.6278958923669,23.184087260625],[72.62783706377,23.1840989539848],[72.6277668253315,23.184112917324],[72.6275814245977,23.1841497730531],[72.6274859405782,23.1841696127932],[72.6274699314657,23.184173697532],[72.6274526677253,23.1841781018943],[72.6272956321664,23.18421817191],[72.627029915765,23.1842409907552],[72.6269856485829,23.184238438978],[72.6269172420884,23.1842327533471],[72.6267548357669,23.1841919659771],[72.6267536064753,23.1841909606899],[72.6266547272315,23.1841100872288],[72.6266503781375,23.1841059157558],[72.6265925830262,23.1840504759603],[72.6263457526074,23.1838845118569],[72.626344205753,23.1838837942782],[72.6255371896215,23.1835097104443],[72.6254504059204,23.1834728021034],[72.6253946730566,23.1834491033568],[72.6253685856288,23.183443322714],[72.6253682425404,23.1834432859384],[72.6250959036907,23.1834146900671],[72.6250629542283,23.1834112315793],[72.6249329889593,23.1833916139985],[72.6246308964035,23.1833460553565],[72.6245674523247,23.1833309138642],[72.6245462473549,23.1833263632692],[72.6243344033945,23.1832809352038],[72.6241803184963,23.1832474832863],[72.6239940428783,23.1831764840068],[72.6237668312802,23.1831156130252],[72.6236859499725,23.1830945392595],[72.6234055468388,23.183017621801],[72.6232140303011,23.1828316316282],[72.6231444991596,23.1827641065866],[72.6231096428529,23.1827303133447],[72.6229853119459,23.1826097767765],[72.6229237245118,23.1822465564789],[72.6227420173062,23.1811772741481],[72.6226774196116,23.1807969646521],[72.622624845822,23.1804871474181],[72.6226037041086,23.1803517715265],[72.6226026812851,23.1803452217232],[72.6225935359681,23.1802949167517],[72.6225749544818,23.1801926421936],[72.6225370133351,23.1799680386107],[72.6224890362119,23.1796823165857],[72.6224383414569,23.1793772158588],[72.6224047737454,23.1791747983457],[72.6224018001506,23.1791568548229],[72.6224008745363,23.1791512697579],[72.6224003936549,23.1791483672641],[72.6223939047196,23.1791092093718],[72.6222796113312,23.179111226273],[72.6222443000078,23.1791118500801],[72.6215973930149,23.1791233162687],[72.6215731507501,23.1791237470162],[72.6213630679833,23.1791274841704],[72.6212729844273,23.1791290835761],[72.6204848744871,23.1793360532861],[72.6204168591125,23.1793538532096],[72.6195568762002,23.1795772903065],[72.6195228620701,23.1795861069091],[72.6193895421333,23.1796206842926],[72.6193664787763,23.1796266674876],[72.6193554294429,23.1796222139117],[72.6185921034604,23.1793145367381],[72.6186044147878,23.1792769416194],[72.6184625528753,23.17924218348],[72.6183741549459,23.1794196876295],[72.6182160200951,23.1797365982124],[72.6181073227147,23.1799539822326],[72.6179350946725,23.1799988045571],[72.6178200277627,23.1800287484436],[72.6176959706813,23.1800610342692],[72.6177029388757,23.1799134609309],[72.6176858255516,23.1798486403105],[72.617636686071,23.1796016761822],[72.6176185299191,23.1795105038212],[72.6175119374123,23.1792311383663],[72.6174862693679,23.1791896803936],[72.6173153087005,23.1789134181169],[72.6172703611612,23.1788407488256],[72.6171443559776,23.1786369653271],[72.6169642061045,23.1784381305875],[72.6168028691412,23.1782599960863],[72.6167216600284,23.1782029372867],[72.6167108166371,23.178193265872],[72.616592237395,23.1780874993148],[72.6165532183341,23.1780668178399],[72.6162873118328,23.1779258707783],[72.615840076232,23.177760565424],[72.6156680482168,23.1777168382665],[72.6153351630022,23.1776322213063],[72.6152910040108,23.1776255892676],[72.6152737603531,23.1776229996876],[72.6150768635604,23.1776143643969],[72.6150439588904,23.1776126686301],[72.6145618538313,23.1775878393365],[72.6143864808691,23.1775788135476],[72.6142631796812,23.1775489238118],[72.6139301420952,23.1774681935347],[72.6135667498907,23.1773801032174],[72.6130166984144,23.1771733940025],[72.6122482732304,23.1768845932327],[72.6121955448843,23.1768647752344],[72.6115298812351,23.1766881189901],[72.6113855367982,23.1766498124893],[72.6112400699355,23.1766112071568],[72.6112132749115,23.1766040954906],[72.6111202173265,23.1765794002481],[72.6109318234481,23.1765473137834],[72.6106414463686,23.176504054212],[72.6101645310333,23.1764330131988],[72.6100328442069,23.176421369889],[72.6097539612694,23.1763967162003],[72.6096230154209,23.1763851424864],[72.609343637289,23.1763604525712],[72.6093436348643,23.1763602593399],[72.6093433915901,23.1763604316861],[72.6092972662354,23.176438224844],[72.6092633748087,23.1764330678983],[72.6089350248133,23.1763831093223],[72.6089274454594,23.1763819559695],[72.6085428597918,23.1763234405568],[72.6085436452881,23.1763192428401],[72.6085673754919,23.1761923045415],[72.6086166888224,23.1759285544069],[72.6086850254435,23.1755630694499],[72.6086868242754,23.175553446086],[72.6086954493275,23.1753219703448],[72.6086964304401,23.1753129746249],[72.6087159014389,23.1751344807029],[72.6087419086292,23.1748960630771],[72.6087764821465,23.1745790885453],[72.6086491800729,23.1744662931522],[72.6086399020017,23.1744615028692],[72.6084361762949,23.1743563292085],[72.6082827194274,23.1742770940984],[72.607873196693,23.1740655830153],[72.6076624710482,23.1739433893975],[72.6075680679487,23.1738886399588],[72.607484038256,23.1738399017707],[72.6074323509593,23.1738099193037],[72.607039461265,23.1735819775533],[72.6069796697489,23.1733652351389],[72.6067574043174,23.1732536992014],[72.6066781991957,23.1732139498163],[72.6065469273165,23.1731480676557],[72.6064902266765,23.1731196101966],[72.6064524282163,23.1731006385766],[72.6063800615781,23.1730703142249],[72.6062248231142,23.1730052607951],[72.6060022720326,23.1729119899246],[72.6058876432144,23.1728639446917],[72.6057680492189,23.1728138178802],[72.6057660603573,23.1727992691672],[72.6057407434131,23.1726142390804],[72.6054137374831,23.1724652479406],[72.6050738174283,23.1723767361858],[72.6047338992812,23.1722882002815],[72.6046819900753,23.1722778824007],[72.6040418571347,23.1721506049252],[72.6040345272085,23.1721486760559],[72.6035662830528,23.172025357457],[72.603323809005,23.1719615008656],[72.6027393276289,23.1718706937042],[72.602522338865,23.1718369958088],[72.6018453434614,23.1717671388295],[72.6017884537127,23.1717539870594],[72.6015893753196,23.1717080113211],[72.6007792303723,23.1715226763571],[72.6005905982355,23.1720644936091],[72.6005000806794,23.172324187063],[72.6003487690985,23.1727298151027],[72.6003375499045,23.1727814353168],[72.6003328951445,23.1728028449629],[72.6002033467808,23.1731995773311],[72.6000954773191,23.1731902752155],[72.6000625617749,23.173245763368],[72.5999983165566,23.1733540455752],[72.5999833840712,23.1733792102003],[72.5998711668194,23.1735682903409],[72.5997882458629,23.1738644573511],[72.5997424739525,23.1740290834079],[72.5997240402841,23.1740955949162],[72.5997067003515,23.1741582131873],[72.5996969472852,23.1742026686993],[72.5995275478685,23.1746886780234],[72.5995514601225,23.1747441706341],[72.5995517516865,23.1747448494533],[72.5995507227908,23.1747513454682],[72.5995461355089,23.1747960485715],[72.599542137942,23.1748350090966],[72.5995287913195,23.1749651633635],[72.599525674584,23.1752966577136],[72.5994723984904,23.1756358432379],[72.5994640738368,23.1756888300498],[72.5994582219705,23.1756875139184],[72.5994547461337,23.1757248664274],[72.5996464095154,23.1758049761299],[72.599683089992,23.1758202571253],[72.5994235890064,23.1762356084498],[72.5993436624902,23.1763635364125],[72.5992119449581,23.176574359535],[72.5991279553336,23.1767031407827],[72.5988839830163,23.1770772147236],[72.5988290946343,23.1772725561956],[72.5987431547668,23.1775784143769],[72.5987470660613,23.1779923892693],[72.5987484913374,23.1781432093523],[72.5987493321249,23.1782321435368],[72.5988488816857,23.1786013747416],[72.5988786336569,23.1787117233053],[72.5989129428645,23.1788466887091],[72.5990298203462,23.1793064796182],[72.5992872456563,23.1801406580499],[72.598985139492,23.180231802086],[72.5984992759561,23.1803783826004],[72.598502685211,23.1804112856349],[72.5985450413447,23.1808202427009],[72.5985845179043,23.1811401171279],[72.598590080747,23.1811851935176],[72.5987055989508,23.181609498442],[72.5987624268911,23.1818182219351],[72.5987508633169,23.1820172224297],[72.5987445396037,23.1821260436581],[72.5987922522397,23.1821662618038],[72.5990380147139,23.1823734205013],[72.5991864791498,23.1826797678728],[72.5992781808078,23.1828278045272],[72.5993062967675,23.182873189818],[72.5995783697002,23.1833123936039],[72.5996721936317,23.1834638505638],[72.5998884789327,23.1837538275339],[72.6000964146664,23.1840326016765],[72.6001566360315,23.1841133416745],[72.600326868354,23.1843886118657],[72.6003468723047,23.1844209573025],[72.6004523040249,23.1845914435533],[72.6003006948908,23.1854127881019],[72.6003366358723,23.1855539134508],[72.6003479042904,23.1857460645682],[72.6003614335086,23.1859767290694],[72.600329465472,23.1860483631036],[72.6001374278372,23.186478666457],[72.6000782455909,23.1865148919839],[72.5994996170807,23.1868690706041],[72.599372398484,23.1869469407506],[72.5992547986949,23.1870155127655],[72.5986692037725,23.1873569753847],[72.5979028947523,23.1876906487475],[72.5985361801634,23.1886849475742],[72.5986266637481,23.1888906659302],[72.5990037544008,23.1897480115653],[72.5991060137986,23.1898778852045],[72.5991345262043,23.1899140981546],[72.5994216297318,23.1902787357398],[72.5996352419748,23.1905500305185],[72.5993034318349,23.1906491132743],[72.5987426928013,23.1907309957075],[72.5986774551181,23.1907155256491],[72.5984300382082,23.1906568489876],[72.5981654939678,23.1906983862161],[72.5981422587599,23.1907020334139],[72.597466130552,23.1908081896758],[72.5973917397288,23.190819870065],[72.5975345678223,23.1913043554405],[72.5975635216473,23.1914025741339],[72.5976065917015,23.1915486675353],[72.5976208315967,23.1917915183836],[72.5976313819007,23.1919714835981],[72.5976430704916,23.1920256352129],[72.5976635526794,23.1921205214722],[72.5977183773028,23.1923745202915],[72.5977909797916,23.1927717354388],[72.5978061001607,23.1928544670348],[72.5978790243822,23.1932179098795],[72.5978996605754,23.1933207509851],[72.5979370510724,23.1935070907093],[72.5981199110698,23.1934705982885],[72.5993485942779,23.1932253853796],[72.5993698773947,23.193219240961],[72.5995382075609,23.1931706373599],[72.6004478407304,23.1929079810813],[72.6003819957832,23.1925432160645],[72.6006725845746,23.192453715582],[72.6010248304884,23.1923452253286],[72.6019244766838,23.1920765648178],[72.6020202689203,23.1920479601913],[72.6022366261753,23.191955329816],[72.602662368548,23.1917730529395],[72.6027645216519,23.1915798571785],[72.6028280523816,23.1915200290112],[72.6028675840549,23.1914827980288],[72.6031588996464,23.1914994383605],[72.6031683797717,23.1914993553195],[72.6034084396472,23.1914972218639],[72.6035125981528,23.191515525502],[72.6035381465245,23.191559830197],[72.6036865766969,23.1918172200546],[72.6039251975764,23.1922310144577],[72.6039433383525,23.1922624717242],[72.6040200791484,23.192395544177],[72.6041654596603,23.1924775323444],[72.6045264979482,23.1926812516934],[72.6049314164132,23.192909905956],[72.605047760774,23.1929756400308],[72.6053590464376,23.1927390398894],[72.6055431998582,23.1926077154704],[72.6057293881816,23.1925241397653],[72.6058031629992,23.1925039798389],[72.6058058457217,23.1925031549132],[72.6062639404925,23.1924377092934],[72.6069239753318,23.1924759645396],[72.6071943175869,23.192450118831],[72.6073903562729,23.1924022765369],[72.6074637862667,23.1923843566691],[72.6075141463429,23.1924837419273],[72.6075454922896,23.1925456029665],[72.6076140054522,23.1925494536158],[72.6077588103225,23.1925575927143],[72.607778920572,23.1925587228098],[72.6080017838893,23.1925397585752],[72.6081206932268,23.19252498197],[72.6083204208773,23.1925001612244],[72.6085885343958,23.1925033052747],[72.6086257154425,23.1921891365423],[72.6091621253746,23.1922358666217],[72.6093449798887,23.1923578242001],[72.6095286179093,23.1925006512489],[72.6096258698624,23.1925365331744],[72.6098525230516,23.1927291806296],[72.6101220223455,23.1930328008837],[72.6102141898234,23.1931366222509],[72.610368415981,23.1934203899862],[72.6104809772907,23.1936283521728],[72.6106283706538,23.1938851808555],[72.6107262792345,23.1940557647078],[72.6107856194589,23.1941591467022],[72.6109057601635,23.1943684389299],[72.6109539938362,23.1944408304467],[72.6110629548539,23.1946043570938],[72.611134736493,23.1947120798333],[72.6111454018925,23.1947301610551],[72.6113655489001,23.1951033102784],[72.6115106442839,23.1954774698959],[72.6116259973033,23.1955615550082],[72.6116260821631,23.1955616158802],[72.6116819919401,23.1958182046279],[72.6117162984496,23.1959875133882],[72.6117173139232,23.1959925256822],[72.6118259036145,23.1963610011437],[72.6119760242294,23.1968704051309],[72.6122022897148,23.1975099856337],[72.6125602224319,23.1974795335775],[72.6128659344945,23.1975619766504],[72.613234416641,23.1974760540077],[72.6134431412037,23.1973850763497],[72.6140971643709,23.1972902119372],[72.6147808006728,23.1972558331766],[72.6152165763884,23.1973505197787],[72.6152578567703,23.1972977193006],[72.6155594965458,23.1972668607822],[72.6161260210582,23.1972884124109],[72.6163493047225,23.1972861012395],[72.6164011963491,23.1972855696929],[72.6165798415355,23.1972734527101],[72.6166123840318,23.1973430320127],[72.6166735809434,23.1974375452019],[72.6171803851289,23.1984662111166],[72.6172536745982,23.1986230158966],[72.6173207286636,23.1987580504341],[72.6174779540938,23.1991398275746],[72.6176650537728,23.1995863315043],[72.6178295559414,23.2000426429013],[72.6179076545763,23.2002396254063],[72.6180695134701,23.2007228174845],[72.6181487214589,23.2009612732664],[72.6181728965786,23.2011258858141],[72.6183836366185,23.2016243022829],[72.618381546118,23.2016711592046],[72.6184483662449,23.2017087817003],[72.6183991468104,23.2018058488193],[72.6183384170978,23.202136473998],[72.6186338849526,23.2023836190708],[72.6186490467019,23.2023425122039],[72.618651210226,23.2024168852922],[72.6187339410908,23.2024673207742],[72.6188422616172,23.2025723078375],[72.6190832508528,23.2028886215035],[72.619464578991,23.2031627575377],[72.6196022231223,23.2032363298903],[72.6196858147374,23.2032342108589],[72.6196894261143,23.2032341201829],[72.6201271042705,23.2032094036165],[72.6203092435259,23.2032601205753],[72.620882728096,23.2032160820924],[72.6208957023677,23.2032162368788],[72.6211481753865,23.2032189987875],[72.6214042019589,23.2032385082773],[72.6215174411278,23.2032541692636],[72.6215507937283,23.2032751163653],[72.6219036290564,23.2033096365729],[72.621910490018,23.203310307289],[72.6222227625573,23.2033362697148],[72.6222561982658,23.2033599235683],[72.6227523601377,23.2033942575283],[72.6229417833716,23.2033773883502],[72.6229438674599,23.2034041665756],[72.6230143419492,23.2033971692522],[72.623102002787,23.2033884690565]]]}}, {"type" : "Feature", "id" : 0, "properties" : {"fid": 0, "fid1": 21, "zone": "South Zone", "layer": "g_ward_boundary_new", "remarks": "", "ward_no": 9, "zone_id": 3, "no_of_sch": 0, "object_id": 0, "sector_no": "Infocity", "vill_name": "", "ward_name": "Ward No - 9", "co1_f_path": "", "co2_f_path": "", "co3_f_path": "", "co4_f_path": "", "cor_1_cont": "", "cor_1_name": "", "cor_2_cont": "", "cor_2_name": "", "cor_3_cont": "", "cor_3_name": "", "cor_4_cont": "", "cor_4_name": "", "female_pop": 0, "govt_prima": 0, "male_popul": 0, "no_med_fac": 0, "no_of_inst": 0, "shape_area": 2341630.2000000002, "shape_leng": 6491.7484999999997, "total_hous": 0, "total_popu": 0, "z_offi_con": "", "zo_officer": ""}, "geometry" : {"type":"Polygon","coordinates":[[[72.6395389842625,23.1959802278026],[72.6394197136653,23.1946032446194],[72.6392133485265,23.1925217148258],[72.638858934806,23.1890366640068],[72.6387001734021,23.1875950127806],[72.6385605956152,23.1860002751649],[72.6385254923613,23.1855800896734],[72.6384960433895,23.1853408938357],[72.6380714696897,23.1852896273367],[72.6372694943081,23.1853130443512],[72.6371460307435,23.1853693731579],[72.6368225019583,23.1854302965472],[72.6363868411001,23.1854042598681],[72.6357244617317,23.185364707469],[72.6357234393583,23.1853646478684],[72.6356596193447,23.1853619111957],[72.6351046717243,23.1854112938408],[72.6348012655811,23.1854164450556],[72.6344412702588,23.1854108981074],[72.6341509652189,23.1853756078245],[72.6338494238097,23.1852691987782],[72.633341558965,23.1850923611129],[72.6328160129169,23.1849001251328],[72.6324241650855,23.184791227136],[72.6321329088465,23.1847051542698],[72.6317455290286,23.1846243074102],[72.6313631776654,23.1844834936429],[72.6307978133085,23.1843015005726],[72.6303183857799,23.1841138529776],[72.6299471439325,23.1840083198801],[72.6299440419933,23.1840087895473],[72.6297574990401,23.1840370704665],[72.6297220756664,23.1840435839632],[72.6296152876619,23.1839314623109],[72.629596274851,23.1839115023375],[72.6292481184422,23.183546030353],[72.6291001887629,23.1833907780597],[72.6290539626635,23.1833422671958],[72.6290094642698,23.1832000342954],[72.6289772239609,23.1831679247435],[72.6285830775555,23.1834380025409],[72.6285492499857,23.1834611817947],[72.6286216503607,23.1839882670163],[72.6286822165314,23.1841926796357],[72.6287160552462,23.1842426388627],[72.6287573109665,23.1842969619927],[72.6288189787957,23.1844939088868],[72.6288370773438,23.1845440596938],[72.6289110116047,23.184748930116],[72.6289391077816,23.1848267846252],[72.6289949194362,23.1849211282159],[72.6290470284592,23.1850598132205],[72.6291139123404,23.1852378385996],[72.6291465440979,23.1853247026285],[72.6291413757496,23.1853245082845],[72.6290579164559,23.1853214052725],[72.6288829759422,23.1853149021729],[72.6287717286626,23.1853107735365],[72.62806949048,23.1852847069311],[72.6271618597534,23.1852511069047],[72.6267421480192,23.1852414151336],[72.6260080892196,23.1852245037983],[72.6259274323201,23.1852226484408],[72.625425234366,23.1852165617961],[72.6252788235756,23.1852147897784],[72.625028519505,23.185207936585],[72.6247869376414,23.1852013221068],[72.624679426744,23.1851993116615],[72.6243438489949,23.1851930314462],[72.624034141135,23.1851850223702],[72.6235382779851,23.1851643894396],[72.6233931328107,23.1851583745489],[72.6233918807675,23.1851507569043],[72.6233917896452,23.1851500558704],[72.6233344888602,23.1851485854059],[72.6233344576353,23.1851485840314],[72.6225620194006,23.1851289517105],[72.6221248902287,23.1851180238779],[72.6221249911516,23.1851432401385],[72.6221271471768,23.1856843982607],[72.6221009992624,23.1856853924324],[72.6221019845484,23.1857300111317],[72.6221024331655,23.1857503648389],[72.6221025740699,23.1857567541594],[72.6221026099172,23.1857583715858],[72.622104233934,23.1858320307365],[72.6221309002037,23.1858263553451],[72.62215096604,23.1862683335427],[72.6221153981531,23.1869588177073],[72.622100674687,23.1872441120258],[72.6220565912303,23.1879439240035],[72.6220520971719,23.1880151984911],[72.6220479766616,23.1880805365073],[72.6220264826322,23.1884212369287],[72.621958629572,23.1892744432532],[72.6219411639298,23.1894939255638],[72.6219169077589,23.1897986624062],[72.6218990757486,23.1900226124402],[72.6218667176278,23.1903350755502],[72.6218235874404,23.1907514909761],[72.6217362039496,23.19159491059],[72.6217088672069,23.1918244214943],[72.6216588444228,23.1922443896971],[72.6216387155641,23.1924134084766],[72.6215888317404,23.192832332378],[72.6215656212468,23.1930273028491],[72.6215493037201,23.1931643674675],[72.6215329118994,23.1932119742707],[72.6215280051169,23.1932852836224],[72.6215246742192,23.193335046967],[72.6215050979886,23.1936276089461],[72.6214703445399,23.1941471274001],[72.6214581361944,23.1943296649592],[72.6214428232297,23.1945586623754],[72.6214383484314,23.1946448013559],[72.621412878197,23.1951353246194],[72.621400102242,23.1953814789204],[72.6211799819393,23.1952994081637],[72.6208668375398,23.1951828673774],[72.6208382004131,23.195172217396],[72.6208141208332,23.1951633498338],[72.620801613896,23.1951587415185],[72.6207972728355,23.1951709897906],[72.6208044755608,23.1951870861109],[72.6210259958035,23.1956821704925],[72.6210309472658,23.1956932584244],[72.6210620313899,23.1957628609277],[72.6211034516378,23.195855603691],[72.6213335394769,23.19629122743],[72.6214782752361,23.1965656485162],[72.6215211558097,23.1966470364267],[72.6235150243646,23.1966783900504],[72.6239629141929,23.1967099045854],[72.6244995429901,23.1968124901431],[72.6248449908338,23.1968785264102],[72.6255905271153,23.197021042669],[72.6271063314981,23.1972253824526],[72.6292013152878,23.1974097479085],[72.6310209981375,23.1973797532066],[72.6312749787457,23.1974465987622],[72.6382811251192,23.1963668526048],[72.6395389842625,23.1959802278026]]]}}, {"type" : "Feature", "id" : 0, "properties" : {"fid": 0, "fid1": 22, "zone": "South Zone", "layer": "g_ward_boundary_new", "remarks": "", "ward_no": 10, "zone_id": 3, "no_of_sch": 0, "object_id": 0, "sector_no": "8", "vill_name": "", "ward_name": "Ward No - 10", "co1_f_path": "", "co2_f_path": "", "co3_f_path": "", "co4_f_path": "", "cor_1_cont": "", "cor_1_name": "", "cor_2_cont": "", "cor_2_name": "", "cor_3_cont": "", "cor_3_name": "", "cor_4_cont": "", "cor_4_name": "", "female_pop": 0, "govt_prima": 0, "male_popul": 0, "no_med_fac": 0, "no_of_inst": 0, "shape_area": 1291509.8, "shape_leng": 4479.2290000000003, "total_hous": 0, "total_popu": 0, "z_offi_con": "", "zo_officer": ""}, "geometry" : {"type":"Polygon","coordinates":[[[72.6519184095896,23.1997035886865],[72.6518356831677,23.1997619595681],[72.6513868620246,23.2000061979027],[72.6510811940753,23.2001725341478],[72.6468109810045,23.2024961606636],[72.6439657079469,23.2039967264755],[72.6430721647631,23.2044679536807],[72.6428204346935,23.2046007062723],[72.6479897789207,23.2127675445066],[72.6480259549106,23.2127481936868],[72.65482719469,23.2091098792139],[72.6562355545434,23.2070823445966],[72.6577026227055,23.2049702053781],[72.6586042793156,23.2036720469389],[72.6586732719675,23.2035622540514],[72.6585913819438,23.2034985014359],[72.65789619921,23.203067291583],[72.6576735269359,23.2029291707225],[72.6563369834398,23.2021001168442],[72.6555957231053,23.2016195510816],[72.6523105769936,23.1999079226138],[72.6519184095896,23.1997035886865]]]}}, {"type" : "Feature", "id" : 0, "properties" : {"fid": 0, "fid1": 23, "zone": "South Zone", "layer": "g_ward_boundary_new", "remarks": "", "ward_no": 10, "zone_id": 3, "no_of_sch": 0, "object_id": 0, "sector_no": "", "vill_name": "KUDASAN", "ward_name": "Ward No - 10", "co1_f_path": "", "co2_f_path": "", "co3_f_path": "", "co4_f_path": "", "cor_1_cont": "", "cor_1_name": "", "cor_2_cont": "", "cor_2_name": "", "cor_3_cont": "", "cor_3_name": "", "cor_4_cont": "", "cor_4_name": "", "female_pop": 0, "govt_prima": 0, "male_popul": 0, "no_med_fac": 0, "no_of_inst": 0, "shape_area": 2204317.5, "shape_leng": 9444.6119999999992, "total_hous": 0, "total_popu": 0, "z_offi_con": "", "zo_officer": ""}, "geometry" : {"type":"Polygon","coordinates":[[[72.6412504392553,23.1846101068716],[72.6413187549813,23.1845906439984],[72.6413262009465,23.1845919906453],[72.6418449286558,23.1846563037378],[72.6424740177698,23.1847342976954],[72.6426290201954,23.184828145347],[72.64262769269,23.1845859739297],[72.6426286624108,23.1845464244789],[72.6426323428348,23.1842153912846],[72.6426836923045,23.1838202779637],[72.6426874203227,23.1837742327128],[72.6427858748499,23.1833509113144],[72.6428809348161,23.1830477259411],[72.6428542253611,23.1826845015001],[72.6428342234328,23.1822098131028],[72.6428391226579,23.1821045720981],[72.6428434413771,23.1820045929],[72.642853137364,23.1817980581628],[72.6429064312837,23.1814848750693],[72.6429281190275,23.1813573861326],[72.6430218978587,23.1811777718662],[72.6430866089145,23.1807042502724],[72.6430374195974,23.1802576546557],[72.6430378930629,23.1801529052423],[72.6430430538439,23.1801198112144],[72.6430590979163,23.1799155878351],[72.6430851559322,23.1797611310481],[72.6430653799219,23.1795521505792],[72.6430895679394,23.1791935640781],[72.6430888302275,23.1791744201312],[72.6430801756231,23.1789491672657],[72.643066863866,23.1785817124765],[72.6431126937228,23.1785576542281],[72.6436538536592,23.1785168251875],[72.643671823044,23.1784873490136],[72.6436840882991,23.178193678765],[72.6436848282989,23.1781116927111],[72.6436314983847,23.1780186846363],[72.6435656863241,23.1777975664937],[72.6434070065439,23.1774407499769],[72.6433825664191,23.1774165303761],[72.643356172493,23.1772574204056],[72.6433504917213,23.1772396144006],[72.6433932563939,23.1771645808365],[72.6434362327691,23.1766015028918],[72.643486985025,23.1764298021808],[72.6434856276966,23.1763180412732],[72.643423668569,23.1760745770672],[72.6433154344228,23.175744703251],[72.6430451081479,23.1747955763267],[72.6430179645391,23.1746862026317],[72.642328669393,23.1746645870269],[72.6414927205918,23.1746404502885],[72.6415673824308,23.1740317080525],[72.6416106314351,23.1737269980962],[72.6416346008519,23.1735580970914],[72.6416399457054,23.1734483216978],[72.641579288909,23.1732435494676],[72.6415561847151,23.1731729813045],[72.6415557305871,23.1731465822448],[72.6415727987899,23.173027005752],[72.6415398851529,23.1728776708571],[72.6415390213705,23.1728737497222],[72.6415257892333,23.1728137098003],[72.6415150946868,23.1724772274908],[72.6415142239463,23.1724498065447],[72.6415139827395,23.1724422321066],[72.6415849843675,23.1721337002188],[72.6416190870157,23.1720966550024],[72.641681453862,23.1719701529701],[72.6416091484146,23.1719575138387],[72.6416939635599,23.1718244526129],[72.6418569843479,23.1716084930841],[72.6419159724839,23.1715987536519],[72.642021143893,23.1714132171547],[72.6420346608802,23.171389369228],[72.6421267622132,23.1711776427015],[72.6422704365659,23.1710143732697],[72.6422728400781,23.1709950651116],[72.642389397874,23.170813199879],[72.6424664726793,23.1704754662622],[72.64241699848,23.170063332955],[72.6424344028947,23.1699361895556],[72.6425065022552,23.1698655676978],[72.6426137994031,23.169821518536],[72.6427566732798,23.1698181971656],[72.6429640407134,23.1698297119256],[72.6434806912117,23.1698996471665],[72.6438216042861,23.1698087888473],[72.6439732668056,23.1697830668754],[72.6441249311225,23.1697573510995],[72.6443206638414,23.1695570062426],[72.6443657189551,23.1693630993304],[72.6445031443786,23.1689649820564],[72.6444924257123,23.1688970046174],[72.6446132246602,23.1684681961327],[72.6446091944667,23.1679197275934],[72.6446017402019,23.1675314033597],[72.6445809745048,23.1673722485739],[72.6445724374952,23.1673179206354],[72.6448192153947,23.1671985555322],[72.6452975185615,23.1669685155462],[72.6453949996285,23.1666887257259],[72.6454388447991,23.1664186493786],[72.6454452864542,23.1663303981508],[72.6454448127326,23.1663130501687],[72.6454435644169,23.1662670882328],[72.6455064343865,23.1656404339052],[72.6454494150759,23.1654901296388],[72.6447797722789,23.165113013928],[72.6447393724364,23.1648901124348],[72.6446763967476,23.1645426503551],[72.6440748140737,23.1638908943799],[72.6438420912492,23.1635605764834],[72.6437656910289,23.163458863557],[72.6436356783921,23.1630796072414],[72.6435889798518,23.1625832566986],[72.643522715082,23.1616206626908],[72.643461920541,23.1616050101685],[72.6436438648389,23.1604997740874],[72.6439625890578,23.1590291390597],[72.6439677492596,23.1590184188323],[72.6439648302633,23.1590192933009],[72.6440044583637,23.1588451275584],[72.6439609347657,23.1588628410285],[72.6431662884653,23.1589447218878],[72.6431450732042,23.1589466162019],[72.6424682898605,23.1590070565901],[72.6420346276246,23.1589682496198],[72.6414217217832,23.1589134089959],[72.6405197406682,23.1589503335985],[72.6405187780002,23.1589468226526],[72.6402403234238,23.1579321157499],[72.640196713172,23.1577526665902],[72.6404222388671,23.1575930573954],[72.6401584129473,23.1573497498528],[72.6400344172952,23.1572353782582],[72.6399428715742,23.1570815722561],[72.6397672965734,23.1566552687144],[72.639711571404,23.1565727568489],[72.6393145598132,23.1560546149512],[72.6393089111363,23.1560472411193],[72.6391940297116,23.1558934307334],[72.639140144647,23.1558212733455],[72.6389226235443,23.1555298838968],[72.6387341800548,23.1552659625279],[72.6386445916722,23.1551404363934],[72.6385530076478,23.1550120816338],[72.63816812254,23.1544047850767],[72.6381601592578,23.1544093719155],[72.6381396898607,23.1543820849592],[72.6378741243373,23.1540281387795],[72.6377197105669,23.1538224857218],[72.6376299116725,23.1537029974528],[72.6375347292564,23.1535634892969],[72.6375338220683,23.1535559870192],[72.6372709651736,23.1532159989975],[72.6368738322132,23.15270421853],[72.6365991472863,23.1523541809739],[72.6363934267006,23.1520888271409],[72.6361312008506,23.1516757117776],[72.6357589084587,23.1511590448524],[72.6357035666688,23.151098943098],[72.6355987991796,23.1509879393307],[72.6355513047019,23.1509381984136],[72.6350673852558,23.1503563050247],[72.634671497737,23.1500148034823],[72.6346680174283,23.1502352753736],[72.6346818190247,23.1504652197747],[72.634717321839,23.1510567288039],[72.6350919623416,23.1545225138358],[72.6354774240168,23.1580359825583],[72.6357388473385,23.1604801947498],[72.6360509962892,23.1638891978896],[72.6363494843992,23.1669542717688],[72.6364894707145,23.1685967969171],[72.6365348945928,23.1690168913856],[72.6369792945507,23.172204875186],[72.637281375078,23.1745722529706],[72.6377148279262,23.178754254053],[72.6380765287267,23.1819334249162],[72.6384960433895,23.1853408938357],[72.6389856613293,23.1854000127973],[72.6389864695911,23.1854001422896],[72.6390963262054,23.1854492117596],[72.6390964793344,23.1854492781557],[72.6391341117968,23.1854632294573],[72.6396829941573,23.1856667857141],[72.6404668649359,23.1856913409665],[72.6405362303521,23.1855712492213],[72.6408889903621,23.18538086816],[72.641079217957,23.1848585348913],[72.6412504392553,23.1846101068716]]]}}, {"type" : "Feature", "id" : 0, "properties" : {"fid": 0, "fid1": 24, "zone": "South Zone", "layer": "g_ward_boundary_new", "remarks": "", "ward_no": 10, "zone_id": 3, "no_of_sch": 0, "object_id": 0, "sector_no": "", "vill_name": "RANDESAN", "ward_name": "Ward No - 10", "co1_f_path": "", "co2_f_path": "", "co3_f_path": "", "co4_f_path": "", "cor_1_cont": "", "cor_1_name": "", "cor_2_cont": "", "cor_2_name": "", "cor_3_cont": "", "cor_3_name": "", "cor_4_cont": "", "cor_4_name": "", "female_pop": 0, "govt_prima": 0, "male_popul": 0, "no_med_fac": 0, "no_of_inst": 0, "shape_area": 3295618.2000000002, "shape_leng": 8505.8700000000008, "total_hous": 0, "total_popu": 0, "z_offi_con": "", "zo_officer": ""}, "geometry" : {"type":"Polygon","coordinates":[[[72.654925906635,23.1861925246535],[72.6556709723966,23.1857307683169],[72.6557959804769,23.1857526325025],[72.6561669922438,23.1858175011438],[72.656143679889,23.1857243876817],[72.6571839720159,23.1858297596884],[72.6571861266319,23.1857059340749],[72.6571908483744,23.1854344930089],[72.6571959705098,23.1853207669542],[72.6572394637174,23.1828549763549],[72.6572915961559,23.1825394423922],[72.657828236573,23.1792913453332],[72.6578803162849,23.1789505957879],[72.6582823427503,23.1763201421602],[72.6583654639103,23.1757762689618],[72.6593281232638,23.17321893899],[72.6598267427543,23.1723942151963],[72.6609652145596,23.1705111159851],[72.6618749457204,23.1694915854398],[72.6618751160054,23.1694913947694],[72.6618748832052,23.1694912495715],[72.6612956598246,23.1690973262771],[72.6609405145045,23.1688682439238],[72.6608937450802,23.1688380742785],[72.6608866854753,23.1688335212704],[72.6607808245115,23.1687652347324],[72.6605351285008,23.1690250391876],[72.6605234650734,23.1690403073747],[72.6605066997912,23.169062256308],[72.6604892320806,23.1690851246855],[72.6604722599298,23.1691073458944],[72.6600317868309,23.1697467923957],[72.6600197933725,23.1697628952359],[72.6599967828844,23.1697869595171],[72.6599701174584,23.1698075478424],[72.6599404037577,23.1698241943551],[72.6599083162969,23.1698365181676],[72.6598745884675,23.1698442340628],[72.6598399828908,23.1698471728169],[72.6598052916528,23.1698452676617],[72.6598034426675,23.1698450198896],[72.6598011348369,23.1698447111279],[72.6597969889601,23.1698440870464],[72.6597928540854,23.1698433918071],[72.6597887865808,23.1698426406927],[72.6597887359914,23.1698426300098],[72.6597846357956,23.169841793546],[72.6597844985761,23.1698417671303],[72.6597805474839,23.1698408913542],[72.6597800797399,23.1698407805781],[72.6597764827705,23.1698399236086],[72.6597724370571,23.1698388739905],[72.6597719365151,23.1698387401567],[72.6597354927122,23.1698257658614],[72.6597019421083,23.1698072904678],[72.6597007679361,23.1698063638896],[72.6596957322425,23.1698023871132],[72.6596722470703,23.169783842883],[72.659647257961,23.1697561038253],[72.6596276934235,23.169724860391],[72.6596141177412,23.1696910165508],[72.6595938475883,23.1695839065246],[72.6595673018322,23.1694779770434],[72.6595345611336,23.169373531743],[72.659495719552,23.169270889805],[72.6594739561297,23.1692220767424],[72.6594508929987,23.1691703490681],[72.6594002139479,23.1690722094224],[72.6593438345374,23.1689767629243],[72.6593373314517,23.168966489849],[72.6593092421012,23.1689236648808],[72.6592994675066,23.1689093193722],[72.6592354483208,23.168821409583],[72.6591664559865,23.1687367688943],[72.6590926932839,23.1686556404604],[72.6590143662185,23.1685782503306],[72.6590079869833,23.1685723107272],[72.6589193174038,23.1684944832703],[72.6588260156352,23.1684214313102],[72.6588118225941,23.1684110239878],[72.6588016162353,23.1684036533949],[72.6587466007903,23.1683665091535],[72.6587310159587,23.1683566850988],[72.6586283353146,23.1682919636243],[72.6585066379604,23.1682222917482],[72.6583817445377,23.1681576333478],[72.6582538931843,23.1680981066129],[72.6581233396073,23.1680438299957],[72.6581221253917,23.1680432982384],[72.6580478872726,23.1680108675166],[72.6579703979564,23.1679770179402],[72.6579041934355,23.1679480975954],[72.6576669242007,23.1678444476235],[72.6570151530394,23.1675597155216],[72.6569601746137,23.1675362541041],[72.6569037622714,23.1675310503294],[72.656721025322,23.1675288341117],[72.656704982099,23.1675286395406],[72.6565064851426,23.1675262272999],[72.656500518466,23.1675261556295],[72.6562217801847,23.1675227633507],[72.6558546531529,23.1675182882523],[72.6556417680174,23.1675156886562],[72.655639993255,23.1675156667402],[72.6550544855613,23.1675085044298],[72.6549124126272,23.1675067636339],[72.6541295564277,23.1674971580583],[72.6541058568018,23.1674968671845],[72.653472334246,23.1674890737485],[72.6530062321544,23.1674833324305],[72.6529267886801,23.1674823547398],[72.6528234707571,23.167483777287],[72.6524597724549,23.1674887814411],[72.6517171109162,23.1674989919505],[72.6515573021416,23.1675011878867],[72.651544728559,23.1675009172551],[72.6503310492769,23.1674748079254],[72.6495307720237,23.1674580491494],[72.6495187809854,23.1674578014988],[72.6485413756024,23.1674253763687],[72.6485415537199,23.16742322947],[72.6485503808712,23.1673698453315],[72.6485643471869,23.1672853752137],[72.6485676641404,23.1672653104449],[72.6485740002595,23.167203552668],[72.6485766785868,23.1671774548988],[72.6485785616237,23.1671590966642],[72.648587087944,23.1670759852446],[72.6485983575126,23.166966132425],[72.6486432701929,23.1665281360314],[72.6486510298588,23.1664420655145],[72.6486623062321,23.1663169482859],[72.6487070640029,23.1658201006755],[72.6487112360626,23.1657737763705],[72.648715377682,23.1656948218155],[72.6487250564275,23.1655102387368],[72.6487363972999,23.1652938902806],[72.6487307090156,23.1653014204203],[72.6487174223629,23.1653190088927],[72.6483967547642,23.1657434803691],[72.6481893295211,23.165760216304],[72.6474813144131,23.1658339744736],[72.6466588534583,23.1658037119894],[72.6460191660316,23.1656860440042],[72.6456275966928,23.1655643120794],[72.6455238998502,23.1655320725438],[72.6454494150759,23.1654901296388],[72.6455064343865,23.1656404339052],[72.6454435644169,23.1662670882328],[72.6454448127326,23.1663130501687],[72.6454452864542,23.1663303981508],[72.6454388447991,23.1664186493786],[72.6453949996285,23.1666887257259],[72.6452975185615,23.1669685155462],[72.6448192153947,23.1671985555322],[72.6445724374952,23.1673179206354],[72.6445809745048,23.1673722485739],[72.6446017402019,23.1675314033597],[72.6446091944667,23.1679197275934],[72.6446132246602,23.1684681961327],[72.6444924257123,23.1688970046174],[72.6445031443786,23.1689649820564],[72.6443657189551,23.1693630993304],[72.6443206638414,23.1695570062426],[72.6441249311225,23.1697573510995],[72.6439732668056,23.1697830668754],[72.6438216042861,23.1698087888473],[72.6434806912117,23.1698996471665],[72.6429640407134,23.1698297119256],[72.6427566732798,23.1698181971656],[72.6426137994031,23.169821518536],[72.6425065022552,23.1698655676978],[72.6424344028947,23.1699361895556],[72.64241699848,23.170063332955],[72.6424664726793,23.1704754662622],[72.642389397874,23.170813199879],[72.6422728400781,23.1709950651116],[72.6422704365659,23.1710143732697],[72.6421267622132,23.1711776427015],[72.6420346608802,23.171389369228],[72.642021143893,23.1714132171547],[72.6419159724839,23.1715987536519],[72.6418569843479,23.1716084930841],[72.6416939635599,23.1718244526129],[72.6416091484146,23.1719575138387],[72.641681453862,23.1719701529701],[72.6416190870157,23.1720966550024],[72.6415849843675,23.1721337002188],[72.6415139827395,23.1724422321066],[72.6415142239463,23.1724498065447],[72.6415150946868,23.1724772274908],[72.6415257892333,23.1728137098003],[72.6415390213705,23.1728737497222],[72.6415398851529,23.1728776708571],[72.6415727987899,23.173027005752],[72.6415557305871,23.1731465822448],[72.6415561847151,23.1731729813045],[72.641579288909,23.1732435494676],[72.6416399457054,23.1734483216978],[72.6416346008519,23.1735580970914],[72.6416106314351,23.1737269980962],[72.6415673824308,23.1740317080525],[72.6414927205918,23.1746404502885],[72.642328669393,23.1746645870269],[72.6430179645391,23.1746862026317],[72.6430451081479,23.1747955763267],[72.6433154344228,23.175744703251],[72.643423668569,23.1760745770672],[72.6434856276966,23.1763180412732],[72.643486985025,23.1764298021808],[72.6434362327691,23.1766015028918],[72.6433932563939,23.1771645808365],[72.6433504917213,23.1772396144006],[72.643356172493,23.1772574204056],[72.6433825664191,23.1774165303761],[72.6434070065439,23.1774407499769],[72.6435656863241,23.1777975664937],[72.6436314983847,23.1780186846363],[72.6436848282989,23.1781116927111],[72.6436840882991,23.178193678765],[72.643671823044,23.1784873490136],[72.6436538536592,23.1785168251875],[72.6431126937228,23.1785576542281],[72.643066863866,23.1785817124765],[72.6430801756231,23.1789491672657],[72.6430888302275,23.1791744201312],[72.6430895679394,23.1791935640781],[72.6430653799219,23.1795521505792],[72.6430851559322,23.1797611310481],[72.6430590979163,23.1799155878351],[72.6430430538439,23.1801198112144],[72.6430378930629,23.1801529052423],[72.6430374195974,23.1802576546557],[72.6430866089145,23.1807042502724],[72.6430218978587,23.1811777718662],[72.6429281190275,23.1813573861326],[72.6429064312837,23.1814848750693],[72.642853137364,23.1817980581628],[72.6428434413771,23.1820045929],[72.6428391226579,23.1821045720981],[72.6428342234328,23.1822098131028],[72.6428542253611,23.1826845015001],[72.6428809348161,23.1830477259411],[72.6427858748499,23.1833509113144],[72.6426874203227,23.1837742327128],[72.6426836923045,23.1838202779637],[72.6426323428348,23.1842153912846],[72.6426286624108,23.1845464244789],[72.64262769269,23.1845859739297],[72.6426290201954,23.184828145347],[72.6438517245097,23.1851361004491],[72.6439915997571,23.1851511393858],[72.6445684548997,23.1852131652091],[72.6450752091051,23.1851715859428],[72.6454749677868,23.1851343902373],[72.6463219957449,23.1850555966826],[72.6463663936136,23.1850582190333],[72.6468672414609,23.1850878139424],[72.6474765263024,23.1852466550167],[72.6482519076759,23.1854488363151],[72.6485198794433,23.1855187204962],[72.6488733134651,23.1856221870453],[72.6491007935947,23.1856889698323],[72.6492610785452,23.1856942276092],[72.6493465996954,23.1856727649034],[72.6497262002335,23.1856730726073],[72.6505973261086,23.1856737740949],[72.6512113832601,23.1856742659579],[72.6513292362926,23.1857253541683],[72.6514456384893,23.1857758139588],[72.6514469013899,23.1857763609471],[72.6515569930784,23.1858240857786],[72.6517148896766,23.1858925363801],[72.6521064358538,23.1860622802142],[72.6526592281024,23.1863019429255],[72.652794000014,23.186360374012],[72.6532101380066,23.1865408029423],[72.6539493199445,23.1868614473772],[72.6546777686874,23.187177531018],[72.655762667725,23.1870485255585],[72.654925906635,23.1861925246535]]]}}, {"type" : "Feature", "id" : 0, "properties" : {"fid": 0, "fid1": 25, "zone": "South Zone", "layer": "g_ward_boundary_new", "remarks": "", "ward_no": 10, "zone_id": 3, "no_of_sch": 0, "object_id": 0, "sector_no": "", "vill_name": "RAYSAN", "ward_name": "Ward No - 10", "co1_f_path": "", "co2_f_path": "", "co3_f_path": "", "co4_f_path": "", "cor_1_cont": "", "cor_1_name": "", "cor_2_cont": "", "cor_2_name": "", "cor_3_cont": "", "cor_3_name": "", "cor_4_cont": "", "cor_4_name": "", "female_pop": 0, "govt_prima": 0, "male_popul": 0, "no_med_fac": 0, "no_of_inst": 0, "shape_area": 3766322, "shape_leng": 10597.843999999999, "total_hous": 0, "total_popu": 0, "z_offi_con": "", "zo_officer": ""}, "geometry" : {"type":"Polygon","coordinates":[[[72.6618748812685,23.1694912486399],[72.6618751160054,23.1694913947694],[72.6636907043028,23.1674566124139],[72.6660097164213,23.1653675118479],[72.6662060464456,23.1652447527954],[72.6676953466089,23.164313526882],[72.6696784488339,23.1630734969321],[72.6719837416053,23.161099497094],[72.6734423581533,23.1589346718897],[72.6761631459668,23.1583530340912],[72.6764130668536,23.1572561719771],[72.6769740613153,23.1558321863992],[72.6774062868748,23.1547350331163],[72.6778129418366,23.1545576732814],[72.6779659200666,23.1532672421202],[72.6782869533304,23.1521900743874],[72.678371182817,23.1521810780734],[72.6779172608331,23.1513103562928],[72.6769720942366,23.1506046701032],[72.675465980358,23.1489855456176],[72.6746332935337,23.1484233510425],[72.6747946062033,23.1483545745419],[72.6748057629537,23.1476455644733],[72.6748083867289,23.1474788523002],[72.6748157241101,23.1470126391103],[72.6748178486919,23.1468777273774],[72.6748417940178,23.145471191284],[72.6748417547693,23.14547108959],[72.6748178132227,23.1468776329616],[72.6748156905773,23.1470125456258],[72.6748083560774,23.1474787615667],[72.6747945718968,23.1483544693095],[72.6746332509415,23.1484232167979],[72.6742805165042,23.1485735256219],[72.6742795173753,23.1486236466263],[72.6742785192044,23.1486737685474],[72.6742251873447,23.1513530438958],[72.6740779841733,23.151434550762],[72.6740311228697,23.1514604961575],[72.6739842625094,23.1514864424547],[72.6738620694526,23.1515540991839],[72.6736755838184,23.1516573555889],[72.6731098616819,23.1519705986993],[72.6731043072289,23.1519453481234],[72.6730879080009,23.1519049976442],[72.67306481564,23.1518675555398],[72.6730356182305,23.1518339630978],[72.6730010402986,23.1518050625065],[72.6729619586796,23.1517815826447],[72.6729193512221,23.1517641130456],[72.6728742881596,23.1517530947417],[72.6728279031101,23.151748803586],[72.6727813648792,23.1517513435162],[72.6727358450641,23.1517606569097],[72.6726924822514,23.1517765059983],[72.6726523660421,23.151798493397],[72.6726165096444,23.1518260662128],[72.6725858096211,23.1518585289915],[72.6725610444618,23.1518950698778],[72.6725428265991,23.151934768934],[72.6725316262797,23.1519766291879],[72.672448250493,23.1520003462432],[72.672426301283,23.1520065898202],[72.6722793786132,23.1520483817486],[72.6719133475805,23.1521450705009],[72.6717003322621,23.1522112123247],[72.6712596637936,23.1523813383341],[72.6711953791584,23.1524061540021],[72.671098673969,23.1524434870915],[72.670878008798,23.1525209495958],[72.6707220710747,23.1525707960561],[72.6703193005133,23.152699544296],[72.6702566753405,23.1527195622061],[72.6699258932488,23.1528252990345],[72.6697269922053,23.1528888779381],[72.669423915889,23.1529709023555],[72.6690785153971,23.1530643784505],[72.6688519256482,23.1531265090855],[72.6687840179463,23.1531451291917],[72.6687379177021,23.1531592826654],[72.6683986334537,23.153263450298],[72.6681880059475,23.1533407585938],[72.6680577695945,23.153388559659],[72.6680479497589,23.1533921627186],[72.6677050353861,23.1535344438913],[72.6676304849287,23.1535672953555],[72.6674978003412,23.1536257606389],[72.6673915287993,23.1536725889047],[72.6673565298306,23.1536869849106],[72.667103722298,23.1537909687084],[72.6669348011577,23.1538593250438],[72.6668256158085,23.1539035087515],[72.6668239275986,23.1539041924448],[72.6665579553774,23.1540049649082],[72.666233969353,23.1541059976299],[72.6662277221886,23.1541079463028],[72.6661988446578,23.1541161428934],[72.6661759354896,23.1541226475875],[72.6659525414675,23.1541860679581],[72.6656669423182,23.1542607909087],[72.6656522106123,23.1542641575989],[72.6655865487221,23.1542791622056],[72.6653807303139,23.1543261890852],[72.6647191779015,23.1544796109681],[72.6647188166046,23.1544797265867],[72.6646495410434,23.154501772351],[72.6646285157888,23.1545084627362],[72.6634431075034,23.1547739999557],[72.6633743686434,23.1547926675781],[72.6633715562322,23.154793431153],[72.6633687438053,23.1547941956305],[72.6630794765944,23.154856682242],[72.6622734143112,23.1551512809735],[72.6618430923711,23.1553754084008],[72.6617647582866,23.1554157364423],[72.6614813467362,23.1555616257668],[72.6614157417114,23.1555953932727],[72.6613447968119,23.1556323216146],[72.6610684922397,23.1557761272732],[72.6610098284477,23.155806656409],[72.660654902079,23.155979961789],[72.6603266291549,23.1561519153637],[72.6603507789263,23.1561844590823],[72.6603569914147,23.1561928318895],[72.6603567974146,23.1561929274129],[72.6603565246525,23.1561930605866],[72.6603547500937,23.1561939343176],[72.6595023368331,23.1566131888155],[72.6590597085044,23.1567716285433],[72.6586089568466,23.1569217640767],[72.6584405014536,23.1569600326499],[72.6584322262325,23.1569633258084],[72.6581310045787,23.1570831534357],[72.6580983284514,23.1570961517539],[72.6578021028757,23.1572139783689],[72.6576669573183,23.1572677298126],[72.6576566843056,23.1572718165675],[72.6571533388083,23.157489426228],[72.6570381042739,23.1575835902113],[72.6570295260763,23.1575906001312],[72.6568904533771,23.1576337242348],[72.656606232334,23.15777329408],[72.6561915789714,23.1579028898645],[72.6561809913669,23.1579061981334],[72.6559745601122,23.1578751305311],[72.6553551994125,23.1579861937509],[72.6553387307261,23.1579861643135],[72.6546573285484,23.1579849549464],[72.6539914434691,23.1579412379452],[72.6539914660002,23.1579413457141],[72.6539469387043,23.157939584541],[72.653757531654,23.1579137412105],[72.6535191060382,23.1579012157166],[72.6531666802788,23.1578972007146],[72.6531641578732,23.157897172151],[72.6531172572159,23.1578978689071],[72.6527197744498,23.1579037802626],[72.6527176425176,23.1579038116802],[72.6519495506554,23.1578749700483],[72.6518465033751,23.157871097954],[72.6514520942099,23.1578650447083],[72.651441019039,23.1578657940685],[72.6514409281357,23.1578657999352],[72.6510625938096,23.157891420911],[72.6508112804272,23.1579243057721],[72.6507264367655,23.1579354065819],[72.6506713520133,23.1579475363339],[72.6505207456869,23.1579806962288],[72.650520249685,23.1579808089007],[72.6502376250212,23.158049907263],[72.6498550315373,23.158145824924],[72.6494948565732,23.1582361556995],[72.6493136140688,23.1582671074751],[72.6490240377694,23.1583165731814],[72.6490238688553,23.1583166293415],[72.6487118945779,23.1583699066123],[72.6485862207797,23.15838975497],[72.6480851036433,23.1584688928778],[72.6474438973433,23.1584750504762],[72.6468287574756,23.158513580176],[72.6467477599376,23.158514748623],[72.6464940100051,23.1585184116235],[72.646365588961,23.1585170609754],[72.6461743282114,23.1585150634226],[72.645953961675,23.1585127659499],[72.6457159306753,23.1585213147879],[72.6454041715611,23.1585325155719],[72.6451156120879,23.1585274476164],[72.6447016868778,23.1586031766966],[72.6442294622002,23.1587535549616],[72.6440044583637,23.1588451275584],[72.6439648302633,23.1590192933009],[72.6439677492596,23.1590184188323],[72.6439625890578,23.1590291390597],[72.6436438648389,23.1604997740874],[72.643461920541,23.1616050101685],[72.643522715082,23.1616206626908],[72.6435889798518,23.1625832566986],[72.6436356783921,23.1630796072414],[72.6437656910289,23.163458863557],[72.6438420912492,23.1635605764834],[72.6440748140737,23.1638908943799],[72.6446763967476,23.1645426503551],[72.6447393724364,23.1648901124348],[72.6447797722789,23.165113013928],[72.6454494150759,23.1654901296388],[72.6455238998502,23.1655320725438],[72.6456275966928,23.1655643120794],[72.6460191660316,23.1656860440042],[72.6466588534583,23.1658037119894],[72.6474813144131,23.1658339744736],[72.6481893295211,23.165760216304],[72.6483967547642,23.1657434803691],[72.6487174223629,23.1653190088927],[72.6487307090156,23.1653014204203],[72.6487363972999,23.1652938902806],[72.6487250564275,23.1655102387368],[72.648715377682,23.1656948218155],[72.6487112360626,23.1657737763705],[72.6487070640029,23.1658201006755],[72.6486623062321,23.1663169482859],[72.6486510298588,23.1664420655145],[72.6486432701929,23.1665281360314],[72.6485983575126,23.166966132425],[72.648587087944,23.1670759852446],[72.6485785616237,23.1671590966642],[72.6485766785868,23.1671774548988],[72.6485740002595,23.167203552668],[72.6485676641404,23.1672653104449],[72.6485643471869,23.1672853752137],[72.6485503808712,23.1673698453315],[72.6485415537199,23.16742322947],[72.6485413756024,23.1674253763687],[72.6495187809854,23.1674578014988],[72.6495307720237,23.1674580491494],[72.6503310492769,23.1674748079254],[72.651544728559,23.1675009172551],[72.6515573021416,23.1675011878867],[72.6517171109162,23.1674989919505],[72.6524597724549,23.1674887814411],[72.6528234707571,23.167483777287],[72.6529267886801,23.1674823547398],[72.6530062321544,23.1674833324305],[72.653472334246,23.1674890737485],[72.6541058568018,23.1674968671845],[72.6541295564277,23.1674971580583],[72.6549124126272,23.1675067636339],[72.6550544855613,23.1675085044298],[72.655639993255,23.1675156667402],[72.6556417680174,23.1675156886562],[72.6558546531529,23.1675182882523],[72.6562217801847,23.1675227633507],[72.656500518466,23.1675261556295],[72.6565064851426,23.1675262272999],[72.656704982099,23.1675286395406],[72.656721025322,23.1675288341117],[72.6569037622714,23.1675310503294],[72.6569601746137,23.1675362541041],[72.6570151530394,23.1675597155216],[72.6576669242007,23.1678444476235],[72.6579041934355,23.1679480975954],[72.6579703979564,23.1679770179402],[72.6580478872726,23.1680108675166],[72.6581221253917,23.1680432982384],[72.6581233396073,23.1680438299957],[72.6582538931843,23.1680981066129],[72.6583817445377,23.1681576333478],[72.6585066379604,23.1682222917482],[72.6586283353146,23.1682919636243],[72.6587310159587,23.1683566850988],[72.6587466007903,23.1683665091535],[72.6588016162353,23.1684036533949],[72.6588118225941,23.1684110239878],[72.6588260156352,23.1684214313102],[72.6589193174038,23.1684944832703],[72.6590079869833,23.1685723107272],[72.6590143662185,23.1685782503306],[72.6590926932839,23.1686556404604],[72.6591664559865,23.1687367688943],[72.6592354483208,23.168821409583],[72.6592994675066,23.1689093193722],[72.6593092421012,23.1689236648808],[72.6593373314517,23.168966489849],[72.6593438345374,23.1689767629243],[72.6594002139479,23.1690722094224],[72.6594508929987,23.1691703490681],[72.6594739561297,23.1692220767424],[72.659495719552,23.169270889805],[72.6595345611336,23.169373531743],[72.6595673018322,23.1694779770434],[72.6595938475883,23.1695839065246],[72.6596141177412,23.1696910165508],[72.6596276934235,23.169724860391],[72.659647257961,23.1697561038253],[72.6596722470703,23.169783842883],[72.6596957322425,23.1698023871132],[72.6597007679361,23.1698063638896],[72.6597019421083,23.1698072904678],[72.6597354927122,23.1698257658614],[72.6597719365151,23.1698387401567],[72.6597724370571,23.1698388739905],[72.6597764827705,23.1698399236086],[72.6597800797399,23.1698407805781],[72.6597805474839,23.1698408913542],[72.6597844985761,23.1698417671303],[72.6597846357956,23.169841793546],[72.6597887359914,23.1698426300098],[72.6597887865808,23.1698426406927],[72.6597928540854,23.1698433918071],[72.6597969889601,23.1698440870464],[72.6598011348369,23.1698447111279],[72.6598034426675,23.1698450198896],[72.6598052916528,23.1698452676617],[72.6598399828908,23.1698471728169],[72.6598745884675,23.1698442340628],[72.6599083162969,23.1698365181676],[72.6599404037577,23.1698241943551],[72.6599701174584,23.1698075478424],[72.6599967828844,23.1697869595171],[72.6600197933725,23.1697628952359],[72.6600317868309,23.1697467923957],[72.6604722599298,23.1691073458944],[72.6604892320806,23.1690851246855],[72.6605066997912,23.169062256308],[72.6605234650734,23.1690403073747],[72.6605351285008,23.1690250391876],[72.6607808245115,23.1687652347324],[72.6608866854753,23.1688335212704],[72.6608937450802,23.1688380742785],[72.6609405145045,23.1688682439238],[72.6612956598246,23.1690973262771],[72.6618748812685,23.1694912486399]]]}}, {"type" : "Feature", "id" : 0, "properties" : {"fid": 0, "fid1": 26, "zone": "South Zone", "layer": "g_ward_boundary_new", "remarks": "", "ward_no": 8, "zone_id": 3, "no_of_sch": 0, "object_id": 0, "sector_no": "", "vill_name": "AMBAPUR", "ward_name": "Ward No - 8", "co1_f_path": "", "co2_f_path": "", "co3_f_path": "", "co4_f_path": "", "cor_1_cont": "", "cor_1_name": "", "cor_2_cont": "", "cor_2_name": "", "cor_3_cont": "", "cor_3_name": "", "cor_4_cont": "", "cor_4_name": "", "female_pop": 0, "govt_prima": 0, "male_popul": 0, "no_med_fac": 0, "no_of_inst": 0, "shape_area": 5459804.5, "shape_leng": 10795.834999999999, "total_hous": 0, "total_popu": 0, "z_offi_con": "", "zo_officer": ""}, "geometry" : {"type":"Polygon","coordinates":[[[72.6115991984639,23.1594834537309],[72.6116349512065,23.1594568232288],[72.6120545095554,23.1591182663486],[72.6123903839197,23.1588388679002],[72.6124086753592,23.1588236372719],[72.6124406085299,23.1587970497583],[72.6124526872849,23.1587894283572],[72.6127202212793,23.158620525202],[72.6131309965068,23.1583609697378],[72.6131421593522,23.1583508716064],[72.613159054389,23.1583355908242],[72.6131896345691,23.1583079299875],[72.6134166953555,23.1582460001555],[72.6135434246313,23.158222453335],[72.6136523208268,23.1582022238148],[72.6138611407463,23.1581026453178],[72.6140286645243,23.1580099916782],[72.6140403368317,23.1580035348933],[72.6140286901734,23.1579673347098],[72.6140022400799,23.1578851445875],[72.6139907779857,23.1578495493542],[72.6139759501103,23.1578035066828],[72.6139687466844,23.1577811403452],[72.613975384168,23.1577777047203],[72.6142176620585,23.1576523481361],[72.6142669335077,23.1576268525457],[72.6146001092201,23.1574544516925],[72.6146520963134,23.1574275445307],[72.6146683421001,23.1574191356411],[72.614687239501,23.1574093549632],[72.614802421567,23.1572855668279],[72.6148143430665,23.1572727536498],[72.6148304875244,23.1572554029511],[72.6149430263596,23.1572654383575],[72.6152019965625,23.1572885382643],[72.6152604264016,23.1572783829937],[72.6153999981116,23.1572541244831],[72.6157588836194,23.1571917542147],[72.6158687989899,23.1571292909704],[72.6159860717488,23.1570626453896],[72.6159985870272,23.1570536201516],[72.61604775414,23.1570181619777],[72.6163910699445,23.1567705588535],[72.6166625928213,23.1564197743802],[72.6170744604182,23.1560684669769],[72.6171615838295,23.1559941482469],[72.6171665484691,23.1559887398587],[72.6174409737107,23.1556897371289],[72.6174539582177,23.1556755892393],[72.6174844647708,23.1556423498476],[72.6175847116539,23.1555367836163],[72.6176903843835,23.1554254999036],[72.6180022123051,23.1553252780101],[72.6182154363666,23.1552567424405],[72.6183233482732,23.155230948775],[72.6183612520253,23.155221890193],[72.6183758217327,23.155218407309],[72.6184219260884,23.1552073881997],[72.6187230471071,23.1551354126112],[72.6189606125077,23.1550525006627],[72.6191542786153,23.1549357870613],[72.6193095112931,23.1548422336462],[72.6194597484496,23.154751689367],[72.619544866369,23.1546883031661],[72.6195548379234,23.154680877717],[72.6195931213987,23.1546523695449],[72.6198032868736,23.1545724004357],[72.6200097218987,23.154493851609],[72.6200205271934,23.1544897402124],[72.6200719990758,23.1544701530243],[72.6202418673611,23.1543885415364],[72.6202694012342,23.1543636335586],[72.6204550121877,23.1541957286232],[72.6204633047974,23.1541882253811],[72.6205037328249,23.1541516549914],[72.6206817263201,23.1539906393669],[72.621061807021,23.1538596803238],[72.621086739088,23.1538460285379],[72.6213243279837,23.1537159317129],[72.6213328269683,23.1537112771171],[72.6213867398807,23.1536817550615],[72.6214061827065,23.1536711087464],[72.6216285802907,23.15354932234],[72.6217011807165,23.1535095667221],[72.621725172699,23.1534929169216],[72.6217320106106,23.1534881713154],[72.6217654657451,23.1534649539995],[72.6217801439815,23.1534590150354],[72.6219445277933,23.1533925126143],[72.6220038502857,23.1533685131014],[72.6220911062756,23.1533332126383],[72.6221534829363,23.1533079781243],[72.6221969609458,23.153290388334],[72.6222036800594,23.1532876694726],[72.6222038914713,23.1532875841912],[72.6222300254782,23.1532770108],[72.6223216300374,23.1532392101339],[72.6224903279355,23.1531695944246],[72.622520459516,23.1531571611014],[72.6225837252198,23.1531310541922],[72.6225909350425,23.1531280791067],[72.6230546910656,23.1529367059312],[72.6232404916987,23.1528600340008],[72.6232796538969,23.1529689756513],[72.623279587032,23.1529690026286],[72.6233197362201,23.1529872254817],[72.6233618870287,23.1530062124956],[72.6233783736452,23.1530136402407],[72.6233816424329,23.1530120293417],[72.6233829207927,23.1530113995284],[72.6238271406264,23.1527926338189],[72.6238311674105,23.1527908898999],[72.6240278069571,23.15270571918],[72.6240383790927,23.1527011408411],[72.624375204124,23.1525552395602],[72.6243852079539,23.1525531560536],[72.6250881432624,23.1524066666628],[72.6254627669497,23.1523285986917],[72.6254661946406,23.1523278848049],[72.6254874758538,23.1523254051997],[72.6254896359681,23.152325153388],[72.6257491977661,23.1522949039941],[72.6257817129297,23.1522911149285],[72.6257858463031,23.1522906328554],[72.6259699166381,23.1522691793657],[72.6259752865919,23.1522685534247],[72.6261367755711,23.1522497277296],[72.6261900710538,23.1522435154286],[72.6261977165623,23.1522426240509],[72.6263518884853,23.1522170749257],[72.6263544085683,23.1522171715864],[72.6263818557328,23.1522121080156],[72.6265356516255,23.1521866198446],[72.6270859475428,23.1521001422574],[72.6275191637667,23.1520320195974],[72.62799569698,23.1519570865276],[72.6280471156587,23.1519490009199],[72.6280637010875,23.1519463933651],[72.6280634751552,23.1519087770619],[72.6280610695127,23.151512758584],[72.6280610592896,23.1515111216734],[72.6280515482814,23.1513615551092],[72.6280506506683,23.1513474418313],[72.6280500806288,23.151211121118],[72.6280491237712,23.1509828996709],[72.6280485194959,23.1508393741795],[72.6280483394504,23.1507966009289],[72.6280482619323,23.1507781630012],[72.6281402649202,23.1496551199311],[72.6281422113833,23.1496313499092],[72.628100477837,23.1490302302556],[72.6280987652328,23.1490055709569],[72.6280985688469,23.1490027521997],[72.6280600239955,23.1484484215545],[72.6280582985608,23.1484236040735],[72.6280485134865,23.1479398676514],[72.6281351469945,23.1474167904685],[72.6281600177432,23.1472666229834],[72.6281868797971,23.1471243406424],[72.6283250647986,23.1463921317692],[72.6283303374946,23.1463641885583],[72.6283217406415,23.1463056811369],[72.628317525478,23.1462769938259],[72.628323565986,23.1462458626876],[72.6283844487811,23.1459319710716],[72.6284722155788,23.1454794761444],[72.628473400753,23.1451878215364],[72.6284735329806,23.1451552427426],[72.6284741208062,23.1450105993718],[72.6284742416004,23.1449805554394],[72.628650262337,23.1447410127117],[72.6286523153945,23.1447365197343],[72.628741611067,23.1445634547098],[72.6287725917979,23.144503410611],[72.6290507217562,23.143964356145],[72.6291753028648,23.1436845901781],[72.6292794493203,23.1434506762502],[72.6293910189006,23.1432000495147],[72.6295219478834,23.1429058572831],[72.6296402478788,23.1426400102992],[72.6297211200478,23.1424582123677],[72.6298332612657,23.1422061204262],[72.6299089082997,23.1420360206567],[72.6299054653387,23.1418935978455],[72.6299044438646,23.1418513264509],[72.6299039745578,23.1418319978613],[72.6299011790368,23.1417168689325],[72.6298964063902,23.1415203363025],[72.6297762132942,23.14105227917],[72.6296573874944,23.1405899436728],[72.6295792106702,23.1402860112453],[72.6295021472351,23.13998656165],[72.6294205160549,23.1396694840275],[72.6293654990167,23.1395635876892],[72.6293104830349,23.1394576913522],[72.6289491567854,23.1389257524924],[72.62891241731,23.1388595586412],[72.6288956466828,23.1388293426574],[72.6288751782582,23.1387924653085],[72.6287904760882,23.138551499774],[72.6287856687825,23.1385378232793],[72.6287965034329,23.1381825323537],[72.628792724632,23.138085767647],[72.6287652583176,23.1373804742872],[72.6287446868226,23.1368498410499],[72.6287411988399,23.1367596828188],[72.628773479776,23.1366212326747],[72.6288224107322,23.1364114137506],[72.6288713415058,23.1362015947935],[72.628900449456,23.1360767985125],[72.628921388303,23.1359870348898],[72.6289405791067,23.1358754443638],[72.6289895473636,23.1355907736867],[72.6290302153762,23.1353544110286],[72.6290389106877,23.1353038844385],[72.62900199032,23.1353252090053],[72.6289783256943,23.1353359229833],[72.6289633902961,23.1353426840682],[72.6285017321215,23.135551691322],[72.6284171408232,23.1355899885323],[72.6283361676446,23.1356606040808],[72.6282993025733,23.1356927546633],[72.6282624275981,23.135724912309],[72.6282400815429,23.1357443985673],[72.6281744630033,23.1358016201966],[72.6281641613894,23.1358106040972],[72.6278809961398,23.1360575316482],[72.627879283981,23.1360590252716],[72.6277995545367,23.1361285505972],[72.6275830299203,23.1361195600921],[72.6274665731769,23.1361147246872],[72.6274206284445,23.1361128168982],[72.6268113322922,23.1360875148063],[72.6266547164517,23.1360810132362],[72.6260057575701,23.1361394483932],[72.6257027661542,23.1361896738738],[72.6247292590569,23.136351043475],[72.6246168677251,23.1363742058411],[72.6241915233361,23.1364618633995],[72.6229257936007,23.1367847417185],[72.6228672303882,23.136793306877],[72.6222256850716,23.1368871333094],[72.6220787458833,23.1369086250516],[72.6219457631014,23.1369280766208],[72.6218550695516,23.136941343025],[72.6217313189034,23.1369594459422],[72.6216227307197,23.1369526927544],[72.6216098572171,23.1369518917794],[72.6215459860258,23.1369479187555],[72.6213823075873,23.136937741078],[72.6213568306852,23.136936156707],[72.6211734780269,23.1370192909519],[72.6208231104824,23.1371781534013],[72.6208231266789,23.1371782312855],[72.6208227143708,23.1371784173541],[72.6202001980945,23.137498413417],[72.6199941355981,23.1376043362125],[72.6198872346224,23.1376592865705],[72.6198459054638,23.1376919588872],[72.6196161544526,23.1378735794898],[72.6196149862399,23.137874502546],[72.6191834189979,23.1382156491885],[72.6191825160931,23.1382163631921],[72.6188038983608,23.1385156456953],[72.6185733680458,23.1386065273108],[72.6184191681909,23.1386673168484],[72.6179319374987,23.1388593962512],[72.6179168711564,23.1388668882052],[72.6175252474562,23.1390616655446],[72.6175129928168,23.1390677609301],[72.6171662953441,23.1392402036867],[72.617085220295,23.1392805291971],[72.6167664094823,23.1395813354305],[72.6165074446916,23.1398256742347],[72.6164475962506,23.1398821417771],[72.6163616548966,23.1399534996112],[72.6162363673866,23.140057527045],[72.6155885857874,23.1405953834507],[72.6155532698483,23.1406247058877],[72.6155263962378,23.1406470186659],[72.6154477784734,23.1406895227299],[72.6153027332299,23.1407679407385],[72.614932278769,23.141181874341],[72.6146686372323,23.1414208124174],[72.6146702474758,23.1414259700254],[72.6146818866194,23.1414632651017],[72.614689894305,23.1414889206754],[72.6145528762472,23.1414504333526],[72.6143116936523,23.1413826857481],[72.6142688370899,23.1413706472968],[72.6138807348887,23.1412616307355],[72.6137155317015,23.1412152254674],[72.6128692656172,23.1410364032077],[72.6128208966635,23.1410261821217],[72.6127603890179,23.1410133973665],[72.6127442870993,23.1410099954626],[72.6125139850098,23.1408944966648],[72.6123346610542,23.1408045632169],[72.6118188977414,23.1405458757801],[72.6117647397924,23.1405187098819],[72.6116833342054,23.1404648699024],[72.6116307819446,23.1404854141842],[72.611384277912,23.1403270036549],[72.6112197910023,23.139967562406],[72.6106021435238,23.1400594875723],[72.6101901969013,23.1401622942526],[72.6092743887477,23.1401508107168],[72.6090519366686,23.1400833729749],[72.6086544474359,23.1399543295688],[72.6085592777839,23.1399147543741],[72.6081665729456,23.1397514496465],[72.6080906363263,23.1397198713799],[72.607580455691,23.1396401497531],[72.6072727246276,23.1395931636269],[72.6069098507264,23.1395259215109],[72.6065071305628,23.1394512157852],[72.6063317666964,23.1394186526566],[72.6059710060641,23.1393536270734],[72.6055398181643,23.1392759062602],[72.6055150291263,23.1392714273202],[72.6052991271161,23.1391959707447],[72.6046181924945,23.1389579863913],[72.6045640959746,23.1389390795175],[72.6045618801368,23.1389383037464],[72.6045499833824,23.1389769035872],[72.6043724530448,23.1395529141803],[72.6042729329224,23.1398768015458],[72.6042210323202,23.1400460210909],[72.6041743383926,23.1401984531527],[72.6041651718513,23.1402229406853],[72.6041471189911,23.140287395451],[72.6040183504964,23.140708841703],[72.6038868660476,23.1411741612562],[72.60375688226,23.1416346880153],[72.6036157432153,23.1419750610888],[72.6034434149671,23.1423940393549],[72.6033430953437,23.1424784181327],[72.6029282797919,23.1435375637986],[72.6029085126299,23.1436045335664],[72.6027925611392,23.1442533817302],[72.6027916682762,23.1442596144668],[72.6027874023488,23.1442893945008],[72.6027886394529,23.1442897663115],[72.6027883965686,23.1442914011582],[72.6028312493779,23.1443034101724],[72.6028313027992,23.1443034254297],[72.6029207032924,23.1443885220416],[72.6029513111404,23.1444176563867],[72.6027666685927,23.1445450364942],[72.6024955342428,23.1448593681516],[72.602355117601,23.1451183145332],[72.6023180011489,23.1451867633926],[72.6022669060544,23.1452804343469],[72.6021853224823,23.1453548228158],[72.6021257589511,23.1454049655751],[72.6019324851425,23.1455676706624],[72.6015647263312,23.1458772632389],[72.6013182424368,23.1461328728466],[72.6011321624237,23.1463258445162],[72.6010725592172,23.1463876528015],[72.6006623576458,23.1470279166759],[72.6005751275508,23.1471640656021],[72.6002689454495,23.1476068077892],[72.5998544169378,23.1480157532151],[72.5996142329639,23.1482527004153],[72.5993086177516,23.1485541951454],[72.5992868122489,23.1485757063852],[72.599276128611,23.1485862459687],[72.5990293363444,23.1487421819006],[72.5987279319871,23.1491114856172],[72.5982779901301,23.1495369939031],[72.5980728432026,23.1497309994145],[72.5980115960496,23.1497709024831],[72.5976361481865,23.1500155080774],[72.5975041234726,23.150070657191],[72.597423889576,23.1501704277314],[72.5973414240606,23.1502729745193],[72.5971607066192,23.1504976944804],[72.5970129196852,23.1506814647766],[72.5966900294213,23.1510829720331],[72.5966520827905,23.1511916052899],[72.5965907359772,23.1513672356782],[72.5965578325212,23.1514614328481],[72.5968771586086,23.1517005799413],[72.5973891965113,23.1520840454198],[72.5976928248586,23.1523042045454],[72.597812508452,23.1523909856877],[72.5980415795503,23.1525570827384],[72.5982019052956,23.1526912869222],[72.5985693433992,23.1529988556573],[72.5986670683331,23.1530806584268],[72.5987063797681,23.1531135654375],[72.5987371155931,23.1531392919154],[72.5991479175797,23.1534699049326],[72.5992373082091,23.153542143625],[72.5994612905061,23.1537231473463],[72.5994688494478,23.1537292569941],[72.5995333345354,23.1537813676952],[72.599601438539,23.1538363420667],[72.6001195799159,23.1542545827511],[72.6007918392504,23.1547972189486],[72.6009012100631,23.1552621240532],[72.6009067018105,23.1552854677474],[72.6010254520938,23.1554227636237],[72.601272598008,23.1557085014965],[72.601751305765,23.1562619551369],[72.6019390829514,23.1565585304086],[72.6016431537705,23.1568284993614],[72.6011066342735,23.1573179483072],[72.6009591946397,23.1574524529053],[72.6010479859678,23.1575496461249],[72.6014472594922,23.157986687516],[72.6015397368304,23.1581029716856],[72.6019458002604,23.158613559908],[72.6020537762787,23.158736780265],[72.6027334380185,23.1595123912609],[72.6027802447087,23.1595658052665],[72.6029965716356,23.159403464253],[72.6032168632253,23.1592381472115],[72.6033765526488,23.1591183083923],[72.6039227706218,23.1587566059746],[72.6040602314608,23.1586740242967],[72.6044919571062,23.158358568294],[72.6046932663114,23.1582339652181],[72.6050591593447,23.1579565755557],[72.6051611248036,23.1578769755933],[72.6051637120102,23.1578753330648],[72.6052365443381,23.1578291206848],[72.6052384748485,23.1578278960848],[72.6061650753331,23.1572399543692],[72.60617263931,23.1572351564324],[72.6064430886771,23.1570635505953],[72.6065341523158,23.1570005729044],[72.6065982991092,23.1569651911578],[72.6066322844764,23.1569327066073],[72.6067078189475,23.1568804696714],[72.6067091177923,23.1568795721878],[72.6067836696957,23.1568280127095],[72.6067866568765,23.1568259465071],[72.6068253023122,23.1567992211397],[72.6070076888259,23.1567007145278],[72.6070144828546,23.1566970459586],[72.6080756477325,23.1561239072946],[72.6086005571713,23.1566169328426],[72.6086188467386,23.1566363883334],[72.6088568739339,23.1568258282545],[72.6091150436405,23.1570313669085],[72.6094295778583,23.1573960850084],[72.6094488102284,23.1574155168121],[72.609725910698,23.1576954855027],[72.6099719211319,23.1579019623261],[72.6100169716653,23.1579397747281],[72.6102092229747,23.158101147599],[72.6102756348458,23.1581568955596],[72.6102889374199,23.1581680626082],[72.61050753119,23.1583672163538],[72.6106766432746,23.1585212834781],[72.6108385065567,23.1586687404411],[72.6114686771922,23.1592704452856],[72.6115074319061,23.1593074459084],[72.6115472931697,23.159368477278],[72.6115904147705,23.1594345008181],[72.6115991984639,23.1594834537309]]]}}, {"type" : "Feature", "id" : 0, "properties" : {"fid": 0, "fid1": 27, "zone": "South Zone", "layer": "g_ward_boundary_new", "remarks": "", "ward_no": 11, "zone_id": 3, "no_of_sch": 0, "object_id": 0, "sector_no": "", "vill_name": "KHORAJ", "ward_name": "Ward No - 11", "co1_f_path": "", "co2_f_path": "", "co3_f_path": "", "co4_f_path": "", "cor_1_cont": "", "cor_1_name": "", "cor_2_cont": "", "cor_2_name": "", "cor_3_cont": "", "cor_3_name": "", "cor_4_cont": "", "cor_4_name": "", "female_pop": 0, "govt_prima": 0, "male_popul": 0, "no_med_fac": 0, "no_of_inst": 0, "shape_area": 7709846, "shape_leng": 13762.838, "total_hous": 0, "total_popu": 0, "z_offi_con": "", "zo_officer": ""}, "geometry" : {"type":"Polygon","coordinates":[[[72.5704110946294,23.1420945014791],[72.5701036049852,23.1415590039802],[72.5697906243879,23.1410139377957],[72.5697669825519,23.140982514461],[72.5696377634387,23.1408107647417],[72.569143377334,23.14015364859],[72.5691250086742,23.140129231628],[72.5690374514767,23.1400112284113],[72.5686617559559,23.1395048945385],[72.5686090518765,23.1394338634551],[72.568350564128,23.1390854894068],[72.5683404089853,23.1390718011733],[72.5681750787731,23.1389028108301],[72.5679922430873,23.1387159246078],[72.5676880727049,23.1384050142564],[72.5676874611901,23.1384043891327],[72.5675818971623,23.1382964854444],[72.5673681285906,23.1380021292858],[72.5668922307568,23.1373468202412],[72.5668621429344,23.1373304652287],[72.5667742401369,23.1372826833271],[72.5665844164191,23.1370671352536],[72.5664752868514,23.1369544499194],[72.5658341764284,23.1361443015643],[72.5657263829711,23.1360080860844],[72.5656177856357,23.1357809003534],[72.565496007423,23.1358208557254],[72.5654142592334,23.1358476776839],[72.565412373855,23.1358482958356],[72.5654060509398,23.1358503701933],[72.5653785134844,23.1358594056879],[72.5651888100544,23.1359408323346],[72.5651436153274,23.1359595722811],[72.5650924339181,23.1359807934822],[72.5650328325291,23.1360055082437],[72.5649392878824,23.1360442943154],[72.5644660649627,23.1362679479553],[72.5643900792887,23.1363038589413],[72.564273139225,23.1363740005883],[72.5642043910584,23.1364152367936],[72.5638952998407,23.1365104629198],[72.5638150837048,23.1365397054116],[72.5636748641144,23.1365908202814],[72.5636225517151,23.1366098902595],[72.5635905628372,23.1366304751277],[72.5632874111422,23.1368255577163],[72.5631957228128,23.136895241278],[72.5630522135017,23.1370043070412],[72.5630068566914,23.1370387780324],[72.5627339567947,23.137145211292],[72.5625754819603,23.1372070157951],[72.5619626618654,23.1374840523251],[72.5617231387862,23.1377138494935],[72.5616274820338,23.1377506715578],[72.561387201599,23.137843165623],[72.5611555936607,23.1379380025812],[72.5610370667273,23.1380556382928],[72.5606134952302,23.1384760233789],[72.560378811369,23.1387351253549],[72.5603484576392,23.1387373735884],[72.5600556353406,23.1387590691098],[72.5598251987117,23.1389822952764],[72.5595444201431,23.1390535662506],[72.5594477632688,23.1390781001862],[72.5591701962495,23.1391185819759],[72.5590629978079,23.1391494088952],[72.5588566797494,23.1392087375837],[72.5587928755988,23.13922708523],[72.5585378827646,23.1392673730613],[72.5581736863603,23.1392452170236],[72.5580500770235,23.1392376988321],[72.5580058296865,23.1384013570426],[72.557993442929,23.1380137220648],[72.557782057165,23.1378510133982],[72.5577096420165,23.1378245912123],[72.5575901290951,23.1377809825939],[72.557307140075,23.1377286657821],[72.5571264624034,23.1376678075337],[72.5571241357884,23.1376670230774],[72.5570090778761,23.1375288858371],[72.556909455876,23.1372656787713],[72.5568174411347,23.13702257125],[72.5567626306437,23.1368480750767],[72.5567193120313,23.1367101670978],[72.5566813897139,23.1365894328883],[72.5565888303015,23.1364426365537],[72.5564125828483,23.1363049322765],[72.5561964029903,23.1361360276341],[72.5560793720039,23.1360445895836],[72.5558512609119,23.135910707013],[72.5556898317466,23.1358159602585],[72.5556566289546,23.1358027804509],[72.5553249921118,23.1355299169393],[72.5551503869763,23.1354907502448],[72.5550895036566,23.1354770939256],[72.5550476821405,23.1354611433254],[72.5548717108925,23.1353940346722],[72.55468100913,23.135338532394],[72.554579360299,23.1353089487922],[72.5543733177507,23.1352489813882],[72.5542759939845,23.135220655458],[72.5541799747841,23.135185745151],[72.5541668192236,23.1351809630883],[72.5541296900812,23.1351699699024],[72.5539212578472,23.135108257731],[72.553722064162,23.1350492805251],[72.5535312383118,23.1349743756607],[72.5534543418556,23.1349424357731],[72.5534271182633,23.1349339948382],[72.553403502681,23.1349266724592],[72.5533525014187,23.134910858767],[72.5531571112719,23.1348502734468],[72.5531290549123,23.1348354966285],[72.5529853377737,23.1347598068743],[72.5529379629209,23.1347348566014],[72.5528236985075,23.1346746775186],[72.5528039855145,23.1346642957336],[72.5524754086928,23.1345061604003],[72.5521783016395,23.1344664709276],[72.5520875518484,23.1344543473758],[72.5520823149005,23.1344536476393],[72.5520430625119,23.1344470923526],[72.5520228641037,23.1344437182496],[72.5517849782745,23.1344039883548],[72.5517773251801,23.134402709419],[72.5512598296569,23.134289481741],[72.5511014869881,23.134254834372],[72.5510593945397,23.1341780400786],[72.5510371812945,23.1341159003861],[72.551007179072,23.1340983224203],[72.5509950787054,23.1340823253275],[72.5509779251951,23.1340596505653],[72.5509090405767,23.1339685889027],[72.5508659471706,23.1339195486647],[72.5508191067977,23.1338662442476],[72.5508050474076,23.1338502455851],[72.5507972884392,23.1338443202837],[72.5503294380322,23.1334870910302],[72.5503170029188,23.1334775966506],[72.5501321216631,23.1333776377151],[72.5500478579717,23.1333370127998],[72.5499730443536,23.1333009447154],[72.5498481299456,23.1332407226488],[72.5497640741957,23.1332112218609],[72.5496863774029,23.1331839522077],[72.5496024497722,23.1331544957596],[72.5495221730121,23.1331263210755],[72.5494671782227,23.133120518844],[72.5490429096499,23.1330757499112],[72.5490118884016,23.1330724770441],[72.5489931107744,23.1330716144642],[72.5488713317221,23.1330660209531],[72.5488660786171,23.1330547803039],[72.5488390680594,23.1329969811342],[72.5488375553536,23.1329937447039],[72.5487175276572,23.1327212104177],[72.5487042998108,23.1326911749608],[72.5486731007802,23.1326203362382],[72.5485993893814,23.1324516177409],[72.5485352441404,23.1323047962732],[72.5484957702788,23.1322144448714],[72.5484604502066,23.1321290112832],[72.5483902720423,23.1319592625669],[72.5483214494837,23.1317324826595],[72.5482463142579,23.1314848980582],[72.5482436062737,23.1314765930227],[72.5482249434001,23.1314144766723],[72.5481815773208,23.1312715785412],[72.5481586649125,23.1311960768421],[72.5481542077111,23.1311813873986],[72.5480939498924,23.1310175759668],[72.5480731272737,23.1309609725265],[72.548064173107,23.1309366258719],[72.5480639209423,23.1309359999513],[72.5479656134504,23.1306916513338],[72.5478951818705,23.1307239926608],[72.5477600227878,23.1307860566045],[72.5472751940364,23.1310086802042],[72.547271443737,23.1310104020708],[72.5468901624327,23.1311854799601],[72.5468401070807,23.1312084640238],[72.5465799000864,23.1313279445822],[72.5460044622183,23.1315921687112],[72.5457753954453,23.1316973483206],[72.5457545608721,23.1316826818408],[72.5453762339432,23.1310796360878],[72.5452180041754,23.1308274178792],[72.5451667300683,23.1307456865684],[72.5451530782182,23.1307239261253],[72.5451494174331,23.1307110292532],[72.5450946578198,23.1307235262285],[72.5450736830067,23.1307283118097],[72.5449908422221,23.1307472187248],[72.54488859684,23.1307705528428],[72.5445794463024,23.1308411075678],[72.5444016710538,23.1308816789695],[72.5441436728151,23.1309405582555],[72.5440834805615,23.1309523834231],[72.544072496189,23.130954540455],[72.5433902724195,23.131088559619],[72.5431371422192,23.1311382842404],[72.5416988804885,23.1314208062681],[72.5414914984262,23.1314615416674],[72.5408808508648,23.1312799423468],[72.5408799999929,23.1312801403141],[72.5408533251769,23.1314304320076],[72.5408442254878,23.1315796871317],[72.5408184874038,23.1320019082307],[72.5407699200233,23.1327985797312],[72.5407639927675,23.1328958091591],[72.5407595156886,23.1329692475599],[72.5407871979123,23.1330147529635],[72.5411170821479,23.1335570279508],[72.5411260651525,23.1335925721844],[72.5412297417605,23.1340027557774],[72.5412422016886,23.1340520571069],[72.5412666583452,23.1341488163422],[72.5412790621078,23.1341491850015],[72.5412822292044,23.1342097837048],[72.5412822876203,23.1342109157628],[72.5412823152199,23.1342114361777],[72.5412879913766,23.1343200118907],[72.5412793154768,23.1343826231113],[72.5412633969206,23.1344975007225],[72.5412630540116,23.1344999779364],[72.5412611004283,23.1345140700859],[72.5412168618754,23.1348333209635],[72.5412331590673,23.1348445752612],[72.5415273398344,23.1350477331615],[72.5416886739812,23.135244378476],[72.5417956780386,23.1353748043468],[72.5418281067424,23.1354143307139],[72.5419547384843,23.1354887599086],[72.5419669282148,23.1354959472717],[72.5421069180172,23.1355784892058],[72.5421206481021,23.1355672104403],[72.542144330002,23.1355809775437],[72.5428986992288,23.1363239649948],[72.5429232400782,23.136348134249],[72.5429106474832,23.1363715502543],[72.5426185252952,23.1369147797512],[72.5425413572395,23.1370233228226],[72.542515883384,23.1370591502271],[72.5425133812923,23.1370493660086],[72.5424299717844,23.13717641827],[72.5424285879267,23.1371787023126],[72.5424152098036,23.137200755498],[72.5424084175371,23.1372119547114],[72.5424069392994,23.1372113313267],[72.5423884186622,23.1372035234553],[72.5421257583202,23.1375362600555],[72.5420433522411,23.1376164469661],[72.542043082923,23.1376167090764],[72.5419308797853,23.1377258950837],[72.5418058514675,23.1378547360106],[72.541691559768,23.1379957707691],[72.541658145576,23.1380362993217],[72.5415558267007,23.1381603937742],[72.5414816290918,23.1382503876961],[72.5414568617328,23.1383997386395],[72.5414557363159,23.1384065287195],[72.5414170258574,23.1386399645228],[72.5413835371575,23.1388419162169],[72.541377920173,23.1388757918391],[72.5413585927879,23.1389923395338],[72.5413391350439,23.1391283349411],[72.5412975755548,23.1394188043946],[72.5411792674269,23.139965742651],[72.5411815001289,23.1399805500957],[72.541181663736,23.1399816413655],[72.5411899265177,23.1400364489794],[72.5412084317099,23.1401591741425],[72.5411952645033,23.1401838692122],[72.5411855326843,23.1402435371661],[72.541180989445,23.1403282281711],[72.5411796527276,23.140358150625],[72.541192027941,23.1405472423833],[72.5412004633328,23.1406761513113],[72.5412134362107,23.1408254835485],[72.5412255008465,23.1409643531823],[72.5412493835368,23.1412392909761],[72.541249390706,23.1412393795574],[72.5412526046323,23.1412763792694],[72.5412580202098,23.1413387156157],[72.5412608831042,23.141371681779],[72.5413828362813,23.1418091302027],[72.5414102951825,23.141907573884],[72.5415778312068,23.1424704818532],[72.5417850347982,23.1428220113623],[72.5419369508039,23.1430797408185],[72.5421247774882,23.1433922198117],[72.542334006338,23.1436509622901],[72.5423421076353,23.143660978302],[72.5425363301322,23.1439010459751],[72.542631520102,23.1439458520188],[72.5426688041644,23.1439634025934],[72.5426793336061,23.1439748476041],[72.5428332591152,23.144175652293],[72.5429988058999,23.1443935791266],[72.5432144450857,23.1446796024317],[72.5433362724188,23.1447398886176],[72.5435009055779,23.1448220685936],[72.5438382965649,23.1450839823202],[72.5439861070403,23.14522396177],[72.5440381112611,23.1453801811071],[72.5441710006556,23.145788934921],[72.5441936692063,23.1458586620166],[72.5442104827521,23.1459396174263],[72.5442432870438,23.1460976669885],[72.5442606983303,23.1461815539182],[72.5442718812192,23.1462295704398],[72.5443054151998,23.1463717501757],[72.5444676334746,23.1470592610984],[72.5445178957484,23.1472716828282],[72.5444478869864,23.1472689936212],[72.5439936883818,23.1472490980039],[72.5439240388565,23.1472423427608],[72.5439242267587,23.1472438162714],[72.5434259878773,23.1473793260073],[72.5431774759551,23.1474948957748],[72.5431424407759,23.1475111883275],[72.5431074045964,23.147527481759],[72.5430693644689,23.147545171825],[72.543033034424,23.1475654984055],[72.5428344362004,23.1476783994274],[72.5426318543449,23.1477935644132],[72.5420145657426,23.148144480504],[72.5419235640642,23.1482630502888],[72.541815368483,23.1484130923531],[72.5417971316866,23.1484383835432],[72.5417193840748,23.1485105691244],[72.541722841361,23.1485747318366],[72.5417409447783,23.1487246008652],[72.5417802841314,23.1490475695097],[72.5417967326399,23.1491540193444],[72.5418118529503,23.1491844893036],[72.5419247488182,23.1494119972369],[72.5419823203518,23.149611055525],[72.5420137896884,23.1497178155884],[72.5420221523506,23.1497312860218],[72.5420664672495,23.1498026800132],[72.542081218003,23.1498264457852],[72.5423814814396,23.1497419846336],[72.5424482486794,23.149724054216],[72.5424999950369,23.1497957653656],[72.5426371443029,23.149985822478],[72.5426826494358,23.1501530058125],[72.5427019618511,23.1502154298418],[72.5427923758292,23.1505076404964],[72.5428209931583,23.1506001250055],[72.5429365920672,23.1509454626425],[72.5430095410448,23.151104681182],[72.5431321371708,23.151393904616],[72.543202499175,23.1514096132068],[72.5432415453238,23.15154094769],[72.5433098104243,23.1517705644338],[72.5433543359305,23.1519202858177],[72.5434976517687,23.1522084284611],[72.5438280337605,23.1525487551875],[72.5438927268116,23.1526153958343],[72.5438634893679,23.1527489630544],[72.5438684879964,23.1528256050515],[72.5438858535624,23.1530918070932],[72.5438928712222,23.1531993817114],[72.5439619484007,23.1533673837964],[72.543995804213,23.1535836491893],[72.5440075414447,23.1536437333101],[72.5440103122569,23.1538620651007],[72.5440118964476,23.1539772193273],[72.5440127991577,23.1540428091692],[72.5444765087765,23.1539187034567],[72.5446010761872,23.153885355356],[72.544703085024,23.1538580460219],[72.5448332463405,23.1538232006142],[72.5450978815837,23.153752352556],[72.5455112051431,23.154420074289],[72.5455551147437,23.1544910107098],[72.5455980400573,23.1545631387585],[72.5456715450588,23.1547045411148],[72.5456958222773,23.1547512432241],[72.5458886653879,23.1551222142798],[72.5459439205991,23.1552168368613],[72.5459677680953,23.1553559071265],[72.5459688701968,23.1553623419567],[72.5459599742606,23.1557655930205],[72.5459529691831,23.1560831419978],[72.5459443132289,23.1564754590359],[72.5458092864229,23.1568609218146],[72.5458006197706,23.1568702457645],[72.5453291568984,23.157377427023],[72.5453208428174,23.1574769159204],[72.5453191521795,23.1574971400615],[72.5452922631906,23.1578188926254],[72.5452914589428,23.157828518753],[72.5452822857139,23.1579382837943],[72.5454046361068,23.1580653474758],[72.545458458886,23.1582730598403],[72.5455177856037,23.1587695485166],[72.5455195932442,23.1587846760959],[72.5455521213607,23.1590569019586],[72.5457147203441,23.1591923240158],[72.5457614758206,23.1592312634995],[72.5459719870692,23.1595337205474],[72.5459745954517,23.1598219335871],[72.5460101011543,23.1598769381601],[72.546029755828,23.1599073891283],[72.5461853272882,23.1601484070302],[72.5463656821627,23.160273619803],[72.5463767820732,23.1602813262302],[72.5463905555054,23.1602908879446],[72.5464815386121,23.1603540538701],[72.5467815536441,23.1605741114068],[72.5469347346429,23.1606864675184],[72.5470322466903,23.1607446117685],[72.5470949715215,23.1611821466431],[72.5472143150702,23.161390939847],[72.5473175626511,23.1616463259836],[72.5467283667502,23.1625998558363],[72.5465580749592,23.1627233769343],[72.5463388070607,23.162913991579],[72.5462250535219,23.1630186005961],[72.5460110065318,23.1633528703655],[72.5459960507943,23.1633762252042],[72.5460640734826,23.1633946507827],[72.5461967486808,23.1634305862979],[72.5466531514194,23.1636725126667],[72.5472566058547,23.1637749022484],[72.5476979402674,23.1638497843346],[72.5483577945027,23.1638643683565],[72.5492098418206,23.1639874976627],[72.5493760821496,23.1638574405607],[72.5496516163132,23.163928336136],[72.5500052784086,23.1642036854513],[72.5501354399428,23.1646016661366],[72.5509867006899,23.1646703777475],[72.5509991852966,23.1647630453957],[72.5514702244699,23.1646177935565],[72.5518315250245,23.1645783615305],[72.5526420024176,23.1644832293859],[72.552841638861,23.1644597963019],[72.5529340074537,23.1644410736037],[72.5531473388517,23.1645550859478],[72.5533919518512,23.1646858147793],[72.5533961354852,23.1646863546453],[72.553445320346,23.1646707268187],[72.5538237515412,23.1643906547753],[72.5538533710911,23.1643757257607],[72.5540941259969,23.1642543736032],[72.5542300816285,23.1641858452963],[72.5543356573442,23.1641698988694],[72.5545833660332,23.164132484573],[72.554578149614,23.1635602199501],[72.5545744196603,23.1631510708538],[72.5545806642796,23.16312485076],[72.5546593131493,23.1627946433062],[72.5548089498387,23.1621663844585],[72.5548627222037,23.1619406137734],[72.5550151013252,23.1607707218294],[72.5550164583069,23.1607602998365],[72.5550555383403,23.1604602614182],[72.5550661803122,23.1603785513368],[72.555599843696,23.1604117252547],[72.5560382148991,23.1604079661915],[72.5566882447342,23.160402388146],[72.5567241974273,23.1604059134052],[72.5568606043006,23.1604192856032],[72.5568952627755,23.1604226824112],[72.5571450976795,23.1604471750014],[72.5573963965826,23.1604718090756],[72.5578857184219,23.1604172752679],[72.5579482569856,23.1603674417441],[72.5582369180058,23.160137427636],[72.5583702083692,23.1598342844778],[72.5584606684393,23.1596285461569],[72.5585034960738,23.1595311438222],[72.5587200252944,23.1594034497852],[72.5587644170547,23.159399495168],[72.5588676177249,23.1593903027103],[72.5593453910348,23.1593477415144],[72.5595634685334,23.1593458657899],[72.5596719077378,23.1593449329662],[72.559799497886,23.1593043877804],[72.5601603031146,23.1591897316742],[72.5605666056844,23.1589849071105],[72.5607266370599,23.158631199743],[72.5608079384047,23.1585210742495],[72.5611566909577,23.1580486700885],[72.5611715081573,23.1580206595123],[72.5613974245547,23.1575936015458],[72.561449768589,23.157366654466],[72.5613649137623,23.157015056787],[72.5614421965862,23.156969477191],[72.5616584338429,23.1568419473969],[72.5617979555907,23.1567596628413],[72.5621807309448,23.1569576951091],[72.5622279931502,23.1569742322647],[72.5623669247046,23.1570228425309],[72.5626721136569,23.157129625195],[72.5631632678276,23.1572763904059],[72.5636267219932,23.157391184084],[72.5636422984996,23.157395041537],[72.5636541922613,23.1573979879994],[72.5641189127011,23.1575226011296],[72.5641905436073,23.1575418076915],[72.5641997659997,23.1575442803702],[72.5646630202106,23.1576157807078],[72.5651255803052,23.1576117874451],[72.5652858852718,23.1570624127214],[72.5654421441705,23.1565268993271],[72.5654421625744,23.1565267994053],[72.565545891076,23.1559723426399],[72.5658112804866,23.1554011820143],[72.5658394074195,23.155340647967],[72.5659430455289,23.1550877491278],[72.5660269325289,23.1548830457193],[72.5660705958417,23.1547764979088],[72.5662119998848,23.1544314392055],[72.5668119026805,23.1538323927821],[72.5668503343261,23.1537940170743],[72.5671017826102,23.1535429241028],[72.5674887132574,23.1532214045031],[72.5675608516172,23.1531614595412],[72.5676666069132,23.1530537432303],[72.5676689809789,23.1530513243853],[72.5685825471044,23.1521207983583],[72.5687174313014,23.1519937983325],[72.5687710723856,23.1520123548161],[72.5690722963836,23.1521165582958],[72.5694262355319,23.1521386605838],[72.5695945995892,23.151900582378],[72.5698559982211,23.1515309436021],[72.5699904122263,23.1513536142153],[72.57036923623,23.1511238347123],[72.570680091132,23.1510768471891],[72.5707224780319,23.1510704395495],[72.5711578053388,23.1510666650299],[72.5715096524172,23.150862284691],[72.5716089515249,23.1507874392386],[72.5717798721223,23.1506586085823],[72.5717766174292,23.1503063073659],[72.5717962228064,23.1502310329719],[72.5718028936946,23.150205414279],[72.5722244978967,23.1501266374011],[72.5725091369727,23.1500734525409],[72.5730256218259,23.1500186380081],[72.5734815034354,23.1499619122391],[72.5735873347998,23.1499487426875],[72.5736779100958,23.1499374730911],[72.5741943924381,23.1498826509966],[72.5744381639309,23.1497258926934],[72.5747894669839,23.1494999849354],[72.5753301251114,23.1491177877327],[72.5752131136542,23.1489895172137],[72.5746001864674,23.1483176046093],[72.5745329508641,23.1482438976544],[72.5744246269296,23.1479517731834],[72.5743655139064,23.1477923581771],[72.5742241204554,23.1472147603471],[72.5741994135112,23.147115950522],[72.5741110986544,23.1467627487443],[72.5738611142187,23.1462112591477],[72.5735581121983,23.1458112309826],[72.5732827865858,23.1454612969859],[72.5729550465543,23.1450362828451],[72.5728972361349,23.1449613149451],[72.5725085828002,23.1445162319676],[72.5722647368242,23.1442369805168],[72.5720291650639,23.143697619172],[72.5720132402284,23.1436611566526],[72.5719033818454,23.1434096235486],[72.5718501880242,23.1433701969945],[72.5714356795741,23.1430629581063],[72.5705609778761,23.1424146081201],[72.570499729944,23.1423257137134],[72.5704230871728,23.1422144732044],[72.5704195134152,23.1421521012311],[72.5704110946294,23.1420945014791]]]}}, {"type" : "Feature", "id" : 0, "properties" : {"fid": 0, "fid1": 28, "zone": "South Zone", "layer": "g_ward_boundary_new", "remarks": "", "ward_no": 11, "zone_id": 3, "no_of_sch": 0, "object_id": 0, "sector_no": "", "vill_name": "ZUNDAL", "ward_name": "Ward No - 11", "co1_f_path": "", "co2_f_path": "", "co3_f_path": "", "co4_f_path": "", "cor_1_cont": "", "cor_1_name": "", "cor_2_cont": "", "cor_2_name": "", "cor_3_cont": "", "cor_3_name": "", "cor_4_cont": "", "cor_4_name": "", "female_pop": 0, "govt_prima": 0, "male_popul": 0, "no_med_fac": 0, "no_of_inst": 0, "shape_area": 6784811.5, "shape_leng": 17619.988000000001, "total_hous": 0, "total_popu": 0, "z_offi_con": "", "zo_officer": ""}, "geometry" : {"type":"Polygon","coordinates":[[[72.6171662953441,23.1392402036867],[72.6169758360436,23.1390506454067],[72.6169027869439,23.1389779416257],[72.6162586407551,23.1383368346093],[72.6157864222291,23.137866686222],[72.6152020293885,23.1378539130729],[72.6138966341311,23.1378254078844],[72.6137292186588,23.1378217541343],[72.6137147221315,23.137583094936],[72.613657486042,23.1366392523143],[72.6136367675228,23.1362969360109],[72.6135597497468,23.1350208445655],[72.6135581536056,23.1349943309046],[72.613548136202,23.1348278782572],[72.6132107990786,23.1345012818067],[72.6130537089401,23.1343491731325],[72.6130750354825,23.134181965635],[72.6131483790933,23.1336074027358],[72.6129066025658,23.1334373676382],[72.6124946881993,23.133147633996],[72.6122469751323,23.1329733705976],[72.6122334646615,23.1329638645243],[72.6118070803315,23.1326638539293],[72.6115655338745,23.1324938647063],[72.611539105075,23.1324463470148],[72.6114509124016,23.1322877618298],[72.6112090232571,23.1318526528913],[72.6111513226597,23.1317634482101],[72.6107550912693,23.1311505677425],[72.6107543435673,23.1311494098733],[72.6107322550961,23.1311152269795],[72.610712001293,23.1310838804539],[72.6106708900283,23.1307144901765],[72.6106673418003,23.1306825437668],[72.6105965729821,23.1300434325501],[72.6105964788167,23.1300425770897],[72.6104810023821,23.1289931700621],[72.6104804859778,23.1289722429406],[72.6104521937992,23.1278193236231],[72.6104418653882,23.12739825425],[72.6099478869828,23.1276321629851],[72.609193581516,23.1279502477937],[72.6087999227136,23.1285862108168],[72.6082788464788,23.1290968162144],[72.6076064120605,23.1292357608141],[72.6074029873806,23.1292777940839],[72.6067041460912,23.1294221910962],[72.6065032997476,23.1295172898837],[72.6059501920271,23.1297791787924],[72.6056535382876,23.1298764377012],[72.6055488872206,23.1299107488005],[72.6049734931228,23.1300993923097],[72.6046079730997,23.1302192275365],[72.6044278252164,23.130274545579],[72.6044243585973,23.1302756105319],[72.6043931011746,23.1302852095728],[72.6037909916234,23.1304701003773],[72.6035980121221,23.130529357975],[72.6034332944658,23.1305799387202],[72.6032500142163,23.1305969903406],[72.6027396695262,23.1306444708779],[72.6026560288875,23.1306582317749],[72.602646720599,23.1306597621392],[72.60177876931,23.1308025498878],[72.6005208571297,23.1310094817848],[72.600114067333,23.1310763979175],[72.6000235720632,23.1311002354383],[72.5999860246511,23.1311101259822],[72.5993410725048,23.1312800114527],[72.5990438140865,23.131358311446],[72.5985687186755,23.1312736537631],[72.5982943467754,23.1312247638527],[72.5982114315727,23.1312099893679],[72.5977428022504,23.1311205708545],[72.5974316400019,23.1310611981059],[72.5967669227904,23.1319622400054],[72.5965491395782,23.1318620808556],[72.5957132950258,23.1314776709294],[72.5952008724581,23.1312420014876],[72.594400475574,23.1308738838875],[72.5939190292395,23.1311311112437],[72.5938363813827,23.1311188446743],[72.5933122743113,23.1310410551989],[72.5923800793269,23.1309026926439],[72.5919387415393,23.1308371841191],[72.5916358599116,23.1307853573712],[72.5909051370425,23.1306603193675],[72.5903162524096,23.1305595492637],[72.5902079752789,23.1302296750495],[72.5897686799798,23.1301105698379],[72.5889250278519,23.1298818278099],[72.5884500844711,23.1297530521281],[72.5883982734319,23.1297390048869],[72.5883918466074,23.1297372617006],[72.5883308839576,23.1297207326198],[72.5883709538817,23.1295063187348],[72.5878009900723,23.1292972563044],[72.5873871905367,23.1300403767138],[72.5868808788589,23.1298891345957],[72.5864659803567,23.1305155004905],[72.5857945790476,23.1302832839673],[72.5853684892416,23.1301359100201],[72.5849112047964,23.1300231829252],[72.5846804346285,23.1299662929246],[72.5846635549508,23.1299621324778],[72.5843774521608,23.1298916018344],[72.5843146187812,23.1299272100857],[72.5842571036044,23.1299598033166],[72.5842536857766,23.129962387926],[72.5842343009567,23.1299133104828],[72.5840982294389,23.1298810416014],[72.584063923128,23.1298729062969],[72.5839945379825,23.1298981106638],[72.5833045761612,23.1301487307401],[72.5832304110605,23.1301487581164],[72.5829921132542,23.1301488468684],[72.5829809004776,23.1301488518622],[72.5829564278654,23.1300165673612],[72.5828968825644,23.1296946976474],[72.5828884367635,23.1296490432181],[72.5828770633531,23.1295875589505],[72.5828292708928,23.1293292168604],[72.5828203097275,23.1290118314438],[72.5828199562146,23.1289993181373],[72.5827776651589,23.1286732560199],[72.5826936458877,23.127900689136],[72.5826884034732,23.127852492875],[72.5821420236916,23.127872709794],[72.5820589398119,23.1277461578943],[72.5820436746881,23.1277164861975],[72.5819251599278,23.1274861174299],[72.581851892623,23.1273436990875],[72.5818172395444,23.1272839728335],[72.5817643368282,23.1270024403386],[72.5817514055516,23.1269692384833],[72.5817019089128,23.1268421463758],[72.5816622399928,23.1267092675129],[72.5816367904341,23.1266102638732],[72.5816254188,23.1265660261015],[72.581602095232,23.1264752937557],[72.5815973633692,23.1264568858971],[72.5815508664733,23.1261927631585],[72.5814817665496,23.1258002537326],[72.5814344419468,23.1255637944992],[72.5813294985202,23.1250394416191],[72.5811752843859,23.1242688965826],[72.5811737170306,23.1242620818965],[72.5811375136339,23.1241047477227],[72.5811261192574,23.1240636990673],[72.5811171114269,23.1240312461942],[72.5810936360167,23.1239466737825],[72.5810301694929,23.1237180330454],[72.5808629292836,23.1231973038211],[72.5808619632248,23.1231942972167],[72.5808548117454,23.1231720325949],[72.5807705264556,23.1229095976072],[72.5807542490319,23.1228589163746],[72.5807414123792,23.1228189469484],[72.5806489500517,23.122531045679],[72.5806407439957,23.1225255121552],[72.5804831501066,23.1224192398617],[72.5800499098913,23.1214606591908],[72.5799311547763,23.1211961528705],[72.5796229289255,23.1205436271306],[72.5795847461078,23.1204627919475],[72.5795392445096,23.1203371085456],[72.5793836261666,23.1199072552388],[72.5791647259486,23.1193917585418],[72.5789377588491,23.1188572554314],[72.5789065505206,23.1188131309219],[72.5785656846231,23.1189786481044],[72.578484734142,23.1190179554857],[72.5781847393369,23.1184531885469],[72.578022644223,23.1182017474771],[72.5779857916831,23.1182240115305],[72.5776941157052,23.1184002219386],[72.5775920857152,23.1184861237427],[72.5775291113992,23.118533881383],[72.5774969942457,23.1185644693715],[72.5774749601427,23.1185856194474],[72.5771897795472,23.1188581032831],[72.5771606822054,23.1188842833328],[72.5771372991906,23.1189053205431],[72.577014978214,23.1190153706326],[72.576990771932,23.1190395828427],[72.5769638950046,23.119065001633],[72.5766260743137,23.1193844940647],[72.5764984865679,23.1195247578414],[72.5761776599874,23.1198774586884],[72.5761393464133,23.1199282444211],[72.5761045732993,23.1199743378166],[72.5760809627505,23.1199969909111],[72.5760620178841,23.1200156677186],[72.5759086161382,23.1201625214847],[72.5758230956676,23.1202443894444],[72.5757818085884,23.1202840009305],[72.5757510173293,23.1203135418155],[72.5757015822119,23.120360971448],[72.5756864133354,23.1203730357108],[72.5756564062526,23.1203969039019],[72.5755672514314,23.1204678157952],[72.5755322586111,23.1204956507898],[72.5754944753628,23.120520059291],[72.5754810007376,23.1205287642053],[72.575446769646,23.1205477782113],[72.5752453176626,23.1206596728902],[72.5752159725797,23.1206759733355],[72.5749222967924,23.1208390913583],[72.5747080588368,23.1209580892965],[72.574668712445,23.1209763220754],[72.5743093021565,23.1211428683404],[72.5741796051416,23.1212029687596],[72.5741435561282,23.1212190620185],[72.5739820286294,23.1212911740128],[72.5735889765451,23.1214666491892],[72.5735551050349,23.1214838239279],[72.5733335478916,23.12159618018],[72.5732986061932,23.1216102292575],[72.5729388557914,23.1217548721117],[72.572692564347,23.1218538964272],[72.5725932406615,23.1218938321486],[72.5725362876152,23.1219167313966],[72.5725024907387,23.1219333798242],[72.5724687155165,23.1219500177442],[72.5720590434912,23.1221518365191],[72.5719635651502,23.1221988708032],[72.5719301180436,23.1222136494392],[72.5718106872825,23.1222664246444],[72.5714467332548,23.1224272479805],[72.5712278576799,23.1225239640013],[72.5712033319985,23.1225537331176],[72.5710282701359,23.1222900175708],[72.5709344676714,23.1221487104587],[72.5708878520602,23.1220784873922],[72.5707870207223,23.1219265917046],[72.5707502365878,23.1217229252325],[72.570743752222,23.1216870225379],[72.5706599384194,23.1212229662189],[72.5706001909068,23.1204629036636],[72.5705990183902,23.1204591806465],[72.5705301534214,23.1202407633369],[72.5704881362358,23.120107493296],[72.570331944504,23.1197182260889],[72.5703418802016,23.1196416287778],[72.5703644700903,23.1195119353081],[72.5704357141759,23.1191029094208],[72.5704841433018,23.1189922913911],[72.5703997573323,23.118645820427],[72.5702632445387,23.1186631262819],[72.5699023688437,23.1187088716323],[72.5698780545274,23.1183177899233],[72.5698646630265,23.1180488744757],[72.5698585973146,23.1179270665316],[72.5698491490451,23.1178863984768],[72.5697514148792,23.1174657191653],[72.5697454249342,23.117439936846],[72.5697245144437,23.1172968151094],[72.5696548408371,23.1168199323528],[72.5693653964817,23.1167241552731],[72.5690412581469,23.116616897698],[72.5688856703269,23.1165654129123],[72.5688755906164,23.116562077967],[72.5689175136695,23.1163443354843],[72.5689205329823,23.1163286549611],[72.56882692636,23.116289942911],[72.5686577521647,23.1162199791983],[72.5684895730866,23.1161504278766],[72.568252836949,23.1160525222473],[72.5677972761857,23.115919418763],[72.5677670075748,23.1159105751346],[72.5677654473425,23.1159101195473],[72.5675848042045,23.1159249261951],[72.5674845557391,23.1159400104967],[72.5674756743476,23.1159413477042],[72.5664045820737,23.1161025256363],[72.5659777491231,23.1161867872954],[72.5658122906594,23.1162313267727],[72.5658067120165,23.1162327744504],[72.5654835173016,23.1163166439608],[72.5654676452637,23.1163207628682],[72.5653409407025,23.1161361215478],[72.5653307592981,23.1161212854109],[72.5653042407095,23.116082641215],[72.56467849472,23.1161664188465],[72.5644860483836,23.1162156587584],[72.5644861211817,23.1162158973096],[72.5644710799536,23.116219732841],[72.5641709639396,23.116296274451],[72.5637572247319,23.1162243899365],[72.5636602871797,23.1162075470508],[72.5635611945462,23.1161903304666],[72.5632547769196,23.1161370910808],[72.5633217378129,23.116202588498],[72.5637446079492,23.1166162125341],[72.5638534596585,23.1167226833952],[72.5638715401087,23.1167403670972],[72.5639423139514,23.1168570999205],[72.5640779146798,23.1170807526707],[72.5641307511436,23.1171820536413],[72.5641381179722,23.1171977906606],[72.5641878571072,23.1173040387562],[72.5642599261223,23.1174579907277],[72.5642743450038,23.1174887927529],[72.5645668498946,23.1181136256209],[72.564567894648,23.1181159275541],[72.5646134246129,23.1182162398694],[72.5647366705745,23.118487770789],[72.564839347395,23.11871398483],[72.5649047599328,23.1188857436988],[72.5650243910007,23.1191998678675],[72.5651925956784,23.1194671763974],[72.5651985572025,23.1194740482106],[72.5653262694243,23.1196212244223],[72.5653382744428,23.1196345919509],[72.5653456389415,23.1196427935279],[72.5657227126315,23.1200626691019],[72.5659232506859,23.1202859690714],[72.5660515661452,23.120428846116],[72.5661344618387,23.1208182021878],[72.566303734905,23.1216132511445],[72.5663052421259,23.1216203258969],[72.5664612199788,23.1220873011503],[72.5664685719442,23.1221637162096],[72.5664963211221,23.1224521432641],[72.5665115528141,23.1226104549806],[72.5665140940133,23.1226368774701],[72.5668620695008,23.1227473815454],[72.5669819091332,23.1230685241536],[72.5670193697715,23.1231915856533],[72.5671029565317,23.1234661774111],[72.5671461505721,23.1236080777749],[72.5671864280182,23.1238409398299],[72.5673375007544,23.1238191790902],[72.5673380367756,23.1238199817938],[72.5673439826439,23.1238288736874],[72.5675342448888,23.1242139594274],[72.5676204464465,23.1242684505695],[72.5677099389709,23.1243250209563],[72.567870521598,23.1245505028997],[72.5679085339623,23.124843817801],[72.5679505549478,23.1251680474019],[72.56801749749,23.1252823328253],[72.5680369747624,23.1253555775457],[72.5680752335823,23.1254994598997],[72.5681118425986,23.1256371346681],[72.5681215842626,23.1256757562425],[72.5680987294974,23.1258241493653],[72.568080093329,23.1259451554136],[72.5680088113837,23.1263976223162],[72.5679910746088,23.1264742172029],[72.5680106848793,23.1265272131818],[72.5680123953721,23.1265280033101],[72.5681346930254,23.1269291988351],[72.5682019221295,23.1271497412531],[72.5682641154214,23.1272983748466],[72.5682746095757,23.1273936727092],[72.5683078495875,23.1276955569812],[72.5683323283752,23.1279178746025],[72.5683349190003,23.1281333293728],[72.5683356253779,23.1281920686697],[72.5683397241143,23.1283507466059],[72.5683494779961,23.1287283092324],[72.5685156189519,23.1291845399892],[72.5685208774037,23.1291989813733],[72.5685500129133,23.1293941660187],[72.5684470620614,23.1298136485083],[72.5683491849135,23.1300613274565],[72.5683221732401,23.1302019079561],[72.5682906307532,23.1303660619206],[72.5682644506474,23.1305023093234],[72.5681967067209,23.1309480128907],[72.5681791692924,23.1310417073393],[72.5681555815518,23.1311677221512],[72.5681112006529,23.1313413952829],[72.5679546714734,23.1314743005436],[72.567700144418,23.1321692251335],[72.567627859567,23.1325661693855],[72.567509537263,23.1327733878774],[72.5674613380716,23.1328750687086],[72.5674056000852,23.1329926544881],[72.5672498930672,23.1333211316373],[72.5670657406213,23.1333047843938],[72.5668025444556,23.1336258319925],[72.5667917179362,23.1336390365537],[72.5665996903789,23.1337639370513],[72.5665894189142,23.1337706177774],[72.5664280375553,23.1338755834011],[72.5662775992161,23.1340217574126],[72.566184570648,23.1341694254561],[72.5659146102953,23.1344885017027],[72.5657671697245,23.1346310363585],[72.5655749511747,23.1348168589776],[72.5655773929691,23.1351269430606],[72.5655786886197,23.1352914372677],[72.5655811140916,23.135599501606],[72.5656177856357,23.1357809003534],[72.5657263829711,23.1360080860844],[72.5658341764284,23.1361443015643],[72.5664752868514,23.1369544499194],[72.5665844164191,23.1370671352536],[72.5667742401369,23.1372826833271],[72.5668621429344,23.1373304652287],[72.5668922307568,23.1373468202412],[72.5673681285906,23.1380021292858],[72.5675818971623,23.1382964854444],[72.5676874611901,23.1384043891327],[72.5676880727049,23.1384050142564],[72.5679922430873,23.1387159246078],[72.5681750787731,23.1389028108301],[72.5683404089853,23.1390718011733],[72.568350564128,23.1390854894068],[72.5686090518765,23.1394338634551],[72.5686617559559,23.1395048945385],[72.5690374514767,23.1400112284113],[72.5691250086742,23.140129231628],[72.569143377334,23.14015364859],[72.5696377634387,23.1408107647417],[72.5697669825519,23.140982514461],[72.5697906243879,23.1410139377957],[72.5701036049852,23.1415590039802],[72.5704110946294,23.1420945014791],[72.5704160265174,23.1420912463369],[72.5711112600444,23.1416323383781],[72.5713861065883,23.1414942753114],[72.5717773782319,23.1412977267456],[72.5718591819803,23.1412566343017],[72.572269359687,23.1410242462413],[72.5722738935326,23.1410216773216],[72.5723263546927,23.1409919559834],[72.5725597390732,23.1408378993952],[72.5729948016951,23.1409101379428],[72.5731139433424,23.1408648677994],[72.5733457804107,23.140776778252],[72.5734696642001,23.1406795211065],[72.5734802701258,23.140671194845],[72.5734856508356,23.1406669697177],[72.573647175806,23.1406425494402],[72.573887203981,23.140606260369],[72.5740895089204,23.1405756751556],[72.5740952978833,23.1405747992318],[72.5742373782086,23.1407038767692],[72.5744721666622,23.1407018364977],[72.5750117786426,23.1406537080914],[72.5750601450646,23.1408053191078],[72.575582557915,23.1407797586094],[72.5755999582633,23.140778906928],[72.5765340809845,23.1402278102956],[72.5765509698445,23.1402302637893],[72.5769573048037,23.1402892816872],[72.577083162867,23.1402436891957],[72.5774475257288,23.1401116948359],[72.577448747088,23.1401112523009],[72.5775436701388,23.1402190197878],[72.578247228295,23.1401260152647],[72.5782486391498,23.1402780331761],[72.578385582879,23.1402639775566],[72.5789509918717,23.1402059421449],[72.5793128947004,23.1401687945494],[72.5793571058916,23.1401642566897],[72.5796422849885,23.1401349834337],[72.5798672616774,23.1401118888352],[72.5800996245016,23.1401055182842],[72.580702950633,23.1400889749942],[72.5807246932917,23.1400883789932],[72.5807252939372,23.1400883629383],[72.5810292575842,23.1400800272961],[72.5813340777118,23.1400339278519],[72.5815349500801,23.1399201062904],[72.5818528999687,23.1397399421076],[72.5819180119745,23.1397030467477],[72.5824109258095,23.1397075050915],[72.5831391062105,23.1397140893834],[72.5833500098228,23.1396688085505],[72.5833386264557,23.1395666399338],[72.583221889959,23.1385188372125],[72.5832458299352,23.1385207354971],[72.5836641797879,23.1385539023637],[72.5837153429155,23.1385579576828],[72.5836796222586,23.13930910583],[72.5836760781263,23.1393836130523],[72.5837768748764,23.1401211663403],[72.5838386370529,23.1401226668604],[72.5839724909501,23.1401259155955],[72.5844344830172,23.1401371301547],[72.5844575450049,23.1401480533502],[72.5849297646877,23.1403717006941],[72.585258466969,23.1403688213975],[72.585447368564,23.1403359142922],[72.5854486464827,23.1403356919334],[72.5854713886307,23.1403317297178],[72.585546880099,23.1403185794606],[72.5859148591491,23.140254476198],[72.5866537828126,23.1401339137717],[72.5868641092474,23.1400995961453],[72.5870770075857,23.1400648581059],[72.5871808822926,23.1400479095132],[72.5875313063192,23.140010681679],[72.5876265707066,23.1400005613194],[72.5876721339297,23.1400065392276],[72.5883610747805,23.1400969268202],[72.5884023830818,23.1401023464814],[72.5895279446638,23.1399524370699],[72.5896005081935,23.1399427725793],[72.5899736227893,23.1398930760095],[72.5907020676285,23.1396232472168],[72.5908744961395,23.1395593755082],[72.5915561392781,23.1395091045596],[72.5918710805486,23.139485874499],[72.5921813161359,23.1394629934856],[72.5922119591724,23.1394607326672],[72.5926126808439,23.1393816789547],[72.5926934770128,23.1393657381145],[72.5932792341892,23.1392501765701],[72.5935947446504,23.1391879301619],[72.5939140744161,23.1391161864548],[72.5940527597068,23.1390850269746],[72.5945483059297,23.1389736901844],[72.5945786632032,23.138966869129],[72.5953052001166,23.1388036310157],[72.5954247419735,23.138769726188],[72.5955016938538,23.1387479013853],[72.5964802789814,23.1384703511079],[72.5965697608551,23.1384449703651],[72.5968521924395,23.1383801416549],[72.5970344897142,23.1383382975782],[72.597061783316,23.1383320332606],[72.5978839318609,23.1383682052607],[72.59809088789,23.1382798862526],[72.5983516561358,23.1381686025882],[72.5985225789119,23.1381244221199],[72.5988703947001,23.1380345166487],[72.5989606555031,23.1380111857359],[72.5992920157117,23.1382905966565],[72.5995035250086,23.1383104445467],[72.6007286709697,23.138187765161],[72.600919574692,23.1381686485697],[72.6010121230752,23.1381593804604],[72.6011690456296,23.1381436669703],[72.6012255600994,23.1381381230096],[72.6031160942613,23.1379526551682],[72.6036750449221,23.1379261430952],[72.604242635252,23.1378992196126],[72.6044642147994,23.1384045220777],[72.6045392711538,23.1385759761147],[72.6045396004941,23.138588312188],[72.6045499833824,23.1389769035872],[72.6045618801368,23.1389383037464],[72.6045640959746,23.1389390795175],[72.6046181924945,23.1389579863913],[72.6052991271161,23.1391959707447],[72.6055150291263,23.1392714273202],[72.6055398181643,23.1392759062602],[72.6059710060641,23.1393536270734],[72.6063317666964,23.1394186526566],[72.6065071305628,23.1394512157852],[72.6069098507264,23.1395259215109],[72.6072727246276,23.1395931636269],[72.607580455691,23.1396401497531],[72.6080906363263,23.1397198713799],[72.6081665729456,23.1397514496465],[72.6085592777839,23.1399147543741],[72.6086544474359,23.1399543295688],[72.6090519366686,23.1400833729749],[72.6092743887477,23.1401508107168],[72.6101901969013,23.1401622942526],[72.6106021435238,23.1400594875723],[72.6112197910023,23.139967562406],[72.611384277912,23.1403270036549],[72.6116307819446,23.1404854141842],[72.6116833342054,23.1404648699024],[72.6117647397924,23.1405187098819],[72.6118188977414,23.1405458757801],[72.6123346610542,23.1408045632169],[72.6125139850098,23.1408944966648],[72.6127442870993,23.1410099954626],[72.6127603890179,23.1410133973665],[72.6128208966635,23.1410261821217],[72.6128692656172,23.1410364032077],[72.6137155317015,23.1412152254674],[72.6138807348887,23.1412616307355],[72.6142688370899,23.1413706472968],[72.6143116936523,23.1413826857481],[72.6145528762472,23.1414504333526],[72.614689894305,23.1414889206754],[72.6146818866194,23.1414632651017],[72.6146702474758,23.1414259700254],[72.6146686372323,23.1414208124174],[72.614932278769,23.141181874341],[72.6153027332299,23.1407679407385],[72.6154477784734,23.1406895227299],[72.6155263962378,23.1406470186659],[72.6155532698483,23.1406247058877],[72.6155885857874,23.1405953834507],[72.6162363673866,23.140057527045],[72.6163616548966,23.1399534996112],[72.6164475962506,23.1398821417771],[72.6165074446916,23.1398256742347],[72.6167664094823,23.1395813354305],[72.617085220295,23.1392805291971],[72.6171662953441,23.1392402036867]]]}}, {"type" : "Feature", "id" : 0, "properties" : {"fid": 0, "fid1": 29, "zone": "South Zone", "layer": "g_ward_boundary_new", "remarks": "", "ward_no": 11, "zone_id": 3, "no_of_sch": 0, "object_id": 0, "sector_no": "", "vill_name": "AMIYAPUR", "ward_name": "Ward No - 11", "co1_f_path": "", "co2_f_path": "", "co3_f_path": "", "co4_f_path": "", "cor_1_cont": "", "cor_1_name": "", "cor_2_cont": "", "cor_2_name": "", "cor_3_cont": "", "cor_3_name": "", "cor_4_cont": "", "cor_4_name": "", "female_pop": 0, "govt_prima": 0, "male_popul": 0, "no_med_fac": 0, "no_of_inst": 0, "shape_area": 1989002.8, "shape_leng": 7484.5010000000002, "total_hous": 0, "total_popu": 0, "z_offi_con": "", "zo_officer": ""}, "geometry" : {"type":"Polygon","coordinates":[[[72.6213823075873,23.136937741078],[72.6211910056417,23.1367880989238],[72.6210664055179,23.1366906317209],[72.6206440759119,23.1364047733137],[72.6202222585793,23.1361510969499],[72.6200252188992,23.1358415365797],[72.6196518862684,23.1352548371448],[72.6193299478195,23.1346074182807],[72.6192215836106,23.1343894220893],[72.6189646644662,23.1340346671528],[72.6188613366686,23.1338919688479],[72.6186888174464,23.1336536879145],[72.618590601416,23.1332506290463],[72.6185255972109,23.1329837409512],[72.6185072444949,23.132908373455],[72.6184777786074,23.1327873466141],[72.6184305699378,23.1325933990083],[72.618387304428,23.1321960472735],[72.6183361284189,23.1317253717364],[72.6183116122762,23.1314996215025],[72.618327600677,23.1310017298421],[72.6183364776257,23.1307265691287],[72.6185015135736,23.1302505849994],[72.6185668368907,23.1300622458636],[72.6185940080658,23.1299839162275],[72.6186734266369,23.1297550038795],[72.6187061724994,23.1296606400788],[72.6187812905333,23.1290803458224],[72.6188335345356,23.1286774484292],[72.6188511728721,23.1285599571435],[72.6188800243608,23.1283678781488],[72.6189304205144,23.1280326509455],[72.619179094098,23.1276706952304],[72.6191892991152,23.1276558423326],[72.6192515589656,23.1275652328259],[72.6193755791218,23.127384760002],[72.619505924654,23.1265787580334],[72.6195415115262,23.1265112586576],[72.6197447200603,23.126125909104],[72.6200105058618,23.1257147119433],[72.6200121736744,23.1257121325804],[72.6200544793246,23.1256466917313],[72.6201214858771,23.1255430539678],[72.6202822277509,23.1253329868578],[72.62056800753,23.1249595740887],[72.6206380941588,23.1249154464908],[72.6208045459095,23.1248106451656],[72.6208664417215,23.1247716751492],[72.6209737818747,23.1247040927244],[72.6209839811676,23.1246976725371],[72.6210354409212,23.1245480120513],[72.6211434504448,23.1242339683935],[72.6210469887095,23.1241171643955],[72.6205549915121,23.123521379454],[72.6204806317072,23.1234313324651],[72.6204875468489,23.1233709473133],[72.6204931593201,23.1233219347846],[72.6205419628182,23.1228957229065],[72.6205865137599,23.1225066516068],[72.6205645190091,23.1225049194262],[72.6206254345591,23.1219803535912],[72.6206954312975,23.1217440876122],[72.6207483359666,23.1210612754984],[72.6207175450788,23.1209948603238],[72.6206706189753,23.1205134469964],[72.6206699065027,23.1205061399064],[72.6206592057595,23.1203963672378],[72.6206594411156,23.120396304886],[72.6206595578259,23.1203962732441],[72.6206596745202,23.1203962425047],[72.6206596579381,23.1203961312115],[72.6206596452752,23.1203960190746],[72.6206596140945,23.1203957947124],[72.6206305002848,23.1201821401424],[72.6206304710558,23.1201819158097],[72.6206304544897,23.1201818036139],[72.6206304388676,23.120181693238],[72.6206304311156,23.1201815793696],[72.620630427235,23.1201814673652],[72.6206304126431,23.1201812432534],[72.6206198504889,23.120003470115],[72.6206198339614,23.1200032450712],[72.6206198340158,23.1200031313207],[72.6206198213529,23.1200030191838],[72.6206197988843,23.1200029096073],[72.6206197627384,23.1200028007272],[72.6206197051315,23.1200025804802],[72.6205483893979,23.1197371343121],[72.6205483298078,23.1197369158407],[72.6205483005245,23.1197368052585],[72.6205482712093,23.1197366964815],[72.6205482419101,23.1197365868019],[72.6205482126109,23.1197364771223],[72.6205481539966,23.1197362586657],[72.6204831411883,23.1194942573246],[72.6204830816142,23.1194940379507],[72.6204830503316,23.1194939300467],[72.6204830220083,23.1194938203819],[72.6204829956684,23.1194937089413],[72.62048297224,23.1194935984475],[72.6204829204724,23.1194933791914],[72.6204350945144,23.1192887689125],[72.6204281743817,23.1192591604383],[72.6204279656626,23.1192582662359],[72.6204119949725,23.1192162947048],[72.6204083271409,23.1192066562484],[72.6203444202683,23.1190387038438],[72.6203080128215,23.1188330254392],[72.6203075184231,23.1188302328744],[72.6202401093737,23.1185019645421],[72.6202400329595,23.1185015932455],[72.6202541147582,23.1183634813966],[72.6203237061405,23.1181461046605],[72.620324189591,23.1181445934661],[72.6204293346299,23.1179081636126],[72.6204633685641,23.1178306934167],[72.6204635564052,23.1178296724888],[72.6205312499174,23.1174612150371],[72.6205683161283,23.1172594638858],[72.6205997870709,23.1170881741484],[72.6207298223773,23.1166616590537],[72.620730706085,23.1166587590872],[72.6209015313403,23.1160984501622],[72.6209104274999,23.1160663719585],[72.6210287431661,23.1157720411731],[72.6210295863973,23.1157699413673],[72.6211607370574,23.1154436837239],[72.6214648216288,23.1146872136049],[72.621469443806,23.1146757140721],[72.6201630431488,23.1149328076031],[72.6196006504206,23.1150211940058],[72.6190282868393,23.1150449353036],[72.6186086231089,23.1150617468185],[72.6185776604378,23.1150629710659],[72.6184891059216,23.1150602335163],[72.6184296916122,23.1150583855945],[72.6182819249655,23.1150537380373],[72.6182255478991,23.1150519548697],[72.6182255643341,23.1150541200037],[72.61822564509,23.1150562906232],[72.6179002306254,23.1151022844498],[72.6175809265342,23.1151474147529],[72.6172537952767,23.1151348066082],[72.6168334867244,23.1151186049239],[72.6168305079549,23.115115175357],[72.6168270356086,23.1151152655214],[72.6167894296408,23.1151162391548],[72.6166301930356,23.1151203651302],[72.6165205580472,23.1151071487991],[72.6165039830659,23.1151060487526],[72.6160027351967,23.1150920394258],[72.6153981561237,23.1151158843862],[72.6153468787909,23.1151541969383],[72.614374382779,23.1152081537883],[72.6136452565914,23.1152494318675],[72.6131820594845,23.1152918131061],[72.6128073465416,23.1153433686561],[72.6126617461029,23.1153601717048],[72.6126785264957,23.1160824807954],[72.6126928052714,23.1161474880731],[72.6126949006743,23.1166288985273],[72.6127252348343,23.1172983804226],[72.6127272907949,23.1173239486386],[72.6127357490988,23.1174291329233],[72.6127845466878,23.1176783606588],[72.6129839555835,23.1186968027037],[72.6129982784298,23.118814549546],[72.6130233828276,23.1190399064075],[72.6130384852163,23.119329159049],[72.6130370023358,23.1195285663857],[72.6130341269272,23.119551673881],[72.6130067723557,23.1197714463771],[72.6129556211814,23.1201709163868],[72.6129328528139,23.1203653168841],[72.6129672372162,23.1206938292376],[72.6129833187748,23.1208474911145],[72.6130278894862,23.1210477220462],[72.6130693682663,23.1211494393841],[72.6131377142341,23.1213156431526],[72.6132484083547,23.1215845966101],[72.6133053685043,23.1217149652383],[72.6133156790207,23.1217484873597],[72.613328291995,23.1217848285252],[72.6133366016506,23.1218052182346],[72.6133877363294,23.1219802343708],[72.6134067587953,23.1220295074555],[72.6134117911418,23.122042542213],[72.6135862381265,23.1224944006815],[72.6140805028664,23.1233282073661],[72.6129555028052,23.1232612127941],[72.612922007657,23.123259217842],[72.6122005401378,23.1232162495733],[72.6120510009312,23.1243286200163],[72.6119406014739,23.1251498247453],[72.6119223052025,23.1257791754727],[72.6119143934462,23.1260513109469],[72.6113731401322,23.1262782603427],[72.6106527002948,23.1265803388466],[72.6106357560711,23.1265874433093],[72.610424149777,23.1266761688507],[72.6104309369918,23.126952817768],[72.6104418653882,23.12739825425],[72.6104521937992,23.1278193236231],[72.6104804859778,23.1289722429406],[72.6104810023821,23.1289931700621],[72.6105964788167,23.1300425770897],[72.6105965729821,23.1300434325501],[72.6106673418003,23.1306825437668],[72.6106708900283,23.1307144901765],[72.610712001293,23.1310838804539],[72.6107322550961,23.1311152269795],[72.6107543435673,23.1311494098733],[72.6107550912693,23.1311505677425],[72.6111513226597,23.1317634482101],[72.6112090232571,23.1318526528913],[72.6114509124016,23.1322877618298],[72.611539105075,23.1324463470148],[72.6115655338745,23.1324938647063],[72.6118070803315,23.1326638539293],[72.6122334646615,23.1329638645243],[72.6122469751323,23.1329733705976],[72.6124946881993,23.133147633996],[72.6129066025658,23.1334373676382],[72.6131483790933,23.1336074027358],[72.6130750354825,23.134181965635],[72.6130537089401,23.1343491731325],[72.6132107990786,23.1345012818067],[72.613548136202,23.1348278782572],[72.6135581536056,23.1349943309046],[72.6135597497468,23.1350208445655],[72.6136367675228,23.1362969360109],[72.613657486042,23.1366392523143],[72.6137147221315,23.137583094936],[72.6137292186588,23.1378217541343],[72.6138966341311,23.1378254078844],[72.6152020293885,23.1378539130729],[72.6157864222291,23.137866686222],[72.6162586407551,23.1383368346093],[72.6169027869439,23.1389779416257],[72.6169758360436,23.1390506454067],[72.6171662953441,23.1392402036867],[72.6173166830721,23.1391654034658],[72.6175129928168,23.1390677609301],[72.6175252474562,23.1390616655446],[72.6179168711564,23.1388668882052],[72.6179319374987,23.1388593962512],[72.6184191681909,23.1386673168484],[72.6185733680458,23.1386065273108],[72.6188038983608,23.1385156456953],[72.6191825160931,23.1382163631921],[72.6191834189979,23.1382156491885],[72.6196149862399,23.137874502546],[72.6196161544526,23.1378735794898],[72.6198459054638,23.1376919588872],[72.6198872346224,23.1376592865705],[72.6199941355981,23.1376043362125],[72.6202001980945,23.137498413417],[72.6208227143708,23.1371784173541],[72.6208231266789,23.1371782312855],[72.6208231104824,23.1371781534013],[72.6211734780269,23.1370192909519],[72.6213568306852,23.136936156707],[72.6213823075873,23.136937741078]]]}}, {"type" : "Feature", "id" : 0, "properties" : {"fid": 0, "fid1": 30, "zone": "South Zone", "layer": "g_ward_boundary_new", "remarks": "", "ward_no": 11, "zone_id": 3, "no_of_sch": 0, "object_id": 0, "sector_no": "", "vill_name": "NABHOI", "ward_name": "Ward No - 11", "co1_f_path": "", "co2_f_path": "", "co3_f_path": "", "co4_f_path": "", "cor_1_cont": "", "cor_1_name": "", "cor_2_cont": "", "cor_2_name": "", "cor_3_cont": "", "cor_3_name": "", "cor_4_cont": "", "cor_4_name": "", "female_pop": 0, "govt_prima": 0, "male_popul": 0, "no_med_fac": 0, "no_of_inst": 0, "shape_area": 2846866, "shape_leng": 8309.6540000000005, "total_hous": 0, "total_popu": 0, "z_offi_con": "", "zo_officer": ""}, "geometry" : {"type":"Polygon","coordinates":[[[72.6474333713643,23.1216459533009],[72.6460753689628,23.1217428945318],[72.6458548903057,23.1217586354189],[72.6458270847015,23.1217565509573],[72.6450677572019,23.1217638195299],[72.6450673510969,23.1217638224922],[72.6447089015392,23.1217661274179],[72.6443638560722,23.1219272409945],[72.6437682359456,23.1218955115424],[72.6436665868612,23.1218900958925],[72.6437215298222,23.121696565174],[72.6435712108208,23.1215856901866],[72.6431159727914,23.1212499065676],[72.6421650805529,23.1215320091487],[72.6420070789666,23.1208655125377],[72.6419820494602,23.1207599242835],[72.6419530982104,23.1206378031102],[72.6419458159842,23.1206307507766],[72.6417757146487,23.120466052372],[72.6415865262493,23.1203910799932],[72.641585979607,23.1203909147297],[72.6413812828676,23.1203288738424],[72.6412026983406,23.1202973081932],[72.6410162303318,23.1202718708566],[72.6408404271048,23.1202694769977],[72.6408050317528,23.1202780087657],[72.6407506164068,23.1202911256167],[72.6407147199799,23.1203093865401],[72.6406781302032,23.120328000907],[72.6406716038552,23.120334211999],[72.6406694677659,23.1203362456363],[72.6405669141404,23.1204338481298],[72.6404991637345,23.1204529242202],[72.6404577095434,23.1204645954449],[72.640430789468,23.1204721751145],[72.6404247224864,23.1204694228721],[72.6402933845872,23.1204098235935],[72.6402665359346,23.1204077416616],[72.6402249977074,23.1204045217268],[72.6400074430643,23.120387657642],[72.6397135165764,23.1205137436753],[72.639617862498,23.1205847711193],[72.6395467713821,23.1206375577778],[72.6393798478696,23.1207615044311],[72.6392533051236,23.1208554678468],[72.638551752493,23.1211538501893],[72.638317511824,23.1212863867675],[72.6380951511822,23.1214122026674],[72.6379827333529,23.1214420965441],[72.6379596567025,23.1214482319969],[72.6378320661717,23.1214821614544],[72.6378002773847,23.1214906147376],[72.6376104468861,23.1215161787577],[72.6371341802092,23.1215803174896],[72.637125942431,23.1215809090453],[72.6370356365383,23.1215874018109],[72.6366890823918,23.1216123202011],[72.6363731235954,23.1216851357052],[72.6362904265849,23.1217041943668],[72.6362105438809,23.1217856702296],[72.6361499070083,23.1218475171278],[72.6361025989816,23.1220756312814],[72.6360839713651,23.1221654572967],[72.6360632970297,23.1221694563506],[72.6360367012055,23.1221745998327],[72.6359944629803,23.1221941999531],[72.6359969786312,23.122201590943],[72.6361760774237,23.1227278607179],[72.6362395638508,23.1229144056851],[72.6362408562123,23.1229195285648],[72.6362322296713,23.1229188503253],[72.6362260097673,23.1229183625467],[72.6361762068358,23.1229126098267],[72.6361805461839,23.1229248824899],[72.6364187807351,23.1236635492752],[72.6364181474558,23.1236635930458],[72.6364354245429,23.1237025160954],[72.6367770228741,23.1244721704982],[72.6367909040589,23.1244989632075],[72.6368913004635,23.1246927519082],[72.63721079889,23.1253094567295],[72.6372189641689,23.1253252164375],[72.6373345488608,23.1255483206473],[72.6373745618429,23.1257419687722],[72.6374128309671,23.1259271830181],[72.6374712489669,23.1262921416254],[72.6375452023181,23.1267541452498],[72.6371901439142,23.1273871136405],[72.636909766359,23.1278871544096],[72.6367768284152,23.1281670547314],[72.636570090653,23.1286035233422],[72.6364866307089,23.128706061761],[72.6364473720579,23.1287543079834],[72.6359102943905,23.1294149935014],[72.6358662030398,23.1294535748695],[72.6353080699793,23.1299420662779],[72.6352174968403,23.1300213504255],[72.6349537571752,23.1302522244762],[72.634515628304,23.1305638512069],[72.633996401502,23.1309331177337],[72.6338491415147,23.1310378366644],[72.6337737821137,23.1310914236373],[72.6333486779469,23.1314649707601],[72.633127900165,23.1316589563954],[72.6327681996277,23.1319749819785],[72.6324850177616,23.1321723292748],[72.632400258198,23.1322313932794],[72.631931791503,23.1325578097454],[72.6318758080198,23.1326002430222],[72.6312258663463,23.1330927948508],[72.631165614613,23.1331384507562],[72.6310701028087,23.1332108220041],[72.6309484416572,23.133303005502],[72.6308881866899,23.1333335051648],[72.6307796218972,23.1333884583351],[72.6306965342753,23.1334305116635],[72.6298387613885,23.1338646166479],[72.6298375548351,23.1338652277478],[72.6297340492104,23.1339394712366],[72.6296745488831,23.1339821495681],[72.6293381457639,23.1342234306086],[72.6292875312089,23.1342597306079],[72.6290253487051,23.134447760389],[72.6289168466236,23.1347269113346],[72.6288817551139,23.1348171933032],[72.6290389106877,23.1353038844385],[72.6290302153762,23.1353544110286],[72.6289895473636,23.1355907736867],[72.6289405791067,23.1358754443638],[72.628921388303,23.1359870348898],[72.628900449456,23.1360767985125],[72.6288713415058,23.1362015947935],[72.6288224107322,23.1364114137506],[72.628773479776,23.1366212326747],[72.6287411988399,23.1367596828188],[72.6287446868226,23.1368498410499],[72.6287652583176,23.1373804742872],[72.6287850564777,23.1378888673528],[72.628792724632,23.138085767647],[72.6287965034329,23.1381825323537],[72.6287856687825,23.1385378232793],[72.6287904760882,23.138551499774],[72.6288751782582,23.1387924653085],[72.6288956466828,23.1388293426574],[72.62891241731,23.1388595586412],[72.6289491567854,23.1389257524924],[72.6293104830349,23.1394576913522],[72.6293654990167,23.1395635876892],[72.6294205160549,23.1396694840275],[72.6295021472351,23.13998656165],[72.6295792106702,23.1402860112453],[72.6296573874944,23.1405899436728],[72.6297762132942,23.14105227917],[72.6298964063902,23.1415203363025],[72.6299011790368,23.1417168689325],[72.6299039745578,23.1418319978613],[72.6299044438646,23.1418513264509],[72.6299054653387,23.1418935978455],[72.6299089082997,23.1420360206567],[72.6298332612657,23.1422061204262],[72.6297211200478,23.1424582123677],[72.6296402478788,23.1426400102992],[72.6295219478834,23.1429058572831],[72.6293910189006,23.1432000495147],[72.6292794493203,23.1434506762502],[72.6291753028648,23.1436845901781],[72.6290507217562,23.143964356145],[72.6287725917979,23.144503410611],[72.628741611067,23.1445634547098],[72.6286523153945,23.1447365197343],[72.6286681376841,23.1447403889176],[72.6287495801675,23.144760304349],[72.6288085708928,23.1447747295884],[72.628820662402,23.1447776867586],[72.6288208803321,23.1448018577291],[72.6292059500001,23.1448839072406],[72.6293709695467,23.1449182400574],[72.6294650398925,23.1449371110396],[72.6296764397853,23.1449795172347],[72.6299052678697,23.1450254191499],[72.6302674141649,23.1450980635734],[72.6306252395071,23.1452013226459],[72.6307228021195,23.1452294764608],[72.6313471017314,23.1454096309018],[72.6313785999109,23.1454187198278],[72.6314475330454,23.1454386101392],[72.6315160048259,23.1454583670948],[72.6315347349422,23.1454637711294],[72.6315534282277,23.1454638291811],[72.6316719967626,23.1454641943463],[72.6318337593291,23.1454646923455],[72.6322973793066,23.1454661205967],[72.6322974878569,23.1454661655622],[72.6324053223569,23.1454505411033],[72.6327838949644,23.1453956871369],[72.6328764354879,23.1453822781957],[72.6330906244291,23.1453512417809],[72.6336012431492,23.1452772524569],[72.6336086115985,23.1452508707021],[72.634017748738,23.1437859778383],[72.6340602258379,23.143633889424],[72.6340757373744,23.1435783505497],[72.6341472611335,23.1433222578292],[72.6341476892683,23.1433207258997],[72.6342005104824,23.1431315967928],[72.6342260381126,23.1430401958962],[72.6343217882164,23.1429696034364],[72.6348330122396,23.1425926980703],[72.6348400513101,23.1418894250347],[72.6349755450052,23.1414219604638],[72.6350608635424,23.1413866861147],[72.6357725453445,23.1410924419681],[72.6359398666216,23.1410153108334],[72.635939906953,23.1410152933827],[72.6361845386185,23.1409246145175],[72.6370736757657,23.1405951152606],[72.6370738281324,23.1405950552528],[72.6370738585615,23.1405950457784],[72.638362383756,23.1399965131036],[72.6385567184535,23.139875358227],[72.6387510528296,23.1397542021776],[72.6392715423612,23.1396352379179],[72.6393992733282,23.1396060430499],[72.6394648917771,23.1395910448146],[72.6395675075535,23.1395675908919],[72.6396809705195,23.1395416569051],[72.639799901645,23.139514473117],[72.6400825031526,23.1393334296788],[72.6401446511675,23.1392936127733],[72.6401538279704,23.1392909705023],[72.640298912763,23.1391929158167],[72.6405313565222,23.1391212442802],[72.6409644218274,23.1389877128774],[72.6410272492759,23.1389683405562],[72.6418299904541,23.138720944854],[72.6428859617502,23.1384736550695],[72.6430967188379,23.1384242982065],[72.6430967482586,23.1384242905214],[72.6433554267063,23.1383020612612],[72.6436845066969,23.1381465653696],[72.643752961628,23.1381142188955],[72.6437505180645,23.1381094237112],[72.6437045700927,23.138019242328],[72.6438117710859,23.1379581117122],[72.6438825628518,23.1379176171574],[72.6442697436638,23.1377112122954],[72.6445874971056,23.1375416500463],[72.6446661216658,23.1374996931932],[72.6446961180186,23.1374836862469],[72.6447282615402,23.137466533236],[72.6447767004775,23.1374406851711],[72.6446952118327,23.1373655596451],[72.6444602764101,23.1359319546431],[72.6444424144148,23.1358229573677],[72.6443258598078,23.1351117197253],[72.6443415124966,23.1345622842059],[72.6443824132294,23.1331265924449],[72.6448937429958,23.1310494981503],[72.6456633705432,23.1286961898489],[72.6469302550615,23.1254720584632],[72.6472613845909,23.1246525111683],[72.6476894877199,23.1218385260093],[72.6477210098868,23.1218366634791],[72.6474700797404,23.1216433466555],[72.6474333661073,23.1216459748896],[72.6474333713643,23.1216459533009]]]}}, {"type" : "Feature", "id" : 0, "properties" : {"fid": 0, "fid1": 31, "zone": "South Zone", "layer": "g_ward_boundary_new", "remarks": "", "ward_no": 11, "zone_id": 3, "no_of_sch": 0, "object_id": 0, "sector_no": "", "vill_name": "KOTESHWAR", "ward_name": "Ward No - 11", "co1_f_path": "", "co2_f_path": "", "co3_f_path": "", "co4_f_path": "", "cor_1_cont": "", "cor_1_name": "", "cor_2_cont": "", "cor_2_name": "", "cor_3_cont": "", "cor_3_name": "", "cor_4_cont": "", "cor_4_name": "", "female_pop": 0, "govt_prima": 0, "male_popul": 0, "no_med_fac": 0, "no_of_inst": 0, "shape_area": 2884755, "shape_leng": 8488.7520000000004, "total_hous": 0, "total_popu": 0, "z_offi_con": "", "zo_officer": ""}, "geometry" : {"type":"Polygon","coordinates":[[[72.621469443806,23.1146757140721],[72.6215295994522,23.1144893421864],[72.6215480011416,23.1144323314043],[72.6215046880017,23.1139683150286],[72.6215041007827,23.113962039006],[72.6214747670861,23.1136696154434],[72.6214902510676,23.1135490584233],[72.6215467046091,23.1134340774181],[72.6216206223061,23.1133221195953],[72.6218379813362,23.113225484829],[72.6218070058875,23.1129737821273],[72.6217878970289,23.1128184795231],[72.6218267386454,23.1128207390195],[72.6218444441809,23.1128195389787],[72.6218567859763,23.1128187022261],[72.6224626037942,23.1127776332238],[72.6231054584732,23.1125144783824],[72.6236928397634,23.1123589786892],[72.6237376671161,23.1123471098447],[72.6237650230676,23.1123332913306],[72.6239534155543,23.1122381245722],[72.6239433536332,23.112218017689],[72.6239701337701,23.1121653397541],[72.6241465942023,23.1118182298202],[72.6243125863951,23.111484956998],[72.6244643451666,23.1111927930144],[72.6245735900497,23.1109734035164],[72.6246666694592,23.1107931375749],[72.6247752236164,23.1105815105154],[72.6248295161752,23.1105850202675],[72.6248531104455,23.1105865456013],[72.6248543084743,23.110582470386],[72.6252547597706,23.1092210119245],[72.625551986731,23.1079291360534],[72.6263133863152,23.1068822668142],[72.6263512542909,23.1069071705256],[72.6272438953108,23.1074942170221],[72.6272394751946,23.1074537415217],[72.6270015051495,23.1052745815295],[72.6268400631487,23.1037961404841],[72.6261090368427,23.1030834695176],[72.6250282016447,23.1020297300055],[72.6250224533857,23.1020241265071],[72.6245774532209,23.1020976435598],[72.6237770370274,23.1022296464863],[72.6237316160959,23.1021762429207],[72.6234325629899,23.1018246319781],[72.6233199943041,23.1016922787825],[72.6226031652713,23.1008492862177],[72.6223354073422,23.1005343966977],[72.6214087714986,23.0994413612116],[72.6212543640467,23.0992592244785],[72.6211732167876,23.0991635041106],[72.6201853418552,23.0979981980513],[72.6201705568758,23.0979807570322],[72.6194475151412,23.0973765397777],[72.6190262809535,23.0970534590944],[72.6185171183393,23.0968131813625],[72.6185027188177,23.0968063854051],[72.6182277013848,23.0966766012735],[72.617606690726,23.0966520576036],[72.6172181021904,23.0966366972611],[72.6169792974632,23.0965754595858],[72.6169319729505,23.0964723559327],[72.6169265443703,23.0963401724078],[72.6168878911545,23.0962294700231],[72.6171518599208,23.0950504944384],[72.6172268078732,23.0947157469311],[72.6172397000142,23.0946625497218],[72.6172770042362,23.0945086023667],[72.6172792891691,23.0944991765355],[72.6172934565286,23.0944984271758],[72.6172936982139,23.0944974503955],[72.6173054010771,23.0944500952265],[72.6173059370022,23.0944479284983],[72.6173209332828,23.0943872518379],[72.6172881957478,23.0923688546323],[72.6171568188495,23.0910311790739],[72.6171231618348,23.0906884828526],[72.6169596182454,23.0892376713431],[72.6160243656778,23.0891569360665],[72.6160116649668,23.089155839632],[72.6159860521159,23.089153628219],[72.6159302401187,23.089148810197],[72.614969228198,23.0890948770591],[72.6149660627918,23.0890946992243],[72.6149659035743,23.0890950949483],[72.614910487745,23.0892329882201],[72.6146931696196,23.0897737273159],[72.6146920325064,23.0897765602347],[72.6140393524678,23.0897412234327],[72.6136384966772,23.0895391802816],[72.6135877597814,23.0895136063175],[72.6135870795661,23.0895136646444],[72.6133642903215,23.0895326109858],[72.6132436386505,23.089542869406],[72.6125101497026,23.089605239041],[72.6125026889354,23.0896058727866],[72.6120571785841,23.0893552655325],[72.611928961805,23.0892831419675],[72.6119246324089,23.0892828435418],[72.6113424839742,23.0892427652427],[72.6113237385124,23.0892414749338],[72.6112594627633,23.0891687576338],[72.6111611191429,23.0890574974779],[72.6111481090114,23.0890427801332],[72.6111438848053,23.0890427143923],[72.6108026711074,23.0890374222983],[72.6106308579741,23.0890347590672],[72.6105075315847,23.0890328459723],[72.6105065105858,23.0890388196039],[72.6105044121741,23.0890510874051],[72.6104833078002,23.0891744388773],[72.6104762240201,23.0891742837829],[72.6101410522796,23.08916696377],[72.6096653151071,23.0891565708453],[72.6093810880068,23.0891528383609],[72.609369102566,23.0892314818156],[72.6091154732846,23.0908543569798],[72.6091078644106,23.0909030481379],[72.6091002545059,23.0909517419878],[72.6089473423547,23.0919301489728],[72.6089357461957,23.0920043502087],[72.6089241490284,23.0920785523299],[72.6089171905121,23.0921230743205],[72.6089102320058,23.0921675954075],[72.6097200525786,23.0946066599405],[72.6096954856357,23.094663023408],[72.6094042740686,23.0953311532291],[72.6092706767179,23.0961842623746],[72.6092683012005,23.0961994329067],[72.6093883006307,23.0965320831493],[72.6094999507074,23.0968415885082],[72.6095431055306,23.0969612186297],[72.6101464650903,23.0980980679215],[72.6103007937123,23.0983969552349],[72.610323479761,23.0984408916555],[72.6099932253017,23.0994483375984],[72.6099342090519,23.0995948197703],[72.609677580388,23.100231775287],[72.6096705083083,23.1002953650801],[72.6096578660999,23.1004090373712],[72.6096206228559,23.1007439120923],[72.609646879449,23.10081196104],[72.6097293901328,23.1010258062908],[72.6098533670888,23.1013232186328],[72.6098585038301,23.1013355409341],[72.6098946407474,23.1014383821281],[72.6099368294841,23.1015590809154],[72.6099950718034,23.1016986049297],[72.610039798704,23.1018211441092],[72.6101306413755,23.1020700315696],[72.6101519556631,23.1021215234332],[72.610243911468,23.1023279480357],[72.6102712895303,23.1023894055077],[72.6103415415568,23.1025519626611],[72.6103870220986,23.1026590268022],[72.6104424444956,23.1029873490807],[72.610446302836,23.1030103139034],[72.6104482155671,23.1030246547366],[72.6104844099786,23.1030145735692],[72.6105360114765,23.1030114406758],[72.6109581727023,23.1029858368925],[72.6109602312995,23.102985320979],[72.6109783412149,23.1029807743522],[72.6109776599196,23.1029865147812],[72.6109307404243,23.1033818157792],[72.611034978988,23.1035412771492],[72.6110594251539,23.103574926744],[72.6111116236286,23.103710024655],[72.6111274422754,23.1037509672028],[72.6111346437722,23.1038593879935],[72.6112409086936,23.1042946151404],[72.6111718226349,23.1044960042696],[72.6112684539253,23.1047727025795],[72.6122989956647,23.1046893336747],[72.6129192751125,23.1047680911653],[72.6129523398649,23.1050229200384],[72.6129772761424,23.1051245927418],[72.613124793221,23.1056635433038],[72.613301365647,23.1060281376508],[72.6134173168687,23.1063691177143],[72.613481472082,23.106633988263],[72.6135103162596,23.1067530734034],[72.6135534079785,23.1069309793974],[72.6135762848807,23.107377071023],[72.6135920452289,23.107501849791],[72.6135850711054,23.1075043244417],[72.6135536622848,23.1075159231134],[72.6135328514229,23.1075236087489],[72.6135174368065,23.1075293014217],[72.6134377761154,23.1075587195789],[72.613355444886,23.1080063880819],[72.613545039527,23.1081888652207],[72.613545169078,23.1081889899597],[72.6135848420541,23.1082251121481],[72.6137626921215,23.1083982210013],[72.6138450112155,23.1084777487963],[72.6139872874491,23.1086151990527],[72.6141905023233,23.1087418221063],[72.6142851479673,23.1088047073025],[72.6144778808959,23.108887738395],[72.6144838736616,23.1088903198208],[72.6145137638494,23.1089031969435],[72.6145425250537,23.1089133007775],[72.6145984499724,23.1089329462098],[72.6148489750108,23.109020953154],[72.6148866476055,23.1090342250515],[72.6152368654996,23.1091575988536],[72.6154868782391,23.1092064332718],[72.6157815662417,23.1093517040133],[72.6160867597444,23.1095021516256],[72.6161950927656,23.1095555539243],[72.6165238203398,23.1097176015625],[72.6165030263912,23.1099573458221],[72.6164781280236,23.1102444054384],[72.6166180357928,23.1116616828142],[72.6169141054304,23.1123970627919],[72.6169382571163,23.1123910179448],[72.6174853437878,23.1131634323623],[72.6179354160219,23.1137396566147],[72.6179554946863,23.1137653625495],[72.61819032089,23.114168967298],[72.6181941275548,23.1141931734717],[72.6182201373225,23.1143585562575],[72.6182209328025,23.1144604524272],[72.6182255478991,23.1150519548697],[72.6182819249655,23.1150537380373],[72.6184296916122,23.1150583855945],[72.6184891059216,23.1150602335163],[72.6185776604378,23.1150629710659],[72.6186086231089,23.1150617468185],[72.6190282868393,23.1150449353036],[72.6196006504206,23.1150211940058],[72.6201630431488,23.1149328076031],[72.621469443806,23.1146757140721]]]}}, {"type" : "Feature", "id" : 0, "properties" : {"fid": 0, "fid1": 32, "zone": "South Zone", "layer": "g_ward_boundary_new", "remarks": "", "ward_no": 11, "zone_id": 3, "no_of_sch": 0, "object_id": 0, "sector_no": "", "vill_name": "SUGAD", "ward_name": "Ward No - 11", "co1_f_path": "", "co2_f_path": "", "co3_f_path": "", "co4_f_path": "", "cor_1_cont": "", "cor_1_name": "", "cor_2_cont": "", "cor_2_name": "", "cor_3_cont": "", "cor_3_name": "", "cor_4_cont": "", "cor_4_name": "", "female_pop": 0, "govt_prima": 0, "male_popul": 0, "no_med_fac": 0, "no_of_inst": 0, "shape_area": 4273322.5, "shape_leng": 11692.169, "total_hous": 0, "total_popu": 0, "z_offi_con": "", "zo_officer": ""}, "geometry" : {"type":"Polygon","coordinates":[[[72.6488126802677,23.1171189322609],[72.6473754351386,23.1162169539784],[72.6473752988092,23.1162186708779],[72.647371002065,23.1162144827781],[72.646949958344,23.1158040598967],[72.6469485120187,23.1158026507099],[72.6465623856315,23.1154262626387],[72.6464521333307,23.1152555713516],[72.6462814099559,23.1149912616126],[72.646198293337,23.1148625789659],[72.6453613644432,23.1150665492104],[72.6449784142963,23.1151468161652],[72.6446049828019,23.1152250874024],[72.6441598821519,23.1153186160042],[72.6440511367288,23.1153838256694],[72.6434416056918,23.1157493456502],[72.6434404042831,23.1157500661863],[72.6432239022257,23.1158798960475],[72.6430204969234,23.116001871977],[72.6429474130713,23.1160619514645],[72.6429467030682,23.116062533991],[72.6425711751461,23.1163702883032],[72.6422502895842,23.1166332609523],[72.6421964297789,23.1166773996682],[72.6411810701629,23.1174765015054],[72.6411304799259,23.1175163155613],[72.6406768136981,23.1179055794705],[72.6406382457049,23.1179386722409],[72.6405454499847,23.1180182935928],[72.6405289086956,23.1180165077097],[72.6403491779789,23.1179970884511],[72.6394159007976,23.1178962496181],[72.6394042839203,23.1178922794434],[72.6393702532189,23.117880645709],[72.6383182197676,23.1179345422591],[72.6379929982187,23.1179512026071],[72.6375076267567,23.1179760662254],[72.6372158779058,23.1179910091936],[72.636944062392,23.1180049322621],[72.6367408558368,23.1177662488764],[72.6357684526683,23.1176055933299],[72.6357542969477,23.1176032540975],[72.6357531725787,23.1176030286933],[72.6357306036586,23.1176076285939],[72.6354535524075,23.1176640970258],[72.635083102672,23.1178071723083],[72.6349256303073,23.1177955586086],[72.6345827665913,23.1177702724503],[72.6343826039648,23.1178536517976],[72.6342125626657,23.1179244825553],[72.6336647799312,23.1182650937747],[72.6334415170191,23.1183883988285],[72.6334414745688,23.118388426178],[72.6330974351109,23.118108227655],[72.6327700152566,23.1177963885665],[72.632769186764,23.1177955997255],[72.6325382999241,23.1175756992108],[72.6325413010334,23.1175746013319],[72.6324128995947,23.1174386644748],[72.6320375890648,23.1168782139586],[72.6318943306552,23.116908072066],[72.6316327680108,23.1169678602415],[72.6316255387034,23.116969512109],[72.6316214453318,23.1169704473129],[72.6313649984087,23.1170786284874],[72.6307848570577,23.1173233569179],[72.6307687667264,23.1173301452122],[72.6302001695064,23.1175380104004],[72.6297438618355,23.1177167002961],[72.6296677029432,23.1175105817229],[72.6296316273355,23.1174129702104],[72.6295692945776,23.1172442852127],[72.6295657884183,23.1172347974155],[72.6295591506385,23.1172168367739],[72.6293378709417,23.1166180071651],[72.6293082771724,23.1165379196615],[72.629278653589,23.1164577531628],[72.6292756689362,23.1164489168929],[72.6292564929497,23.1163921336174],[72.6285811066324,23.1165376638985],[72.627783091916,23.1163046816224],[72.6277450002946,23.1162935603569],[72.6277352674089,23.1162907181987],[72.6277058783896,23.1162821383006],[72.6276944948913,23.1162685353023],[72.627690055438,23.1162632305136],[72.6276945137912,23.1162520298354],[72.627872494756,23.1158049542005],[72.6280617115587,23.1145915113778],[72.6272579816966,23.1129184342478],[72.6262941993391,23.1120845054815],[72.6262395008903,23.1120371748779],[72.6253976748302,23.111482675413],[72.6253324709916,23.1105392486496],[72.6252547597706,23.1092210119245],[72.6248543084743,23.110582470386],[72.6248531104455,23.1105865456013],[72.6248295161752,23.1105850202675],[72.6247752236164,23.1105815105154],[72.6246666694592,23.1107931375749],[72.6245735900497,23.1109734035164],[72.6244643451666,23.1111927930144],[72.6243125863951,23.111484956998],[72.6241465942023,23.1118182298202],[72.6239701337701,23.1121653397541],[72.6239433536332,23.112218017689],[72.6239534155543,23.1122381245722],[72.6237650230676,23.1123332913306],[72.6237376671161,23.1123471098447],[72.6236928397634,23.1123589786892],[72.6231054584732,23.1125144783824],[72.6224626037942,23.1127776332238],[72.6218567859763,23.1128187022261],[72.6218444441809,23.1128195389787],[72.6218267386454,23.1128207390195],[72.6217878970289,23.1128184795231],[72.6218070058875,23.1129737821273],[72.6218379813362,23.113225484829],[72.6216206223061,23.1133221195953],[72.6215467046091,23.1134340774181],[72.6214902510676,23.1135490584233],[72.6214747670861,23.1136696154434],[72.6215041007827,23.113962039006],[72.6215046880017,23.1139683150286],[72.6215480011416,23.1144323314043],[72.6215295994522,23.1144893421864],[72.621469443806,23.1146757140721],[72.6214648216288,23.1146872136049],[72.6211607360339,23.1154436864169],[72.6210295863973,23.1157699413673],[72.6210287431661,23.1157720411731],[72.6209104274999,23.1160663719585],[72.6209015313403,23.1160984501622],[72.620730706085,23.1166587590872],[72.6207298223773,23.1166616590537],[72.6205997870709,23.1170881741484],[72.6205683161283,23.1172594638858],[72.6205312499174,23.1174612150371],[72.6204635564052,23.1178296724888],[72.6204633685641,23.1178306934167],[72.6204293346299,23.1179081636126],[72.620324189591,23.1181445934661],[72.6203237061405,23.1181461046605],[72.6202541147582,23.1183634813966],[72.6202400329595,23.1185015932455],[72.6202401093737,23.1185019645421],[72.6203075184231,23.1188302328744],[72.6203080128215,23.1188330254392],[72.6203444202683,23.1190387038438],[72.6204083271409,23.1192066562484],[72.6204119949725,23.1192162947048],[72.6204279656626,23.1192582662359],[72.6204281743817,23.1192591604383],[72.6204350945144,23.1192887689125],[72.6204829204724,23.1194933791914],[72.62048297224,23.1194935984475],[72.6204829956684,23.1194937089413],[72.6204830220083,23.1194938203819],[72.6204830503316,23.1194939300467],[72.6204830816142,23.1194940379507],[72.6204831411883,23.1194942573246],[72.6205481539966,23.1197362586657],[72.6205482126109,23.1197364771223],[72.6205482419101,23.1197365868019],[72.6205482712093,23.1197366964815],[72.6205483005245,23.1197368052585],[72.6205483298078,23.1197369158407],[72.6205483893979,23.1197371343121],[72.6206197051315,23.1200025804802],[72.6206197627384,23.1200028007272],[72.6206197988843,23.1200029096073],[72.6206198213529,23.1200030191838],[72.6206198340158,23.1200031313207],[72.6206198339614,23.1200032450712],[72.6206198504889,23.120003470115],[72.6206304126431,23.1201812432534],[72.620630427235,23.1201814673652],[72.6206304311156,23.1201815793696],[72.6206304388676,23.120181693238],[72.6206304544897,23.1201818036139],[72.6206304710558,23.1201819158097],[72.6206305002848,23.1201821401424],[72.6206596140945,23.1203957947124],[72.6206596452752,23.1203960190746],[72.6206596579381,23.1203961312115],[72.6206596745202,23.1203962425047],[72.6206595578259,23.1203962732441],[72.6206594411156,23.120396304886],[72.6206592057595,23.1203963672378],[72.6206699065027,23.1205061399064],[72.6206706189753,23.1205134469964],[72.6207175450788,23.1209948603238],[72.6207483359666,23.1210612754984],[72.6206954312975,23.1217440876122],[72.6206254345591,23.1219803535912],[72.6205645190091,23.1225049194262],[72.6205865137599,23.1225066516068],[72.6205419628182,23.1228957229065],[72.6204931593201,23.1233219347846],[72.6204875468489,23.1233709473133],[72.6204806317072,23.1234313324651],[72.6205549915121,23.123521379454],[72.6210469887095,23.1241171643955],[72.6211434504448,23.1242339683935],[72.6210354409212,23.1245480120513],[72.6209839811676,23.1246976725371],[72.6209737818747,23.1247040927244],[72.6208664417215,23.1247716751492],[72.6208045459095,23.1248106451656],[72.6206380941588,23.1249154464908],[72.62056800753,23.1249595740887],[72.6202822277509,23.1253329868578],[72.6201214858771,23.1255430539678],[72.6200544793246,23.1256466917313],[72.6200121736744,23.1257121325804],[72.6200105058618,23.1257147119433],[72.6197447200603,23.126125909104],[72.6195415115262,23.1265112586576],[72.619505924654,23.1265787580334],[72.6193755791218,23.127384760002],[72.6192515589656,23.1275652328259],[72.6191892991152,23.1276558423326],[72.619179094098,23.1276706952304],[72.6189304205144,23.1280326509455],[72.6188800243608,23.1283678781488],[72.6188511728721,23.1285599571435],[72.6188335345356,23.1286774484292],[72.6187812905333,23.1290803458224],[72.6187061724994,23.1296606400788],[72.6186734266369,23.1297550038795],[72.6185940080658,23.1299839162275],[72.6185668368907,23.1300622458636],[72.6185015135736,23.1302505849994],[72.6183364776257,23.1307265691287],[72.618327600677,23.1310017298421],[72.6183116122762,23.1314996215025],[72.6183361284189,23.1317253717364],[72.618387304428,23.1321960472735],[72.6184305699378,23.1325933990083],[72.6184777786074,23.1327873466141],[72.6185072444949,23.132908373455],[72.6185255972109,23.1329837409512],[72.618590601416,23.1332506290463],[72.6186888174464,23.1336536879145],[72.6188613366686,23.1338919688479],[72.6189646644662,23.1340346671528],[72.6192215836106,23.1343894220893],[72.6193299478195,23.1346074182807],[72.6196518862684,23.1352548371448],[72.6200252188992,23.1358415365797],[72.6202222585793,23.1361510969499],[72.6206440759119,23.1364047733137],[72.6210664055179,23.1366906317209],[72.6211910056417,23.1367880989238],[72.6213823075873,23.136937741078],[72.6215459860258,23.1369479187555],[72.6216098572171,23.1369518917794],[72.6216227307197,23.1369526927544],[72.6217313189034,23.1369594459422],[72.6218532021609,23.1369416163741],[72.6218550695516,23.136941343025],[72.6219457631014,23.1369280766208],[72.6220787458833,23.1369086250516],[72.6222256850716,23.1368871333094],[72.6228672303882,23.136793306877],[72.6229257936007,23.1367847417185],[72.6241915233361,23.1364618633995],[72.6246168677251,23.1363742058411],[72.6247292590569,23.136351043475],[72.6257027661542,23.1361896738738],[72.6260057575701,23.1361394483932],[72.6266547164517,23.1360810132362],[72.6268113322922,23.1360875148063],[72.6274206284445,23.1361128168982],[72.6274665731769,23.1361147246872],[72.6275830299203,23.1361195600921],[72.6277995545367,23.1361285505972],[72.627879283981,23.1360590252716],[72.6278809961398,23.1360575316482],[72.6281641613894,23.1358106040972],[72.6281744630033,23.1358016201966],[72.6282400815429,23.1357443985673],[72.6282624275981,23.135724912309],[72.6282993025733,23.1356927546633],[72.6283361676446,23.1356606040808],[72.6284171408232,23.1355899885323],[72.6285017321215,23.135551691322],[72.6289633902961,23.1353426840682],[72.6289783256943,23.1353359229833],[72.62900199032,23.1353252090053],[72.6290389106877,23.1353038844385],[72.6288817551139,23.1348171933032],[72.6289168466236,23.1347269113346],[72.6290253487051,23.134447760389],[72.6292875312089,23.1342597306079],[72.6293381457639,23.1342234306086],[72.6296745488831,23.1339821495681],[72.6297340492104,23.1339394712366],[72.6298375548351,23.1338652277478],[72.6298387613885,23.1338646166479],[72.6306965342753,23.1334305116635],[72.6307796218972,23.1333884583351],[72.6308881866899,23.1333335051648],[72.6309484416572,23.133303005502],[72.6310701028087,23.1332108220041],[72.631165614613,23.1331384507562],[72.6312258663463,23.1330927948508],[72.6318758080198,23.1326002430222],[72.631931791503,23.1325578097454],[72.632400258198,23.1322313932794],[72.6324850177616,23.1321723292748],[72.6327681996277,23.1319749819785],[72.633127900165,23.1316589563954],[72.6333486779469,23.1314649707601],[72.6337737821137,23.1310914236373],[72.6338491415147,23.1310378366644],[72.633996401502,23.1309331177337],[72.634515628304,23.1305638512069],[72.6349537571752,23.1302522244762],[72.6352174968403,23.1300213504255],[72.6353080699793,23.1299420662779],[72.6358662030398,23.1294535748695],[72.6359102943905,23.1294149935014],[72.6364473720579,23.1287543079834],[72.6364866307089,23.128706061761],[72.636570090653,23.1286035233422],[72.6367768284152,23.1281670547314],[72.636909766359,23.1278871544096],[72.6371901439142,23.1273871136405],[72.6375452023181,23.1267541452498],[72.6374712489669,23.1262921416254],[72.6374128309671,23.1259271830181],[72.6373745618429,23.1257419687722],[72.6373345488608,23.1255483206473],[72.6372189641689,23.1253252164375],[72.63721079889,23.1253094567295],[72.6368913004635,23.1246927519082],[72.6367909040589,23.1244989632075],[72.6367770228741,23.1244721704982],[72.6364354245429,23.1237025160954],[72.6364181474558,23.1236635930458],[72.6364187807351,23.1236635492752],[72.6361805461839,23.1229248824899],[72.6361762068358,23.1229126098267],[72.6362260097673,23.1229183625467],[72.6362322296713,23.1229188503253],[72.6362408562123,23.1229195285648],[72.6362395638508,23.1229144056851],[72.6361760774237,23.1227278607179],[72.6359969786312,23.122201590943],[72.6359944629803,23.1221941999531],[72.6360367012055,23.1221745998327],[72.6360632970297,23.1221694563506],[72.6360839713651,23.1221654572967],[72.6361025989816,23.1220756312814],[72.6361499070083,23.1218475171278],[72.6362105438809,23.1217856702296],[72.6362904265849,23.1217041943668],[72.6363731235954,23.1216851357052],[72.6366890823918,23.1216123202011],[72.6370356365383,23.1215874018109],[72.637125942431,23.1215809090453],[72.6371341802092,23.1215803174896],[72.6376104468861,23.1215161787577],[72.6378002773847,23.1214906147376],[72.6378320661717,23.1214821614544],[72.6379596567025,23.1214482319969],[72.6379827333529,23.1214420965441],[72.6380951511822,23.1214122026674],[72.638317511824,23.1212863867675],[72.638551752493,23.1211538501893],[72.6392533051236,23.1208554678468],[72.6393798478696,23.1207615044311],[72.6395467713821,23.1206375577778],[72.639617862498,23.1205847711193],[72.6397135165764,23.1205137436753],[72.6400074430643,23.120387657642],[72.6402249977074,23.1204045217268],[72.6402665359346,23.1204077416616],[72.6402933845872,23.1204098235935],[72.6404247224864,23.1204694228721],[72.640430789468,23.1204721751145],[72.6404577095434,23.1204645954449],[72.6404991637345,23.1204529242202],[72.6405669141404,23.1204338481298],[72.6406694677659,23.1203362456363],[72.6406716038552,23.120334211999],[72.6406781302032,23.120328000907],[72.6407147199799,23.1203093865401],[72.6407506164068,23.1202911256167],[72.6408050317528,23.1202780087657],[72.6408404271048,23.1202694769977],[72.6410162303318,23.1202718708566],[72.6412026983406,23.1202973081932],[72.6413812828676,23.1203288738424],[72.641585979607,23.1203909147297],[72.6415865262493,23.1203910799932],[72.6417757146487,23.120466052372],[72.6419458159842,23.1206307507766],[72.6419530982104,23.1206378031102],[72.6419820494602,23.1207599242835],[72.6420070789666,23.1208655125377],[72.6421650805529,23.1215320091487],[72.6431159727914,23.1212499065676],[72.6435712108208,23.1215856901866],[72.6437215298222,23.121696565174],[72.6436665868612,23.1218900958925],[72.6437682359456,23.1218955115424],[72.6443638560722,23.1219272409945],[72.6447089015392,23.1217661274179],[72.6450673510969,23.1217638224922],[72.6450677572019,23.1217638195299],[72.6458270847015,23.1217565509573],[72.6458548903057,23.1217586354189],[72.6460753689628,23.1217428945318],[72.6474333713643,23.1216459533009],[72.6477297829168,23.1211495507703],[72.6485575779584,23.1192244022526],[72.648806812521,23.117844709984],[72.6488898899375,23.1173848120402],[72.6488012741033,23.1171129932855],[72.6488126802677,23.1171189322609]]]}}, {"type" : "Feature", "id" : 0, "properties" : {"fid": 0, "fid1": 33, "zone": "Central Zone", "layer": "g_ward_boundary_new", "remarks": "", "ward_no": 4, "zone_id": 2, "no_of_sch": 0, "object_id": 0, "sector_no": "Palaj", "vill_name": "PETHAPUR", "ward_name": "Ward No - 4", "co1_f_path": "", "co2_f_path": "", "co3_f_path": "", "co4_f_path": "", "cor_1_cont": "", "cor_1_name": "", "cor_2_cont": "", "cor_2_name": "", "cor_3_cont": "", "cor_3_name": "", "cor_4_cont": "", "cor_4_name": "", "female_pop": 0, "govt_prima": 0, "male_popul": 0, "no_med_fac": 0, "no_of_inst": 0, "shape_area": 1053978.3999999999, "shape_leng": 6238.7875999999997, "total_hous": 0, "total_popu": 0, "z_offi_con": "", "zo_officer": ""}, "geometry" : {"type":"Polygon","coordinates":[[[72.6770233626857,23.2583008652504],[72.6812052103939,23.2585739212378],[72.6811729646677,23.2584505761001],[72.681167650241,23.2584302486225],[72.680958064279,23.257628435315],[72.6810247334279,23.2570895380058],[72.6804998344391,23.2560131996362],[72.6810375904899,23.2541122515364],[72.6810228079553,23.2528188219009],[72.6812353519591,23.2520381603734],[72.681469725339,23.2511769475875],[72.682187111229,23.2486679721282],[72.6828167943202,23.2472168164021],[72.6828168065407,23.2472167876927],[72.6829779495513,23.2468350928697],[72.683716248346,23.2450831303604],[72.6837391981896,23.2450286704386],[72.6839476906692,23.2445002066214],[72.6850410883719,23.2417285558931],[72.6851059985945,23.241564004025],[72.683248414593,23.2412029076301],[72.6826501972492,23.2410865914972],[72.682645653731,23.2406271519815],[72.6821436341914,23.2401723610988],[72.681683006736,23.2400352692167],[72.6813789236188,23.2402501615617],[72.6807682803876,23.240432537534],[72.6803479337913,23.2405071067918],[72.679970282949,23.2409271369907],[72.6799313607501,23.2409704246993],[72.6793967860115,23.2411167088082],[72.6792556894154,23.2409888957268],[72.6792422748455,23.2409767434662],[72.6792313685518,23.2406916737565],[72.6792302144997,23.2406615418849],[72.6792295669575,23.2406445948187],[72.6791909191298,23.2396341160248],[72.6791861065689,23.2391393419231],[72.678419931657,23.2390756734227],[72.678385201336,23.2393941664694],[72.6771720008791,23.2393808001507],[72.6761122883268,23.2393677935069],[72.6759983964126,23.2399929508336],[72.6760097316063,23.2399936015725],[72.6758570450317,23.2407400068848],[72.6757401551993,23.2412905651244],[72.6757212110126,23.24141551149],[72.6754811369701,23.2413849074094],[72.6750559057787,23.2413306990128],[72.6749790206526,23.2413571936734],[72.6749359055273,23.2413760856397],[72.6749048765585,23.2413896801452],[72.6748340197639,23.2414279245689],[72.6747669661277,23.2414716438845],[72.6747042067108,23.2415205203593],[72.6746465724324,23.2415738494778],[72.6746462050497,23.2415741898107],[72.6745933830909,23.2416322639678],[72.6745689683159,23.2416643283503],[72.6745461331777,23.2416943153011],[72.6745047953979,23.2417598875205],[72.6744696819392,23.2418284995471],[72.6744537120056,23.2418681740901],[72.6744410398166,23.2418996539887],[72.6744190872617,23.2419728232341],[72.6744039820604,23.2420474724568],[72.6753053719036,23.2422769847772],[72.6754339500723,23.2423204585639],[72.6754712689194,23.2423330769315],[72.6760280144637,23.2425213179161],[72.6760333177042,23.2425231117235],[72.6775652175408,23.2430410499039],[72.6790202979987,23.2453984480433],[72.679038587905,23.2456045385144],[72.6790295588517,23.2457927306493],[72.6790229750357,23.2459299704198],[72.6785217526093,23.2474467153939],[72.678202018397,23.2484880980731],[72.6774931825824,23.2506143276398],[72.6772658677417,23.2508753166882],[72.6769498741647,23.2512381219596],[72.6770433948655,23.2543739184851],[72.6766680360514,23.2544383736925],[72.6767664477961,23.2560146447768],[72.6768512503035,23.2573729189633],[72.6769569638971,23.257942878931],[72.6770233626857,23.2583008652504]]]}}, {"type" : "Feature", "id" : 0, "properties" : {"fid": 0, "fid1": 34, "zone": "Central Zone", "layer": "g_ward_boundary_new", "remarks": "", "ward_no": 4, "zone_id": 2, "no_of_sch": 0, "object_id": 0, "sector_no": "", "vill_name": "PETHAPUR", "ward_name": "Ward No - 4", "co1_f_path": "", "co2_f_path": "", "co3_f_path": "", "co4_f_path": "", "cor_1_cont": "", "cor_1_name": "", "cor_2_cont": "", "cor_2_name": "", "cor_3_cont": "", "cor_3_name": "", "cor_4_cont": "", "cor_4_name": "", "female_pop": 0, "govt_prima": 0, "male_popul": 0, "no_med_fac": 0, "no_of_inst": 0, "shape_area": 298757.65999999997, "shape_leng": 2853.2827000000002, "total_hous": 0, "total_popu": 0, "z_offi_con": "", "zo_officer": ""}, "geometry" : {"type":"Polygon","coordinates":[[[72.6812052103939,23.2585739212378],[72.6770233626857,23.2583008652504],[72.6756503775125,23.2585040959777],[72.6728043239672,23.2589253293154],[72.6721295634176,23.2590251896311],[72.6701320868055,23.2589360999075],[72.6697687541074,23.2590869972795],[72.6706250684983,23.2594015530179],[72.6707656727525,23.2595005894624],[72.6712997137361,23.2601621898306],[72.6713356205786,23.2606492504557],[72.672483850495,23.2606815355858],[72.6729175043865,23.2606129762991],[72.6735533741562,23.2605998661507],[72.6742507833133,23.2605360045094],[72.6745666871614,23.2610992883761],[72.6748251369614,23.261347736743],[72.6748078487436,23.2619428073865],[72.6755915826339,23.2619784781394],[72.6759118638446,23.2622048419083],[72.67790562614,23.2614765720363],[72.6797064946453,23.2608504347441],[72.6816747749259,23.2602177143193],[72.6812615594823,23.2587894618787],[72.6812052103939,23.2585739212378]]]}}, {"type" : "Feature", "id" : 0, "properties" : {"fid": 0, "fid1": 35, "zone": "Central Zone", "layer": "g_ward_boundary_new", "remarks": "", "ward_no": 4, "zone_id": 2, "no_of_sch": 0, "object_id": 0, "sector_no": "20", "vill_name": "", "ward_name": "Ward No - 4", "co1_f_path": "", "co2_f_path": "", "co3_f_path": "", "co4_f_path": "", "cor_1_cont": "", "cor_1_name": "", "cor_2_cont": "", "cor_2_name": "", "cor_3_cont": "", "cor_3_name": "", "cor_4_cont": "", "cor_4_name": "", "female_pop": 0, "govt_prima": 0, "male_popul": 0, "no_med_fac": 0, "no_of_inst": 0, "shape_area": 690653.09999999998, "shape_leng": 3656.6882000000001, "total_hous": 0, "total_popu": 0, "z_offi_con": "", "zo_officer": ""}, "geometry" : {"type":"Polygon","coordinates":[[[72.6750555216422,23.2283332283277],[72.674968284145,23.2278494542054],[72.6747956876071,23.2268923077728],[72.6745959143832,23.2262834016018],[72.6742766571245,23.2253103046316],[72.6731057560446,23.2217412824079],[72.6654820106807,23.2258002090341],[72.6654726773283,23.2258051774898],[72.6656516098114,23.2260857581478],[72.6658169048558,23.226344952766],[72.6660308366561,23.2266804132705],[72.6660798247058,23.2267572306955],[72.6706056030609,23.2338535329995],[72.6706496051155,23.2339225238999],[72.6706694511446,23.2339536398058],[72.672620131199,23.233483798503],[72.6725819098408,23.233336242602],[72.6724140711846,23.2329135495782],[72.6722955207885,23.2326149870799],[72.6717858541253,23.2320535023103],[72.6720990909514,23.2315846839684],[72.6725396851897,23.2306702854562],[72.6729956384477,23.2297414078877],[72.6732321917519,23.2293593158719],[72.673807601607,23.2287446948893],[72.6750555216422,23.2283332283277]]]}}, {"type" : "Feature", "id" : 0, "properties" : {"fid": 0, "fid1": 36, "zone": "Central Zone", "layer": "g_ward_boundary_new", "remarks": "", "ward_no": 4, "zone_id": 2, "no_of_sch": 0, "object_id": 0, "sector_no": "Borij", "vill_name": "", "ward_name": "Ward No - 4", "co1_f_path": "", "co2_f_path": "", "co3_f_path": "", "co4_f_path": "", "cor_1_cont": "", "cor_1_name": "", "cor_2_cont": "", "cor_2_name": "", "cor_3_cont": "", "cor_3_name": "", "cor_4_cont": "", "cor_4_name": "", "female_pop": 0, "govt_prima": 0, "male_popul": 0, "no_med_fac": 0, "no_of_inst": 0, "shape_area": 1786031.6000000001, "shape_leng": 6085.2860000000001, "total_hous": 0, "total_popu": 0, "z_offi_con": "", "zo_officer": ""}, "geometry" : {"type":"Polygon","coordinates":[[[72.6722247894396,23.2198646071327],[72.6730573182848,23.2215936340259],[72.673074614352,23.2216463565177],[72.6731057560446,23.2217412824079],[72.6742766571245,23.2253103046316],[72.6745959143832,23.2262834016018],[72.6747956876071,23.2268923077728],[72.674968284145,23.2278494542054],[72.6750555216422,23.2283332283277],[72.6750828339482,23.2283242225913],[72.6751338665486,23.2286022177087],[72.6753691983016,23.2298841492629],[72.6754847793108,23.2305137516714],[72.6755833643112,23.2310647356473],[72.6756188851418,23.2316299165388],[72.6756415511766,23.2319905704365],[72.6757059105717,23.232678445478],[72.6757334002259,23.2329722558885],[72.6757785197616,23.2334544865798],[72.6757790079312,23.2334903648621],[72.6757818805054,23.2337012795004],[72.6758059752743,23.2354707282472],[72.6758068706859,23.2362980362724],[72.6758084087812,23.237721182502],[72.6758707803973,23.2380591522757],[72.6759723809535,23.2380582714304],[72.6763913539582,23.2380585644427],[72.6775502464861,23.2380593694315],[72.6782167833809,23.2380598279403],[72.6793858587492,23.2377187453557],[72.6800928591751,23.2371916992148],[72.680379019412,23.2363359837799],[72.6828841142409,23.2354043427687],[72.6833447277037,23.235233035151],[72.6840793949034,23.2344932786649],[72.6842916707858,23.2342795298469],[72.6845522281359,23.2329240665336],[72.6847174966514,23.2320642986336],[72.6848141991194,23.2301794550957],[72.6849507753325,23.2275172566946],[72.684504237227,23.2254347957048],[72.6843023353215,23.2244931958316],[72.6842711054957,23.2243915019843],[72.6837540872724,23.2227079508125],[72.6829182676494,23.2206628880346],[72.6816777364309,23.2211104491586],[72.6809897702587,23.2218886015025],[72.6799021749207,23.2221592442985],[72.6788517038921,23.2195257754465],[72.6763030427763,23.2204437131339],[72.6746179720951,23.2192436362372],[72.673420716995,23.219130427556],[72.6723720846124,23.2197875932127],[72.6722247894396,23.2198646071327]]]}}, {"type" : "Feature", "id" : 0, "properties" : {"fid": 0, "fid1": 37, "zone": "Central Zone", "layer": "g_ward_boundary_new", "remarks": "", "ward_no": 5, "zone_id": 2, "no_of_sch": 0, "object_id": 0, "sector_no": "29", "vill_name": "", "ward_name": "Ward No - 5", "co1_f_path": "", "co2_f_path": "", "co3_f_path": "", "co4_f_path": "", "cor_1_cont": "", "cor_1_name": "", "cor_2_cont": "", "cor_2_name": "", "cor_3_cont": "", "cor_3_name": "", "cor_4_cont": "", "cor_4_name": "", "female_pop": 0, "govt_prima": 0, "male_popul": 0, "no_med_fac": 0, "no_of_inst": 0, "shape_area": 894450.75, "shape_leng": 3829.5331999999999, "total_hous": 0, "total_popu": 0, "z_offi_con": "", "zo_officer": ""}, "geometry" : {"type":"Polygon","coordinates":[[[72.6689348971341,23.2462958231232],[72.6687143544639,23.2459716210737],[72.6677973973537,23.2445028821307],[72.6676805321516,23.2443156917491],[72.66356145169,23.2377174965128],[72.6566233430276,23.2414758571967],[72.6576113421709,23.2429992425274],[72.6577657946182,23.2432373886242],[72.6579978063203,23.2435951180725],[72.6590443926557,23.2452527740201],[72.6604464206998,23.2474259192301],[72.6611209064762,23.2484723288311],[72.6618012536681,23.2495278125344],[72.6618275043425,23.2495762132253],[72.6620455609838,23.2499782703382],[72.6623157063789,23.2498345606264],[72.668596303292,23.24647685359],[72.6689348971341,23.2462958231232]]]}}, {"type" : "Feature", "id" : 0, "properties" : {"fid": 0, "fid1": 38, "zone": "Central Zone", "layer": "g_ward_boundary_new", "remarks": "", "ward_no": 5, "zone_id": 2, "no_of_sch": 0, "object_id": 0, "sector_no": "20", "vill_name": "", "ward_name": "Ward No - 5", "co1_f_path": "", "co2_f_path": "", "co3_f_path": "", "co4_f_path": "", "cor_1_cont": "", "cor_1_name": "", "cor_2_cont": "", "cor_2_name": "", "cor_3_cont": "", "cor_3_name": "", "cor_4_cont": "", "cor_4_name": "", "female_pop": 0, "govt_prima": 0, "male_popul": 0, "no_med_fac": 0, "no_of_inst": 0, "shape_area": 157792.39000000001, "shape_leng": 1650.3021000000001, "total_hous": 0, "total_popu": 0, "z_offi_con": "", "zo_officer": ""}, "geometry" : {"type":"Polygon","coordinates":[[[72.6757790079312,23.2334903648621],[72.6757785197616,23.2334544865798],[72.6757334002259,23.2329722558885],[72.6757059105717,23.232678445478],[72.6756415511766,23.2319905704365],[72.6756188851418,23.2316299165388],[72.6755833643112,23.2310647356473],[72.6754847793108,23.2305137516714],[72.6750828339482,23.2283242225913],[72.673807601607,23.2287446948893],[72.6732321917519,23.2293593158719],[72.6729956384477,23.2297414078877],[72.6725396851897,23.2306702854562],[72.6720990909514,23.2315846839684],[72.6717858541253,23.2320535023103],[72.6722955207885,23.2326149870799],[72.6724140711846,23.2329135495782],[72.6725819098408,23.233336242602],[72.672620131199,23.233483798503],[72.6734726912272,23.2332784412755],[72.6757790079312,23.2334903648621]]]}}, {"type" : "Feature", "id" : 0, "properties" : {"fid": 0, "fid1": 39, "zone": "Central Zone", "layer": "g_ward_boundary_new", "remarks": "", "ward_no": 5, "zone_id": 2, "no_of_sch": 0, "object_id": 0, "sector_no": "30", "vill_name": "", "ward_name": "Ward No - 5", "co1_f_path": "", "co2_f_path": "", "co3_f_path": "", "co4_f_path": "", "cor_1_cont": "", "cor_1_name": "", "cor_2_cont": "", "cor_2_name": "", "cor_3_cont": "", "cor_3_name": "", "cor_4_cont": "", "cor_4_name": "", "female_pop": 0, "govt_prima": 0, "male_popul": 0, "no_med_fac": 0, "no_of_inst": 0, "shape_area": 1167339.3999999999, "shape_leng": 4357.2690000000002, "total_hous": 0, "total_popu": 0, "z_offi_con": "", "zo_officer": ""}, "geometry" : {"type":"Polygon","coordinates":[[[72.6757790079312,23.2334903648621],[72.6734726912272,23.2332784412755],[72.672620131199,23.233483798503],[72.6718301814473,23.2336740695475],[72.6706694511446,23.2339536398058],[72.66356145169,23.2377174965128],[72.6657194247788,23.241174358094],[72.6676805321516,23.2443156917491],[72.6677973973537,23.2445028821307],[72.6687143544639,23.2459716210737],[72.6689348971341,23.2462958231232],[72.6727793683044,23.2442402761923],[72.6747788962846,23.243171112132],[72.674740173673,23.2430651222459],[72.6746710625384,23.2429138041083],[72.6746093526158,23.2427786870782],[72.6745831483972,23.2427213106068],[72.6744135029267,23.2423498559624],[72.6744006148733,23.2422748048197],[72.6743947122431,23.2421990211328],[72.6743958372267,23.2421230571382],[72.6743969712813,23.242112535534],[72.6744039820604,23.2420474724568],[72.6744190872617,23.2419728232341],[72.6744410398166,23.2418996539887],[72.6744537120056,23.2418681740901],[72.6744696809155,23.2418285022403],[72.6745047953979,23.2417598875205],[72.6745461331777,23.2416943153011],[72.6745689683159,23.2416643283503],[72.6745933830909,23.2416322639678],[72.6746462050497,23.2415741898107],[72.6746465724324,23.2415738494778],[72.6747042067108,23.2415205203593],[72.6747669661277,23.2414716438845],[72.6748340197639,23.2414279245689],[72.6749048765585,23.2413896801452],[72.6749359055273,23.2413760856397],[72.6749790206526,23.2413571936734],[72.6750559057787,23.2413306990128],[72.6754811369701,23.2413849074094],[72.6757212110126,23.24141551149],[72.6757401551993,23.2412905651244],[72.6758570450317,23.2407400068848],[72.6760097316063,23.2399936015725],[72.6759983964126,23.2399929508336],[72.6761122883268,23.2393677935069],[72.6758084087812,23.237721182502],[72.675806870639,23.2362980389802],[72.6758059752743,23.2354707282472],[72.6757818804585,23.2337012822081],[72.6757790079312,23.2334903648621]]]}}, {"type" : "Feature", "id" : 0, "properties" : {"fid": 0, "fid1": 40, "zone": "Central Zone", "layer": "g_ward_boundary_new", "remarks": "", "ward_no": 6, "zone_id": 2, "no_of_sch": 0, "object_id": 0, "sector_no": "11", "vill_name": "", "ward_name": "Ward No - 6", "co1_f_path": "", "co2_f_path": "", "co3_f_path": "", "co4_f_path": "", "cor_1_cont": "", "cor_1_name": "", "cor_2_cont": "", "cor_2_name": "", "cor_3_cont": "", "cor_3_name": "", "cor_4_cont": "", "cor_4_name": "", "female_pop": 0, "govt_prima": 0, "male_popul": 0, "no_med_fac": 0, "no_of_inst": 0, "shape_area": 996777, "shape_leng": 4309.8842999999997, "total_hous": 0, "total_popu": 0, "z_offi_con": "", "zo_officer": ""}, "geometry" : {"type":"Polygon","coordinates":[[[72.6544061935731,23.2230495493094],[72.6480977161826,23.212940523984],[72.6479897789207,23.2127675445066],[72.6409130172263,23.2165527001998],[72.6458389124222,23.2243880208877],[72.6465365866696,23.2254976901705],[72.6514512544694,23.2227835784883],[72.6522929130264,23.2241695939936],[72.6544061935731,23.2230495493094]]]}}, {"type" : "Feature", "id" : 0, "properties" : {"fid": 0, "fid1": 41, "zone": "Central Zone", "layer": "g_ward_boundary_new", "remarks": "", "ward_no": 5, "zone_id": 2, "no_of_sch": 0, "object_id": 0, "sector_no": "23", "vill_name": "", "ward_name": "Ward No - 5", "co1_f_path": "", "co2_f_path": "", "co3_f_path": "", "co4_f_path": "", "cor_1_cont": "", "cor_1_name": "", "cor_2_cont": "", "cor_2_name": "", "cor_3_cont": "", "cor_3_name": "", "cor_4_cont": "", "cor_4_name": "", "female_pop": 0, "govt_prima": 0, "male_popul": 0, "no_med_fac": 0, "no_of_inst": 0, "shape_area": 858837.40000000002, "shape_leng": 3736.2777999999998, "total_hous": 0, "total_popu": 0, "z_offi_con": "", "zo_officer": ""}, "geometry" : {"type":"Polygon","coordinates":[[[72.6565938545562,23.2414918299385],[72.6514446550623,23.2333035377556],[72.6446235558785,23.2369313789348],[72.6445473984598,23.2369718806338],[72.6447941398503,23.2373687353236],[72.6488188998573,23.2438417377865],[72.6491871480774,23.2444339563005],[72.6496698587349,23.2452102447476],[72.6557467377736,23.2419467880882],[72.6565938545562,23.2414918299385]]]}}, {"type" : "Feature", "id" : 0, "properties" : {"fid": 0, "fid1": 42, "zone": "South Zone", "layer": "g_ward_boundary_new", "remarks": "", "ward_no": 9, "zone_id": 3, "no_of_sch": 0, "object_id": 0, "sector_no": "3", "vill_name": "", "ward_name": "Ward No - 9", "co1_f_path": "", "co2_f_path": "", "co3_f_path": "", "co4_f_path": "", "cor_1_cont": "", "cor_1_name": "", "cor_2_cont": "", "cor_2_name": "", "cor_3_cont": "", "cor_3_name": "", "cor_4_cont": "", "cor_4_name": "", "female_pop": 0, "govt_prima": 0, "male_popul": 0, "no_med_fac": 0, "no_of_inst": 0, "shape_area": 739753.5, "shape_leng": 3528.1815999999999, "total_hous": 0, "total_popu": 0, "z_offi_con": "", "zo_officer": ""}, "geometry" : {"type":"Polygon","coordinates":[[[72.6321512676911,23.2020451661655],[72.6296187558781,23.2025727404135],[72.6267387738541,23.2031726449864],[72.6253398439564,23.2034640228447],[72.6248108525487,23.2035742006207],[72.6240892715295,23.2037244876575],[72.6238562041471,23.2037514607019],[72.6243381569601,23.2042323575457],[72.6248691625782,23.2051138816844],[72.6272798238969,23.2091156699395],[72.6274039746614,23.2093172854492],[72.6288128144996,23.2116051300118],[72.6290180769983,23.2119384537039],[72.6290513410898,23.2119205115709],[72.6292751818065,23.211802619441],[72.6295681565536,23.2116483139131],[72.6298855050291,23.2114811711743],[72.6339364797708,23.2093474826538],[72.6359010438655,23.2083126620091],[72.6335445553928,23.2047612409981],[72.6323043861299,23.2024271963804],[72.6322037678971,23.2022378249859],[72.6321512676911,23.2020451661655]]]}}, {"type" : "Feature", "id" : 0, "properties" : {"fid": 0, "fid1": 43, "zone": "South Zone", "layer": "g_ward_boundary_new", "remarks": "", "ward_no": 10, "zone_id": 3, "no_of_sch": 0, "object_id": 0, "sector_no": "6", "vill_name": "", "ward_name": "Ward No - 10", "co1_f_path": "", "co2_f_path": "", "co3_f_path": "", "co4_f_path": "", "cor_1_cont": "", "cor_1_name": "", "cor_2_cont": "", "cor_2_name": "", "cor_3_cont": "", "cor_3_name": "", "cor_4_cont": "", "cor_4_name": "", "female_pop": 0, "govt_prima": 0, "male_popul": 0, "no_med_fac": 0, "no_of_inst": 0, "shape_area": 845923.25, "shape_leng": 3711.2737000000002, "total_hous": 0, "total_popu": 0, "z_offi_con": "", "zo_officer": ""}, "geometry" : {"type":"Polygon","coordinates":[[[72.6409130172263,23.2165527001998],[72.6359010438655,23.2083126620091],[72.6339364797708,23.2093474826538],[72.6298855050291,23.2114811711743],[72.6295681565536,23.2116483139131],[72.6292751818065,23.211802619441],[72.6290513410898,23.2119205115709],[72.6290933323024,23.2119890938643],[72.6296780310492,23.2129440584679],[72.6311373942776,23.2153275120677],[72.6331601129957,23.2186308983295],[72.6341037681125,23.2201719613488],[72.6341140470806,23.2201887481159],[72.6374477567572,23.2184059645927],[72.6409130172263,23.2165527001998]]]}}, {"type" : "Feature", "id" : 0, "properties" : {"fid": 0, "fid1": 44, "zone": "South Zone", "layer": "g_ward_boundary_new", "remarks": "", "ward_no": 9, "zone_id": 3, "no_of_sch": 0, "object_id": 0, "sector_no": "3A NEW", "vill_name": "", "ward_name": "Ward No - 9", "co1_f_path": "", "co2_f_path": "", "co3_f_path": "", "co4_f_path": "", "cor_1_cont": "", "cor_1_name": "", "cor_2_cont": "", "cor_2_name": "", "cor_3_cont": "", "cor_3_name": "", "cor_4_cont": "", "cor_4_name": "", "female_pop": 0, "govt_prima": 0, "male_popul": 0, "no_med_fac": 0, "no_of_inst": 0, "shape_area": 608716.93999999994, "shape_leng": 3226.6904, "total_hous": 0, "total_popu": 0, "z_offi_con": "", "zo_officer": ""}, "geometry" : {"type":"Polygon","coordinates":[[[72.6321512676911,23.2020451661655],[72.631795929582,23.2007411904778],[72.6312749816908,23.1974465979037],[72.6310209981375,23.1973797532066],[72.6292013152878,23.1974097479085],[72.6271063314981,23.1972253824526],[72.6255905271153,23.197021042669],[72.6248449908338,23.1968785264102],[72.6244995429901,23.1968124901431],[72.6239629141929,23.1967099045854],[72.6235150243646,23.1966783900504],[72.6215211558097,23.1966470364267],[72.6216785393333,23.1969457511233],[72.6216952749008,23.1969775293562],[72.621696622247,23.1969800901601],[72.621719845839,23.1970403815682],[72.6217765596386,23.1971876587129],[72.6220261884165,23.1978363502582],[72.6220598910856,23.1979239855593],[72.6220678393583,23.1979446566734],[72.6223249016882,23.198971931783],[72.6223264384951,23.1989780822005],[72.6224477063199,23.1993722105988],[72.6226207637317,23.199936161532],[72.6226963295769,23.2003252203667],[72.6227066773347,23.2003745043976],[72.6227086868324,23.2003998108687],[72.6228255124278,23.2011065116571],[72.6228413590079,23.2012025959755],[72.6228647024126,23.2012929399878],[72.6232670257361,23.2028251756875],[72.6233720927988,23.2032258223858],[72.6233730525,23.2032294868399],[72.6233872121051,23.2032834904263],[72.6238144172273,23.20370976434],[72.6238514025894,23.203746669296],[72.6238562041471,23.2037514607019],[72.6240892715295,23.2037244876575],[72.6248108525487,23.2035742006207],[72.6253398439564,23.2034640228447],[72.6267387738541,23.2031726449864],[72.6296187558781,23.2025727404135],[72.6321512676911,23.2020451661655]]]}}, {"type" : "Feature", "id" : 0, "properties" : {"fid": 0, "fid1": 45, "zone": "South Zone", "layer": "g_ward_boundary_new", "remarks": "", "ward_no": 9, "zone_id": 3, "no_of_sch": 0, "object_id": 0, "sector_no": "2", "vill_name": "", "ward_name": "Ward No - 9", "co1_f_path": "", "co2_f_path": "", "co3_f_path": "", "co4_f_path": "", "cor_1_cont": "", "cor_1_name": "", "cor_2_cont": "", "cor_2_name": "", "cor_3_cont": "", "cor_3_name": "", "cor_4_cont": "", "cor_4_name": "", "female_pop": 0, "govt_prima": 0, "male_popul": 0, "no_med_fac": 0, "no_of_inst": 0, "shape_area": 987181.93999999994, "shape_leng": 4018.1057000000001, "total_hous": 0, "total_popu": 0, "z_offi_con": "", "zo_officer": ""}, "geometry" : {"type":"Polygon","coordinates":[[[72.6395389842625,23.1959802278026],[72.6382811251192,23.1963668526048],[72.6312749787457,23.1974465987622],[72.631795929582,23.2007411904778],[72.6321512676911,23.2020451661655],[72.6322037678971,23.2022378249859],[72.6335445553928,23.2047612409981],[72.6359010438655,23.2083126620091],[72.6373805435585,23.20752633618],[72.6410763430034,23.2055619844874],[72.6428204346935,23.2046007062723],[72.6427720674432,23.2045229243407],[72.6423716927331,23.2038042457587],[72.6420681603404,23.203294990015],[72.6412492313248,23.2020027274713],[72.6411173952141,23.2016478896964],[72.6410793704068,23.2015455459162],[72.6405621657469,23.2004512205339],[72.639748081644,23.1975342275033],[72.6395595013777,23.1962170911085],[72.6395389842625,23.1959802278026]]]}}, {"type" : "Feature", "id" : 0, "properties" : {"fid": 0, "fid1": 46, "zone": "South Zone", "layer": "g_ward_boundary_new", "remarks": "", "ward_no": 10, "zone_id": 3, "no_of_sch": 0, "object_id": 0, "sector_no": "Dholakuva", "vill_name": "", "ward_name": "Ward No - 10", "co1_f_path": "", "co2_f_path": "", "co3_f_path": "", "co4_f_path": "", "cor_1_cont": "", "cor_1_name": "", "cor_2_cont": "", "cor_2_name": "", "cor_3_cont": "", "cor_3_name": "", "cor_4_cont": "", "cor_4_name": "", "female_pop": 0, "govt_prima": 0, "male_popul": 0, "no_med_fac": 0, "no_of_inst": 0, "shape_area": 638615.93999999994, "shape_leng": 3657.0781000000002, "total_hous": 0, "total_popu": 0, "z_offi_con": "", "zo_officer": ""}, "geometry" : {"type":"Polygon","coordinates":[[[72.6395389842625,23.1959802278026],[72.6395423679797,23.1959791880174],[72.6396515494493,23.1959456286676],[72.6396694951419,23.1959401129157],[72.6399665899789,23.1960081124757],[72.6400786187965,23.1960337535938],[72.6425839789054,23.1966071574622],[72.6429997918939,23.1967023210818],[72.6433223645199,23.1967761446913],[72.6432600320489,23.1967584232153],[72.643417418074,23.1962050735745],[72.6438864847715,23.195813730003],[72.6442812911082,23.1949643314704],[72.6447753894676,23.1939635033956],[72.6452537664314,23.1929413142561],[72.6454178375202,23.1922803863902],[72.6455700095005,23.1911966717532],[72.6446464629399,23.191090440101],[72.6447426685859,23.1906236606373],[72.6446375473737,23.1901802245806],[72.6446730050577,23.1898430188504],[72.6446933811222,23.18954895655],[72.6446791708581,23.188889658833],[72.6442940215545,23.1883484380344],[72.6437383487989,23.1878087728918],[72.6431275090697,23.1871764303666],[72.6424214787397,23.1870114775476],[72.6417988964191,23.18686601798],[72.6417898614539,23.1859414668819],[72.6418449286558,23.1846563037378],[72.6413262009465,23.1845919906453],[72.6413187549813,23.1845906439984],[72.6412504392553,23.1846101068716],[72.641079217957,23.1848585348913],[72.6408889903621,23.18538086816],[72.6405362303521,23.1855712492213],[72.6404668649359,23.1856913409665],[72.6396829941573,23.1856667857141],[72.6391341117968,23.1854632294573],[72.6390964793344,23.1854492781557],[72.6390963262054,23.1854492117596],[72.6389864695911,23.1854001422896],[72.6389856613293,23.1854000127973],[72.6384960433895,23.1853408938357],[72.6385254923613,23.1855800896734],[72.6385605956152,23.1860002751649],[72.6387001734021,23.1875950127806],[72.638858934806,23.1890366640068],[72.6392133485265,23.1925217148258],[72.6394197136653,23.1946032446194],[72.6395389842625,23.1959802278026]]]}}, {"type" : "Feature", "id" : 0, "properties" : {"fid": 0, "fid1": 47, "zone": "North Zone", "layer": "g_ward_boundary_new", "remarks": "", "ward_no": 7, "zone_id": 1, "no_of_sch": 0, "object_id": 0, "sector_no": "5", "vill_name": "VAVOL", "ward_name": "Ward No - 7", "co1_f_path": "", "co2_f_path": "", "co3_f_path": "", "co4_f_path": "", "cor_1_cont": "", "cor_1_name": "", "cor_2_cont": "", "cor_2_name": "", "cor_3_cont": "", "cor_3_name": "", "cor_4_cont": "", "cor_4_name": "", "female_pop": 0, "govt_prima": 0, "male_popul": 0, "no_med_fac": 0, "no_of_inst": 0, "shape_area": 233025.89000000001, "shape_leng": 2626.4594999999999, "total_hous": 0, "total_popu": 0, "z_offi_con": "", "zo_officer": ""}, "geometry" : {"type":"Polygon","coordinates":[[[72.6226966983127,23.2153479196863],[72.622330198129,23.2155455798565],[72.6225076611277,23.2158336649355],[72.6237631161348,23.2230323623743],[72.6237830849543,23.2231468588488],[72.6240222704692,23.2245182648199],[72.6240463110396,23.2253973161623],[72.6240463823521,23.2253999091228],[72.6252153672061,23.2248148586644],[72.6275236535605,23.2236280501231],[72.6277421575001,23.2235133447089],[72.6276978233366,23.2234483638763],[72.6275806248203,23.2232765887939],[72.6275127312143,23.223166664703],[72.6274088664371,23.2229984970385],[72.6273335735208,23.2228765931886],[72.6272712223756,23.222775641497],[72.6272641637564,23.2227642122188],[72.6272018117336,23.2226632604922],[72.6271830593244,23.2226328993327],[72.6271569795676,23.2225906742045],[72.627140636401,23.2225642133293],[72.6270794601774,23.2224651661342],[72.6270182840554,23.222366118019],[72.6269627031799,23.222276131647],[72.6269571070265,23.222267070774],[72.6269403137674,23.2222398835679],[72.6268912246816,23.2221604051928],[72.626825342436,23.2220537395913],[72.626764165693,23.2219546913885],[72.6267396910236,23.2219150660838],[72.6267029880272,23.2218556449585],[72.6266418114556,23.2217565967206],[72.6265806329845,23.2216575502408],[72.6265147502304,23.2215508845287],[72.6264488656225,23.2214442187667],[72.6263876874055,23.221345173134],[72.6263680265213,23.221313342891],[72.6263265073369,23.2212461265519],[72.626265329323,23.2211470790791],[72.6262041513788,23.2210480324914],[72.6261382662625,23.2209413666188],[72.6260723812295,23.2208347016284],[72.6259829659291,23.2206899412558],[72.6257864940306,23.2203718633934],[72.6255737705387,23.2200274764809],[72.6253194082105,23.2196156813993],[72.6252488172017,23.2195013995769],[72.6251574434521,23.2193534756839],[72.6251311644608,23.2193109304029],[72.6250793964823,23.219227124691],[72.6250040986934,23.2191052253018],[72.6249382133366,23.2189985644446],[72.6248723261579,23.2188919017325],[72.6248064390466,23.2187852408051],[72.6247405500815,23.2186785798279],[72.6247016930599,23.2186156771524],[72.6246793673553,23.2185795372126],[72.6246181827616,23.2184804945503],[72.6245605287932,23.2183871674791],[72.6245534676662,23.2183757389695],[72.6245415333065,23.2183564205198],[72.6245094544989,23.218304494261],[72.6244958108695,23.218282410934],[72.6244299174739,23.2181757506896],[72.6243640222245,23.2180690903954],[72.6243028331575,23.2179700493741],[72.624241642239,23.2178710074031],[72.6242124569369,23.2178237687434],[72.6241804523507,23.2177719672345],[72.6241192615715,23.2176729270335],[72.6240655648207,23.2175860224435],[72.6240533608831,23.2175662692625],[72.6239874602941,23.2174596114712],[72.6239262668393,23.2173605720732],[72.6239068366371,23.217329126048],[72.6238650714852,23.2172615344332],[72.6238038762327,23.2171624958731],[72.6237592453477,23.2170902675584],[72.6237426790808,23.217063459071],[72.6236803045459,23.2169625167332],[72.6236732425685,23.2169510890823],[72.6236523016812,23.2169171998347],[72.6236108651871,23.2168501475823],[72.6235496663522,23.2167511106954],[72.6234884646415,23.2166520755518],[72.6234272610633,23.2165530403611],[72.6233660575868,23.2164540042504],[72.6233001423292,23.2163473505234],[72.6232342261784,23.2162406976638],[72.6231945532781,23.2161765067265],[72.6231447655355,23.2160959560935],[72.6230390132632,23.2159248632864],[72.622874001508,23.215657918781],[72.6226966983127,23.2153479196863]]]}}, {"type" : "Feature", "id" : 0, "properties" : {"fid": 0, "fid1": 48, "zone": "South Zone", "layer": "g_ward_boundary_new", "remarks": "", "ward_no": 8, "zone_id": 3, "no_of_sch": 0, "object_id": 0, "sector_no": "5", "vill_name": "", "ward_name": "Ward No - 8", "co1_f_path": "", "co2_f_path": "", "co3_f_path": "", "co4_f_path": "", "cor_1_cont": "", "cor_1_name": "", "cor_2_cont": "", "cor_2_name": "", "cor_3_cont": "", "cor_3_name": "", "cor_4_cont": "", "cor_4_name": "", "female_pop": 0, "govt_prima": 0, "male_popul": 0, "no_med_fac": 0, "no_of_inst": 0, "shape_area": 790888.56000000006, "shape_leng": 3604.3887, "total_hous": 0, "total_popu": 0, "z_offi_con": "", "zo_officer": ""}, "geometry" : {"type":"Polygon","coordinates":[[[72.6290180769983,23.2119384537039],[72.6267024947534,23.2131874269022],[72.6226966983127,23.2153479196863],[72.622874001508,23.215657918781],[72.6230390132632,23.2159248632864],[72.6231447655355,23.2160959560935],[72.6231945532781,23.2161765067265],[72.6232342261784,23.2162406976638],[72.6233001423292,23.2163473505234],[72.6233660575868,23.2164540042504],[72.6234272610633,23.2165530403611],[72.6234884646415,23.2166520755518],[72.6235496663522,23.2167511106954],[72.6236108651871,23.2168501475823],[72.6236523016812,23.2169171998347],[72.6236732425685,23.2169510890823],[72.6236803045459,23.2169625167332],[72.6237426790808,23.217063459071],[72.6237592453477,23.2170902675584],[72.6238038762327,23.2171624958731],[72.6238650714852,23.2172615344332],[72.6239068366371,23.217329126048],[72.6239262668393,23.2173605720732],[72.6239874602941,23.2174596114712],[72.6240533608831,23.2175662692625],[72.6240655648207,23.2175860224435],[72.6241192615715,23.2176729270335],[72.6241804523507,23.2177719672345],[72.6242124569369,23.2178237687434],[72.624241642239,23.2178710074031],[72.6243028331575,23.2179700493741],[72.6243640222245,23.2180690903954],[72.6244299174739,23.2181757506896],[72.6244958108695,23.218282410934],[72.6245094544989,23.218304494261],[72.6245415333065,23.2183564205198],[72.6245534676662,23.2183757389695],[72.6245605287932,23.2183871674791],[72.6246181827616,23.2184804945503],[72.6246793673553,23.2185795372126],[72.6247016930599,23.2186156771524],[72.6247405500815,23.2186785798279],[72.6248064390466,23.2187852408051],[72.6248723261579,23.2188919017325],[72.6249382133366,23.2189985644446],[72.6250040986934,23.2191052253018],[72.6250793964823,23.219227124691],[72.6251311644608,23.2193109304029],[72.6251574434521,23.2193534756839],[72.6252488172017,23.2195013995769],[72.6253194082105,23.2196156813993],[72.6255737705387,23.2200274764809],[72.6257864940306,23.2203718633934],[72.6259829659291,23.2206899412558],[72.6260723812295,23.2208347016284],[72.6261382662625,23.2209413666188],[72.6262041513788,23.2210480324914],[72.626265329323,23.2211470790791],[72.6263265073369,23.2212461265519],[72.6263680265213,23.221313342891],[72.6263876874055,23.221345173134],[72.6264488656225,23.2214442187667],[72.6265147502304,23.2215508845287],[72.6265806329845,23.2216575502408],[72.6266418114556,23.2217565967206],[72.6267029880272,23.2218556449585],[72.6267396910236,23.2219150660838],[72.626764165693,23.2219546913885],[72.626825342436,23.2220537395913],[72.6268912246816,23.2221604051928],[72.6269403137674,23.2222398835679],[72.6269571070265,23.222267070774],[72.6269627031799,23.222276131647],[72.6270182840554,23.222366118019],[72.6270794601774,23.2224651661342],[72.627140636401,23.2225642133293],[72.6271569795676,23.2225906742045],[72.6271830593244,23.2226328993327],[72.6272018117336,23.2226632604922],[72.6272641637564,23.2227642122188],[72.6272712223756,23.222775641497],[72.6273335735208,23.2228765931886],[72.6274088664371,23.2229984970385],[72.6275127312143,23.223166664703],[72.6275806248203,23.2232765887939],[72.6276978233366,23.2234483638763],[72.6277421575001,23.2235133447089],[72.6277834419312,23.2235738567588],[72.6322100116975,23.2212069232988],[72.6330651019851,23.2207496721318],[72.6341140470806,23.2201887481159],[72.6341037681125,23.2201719613488],[72.6331601129957,23.2186308983295],[72.6311373942776,23.2153275120677],[72.6296780310492,23.2129440584679],[72.6290933323024,23.2119890938643],[72.6290513410898,23.2119205115709],[72.6290180769983,23.2119384537039]]]}}, {"type" : "Feature", "id" : 0, "properties" : {"fid": 0, "fid1": 49, "zone": "Central Zone", "layer": "g_ward_boundary_new", "remarks": "", "ward_no": 6, "zone_id": 2, "no_of_sch": 0, "object_id": 0, "sector_no": "25,GIDC(25,26)", "vill_name": "", "ward_name": "Ward No - 6", "co1_f_path": "", "co2_f_path": "", "co3_f_path": "", "co4_f_path": "", "cor_1_cont": "", "cor_1_name": "", "cor_2_cont": "", "cor_2_name": "", "cor_3_cont": "", "cor_3_name": "", "cor_4_cont": "", "cor_4_name": "", "female_pop": 0, "govt_prima": 0, "male_popul": 0, "no_med_fac": 0, "no_of_inst": 0, "shape_area": 602289.69999999995, "shape_leng": 3392.0974000000001, "total_hous": 0, "total_popu": 0, "z_offi_con": "", "zo_officer": ""}, "geometry" : {"type":"Polygon","coordinates":[[[72.6311778980907,23.2442750709325],[72.6293197425394,23.241236824575],[72.6289891530842,23.2406962677174],[72.6281000857536,23.2392425013002],[72.6270493947461,23.2375468788489],[72.6256294076794,23.2383224803352],[72.6244383076233,23.2389735152042],[72.6244428816957,23.2393693925576],[72.624446291093,23.2396622524072],[72.6244539814678,23.2403171688348],[72.6244563229596,23.2404714909953],[72.6244587730222,23.2406324782077],[72.624460317512,23.2407339558752],[72.6244617870453,23.240830289276],[72.6244671074106,23.2410315314837],[72.6244738372539,23.2412855091752],[72.6244749814202,23.2413286811225],[72.6244799715542,23.2415166321289],[72.6245018237153,23.2421925897874],[72.6245037060762,23.2422506723612],[72.6245072203763,23.2423590246823],[72.6245171118108,23.2426635570387],[72.6245223733368,23.2427877118478],[72.6245231356662,23.2428056724287],[72.6245401056258,23.2432055252285],[72.6245463465616,23.2433523717493],[72.6245684635964,23.2438716434288],[72.6245806314618,23.2441566451671],[72.6245808427896,23.2441615910775],[72.624598767445,23.2445969979686],[72.6246017339248,23.244668938335],[72.6246041795153,23.244728204836],[72.6246316258049,23.2449763434183],[72.624633930737,23.2450234220839],[72.6246699899534,23.2454149438741],[72.6247020533274,23.2457630727336],[72.6247785774131,23.2465923302464],[72.6248025927402,23.2468521123897],[72.6248184979927,23.2470241680142],[72.6247827987029,23.2474335977359],[72.6247613900384,23.247680284882],[72.624736043045,23.2479723474639],[72.6247285096611,23.2480594527206],[72.6247141034066,23.2482262135636],[72.624707261066,23.2483055247509],[72.6247015679653,23.2483715860929],[72.6246110690234,23.2494292408048],[72.6246105901002,23.2494348750198],[72.6246047763919,23.2495033783398],[72.6246021146238,23.2495347709979],[72.6246014833476,23.2495422211028],[72.6261103373565,23.2487920600014],[72.6320387743748,23.2456681910055],[72.6316539163668,23.2450518106899],[72.6314179414059,23.2446738775527],[72.6311778980907,23.2442750709325]]]}}, {"type" : "Feature", "id" : 0, "properties" : {"fid": 0, "fid1": 50, "zone": "Central Zone", "layer": "g_ward_boundary_new", "remarks": "", "ward_no": 6, "zone_id": 2, "no_of_sch": 0, "object_id": 0, "sector_no": "12", "vill_name": "", "ward_name": "Ward No - 6", "co1_f_path": "", "co2_f_path": "", "co3_f_path": "", "co4_f_path": "", "cor_1_cont": "", "cor_1_name": "", "cor_2_cont": "", "cor_2_name": "", "cor_3_cont": "", "cor_3_name": "", "cor_4_cont": "", "cor_4_name": "", "female_pop": 0, "govt_prima": 0, "male_popul": 0, "no_med_fac": 0, "no_of_inst": 0, "shape_area": 923312.75, "shape_leng": 3902.2202000000002, "total_hous": 0, "total_popu": 0, "z_offi_con": "", "zo_officer": ""}, "geometry" : {"type":"Polygon","coordinates":[[[72.6465365866696,23.2254976901705],[72.6458389124222,23.2243880208877],[72.6409130172263,23.2165527001998],[72.6374477567572,23.2184059645927],[72.634328906962,23.2200738505697],[72.6341140470806,23.2201887481159],[72.6389928394417,23.2280373530249],[72.6396703310983,23.2291271687679],[72.6465365866696,23.2254976901705]]]}}, {"type" : "Feature", "id" : 0, "properties" : {"fid": 0, "fid1": 51, "zone": "Central Zone", "layer": "g_ward_boundary_new", "remarks": "", "ward_no": 6, "zone_id": 2, "no_of_sch": 0, "object_id": 0, "sector_no": "13", "vill_name": "", "ward_name": "Ward No - 6", "co1_f_path": "", "co2_f_path": "", "co3_f_path": "", "co4_f_path": "", "cor_1_cont": "", "cor_1_name": "", "cor_2_cont": "", "cor_2_name": "", "cor_3_cont": "", "cor_3_name": "", "cor_4_cont": "", "cor_4_name": "", "female_pop": 0, "govt_prima": 0, "male_popul": 0, "no_med_fac": 0, "no_of_inst": 0, "shape_area": 750401.69999999995, "shape_leng": 3517.8366999999998, "total_hous": 0, "total_popu": 0, "z_offi_con": "", "zo_officer": ""}, "geometry" : {"type":"Polygon","coordinates":[[[72.6389928394417,23.2280373530249],[72.6341140470806,23.2201887481159],[72.6330651019851,23.2207496721318],[72.6322100116975,23.2212069232988],[72.6277834419312,23.2235738567588],[72.6278998772193,23.2237445179],[72.6280057482466,23.2239143053922],[72.6281486961532,23.2241435527393],[72.6282390301667,23.2242884226014],[72.6282609967404,23.2243236503267],[72.6283311653456,23.2244361832352],[72.6283616108144,23.2244850102492],[72.628406995494,23.2245577968965],[72.6284733466426,23.224664207243],[72.6285396959379,23.2247706175393],[72.6285633933627,23.2248086230355],[72.628587088895,23.2248466257921],[72.6286250027241,23.2249074316558],[72.6286696913518,23.2249791036348],[72.6286818739694,23.2249986431538],[72.6287899144021,23.2251719170142],[72.6288903965669,23.225333070649],[72.6289567425997,23.2254394798536],[72.6290230887483,23.2255458881352],[72.6290247093101,23.2255484873259],[72.6290894340042,23.2256522972839],[72.6291557793919,23.2257587046067],[72.6292173847144,23.2258575120792],[72.6292886898386,23.2259718745856],[72.6293263790719,23.2260323230355],[72.6293879817191,23.2261311295119],[72.6294507690235,23.2262318352422],[72.6294578773478,23.2262432354007],[72.6295206657284,23.2263439411251],[72.6295870059377,23.22645034642],[72.6296533452703,23.2265567516794],[72.6297073897655,23.2266434343091],[72.6297196847346,23.226663155113],[72.6297860213531,23.2267695593843],[72.6298618375621,23.2268911632511],[72.6298622403485,23.2268918084976],[72.630136888116,23.227332346825],[72.6301752780251,23.227393926939],[72.6301778761252,23.2273980936519],[72.6302693193639,23.227544774053],[72.6302700394418,23.2275459278374],[72.6302856070714,23.227570900707],[72.6303008375636,23.2275953277233],[72.6303340029116,23.2276485279142],[72.6303647971877,23.2276979268295],[72.6304105284723,23.2277712824852],[72.6304446210318,23.227825970887],[72.6305204267505,23.227947568927],[72.6305867539594,23.2280539655661],[72.6306530812682,23.2281603621846],[72.6306784715135,23.2282010913764],[72.6307194077002,23.2282667587676],[72.6307857332714,23.2283731544127],[72.6308520569893,23.2284795500076],[72.6309183798463,23.2285859446646],[72.630981149014,23.2286866388034],[72.6309882546554,23.2286980388665],[72.6310510239545,23.2287987311795],[72.6311173442132,23.2289051239251],[72.6311836626344,23.2290115157181],[72.6312499801788,23.2291179074757],[72.631316297839,23.22922429831],[72.6313778762101,23.2293230875518],[72.6313826136618,23.2293306881917],[72.6314212505233,23.2293926726234],[72.6314489286237,23.2294370771355],[72.6315247157529,23.2295586636775],[72.6315505300708,23.229600078947],[72.6315813184088,23.2296494748753],[72.6316144741214,23.2297026665817],[72.6316452615434,23.2297520615835],[72.6316478359682,23.2297561909061],[72.631681588234,23.2298103440311],[72.6318359352593,23.2300579742206],[72.6321188814225,23.2305119464379],[72.6321189583301,23.2305120721813],[72.6322264403754,23.2306845268579],[72.6322623370841,23.2307421256305],[72.6322691517796,23.2307562404463],[72.6322759300549,23.230770370963],[72.6322826729185,23.2307845153903],[72.6322893813629,23.2307986728403],[72.6322960553403,23.2308128460208],[72.6323026919686,23.2308270321798],[72.6323092931374,23.2308412349571],[72.6323158608954,23.2308554489668],[72.6323223912565,23.2308696786628],[72.6323288871984,23.2308839213815],[72.6323353467359,23.2308981788987],[72.6323417708934,23.2309124485213],[72.6323481596072,23.2309267338597],[72.632354512941,23.2309410313037],[72.6323608298864,23.2309553426435],[72.6323671104433,23.2309696678793],[72.6323733565808,23.2309840061378],[72.6323795663299,23.2309983582923],[72.6323857416914,23.2310127216645],[72.6323918796559,23.231027100723],[72.6323979822404,23.2310414918871],[72.6324040484523,23.2310558960445],[72.6324100792841,23.2310703123075],[72.6324160737273,23.2310847424665],[72.6324220327744,23.2310991856335],[72.6324279544723,23.2311136417793],[72.6324338417826,23.2311281091427],[72.6324396917436,23.2311425894849],[72.6324455053478,23.231157081918],[72.6324512835401,23.2311715882617],[72.6324570253914,23.2311861057938],[72.6324627308859,23.2312006354167],[72.6324684010003,23.2312151771452],[72.6324740337653,23.2312297318524],[72.6324796301894,23.231244297748],[72.6324851902566,23.2312588757345],[72.6324907149277,23.2312734667291],[72.6324962022971,23.2312880679948],[72.632501652333,23.2313026813367],[72.6325070670046,23.2313173058816],[72.6325124453193,23.2313319425175],[72.6325177872771,23.2313465912442],[72.6325230919332,23.2313612502421],[72.6325283602323,23.2313759213308],[72.6325335921904,23.231390603608],[72.6325363481647,23.2313983982481],[72.6325387868628,23.2314052952537],[72.6325439461388,23.2314199999076],[72.6325490671206,23.2314347157204],[72.6325541527538,23.2314494418338],[72.6325592010693,23.2314641791208],[72.6325642130756,23.2314789257912],[72.6325671612795,23.2314876739591],[72.6389928394417,23.2280373530249]]]}}, {"type" : "Feature", "id" : 0, "properties" : {"fid": 0, "fid1": 52, "zone": "Central Zone", "layer": "g_ward_boundary_new", "remarks": "", "ward_no": 6, "zone_id": 2, "no_of_sch": 0, "object_id": 0, "sector_no": "15", "vill_name": "", "ward_name": "Ward No - 6", "co1_f_path": "", "co2_f_path": "", "co3_f_path": "", "co4_f_path": "", "cor_1_cont": "", "cor_1_name": "", "cor_2_cont": "", "cor_2_name": "", "cor_3_cont": "", "cor_3_name": "", "cor_4_cont": "", "cor_4_name": "", "female_pop": 0, "govt_prima": 0, "male_popul": 0, "no_med_fac": 0, "no_of_inst": 0, "shape_area": 895068.80000000005, "shape_leng": 3862.6399999999999, "total_hous": 0, "total_popu": 0, "z_offi_con": "", "zo_officer": ""}, "geometry" : {"type":"Polygon","coordinates":[[[72.6330830688159,23.2327947553283],[72.6332200780954,23.233012185117],[72.6379863930069,23.2405757219965],[72.6379916214261,23.2405728503341],[72.6445473984598,23.2369718806338],[72.6396703310983,23.2291271687679],[72.6392062367931,23.2283806279109],[72.6389928394417,23.2280373530249],[72.6325671612795,23.2314876739591],[72.6325691867717,23.231493684523],[72.6325741251191,23.2315084535554],[72.6325790251881,23.2315232328442],[72.632583888916,23.2315380233214],[72.6325887173112,23.2315528231967],[72.6325925821985,23.2315621042798],[72.6325964844368,23.2315713723841],[72.6326004220411,23.2315806292851],[72.6326043960516,23.2315898713873],[72.6326084054759,23.2315990995787],[72.6326124512746,23.2316083147764],[72.6326165324552,23.2316175178683],[72.6326206510347,23.2316267052735],[72.6326248040354,23.2316358796558],[72.6326289934425,23.2316450392393],[72.6326332172707,23.2316541857997],[72.6326374774894,23.2316633184639],[72.6326412524154,23.2316713315852],[72.6326412947389,23.2316714243068],[72.6326417721612,23.2316724362999],[72.6326461042,23.2316815402544],[72.6326504697313,23.2316906284635],[72.6326548706763,23.2316997027616],[72.6326593090044,23.2317087622757],[72.6326637808089,23.2317178069469],[72.6326682880432,23.2317268368047],[72.6326728297466,23.2317358509316],[72.6326774088012,23.2317448520797],[72.6326820204034,23.2317538356623],[72.6326866694046,23.2317628035585],[72.6326913508898,23.2317717574995],[72.6326960678526,23.2317806939194],[72.6326997045056,23.2317875196009],[72.6326997640263,23.2317876342486],[72.6327008202292,23.2317896164283],[72.6327056071068,23.2317985214014],[72.6327104284535,23.2318074106438],[72.6327152842693,23.2318162841554],[72.6327201755468,23.2318251410483],[72.6327251003168,23.2318339821958],[72.6327300595878,23.2318428058075],[72.632735053328,23.2318516136883],[72.6327400805766,23.231860404921],[72.6327451433028,23.2318691786327],[72.6327502395375,23.2318779356963],[72.6327553702573,23.2318866761266],[72.6327605335248,23.2318953989915],[72.6327639057284,23.2319010461652],[72.6327639977059,23.2319012037329],[72.63276573227,23.2319041043353],[72.6327709645237,23.231912793031],[72.6327762293252,23.2319214641614],[72.6327815296203,23.231930116868],[72.6327868634238,23.2319387529266],[72.6327922307837,23.2319473696295],[72.6327976296988,23.2319559696549],[72.6328030641234,23.231964550354],[72.6328085310959,23.2319731134878],[72.6328140325694,23.2319816590857],[72.6328195646534,23.2319901861862],[72.632825132247,23.2319986939604],[72.6328307324044,23.2320071832668],[72.6328337481207,23.2320117191574],[72.632833859392,23.2320118905575],[72.6328363661021,23.2320156541199],[72.6328420323636,23.2320241065052],[72.6328477312048,23.23203253952],[72.6328534626417,23.2320409522618],[72.632859227603,23.232049347453],[72.6328650241674,23.2320577232589],[72.6328708543041,23.2320660788066],[72.632876716028,23.2320744158717],[72.6328826103475,23.2320827326637],[72.6328885372308,23.2320910309878],[72.6328944967257,23.2320993081363],[72.6329004878396,23.2321075649971],[72.6329065115173,23.23211580339],[72.6329090845999,23.2321192935054],[72.6329092009138,23.2321194559536],[72.6329125678226,23.2321240197046],[72.6329186547384,23.232132217522],[72.6329247742659,23.2321403941638],[72.6329309254124,23.2321485505178],[72.6329371072173,23.2321566856668],[72.6329433225785,23.23216480146],[72.6329495685981,23.2321728960482],[72.6329558462527,23.232180969446],[72.6329621555423,23.2321890216536],[72.632968496451,23.2321970535733],[72.6329748680181,23.232205064288],[72.6329812702594,23.2322130528951],[72.6329877031592,23.2322210202972],[72.6329897541224,23.2322235401767],[72.6329898563604,23.2322236699125],[72.6329941686705,23.2322289665237],[72.6330006648403,23.2322368915451],[72.6330071907078,23.2322447944441],[72.6330137482262,23.2322526752503],[72.6330203364189,23.2322605339489],[72.633026955286,23.2322683705399],[72.6330336038348,23.232276185911],[72.6330402830739,23.232283978272],[72.6330469929715,23.2322917494279],[72.6330537325826,23.232299497559],[72.6330605028681,23.2323072235824],[72.6330673028831,23.2323149256783],[72.6330741325959,23.2323226056519],[72.6330755820657,23.2323242245169],[72.6330756558011,23.232324308684],[72.633080992983,23.2323302635179],[72.6330878830996,23.2323378974564],[72.633094802914,23.2323455092725],[72.6331017514814,23.2323530971465],[72.633108730739,23.2323606620102],[72.6331157377252,23.2323682056247],[72.6331227754494,23.2323757235214],[72.6331298419107,23.2323832183784],[72.6331369380856,23.2323906902104],[72.6331440630294,23.2323981371978],[72.6331512167102,23.2324055611454],[72.6331583991281,23.2324129620534],[72.6331656103307,23.2324203372142],[72.6331663636888,23.2324211023897],[72.6331664145266,23.2324211555172],[72.6331728502704,23.2324276893352],[72.6331801189631,23.232435017514],[72.6331874164087,23.2324423217506],[72.6331947416467,23.2324496011278],[72.6332020966301,23.2324568556748],[72.6332094784132,23.2324640862502],[72.6332168889812,23.2324712910783],[72.6332243273255,23.2324784719494],[72.6332317934461,23.2324856288636],[72.6332392883675,23.2324927591279],[72.6332468100886,23.2324998654205],[72.6332543586253,23.2325069468389],[72.6332619349544,23.2325140033977],[72.6333384249186,23.2325813118399],[72.6330830688159,23.2327947553283]]]}}, {"type" : "Feature", "id" : 0, "properties" : {"fid": 0, "fid1": 53, "zone": "Central Zone", "layer": "g_ward_boundary_new", "remarks": "", "ward_no": 5, "zone_id": 2, "no_of_sch": 0, "object_id": 0, "sector_no": "21", "vill_name": "", "ward_name": "Ward No - 5", "co1_f_path": "", "co2_f_path": "", "co3_f_path": "", "co4_f_path": "", "cor_1_cont": "", "cor_1_name": "", "cor_2_cont": "", "cor_2_name": "", "cor_3_cont": "", "cor_3_name": "", "cor_4_cont": "", "cor_4_name": "", "female_pop": 0, "govt_prima": 0, "male_popul": 0, "no_med_fac": 0, "no_of_inst": 0, "shape_area": 1325178.5, "shape_leng": 4849.5659999999998, "total_hous": 0, "total_popu": 0, "z_offi_con": "", "zo_officer": ""}, "geometry" : {"type":"Polygon","coordinates":[[[72.6584675384742,23.229556792052],[72.66356145169,23.2377174965128],[72.6706694511446,23.2339536398058],[72.6706496051155,23.2339225238999],[72.6706056030609,23.2338535329995],[72.6663972737162,23.2272550097929],[72.6660798247058,23.2267572306955],[72.6660308366561,23.2266804132705],[72.6658169048558,23.226344952766],[72.6656516098114,23.2260857581478],[72.6654726773283,23.2258051774898],[72.6627862255289,23.2215924408967],[72.6623305258467,23.2218193995299],[72.6619551909549,23.2220063316502],[72.6557651872416,23.2252270575842],[72.657583386693,23.2281402274405],[72.6579306328553,23.2286965798402],[72.658404319172,23.2294555040685],[72.6584675384742,23.229556792052]]]}}, {"type" : "Feature", "id" : 0, "properties" : {"fid": 0, "fid1": 54, "zone": "Central Zone", "layer": "g_ward_boundary_new", "remarks": "", "ward_no": 6, "zone_id": 2, "no_of_sch": 0, "object_id": 0, "sector_no": "17", "vill_name": "", "ward_name": "Ward No - 6", "co1_f_path": "", "co2_f_path": "", "co3_f_path": "", "co4_f_path": "", "cor_1_cont": "", "cor_1_name": "", "cor_2_cont": "", "cor_2_name": "", "cor_3_cont": "", "cor_3_name": "", "cor_4_cont": "", "cor_4_name": "", "female_pop": 0, "govt_prima": 0, "male_popul": 0, "no_med_fac": 0, "no_of_inst": 0, "shape_area": 792906.30000000005, "shape_leng": 3674.2260000000001, "total_hous": 0, "total_popu": 0, "z_offi_con": "", "zo_officer": ""}, "geometry" : {"type":"Polygon","coordinates":[[[72.6544061935731,23.2230495493094],[72.6522929130264,23.2241695939936],[72.6514512544694,23.2227835784883],[72.6465365866696,23.2254976901705],[72.6514446550623,23.2333035377556],[72.6582150611099,23.2296914994643],[72.6584675384742,23.229556792052],[72.658404319172,23.2294555040685],[72.6579306347613,23.228696582577],[72.657583386693,23.2281402274405],[72.6557651872416,23.2252270575842],[72.6544880571783,23.2231807222067],[72.6544061935731,23.2230495493094]]]}}, {"type" : "Feature", "id" : 0, "properties" : {"fid": 0, "fid1": 55, "zone": "Central Zone", "layer": "g_ward_boundary_new", "remarks": "", "ward_no": 6, "zone_id": 2, "no_of_sch": 0, "object_id": 0, "sector_no": "16", "vill_name": "", "ward_name": "Ward No - 6", "co1_f_path": "", "co2_f_path": "", "co3_f_path": "", "co4_f_path": "", "cor_1_cont": "", "cor_1_name": "", "cor_2_cont": "", "cor_2_name": "", "cor_3_cont": "", "cor_3_name": "", "cor_4_cont": "", "cor_4_name": "", "female_pop": 0, "govt_prima": 0, "male_popul": 0, "no_med_fac": 0, "no_of_inst": 0, "shape_area": 813258.19999999995, "shape_leng": 3626.9854, "total_hous": 0, "total_popu": 0, "z_offi_con": "", "zo_officer": ""}, "geometry" : {"type":"Polygon","coordinates":[[[72.6465365866696,23.2254976901705],[72.6396703310983,23.2291271687679],[72.6405157547085,23.2304870942848],[72.6445473984598,23.2369718806338],[72.6446235558785,23.2369313789348],[72.6514446550623,23.2333035377556],[72.6465365866696,23.2254976901705]]]}}, {"type" : "Feature", "id" : 0, "properties" : {"fid": 0, "fid1": 56, "zone": "Central Zone", "layer": "g_ward_boundary_new", "remarks": "", "ward_no": 5, "zone_id": 2, "no_of_sch": 0, "object_id": 0, "sector_no": "10", "vill_name": "", "ward_name": "Ward No - 5", "co1_f_path": "", "co2_f_path": "", "co3_f_path": "", "co4_f_path": "", "cor_1_cont": "", "cor_1_name": "", "cor_2_cont": "", "cor_2_name": "", "cor_3_cont": "", "cor_3_name": "", "cor_4_cont": "", "cor_4_name": "", "female_pop": 0, "govt_prima": 0, "male_popul": 0, "no_med_fac": 0, "no_of_inst": 0, "shape_area": 1304910.2, "shape_leng": 4831.3856999999998, "total_hous": 0, "total_popu": 0, "z_offi_con": "", "zo_officer": ""}, "geometry" : {"type":"Polygon","coordinates":[[[72.6627862255289,23.2215924408967],[72.6575602605521,23.2133965710339],[72.65482719469,23.2091098792139],[72.6542572947216,23.2094147665671],[72.6480259549106,23.2127481936868],[72.6479897789207,23.2127675445066],[72.6480977161826,23.212940523984],[72.6544061935731,23.2230495493094],[72.6544880571783,23.2231807222067],[72.6557651872416,23.2252270575842],[72.6619551909549,23.2220063316502],[72.6623305258467,23.2218193995299],[72.6627862255289,23.2215924408967]]]}}, {"type" : "Feature", "id" : 0, "properties" : {"fid": 0, "fid1": 57, "zone": "Central Zone", "layer": "g_ward_boundary_new", "remarks": "", "ward_no": 5, "zone_id": 2, "no_of_sch": 0, "object_id": 0, "sector_no": "19", "vill_name": "", "ward_name": "Ward No - 5", "co1_f_path": "", "co2_f_path": "", "co3_f_path": "", "co4_f_path": "", "cor_1_cont": "", "cor_1_name": "", "cor_2_cont": "", "cor_2_name": "", "cor_3_cont": "", "cor_3_name": "", "cor_4_cont": "", "cor_4_name": "", "female_pop": 0, "govt_prima": 0, "male_popul": 0, "no_med_fac": 0, "no_of_inst": 0, "shape_area": 503984.79999999999, "shape_leng": 2948.8833, "total_hous": 0, "total_popu": 0, "z_offi_con": "", "zo_officer": ""}, "geometry" : {"type":"Polygon","coordinates":[[[72.6627862255289,23.2215924408967],[72.6654726773283,23.2258051774898],[72.6654820106807,23.2258002090341],[72.6731057560446,23.2217412824079],[72.673074614352,23.2216463565177],[72.6730573182848,23.2215936340259],[72.6722247894396,23.2198646071327],[72.6717150321488,23.2188059012894],[72.6716594306495,23.2186904234564],[72.6713491389634,23.2180459767621],[72.6711729242309,23.2176799914339],[72.671066407042,23.2174587621757],[72.6709815233421,23.2172824627087],[72.6708262611323,23.2173641232922],[72.6704127462262,23.2175816112347],[72.6627862255289,23.2215924408967]]]}}, {"type" : "Feature", "id" : 0, "properties" : {"fid": 0, "fid1": 58, "zone": "Central Zone", "layer": "g_ward_boundary_new", "remarks": "", "ward_no": 5, "zone_id": 2, "no_of_sch": 0, "object_id": 0, "sector_no": "9", "vill_name": "", "ward_name": "Ward No - 5", "co1_f_path": "", "co2_f_path": "", "co3_f_path": "", "co4_f_path": "", "cor_1_cont": "", "cor_1_name": "", "cor_2_cont": "", "cor_2_name": "", "cor_3_cont": "", "cor_3_name": "", "cor_4_cont": "", "cor_4_name": "", "female_pop": 0, "govt_prima": 0, "male_popul": 0, "no_med_fac": 0, "no_of_inst": 0, "shape_area": 595813.40000000002, "shape_leng": 3118.3800999999999, "total_hous": 0, "total_popu": 0, "z_offi_con": "", "zo_officer": ""}, "geometry" : {"type":"Polygon","coordinates":[[[72.6652480346216,23.2093256316713],[72.6645179967825,23.208496624305],[72.6639233961903,23.2079573985907],[72.6620226276268,23.2062691147182],[72.6612252801423,23.2056099055155],[72.6597557786152,23.2044049997206],[72.6586732719675,23.2035622540514],[72.6586042793156,23.2036720469389],[72.6562355545434,23.2070823445966],[72.65482719469,23.2091098792139],[72.6575602605521,23.2133965710339],[72.664300059491,23.2098598166017],[72.6646331117084,23.2096850325778],[72.6651988161793,23.2093881508787],[72.6652480346216,23.2093256316713]]]}}, {"type" : "Feature", "id" : 0, "properties" : {"fid": 0, "fid1": 59, "zone": "Central Zone", "layer": "g_ward_boundary_new", "remarks": "", "ward_no": 4, "zone_id": 2, "no_of_sch": 0, "object_id": 0, "sector_no": "Dholakuva", "vill_name": "", "ward_name": "Ward No - 4", "co1_f_path": "", "co2_f_path": "", "co3_f_path": "", "co4_f_path": "", "cor_1_cont": "", "cor_1_name": "", "cor_2_cont": "", "cor_2_name": "", "cor_3_cont": "", "cor_3_name": "", "cor_4_cont": "", "cor_4_name": "", "female_pop": 0, "govt_prima": 0, "male_popul": 0, "no_med_fac": 0, "no_of_inst": 0, "shape_area": 1724368, "shape_leng": 6309.2020000000002, "total_hous": 0, "total_popu": 0, "z_offi_con": "", "zo_officer": ""}, "geometry" : {"type":"Polygon","coordinates":[[[72.656418826154,23.1857522581412],[72.656143679889,23.1857243876817],[72.6561669922438,23.1858175011438],[72.6557959804769,23.1857526325025],[72.6556709723966,23.1857307683169],[72.654925906635,23.1861925246535],[72.655762667725,23.1870485255585],[72.6546777686874,23.187177531018],[72.6539493199445,23.1868614473772],[72.6532101380066,23.1865408029423],[72.652794000014,23.186360374012],[72.6526592281024,23.1863019429255],[72.6521064358538,23.1860622802142],[72.6517148896766,23.1858925363801],[72.6515569930784,23.1858240857786],[72.6514469013899,23.1857763609471],[72.6514456384893,23.1857758139588],[72.6513292362926,23.1857253541683],[72.6512113832601,23.1856742659579],[72.6505973261086,23.1856737740949],[72.6497262002335,23.1856730726073],[72.6493465996954,23.1856727649034],[72.6492610785452,23.1856942276092],[72.6491007935947,23.1856889698323],[72.6488733134651,23.1856221870453],[72.6485198794433,23.1855187204962],[72.6482519076759,23.1854488363151],[72.6474765263024,23.1852466550167],[72.6468672414609,23.1850878139424],[72.6463663936136,23.1850582190333],[72.6463219957449,23.1850555966826],[72.6454749677868,23.1851343902373],[72.6450752091051,23.1851715859428],[72.6445684548997,23.1852131652091],[72.6439915968283,23.185151139342],[72.6438517245097,23.1851361004491],[72.6426290182745,23.1848281435126],[72.6424740177698,23.1847342976954],[72.6418449286558,23.1846563037378],[72.6417898614539,23.1859414668819],[72.6417988964191,23.18686601798],[72.6424214787397,23.1870114775476],[72.6431275090697,23.1871764303666],[72.6437383487989,23.1878087728918],[72.6442940215545,23.1883484380344],[72.6446791708581,23.188889658833],[72.6446933811222,23.18954895655],[72.6446730050577,23.1898430188504],[72.6446375473737,23.1901802245806],[72.6447426685859,23.1906236606373],[72.6446464629399,23.191090440101],[72.6455700095005,23.1911966717532],[72.6454178375202,23.1922803863902],[72.6452537664314,23.1929413142561],[72.6447753894676,23.1939635033956],[72.6442812911082,23.1949643314704],[72.6438864847715,23.195813730003],[72.643417418074,23.1962050735745],[72.6432600320489,23.1967584232153],[72.6472170857786,23.1978833712073],[72.6482823270135,23.1982033175288],[72.6490140309306,23.1985048139883],[72.6516214261004,23.1995488475616],[72.6519184095896,23.1997035886865],[72.6523105769936,23.1999079226138],[72.6523470047625,23.1998484314574],[72.6523485490348,23.1998488129218],[72.6540687181348,23.197249694838],[72.6540683104004,23.1972475960737],[72.65378065739,23.1957654804684],[72.6551953078917,23.195251445665],[72.6550495741368,23.1941218273076],[72.6564588147462,23.1936354048566],[72.6578193310044,23.1915794738122],[72.6573866247897,23.1897791124826],[72.6569498513687,23.1879617939362],[72.6567244580205,23.1870239653092],[72.6565591002649,23.1863359305251],[72.6564647985851,23.1859435481162],[72.656418826154,23.1857522581412]]]}}, {"type" : "Feature", "id" : 0, "properties" : {"fid": 0, "fid1": 60, "zone": "South Zone", "layer": "g_ward_boundary_new", "remarks": "", "ward_no": 10, "zone_id": 3, "no_of_sch": 0, "object_id": 0, "sector_no": "1", "vill_name": "", "ward_name": "Ward No - 10", "co1_f_path": "", "co2_f_path": "", "co3_f_path": "", "co4_f_path": "", "cor_1_cont": "", "cor_1_name": "", "cor_2_cont": "", "cor_2_name": "", "cor_3_cont": "", "cor_3_name": "", "cor_4_cont": "", "cor_4_name": "", "female_pop": 0, "govt_prima": 0, "male_popul": 0, "no_med_fac": 0, "no_of_inst": 0, "shape_area": 617610.90000000002, "shape_leng": 3440.4702000000002, "total_hous": 0, "total_popu": 0, "z_offi_con": "", "zo_officer": ""}, "geometry" : {"type":"Polygon","coordinates":[[[72.6519184095896,23.1997035886865],[72.6516214261004,23.1995488475616],[72.6490140309306,23.1985048139883],[72.6482823270135,23.1982033175288],[72.6472170857786,23.1978833712073],[72.6433223645199,23.1967761446913],[72.6429997918939,23.1967023210818],[72.6425839789054,23.1966071574622],[72.6400786187965,23.1960337535938],[72.6399665899789,23.1960081124757],[72.6396694951419,23.1959401129157],[72.6396515494493,23.1959456286676],[72.6395423679797,23.1959791880174],[72.6395389842625,23.1959802278026],[72.6395595013777,23.1962170911085],[72.639748081644,23.1975342275033],[72.6405621657469,23.2004512205339],[72.6410793704068,23.2015455459162],[72.6412492313248,23.2020027274713],[72.6420681603404,23.203294990015],[72.6423716927331,23.2038042457587],[72.6427720674432,23.2045229243407],[72.6428204346935,23.2046007062723],[72.6430721647631,23.2044679536807],[72.6439657079469,23.2039967264755],[72.6468109810045,23.2024961606636],[72.6510811940753,23.2001725341478],[72.6513868620246,23.2000061979027],[72.6518356831677,23.1997619595681],[72.6519184095896,23.1997035886865]]]}}, {"type" : "Feature", "id" : 0, "properties" : {"fid": 0, "fid1": 61, "zone": "South Zone", "layer": "g_ward_boundary_new", "remarks": "", "ward_no": 10, "zone_id": 3, "no_of_sch": 0, "object_id": 0, "sector_no": "7", "vill_name": "", "ward_name": "Ward No - 10", "co1_f_path": "", "co2_f_path": "", "co3_f_path": "", "co4_f_path": "", "cor_1_cont": "", "cor_1_name": "", "cor_2_cont": "", "cor_2_name": "", "cor_3_cont": "", "cor_3_name": "", "cor_4_cont": "", "cor_4_name": "", "female_pop": 0, "govt_prima": 0, "male_popul": 0, "no_med_fac": 0, "no_of_inst": 0, "shape_area": 866679, "shape_leng": 3751.8618000000001, "total_hous": 0, "total_popu": 0, "z_offi_con": "", "zo_officer": ""}, "geometry" : {"type":"Polygon","coordinates":[[[72.6479897789207,23.2127675445066],[72.6428204346935,23.2046007062723],[72.6410763430034,23.2055619844874],[72.6373805435585,23.20752633618],[72.6359010438655,23.2083126620091],[72.6409130172263,23.2165527001998],[72.6479897789207,23.2127675445066]]]}}, {"type" : "Feature", "id" : 0, "properties" : {"fid": 0, "fid1": 62, "zone": "Central Zone", "layer": "g_ward_boundary_new", "remarks": "", "ward_no": 4, "zone_id": 2, "no_of_sch": 0, "object_id": 0, "sector_no": "Basan", "vill_name": "", "ward_name": "Ward No - 4", "co1_f_path": "", "co2_f_path": "", "co3_f_path": "", "co4_f_path": "", "cor_1_cont": "", "cor_1_name": "", "cor_2_cont": "", "cor_2_name": "", "cor_3_cont": "", "cor_3_name": "", "cor_4_cont": "", "cor_4_name": "", "female_pop": 0, "govt_prima": 0, "male_popul": 0, "no_med_fac": 0, "no_of_inst": 0, "shape_area": 3941634.2000000002, "shape_leng": 12210.798000000001, "total_hous": 0, "total_popu": 0, "z_offi_con": "", "zo_officer": ""}, "geometry" : {"type":"Polygon","coordinates":[[[72.6751325707318,23.1862126151711],[72.6746911499888,23.1862666725689],[72.6731481822531,23.1864556155376],[72.6720182034842,23.1866075575145],[72.6704893168698,23.1867970794304],[72.6685977380628,23.1870727569622],[72.667790256554,23.1871904329433],[72.6668475248076,23.1873278131129],[72.6668481834118,23.1873355003182],[72.6646144262854,23.1876066865721],[72.6639839698291,23.1876505608244],[72.6639432324336,23.1876533964877],[72.6636559372437,23.1876733901946],[72.6631044677551,23.1877424493168],[72.6628403869401,23.1877686590717],[72.6622926930914,23.1878230141935],[72.6618607503951,23.1878658807077],[72.6611180507035,23.1879473631109],[72.6611181373792,23.187948050528],[72.6606947452294,23.1879959593614],[72.6596349134429,23.1881100854227],[72.6595382349363,23.1872444898222],[72.6594695444511,23.1867785539475],[72.6594013679554,23.1863644536352],[72.6593936272985,23.1862619284635],[72.6593895841381,23.1862083647776],[72.6593778066017,23.1860523644862],[72.6593645300938,23.1858765028637],[72.6593626129734,23.1858510975384],[72.6593460558131,23.1856317822899],[72.6592875073257,23.1856233547882],[72.6580452574138,23.1854445505398],[72.6574745815056,23.1853624060527],[72.6572965864008,23.1853367849138],[72.6571959438386,23.1853222977041],[72.6571959705098,23.1853207669542],[72.6571908483744,23.1854344930089],[72.6571888925539,23.1855469111105],[72.6571861266319,23.1857059340749],[72.6571839720159,23.1858297596884],[72.656418826154,23.1857522581412],[72.6564647985851,23.1859435481162],[72.6565591002649,23.1863359305251],[72.6567244580205,23.1870239653092],[72.6569498513687,23.1879617939362],[72.6573866247897,23.1897791124826],[72.6578193310044,23.1915794738122],[72.6564588147462,23.1936354048566],[72.6550495741368,23.1941218273076],[72.6551953078917,23.195251445665],[72.65378065739,23.1957654804684],[72.6540683104004,23.1972475960737],[72.6540687181348,23.197249694838],[72.6523485490348,23.1998488129218],[72.6523470047625,23.1998484314574],[72.6523105769936,23.1999079226138],[72.6555957231053,23.2016195510816],[72.6563369834398,23.2021001168442],[72.65789619921,23.203067291583],[72.6585913819438,23.2034985014359],[72.6597557786152,23.2044049997206],[72.6612252801423,23.2056099055155],[72.6620226276268,23.2062691147182],[72.662809200374,23.2069677641716],[72.662997371262,23.2065020201688],[72.6637178843336,23.2047186294157],[72.663880780587,23.2043154244149],[72.6638143666129,23.2042423228578],[72.6617174236452,23.2019341783052],[72.6611421477439,23.2013009433562],[72.6614637938758,23.201146209697],[72.6653310827069,23.1992857029214],[72.6657239226386,23.199096703706],[72.6659108552313,23.1990067687396],[72.6654023805364,23.1983056898384],[72.6633365836128,23.1954573059483],[72.6634602833781,23.1950291748584],[72.6673170308668,23.1939038339192],[72.6682095250354,23.1938453636029],[72.6691206961196,23.1971910432874],[72.6706261872557,23.1997930582929],[72.6719087153671,23.1995970054936],[72.6723920819352,23.2007865383184],[72.6734954994965,23.2019852154598],[72.67536164405,23.2027572746317],[72.6753814114697,23.2027654519746],[72.6757794413504,23.2021621993732],[72.675933675341,23.2021494861409],[72.6765169807613,23.2021014029019],[72.6771819507792,23.2017528899262],[72.6789769135813,23.2010626967176],[72.6793920932115,23.2017137519416],[72.6802083680654,23.2015824340076],[72.6819349967607,23.2026110667368],[72.6842953329745,23.2011419325791],[72.6847733378068,23.2008444019064],[72.6842787431486,23.1999778159213],[72.6821394226843,23.1962293462418],[72.6806520908829,23.1934930199124],[72.6796407429394,23.1923033305871],[72.6781267811814,23.1905861967463],[72.6779591659134,23.1903960839199],[72.6776477992649,23.1900429242008],[72.6776134474047,23.1899795473333],[72.6751325707318,23.1862126151711]]]}}, {"type" : "Feature", "id" : 0, "properties" : {"fid": 0, "fid1": 63, "zone": "Central Zone", "layer": "g_ward_boundary_new", "remarks": "", "ward_no": 4, "zone_id": 2, "no_of_sch": 0, "object_id": 0, "sector_no": "", "vill_name": "", "ward_name": "Ward No - 4", "co1_f_path": "", "co2_f_path": "", "co3_f_path": "", "co4_f_path": "", "cor_1_cont": "", "cor_1_name": "", "cor_2_cont": "", "cor_2_name": "", "cor_3_cont": "", "cor_3_name": "", "cor_4_cont": "", "cor_4_name": "", "female_pop": 0, "govt_prima": 0, "male_popul": 0, "no_med_fac": 0, "no_of_inst": 0, "shape_area": 1330413.8, "shape_leng": 6259.2227000000003, "total_hous": 0, "total_popu": 0, "z_offi_con": "", "zo_officer": ""}, "geometry" : {"type":"Polygon","coordinates":[[[72.6842953329745,23.2011419325791],[72.6847794366789,23.2008550879794],[72.685262805597,23.2017019941492],[72.6868809238683,23.2040575156572],[72.6869038805401,23.2039063897735],[72.6869476062165,23.2036185263886],[72.6869674495723,23.2034879008417],[72.6869674140568,23.2034873541188],[72.6869672983261,23.2034855666571],[72.6869581988156,23.2033438892637],[72.6869513816016,23.2032377394382],[72.6869288903597,23.2028875938739],[72.6869271251239,23.2028600998955],[72.686928433625,23.2028339069424],[72.6869285668526,23.2028312176239],[72.6869467915539,23.2024663575169],[72.686960909187,23.2021836947586],[72.6869663144527,23.2020754929664],[72.6869667032647,23.2020677155552],[72.6869836275305,23.2017288426365],[72.6869418190096,23.201331786322],[72.6869412749066,23.2013266286862],[72.6869397960238,23.2013125691287],[72.6869302564336,23.2012219825199],[72.6868623862426,23.2005774011003],[72.6868370158348,23.2003364631503],[72.68683329713,23.2003011464665],[72.6868408544885,23.1998455864602],[72.6868441666793,23.1996458648145],[72.6868447405262,23.1996112820586],[72.6868472823842,23.1994580655022],[72.6868486274883,23.1993769776637],[72.6868545684919,23.1990188658087],[72.686854696031,23.1990112299045],[72.6868571302601,23.1988644876162],[72.6868571327174,23.1988642881312],[72.6868577445292,23.1988274416805],[72.6868661924516,23.1983181792433],[72.6868755091406,23.1977566152646],[72.6868992255921,23.1976473799837],[72.6869147580839,23.1975758484989],[72.6869167799384,23.1975665332389],[72.6869375260893,23.1974709842097],[72.6870053480775,23.1971586204752],[72.6870015367135,23.1967817472964],[72.6869996885731,23.1967537898467],[72.6869547565706,23.1960739297271],[72.6869541590453,23.1960648964383],[72.6869455527182,23.1959346702545],[72.6869185966317,23.195526816142],[72.6868951239194,23.1951716435339],[72.6868812119183,23.1949611552248],[72.6868142796989,23.1948294519023],[72.6867203448571,23.1946446154993],[72.686499944375,23.1942109269313],[72.6864642186379,23.1940058975528],[72.6864131294903,23.1937127020546],[72.6863512795002,23.1933577485478],[72.6863196319778,23.1931761249306],[72.6862677955309,23.1927991673195],[72.6862111262889,23.1923870716113],[72.6861852590611,23.1921989596338],[72.6864285819231,23.1922254809494],[72.686515046475,23.1922246671858],[72.6865957929726,23.1922239065046],[72.6867913785,23.1922220657331],[72.6869718171424,23.1922203658174],[72.6869937243732,23.1922164700244],[72.6871582377118,23.1921872148276],[72.6871861903441,23.1921959127416],[72.6869428396867,23.191827401733],[72.6860009065154,23.1904010030192],[72.6859806932125,23.1903703919796],[72.6859804419475,23.1903700109082],[72.685916930463,23.190273832735],[72.6858386067432,23.1901515087995],[72.6855717844544,23.1897347891463],[72.6855552326367,23.1897080914506],[72.6853190898583,23.1893268275303],[72.6852018313241,23.1891375088273],[72.6847902992283,23.18847306519],[72.6844447781406,23.1879151932033],[72.6844387056213,23.1879053886742],[72.6843838563084,23.1878168299297],[72.6843777629088,23.1878069907847],[72.6842099962914,23.1875361147336],[72.6840346765709,23.1872530414215],[72.6839811779314,23.1871666628748],[72.6839229589817,23.1870726628103],[72.6831002544093,23.1857442964668],[72.6830934533132,23.1857333156388],[72.6830649453799,23.1856872858296],[72.6826594934033,23.185032614447],[72.6820408455305,23.1840336899928],[72.6818576589972,23.1837378992324],[72.6818512989186,23.1837276317596],[72.681696585106,23.1834778107298],[72.6816959219109,23.1834767410591],[72.6816954695708,23.1834758460291],[72.6812789378339,23.1827418673324],[72.6806550016288,23.1827063021761],[72.6806434877108,23.1827056458406],[72.6793176010946,23.182630063104],[72.6787055997545,23.1826018634864],[72.6785621759652,23.1825952542346],[72.6773800965935,23.1827975586489],[72.6773004306197,23.1828111914136],[72.6771111236672,23.1828435900406],[72.6771086868223,23.1828440063721],[72.6770374773078,23.1828561929571],[72.6766378715391,23.182920519561],[72.6766371948885,23.1829206269346],[72.6766291021687,23.1829219302613],[72.6754927324622,23.1831048499985],[72.6752492223335,23.1830994602358],[72.6747225001851,23.1830878012482],[72.6746851517082,23.1830869739364],[72.6744953499788,23.1830827712634],[72.6744917468223,23.1830826403678],[72.6736080142222,23.1830659083225],[72.6738496578879,23.1834014438625],[72.674049427972,23.1836788332444],[72.6745174704176,23.1847248723612],[72.6748577203176,23.1854852931477],[72.6749607989177,23.1857156608826],[72.6750533095926,23.1859224093492],[72.6751790157238,23.1862033417313],[72.6751813610626,23.1862066400356],[72.6751325707318,23.1862126151711],[72.6776134474047,23.1899795473333],[72.6776477992649,23.1900429242008],[72.6779591659134,23.1903960839199],[72.6781267811814,23.1905861967463],[72.6796407429394,23.1923033305871],[72.6806520908829,23.1934930199124],[72.6821394226843,23.1962293462418],[72.6841018223484,23.1996678282188],[72.6842787431486,23.1999778159213],[72.6847733378068,23.2008444019064],[72.6842953329745,23.2011419325791]]]}}, {"type" : "Feature", "id" : 0, "properties" : {"fid": 0, "fid1": 64, "zone": "Central Zone", "layer": "g_ward_boundary_new", "remarks": "", "ward_no": 4, "zone_id": 2, "no_of_sch": 0, "object_id": 0, "sector_no": "Basan", "vill_name": "", "ward_name": "Ward No - 4", "co1_f_path": "", "co2_f_path": "", "co3_f_path": "", "co4_f_path": "", "cor_1_cont": "", "cor_1_name": "", "cor_2_cont": "", "cor_2_name": "", "cor_3_cont": "", "cor_3_name": "", "cor_4_cont": "", "cor_4_name": "", "female_pop": 0, "govt_prima": 0, "male_popul": 0, "no_med_fac": 0, "no_of_inst": 0, "shape_area": 3831238, "shape_leng": 11013.933000000001, "total_hous": 0, "total_popu": 0, "z_offi_con": "", "zo_officer": ""}, "geometry" : {"type":"Polygon","coordinates":[[[72.6829182676494,23.2206628880346],[72.6824731578061,23.2197230956202],[72.6803516467149,23.2168493525898],[72.6783622903066,23.2148103328752],[72.6782945668714,23.2147409170218],[72.6804059974242,23.2121291319036],[72.6805655328897,23.2119317842201],[72.6815613659562,23.209629388079],[72.682218573033,23.2086050264501],[72.6835206649632,23.2080269786101],[72.6877738751406,23.2062489629928],[72.6881999719796,23.2060708270653],[72.6882587865813,23.2060462389105],[72.6882647017721,23.2060444137309],[72.6882481431637,23.2060222355695],[72.688231923474,23.2060005119898],[72.688160169872,23.2059044090138],[72.6880831138865,23.2058012041743],[72.6877865214356,23.2054039566064],[72.6876833146926,23.2052657243738],[72.6876413602415,23.2052099790278],[72.6875540408596,23.205094907256],[72.6875486027977,23.2050877411151],[72.6873654722263,23.2048464049892],[72.6872633109334,23.2047117738691],[72.6871903483962,23.2046156211464],[72.6871515536049,23.2045644940018],[72.687119254045,23.2045219289509],[72.6870769771601,23.2044662166552],[72.6870142949447,23.2043836109922],[72.6869624582419,23.2043152974504],[72.6869533328103,23.2043032731936],[72.6869116463027,23.204248336935],[72.6868320800525,23.204237479246],[72.6868324767845,23.2042362771223],[72.6868342202008,23.2042310023711],[72.6868366159235,23.2042237501307],[72.6868537155994,23.204171992593],[72.6868718919358,23.204116981815],[72.6868789641536,23.2040704177809],[72.6868790347127,23.2040699502603],[72.6868809238683,23.2040575156572],[72.685262805597,23.2017019941492],[72.6847794366789,23.2008550879794],[72.6842953329745,23.2011419325791],[72.6819349967607,23.2026110667368],[72.6802083680654,23.2015824340076],[72.6793920932115,23.2017137519416],[72.6789769135813,23.2010626967176],[72.6771819507792,23.2017528899262],[72.6765169807613,23.2021014029019],[72.675933675341,23.2021494861409],[72.6757794413504,23.2021621993732],[72.6753814114697,23.2027654519746],[72.67536164405,23.2027572746317],[72.6734954994965,23.2019852154598],[72.6723920819352,23.2007865383184],[72.6719087153671,23.1995970054936],[72.6706261872557,23.1997930582929],[72.6691206961196,23.1971910432874],[72.6682095250354,23.1938453636029],[72.6673170308668,23.1939038339192],[72.6634602833781,23.1950291748584],[72.6633365836128,23.1954573059483],[72.6654023805364,23.1983056898384],[72.6659108552313,23.1990067687396],[72.6657239226386,23.199096703706],[72.6653310827069,23.1992857029214],[72.6614637938758,23.201146209697],[72.6611421477439,23.2013009433562],[72.6617174236452,23.2019341783052],[72.6638143666129,23.2042423228578],[72.663880780587,23.2043154244149],[72.6637178843336,23.2047186294157],[72.662997371262,23.2065020201688],[72.662809200374,23.2069677641716],[72.6639233981119,23.2079574004249],[72.6645179967825,23.208496624305],[72.6652480346216,23.2093256316713],[72.6659918052508,23.21017022017],[72.6661129336247,23.2102896796532],[72.6662117113622,23.2104225731435],[72.6674197631673,23.2118169616818],[72.668362807081,23.2130840293021],[72.6690854273682,23.2140162643203],[72.6698346835208,23.2152851264541],[72.6705765580143,23.2165898900431],[72.6707503685521,23.2169172752561],[72.6708694787457,23.2171054501312],[72.6709815233421,23.2172824627087],[72.671066407042,23.2174587621757],[72.6711729242309,23.2176799914339],[72.6713491389634,23.2180459767621],[72.6716594306495,23.2186904234564],[72.6717150321488,23.2188059012894],[72.6722247894396,23.2198646071327],[72.6723720846124,23.2197875932127],[72.673420716995,23.219130427556],[72.6746179720951,23.2192436362372],[72.6763030427763,23.2204437131339],[72.6788517038921,23.2195257754465],[72.6799021749207,23.2221592442985],[72.6809897702587,23.2218886015025],[72.6816777364309,23.2211104491586],[72.6829182676494,23.2206628880346]]]}}, {"type" : "Feature", "id" : 0, "properties" : {"fid": 0, "fid1": 65, "zone": "Central Zone", "layer": "g_ward_boundary_new", "remarks": "", "ward_no": 5, "zone_id": 2, "no_of_sch": 0, "object_id": 0, "sector_no": "22", "vill_name": "", "ward_name": "Ward No - 5", "co1_f_path": "", "co2_f_path": "", "co3_f_path": "", "co4_f_path": "", "cor_1_cont": "", "cor_1_name": "", "cor_2_cont": "", "cor_2_name": "", "cor_3_cont": "", "cor_3_name": "", "cor_4_cont": "", "cor_4_name": "", "female_pop": 0, "govt_prima": 0, "male_popul": 0, "no_med_fac": 0, "no_of_inst": 0, "shape_area": 866958.06000000006, "shape_leng": 3749.8537999999999, "total_hous": 0, "total_popu": 0, "z_offi_con": "", "zo_officer": ""}, "geometry" : {"type":"Polygon","coordinates":[[[72.66356145169,23.2377174965128],[72.6584675384742,23.229556792052],[72.6514446550623,23.2333035377556],[72.6565938545562,23.2414918299385],[72.6566233430276,23.2414758571967],[72.66356145169,23.2377174965128]]]}}, {"type" : "Feature", "id" : 0, "properties" : {"fid": 0, "fid1": 66, "zone": "North Zone", "layer": "g_ward_boundary_new", "remarks": "", "ward_no": 3, "zone_id": 1, "no_of_sch": 0, "object_id": 0, "sector_no": "28", "vill_name": "", "ward_name": "Ward No - 3", "co1_f_path": "", "co2_f_path": "", "co3_f_path": "", "co4_f_path": "", "cor_1_cont": "", "cor_1_name": "", "cor_2_cont": "", "cor_2_name": "", "cor_3_cont": "", "cor_3_name": "", "cor_4_cont": "", "cor_4_name": "", "female_pop": 0, "govt_prima": 0, "male_popul": 0, "no_med_fac": 0, "no_of_inst": 0, "shape_area": 901977.30000000005, "shape_leng": 3830.6379999999999, "total_hous": 0, "total_popu": 0, "z_offi_con": "", "zo_officer": ""}, "geometry" : {"type":"Polygon","coordinates":[[[72.6496698587349,23.2452102447476],[72.649669918592,23.2452103413393],[72.6532888654103,23.25102997503],[72.6537319626672,23.2517424840761],[72.6547866817484,23.2534384584374],[72.6548980601021,23.2536461069055],[72.6558202333409,23.2531734954737],[72.6563256063586,23.2529143630647],[72.6566156758926,23.252765608835],[72.6598847763649,23.2510883244576],[72.6600122476994,23.2510228959682],[72.6617334705176,23.2501391489022],[72.6617961126258,23.2501074088379],[72.6619369419327,23.2500360521365],[72.6620455609838,23.2499782703382],[72.6618275043425,23.2495762132253],[72.6618012536681,23.2495278125344],[72.6611209064762,23.2484723288311],[72.6604464206998,23.2474259192301],[72.6590443926557,23.2452527740201],[72.6579978063203,23.2435951180725],[72.6576113421709,23.2429992425274],[72.6566233430276,23.2414758571967],[72.6565938545562,23.2414918299385],[72.6557467407353,23.2419467863268],[72.6496698587349,23.2452102447476]]]}}, {"type" : "Feature", "id" : 0, "properties" : {"fid": 0, "fid1": 67, "zone": "North Zone", "layer": "g_ward_boundary_new", "remarks": "", "ward_no": 3, "zone_id": 1, "no_of_sch": 0, "object_id": 0, "sector_no": "24", "vill_name": "", "ward_name": "Ward No - 3", "co1_f_path": "", "co2_f_path": "", "co3_f_path": "", "co4_f_path": "", "cor_1_cont": "", "cor_1_name": "", "cor_2_cont": "", "cor_2_name": "", "cor_3_cont": "", "cor_3_name": "", "cor_4_cont": "", "cor_4_name": "", "female_pop": 0, "govt_prima": 0, "male_popul": 0, "no_med_fac": 0, "no_of_inst": 0, "shape_area": 818099.43999999994, "shape_leng": 3657.7692999999999, "total_hous": 0, "total_popu": 0, "z_offi_con": "", "zo_officer": ""}, "geometry" : {"type":"Polygon","coordinates":[[[72.649669918592,23.2452103413393],[72.6496698587349,23.2452102447476],[72.6491871480774,23.2444339563005],[72.6488188998573,23.2438417377865],[72.6480061693718,23.2425346802533],[72.6445473984598,23.2369718806338],[72.6379916214261,23.2405728503341],[72.6428529700744,23.2483692130184],[72.643067373469,23.248713038799],[72.6430882279659,23.2487464814352],[72.649669918592,23.2452103413393]]]}}, {"type" : "Feature", "id" : 0, "properties" : {"fid": 0, "fid1": 68, "zone": "North Zone", "layer": "g_ward_boundary_new", "remarks": "", "ward_no": 1, "zone_id": 1, "no_of_sch": 0, "object_id": 0, "sector_no": "26", "vill_name": "", "ward_name": "Ward No - 1", "co1_f_path": "", "co2_f_path": "", "co3_f_path": "", "co4_f_path": "", "cor_1_cont": "", "cor_1_name": "", "cor_2_cont": "", "cor_2_name": "", "cor_3_cont": "", "cor_3_name": "", "cor_4_cont": "", "cor_4_name": "", "female_pop": 0, "govt_prima": 0, "male_popul": 0, "no_med_fac": 0, "no_of_inst": 0, "shape_area": 860535.25, "shape_leng": 3741.2206999999999, "total_hous": 0, "total_popu": 0, "z_offi_con": "", "zo_officer": ""}, "geometry" : {"type":"Polygon","coordinates":[[[72.6444062523828,23.2508600759004],[72.6435221514705,23.2495236291803],[72.6432406811503,23.2490219424537],[72.6430866202559,23.2487473447391],[72.6430708508059,23.248755817185],[72.6421923855661,23.2492301142379],[72.6362993313233,23.2524116416616],[72.6407641890402,23.2599234504714],[72.6408802828859,23.2601169172792],[72.6409057091507,23.2601539678863],[72.6409492740749,23.2602174412027],[72.6409991960544,23.2603041087112],[72.6410479256236,23.2603886909073],[72.6411280130049,23.2605276162896],[72.6412113024321,23.2606720949481],[72.6413888901778,23.2605840729793],[72.6415111415447,23.2605234790695],[72.6419425479838,23.2603095865048],[72.6420900323619,23.2602364469685],[72.6424770613146,23.2600334913606],[72.642551796185,23.2599942992141],[72.6450323022816,23.2587081922749],[72.6452657106758,23.258587160354],[72.6457279686494,23.2583474591043],[72.6460602852041,23.2581751389063],[72.6477280405804,23.2573170973879],[72.6480044547844,23.2571748824663],[72.6483062143904,23.257020440237],[72.6482089693269,23.2568633172168],[72.6455619810337,23.2526688911804],[72.6450220697784,23.2518133117853],[72.6446179714043,23.2511801164195],[72.6444062523828,23.2508600759004]]]}}, {"type" : "Feature", "id" : 0, "properties" : {"fid": 0, "fid1": 69, "zone": "North Zone", "layer": "g_ward_boundary_new", "remarks": "", "ward_no": 1, "zone_id": 1, "no_of_sch": 0, "object_id": 0, "sector_no": "Adivada", "vill_name": "PETHAPUR", "ward_name": "Ward No - 1", "co1_f_path": "", "co2_f_path": "", "co3_f_path": "", "co4_f_path": "", "cor_1_cont": "", "cor_1_name": "", "cor_2_cont": "", "cor_2_name": "", "cor_3_cont": "", "cor_3_name": "", "cor_4_cont": "", "cor_4_name": "", "female_pop": 0, "govt_prima": 0, "male_popul": 0, "no_med_fac": 0, "no_of_inst": 0, "shape_area": 201268.62, "shape_leng": 3129.4845999999998, "total_hous": 0, "total_popu": 0, "z_offi_con": "", "zo_officer": ""}, "geometry" : {"type":"Polygon","coordinates":[[[72.6489566710453,23.25973031818],[72.6489243763844,23.2597202774765],[72.6486312828737,23.2590993869592],[72.6484884367664,23.2587709890793],[72.652087945967,23.2580569539434],[72.6539080307437,23.2577964814035],[72.6532920632973,23.2566840115264],[72.6525351680305,23.2570063626553],[72.6515223881823,23.2553746353306],[72.6497431338102,23.2562851146739],[72.6487648839704,23.2567856895828],[72.6483062143904,23.257020440237],[72.6480044547844,23.2571748824663],[72.6460602852041,23.2581751389063],[72.6457279686494,23.2583474591043],[72.6452657106758,23.258587160354],[72.6450323022816,23.2587081922749],[72.642551796185,23.2599942992141],[72.6424770613146,23.2600334913606],[72.6420900323619,23.2602364469685],[72.6419425479838,23.2603095865048],[72.6415111385824,23.2605234808305],[72.6413888901778,23.2605840729793],[72.6414244737113,23.2606417088965],[72.6415066634545,23.2605950260785],[72.6415135275623,23.2605962477844],[72.6442201135198,23.2593468878551],[72.6449008750702,23.259294042501],[72.6464205585921,23.2599000561857],[72.647661638551,23.2598169976093],[72.6489566710453,23.25973031818]]]}}, {"type" : "Feature", "id" : 0, "properties" : {"fid": 0, "fid1": 70, "zone": "North Zone", "layer": "g_ward_boundary_new", "remarks": "", "ward_no": 2, "zone_id": 1, "no_of_sch": 0, "object_id": 0, "sector_no": "Adivada", "vill_name": "PETHAPUR", "ward_name": "Ward No - 2", "co1_f_path": "", "co2_f_path": "", "co3_f_path": "", "co4_f_path": "", "cor_1_cont": "", "cor_1_name": "", "cor_2_cont": "", "cor_2_name": "", "cor_3_cont": "", "cor_3_name": "", "cor_4_cont": "", "cor_4_name": "", "female_pop": 0, "govt_prima": 0, "male_popul": 0, "no_med_fac": 0, "no_of_inst": 0, "shape_area": 871304.5, "shape_leng": 4827.6239999999998, "total_hous": 0, "total_popu": 0, "z_offi_con": "", "zo_officer": ""}, "geometry" : {"type":"Polygon","coordinates":[[[72.6632682086793,23.2563363943679],[72.663156110922,23.2557579767644],[72.6630604863341,23.2552645542403],[72.6626801302352,23.2528956068807],[72.6622918224142,23.2505052263963],[72.6621725745291,23.2502124599686],[72.6620455609838,23.2499782703382],[72.6619369419327,23.2500360521365],[72.6617961126258,23.2501074088379],[72.6617334705176,23.2501391489022],[72.6600122476994,23.2510228959682],[72.6598847763649,23.2510883244576],[72.6566156758926,23.252765608835],[72.6563256063586,23.2529143630647],[72.6558202333409,23.2531734954737],[72.6535356726477,23.2543443105311],[72.6534399928572,23.2543933218643],[72.6515223881823,23.2553746353306],[72.6525351680305,23.2570063626553],[72.6532920632973,23.2566840115264],[72.6539080307437,23.2577964814035],[72.652087945967,23.2580569539434],[72.6484884367664,23.2587709890793],[72.6486312828737,23.2590993869592],[72.6489243763844,23.2597202774765],[72.6489566710453,23.25973031818],[72.650432402252,23.2596315311206],[72.6549601147096,23.2594303027029],[72.6635762519772,23.258643524258],[72.6635560891684,23.2585219020169],[72.6634642341964,23.2579678210119],[72.6633028244463,23.2568467956362],[72.6632674491254,23.2566011060039],[72.6633063276275,23.2565949147432],[72.6632682086793,23.2563363943679]]]}}, {"type" : "Feature", "id" : 0, "properties" : {"fid": 0, "fid1": 71, "zone": "North Zone", "layer": "g_ward_boundary_new", "remarks": "", "ward_no": 2, "zone_id": 1, "no_of_sch": 0, "object_id": 0, "sector_no": "GEB", "vill_name": "PETHAPUR", "ward_name": "Ward No - 2", "co1_f_path": "", "co2_f_path": "", "co3_f_path": "", "co4_f_path": "", "cor_1_cont": "", "cor_1_name": "", "cor_2_cont": "", "cor_2_name": "", "cor_3_cont": "", "cor_3_name": "", "cor_4_cont": "", "cor_4_name": "", "female_pop": 0, "govt_prima": 0, "male_popul": 0, "no_med_fac": 0, "no_of_inst": 0, "shape_area": 348364.46999999997, "shape_leng": 3015.3861999999999, "total_hous": 0, "total_popu": 0, "z_offi_con": "", "zo_officer": ""}, "geometry" : {"type":"Polygon","coordinates":[[[72.6635762519772,23.258643524258],[72.6687839172101,23.2588759559215],[72.6693115918775,23.2588994978717],[72.6701320868055,23.2589360999075],[72.6701395018298,23.2589330203978],[72.6706432374639,23.2588924848438],[72.6719219263359,23.2587873731417],[72.6723122703079,23.2582676616767],[72.6737605586494,23.258060604776],[72.6739054608231,23.2578155513947],[72.6738061380659,23.2571929009552],[72.673503901549,23.2572172287751],[72.6734400610287,23.2570386359438],[72.6727739786853,23.2571308705959],[72.6725869818711,23.256272506182],[72.6738249969731,23.2559814022033],[72.6738286501835,23.2555728158045],[72.6737281057409,23.2548283270123],[72.6714978109403,23.2551645319836],[72.6683231722841,23.2556886928682],[72.6658219881769,23.2560846817426],[72.6632975933628,23.2564880147689],[72.6632682086793,23.2563363943679],[72.6633063276275,23.2565949147432],[72.6632674491254,23.2566011060039],[72.6633028244463,23.2568467956362],[72.6634642341964,23.2579678210119],[72.6635560891684,23.2585219020169],[72.6635762519772,23.258643524258]]]}}]}