{"type": "FeatureCollection", "features": [{"type": "Feature", "id": 1, "geometry": {"type": "Polygon", "coordinates": [[[72.59681815931005, 23.131816814444356], [72.59562008038131, 23.13121642146434], [72.59535503139195, 23.131083408124635], [72.59456667743814, 23.130687772559785], [72.59442842078214, 23.130618387605146], [72.59374496092374, 23.130693691280115], [72.5925219668806, 23.130498847546402], [72.59129842913862, 23.130303860744508], [72.59007307167491, 23.1301081435072], [72.58994240387943, 23.12978560309274], [72.5881878709159, 23.129297575544175], [72.58812346612973, 23.12916589379051], [72.58805893529748, 23.129033952798274], [72.58741680041213, 23.128891103595063], [72.58716015330495, 23.12933970150837], [72.58703022138891, 23.129566809887184], [72.58644540425296, 23.129456332717194], [72.58609473661635, 23.130158989503148], [72.58500546218366, 23.129796261784673], [72.58391498133477, 23.12943301550494], [72.58355859967077, 23.12976795364034], [72.58298007713931, 23.129605397240812], [72.58270290380888, 23.129527514820445], [72.58187161399346, 23.129920501707733], [72.58166257542797, 23.129647987393287], [72.5815087324589, 23.12850768904135], [72.5813978789049, 23.12738543665674], [72.58074581167934, 23.12742510141618], [72.58051136168153, 23.126727562875892], [72.58045148635752, 23.126510944184574], [72.58043889775577, 23.12503125767456], [72.580310399791, 23.123958135491122], [72.58017677487774, 23.122882723646303], [72.58014676014075, 23.12201287027502], [72.57996553573915, 23.12198765653492], [72.5798009577284, 23.12065418654301], [72.57947024319917, 23.11986412688107], [72.57902909090073, 23.118718720042473], [72.57855154172482, 23.118807660884148], [72.57835092371, 23.11851907262909], [72.57803824204021, 23.118069278734605], [72.57788974667724, 23.117855666663942], [72.5774400321694, 23.117990825733227], [72.57647933258636, 23.119224797218564], [72.57590591976606, 23.11984794172582], [72.5754224077106, 23.12015693806447], [72.57399655756086, 23.120872182868432], [72.5728948305559, 23.12143830605163], [72.57179484425893, 23.122004618274577], [72.57125779482456, 23.122307793584298], [72.5711083918495, 23.12190098693302], [72.57110106961186, 23.121885805158563], [72.57098667559606, 23.121648623096686], [72.5707728641766, 23.121205310872977], [72.57043485944753, 23.120504492782608], [72.56999090843344, 23.119291999609874], [72.56996335821245, 23.119039677259856], [72.56995762933514, 23.118961799471005], [72.56991964993833, 23.118445487679313], [72.56990380656102, 23.11843971767117], [72.56925768502693, 23.118204417164474], [72.56902978308041, 23.117549293161506], [72.56875255280148, 23.11639682254841], [72.5682476863142, 23.1162861773439], [72.56782462303534, 23.116268545745108], [72.56771981461561, 23.115964983213793], [72.56670211917181, 23.115866296485017], [72.56664018950856, 23.11586029076038], [72.56629661436602, 23.115934623997966], [72.56592847546774, 23.1160142710209], [72.5656113483558, 23.1160828802932], [72.56550757607253, 23.11610533052945], [72.56437481871482, 23.116350741495914], [72.5642229731825, 23.11621586133824], [72.56374156387979, 23.116360251766185], [72.56348963398891, 23.116435813132938], [72.56320142810443, 23.116522254189093], [72.56282147641247, 23.11647187405366], [72.56282017519761, 23.116294899876117], [72.56281742803614, 23.11592119051383], [72.56274325820063, 23.115572149294312], [72.56239640887118, 23.11540264680435], [72.56193102959116, 23.115576545306613], [72.56163980660145, 23.11568536603826], [72.56092225671085, 23.11629406419242], [72.5608541018522, 23.115594199420304], [72.5616629312166, 23.11516759514331], [72.5611869150296, 23.114712090286975], [72.5611455537897, 23.11361439549567], [72.56110401763783, 23.11251605243575], [72.56109426259063, 23.11205159033341], [72.56084891113399, 23.11105261184855], [72.56074269083126, 23.110442114772102], [72.56064470507822, 23.109742658654586], [72.5601249071733, 23.109645467005265], [72.55991131089459, 23.10949507832847], [72.5598298853639, 23.107966519099605], [72.56029626450521, 23.107933084987717], [72.5605142517333, 23.10753296438119], [72.5609629557563, 23.1074218321027], [72.56234452988456, 23.107694361869495], [72.5635370233447, 23.10783914856067], [72.56436600198647, 23.10880516025129], [72.56440106843449, 23.10884602189849], [72.56531145063175, 23.109186308584636], [72.56594935171742, 23.10933074567191], [72.56613978547942, 23.11029809788429], [72.56707902284228, 23.110501938842564], [72.56764630605727, 23.11064244192474], [72.56849310347255, 23.110848516097903], [72.56917712841792, 23.1110155530573], [72.5703699339391, 23.11126071991008], [72.57103745094017, 23.111370958098462], [72.57186090925688, 23.110560334598624], [72.5726831842065, 23.109749071230215], [72.57279182432924, 23.10924858587753], [72.57322176187323, 23.10891130937828], [72.57329082266992, 23.107896679398475], [72.57428566752607, 23.107854997675208], [72.5752795413737, 23.107813034694445], [72.57524371154433, 23.106948096104205], [72.57510263854032, 23.10620459515577], [72.5752467724714, 23.105061574119166], [72.57622108611866, 23.104668920083025], [72.57617908417257, 23.103697342242352], [72.57565584606563, 23.10382727851739], [72.5755932145001, 23.102987068900344], [72.57653870823316, 23.102780020677727], [72.57745490159964, 23.102416832956227], [72.57775097621463, 23.102250819656103], [72.57781387527929, 23.102215552699008], [72.57828492100339, 23.101951427582314], [72.57871827411783, 23.101620383195957], [72.57919799591741, 23.10163768095388], [72.57999815363263, 23.101357885965456], [72.58037447245577, 23.101671995249426], [72.58095232021988, 23.10139981199276], [72.58160067905915, 23.101331544069918], [72.5819421502148, 23.101744973152876], [72.58290121303861, 23.101619142537505], [72.58385914826879, 23.101493533334764], [72.58403674953989, 23.101661231455637], [72.58494905069209, 23.101425705440782], [72.5851040627375, 23.102287646522285], [72.58524547852996, 23.10232407596319], [72.58528135781268, 23.102597058907076], [72.58535908175448, 23.1031884046502], [72.58624629209238, 23.10308206649964], [72.58614446545245, 23.101933373636115], [72.58605500051429, 23.101253631040105], [72.58586599196471, 23.1008417369305], [72.58572966164226, 23.100443282200708], [72.58568336576943, 23.100084290529093], [72.58573438443452, 23.09964296898591], [72.58571057110886, 23.099019783990556], [72.58561152383257, 23.098499831057698], [72.5854429846284, 23.097873870722555], [72.58531923824167, 23.097587156110638], [72.58529564864895, 23.097110776491267], [72.58526461820772, 23.09681992956628], [72.58510436833188, 23.09631106386435], [72.58459828805506, 23.09531389688873], [72.5844165609564, 23.094770458817507], [72.58541593000581, 23.09444793105244], [72.58590068467187, 23.094355288668186], [72.5860555715876, 23.09427437257108], [72.58640391716128, 23.094816511944146], [72.58657748366252, 23.094774515337825], [72.58742794327772, 23.094801123207176], [72.58816985458394, 23.094939173590923], [72.58875594262435, 23.094983510211122], [72.58945558508468, 23.095067544760006], [72.58995898984294, 23.09488135274344], [72.59160596031981, 23.09481359772118], [72.59182391341803, 23.094815357729043], [72.5921337792724, 23.094595855176898], [72.59226605225868, 23.09459688762768], [72.59223215790098, 23.095432983900384], [72.59325810105122, 23.09559680363942], [72.59357220481813, 23.095652056738892], [72.59395261705524, 23.095884859598968], [72.59450224182294, 23.096052378501167], [72.59487304675864, 23.09612950025751], [72.59517388644494, 23.096027870766218], [72.59534882278214, 23.09509650942686], [72.59512567918985, 23.094708456209027], [72.59541640590285, 23.09452141067728], [72.59553399220108, 23.093840098853605], [72.59527091914636, 23.093223905440773], [72.59515748214167, 23.093075073397113], [72.59541984786199, 23.092915916492608], [72.59604862003164, 23.091428892443638], [72.59683985542084, 23.09030459316493], [72.5972912038568, 23.089634629571098], [72.59747141940693, 23.089443934128084], [72.59773551535619, 23.08933107643095], [72.59797071135125, 23.089043942485063], [72.59817440131019, 23.089402040311686], [72.59902906193238, 23.089933897168482], [72.59926710736772, 23.090082256806483], [72.59987802289672, 23.090462999934715], [72.60071650212564, 23.09098678431539], [72.60111033707001, 23.091931259558176], [72.60153745656585, 23.092168444905123], [72.60193222013294, 23.092387661457032], [72.60275277197564, 23.09284577074147], [72.60357160085898, 23.093305996764578], [72.6040703713989, 23.09333778370355], [72.60507339810717, 23.09327636894331], [72.60607973515512, 23.093207927337623], [72.60708960123077, 23.09312936015834], [72.6081025308886, 23.093034700979405], [72.60910132306658, 23.09291486167255], [72.60911883405582, 23.092912760767845], [72.60911858861378, 23.092914167201062], [72.60893828225531, 23.093950781185065], [72.60883721539041, 23.094531818340617], [72.60884934572624, 23.094916406500168], [72.60929910486253, 23.095883863752533], [72.60974843982538, 23.096852406009265], [72.60955269016662, 23.09759697343858], [72.60929038920291, 23.098624242343767], [72.60915711439198, 23.09942319400616], [72.60932406553873, 23.100241203558944], [72.61007897675715, 23.101706289946257], [72.61020292732033, 23.101712628243863], [72.61040516618648, 23.101722969858137], [72.61073165582307, 23.102648211024803], [72.61089545698873, 23.103114991773065], [72.61105647559363, 23.103573840822378], [72.61144246526703, 23.103601136637906], [72.61262846885278, 23.103684999134526], [72.61285097830458, 23.104488341824716], [72.612973246585, 23.104929771458636], [72.61331564225738, 23.106172897590106], [72.61329274278928, 23.107410709400373], [72.61355762638061, 23.10769284496916], [72.61395380763922, 23.108114827341684], [72.6152910542659, 23.108775762385743], [72.61665084547091, 23.109456137797288], [72.61664959790193, 23.11013201635244], [72.6166492055927, 23.110344329867985], [72.61673804267855, 23.111429170210414], [72.6168867376094, 23.111725925449175], [72.61710464819882, 23.1121608129241], [72.61712625386933, 23.11220393241651], [72.61735313805346, 23.112506678731148], [72.61757779383586, 23.112806449831535], [72.61770532929098, 23.112973833989273], [72.61791319487843, 23.11324664569272], [72.61807993609986, 23.113465482164013], [72.61834531685588, 23.113813775723983], [72.61835111083091, 23.11396653194082], [72.61837610902997, 23.114625600004434], [72.61838405432081, 23.11483507567446], [72.61736612899908, 23.114953158227284], [72.61655746763809, 23.11488498688367], [72.61641092580604, 23.1148726327534], [72.61518451194341, 23.11478136663805], [72.61511123864587, 23.114775913408664], [72.61382287100044, 23.114861097311028], [72.61276273553155, 23.11510908998749], [72.6127727273389, 23.11566702188628], [72.61277475209265, 23.115733848736628], [72.61280034727052, 23.116578678291113], [72.61279789149792, 23.116674656860077], [72.61277106424441, 23.117723278310596], [72.61277036695179, 23.117750547218257], [72.61277095019125, 23.118088502898086], [72.61293442152578, 23.118547850325164], [72.61280569934024, 23.120116355981924], [72.61274596042162, 23.120675450870788], [72.61302702096212, 23.121280128778594], [72.61355266442527, 23.122469496167636], [72.61388757340094, 23.123236094597956], [72.61299955443116, 23.123105425008823], [72.61252416179207, 23.12303071436834], [72.61179054344396, 23.122911961133926], [72.61173037909147, 23.124152144328892], [72.6117927889571, 23.124425548280968], [72.61206527446909, 23.125009656258495], [72.61216584571333, 23.125225242470556], [72.61230165968249, 23.125448968402495], [72.61236971624544, 23.125651677634686], [72.61196072807519, 23.12581006727301], [72.61179692145168, 23.12587350429055], [72.61148247610917, 23.125992073076674], [72.61067095098362, 23.126084481404025], [72.61078447934653, 23.126450295671876], [72.61090049403072, 23.126824118245416], [72.61047432209256, 23.127041779053656], [72.61046380793388, 23.127047148315402], [72.6104164734773, 23.12707132321107], [72.60996325409926, 23.127302795844415], [72.60902404132456, 23.12778260565433], [72.608968465261, 23.12795824851827], [72.60893544940116, 23.128062592356695], [72.60873608834017, 23.128692651515934], [72.60836219522305, 23.128765529897166], [72.60706673290632, 23.129018029827233], [72.60582817323403, 23.12957919801867], [72.60503713850038, 23.129892362927126], [72.60360811985477, 23.130185159444302], [72.60206313205417, 23.130501414506767], [72.6010888525583, 23.13073283695389], [72.59985343917964, 23.130923603141586], [72.59963836946721, 23.13079357057132], [72.59933737082072, 23.130951624329562], [72.59762759639906, 23.130792765718198], [72.5974759643253, 23.130778676773303], [72.59681815931005, 23.131816814444356]]]}, "properties": {"objectid": 1, "name": "35-GANDHINAGAR SOUTH", "st_area(shape)": 15245672.248869546, "st_length(shape)": 22320.621091175053}}, {"type": "Feature", "id": 2, "geometry": {"type": "Polygon", "coordinates": [[[72.53128745796907, 23.13842911244782], [72.53122749574749, 23.138558699120694], [72.53105778202702, 23.138600335814477], [72.53087314307477, 23.13864563377681], [72.53045412110725, 23.13871139844283], [72.53030982075325, 23.138734046158138], [72.52987457791258, 23.13874888211671], [72.52971164756188, 23.138754435324202], [72.52947396617066, 23.13930004510738], [72.52937760615949, 23.139485188334906], [72.52920555045235, 23.13981577091492], [72.52917377455397, 23.139876824428566], [72.52856824740381, 23.140005282007298], [72.52834977700391, 23.14005153293994], [72.52796391483706, 23.14013322058548], [72.52714638611593, 23.140347636436125], [72.52706912362311, 23.14036790003327], [72.5269428128319, 23.14040102694151], [72.52622107626966, 23.140555314676885], [72.52550339312728, 23.14065300200325], [72.52543993888145, 23.14066163855827], [72.52497969131713, 23.140735537705055], [72.52497295835266, 23.140736619041956], [72.52452296450912, 23.14080533907521], [72.52430389356196, 23.14068900987857], [72.52394529555048, 23.140264584602658], [72.52340256808124, 23.139786281244763], [72.52295332639969, 23.139322932060058], [72.52263576427208, 23.13904874629977], [72.52227545382091, 23.13894689088792], [72.5210479287375, 23.138525918276347], [72.51984781069848, 23.13824214396279], [72.51875382875633, 23.138084119199107], [72.51809024998457, 23.13798970082248], [72.5174030404494, 23.137989466589342], [72.51627160503921, 23.13801264630261], [72.51514134698567, 23.138035357958895], [72.51378849677505, 23.138098907167592], [72.51261211117274, 23.138131418475027], [72.51188045792435, 23.138042432611222], [72.51140903086059, 23.138002939578357], [72.51132048061982, 23.137995521551282], [72.51092729194737, 23.137973874055305], [72.51046339005522, 23.13803623631065], [72.51024793753503, 23.138415257880457], [72.51010198756433, 23.138744389995328], [72.50994507062154, 23.139098252352653], [72.50993470606907, 23.139124972010535], [72.50989707088085, 23.139221999920636], [72.5093169047454, 23.13921963370557], [72.50842737044293, 23.139258752342297], [72.50798141007215, 23.13926843257549], [72.50695662934139, 23.13920736315453], [72.50635689443149, 23.139197876092304], [72.50613588662547, 23.139097738689525], [72.50603449132701, 23.1390588743476], [72.5060012473418, 23.13904613144462], [72.50592620199942, 23.138544318272707], [72.50581334683439, 23.13859165317479], [72.50578587358176, 23.13847777718649], [72.50496787337298, 23.13829173072957], [72.50503557055559, 23.13731338512873], [72.5050434240357, 23.137199893291324], [72.50517449531154, 23.137188542265093], [72.50524910350053, 23.137182080989366], [72.505242051147, 23.137038117882838], [72.5051974184214, 23.136127002889754], [72.5052475670883, 23.135077963038466], [72.505297546838, 23.135044071267544], [72.50563531869692, 23.13481502706491], [72.50612632553869, 23.134156082475627], [72.50617583491854, 23.133951540033355], [72.50627725131847, 23.1335325421599], [72.5062636700078, 23.133011685277566], [72.50625188768963, 23.132108245590157], [72.50612080917251, 23.131966940002542], [72.50588569893944, 23.131779475059247], [72.5057688919262, 23.131747981573067], [72.50569259372406, 23.131727409475058], [72.50534072604786, 23.131632537141375], [72.50489648796321, 23.131651499720117], [72.50484711053237, 23.130855420481822], [72.50430295915771, 23.130292622873664], [72.50359332557457, 23.129807824842374], [72.50309877361215, 23.12969632357307], [72.50299775698258, 23.129067498051473], [72.50279498868602, 23.128519104384537], [72.50259706613103, 23.127578345873026], [72.50239796090605, 23.126964058971183], [72.5021581900063, 23.12664587923626], [72.50131450019539, 23.12590230235873], [72.50096524489476, 23.125424387541134], [72.50051882580887, 23.125105884102496], [72.50032054739992, 23.124609139664273], [72.4997851184781, 23.12412131933773], [72.49912121097404, 23.123905162050097], [72.49927961525967, 23.12349203747236], [72.49966360271681, 23.122680920352956], [72.49973422003669, 23.12216151877505], [72.49956269218222, 23.121350832410272], [72.49946190757102, 23.12118998565234], [72.49947586787965, 23.121076256119487], [72.49961014684968, 23.120035576789416], [72.49971767910493, 23.11928772371211], [72.49982039726729, 23.11843128745108], [72.4997935365748, 23.11828129500277], [72.49971135936113, 23.117822400432818], [72.49958239399942, 23.117102233493036], [72.4995136637871, 23.116482805250648], [72.49948413158505, 23.116216649224167], [72.49947117609065, 23.11609988566713], [72.49936723536032, 23.11600755423543], [72.49852348153836, 23.115784104375887], [72.4985189256327, 23.115782897366415], [72.4983816548398, 23.115746544001055], [72.4983373127619, 23.115722216014426], [72.49810528902671, 23.115594920051695], [72.49797163611615, 23.1155215927923], [72.49736656740076, 23.114878449234798], [72.49691922273266, 23.114451806219954], [72.4966916835972, 23.114097263728603], [72.49679874514622, 23.113674305796607], [72.4970888049819, 23.113225304459814], [72.49720628595652, 23.113126782588477], [72.49759775516765, 23.112798485131872], [72.49761368251185, 23.11278512828654], [72.49777057906273, 23.1127373005095], [72.49841116817726, 23.11254202159242], [72.49846330368264, 23.11222727054807], [72.49872382882839, 23.111801463955317], [72.49875317468008, 23.11162624230435], [72.49881171594431, 23.111276685765826], [72.49880894997081, 23.111177607619304], [72.49879525628258, 23.110687187675364], [72.49879342873768, 23.110621722310746], [72.49874112091102, 23.110149800791675], [72.49891119171565, 23.109751728865884], [72.49896584100206, 23.109623816159843], [72.49918824340024, 23.10910324951841], [72.49938952559623, 23.108348119005207], [72.49943485647451, 23.107794590224543], [72.4993247695852, 23.107227284330076], [72.49920410458945, 23.106855900575265], [72.49911012489575, 23.106566646249636], [72.49885168614699, 23.106128049404905], [72.4988091237584, 23.106055817550427], [72.4986019875112, 23.105704283721618], [72.49856164746951, 23.105342019085544], [72.49805263331025, 23.10446444655335], [72.49803065080282, 23.104104626953678], [72.49802192859167, 23.10385816349995], [72.49805239644601, 23.102929052074845], [72.49812448766771, 23.101815247873617], [72.49809885203234, 23.10149439181102], [72.49808533075387, 23.10111451308354], [72.49803188157094, 23.10097629470862], [72.49786352884348, 23.10054093564788], [72.49669876751187, 23.09969326921291], [72.49636667462833, 23.09963005490423], [72.49585844001925, 23.099742436750585], [72.49518030793138, 23.099724394715995], [72.49336957397371, 23.09934738368699], [72.49260246841735, 23.099454956552698], [72.49206996234176, 23.09888280324708], [72.49195123249353, 23.098755232312854], [72.4917403937106, 23.098648155894022], [72.49132050080937, 23.09843490810848], [72.49124328886703, 23.098395694390838], [72.4898220569468, 23.09826261644403], [72.48839655013984, 23.09813387666628], [72.48805197463804, 23.098111839460017], [72.48643306186511, 23.098008294265544], [72.48516834302214, 23.097845561901405], [72.48390266221574, 23.097683707878257], [72.48332578337615, 23.09760927254925], [72.4826379869246, 23.097520522094246], [72.48250766156237, 23.097478395937877], [72.48200080404175, 23.09731456040891], [72.48185366253925, 23.097266998164628], [72.481765623619, 23.097085416206813], [72.48149290733065, 23.096522929705475], [72.48061439288603, 23.096205248446193], [72.47984050383008, 23.09592539594975], [72.47907030229781, 23.095301064936656], [72.47879006343335, 23.09507396201265], [72.47846095965902, 23.09480725793012], [72.47830003076332, 23.09467684235084], [72.47854225724129, 23.093977976606737], [72.47818525629077, 23.09231465303985], [72.47818689530163, 23.091249826364713], [72.47820070752891, 23.090666741693568], [72.47812128805847, 23.09009457241135], [72.47778921664019, 23.089397133205086], [72.47761561805316, 23.089154796418978], [72.4774504010083, 23.08892415915213], [72.47687911894155, 23.08840495086122], [72.47621503420834, 23.08788400315632], [72.4754979433641, 23.0875312600089], [72.47478098144784, 23.087286667575224], [72.4734149394621, 23.08645918877795], [72.47244443662558, 23.08573039939291], [72.47212599046031, 23.085645890747337], [72.47194107219629, 23.085596817121882], [72.47190855982294, 23.08556765571595], [72.47162413766031, 23.085312544924214], [72.47067169205137, 23.085021260081508], [72.46946072959436, 23.08478858800633], [72.46848006202335, 23.084622466031398], [72.46779699066718, 23.084506751382037], [72.46693590621511, 23.084353444184732], [72.46681293004728, 23.08433154942065], [72.4665978729577, 23.084284967777855], [72.46620100775426, 23.084199005759565], [72.46616162835474, 23.084190475729425], [72.46613086475494, 23.08418381180281], [72.46580538705241, 23.08411331100481], [72.46562849421939, 23.083532727078786], [72.46512758816034, 23.083563304019485], [72.46501285655425, 23.083481678325164], [72.4650096530793, 23.083479399871404], [72.46492643240747, 23.083420192767413], [72.46348376591155, 23.08345480977089], [72.46217587404945, 23.08347679930789], [72.46121061853121, 23.083936661712503], [72.46052566685701, 23.08427588853343], [72.46025234711867, 23.08441125137245], [72.46015537486227, 23.08409156655342], [72.45986534066172, 23.08313541025732], [72.4599795112411, 23.082591043521337], [72.45959121071328, 23.08149817088101], [72.46005473315535, 23.080670973288974], [72.46023601784967, 23.07949895617508], [72.46025119025943, 23.079400863702187], [72.4607619337452, 23.079519018705287], [72.46105891433903, 23.079587722002767], [72.46131637951274, 23.079249663079125], [72.46261514110947, 23.080150977185244], [72.46362579666106, 23.080634753221307], [72.46367582016933, 23.080658698119453], [72.46369178455721, 23.08099009430129], [72.46369409666686, 23.08103809107323], [72.46369482907784, 23.081053288369805], [72.46415069463234, 23.081288830929], [72.4641762628737, 23.081302042201287], [72.46446357258115, 23.080769947540585], [72.4645616570771, 23.080588294441494], [72.46614743381416, 23.081411020225186], [72.46659853134199, 23.07965640382001], [72.46664375884922, 23.079569631659453], [72.46682289815274, 23.079225936636604], [72.4673358309213, 23.07832336105296], [72.46751225859549, 23.078012908372152], [72.46827029979582, 23.07692380701089], [72.46907010046567, 23.076091838080107], [72.47019366888567, 23.075279219452238], [72.47105744474446, 23.074852670787216], [72.47155157085102, 23.074608657760294], [72.47231636056537, 23.073969046290344], [72.47236642525293, 23.073902630948755], [72.47307045312098, 23.072968656442498], [72.47332174869825, 23.072635280125702], [72.47334091937154, 23.07260984841209], [72.47375591427485, 23.072052372257257], [72.47406216461447, 23.07099298464121], [72.47423537255918, 23.07042331131295], [72.47433853299742, 23.069792306564665], [72.47443962901352, 23.06930815818483], [72.47446167662807, 23.06920257422017], [72.47442077961908, 23.069146943353093], [72.47423680535049, 23.068896687038634], [72.47397098687397, 23.06876436057212], [72.47347224993315, 23.068776502481185], [72.47323639433729, 23.068918593962763], [72.47249643903555, 23.06936437823876], [72.47234319748972, 23.068802766801156], [72.47230007723624, 23.0686447373177], [72.47229632683991, 23.06862345154794], [72.4721708001027, 23.06791106563627], [72.47213033703541, 23.06768142586337], [72.47230449760283, 23.06686352724569], [72.4722897855927, 23.066733931453093], [72.47217457392411, 23.06571908596284], [72.47200137221117, 23.064622357800577], [72.47191634776055, 23.064085808033298], [72.47190690402692, 23.0640262125093], [72.4718286570018, 23.06353242850885], [72.4718280889616, 23.063528841019153], [72.47175106549919, 23.063523593777827], [72.47115021323557, 23.063482660742558], [72.47082186469451, 23.06333151803849], [72.47062352404187, 23.063240219145214], [72.47058800080995, 23.06322386708772], [72.47045587183217, 23.062983390717644], [72.47039685183137, 23.062875973853924], [72.46941277059969, 23.062651452183893], [72.46842898918808, 23.062419921570076], [72.46841736011908, 23.062415088883082], [72.46811844121218, 23.062290865063375], [72.46805597259485, 23.061841020325822], [72.46805365489688, 23.061824330657977], [72.46766738564432, 23.061596202773423], [72.46651608165963, 23.06134440206831], [72.4659352147231, 23.06146276858951], [72.46467282855188, 23.061288549873307], [72.46455309174874, 23.06127202476575], [72.46434970220888, 23.06109363143208], [72.4641939420491, 23.06095701304798], [72.4639667220914, 23.060897382295195], [72.46238752069488, 23.06048293340064], [72.46223808765653, 23.060443715442712], [72.46207081193091, 23.060483264549433], [72.46054790020989, 23.06084331513068], [72.46052986508188, 23.060847578515705], [72.4604916940661, 23.06086454352249], [72.45994654441625, 23.06110683013461], [72.45949755844099, 23.061306375756786], [72.45870713291647, 23.061585912952726], [72.45835413403735, 23.061710751214136], [72.45721004874261, 23.062114660372522], [72.45668764799666, 23.061977798965973], [72.45608201730376, 23.062297129252013], [72.45518665229677, 23.062367563257116], [72.4551695974407, 23.062362070795576], [72.45516508548485, 23.062360617852434], [72.45429771660899, 23.06208130371464], [72.45297765636364, 23.062608857644626], [72.45208472256141, 23.06178032487428], [72.45107577931375, 23.061454662172217], [72.45045872622617, 23.061255489032323], [72.45033075744115, 23.061186333897403], [72.44902011188765, 23.060478043921712], [72.44896644016796, 23.059525807792433], [72.44891359989299, 23.05857366266809], [72.44878215915024, 23.056861436434936], [72.44855990993544, 23.055610968299575], [72.44854416031431, 23.054551303051763], [72.44839316068472, 23.054157843440194], [72.44809711443068, 23.05338643209873], [72.44807438548901, 23.053327205394126], [72.44770964242235, 23.052212145889207], [72.44759751826727, 23.05186936645186], [72.44912239768738, 23.051549883012747], [72.44926272964034, 23.051520480229758], [72.44931390491958, 23.05064489363654], [72.44916662866041, 23.050145958553895], [72.44847891847441, 23.049050902459893], [72.44830150672514, 23.048487503146326], [72.4482543312696, 23.048337688910777], [72.44814546079462, 23.04740626476265], [72.44870559080486, 23.04712347876803], [72.44929436205148, 23.04682622828015], [72.45047943453419, 23.04636299887091], [72.4514015367898, 23.04622859007257], [72.45262477190694, 23.046467512112173], [72.45348280099802, 23.046127611022936], [72.45355280558586, 23.046099879106713], [72.45364589607823, 23.046145512780797], [72.45455071780403, 23.04658905942013], [72.4561264905461, 23.046844031864012], [72.45699280721075, 23.04705052638824], [72.45734691859678, 23.04687400930309], [72.45734925226692, 23.046872846232656], [72.45735213632683, 23.046874422740455], [72.45790076776554, 23.04717430387319], [72.45932316833051, 23.047024015498266], [72.45961157690083, 23.047137630707113], [72.45973151296978, 23.04718487777566], [72.45978284916207, 23.047205100559484], [72.4599021079351, 23.04717019544899], [72.46088658223476, 23.046882051336862], [72.46105706581596, 23.04683215171808], [72.46205278695597, 23.046500704694335], [72.46304843105982, 23.046167510232344], [72.46379313695581, 23.04658344123019], [72.46514819006876, 23.04610342314498], [72.46515673103335, 23.04611196989125], [72.46550503477997, 23.046460508197267], [72.46550457296047, 23.04647438827378], [72.46549972843003, 23.046619962145233], [72.4654842487836, 23.047085058286278], [72.46550490810398, 23.047110474449152], [72.46560856138643, 23.04723799606241], [72.46572969244997, 23.047387019088394], [72.46598055783356, 23.047695648262298], [72.46617412921746, 23.047933790196875], [72.46629227812211, 23.048211173750634], [72.46637871293902, 23.04841409956374], [72.46649813712568, 23.048694475219687], [72.4665343360053, 23.048779459211932], [72.4665633759537, 23.048776062005743], [72.46658406123484, 23.048773642112803], [72.46849264364374, 23.04855033232122], [72.46841821114018, 23.047610948232226], [72.46876740091061, 23.045935312693963], [72.46925091804768, 23.04487938825691], [72.46973487960456, 23.043822309689443], [72.47041882183456, 23.043006794964455], [72.47077717235479, 23.042554877467843], [72.47107649237202, 23.040961804369257], [72.4722121291601, 23.04104702034061], [72.47226585794043, 23.041051051696442], [72.47235601282553, 23.04043515218601], [72.47218557833585, 23.04000587514789], [72.47206095527977, 23.03969198042655], [72.47253507329378, 23.038413051579283], [72.47263830760961, 23.03788789148305], [72.47361918697361, 23.037320678547513], [72.47459862625277, 23.036753112698992], [72.47557426680689, 23.036184784380296], [72.47631981313997, 23.03574907885521], [72.47654189332589, 23.03561929146377], [72.4768115529548, 23.034483388900213], [72.47707823676426, 23.033355359382035], [72.47711620287747, 23.031921457773446], [72.47710692595425, 23.030934828639346], [72.47709592766235, 23.02995282191252], [72.47708356307655, 23.029324178571805], [72.47707675313887, 23.028977959754663], [72.47698154363617, 23.029007622853197], [72.47599868255318, 23.029313832107118], [72.47575156455052, 23.028481051517407], [72.47562258478426, 23.02803782899867], [72.47561002322745, 23.027994663995734], [72.47550819749831, 23.027644751247156], [72.47518606211374, 23.02691136547279], [72.47510128470437, 23.026670827648825], [72.47488698072728, 23.026062778167972], [72.47479137532909, 23.025529973170936], [72.47471055358498, 23.025220963197157], [72.47494013732603, 23.02471603212525], [72.47553374794661, 23.02382921605699], [72.47555602859717, 23.022608198534613], [72.47557629168209, 23.021389334137744], [72.4765215312112, 23.020182119115756], [72.47726224193285, 23.019694358064232], [72.47774691998043, 23.018851508491878], [72.47822402197636, 23.018058543852717], [72.47862738716422, 23.01750623034809], [72.47906766195958, 23.01744270012006], [72.47933259230099, 23.017064239105835], [72.4799491380027, 23.016872747667993], [72.47995647194394, 23.01687620550361], [72.48111219069598, 23.017492725521606], [72.48133326295698, 23.01761065496814], [72.48140941786323, 23.01766753442088], [72.48186411420107, 23.018007139158005], [72.48232663227624, 23.018353527587042], [72.48265464978948, 23.01859918524644], [72.4827503246952, 23.018691773632792], [72.48330576365656, 23.019156032050944], [72.4837399070433, 23.019386699857343], [72.4841860915722, 23.02004178978196], [72.48431748176885, 23.020234695674045], [72.48448236401302, 23.02039976566997], [72.48502417647308, 23.020717873393604], [72.48525627806748, 23.02087381320902], [72.48540724576952, 23.02101618667798], [72.48618425860678, 23.021477026337383], [72.48673092754417, 23.021827330676416], [72.48701295858233, 23.022214920657067], [72.48712363111144, 23.022319188102117], [72.48747040829836, 23.0226435384727], [72.48779247033417, 23.023046006546696], [72.48851826858228, 23.02389373765203], [72.48855517008242, 23.023936837934805], [72.48912440251202, 23.024534822218524], [72.48939040587126, 23.02468584508657], [72.48938689848123, 23.024701067316396], [72.48929418732133, 23.025103536575287], [72.48983434148477, 23.025146117280148], [72.49013962461716, 23.0251029067856], [72.49103456487445, 23.025035508671863], [72.4911475907339, 23.02501950234281], [72.49137877912658, 23.024986764765604], [72.49149259340541, 23.02550381974163], [72.4917119866823, 23.025483382214087], [72.49178112613981, 23.025626147047433], [72.49178314314776, 23.025771137851795], [72.49168519346352, 23.025858725202642], [72.49113050706858, 23.025942819578184], [72.49109545822783, 23.0265455751778], [72.49062243656766, 23.02658853802443], [72.49067736172101, 23.02718287658052], [72.49065183498777, 23.027289326655577], [72.49064644415198, 23.027589282713567], [72.49064012757523, 23.027816995232556], [72.49076374822883, 23.028464803221933], [72.49079820597578, 23.02864536913043], [72.49124268955546, 23.02856580798359], [72.49190996485129, 23.028462711447403], [72.4929162821077, 23.028301426457507], [72.49308378870455, 23.02827457952387], [72.49329827348119, 23.028239868549218], [72.49425869075682, 23.02808443899216], [72.49464746750516, 23.02803438140591], [72.49490508297639, 23.02800172633455], [72.49529014668666, 23.027996963705313], [72.49536567591485, 23.02800017032033], [72.49558517275072, 23.02799840425699], [72.49580021362777, 23.027997359030604], [72.49608271132182, 23.027996544730733], [72.49747193267275, 23.027956994425384], [72.49751667239573, 23.02788871682952], [72.49782045117016, 23.027425118877417], [72.49860960555706, 23.02760891478669], [72.49865793857803, 23.027852484779306], [72.49867164986411, 23.02792158252948], [72.49894328628129, 23.02826329229874], [72.4990831019857, 23.028716624453804], [72.4991400456918, 23.02891474214698], [72.4991717749054, 23.029100601786507], [72.49923618643136, 23.029482782638084], [72.49934169153381, 23.030031304077887], [72.49978043402533, 23.030384331464884], [72.50046879332189, 23.03095191844561], [72.50078379096361, 23.03120892987183], [72.5013675122168, 23.031428559982206], [72.50185639408059, 23.03163871406198], [72.50252489115455, 23.03191024652296], [72.50331463371894, 23.032016613085332], [72.50432564375978, 23.031954354918327], [72.50481246900705, 23.031879164097376], [72.50540926542813, 23.031652989624796], [72.50587805288617, 23.031143573831113], [72.50712109302548, 23.031267645038625], [72.50703404078912, 23.03180704422852], [72.50759220295879, 23.031961443947658], [72.50782821831332, 23.03202850314517], [72.50792904509106, 23.032084554783726], [72.50811381167783, 23.032183966389372], [72.50863093479012, 23.032220553173897], [72.50876125807149, 23.03222915587977], [72.50924797674446, 23.032208967372288], [72.50963456426513, 23.03218279949381], [72.50981834259954, 23.032179485610843], [72.51050921590564, 23.032164484242934], [72.51080598003699, 23.03215658273988], [72.51089402334374, 23.032152430347377], [72.51109591154875, 23.032107868322097], [72.51136812768559, 23.032045748620124], [72.51146901896708, 23.032037060494982], [72.51165887108564, 23.03203070931395], [72.51170774758265, 23.03202436120232], [72.51219543557875, 23.032079783771813], [72.51253989475273, 23.032123229214648], [72.51363398335647, 23.032264562435184], [72.51418524503917, 23.03231544566187], [72.51440413995127, 23.032362543547894], [72.51462466999848, 23.032438599897368], [72.51502486580436, 23.032563259726224], [72.5157111239764, 23.032818201230146], [72.51608727477863, 23.032944630172228], [72.51634596965764, 23.03300239105818], [72.5166116191491, 23.033060105489756], [72.51676585506506, 23.033087529415187], [72.51690480875179, 23.03310111961821], [72.51716439884157, 23.03310423183819], [72.51745314832264, 23.03310605372697], [72.51779220714067, 23.033108996173176], [72.51803454234546, 23.033104150988603], [72.51858276687732, 23.033106760205083], [72.51922860102722, 23.03311486835016], [72.51946526233053, 23.033129422311223], [72.52051595019108, 23.033160712183907], [72.52082023117201, 23.033167716735427], [72.52087745134014, 23.033151883213954], [72.52158782742457, 23.03320421012806], [72.52164076706481, 23.033211537908976], [72.52178815475666, 23.033257336199206], [72.52219155029861, 23.033329065130197], [72.52216007651023, 23.034022660990416], [72.52216583309585, 23.03442381813837], [72.52216789833689, 23.034492683450285], [72.5221889268007, 23.03556190967194], [72.522480968842, 23.035807062087436], [72.52240021146515, 23.035993170659815], [72.52256470247747, 23.036074629715905], [72.52261959597965, 23.036090867324205], [72.52260890310441, 23.036240297335137], [72.52261071452597, 23.036439765056457], [72.52260921294665, 23.036512303740125], [72.522670063965, 23.036652966061563], [72.52275176600257, 23.03691139213823], [72.52282379728985, 23.036969841842318], [72.52287751579775, 23.03700442383433], [72.5229784903658, 23.03703585444065], [72.52316233577191, 23.03709899155648], [72.52326168685346, 23.03713295856447], [72.52335397011177, 23.037176633116506], [72.52343017658278, 23.037213855685952], [72.52355029642229, 23.037273104416386], [72.52370803948158, 23.03729393176701], [72.52385721477772, 23.0373216806796], [72.52396766375782, 23.037341606357693], [72.52401580433381, 23.037461118155004], [72.5240233337099, 23.03747439548135], [72.524080527937, 23.03750077406369], [72.52419721118846, 23.037558570156285], [72.52431656638666, 23.03762019866407], [72.52441927522415, 23.037675901663093], [72.5245069135926, 23.03772169654449], [72.52457732616139, 23.037757081958155], [72.52466391068863, 23.03775375778646], [72.52475315484634, 23.03775344074734], [72.52477300013756, 23.03752326086724], [72.5247807172317, 23.037436459327367], [72.52480875808527, 23.037149003554287], [72.52487305512803, 23.037158316392212], [72.52509647161497, 23.037195189584317], [72.5251558566948, 23.037196752927763], [72.52535076648427, 23.037220724258116], [72.52556869038514, 23.03725046032963], [72.52563135874321, 23.037259285165423], [72.52584087466637, 23.037287207450007], [72.52599920295815, 23.03730678506225], [72.52606008686192, 23.03730666622436], [72.52623935697149, 23.037301708590604], [72.52637307582238, 23.037318654719094], [72.52642818713521, 23.0373352546743], [72.52652932548439, 23.03735575782382], [72.52666339934925, 23.037369988369974], [72.52681087194426, 23.03738452138978], [72.52696220191065, 23.037402604655174], [72.52712064780809, 23.037419929730724], [72.5272945767932, 23.037439541547208], [72.52748366826607, 23.037462385639582], [72.52743195112855, 23.037653922803408], [72.52740709954651, 23.037818074415615], [72.52738138251352, 23.037967170810532], [72.52736448201118, 23.038149348349908], [72.52737084570948, 23.038280705454603], [72.52745330099378, 23.03885483877133], [72.52747813815579, 23.038962279282416], [72.52755817041155, 23.03926154326707], [72.52772196673826, 23.039524415540953], [72.52776460758362, 23.03959361849236], [72.52777112494653, 23.03964274351504], [72.52806604350914, 23.040108809331482], [72.52830305299959, 23.040485847031327], [72.52833720251574, 23.04110952352141], [72.52845979527258, 23.04143262634561], [72.52851817106202, 23.04157407424863], [72.52861478397986, 23.041818589664143], [72.5286521178566, 23.04189488004122], [72.52878851559922, 23.042164593930877], [72.52893525577504, 23.042455357319504], [72.5290166029705, 23.04260992731938], [72.52908684633385, 23.042749497797015], [72.52904032603404, 23.042764283508397], [72.52949629274207, 23.043439484287], [72.52961221683121, 23.043564687149832], [72.5297018292096, 23.043658439357536], [72.53008808146892, 23.04455282475969], [72.53012616004345, 23.044626766717816], [72.53029739298725, 23.04496157267172], [72.53033026607824, 23.045016670422378], [72.53041569950594, 23.0451828445348], [72.53052763584787, 23.04539677310717], [72.5305530704813, 23.045448963289118], [72.53062190058309, 23.04558370401457], [72.530663627709, 23.045671030234875], [72.53065874478155, 23.04575689159926], [72.53063961591648, 23.04582991801691], [72.53054643725409, 23.045967210045042], [72.53041678051929, 23.04612137774783], [72.53035246954056, 23.046197846283558], [72.53054776240636, 23.046155564141166], [72.53131927014238, 23.046081244635054], [72.5321051058719, 23.046003306503685], [72.53262509678041, 23.04594486757902], [72.53282139113611, 23.045926641246787], [72.53297782371254, 23.045919790992887], [72.53320726874178, 23.045920789405113], [72.53352726450193, 23.045896767008035], [72.53387728865228, 23.045870489781237], [72.53405675624535, 23.04587215606452], [72.53429243669935, 23.04587068725383], [72.53471591345391, 23.04586638962777], [72.53542767094497, 23.045855426487922], [72.53600790187471, 23.045856148788914], [72.53637376492313, 23.045873657359763], [72.53655954965548, 23.045697062538498], [72.53705628954613, 23.045695529017227], [72.53824169859583, 23.045691861003295], [72.53890769032981, 23.045941975306622], [72.53889197067329, 23.04617336190946], [72.53888507900459, 23.046274809419444], [72.53883948803609, 23.046897824670015], [72.53930866782399, 23.046940160737805], [72.54010733453765, 23.0470122250338], [72.54050240078243, 23.0467832491055], [72.54073391319501, 23.04687907563835], [72.54062536361377, 23.04709551465726], [72.5408322893333, 23.04722231580781], [72.54109334617199, 23.04738228668733], [72.54111261173396, 23.047400305769077], [72.54139811575787, 23.047667338248512], [72.54164091886146, 23.047894430651805], [72.54172057977574, 23.047916593898147], [72.54193619163937, 23.047976580254275], [72.54237816842735, 23.048145581175532], [72.54246479474969, 23.048178704447423], [72.54304740815505, 23.048433029143496], [72.54373173836063, 23.04873175336447], [72.54376873610181, 23.048786874934258], [72.54418674581042, 23.04882905625778], [72.54425122985958, 23.049063583327925], [72.54460859176612, 23.049120673649934], [72.54418411497186, 23.049643432104602], [72.54434647352974, 23.050558036836968], [72.5440719986802, 23.05046587337612], [72.54387597227684, 23.05051688137034], [72.5437845159068, 23.050873247010706], [72.54445613269858, 23.050971723417387], [72.5444698998129, 23.051128042577815], [72.54491447393856, 23.05120931401842], [72.54503231740254, 23.05082935307364], [72.54531097298226, 23.05085896354136], [72.54531870119429, 23.05092613339765], [72.54547654139311, 23.050958301248954], [72.54545376854807, 23.051104121585738], [72.54575715847874, 23.05114389419566], [72.54604653027147, 23.051195610541473], [72.54628132150764, 23.051233118936768], [72.54609800132899, 23.051752364099254], [72.54605140639461, 23.05201529897173], [72.54604766794742, 23.052036398012532], [72.54583292027269, 23.052068413303175], [72.5454094265943, 23.052007215939124], [72.54496921471727, 23.05190299850253], [72.54486721571493, 23.051858912781043], [72.5445302285621, 23.051713260629164], [72.5443608733934, 23.05151089880792], [72.54426294685325, 23.051302951995098], [72.54399646287568, 23.051284120875277], [72.54370938459266, 23.051267387694573], [72.5434249422112, 23.051407527744296], [72.54246788075669, 23.051572767131447], [72.54235718997676, 23.051686393874697], [72.54234261503046, 23.05170135521311], [72.54132607126309, 23.05189769758996], [72.5408498394364, 23.05201325636032], [72.54057665954672, 23.051941307050868], [72.54011348696184, 23.051819315610807], [72.53932442053632, 23.051755781870014], [72.53825416790582, 23.0517988480828], [72.53822769653694, 23.05185002734958], [72.53810073059641, 23.052095496782478], [72.53813258333804, 23.052286732899912], [72.53780041054969, 23.052426340677986], [72.53734965148959, 23.052854855791196], [72.53699733865861, 23.05336614385131], [72.53667375616156, 23.0538532398859], [72.53661684197411, 23.054467058948887], [72.53648486019922, 23.054698845710355], [72.53651982600539, 23.055963660534307], [72.53635006776577, 23.05661080535234], [72.53630259752418, 23.057083438518276], [72.5364083698835, 23.057500112534807], [72.53652255060743, 23.05865416188335], [72.536539888736, 23.058829392554674], [72.53739122094393, 23.05880209792413], [72.53752006946576, 23.05949497271328], [72.53867838574246, 23.05964960398592], [72.53929712560625, 23.059940966809332], [72.53988302388443, 23.060143396342347], [72.54061268121387, 23.060702190084243], [72.54095727159722, 23.06096775968915], [72.54113731337756, 23.060965550024672], [72.541242088582, 23.06096426490431], [72.54124792465134, 23.06096608722721], [72.54173092862567, 23.061116972831908], [72.54217734886821, 23.061238806738302], [72.54293204072707, 23.061418413793163], [72.54359421050539, 23.06145303198318], [72.54384688305639, 23.061513025667207], [72.54406016785208, 23.06155920918568], [72.54422506897839, 23.062066906922965], [72.54426874338864, 23.062236365652662], [72.54424450196973, 23.062317584646685], [72.54440144321407, 23.062626147165133], [72.54452458111102, 23.06288295797009], [72.54464652380439, 23.063134691066466], [72.5447045329539, 23.06324120469368], [72.54479539201753, 23.063421678259893], [72.54495161266514, 23.063734379156763], [72.54502523157609, 23.063982176042252], [72.545241726998, 23.064747102714726], [72.54526484722808, 23.064992108798606], [72.5452882794623, 23.06513537789179], [72.54531854979881, 23.06523791063133], [72.54535038750834, 23.065343266277807], [72.54540689479337, 23.06553706130571], [72.54556733319328, 23.06586730926995], [72.54580258183512, 23.06633300044217], [72.54596029552017, 23.06662505246739], [72.54606795013274, 23.06683438588418], [72.54618039943246, 23.066931935553598], [72.546353944019, 23.067082485576954], [72.54658193706376, 23.067358694030002], [72.54688335103599, 23.067451697311267], [72.54711630148527, 23.06757626342215], [72.54751842020725, 23.067750212790415], [72.54815413856011, 23.067998722167562], [72.54846374880918, 23.068031936351783], [72.54862867902136, 23.068116155521437], [72.54892344786228, 23.06859800175519], [72.54950729177467, 23.068802134705262], [72.55001756139528, 23.068974429511716], [72.55038428217404, 23.069108285646518], [72.55054705768939, 23.0691689219353], [72.55064896998883, 23.069196467732937], [72.55070881286332, 23.06921264345635], [72.55082973454063, 23.0692389239776], [72.5509932835988, 23.069157596369045], [72.55115638241763, 23.069054735250667], [72.55124359771034, 23.068999731773772], [72.55163673086484, 23.06897255195114], [72.55205568276055, 23.06900692079756], [72.55255910268289, 23.06904852237407], [72.55281733917892, 23.06907033819482], [72.55318533180352, 23.06910391535228], [72.55353083313112, 23.069224664273772], [72.55380845880009, 23.069325153992637], [72.55414536147472, 23.06937451068797], [72.55451220382976, 23.069423753420118], [72.55506488758381, 23.06949225218721], [72.5552350661492, 23.06954729475919], [72.55553285858082, 23.069621475776337], [72.55621379921769, 23.069777219964294], [72.55639714743619, 23.069820864609905], [72.55659963760206, 23.06988939017434], [72.55708784233939, 23.070048906791094], [72.55723134281376, 23.070092394526778], [72.55761262797184, 23.07025521285377], [72.55783685745197, 23.07035285685774], [72.55808980527961, 23.07051619102079], [72.55827960854133, 23.070638271691678], [72.5584220217304, 23.07072987159186], [72.55905083007963, 23.071014716820414], [72.55930126986438, 23.071135430638154], [72.5593126897061, 23.071043307538048], [72.55938545761677, 23.07106196655196], [72.55958832251987, 23.071216741763564], [72.55976392966444, 23.07134852190896], [72.56007432833049, 23.071606291761647], [72.56026000997561, 23.071748855329762], [72.56040158131552, 23.0718612980921], [72.56063490331391, 23.072049188430746], [72.56091250849366, 23.072272452116877], [72.561024094326, 23.072361517247487], [72.5611236496815, 23.072444598946415], [72.56148009404183, 23.07273311612748], [72.5618695199121, 23.073052820527437], [72.5632351896222, 23.074174955027477], [72.56406191809111, 23.074790612732777], [72.56511665279636, 23.075605406957102], [72.56500314907005, 23.075959349615594], [72.5648179177137, 23.07638319847431], [72.56417591698981, 23.077831653009156], [72.56385830750013, 23.077600355140216], [72.56315821583762, 23.07710301468799], [72.56267010196517, 23.076785857963554], [72.56179712556718, 23.07622306849765], [72.5616013245858, 23.07607463819238], [72.56101827731615, 23.07563083872969], [72.56044249523265, 23.0751821148823], [72.55971709638847, 23.074653504247514], [72.55928828523253, 23.074343276949648], [72.55901204442033, 23.07428225641381], [72.55890620706795, 23.074204070371028], [72.5586509430177, 23.074016972958283], [72.55824929622766, 23.07385857471471], [72.55816871043169, 23.073798447593894], [72.55784517309979, 23.07355856755856], [72.5578406829708, 23.073566397301597], [72.55771851575867, 23.073779408124484], [72.55763430647484, 23.074045790532306], [72.55752947497078, 23.07441803425652], [72.55717607517312, 23.074693567098116], [72.55681713473625, 23.075153944399354], [72.55654589812424, 23.07550438977762], [72.55616995742761, 23.07598418602838], [72.55575667301072, 23.076521352329866], [72.55539354516654, 23.07697931722454], [72.55513477468324, 23.076926814097508], [72.55479855730418, 23.076859823429807], [72.55414459511631, 23.076726861914764], [72.55400489832248, 23.076687520311445], [72.553783673978, 23.076626593438036], [72.55363527709711, 23.076539533961988], [72.55355039517069, 23.076519343851515], [72.55340124175272, 23.07687654224173], [72.553352990947, 23.076920233007385], [72.55325994014834, 23.077131919553167], [72.55312084761988, 23.07743846424214], [72.55300135986319, 23.077469980298567], [72.55276319715323, 23.077861124290013], [72.55210100841533, 23.07756089303409], [72.55206818549844, 23.077470903375954], [72.55119829457254, 23.077213725503476], [72.55088894354928, 23.077125468886095], [72.55028557148084, 23.07695099547557], [72.54997337898777, 23.076788862629318], [72.54975986254634, 23.07669792562747], [72.54955102329203, 23.076607780443975], [72.5493335681919, 23.076537632818667], [72.54930747251669, 23.076476403440257], [72.54912915298249, 23.076365395616588], [72.54901623495199, 23.07632857783853], [72.54889839493026, 23.07628657215125], [72.54858593217497, 23.076145766585242], [72.54841321208153, 23.0760640374848], [72.54827096477436, 23.075974767584604], [72.5481051241105, 23.075918359060246], [72.54772317248498, 23.07574268977222], [72.54753536851875, 23.075638403893024], [72.54718949989109, 23.075529151011022], [72.54704388653286, 23.07552915127615], [72.54699166964855, 23.075688190667385], [72.54674405607678, 23.07568156046822], [72.54653089445627, 23.07568225756922], [72.54597641683851, 23.07557935320406], [72.54577403319452, 23.075531197030788], [72.54542952493674, 23.07543520591014], [72.54514296723796, 23.075273666639333], [72.5450564002555, 23.07527773279187], [72.54470920635146, 23.075305278731324], [72.54444754837597, 23.07518893382855], [72.54334771789632, 23.07469926075889], [72.54264825698688, 23.074403518336023], [72.54249906698305, 23.074425058182282], [72.54216832478447, 23.074286771840075], [72.54174016162663, 23.074102381089585], [72.54129968267655, 23.073912138110536], [72.54113209066783, 23.074114173394292], [72.54072541996013, 23.074604419221483], [72.54060110607976, 23.074754279615924], [72.54031533949976, 23.07509876964541], [72.5392793416515, 23.076418552986176], [72.53909136681432, 23.076573791414322], [72.53889533655963, 23.076641016323148], [72.5385319777477, 23.07666644930053], [72.53826774201504, 23.076637248506206], [72.53798041406384, 23.076553746718165], [72.5375773830368, 23.076436618828716], [72.53646132480041, 23.07619258561361], [72.53506623837332, 23.075920056639276], [72.53429186229937, 23.075806783434782], [72.53288940135879, 23.07564332381469], [72.53256534453409, 23.07562583374613], [72.53150842936255, 23.075568784826444], [72.5314647718684, 23.075566427691903], [72.53106956730292, 23.07558090717136], [72.53022321842118, 23.07571624036716], [72.53021326236895, 23.075953170475948], [72.53007809171328, 23.076307022427407], [72.53020364693964, 23.076358986201942], [72.53004047187413, 23.07679047891966], [72.52990208978882, 23.07741254622668], [72.53077442288894, 23.077645304265985], [72.53083010177644, 23.077802491781522], [72.53107537617812, 23.077979906625007], [72.5312888969339, 23.078020873008274], [72.53142057684663, 23.078078553148462], [72.53146857953256, 23.078099580381625], [72.53162054082507, 23.07927229920158], [72.53172722123512, 23.079902396581858], [72.53180904082616, 23.08037103998901], [72.53183366703394, 23.080512095297216], [72.53187902855305, 23.080771915732036], [72.5319706218957, 23.081341799259004], [72.53204410912865, 23.08193068877595], [72.53214571598377, 23.082438311671464], [72.53223022906357, 23.082964588968235], [72.53228145887803, 23.0832552921083], [72.53223622197856, 23.08326763148435], [72.53211797151461, 23.083299887859088], [72.53190747325938, 23.083570171890337], [72.53195293021376, 23.083652897537778], [72.53219348037472, 23.083906301521253], [72.53150755376798, 23.08520097649465], [72.53198332398196, 23.08573938440021], [72.53199872036906, 23.085683475844426], [72.53215883349637, 23.085512708873], [72.53229907455399, 23.085391150533823], [72.53261410827514, 23.084371125145402], [72.5327457604618, 23.084416470797418], [72.53309816436722, 23.084466742446896], [72.5331943174744, 23.084174432016862], [72.5333824376027, 23.08390567962523], [72.53366215275754, 23.084113725459904], [72.53376300405236, 23.084031746080402], [72.53386367374861, 23.083558062481764], [72.53403865886484, 23.083259908028065], [72.53430521631513, 23.082820176008596], [72.53476421272276, 23.082965343045448], [72.53512161355441, 23.083080081329864], [72.53524951360747, 23.083080662873655], [72.53538918197287, 23.082906918749266], [72.53576682942757, 23.083011159433497], [72.5360001009611, 23.083140706789752], [72.53585360018427, 23.083768681354268], [72.53576145402687, 23.08374499635893], [72.53563764276252, 23.083870508706877], [72.53622673601483, 23.08437252984375], [72.53655833668107, 23.084242436698943], [72.53704543585881, 23.0847003174607], [72.53746387358699, 23.08428944791213], [72.5379037599577, 23.084679691129182], [72.53777419555058, 23.084806699820824], [72.53818969236502, 23.085088165598528], [72.53841240856434, 23.085073571255254], [72.53914432556832, 23.085168326822263], [72.53963837844097, 23.085287752415592], [72.53987010174997, 23.0853675584329], [72.54003729557952, 23.086151909898582], [72.54043400600432, 23.08724595303348], [72.54059408722006, 23.08743186649929], [72.54075161348047, 23.08783801758524], [72.54078991096618, 23.087847097494876], [72.5413627630569, 23.087982913392867], [72.54202442052429, 23.088112242806197], [72.54208968742694, 23.088459284422353], [72.54210992039641, 23.088478708134698], [72.54227847613723, 23.08851644023499], [72.54250527691252, 23.088741071081174], [72.54298210167318, 23.08876706365637], [72.54318051455984, 23.088711659213093], [72.54354829988345, 23.088729381519382], [72.54393863316238, 23.088757784999164], [72.54437779893726, 23.088890846435984], [72.54463155596264, 23.08913081647549], [72.54512112082035, 23.08930888970194], [72.54617595788517, 23.08951973301297], [72.54723069313735, 23.089730591372685], [72.54746067282271, 23.089994843881048], [72.5473538170529, 23.090293300558034], [72.54749507639626, 23.09088664042003], [72.54732114526247, 23.091813427315667], [72.54757011441728, 23.092029179151805], [72.54751467586796, 23.092316040861235], [72.54775129938157, 23.09248093154992], [72.54796446941384, 23.092710750348235], [72.54836418578326, 23.092585897417507], [72.54866931326899, 23.092575462089396], [72.54874067414544, 23.09281018267159], [72.54974659924811, 23.09292203704304], [72.54964705505645, 23.092173197882943], [72.54994692827738, 23.092050202821344], [72.55103349666031, 23.092254464869466], [72.55211996482485, 23.092458763227395], [72.55320633359935, 23.092663106034795], [72.55335265900501, 23.09375932589808], [72.55344518974215, 23.095058914123793], [72.55419162129493, 23.094715339564676], [72.55426711392926, 23.094691359657283], [72.55486950902451, 23.094500024087306], [72.55539574957436, 23.09441256694591], [72.55633726114274, 23.094249925235726], [72.55662715951205, 23.094096968158926], [72.55707034485762, 23.094047639182843], [72.55787398764834, 23.093955133200552], [72.55808054169357, 23.09362300856403], [72.55900813185426, 23.093748045723714], [72.55964282387114, 23.093701696865853], [72.55996965285745, 23.093843024707596], [72.56000650439148, 23.094040939454672], [72.56022201163758, 23.09411999987385], [72.56031259988791, 23.094089188947034], [72.56051009182337, 23.094121006001608], [72.56080242409138, 23.09440635123899], [72.56066622129295, 23.09463080422449], [72.56077234165278, 23.09488854149629], [72.56116178143787, 23.095011671997923], [72.56115672834487, 23.095151791280667], [72.56079601450934, 23.095254755922195], [72.56093111301858, 23.095732961673136], [72.56116153140107, 23.096234577820393], [72.56124946236727, 23.096427541215814], [72.56152981246933, 23.096890991596123], [72.5617811631456, 23.097348027101557], [72.56189784414714, 23.09761847454643], [72.5621649006738, 23.09808190822704], [72.5624178140333, 23.098486447918848], [72.56282077092408, 23.099154377231056], [72.56302990468353, 23.099534594686713], [72.5632833664609, 23.10028795538163], [72.56328332665092, 23.10071212479213], [72.56329028661123, 23.101166476978346], [72.563046974916, 23.101198721898033], [72.5632525331514, 23.10180213573351], [72.5633747578418, 23.102216708567134], [72.56351956376056, 23.1027475341633], [72.56351066797946, 23.103036503320702], [72.56364078296606, 23.103494472787936], [72.56381940459887, 23.104106783958027], [72.56498579610307, 23.103742557726815], [72.56503640425404, 23.103838106612546], [72.56530070711798, 23.10433711867862], [72.56573941623307, 23.105047430067895], [72.56594290599523, 23.105439750275153], [72.56601247123032, 23.10557386867308], [72.56649164004573, 23.106234015876893], [72.56710539202817, 23.10715317108724], [72.56738776831808, 23.107858733886946], [72.56770712432416, 23.108530501937462], [72.5678391603034, 23.10950785326918], [72.56754606373548, 23.109721046806907], [72.56770938945441, 23.110464972440546], [72.56764630605727, 23.11064244192474], [72.56707902284228, 23.110501938842564], [72.56613978547942, 23.11029809788429], [72.56594935171742, 23.10933074567191], [72.56531145063175, 23.109186308584636], [72.56440106843449, 23.10884602189849], [72.56436600198647, 23.10880516025129], [72.5635370233447, 23.10783914856067], [72.56234452988456, 23.107694361869495], [72.5609629557563, 23.1074218321027], [72.5605142517333, 23.10753296438119], [72.56029626450521, 23.107933084987717], [72.5598298853639, 23.107966519099605], [72.55991131089459, 23.10949507832847], [72.5601249071733, 23.109645467005265], [72.56064470507822, 23.109742658654586], [72.56074269083126, 23.110442114772102], [72.56084891113399, 23.11105261184855], [72.56109426259063, 23.11205159033341], [72.56110401763783, 23.11251605243575], [72.5611455537897, 23.11361439549567], [72.5611869150296, 23.114712090286975], [72.5616629312166, 23.11516759514331], [72.5608541018522, 23.115594199420304], [72.56092225671085, 23.11629406419242], [72.56163980660145, 23.11568536603826], [72.56193102959116, 23.115576545306613], [72.56239640887118, 23.11540264680435], [72.56274325820063, 23.115572149294312], [72.56281742803614, 23.11592119051383], [72.56282017519761, 23.116294899876117], [72.56282147641247, 23.11647187405366], [72.56320142810443, 23.116522254189093], [72.56366138292495, 23.11710105591846], [72.56418654720383, 23.11801391391123], [72.56472789606553, 23.119438336478165], [72.56567870462365, 23.120568175919626], [72.56609436405579, 23.12164881312188], [72.56640008020982, 23.122690029575875], [72.56673130600991, 23.122864615344213], [72.56735606575273, 23.123707433142638], [72.56775249679855, 23.124122072372835], [72.56790623701347, 23.124766497300694], [72.5681459187571, 23.125415056475198], [72.56802102487207, 23.12627316670163], [72.56832782161314, 23.127524361273455], [72.56816924248166, 23.128193918644797], [72.56834951343552, 23.12873776588756], [72.56815446793892, 23.12985068094403], [72.56796067372267, 23.130963697768703], [72.56773265128228, 23.13120727884945], [72.56736940791555, 23.132186829107034], [72.56702850705811, 23.133176608236948], [72.5661061627725, 23.133736490683688], [72.56553646442568, 23.13466398529758], [72.56526103883844, 23.13461507057729], [72.56527224310274, 23.135706247528322], [72.56527635187707, 23.136106376177228], [72.5642921098607, 23.136597506597337], [72.56330753979817, 23.137088152210847], [72.5628081746458, 23.137463825420852], [72.56153049212554, 23.138115105770034], [72.56067901273495, 23.138353016258662], [72.56011467885172, 23.13851069246972], [72.56015409602502, 23.13862567156832], [72.55974717837815, 23.138830807073997], [72.55962250356104, 23.138871300405295], [72.55911458607999, 23.13903626606859], [72.55908592916511, 23.13903973739562], [72.55906755437854, 23.139041963312508], [72.55857275876664, 23.13910189587834], [72.55828818681229, 23.139087249856193], [72.55832481930426, 23.137837501013756], [72.55832923657914, 23.137686797093448], [72.55822916896494, 23.137706153428574], [72.5581818915971, 23.137764924300473], [72.5581617656736, 23.137789942908007], [72.55805539563367, 23.137922172612335], [72.55789765681067, 23.137869681777403], [72.55727006442847, 23.137687902614577], [72.55727011932498, 23.137638289702558], [72.55727059538367, 23.13721204282534], [72.5570927341088, 23.136919217691055], [72.55684316288686, 23.1365901795631], [72.55698472689781, 23.13605466566083], [72.55700045959975, 23.13599515332069], [72.55691318436874, 23.136000575447905], [72.5563687869167, 23.13603439508716], [72.5563465937598, 23.136084432925234], [72.55633240215488, 23.136116431362225], [72.55602949030616, 23.135893730394898], [72.55509574209162, 23.135486572726563], [72.5542670944093, 23.135234810338872], [72.55376719917335, 23.13513220388487], [72.5532303888876, 23.134852972639916], [72.55252076282544, 23.134519014646514], [72.55169813913072, 23.13429082901801], [72.55090904229806, 23.134141160166262], [72.55063333319242, 23.133776237145067], [72.55026975877728, 23.13342687367355], [72.54973227403869, 23.13317400845118], [72.54926412956358, 23.132997636848035], [72.54925632813003, 23.132994698032526], [72.5489571656084, 23.133002442138036], [72.54875083662247, 23.132282885762777], [72.5485547940462, 23.131414686422808], [72.54842740634297, 23.13085053095004], [72.54815847517465, 23.13093264086111], [72.54760317551192, 23.1311021840731], [72.54651461918989, 23.131406980555422], [72.54584039650602, 23.131595758691553], [72.5456707684647, 23.131220700896836], [72.54550534878418, 23.130854944575137], [72.54536186339668, 23.13088457710488], [72.54372333700822, 23.131222949613854], [72.54272664176513, 23.13146117453989], [72.54173860293069, 23.131712010254983], [72.54175565153712, 23.13180852659402], [72.54126977917029, 23.132127401818824], [72.54097230232027, 23.132322633165828], [72.54018952415379, 23.13192331990299], [72.54020292169392, 23.131782504061118], [72.5397342128854, 23.131785519852215], [72.53952723482672, 23.13179348003114], [72.53817868286913, 23.131845339290226], [72.53807043593153, 23.131944445745592], [72.53770108433433, 23.13195755833649], [72.53760550938357, 23.13197963404382], [72.53715321277734, 23.132084105693078], [72.53711087854404, 23.13213183145716], [72.53695323789394, 23.13230954836738], [72.53659254703086, 23.132716173541944], [72.53641512813537, 23.132648412218], [72.53605777738521, 23.13251193071911], [72.53568770399167, 23.132355896401783], [72.53549238161015, 23.132273541979053], [72.53521563959069, 23.13210185452485], [72.53457624284997, 23.13168711723365], [72.53425102120723, 23.13142641273133], [72.53413270505884, 23.131331567759766], [72.53407389527757, 23.131284425129415], [72.53369633982285, 23.131036266844458], [72.53375323380195, 23.131990812201526], [72.53363547918015, 23.132534485123898], [72.53325566183135, 23.133287716466256], [72.53277738141348, 23.134233077567906], [72.53252686327845, 23.13505984624418], [72.53212876357667, 23.136286476402905], [72.53211524565785, 23.13632812864074], [72.53168612301994, 23.137557167109456], [72.5315112598947, 23.137945443973535], [72.53128745796907, 23.13842911244782]]]}, "properties": {"objectid": 2, "name": "41-GHATLODIA", "st_area(shape)": 85583692.61852743, "st_length(shape)": 65958.74689996286}}, {"type": "Feature", "id": 3, "geometry": {"type": "Polygon", "coordinates": [[[72.53542767094497, 23.045855426487922], [72.53471591345391, 23.04586638962777], [72.53429243669935, 23.04587068725383], [72.53405675624535, 23.04587215606452], [72.53387728865228, 23.045870489781237], [72.53352726450193, 23.045896767008035], [72.53320726874178, 23.045920789405113], [72.53297782371254, 23.045919790992887], [72.53282139113611, 23.045926641246787], [72.53262509678041, 23.04594486757902], [72.5321051058719, 23.046003306503685], [72.53131927014238, 23.046081244635054], [72.53054776240636, 23.046155564141166], [72.53035246954056, 23.046197846283558], [72.53041678051929, 23.04612137774783], [72.53054643725409, 23.045967210045042], [72.53063961591648, 23.04582991801691], [72.53065874478155, 23.04575689159926], [72.530663627709, 23.045671030234875], [72.53062190058309, 23.04558370401457], [72.5305530704813, 23.045448963289118], [72.53052763584787, 23.04539677310717], [72.53041569950594, 23.0451828445348], [72.53033026607824, 23.045016670422378], [72.53029739298725, 23.04496157267172], [72.53012616004345, 23.044626766717816], [72.53008808146892, 23.04455282475969], [72.5297018292096, 23.043658439357536], [72.52961221683121, 23.043564687149832], [72.52949629274207, 23.043439484287], [72.52904032603404, 23.042764283508397], [72.52908684633385, 23.042749497797015], [72.5290166029705, 23.04260992731938], [72.52893525577504, 23.042455357319504], [72.52878851559922, 23.042164593930877], [72.5286521178566, 23.04189488004122], [72.52861478397986, 23.041818589664143], [72.52851817106202, 23.04157407424863], [72.52845979527258, 23.04143262634561], [72.52833720251574, 23.04110952352141], [72.52830305299959, 23.040485847031327], [72.52806604350914, 23.040108809331482], [72.52777112494653, 23.03964274351504], [72.52776460758362, 23.03959361849236], [72.52772196673826, 23.039524415540953], [72.52755817041155, 23.03926154326707], [72.52747813815579, 23.038962279282416], [72.52745330099378, 23.03885483877133], [72.52737084570948, 23.038280705454603], [72.52736448201118, 23.038149348349908], [72.52738138251352, 23.037967170810532], [72.52740709954651, 23.037818074415615], [72.52743195112855, 23.037653922803408], [72.52748366826607, 23.037462385639582], [72.5272945767932, 23.037439541547208], [72.52712064780809, 23.037419929730724], [72.52696220191065, 23.037402604655174], [72.52681087194426, 23.03738452138978], [72.52666339934925, 23.037369988369974], [72.52652932548439, 23.03735575782382], [72.52642818713521, 23.0373352546743], [72.52637307582238, 23.037318654719094], [72.52623935697149, 23.037301708590604], [72.52606008686192, 23.03730666622436], [72.52599920295815, 23.03730678506225], [72.52584087466637, 23.037287207450007], [72.52563135874321, 23.037259285165423], [72.52556869038514, 23.03725046032963], [72.52535076648427, 23.037220724258116], [72.5251558566948, 23.037196752927763], [72.52509647161497, 23.037195189584317], [72.52487305512803, 23.037158316392212], [72.52480875808527, 23.037149003554287], [72.5247807172317, 23.037436459327367], [72.52477300013756, 23.03752326086724], [72.52475315484634, 23.03775344074734], [72.52466391068863, 23.03775375778646], [72.52457732616139, 23.037757081958155], [72.5245069135926, 23.03772169654449], [72.52441927522415, 23.037675901663093], [72.52431656638666, 23.03762019866407], [72.52419721118846, 23.037558570156285], [72.524080527937, 23.03750077406369], [72.5240233337099, 23.03747439548135], [72.52401580433381, 23.037461118155004], [72.52396766375782, 23.037341606357693], [72.52385721477772, 23.0373216806796], [72.52370803948158, 23.03729393176701], [72.52355029642229, 23.037273104416386], [72.52343017658278, 23.037213855685952], [72.52335397011177, 23.037176633116506], [72.52326168685346, 23.03713295856447], [72.52316233577191, 23.03709899155648], [72.5229784903658, 23.03703585444065], [72.52287751579775, 23.03700442383433], [72.52282379728985, 23.036969841842318], [72.52275176600257, 23.03691139213823], [72.522670063965, 23.036652966061563], [72.52260921294665, 23.036512303740125], [72.52261071452597, 23.036439765056457], [72.52260890310441, 23.036240297335137], [72.52261959597965, 23.036090867324205], [72.52256470247747, 23.036074629715905], [72.52240021146515, 23.035993170659815], [72.522480968842, 23.035807062087436], [72.5221889268007, 23.03556190967194], [72.52216789833689, 23.034492683450285], [72.52216583309585, 23.03442381813837], [72.52216007651023, 23.034022660990416], [72.52219155029861, 23.033329065130197], [72.52178815475666, 23.033257336199206], [72.52164076706481, 23.033211537908976], [72.52158782742457, 23.03320421012806], [72.52087745134014, 23.033151883213954], [72.52082023117201, 23.033167716735427], [72.52051595019108, 23.033160712183907], [72.51946526233053, 23.033129422311223], [72.51922860102722, 23.03311486835016], [72.51858276687732, 23.033106760205083], [72.51803454234546, 23.033104150988603], [72.51779220714067, 23.033108996173176], [72.51745314832264, 23.03310605372697], [72.51716439884157, 23.03310423183819], [72.51690480875179, 23.03310111961821], [72.51676585506506, 23.033087529415187], [72.5166116191491, 23.033060105489756], [72.51634596965764, 23.03300239105818], [72.51608727477863, 23.032944630172228], [72.5157111239764, 23.032818201230146], [72.51502486580436, 23.032563259726224], [72.51462466999848, 23.032438599897368], [72.51440413995127, 23.032362543547894], [72.51418524503917, 23.03231544566187], [72.51363398335647, 23.032264562435184], [72.51253989475273, 23.032123229214648], [72.51219543557875, 23.032079783771813], [72.51170774758265, 23.03202436120232], [72.51165887108564, 23.03203070931395], [72.51146901896708, 23.032037060494982], [72.51136812768559, 23.032045748620124], [72.51109591154875, 23.032107868322097], [72.51089402334374, 23.032152430347377], [72.51080598003699, 23.03215658273988], [72.51050921590564, 23.032164484242934], [72.50981834259954, 23.032179485610843], [72.50963456426513, 23.03218279949381], [72.50924797674446, 23.032208967372288], [72.50876125807149, 23.03222915587977], [72.50863093479012, 23.032220553173897], [72.50811381167783, 23.032183966389372], [72.50792904509106, 23.032084554783726], [72.50782821831332, 23.03202850314517], [72.50759220295879, 23.031961443947658], [72.50703404078912, 23.03180704422852], [72.50712109302548, 23.031267645038625], [72.50587805288617, 23.031143573831113], [72.50540926542813, 23.031652989624796], [72.50481246900705, 23.031879164097376], [72.50432564375978, 23.031954354918327], [72.50331463371894, 23.032016613085332], [72.50252489115455, 23.03191024652296], [72.50185639408059, 23.03163871406198], [72.5013675122168, 23.031428559982206], [72.50078379096361, 23.03120892987183], [72.50046879332189, 23.03095191844561], [72.49978043402533, 23.030384331464884], [72.49934169153381, 23.030031304077887], [72.49923618643136, 23.029482782638084], [72.4991717749054, 23.029100601786507], [72.4991400456918, 23.02891474214698], [72.4990831019857, 23.028716624453804], [72.49894328628129, 23.02826329229874], [72.49867164986411, 23.02792158252948], [72.49865793857803, 23.027852484779306], [72.49860960555706, 23.02760891478669], [72.49782045117016, 23.027425118877417], [72.49751667239573, 23.02788871682952], [72.49747193267275, 23.027956994425384], [72.49608271132182, 23.027996544730733], [72.49580021362777, 23.027997359030604], [72.49558517275072, 23.02799840425699], [72.49536567591485, 23.02800017032033], [72.49529014668666, 23.027996963705313], [72.49490508297639, 23.02800172633455], [72.49464746750516, 23.02803438140591], [72.49425869075682, 23.02808443899216], [72.49329827348119, 23.028239868549218], [72.49308378870455, 23.02827457952387], [72.4929162821077, 23.028301426457507], [72.49190996485129, 23.028462711447403], [72.49124268955546, 23.02856580798359], [72.49079820597578, 23.02864536913043], [72.49076374822883, 23.028464803221933], [72.49064012757523, 23.027816995232556], [72.49064644415198, 23.027589282713567], [72.49065183498777, 23.027289326655577], [72.49067736172101, 23.02718287658052], [72.49062243656766, 23.02658853802443], [72.49109545822783, 23.0265455751778], [72.49113050706858, 23.025942819578184], [72.49168519346352, 23.025858725202642], [72.49178314314776, 23.025771137851795], [72.49178112613981, 23.025626147047433], [72.4917119866823, 23.025483382214087], [72.49149259340541, 23.02550381974163], [72.49137877912658, 23.024986764765604], [72.4911475907339, 23.02501950234281], [72.49103456487445, 23.025035508671863], [72.49013962461716, 23.0251029067856], [72.48983434148477, 23.025146117280148], [72.48929418732133, 23.025103536575287], [72.48938689848123, 23.024701067316396], [72.48939040587126, 23.02468584508657], [72.48912440251202, 23.024534822218524], [72.48855517008242, 23.023936837934805], [72.48851826858228, 23.02389373765203], [72.48779247033417, 23.023046006546696], [72.48747040829836, 23.0226435384727], [72.48712363111144, 23.022319188102117], [72.48701295858233, 23.022214920657067], [72.48673092754417, 23.021827330676416], [72.48618425860678, 23.021477026337383], [72.48540724576952, 23.02101618667798], [72.48525627806748, 23.02087381320902], [72.48502417647308, 23.020717873393604], [72.48448236401302, 23.02039976566997], [72.48431748176885, 23.020234695674045], [72.4841860915722, 23.02004178978196], [72.4837399070433, 23.019386699857343], [72.48330576365656, 23.019156032050944], [72.4827503246952, 23.018691773632792], [72.48265464978948, 23.01859918524644], [72.48232663227624, 23.018353527587042], [72.48186411420107, 23.018007139158005], [72.48140941786323, 23.01766753442088], [72.48133326295698, 23.01761065496814], [72.48111219069598, 23.017492725521606], [72.47995647194394, 23.01687620550361], [72.4799491380027, 23.016872747667993], [72.47930564882532, 23.016457262437466], [72.47909579565349, 23.01632176507327], [72.47824184840665, 23.015772069531685], [72.47793452049486, 23.015959047046483], [72.47724193878639, 23.016380405663277], [72.47682991841249, 23.016331419309257], [72.47647743949125, 23.016303981961606], [72.47618925622668, 23.01610951543403], [72.47526755556686, 23.015487541831707], [72.47426798274988, 23.0147920730251], [72.47335320424008, 23.0144168472496], [72.47231124784474, 23.01394499324824], [72.47126860183708, 23.013474604131538], [72.47022587833791, 23.01300438884061], [72.4702868635043, 23.01255150030305], [72.46951064659466, 23.012276389977668], [72.46925499379022, 23.012580137533117], [72.46876632875353, 23.01232552780793], [72.46855861911224, 23.01221730342464], [72.4685564315505, 23.012216163488294], [72.46855786501392, 23.012210997546628], [72.46859020869051, 23.01209441956053], [72.46868374294974, 23.011757288532856], [72.46827553077993, 23.01124909135207], [72.46799489672415, 23.011002636720356], [72.46790626535329, 23.010924799901286], [72.46789086611945, 23.010793982156947], [72.46783304074928, 23.01030275694328], [72.46760375344756, 23.009469949276525], [72.46715945755021, 23.00889098543246], [72.46692698647422, 23.008588048398654], [72.46704335371216, 23.008435555633724], [72.46679042101947, 23.007648242606066], [72.46659605699065, 23.00705206600687], [72.46661979127694, 23.006587483052098], [72.46656844838228, 23.006145976164802], [72.46653820724919, 23.00588592202713], [72.46668389361079, 23.005813604949353], [72.46708098204893, 23.00561649149056], [72.46704168604045, 23.00512463284512], [72.46685111472894, 23.004404556627513], [72.46593719202444, 23.003464591816744], [72.46598791160113, 23.003310118629678], [72.46608185489157, 23.003160931392102], [72.46602523393598, 23.002851309519873], [72.46631255626241, 23.002082970989207], [72.46632362291679, 23.002053377107217], [72.46629433869897, 23.001930169973168], [72.46608471317761, 23.00104821995292], [72.4658489420127, 23.000529845115928], [72.46568324306692, 22.99958858294373], [72.46570811488854, 22.997987237525752], [72.46571082887894, 22.99781249948168], [72.46557969947605, 22.99740296156331], [72.46553082384186, 22.99725031421376], [72.4655005668389, 22.99715581619981], [72.46536203935568, 22.996979193269805], [72.46497569051013, 22.996059966586287], [72.46495458867133, 22.99594613335518], [72.46486785567447, 22.995478239645106], [72.46478219406191, 22.9950161224628], [72.46470897901976, 22.99462006390999], [72.46458929837678, 22.993972648921325], [72.46532496136177, 22.99396786675874], [72.46553162881534, 22.994063071990414], [72.46583095851588, 22.994200963370865], [72.46734828857893, 22.99424854245842], [72.46755637612802, 22.994255066714146], [72.46787172126263, 22.9934663576241], [72.46862988853037, 22.992139495929983], [72.46863000824304, 22.991999199316606], [72.46863013543974, 22.991848986342806], [72.46924600753013, 22.99058266450986], [72.46925021946865, 22.990562390626458], [72.4693255946315, 22.990199589513246], [72.46952119292864, 22.989964065357068], [72.46958175842536, 22.98989113758471], [72.46979915871708, 22.989629360672424], [72.46979482231139, 22.98960108378452], [72.46971196522755, 22.989060816597046], [72.46974646163737, 22.989007651779307], [72.46990477856346, 22.988763656715605], [72.46992317316165, 22.988293779980065], [72.46994371970565, 22.987768904462424], [72.46994381320255, 22.987766503791654], [72.46994499666907, 22.98776578336389], [72.4705465462896, 22.987399639740154], [72.47061332883645, 22.987358991265612], [72.47066857220611, 22.986872378434118], [72.47068033250503, 22.98638065759708], [72.47052249461929, 22.98525900810048], [72.47031897474983, 22.98446444370817], [72.47024009781853, 22.983775132555053], [72.47028820569801, 22.98270472535596], [72.47015307775692, 22.98252735154145], [72.47015318962147, 22.982521871045314], [72.47016786885558, 22.98180084359311], [72.47020130777739, 22.981756011857133], [72.47032644752605, 22.981588236678704], [72.47026671517786, 22.98114302539548], [72.47012112964457, 22.980252599947427], [72.47010823201246, 22.98017371644758], [72.47010657759799, 22.979713444455204], [72.47030030011184, 22.978043729087826], [72.4703904803908, 22.977560384508866], [72.47057543049645, 22.977013274734663], [72.47052491391715, 22.97635453677828], [72.47071152315725, 22.976267064389745], [72.47065564781948, 22.97615853780935], [72.4705292219378, 22.975912983061537], [72.47072085484183, 22.975827583153453], [72.47078598556736, 22.97579855751565], [72.4707927340333, 22.975713118805107], [72.47080725362976, 22.97552930982709], [72.47081523111443, 22.975526246932972], [72.47095707483304, 22.975471792748596], [72.47109648025177, 22.97541827355326], [72.47146641693904, 22.974568387641206], [72.47212620855113, 22.974304138487035], [72.47252565839077, 22.974125691512434], [72.47281738748936, 22.973433136824102], [72.47304784188343, 22.973198123756273], [72.47308249514104, 22.972812369964913], [72.47319098228621, 22.972837879982976], [72.47322631021738, 22.972846187044638], [72.47324449689526, 22.97285046355592], [72.47323673950353, 22.97271774822456], [72.47321153622917, 22.97228657021601], [72.47311384497156, 22.9722206428384], [72.47308250758466, 22.972199493937016], [72.47307030618038, 22.972019685269043], [72.47304395670616, 22.97163138684362], [72.47301316572667, 22.971179870495856], [72.47307568221784, 22.970673285997123], [72.47319931824136, 22.970567835146223], [72.47325723609872, 22.97051843589345], [72.47380028120122, 22.97053234231986], [72.47393332723267, 22.97053574894366], [72.47410583387105, 22.97051450436312], [72.47440547808722, 22.97047760248779], [72.47444682757194, 22.97050274190342], [72.47504393927693, 22.970865759865745], [72.47552110057653, 22.971314714279412], [72.47584656271903, 22.97102340628324], [72.47614703575266, 22.970713295417976], [72.47639621970397, 22.970754855130863], [72.47652855708002, 22.970560985406426], [72.47664804029611, 22.970580145836973], [72.47690453384271, 22.970105224729387], [72.47664660205506, 22.969686571563432], [72.47671031596393, 22.96894175284735], [72.47715323930585, 22.96870964911059], [72.47729855453413, 22.968217620223548], [72.47746928927444, 22.967234625961485], [72.47766918020434, 22.96711873060705], [72.47781916285115, 22.966425178941925], [72.47788947458295, 22.966100040220237], [72.47866662029234, 22.9663593239349], [72.47893928891008, 22.96645029482984], [72.4791242717578, 22.966724462890507], [72.47946581813316, 22.96723067615821], [72.48012319156008, 22.967972909990984], [72.4810759635176, 22.96822054808115], [72.48203523426882, 22.96846349943182], [72.48300013208274, 22.96870240185041], [72.48368179983514, 22.968859287556995], [72.48491744655833, 22.969115970288744], [72.48556321566319, 22.96923301554666], [72.4869496390506, 22.96946509881752], [72.48820054748248, 22.96969465926417], [72.48966620197015, 22.97013159942334], [72.49058399533769, 22.970520667512584], [72.4915673235596, 22.971160178618774], [72.49254790389271, 22.971800338570834], [72.49360731411858, 22.9730492237641], [72.49487315245416, 22.974432227173196], [72.49502861609525, 22.97480080191807], [72.4959272594107, 22.975237438985285], [72.49638988732961, 22.976348674595737], [72.49692130400142, 22.976596106908705], [72.4976972815029, 22.976649131878546], [72.49824663880308, 22.977054703626205], [72.4994965602763, 22.977909984470283], [72.50084708014946, 22.97873214660099], [72.50169639295063, 22.97918826484881], [72.50106831036922, 22.98068147283855], [72.50185160843503, 22.980617583440004], [72.50208780109202, 22.980598317199668], [72.50234709589796, 22.980577110170792], [72.50310826592526, 22.980514853382044], [72.50309479731865, 22.980447246514704], [72.50300310616389, 22.979986978307814], [72.50355272735911, 22.979828523108036], [72.50433934595777, 22.979888249447416], [72.50438443745466, 22.98003785992502], [72.50447839306028, 22.980349596400877], [72.50452045864031, 22.98048916757409], [72.50482936930726, 22.97994500908086], [72.50489788554582, 22.979824314910488], [72.50506703293415, 22.97952635244037], [72.50579705469323, 22.97865624043219], [72.50506816135358, 22.978020617533495], [72.50433885348694, 22.97738494998631], [72.50531424015954, 22.977075632566905], [72.50629026327039, 22.97676626735719], [72.50775246746305, 22.976554002101196], [72.50921499065755, 22.97634169639876], [72.51042514432554, 22.97617268904931], [72.51095963116066, 22.976101958677138], [72.51180005304838, 22.97599073984329], [72.5119995856985, 22.976177914799447], [72.51201732520076, 22.976228909065377], [72.51220868992047, 22.976779006046822], [72.51323588142749, 22.97663330084814], [72.51325897714389, 22.976630024393227], [72.51338945348418, 22.975567313398937], [72.51369606773841, 22.974857970942445], [72.51440149092585, 22.973811129259637], [72.51495507699494, 22.972972882760317], [72.51550963267245, 22.97213463993442], [72.51604705055371, 22.97101490458787], [72.51511645660904, 22.970464041737948], [72.51418597356168, 22.969912872335556], [72.5125349123979, 22.969145208728794], [72.51167213624859, 22.96882219126177], [72.51006715409433, 22.967891893448183], [72.51014740218854, 22.967628946123508], [72.50899870190722, 22.967285956534656], [72.50874766897287, 22.967211072175463], [72.50784918379505, 22.966943045445376], [72.50709769336238, 22.966779157361977], [72.50749100277295, 22.965922210118073], [72.50788569250858, 22.96506523803009], [72.50828182059176, 22.964208212207346], [72.50796584755976, 22.964137764955584], [72.50808897357152, 22.963668382045924], [72.50820363276434, 22.963231273691346], [72.50824703594718, 22.962573108663722], [72.50800979015006, 22.961818963473423], [72.50754802511086, 22.9608064248976], [72.50720642376663, 22.959776432826402], [72.50678640310429, 22.958808925717893], [72.50663332311659, 22.95792614753891], [72.50663059617771, 22.956679722994352], [72.50623229368547, 22.955782884552214], [72.50741139035226, 22.9555779365543], [72.50858857263508, 22.95537351544255], [72.50868434761311, 22.955702499151794], [72.50869991624445, 22.95575597727331], [72.509006402209, 22.95564504974962], [72.50904598704746, 22.955630723068747], [72.50936480446431, 22.955039088033033], [72.50961654674754, 22.95448471400299], [72.51047482670863, 22.95357268732028], [72.51108952986978, 22.952830879636377], [72.51175309442327, 22.952316927093996], [72.51274169638666, 22.951576651476664], [72.51372807892332, 22.95083700840213], [72.51474166596866, 22.950145310286445], [72.51619829714146, 22.949140739647643], [72.51621499010595, 22.949201699724416], [72.51718950410064, 22.948946204977666], [72.51816359778499, 22.948690543908615], [72.51913729941718, 22.94843471696726], [72.52011063530628, 22.948178724572323], [72.52135290574418, 22.94802596242235], [72.52259525700802, 22.9478727203346], [72.52298488985807, 22.94782451784409], [72.52383770740221, 22.9477190094253], [72.52388883255232, 22.94772627510895], [72.52465730511923, 22.947835487353778], [72.52469473416762, 22.94784080659075], [72.52577812315349, 22.948103956654254], [72.5268626900608, 22.948366436377572], [72.52794837679667, 22.94862827732948], [72.52881516318772, 22.948761683599816], [72.52986602022109, 22.948877961051267], [72.53023879800725, 22.948919024986118], [72.53091752434806, 22.948993787634354], [72.53196966958284, 22.94910917046444], [72.53196960992823, 22.94911498242964], [72.5319595329137, 22.95010084721402], [72.53195152204445, 22.95089380909954], [72.53194951326232, 22.951092634004524], [72.5319396263218, 22.952084525663803], [72.53192988489482, 22.953076515169293], [72.53211316097634, 22.953911476411403], [72.53358456529531, 22.954446611591695], [72.53401478052272, 22.954922001733216], [72.5347778705944, 22.955822089173815], [72.53554219639116, 22.956721825356755], [72.5361956523964, 22.957536962471437], [72.53684995146132, 22.958351882980566], [72.53623467120062, 22.959149259186926], [72.53604598736835, 22.95981758590414], [72.5357383816342, 22.960572229184912], [72.53521266768948, 22.961209852781327], [72.53498710224977, 22.962217518885094], [72.53476148359752, 22.96322531349395], [72.53423151224463, 22.963521234615616], [72.53490156254244, 22.96465251878728], [72.53557151315307, 22.965784178395243], [72.53588198720166, 22.966274135968046], [72.53654571581767, 22.966381435937876], [72.53681206635304, 22.966424494183606], [72.53682935355573, 22.966427288810383], [72.53843534259293, 22.966215516545805], [72.53845592860935, 22.965444329757247], [72.53923469452783, 22.965365392407506], [72.53926947955782, 22.96562170309513], [72.53934936375282, 22.966210330431043], [72.53902646178999, 22.96625980467234], [72.53862023262421, 22.96632204553502], [72.53863584216624, 22.966469834076914], [72.53873236876557, 22.96738370454857], [72.53878465927751, 22.967877884039776], [72.5388447149806, 22.968445442586674], [72.53837834018228, 22.968477840770735], [72.53783983995704, 22.968515246699127], [72.53783415281428, 22.968481588137497], [72.53778083368962, 22.968166009065794], [72.53676836915757, 22.968334112389982], [72.53773507401709, 22.969807364967533], [72.53869845544965, 22.971265884134592], [72.53939653096621, 22.97219393527019], [72.5393512025028, 22.9725870705858], [72.53939968051624, 22.973252781901767], [72.5395040519649, 22.97410589858244], [72.53941846049143, 22.974618177398202], [72.539238831854, 22.974908553078077], [72.53902095968132, 22.975164338136683], [72.53907387586031, 22.975605861678506], [72.53916347065449, 22.976249265973482], [72.53875897077954, 22.977791950266194], [72.53863880740997, 22.978203448958556], [72.53803423961253, 22.97901402994018], [72.53767004932551, 22.979502715332316], [72.53743012167477, 22.979824658352744], [72.53682642596664, 22.980635352730108], [72.53622312188374, 22.98144613426766], [72.5350597541242, 22.98248356790257], [72.53501133601969, 22.983744031191215], [72.53496368136973, 22.985004379733702], [72.5346719378259, 22.98658668451054], [72.53449314819628, 22.98787399643819], [72.53355055532204, 22.988488191509514], [72.53293468983168, 22.988925936595244], [72.53174624185873, 22.989458929132624], [72.53057851020091, 22.989326804212766], [72.52941173534815, 22.989194400476464], [72.52898007967319, 22.98904321860849], [72.52872780237146, 22.989189848322244], [72.52733740626059, 22.988753224655525], [72.52688206232901, 22.989703056609034], [72.5276203566764, 22.99049676082375], [72.52756760307929, 22.990612634794154], [72.52840850826941, 22.99145418815965], [72.52928631436146, 22.992007800145704], [72.53034427875956, 22.99251781516055], [72.53045491829921, 22.992553018723456], [72.5319004812624, 22.99301296234236], [72.53226546589478, 22.993146868392184], [72.53223981818077, 22.99321918412301], [72.53201081809867, 22.993864853119884], [72.53218364840869, 22.994163892249993], [72.5325264996607, 22.99425616703133], [72.53309297882701, 22.99440862705776], [72.53376965416143, 22.994622414551344], [72.53376463455777, 22.994757607732943], [72.53374827041277, 22.995198356512383], [72.5337404269499, 22.995409618290104], [72.53380272439168, 22.99556328605736], [72.53380963536257, 22.995580332196578], [72.5341140750555, 22.99566920152874], [72.53528111409886, 22.996009865595234], [72.53509512313927, 22.996132278542436], [72.53500324326379, 22.996192750294767], [72.53490230175338, 22.99688088125012], [72.53495912785795, 22.998113922022508], [72.53492728273021, 22.998511627385913], [72.5346585179475, 22.99853742271186], [72.53439804946959, 22.998562421459315], [72.53432540035976, 22.998569394007607], [72.53410378733717, 22.999588566764732], [72.53445189666732, 22.99961765036358], [72.5359862113782, 22.999745834364013], [72.53620197893531, 22.999758970568358], [72.53655459553785, 22.999780438153905], [72.53777176798958, 22.999858602603172], [72.53857796149, 22.999887309739872], [72.53868124893965, 22.999948263318068], [72.53875435527027, 23.000201062945628], [72.53880998530437, 23.000393429873373], [72.53885522412128, 23.00054591460615], [72.53889811633363, 23.001232134362695], [72.53890154835902, 23.001287045854564], [72.53899735008848, 23.001523320247408], [72.53907523723304, 23.001715411158216], [72.53952915655309, 23.00291311511349], [72.53956890968703, 23.00363363520905], [72.53958022440465, 23.004693057776038], [72.53925310688867, 23.00586744391331], [72.53832212094451, 23.007410450165604], [72.53819450329974, 23.00758998138519], [72.53735458998015, 23.007396688381053], [72.53735246110296, 23.00739915860878], [72.53678829940552, 23.00805380008331], [72.53660142544497, 23.00804068560136], [72.53552672886015, 23.007965263873636], [72.5353004036655, 23.007949112296807], [72.53426971677051, 23.007875559164066], [72.53417129295683, 23.008222070813932], [72.53409340909347, 23.00851213241807], [72.53404726486232, 23.009564811095483], [72.53402378301584, 23.009563119023497], [72.53396411765048, 23.009599867680684], [72.53392092393382, 23.009626472321756], [72.53379682838778, 23.00970290416169], [72.53372480687773, 23.009747263597802], [72.53376706039154, 23.01009424380476], [72.53381036700858, 23.01039330212806], [72.53393344814361, 23.011243244670396], [72.5340327628163, 23.011269697723865], [72.53418996210074, 23.011311570007038], [72.53424956142797, 23.01161908462335], [72.53442367695392, 23.012517471634833], [72.53452198571776, 23.012582780665117], [72.53456716184944, 23.012722392065182], [72.53460462906745, 23.012838172384058], [72.53461661703251, 23.012875219713653], [72.53465971675931, 23.013008409920133], [72.53475170497698, 23.013292680197406], [72.5350378044908, 23.01416383750034], [72.535098600625, 23.014488165502993], [72.53519209020855, 23.014693273512997], [72.5352100647025, 23.01471862133511], [72.53526575404126, 23.014797153220933], [72.53533320490803, 23.01489227143797], [72.53537329568225, 23.014910097121753], [72.53593228752999, 23.015158637103113], [72.53627360534367, 23.01558339425942], [72.53644522255303, 23.01579696382808], [72.53644699295849, 23.017119730575093], [72.53643564020946, 23.017374120157626], [72.53623245651436, 23.018507817697458], [72.53602067686893, 23.018990924014567], [72.53588783754559, 23.019214455252367], [72.53561154599855, 23.019798956737684], [72.5355167745085, 23.01999944635973], [72.5354556831475, 23.02012868681541], [72.5350235139752, 23.02104193245759], [72.53498222960515, 23.02110652965312], [72.53441838066989, 23.021988779484897], [72.53433240367718, 23.02220965224901], [72.53396077751911, 23.023164337934592], [72.53388442520013, 23.023770925366584], [72.53334560161068, 23.02398281058645], [72.53272577298992, 23.02422654518866], [72.53246722352625, 23.024378649942665], [72.53234207849833, 23.024452271806474], [72.5321156288354, 23.024536440561985], [72.5319836677672, 23.024585489259987], [72.53098856600347, 23.025708972989047], [72.53068502000845, 23.02617070331038], [72.53054717898858, 23.026414838214233], [72.53048111560406, 23.02653184558674], [72.52996345351106, 23.02763141984122], [72.52963494706843, 23.028243653143043], [72.5284700351279, 23.02906015144607], [72.52882720965003, 23.02958044945839], [72.52907571928574, 23.029942450830458], [72.52968206132698, 23.030827061575827], [72.52979082376808, 23.030916949814443], [72.52977548159546, 23.0309746372186], [72.52973706354395, 23.031119103447608], [72.53011406666833, 23.032013044108027], [72.53049139423726, 23.03290762384325], [72.53058247730492, 23.033332937635084], [72.53083566112706, 23.033362084685887], [72.53087812836993, 23.033366974539103], [72.53101217482894, 23.033846240580377], [72.53102067838091, 23.03385704663622], [72.53108678790255, 23.033941052042458], [72.53129004044536, 23.034007714569363], [72.53133404289953, 23.03402214603331], [72.5313599638172, 23.034133419009645], [72.53134222229546, 23.0341900372587], [72.53133599591506, 23.034209913505535], [72.53135330519719, 23.034228758847348], [72.531571611426, 23.034466427599096], [72.53158491709726, 23.034491622687458], [72.53185941484652, 23.0350114344215], [72.53195109105575, 23.03520044270995], [72.53177765414429, 23.035187912437422], [72.53173477220214, 23.03560709193713], [72.53178850903234, 23.03563976288347], [72.53189386858669, 23.03561960065249], [72.53191344147778, 23.03580311497449], [72.53190816550348, 23.036278341422904], [72.53091017636682, 23.037116739900966], [72.53057712204566, 23.037474390421167], [72.53061371863981, 23.037608186950333], [72.53123079304184, 23.037689132697256], [72.5313557445551, 23.037705523399996], [72.53146025242815, 23.03816495309765], [72.53152445635956, 23.03844719805608], [72.53180860430747, 23.038461252465346], [72.53190264365045, 23.038465903722294], [72.5319037662096, 23.03886985720558], [72.53190432842497, 23.039071592920113], [72.53224137532759, 23.039198703022297], [72.53230166523437, 23.03926329650096], [72.53236419108663, 23.039330288274876], [72.53264021877982, 23.039680883640383], [72.53281085295603, 23.039897610822127], [72.53282841338972, 23.04007151273107], [72.53305340732912, 23.040268459205038], [72.53302479734306, 23.040692271684588], [72.53303989474439, 23.041001155758526], [72.53334915639638, 23.04114179048018], [72.53328220782886, 23.04139131913431], [72.53311381191469, 23.041504001160913], [72.533263522139, 23.042413325857616], [72.53362515843465, 23.0425637708235], [72.53382440611652, 23.04264666057666], [72.53507632552783, 23.04320383771056], [72.53503770999875, 23.043446571643827], [72.53493935380813, 23.044064830386432], [72.53540885441252, 23.044220751735633], [72.5356005156047, 23.044284401711867], [72.53557794549843, 23.044424287586867], [72.53666826931918, 23.044974619726496], [72.5366390586782, 23.04516872119303], [72.53655954965548, 23.045697062538498], [72.53637376492313, 23.045873657359763], [72.53600790187471, 23.045856148788914], [72.53542767094497, 23.045855426487922]]]}, "properties": {"objectid": 3, "name": "42-VEJALPUR", "st_area(shape)": 48456960.67163152, "st_length(shape)": 42928.620173399}}, {"type": "Feature", "id": 4, "geometry": {"type": "Polygon", "coordinates": [[[72.67446988798505, 23.0188978835155], [72.67435987089898, 23.019325012220055], [72.67405099315515, 23.019833439689744], [72.67317467718115, 23.019581463551326], [72.67247620066382, 23.019494890628472], [72.67201361059115, 23.01939163223937], [72.67141774438912, 23.01927103860558], [72.67126179425945, 23.0188766731948], [72.67109079089674, 23.01844423892091], [72.67096693304467, 23.018428711716833], [72.66954525022035, 23.018250482623678], [72.66949348959783, 23.018243993587973], [72.6693248100012, 23.018681313199014], [72.66848532158606, 23.018656356789798], [72.66835657648943, 23.019276237783785], [72.66838277933692, 23.019388689182566], [72.66833340568645, 23.019382221378567], [72.66714005907477, 23.019225889138223], [72.66690701645322, 23.019282227330415], [72.66684647041225, 23.019256538502074], [72.66649220169859, 23.019106225047654], [72.66599673200476, 23.018859586148466], [72.66593066158076, 23.018843830460575], [72.66538021307646, 23.01871256145252], [72.66474628443406, 23.018609142691528], [72.66455258001987, 23.018583854665966], [72.66427675247688, 23.018561029372123], [72.66363302716748, 23.01850775849154], [72.663231125516, 23.018473200831266], [72.66248243569605, 23.018528097034725], [72.66215304229029, 23.01856014703471], [72.66176186002379, 23.018544262629497], [72.66150520467765, 23.01859150001225], [72.66045901376461, 23.0184768447742], [72.66037950715123, 23.01864654237294], [72.65909143139427, 23.018477566248666], [72.65921254787128, 23.016983609055078], [72.65827056252833, 23.016892853692333], [72.65827092840198, 23.017629388626933], [72.65827096685638, 23.017706151080187], [72.65722368363369, 23.01774378181146], [72.6571141794592, 23.017745106145107], [72.65697755411874, 23.017745347133232], [72.65619167104175, 23.0177467361933], [72.65546339212575, 23.01775871815217], [72.65503532450133, 23.01775503376118], [72.65390278565371, 23.017745294607394], [72.65297916972752, 23.017751599430945], [72.65304420872715, 23.017627137326908], [72.65370957454245, 23.01635384091084], [72.65411814335438, 23.01541364925363], [72.65442022556437, 23.014671841828573], [72.65484306488696, 23.01368225476243], [72.65494530183722, 23.012761743695975], [72.65459039635257, 23.01168335707652], [72.65415299947946, 23.010650207745044], [72.6541375576409, 23.01061373536098], [72.65324055657435, 23.01050015313547], [72.65248902729246, 23.010439648923445], [72.65123870617687, 23.010362290971848], [72.65105580262966, 23.01034208873146], [72.65088821559796, 23.01035878770691], [72.65056759829783, 23.010337092216542], [72.65008298422212, 23.01020236460416], [72.64986646976038, 23.010120887292707], [72.6497551865902, 23.009997102186656], [72.64910986752975, 23.009264463052272], [72.64858786089985, 23.008884446895024], [72.64838830783468, 23.008737095112377], [72.64836274263347, 23.008718217520467], [72.6481673923597, 23.00857396770683], [72.64810891677685, 23.008530788447295], [72.64810118629241, 23.008525079744], [72.64802519197336, 23.008468964634982], [72.64789137804765, 23.008370153887032], [72.64763989056797, 23.00818444986067], [72.64668840075495, 23.007484054153625], [72.64593712487827, 23.00713500895657], [72.64509121430615, 23.00661131658579], [72.64486774152208, 23.006502946674765], [72.6432167092521, 23.005774520695436], [72.64318111536609, 23.00575881625683], [72.64315829523386, 23.005689123505764], [72.6431926335034, 23.005648110088718], [72.64395485897901, 23.004737712469], [72.64406886040354, 23.00455980699826], [72.64421665563086, 23.004329561095297], [72.64427185855652, 23.004243562123648], [72.6443340037338, 23.004146747856215], [72.64503525220195, 23.00337356004422], [72.64516373634153, 23.002676818669407], [72.64534026221637, 23.00171954161801], [72.64540628181321, 23.00078511012245], [72.64547265804475, 22.99985083181118], [72.64553936643651, 22.99891671173621], [72.64553070711486, 22.99816800504716], [72.64545583675768, 22.997983880828727], [72.64421427397465, 22.996734410991056], [72.64307582899161, 22.995943005664436], [72.64226520460082, 22.995451281326336], [72.64111756871071, 22.9953236744594], [72.63944352692721, 22.995321762838532], [72.63896696417004, 22.994987186583028], [72.63871060566383, 22.994376012514817], [72.63873570796666, 22.994057354988357], [72.6388051172101, 22.993176251848087], [72.6392697743331, 22.99218995998053], [72.6403339713277, 22.99137464751879], [72.64061062104426, 22.990863190320624], [72.64076726021344, 22.98992270592085], [72.64070762139471, 22.989782254699318], [72.64052442504618, 22.989851367297188], [72.64027603939299, 22.989945073161255], [72.64003991383427, 22.989694229698465], [72.64013893934982, 22.989124521921354], [72.64010727425786, 22.989011819948594], [72.64006170964412, 22.988982250131528], [72.64043503450245, 22.988752623705565], [72.6408695154326, 22.988485379002046], [72.64067489677078, 22.987661248262604], [72.64000983343792, 22.98684282937468], [72.63929231624553, 22.98549670133581], [72.63890766314081, 22.984616864440483], [72.6385230373811, 22.983737172628555], [72.63813843215654, 22.98285762489585], [72.6369487637989, 22.982268675695988], [72.63575884433261, 22.981679256737927], [72.6357820836331, 22.981589065424938], [72.63490559548734, 22.98167673094361], [72.63476225515886, 22.981695082621638], [72.63342955043309, 22.981871244575142], [72.63209661645858, 22.98204692848251], [72.63201889170519, 22.98182576425334], [72.63192345837146, 22.98152036879917], [72.63084205259032, 22.981801436649857], [72.62976051411853, 22.982082282640192], [72.6286787753203, 22.982362927422347], [72.62759681829043, 22.98264339148857], [72.62653344219878, 22.982788026695214], [72.62546991238209, 22.982932488876273], [72.62440623670626, 22.983076774535558], [72.62334242473419, 22.98322089464736], [72.62315533778201, 22.983219711486264], [72.62283868325027, 22.98321770850766], [72.62258675522877, 22.98310544754038], [72.6222158640763, 22.982840030232175], [72.621664250447, 22.982565936590422], [72.62065360883983, 22.982156764152364], [72.61964294806614, 22.98174733167762], [72.6195289806492, 22.981601425391982], [72.61953196481541, 22.98153815588194], [72.61953755569186, 22.98141963167416], [72.61993182808925, 22.98054770367216], [72.62032593194341, 22.979675896313072], [72.62071985835944, 22.97880421668739], [72.62111360812733, 22.97793267564231], [72.6215071820214, 22.977061284927668], [72.62190057985713, 22.976190055376094], [72.62229385691691, 22.975319004069448], [72.62268705584182, 22.97444814609365], [72.62308017444919, 22.973577494958956], [72.62347321153139, 22.972707064190267], [72.62387467474612, 22.971770803111543], [72.62363412520189, 22.971716711842625], [72.62325678699001, 22.97163186026314], [72.62218798524104, 22.971506049755348], [72.62111916485442, 22.97138000166148], [72.62010404410363, 22.971247247108856], [72.61911267777384, 22.971312879043914], [72.61812135948506, 22.971378469305417], [72.61713008617168, 22.971444025973383], [72.61573505682323, 22.971483837701374], [72.61510156838047, 22.971663004993417], [72.61485283788154, 22.971733352155972], [72.61374753946087, 22.972458039105145], [72.61288407568212, 22.973174495576053], [72.61221497353097, 22.973866069665583], [72.61154572386285, 22.974557819640296], [72.61132249991361, 22.974788555379234], [72.61087633077796, 22.975249733823212], [72.6108336508351, 22.974670701012517], [72.61076747877108, 22.9737695034693], [72.6107011971409, 22.972868287972023], [72.61029069244037, 22.971989858192774], [72.60988003596387, 22.971111353121533], [72.60938108398344, 22.970222628094387], [72.60910424033747, 22.969729617991973], [72.60888199126505, 22.969333825709423], [72.60838276377143, 22.968444939736074], [72.6080144992172, 22.96770933002344], [72.60788608246237, 22.967530171681293], [72.60781812896731, 22.967284273934176], [72.60775128380601, 22.967042385971144], [72.60769737980564, 22.966847325526313], [72.6075377188005, 22.966179414761374], [72.6074496033689, 22.965620535958347], [72.60735659463224, 22.96517504590468], [72.60720953158058, 22.9644706489892], [72.6071439001732, 22.964201632984373], [72.6069514498805, 22.96395449274418], [72.60645776354738, 22.963405380622536], [72.6064742976142, 22.96329381438831], [72.60598149611019, 22.962633266844836], [72.60548118473237, 22.96165228873177], [72.6047722298489, 22.96017395972633], [72.60451003922672, 22.959520840143025], [72.6041836930938, 22.958840728456106], [72.60370072559479, 22.958379349045046], [72.60377606649517, 22.957820973612737], [72.603583356596, 22.95748750267117], [72.60355446325131, 22.9571475784163], [72.60326155505567, 22.95696169017793], [72.60310156929411, 22.956667143738734], [72.60278693768394, 22.95652615004445], [72.60236021974255, 22.955730452215633], [72.60218748619953, 22.955657944462292], [72.60217988237403, 22.955554399762963], [72.60214604992326, 22.955431331738147], [72.60193714493067, 22.95530291542902], [72.60146958363727, 22.955049693511956], [72.60125419245814, 22.954960827220972], [72.6012250502493, 22.95466622667893], [72.60097446911148, 22.954470568627148], [72.60025085460585, 22.95413216396345], [72.60011468013036, 22.954093920572042], [72.6001847158597, 22.953741234903358], [72.59987291330143, 22.953618589356733], [72.59979463408597, 22.953587798094393], [72.59969862855587, 22.95359487068268], [72.59950269828012, 22.95360930843413], [72.59917182899893, 22.953318847626868], [72.59911883667523, 22.953272326776442], [72.59906246689826, 22.953277794550125], [72.59886573845331, 22.953296882386674], [72.59858543370675, 22.95288945463247], [72.59820620888983, 22.952650606376015], [72.5981111012761, 22.95258574256244], [72.59771514331227, 22.952449684659367], [72.59740638067261, 22.952017074788508], [72.59724078464674, 22.951938888778564], [72.59713308503369, 22.951888038179668], [72.59654279004657, 22.951837106198823], [72.5964498013216, 22.952056942417492], [72.59632283779106, 22.95224519207241], [72.59598002891366, 22.952589062505787], [72.59591097475084, 22.9529231088141], [72.59548249630045, 22.953235167247218], [72.59542956566588, 22.953273717257424], [72.5951408912501, 22.953080536152644], [72.595101114571, 22.953050770821534], [72.59494084002, 22.952930835846292], [72.59454377644643, 22.95325912273674], [72.59409711375568, 22.95319268004703], [72.59411976809633, 22.953604101211987], [72.59307224972005, 22.953564458961722], [72.59273907561735, 22.95353818422328], [72.59261301327125, 22.95353304900919], [72.59236482656105, 22.953518565169674], [72.59210423484257, 22.9534160626961], [72.59169233051655, 22.95336344014722], [72.59102138748088, 22.953260630122383], [72.59028962794771, 22.953107764976497], [72.59024863150249, 22.953099201855398], [72.58940581027215, 22.952529494913982], [72.58929450912439, 22.952456070618503], [72.58847402347756, 22.951914794537903], [72.58754179378339, 22.951300268459196], [72.58567780007748, 22.95084720949951], [72.58472226835087, 22.950625049643005], [72.58376622242129, 22.950403226674187], [72.58243541806335, 22.950139633896296], [72.58152199096811, 22.949926012071785], [72.58116500035806, 22.94993685403176], [72.5811093559944, 22.9499798147298], [72.58069751916499, 22.95096978078194], [72.5802280107072, 22.950914658665276], [72.58003774549393, 22.950910279828516], [72.57979747966402, 22.95090475029904], [72.57984074296682, 22.950626444402847], [72.57978670035652, 22.94924912387607], [72.57971895391432, 22.949061833407026], [72.57959039564034, 22.948328116271238], [72.57948056408287, 22.94757825059668], [72.57924439183674, 22.94682358640736], [72.57921277357994, 22.94643145898183], [72.57933674372896, 22.946034214266962], [72.57923624297476, 22.94598125120676], [72.57928921982645, 22.94564727700769], [72.57896281024387, 22.94450879971153], [72.57888771559534, 22.94424687369129], [72.57860712621587, 22.944255599200755], [72.57815240552921, 22.944223665210938], [72.57812220147666, 22.94420568813626], [72.57794652735795, 22.944101129671537], [72.57793200968598, 22.9440563103575], [72.5779393912114, 22.944000927954097], [72.5779546511121, 22.943839533488454], [72.57793401297059, 22.94359328146585], [72.57791982095381, 22.94350033420883], [72.57787029508376, 22.94323856360002], [72.57786704971811, 22.943183669812914], [72.5778312069114, 22.943040863284793], [72.57785375891264, 22.94293887423334], [72.57795864472362, 22.9429069492139], [72.57799944233949, 22.942707820956247], [72.57802040320682, 22.942706860887412], [72.57808982311217, 22.94269497047734], [72.5782452182928, 22.94269243572828], [72.57856723057832, 22.94269183345387], [72.57891281103889, 22.942676974179555], [72.5789862299329, 22.94266647602249], [72.57909587038252, 22.94265229031704], [72.57944566335459, 22.942680130058204], [72.57987349472705, 22.942621966882477], [72.58031935938345, 22.942578851742525], [72.58045816104662, 22.942555330964947], [72.58055056890207, 22.942508124631548], [72.58065677588841, 22.942468731998165], [72.5810151683939, 22.942264941333402], [72.58133759777678, 22.942042849869285], [72.58146697835943, 22.942017647947527], [72.58128901275941, 22.941543999687635], [72.58111621568685, 22.941106687855513], [72.58110351583446, 22.941074546345117], [72.58115676358302, 22.940932270184817], [72.58118057522096, 22.940868645539414], [72.58112026945608, 22.940824222381213], [72.58076019384512, 22.940796557528657], [72.58064197142754, 22.940790400204786], [72.58045461962007, 22.94055693001391], [72.5805534489435, 22.940525276338246], [72.58070801680837, 22.940639966829107], [72.58080659563501, 22.940644222050377], [72.5808349775838, 22.940610881650862], [72.5809127736241, 22.940612512310246], [72.58107548974532, 22.940645788792537], [72.58119880026516, 22.940757168313702], [72.58126533825563, 22.940791356783087], [72.58134887950216, 22.940719789266392], [72.58143431594893, 22.940592541385005], [72.58146482329867, 22.940569750742917], [72.5815881748118, 22.940539490455265], [72.58171087655154, 22.94052757834785], [72.5820775713054, 22.940412960526007], [72.5822767694355, 22.940363354424186], [72.58231372239686, 22.940361092843897], [72.58238168003994, 22.94037249896842], [72.58250995562321, 22.940494097833483], [72.58257501197612, 22.940508550808662], [72.58260872385297, 22.940295176942364], [72.58272681803716, 22.94027644275547], [72.58295636157727, 22.940277433651556], [72.58317955234224, 22.94033661504765], [72.58321547060636, 22.940227752489626], [72.58331530957327, 22.94016034032063], [72.58342814339551, 22.940137460193547], [72.58354022810431, 22.940135682989407], [72.58360801643829, 22.940121881053592], [72.58353199097202, 22.939729554534498], [72.5835202113747, 22.93963442519863], [72.58352354536731, 22.93956360076615], [72.58353473164085, 22.939325987495014], [72.58353327755333, 22.9392579140412], [72.58304468821164, 22.939259398802037], [72.58292194993646, 22.93925977113394], [72.58298122607158, 22.938782344569074], [72.58320807966295, 22.93877818234794], [72.58324812572593, 22.938602947317968], [72.58329015137627, 22.938606741926726], [72.58335554264353, 22.938149870848143], [72.5833446278346, 22.937950290294335], [72.58335005136446, 22.937812573063198], [72.58335026477455, 22.93780714242937], [72.58335421081061, 22.93765261713705], [72.58338449082665, 22.93754448648409], [72.58332483876394, 22.937506701533803], [72.58327569670509, 22.937466476646758], [72.5832243760096, 22.937381858229795], [72.58318195006338, 22.93728075768128], [72.58316582784876, 22.937252559917336], [72.58311731292468, 22.93719667935625], [72.58307904302465, 22.937192682852746], [72.58300958901103, 22.937185430632553], [72.58297490876252, 22.93704282318301], [72.58300600036016, 22.93690876063429], [72.58302322772258, 22.936880766727537], [72.58305713099334, 22.936600404058446], [72.58305104983104, 22.936393213499663], [72.58309508592828, 22.936351218606127], [72.58310649926443, 22.93611876280027], [72.58405677564731, 22.93579837472664], [72.58410645803406, 22.935781623525966], [72.58401616212527, 22.935319858457127], [72.58390031454296, 22.935223331136413], [72.58370475625837, 22.935155729335015], [72.58359889093674, 22.935109771008538], [72.58337167281069, 22.934970455646592], [72.5833304282844, 22.93497125830043], [72.58330899564055, 22.93489609513177], [72.58317373492899, 22.93483929314892], [72.58312253897351, 22.934817793326275], [72.58303383476996, 22.934825464444806], [72.58308885934629, 22.934695091387855], [72.58310648791063, 22.93465332248505], [72.58314444333934, 22.934471787418506], [72.58323197017715, 22.934381102191917], [72.5829263576811, 22.93421804222457], [72.58286394027581, 22.93418473894343], [72.58301512497428, 22.933333138461553], [72.58308913146251, 22.93291626372927], [72.58299154318803, 22.9329051073331], [72.58298254065109, 22.932904078233317], [72.58300424436001, 22.932754274158082], [72.58301981274982, 22.932502786668064], [72.58303177956874, 22.932428379633702], [72.58364157678652, 22.932485633865515], [72.5839195180347, 22.93250311589787], [72.58421011401963, 22.932525530677196], [72.58478272221278, 22.932565804319175], [72.58479752396246, 22.93256684575947], [72.58481098902381, 22.932513855643514], [72.5848455259542, 22.932229432901227], [72.58482644917554, 22.93220927842999], [72.58482548571749, 22.93220826076467], [72.58485931114544, 22.93204325454113], [72.58486274600313, 22.932026496877437], [72.5848845848427, 22.931926959067326], [72.58488156740994, 22.93189535972679], [72.58487644967063, 22.93184177798204], [72.58490631485176, 22.931717857908772], [72.58491402117419, 22.93168185006808], [72.58495081191437, 22.931509941965494], [72.5849541664374, 22.931471505280907], [72.58495459947304, 22.931469072533485], [72.58499757765337, 22.93122737631709], [72.58501560317869, 22.93108268154704], [72.58507584166577, 22.930924334468646], [72.58520065225932, 22.930464360227084], [72.58566367515895, 22.930520670546095], [72.58577303942872, 22.930484437239706], [72.58613739824621, 22.93053385170162], [72.5860881614089, 22.93092866036141], [72.58641784141783, 22.930971364369547], [72.58671217311706, 22.93103054497915], [72.58677045657375, 22.931055986439493], [72.5870909621968, 22.931152265612905], [72.58712641781175, 22.931157793611575], [72.58726661585884, 22.931103447824277], [72.58728107673379, 22.931219839779356], [72.5875957632499, 22.931220425707885], [72.58785539379878, 22.9312797501445], [72.58807887962715, 22.931325854059793], [72.58814660928206, 22.93101055087494], [72.58856922832946, 22.93108837880888], [72.58901446444254, 22.931165939029036], [72.5889106260604, 22.931530510973456], [72.58911911162333, 22.931573296175504], [72.58980818126108, 22.931685422822227], [72.5898250250878, 22.931688164071026], [72.5899012333594, 22.931699331831403], [72.58999392186219, 22.93171291387043], [72.59016400846055, 22.931737903651925], [72.59019936249, 22.93175766737763], [72.5908080123275, 22.931848102959677], [72.59091794483653, 22.9318266859281], [72.59169065054212, 22.931902998523437], [72.59173196158893, 22.931953922871344], [72.59171902678393, 22.932303950675454], [72.59223795089372, 22.932371794388384], [72.59268551363228, 22.93239607367414], [72.59290144170113, 22.932407787204834], [72.59302389048995, 22.93241442965209], [72.59295067039392, 22.93211060583028], [72.59297884766102, 22.931771241613387], [72.59296323351539, 22.931770996615757], [72.59287521621091, 22.93175405383455], [72.59270645724071, 22.93171766222029], [72.59244655793059, 22.93152806384667], [72.59235160218451, 22.931283080024304], [72.59230140608084, 22.9312028237654], [72.59224558190077, 22.93112478782463], [72.59226805192449, 22.930790868619546], [72.5922972526619, 22.930632702638643], [72.59226502607235, 22.9306308630486], [72.5923283698339, 22.930290346190404], [72.59239920529724, 22.929551715260605], [72.59232364551082, 22.928966043310247], [72.59221916233962, 22.92860624388221], [72.59219341359002, 22.92779473369169], [72.59209924994867, 22.9272019353023], [72.59206985911561, 22.92700507934089], [72.59189531134, 22.926201233828856], [72.59174239824041, 22.92551389432202], [72.59166802243107, 22.925216298138952], [72.59157993874851, 22.924926183906056], [72.59141131442195, 22.9243208105583], [72.59135467969159, 22.92410968949158], [72.59130709804853, 22.923932315012244], [72.59122316260445, 22.922944979174552], [72.59119545946768, 22.922649107745336], [72.59198273845011, 22.922645750083262], [72.59203830124078, 22.922645513326756], [72.59200683758803, 22.922318421307303], [72.5920062497745, 22.922312309500843], [72.59228748056329, 22.92229004104769], [72.59256538364878, 22.922288353174178], [72.59259594530809, 22.922288167623606], [72.59274928458035, 22.922272474506446], [72.5928934945826, 22.922257715304074], [72.59307048982072, 22.92223960002773], [72.59332570580402, 22.922174753012317], [72.593454791537, 22.92214195452017], [72.59401994673742, 22.922157681782537], [72.59449218677142, 22.922157220095404], [72.59452992390736, 22.92215718354537], [72.59442317273005, 22.922074781702626], [72.59447396339966, 22.922017006117503], [72.59452296138296, 22.922007915471553], [72.59461981034185, 22.92198994696273], [72.5947694536415, 22.922001061223455], [72.5948002016767, 22.92200334450424], [72.59475903966053, 22.92155253004158], [72.59475863221469, 22.9215480631547], [72.5950477661545, 22.921504124056778], [72.59511300025623, 22.92175399066037], [72.595160144883, 22.92193457166083], [72.59517183247242, 22.921934687355098], [72.59529635970605, 22.921935924061827], [72.59575974216263, 22.92194052625157], [72.59578524066488, 22.921940779783395], [72.5957864899948, 22.92194454169963], [72.59586103540518, 22.92216905779184], [72.59588644568967, 22.922245586300942], [72.59592978314315, 22.922256864126453], [72.5960270290386, 22.92228217087892], [72.59633085529836, 22.922361236843837], [72.5964263776608, 22.922344496610975], [72.59647532762912, 22.92238164404927], [72.59694154387628, 22.92273544592282], [72.59703093666415, 22.9227262926221], [72.59724018280131, 22.922704865612236], [72.5975169748731, 22.92272889282155], [72.59788446264191, 22.92273394861372], [72.59857136863829, 22.922753238538398], [72.59873572965014, 22.92276831571561], [72.59900540474284, 22.92279310838771], [72.59900285411868, 22.922828045976985], [72.59900505284378, 22.922848115019953], [72.59902057377721, 22.92298980190768], [72.59907989063896, 22.92353128975186], [72.5992681858016, 22.923516074927136], [72.5992863974892, 22.923514603490776], [72.599335191993, 22.923958362305388], [72.59936073122276, 22.924190628512104], [72.59946652304475, 22.924949582721595], [72.5995055562913, 22.925261861207815], [72.59942396534059, 22.925662231011348], [72.59961084330851, 22.926424404149916], [72.5996910420227, 22.92682175291276], [72.59950953909966, 22.92689382229987], [72.59934641224929, 22.926958595888646], [72.59936270312525, 22.92704502966279], [72.5994391467254, 22.927450623817982], [72.5994967842653, 22.927692213020713], [72.59951428723059, 22.927688625553824], [72.59979236262848, 22.927631623909708], [72.5998232670179, 22.927956124233656], [72.5998707435096, 22.92845463026657], [72.59982974700415, 22.928459651762807], [72.59950340217499, 22.928499625870476], [72.59937000984651, 22.928515965397494], [72.59951966372124, 22.92942905762078], [72.599466603014, 22.92943271383108], [72.59957140886863, 22.929957484599466], [72.59959532166434, 22.930204023720695], [72.59964306603861, 22.93020079443756], [72.599719248577, 22.930195642637372], [72.59977411751242, 22.93045158951691], [72.59992115863551, 22.9311374892455], [72.60004757572004, 22.931765265432098], [72.60005725378741, 22.93182113967167], [72.60009653330023, 22.932047903400548], [72.60009790819373, 22.93217612949167], [72.60015983462556, 22.932307105935784], [72.60018546463985, 22.932315549252685], [72.60052162636627, 22.93242628863967], [72.60100884161069, 22.932310536186954], [72.60158842159457, 22.932256687517523], [72.6019726174527, 22.932270517817173], [72.60222944899431, 22.932279826036616], [72.60339876615042, 22.933065254166316], [72.60350687594838, 22.933066464644142], [72.60485475285375, 22.933172296824957], [72.60516821035363, 22.93264434806159], [72.60549655611929, 22.932105630680113], [72.60602322170946, 22.931143271379174], [72.60633218911822, 22.930572396801733], [72.60654667951118, 22.930176082804294], [72.60692387598786, 22.92946946970488], [72.60736548524291, 22.928932423728188], [72.60770531131314, 22.92832243750479], [72.60795075518828, 22.92801598839259], [72.60844596565028, 22.926916645129367], [72.60880911081624, 22.926191431386876], [72.60927323124008, 22.925217398815313], [72.6092482129182, 22.923954137489677], [72.60922176357418, 22.92262989366359], [72.61004280131598, 22.92287059306568], [72.61037127292474, 22.922848695863056], [72.6114231477658, 22.922778570860107], [72.6124250334748, 22.922675059493955], [72.61244985864084, 22.922672547576777], [72.61247467230467, 22.92266935747713], [72.61249944506048, 22.922665498683493], [72.6125241484768, 22.922660980699032], [72.61254875405889, 22.922655816637192], [72.61257323331205, 22.92265001961142], [72.61259755774158, 22.922643602735192], [72.61262169786255, 22.92263658000991], [72.61264562610725, 22.92262896727145], [72.61266931201642, 22.92262077850656], [72.61269272704796, 22.922612029536534], [72.61271584267564, 22.922602735280044], [72.61273862938303, 22.922592911543713], [72.61276105862808, 22.922582574148855], [72.61278310285901, 22.92257173802886], [72.6128047316009, 22.922560418073168], [72.61282591822895, 22.922548631937598], [72.61284663616577, 22.92253639457024], [72.61286685688533, 22.922523720889885], [72.61288655473727, 22.92251062856702], [72.61290570411869, 22.92249713256445], [72.61292428036948, 22.92248324966474], [72.61294225980397, 22.922468996665152], [72.61299982799713, 22.922420934102526], [72.61305473905429, 22.922371161368453], [72.61310688771474, 22.92231951166964], [72.61315624498796, 22.922266082075733], [72.61320278479123, 22.92221097060279], [72.61324648685682, 22.92215427715985], [72.613287332882, 22.922096100782603], [72.61332530553872, 22.922036540521276], [72.61336039329815, 22.921975698221573], [72.61339259495443, 22.921913698454436], [72.61342189808404, 22.92185063853786], [72.61344829238648, 22.92178660589076], [72.61376779493028, 22.921162050331784], [72.61395786068692, 22.92115332644602], [72.61417065549492, 22.921143558172272], [72.61424059145268, 22.920788720216592], [72.61462449833546, 22.920756096521117], [72.61462793097498, 22.920743185636823], [72.61468490931678, 22.920528889983117], [72.61471009149008, 22.920434181396775], [72.6148238846069, 22.920006201392326], [72.61487047775208, 22.919995821393048], [72.61516877356719, 22.919929365460774], [72.61679999523965, 22.919984490918488], [72.61685889891261, 22.919827547673947], [72.6171925563018, 22.91984473737527], [72.61790438115607, 22.919769462430136], [72.61862753995989, 22.919617168809136], [72.6187610961133, 22.91953475816841], [72.61874080042121, 22.919272817595225], [72.61907420068665, 22.919290899496445], [72.61989164483066, 22.919335119697884], [72.62049767076743, 22.919481886281087], [72.6213259722461, 22.919773397489156], [72.62223046128945, 22.920121554161287], [72.62274464738775, 22.920390707301653], [72.6228205009308, 22.92101626089769], [72.62339559976445, 22.921143242834358], [72.62408964496927, 22.921382913362777], [72.62411918555736, 22.92147859287143], [72.62424750045214, 22.921894197787324], [72.62549244668799, 22.922059191693013], [72.62588324799147, 22.922082498041895], [72.62668249101645, 22.92234970155872], [72.6269178257019, 22.92229278710586], [72.62719455908156, 22.92222585969424], [72.62732723073056, 22.922193773670507], [72.62751567685369, 22.9222630798795], [72.62732907850827, 22.922752083901504], [72.62709594546602, 22.923265395194047], [72.62704187442115, 22.923384447474948], [72.62692902003847, 22.92363292881795], [72.62652897284643, 22.924505252637456], [72.62607301848469, 22.925163497835904], [72.62545946153615, 22.926066276386642], [72.62501217220212, 22.9267747893667], [72.62509502650984, 22.927177660132955], [72.62517416426701, 22.92756245338236], [72.6251942561929, 22.927980716675663], [72.62520090995126, 22.9286836881749], [72.62533220323554, 22.92927785588654], [72.62514204254722, 22.929787899291245], [72.62513456165482, 22.929807964201157], [72.624948901621, 22.9304198996741], [72.62450846640522, 22.93163101722593], [72.6243998216976, 22.932020798610946], [72.62474689105461, 22.932134116750362], [72.62482275244521, 22.932158885195854], [72.62593038052772, 22.932434641336037], [72.626000968104, 22.9328549267214], [72.62622037591909, 22.93304686041213], [72.62641096845107, 22.93308375401349], [72.62642882479891, 22.933085739189664], [72.62671527543071, 22.933117591488188], [72.62814695920056, 22.93326716773764], [72.62826658670176, 22.933867333842052], [72.62828476951168, 22.933958552901334], [72.62839070691655, 22.93408233360084], [72.62939209845457, 22.93416434288405], [72.62988421483595, 22.934212735170448], [72.63000334980856, 22.93422445027617], [72.6302759401839, 22.934204036854602], [72.6305289373156, 22.934068292387167], [72.63097891880095, 22.933826856361563], [72.63135273414984, 22.933626285157604], [72.63171828066778, 22.933430148761957], [72.63313639183716, 22.932616097066333], [72.63340930894192, 22.932468164247464], [72.6336508200953, 22.932054742858487], [72.63522163873748, 22.93114347233468], [72.63621719265088, 22.930756141746805], [72.6365926154195, 22.930530857380855], [72.6370148251595, 22.930746350916714], [72.63778831468512, 22.93050629495217], [72.6381488654492, 22.930414149942383], [72.63832791576715, 22.930510235493433], [72.63910193344924, 22.930068118967668], [72.6393723365651, 22.929955311308504], [72.64050259038568, 22.92974949186397], [72.64109808048829, 22.929575402328467], [72.64134103602106, 22.929657224783657], [72.6420341844169, 22.929457002146677], [72.64333475506001, 22.929113924829934], [72.64463413513742, 22.92877487686155], [72.64489639532323, 22.928518478836367], [72.64532309273065, 22.928101315222477], [72.64572481152565, 22.927664170480455], [72.64691391214275, 22.926511872750094], [72.64707545242815, 22.926355329303362], [72.64722912062881, 22.926147635301668], [72.64736070113531, 22.925940676300097], [72.64803022674108, 22.92515910182601], [72.64809809677097, 22.925081302302566], [72.64888320274646, 22.924181324209144], [72.6496113751203, 22.92342313854206], [72.65029880180757, 22.922695271842315], [72.65107770908345, 22.92187639410785], [72.65185726605465, 22.921058058621924], [72.65263802042439, 22.920239306552215], [72.65341932447589, 22.919422148821084], [72.65419955406247, 22.918610685517052], [72.65497878901132, 22.917804872703783], [72.65581025335153, 22.91692604152548], [72.65664094792612, 22.916053645389727], [72.65746557345615, 22.915405251906698], [72.65793865116468, 22.915420652238407], [72.65869867961163, 22.915550913642615], [72.65905612370526, 22.915584298655332], [72.65957463991448, 22.915659320479474], [72.65974526591752, 22.915842742196435], [72.66109629593431, 22.916218673579625], [72.66144563514437, 22.916215428159582], [72.66168151890045, 22.91621323654726], [72.66204354193263, 22.91620987147176], [72.66212627963917, 22.91646726701595], [72.66251412760396, 22.917673845367663], [72.66259671551117, 22.91871955442188], [72.66301586614392, 22.919746171089315], [72.66312517253618, 22.920078697066128], [72.66302662836577, 22.92026432734743], [72.66288095897617, 22.920538724800515], [72.66293425479189, 22.920580008504718], [72.66303539661739, 22.920658353459928], [72.66302344566316, 22.92083534011151], [72.66302122909734, 22.9209616806544], [72.66305257337955, 22.921254239996202], [72.6630929490944, 22.921497936796], [72.66312163387617, 22.921527773209895], [72.6631293853587, 22.921535835818844], [72.6631402261868, 22.921597936562097], [72.66315110525125, 22.921660251837753], [72.66321110685577, 22.921836125601526], [72.66310922995252, 22.92209207397176], [72.66316511386762, 22.92236376371345], [72.66319346650616, 22.92237258104055], [72.66342978286283, 22.922446076084352], [72.66341373736189, 22.922530075420955], [72.66328193425926, 22.923220052408112], [72.66327214264845, 22.923473341623325], [72.66323990857983, 22.92384662913877], [72.66327085500058, 22.923878571742218], [72.66334606869816, 22.923956204477317], [72.6633455733379, 22.923968998363147], [72.66334275372101, 22.924041813154133], [72.66323716922258, 22.924115381946574], [72.6632119486266, 22.924321844566045], [72.6631927105088, 22.924616228537808], [72.66318008193545, 22.92498272105533], [72.66317679998866, 22.92500698494547], [72.66308258304986, 22.925703530303007], [72.66303834307226, 22.926030592174584], [72.66277571339437, 22.926735983036927], [72.66314701374338, 22.927526479980408], [72.6632001400093, 22.92763958379356], [72.66337844293501, 22.928892991022686], [72.66431841438826, 22.930219816882094], [72.6652861539676, 22.93024877818964], [72.66533714836059, 22.930535114299847], [72.66534250877744, 22.93056521216288], [72.66537130180197, 22.93056619013162], [72.666925084541, 22.93061893407312], [72.66757340280009, 22.930662569409982], [72.66770125486569, 22.930671173835112], [72.66779083719116, 22.930635242543634], [72.6679049354797, 22.930589478582014], [72.66790947847436, 22.930587554614384], [72.6683099696718, 22.93041798898168], [72.6683139248921, 22.930412650896514], [72.66881183228092, 22.929740587166748], [72.66891241810673, 22.929604817725124], [72.66928983199456, 22.929755898435946], [72.67058493588745, 22.93027432628107], [72.6706338416905, 22.930375715090822], [72.6706872066879, 22.930486345704665], [72.67100665434965, 22.93043905246333], [72.67234978839329, 22.930240197887656], [72.67289250154242, 22.930850142560846], [72.67298744251798, 22.93095684464083], [72.67341444477749, 22.931202602644934], [72.67342811025003, 22.931205524145703], [72.67514805920979, 22.931573255900535], [72.6753293566653, 22.931863997460653], [72.67534074643162, 22.93188226248468], [72.67586618451631, 22.931802349787116], [72.67595300628354, 22.931789145471214], [72.67642264608988, 22.93197334597111], [72.67658072600182, 22.93265690787198], [72.67697771772063, 22.93265459965747], [72.67737944635897, 22.932651628492668], [72.67778863863523, 22.932649629553044], [72.67808339289148, 22.932630177938844], [72.67852040369966, 22.932645191796446], [72.67883843061988, 22.932657994407855], [72.6788196843573, 22.932495484731653], [72.67884148245007, 22.932450956300272], [72.67888369418974, 22.932413420091734], [72.67903166571236, 22.93236275898698], [72.67907311447806, 22.932386831712417], [72.67915994903282, 22.93243726381442], [72.67918849141203, 22.93245384110466], [72.67924557138132, 22.932486991989666], [72.67925175664392, 22.93248747518979], [72.67943238780593, 22.93250159477433], [72.67959787808138, 22.932513958819772], [72.67965212156, 22.932518011303358], [72.68002862579021, 22.932451907659413], [72.68001610895465, 22.932230470895313], [72.68001597857355, 22.932228169472477], [72.68000366843357, 22.932171901863253], [72.67999782766734, 22.93214520093631], [72.67999076153102, 22.93211290258256], [72.68006007091512, 22.931853433197528], [72.68019735028764, 22.931476986043233], [72.68023629344108, 22.93149130824473], [72.68075673468198, 22.93168270500487], [72.68078722085798, 22.931742414412398], [72.68087510366274, 22.931914536720782], [72.68072288093545, 22.932500880781244], [72.68045364031668, 22.932821244640948], [72.68031160403702, 22.933097945056165], [72.68029934881457, 22.933163020875288], [72.68025050896013, 22.933422358939488], [72.68029343192825, 22.933829196478307], [72.68030755557987, 22.93396357754231], [72.68033974029223, 22.934086928218925], [72.68064952611053, 22.935274177818204], [72.68070987597756, 22.935284333055908], [72.6807392461134, 22.9352892756648], [72.68079743239343, 22.935495505485363], [72.6809135994007, 22.936226790460065], [72.68092707381638, 22.936311614508565], [72.68039109967161, 22.936509188800436], [72.68010163209331, 22.93661291786177], [72.6798672583939, 22.936680725757828], [72.67975412506985, 22.936713456486743], [72.67972261199293, 22.93672418801493], [72.6795205747149, 22.936792985626834], [72.67908651005025, 22.93694079471779], [72.67877195180816, 22.937047907218833], [72.67877321508372, 22.937053509720442], [72.67880034000783, 22.93717381717675], [72.67880464997909, 22.937192933611197], [72.67889146494176, 22.937544556935045], [72.67896067842452, 22.937592825640234], [72.67915854531405, 22.937730815776128], [72.67918095527666, 22.937820165607143], [72.67920207651161, 22.937904376620235], [72.679192390453, 22.937911731137074], [72.67909060093618, 22.93798901411084], [72.67876734894062, 22.938104762126297], [72.67868471115904, 22.938134351249303], [72.67866406885919, 22.938141743131105], [72.6784274905978, 22.938171739197923], [72.67813476340379, 22.93822353175488], [72.67804906674102, 22.938186611986584], [72.67759064637528, 22.938264951901804], [72.67759653987251, 22.938350631136796], [72.67752784684836, 22.93836360582642], [72.67732962736241, 22.93840104587178], [72.67677396670508, 22.938506615442677], [72.67680748105973, 22.938737841943443], [72.6768175098427, 22.938807032834816], [72.67692093539033, 22.939324933543983], [72.67689300300428, 22.939673222289244], [72.67677659236469, 22.939667863682242], [72.67666375189314, 22.93998156362283], [72.67656054793667, 22.940268473136232], [72.67649094201839, 22.94046197845729], [72.67636408740256, 22.94095930721375], [72.6762643712402, 22.941350239303162], [72.67620562525761, 22.941652031027573], [72.67580940261682, 22.941493650182593], [72.67524242980234, 22.94091301216642], [72.67520243684596, 22.9409237881527], [72.67476510316918, 22.94104163086564], [72.67453228506159, 22.9411043645891], [72.6745144949082, 22.941109158723123], [72.67417046791358, 22.941682996600402], [72.67392318435625, 22.942370429736428], [72.67390936778253, 22.94240883843264], [72.6737386791368, 22.942372838418347], [72.67359657513862, 22.94234286765882], [72.67350874776236, 22.942324343562817], [72.6733728586506, 22.942275938608923], [72.67344170668113, 22.942587747501403], [72.67345207416318, 22.94277248213828], [72.67357600222202, 22.943174660479176], [72.6736361950967, 22.9433889559669], [72.67373458040225, 22.943702969355407], [72.67381723050121, 22.94396675774619], [72.67340341873275, 22.944017355098406], [72.67339014120905, 22.944018978628755], [72.67334037785098, 22.94402506319597], [72.67327087893034, 22.944033560399813], [72.67323762465693, 22.944033630511733], [72.67273936630977, 22.944034679575285], [72.67273412357487, 22.944054861226498], [72.67271353256183, 22.944134119986096], [72.67265372425152, 22.94436433769137], [72.67263942774392, 22.944419368393156], [72.67205027903229, 22.944499974886114], [72.67194197277435, 22.94442583476087], [72.67184306012848, 22.944358125172336], [72.67174017404808, 22.944409585630325], [72.67155087881834, 22.944504264347493], [72.67140280340459, 22.944401626376237], [72.67127294079368, 22.944321768617016], [72.67094756547716, 22.944395927918208], [72.67091959886633, 22.944402301989587], [72.67099595733359, 22.944678486117375], [72.6710784554826, 22.94497687966574], [72.67110216198991, 22.945208482679266], [72.67110621157406, 22.945248048998398], [72.67112200602837, 22.945402346733626], [72.67041835631575, 22.945517026420486], [72.67038341545732, 22.94552272103057], [72.67049607832682, 22.945916717735656], [72.67054698108454, 22.946094732924408], [72.67056538767224, 22.946195336335172], [72.67061858779164, 22.9464860969796], [72.67065361424923, 22.946520676030122], [72.67067371672798, 22.946540522923247], [72.67076819852119, 22.94663379950163], [72.66982730079388, 22.946908151339827], [72.66977372731208, 22.94687618232769], [72.66976886770055, 22.946873282365956], [72.66940260823371, 22.946654726633273], [72.66940256337222, 22.946654841535896], [72.66931223100565, 22.94688725959104], [72.66900527347451, 22.947281385122857], [72.66897861769151, 22.9472926885457], [72.66891985023406, 22.94731760947862], [72.6688341831253, 22.947488707118154], [72.66893897271846, 22.94884695965169], [72.66871869027119, 22.94916977279148], [72.66865633293197, 22.949261153831156], [72.66848976981204, 22.949445991865705], [72.66827985950181, 22.94959640764941], [72.66827300282536, 22.949596436835364], [72.66823363131729, 22.949596602740016], [72.66785444255513, 22.94941429020537], [72.66782490977359, 22.949396523416553], [72.66774797481206, 22.94932018921514], [72.66765915770897, 22.94925498089714], [72.66759911226676, 22.949187913370412], [72.66757772514494, 22.94916402511075], [72.66751107158692, 22.949025369172247], [72.66746865686251, 22.948937135961607], [72.6673292963881, 22.948918685331115], [72.66724672582956, 22.94867419251023], [72.667130623498, 22.948443747302697], [72.66681680873549, 22.94802900563679], [72.66680131430688, 22.94802481336563], [72.66633071249554, 22.947897472707435], [72.6662111559599, 22.947865121982726], [72.66588034558734, 22.94777558186001], [72.66582868904814, 22.94776714934458], [72.66526904661231, 22.94767578988189], [72.6648212802583, 22.947602692386646], [72.66464070800215, 22.947578864839826], [72.66460679375186, 22.947690859208898], [72.66447163842145, 22.94813717462657], [72.66443688476932, 22.948275325851654], [72.66438187433278, 22.94849399778829], [72.66427213148056, 22.948939071118875], [72.66409247425008, 22.94973145846804], [72.6638935536865, 22.95007948487448], [72.66376500207679, 22.950358806335565], [72.66356279406347, 22.950739363966257], [72.66335962954012, 22.951064425904452], [72.66305754636211, 22.951506165993585], [72.66214894123603, 22.952722885559805], [72.6619546521592, 22.953009278133027], [72.66160548926958, 22.953516902813796], [72.66147202979167, 22.95376445578901], [72.66135899180937, 22.953980883467494], [72.66113954246251, 22.95433640204243], [72.66096468903245, 22.954641891872274], [72.660862114287, 22.95485937354776], [72.66077270666234, 22.9550453720662], [72.66025078348146, 22.956222594155093], [72.65994439731358, 22.9570337836139], [72.65961532700904, 22.957801743317354], [72.65951122234948, 22.958099366297443], [72.65915528471545, 22.959116834330263], [72.65905350004539, 22.959834427589403], [72.65899146845449, 22.960271753603923], [72.65789052972444, 22.96022060702305], [72.65743575334572, 22.960187805498542], [72.6571618707328, 22.96016805061347], [72.65674171086009, 22.96042356787871], [72.6567363100914, 22.96053485181574], [72.65673552605034, 22.960623204653377], [72.65659583790378, 22.96076616778057], [72.65581701135628, 22.961746213636438], [72.65565840707734, 22.961871038254483], [72.65532813255383, 22.96213096818766], [72.6548218252395, 22.962393759531338], [72.6543211116871, 22.962653644466375], [72.6539633611423, 22.96298183931984], [72.65380357223357, 22.963134727389463], [72.65364556237384, 22.9632859136118], [72.65357276704313, 22.963961827047857], [72.65356995732914, 22.96398791121223], [72.65347615706564, 22.96429154335289], [72.65339219876827, 22.964563314401577], [72.65325801447361, 22.965093488451384], [72.65315936581331, 22.965544826260828], [72.65296036880716, 22.96696278040271], [72.65286409626884, 22.967487436494057], [72.65292763066337, 22.967509571092904], [72.65362552778863, 22.967752707834315], [72.65378424577486, 22.967808002542284], [72.65417652705862, 22.967944665035905], [72.65485528134118, 22.968138988586933], [72.65503787042418, 22.96819126151008], [72.65532619866423, 22.96819082393248], [72.65596051941999, 22.968189858487438], [72.65654115742875, 22.96839203183296], [72.65722099683259, 22.96862874361208], [72.65724005584978, 22.968632140997613], [72.65735677099492, 22.968652944767335], [72.657698917096, 22.9687139300577], [72.65877042886271, 22.968832019013504], [72.65999902093277, 22.968924876190506], [72.65999730645322, 22.968485273708847], [72.65999528243336, 22.967966538895535], [72.6602666463506, 22.96797146816863], [72.660677185137, 22.967978923600953], [72.66096044492163, 22.96803092704841], [72.66113078579738, 22.96806219956541], [72.66146741676187, 22.968232215758373], [72.66192495296904, 22.968229930308237], [72.66219622306686, 22.968308311224835], [72.66244055025781, 22.968725921472522], [72.66374970017, 22.96983693852274], [72.6650301546471, 22.97105580058246], [72.66570524546638, 22.971176611642957], [72.6659037085393, 22.971390609750106], [72.66687702042253, 22.97258929558385], [72.66704127735288, 22.973004303578698], [72.66706454034338, 22.973063077738484], [72.66761940134451, 22.97288214340197], [72.66795362021861, 22.97277315697318], [72.66879472593776, 22.97289414358187], [72.6688333473966, 22.974015741625912], [72.6697162152392, 22.973884330711375], [72.67078817858105, 22.97385010935576], [72.67185472840781, 22.973811686974724], [72.67231986707677, 22.97381466211516], [72.6730993177038, 22.97381964379837], [72.67381453768004, 22.973870099314382], [72.67424928638533, 22.974102578030152], [72.6747013189916, 22.97434429694219], [72.67486539450726, 22.974432033677957], [72.67554591424732, 22.97471942861644], [72.67547247371265, 22.975096257511428], [72.67522473122764, 22.97609863650255], [72.67497714200925, 22.97710109284006], [72.67511556750178, 22.977400032378675], [72.67542358220035, 22.978642937200764], [72.67565875469212, 22.979984894574944], [72.6756697281467, 22.980047513143298], [72.67585120026034, 22.981222700400572], [72.67603282134971, 22.98217462424767], [72.67621798538738, 22.98312686536988], [72.67640831224509, 22.984079529680113], [72.67683726031785, 22.984548389573476], [72.67689678655013, 22.984870139986278], [72.67716595562118, 22.98531454719363], [72.67736019878997, 22.985663371740916], [72.67760870717215, 22.98610964397009], [72.67800555635263, 22.986822298657025], [72.67873524397676, 22.987076468578888], [72.67934420334318, 22.98728858307176], [72.68092191987103, 22.987838123426126], [72.68121654381687, 22.987942126786503], [72.681506298663, 22.988054279503583], [72.68179088746331, 22.98817444183558], [72.68207001636166, 22.988302464156224], [72.68347363661609, 22.988545965098382], [72.68487370622135, 22.98878948144726], [72.68530458141448, 22.98871123319873], [72.68674921226491, 22.989948131985663], [72.68692675072114, 22.990344118459895], [72.6872266649288, 22.9909837063379], [72.68658881729377, 22.99117905662084], [72.68729802176846, 22.992247046046323], [72.68730256744385, 22.99225389088981], [72.68714840072364, 22.992226164946466], [72.68709058760942, 22.99262393474797], [72.68823783178988, 22.992967832269255], [72.68896021696699, 22.993195061972866], [72.68920790790126, 22.99336776723771], [72.68905780230396, 22.993515848405348], [72.68938907746771, 22.994063305425048], [72.6894889851383, 22.99422840876997], [72.68909188893359, 22.994972009952196], [72.68902404260055, 22.995078017880342], [72.68876767595684, 22.995478584480217], [72.6886257878427, 22.995947150077594], [72.68861720094509, 22.996037226577307], [72.688539228656, 22.996522783726263], [72.68899525780782, 22.996977121317702], [72.68962242916018, 22.99783507336621], [72.68977499145572, 22.998094454914597], [72.68994086448622, 22.999491523202657], [72.69002700498584, 22.999994070016903], [72.69008152704966, 23.000324650898808], [72.69049295132292, 23.000735335167295], [72.6905548831122, 23.00098808351801], [72.69081776817129, 23.001280084223886], [72.69119481849171, 23.001502843994203], [72.69277784767122, 23.00210046610666], [72.69339501186909, 23.002367232415892], [72.6934761833608, 23.003133013277345], [72.69350382482739, 23.003393779416438], [72.69428201174672, 23.003715106990263], [72.69387153917204, 23.00417434889135], [72.69263828105679, 23.004441497144988], [72.69139825448372, 23.004853670492043], [72.69114551663658, 23.005189165155297], [72.69082771990276, 23.005195724248445], [72.68947805145208, 23.005954284387958], [72.68813229333998, 23.006724833480746], [72.68751873330095, 23.007189177642342], [72.68691647523822, 23.00764496296437], [72.68657944109117, 23.00786773307285], [72.68570167394695, 23.008846146400238], [72.68469334366397, 23.009140792843276], [72.68469975560018, 23.009529459339586], [72.68470496054624, 23.0098449763849], [72.68439750242341, 23.009832231542468], [72.68354710093043, 23.009784113710225], [72.683451750863, 23.009845890658386], [72.68341817126611, 23.0098676465932], [72.68342451911269, 23.010404569735446], [72.68343097564757, 23.01095076467277], [72.68326043217756, 23.01092777929953], [72.68286229466321, 23.011653495626145], [72.68246547504982, 23.01244598040811], [72.6830700309336, 23.01315736358106], [72.68206539007605, 23.013329910230055], [72.6820928010088, 23.013938911618318], [72.68241098729177, 23.014123083987904], [72.6825323061281, 23.014520024461127], [72.68265030073728, 23.01492905739967], [72.68250027477987, 23.015938800449558], [72.68205363477783, 23.016304719779967], [72.68211775775367, 23.01691311406227], [72.68211281838899, 23.01711357926153], [72.68143913655966, 23.017331278304486], [72.68015596164503, 23.01775483443364], [72.67968917073935, 23.01783774730382], [72.67969140051223, 23.01786942311961], [72.67969557213348, 23.01792868343948], [72.67965463777495, 23.01793527410541], [72.67848762918452, 23.018123169715874], [72.67791303736192, 23.018054322257388], [72.67746681411425, 23.018024729624656], [72.67696082133291, 23.017982621662014], [72.67666317173648, 23.017957851690248], [72.67664426036012, 23.01789236482988], [72.67664079396025, 23.017880356929172], [72.67614000372463, 23.01774528231589], [72.67567334271, 23.01763998161828], [72.67555394870023, 23.017636016543708], [72.67509164766463, 23.01766218954202], [72.67487432934213, 23.017674492022852], [72.67427593571891, 23.017734762796053], [72.67446988798505, 23.0188978835155]]]}, "properties": {"objectid": 4, "name": "43-VATVA", "st_area(shape)": 61575394.14619369, "st_length(shape)": 57225.01418768952}}, {"type": "Feature", "id": 5, "geometry": {"type": "Polygon", "coordinates": [[[72.55243932332397, 23.047016172008036], [72.55189935430815, 23.047076380307743], [72.5511290254632, 23.047155213837684], [72.55072976798888, 23.04719607185201], [72.5501494155661, 23.047216314844828], [72.54842730339134, 23.047202348604042], [72.5476594224254, 23.04719833213802], [72.54662776858038, 23.04720888942296], [72.5461143323787, 23.047272920932564], [72.54494625984326, 23.047504952862255], [72.5443610567803, 23.04764520857169], [72.54407009920894, 23.047740596878086], [72.54391051791886, 23.047760524391666], [72.54344672803123, 23.047818441269655], [72.54292677600792, 23.047940420915886], [72.54237816842735, 23.048145581175532], [72.54193619163937, 23.047976580254275], [72.54172057977574, 23.047916593898147], [72.54164091886146, 23.047894430651805], [72.54139811575787, 23.047667338248512], [72.54111261173396, 23.047400305769077], [72.54109334617199, 23.04738228668733], [72.5408322893333, 23.04722231580781], [72.54062536361377, 23.04709551465726], [72.54073391319501, 23.04687907563835], [72.54050240078243, 23.0467832491055], [72.54010733453765, 23.0470122250338], [72.53930866782399, 23.046940160737805], [72.53883948803609, 23.046897824670015], [72.53888507900459, 23.046274809419444], [72.53889197067329, 23.04617336190946], [72.53890769032981, 23.045941975306622], [72.53824169859583, 23.045691861003295], [72.53705628954613, 23.045695529017227], [72.53655954965548, 23.045697062538498], [72.5366390586782, 23.04516872119303], [72.53666826931918, 23.044974619726496], [72.53557794549843, 23.044424287586867], [72.5356005156047, 23.044284401711867], [72.53540885441252, 23.044220751735633], [72.53493935380813, 23.044064830386432], [72.53503770999875, 23.043446571643827], [72.53507632552783, 23.04320383771056], [72.53382440611652, 23.04264666057666], [72.53362515843465, 23.0425637708235], [72.533263522139, 23.042413325857616], [72.53311381191469, 23.041504001160913], [72.53328220782886, 23.04139131913431], [72.53334915639638, 23.04114179048018], [72.53303989474439, 23.041001155758526], [72.53302479734306, 23.040692271684588], [72.53305340732912, 23.040268459205038], [72.53282841338972, 23.04007151273107], [72.53281085295603, 23.039897610822127], [72.53264021877982, 23.039680883640383], [72.53236419108663, 23.039330288274876], [72.53230166523437, 23.03926329650096], [72.53224137532759, 23.039198703022297], [72.53190432842497, 23.039071592920113], [72.5319037662096, 23.03886985720558], [72.53190264365045, 23.038465903722294], [72.53180860430747, 23.038461252465346], [72.53152445635956, 23.03844719805608], [72.53146025242815, 23.03816495309765], [72.5313557445551, 23.037705523399996], [72.53123079304184, 23.037689132697256], [72.53061371863981, 23.037608186950333], [72.53057712204566, 23.037474390421167], [72.53091017636682, 23.037116739900966], [72.53190816550348, 23.036278341422904], [72.53191344147778, 23.03580311497449], [72.53189386858669, 23.03561960065249], [72.53178850903234, 23.03563976288347], [72.53173477220214, 23.03560709193713], [72.53177765414429, 23.035187912437422], [72.53195109105575, 23.03520044270995], [72.53185941484652, 23.0350114344215], [72.53158491709726, 23.034491622687458], [72.531571611426, 23.034466427599096], [72.53135330519719, 23.034228758847348], [72.53133599591506, 23.034209913505535], [72.53134222229546, 23.0341900372587], [72.5313599638172, 23.034133419009645], [72.53133404289953, 23.03402214603331], [72.53129004044536, 23.034007714569363], [72.53108678790255, 23.033941052042458], [72.53102067838091, 23.03385704663622], [72.53101217482894, 23.033846240580377], [72.53087812836993, 23.033366974539103], [72.53083566112706, 23.033362084685887], [72.53058247730492, 23.033332937635084], [72.53049139423726, 23.03290762384325], [72.53011406666833, 23.032013044108027], [72.52973706354395, 23.031119103447608], [72.52977548159546, 23.0309746372186], [72.52979082376808, 23.030916949814443], [72.52968206132698, 23.030827061575827], [72.52907571928574, 23.029942450830458], [72.52882720965003, 23.02958044945839], [72.5284700351279, 23.02906015144607], [72.52963494706843, 23.028243653143043], [72.52996345351106, 23.02763141984122], [72.53048111560406, 23.02653184558674], [72.53054717898858, 23.026414838214233], [72.53068502000845, 23.02617070331038], [72.53098856600347, 23.025708972989047], [72.5319836677672, 23.024585489259987], [72.5321156288354, 23.024536440561985], [72.53234207849833, 23.024452271806474], [72.53246722352625, 23.024378649942665], [72.53272577298992, 23.02422654518866], [72.53334560161068, 23.02398281058645], [72.53388442520013, 23.023770925366584], [72.53396077751911, 23.023164337934592], [72.53433240367718, 23.02220965224901], [72.53441838066989, 23.021988779484897], [72.53498222960515, 23.02110652965312], [72.5350235139752, 23.02104193245759], [72.5354556831475, 23.02012868681541], [72.5355167745085, 23.01999944635973], [72.53561154599855, 23.019798956737684], [72.53588783754559, 23.019214455252367], [72.53602067686893, 23.018990924014567], [72.53623245651436, 23.018507817697458], [72.53643564020946, 23.017374120157626], [72.53644699295849, 23.017119730575093], [72.53644522255303, 23.01579696382808], [72.53627360534367, 23.01558339425942], [72.53593228752999, 23.015158637103113], [72.53537329568225, 23.014910097121753], [72.53533320490803, 23.01489227143797], [72.53526575404126, 23.014797153220933], [72.5352100647025, 23.01471862133511], [72.53519209020855, 23.014693273512997], [72.535098600625, 23.014488165502993], [72.5350378044908, 23.01416383750034], [72.53475170497698, 23.013292680197406], [72.53465971675931, 23.013008409920133], [72.53461661703251, 23.012875219713653], [72.53460462906745, 23.012838172384058], [72.53456716184944, 23.012722392065182], [72.53452198571776, 23.012582780665117], [72.53442367695392, 23.012517471634833], [72.53424956142797, 23.01161908462335], [72.53418996210074, 23.011311570007038], [72.5340327628163, 23.011269697723865], [72.53393344814361, 23.011243244670396], [72.53381036700858, 23.01039330212806], [72.53376706039154, 23.01009424380476], [72.53372480687773, 23.009747263597802], [72.53379682838778, 23.00970290416169], [72.53392092393382, 23.009626472321756], [72.53396411765048, 23.009599867680684], [72.53402378301584, 23.009563119023497], [72.53404726486232, 23.009564811095483], [72.53409340909347, 23.00851213241807], [72.53417129295683, 23.008222070813932], [72.53426971677051, 23.007875559164066], [72.5353004036655, 23.007949112296807], [72.53552672886015, 23.007965263873636], [72.53660142544497, 23.00804068560136], [72.53678829940552, 23.00805380008331], [72.53735246110296, 23.00739915860878], [72.53735458998015, 23.007396688381053], [72.53819450329974, 23.00758998138519], [72.53832212094451, 23.007410450165604], [72.53925310688867, 23.00586744391331], [72.53958022440465, 23.004693057776038], [72.53956890968703, 23.00363363520905], [72.53952915655309, 23.00291311511349], [72.53907523723304, 23.001715411158216], [72.53899735008848, 23.001523320247408], [72.53890154835902, 23.001287045854564], [72.53889811633363, 23.001232134362695], [72.53885522412128, 23.00054591460615], [72.53880998530437, 23.000393429873373], [72.53875435527027, 23.000201062945628], [72.53868124893965, 22.999948263318068], [72.53857796149, 22.999887309739872], [72.53777176798958, 22.999858602603172], [72.53655459553785, 22.999780438153905], [72.53620197893531, 22.999758970568358], [72.5359862113782, 22.999745834364013], [72.53445189666732, 22.99961765036358], [72.53410378733717, 22.999588566764732], [72.53432540035976, 22.998569394007607], [72.53439804946959, 22.998562421459315], [72.5346585179475, 22.99853742271186], [72.53492728273021, 22.998511627385913], [72.53495912785795, 22.998113922022508], [72.53490230175338, 22.99688088125012], [72.53500324326379, 22.996192750294767], [72.53509512313927, 22.996132278542436], [72.53528111409886, 22.996009865595234], [72.53529098734987, 22.9958949741926], [72.53532691021779, 22.995476959408414], [72.53646774904877, 22.995527573139558], [72.53756156360834, 22.995405775418973], [72.53794957583594, 22.995405545571273], [72.53818774861884, 22.995397856336727], [72.53900502803378, 22.99543884326656], [72.54003374240621, 22.995193780353762], [72.5411255140156, 22.99492889373711], [72.54208968196004, 22.994663293054835], [72.5426875174923, 22.994593906947713], [72.54398647767012, 22.9944374641845], [72.54451565367219, 22.99436856591945], [72.54568485674262, 22.99420619109005], [72.54708757036845, 22.994075033618536], [72.54726541041161, 22.994078323129262], [72.54720069377684, 22.99424055248306], [72.54837774660517, 22.99436674286549], [72.54923163717267, 22.99473650240994], [72.54938157384889, 22.994781442890243], [72.54923957714284, 22.9955237463438], [72.55103614281707, 22.9958223522717], [72.55150774736887, 22.995870594284487], [72.55155471416852, 22.995330296966074], [72.55206654196252, 22.99529072402975], [72.55294878133844, 22.99572969659285], [72.55298357554854, 22.995954563451555], [72.5528460834664, 22.99610672512251], [72.55294915422297, 22.996190000797615], [72.55396751304848, 22.996581929888677], [72.55472028973831, 22.995201176113543], [72.55581094836437, 22.995552359215303], [72.5569007705496, 22.995903873441637], [72.55812763822524, 22.996481072002574], [72.55860016870848, 22.99557293644606], [72.55704086873125, 22.99491430525038], [72.55593875593908, 22.994294219010964], [72.5560433956749, 22.994179149346447], [72.55590266388649, 22.994106928294375], [72.55576221592649, 22.994163564844435], [72.55467521416561, 22.99373927544123], [72.55451578381724, 22.993691620412953], [72.55419868833982, 22.99356975059348], [72.55426260606967, 22.993365345150046], [72.5539563402409, 22.993222863140076], [72.55479936230105, 22.991979749160695], [72.55393783403426, 22.99126753713513], [72.55283096988269, 22.990589303380272], [72.55172197128323, 22.9899117536248], [72.55212617592296, 22.98956676479495], [72.5508590368818, 22.988238517647254], [72.5491930779072, 22.987307669373482], [72.54758436525005, 22.986352472739835], [72.54771376951253, 22.98607421871272], [72.54803972176221, 22.984763209006275], [72.54805155238297, 22.984715625818467], [72.54913623918537, 22.985259643908897], [72.54991019327787, 22.98564871160161], [72.55021963612366, 22.985804267123996], [72.55130116569508, 22.986349455866375], [72.55169627319087, 22.98665748659056], [72.5521375014286, 22.987001470740253], [72.55297231317753, 22.987653823784974], [72.55380577361085, 22.9883065095655], [72.5545784821025, 22.988929835920914], [72.55534998618413, 22.98955351411207], [72.55612043500722, 22.990177545554683], [72.55700824571758, 22.990852738010247], [72.55789488993187, 22.99152833326774], [72.55878045824716, 22.992204172951862], [72.55966499573644, 22.99288024423255], [72.56049372520654, 22.993546824392496], [72.56132153185602, 22.994213662767336], [72.56214842223896, 22.994880773915874], [72.56297439805175, 22.9955481714193], [72.56374042490239, 22.996110069800725], [72.56450573411745, 22.99667221384], [72.5651004318861, 22.997387264263203], [72.56569474115015, 22.9981024585275], [72.56628878044971, 22.998817765959238], [72.56688256055419, 22.999533184018254], [72.5674760980664, 23.0002487111567], [72.56806939985663, 23.00096434477413], [72.56866247957113, 23.001680085082466], [72.56926902558878, 23.002447652885447], [72.56987533830738, 23.003215331655944], [72.57048142947195, 23.003983118868202], [72.57108730492968, 23.004751014614122], [72.57169483477385, 23.005777989276805], [72.57230202616834, 23.00680512215451], [72.57290888983195, 23.0078324134148], [72.57340331763353, 23.008896470586947], [72.5738974081965, 23.00996069389739], [72.57439117020864, 23.011025087995687], [72.57446591536223, 23.01127284006686], [72.57465326268614, 23.011893818265232], [72.57491544674856, 23.012762494590817], [72.57517772629771, 23.013631117031846], [72.57531188047919, 23.01469763002135], [72.57544614028595, 23.01576408947592], [72.57558050167525, 23.016830503458475], [72.57560860719177, 23.017781571618425], [72.5756367762366, 23.01873261720855], [72.57566502107674, 23.0196836088197], [72.57569336213523, 23.020634495306634], [72.57557953950669, 23.021572254948264], [72.57546579174621, 23.022509903509658], [72.57535211697024, 23.023447437351138], [72.57523852000764, 23.024384859255388], [72.57512500276219, 23.025322171960248], [72.57501156336652, 23.02625937092353], [72.57489820663352, 23.027196459830478], [72.57466209268705, 23.028193422158065], [72.57442605800642, 23.02919024507167], [72.57419017909561, 23.030186959537005], [72.57407408565531, 23.03067828015591], [72.57403906178033, 23.0308265031355], [72.57387967573369, 23.03182562415458], [72.57386694752506, 23.031905580887635], [72.57372063090584, 23.032824746369247], [72.573561866193, 23.03382385078789], [72.57343586188733, 23.034618195408516], [72.57340338348688, 23.034822941051896], [72.57336689478466, 23.035723669983955], [72.5733591162224, 23.035916794069365], [72.57333060935962, 23.036624534617395], [72.57329451848736, 23.03752553211038], [72.5732890114756, 23.03774455550135], [72.57326250792472, 23.038798670633618], [72.57323086759378, 23.040072060178254], [72.57319965015944, 23.040074220674967], [72.57199798710593, 23.04015738379933], [72.57106137463099, 23.04021485036405], [72.57092820130073, 23.040223020837193], [72.56985836389211, 23.04028857301586], [72.5693311505169, 23.04033592137859], [72.56859552087424, 23.040285633513967], [72.5684794591213, 23.04027717782773], [72.56775129462224, 23.040224122853473], [72.56673494716819, 23.04010672752443], [72.56610922925383, 23.039990902304723], [72.56554453748217, 23.039872132537596], [72.56498945730604, 23.03976441433085], [72.5643646140472, 23.039599025658816], [72.56422349542947, 23.039613101287028], [72.56406646293966, 23.039628765103252], [72.56388202126688, 23.039902284389427], [72.5632533717115, 23.041471935261345], [72.5625811192116, 23.042836146619024], [72.56236108998432, 23.043544598791062], [72.56227199636515, 23.043958752196072], [72.56202378304691, 23.04571736413316], [72.56190721829046, 23.046783971889667], [72.56189078589229, 23.047213933605], [72.56190910865347, 23.047386492456642], [72.56195470762545, 23.047594745944025], [72.5619556783681, 23.04759918087294], [72.5617541861793, 23.047609271882042], [72.5610419615154, 23.047607814844874], [72.56066113716206, 23.04759950819843], [72.56024193680602, 23.047590364484368], [72.55899919649698, 23.04751052127122], [72.55775618187373, 23.047430652389412], [72.55721560010416, 23.047396717280446], [72.55670698512507, 23.047358784163894], [72.55637813897636, 23.047301445321647], [72.55563415665249, 23.047184271051588], [72.5551062360349, 23.047030498380337], [72.55445732625702, 23.046839411230202], [72.55398465811977, 23.046749226639278], [72.55390153169213, 23.046760998631715], [72.5537482891653, 23.046782701798477], [72.55339186067498, 23.046909955187836], [72.553090645745, 23.046943543123152], [72.55243932332397, 23.047016172008036]]]}, "properties": {"objectid": 5, "name": "44-ELLISBRIDGE", "st_area(shape)": 22355799.93982275, "st_length(shape)": 24444.29315673382}}, {"type": "Feature", "id": 6, "geometry": {"type": "Polygon", "coordinates": [[[72.56642295612717, 23.078401492172564], [72.56617478834725, 23.078379655683648], [72.56615930207842, 23.078290814841615], [72.56599174262381, 23.078265314119868], [72.56527089051869, 23.078144073717848], [72.56464764932711, 23.078071081928055], [72.56453145956957, 23.078056757476713], [72.56409771767309, 23.078008216645653], [72.56417591698981, 23.077831653009156], [72.5648179177137, 23.07638319847431], [72.56500314907005, 23.075959349615594], [72.56511665279636, 23.075605406957102], [72.56406191809111, 23.074790612732777], [72.5632351896222, 23.074174955027477], [72.5618695199121, 23.073052820527437], [72.56148009404183, 23.07273311612748], [72.5611236496815, 23.072444598946415], [72.561024094326, 23.072361517247487], [72.56091250849366, 23.072272452116877], [72.56063490331391, 23.072049188430746], [72.56040158131552, 23.0718612980921], [72.56026000997561, 23.071748855329762], [72.56007432833049, 23.071606291761647], [72.55976392966444, 23.07134852190896], [72.55958832251987, 23.071216741763564], [72.55938545761677, 23.07106196655196], [72.5593126897061, 23.071043307538048], [72.55930126986438, 23.071135430638154], [72.55905083007963, 23.071014716820414], [72.5584220217304, 23.07072987159186], [72.55827960854133, 23.070638271691678], [72.55808980527961, 23.07051619102079], [72.55783685745197, 23.07035285685774], [72.55761262797184, 23.07025521285377], [72.55723134281376, 23.070092394526778], [72.55708784233939, 23.070048906791094], [72.55659963760206, 23.06988939017434], [72.55639714743619, 23.069820864609905], [72.55621379921769, 23.069777219964294], [72.55553285858082, 23.069621475776337], [72.5552350661492, 23.06954729475919], [72.55506488758381, 23.06949225218721], [72.55451220382976, 23.069423753420118], [72.55414536147472, 23.06937451068797], [72.55380845880009, 23.069325153992637], [72.55353083313112, 23.069224664273772], [72.55318533180352, 23.06910391535228], [72.55281733917892, 23.06907033819482], [72.55255910268289, 23.06904852237407], [72.55205568276055, 23.06900692079756], [72.55163673086484, 23.06897255195114], [72.55124359771034, 23.068999731773772], [72.55115638241763, 23.069054735250667], [72.5509932835988, 23.069157596369045], [72.55082973454063, 23.0692389239776], [72.55070881286332, 23.06921264345635], [72.55064896998883, 23.069196467732937], [72.55054705768939, 23.0691689219353], [72.55038428217404, 23.069108285646518], [72.55001756139528, 23.068974429511716], [72.54950729177467, 23.068802134705262], [72.54892344786228, 23.06859800175519], [72.54862867902136, 23.068116155521437], [72.54846374880918, 23.068031936351783], [72.54815413856011, 23.067998722167562], [72.54751842020725, 23.067750212790415], [72.54711630148527, 23.06757626342215], [72.54688335103599, 23.067451697311267], [72.54658193706376, 23.067358694030002], [72.546353944019, 23.067082485576954], [72.54618039943246, 23.066931935553598], [72.54606795013274, 23.06683438588418], [72.54596029552017, 23.06662505246739], [72.54580258183512, 23.06633300044217], [72.54556733319328, 23.06586730926995], [72.54540689479337, 23.06553706130571], [72.54535038750834, 23.065343266277807], [72.54531854979881, 23.06523791063133], [72.5452882794623, 23.06513537789179], [72.54526484722808, 23.064992108798606], [72.545241726998, 23.064747102714726], [72.54502523157609, 23.063982176042252], [72.54495161266514, 23.063734379156763], [72.54479539201753, 23.063421678259893], [72.5447045329539, 23.06324120469368], [72.54464652380439, 23.063134691066466], [72.54452458111102, 23.06288295797009], [72.54440144321407, 23.062626147165133], [72.54424450196973, 23.062317584646685], [72.54426874338864, 23.062236365652662], [72.54422506897839, 23.062066906922965], [72.54406016785208, 23.06155920918568], [72.54384688305639, 23.061513025667207], [72.54359421050539, 23.06145303198318], [72.54293204072707, 23.061418413793163], [72.54217734886821, 23.061238806738302], [72.54173092862567, 23.061116972831908], [72.54124792465134, 23.06096608722721], [72.541242088582, 23.06096426490431], [72.54113731337756, 23.060965550024672], [72.54095727159722, 23.06096775968915], [72.54061268121387, 23.060702190084243], [72.53988302388443, 23.060143396342347], [72.53929712560625, 23.059940966809332], [72.53867838574246, 23.05964960398592], [72.53752006946576, 23.05949497271328], [72.53739122094393, 23.05880209792413], [72.536539888736, 23.058829392554674], [72.53652255060743, 23.05865416188335], [72.5364083698835, 23.057500112534807], [72.53630259752418, 23.057083438518276], [72.53635006776577, 23.05661080535234], [72.53651982600539, 23.055963660534307], [72.53648486019922, 23.054698845710355], [72.53661684197411, 23.054467058948887], [72.53667375616156, 23.0538532398859], [72.53699733865861, 23.05336614385131], [72.53734965148959, 23.052854855791196], [72.53780041054969, 23.052426340677986], [72.53813258333804, 23.052286732899912], [72.53810073059641, 23.052095496782478], [72.53822769653694, 23.05185002734958], [72.53825416790582, 23.0517988480828], [72.53932442053632, 23.051755781870014], [72.54011348696184, 23.051819315610807], [72.54057665954672, 23.051941307050868], [72.5408498394364, 23.05201325636032], [72.54132607126309, 23.05189769758996], [72.54234261503046, 23.05170135521311], [72.54235718997676, 23.051686393874697], [72.54246788075669, 23.051572767131447], [72.5434249422112, 23.051407527744296], [72.54370938459266, 23.051267387694573], [72.54399646287568, 23.051284120875277], [72.54426294685325, 23.051302951995098], [72.5443608733934, 23.05151089880792], [72.5445302285621, 23.051713260629164], [72.54486721571493, 23.051858912781043], [72.54496921471727, 23.05190299850253], [72.5454094265943, 23.052007215939124], [72.54583292027269, 23.052068413303175], [72.54604766794742, 23.052036398012532], [72.54605140639461, 23.05201529897173], [72.54609800132899, 23.051752364099254], [72.54628132150764, 23.051233118936768], [72.54604653027147, 23.051195610541473], [72.54575715847874, 23.05114389419566], [72.54545376854807, 23.051104121585738], [72.54547654139311, 23.050958301248954], [72.54531870119429, 23.05092613339765], [72.54531097298226, 23.05085896354136], [72.54503231740254, 23.05082935307364], [72.54491447393856, 23.05120931401842], [72.5444698998129, 23.051128042577815], [72.54445613269858, 23.050971723417387], [72.5437845159068, 23.050873247010706], [72.54387597227684, 23.05051688137034], [72.5440719986802, 23.05046587337612], [72.54434647352974, 23.050558036836968], [72.54418411497186, 23.049643432104602], [72.54460859176612, 23.049120673649934], [72.54425122985958, 23.049063583327925], [72.54418674581042, 23.04882905625778], [72.54376873610181, 23.048786874934258], [72.54373173836063, 23.04873175336447], [72.54304740815505, 23.048433029143496], [72.54246479474969, 23.048178704447423], [72.54237816842735, 23.048145581175532], [72.54292677600792, 23.047940420915886], [72.54344672803123, 23.047818441269655], [72.54391051791886, 23.047760524391666], [72.54407009920894, 23.047740596878086], [72.5443610567803, 23.04764520857169], [72.54494625984326, 23.047504952862255], [72.5461143323787, 23.047272920932564], [72.54662776858038, 23.04720888942296], [72.5476594224254, 23.04719833213802], [72.54842730339134, 23.047202348604042], [72.5501494155661, 23.047216314844828], [72.55072976798888, 23.04719607185201], [72.5511290254632, 23.047155213837684], [72.55189935430815, 23.047076380307743], [72.55243932332397, 23.047016172008036], [72.553090645745, 23.046943543123152], [72.55339186067498, 23.046909955187836], [72.5537482891653, 23.046782701798477], [72.55390153169213, 23.046760998631715], [72.55398465811977, 23.046749226639278], [72.55445732625702, 23.046839411230202], [72.5551062360349, 23.047030498380337], [72.55563415665249, 23.047184271051588], [72.55637813897636, 23.047301445321647], [72.55670698512507, 23.047358784163894], [72.55721560010416, 23.047396717280446], [72.55775618187373, 23.047430652389412], [72.55899919649698, 23.04751052127122], [72.56024193680602, 23.047590364484368], [72.56066113716206, 23.04759950819843], [72.5610419615154, 23.047607814844874], [72.5617541861793, 23.047609271882042], [72.5619556783681, 23.04759918087294], [72.56195470762545, 23.047594745944025], [72.56190910865347, 23.047386492456642], [72.56189078589229, 23.047213933605], [72.56190721829046, 23.046783971889667], [72.56202378304691, 23.04571736413316], [72.56227199636515, 23.043958752196072], [72.56236108998432, 23.043544598791062], [72.5625811192116, 23.042836146619024], [72.5632533717115, 23.041471935261345], [72.56388202126688, 23.039902284389427], [72.56406646293966, 23.039628765103252], [72.56422349542947, 23.039613101287028], [72.5643646140472, 23.039599025658816], [72.56498945730604, 23.03976441433085], [72.56554453748217, 23.039872132537596], [72.56610922925383, 23.039990902304723], [72.56673494716819, 23.04010672752443], [72.56775129462224, 23.040224122853473], [72.5684794591213, 23.04027717782773], [72.56859552087424, 23.040285633513967], [72.5693311505169, 23.04033592137859], [72.56985836389211, 23.04028857301586], [72.57092820130073, 23.040223020837193], [72.57106137463099, 23.04021485036405], [72.57199798710593, 23.04015738379933], [72.57319965015944, 23.040074220674967], [72.57323086759378, 23.040072060178254], [72.57322708025816, 23.040225414100146], [72.57322683143212, 23.04023554211715], [72.57325114703364, 23.040347378225196], [72.57342804538635, 23.04116101348231], [72.57362942632567, 23.04208659468745], [72.57383097136069, 23.043012283882238], [72.57403267566767, 23.043938078283897], [72.57423453824276, 23.04486397968214], [72.57444699191802, 23.045441132876125], [72.57465247046328, 23.045999333426167], [72.57507060447819, 23.047134821319432], [72.5754889335158, 23.048270440548368], [72.57597008925265, 23.04918120350266], [72.57645133750499, 23.050092038092252], [72.57693267442312, 23.05100294154892], [72.5774140980754, 23.0519139129395], [72.5778956045796, 23.052824951300888], [72.57837719003717, 23.05373605657257], [72.57917198540463, 23.054786765719438], [72.57996681654829, 23.055837502846124], [72.58081375037264, 23.05675182421502], [72.58166065862339, 23.05766613051798], [72.58250752673474, 23.058580417920925], [72.58339362902932, 23.059248420925673], [72.58427963300069, 23.059916361131787], [72.58516552300847, 23.060584240106884], [72.58605125984234, 23.06125206808653], [72.58697809055089, 23.06176171335842], [72.58790476479142, 23.062271293469927], [72.58883128174615, 23.062780799383056], [72.58945598400813, 23.063124343815296], [72.5897576384855, 23.06329023105539], [72.58973818974201, 23.063359727314236], [72.58946066574336, 23.064351391273988], [72.58933076247415, 23.065350260028147], [72.58922688758601, 23.066543397572513], [72.58886297417926, 23.06743464636056], [72.58849932789283, 23.068326101096773], [72.58820945510632, 23.069035085800067], [72.58802282042787, 23.06971708341472], [72.58729432383049, 23.069524945306856], [72.58732775983124, 23.069801987881018], [72.58729751440826, 23.070136518799377], [72.58719814282297, 23.070746078465685], [72.5869657286351, 23.072444288008306], [72.58674957581447, 23.072496781136984], [72.58671625913499, 23.07244077193663], [72.58622943924331, 23.07162237479288], [72.58615003313847, 23.0716555442622], [72.58507751007646, 23.07210354713694], [72.58505154008434, 23.072082723767842], [72.58423697554161, 23.07142957631942], [72.58339624166777, 23.0707555479459], [72.58255533869698, 23.0700814624767], [72.58233244606434, 23.07003112689716], [72.58181098281096, 23.0699133648001], [72.58072591605263, 23.069649366564263], [72.57979133591155, 23.069430986957638], [72.5793742056948, 23.069333515963955], [72.57877700248834, 23.06924050918053], [72.57776064483713, 23.06892019591613], [72.57710667166455, 23.068810471351235], [72.5769896752647, 23.06881665788499], [72.57668358414314, 23.068832843662708], [72.57582879159213, 23.06917027689117], [72.57541471191306, 23.069324023638686], [72.57507335156778, 23.069561271008176], [72.57406207272648, 23.070263466597638], [72.57371853605784, 23.070413491160757], [72.57247958148047, 23.071098010309623], [72.57233190121794, 23.071281473578356], [72.57158976022085, 23.072186212951273], [72.57141168849755, 23.07236391757713], [72.57078262039914, 23.07298409746311], [72.57065745599398, 23.073210985377678], [72.57035258229507, 23.073779347018593], [72.5700528789641, 23.074393742010024], [72.56992495420567, 23.07475628014781], [72.56978121754726, 23.07506881591566], [72.56974180680834, 23.075156121044685], [72.56963153014972, 23.075361820569963], [72.5694906923804, 23.075630591893994], [72.56929114985182, 23.076045372389565], [72.56955271050548, 23.07609300788485], [72.56943385742886, 23.076545084421262], [72.56928971978327, 23.076802520007686], [72.56873415980279, 23.076811421398027], [72.56834476782197, 23.077156915245183], [72.56817599717867, 23.077401545428], [72.5679459218451, 23.0777410039717], [72.56791133016957, 23.077825702393525], [72.56782343260848, 23.078045821842764], [72.56765462329913, 23.078251600075472], [72.56761344472163, 23.078299613150744], [72.56751458790117, 23.07841487762612], [72.56725995077083, 23.07837688021006], [72.56694348091722, 23.078331051352016], [72.56642295612717, 23.078401492172564]]]}, "properties": {"objectid": 6, "name": "45-NARANPURA", "st_area(shape)": 12190884.34433986, "st_length(shape)": 18131.10800642299}}, {"type": "Feature", "id": 7, "geometry": {"type": "Polygon", "coordinates": [[[72.65320796593602, 23.040886270900668], [72.65274842733018, 23.041055326883257], [72.65259248180129, 23.04162913818352], [72.65275288447243, 23.041746915374887], [72.65275155558449, 23.042302832001017], [72.65302770476802, 23.04303749286211], [72.65353629674408, 23.043120756404964], [72.65353141034144, 23.043184980259134], [72.65340389149507, 23.04366801682544], [72.65387923968429, 23.044224396956523], [72.65370419658905, 23.044927682271677], [72.65367079812107, 23.045061866926], [72.6532618637791, 23.04476817792542], [72.6518725576325, 23.043963915674052], [72.65146734605585, 23.043712201558503], [72.65117563466588, 23.043552978534905], [72.65031562223864, 23.043139119742566], [72.64907706458045, 23.04249611899757], [72.64747097621948, 23.041690865823252], [72.64684418341227, 23.041475922468724], [72.64588183457687, 23.041144174743764], [72.64491947315274, 23.040812266887652], [72.64397853989661, 23.040496444848106], [72.6430376584533, 23.040180442207898], [72.6413139083631, 23.039633008735887], [72.6409766136314, 23.039601170035617], [72.64048442795318, 23.039568913096524], [72.6403872320046, 23.039545615467713], [72.64028829721286, 23.039521901815647], [72.64024926739803, 23.03936619203731], [72.64022218682993, 23.039258152679633], [72.64014317078282, 23.03894291439892], [72.6401388671023, 23.03890405661852], [72.64000315668422, 23.037678572682232], [72.63986313468098, 23.036414377890654], [72.63970380399782, 23.035371505496965], [72.6395968329638, 23.03467128084118], [72.63954449479539, 23.03432867303929], [72.63933005413936, 23.03288642703194], [72.63917419485945, 23.031452655206436], [72.63913036752042, 23.03113710234476], [72.63905828994824, 23.030618154466655], [72.63896493544279, 23.029721657021614], [72.63887163062975, 23.028825144915377], [72.63877837826054, 23.027928628119895], [72.63874431261887, 23.027001288362886], [72.63842942730012, 23.026823300700908], [72.63717403035099, 23.026363278904586], [72.63610038781988, 23.025864425256678], [72.63502697723212, 23.025365277581834], [72.63387365139539, 23.02481857592831], [72.63272055913791, 23.024271570214502], [72.63271359553738, 23.024190184812564], [72.63271156076351, 23.02416640702265], [72.63269434104761, 23.023965146480084], [72.63267134323097, 23.023737811363347], [72.63242778867404, 23.023756106023686], [72.6318953440576, 23.023796099768028], [72.6314804729478, 23.023780337398776], [72.63078880611485, 23.02375405724205], [72.63053520662498, 23.02372892358139], [72.63029750126732, 23.023671588143618], [72.62884574222025, 23.02317491188903], [72.6274290850049, 23.022657922754068], [72.62706598236723, 23.022523897534278], [72.62586721719542, 23.022081413574863], [72.62462800157064, 23.021720021524285], [72.62393211509333, 23.02153946053252], [72.62345801017788, 23.02150736265321], [72.62308937330194, 23.02159629116094], [72.62234304687077, 23.021852100615284], [72.62147858011906, 23.02209599158041], [72.62074658796438, 23.022227083032803], [72.6199151454316, 23.022332335248922], [72.61943373825919, 23.02236253198936], [72.61809279665196, 23.022215110483373], [72.61803318104381, 23.022208555876247], [72.61793033772241, 23.02221109869956], [72.61726740057496, 23.02222748864407], [72.61654335890144, 23.02221623325234], [72.61574863484766, 23.02223506919733], [72.6148268341666, 23.022191319032753], [72.61467144793869, 23.02218459111744], [72.61418526022265, 23.022163538323504], [72.61359105509685, 23.02219024461017], [72.6131159397334, 23.022117205645547], [72.61248578938002, 23.021991152471703], [72.6123571699209, 23.021960803840308], [72.61243145892006, 23.021720333782465], [72.61245860052735, 23.021621807115384], [72.61251574708555, 23.021414352543918], [72.61259421926457, 23.021227613003568], [72.61306359819996, 23.02005249922779], [72.6130793399334, 23.020060819465325], [72.61321863637265, 23.020134450480874], [72.61348803822605, 23.019885146358135], [72.6135756934234, 23.01979891200261], [72.61384168750851, 23.019430135840988], [72.61396257918693, 23.01926253255701], [72.61395423147778, 23.019037961842248], [72.61394402688174, 23.018763461112712], [72.61391667434961, 23.018482572673026], [72.61391217174953, 23.01843633581614], [72.61390029041064, 23.018363914042354], [72.61386417513611, 23.018143780651823], [72.61382763826634, 23.017878898365417], [72.61380915878556, 23.0177449292157], [72.61376058645007, 23.017416007074598], [72.61453523240338, 23.017363225670884], [72.6148278562537, 23.01734328639013], [72.61649848079728, 23.017307718999813], [72.6165345675501, 23.017166384564664], [72.61652995034673, 23.017128500470427], [72.61652693719941, 23.017103782550542], [72.61638098054488, 23.015906225057385], [72.61639842730895, 23.015651312433732], [72.61640920331386, 23.01544702022457], [72.61647201210977, 23.015356763190113], [72.61761701251253, 23.014839122147485], [72.61876186744321, 23.014321572899632], [72.61876914209213, 23.014313527405918], [72.61882186876393, 23.014255218335883], [72.61882009093442, 23.014158419774475], [72.61851387792993, 23.013535463426486], [72.61849464150887, 23.01336443046691], [72.61851321643461, 23.013329477442856], [72.61856160844293, 23.01323841559466], [72.61865755741331, 23.01319989094393], [72.61927710436706, 23.01320045737945], [72.61971714411992, 23.013200858957166], [72.6207766717009, 23.013201783761065], [72.62183613722976, 23.013202665312786], [72.62289553976174, 23.013203501793743], [72.6231051053802, 23.013186456070393], [72.62373739098065, 23.01291774027291], [72.62428288548335, 23.012685906294646], [72.62546050560115, 23.01218544762763], [72.62578321517428, 23.012081591695686], [72.62582529973169, 23.012079310684708], [72.62657212831193, 23.012038827751553], [72.6269438557246, 23.012021960957057], [72.62734323874545, 23.01202156970059], [72.62833149929851, 23.011971229319528], [72.62931967905722, 23.011920866143356], [72.63030777501683, 23.011870484642618], [72.63060788335866, 23.011832663222105], [72.63079576666225, 23.011742460478146], [72.63099146783853, 23.011584755439436], [72.63102791653272, 23.011534607766404], [72.63124190839947, 23.011240187448625], [72.63212854806214, 23.009841620047588], [72.63223188322009, 23.0097155511619], [72.63235815955457, 23.00964645653882], [72.63303139011875, 23.009448555426918], [72.63411788220172, 23.009129165193492], [72.63422638620646, 23.009085593719753], [72.63431921182655, 23.009176976594436], [72.63447921293908, 23.01031858415365], [72.63463950305045, 23.0114604432868], [72.63480006093582, 23.012602652984793], [72.6348568677333, 23.012753125804643], [72.63498283492952, 23.01280401464363], [72.63636985710163, 23.01292230438981], [72.63650397533932, 23.012973996339735], [72.63656228980442, 23.01301397961061], [72.63729836045758, 23.01351866170121], [72.6381069206184, 23.014086602673146], [72.63826249720807, 23.014275766146493], [72.6384516831903, 23.01466679675098], [72.63845294656633, 23.014669408467963], [72.6385808958165, 23.014625449153687], [72.64022842721211, 23.015001532252434], [72.6405652249255, 23.015045360261254], [72.64102903547115, 23.01504159472934], [72.64174452437909, 23.015003068953582], [72.64174842993316, 23.01494748077144], [72.64177027574117, 23.014636581270384], [72.64177410207826, 23.01458212492778], [72.64198738782906, 23.013894641599382], [72.64226959490901, 23.01313070479668], [72.64221081084779, 23.011791209168504], [72.64241949318499, 23.010565984540214], [72.64260889006655, 23.009604189723202], [72.64263397347578, 23.00909244576363], [72.64262464252768, 23.008296725992576], [72.64245873224623, 23.007400336223004], [72.64229378566333, 23.006502797881737], [72.64212927365844, 23.00560543112052], [72.64212141722948, 23.005386233859586], [72.64217852815162, 23.00518922855198], [72.64244138689739, 23.004966478388866], [72.64260437726647, 23.00487395664698], [72.64313122862288, 23.00476094255765], [72.64406886040354, 23.00455980699826], [72.64395485897901, 23.004737712469], [72.6431926335034, 23.005648110088718], [72.64315829523386, 23.005689123505764], [72.64318111536609, 23.00575881625683], [72.6432167092521, 23.005774520695436], [72.64486774152208, 23.006502946674765], [72.64509121430615, 23.00661131658579], [72.64593712487827, 23.00713500895657], [72.64668840075495, 23.007484054153625], [72.64763989056797, 23.00818444986067], [72.64789137804765, 23.008370153887032], [72.64802519197336, 23.008468964634982], [72.64810118629241, 23.008525079744], [72.64810891677685, 23.008530788447295], [72.6481673923597, 23.00857396770683], [72.64836274263347, 23.008718217520467], [72.64838830783468, 23.008737095112377], [72.64858786089985, 23.008884446895024], [72.64910986752975, 23.009264463052272], [72.6497551865902, 23.009997102186656], [72.64986646976038, 23.010120887292707], [72.65008298422212, 23.01020236460416], [72.65056759829783, 23.010337092216542], [72.65088821559796, 23.01035878770691], [72.65105580262966, 23.01034208873146], [72.65123870617687, 23.010362290971848], [72.65248902729246, 23.010439648923445], [72.65324055657435, 23.01050015313547], [72.6541375576409, 23.01061373536098], [72.65415299947946, 23.010650207745044], [72.65459039635257, 23.01168335707652], [72.65494530183722, 23.012761743695975], [72.65484306488696, 23.01368225476243], [72.65442022556437, 23.014671841828573], [72.65411814335438, 23.01541364925363], [72.65370957454245, 23.01635384091084], [72.65304420872715, 23.017627137326908], [72.65297916972752, 23.017751599430945], [72.65390278565371, 23.017745294607394], [72.65503532450133, 23.01775503376118], [72.65546339212575, 23.01775871815217], [72.65619167104175, 23.0177467361933], [72.65697755411874, 23.017745347133232], [72.6571141794592, 23.017745106145107], [72.65722368363369, 23.01774378181146], [72.65827096685638, 23.017706151080187], [72.65827092840198, 23.017629388626933], [72.65827056252833, 23.016892853692333], [72.65921254787128, 23.016983609055078], [72.65909143139427, 23.018477566248666], [72.66037950715123, 23.01864654237294], [72.66045901376461, 23.0184768447742], [72.66150520467765, 23.01859150001225], [72.66176186002379, 23.018544262629497], [72.66215304229029, 23.01856014703471], [72.66248243569605, 23.018528097034725], [72.663231125516, 23.018473200831266], [72.66363302716748, 23.01850775849154], [72.66427675247688, 23.018561029372123], [72.66455258001987, 23.018583854665966], [72.66474628443406, 23.018609142691528], [72.66538021307646, 23.01871256145252], [72.66593066158076, 23.018843830460575], [72.66599673200476, 23.018859586148466], [72.66649220169859, 23.019106225047654], [72.66684647041225, 23.019256538502074], [72.66690701645322, 23.019282227330415], [72.66714005907477, 23.019225889138223], [72.66833340568645, 23.019382221378567], [72.66838277933692, 23.019388689182566], [72.66835657648943, 23.019276237783785], [72.66848532158606, 23.018656356789798], [72.6693248100012, 23.018681313199014], [72.66949348959783, 23.018243993587973], [72.66954525022035, 23.018250482623678], [72.67096693304467, 23.018428711716833], [72.67109079089674, 23.01844423892091], [72.67126179425945, 23.0188766731948], [72.67141774438912, 23.01927103860558], [72.67201361059115, 23.01939163223937], [72.67247620066382, 23.019494890628472], [72.67317467718115, 23.019581463551326], [72.67405099315515, 23.019833439689744], [72.67435987089898, 23.019325012220055], [72.67446988798505, 23.0188978835155], [72.67427593571891, 23.017734762796053], [72.67487432934213, 23.017674492022852], [72.67509164766463, 23.01766218954202], [72.67555394870023, 23.017636016543708], [72.67567334271, 23.01763998161828], [72.67614000372463, 23.01774528231589], [72.67664079396025, 23.017880356929172], [72.67664426036012, 23.01789236482988], [72.67666317173648, 23.017957851690248], [72.67696082133291, 23.017982621662014], [72.67746681411425, 23.018024729624656], [72.67791303736192, 23.018054322257388], [72.67848762918452, 23.018123169715874], [72.67965463777495, 23.01793527410541], [72.67969557213348, 23.01792868343948], [72.67969140051223, 23.01786942311961], [72.67968917073935, 23.01783774730382], [72.68015596164503, 23.01775483443364], [72.68143913655966, 23.017331278304486], [72.68211281838899, 23.01711357926153], [72.68252550587485, 23.017725990744314], [72.68261975605105, 23.017865853086516], [72.68281199719546, 23.018151127927133], [72.68300033141155, 23.0184306060944], [72.68334573623292, 23.019088894414452], [72.68336115681454, 23.019118282420052], [72.68363313568574, 23.019212853515807], [72.68367647994253, 23.019227925231558], [72.68378650171512, 23.019892193678768], [72.68390431572169, 23.020027028582945], [72.68407281031006, 23.02021986531992], [72.68416211234285, 23.020322068005278], [72.68416463917245, 23.020337674242537], [72.68419704819293, 23.020537809710408], [72.68437295312198, 23.02065606379803], [72.68443909365804, 23.020700527401672], [72.68470273801984, 23.021043021203003], [72.68502527469363, 23.021462017118825], [72.68581329751784, 23.022474272291902], [72.685760295017, 23.023262979614707], [72.68579945122103, 23.0234940388369], [72.68585227933724, 23.02407675334977], [72.68560517925953, 23.024051359249828], [72.68446207145743, 23.023933876338422], [72.68308316178516, 23.023811926787683], [72.68288794400834, 23.0237819418825], [72.68166856559141, 23.023777449751247], [72.68045607485195, 23.023784322777125], [72.6799396606738, 23.023836030635557], [72.67988162969127, 23.02437685343244], [72.6797735573844, 23.025384035462114], [72.67976116468644, 23.02574697503845], [72.67970533435249, 23.026919316553617], [72.67941018078909, 23.026928498930978], [72.67936266226117, 23.026929977542025], [72.67916419119246, 23.02693615142745], [72.67748692912502, 23.026660645733536], [72.67708657872821, 23.02659488224771], [72.67673504563622, 23.02725381390471], [72.676694735137, 23.027329373978745], [72.67533146201218, 23.02715749691265], [72.675077793609, 23.02714440877435], [72.67486450603008, 23.02713340442567], [72.67453980647453, 23.027164266937685], [72.67450057507914, 23.027182227759873], [72.67408097868672, 23.02733378618642], [72.67417817407299, 23.027635605027054], [72.67429705461701, 23.02797509333924], [72.6743331838093, 23.02807826730648], [72.67421130268517, 23.028277588488233], [72.67388147113763, 23.029103821032063], [72.67378640156186, 23.02934197101039], [72.67371634674583, 23.02951745748497], [72.67345976048789, 23.030254046956717], [72.6732404101752, 23.03101065837227], [72.67323729848624, 23.03102139317439], [72.67308090525205, 23.0310771533928], [72.67295306063654, 23.031095415969467], [72.67247968102596, 23.031163039686277], [72.67240971310791, 23.03117303513613], [72.67133145722478, 23.031421786922643], [72.67087359125303, 23.031527835143912], [72.67025601022932, 23.031670873088206], [72.66918322136486, 23.031920098265246], [72.66899282749293, 23.031933558904857], [72.66881669058337, 23.031946011578473], [72.66804569705235, 23.03217482093835], [72.66737555471833, 23.03237369684922], [72.66536633682541, 23.032414283023204], [72.66415696489545, 23.032325069691243], [72.66295158815275, 23.032236175278697], [72.6622502142421, 23.03215578772098], [72.66098350425895, 23.031775387097902], [72.65988155431721, 23.031819285868924], [72.6596855643318, 23.031850931703733], [72.65868171948468, 23.032013013176822], [72.65868596145897, 23.03216145711892], [72.65869962286921, 23.03263951806424], [72.65860239002697, 23.03327178714751], [72.65859833592847, 23.03360197651906], [72.6580960849058, 23.03439445092024], [72.65842986092377, 23.034543773778143], [72.6584493934448, 23.03440774173053], [72.65907581163222, 23.034337555485273], [72.65961999694503, 23.03442340184161], [72.6597739852822, 23.03488050895587], [72.65986791041168, 23.03528897448968], [72.65962871617884, 23.035236190280582], [72.6595555092189, 23.03549771734816], [72.6590465358229, 23.035500950649883], [72.65864772600447, 23.037255063282917], [72.65864983911399, 23.03729979559267], [72.65867109554408, 23.03774974321225], [72.65871297745917, 23.038636310756832], [72.65842110084036, 23.03846756415118], [72.65790628136783, 23.03816992424276], [72.65764641770568, 23.03801656322165], [72.65704853756515, 23.037909530700738], [72.65684910601799, 23.037873828387067], [72.65606368052745, 23.037951866287894], [72.65605858030843, 23.03808551707333], [72.65604213036322, 23.038311307655484], [72.65600605643473, 23.03830298246904], [72.65598199014899, 23.038403126750605], [72.65595278881162, 23.03893986088021], [72.65589449816638, 23.03950660106835], [72.65586211476779, 23.039880421470194], [72.6558928624466, 23.040057993794495], [72.65595188421597, 23.040281662221563], [72.65597215251758, 23.04043954862008], [72.65641758924889, 23.04066888714117], [72.65658149743038, 23.04070324935524], [72.65657771912768, 23.04076751603082], [72.65649353307396, 23.042199327483715], [72.65616672036538, 23.042170538809923], [72.65560186786692, 23.042120781663243], [72.65570539502033, 23.042665023400513], [72.65548250124748, 23.0426979024754], [72.65517247686508, 23.042461633625795], [72.6549991221452, 23.042047526294674], [72.65486440278853, 23.04173665068298], [72.65445624831385, 23.04150503330174], [72.65401154262625, 23.041024568738678], [72.65373415352987, 23.040832316202454], [72.65306677587485, 23.04036976497949], [72.65320796593602, 23.040886270900668]]]}, "properties": {"objectid": 7, "name": "46-NIKOL", "st_area(shape)": 12712692.71614549, "st_length(shape)": 25030.610757776423}}, {"type": "Feature", "id": 8, "geometry": {"type": "Polygon", "coordinates": [[[72.68096590972712, 23.107334442610977], [72.67961410541271, 23.107001283140814], [72.67900532668182, 23.10704942996337], [72.67870515036185, 23.106137835285658], [72.67857495888309, 23.105742458607192], [72.67808533880763, 23.10586451960532], [72.67788275502765, 23.105388779899965], [72.67779296310697, 23.105428104695314], [72.67729516417663, 23.105646119601563], [72.67658792298586, 23.10572675980822], [72.67630687896711, 23.104940132206274], [72.67624345768752, 23.104762619083594], [72.67508476840365, 23.10425882605331], [72.67495428439334, 23.104202091320907], [72.67501121799053, 23.10427303758211], [72.67519318952374, 23.104499798878614], [72.67503448918434, 23.104495340252086], [72.6747495358813, 23.104487334137584], [72.67458742816346, 23.104482779698028], [72.67421917317634, 23.104737276609693], [72.67408377941084, 23.104830846022058], [72.67413733534532, 23.104892023083053], [72.6740337021037, 23.104920039705597], [72.67370636582568, 23.104981482255535], [72.67368569402194, 23.104985362863584], [72.67290844379067, 23.105131253240767], [72.67274309246162, 23.10532182015399], [72.67264801029637, 23.10543140207516], [72.67246484085443, 23.105642501164933], [72.67144465855155, 23.106011151734666], [72.67065303820273, 23.106207142857674], [72.67039390344526, 23.106269962657866], [72.66934246009164, 23.10643243330671], [72.66804268095377, 23.106755775762238], [72.66718276315419, 23.106850128051203], [72.66631536698199, 23.10694529662334], [72.6656932961045, 23.107088284401076], [72.66555151493114, 23.1061379167396], [72.66536113750384, 23.10513843916048], [72.66499107567388, 23.10498373198138], [72.664824760744, 23.10491420217729], [72.66482302047028, 23.104913474932875], [72.66451913508169, 23.104147893906223], [72.66450073735041, 23.104148891791827], [72.66430917308122, 23.104130258294322], [72.66360166690988, 23.104061435702654], [72.66357854801704, 23.10405918657254], [72.66359849260247, 23.10354628522545], [72.6635143484002, 23.10294745035412], [72.66326081656139, 23.10295885889212], [72.66316424350613, 23.102767988304837], [72.66306635899709, 23.102574525239266], [72.66301335501356, 23.102385636117344], [72.66300184599935, 23.102344622530264], [72.66297474779192, 23.102240648102526], [72.66291319083481, 23.102000845614363], [72.66289635040404, 23.101935241766782], [72.66287754971667, 23.101862002709286], [72.66287957348986, 23.101715386629284], [72.66279878881559, 23.101610087837482], [72.66281407499586, 23.101600061982047], [72.66270288209466, 23.101495645227544], [72.66271107547749, 23.10135576613675], [72.66243877251159, 23.100439960275438], [72.66252278104044, 23.100438477514864], [72.66254422809129, 23.100438099189954], [72.66237474658872, 23.10017672837493], [72.66237247378083, 23.100173224301418], [72.66230424667326, 23.099911118234758], [72.66220184057943, 23.099109526679936], [72.66214437312544, 23.099007989373046], [72.66213357586888, 23.098988911018562], [72.66157705526905, 23.099100370270143], [72.66138599674487, 23.09828507442551], [72.66084457769081, 23.09849723770857], [72.65997175611938, 23.09861285483152], [72.66025015104256, 23.09778540623899], [72.66026898014846, 23.097729441360304], [72.65990355708516, 23.097444970564382], [72.6600386835289, 23.096960035585376], [72.65986121358414, 23.09701626234713], [72.65976517653712, 23.09705100456103], [72.65970033800365, 23.09707446028518], [72.65966895233684, 23.097079537128458], [72.65961441504587, 23.096957519877666], [72.65956154900749, 23.09694026943842], [72.65952483448228, 23.096918509777765], [72.6594995576774, 23.096907900620817], [72.65949512995408, 23.09690604196826], [72.65922750857325, 23.09679370901555], [72.65909270170418, 23.0966923045784], [72.65898322542031, 23.096609953136564], [72.65903252609738, 23.096617134205182], [72.65897742993542, 23.09657310931722], [72.65890890012442, 23.096565407312994], [72.65879430677505, 23.096520859861613], [72.65876160377302, 23.096508147012013], [72.65880094006032, 23.09569483547665], [72.65824572627893, 23.09532455570758], [72.6582397583037, 23.095322154149535], [72.65815177753717, 23.09528675937499], [72.65804500516802, 23.095217185228414], [72.65787845678885, 23.095159997813187], [72.6578126178163, 23.095137133841398], [72.6576454461213, 23.095168842745785], [72.65753247803589, 23.095127911776494], [72.65747733352018, 23.095110030121806], [72.65726634639172, 23.095037231908886], [72.65713343717813, 23.094984757446166], [72.6569994430638, 23.094933228259812], [72.65682617900042, 23.094860315182867], [72.65657043009656, 23.09477632560006], [72.6564793472507, 23.09473078326741], [72.65629198373935, 23.094691399962556], [72.6562678480171, 23.094686327039973], [72.65618936952099, 23.09466983088477], [72.65602787487776, 23.094636545358824], [72.65591938636028, 23.094612472944593], [72.65563128986693, 23.09484283997889], [72.65498151673324, 23.09531509555126], [72.65442508011034, 23.095721133385236], [72.65367950127369, 23.096272823167496], [72.65295996921292, 23.096868036964256], [72.65293485507755, 23.096888811631068], [72.65264757856376, 23.09737196115157], [72.65257880139517, 23.09748763279258], [72.65237214746722, 23.09782025557878], [72.65202052055587, 23.09814792208251], [72.6518132982938, 23.09834102325076], [72.65160727151465, 23.099140107148074], [72.65137372049243, 23.10041944117309], [72.65118586683802, 23.100531317090308], [72.65155397945998, 23.10124071351432], [72.65152561553964, 23.101424516686095], [72.65151340412048, 23.10150364628384], [72.65144429990063, 23.101907605732883], [72.65028531683933, 23.102203473448064], [72.64928046889136, 23.10245984365766], [72.64912561276817, 23.10249935132669], [72.64870247471083, 23.101541449441715], [72.64827839604642, 23.10058233649282], [72.64785448864406, 23.09962261406623], [72.64743163451509, 23.098662743104533], [72.64688914772658, 23.097921537251036], [72.6463479085416, 23.09718018958833], [72.64580802866746, 23.096438672905062], [72.64526964423196, 23.09569695855005], [72.64473291782829, 23.094955011046288], [72.64419805305455, 23.094212793725294], [72.64366529732918, 23.0934702750893], [72.64325793166998, 23.09336723746425], [72.64324877493938, 23.092771119903954], [72.64324757853853, 23.09269326790409], [72.64298624988722, 23.092397347644688], [72.64332823044552, 23.092079019805677], [72.64353266647035, 23.09224759305725], [72.64401786688632, 23.09180777863698], [72.64381748266844, 23.091662475734854], [72.64368374502166, 23.091565499768546], [72.64376017894675, 23.091311025212583], [72.64380815575997, 23.091151293717466], [72.64445488897245, 23.091094178239747], [72.64486005164345, 23.09072935450916], [72.64382125640662, 23.090914780942715], [72.6437899484859, 23.090829086324554], [72.64365628538941, 23.090463221869094], [72.64369924899123, 23.090341472249115], [72.64370916395761, 23.090313376115212], [72.6436903202885, 23.09031761601901], [72.64274277892501, 23.090530791225238], [72.64274043290376, 23.090585260119614], [72.6425146088952, 23.090552700422855], [72.64228569832251, 23.090519696164918], [72.64226098476256, 23.090590412647842], [72.64215886781304, 23.09088262071275], [72.64198314720169, 23.091029006349586], [72.6419650265277, 23.09105465503085], [72.64191719131615, 23.091122362712014], [72.64166332595144, 23.09104130139669], [72.64144197266371, 23.091275065486617], [72.64126207886443, 23.091465044596717], [72.64025424978186, 23.09124890432796], [72.63924638905365, 23.091031883438106], [72.6382391135445, 23.090814422697143], [72.63723241899795, 23.09059648684402], [72.63622640444619, 23.090378049386928], [72.6350720936878, 23.090190722207698], [72.63391842312245, 23.0900026660141], [72.63387943264969, 23.090099951059685], [72.63331432187934, 23.090033353226502], [72.63256300053038, 23.08974419969154], [72.6308353248172, 23.089478346233093], [72.62936821297828, 23.089259598653772], [72.62934052454993, 23.089255470476136], [72.62828482866692, 23.089226809494168], [72.6282397426854, 23.089225584894045], [72.62803137556814, 23.08916110145546], [72.62798153578962, 23.08914567750239], [72.62678989534666, 23.08915671227237], [72.62569875354356, 23.089166366341832], [72.62559835580686, 23.089167254728583], [72.62538323239208, 23.089200764712793], [72.62525034108216, 23.089157073358937], [72.62494753754474, 23.08905751700265], [72.62463642200112, 23.08910792712068], [72.6246231566556, 23.08911007654624], [72.62443437673042, 23.089140663926397], [72.62450817872588, 23.088831678725487], [72.6245733446749, 23.08855884675444], [72.6245797597736, 23.08853199040242], [72.62456573045162, 23.088518154301426], [72.6245021899878, 23.088455484845], [72.62447118090192, 23.088424900952095], [72.62444159239591, 23.08839571880597], [72.62436334893474, 23.088305091486667], [72.62438403847163, 23.088395663271278], [72.62436158120983, 23.088560711593917], [72.62435269982352, 23.08862598439366], [72.62437228610047, 23.088966740628493], [72.6238626407992, 23.089016800679182], [72.62353851694193, 23.08903682427494], [72.62345521638805, 23.089041969907875], [72.62287934533391, 23.089155572886384], [72.62280658278205, 23.089169926476092], [72.6221171699802, 23.089092191225276], [72.62201176238575, 23.089026840718226], [72.62193796092396, 23.088981084790074], [72.62186535771602, 23.089300074027715], [72.62186019107146, 23.089322775430766], [72.62151842255645, 23.0893163470616], [72.62068246292762, 23.089300620730324], [72.6202267551713, 23.089294870595907], [72.61984392755184, 23.089335076116498], [72.61964471886468, 23.089316374103852], [72.61925212276702, 23.0892795148579], [72.6190866627541, 23.089269009384253], [72.6176408188831, 23.089355709099245], [72.61614399340634, 23.089229454500355], [72.61612488661737, 23.089227842423536], [72.61512938820394, 23.08915183343852], [72.61506818425141, 23.08930048090836], [72.61496644242663, 23.089547582411388], [72.61485017444615, 23.089829961953612], [72.61419727177218, 23.089775606984638], [72.61375305041085, 23.089542673278782], [72.61282925164737, 23.089615669968932], [72.61218326168989, 23.08928610079119], [72.6116196667513, 23.089292049350387], [72.61154496644495, 23.089140601199635], [72.61133854755607, 23.08912802875845], [72.61071758932934, 23.08909020462309], [72.6107233345316, 23.08931141845964], [72.6095908629207, 23.08920828933057], [72.60959222627079, 23.089200121704835], [72.60960096378619, 23.089147794915192], [72.60960446975625, 23.089126795933804], [72.60907885821197, 23.089101888319448], [72.60886520490958, 23.089222680010327], [72.60832870093977, 23.089525995963236], [72.60693701999534, 23.089357113114648], [72.60555606899467, 23.089201987756915], [72.60565774469407, 23.088756609345005], [72.60475551501388, 23.088300364969676], [72.60455693643897, 23.0886056620714], [72.60348053747254, 23.08812198947325], [72.60385600667468, 23.087396378934304], [72.60211824848031, 23.08721928616126], [72.60166344504873, 23.08659523546554], [72.60165509511916, 23.086055540352454], [72.6018514477255, 23.08601330683632], [72.60179790895249, 23.08590237191181], [72.60144722949703, 23.085175734274863], [72.60174439114843, 23.08464158020045], [72.60187239461094, 23.084411491480772], [72.60191168744909, 23.084328339893084], [72.60194259649921, 23.084262929724556], [72.60219858761283, 23.083169957861227], [72.60223970253976, 23.082259743913845], [72.6022809577902, 23.08134964029643], [72.60232231256653, 23.080439636458497], [72.60236373378014, 23.079529727383452], [72.6024186011487, 23.07837821429693], [72.60247350785932, 23.077226851448167], [72.60252842560682, 23.076075639310165], [72.60223586758836, 23.074970695461456], [72.60164033182565, 23.073813985756768], [72.60137590462028, 23.072891329513194], [72.60111140158267, 23.07196877384841], [72.6008468092018, 23.071046310431846], [72.60025015469657, 23.07019990752999], [72.59972563438693, 23.069339745609977], [72.59920107815657, 23.06847965310083], [72.59867643563642, 23.067619609375342], [72.59815168747963, 23.06675960511086], [72.59762683375176, 23.06589963669651], [72.59688466484525, 23.065134394103488], [72.5961575184757, 23.06438474160683], [72.59614239019024, 23.064369144216474], [72.59626069573959, 23.064080327036635], [72.59630750459519, 23.06402300303112], [72.59637024109998, 23.06394617570433], [72.59677243286349, 23.06331407531363], [72.59684951771263, 23.063320701741624], [72.59698158673065, 23.063075937773956], [72.5971404342467, 23.062801151770344], [72.59723444702254, 23.062507475416684], [72.59728761429689, 23.062341391032422], [72.59732268263468, 23.062270753475786], [72.59749366738562, 23.061949762045238], [72.59775271500742, 23.061383515036887], [72.5978250010418, 23.0612206939682], [72.59787873062481, 23.061099673060546], [72.5980011558741, 23.060749485828225], [72.59805628420976, 23.060595877540685], [72.59821229188333, 23.060205761331424], [72.59830509087362, 23.059973705817086], [72.59830699215121, 23.05982265379359], [72.59830747414739, 23.05978434966969], [72.59867152455821, 23.059739138044332], [72.59910232923359, 23.059784256119958], [72.59912166347584, 23.05965455528677], [72.59924128920728, 23.05966503087324], [72.59978894688518, 23.059712994337595], [72.60108603360136, 23.059651410128808], [72.60154643505375, 23.059578311526682], [72.60267424119598, 23.059473905114444], [72.60380207007483, 23.05936936446543], [72.60392665300358, 23.059474819857744], [72.60405504153916, 23.05958349714554], [72.60438899372751, 23.059522691295847], [72.6044260423158, 23.05951594501131], [72.6048833931804, 23.059432668197434], [72.60499849987885, 23.05941170989797], [72.60500425728189, 23.059423927929416], [72.60508936144402, 23.05960452062088], [72.60633534358396, 23.059402813589216], [72.60751562661437, 23.05921158682986], [72.60758137066291, 23.05920093552876], [72.60871060850026, 23.059017824484116], [72.60882743886988, 23.058998880963905], [72.6088598108678, 23.058971224653927], [72.60968769431537, 23.058263943767532], [72.61054793255923, 23.057529007236333], [72.6107644059267, 23.057344062685807], [72.61140814768632, 23.056794074892704], [72.61226822779585, 23.056059240742215], [72.6122683357482, 23.05605914938608], [72.6122686217264, 23.05605980552274], [72.61226979936576, 23.05606250912182], [72.61227023646593, 23.056062120304695], [72.61244236149743, 23.05590873526755], [72.6129457307349, 23.055551980381843], [72.61311951958213, 23.05587498742479], [72.61312704924397, 23.055889421245176], [72.61366346526675, 23.05691763009043], [72.61422376803253, 23.05798295541816], [72.61478409175704, 23.059048386086975], [72.61548374426316, 23.060351987524164], [72.61549688940103, 23.060376480061866], [72.61621163875844, 23.06024407995819], [72.61650021097708, 23.06019062358419], [72.61798085252711, 23.060050659861197], [72.6181989187876, 23.059994449010148], [72.61867138756537, 23.059858281698563], [72.61891344249283, 23.059788520248976], [72.62000140840414, 23.059420687240614], [72.62092131308233, 23.059053506145254], [72.62199253620216, 23.058588841696988], [72.6228416278418, 23.058188627420865], [72.62445055176222, 23.05751720676215], [72.62521651788987, 23.05721920111921], [72.62620554514659, 23.05692888805767], [72.62660426310248, 23.056762017384738], [72.62666051509731, 23.056738475078816], [72.62673752060526, 23.056809130900024], [72.62683554881116, 23.056899078346834], [72.62742559024488, 23.057440476456296], [72.62851084649273, 23.058360384482228], [72.62922035141538, 23.058999454217705], [72.62992983986013, 23.059638509190176], [72.63074645890677, 23.06040000856807], [72.63149231933812, 23.061086473502503], [72.63223807830725, 23.061772978089987], [72.6329837059196, 23.062459557995687], [72.63372916334407, 23.063146257779515], [72.63474207595323, 23.064077526804], [72.63575449493874, 23.065009362385688], [72.63647095523163, 23.065685265389643], [72.63718699906623, 23.06636178950047], [72.63790248391307, 23.0670391628066], [72.63861712735155, 23.067717969720064], [72.6394105514386, 23.0685007136492], [72.6400090893014, 23.069096222441008], [72.64020164995736, 23.06928780611202], [72.6409892379066, 23.070081401587803], [72.64164987271639, 23.070714378888482], [72.64169029326722, 23.070645154279664], [72.64185346938346, 23.070365707733544], [72.64201935079048, 23.069846774134856], [72.64219632476096, 23.069169416707197], [72.64216883895799, 23.068486868945648], [72.64214479900765, 23.06815037831401], [72.64219559612759, 23.067663184911584], [72.64248776844882, 23.066531455329116], [72.64260060600022, 23.066080531406076], [72.64271817878263, 23.065639729814702], [72.64298864717219, 23.06442556003366], [72.64305910905169, 23.064109243226525], [72.6431577083174, 23.06334888297536], [72.6431863950155, 23.061996208528317], [72.64310633307257, 23.060777551570535], [72.6430252783703, 23.059560907402535], [72.64293747014877, 23.05842392878817], [72.64284897210662, 23.057287993371233], [72.64306481341197, 23.057070100097757], [72.64311532663297, 23.057019106627028], [72.64400608057989, 23.056911074046262], [72.64554037199582, 23.05666318566023], [72.64614016582226, 23.056594312874207], [72.64638713762847, 23.05658736405993], [72.64662782494294, 23.05653086190251], [72.64687020203876, 23.05620390456107], [72.6473008465437, 23.055337816775424], [72.64770255966489, 23.054248406220857], [72.64880526381204, 23.054899131978566], [72.64994907538664, 23.05540876363607], [72.65023934706058, 23.055553655829243], [72.65141325668841, 23.05613745483481], [72.65144677612744, 23.056154083536754], [72.6513791124651, 23.05625911449204], [72.65103670772135, 23.056789823427295], [72.6507104508775, 23.05699232984748], [72.6502348638193, 23.057909390225596], [72.6497602853019, 23.058827301452727], [72.64981981766512, 23.058922438336253], [72.64989904439534, 23.059145342799926], [72.65017695091505, 23.059927226339052], [72.65006474110848, 23.060137226951998], [72.65003948498224, 23.060184493350857], [72.65009590441095, 23.060278022009634], [72.65055737479842, 23.061043010090874], [72.65091125736784, 23.061266858542545], [72.65173696188674, 23.06223642331844], [72.65191912278087, 23.06222102515087], [72.6519844246747, 23.06233541105547], [72.65204652053691, 23.062333622848968], [72.65226332747567, 23.0623273790989], [72.65236271697763, 23.062311261295505], [72.65232954947155, 23.062213833845238], [72.65296363227935, 23.062149164794832], [72.65360232063091, 23.0620821980029], [72.65362669014388, 23.062079642979178], [72.6537232007164, 23.062075981830667], [72.65433174878552, 23.06205299344813], [72.65465764269106, 23.062038111954017], [72.65477133001163, 23.062028078542763], [72.65481765868523, 23.06175439340396], [72.65482767854083, 23.061695201367183], [72.65481741799407, 23.061602038884896], [72.65492269970406, 23.061320514894824], [72.65487832798281, 23.060152941114815], [72.65493161935913, 23.060113571551327], [72.65505757082532, 23.060020521407733], [72.65536847264013, 23.060019166285226], [72.6555021656743, 23.059546330818325], [72.65569886106982, 23.05950344727311], [72.65575203454469, 23.059491854218425], [72.6558332152824, 23.05947415479841], [72.65617815171521, 23.059392528513115], [72.65656336649009, 23.05930136844343], [72.65662808568356, 23.05928605251251], [72.6566322949917, 23.059285129076372], [72.65663653316719, 23.0592843414899], [72.65664079530183, 23.05928369148592], [72.6566450764874, 23.05928318079724], [72.65664937184694, 23.059282809351537], [72.65665367552815, 23.059282577061992], [72.6566579826384, 23.05928248475886], [72.65666228732537, 23.059282532355354], [72.65666658568752, 23.059282719793572], [72.6566708718725, 23.05928304698675], [72.65667481185235, 23.059283478285035], [72.65667514002797, 23.05928351384807], [72.656679386268, 23.059284119417086], [72.65668360475588, 23.059284862704413], [72.65668778963929, 23.059285743623285], [72.65669193704791, 23.05928676031066], [72.65669604114507, 23.059287911777155], [72.65670009708506, 23.05928919614528], [72.65670409999095, 23.059290613342743], [72.65670804504829, 23.059292159686855], [72.65671192835555, 23.05929383511977], [72.65671574412289, 23.059295635944384], [72.65671948747338, 23.059297562088368], [72.65672315458362, 23.059299608980975], [72.65672674060794, 23.059301774744693], [72.65673024166036, 23.059304058419112], [72.65673365295775, 23.05930645451639], [72.6567369706142, 23.059308962076145], [72.65674019077501, 23.05931157833273], [72.65674330865704, 23.059314297798377], [72.65674632232512, 23.059317119541568], [72.65674922600506, 23.059320038962603], [72.65675201681762, 23.059323053310386], [72.65675469289013, 23.059326158043056], [72.65675724940819, 23.059329349478002], [72.65675968251712, 23.059332624849603], [72.6567619913353, 23.059335978727947], [72.65676417202371, 23.05933940744483], [72.65676622267847, 23.0593429082636], [72.6567681395074, 23.059346474808358], [72.65676992062225, 23.059350103439826], [72.6567715641348, 23.05935379051879], [72.65677306818799, 23.05935753060085], [72.6567744299182, 23.059361320032277], [72.65677564940358, 23.059365154300167], [72.65677672382739, 23.059369027043104], [72.6567776522611, 23.059372935538857], [72.6567784338231, 23.05937687435751], [72.65677906763182, 23.059380838069117], [72.65677955277437, 23.05938482304887], [72.65697000883628, 23.059402528674322], [72.6576136516148, 23.05939132965139], [72.65764959346114, 23.059390704214422], [72.65784457129449, 23.05940861034902], [72.65804518576304, 23.059415285767134], [72.65880795905824, 23.05950037301627], [72.6594212667589, 23.05948698822572], [72.65952778497146, 23.059374867869813], [72.6595316685186, 23.059370779687125], [72.65969871520115, 23.05919494609466], [72.65987416507343, 23.05902512309254], [72.6600351821659, 23.05886927019257], [72.66060879071578, 23.058795887546005], [72.66079351153488, 23.058819036949323], [72.66114821902649, 23.058863487428056], [72.66115151383883, 23.05906156819574], [72.66116208300309, 23.05969701054342], [72.66188662339768, 23.059730953285236], [72.66179726891716, 23.060315620641294], [72.66177731838353, 23.060419221992944], [72.66163331412828, 23.06124246744585], [72.66157574772015, 23.0615723292342], [72.6615684947185, 23.061764610370787], [72.66156235428582, 23.061832030913227], [72.66153097671557, 23.062373607071933], [72.66149401427796, 23.062973854644287], [72.66148747179854, 23.06308009647838], [72.66149474366988, 23.063080198708906], [72.66219323115219, 23.063089994450475], [72.6622059728535, 23.06356409387107], [72.66221295203508, 23.06364683883929], [72.66216758175882, 23.06414280563093], [72.66214300839654, 23.06441142508818], [72.66210528244564, 23.064687394673363], [72.66215255715726, 23.0649112633246], [72.66215601310739, 23.06492762829822], [72.6621551688044, 23.064932276121777], [72.6620550709135, 23.065483446886503], [72.66207030026139, 23.06575228793366], [72.66204825714613, 23.065941434948762], [72.66199558465794, 23.06607274853717], [72.66195292178824, 23.066303951179314], [72.6618178884109, 23.066867657325336], [72.66177643655365, 23.06695417863933], [72.6616334039922, 23.067581233777734], [72.66157665382345, 23.067643765603776], [72.66128513380303, 23.06782670975973], [72.66119203122418, 23.067885136145232], [72.66113600888397, 23.068137481237187], [72.66093751884226, 23.068220492265358], [72.66207455632227, 23.068712545667005], [72.66233944792663, 23.06882717654623], [72.66241284015888, 23.068863866099754], [72.66257169361373, 23.068968614994585], [72.66262300993854, 23.069002453484636], [72.6626315004412, 23.06900805198512], [72.662873272646, 23.06931811570782], [72.66386440587924, 23.069356842561067], [72.6650696612785, 23.069382609146402], [72.66515059323629, 23.070149969325932], [72.66538568514976, 23.070140779075167], [72.66554406611857, 23.07103413681789], [72.66558450318065, 23.071165034017707], [72.66558965221508, 23.07118170023086], [72.66564982074053, 23.071633141453063], [72.66591708613498, 23.071673754076816], [72.66608091338503, 23.07253867119789], [72.66639491471226, 23.072480539717738], [72.66649689020478, 23.072454217319866], [72.66649933551396, 23.072662420676867], [72.66677852185502, 23.072693713240106], [72.66728312604764, 23.07291574679817], [72.66802364868711, 23.073235458849666], [72.66776535316728, 23.07379168547428], [72.66720449223747, 23.07417292670763], [72.66765172396174, 23.07445978172067], [72.66751718326073, 23.074871329458606], [72.66787549481222, 23.07499505642931], [72.66866980466583, 23.07527016888227], [72.66856902914763, 23.07553226135115], [72.66846091921866, 23.075813424818207], [72.66844116097998, 23.07589312966494], [72.66822622181263, 23.07636606761817], [72.66764481630906, 23.07615115442667], [72.66741470849475, 23.0760660958741], [72.66697166480368, 23.075912463220334], [72.66682647371596, 23.07615858994824], [72.66679240277621, 23.076346498319534], [72.66654863961845, 23.076261990592393], [72.66647193188697, 23.076651685894927], [72.66660844191351, 23.07676245616065], [72.66662418385715, 23.07691022658289], [72.66635115544487, 23.07785292602467], [72.66628274756813, 23.078090723524987], [72.6664459040416, 23.078157436924787], [72.66688306157235, 23.07837629222293], [72.6677631680119, 23.078871030884795], [72.66823794986861, 23.07907523688095], [72.66829558000634, 23.07908949657084], [72.66871058907208, 23.07931482008204], [72.66984741723435, 23.079852374297992], [72.67028538715715, 23.08007107304269], [72.67128557682759, 23.08057239188154], [72.67251210409823, 23.081188050161487], [72.67373435055649, 23.081805629036072], [72.67389338149452, 23.081871413165754], [72.67394907524746, 23.081890625015706], [72.6748825769527, 23.08237036494964], [72.67581417933908, 23.082851038724243], [72.67698010157146, 23.083459745341965], [72.67814380220534, 23.084069691511115], [72.67851812002857, 23.084253652110444], [72.67928980000438, 23.08466193245733], [72.68030413667353, 23.085203259396256], [72.68055876271751, 23.085297700801743], [72.68084735402954, 23.085456916127974], [72.68206363593119, 23.086101297640564], [72.68315552719609, 23.086670324539014], [72.68318692963325, 23.08668759866388], [72.68356079431295, 23.086893213714745], [72.68380508405508, 23.08704912775128], [72.684571102132, 23.08741407680445], [72.68480340498357, 23.087538023466607], [72.68503521317552, 23.087661705254167], [72.68559672783609, 23.088004582728168], [72.68634644581103, 23.08850555572116], [72.68684613975454, 23.0888395104198], [72.68805021154881, 23.08960664111051], [72.6892418010646, 23.090380452071326], [72.69017092563064, 23.091008321280587], [72.69110177773885, 23.09163686445555], [72.69203479173122, 23.09226625133045], [72.69312967874032, 23.09300884002964], [72.69403691526459, 23.093623283159374], [72.69422826565224, 23.093752877095703], [72.69394697668457, 23.094849950534304], [72.6934586948023, 23.09572506377214], [72.69303200881559, 23.09693522943339], [72.69265591230433, 23.09786699277497], [72.69231897181093, 23.098742109250225], [72.69198202647887, 23.099617224563424], [72.69188142563446, 23.099831589856905], [72.69119700095565, 23.101311522689713], [72.69085500605027, 23.10187550859348], [72.69071407214153, 23.10210792219063], [72.69041458186634, 23.10272220132262], [72.69042850902446, 23.102741768023613], [72.69043978489135, 23.102762679033653], [72.69044824292588, 23.10278462856714], [72.69045376075695, 23.102807296136955], [72.6904562581549, 23.102830351038893], [72.69045569696992, 23.10285345596203], [72.69045208881441, 23.102876274323716], [72.6904454842992, 23.102898471917715], [72.69043598071602, 23.10291972424921], [72.6904237180419, 23.102939721893307], [72.69040887598129, 23.102958172257416], [72.69039166998594, 23.102974804037128], [72.69037235404312, 23.102989375382464], [72.69036199115534, 23.102995820589772], [72.68962024443663, 23.102896803818595], [72.6887458159461, 23.102785391547], [72.68828970145839, 23.102668457254577], [72.68783004419625, 23.102529464421234], [72.68733164147244, 23.102369193457406], [72.68672902629218, 23.102322833007477], [72.68634596611984, 23.10231248512894], [72.68579334770307, 23.102343330377934], [72.68546002733615, 23.10237656678751], [72.68515899985454, 23.102363746796424], [72.6841443953326, 23.102460971486362], [72.68323766559786, 23.102542557850377], [72.6831570993185, 23.102475227926604], [72.68309037276082, 23.102423512324116], [72.68307204004165, 23.102409303577367], [72.68256453749126, 23.1026630738199], [72.68250351009748, 23.10270253243868], [72.68219055912733, 23.10290487626419], [72.68167025363701, 23.10317351698724], [72.68151458625778, 23.103242152018787], [72.68116148117848, 23.103397839932306], [72.68108272990962, 23.103841458130486], [72.68119474752798, 23.103937660338485], [72.68136418962754, 23.104067121240508], [72.68146971151181, 23.104265891706973], [72.68152833214526, 23.104528462903144], [72.68155019952742, 23.104759542646434], [72.68129024392321, 23.104837916274406], [72.6812655194008, 23.10506927269295], [72.68127885969109, 23.10543463494138], [72.68120706288093, 23.10618493306979], [72.68116547022751, 23.106619582505697], [72.68096590972712, 23.107334442610977]]]}, "properties": {"objectid": 8, "name": "47-NARODA", "st_area(shape)": 29786492.77782707, "st_length(shape)": 35107.62448143172}}, {"type": "Feature", "id": 9, "geometry": {"type": "Polygon", "coordinates": [[[72.6473008465437, 23.055337816775424], [72.64687020203876, 23.05620390456107], [72.64662782494294, 23.05653086190251], [72.64638713762847, 23.05658736405993], [72.64614016582226, 23.056594312874207], [72.64554037199582, 23.05666318566023], [72.64400608057989, 23.056911074046262], [72.64311532663297, 23.057019106627028], [72.64306481341197, 23.057070100097757], [72.64284897210662, 23.057287993371233], [72.64293747014877, 23.05842392878817], [72.6430252783703, 23.059560907402535], [72.64310633307257, 23.060777551570535], [72.6431863950155, 23.061996208528317], [72.6431577083174, 23.06334888297536], [72.64305910905169, 23.064109243226525], [72.64298864717219, 23.06442556003366], [72.64271817878263, 23.065639729814702], [72.64260060600022, 23.066080531406076], [72.64248776844882, 23.066531455329116], [72.64219559612759, 23.067663184911584], [72.64214479900765, 23.06815037831401], [72.64216883895799, 23.068486868945648], [72.64219632476096, 23.069169416707197], [72.64201935079048, 23.069846774134856], [72.64185346938346, 23.070365707733544], [72.64169029326722, 23.070645154279664], [72.64164987271639, 23.070714378888482], [72.6409892379066, 23.070081401587803], [72.64020164995736, 23.06928780611202], [72.6400090893014, 23.069096222441008], [72.6394105514386, 23.0685007136492], [72.63861712735155, 23.067717969720064], [72.63790248391307, 23.0670391628066], [72.63718699906623, 23.06636178950047], [72.63647095523163, 23.065685265389643], [72.63575449493874, 23.065009362385688], [72.63474207595323, 23.064077526804], [72.63372916334407, 23.063146257779515], [72.6329837059196, 23.062459557995687], [72.63223807830725, 23.061772978089987], [72.63149231933812, 23.061086473502503], [72.63074645890677, 23.06040000856807], [72.62992983986013, 23.059638509190176], [72.62922035141538, 23.058999454217705], [72.62851084649273, 23.058360384482228], [72.62742559024488, 23.057440476456296], [72.62683554881116, 23.056899078346834], [72.62673752060526, 23.056809130900024], [72.62666051509731, 23.056738475078816], [72.62602857927658, 23.056193417063554], [72.62491468722878, 23.055161691029276], [72.62401680588547, 23.054348749871856], [72.62311894160165, 23.053535726884956], [72.62260998580922, 23.05308449350014], [72.62232687179473, 23.052833487163102], [72.62153481439493, 23.052131174644078], [72.62074282825485, 23.051428771255818], [72.61997330475178, 23.050747176276634], [72.61920387832264, 23.050065493720794], [72.6184345460728, 23.049383721740732], [72.618136036497, 23.049134336599863], [72.6182336881885, 23.04906764188944], [72.61865476366282, 23.048780049818564], [72.61901834115103, 23.04831513003159], [72.61939656787814, 23.04682663504389], [72.61819965117648, 23.045963590659102], [72.61736610113125, 23.045368151249143], [72.61653264618566, 23.044772609122894], [72.61512621302182, 23.043695139766207], [72.61394997399267, 23.04272914780866], [72.61268015716209, 23.041866881399024], [72.61120770069914, 23.040814372567652], [72.61138310059478, 23.040212759827515], [72.61149610018134, 23.039825170539956], [72.61178444664641, 23.038836097696826], [72.61196209454863, 23.037889881277618], [72.61213971002712, 23.03694377765625], [72.61221577456604, 23.036587139739467], [72.61231368540668, 23.03654335685563], [72.6124453719214, 23.036573520725657], [72.61256242135482, 23.036600332585415], [72.6126297259955, 23.036633531629725], [72.61344754533593, 23.037036925825017], [72.61433273842036, 23.03747342433078], [72.61498406847107, 23.037763233596607], [72.61660279714432, 23.03832051325834], [72.61696017313355, 23.038439736477716], [72.61815652901792, 23.038838840859036], [72.6184643904478, 23.038954812322526], [72.61847983334401, 23.038960629642162], [72.61918904043904, 23.039227783832658], [72.61965160306845, 23.039322069255174], [72.62036813733748, 23.03938074941909], [72.62105533661943, 23.039351543691854], [72.62126003889264, 23.03928682560778], [72.62152717690124, 23.039022046094793], [72.6217602006734, 23.038596231076273], [72.62178284673975, 23.038513558652294], [72.62174323527768, 23.038400489641905], [72.62117838771425, 23.037823181118767], [72.62009813467354, 23.036882205960175], [72.61924910201367, 23.03621425025056], [72.61875619068444, 23.035711264847695], [72.61849606725544, 23.035425966444063], [72.61849432825066, 23.035339301654023], [72.61853893097762, 23.03525723943414], [72.61971934023786, 23.03487710890437], [72.62028600211254, 23.03473873250842], [72.62051227709924, 23.034707117420446], [72.62088180101405, 23.03475454322491], [72.62141108950853, 23.034839382976905], [72.62156171403552, 23.03485429242849], [72.62161670037455, 23.034847610963546], [72.62171332478873, 23.03483587085329], [72.6219538872564, 23.034806639812405], [72.62215887727243, 23.034794894193745], [72.62224654531487, 23.034798975105474], [72.62309454806562, 23.034838447674073], [72.62421520621918, 23.034935335564132], [72.62596249238587, 23.034993209916895], [72.62687732616467, 23.035046666028684], [72.62771813615258, 23.03504196198716], [72.62826636935668, 23.035008484138373], [72.62935943244248, 23.034887558189727], [72.62954722053769, 23.03492809525998], [72.62979388537931, 23.03508517702805], [72.63025715292989, 23.03524124725786], [72.63123910802467, 23.035406327998896], [72.63222116778725, 23.035571221086496], [72.63320333718467, 23.03573592117593], [72.63418562420401, 23.035900417550657], [72.63516803576243, 23.03606470489479], [72.63585539239622, 23.036170526675033], [72.63655527291434, 23.036238029055433], [72.63770471491385, 23.036304647732994], [72.6388543192461, 23.03637084253686], [72.63986313468098, 23.036414377890654], [72.64000315668422, 23.037678572682232], [72.6401388671023, 23.03890405661852], [72.64014317078282, 23.03894291439892], [72.64022218682993, 23.039258152679633], [72.64024926739803, 23.03936619203731], [72.64028829721286, 23.039521901815647], [72.6403872320046, 23.039545615467713], [72.64048442795318, 23.039568913096524], [72.6409766136314, 23.039601170035617], [72.6413139083631, 23.039633008735887], [72.6430376584533, 23.040180442207898], [72.64397853989661, 23.040496444848106], [72.64491947315274, 23.040812266887652], [72.64588183457687, 23.041144174743764], [72.64684418341227, 23.041475922468724], [72.64747097621948, 23.041690865823252], [72.64907706458045, 23.04249611899757], [72.65031562223864, 23.043139119742566], [72.65117563466588, 23.043552978534905], [72.65146734605585, 23.043712201558503], [72.6518725576325, 23.043963915674052], [72.6532618637791, 23.04476817792542], [72.65367079812107, 23.045061866926], [72.65379596664427, 23.04514725201604], [72.65441231384864, 23.04556769929031], [72.65412258368931, 23.04605729404664], [72.65437376368831, 23.046757423032386], [72.65437401404833, 23.046758119203787], [72.65427358696095, 23.04705975297841], [72.65424324127557, 23.047058352857096], [72.65403033788625, 23.047048537445367], [72.65321642521553, 23.047011012694128], [72.65316089404591, 23.047171199887565], [72.6529214955669, 23.04741940996864], [72.65291212668463, 23.047429123210424], [72.65298139285763, 23.048167309867484], [72.65340818542799, 23.048230483489853], [72.65327763904247, 23.04855283194839], [72.6532222243038, 23.04868966241919], [72.65311437462275, 23.048955963575587], [72.65270224204788, 23.05034695502846], [72.65264776723758, 23.050530811158048], [72.65126664145482, 23.051381463178032], [72.6510028609579, 23.05158130476969], [72.65102501874975, 23.05237627390552], [72.65161841181197, 23.05278217568552], [72.65199986697786, 23.05353674135185], [72.65228908015449, 23.053702586209614], [72.65251226447766, 23.054476744023383], [72.6517754791227, 23.055636908781427], [72.65141325668841, 23.05613745483481], [72.65023934706058, 23.055553655829243], [72.64994907538664, 23.05540876363607], [72.64880526381204, 23.054899131978566], [72.64770255966489, 23.054248406220857], [72.6473008465437, 23.055337816775424]]]}, "properties": {"objectid": 9, "name": "48-THAKKARBAPANAGAR", "st_area(shape)": 8668542.617194256, "st_length(shape)": 15183.549184932646}}, {"type": "Feature", "id": 10, "geometry": {"type": "Polygon", "coordinates": [[[72.61221577456604, 23.036587139739467], [72.61213971002712, 23.03694377765625], [72.61196209454863, 23.037889881277618], [72.61178444664641, 23.038836097696826], [72.61149610018134, 23.039825170539956], [72.61138310059478, 23.040212759827515], [72.61120770069914, 23.040814372567652], [72.61064933822396, 23.04043241966305], [72.60984781733899, 23.039852379995235], [72.6087536023334, 23.039059674799937], [72.60842010418071, 23.03879679584769], [72.60745015204287, 23.037753269500044], [72.60665632849593, 23.036797042715744], [72.60583215591852, 23.035909959971256], [72.60500809690336, 23.035022846414115], [72.6043024662076, 23.034223535917103], [72.60348112416267, 23.033337082423408], [72.60322965299805, 23.03319522642769], [72.60299928420584, 23.03314286291796], [72.60220341423609, 23.033208174524308], [72.60158848974109, 23.033250669669968], [72.60148421281025, 23.033257875730605], [72.60147248652423, 23.033182722211066], [72.60123947745467, 23.031689404959568], [72.60111483026802, 23.03040983596118], [72.6011092244677, 23.029376073714303], [72.6011037348954, 23.028342208401366], [72.60112448821637, 23.027901007286697], [72.60119299424747, 23.02644741296165], [72.60119576444065, 23.025356184789633], [72.60119864755386, 23.024264862507334], [72.60140344999587, 23.02265044398746], [72.60155942670396, 23.022075156702158], [72.60175231791578, 23.021363709468854], [72.601769607769, 23.021299938548818], [72.60178776265535, 23.021232974934453], [72.60209683888289, 23.0205982135899], [72.60255734403538, 23.02058994607442], [72.60272393933381, 23.02059336633208], [72.60315868910718, 23.020602292204227], [72.60438904567324, 23.020571081405823], [72.60473251008229, 23.020527798827352], [72.60511549757926, 23.020508105205682], [72.60638884594115, 23.020559406445393], [72.60675961260985, 23.020611078281345], [72.6069733542977, 23.020716475277883], [72.60724506758291, 23.020841710212007], [72.60846684755795, 23.021091423325508], [72.6096604387116, 23.021324254254303], [72.61100880178246, 23.021642579244673], [72.6123571699209, 23.021960803840308], [72.61248578938002, 23.021991152471703], [72.6131159397334, 23.022117205645547], [72.61359105509685, 23.02219024461017], [72.61418526022265, 23.022163538323504], [72.61467144793869, 23.02218459111744], [72.6148268341666, 23.022191319032753], [72.61574863484766, 23.02223506919733], [72.61654335890144, 23.02221623325234], [72.61726740057496, 23.02222748864407], [72.61793033772241, 23.02221109869956], [72.61803318104381, 23.022208555876247], [72.61809279665196, 23.022215110483373], [72.61943373825919, 23.02236253198936], [72.6199151454316, 23.022332335248922], [72.62074658796438, 23.022227083032803], [72.62147858011906, 23.02209599158041], [72.62234304687077, 23.021852100615284], [72.62308937330194, 23.02159629116094], [72.62345801017788, 23.02150736265321], [72.62393211509333, 23.02153946053252], [72.62462800157064, 23.021720021524285], [72.62586721719542, 23.022081413574863], [72.62706598236723, 23.022523897534278], [72.6274290850049, 23.022657922754068], [72.62884574222025, 23.02317491188903], [72.63029750126732, 23.023671588143618], [72.63053520662498, 23.02372892358139], [72.63078880611485, 23.02375405724205], [72.6314804729478, 23.023780337398776], [72.6318953440576, 23.023796099768028], [72.63242778867404, 23.023756106023686], [72.63267134323097, 23.023737811363347], [72.63269434104761, 23.023965146480084], [72.63271156076351, 23.02416640702265], [72.63271359553738, 23.024190184812564], [72.63272055913791, 23.024271570214502], [72.63387365139539, 23.02481857592831], [72.63502697723212, 23.025365277581834], [72.63610038781988, 23.025864425256678], [72.63717403035099, 23.026363278904586], [72.63842942730012, 23.026823300700908], [72.63874431261887, 23.027001288362886], [72.63877837826054, 23.027928628119895], [72.63887163062975, 23.028825144915377], [72.63896493544279, 23.029721657021614], [72.63905828994824, 23.030618154466655], [72.63913036752042, 23.03113710234476], [72.63917419485945, 23.031452655206436], [72.63933005413936, 23.03288642703194], [72.63954449479539, 23.03432867303929], [72.6395968329638, 23.03467128084118], [72.63970380399782, 23.035371505496965], [72.63986313468098, 23.036414377890654], [72.6388543192461, 23.03637084253686], [72.63770471491385, 23.036304647732994], [72.63655527291434, 23.036238029055433], [72.63585539239622, 23.036170526675033], [72.63516803576243, 23.03606470489479], [72.63418562420401, 23.035900417550657], [72.63320333718467, 23.03573592117593], [72.63222116778725, 23.035571221086496], [72.63123910802467, 23.035406327998896], [72.63025715292989, 23.03524124725786], [72.62979388537931, 23.03508517702805], [72.62954722053769, 23.03492809525998], [72.62935943244248, 23.034887558189727], [72.62826636935668, 23.035008484138373], [72.62771813615258, 23.03504196198716], [72.62687732616467, 23.035046666028684], [72.62596249238587, 23.034993209916895], [72.62421520621918, 23.034935335564132], [72.62309454806562, 23.034838447674073], [72.62224654531487, 23.034798975105474], [72.62215887727243, 23.034794894193745], [72.6219538872564, 23.034806639812405], [72.62171332478873, 23.03483587085329], [72.62161670037455, 23.034847610963546], [72.62156171403552, 23.03485429242849], [72.62141108950853, 23.034839382976905], [72.62088180101405, 23.03475454322491], [72.62051227709924, 23.034707117420446], [72.62028600211254, 23.03473873250842], [72.61971934023786, 23.03487710890437], [72.61853893097762, 23.03525723943414], [72.61849432825066, 23.035339301654023], [72.61849606725544, 23.035425966444063], [72.61875619068444, 23.035711264847695], [72.61924910201367, 23.03621425025056], [72.62009813467354, 23.036882205960175], [72.62117838771425, 23.037823181118767], [72.62174323527768, 23.038400489641905], [72.62178284673975, 23.038513558652294], [72.6217602006734, 23.038596231076273], [72.62152717690124, 23.039022046094793], [72.62126003889264, 23.03928682560778], [72.62105533661943, 23.039351543691854], [72.62036813733748, 23.03938074941909], [72.61965160306845, 23.039322069255174], [72.61918904043904, 23.039227783832658], [72.61847983334401, 23.038960629642162], [72.6184643904478, 23.038954812322526], [72.61815652901792, 23.038838840859036], [72.61696017313355, 23.038439736477716], [72.61660279714432, 23.03832051325834], [72.61498406847107, 23.037763233596607], [72.61433273842036, 23.03747342433078], [72.61344754533593, 23.037036925825017], [72.6126297259955, 23.036633531629725], [72.61256242135482, 23.036600332585415], [72.6124453719214, 23.036573520725657], [72.61231368540668, 23.03654335685563], [72.61221577456604, 23.036587139739467]]]}, "properties": {"objectid": 10, "name": "49-BAPUNAGAR", "st_area(shape)": 5936068.981158245, "st_length(shape)": 12090.237418997196}}, {"type": "Feature", "id": 11, "geometry": {"type": "Polygon", "coordinates": [[[72.64174842993316, 23.01494748077144], [72.64174452437909, 23.015003068953582], [72.64102903547115, 23.01504159472934], [72.6405652249255, 23.015045360261254], [72.64022842721211, 23.015001532252434], [72.6385808958165, 23.014625449153687], [72.63845294656633, 23.014669408467963], [72.6384516831903, 23.01466679675098], [72.63826249720807, 23.014275766146493], [72.6381069206184, 23.014086602673146], [72.63729836045758, 23.01351866170121], [72.63656228980442, 23.01301397961061], [72.63650397533932, 23.012973996339735], [72.63636985710163, 23.01292230438981], [72.63498283492952, 23.01280401464363], [72.6348568677333, 23.012753125804643], [72.63480006093582, 23.012602652984793], [72.63463950305045, 23.0114604432868], [72.63447921293908, 23.01031858415365], [72.63431921182655, 23.009176976594436], [72.63422638620646, 23.009085593719753], [72.63411788220172, 23.009129165193492], [72.63303139011875, 23.009448555426918], [72.63235815955457, 23.00964645653882], [72.63223188322009, 23.0097155511619], [72.63212854806214, 23.009841620047588], [72.63124190839947, 23.011240187448625], [72.63102791653272, 23.011534607766404], [72.63099146783853, 23.011584755439436], [72.63079576666225, 23.011742460478146], [72.63060788335866, 23.011832663222105], [72.63030777501683, 23.011870484642618], [72.62931967905722, 23.011920866143356], [72.62833149929851, 23.011971229319528], [72.62734323874545, 23.01202156970059], [72.6269438557246, 23.012021960957057], [72.62657212831193, 23.012038827751553], [72.62582529973169, 23.012079310684708], [72.62578321517428, 23.012081591695686], [72.62546050560115, 23.01218544762763], [72.62428288548335, 23.012685906294646], [72.62373739098065, 23.01291774027291], [72.6231051053802, 23.013186456070393], [72.62289553976174, 23.013203501793743], [72.62183613722976, 23.013202665312786], [72.6207766717009, 23.013201783761065], [72.61971714411992, 23.013200858957166], [72.61927710436706, 23.01320045737945], [72.61865755741331, 23.01319989094393], [72.61856160844293, 23.01323841559466], [72.61851321643461, 23.013329477442856], [72.61849464150887, 23.01336443046691], [72.61831659474676, 23.0130769567838], [72.61827269557304, 23.013006078221956], [72.61756103091193, 23.01152948976659], [72.61730232722434, 23.011112017682336], [72.6170290535043, 23.01092457981848], [72.61673893700424, 23.01076813910092], [72.61659593736366, 23.01070722865062], [72.61649412148407, 23.010663860420813], [72.61635965389367, 23.01034900048124], [72.61604323694404, 23.00954002162302], [72.615589504062, 23.008858568177246], [72.61518074501718, 23.008516217413142], [72.61466694359727, 23.008092353440958], [72.61423933608994, 23.00774798307732], [72.6140825781089, 23.007537451336034], [72.61384458312993, 23.007124120137295], [72.61349089640069, 23.006557438543165], [72.61333716238299, 23.006424648245815], [72.61300027148397, 23.006318152072577], [72.61337208757433, 23.006286210207655], [72.6134674783873, 23.00623406947429], [72.61356115081473, 23.006182867856932], [72.61382844216797, 23.005978432299912], [72.61383687761767, 23.005968363293945], [72.61405995400092, 23.00570210614859], [72.61409275023564, 23.005548588873783], [72.61427024729302, 23.005439109133842], [72.61482474263802, 23.005097096213163], [72.61505416475364, 23.004963818436135], [72.61514465934694, 23.004910734305945], [72.61518156738238, 23.004818188563206], [72.61518089250848, 23.004815637923674], [72.61514552895024, 23.004682006616413], [72.61474194737362, 23.003680142836885], [72.61433847317207, 23.002678132794525], [72.61432797692459, 23.002569003402062], [72.61437932857025, 23.00253091373933], [72.61441749396423, 23.00250260574961], [72.61578137186795, 23.002298621805096], [72.61714516770554, 23.00209463087829], [72.61791203856859, 23.002057410231956], [72.61902691025828, 23.002039033990904], [72.61928871039318, 23.00206682992853], [72.61947679543395, 23.00213057949556], [72.61971782995087, 23.002212274651647], [72.6197285803214, 23.002863181329275], [72.62012254624456, 23.003983771774397], [72.6201830083709, 23.00415575050979], [72.62054070584115, 23.004023114510378], [72.62066318823683, 23.004314730956647], [72.62243043958483, 23.00379738855727], [72.6229709706435, 23.00379162543696], [72.62300780969397, 23.003675594581548], [72.62341636419113, 23.003675507292158], [72.62351146619511, 23.003474333091837], [72.62351143173325, 23.00346071382089], [72.62351031512924, 23.00302373412455], [72.623570712687, 23.002846697901667], [72.62369224319684, 23.002782305563684], [72.62376135444252, 23.002613314007775], [72.62377866925787, 23.00256238239644], [72.62385330782364, 23.002342834728285], [72.62387352000725, 23.00228337991155], [72.62396007683641, 23.00213852377964], [72.62420241974037, 23.00119307852276], [72.62428203666524, 23.00093629605846], [72.62429724161971, 23.000887259267667], [72.62428901769893, 23.000827504895227], [72.62425293570855, 23.00056534140302], [72.6242347508918, 23.00025950624223], [72.62419903743866, 23.000013450641205], [72.624174699224, 22.999643515383916], [72.62420030254881, 22.999526034353284], [72.62430292817172, 22.999405573459878], [72.6244445830485, 22.999373379177616], [72.62448471498173, 22.99936425911646], [72.62446469041977, 22.999323595264904], [72.62426918013115, 22.99892658205926], [72.62378123874079, 22.99804498125124], [72.62322274002386, 22.996551320240442], [72.6227535559993, 22.995675255686134], [72.62228448370712, 22.994799090638626], [72.62181552217072, 22.9939228250843], [72.62129233588584, 22.992999127752967], [72.62076927244878, 22.992075310863076], [72.6201608452418, 22.99132943102121], [72.61955250048192, 22.990583445752872], [72.61894424307468, 22.989837353327356], [72.61784528177476, 22.98856405251169], [72.61759136775423, 22.988301599716245], [72.61752716680381, 22.9882352386843], [72.61745940683441, 22.988204153347418], [72.61642627099219, 22.987730186315087], [72.61703168125855, 22.986262765554326], [72.61592422317428, 22.986440358481996], [72.61481679903574, 22.98661788617614], [72.6138445841835, 22.98674933931136], [72.61287238316642, 22.986880756748565], [72.61141934981684, 22.987157802841306], [72.61149998404065, 22.98648129549622], [72.6115006741189, 22.98594170043478], [72.61148302653662, 22.98498562933876], [72.61146547330897, 22.98402943680517], [72.61144795163924, 22.983073200430283], [72.611393834389, 22.98209019308397], [72.61133974141445, 22.98110714089883], [72.61128567463281, 22.980124045709356], [72.61123163014426, 22.979140907456728], [72.61088237946488, 22.978756262540614], [72.6108822775894, 22.97869193848284], [72.61088052882292, 22.97758744664742], [72.61087852560529, 22.976418603034933], [72.61087633077796, 22.975249733823212], [72.61132249991361, 22.974788555379234], [72.61154572386285, 22.974557819640296], [72.61221497353097, 22.973866069665583], [72.61288407568212, 22.973174495576053], [72.61374753946087, 22.972458039105145], [72.61485283788154, 22.971733352155972], [72.61510156838047, 22.971663004993417], [72.61573505682323, 22.971483837701374], [72.61713008617168, 22.971444025973383], [72.61812135948506, 22.971378469305417], [72.61911267777384, 22.971312879043914], [72.62010404410363, 22.971247247108856], [72.62111916485442, 22.97138000166148], [72.62218798524104, 22.971506049755348], [72.62325678699001, 22.97163186026314], [72.62363412520189, 22.971716711842625], [72.62387467474612, 22.971770803111543], [72.62347321153139, 22.972707064190267], [72.62308017444919, 22.973577494958956], [72.62268705584182, 22.97444814609365], [72.62229385691691, 22.975319004069448], [72.62190057985713, 22.976190055376094], [72.6215071820214, 22.977061284927668], [72.62111360812733, 22.97793267564231], [72.62071985835944, 22.97880421668739], [72.62032593194341, 22.979675896313072], [72.61993182808925, 22.98054770367216], [72.61953755569186, 22.98141963167416], [72.61953196481541, 22.98153815588194], [72.6195289806492, 22.981601425391982], [72.61964294806614, 22.98174733167762], [72.62065360883983, 22.982156764152364], [72.621664250447, 22.982565936590422], [72.6222158640763, 22.982840030232175], [72.62258675522877, 22.98310544754038], [72.62283868325027, 22.98321770850766], [72.62315533778201, 22.983219711486264], [72.62334242473419, 22.98322089464736], [72.62440623670626, 22.983076774535558], [72.62546991238209, 22.982932488876273], [72.62653344219878, 22.982788026695214], [72.62759681829043, 22.98264339148857], [72.6286787753203, 22.982362927422347], [72.62976051411853, 22.982082282640192], [72.63084205259032, 22.981801436649857], [72.63192345837146, 22.98152036879917], [72.63201889170519, 22.98182576425334], [72.63209661645858, 22.98204692848251], [72.63342955043309, 22.981871244575142], [72.63476225515886, 22.981695082621638], [72.63490559548734, 22.98167673094361], [72.6357820836331, 22.981589065424938], [72.63575884433261, 22.981679256737927], [72.6369487637989, 22.982268675695988], [72.63813843215654, 22.98285762489585], [72.6385230373811, 22.983737172628555], [72.63890766314081, 22.984616864440483], [72.63929231624553, 22.98549670133581], [72.64000983343792, 22.98684282937468], [72.64067489677078, 22.987661248262604], [72.6408695154326, 22.988485379002046], [72.64043503450245, 22.988752623705565], [72.64006170964412, 22.988982250131528], [72.64010727425786, 22.989011819948594], [72.64013893934982, 22.989124521921354], [72.64003991383427, 22.989694229698465], [72.64027603939299, 22.989945073161255], [72.64052442504618, 22.989851367297188], [72.64070762139471, 22.989782254699318], [72.64076726021344, 22.98992270592085], [72.64061062104426, 22.990863190320624], [72.6403339713277, 22.99137464751879], [72.6392697743331, 22.99218995998053], [72.6388051172101, 22.993176251848087], [72.63873570796666, 22.994057354988357], [72.63871060566383, 22.994376012514817], [72.63896696417004, 22.994987186583028], [72.63944352692721, 22.995321762838532], [72.64111756871071, 22.9953236744594], [72.64226520460082, 22.995451281326336], [72.64307582899161, 22.995943005664436], [72.64421427397465, 22.996734410991056], [72.64545583675768, 22.997983880828727], [72.64553070711486, 22.99816800504716], [72.64553936643651, 22.99891671173621], [72.64547265804475, 22.99985083181118], [72.64540628181321, 23.00078511012245], [72.64534026221637, 23.00171954161801], [72.64516373634153, 23.002676818669407], [72.64503525220195, 23.00337356004422], [72.6443340037338, 23.004146747856215], [72.64427185855652, 23.004243562123648], [72.64421665563086, 23.004329561095297], [72.64406886040354, 23.00455980699826], [72.64313122862288, 23.00476094255765], [72.64260437726647, 23.00487395664698], [72.64244138689739, 23.004966478388866], [72.64217852815162, 23.00518922855198], [72.64212141722948, 23.005386233859586], [72.64212927365844, 23.00560543112052], [72.64229378566333, 23.006502797881737], [72.64245873224623, 23.007400336223004], [72.64262464252768, 23.008296725992576], [72.64263397347578, 23.00909244576363], [72.64260889006655, 23.009604189723202], [72.64241949318499, 23.010565984540214], [72.64221081084779, 23.011791209168504], [72.64226959490901, 23.01313070479668], [72.64198738782906, 23.013894641599382], [72.64177410207826, 23.01458212492778], [72.64177027574117, 23.014636581270384], [72.64174842993316, 23.01494748077144]]]}, "properties": {"objectid": 11, "name": "50-AMRAIWADI", "st_area(shape)": 9406016.67957875, "st_length(shape)": 19098.007224255463}}, {"type": "Feature", "id": 12, "geometry": {"type": "Polygon", "coordinates": [[[72.59042229256195, 23.052321426419613], [72.59064094331964, 23.053134363713074], [72.59058023651946, 23.053904888984356], [72.59057750498177, 23.05483134900471], [72.590577334459, 23.054889082863852], [72.59049435957377, 23.05610439889188], [72.5903609893859, 23.0570304001672], [72.59022780144798, 23.057956548338527], [72.59011826369847, 23.05890471192541], [72.59000891036, 23.059853025202532], [72.58989974431343, 23.06080149092272], [72.58981382562249, 23.06156262397909], [72.58988130738689, 23.06157156909325], [72.5901652184154, 23.06160920023011], [72.58985707390002, 23.06288012478999], [72.5897576384855, 23.06329023105539], [72.58945598400813, 23.063124343815296], [72.58883128174615, 23.062780799383056], [72.58790476479142, 23.062271293469927], [72.58697809055089, 23.06176171335842], [72.58605125984234, 23.06125206808653], [72.58516552300847, 23.060584240106884], [72.58427963300069, 23.059916361131787], [72.58339362902932, 23.059248420925673], [72.58250752673474, 23.058580417920925], [72.58166065862339, 23.05766613051798], [72.58081375037264, 23.05675182421502], [72.57996681654829, 23.055837502846124], [72.57917198540463, 23.054786765719438], [72.57837719003717, 23.05373605657257], [72.5778956045796, 23.052824951300888], [72.5774140980754, 23.0519139129395], [72.57693267442312, 23.05100294154892], [72.57645133750499, 23.050092038092252], [72.57597008925265, 23.04918120350266], [72.5754889335158, 23.048270440548368], [72.57507060447819, 23.047134821319432], [72.57465247046328, 23.045999333426167], [72.57444699191802, 23.045441132876125], [72.57423453824276, 23.04486397968214], [72.57403267566767, 23.043938078283897], [72.57383097136069, 23.043012283882238], [72.57362942632567, 23.04208659468745], [72.57342804538635, 23.04116101348231], [72.57325114703364, 23.040347378225196], [72.57322683143212, 23.04023554211715], [72.57322708025816, 23.040225414100146], [72.57323086759378, 23.040072060178254], [72.57326250792472, 23.038798670633618], [72.5732890114756, 23.03774455550135], [72.57329451848736, 23.03752553211038], [72.57333060935962, 23.036624534617395], [72.5733591162224, 23.035916794069365], [72.57336689478466, 23.035723669983955], [72.57340338348688, 23.034822941051896], [72.57343586188733, 23.034618195408516], [72.573561866193, 23.03382385078789], [72.57372063090584, 23.032824746369247], [72.57386694752506, 23.031905580887635], [72.57387967573369, 23.03182562415458], [72.57403906178033, 23.0308265031355], [72.57407408565531, 23.03067828015591], [72.57419017909561, 23.030186959537005], [72.5746027322407, 23.030242179049598], [72.57504898306833, 23.03026490242347], [72.57535144732127, 23.03023831857719], [72.57572633894293, 23.03012699764464], [72.57604518204403, 23.03006751988333], [72.57651606964504, 23.030092733722554], [72.57705546285797, 23.030171033666296], [72.57738070973652, 23.030137922105375], [72.57753850999327, 23.030082001059817], [72.57782843736643, 23.029981040937262], [72.57815854401035, 23.029911214875806], [72.5783035959578, 23.029921556673408], [72.57841834555828, 23.029944278149365], [72.57850001139516, 23.03000756935068], [72.5785259987024, 23.030394193659816], [72.57858824937017, 23.030621532818902], [72.57864660315724, 23.03088676236361], [72.5786703179877, 23.031065482767772], [72.57878804165253, 23.03132832257436], [72.57879599752702, 23.031346085568284], [72.57882121770359, 23.031402395187758], [72.57904915746693, 23.031935790332195], [72.57924336560852, 23.032370647939576], [72.5793162073072, 23.03258558869951], [72.57932203260259, 23.03266035747026], [72.57934189552695, 23.03291532796522], [72.57943037835074, 23.033596893126028], [72.5794774012943, 23.033959104177846], [72.5795053519173, 23.034176182484195], [72.57950801551912, 23.034328918201556], [72.57951313015425, 23.03462226658387], [72.57953998990602, 23.034627319839913], [72.57967404667697, 23.034652538113335], [72.57993707952376, 23.03466977634894], [72.58033444592144, 23.034671751925725], [72.58058175470926, 23.034674486376172], [72.58075595027654, 23.034676188464005], [72.58096681398749, 23.03464977278689], [72.5810936708629, 23.034532258766067], [72.58129907967815, 23.03429063514234], [72.58166677231617, 23.034033688686556], [72.5819000310788, 23.03389436959556], [72.58211482313799, 23.033775407081443], [72.5824003053098, 23.03373782909422], [72.58277738278329, 23.033672516331805], [72.58287136676879, 23.033662338784232], [72.58309459114287, 23.03363816650581], [72.58313133465597, 23.033635794996254], [72.58327259202909, 23.03362667649948], [72.58349060888156, 23.033669132262144], [72.58409139221077, 23.03379356602599], [72.58439857128305, 23.033845586401178], [72.58489285653752, 23.03386707659581], [72.58511793323258, 23.033866058980998], [72.58512571872258, 23.033866023507933], [72.58512883712076, 23.03386536876973], [72.58524503809237, 23.033840983506817], [72.5853186184326, 23.03380135746274], [72.58534818745252, 23.033785433471927], [72.58480006527702, 23.032942485099976], [72.58426121401918, 23.03192139671053], [72.58423526558678, 23.031875377396823], [72.58363558020251, 23.03081182110076], [72.58344625684549, 23.0304862600745], [72.58330873514059, 23.029898004231786], [72.58311746266527, 23.029298481706235], [72.58309559032857, 23.02899100272414], [72.5830821308876, 23.02861254574015], [72.58314359224785, 23.02798433214631], [72.58311898112731, 23.027643978974613], [72.5831044467737, 23.027001953286316], [72.58304970950809, 23.02642587158008], [72.58302543490305, 23.025866585762397], [72.58297274719142, 23.025494023819707], [72.58294449458248, 23.024981906132368], [72.5829465377482, 23.024862276531596], [72.58302486109498, 23.024860845414], [72.58376309261132, 23.02484735408622], [72.58424146715568, 23.02476247728604], [72.58434430679138, 23.024695516034097], [72.58439105910912, 23.024395597651317], [72.5858033162183, 23.02442248135024], [72.58620036918427, 23.024400736353982], [72.58675508664109, 23.024369452125008], [72.58711486349664, 23.024379796934788], [72.58746524732797, 23.024389181544734], [72.58814607657574, 23.02433558790354], [72.58823391227507, 23.024387871257666], [72.58839146954205, 23.024459828481657], [72.58852828555271, 23.02451569681943], [72.5886534524817, 23.02454243339751], [72.58895098836814, 23.024579770827373], [72.58962810174724, 23.024662803715945], [72.58997947989235, 23.0246916547502], [72.59029247587121, 23.024737782748005], [72.5906008447396, 23.024811133520114], [72.59080304542101, 23.02482476615309], [72.59102179309421, 23.024826113584428], [72.5912903005086, 23.024853487423126], [72.59148504178968, 23.024866353784237], [72.59179410186101, 23.0248699212581], [72.59194327082223, 23.024885125645106], [72.59230385078449, 23.024963780173614], [72.59256408227212, 23.02499728581201], [72.59269996427395, 23.02499716471348], [72.59290785985604, 23.02496247764098], [72.59305947058223, 23.02495697395438], [72.59325420176472, 23.02496983258344], [72.59380748782546, 23.024997779619945], [72.59459396475226, 23.02499801769069], [72.59498874483779, 23.024984978474233], [72.59539075615292, 23.02491055131406], [72.59569075476301, 23.024887852193697], [72.59589184600286, 23.024890580200903], [72.59621097543935, 23.024949691576204], [72.5968261528223, 23.025101047018257], [72.59725317293929, 23.025216133417675], [72.59724545611124, 23.02574659217234], [72.59727744797434, 23.025939569484784], [72.59747967373966, 23.026158630496596], [72.5978494016366, 23.026504662916857], [72.59793536838717, 23.026719019990953], [72.59800462556277, 23.027002844606656], [72.59808402518715, 23.02756445735211], [72.59809802922611, 23.027882173926084], [72.59811990552221, 23.027987189738987], [72.59820257549812, 23.02801139949196], [72.5986470883045, 23.027993507881682], [72.60041460584458, 23.027931761072594], [72.60112448821637, 23.027901007286697], [72.6011037348954, 23.028342208401366], [72.6011092244677, 23.029376073714303], [72.60111483026802, 23.03040983596118], [72.60123947745467, 23.031689404959568], [72.60147248652423, 23.033182722211066], [72.60148421281025, 23.033257875730605], [72.60108024924375, 23.033299018614166], [72.60068573045947, 23.03325916480532], [72.60028584489693, 23.03307535042116], [72.59947716706823, 23.032215029202465], [72.59899967186455, 23.03165444266136], [72.59856219501283, 23.03114083247848], [72.59855223094507, 23.031172374404743], [72.59817853209643, 23.03235528094022], [72.59783784374024, 23.03356234680276], [72.59749724171354, 23.03476931516818], [72.59731102587831, 23.035086315627552], [72.59720815517437, 23.035261433929307], [72.59681233967054, 23.03567590714234], [72.59632266258626, 23.036175392174503], [72.59574239386049, 23.03672646696788], [72.59496473893603, 23.03720039019349], [72.59401666949485, 23.037542708048917], [72.59309938040624, 23.037621294189886], [72.59186672547398, 23.037572541464563], [72.59051608532083, 23.03747356939373], [72.58955793373003, 23.037547765532725], [72.58844864806908, 23.037767436840305], [72.58801602549775, 23.037872432878178], [72.5878916075203, 23.037980304797458], [72.58724493975123, 23.038540970604547], [72.58631973897249, 23.039290382065147], [72.586044348103, 23.039801392257864], [72.58553265367085, 23.04102368546966], [72.58502143314892, 23.042246290408468], [72.58454934108192, 23.04353921065518], [72.58423955003056, 23.04426769292569], [72.58385897993898, 23.045100056679857], [72.58347859258299, 23.045932552814634], [72.58309839085781, 23.04676518318117], [72.58266934129428, 23.04755647982833], [72.58252144410062, 23.04800367022555], [72.58245896814213, 23.04854904688018], [72.58238232057533, 23.04907811102978], [72.5822958065511, 23.049412327478578], [72.58174047447854, 23.050437294415197], [72.58118543060326, 23.05146244186207], [72.58115877135256, 23.05169683346366], [72.58129586498744, 23.051841178801627], [72.58147157224447, 23.051870893571678], [72.58267237809231, 23.05143570239143], [72.58363821580723, 23.05120810844693], [72.58400111212234, 23.051152418764964], [72.58525306292653, 23.05105470276575], [72.58608657226918, 23.05087487399114], [72.58676317264282, 23.050748946501887], [72.58694237785357, 23.050594970327484], [72.58720230338852, 23.05044169009494], [72.58740584378005, 23.050357533020033], [72.58777625722463, 23.050297747595994], [72.58826138349515, 23.050294464659263], [72.58970173491677, 23.05027556112961], [72.5898665006659, 23.050345562308657], [72.59010563365236, 23.05136179736369], [72.59042229256195, 23.052321426419613]]]}, "properties": {"objectid": 12, "name": "51-DARIYAPUR", "st_area(shape)": 5511508.98614172, "st_length(shape)": 15785.982977167258}}, {"type": "Feature", "id": 13, "geometry": {"type": "Polygon", "coordinates": [[[72.58313133465597, 23.033635794996254], [72.58309459114287, 23.03363816650581], [72.58287136676879, 23.033662338784232], [72.58277738278329, 23.033672516331805], [72.5824003053098, 23.03373782909422], [72.58211482313799, 23.033775407081443], [72.5819000310788, 23.03389436959556], [72.58166677231617, 23.034033688686556], [72.58129907967815, 23.03429063514234], [72.5810936708629, 23.034532258766067], [72.58096681398749, 23.03464977278689], [72.58075595027654, 23.034676188464005], [72.58058175470926, 23.034674486376172], [72.58033444592144, 23.034671751925725], [72.57993707952376, 23.03466977634894], [72.57967404667697, 23.034652538113335], [72.57953998990602, 23.034627319839913], [72.57951313015425, 23.03462226658387], [72.57950801551912, 23.034328918201556], [72.5795053519173, 23.034176182484195], [72.5794774012943, 23.033959104177846], [72.57943037835074, 23.033596893126028], [72.57934189552695, 23.03291532796522], [72.57932203260259, 23.03266035747026], [72.5793162073072, 23.03258558869951], [72.57924336560852, 23.032370647939576], [72.57904915746693, 23.031935790332195], [72.57882121770359, 23.031402395187758], [72.57879599752702, 23.031346085568284], [72.57878804165253, 23.03132832257436], [72.5786703179877, 23.031065482767772], [72.57864660315724, 23.03088676236361], [72.57858824937017, 23.030621532818902], [72.5785259987024, 23.030394193659816], [72.57850001139516, 23.03000756935068], [72.57841834555828, 23.029944278149365], [72.5783035959578, 23.029921556673408], [72.57815854401035, 23.029911214875806], [72.57782843736643, 23.029981040937262], [72.57753850999327, 23.030082001059817], [72.57738070973652, 23.030137922105375], [72.57705546285797, 23.030171033666296], [72.57651606964504, 23.030092733722554], [72.57604518204403, 23.03006751988333], [72.57572633894293, 23.03012699764464], [72.57535144732127, 23.03023831857719], [72.57504898306833, 23.03026490242347], [72.5746027322407, 23.030242179049598], [72.57419017909561, 23.030186959537005], [72.57442605800642, 23.02919024507167], [72.57466209268705, 23.028193422158065], [72.57489820663352, 23.027196459830478], [72.57501156336652, 23.02625937092353], [72.57512500276219, 23.025322171960248], [72.57523852000764, 23.024384859255388], [72.57535211697024, 23.023447437351138], [72.57546579174621, 23.022509903509658], [72.57557953950669, 23.021572254948264], [72.57569336213523, 23.020634495306634], [72.57566502107674, 23.0196836088197], [72.5756367762366, 23.01873261720855], [72.57560860719177, 23.017781571618425], [72.57558050167525, 23.016830503458475], [72.57544614028595, 23.01576408947592], [72.57531188047919, 23.01469763002135], [72.57517772629771, 23.013631117031846], [72.57491544674856, 23.012762494590817], [72.57465326268614, 23.011893818265232], [72.57446591536223, 23.01127284006686], [72.57439117020864, 23.011025087995687], [72.5738974081965, 23.00996069389739], [72.57340331763353, 23.008896470586947], [72.57290888983195, 23.0078324134148], [72.57230202616834, 23.00680512215451], [72.57169483477385, 23.005777989276805], [72.57108730492968, 23.004751014614122], [72.57048142947195, 23.003983118868202], [72.56987533830738, 23.003215331655944], [72.56926902558878, 23.002447652885447], [72.56866247957113, 23.001680085082466], [72.56806939985663, 23.00096434477413], [72.5674760980664, 23.0002487111567], [72.56688256055419, 22.999533184018254], [72.56628878044971, 22.998817765959238], [72.56569474115015, 22.9981024585275], [72.5651004318861, 22.997387264263203], [72.56450573411745, 22.99667221384], [72.56374042490239, 22.996110069800725], [72.56297439805175, 22.9955481714193], [72.56214842223896, 22.994880773915874], [72.56132153185602, 22.994213662767336], [72.56049372520654, 22.993546824392496], [72.55966499573644, 22.99288024423255], [72.55878045824716, 22.992204172951862], [72.55789488993187, 22.99152833326774], [72.55700824571758, 22.990852738010247], [72.55612043500722, 22.990177545554683], [72.55534998618413, 22.98955351411207], [72.5545784821025, 22.988929835920914], [72.55380577361085, 22.9883065095655], [72.55297231317753, 22.987653823784974], [72.5521375014286, 22.987001470740253], [72.55169627319087, 22.98665748659056], [72.55130116569508, 22.986349455866375], [72.55021963612366, 22.985804267123996], [72.54991019327787, 22.98564871160161], [72.54913623918537, 22.985259643908897], [72.54805155238297, 22.984715625818467], [72.54835912910063, 22.983481019577177], [72.54879618500533, 22.982674913521492], [72.5492335005079, 22.981868754769344], [72.54932561644529, 22.981738345094595], [72.54979221780874, 22.980804290715582], [72.55003290274229, 22.980334419994524], [72.54999914403709, 22.979832281435538], [72.54987377888588, 22.9784883201533], [72.54984427517591, 22.97814508778518], [72.55048622433075, 22.977628103050932], [72.55165465978385, 22.977250432629518], [72.55283292164997, 22.97708204616329], [72.55384588504224, 22.976933204612045], [72.55482167698055, 22.976782788736934], [72.55536337390828, 22.97669448253697], [72.55572620958095, 22.977304985292193], [72.55713111476787, 22.97662651457789], [72.5575316462696, 22.977348597259912], [72.55856585425167, 22.97708824067685], [72.55959976061644, 22.97682808996029], [72.55952558787168, 22.976013093066058], [72.56136936189262, 22.975797167519175], [72.56105951622577, 22.975082566872608], [72.5609750816165, 22.974887834017967], [72.56058062730447, 22.97397857568257], [72.56018600483995, 22.97306939079702], [72.55979122192602, 22.97216028489569], [72.56050119911511, 22.972030861266038], [72.56092819911733, 22.97292349401241], [72.56135500963416, 22.97381621418326], [72.56178162291356, 22.974709018952115], [72.561915833894, 22.9749900535977], [72.56220803216168, 22.975601906410144], [72.56366407148367, 22.97530762297331], [72.56374879658837, 22.975407734675645], [72.56390095083742, 22.97540404018343], [72.56415538544695, 22.97715738068906], [72.56441887220069, 22.97715104352657], [72.56455486918577, 22.97816012151572], [72.56434756283109, 22.978322966552646], [72.56433587714588, 22.979168354827983], [72.56564329501376, 22.97926486461973], [72.56694974930545, 22.97936181385455], [72.5677399148006, 22.979440051376137], [72.56846184809335, 22.980508622182295], [72.56894498217224, 22.980569654558067], [72.56900609684266, 22.981059695912666], [72.56940046321982, 22.981240996889436], [72.56988465202458, 22.981389889433988], [72.5702936469853, 22.98151769291992], [72.57036622308374, 22.98172912737393], [72.57055826603491, 22.98179333011192], [72.57075557817713, 22.982032437430124], [72.57167838743864, 22.98227778103516], [72.57153556458923, 22.98291570860878], [72.5727842315255, 22.983339668194365], [72.57304457198376, 22.98302424327722], [72.573670048172, 22.983393034852515], [72.57347508292887, 22.984192776385928], [72.57312518433069, 22.98462188526716], [72.57307312742911, 22.98491078501776], [72.57306227630588, 22.984979220952685], [72.57286487222486, 22.98566989516255], [72.57417800758327, 22.986011828475256], [72.57378665801463, 22.98709500936651], [72.57349203479394, 22.98873362345882], [72.57342026807062, 22.989060242583857], [72.57483127472537, 22.989175403652833], [72.57624201144657, 22.989290856001674], [72.57594453467183, 22.990303424659682], [72.57572502948237, 22.991319763534257], [72.57575042407234, 22.991837264758882], [72.57584750084612, 22.993030559682268], [72.57586038553953, 22.99359545214549], [72.57598809476796, 22.995013674091926], [72.57599706250781, 22.99552652896273], [72.57594277564662, 22.99613019734167], [72.57726015273677, 22.99640968408696], [72.57716540200265, 22.996714609748427], [72.57751548137023, 22.996702331012752], [72.57777909635654, 22.996677793261533], [72.57802116576099, 22.996755065160375], [72.57848954589043, 22.997008737763643], [72.57877674157943, 22.997296959187914], [72.5789608326418, 22.99770461222344], [72.57950118024219, 22.999325361070746], [72.57965098285851, 22.99929460610167], [72.58072997004969, 22.999165523906754], [72.58147953079735, 22.999051899395738], [72.58183340153539, 22.999024996488963], [72.58193599256359, 22.998947237885254], [72.58224562154594, 22.998968269472908], [72.58230945891893, 22.998972605482372], [72.58234779664146, 22.999477178310656], [72.5823492645, 22.999491394273445], [72.58238399312097, 22.99982769381276], [72.58252335823003, 23.000606093182565], [72.5824474352055, 23.000616063192247], [72.58147401131039, 23.00073803306364], [72.58159167975863, 23.00100838496171], [72.5816714189912, 23.00119305389229], [72.58188883427451, 23.001691546709246], [72.58127665821846, 23.00187354737452], [72.58127086878986, 23.00281453476147], [72.58230921631024, 23.002642157182233], [72.58242043178814, 23.003135056011132], [72.58316872372396, 23.002458100898092], [72.58330167650584, 23.00233847456558], [72.58384054673834, 23.00187786773319], [72.58461583715314, 23.002639683428875], [72.58479544386164, 23.00312729266741], [72.58485122119357, 23.003279250698803], [72.58499921812275, 23.003682448415887], [72.58510904363659, 23.003975904519308], [72.58534945718412, 23.00459481108566], [72.58543969788592, 23.004725996273574], [72.5855290271378, 23.004855854869216], [72.58573225005672, 23.00488342211472], [72.58606156785233, 23.004911021864505], [72.58670041268567, 23.004871469219736], [72.58690367351191, 23.004858885136326], [72.58712590191035, 23.004860629141987], [72.58729820336971, 23.003838322954937], [72.58779590851061, 23.00390370683871], [72.58795910681992, 23.00393227986409], [72.58810622455114, 23.00394749474129], [72.58835722792006, 23.003950180943733], [72.58869709493533, 23.003968691293693], [72.5887952744505, 23.00271068173697], [72.58952788279252, 23.002517106251492], [72.58953390174597, 23.00257725481129], [72.58984908475975, 23.003494848076492], [72.59015630986966, 23.004329718489565], [72.5905101561578, 23.005218530095657], [72.59088136164918, 23.006112945363967], [72.59084073197138, 23.00623920983302], [72.58941459717845, 23.00650943294668], [72.58889642923901, 23.006638609631988], [72.58874066988517, 23.0067047426566], [72.58852330620546, 23.00687414800503], [72.58800038872566, 23.00719684409873], [72.58747031627965, 23.007425363621532], [72.58688716491542, 23.007602748036078], [72.58665776741313, 23.00762476546518], [72.58657015650682, 23.00769796236294], [72.58654425973877, 23.007832354839216], [72.58660554241153, 23.00915098685546], [72.58661255251774, 23.009534523962905], [72.58668361512862, 23.01041333438438], [72.58678247319443, 23.01098548236162], [72.58687729638017, 23.01138028738669], [72.58696247958763, 23.01169853017403], [72.58705144127252, 23.01191127891586], [72.5871820347448, 23.01209156729472], [72.58762810527405, 23.012256147905497], [72.58897811861809, 23.012754234201104], [72.58962248190848, 23.01299643868581], [72.5900773724467, 23.013233829425975], [72.59121646451783, 23.01394537985203], [72.59131121603346, 23.014004567128225], [72.59134921273672, 23.01402830198762], [72.59096717189715, 23.01566767874995], [72.59103929495599, 23.01657157803034], [72.59104504998975, 23.01664370788808], [72.59105625481978, 23.01678412431387], [72.59269560048645, 23.016890057269322], [72.593775085694, 23.017062715751354], [72.59485457188332, 23.017235341774892], [72.59580481613169, 23.01739730282188], [72.59652063427039, 23.017607610999097], [72.59724923900218, 23.0178685011702], [72.59791780429907, 23.018331930664992], [72.59873698991862, 23.018925695351406], [72.59912681009315, 23.019645412188297], [72.5992275837427, 23.020349796551233], [72.5991104728241, 23.021301145977688], [72.59899338168488, 23.02225257034077], [72.59887631320235, 23.023204072392538], [72.59967871583045, 23.024200517278413], [72.60048126515308, 23.02519692491158], [72.60045896391914, 23.026108616789717], [72.60043674220412, 23.027020228512875], [72.60041460584458, 23.027931761072594], [72.5986470883045, 23.027993507881682], [72.59820257549812, 23.02801139949196], [72.59811990552221, 23.027987189738987], [72.59809802922611, 23.027882173926084], [72.59808402518715, 23.02756445735211], [72.59800462556277, 23.027002844606656], [72.59793536838717, 23.026719019990953], [72.5978494016366, 23.026504662916857], [72.59747967373966, 23.026158630496596], [72.59727744797434, 23.025939569484784], [72.59724545611124, 23.02574659217234], [72.59725317293929, 23.025216133417675], [72.5968261528223, 23.025101047018257], [72.59621097543935, 23.024949691576204], [72.59589184600286, 23.024890580200903], [72.59569075476301, 23.024887852193697], [72.59539075615292, 23.02491055131406], [72.59498874483779, 23.024984978474233], [72.59459396475226, 23.02499801769069], [72.59380748782546, 23.024997779619945], [72.59325420176472, 23.02496983258344], [72.59305947058223, 23.02495697395438], [72.59290785985604, 23.02496247764098], [72.59269996427395, 23.02499716471348], [72.59256408227212, 23.02499728581201], [72.59230385078449, 23.024963780173614], [72.59194327082223, 23.024885125645106], [72.59179410186101, 23.0248699212581], [72.59148504178968, 23.024866353784237], [72.5912903005086, 23.024853487423126], [72.59102179309421, 23.024826113584428], [72.59080304542101, 23.02482476615309], [72.5906008447396, 23.024811133520114], [72.59029247587121, 23.024737782748005], [72.58997947989235, 23.0246916547502], [72.58962810174724, 23.024662803715945], [72.58895098836814, 23.024579770827373], [72.5886534524817, 23.02454243339751], [72.58852828555271, 23.02451569681943], [72.58839146954205, 23.024459828481657], [72.58823391227507, 23.024387871257666], [72.58814607657574, 23.02433558790354], [72.58746524732797, 23.024389181544734], [72.58711486349664, 23.024379796934788], [72.58675508664109, 23.024369452125008], [72.58620036918427, 23.024400736353982], [72.5858033162183, 23.02442248135024], [72.58439105910912, 23.024395597651317], [72.58434430679138, 23.024695516034097], [72.58424146715568, 23.02476247728604], [72.58376309261132, 23.02484735408622], [72.58302486109498, 23.024860845414], [72.5829465377482, 23.024862276531596], [72.58294449458248, 23.024981906132368], [72.58297274719142, 23.025494023819707], [72.58302543490305, 23.025866585762397], [72.58304970950809, 23.02642587158008], [72.5831044467737, 23.027001953286316], [72.58311898112731, 23.027643978974613], [72.58314359224785, 23.02798433214631], [72.5830821308876, 23.02861254574015], [72.58309559032857, 23.02899100272414], [72.58311746266527, 23.029298481706235], [72.58330873514059, 23.029898004231786], [72.58344625684549, 23.0304862600745], [72.58363558020251, 23.03081182110076], [72.58423526558678, 23.031875377396823], [72.58426121401918, 23.03192139671053], [72.58480006527702, 23.032942485099976], [72.58534818745252, 23.033785433471927], [72.5853186184326, 23.03380135746274], [72.58524503809237, 23.033840983506817], [72.58512883712076, 23.03386536876973], [72.58512571872258, 23.033866023507933], [72.58511793323258, 23.033866058980998], [72.58489285653752, 23.03386707659581], [72.58439857128305, 23.033845586401178], [72.58409139221077, 23.03379356602599], [72.58349060888156, 23.033669132262144], [72.58327259202909, 23.03362667649948], [72.58313133465597, 23.033635794996254]]]}, "properties": {"objectid": 13, "name": "52-JAMALPUR KHADIA", "st_area(shape)": 10577651.96171878, "st_length(shape)": 24741.034797792654}}, {"type": "Feature", "id": 14, "geometry": {"type": "Polygon", "coordinates": [[[72.61474194737362, 23.003680142836885], [72.61514552895024, 23.004682006616413], [72.61518089250848, 23.004815637923674], [72.61518156738238, 23.004818188563206], [72.61514465934694, 23.004910734305945], [72.61505416475364, 23.004963818436135], [72.61482474263802, 23.005097096213163], [72.61427024729302, 23.005439109133842], [72.61409275023564, 23.005548588873783], [72.61405995400092, 23.00570210614859], [72.61383687761767, 23.005968363293945], [72.61382844216797, 23.005978432299912], [72.61356115081473, 23.006182867856932], [72.6134674783873, 23.00623406947429], [72.61337208757433, 23.006286210207655], [72.61300027148397, 23.006318152072577], [72.61261249636624, 23.006314198206457], [72.61162309598652, 23.006583704503917], [72.61063363241783, 23.00685322232726], [72.609644104653, 23.007122753465474], [72.60787094173644, 23.007593288983852], [72.60742242164136, 23.007787644114796], [72.6073699717182, 23.007802413524885], [72.60656950562753, 23.008027830174946], [72.60531422463164, 23.008377137905835], [72.60544976620663, 23.007912600453746], [72.60546627775287, 23.007529232141696], [72.60545547717929, 23.00725591083755], [72.60535083454064, 23.007040782858407], [72.60520984998779, 23.00681460545456], [72.60508810585115, 23.00672680388693], [72.60491178225786, 23.00667100361508], [72.60463451236745, 23.00660949725411], [72.60446253789223, 23.006503883971302], [72.60450235379516, 23.0063419389121], [72.60431040578524, 23.00556053254462], [72.60398266240205, 23.004805969681634], [72.60367606867338, 23.004438221655228], [72.60344299740764, 23.00419377561925], [72.60278838776526, 23.00370093785808], [72.60194526273392, 23.003388827948353], [72.60101478213343, 23.003301947899967], [72.60007354855605, 23.00347639532612], [72.59938176785757, 23.003703396459123], [72.59909952344012, 23.00388423345425], [72.59890034071233, 23.00387685335212], [72.59770698872109, 23.003605823265612], [72.59651367072387, 23.00333472361019], [72.59532038576351, 23.00306355346967], [72.59543643862803, 23.001688067022478], [72.59552875160975, 23.000850102696127], [72.59553769897337, 22.99982259539629], [72.59554661065528, 22.998795069379074], [72.5955060533098, 22.997031291738963], [72.59534830839387, 22.997048215547103], [72.59433312666754, 22.99778347756269], [72.59331788325738, 22.998518799002575], [72.59332844653724, 22.99758553583351], [72.59333136157166, 22.99666135931867], [72.59333422242061, 22.995737176471877], [72.59333703407168, 22.994812981049527], [72.59333979949166, 22.993133283010874], [72.59334225714063, 22.99181887160093], [72.59347200036281, 22.99181442014686], [72.59482630958284, 22.991577482853913], [72.59495326241077, 22.99123522190233], [72.59532009873915, 22.990246229884725], [72.59564546180604, 22.98917812014417], [72.59584690215482, 22.98911839395038], [72.59590422838876, 22.989101397130845], [72.59601265326823, 22.989069249886544], [72.59611409380322, 22.989039173169346], [72.59717956263513, 22.98901062079385], [72.59824485050225, 22.98898216318032], [72.59930994955968, 22.988953802922058], [72.6004063578543, 22.98891102554423], [72.60150254955397, 22.988868360911038], [72.60259851579163, 22.98882581430977], [72.60369424381695, 22.988783390066434], [72.6038128482951, 22.988764324774632], [72.60377895155803, 22.988594298882855], [72.60349139156818, 22.9871518429106], [72.60316310661268, 22.986352463762955], [72.60289968131978, 22.985833555248515], [72.60280034255206, 22.985284620465254], [72.60269089064006, 22.98462105387451], [72.60260608470716, 22.984325864994272], [72.60273771580563, 22.984228291896677], [72.60292388226564, 22.984104614613617], [72.60310526473249, 22.983805452814792], [72.60356162205196, 22.98274574888303], [72.60358667039802, 22.98262707913583], [72.60289686440844, 22.981562008715823], [72.60275954651573, 22.981014143130608], [72.60249391408152, 22.980470483491192], [72.60207672954924, 22.98021800503739], [72.60141168194306, 22.979530719691184], [72.60074165786706, 22.979128482056208], [72.60022771080972, 22.98012810450478], [72.59980508553004, 22.98013385847548], [72.59959934224885, 22.980572964669594], [72.59941463046347, 22.980917248471474], [72.59914546869203, 22.980904862556407], [72.59901312212538, 22.980838698779706], [72.5988362435324, 22.981156374250833], [72.5982555360889, 22.982425337275107], [72.59770108816281, 22.982532195825943], [72.59705947687412, 22.983292350904375], [72.59641788765104, 22.984052493221874], [72.5957763335979, 22.98481259860217], [72.59513482486342, 22.985572644629915], [72.59328545040783, 22.98519394540453], [72.59328365745691, 22.98558601378973], [72.59232267529289, 22.98571837274709], [72.59209614363942, 22.985842239122693], [72.5915681274124, 22.984999557690088], [72.59126137650404, 22.984532457716092], [72.59090286088824, 22.98416528493783], [72.58953562337324, 22.98332204018435], [72.58977390173337, 22.983176058120268], [72.59049065011914, 22.98251841183858], [72.59120743387761, 22.981860739744725], [72.59121266475157, 22.98177000602101], [72.59123333872084, 22.98138897453724], [72.59125297542035, 22.981040077351043], [72.59127215246545, 22.98068195748986], [72.59083515442215, 22.980688726352895], [72.59049236529634, 22.981336606475644], [72.59021741002928, 22.98132889116675], [72.59000631857484, 22.981319303268652], [72.58988585631764, 22.98131831546036], [72.58953832648082, 22.98130576710896], [72.5890218202062, 22.98128305731916], [72.5892411550877, 22.97970018999586], [72.58909034730326, 22.97978065337816], [72.58870306545602, 22.979962885986602], [72.5886362613716, 22.979539205780124], [72.58856272254891, 22.979086394816214], [72.58854253546198, 22.978965097779856], [72.58775381761231, 22.978898117034078], [72.58747230662455, 22.978573546618282], [72.58637748611044, 22.978420789121696], [72.58613573820577, 22.978370938099445], [72.5860008125855, 22.978343115702646], [72.58572111646055, 22.979239536712186], [72.58573290915831, 22.979483347653947], [72.58576894550345, 22.980342619541684], [72.58540504040197, 22.980228961639956], [72.58457758152886, 22.9799102688992], [72.58397339142655, 22.979668917380742], [72.58356094713899, 22.979812577093135], [72.58347364112907, 22.979755511844242], [72.58205090124326, 22.97902478650143], [72.58098116363547, 22.978473700836613], [72.58108998021267, 22.97817063046541], [72.58009851067102, 22.977737170160935], [72.57897550227901, 22.97721251250676], [72.57870546193568, 22.97707654489594], [72.57796951365633, 22.976881961690594], [72.57652128307555, 22.976376928735068], [72.57627750977355, 22.976347620085495], [72.57565793932231, 22.976211321118136], [72.57440968067553, 22.97604611311301], [72.57440407771591, 22.975858985566312], [72.57443977161444, 22.975692343332163], [72.573813460139, 22.975551043896427], [72.57391257151838, 22.974946264917396], [72.57279052945596, 22.97465458433869], [72.57223789866617, 22.97437343333411], [72.5721745280586, 22.974337280039382], [72.57168052989992, 22.974090099942043], [72.57156249689373, 22.9739455306771], [72.571349082702, 22.973684133998805], [72.57065869628623, 22.973141668405194], [72.57002258863115, 22.972499822301817], [72.56940480774814, 22.97193038809163], [72.56815522470593, 22.971144867811198], [72.56866422952916, 22.970111926647164], [72.56942372754804, 22.970486316714148], [72.57003959830118, 22.970770339992605], [72.57062944571976, 22.971065670214387], [72.57137436561786, 22.971368231349633], [72.57233793160802, 22.97164182785512], [72.57272325904216, 22.971728802552306], [72.57307668792559, 22.970968617569387], [72.57277329888201, 22.970751343114813], [72.57240228975544, 22.970535198876213], [72.5725585406136, 22.97007187155805], [72.57270784847988, 22.969635018210052], [72.57284017945707, 22.968545676129974], [72.57440667704392, 22.96877156227838], [72.57468637633553, 22.968755998334174], [72.57456429025457, 22.967288051050478], [72.57449948598037, 22.966475032250063], [72.57448374525252, 22.966132144094445], [72.57443868982668, 22.964869280542214], [72.57443447434142, 22.964721683395194], [72.57442974296796, 22.96457409460122], [72.57442449369427, 22.9644265177407], [72.57441872653814, 22.964278951911187], [72.57441244046217, 22.964131400707977], [72.57439416300691, 22.963675269316045], [72.57444832427458, 22.963322981292016], [72.57460315290838, 22.962376145532765], [72.57427588650421, 22.961308582569515], [72.5741612482049, 22.960390714542147], [72.57404668348099, 22.95947270945379], [72.57401723313042, 22.959112509021082], [72.57392798852004, 22.957785808160285], [72.57383901458357, 22.956458769177534], [72.57377197700694, 22.956231644973933], [72.57364332459203, 22.954769632080794], [72.5736275573063, 22.9545904565645], [72.57501259013033, 22.954164931268622], [72.57599432544711, 22.95389215924426], [72.57697560418593, 22.953619593240017], [72.57772539002914, 22.952338442205097], [72.57788466201895, 22.950591959037318], [72.57794348013665, 22.949278644464414], [72.57793634462246, 22.9490178662141], [72.57789869938968, 22.948447551659903], [72.57785138785786, 22.94767756218371], [72.5778598466087, 22.947239069581673], [72.57782348220964, 22.9472057665278], [72.57779389758636, 22.94710321506272], [72.5777708451059, 22.946895563612706], [72.57771554825726, 22.946695643122275], [72.57771782038239, 22.946530775983295], [72.57773387784682, 22.946475613707268], [72.57769235656802, 22.946287315731524], [72.57769717898073, 22.946081597688547], [72.57767412502797, 22.945946732361197], [72.57772085230378, 22.94570609816624], [72.57773196755572, 22.945620495208598], [72.5778001603035, 22.94553166175836], [72.57784489197871, 22.945246836361235], [72.57781727671492, 22.94514751265194], [72.57782326848833, 22.94495953049074], [72.57783892894625, 22.94489484134051], [72.5778431600902, 22.944726135639932], [72.57778659002486, 22.944341155416723], [72.57792870188096, 22.944304729894533], [72.57810603237893, 22.944281111812927], [72.57811666680104, 22.94426793735495], [72.57815240552921, 22.944223665210938], [72.57860712621587, 22.944255599200755], [72.57888771559534, 22.94424687369129], [72.57896281024387, 22.94450879971153], [72.57928921982645, 22.94564727700769], [72.57923624297476, 22.94598125120676], [72.57933674372896, 22.946034214266962], [72.57921277357994, 22.94643145898183], [72.57924439183674, 22.94682358640736], [72.57948056408287, 22.94757825059668], [72.57959039564034, 22.948328116271238], [72.57971895391432, 22.949061833407026], [72.57978670035652, 22.94924912387607], [72.57984074296682, 22.950626444402847], [72.57979747966402, 22.95090475029904], [72.58003774549393, 22.950910279828516], [72.5802280107072, 22.950914658665276], [72.58069751916499, 22.95096978078194], [72.5811093559944, 22.9499798147298], [72.58116500035806, 22.94993685403176], [72.58152199096811, 22.949926012071785], [72.58243541806335, 22.950139633896296], [72.58376622242129, 22.950403226674187], [72.58472226835087, 22.950625049643005], [72.58567780007748, 22.95084720949951], [72.58754179378339, 22.951300268459196], [72.58847402347756, 22.951914794537903], [72.58929450912439, 22.952456070618503], [72.58940581027215, 22.952529494913982], [72.59024863150249, 22.953099201855398], [72.59028962794771, 22.953107764976497], [72.59102138748088, 22.953260630122383], [72.59169233051655, 22.95336344014722], [72.59210423484257, 22.9534160626961], [72.59236482656105, 22.953518565169674], [72.59261301327125, 22.95353304900919], [72.59273907561735, 22.95353818422328], [72.59307224972005, 22.953564458961722], [72.59411976809633, 22.953604101211987], [72.59409711375568, 22.95319268004703], [72.59454377644643, 22.95325912273674], [72.59494084002, 22.952930835846292], [72.595101114571, 22.953050770821534], [72.5951408912501, 22.953080536152644], [72.59542956566588, 22.953273717257424], [72.59548249630045, 22.953235167247218], [72.59591097475084, 22.9529231088141], [72.59598002891366, 22.952589062505787], [72.59632283779106, 22.95224519207241], [72.5964498013216, 22.952056942417492], [72.59654279004657, 22.951837106198823], [72.59713308503369, 22.951888038179668], [72.59724078464674, 22.951938888778564], [72.59740638067261, 22.952017074788508], [72.59771514331227, 22.952449684659367], [72.5981111012761, 22.95258574256244], [72.59820620888983, 22.952650606376015], [72.59858543370675, 22.95288945463247], [72.59886573845331, 22.953296882386674], [72.59906246689826, 22.953277794550125], [72.59911883667523, 22.953272326776442], [72.59917182899893, 22.953318847626868], [72.59950269828012, 22.95360930843413], [72.59969862855587, 22.95359487068268], [72.59979463408597, 22.953587798094393], [72.59987291330143, 22.953618589356733], [72.6001847158597, 22.953741234903358], [72.60011468013036, 22.954093920572042], [72.60025085460585, 22.95413216396345], [72.60097446911148, 22.954470568627148], [72.6012250502493, 22.95466622667893], [72.60125419245814, 22.954960827220972], [72.60146958363727, 22.955049693511956], [72.60193714493067, 22.95530291542902], [72.60214604992326, 22.955431331738147], [72.60217988237403, 22.955554399762963], [72.60218748619953, 22.955657944462292], [72.60236021974255, 22.955730452215633], [72.60278693768394, 22.95652615004445], [72.60310156929411, 22.956667143738734], [72.60326155505567, 22.95696169017793], [72.60355446325131, 22.9571475784163], [72.603583356596, 22.95748750267117], [72.60377606649517, 22.957820973612737], [72.60370072559479, 22.958379349045046], [72.6041836930938, 22.958840728456106], [72.60451003922672, 22.959520840143025], [72.6047722298489, 22.96017395972633], [72.60548118473237, 22.96165228873177], [72.60598149611019, 22.962633266844836], [72.6064742976142, 22.96329381438831], [72.60645776354738, 22.963405380622536], [72.6069514498805, 22.96395449274418], [72.6071439001732, 22.964201632984373], [72.60720953158058, 22.9644706489892], [72.60735659463224, 22.96517504590468], [72.6074496033689, 22.965620535958347], [72.6075377188005, 22.966179414761374], [72.60769737980564, 22.966847325526313], [72.60775128380601, 22.967042385971144], [72.60781812896731, 22.967284273934176], [72.60788608246237, 22.967530171681293], [72.6080144992172, 22.96770933002344], [72.60838276377143, 22.968444939736074], [72.60888199126505, 22.969333825709423], [72.60910424033747, 22.969729617991973], [72.60938108398344, 22.970222628094387], [72.60988003596387, 22.971111353121533], [72.61029069244037, 22.971989858192774], [72.6107011971409, 22.972868287972023], [72.61076747877108, 22.9737695034693], [72.6108336508351, 22.974670701012517], [72.61087633077796, 22.975249733823212], [72.61087852560529, 22.976418603034933], [72.61088052882292, 22.97758744664742], [72.6108822775894, 22.97869193848284], [72.61088237946488, 22.978756262540614], [72.61123163014426, 22.979140907456728], [72.61128567463281, 22.980124045709356], [72.61133974141445, 22.98110714089883], [72.611393834389, 22.98209019308397], [72.61144795163924, 22.983073200430283], [72.61146547330897, 22.98402943680517], [72.61148302653662, 22.98498562933876], [72.6115006741189, 22.98594170043478], [72.61149998404065, 22.98648129549622], [72.61141934981684, 22.987157802841306], [72.61287238316642, 22.986880756748565], [72.6138445841835, 22.98674933931136], [72.61481679903574, 22.98661788617614], [72.61592422317428, 22.986440358481996], [72.61703168125855, 22.986262765554326], [72.61642627099219, 22.987730186315087], [72.61745940683441, 22.988204153347418], [72.61752716680381, 22.9882352386843], [72.61759136775423, 22.988301599716245], [72.61784528177476, 22.98856405251169], [72.61894424307468, 22.989837353327356], [72.61955250048192, 22.990583445752872], [72.6201608452418, 22.99132943102121], [72.62076927244878, 22.992075310863076], [72.62129233588584, 22.992999127752967], [72.62181552217072, 22.9939228250843], [72.62228448370712, 22.994799090638626], [72.6227535559993, 22.995675255686134], [72.62322274002386, 22.996551320240442], [72.62378123874079, 22.99804498125124], [72.62426918013115, 22.99892658205926], [72.62446469041977, 22.999323595264904], [72.62448471498173, 22.99936425911646], [72.6244445830485, 22.999373379177616], [72.62430292817172, 22.999405573459878], [72.62420030254881, 22.999526034353284], [72.624174699224, 22.999643515383916], [72.62419903743866, 23.000013450641205], [72.6242347508918, 23.00025950624223], [72.62425293570855, 23.00056534140302], [72.62428901769893, 23.000827504895227], [72.62429724161971, 23.000887259267667], [72.62428203666524, 23.00093629605846], [72.62420241974037, 23.00119307852276], [72.62396007683641, 23.00213852377964], [72.62387352000725, 23.00228337991155], [72.62385330782364, 23.002342834728285], [72.62377866925787, 23.00256238239644], [72.62376135444252, 23.002613314007775], [72.62369224319684, 23.002782305563684], [72.623570712687, 23.002846697901667], [72.62351031512924, 23.00302373412455], [72.62351143173325, 23.00346071382089], [72.62351146619511, 23.003474333091837], [72.62341636419113, 23.003675507292158], [72.62300780969397, 23.003675594581548], [72.6229709706435, 23.00379162543696], [72.62243043958483, 23.00379738855727], [72.62066318823683, 23.004314730956647], [72.62054070584115, 23.004023114510378], [72.6201830083709, 23.00415575050979], [72.62012254624456, 23.003983771774397], [72.6197285803214, 23.002863181329275], [72.61971782995087, 23.002212274651647], [72.61947679543395, 23.00213057949556], [72.61928871039318, 23.00206682992853], [72.61902691025828, 23.002039033990904], [72.61791203856859, 23.002057410231956], [72.61714516770554, 23.00209463087829], [72.61578137186795, 23.002298621805096], [72.61441749396423, 23.00250260574961], [72.61437932857025, 23.00253091373933], [72.61432797692459, 23.002569003402062], [72.61433847317207, 23.002678132794525], [72.61474194737362, 23.003680142836885]]]}, "properties": {"objectid": 14, "name": "53-MANINAGAR", "st_area(shape)": 16783492.509560864, "st_length(shape)": 28104.780315226846}}, {"type": "Feature", "id": 15, "geometry": {"type": "Polygon", "coordinates": [[[72.60209683888289, 23.0205982135899], [72.60178776265535, 23.021232974934453], [72.601769607769, 23.021299938548818], [72.60175231791578, 23.021363709468854], [72.60155942670396, 23.022075156702158], [72.60140344999587, 23.02265044398746], [72.60119864755386, 23.024264862507334], [72.60119576444065, 23.025356184789633], [72.60119299424747, 23.02644741296165], [72.60112448821637, 23.027901007286697], [72.60041460584458, 23.027931761072594], [72.60043674220412, 23.027020228512875], [72.60045896391914, 23.026108616789717], [72.60048126515308, 23.02519692491158], [72.59967871583045, 23.024200517278413], [72.59887631320235, 23.023204072392538], [72.59899338168488, 23.02225257034077], [72.5991104728241, 23.021301145977688], [72.5992275837427, 23.020349796551233], [72.59912681009315, 23.019645412188297], [72.59873698991862, 23.018925695351406], [72.59791780429907, 23.018331930664992], [72.59724923900218, 23.0178685011702], [72.59652063427039, 23.017607610999097], [72.59580481613169, 23.01739730282188], [72.59485457188332, 23.017235341774892], [72.593775085694, 23.017062715751354], [72.59269560048645, 23.016890057269322], [72.59105625481978, 23.01678412431387], [72.59104504998975, 23.01664370788808], [72.59103929495599, 23.01657157803034], [72.59096717189715, 23.01566767874995], [72.59134921273672, 23.01402830198762], [72.59131121603346, 23.014004567128225], [72.59121646451783, 23.01394537985203], [72.5900773724467, 23.013233829425975], [72.58962248190848, 23.01299643868581], [72.58897811861809, 23.012754234201104], [72.58762810527405, 23.012256147905497], [72.5871820347448, 23.01209156729472], [72.58705144127252, 23.01191127891586], [72.58696247958763, 23.01169853017403], [72.58687729638017, 23.01138028738669], [72.58678247319443, 23.01098548236162], [72.58668361512862, 23.01041333438438], [72.58661255251774, 23.009534523962905], [72.58660554241153, 23.00915098685546], [72.58654425973877, 23.007832354839216], [72.58657015650682, 23.00769796236294], [72.58665776741313, 23.00762476546518], [72.58688716491542, 23.007602748036078], [72.58747031627965, 23.007425363621532], [72.58800038872566, 23.00719684409873], [72.58852330620546, 23.00687414800503], [72.58874066988517, 23.0067047426566], [72.58889642923901, 23.006638609631988], [72.58941459717845, 23.00650943294668], [72.59084073197138, 23.00623920983302], [72.59088136164918, 23.006112945363967], [72.5905101561578, 23.005218530095657], [72.59015630986966, 23.004329718489565], [72.58984908475975, 23.003494848076492], [72.58953390174597, 23.00257725481129], [72.58952788279252, 23.002517106251492], [72.5887952744505, 23.00271068173697], [72.58869709493533, 23.003968691293693], [72.58835722792006, 23.003950180943733], [72.58810622455114, 23.00394749474129], [72.58795910681992, 23.00393227986409], [72.58779590851061, 23.00390370683871], [72.58729820336971, 23.003838322954937], [72.58712590191035, 23.004860629141987], [72.58690367351191, 23.004858885136326], [72.58670041268567, 23.004871469219736], [72.58606156785233, 23.004911021864505], [72.58573225005672, 23.00488342211472], [72.5855290271378, 23.004855854869216], [72.58543969788592, 23.004725996273574], [72.58534945718412, 23.00459481108566], [72.58510904363659, 23.003975904519308], [72.58499921812275, 23.003682448415887], [72.58485122119357, 23.003279250698803], [72.58479544386164, 23.00312729266741], [72.58461583715314, 23.002639683428875], [72.58384054673834, 23.00187786773319], [72.58330167650584, 23.00233847456558], [72.58316872372396, 23.002458100898092], [72.58242043178814, 23.003135056011132], [72.58230921631024, 23.002642157182233], [72.58127086878986, 23.00281453476147], [72.58127665821846, 23.00187354737452], [72.58188883427451, 23.001691546709246], [72.5816714189912, 23.00119305389229], [72.58159167975863, 23.00100838496171], [72.58147401131039, 23.00073803306364], [72.5824474352055, 23.000616063192247], [72.58252335823003, 23.000606093182565], [72.58238399312097, 22.99982769381276], [72.5823492645, 22.999491394273445], [72.58234779664146, 22.999477178310656], [72.58230945891893, 22.998972605482372], [72.58224562154594, 22.998968269472908], [72.58193599256359, 22.998947237885254], [72.58183340153539, 22.999024996488963], [72.58147953079735, 22.999051899395738], [72.58072997004969, 22.999165523906754], [72.57965098285851, 22.99929460610167], [72.57950118024219, 22.999325361070746], [72.5789608326418, 22.99770461222344], [72.57877674157943, 22.997296959187914], [72.57848954589043, 22.997008737763643], [72.57802116576099, 22.996755065160375], [72.57777909635654, 22.996677793261533], [72.57751548137023, 22.996702331012752], [72.57716540200265, 22.996714609748427], [72.57726015273677, 22.99640968408696], [72.57594277564662, 22.99613019734167], [72.57599706250781, 22.99552652896273], [72.57598809476796, 22.995013674091926], [72.57586038553953, 22.99359545214549], [72.57584750084612, 22.993030559682268], [72.57575042407234, 22.991837264758882], [72.57572502948237, 22.991319763534257], [72.57594453467183, 22.990303424659682], [72.57624201144657, 22.989290856001674], [72.57483127472537, 22.989175403652833], [72.57342026807062, 22.989060242583857], [72.57349203479394, 22.98873362345882], [72.57378665801463, 22.98709500936651], [72.57417800758327, 22.986011828475256], [72.57286487222486, 22.98566989516255], [72.57306227630588, 22.984979220952685], [72.57307312742911, 22.98491078501776], [72.57312518433069, 22.98462188526716], [72.57347508292887, 22.984192776385928], [72.573670048172, 22.983393034852515], [72.57304457198376, 22.98302424327722], [72.5727842315255, 22.983339668194365], [72.57153556458923, 22.98291570860878], [72.57167838743864, 22.98227778103516], [72.57075557817713, 22.982032437430124], [72.57055826603491, 22.98179333011192], [72.57036622308374, 22.98172912737393], [72.5702936469853, 22.98151769291992], [72.56988465202458, 22.981389889433988], [72.56940046321982, 22.981240996889436], [72.56900609684266, 22.981059695912666], [72.56894498217224, 22.980569654558067], [72.56846184809335, 22.980508622182295], [72.5677399148006, 22.979440051376137], [72.56694974930545, 22.97936181385455], [72.56564329501376, 22.97926486461973], [72.56433587714588, 22.979168354827983], [72.56434756283109, 22.978322966552646], [72.56455486918577, 22.97816012151572], [72.56441887220069, 22.97715104352657], [72.56415538544695, 22.97715738068906], [72.56390095083742, 22.97540404018343], [72.56374879658837, 22.975407734675645], [72.56366407148367, 22.97530762297331], [72.56220803216168, 22.975601906410144], [72.561915833894, 22.9749900535977], [72.56178162291356, 22.974709018952115], [72.56135500963416, 22.97381621418326], [72.56092819911733, 22.97292349401241], [72.56050119911511, 22.972030861266038], [72.55979122192602, 22.97216028489569], [72.56018600483995, 22.97306939079702], [72.56058062730447, 22.97397857568257], [72.5609750816165, 22.974887834017967], [72.56105951622577, 22.975082566872608], [72.56136936189262, 22.975797167519175], [72.55952558787168, 22.976013093066058], [72.55959976061644, 22.97682808996029], [72.55856585425167, 22.97708824067685], [72.5575316462696, 22.977348597259912], [72.55713111476787, 22.97662651457789], [72.55572620958095, 22.977304985292193], [72.55536337390828, 22.97669448253697], [72.55482167698055, 22.976782788736934], [72.55384588504224, 22.976933204612045], [72.55283292164997, 22.97708204616329], [72.55165465978385, 22.977250432629518], [72.55048622433075, 22.977628103050932], [72.54984427517591, 22.97814508778518], [72.54987377888588, 22.9784883201533], [72.54999914403709, 22.979832281435538], [72.55003290274229, 22.980334419994524], [72.54979221780874, 22.980804290715582], [72.54932561644529, 22.981738345094595], [72.5492335005079, 22.981868754769344], [72.54879618500533, 22.982674913521492], [72.54835912910063, 22.983481019577177], [72.54805155238297, 22.984715625818467], [72.54803972176221, 22.984763209006275], [72.54771376951253, 22.98607421871272], [72.54758436525005, 22.986352472739835], [72.5491930779072, 22.987307669373482], [72.5508590368818, 22.988238517647254], [72.55212617592296, 22.98956676479495], [72.55172197128323, 22.9899117536248], [72.55283096988269, 22.990589303380272], [72.55393783403426, 22.99126753713513], [72.55479936230105, 22.991979749160695], [72.5539563402409, 22.993222863140076], [72.55426260606967, 22.993365345150046], [72.55419868833982, 22.99356975059348], [72.55451578381724, 22.993691620412953], [72.55467521416561, 22.99373927544123], [72.55576221592649, 22.994163564844435], [72.55590266388649, 22.994106928294375], [72.5560433956749, 22.994179149346447], [72.55593875593908, 22.994294219010964], [72.55704086873125, 22.99491430525038], [72.55860016870848, 22.99557293644606], [72.55812763822524, 22.996481072002574], [72.5569007705496, 22.995903873441637], [72.55581094836437, 22.995552359215303], [72.55472028973831, 22.995201176113543], [72.55396751304848, 22.996581929888677], [72.55294915422297, 22.996190000797615], [72.5528460834664, 22.99610672512251], [72.55298357554854, 22.995954563451555], [72.55294878133844, 22.99572969659285], [72.55206654196252, 22.99529072402975], [72.55155471416852, 22.995330296966074], [72.55150774736887, 22.995870594284487], [72.55103614281707, 22.9958223522717], [72.54923957714284, 22.9955237463438], [72.54938157384889, 22.994781442890243], [72.54923163717267, 22.99473650240994], [72.54837774660517, 22.99436674286549], [72.54720069377684, 22.99424055248306], [72.54726541041161, 22.994078323129262], [72.54708757036845, 22.994075033618536], [72.54568485674262, 22.99420619109005], [72.54451565367219, 22.99436856591945], [72.54398647767012, 22.9944374641845], [72.5426875174923, 22.994593906947713], [72.54208968196004, 22.994663293054835], [72.5411255140156, 22.99492889373711], [72.54003374240621, 22.995193780353762], [72.53900502803378, 22.99543884326656], [72.53818774861884, 22.995397856336727], [72.53794957583594, 22.995405545571273], [72.53756156360834, 22.995405775418973], [72.53646774904877, 22.995527573139558], [72.53532691021779, 22.995476959408414], [72.53529098734987, 22.9958949741926], [72.53528111409886, 22.996009865595234], [72.5341140750555, 22.99566920152874], [72.53380963536257, 22.995580332196578], [72.53380272439168, 22.99556328605736], [72.5337404269499, 22.995409618290104], [72.53374827041277, 22.995198356512383], [72.53376463455777, 22.994757607732943], [72.53376965416143, 22.994622414551344], [72.53309297882701, 22.99440862705776], [72.5325264996607, 22.99425616703133], [72.53218364840869, 22.994163892249993], [72.53201081809867, 22.993864853119884], [72.53223981818077, 22.99321918412301], [72.53226546589478, 22.993146868392184], [72.5319004812624, 22.99301296234236], [72.53045491829921, 22.992553018723456], [72.53034427875956, 22.99251781516055], [72.52928631436146, 22.992007800145704], [72.52840850826941, 22.99145418815965], [72.52756760307929, 22.990612634794154], [72.5276203566764, 22.99049676082375], [72.52688206232901, 22.989703056609034], [72.52733740626059, 22.988753224655525], [72.52872780237146, 22.989189848322244], [72.52898007967319, 22.98904321860849], [72.52941173534815, 22.989194400476464], [72.53057851020091, 22.989326804212766], [72.53174624185873, 22.989458929132624], [72.53293468983168, 22.988925936595244], [72.53355055532204, 22.988488191509514], [72.53449314819628, 22.98787399643819], [72.5346719378259, 22.98658668451054], [72.53496368136973, 22.985004379733702], [72.53501133601969, 22.983744031191215], [72.5350597541242, 22.98248356790257], [72.53622312188374, 22.98144613426766], [72.53682642596664, 22.980635352730108], [72.53743012167477, 22.979824658352744], [72.53767004932551, 22.979502715332316], [72.53803423961253, 22.97901402994018], [72.53863880740997, 22.978203448958556], [72.53875897077954, 22.977791950266194], [72.53916347065449, 22.976249265973482], [72.53907387586031, 22.975605861678506], [72.53902095968132, 22.975164338136683], [72.539238831854, 22.974908553078077], [72.53941846049143, 22.974618177398202], [72.5395040519649, 22.97410589858244], [72.53939968051624, 22.973252781901767], [72.5393512025028, 22.9725870705858], [72.53939653096621, 22.97219393527019], [72.53869845544965, 22.971265884134592], [72.53773507401709, 22.969807364967533], [72.53676836915757, 22.968334112389982], [72.53778083368962, 22.968166009065794], [72.53783415281428, 22.968481588137497], [72.53783983995704, 22.968515246699127], [72.53837834018228, 22.968477840770735], [72.5388447149806, 22.968445442586674], [72.53878465927751, 22.967877884039776], [72.53873236876557, 22.96738370454857], [72.53863584216624, 22.966469834076914], [72.53862023262421, 22.96632204553502], [72.53902646178999, 22.96625980467234], [72.53934936375282, 22.966210330431043], [72.53926947955782, 22.96562170309513], [72.53923469452783, 22.965365392407506], [72.53845592860935, 22.965444329757247], [72.53843534259293, 22.966215516545805], [72.53682935355573, 22.966427288810383], [72.53681206635304, 22.966424494183606], [72.53654571581767, 22.966381435937876], [72.53588198720166, 22.966274135968046], [72.53557151315307, 22.965784178395243], [72.53490156254244, 22.96465251878728], [72.53423151224463, 22.963521234615616], [72.53476148359752, 22.96322531349395], [72.53498710224977, 22.962217518885094], [72.53521266768948, 22.961209852781327], [72.5357383816342, 22.960572229184912], [72.53604598736835, 22.95981758590414], [72.53623467120062, 22.959149259186926], [72.53684995146132, 22.958351882980566], [72.5361956523964, 22.957536962471437], [72.53554219639116, 22.956721825356755], [72.5347778705944, 22.955822089173815], [72.53401478052272, 22.954922001733216], [72.53358456529531, 22.954446611591695], [72.53211316097634, 22.953911476411403], [72.53192988489482, 22.953076515169293], [72.5319396263218, 22.952084525663803], [72.53194951326232, 22.951092634004524], [72.53195152204445, 22.95089380909954], [72.5319595329137, 22.95010084721402], [72.53196960992823, 22.94911498242964], [72.53196966958284, 22.94910917046444], [72.53261416778413, 22.94759191272757], [72.53215828716755, 22.94625369637885], [72.53150745803698, 22.944599802510083], [72.53129258315758, 22.943543069977927], [72.53107844136662, 22.942486257511316], [72.53121118872457, 22.941261234148683], [72.53134377193489, 22.940036468693418], [72.53231186673837, 22.939841764641223], [72.53328016714683, 22.93964677509484], [72.53424868679559, 22.939451500262006], [72.53521744419217, 22.939255940425927], [72.53618645888382, 22.93906009227439], [72.53715575040131, 22.938863953397203], [72.53812534415457, 22.93866751966938], [72.53939929312018, 22.93838983966544], [72.54067381418476, 22.93811164873279], [72.5414088976574, 22.937488089132145], [72.54214323358336, 22.936864746024735], [72.54244804693627, 22.936605829945254], [72.54287681908518, 22.936241617572072], [72.54360970485502, 22.935618542072113], [72.54459119304272, 22.93537933640301], [72.54573216421055, 22.93518343127835], [72.5467379249071, 22.93524887823743], [72.54769833303803, 22.934902003361472], [72.54817464571471, 22.934622396554367], [72.5495799537962, 22.93443175391779], [72.5501583590105, 22.93442760006136], [72.55140237159476, 22.93434127536396], [72.55264855507458, 22.934253754614303], [72.55389676063811, 22.934164964144895], [72.555317916064, 22.934249456170267], [72.55667836465378, 22.934390410002607], [72.55804221435281, 22.934529596425804], [72.55806255110431, 22.93462440674448], [72.55808736619927, 22.934740100421713], [72.55824202180403, 22.935753103711463], [72.55839512243212, 22.936767080543497], [72.55854529420002, 22.937782817760187], [72.55915741576989, 22.938657583924577], [72.55976703133068, 22.939533963536324], [72.55954968567316, 22.940006389731707], [72.55987284860855, 22.940349339653597], [72.56032021230703, 22.941142030354612], [72.56071126144998, 22.94211697706565], [72.56093715217062, 22.943356833013333], [72.56106090431908, 22.94412087364609], [72.5610713717894, 22.944668403132514], [72.56099117596078, 22.945700516053122], [72.56092771950316, 22.94673684487387], [72.56053224693301, 22.947646396334584], [72.56031064572548, 22.9481705574212], [72.56072313990882, 22.94828294510694], [72.56077462073192, 22.94829697171196], [72.56106949862945, 22.94815485292548], [72.5620315518068, 22.94788995067794], [72.56198834099052, 22.948093566891902], [72.5628056127544, 22.94811581391365], [72.56428440278877, 22.94816610390808], [72.56576300687068, 22.94821715910744], [72.56594262289092, 22.94848079874049], [72.56595092742995, 22.94849298734608], [72.56635896547121, 22.94919124690124], [72.56700850941704, 22.950320210033027], [72.56716089807148, 22.950402436983836], [72.56810688799966, 22.950912878124843], [72.56951249086988, 22.951661923265323], [72.57054359962457, 22.952192936469185], [72.57058332953135, 22.952352604464487], [72.57088274857925, 22.953555922297713], [72.57109676448582, 22.953873270638947], [72.57142550482124, 22.95441073461503], [72.57148961553577, 22.954412805406896], [72.57189848112857, 22.954426010124404], [72.57299044015225, 22.95439565600302], [72.5736275573063, 22.9545904565645], [72.57364332459203, 22.954769632080794], [72.57377197700694, 22.956231644973933], [72.57383901458357, 22.956458769177534], [72.57392798852004, 22.957785808160285], [72.57401723313042, 22.959112509021082], [72.57404668348099, 22.95947270945379], [72.5741612482049, 22.960390714542147], [72.57427588650421, 22.961308582569515], [72.57460315290838, 22.962376145532765], [72.57444832427458, 22.963322981292016], [72.57439416300691, 22.963675269316045], [72.57441244046217, 22.964131400707977], [72.57441872653814, 22.964278951911187], [72.57442449369427, 22.9644265177407], [72.57442974296796, 22.96457409460122], [72.57443447434142, 22.964721683395194], [72.57443868982668, 22.964869280542214], [72.57448374525252, 22.966132144094445], [72.57449948598037, 22.966475032250063], [72.57456429025457, 22.967288051050478], [72.57468637633553, 22.968755998334174], [72.57440667704392, 22.96877156227838], [72.57284017945707, 22.968545676129974], [72.57270784847988, 22.969635018210052], [72.5725585406136, 22.97007187155805], [72.57240228975544, 22.970535198876213], [72.57277329888201, 22.970751343114813], [72.57307668792559, 22.970968617569387], [72.57272325904216, 22.971728802552306], [72.57233793160802, 22.97164182785512], [72.57137436561786, 22.971368231349633], [72.57062944571976, 22.971065670214387], [72.57003959830118, 22.970770339992605], [72.56942372754804, 22.970486316714148], [72.56866422952916, 22.970111926647164], [72.56815522470593, 22.971144867811198], [72.56940480774814, 22.97193038809163], [72.57002258863115, 22.972499822301817], [72.57065869628623, 22.973141668405194], [72.571349082702, 22.973684133998805], [72.57156249689373, 22.9739455306771], [72.57168052989992, 22.974090099942043], [72.5721745280586, 22.974337280039382], [72.57223789866617, 22.97437343333411], [72.57279052945596, 22.97465458433869], [72.57391257151838, 22.974946264917396], [72.573813460139, 22.975551043896427], [72.57443977161444, 22.975692343332163], [72.57440407771591, 22.975858985566312], [72.57440968067553, 22.97604611311301], [72.57565793932231, 22.976211321118136], [72.57627750977355, 22.976347620085495], [72.57652128307555, 22.976376928735068], [72.57796951365633, 22.976881961690594], [72.57870546193568, 22.97707654489594], [72.57897550227901, 22.97721251250676], [72.58009851067102, 22.977737170160935], [72.58108998021267, 22.97817063046541], [72.58098116363547, 22.978473700836613], [72.58205090124326, 22.97902478650143], [72.58347364112907, 22.979755511844242], [72.58356094713899, 22.979812577093135], [72.58397339142655, 22.979668917380742], [72.58457758152886, 22.9799102688992], [72.58540504040197, 22.980228961639956], [72.58576894550345, 22.980342619541684], [72.58573290915831, 22.979483347653947], [72.58572111646055, 22.979239536712186], [72.5860008125855, 22.978343115702646], [72.58613573820577, 22.978370938099445], [72.58637748611044, 22.978420789121696], [72.58747230662455, 22.978573546618282], [72.58775381761231, 22.978898117034078], [72.58854253546198, 22.978965097779856], [72.58856272254891, 22.979086394816214], [72.5886362613716, 22.979539205780124], [72.58870306545602, 22.979962885986602], [72.58909034730326, 22.97978065337816], [72.5892411550877, 22.97970018999586], [72.5890218202062, 22.98128305731916], [72.58953832648082, 22.98130576710896], [72.58988585631764, 22.98131831546036], [72.59000631857484, 22.981319303268652], [72.59021741002928, 22.98132889116675], [72.59049236529634, 22.981336606475644], [72.59083515442215, 22.980688726352895], [72.59127215246545, 22.98068195748986], [72.59125297542035, 22.981040077351043], [72.59123333872084, 22.98138897453724], [72.59121266475157, 22.98177000602101], [72.59120743387761, 22.981860739744725], [72.59049065011914, 22.98251841183858], [72.58977390173337, 22.983176058120268], [72.58953562337324, 22.98332204018435], [72.59090286088824, 22.98416528493783], [72.59126137650404, 22.984532457716092], [72.5915681274124, 22.984999557690088], [72.59209614363942, 22.985842239122693], [72.59232267529289, 22.98571837274709], [72.59328365745691, 22.98558601378973], [72.59328545040783, 22.98519394540453], [72.59513482486342, 22.985572644629915], [72.5957763335979, 22.98481259860217], [72.59641788765104, 22.984052493221874], [72.59705947687412, 22.983292350904375], [72.59770108816281, 22.982532195825943], [72.5982555360889, 22.982425337275107], [72.5988362435324, 22.981156374250833], [72.59901312212538, 22.980838698779706], [72.59914546869203, 22.980904862556407], [72.59941463046347, 22.980917248471474], [72.59959934224885, 22.980572964669594], [72.59980508553004, 22.98013385847548], [72.60022771080972, 22.98012810450478], [72.60074165786706, 22.979128482056208], [72.60141168194306, 22.979530719691184], [72.60207672954924, 22.98021800503739], [72.60249391408152, 22.980470483491192], [72.60275954651573, 22.981014143130608], [72.60289686440844, 22.981562008715823], [72.60358667039802, 22.98262707913583], [72.60356162205196, 22.98274574888303], [72.60310526473249, 22.983805452814792], [72.60292388226564, 22.984104614613617], [72.60273771580563, 22.984228291896677], [72.60260608470716, 22.984325864994272], [72.60269089064006, 22.98462105387451], [72.60280034255206, 22.985284620465254], [72.60289968131978, 22.985833555248515], [72.60316310661268, 22.986352463762955], [72.60349139156818, 22.9871518429106], [72.60377895155803, 22.988594298882855], [72.6038128482951, 22.988764324774632], [72.60369424381695, 22.988783390066434], [72.60259851579163, 22.98882581430977], [72.60150254955397, 22.988868360911038], [72.6004063578543, 22.98891102554423], [72.59930994955968, 22.988953802922058], [72.59824485050225, 22.98898216318032], [72.59717956263513, 22.98901062079385], [72.59611409380322, 22.989039173169346], [72.59601265326823, 22.989069249886544], [72.59590422838876, 22.989101397130845], [72.59584690215482, 22.98911839395038], [72.59564546180604, 22.98917812014417], [72.59532009873915, 22.990246229884725], [72.59495326241077, 22.99123522190233], [72.59482630958284, 22.991577482853913], [72.59347200036281, 22.99181442014686], [72.59334225714063, 22.99181887160093], [72.59333979949166, 22.993133283010874], [72.59333703407168, 22.994812981049527], [72.59333422242061, 22.995737176471877], [72.59333136157166, 22.99666135931867], [72.59332844653724, 22.99758553583351], [72.59331788325738, 22.998518799002575], [72.59433312666754, 22.99778347756269], [72.59534830839387, 22.997048215547103], [72.5955060533098, 22.997031291738963], [72.59554661065528, 22.998795069379074], [72.59553769897337, 22.99982259539629], [72.59552875160975, 23.000850102696127], [72.59543643862803, 23.001688067022478], [72.59532038576351, 23.00306355346967], [72.59651367072387, 23.00333472361019], [72.59770698872109, 23.003605823265612], [72.59890034071233, 23.00387685335212], [72.59909952344012, 23.00388423345425], [72.59938176785757, 23.003703396459123], [72.60007354855605, 23.00347639532612], [72.60101478213343, 23.003301947899967], [72.60194526273392, 23.003388827948353], [72.60278838776526, 23.00370093785808], [72.60344299740764, 23.00419377561925], [72.60367606867338, 23.004438221655228], [72.60398266240205, 23.004805969681634], [72.60431040578524, 23.00556053254462], [72.60450235379516, 23.0063419389121], [72.60446253789223, 23.006503883971302], [72.60463451236745, 23.00660949725411], [72.60491178225786, 23.00667100361508], [72.60508810585115, 23.00672680388693], [72.60520984998779, 23.00681460545456], [72.60535083454064, 23.007040782858407], [72.60545547717929, 23.00725591083755], [72.60546627775287, 23.007529232141696], [72.60544976620663, 23.007912600453746], [72.60531422463164, 23.008377137905835], [72.60656950562753, 23.008027830174946], [72.6073699717182, 23.007802413524885], [72.60742242164136, 23.007787644114796], [72.60787094173644, 23.007593288983852], [72.609644104653, 23.007122753465474], [72.61063363241783, 23.00685322232726], [72.61162309598652, 23.006583704503917], [72.61261249636624, 23.006314198206457], [72.61300027148397, 23.006318152072577], [72.61333716238299, 23.006424648245815], [72.61349089640069, 23.006557438543165], [72.61384458312993, 23.007124120137295], [72.6140825781089, 23.007537451336034], [72.61423933608994, 23.00774798307732], [72.61466694359727, 23.008092353440958], [72.61518074501718, 23.008516217413142], [72.615589504062, 23.008858568177246], [72.61604323694404, 23.00954002162302], [72.61635965389367, 23.01034900048124], [72.61649412148407, 23.010663860420813], [72.61659593736366, 23.01070722865062], [72.61673893700424, 23.01076813910092], [72.6170290535043, 23.01092457981848], [72.61730232722434, 23.011112017682336], [72.61756103091193, 23.01152948976659], [72.61827269557304, 23.013006078221956], [72.61831659474676, 23.0130769567838], [72.61849464150887, 23.01336443046691], [72.61851387792993, 23.013535463426486], [72.61882009093442, 23.014158419774475], [72.61882186876393, 23.014255218335883], [72.61876914209213, 23.014313527405918], [72.61876186744321, 23.014321572899632], [72.61761701251253, 23.014839122147485], [72.61647201210977, 23.015356763190113], [72.61640920331386, 23.01544702022457], [72.61639842730895, 23.015651312433732], [72.61638098054488, 23.015906225057385], [72.61652693719941, 23.017103782550542], [72.61652995034673, 23.017128500470427], [72.6165345675501, 23.017166384564664], [72.61649848079728, 23.017307718999813], [72.6148278562537, 23.01734328639013], [72.61453523240338, 23.017363225670884], [72.61376058645007, 23.017416007074598], [72.61380915878556, 23.0177449292157], [72.61382763826634, 23.017878898365417], [72.61386417513611, 23.018143780651823], [72.61390029041064, 23.018363914042354], [72.61391217174953, 23.01843633581614], [72.61391667434961, 23.018482572673026], [72.61394402688174, 23.018763461112712], [72.61395423147778, 23.019037961842248], [72.61396257918693, 23.01926253255701], [72.61384168750851, 23.019430135840988], [72.6135756934234, 23.01979891200261], [72.61348803822605, 23.019885146358135], [72.61321863637265, 23.020134450480874], [72.6130793399334, 23.020060819465325], [72.61306359819996, 23.02005249922779], [72.61259421926457, 23.021227613003568], [72.61251574708555, 23.021414352543918], [72.61245860052735, 23.021621807115384], [72.61243145892006, 23.021720333782465], [72.6123571699209, 23.021960803840308], [72.61100880178246, 23.021642579244673], [72.6096604387116, 23.021324254254303], [72.60846684755795, 23.021091423325508], [72.60724506758291, 23.020841710212007], [72.6069733542977, 23.020716475277883], [72.60675961260985, 23.020611078281345], [72.60638884594115, 23.020559406445393], [72.60511549757926, 23.020508105205682], [72.60473251008229, 23.020527798827352], [72.60438904567324, 23.020571081405823], [72.60315868910718, 23.020602292204227], [72.60272393933381, 23.02059336633208], [72.60255734403538, 23.02058994607442], [72.60209683888289, 23.0205982135899]]]}, "properties": {"objectid": 15, "name": "54-DANILIMDA", "st_area(shape)": 29782354.35875088, "st_length(shape)": 53001.57013571221}}, {"type": "Feature", "id": 16, "geometry": {"type": "Polygon", "coordinates": [[[72.57622108611866, 23.104668920083025], [72.5752467724714, 23.105061574119166], [72.57510263854032, 23.10620459515577], [72.57524371154433, 23.106948096104205], [72.5752795413737, 23.107813034694445], [72.57428566752607, 23.107854997675208], [72.57329082266992, 23.107896679398475], [72.57322176187323, 23.10891130937828], [72.57279182432924, 23.10924858587753], [72.5726831842065, 23.109749071230215], [72.57186090925688, 23.110560334598624], [72.57103745094017, 23.111370958098462], [72.5703699339391, 23.11126071991008], [72.56917712841792, 23.1110155530573], [72.56849310347255, 23.110848516097903], [72.56764630605727, 23.11064244192474], [72.56770938945441, 23.110464972440546], [72.56754606373548, 23.109721046806907], [72.5678391603034, 23.10950785326918], [72.56770712432416, 23.108530501937462], [72.56738776831808, 23.107858733886946], [72.56710539202817, 23.10715317108724], [72.56649164004573, 23.106234015876893], [72.56601247123032, 23.10557386867308], [72.56594290599523, 23.105439750275153], [72.56573941623307, 23.105047430067895], [72.56530070711798, 23.10433711867862], [72.56503640425404, 23.103838106612546], [72.56498579610307, 23.103742557726815], [72.56381940459887, 23.104106783958027], [72.56364078296606, 23.103494472787936], [72.56351066797946, 23.103036503320702], [72.56351956376056, 23.1027475341633], [72.5633747578418, 23.102216708567134], [72.5632525331514, 23.10180213573351], [72.563046974916, 23.101198721898033], [72.56329028661123, 23.101166476978346], [72.56328332665092, 23.10071212479213], [72.5632833664609, 23.10028795538163], [72.56302990468353, 23.099534594686713], [72.56282077092408, 23.099154377231056], [72.5624178140333, 23.098486447918848], [72.5621649006738, 23.09808190822704], [72.56189784414714, 23.09761847454643], [72.5617811631456, 23.097348027101557], [72.56152981246933, 23.096890991596123], [72.56124946236727, 23.096427541215814], [72.56116153140107, 23.096234577820393], [72.56093111301858, 23.095732961673136], [72.56079601450934, 23.095254755922195], [72.56115672834487, 23.095151791280667], [72.56116178143787, 23.095011671997923], [72.56077234165278, 23.09488854149629], [72.56066622129295, 23.09463080422449], [72.56080242409138, 23.09440635123899], [72.56051009182337, 23.094121006001608], [72.56031259988791, 23.094089188947034], [72.56022201163758, 23.09411999987385], [72.56000650439148, 23.094040939454672], [72.55996965285745, 23.093843024707596], [72.55964282387114, 23.093701696865853], [72.55900813185426, 23.093748045723714], [72.55808054169357, 23.09362300856403], [72.55787398764834, 23.093955133200552], [72.55707034485762, 23.094047639182843], [72.55662715951205, 23.094096968158926], [72.55633726114274, 23.094249925235726], [72.55539574957436, 23.09441256694591], [72.55486950902451, 23.094500024087306], [72.55426711392926, 23.094691359657283], [72.55419162129493, 23.094715339564676], [72.55344518974215, 23.095058914123793], [72.55335265900501, 23.09375932589808], [72.55320633359935, 23.092663106034795], [72.55211996482485, 23.092458763227395], [72.55103349666031, 23.092254464869466], [72.54994692827738, 23.092050202821344], [72.54964705505645, 23.092173197882943], [72.54974659924811, 23.09292203704304], [72.54874067414544, 23.09281018267159], [72.54866931326899, 23.092575462089396], [72.54836418578326, 23.092585897417507], [72.54796446941384, 23.092710750348235], [72.54775129938157, 23.09248093154992], [72.54751467586796, 23.092316040861235], [72.54757011441728, 23.092029179151805], [72.54732114526247, 23.091813427315667], [72.54749507639626, 23.09088664042003], [72.5473538170529, 23.090293300558034], [72.54746067282271, 23.089994843881048], [72.54723069313735, 23.089730591372685], [72.54617595788517, 23.08951973301297], [72.54512112082035, 23.08930888970194], [72.54463155596264, 23.08913081647549], [72.54437779893726, 23.088890846435984], [72.54393863316238, 23.088757784999164], [72.54354829988345, 23.088729381519382], [72.54318051455984, 23.088711659213093], [72.54298210167318, 23.08876706365637], [72.54250527691252, 23.088741071081174], [72.54227847613723, 23.08851644023499], [72.54210992039641, 23.088478708134698], [72.54208968742694, 23.088459284422353], [72.54202442052429, 23.088112242806197], [72.5413627630569, 23.087982913392867], [72.54078991096618, 23.087847097494876], [72.54075161348047, 23.08783801758524], [72.54059408722006, 23.08743186649929], [72.54043400600432, 23.08724595303348], [72.54003729557952, 23.086151909898582], [72.53987010174997, 23.0853675584329], [72.53963837844097, 23.085287752415592], [72.53914432556832, 23.085168326822263], [72.53841240856434, 23.085073571255254], [72.53818969236502, 23.085088165598528], [72.53777419555058, 23.084806699820824], [72.5379037599577, 23.084679691129182], [72.53746387358699, 23.08428944791213], [72.53704543585881, 23.0847003174607], [72.53655833668107, 23.084242436698943], [72.53622673601483, 23.08437252984375], [72.53563764276252, 23.083870508706877], [72.53576145402687, 23.08374499635893], [72.53585360018427, 23.083768681354268], [72.5360001009611, 23.083140706789752], [72.53576682942757, 23.083011159433497], [72.53538918197287, 23.082906918749266], [72.53524951360747, 23.083080662873655], [72.53512161355441, 23.083080081329864], [72.53476421272276, 23.082965343045448], [72.53430521631513, 23.082820176008596], [72.53403865886484, 23.083259908028065], [72.53386367374861, 23.083558062481764], [72.53376300405236, 23.084031746080402], [72.53366215275754, 23.084113725459904], [72.5333824376027, 23.08390567962523], [72.5331943174744, 23.084174432016862], [72.53309816436722, 23.084466742446896], [72.5327457604618, 23.084416470797418], [72.53261410827514, 23.084371125145402], [72.53229907455399, 23.085391150533823], [72.53215883349637, 23.085512708873], [72.53199872036906, 23.085683475844426], [72.53198332398196, 23.08573938440021], [72.53150755376798, 23.08520097649465], [72.53219348037472, 23.083906301521253], [72.53195293021376, 23.083652897537778], [72.53190747325938, 23.083570171890337], [72.53211797151461, 23.083299887859088], [72.53223622197856, 23.08326763148435], [72.53228145887803, 23.0832552921083], [72.53223022906357, 23.082964588968235], [72.53214571598377, 23.082438311671464], [72.53204410912865, 23.08193068877595], [72.5319706218957, 23.081341799259004], [72.53187902855305, 23.080771915732036], [72.53183366703394, 23.080512095297216], [72.53180904082616, 23.08037103998901], [72.53172722123512, 23.079902396581858], [72.53162054082507, 23.07927229920158], [72.53146857953256, 23.078099580381625], [72.53142057684663, 23.078078553148462], [72.5312888969339, 23.078020873008274], [72.53107537617812, 23.077979906625007], [72.53083010177644, 23.077802491781522], [72.53077442288894, 23.077645304265985], [72.52990208978882, 23.07741254622668], [72.53004047187413, 23.07679047891966], [72.53020364693964, 23.076358986201942], [72.53007809171328, 23.076307022427407], [72.53021326236895, 23.075953170475948], [72.53022321842118, 23.07571624036716], [72.53106956730292, 23.07558090717136], [72.5314647718684, 23.075566427691903], [72.53150842936255, 23.075568784826444], [72.53256534453409, 23.07562583374613], [72.53288940135879, 23.07564332381469], [72.53429186229937, 23.075806783434782], [72.53506623837332, 23.075920056639276], [72.53646132480041, 23.07619258561361], [72.5375773830368, 23.076436618828716], [72.53798041406384, 23.076553746718165], [72.53826774201504, 23.076637248506206], [72.5385319777477, 23.07666644930053], [72.53889533655963, 23.076641016323148], [72.53909136681432, 23.076573791414322], [72.5392793416515, 23.076418552986176], [72.54031533949976, 23.07509876964541], [72.54060110607976, 23.074754279615924], [72.54072541996013, 23.074604419221483], [72.54113209066783, 23.074114173394292], [72.54129968267655, 23.073912138110536], [72.54174016162663, 23.074102381089585], [72.54216832478447, 23.074286771840075], [72.54249906698305, 23.074425058182282], [72.54264825698688, 23.074403518336023], [72.54334771789632, 23.07469926075889], [72.54444754837597, 23.07518893382855], [72.54470920635146, 23.075305278731324], [72.5450564002555, 23.07527773279187], [72.54514296723796, 23.075273666639333], [72.54542952493674, 23.07543520591014], [72.54577403319452, 23.075531197030788], [72.54597641683851, 23.07557935320406], [72.54653089445627, 23.07568225756922], [72.54674405607678, 23.07568156046822], [72.54699166964855, 23.075688190667385], [72.54704388653286, 23.07552915127615], [72.54718949989109, 23.075529151011022], [72.54753536851875, 23.075638403893024], [72.54772317248498, 23.07574268977222], [72.5481051241105, 23.075918359060246], [72.54827096477436, 23.075974767584604], [72.54841321208153, 23.0760640374848], [72.54858593217497, 23.076145766585242], [72.54889839493026, 23.07628657215125], [72.54901623495199, 23.07632857783853], [72.54912915298249, 23.076365395616588], [72.54930747251669, 23.076476403440257], [72.5493335681919, 23.076537632818667], [72.54955102329203, 23.076607780443975], [72.54975986254634, 23.07669792562747], [72.54997337898777, 23.076788862629318], [72.55028557148084, 23.07695099547557], [72.55088894354928, 23.077125468886095], [72.55119829457254, 23.077213725503476], [72.55206818549844, 23.077470903375954], [72.55210100841533, 23.07756089303409], [72.55276319715323, 23.077861124290013], [72.55300135986319, 23.077469980298567], [72.55312084761988, 23.07743846424214], [72.55325994014834, 23.077131919553167], [72.553352990947, 23.076920233007385], [72.55340124175272, 23.07687654224173], [72.55355039517069, 23.076519343851515], [72.55363527709711, 23.076539533961988], [72.553783673978, 23.076626593438036], [72.55400489832248, 23.076687520311445], [72.55414459511631, 23.076726861914764], [72.55479855730418, 23.076859823429807], [72.55513477468324, 23.076926814097508], [72.55539354516654, 23.07697931722454], [72.55575667301072, 23.076521352329866], [72.55616995742761, 23.07598418602838], [72.55654589812424, 23.07550438977762], [72.55681713473625, 23.075153944399354], [72.55717607517312, 23.074693567098116], [72.55752947497078, 23.07441803425652], [72.55763430647484, 23.074045790532306], [72.55771851575867, 23.073779408124484], [72.5578406829708, 23.073566397301597], [72.55784517309979, 23.07355856755856], [72.55816871043169, 23.073798447593894], [72.55824929622766, 23.07385857471471], [72.5586509430177, 23.074016972958283], [72.55890620706795, 23.074204070371028], [72.55901204442033, 23.07428225641381], [72.55928828523253, 23.074343276949648], [72.55971709638847, 23.074653504247514], [72.56044249523265, 23.0751821148823], [72.56101827731615, 23.07563083872969], [72.5616013245858, 23.07607463819238], [72.56179712556718, 23.07622306849765], [72.56267010196517, 23.076785857963554], [72.56315821583762, 23.07710301468799], [72.56385830750013, 23.077600355140216], [72.56417591698981, 23.077831653009156], [72.56409771767309, 23.078008216645653], [72.56453145956957, 23.078056757476713], [72.56464764932711, 23.078071081928055], [72.56527089051869, 23.078144073717848], [72.56599174262381, 23.078265314119868], [72.56615930207842, 23.078290814841615], [72.56617478834725, 23.078379655683648], [72.56642295612717, 23.078401492172564], [72.56694348091722, 23.078331051352016], [72.56725995077083, 23.07837688021006], [72.56751458790117, 23.07841487762612], [72.56761344472163, 23.078299613150744], [72.56765462329913, 23.078251600075472], [72.56782343260848, 23.078045821842764], [72.56791133016957, 23.077825702393525], [72.5679459218451, 23.0777410039717], [72.56817599717867, 23.077401545428], [72.56834476782197, 23.077156915245183], [72.56873415980279, 23.076811421398027], [72.56928971978327, 23.076802520007686], [72.56943385742886, 23.076545084421262], [72.56955271050548, 23.07609300788485], [72.56929114985182, 23.076045372389565], [72.5694906923804, 23.075630591893994], [72.56963153014972, 23.075361820569963], [72.56974180680834, 23.075156121044685], [72.56978121754726, 23.07506881591566], [72.56992495420567, 23.07475628014781], [72.5700528789641, 23.074393742010024], [72.57035258229507, 23.073779347018593], [72.57065745599398, 23.073210985377678], [72.57078262039914, 23.07298409746311], [72.57141168849755, 23.07236391757713], [72.57158976022085, 23.072186212951273], [72.57233190121794, 23.071281473578356], [72.57247958148047, 23.071098010309623], [72.57371853605784, 23.070413491160757], [72.57406207272648, 23.070263466597638], [72.57507335156778, 23.069561271008176], [72.57541471191306, 23.069324023638686], [72.57582879159213, 23.06917027689117], [72.57668358414314, 23.068832843662708], [72.5769896752647, 23.06881665788499], [72.57710667166455, 23.068810471351235], [72.57776064483713, 23.06892019591613], [72.57877700248834, 23.06924050918053], [72.5793742056948, 23.069333515963955], [72.57979133591155, 23.069430986957638], [72.58072591605263, 23.069649366564263], [72.58181098281096, 23.0699133648001], [72.58233244606434, 23.07003112689716], [72.58255533869698, 23.0700814624767], [72.58339624166777, 23.0707555479459], [72.58423697554161, 23.07142957631942], [72.58505154008434, 23.072082723767842], [72.58507751007646, 23.07210354713694], [72.58615003313847, 23.0716555442622], [72.58622943924331, 23.07162237479288], [72.58671625913499, 23.07244077193663], [72.58674957581447, 23.072496781136984], [72.5869657286351, 23.072444288008306], [72.58719814282297, 23.070746078465685], [72.58729751440826, 23.070136518799377], [72.58732775983124, 23.069801987881018], [72.58729432383049, 23.069524945306856], [72.58802282042787, 23.06971708341472], [72.58820945510632, 23.069035085800067], [72.58849932789283, 23.068326101096773], [72.58886297417926, 23.06743464636056], [72.58922688758601, 23.066543397572513], [72.58933076247415, 23.065350260028147], [72.58946066574336, 23.064351391273988], [72.58973818974201, 23.063359727314236], [72.5897576384855, 23.06329023105539], [72.59065947700391, 23.06385244579592], [72.59156114981994, 23.064414591043274], [72.59268187060408, 23.065083483701706], [72.5936317627379, 23.06580229140708], [72.59458143415976, 23.06652102657213], [72.59582151296011, 23.067781866385264], [72.59636096614008, 23.06853676019551], [72.59690027865763, 23.069291658500212], [72.59738923578104, 23.07014878865193], [72.59776498274307, 23.071054946460087], [72.59823403367717, 23.072120681240733], [72.59861512908596, 23.073094495872038], [72.5989959787276, 23.07406835938865], [72.59923961412203, 23.07471013909646], [72.59945660188065, 23.07579253746989], [72.5996733906868, 23.076875024721243], [72.5998899582762, 23.077957590581892], [72.6000934111565, 23.079177105021724], [72.60024956792627, 23.080255745120212], [72.6004055891135, 23.081334476040094], [72.60075647348822, 23.08309721545621], [72.60080806974122, 23.08414327435908], [72.60086143119095, 23.085189994671087], [72.60095881994398, 23.086077861429295], [72.60016129430038, 23.086911433204516], [72.59936312689739, 23.087743212851514], [72.59856452611453, 23.088575148124068], [72.59828832069608, 23.088793202972745], [72.59797071135125, 23.089043942485063], [72.59773551535619, 23.08933107643095], [72.59747141940693, 23.089443934128084], [72.5972912038568, 23.089634629571098], [72.59683985542084, 23.09030459316493], [72.59604862003164, 23.091428892443638], [72.59541984786199, 23.092915916492608], [72.59515748214167, 23.093075073397113], [72.59527091914636, 23.093223905440773], [72.59553399220108, 23.093840098853605], [72.59541640590285, 23.09452141067728], [72.59512567918985, 23.094708456209027], [72.59534882278214, 23.09509650942686], [72.59517388644494, 23.096027870766218], [72.59487304675864, 23.09612950025751], [72.59450224182294, 23.096052378501167], [72.59395261705524, 23.095884859598968], [72.59357220481813, 23.095652056738892], [72.59325810105122, 23.09559680363942], [72.59223215790098, 23.095432983900384], [72.59226605225868, 23.09459688762768], [72.5921337792724, 23.094595855176898], [72.59182391341803, 23.094815357729043], [72.59160596031981, 23.09481359772118], [72.58995898984294, 23.09488135274344], [72.58945558508468, 23.095067544760006], [72.58875594262435, 23.094983510211122], [72.58816985458394, 23.094939173590923], [72.58742794327772, 23.094801123207176], [72.58657748366252, 23.094774515337825], [72.58640391716128, 23.094816511944146], [72.5860555715876, 23.09427437257108], [72.58590068467187, 23.094355288668186], [72.58541593000581, 23.09444793105244], [72.5844165609564, 23.094770458817507], [72.58459828805506, 23.09531389688873], [72.58510436833188, 23.09631106386435], [72.58526461820772, 23.09681992956628], [72.58529564864895, 23.097110776491267], [72.58531923824167, 23.097587156110638], [72.5854429846284, 23.097873870722555], [72.58561152383257, 23.098499831057698], [72.58571057110886, 23.099019783990556], [72.58573438443452, 23.09964296898591], [72.58568336576943, 23.100084290529093], [72.58572966164226, 23.100443282200708], [72.58586599196471, 23.1008417369305], [72.58605500051429, 23.101253631040105], [72.58614446545245, 23.101933373636115], [72.58624629209238, 23.10308206649964], [72.58535908175448, 23.1031884046502], [72.58528135781268, 23.102597058907076], [72.58524547852996, 23.10232407596319], [72.5851040627375, 23.102287646522285], [72.58494905069209, 23.101425705440782], [72.58403674953989, 23.101661231455637], [72.58385914826879, 23.101493533334764], [72.58290121303861, 23.101619142537505], [72.5819421502148, 23.101744973152876], [72.58160067905915, 23.101331544069918], [72.58095232021988, 23.10139981199276], [72.58037447245577, 23.101671995249426], [72.57999815363263, 23.101357885965456], [72.57919799591741, 23.10163768095388], [72.57871827411783, 23.101620383195957], [72.57828492100339, 23.101951427582314], [72.57781387527929, 23.102215552699008], [72.57775097621463, 23.102250819656103], [72.57745490159964, 23.102416832956227], [72.57653870823316, 23.102780020677727], [72.5755932145001, 23.102987068900344], [72.57565584606563, 23.10382727851739], [72.57617908417257, 23.103697342242352], [72.57622108611866, 23.104668920083025]]]}, "properties": {"objectid": 16, "name": "55-SABARMATI", "st_area(shape)": 17637045.40058307, "st_length(shape)": 26101.532385089016}}, {"type": "Feature", "id": 17, "geometry": {"type": "Polygon", "coordinates": [[[72.59637024109998, 23.06394617570433], [72.59630750459519, 23.06402300303112], [72.59626069573959, 23.064080327036635], [72.59614239019024, 23.064369144216474], [72.59583308021807, 23.064252828507918], [72.59576313899315, 23.064220166598858], [72.59560574199604, 23.064108787874133], [72.5948592482816, 23.063663704343146], [72.59439103646706, 23.063329878684605], [72.59412279430111, 23.06319063620809], [72.59345186373659, 23.062853379173102], [72.59322888130175, 23.06276441999982], [72.5931726572533, 23.062748139353705], [72.5929081467467, 23.06267154436594], [72.5927543295327, 23.062607375295585], [72.59272701745945, 23.062613029395653], [72.59265614931617, 23.06258189042675], [72.59214900255925, 23.062359051816436], [72.59211059785133, 23.06233832899913], [72.59184787936334, 23.0621965662172], [72.59145287455013, 23.061983420105637], [72.591092025896, 23.061967323854837], [72.59074828687683, 23.06196651721332], [72.5907441591603, 23.06196650752535], [72.59070481140807, 23.06194140054746], [72.59070531055953, 23.061564739262078], [72.59042872569792, 23.061562689273682], [72.59017608543368, 23.061564431920647], [72.59017363428727, 23.06157452914061], [72.5901652184154, 23.06160920023011], [72.58988130738689, 23.06157156909325], [72.58981382562249, 23.06156262397909], [72.58989974431343, 23.06080149092272], [72.59000891036, 23.059853025202532], [72.59011826369847, 23.05890471192541], [72.59022780144798, 23.057956548338527], [72.5903609893859, 23.0570304001672], [72.59049435957377, 23.05610439889188], [72.590577334459, 23.054889082863852], [72.59057750498177, 23.05483134900471], [72.59058023651946, 23.053904888984356], [72.59064094331964, 23.053134363713074], [72.59042229256195, 23.052321426419613], [72.59010563365236, 23.05136179736369], [72.5898665006659, 23.050345562308657], [72.58970173491677, 23.05027556112961], [72.58826138349515, 23.050294464659263], [72.58777625722463, 23.050297747595994], [72.58740584378005, 23.050357533020033], [72.58720230338852, 23.05044169009494], [72.58694237785357, 23.050594970327484], [72.58676317264282, 23.050748946501887], [72.58608657226918, 23.05087487399114], [72.58525306292653, 23.05105470276575], [72.58400111212234, 23.051152418764964], [72.58363821580723, 23.05120810844693], [72.58267237809231, 23.05143570239143], [72.58147157224447, 23.051870893571678], [72.58129586498744, 23.051841178801627], [72.58115877135256, 23.05169683346366], [72.58118543060326, 23.05146244186207], [72.58174047447854, 23.050437294415197], [72.5822958065511, 23.049412327478578], [72.58238232057533, 23.04907811102978], [72.58245896814213, 23.04854904688018], [72.58252144410062, 23.04800367022555], [72.58266934129428, 23.04755647982833], [72.58309839085781, 23.04676518318117], [72.58347859258299, 23.045932552814634], [72.58385897993898, 23.045100056679857], [72.58423955003056, 23.04426769292569], [72.58454934108192, 23.04353921065518], [72.58502143314892, 23.042246290408468], [72.58553265367085, 23.04102368546966], [72.586044348103, 23.039801392257864], [72.58631973897249, 23.039290382065147], [72.58724493975123, 23.038540970604547], [72.5878916075203, 23.037980304797458], [72.58801602549775, 23.037872432878178], [72.58844864806908, 23.037767436840305], [72.58955793373003, 23.037547765532725], [72.59051608532083, 23.03747356939373], [72.59186672547398, 23.037572541464563], [72.59309938040624, 23.037621294189886], [72.59401666949485, 23.037542708048917], [72.59496473893603, 23.03720039019349], [72.59574239386049, 23.03672646696788], [72.59632266258626, 23.036175392174503], [72.59681233967054, 23.03567590714234], [72.59720815517437, 23.035261433929307], [72.59731102587831, 23.035086315627552], [72.59749724171354, 23.03476931516818], [72.59783784374024, 23.03356234680276], [72.59817853209643, 23.03235528094022], [72.59855223094507, 23.031172374404743], [72.59856219501283, 23.03114083247848], [72.59899967186455, 23.03165444266136], [72.59947716706823, 23.032215029202465], [72.60028584489693, 23.03307535042116], [72.60068573045947, 23.03325916480532], [72.60108024924375, 23.033299018614166], [72.60148421281025, 23.033257875730605], [72.60158848974109, 23.033250669669968], [72.60220341423609, 23.033208174524308], [72.60299928420584, 23.03314286291796], [72.60322965299805, 23.03319522642769], [72.60348112416267, 23.033337082423408], [72.6043024662076, 23.034223535917103], [72.60500809690336, 23.035022846414115], [72.60583215591852, 23.035909959971256], [72.60665632849593, 23.036797042715744], [72.60745015204287, 23.037753269500044], [72.60842010418071, 23.03879679584769], [72.6087536023334, 23.039059674799937], [72.60984781733899, 23.039852379995235], [72.61064933822396, 23.04043241966305], [72.61120770069914, 23.040814372567652], [72.61268015716209, 23.041866881399024], [72.61394997399267, 23.04272914780866], [72.61512621302182, 23.043695139766207], [72.61653264618566, 23.044772609122894], [72.61736610113125, 23.045368151249143], [72.61819965117648, 23.045963590659102], [72.61939656787814, 23.04682663504389], [72.61901834115103, 23.04831513003159], [72.61865476366282, 23.048780049818564], [72.6182336881885, 23.04906764188944], [72.618136036497, 23.049134336599863], [72.6184345460728, 23.049383721740732], [72.61920387832264, 23.050065493720794], [72.61997330475178, 23.050747176276634], [72.62074282825485, 23.051428771255818], [72.62153481439493, 23.052131174644078], [72.62232687179473, 23.052833487163102], [72.62260998580922, 23.05308449350014], [72.62311894160165, 23.053535726884956], [72.62401680588547, 23.054348749871856], [72.62491468722878, 23.055161691029276], [72.62602857927658, 23.056193417063554], [72.62666051509731, 23.056738475078816], [72.62660426310248, 23.056762017384738], [72.62620554514659, 23.05692888805767], [72.62521651788987, 23.05721920111921], [72.62445055176222, 23.05751720676215], [72.6228416278418, 23.058188627420865], [72.62199253620216, 23.058588841696988], [72.62092131308233, 23.059053506145254], [72.62000140840414, 23.059420687240614], [72.61891344249283, 23.059788520248976], [72.61867138756537, 23.059858281698563], [72.6181989187876, 23.059994449010148], [72.61798085252711, 23.060050659861197], [72.61650021097708, 23.06019062358419], [72.61621163875844, 23.06024407995819], [72.61549688940103, 23.060376480061866], [72.61548374426316, 23.060351987524164], [72.61478409175704, 23.059048386086975], [72.61422376803253, 23.05798295541816], [72.61366346526675, 23.05691763009043], [72.61312704924397, 23.055889421245176], [72.61311951958213, 23.05587498742479], [72.6129457307349, 23.055551980381843], [72.61244236149743, 23.05590873526755], [72.61227023646593, 23.056062120304695], [72.61226979936576, 23.05606250912182], [72.6122686217264, 23.05605980552274], [72.6122683357482, 23.05605914938608], [72.61226822779585, 23.056059240742215], [72.61140814768632, 23.056794074892704], [72.6107644059267, 23.057344062685807], [72.61054793255923, 23.057529007236333], [72.60968769431537, 23.058263943767532], [72.6088598108678, 23.058971224653927], [72.60882743886988, 23.058998880963905], [72.60871060850026, 23.059017824484116], [72.60758137066291, 23.05920093552876], [72.60751562661437, 23.05921158682986], [72.60633534358396, 23.059402813589216], [72.60508936144402, 23.05960452062088], [72.60500425728189, 23.059423927929416], [72.60499849987885, 23.05941170989797], [72.6048833931804, 23.059432668197434], [72.6044260423158, 23.05951594501131], [72.60438899372751, 23.059522691295847], [72.60405504153916, 23.05958349714554], [72.60392665300358, 23.059474819857744], [72.60380207007483, 23.05936936446543], [72.60267424119598, 23.059473905114444], [72.60154643505375, 23.059578311526682], [72.60108603360136, 23.059651410128808], [72.59978894688518, 23.059712994337595], [72.59924128920728, 23.05966503087324], [72.59912166347584, 23.05965455528677], [72.59910232923359, 23.059784256119958], [72.59867152455821, 23.059739138044332], [72.59830747414739, 23.05978434966969], [72.59830699215121, 23.05982265379359], [72.59830509087362, 23.059973705817086], [72.59821229188333, 23.060205761331424], [72.59805628420976, 23.060595877540685], [72.5980011558741, 23.060749485828225], [72.59787873062481, 23.061099673060546], [72.5978250010418, 23.0612206939682], [72.59775271500742, 23.061383515036887], [72.59749366738562, 23.061949762045238], [72.59732268263468, 23.062270753475786], [72.59728761429689, 23.062341391032422], [72.59723444702254, 23.062507475416684], [72.5971404342467, 23.062801151770344], [72.59698158673065, 23.063075937773956], [72.59684951771263, 23.063320701741624], [72.59677243286349, 23.06331407531363], [72.59637024109998, 23.06394617570433]]]}, "properties": {"objectid": 17, "name": "56-ASARWA", "st_area(shape)": 8484394.62705222, "st_length(shape)": 14620.28010480792}}, {"type": "Feature", "id": 18, "geometry": {"type": "Polygon", "coordinates": [[[72.68827253789256, 23.077022957906006], [72.68827849464253, 23.07710902277425], [72.68830297445213, 23.07746269741142], [72.68803213266501, 23.07818342347521], [72.68791095662955, 23.07927481685174], [72.68741690484245, 23.08035350981743], [72.68692287914794, 23.08143217117594], [72.68671877727422, 23.083162719068106], [72.68629965289814, 23.083259411091213], [72.68616590221556, 23.08329026745848], [72.68610997695188, 23.084006956211695], [72.68608944979299, 23.084176285573772], [72.68604285517938, 23.08449660981488], [72.68589542014314, 23.08551015969555], [72.68493829337416, 23.085600663332137], [72.68472877185962, 23.0857412905926], [72.68443177343362, 23.08582432002185], [72.68412669792696, 23.085909606590935], [72.68361558772385, 23.086332733568494], [72.68318692963325, 23.08668759866388], [72.68315552719609, 23.086670324539014], [72.68206363593119, 23.086101297640564], [72.68084735402954, 23.085456916127974], [72.68055876271751, 23.085297700801743], [72.68030413667353, 23.085203259396256], [72.67928980000438, 23.08466193245733], [72.67851812002857, 23.084253652110444], [72.67814380220534, 23.084069691511115], [72.67698010157146, 23.083459745341965], [72.67581417933908, 23.082851038724243], [72.6748825769527, 23.08237036494964], [72.67394907524746, 23.081890625015706], [72.67389338149452, 23.081871413165754], [72.67373435055649, 23.081805629036072], [72.67251210409823, 23.081188050161487], [72.67128557682759, 23.08057239188154], [72.67028538715715, 23.08007107304269], [72.66984741723435, 23.079852374297992], [72.66871058907208, 23.07931482008204], [72.66829558000634, 23.07908949657084], [72.66823794986861, 23.07907523688095], [72.6677631680119, 23.078871030884795], [72.66688306157235, 23.07837629222293], [72.6664459040416, 23.078157436924787], [72.66628274756813, 23.078090723524987], [72.66635115544487, 23.07785292602467], [72.66662418385715, 23.07691022658289], [72.66660844191351, 23.07676245616065], [72.66647193188697, 23.076651685894927], [72.66654863961845, 23.076261990592393], [72.66679240277621, 23.076346498319534], [72.66682647371596, 23.07615858994824], [72.66697166480368, 23.075912463220334], [72.66741470849475, 23.0760660958741], [72.66764481630906, 23.07615115442667], [72.66822622181263, 23.07636606761817], [72.66844116097998, 23.07589312966494], [72.66846091921866, 23.075813424818207], [72.66856902914763, 23.07553226135115], [72.66866980466583, 23.07527016888227], [72.66787549481222, 23.07499505642931], [72.66751718326073, 23.074871329458606], [72.66765172396174, 23.07445978172067], [72.66720449223747, 23.07417292670763], [72.66776535316728, 23.07379168547428], [72.66802364868711, 23.073235458849666], [72.66728312604764, 23.07291574679817], [72.66677852185502, 23.072693713240106], [72.66649933551396, 23.072662420676867], [72.66649689020478, 23.072454217319866], [72.66639491471226, 23.072480539717738], [72.66608091338503, 23.07253867119789], [72.66591708613498, 23.071673754076816], [72.66564982074053, 23.071633141453063], [72.66558965221508, 23.07118170023086], [72.66558450318065, 23.071165034017707], [72.66554406611857, 23.07103413681789], [72.66538568514976, 23.070140779075167], [72.66515059323629, 23.070149969325932], [72.6650696612785, 23.069382609146402], [72.66386440587924, 23.069356842561067], [72.662873272646, 23.06931811570782], [72.6626315004412, 23.06900805198512], [72.66262300993854, 23.069002453484636], [72.66257169361373, 23.068968614994585], [72.66241284015888, 23.068863866099754], [72.66233944792663, 23.06882717654623], [72.66207455632227, 23.068712545667005], [72.66093751884226, 23.068220492265358], [72.66113600888397, 23.068137481237187], [72.66119203122418, 23.067885136145232], [72.66128513380303, 23.06782670975973], [72.66157665382345, 23.067643765603776], [72.6616334039922, 23.067581233777734], [72.66177643655365, 23.06695417863933], [72.6618178884109, 23.066867657325336], [72.66195292178824, 23.066303951179314], [72.66199558465794, 23.06607274853717], [72.66204825714613, 23.065941434948762], [72.66207030026139, 23.06575228793366], [72.6620550709135, 23.065483446886503], [72.6621551688044, 23.064932276121777], [72.66215601310739, 23.06492762829822], [72.66215255715726, 23.0649112633246], [72.66210528244564, 23.064687394673363], [72.66214300839654, 23.06441142508818], [72.66216758175882, 23.06414280563093], [72.66221295203508, 23.06364683883929], [72.6622059728535, 23.06356409387107], [72.66219323115219, 23.063089994450475], [72.66149474366988, 23.063080198708906], [72.66148747179854, 23.06308009647838], [72.66149401427796, 23.062973854644287], [72.66153097671557, 23.062373607071933], [72.66156235428582, 23.061832030913227], [72.6615684947185, 23.061764610370787], [72.66157574772015, 23.0615723292342], [72.66163331412828, 23.06124246744585], [72.66177731838353, 23.060419221992944], [72.66179726891716, 23.060315620641294], [72.66188662339768, 23.059730953285236], [72.66116208300309, 23.05969701054342], [72.66115151383883, 23.05906156819574], [72.66114821902649, 23.058863487428056], [72.66079351153488, 23.058819036949323], [72.66060879071578, 23.058795887546005], [72.6600351821659, 23.05886927019257], [72.65987416507343, 23.05902512309254], [72.65969871520115, 23.05919494609466], [72.6595316685186, 23.059370779687125], [72.65952778497146, 23.059374867869813], [72.6594212667589, 23.05948698822572], [72.65880795905824, 23.05950037301627], [72.65804518576304, 23.059415285767134], [72.65784457129449, 23.05940861034902], [72.65764959346114, 23.059390704214422], [72.6576136516148, 23.05939132965139], [72.65697000883628, 23.059402528674322], [72.65677955277437, 23.05938482304887], [72.65677906763182, 23.059380838069117], [72.6567784338231, 23.05937687435751], [72.6567776522611, 23.059372935538857], [72.65677672382739, 23.059369027043104], [72.65677564940358, 23.059365154300167], [72.6567744299182, 23.059361320032277], [72.65677306818799, 23.05935753060085], [72.6567715641348, 23.05935379051879], [72.65676992062225, 23.059350103439826], [72.6567681395074, 23.059346474808358], [72.65676622267847, 23.0593429082636], [72.65676417202371, 23.05933940744483], [72.6567619913353, 23.059335978727947], [72.65675968251712, 23.059332624849603], [72.65675724940819, 23.059329349478002], [72.65675469289013, 23.059326158043056], [72.65675201681762, 23.059323053310386], [72.65674922600506, 23.059320038962603], [72.65674632232512, 23.059317119541568], [72.65674330865704, 23.059314297798377], [72.65674019077501, 23.05931157833273], [72.6567369706142, 23.059308962076145], [72.65673365295775, 23.05930645451639], [72.65673024166036, 23.059304058419112], [72.65672674060794, 23.059301774744693], [72.65672315458362, 23.059299608980975], [72.65671948747338, 23.059297562088368], [72.65671574412289, 23.059295635944384], [72.65671192835555, 23.05929383511977], [72.65670804504829, 23.059292159686855], [72.65670409999095, 23.059290613342743], [72.65670009708506, 23.05928919614528], [72.65669604114507, 23.059287911777155], [72.65669193704791, 23.05928676031066], [72.65668778963929, 23.059285743623285], [72.65668360475588, 23.059284862704413], [72.656679386268, 23.059284119417086], [72.65667514002797, 23.05928351384807], [72.65667481185235, 23.059283478285035], [72.6566708718725, 23.05928304698675], [72.65666658568752, 23.059282719793572], [72.65666228732537, 23.059282532355354], [72.6566579826384, 23.05928248475886], [72.65665367552815, 23.059282577061992], [72.65664937184694, 23.059282809351537], [72.6566450764874, 23.05928318079724], [72.65664079530183, 23.05928369148592], [72.65663653316719, 23.0592843414899], [72.6566322949917, 23.059285129076372], [72.65662808568356, 23.05928605251251], [72.65656336649009, 23.05930136844343], [72.65617815171521, 23.059392528513115], [72.6558332152824, 23.05947415479841], [72.65575203454469, 23.059491854218425], [72.65569886106982, 23.05950344727311], [72.6555021656743, 23.059546330818325], [72.65536847264013, 23.060019166285226], [72.65505757082532, 23.060020521407733], [72.65493161935913, 23.060113571551327], [72.65487832798281, 23.060152941114815], [72.65492269970406, 23.061320514894824], [72.65481741799407, 23.061602038884896], [72.65482767854083, 23.061695201367183], [72.65481765868523, 23.06175439340396], [72.65477133001163, 23.062028078542763], [72.65465764269106, 23.062038111954017], [72.65433174878552, 23.06205299344813], [72.6537232007164, 23.062075981830667], [72.65362669014388, 23.062079642979178], [72.65360232063091, 23.0620821980029], [72.65296363227935, 23.062149164794832], [72.65232954947155, 23.062213833845238], [72.65236271697763, 23.062311261295505], [72.65226332747567, 23.0623273790989], [72.65204652053691, 23.062333622848968], [72.6519844246747, 23.06233541105547], [72.65191912278087, 23.06222102515087], [72.65173696188674, 23.06223642331844], [72.65091125736784, 23.061266858542545], [72.65055737479842, 23.061043010090874], [72.65009590441095, 23.060278022009634], [72.65003948498224, 23.060184493350857], [72.65006474110848, 23.060137226951998], [72.65017695091505, 23.059927226339052], [72.64989904439534, 23.059145342799926], [72.64981981766512, 23.058922438336253], [72.6497602853019, 23.058827301452727], [72.6502348638193, 23.057909390225596], [72.6507104508775, 23.05699232984748], [72.65103670772135, 23.056789823427295], [72.6513791124651, 23.05625911449204], [72.65144677612744, 23.056154083536754], [72.65141325668841, 23.05613745483481], [72.6517754791227, 23.055636908781427], [72.65251226447766, 23.054476744023383], [72.65228908015449, 23.053702586209614], [72.65199986697786, 23.05353674135185], [72.65161841181197, 23.05278217568552], [72.65102501874975, 23.05237627390552], [72.6510028609579, 23.05158130476969], [72.65126664145482, 23.051381463178032], [72.65264776723758, 23.050530811158048], [72.65270224204788, 23.05034695502846], [72.65311437462275, 23.048955963575587], [72.6532222243038, 23.04868966241919], [72.65327763904247, 23.04855283194839], [72.65340818542799, 23.048230483489853], [72.65298139285763, 23.048167309867484], [72.65291212668463, 23.047429123210424], [72.6529214955669, 23.04741940996864], [72.65316089404591, 23.047171199887565], [72.65321642521553, 23.047011012694128], [72.65403033788625, 23.047048537445367], [72.65424324127557, 23.047058352857096], [72.65427358696095, 23.04705975297841], [72.65437401404833, 23.046758119203787], [72.65437376368831, 23.046757423032386], [72.65412258368931, 23.04605729404664], [72.65441231384864, 23.04556769929031], [72.65379596664427, 23.04514725201604], [72.65367079812107, 23.045061866926], [72.65370419658905, 23.044927682271677], [72.65387923968429, 23.044224396956523], [72.65340389149507, 23.04366801682544], [72.65353141034144, 23.043184980259134], [72.65353629674408, 23.043120756404964], [72.65302770476802, 23.04303749286211], [72.65275155558449, 23.042302832001017], [72.65275288447243, 23.041746915374887], [72.65259248180129, 23.04162913818352], [72.65274842733018, 23.041055326883257], [72.65320796593602, 23.040886270900668], [72.65306677587485, 23.04036976497949], [72.65373415352987, 23.040832316202454], [72.65401154262625, 23.041024568738678], [72.65445624831385, 23.04150503330174], [72.65486440278853, 23.04173665068298], [72.6549991221452, 23.042047526294674], [72.65517247686508, 23.042461633625795], [72.65548250124748, 23.0426979024754], [72.65570539502033, 23.042665023400513], [72.65560186786692, 23.042120781663243], [72.65616672036538, 23.042170538809923], [72.65649353307396, 23.042199327483715], [72.65657771912768, 23.04076751603082], [72.65658149743038, 23.04070324935524], [72.65641758924889, 23.04066888714117], [72.65597215251758, 23.04043954862008], [72.65595188421597, 23.040281662221563], [72.6558928624466, 23.040057993794495], [72.65586211476779, 23.039880421470194], [72.65589449816638, 23.03950660106835], [72.65595278881162, 23.03893986088021], [72.65598199014899, 23.038403126750605], [72.65600605643473, 23.03830298246904], [72.65604213036322, 23.038311307655484], [72.65605858030843, 23.03808551707333], [72.65606368052745, 23.037951866287894], [72.65684910601799, 23.037873828387067], [72.65704853756515, 23.037909530700738], [72.65764641770568, 23.03801656322165], [72.65790628136783, 23.03816992424276], [72.65842110084036, 23.03846756415118], [72.65871297745917, 23.038636310756832], [72.65867109554408, 23.03774974321225], [72.65864983911399, 23.03729979559267], [72.65864772600447, 23.037255063282917], [72.6590465358229, 23.035500950649883], [72.6595555092189, 23.03549771734816], [72.65962871617884, 23.035236190280582], [72.65986791041168, 23.03528897448968], [72.6597739852822, 23.03488050895587], [72.65961999694503, 23.03442340184161], [72.65907581163222, 23.034337555485273], [72.6584493934448, 23.03440774173053], [72.65842986092377, 23.034543773778143], [72.6580960849058, 23.03439445092024], [72.65859833592847, 23.03360197651906], [72.65860239002697, 23.03327178714751], [72.65869962286921, 23.03263951806424], [72.65868596145897, 23.03216145711892], [72.65868171948468, 23.032013013176822], [72.6596855643318, 23.031850931703733], [72.65988155431721, 23.031819285868924], [72.66098350425895, 23.031775387097902], [72.6622502142421, 23.03215578772098], [72.66295158815275, 23.032236175278697], [72.66415696489545, 23.032325069691243], [72.66536633682541, 23.032414283023204], [72.66737555471833, 23.03237369684922], [72.66804569705235, 23.03217482093835], [72.66881669058337, 23.031946011578473], [72.66899282749293, 23.031933558904857], [72.66918322136486, 23.031920098265246], [72.67025601022932, 23.031670873088206], [72.67087359125303, 23.031527835143912], [72.67133145722478, 23.031421786922643], [72.67240971310791, 23.03117303513613], [72.67247968102596, 23.031163039686277], [72.67295306063654, 23.031095415969467], [72.67308090525205, 23.0310771533928], [72.67323729848624, 23.03102139317439], [72.6732404101752, 23.03101065837227], [72.67345976048789, 23.030254046956717], [72.67371634674583, 23.02951745748497], [72.67378640156186, 23.02934197101039], [72.67388147113763, 23.029103821032063], [72.67421130268517, 23.028277588488233], [72.6743331838093, 23.02807826730648], [72.67429705461701, 23.02797509333924], [72.67417817407299, 23.027635605027054], [72.67408097868672, 23.02733378618642], [72.67450057507914, 23.027182227759873], [72.67453980647453, 23.027164266937685], [72.67486450603008, 23.02713340442567], [72.675077793609, 23.02714440877435], [72.67533146201218, 23.02715749691265], [72.676694735137, 23.027329373978745], [72.67673504563622, 23.02725381390471], [72.67708657872821, 23.02659488224771], [72.67748692912502, 23.026660645733536], [72.67916419119246, 23.02693615142745], [72.67936266226117, 23.026929977542025], [72.67941018078909, 23.026928498930978], [72.67970533435249, 23.026919316553617], [72.67976116468644, 23.02574697503845], [72.6797735573844, 23.025384035462114], [72.67988162969127, 23.02437685343244], [72.6799396606738, 23.023836030635557], [72.68045607485195, 23.023784322777125], [72.68166856559141, 23.023777449751247], [72.68288794400834, 23.0237819418825], [72.68308316178516, 23.023811926787683], [72.68446207145743, 23.023933876338422], [72.68560517925953, 23.024051359249828], [72.68585227933724, 23.02407675334977], [72.68591411937682, 23.02512117095737], [72.68592447749062, 23.02529611343482], [72.68610740473629, 23.025393649584363], [72.68621454786695, 23.025450778713022], [72.68621479725671, 23.025450911465416], [72.68638748270202, 23.025542986164613], [72.686211000138, 23.0262210586897], [72.68635456654007, 23.02787584523643], [72.68628665387062, 23.028674927104817], [72.68626861417503, 23.028887181431788], [72.686143206341, 23.0295068662634], [72.68614403014304, 23.029884759173616], [72.68614441666037, 23.030061968052703], [72.68648664816338, 23.030274564507252], [72.68661190035057, 23.030284685596587], [72.68685368558589, 23.030304223947184], [72.68740053976178, 23.030865233026944], [72.68777881510862, 23.031553230359865], [72.68803106201855, 23.032654985738034], [72.68818389135939, 23.032741395165775], [72.68930175834177, 23.032991013461267], [72.68928345557688, 23.03373845808891], [72.68934048533133, 23.033971787656718], [72.68946659623836, 23.034487749319275], [72.6877821703455, 23.034307679711677], [72.687633825173, 23.03429181998976], [72.68761765017516, 23.03512031088916], [72.68761214219406, 23.035402421528207], [72.68670472391783, 23.03582904637901], [72.68652038383684, 23.035976912804276], [72.68628951790426, 23.03626202204402], [72.68607505145216, 23.03647624532781], [72.68598297088957, 23.036568221079765], [72.68573578106506, 23.037094905140687], [72.68569770426541, 23.037164906361483], [72.68567084492399, 23.037214285101772], [72.68558545241238, 23.037413411930316], [72.6854363776367, 23.0374664970869], [72.68498720140336, 23.037745265305468], [72.68450342763218, 23.038012823341397], [72.68420585148851, 23.038184310076584], [72.68392171198079, 23.038348051782116], [72.6839867940841, 23.03847665828814], [72.68362277275362, 23.03908886393691], [72.68352500810654, 23.03931052945146], [72.68329930191946, 23.03997750719939], [72.68325944937081, 23.040007828695465], [72.68329728899378, 23.04041703587289], [72.68330880796096, 23.04066016105939], [72.68329342003247, 23.040795809742562], [72.68327052874629, 23.041486599917143], [72.68326399205691, 23.042099088499025], [72.68324373515851, 23.04295900439976], [72.68349688583795, 23.04314786817543], [72.68403796579894, 23.043974965044633], [72.68451651959926, 23.04462869780648], [72.68463316696933, 23.044757507008466], [72.68467832476637, 23.045163103377806], [72.68472882300514, 23.045388270810292], [72.68458942799487, 23.04590451077709], [72.68449989529935, 23.046251097235256], [72.68447398268556, 23.046351404228705], [72.68444400326071, 23.046377946856254], [72.68429042403258, 23.046513919315892], [72.68403707991109, 23.046680365449607], [72.68402882696319, 23.046723796764695], [72.68395098604991, 23.047133457433073], [72.68375048898615, 23.047131192006674], [72.68325266420247, 23.04712556523692], [72.68322818714648, 23.04727428434152], [72.68326135134375, 23.047433561811182], [72.68363025145133, 23.048292464913683], [72.68362917858292, 23.048360688230527], [72.68417506342426, 23.0497547834772], [72.68452579827549, 23.050871089397393], [72.68459254705986, 23.050982146871785], [72.68455680309538, 23.051220627791608], [72.68461401020983, 23.051491612556458], [72.68460857106896, 23.052175114172996], [72.68463237530004, 23.052858225339723], [72.68463175007132, 23.05332146233218], [72.68502037269805, 23.05409810979024], [72.68498445463503, 23.05459981912105], [72.68497464843993, 23.05469335517203], [72.68433472576456, 23.055771618444382], [72.68424163483624, 23.05592235013421], [72.68400690673552, 23.056302414781847], [72.68290473697331, 23.056769791794608], [72.6825222481864, 23.05706883530359], [72.68206406525421, 23.057160373127523], [72.68196810425756, 23.05719499699083], [72.6810878018019, 23.05748652686259], [72.68045610030805, 23.057695722924315], [72.68043889570062, 23.057701420849348], [72.68044040851049, 23.057711688277386], [72.68050158174638, 23.058126812597564], [72.68053589804225, 23.058566437035065], [72.68037981523211, 23.059652397506238], [72.68035562241606, 23.059820962889447], [72.68028884693524, 23.059852227635957], [72.68042385857726, 23.060204333940227], [72.68146787577406, 23.061624211765714], [72.68141024260377, 23.06217574107998], [72.68134950318938, 23.06282402975297], [72.68132900953952, 23.063326633914283], [72.68149124877729, 23.063750313156845], [72.6815673334625, 23.063996347233495], [72.68166780324081, 23.064263931993864], [72.68159685600757, 23.064312648859694], [72.68160460968977, 23.064397753364876], [72.68153397290789, 23.064682950761732], [72.68160333694004, 23.064870045714695], [72.68182173192557, 23.065080937739268], [72.68170008104988, 23.065205995215127], [72.68169607803944, 23.065285440724903], [72.68147690580933, 23.065873380475832], [72.68135804400512, 23.066278458740463], [72.6813411904286, 23.066335893493193], [72.68082009004397, 23.06678983853671], [72.68044692065668, 23.067145085522988], [72.67994997113942, 23.06724685580797], [72.6796208086234, 23.067339056644844], [72.67912609105818, 23.067445677185567], [72.67809458577901, 23.06778605391049], [72.6774881591735, 23.067711947284018], [72.67709970827465, 23.06792886112733], [72.67702510602518, 23.067931022228528], [72.67669888413731, 23.06794046965927], [72.6765775943962, 23.067966114068366], [72.67646484582853, 23.067989952899143], [72.67680729762381, 23.069429929721736], [72.67781724175038, 23.069345541483234], [72.67883041310454, 23.069259544664273], [72.68037276269223, 23.069159720301375], [72.68086354005126, 23.069222357865325], [72.68151619936216, 23.06923636998934], [72.68322517945595, 23.06919474794835], [72.6843803068156, 23.069196876943934], [72.68553506647666, 23.069198866594224], [72.68588219313408, 23.069187034067294], [72.68703995178697, 23.069147565570994], [72.68788667814027, 23.069323923058228], [72.6886358051648, 23.06949253892904], [72.69000428239872, 23.07001669078948], [72.690143282819, 23.070069929251733], [72.6916035117035, 23.070444114379296], [72.69188941080313, 23.070517374325107], [72.69315056295423, 23.07081295592924], [72.6942223202379, 23.07115694040847], [72.69432122411669, 23.071188683208046], [72.69481908457452, 23.071232572131077], [72.69630749803717, 23.071420423821603], [72.69658448280528, 23.071455380292765], [72.69721661185693, 23.07212171810564], [72.69744877586825, 23.072366444380435], [72.69823248391808, 23.072672477878417], [72.69870206370598, 23.072489706657098], [72.69990019749756, 23.07296227733869], [72.70096503202659, 23.073358243961742], [72.70113159978592, 23.073420182387007], [72.70090527520755, 23.07404424819649], [72.70071321107652, 23.074465427559353], [72.70008132757549, 23.075863642720382], [72.69996249750989, 23.076170465290524], [72.6994383567955, 23.077523791864024], [72.69917863336609, 23.077533647451478], [72.69782936054092, 23.07717930989806], [72.69647973690431, 23.07682483514732], [72.69568054684633, 23.0767046121702], [72.69566230714395, 23.076831815163576], [72.69414040287363, 23.0765161624832], [72.69357245422651, 23.076473993736965], [72.69233623052693, 23.076396161366834], [72.69109998246434, 23.076318282921285], [72.68989217052868, 23.076114408301226], [72.68926736921419, 23.07629349705804], [72.68869943273576, 23.07645628360932], [72.68827253789256, 23.077022957906006]]]}, "properties": {"objectid": 18, "name": "57-DASKOI", "st_area(shape)": 16651573.03963051, "st_length(shape)": 27688.928659139383}}, {"type": "Feature", "id": 19, "geometry": {"type": "Polygon", "coordinates": [[[72.50300310616389, 22.979986978307814], [72.50309479731865, 22.980447246514704], [72.50310826592526, 22.980514853382044], [72.50234709589796, 22.980577110170792], [72.50208780109202, 22.980598317199668], [72.50185160843503, 22.980617583440004], [72.50106831036922, 22.98068147283855], [72.50169639295063, 22.97918826484881], [72.50084708014946, 22.97873214660099], [72.4994965602763, 22.977909984470283], [72.49824663880308, 22.977054703626205], [72.4976972815029, 22.976649131878546], [72.49692130400142, 22.976596106908705], [72.49638988732961, 22.976348674595737], [72.4959272594107, 22.975237438985285], [72.49502861609525, 22.97480080191807], [72.49487315245416, 22.974432227173196], [72.49360731411858, 22.9730492237641], [72.49254790389271, 22.971800338570834], [72.4915673235596, 22.971160178618774], [72.49058399533769, 22.970520667512584], [72.48966620197015, 22.97013159942334], [72.48820054748248, 22.96969465926417], [72.4869496390506, 22.96946509881752], [72.48556321566319, 22.96923301554666], [72.48491744655833, 22.969115970288744], [72.48368179983514, 22.968859287556995], [72.48300013208274, 22.96870240185041], [72.48203523426882, 22.96846349943182], [72.4810759635176, 22.96822054808115], [72.48012319156008, 22.967972909990984], [72.47946581813316, 22.96723067615821], [72.4791242717578, 22.966724462890507], [72.47893928891008, 22.96645029482984], [72.47926397943775, 22.964632978240264], [72.47948282219379, 22.96402474097996], [72.47958084892018, 22.96384065933435], [72.47982004618176, 22.96339147511632], [72.48040908185219, 22.963126267525794], [72.48068166878463, 22.96317000343488], [72.48076638375424, 22.962922427371506], [72.48106796848863, 22.962788652389357], [72.48153455536914, 22.962581685044725], [72.48144694421914, 22.961983054987343], [72.48131802638622, 22.961971818318336], [72.4812396864677, 22.961571385400564], [72.48178225905436, 22.960567642697843], [72.48204151878295, 22.96008801284329], [72.4827272571666, 22.960141907578294], [72.4829648150515, 22.960515093502416], [72.48314685613117, 22.960540897526037], [72.48372920070615, 22.960623444032755], [72.48449358793704, 22.96073179188252], [72.48451439837756, 22.96058691287991], [72.48463230282415, 22.95976607761646], [72.48474612024269, 22.959328753199397], [72.48497219983507, 22.958467735875775], [72.48482802746221, 22.958434069101948], [72.48496678036409, 22.957220357425804], [72.48451397490885, 22.957209952689148], [72.48459493273458, 22.9567844182809], [72.4846732313447, 22.95634340743551], [72.48470299831092, 22.956156465488036], [72.48481357911443, 22.955461985254665], [72.48490057651921, 22.955107627156664], [72.48520350721205, 22.954283610554924], [72.48460914575794, 22.95418650454225], [72.4847017668551, 22.95385054960488], [72.48513575627919, 22.952092817633766], [72.4852213728786, 22.951723465162353], [72.48525762647651, 22.95159666887191], [72.48535870584246, 22.950948953107776], [72.48537394049504, 22.95085133219571], [72.48537699163776, 22.950368562243753], [72.48538141443686, 22.949668631687814], [72.48553768413437, 22.94950656635678], [72.48589351052773, 22.948992036423], [72.48623026923653, 22.948560438664682], [72.48646627079685, 22.94825797074751], [72.4864267338041, 22.94792974720666], [72.48644705513992, 22.94778345504877], [72.48627989596137, 22.94782784715712], [72.48607749128774, 22.946893404572897], [72.48605514310805, 22.94564941082603], [72.48599289695635, 22.94513680422773], [72.48598433235848, 22.945066269948732], [72.48623276775135, 22.944064134776117], [72.4862933540438, 22.943819209841735], [72.48630079221758, 22.943789140044625], [72.4864806670981, 22.943061969585393], [72.48755823363207, 22.942055413774934], [72.48756815953924, 22.941823792706945], [72.48764885315148, 22.941526405700063], [72.48789432705006, 22.94126952482878], [72.48813944319484, 22.941013016988627], [72.4887960976286, 22.9409028021325], [72.48908730633433, 22.94083995586075], [72.4895820606862, 22.940664418497732], [72.48976576297568, 22.940593951826425], [72.49014028302811, 22.94073677080025], [72.49137373572042, 22.940471942243544], [72.49153872480014, 22.940545952448], [72.49236479253062, 22.940916504498126], [72.49288509453349, 22.941136259196337], [72.49397508346193, 22.941499430658368], [72.49496088434353, 22.94180724600357], [72.49597490908607, 22.94210553479594], [72.49700968921668, 22.942396797497008], [72.49806013648042, 22.942682741773506], [72.49896472953262, 22.94305909975947], [72.49908647672906, 22.94314759046662], [72.50025935403077, 22.944000071101208], [72.50017375146179, 22.943673780132507], [72.50006933686244, 22.943275782477887], [72.4999516955698, 22.942647280584413], [72.49991824175574, 22.94246855336076], [72.49971598779995, 22.941568997938855], [72.49960780311295, 22.94049028260624], [72.49940695099963, 22.939457318294572], [72.49913891443472, 22.93883074933145], [72.49920669764721, 22.938489374729556], [72.49930621183667, 22.937908306827], [72.49943429536111, 22.937511265825822], [72.49943893707156, 22.93749687786134], [72.49958589446295, 22.93704132730338], [72.49962754458534, 22.936912214533237], [72.49968445254204, 22.936382731965782], [72.49972794818775, 22.936178774210518], [72.4997251615624, 22.93609299349201], [72.4997201986707, 22.935986353854254], [72.49970433645728, 22.935657831739217], [72.49968882371608, 22.935336547952083], [72.49968166111194, 22.93531451811663], [72.49949897580018, 22.934752630245313], [72.49927029150518, 22.934314395234637], [72.4988006082916, 22.93394187230134], [72.49845640065018, 22.933819247665415], [72.4979823023451, 22.933649468964376], [72.49773370353425, 22.933406279199794], [72.49753047645258, 22.93320747342425], [72.49717145147976, 22.932832339486048], [72.49700532042463, 22.932663151630685], [72.49690174467617, 22.932482888055233], [72.49671227488203, 22.932150189800367], [72.49661608308318, 22.931977700600232], [72.49654047766593, 22.93159675493789], [72.49654415259188, 22.93106801468894], [72.49649864378392, 22.93014693225972], [72.49651689668225, 22.929999128931193], [72.49658068143368, 22.929482615024174], [72.49676434803898, 22.929403638844416], [72.49834638984277, 22.92958211112947], [72.49904640779863, 22.92947646323121], [72.49926826242373, 22.929443942919523], [72.49987645708507, 22.92890188831081], [72.50031366765894, 22.92854006358865], [72.50070974737761, 22.928380163217017], [72.50071683569503, 22.92837730210646], [72.50088143942209, 22.928278874167336], [72.50112215802413, 22.928134930988087], [72.50111442723664, 22.927832280363997], [72.50120118742633, 22.927775690945122], [72.50143914587491, 22.927740919414997], [72.50174810774142, 22.92769538068709], [72.50180535386973, 22.927687251734547], [72.50193792737454, 22.92766753199707], [72.50213687029452, 22.92763857005758], [72.50244862493692, 22.927592719108674], [72.5026166589993, 22.92756326283867], [72.50314885178413, 22.927462746962977], [72.50330410579568, 22.927547694078147], [72.50391639700553, 22.927309446317928], [72.50428374960677, 22.927166504043583], [72.50424711242135, 22.926813555654874], [72.50435653565677, 22.926423893747316], [72.50438621762383, 22.926315890339236], [72.5044527513202, 22.926077086194088], [72.50449849894065, 22.92591152493649], [72.50459122238134, 22.925593770663383], [72.50477881048742, 22.924946424298938], [72.50480531373708, 22.924851279228978], [72.50493150047193, 22.9244147971143], [72.50498145162231, 22.9241911815652], [72.50502522329843, 22.923993010421118], [72.50511520561369, 22.923588048997875], [72.50494495498914, 22.923276392684677], [72.50532109915447, 22.922036941557774], [72.50538799013523, 22.92153743344362], [72.50537073178772, 22.92117180078501], [72.50552660030898, 22.920891062264598], [72.50553708514558, 22.920848633338], [72.50557498773456, 22.92069525359514], [72.50565700062268, 22.920363376804975], [72.50586667857552, 22.920317399529427], [72.5063020444138, 22.920512960033363], [72.50630506237997, 22.920512761900536], [72.5064034169738, 22.92050630874974], [72.50680579654227, 22.920479905964445], [72.50685816894489, 22.920260510800738], [72.5068763408678, 22.91973637193137], [72.50696342547033, 22.91886573155641], [72.50700732793324, 22.91842680593102], [72.5076675916939, 22.91847692549892], [72.50896512323196, 22.91867806667614], [72.50942874740636, 22.918749934059598], [72.51116523297532, 22.91894625290351], [72.5115281432031, 22.91901351625799], [72.51187938501006, 22.91907861615437], [72.51246863485049, 22.919187827583627], [72.51364654833324, 22.919665803815633], [72.51498896869847, 22.920258272355003], [72.51618570019329, 22.92095880548423], [72.51711284786565, 22.921342616129937], [72.51788469589978, 22.921701115345254], [72.51964616073784, 22.9222389849724], [72.52107619872503, 22.92245729221229], [72.52108456862256, 22.922458570351562], [72.52201132179918, 22.9231408313319], [72.52203626523524, 22.923163558707298], [72.52230164127769, 22.923405361935544], [72.52294409360476, 22.923990740292712], [72.52314866841837, 22.924086159318172], [72.52356995123706, 22.924282654896917], [72.52419725493336, 22.924568950216475], [72.52472862843628, 22.924811461619907], [72.52568931069723, 22.9251702662839], [72.52621966407747, 22.925573930988108], [72.52635794299292, 22.92567770236389], [72.52732083716252, 22.92628448620127], [72.52804597479873, 22.926724472522793], [72.52834172336257, 22.926621717163012], [72.52902637239889, 22.92638383764472], [72.52938888903208, 22.926257821046153], [72.53000609964256, 22.926043267144596], [72.53098515455348, 22.925702762810385], [72.53110433033831, 22.92566129504753], [72.53162166258076, 22.925481287566747], [72.5319635439081, 22.925362327468925], [72.53294127454839, 22.92502196033685], [72.53322992499254, 22.924613044474192], [72.53375220338575, 22.923630633568195], [72.5345259512932, 22.922724001630304], [72.53528789039423, 22.922100333835374], [72.53605615095427, 22.921474002914906], [72.53657316223455, 22.921135377876148], [72.53766011597591, 22.92042344823764], [72.53802603001714, 22.920211901943766], [72.53835788116481, 22.920020047572372], [72.5387278238807, 22.92023017601252], [72.53922353073763, 22.920511736974497], [72.53922481014854, 22.920510346684036], [72.53943281009536, 22.920284314760583], [72.53989440399542, 22.919782698497023], [72.54030829092777, 22.920126806590936], [72.54064619884461, 22.920407743261126], [72.54069008320664, 22.92044423973201], [72.541397779094, 22.92103280415414], [72.54201020395008, 22.921557481873798], [72.5421301450876, 22.921659875476916], [72.5430329860922, 22.92202684046828], [72.5439359107408, 22.922393779369994], [72.54482574910425, 22.922676801487373], [72.54571593253839, 22.922959721279238], [72.54660640823458, 22.923242548756555], [72.54679564452952, 22.92315401313102], [72.54737543766134, 22.92288274878299], [72.54791089659247, 22.92263222451238], [72.54902167877486, 22.922029698222598], [72.55012921034613, 22.92142780114106], [72.55119130037473, 22.920819588263146], [72.55281528355177, 22.91990221389377], [72.55420946190313, 22.919337002505113], [72.55585839531791, 22.91883513070199], [72.55665474598626, 22.918547369685932], [72.55669734141611, 22.918500240396515], [72.55746000333346, 22.917656387592743], [72.55826906827895, 22.916774808318497], [72.5590846333684, 22.91590841308592], [72.5599359120072, 22.915123749656225], [72.56026282163268, 22.915208291742438], [72.56094662319484, 22.915385127282782], [72.56197024866366, 22.91567052505431], [72.56300493672089, 22.9159764927958], [72.56401438853051, 22.91644340024073], [72.56403319384361, 22.916434405506553], [72.56492697772694, 22.916006900548766], [72.56583520195068, 22.915562284441922], [72.56673857536157, 22.915108645367432], [72.56675782037297, 22.91440317163342], [72.56723264689926, 22.914161846337247], [72.5678584128069, 22.91421659317438], [72.56832126572876, 22.91425284591621], [72.56876814560646, 22.914368089163368], [72.56973125633286, 22.91426194624377], [72.56998265846768, 22.914367345127896], [72.57007326567813, 22.914405331767103], [72.57031286070335, 22.91451914214881], [72.57061458390963, 22.9145185333409], [72.57074003448466, 22.914518279998276], [72.57152779971436, 22.914484069885393], [72.57174872348656, 22.91522896004583], [72.57180545623574, 22.915420244197147], [72.57191182219897, 22.915778875756878], [72.57208653542713, 22.91618698251841], [72.57230995537412, 22.916708860052296], [72.57257980343462, 22.91724175172187], [72.57266338929497, 22.917331817915677], [72.57289981374106, 22.917586572547965], [72.57322519943142, 22.917527527109392], [72.57338026387448, 22.917550893690706], [72.57344690721068, 22.91796215640236], [72.57349942294609, 22.918286230552454], [72.57350231350821, 22.918304068648144], [72.57376617572487, 22.919402924869914], [72.57386584678315, 22.919904954651575], [72.57395012320539, 22.920822602064337], [72.57401562043601, 22.920924374828022], [72.57410982265552, 22.921070750582402], [72.57422494892153, 22.921153599252747], [72.57438776566224, 22.9212707666306], [72.5749283346798, 22.921659773294802], [72.57574783644777, 22.92224949979429], [72.57656833770814, 22.92283965757417], [72.57663552528672, 22.922842003339785], [72.57703337173481, 22.92285589112075], [72.5772665144553, 22.922586044685], [72.57745241549578, 22.922599015191423], [72.57897428421263, 22.923103906049242], [72.5799096954338, 22.923388236911606], [72.58053379709435, 22.92370855082846], [72.5808964991257, 22.923957914834954], [72.58173658583557, 22.924387320572134], [72.58224607581529, 22.92453213193708], [72.58286528280047, 22.924725482046682], [72.58340386544879, 22.924965086229918], [72.58392671410274, 22.925310506246497], [72.58487791592559, 22.92591270665086], [72.58583003541476, 22.926512066645714], [72.58643278572974, 22.926716799404407], [72.58679793722474, 22.92684082769439], [72.58712666003838, 22.927824106282387], [72.5874606872581, 22.928803806956335], [72.58790881826643, 22.92899878297871], [72.5881436848527, 22.929190829715168], [72.588670730997, 22.92958245673803], [72.58839948987861, 22.929983874097122], [72.5882686275872, 22.930177539072258], [72.58817155407108, 22.930321200893324], [72.58834048414747, 22.930340980250158], [72.58862641884622, 22.9303744598693], [72.58879808198695, 22.93041598159296], [72.58887858238323, 22.930478081019793], [72.58908746736365, 22.930639221033708], [72.58927005546033, 22.930800934481304], [72.58959120925662, 22.930927193031298], [72.58981064683319, 22.931013462333436], [72.59000120787606, 22.93108837889647], [72.58999392186219, 22.93171291387043], [72.5899012333594, 22.931699331831403], [72.5898250250878, 22.931688164071026], [72.58980818126108, 22.931685422822227], [72.58911911162333, 22.931573296175504], [72.5889106260604, 22.931530510973456], [72.58901446444254, 22.931165939029036], [72.58856922832946, 22.93108837880888], [72.58814660928206, 22.93101055087494], [72.58807887962715, 22.931325854059793], [72.58785539379878, 22.9312797501445], [72.5875957632499, 22.931220425707885], [72.58728107673379, 22.931219839779356], [72.58726661585884, 22.931103447824277], [72.58712641781175, 22.931157793611575], [72.5870909621968, 22.931152265612905], [72.58677045657375, 22.931055986439493], [72.58671217311706, 22.93103054497915], [72.58641784141783, 22.930971364369547], [72.5860881614089, 22.93092866036141], [72.58613739824621, 22.93053385170162], [72.58577303942872, 22.930484437239706], [72.58566367515895, 22.930520670546095], [72.58520065225932, 22.930464360227084], [72.58507584166577, 22.930924334468646], [72.58501560317869, 22.93108268154704], [72.58499757765337, 22.93122737631709], [72.58495459947304, 22.931469072533485], [72.5849541664374, 22.931471505280907], [72.58495081191437, 22.931509941965494], [72.58491402117419, 22.93168185006808], [72.58490631485176, 22.931717857908772], [72.58487644967063, 22.93184177798204], [72.58488156740994, 22.93189535972679], [72.5848845848427, 22.931926959067326], [72.58486274600313, 22.932026496877437], [72.58485931114544, 22.93204325454113], [72.58482548571749, 22.93220826076467], [72.58482644917554, 22.93220927842999], [72.5848455259542, 22.932229432901227], [72.58481098902381, 22.932513855643514], [72.58479752396246, 22.93256684575947], [72.58478272221278, 22.932565804319175], [72.58421011401963, 22.932525530677196], [72.5839195180347, 22.93250311589787], [72.58364157678652, 22.932485633865515], [72.58303177956874, 22.932428379633702], [72.58301981274982, 22.932502786668064], [72.58300424436001, 22.932754274158082], [72.58298254065109, 22.932904078233317], [72.58299154318803, 22.9329051073331], [72.58308913146251, 22.93291626372927], [72.58301512497428, 22.933333138461553], [72.58286394027581, 22.93418473894343], [72.5829263576811, 22.93421804222457], [72.58323197017715, 22.934381102191917], [72.58314444333934, 22.934471787418506], [72.58310648791063, 22.93465332248505], [72.58308885934629, 22.934695091387855], [72.58303383476996, 22.934825464444806], [72.58312253897351, 22.934817793326275], [72.58317373492899, 22.93483929314892], [72.58330899564055, 22.93489609513177], [72.5833304282844, 22.93497125830043], [72.58337167281069, 22.934970455646592], [72.58359889093674, 22.935109771008538], [72.58370475625837, 22.935155729335015], [72.58390031454296, 22.935223331136413], [72.58401616212527, 22.935319858457127], [72.58410645803406, 22.935781623525966], [72.58405677564731, 22.93579837472664], [72.58310649926443, 22.93611876280027], [72.58309508592828, 22.936351218606127], [72.58305104983104, 22.936393213499663], [72.58305713099334, 22.936600404058446], [72.58302322772258, 22.936880766727537], [72.58300600036016, 22.93690876063429], [72.58297490876252, 22.93704282318301], [72.58300958901103, 22.937185430632553], [72.58307904302465, 22.937192682852746], [72.58311731292468, 22.93719667935625], [72.58316582784876, 22.937252559917336], [72.58318195006338, 22.93728075768128], [72.5832243760096, 22.937381858229795], [72.58327569670509, 22.937466476646758], [72.58332483876394, 22.937506701533803], [72.58338449082665, 22.93754448648409], [72.58335421081061, 22.93765261713705], [72.58335026477455, 22.93780714242937], [72.58335005136446, 22.937812573063198], [72.5833446278346, 22.937950290294335], [72.58335554264353, 22.938149870848143], [72.58329015137627, 22.938606741926726], [72.58324812572593, 22.938602947317968], [72.58320807966295, 22.93877818234794], [72.58298122607158, 22.938782344569074], [72.58292194993646, 22.93925977113394], [72.58304468821164, 22.939259398802037], [72.58353327755333, 22.9392579140412], [72.58353473164085, 22.939325987495014], [72.58352354536731, 22.93956360076615], [72.5835202113747, 22.93963442519863], [72.58353199097202, 22.939729554534498], [72.58360801643829, 22.940121881053592], [72.58354022810431, 22.940135682989407], [72.58342814339551, 22.940137460193547], [72.58331530957327, 22.94016034032063], [72.58321547060636, 22.940227752489626], [72.58317955234224, 22.94033661504765], [72.58295636157727, 22.940277433651556], [72.58272681803716, 22.94027644275547], [72.58260872385297, 22.940295176942364], [72.58257501197612, 22.940508550808662], [72.58250995562321, 22.940494097833483], [72.58238168003994, 22.94037249896842], [72.58231372239686, 22.940361092843897], [72.5822767694355, 22.940363354424186], [72.5820775713054, 22.940412960526007], [72.58171087655154, 22.94052757834785], [72.5815881748118, 22.940539490455265], [72.58146482329867, 22.940569750742917], [72.58143431594893, 22.940592541385005], [72.58134887950216, 22.940719789266392], [72.58126533825563, 22.940791356783087], [72.58119880026516, 22.940757168313702], [72.58107548974532, 22.940645788792537], [72.5809127736241, 22.940612512310246], [72.5808349775838, 22.940610881650862], [72.58080659563501, 22.940644222050377], [72.58070801680837, 22.940639966829107], [72.5805534489435, 22.940525276338246], [72.58045461962007, 22.94055693001391], [72.58064197142754, 22.940790400204786], [72.58076019384512, 22.940796557528657], [72.58112026945608, 22.940824222381213], [72.58118057522096, 22.940868645539414], [72.58115676358302, 22.940932270184817], [72.58110351583446, 22.941074546345117], [72.58111621568685, 22.941106687855513], [72.58128901275941, 22.941543999687635], [72.58146697835943, 22.942017647947527], [72.58133759777678, 22.942042849869285], [72.5810151683939, 22.942264941333402], [72.58065677588841, 22.942468731998165], [72.58055056890207, 22.942508124631548], [72.58045816104662, 22.942555330964947], [72.58031935938345, 22.942578851742525], [72.57987349472705, 22.942621966882477], [72.57944566335459, 22.942680130058204], [72.57909587038252, 22.94265229031704], [72.5789862299329, 22.94266647602249], [72.57891281103889, 22.942676974179555], [72.57856723057832, 22.94269183345387], [72.5782452182928, 22.94269243572828], [72.57808982311217, 22.94269497047734], [72.57802040320682, 22.942706860887412], [72.57799944233949, 22.942707820956247], [72.57795864472362, 22.9429069492139], [72.57785375891264, 22.94293887423334], [72.5778312069114, 22.943040863284793], [72.57786704971811, 22.943183669812914], [72.57787029508376, 22.94323856360002], [72.57791982095381, 22.94350033420883], [72.57793401297059, 22.94359328146585], [72.5779546511121, 22.943839533488454], [72.5779393912114, 22.944000927954097], [72.57793200968598, 22.9440563103575], [72.57794652735795, 22.944101129671537], [72.57812220147666, 22.94420568813626], [72.57815240552921, 22.944223665210938], [72.57811666680104, 22.94426793735495], [72.57810603237893, 22.944281111812927], [72.57792870188096, 22.944304729894533], [72.57778659002486, 22.944341155416723], [72.5778431600902, 22.944726135639932], [72.57783892894625, 22.94489484134051], [72.57782326848833, 22.94495953049074], [72.57781727671492, 22.94514751265194], [72.57784489197871, 22.945246836361235], [72.5778001603035, 22.94553166175836], [72.57773196755572, 22.945620495208598], [72.57772085230378, 22.94570609816624], [72.57767412502797, 22.945946732361197], [72.57769717898073, 22.946081597688547], [72.57769235656802, 22.946287315731524], [72.57773387784682, 22.946475613707268], [72.57771782038239, 22.946530775983295], [72.57771554825726, 22.946695643122275], [72.5777708451059, 22.946895563612706], [72.57779389758636, 22.94710321506272], [72.57782348220964, 22.9472057665278], [72.5778598466087, 22.947239069581673], [72.57785138785786, 22.94767756218371], [72.57789869938968, 22.948447551659903], [72.57793634462246, 22.9490178662141], [72.57794348013665, 22.949278644464414], [72.57788466201895, 22.950591959037318], [72.57772539002914, 22.952338442205097], [72.57697560418593, 22.953619593240017], [72.57599432544711, 22.95389215924426], [72.57501259013033, 22.954164931268622], [72.5736275573063, 22.9545904565645], [72.57299044015225, 22.95439565600302], [72.57189848112857, 22.954426010124404], [72.57148961553577, 22.954412805406896], [72.57142550482124, 22.95441073461503], [72.57109676448582, 22.953873270638947], [72.57088274857925, 22.953555922297713], [72.57058332953135, 22.952352604464487], [72.57054359962457, 22.952192936469185], [72.56951249086988, 22.951661923265323], [72.56810688799966, 22.950912878124843], [72.56716089807148, 22.950402436983836], [72.56700850941704, 22.950320210033027], [72.56635896547121, 22.94919124690124], [72.56595092742995, 22.94849298734608], [72.56594262289092, 22.94848079874049], [72.56576300687068, 22.94821715910744], [72.56428440278877, 22.94816610390808], [72.5628056127544, 22.94811581391365], [72.56198834099052, 22.948093566891902], [72.5620315518068, 22.94788995067794], [72.56106949862945, 22.94815485292548], [72.56077462073192, 22.94829697171196], [72.56072313990882, 22.94828294510694], [72.56031064572548, 22.9481705574212], [72.56053224693301, 22.947646396334584], [72.56092771950316, 22.94673684487387], [72.56099117596078, 22.945700516053122], [72.5610713717894, 22.944668403132514], [72.56106090431908, 22.94412087364609], [72.56093715217062, 22.943356833013333], [72.56071126144998, 22.94211697706565], [72.56032021230703, 22.941142030354612], [72.55987284860855, 22.940349339653597], [72.55954968567316, 22.940006389731707], [72.55976703133068, 22.939533963536324], [72.55915741576989, 22.938657583924577], [72.55854529420002, 22.937782817760187], [72.55839512243212, 22.936767080543497], [72.55824202180403, 22.935753103711463], [72.55808736619927, 22.934740100421713], [72.55806255110431, 22.93462440674448], [72.55804221435281, 22.934529596425804], [72.55667836465378, 22.934390410002607], [72.555317916064, 22.934249456170267], [72.55389676063811, 22.934164964144895], [72.55264855507458, 22.934253754614303], [72.55140237159476, 22.93434127536396], [72.5501583590105, 22.93442760006136], [72.5495799537962, 22.93443175391779], [72.54817464571471, 22.934622396554367], [72.54769833303803, 22.934902003361472], [72.5467379249071, 22.93524887823743], [72.54573216421055, 22.93518343127835], [72.54459119304272, 22.93537933640301], [72.54360970485502, 22.935618542072113], [72.54287681908518, 22.936241617572072], [72.54244804693627, 22.936605829945254], [72.54214323358336, 22.936864746024735], [72.5414088976574, 22.937488089132145], [72.54067381418476, 22.93811164873279], [72.53939929312018, 22.93838983966544], [72.53812534415457, 22.93866751966938], [72.53715575040131, 22.938863953397203], [72.53618645888382, 22.93906009227439], [72.53521744419217, 22.939255940425927], [72.53424868679559, 22.939451500262006], [72.53328016714683, 22.93964677509484], [72.53231186673837, 22.939841764641223], [72.53134377193489, 22.940036468693418], [72.53121118872457, 22.941261234148683], [72.53107844136662, 22.942486257511316], [72.53129258315758, 22.943543069977927], [72.53150745803698, 22.944599802510083], [72.53215828716755, 22.94625369637885], [72.53261416778413, 22.94759191272757], [72.53196966958284, 22.94910917046444], [72.53091752434806, 22.948993787634354], [72.53023879800725, 22.948919024986118], [72.52986602022109, 22.948877961051267], [72.52881516318772, 22.948761683599816], [72.52794837679667, 22.94862827732948], [72.5268626900608, 22.948366436377572], [72.52577812315349, 22.948103956654254], [72.52469473416762, 22.94784080659075], [72.52465730511923, 22.947835487353778], [72.52388883255232, 22.94772627510895], [72.52383770740221, 22.9477190094253], [72.52298488985807, 22.94782451784409], [72.52259525700802, 22.9478727203346], [72.52135290574418, 22.94802596242235], [72.52011063530628, 22.948178724572323], [72.51913729941718, 22.94843471696726], [72.51816359778499, 22.948690543908615], [72.51718950410064, 22.948946204977666], [72.51621499010595, 22.949201699724416], [72.51619829714146, 22.949140739647643], [72.51474166596866, 22.950145310286445], [72.51372807892332, 22.95083700840213], [72.51274169638666, 22.951576651476664], [72.51175309442327, 22.952316927093996], [72.51108952986978, 22.952830879636377], [72.51047482670863, 22.95357268732028], [72.50961654674754, 22.95448471400299], [72.50936480446431, 22.955039088033033], [72.50904598704746, 22.955630723068747], [72.509006402209, 22.95564504974962], [72.50869991624445, 22.95575597727331], [72.50868434761311, 22.955702499151794], [72.50858857263508, 22.95537351544255], [72.50741139035226, 22.9555779365543], [72.50623229368547, 22.955782884552214], [72.50663059617771, 22.956679722994352], [72.50663332311659, 22.95792614753891], [72.50678640310429, 22.958808925717893], [72.50720642376663, 22.959776432826402], [72.50754802511086, 22.9608064248976], [72.50800979015006, 22.961818963473423], [72.50824703594718, 22.962573108663722], [72.50820363276434, 22.963231273691346], [72.50808897357152, 22.963668382045924], [72.50796584755976, 22.964137764955584], [72.50828182059176, 22.964208212207346], [72.50788569250858, 22.96506523803009], [72.50749100277295, 22.965922210118073], [72.50709769336238, 22.966779157361977], [72.50784918379505, 22.966943045445376], [72.50874766897287, 22.967211072175463], [72.50899870190722, 22.967285956534656], [72.51014740218854, 22.967628946123508], [72.51006715409433, 22.967891893448183], [72.51167213624859, 22.96882219126177], [72.5125349123979, 22.969145208728794], [72.51418597356168, 22.969912872335556], [72.51511645660904, 22.970464041737948], [72.51604705055371, 22.97101490458787], [72.51550963267245, 22.97213463993442], [72.51495507699494, 22.972972882760317], [72.51440149092585, 22.973811129259637], [72.51369606773841, 22.974857970942445], [72.51338945348418, 22.975567313398937], [72.51325897714389, 22.976630024393227], [72.51323588142749, 22.97663330084814], [72.51220868992047, 22.976779006046822], [72.51201732520076, 22.976228909065377], [72.5119995856985, 22.976177914799447], [72.51180005304838, 22.97599073984329], [72.51095963116066, 22.976101958677138], [72.51042514432554, 22.97617268904931], [72.50921499065755, 22.97634169639876], [72.50775246746305, 22.976554002101196], [72.50629026327039, 22.97676626735719], [72.50531424015954, 22.977075632566905], [72.50433885348694, 22.97738494998631], [72.50506816135358, 22.978020617533495], [72.50579705469323, 22.97865624043219], [72.50506703293415, 22.97952635244037], [72.50489788554582, 22.979824314910488], [72.50482936930726, 22.97994500908086], [72.50452045864031, 22.98048916757409], [72.50447839306028, 22.980349596400877], [72.50438443745466, 22.98003785992502], [72.50433934595777, 22.979888249447416], [72.50355272735911, 22.979828523108036], [72.50300310616389, 22.979986978307814]]]}, "properties": {"objectid": 19, "name": " ", "st_area(shape)": 31914379.02364898, "st_length(shape)": 42792.567420039704}}]}