{"type": "FeatureCollection", "features": [{"type": "Feature", "id": 1, "geometry": {"type": "Polygon", "coordinates": [[[72.67552499349193, 23.104087950696147], [72.67555409290107, 23.104158930837066], [72.67545040710613, 23.104188175505595], [72.67508476840365, 23.10425882605331], [72.67501121799053, 23.10427303758211], [72.67497557183746, 23.1042799252415], [72.67488599032346, 23.104297234536002], [72.67435459465395, 23.104399911477888], [72.67388413593392, 23.10490327198188], [72.67386525489935, 23.10492347391247], [72.67370636582568, 23.104981482255535], [72.67361022891079, 23.10501658066268], [72.6728477242306, 23.105294960307646], [72.67274309246162, 23.10532182015399], [72.67205754434735, 23.10549780092999], [72.67179879153132, 23.105562973424572], [72.6707465999881, 23.105742090769397], [72.66944681031002, 23.106078169590315], [72.66770757849535, 23.106312077795067], [72.66708173801005, 23.1064652571167], [72.6669646345507, 23.10549654334675], [72.66679654119939, 23.10447967146661], [72.66622320521107, 23.10427332169519], [72.66591854964906, 23.103501976974925], [72.66589990742865, 23.103503742413814], [72.6649756572931, 23.103429013504204], [72.664994975559, 23.102920229963438], [72.66491140006858, 23.102314228291117], [72.66465458574517, 23.102335369819123], [72.66445632068154, 23.101950124525402], [72.66439010479763, 23.10171816660275], [72.6643625647662, 23.101613158405133], [72.66426480803582, 23.101230600688638], [72.66426846153868, 23.101081022110616], [72.66418562211788, 23.100976600881292], [72.66420164196148, 23.100965846339033], [72.66408721577149, 23.100863363415872], [72.66409718007334, 23.100720712555454], [72.66382412118556, 23.09980031553249], [72.66393653189489, 23.099795235925498], [72.66375844629042, 23.09953262770592], [72.66369078338197, 23.099270030261117], [72.66359740226079, 23.098466917820975], [72.6635252350174, 23.09834831775896], [72.66292270784761, 23.098466534499362], [72.66274232142999, 23.097670334265985], [72.66220761398573, 23.097877664508836], [72.66133674473039, 23.098004341779827], [72.66171705414705, 23.097043192898393], [72.66139235262962, 23.096725692917158], [72.66142114948806, 23.09632977735737], [72.66127244624296, 23.09636434580622], [72.66114691581797, 23.09639317715698], [72.6611181372345, 23.096396268847485], [72.66105165602602, 23.09628493216626], [72.66099853951687, 23.096268340260234], [72.66095907744663, 23.096249244116397], [72.66062816701663, 23.096154603957856], [72.66037263247084, 23.095980767745484], [72.66042379352457, 23.095986404161188], [72.66036660020515, 23.095944219270308], [72.66029592872232, 23.095938248414587], [72.66014514560766, 23.095883793296526], [72.66016204114693, 23.095093449549992], [72.65961230222405, 23.09471686829792], [72.65951946744032, 23.0946779734311], [72.65941379491395, 23.094607197713856], [72.65924914715065, 23.09454801043277], [72.65918401594507, 23.094524345008082], [72.65901856926186, 23.09455365518658], [72.65890676695311, 23.094511341342344], [72.65885219154879, 23.09449277616156], [72.6586433749289, 23.09441738483261], [72.6585118285074, 23.09436330669968], [72.6583792053036, 23.09431015682322], [72.6582077101876, 23.09423517609617], [72.65795457081393, 23.09414804239525], [72.65786441769043, 23.09410144121732], [72.65757738921151, 23.09403679848557], [72.65741753391517, 23.094001456869336], [72.65731014580224, 23.093976011440315], [72.65700980654944, 23.09419979048527], [72.6563419025698, 23.094656553584425], [72.65629325808169, 23.09469051066486], [72.65629198373935, 23.094691399962556], [72.6557818098164, 23.095047535941344], [72.6550391841077, 23.095578218731188], [72.6543034215397, 23.096172080493975], [72.65395875551157, 23.09675581992743], [72.65375920760555, 23.09707986462014], [72.65321349188758, 23.097582887186235], [72.65302633317623, 23.09836644343722], [72.65282415341355, 23.099622583029834], [72.65264049655684, 23.099729351110508], [72.65302240435442, 23.100435042429616], [72.65298868856533, 23.1006934645159], [72.65293061090047, 23.101090563378445], [72.65184021405688, 23.10134974078232], [72.65179171011673, 23.10136126992704], [72.65152561553964, 23.101424516686095], [72.65065280549936, 23.101631967863053], [72.65020553158479, 23.100678923676732], [72.64975826444118, 23.099725878649995], [72.64931100211669, 23.09877283275395], [72.64886374657793, 23.097819785115263], [72.64830256781708, 23.097079917656473], [72.6477413959887, 23.09634004865759], [72.64718022915689, 23.095600177187205], [72.64661906924114, 23.09486030507975], [72.64605791432135, 23.094120430501206], [72.645496766317, 23.09338055528602], [72.64493562330794, 23.092640677600208], [72.64452339749118, 23.09253185066189], [72.64448669167349, 23.09186903873574], [72.64421296775421, 23.09157318909563], [72.6445468047557, 23.09126464584614], [72.64475799076756, 23.091434373658636], [72.64523752641966, 23.091006695288925], [72.6448959647416, 23.090761408154172], [72.64502073221078, 23.09035149534697], [72.64567590082017, 23.090304170343884], [72.64582272887903, 23.0901762864752], [72.64608575846599, 23.08994719253496], [72.64564684175828, 23.090017884194438], [72.6450333968577, 23.090116683899687], [72.64486545856148, 23.089666869121892], [72.64491905962511, 23.089519871127], [72.64394109835621, 23.089724920920485], [72.64393857405246, 23.089778172037878], [72.64347919253531, 23.08971147699385], [72.6433518499854, 23.090058455286822], [72.64334961440883, 23.090064545610844], [72.64317143695568, 23.09020617801859], [72.6431044425303, 23.090296877862816], [72.64284813171831, 23.090216241514742], [72.6425146088952, 23.090552700422855], [72.64244165614396, 23.090626294938424], [72.64226098476256, 23.090590412647842], [72.64206989617449, 23.090552461487135], [72.64143275038853, 23.090425918339207], [72.64042384724728, 23.090225535512932], [72.63941494867171, 23.090025146488955], [72.63840605271092, 23.089824751238307], [72.63739716131643, 23.089624349790355], [72.63623946607, 23.089456061468223], [72.63508177451195, 23.08928776488242], [72.63504375582211, 23.089381831935288], [72.63447675802996, 23.089324197511875], [72.63372063318019, 23.089054948370972], [72.63198539998614, 23.088820943729903], [72.63048334499527, 23.088626655774053], [72.62937835288761, 23.088613609289563], [72.62911826414823, 23.08854047177097], [72.62792226103048, 23.088568988546548], [72.62672625830258, 23.088597495306647], [72.62651085779916, 23.088632785766702], [72.62607125063829, 23.088502672191083], [72.62555916215015, 23.088587858654414], [72.62570239284048, 23.08800015479736], [72.62556474852114, 23.087870059895423], [72.62548668504795, 23.087783208582334], [72.62550725190272, 23.087870974346504], [72.62547520963406, 23.088095255497844], [72.62549229654933, 23.088425031433975], [72.62498757292992, 23.088482457591923], [72.6245838322593, 23.088514380413542], [72.62456573045162, 23.088518154301426], [72.6245478921217, 23.08852187256816], [72.6244910323629, 23.08853372543104], [72.62436158120983, 23.088560711593917], [72.6239424753413, 23.088648080343138], [72.62325721734547, 23.088588867655197], [72.62307799789826, 23.0884860373356], [72.62300638191911, 23.08881087422609], [72.62183656936314, 23.08881561002985], [72.6213840306895, 23.088820046748772], [72.62100463821841, 23.088866254570394], [72.62041598149258, 23.08882699368355], [72.62025146836058, 23.088820700818385], [72.61881660131301, 23.088936090962076], [72.61730874127049, 23.08884897874931], [72.61631928837078, 23.088797432279332], [72.61615072068153, 23.08921287436227], [72.61614399340634, 23.089229454500355], [72.61604192222089, 23.089481009838327], [72.61538269988199, 23.089453849407388], [72.61506818425141, 23.08930048090836], [72.61506649401653, 23.089299656399362], [72.61492312458805, 23.08922974463112], [72.61398053407132, 23.089319720193746], [72.6133147800071, 23.088985434911407], [72.61273896907734, 23.088999969814417], [72.61266126305102, 23.088844488133965], [72.61181498603682, 23.088804186377754], [72.61182260883659, 23.089032509276674], [72.61066225270943, 23.088940023363374], [72.61067567924059, 23.088855885541015], [72.6101367872126, 23.088836050038132], [72.60960096378619, 23.089147794915192], [72.60937097526289, 23.089281602750837], [72.60886520490958, 23.089222680010327], [72.60793657653873, 23.08911448860187], [72.60650218262298, 23.08894736169913], [72.60661391223582, 23.08850108134385], [72.60569480452362, 23.088052823308942], [72.6054964406947, 23.088358750661758], [72.60441349405345, 23.087883048669617], [72.60478802363613, 23.087156564496638], [72.60304187093169, 23.08699105383066], [72.6025743935126, 23.086367785347008], [72.60256964447726, 23.085831610497753], [72.60276953112195, 23.085789366274607], [72.60236048914966, 23.084956185798752], [72.60278217290451, 23.084203205452337], [72.60278749470378, 23.084193701412513], [72.60285787713697, 23.0840455156622], [72.6031126850548, 23.08295664047948], [72.60315122620078, 23.082050725549575], [72.603189765259, 23.08114481045735], [72.60322830418049, 23.080238895232405], [72.60326684103029, 23.079332978942578], [72.60331801097992, 23.078186372367835], [72.60336917814804, 23.077039764634485], [72.60342034446971, 23.07589315667472], [72.60312208903792, 23.074794638390177], [72.6025183152406, 23.07364615994073], [72.60224883009242, 23.072728663215557], [72.601979348055, 23.071811165338], [72.60170987008745, 23.070893667225484], [72.60110577762163, 23.070053700364188], [72.60057437935804, 23.069199532050334], [72.60004298745964, 23.06834536242777], [72.59951160192611, 23.067491191496718], [72.5989802227409, 23.066637020159963], [72.59844884993569, 23.065782846612635], [72.59769852465233, 23.065024271586896], [72.59694820772582, 23.064265693636806], [72.59706703480492, 23.06397713011707], [72.59717728725641, 23.063842780374546], [72.59758165904616, 23.06321032169039], [72.59765940487559, 23.06321648290923], [72.59779204759127, 23.062971686250787], [72.59795158332764, 23.062696780671917], [72.59810272955387, 23.06222547399096], [72.59830560342444, 23.061845717589218], [72.59856518353727, 23.06127944729417], [72.59869137436687, 23.060995582828742], [72.59881371783479, 23.060645538012007], [72.59886880249529, 23.060491972944526], [72.59911749007195, 23.05986975090564], [72.59911798998148, 23.059818111102807], [72.59911931833753, 23.059680817761894], [72.59924128920728, 23.05966503087324], [72.5994855653085, 23.05963341403965], [72.5999191619201, 23.059675695125044], [72.59993818706644, 23.059546159162956], [72.60060947951787, 23.059600190455782], [72.6019130726009, 23.059530355509555], [72.60237557450372, 23.059454469615392], [72.60350877592094, 23.05934315955033], [72.60464197626096, 23.059231841191448], [72.60485072092419, 23.059405489195786], [72.6048833931804, 23.059432668197434], [72.6048969920459, 23.059443980446346], [72.60500425728189, 23.059423927929416], [72.6052232943571, 23.059382979165704], [72.60584461697466, 23.05926682269384], [72.60587708339486, 23.059334529938027], [72.60593661840531, 23.059458687909512], [72.60718815429215, 23.059249992890347], [72.60734210039342, 23.05922432171171], [72.60843968824602, 23.05904128673079], [72.60874278894609, 23.0589907403775], [72.6088598108678, 23.058971224653927], [72.6096912182837, 23.05883257120667], [72.61055315529599, 23.0580942526065], [72.61141508198253, 23.057355928433186], [72.61227699931901, 23.056617598701965], [72.61302174902218, 23.055979625445683], [72.61312704924397, 23.055889421245176], [72.61313890730581, 23.05587926341333], [72.61314038870734, 23.05588261167476], [72.61331327672954, 23.055728160998626], [72.61381790558097, 23.05536930419398], [72.61399360102216, 23.055690968761116], [72.61454360457188, 23.056729306413178], [72.61511009887008, 23.057790116468624], [72.61567660048607, 23.058850924187567], [72.61639721869898, 23.060173012646835], [72.61740453501206, 23.05998289604334], [72.61867138756537, 23.059858281698563], [72.61889148894318, 23.059836630572256], [72.61911035748079, 23.05977959], [72.61959100494505, 23.05963979015361], [72.61982742195606, 23.05957102564562], [72.62091903701044, 23.059199408617484], [72.62184180216028, 23.058829248703386], [72.62291619038072, 23.058361317427718], [72.6237676536041, 23.057958670722527], [72.625154932927, 23.057377573950404], [72.62538127101497, 23.05728276505198], [72.62614950193031, 23.05698272668618], [72.6266703934358, 23.056828948342883], [72.62673752060526, 23.056809130900024], [72.62714170134558, 23.056689806339143], [72.62742360431055, 23.056571492956575], [72.62752673783675, 23.05652820862344], [72.62750998238627, 23.056512316063166], [72.62698671925789, 23.056015990549668], [72.62581873125993, 23.05497444544618], [72.62489748385723, 23.054167610218897], [72.62397624752082, 23.053360769554263], [72.62319730519799, 23.05264502869829], [72.62241837211869, 23.051929283739877], [72.62163944630022, 23.051213536455258], [72.62086447952049, 23.05053548116752], [72.6200895215276, 23.049857422686536], [72.61931457037065, 23.049179360983295], [72.61901390028106, 23.048931433582602], [72.61953421892566, 23.048574797828707], [72.61989834049746, 23.048108252601622], [72.62027453507275, 23.04661795559529], [72.61906923981118, 23.04576046997028], [72.61822975245968, 23.045169032453874], [72.61739027263324, 23.044577591048256], [72.61597327070217, 23.043507234374776], [72.61478781654365, 23.04254735398936], [72.61350838921494, 23.041691923952733], [72.61202442069502, 23.040647541679043], [72.6114616881973, 23.040268735851022], [72.61138310059478, 23.040212759827515], [72.61065373756917, 23.03969325052433], [72.6095506406287, 23.03890685508217], [72.60921434446652, 23.0386459098227], [72.60823526275563, 23.037607880591437], [72.60743352442017, 23.036656109381898], [72.60660138708418, 23.035773743367812], [72.60576926144154, 23.03489137380748], [72.60505643805568, 23.034096231306282], [72.6042266927927, 23.033214863216912], [72.6039731119716, 23.033074668230142], [72.60374110682048, 23.033023870814173], [72.60294054814467, 23.03309472779858], [72.60221709118653, 23.033149463235095], [72.60221510926667, 23.033137166994983], [72.60196443320143, 23.0315822360783], [72.60183357818211, 23.030303343110695], [72.60182342452961, 23.02926957202117], [72.60181326928061, 23.028235800806172], [72.60185380827005, 23.027288258874655], [72.60189224546194, 23.02638979845657], [72.60189434504953, 23.026340717669274], [72.60189191427621, 23.025249842662262], [72.60188948170232, 23.024158967506697], [72.60208770714323, 23.022543531459185], [72.60246763566808, 23.021123379282983], [72.60272393933381, 23.02059336633208], [72.6027757238178, 23.020486279413333], [72.60323947634679, 23.020474439802275], [72.60384519312124, 23.0204821243149], [72.60508426386056, 23.02044139909764], [72.60543000537969, 23.020395459118213], [72.60581567916073, 23.020372808061712], [72.60709856300213, 23.02041432252603], [72.60747229202389, 23.0204631629993], [72.60768809508566, 23.020566953465675], [72.60796238564976, 23.020690146133706], [72.60919430163119, 23.020930635894263], [72.61039775843562, 23.02115452011633], [72.61175752166078, 23.021462843662928], [72.61245860052735, 23.021621807115384], [72.6131172921557, 23.02177115601946], [72.61319112455607, 23.02153000151371], [72.61327475503334, 23.0212232126464], [72.61335302776469, 23.02103576997027], [72.61382098807779, 23.019856283253723], [72.6139775577853, 23.019937129288877], [72.6142479697763, 23.01968558379341], [72.61433593287978, 23.019598612420147], [72.61472353562746, 23.019058811943196], [72.61470272386147, 23.018559390341835], [72.6146692260597, 23.018232172591954], [72.61461959991635, 23.017939677837703], [72.61456243388757, 23.0175408148613], [72.61453523240338, 23.017363225670884], [72.61451205332662, 23.01721189896358], [72.61542252862668, 23.017143266728002], [72.615587444429, 23.01713083444845], [72.61652693719941, 23.017103782550542], [72.61717218843708, 23.017085200154693], [72.61728316438348, 23.017035078054047], [72.61730702433034, 23.016940538083286], [72.61714691772747, 23.01567972721981], [72.61716342426662, 23.015424286553], [72.61717651992753, 23.015156090346142], [72.61835863961052, 23.01461488437137], [72.61954075147477, 23.014073668746722], [72.61960097743123, 23.01400671325884], [72.61959878267878, 23.01390974227864], [72.61928739080165, 23.01328799307757], [72.61927710436706, 23.01320045737945], [72.61926727012084, 23.01311677440447], [72.61935478499254, 23.01295113300875], [72.6204423507593, 23.012943513351637], [72.62152991715016, 23.01293588529999], [72.62261748413297, 23.012928250658955], [72.62370505173894, 23.012920607623414], [72.62373739098065, 23.01291774027291], [72.62391636790845, 23.012901871753748], [72.62510248198876, 23.0123907776332], [72.62582529973169, 23.012079310684708], [72.62628858779857, 23.01187967383626], [72.62661377716732, 23.01177298059314], [72.62740959232141, 23.01172387886248], [72.62778460103777, 23.011704041151567], [72.62818758718876, 23.011700514816845], [72.62918463134501, 23.011642281869246], [72.63018167622856, 23.01158404257665], [72.63102791653272, 23.011534607766404], [72.63117871987319, 23.011525797812457], [72.63148148508678, 23.011485513666127], [72.63167080649889, 23.011393547388966], [72.63186779052535, 23.011233783001266], [72.63211937933369, 23.010886071680364], [72.63300940611083, 23.00947551118388], [72.63303139011875, 23.009448555426918], [72.633113258798, 23.009348170107522], [72.63314795934204, 23.00930562258859], [72.63324049160994, 23.00927781787784], [72.63501545142299, 23.008744459915512], [72.63512486439251, 23.008699848693595], [72.63520128546915, 23.008668689149964], [72.63521895646046, 23.008790831991877], [72.63538458936452, 23.009935692170835], [72.63555022412987, 23.011080553160436], [72.63571585981317, 23.012225413140875], [72.63577366066733, 23.012375925826323], [72.63590099319677, 23.0124259838904], [72.63730185164837, 23.01253362744721], [72.6373696551171, 23.0125388369691], [72.6374374129168, 23.012584449983258], [72.63824075345867, 23.01312524229253], [72.63846905118905, 23.01328307653512], [72.63905798875889, 23.01369023756254], [72.63921528066572, 23.013879360755954], [72.6393676982041, 23.014191394210084], [72.6395370420866, 23.014228925106934], [72.64120015370143, 23.014597502322374], [72.64154013645863, 23.014639693755818], [72.64177027574117, 23.014636581270384], [72.64200832671085, 23.01463336065075], [72.64273065983458, 23.01459076216032], [72.64276035925164, 23.014167285346026], [72.64297542455941, 23.013474723199337], [72.64326004242938, 23.01270480735485], [72.64319929969447, 23.011357791602716], [72.64340840501008, 23.01012404512496], [72.64359795494175, 23.009155291077], [72.64362199973196, 23.008640284708505], [72.6436100627419, 23.00783979052708], [72.64343857902892, 23.006939433568036], [72.64326709703394, 23.006039076518363], [72.6432167092521, 23.005774520695436], [72.6431926335034, 23.005648110088718], [72.64309561674108, 23.00513872028065], [72.64308638129917, 23.00491842085177], [72.64313122862288, 23.00476094255765], [72.6431429099122, 23.00471992308925], [72.64340722890152, 23.004493758591803], [72.6435713902602, 23.00439933201816], [72.64425071563717, 23.00424826346709], [72.64427185855652, 23.004243562123648], [72.64505003022111, 23.004070508799746], [72.6453141604415, 23.003652942067955], [72.64601327117632, 23.002869342411046], [72.64631998819279, 23.001219806389965], [72.64638401143108, 23.000287994934272], [72.64644803317249, 22.999356183279495], [72.64651205341711, 22.998424371425607], [72.64650416160293, 22.99794009680059], [72.64649988403981, 22.997677609229232], [72.64642282744526, 22.997494197708978], [72.64515573473275, 22.996252821959033], [72.64399800401782, 22.995468737971834], [72.64317496773164, 22.994982337990304], [72.64201348164262, 22.99486171623854], [72.64032155666736, 22.994870494548376], [72.6398381617079, 22.994539465491485], [72.63957552182983, 22.993930583278036], [72.63966385943851, 22.992731142950507], [72.64012780762953, 22.991742546084815], [72.64119934475822, 22.990921288624588], [72.64147629095973, 22.990408518622136], [72.64162938791058, 22.989467563023922], [72.64156823713765, 22.98932748950207], [72.64113255854225, 22.989492691573343], [72.64089224639254, 22.989243271177656], [72.64098908395844, 22.98867309211814], [72.64095638907048, 22.988560580770276], [72.64091012166016, 22.988531272471196], [72.64172448558101, 22.98802995490986], [72.6415226582615, 22.987206811731173], [72.64084481935735, 22.986391768365372], [72.6401106672606, 22.985048831894176], [72.63971608097019, 22.98417041502846], [72.6393214993492, 22.983291996612227], [72.63892692334069, 22.982413578465316], [72.6377202933029, 22.9818313591668], [72.63651367428773, 22.98124913058912], [72.63653657545272, 22.98115861267661], [72.63565132420517, 22.981252785647964], [72.63550658757248, 22.981272230361284], [72.63416107807734, 22.98145885542231], [72.63281556596823, 22.9816454687315], [72.63273560416407, 22.981424594555616], [72.63263720302395, 22.98111949001814], [72.63154666375294, 22.981410034191214], [72.63045611950747, 22.981700570435518], [72.6293655722375, 22.98199109877991], [72.62827502096857, 22.98228161920951], [72.6272024830108, 22.98243615304859], [72.62612994231088, 22.98259068029974], [72.62505740085041, 22.98274519918687], [72.62398485664856, 22.98289971148574], [72.62347648991518, 22.982901456898812], [72.6233797195613, 22.982901788890537], [72.6232214468875, 22.982791623887028], [72.62284524400074, 22.982529768417937], [72.62228661696331, 22.982261102253894], [72.62126383189728, 22.981862113811818], [72.62024105435346, 22.98146311926034], [72.62012498884863, 22.981318396120074], [72.62007749686876, 22.98125917743589], [72.62013231193556, 22.981136496830004], [72.62052381463157, 22.980260268684027], [72.62091531181213, 22.97938403905713], [72.62130680349338, 22.97850780704689], [72.62169829061888, 22.977631574473207], [72.62208977125516, 22.97675534040435], [72.62248124639319, 22.975879103952526], [72.62287271697649, 22.97500286693762], [72.62326418107169, 22.97412662842794], [72.62365563965389, 22.973250388438235], [72.62404709273923, 22.972374146066052], [72.62444673383385, 22.97143162107271], [72.62382208525845, 22.97129986928224], [72.62382054369091, 22.97129970803631], [72.62274230849987, 22.971186893041036], [72.62166253327482, 22.97107390956989], [72.62063686877306, 22.970953721696485], [72.61963632209178, 22.971031878327565], [72.61863577485718, 22.971110029440382], [72.61763522611069, 22.971188174117625], [72.61622674193443, 22.971245739376723], [72.61533738778179, 22.971506395553575], [72.61510156838047, 22.971663004993417], [72.61422578670344, 22.972244612758672], [72.61335849240338, 22.972971260297047], [72.61268746462157, 22.973670404684313], [72.61201642887735, 22.97436954557428], [72.6113453871199, 22.975068682996007], [72.61132249991361, 22.974788555379234], [72.61129818692815, 22.974490982257358], [72.61122506988416, 22.97359188190386], [72.61115195322715, 22.972692781505177], [72.61073144061805, 22.97182083647341], [72.610310932971, 22.97094889069234], [72.60980137261895, 22.970067932506343], [72.60929181750521, 22.96918697313378], [72.60878226860409, 22.96830601258962], [72.60840596428308, 22.96757645657554], [72.60827525723572, 22.967399274486777], [72.60808052901977, 22.966720163776838], [72.60791521832697, 22.966055631126935], [72.60782278821222, 22.965499022836827], [72.60757335026265, 22.964354662597454], [72.60750545047478, 22.96408708581822], [72.60730977903954, 22.963843013810077], [72.60715830022112, 22.96367943592785], [72.60680843306291, 22.963301621548442], [72.6068243996054, 22.963190099951515], [72.60632332808694, 22.962537593404225], [72.6058127292517, 22.96156568380193], [72.60508872623222, 22.960100805165293], [72.60482029766897, 22.959453111450888], [72.60448705094672, 22.958779461161065], [72.60399749260579, 22.958325973651213], [72.60406968152176, 22.957768532592315], [72.60387334482597, 22.95743879708306], [72.60384196859792, 22.957100482905094], [72.60354570368601, 22.956919177586634], [72.60338259137846, 22.95662786669613], [72.60306480581997, 22.95649157185983], [72.60262971425882, 22.955704711007666], [72.60245532380479, 22.955634773119055], [72.60244694985464, 22.955531768380155], [72.60241203450244, 22.955409671677835], [72.60220085832486, 22.955284543643334], [72.60172851971384, 22.955038505977285], [72.60151115783376, 22.95495280791651], [72.60147973620397, 22.95465995501734], [72.60122622049805, 22.9544684328873], [72.60049591835521, 22.954140822148172], [72.6003586995484, 22.954104466248182], [72.60042653726252, 22.95375272398646], [72.6000331587587, 22.95360494351424], [72.59987291330143, 22.953618589356733], [72.59973982029395, 22.953629922361518], [72.59969862855587, 22.95359487068268], [72.59935145149385, 22.95329944353052], [72.59917182899893, 22.953318847626868], [72.59909727253842, 22.95332690188177], [72.59906246689826, 22.953277794550125], [72.59881251532445, 22.952925135287565], [72.59842967959047, 22.952692167818068], [72.598333638718, 22.95262880488216], [72.597934869622, 22.9524981704401], [72.59762141232834, 22.95207179402353], [72.59734597820251, 22.95194669313933], [72.59724078464674, 22.951938888778564], [72.59675300320588, 22.9519026990011], [72.59666141395037, 22.95212213226194], [72.59653547303022, 22.952310559202804], [72.59619414891861, 22.95265593230895], [72.59612743459427, 22.952988614888387], [72.59564712639224, 22.953342089016964], [72.59548249630045, 22.953235167247218], [72.59535610438108, 22.95315307968915], [72.5951543261931, 22.953006364252307], [72.595101114571, 22.953050770821534], [72.59475863643, 22.95333657923537], [72.59431031155958, 22.95327496622197], [72.59433608674468, 22.953683593664113], [72.59328587389592, 22.953654205530793], [72.59295185022349, 22.953631190043364], [72.59282551516849, 22.95362724614799], [72.59257677959616, 22.953615118705383], [72.59231500934385, 22.95351562030383], [72.59190210266286, 22.953467004085503], [72.59122957461554, 22.953370696197055], [72.59045495217045, 22.953216841116344], [72.59028962794771, 22.953107764976497], [72.58960762470264, 22.952657795423214], [72.58929450912439, 22.952456070618503], [72.58867138244534, 22.95205461747337], [72.58773514779413, 22.95145143554382], [72.58587019905907, 22.95101461794512], [72.5849149871388, 22.950800216263296], [72.5839597787722, 22.950585809073583], [72.58263132684266, 22.95033162096019], [72.58171991511618, 22.950124296235217], [72.58136444995458, 22.950136814876238], [72.58130930742702, 22.95017973003255], [72.58090512395437, 22.951164691901642], [72.58043728715138, 22.95111216428398], [72.58000862403208, 22.951104290038494], [72.58003774549393, 22.950910279828516], [72.58005014408613, 22.95082767907216], [72.57998830249828, 22.949460516783716], [72.5799197589925, 22.94927494034046], [72.57978728187123, 22.948547518194175], [72.57967316650073, 22.947804246152426], [72.57943330032903, 22.947056924113813], [72.57939912150793, 22.946668369656535], [72.57951938059676, 22.946274290184967], [72.57941916504964, 22.946222157627066], [72.57946928227557, 22.945891102648062], [72.57905968810728, 22.944505534414482], [72.57896281024387, 22.94450879971153], [72.57878137141016, 22.944514914199], [72.57833008981974, 22.944484400880057], [72.57811023525542, 22.94431918507327], [72.57811666680104, 22.94426793735495], [72.57811711884759, 22.944264337629395], [72.57812220147666, 22.94420568813626], [72.57813096921629, 22.94410452315589], [72.57810853013727, 22.943860802131287], [72.57809370747931, 22.943768831093905], [72.57804247155771, 22.943509848385716], [72.57803879963346, 22.943455531284062], [72.57800208967397, 22.94331427787215], [72.57802357727114, 22.94321332338185], [72.57812723614751, 22.943181556473604], [72.57816594907061, 22.94298448357487], [72.57818670866178, 22.942983497843922], [72.5782553926179, 22.942971615091402], [72.57840936264802, 22.94296882732938], [72.57872852184191, 22.94296760342848], [72.57905959873791, 22.94295267594334], [72.57907100094887, 22.942952162062323], [72.57914370443683, 22.94294161319965], [72.57925229607065, 22.942927328335806], [72.57959948376092, 22.942953990513484], [72.5800233790181, 22.942895327265852], [72.58046543130149, 22.942851388946213], [72.58060297181035, 22.942827707986364], [72.58069423188141, 22.942780756713113], [72.58079926918079, 22.942741482476233], [72.58115300942067, 22.94253891427473], [72.58147084273759, 22.942318389236835], [72.58159906147051, 22.942293033187244], [72.58141719446098, 22.94182589241681], [72.58122782411128, 22.941363017405305], [72.58130195407934, 22.941159546413505], [72.58124159650743, 22.941115889870307], [72.58111621568685, 22.941106687855513], [72.58088400288673, 22.94108964435709], [72.58076665118661, 22.94108389580872], [72.58057817247742, 22.9408539610074], [72.58067582360937, 22.940822467147246], [72.5808304532726, 22.940935240968543], [72.58092829346323, 22.940939167082597], [72.58095606571403, 22.940906184800472], [72.581033264811, 22.94090757338949], [72.58115676358302, 22.940932270184817], [72.58119509591492, 22.940939936198728], [72.58131875437145, 22.941049473851436], [72.5813851852769, 22.94108300612776], [72.58146726608847, 22.94101211865845], [72.5815505651289, 22.940886289815158], [72.58158057464857, 22.940863706427653], [72.58170264937347, 22.94083345278235], [72.58182430690498, 22.94082129537705], [72.58218697629381, 22.940706973490002], [72.5823841684498, 22.940657332190895], [72.58242083773152, 22.940654966960683], [72.58248846944208, 22.94066596363322], [72.58261738418224, 22.940785403678234], [72.58268218452217, 22.940799406740467], [72.58271300674369, 22.940588856068747], [72.58283007826827, 22.940569924776867], [72.58305813377545, 22.940569988290257], [72.58328066316147, 22.94062741621666], [72.58331495925488, 22.940519937273496], [72.58341330338354, 22.940453060204522], [72.58352514304485, 22.94043002404365], [72.5836365217163, 22.940427784637837], [72.58370372128918, 22.940413881617513], [72.5836229429152, 22.9400275747389], [72.58360995223127, 22.939933893988673], [72.58362015475994, 22.939629984791754], [72.58361776412067, 22.93956294249998], [72.58352354536731, 22.93956360076615], [72.5830105217318, 22.939567185847757], [72.58304468821164, 22.939259398802037], [72.58306274200375, 22.93909676391189], [72.58328796073185, 22.939091821069137], [72.58332521442964, 22.938919152541356], [72.58336700622385, 22.938922728710132], [72.58342521626685, 22.938472847738087], [72.58341136500397, 22.93827653207588], [72.58341477444816, 22.938135701137533], [72.58341630494971, 22.937983707480253], [72.58344232063577, 22.93788611150169], [72.58344467866546, 22.93787726578786], [72.58338486822998, 22.937840321642128], [72.58335005136446, 22.937812573063198], [72.58333545374671, 22.937800939430957], [72.58328318058095, 22.93771791347815], [72.58323947118575, 22.93761865674115], [72.58322302176049, 22.93759098844625], [72.58317398509044, 22.937536213083998], [72.58306691027926, 22.937525501498204], [72.58303021797173, 22.937385424611367], [72.58305890001095, 22.9372535624569], [72.58307553497748, 22.937225996471824], [72.58307904302465, 22.937192682852746], [72.58310455205711, 22.93695040552687], [72.58309504278901, 22.936746890357526], [72.5831380124073, 22.93670551297025], [72.58314534908052, 22.93647719573544], [72.58413153981319, 22.93614306789356], [72.58405677564731, 22.93579837472664], [72.58403335653634, 22.935690403807296], [72.58391658379149, 22.935596119362962], [72.58372130383924, 22.93553043389248], [72.58361542952275, 22.935485679741525], [72.58338746907151, 22.935349710527817], [72.58334659217567, 22.935350607251085], [72.58332391208371, 22.93527696794651], [72.58313759285662, 22.93520066789541], [72.58304982690437, 22.935208402049227], [72.58311852047366, 22.93503947329316], [72.58315259261951, 22.93486146134599], [72.58317373492899, 22.93483929314892], [72.5832375353231, 22.934772393388407], [72.58308885934629, 22.934695091387855], [72.58286902702787, 22.93458079223023], [72.5829263576811, 22.93421804222457], [72.58306532912788, 22.93333871874014], [72.58301512497428, 22.933333138461553], [72.58295957441715, 22.933326964837093], [72.58297771989933, 22.93318043966822], [72.58298744011674, 22.932934560609052], [72.58299154318803, 22.9329051073331], [72.58299757420116, 22.93286182200519], [72.5836023717832, 22.932916791231563], [72.58387801916939, 22.932933301366408], [72.58416643345831, 22.93295452207799], [72.58474970252601, 22.932993268269207], [72.58476177413714, 22.932941470301213], [72.58478903527173, 22.93266363915331], [72.58476863803227, 22.93264302852418], [72.58478272221278, 22.932565804319175], [72.58480101416433, 22.932465506562487], [72.58482013021664, 22.932368310692198], [72.58480987987367, 22.932285224383946], [72.58482644917554, 22.93220927842999], [72.58483627273615, 22.932164253261107], [72.58485931114544, 22.93204325454113], [72.5848749029981, 22.931961362368032], [72.58487720362575, 22.931923876535237], [72.58488156740994, 22.93189535972679], [72.58491363358239, 22.931685786652235], [72.58491402117419, 22.93168185006808], [72.58492751645429, 22.931544742029015], [72.58495459947304, 22.931469072533485], [72.58498278288835, 22.93139032591789], [72.58509317957315, 22.93094217657287], [72.58555374031323, 22.930995612378336], [72.58566110559221, 22.930960002381937], [72.58602408309821, 22.93100680155056], [72.58598684498608, 22.93139127787202], [72.58631548328634, 22.931431554965073], [72.58660971756693, 22.931487925765037], [72.58666840453233, 22.93151244263436], [72.58699001989072, 22.931604731468155], [72.58702546945803, 22.931609947039505], [72.58716349597333, 22.931556341146504], [72.58718122143665, 22.93166962929788], [72.58749479313312, 22.931668610537447], [72.58775544110634, 22.931725017493108], [72.58797986158721, 22.93176868833734], [72.58803865851233, 22.931461211169367], [72.58846334160935, 22.931534344738388], [72.58891108311336, 22.931606728896963], [72.58881693483917, 22.931962746864937], [72.58902674713185, 22.932002915337986], [72.5897370853985, 22.93210911107714], [72.58990714543005, 22.932131716487127], [72.59007847549165, 22.93215449087209], [72.59011445141304, 22.932173431693908], [72.59072820615707, 22.932255406629295], [72.590838306771, 22.932233267287973], [72.5913597914867, 22.932276761955524], [72.5916184361631, 22.932298334171282], [72.59166114360902, 22.932347574362282], [72.5916593005371, 22.93245460770932], [72.5916552476299, 22.932689952177054], [72.5921799149433, 22.932749374529134], [72.59297508515033, 22.932779221360136], [72.59289613584082, 22.932482614202346], [72.59290144170113, 22.932407787204834], [72.592919776029, 22.93214921275599], [72.59290391598434, 22.932149256524127], [72.59281431610967, 22.93213421082871], [72.59264253485604, 22.932101472911043], [72.59237601531241, 22.931920003803025], [72.59227591244883, 22.931681394999192], [72.59222375550245, 22.931603545595973], [72.59216591198103, 22.931527971590945], [72.59218439240213, 22.931199594622868], [72.59221256909447, 22.931043350532054], [72.59217965357963, 22.931042211864884], [72.59224180150156, 22.930705189706924], [72.5923093666369, 22.929975388247573], [72.5922288280846, 22.929399386400412], [72.59212023530357, 22.929046609683486], [72.59209245455607, 22.928245768625615], [72.59199829317701, 22.92766107191723], [72.5919701959923, 22.92746641131283], [72.59180875617237, 22.926671353822776], [72.59168167100226, 22.925992912336163], [72.59162164830272, 22.92568763089499], [72.5915499043158, 22.925371847209576], [72.59142691501931, 22.924704728305333], [72.591354267961, 22.924292317497038], [72.59135467969159, 22.92410968949158], [72.59135663889286, 22.92324055729167], [72.59135735278761, 22.922924017937298], [72.59219484179852, 22.92292141138177], [72.59217858814036, 22.92258062903208], [72.59246061529899, 22.922553755500147], [72.59276961054174, 22.92254765481765], [72.59324732819343, 22.922494850215084], [72.59363581123496, 22.92239232220677], [72.59420513820137, 22.92240489186131], [72.59471981860892, 22.922400769226414], [72.59461352920937, 22.922316816265898], [72.5946653594096, 22.92225729863315], [72.59481280332325, 22.922228567165728], [72.59499506303348, 22.922240824604064], [72.59495168335056, 22.921781166167417], [72.59511300025623, 22.92175399066037], [72.59511945195135, 22.92175290394673], [72.59524160700917, 22.921732325699093], [72.59529635970605, 22.921935924061827], [72.59530150872102, 22.921955072729148], [72.59535876564415, 22.922167984342117], [72.59586103540518, 22.92216905779184], [72.59592137122033, 22.922169186268043], [72.59596486321755, 22.92216927897553], [72.59599063815732, 22.922169334438053], [72.5960270290386, 22.92228217087892], [72.59603472359892, 22.9223060291518], [72.59609086985732, 22.922480118879182], [72.59653905804178, 22.922594944098904], [72.59663658420989, 22.922576612671172], [72.59714634548126, 22.922976628504372], [72.59745236237431, 22.922940884486245], [72.5977337653777, 22.922962293524602], [72.59810883655166, 22.922962592129252], [72.59881014083889, 22.92297305206477], [72.59897762545368, 22.922986383312537], [72.59901011602678, 22.922988969315867], [72.59902057377721, 22.92298980190768], [72.59925251796815, 22.92300826265483], [72.59924787624882, 22.923056223974477], [72.5992681858016, 22.923516074927136], [72.59928783976726, 22.92396108930703], [72.599335191993, 22.923958362305388], [72.5994999213563, 22.923948874733878], [72.59954568656747, 22.924650047473946], [72.59962243159296, 22.92537850725836], [72.59965025368395, 22.92567127552809], [72.59955336297823, 22.926050286717388], [72.59972521274474, 22.92677690960907], [72.59979908922806, 22.927158613836134], [72.59944300734169, 22.927295953627397], [72.59951428723059, 22.927688625553824], [72.59952947144681, 22.927772271892948], [72.59953027057536, 22.92777564960897], [72.59958490334567, 22.92800652047143], [72.59973697959983, 22.92797436736424], [72.5998232670179, 22.927956124233656], [72.59988879360402, 22.927942269723985], [72.59995980353163, 22.928742832984046], [72.59944654871325, 22.92881275860475], [72.59959517018606, 22.929702849054987], [72.59954087980317, 22.929707583579113], [72.59964306603861, 22.93020079443756], [72.59964692126292, 22.930219403428858], [72.59967110140754, 22.93046057223892], [72.59977411751242, 22.93045158951691], [72.59979777932564, 22.930449526140553], [72.60000416558987, 22.931368947206995], [72.60009816974241, 22.93181272877282], [72.6001341493787, 22.931982582624194], [72.60018470458579, 22.93225920141868], [72.60018546463985, 22.932315549252685], [72.6001864046501, 22.932385241342143], [72.60024992006349, 22.93251251053445], [72.60061936726116, 22.932620717077768], [72.60111623207324, 22.932494658579238], [72.60170751682725, 22.932426993130136], [72.60209954708478, 22.932430686696247], [72.60236160785504, 22.932433154708864], [72.60355523226286, 22.933174025889492], [72.60366547026813, 22.933172283758257], [72.60503979435614, 22.93323916809865], [72.60535953358834, 22.932710927343457], [72.60569501733495, 22.93217271989029], [72.60623500948134, 22.931216091458516], [72.60656317410489, 22.930634719338816], [72.60677499354891, 22.93025946043945], [72.60716697263203, 22.929565021828775], [72.60762531651633, 22.92903685459867], [72.607981799217, 22.928447769512577], [72.60823783516693, 22.928153435389323], [72.60876599221214, 22.927129533632126], [72.60915592696958, 22.926481362431904], [72.60966241913601, 22.925661800822173], [72.60968143310063, 22.924635901909646], [72.60970044699089, 22.923610002864397], [72.61051051211118, 22.92380532538604], [72.6118462834866, 22.92373917505055], [72.61280755301736, 22.923639058125545], [72.61283128477534, 22.923636325680874], [72.61285490568024, 22.923632855780262], [72.61287838645258, 22.9236286506918], [72.61290170065695, 22.923623717240332], [72.61292482190541, 22.92361805954304], [72.61294772374676, 22.92361168532739], [72.61297037976145, 22.92360460051573], [72.61299276348245, 22.923596813738133], [72.61301485035993, 22.92358833545908], [72.61303661296834, 22.923579173391445], [72.61305802771645, 22.923569338917016], [72.61307907102886, 22.923558842514993], [72.61309971634375, 22.923547698230884], [72.61311994106013, 22.92353591655859], [72.61313972249799, 22.923523512504833], [72.61315903701872, 22.92351050015913], [72.61317786390694, 22.92349689365498], [72.61319617949249, 22.923482708887036], [72.61321396398698, 22.923467962711165], [72.61323119662762, 22.923452671968594], [72.61324785761026, 22.92343685441771], [72.61326392812097, 22.923420526929096], [72.6132793892826, 22.923403709983486], [72.61332879070808, 22.923346725786608], [72.61337604913024, 22.92328822423364], [72.61342110779192, 22.92322827398903], [72.61346391477669, 22.923166945595554], [72.61350441912694, 22.92310431051327], [72.61354257470992, 22.923040442983144], [72.61357833539317, 22.922975417246064], [72.613611660875, 22.9229093085334], [72.61364251079074, 22.922842195686712], [72.61367084966379, 22.922774156718223], [72.61369664393489, 22.922705271474452], [72.61371986392676, 22.92263562076307], [72.61402079077223, 22.92196953007302], [72.61441966250815, 22.921954216745277], [72.61448740540554, 22.921580690178708], [72.61486805573195, 22.921549882296784], [72.61507110116567, 22.92076808711012], [72.61541449757092, 22.92069021269184], [72.6170330552792, 22.92075644113401], [72.61709402553753, 22.920592689187092], [72.61742494175228, 22.9206121927985], [72.6181328232407, 22.920536536511154], [72.61885366576637, 22.92037976556746], [72.61898800387414, 22.920293863624195], [72.61897361342663, 22.920019745207462], [72.61930433836152, 22.92003944056298], [72.62011503536723, 22.920087709836604], [72.62071298175213, 22.92024354798355], [72.6215270857372, 22.920554329151162], [72.6224135748263, 22.920929354739197], [72.62291417314646, 22.921221617231247], [72.62296846174839, 22.92190150565141], [72.62353016623743, 22.922047859652018], [72.62420163652007, 22.92232385506485], [72.62432676539012, 22.922906944722214], [72.62552010265962, 22.923128843430316], [72.62589453478981, 22.923165909450837], [72.62662814056354, 22.923481139946922], [72.62704187442115, 22.923384447474948], [72.62705285666597, 22.92338188067097], [72.62726306640798, 22.923332753387843], [72.62743079977768, 22.923417779541985], [72.62728069070026, 22.923803212197587], [72.62694825085966, 22.924497151438292], [72.62661528436524, 22.925184355887698], [72.62621449997468, 22.925702093345443], [72.62567626244764, 22.926412227432994], [72.6252870754291, 22.92696973270003], [72.62549418913069, 22.92759303369789], [72.62554018908499, 22.927923666212852], [72.6255911860048, 22.92847921176334], [72.62575624760501, 22.928949442218023], [72.62559803419148, 22.929367298214345], [72.62545402549486, 22.92985083552316], [72.62503850872623, 22.930866288500763], [72.6249364568716, 22.93121615032046], [72.62493075387944, 22.931235702845914], [72.62493293614499, 22.93123621129109], [72.62536033387074, 22.931335763599144], [72.62648524536178, 22.93151329211943], [72.62655858411804, 22.931914404049152], [72.62678146812313, 22.932087333334643], [72.62697517427725, 22.93210691985095], [72.62728452680777, 22.93211221430004], [72.62874061017706, 22.93211691341233], [72.62887310492982, 22.932860222501866], [72.62897903147136, 22.932988253067705], [72.62998568441077, 22.933061675134912], [72.63059552201103, 22.933144227060936], [72.63086597732212, 22.933138496401135], [72.63228182003775, 22.932492644031957], [72.63367110256344, 22.931811811431107], [72.63393891796562, 22.93168769980274], [72.63416769774167, 22.931320573365557], [72.63570939205454, 22.930541741668822], [72.63669418049628, 22.93021291571656], [72.63706343424091, 22.930015585009254], [72.6374931804098, 22.930219637037986], [72.63826166937214, 22.93001382543596], [72.63862068385465, 22.92993514081253], [72.63880309745134, 22.930026011547124], [72.63956735585501, 22.92963079111001], [72.63983569152721, 22.929530343859344], [72.64096556508288, 22.929352367930164], [72.64155941126623, 22.929196637003955], [72.6418059543067, 22.92927429769418], [72.64249769160618, 22.929093782928156], [72.64379740807155, 22.928782064400295], [72.64489639532323, 22.928518478836367], [72.64509711855506, 22.928470335598377], [72.64577379507492, 22.92784192810173], [72.64616713938352, 22.927433520043714], [72.64648932058574, 22.927135795540437], [72.64749386990844, 22.926207488791995], [72.6476431785114, 22.92601282961426], [72.64777018492812, 22.92581896913661], [72.64842430405454, 22.925084457751776], [72.64925832370011, 22.92416313113698], [72.6499726782772, 22.92344600151524], [72.65064661311592, 22.922756493807686], [72.65141009774564, 22.921979617322517], [72.65217357454259, 22.921202737284855], [72.65293704157396, 22.920425852763685], [72.65370050078896, 22.919648963788276], [72.65446395023918, 22.918872070330185], [72.65522739187382, 22.918095172418646], [72.65604206899806, 22.917242500612456], [72.65685673580266, 22.916389823691432], [72.65767337508088, 22.91574435476914], [72.6581534994137, 22.91575125548721], [72.65892635492125, 22.91586671192645], [72.65928915510409, 22.91589376268494], [72.65933231615553, 22.91589912985213], [72.65981585728478, 22.91595926322356], [72.65999219434978, 22.916136947480958], [72.66038730038971, 22.916237137721104], [72.66136748918028, 22.916485686500273], [72.66175720598235, 22.916476227029055], [72.66212627963917, 22.91646726701595], [72.66232646754708, 22.916462407291213], [72.66283131959874, 22.917894479902525], [72.66294301532994, 22.9189121919785], [72.6634496314912, 22.919842342727744], [72.66361528414942, 22.92011095069295], [72.66349249631921, 22.920431571779744], [72.66365837393448, 22.920538980564725], [72.66364518212863, 22.920714261673496], [72.66364236837438, 22.92083914353576], [72.66367368338102, 22.92112723793656], [72.66371447553314, 22.921366893410127], [72.66375174359155, 22.921403640798633], [72.66377367763859, 22.92152600328317], [72.66383460968787, 22.92169859072579], [72.66372986179864, 22.92195243346689], [72.66378679606069, 22.922219100759072], [72.66405604641187, 22.922297703900202], [72.66390567671394, 22.923060344184698], [72.66389574573228, 22.923309612085493], [72.66386309994905, 22.923677061531397], [72.66397115436025, 22.923783733784003], [72.66396784151657, 22.923867935026696], [72.66386055487959, 22.923941267050996], [72.66383509906524, 22.924144454533234], [72.66381592182552, 22.924433894793214], [72.66380366648403, 22.924794016311232], [72.6636616126521, 22.925824299358645], [72.66339693692562, 22.92651849704046], [72.66382935587505, 22.92741522435998], [72.66401676801917, 22.928657003353244], [72.66496945983356, 22.92997842625861], [72.66594257482849, 22.930006810706402], [72.66600101420441, 22.930321818049272], [72.66759368340443, 22.930367898286413], [72.66785382136422, 22.930384062554218], [72.6683139248921, 22.930412650896514], [72.66837498657644, 22.930416444417272], [72.66857957775599, 22.930334297566727], [72.66898645614654, 22.93016214887386], [72.66918080169619, 22.929901901346753], [72.66928983199456, 22.929755898435946], [72.66959011345986, 22.92935378915398], [72.67127619573208, 22.93001290668174], [72.67137970634465, 22.930222419606626], [72.67305366864699, 22.92997685181425], [72.67369666679744, 22.930682507367646], [72.67412688558883, 22.93092402670978], [72.67587301298367, 22.931285698826915], [72.67606681546174, 22.931588781226544], [72.67668390161997, 22.93149611655293], [72.67715694268136, 22.931675505637937], [72.6773145373052, 22.932344586647325], [72.67771457334294, 22.93233993490102], [72.67811972834062, 22.932334450606078], [72.67853256335619, 22.932329594960073], [72.67883000179833, 22.93230834481101], [72.67927071531798, 22.932318757499115], [72.6795913243925, 22.932327233829046], [72.67957355143272, 22.932172760987726], [72.67959590709657, 22.932130729695796], [72.6796388658773, 22.93209566892318], [72.67978891798622, 22.932049805354815], [72.67999438626596, 22.93216662450863], [72.68000366843357, 22.932171901863253], [72.68000463382235, 22.932172450455948], [72.68036046079102, 22.932207995181592], [72.68041521711905, 22.93221346512055], [72.68079645691854, 22.932159524057834], [72.68078634642609, 22.9319413473592], [72.68076160814886, 22.931830381423058], [72.68078722085798, 22.931742414412398], [72.68079260035307, 22.931723938904646], [72.68083337199393, 22.931583913053785], [72.68096856785235, 22.931232643532212], [72.68153497184885, 22.93143194479224], [72.6816584416692, 22.931659093501207], [72.68149731187887, 22.932226706435717], [72.68122127163845, 22.932531632362377], [72.68107430287641, 22.932797530430324], [72.68100851917272, 22.93311222673662], [72.68104689220105, 22.933510490328082], [72.6810595889669, 22.933642274738236], [72.68138920175399, 22.93493152001574], [72.68147931581069, 22.934947684022063], [72.68153544730242, 22.93515019824939], [72.68165601009518, 22.93594908908418], [72.68112000163161, 22.93615110384694], [72.6809135994007, 22.936226790460065], [72.68090954732075, 22.93622827597582], [72.6808304919007, 22.936257265047814], [72.68048300863515, 22.936360835629586], [72.67950077762569, 22.936703600016443], [72.67952012218589, 22.936790941314456], [72.6795205747149, 22.936792985626834], [72.67953271296382, 22.936847788157845], [72.67961979871207, 22.93719604037921], [72.67988839398801, 22.937377345565725], [72.67993337140406, 22.93754880576393], [72.67982179860577, 22.937634042784904], [72.67939412351362, 22.937790742294332], [72.67918095527666, 22.937820165607143], [72.67917574354284, 22.937820884757823], [72.6791568116688, 22.937823497760448], [72.67886324579037, 22.93787856758138], [72.67877707823804, 22.937843079529173], [72.67831732942771, 22.937926578156446], [72.67832357482467, 22.938011427427714], [72.67805585470752, 22.938064834451826], [72.67749841287907, 22.938176690520272], [72.67752784684836, 22.93836360582642], [72.67753034895546, 22.93837949347251], [72.6775451908619, 22.938473743381994], [72.67765274605674, 22.938985320337792], [72.67762676332066, 22.939330581813667], [72.6775104022448, 22.939326844169404], [72.6772278802603, 22.940116903074536], [72.67700833801122, 22.941000507673344], [72.67695448638682, 22.941301502059087], [72.67654982544833, 22.941147482047654], [72.67641491818182, 22.941010805353464], [72.67636408740256, 22.94095930721375], [72.67599085071514, 22.940581169767803], [72.67528310970108, 22.940786373373435], [72.67520243684596, 22.9409237881527], [72.67502939672988, 22.941218537725305], [72.67494618011092, 22.941360285649157], [72.67468151017604, 22.942081793748716], [72.6743011684436, 22.9420055647609], [72.67417258501524, 22.941960209031574], [72.674230326042, 22.94226687753895], [72.67423492073749, 22.94244910797155], [72.6743447279368, 22.9428440403432], [72.6743977559338, 22.943054581327306], [72.6745599766388, 22.943621935313953], [72.67401248255948, 22.943697497595288], [72.67374402274173, 22.943702783727254], [72.67373458040225, 22.943702969355407], [72.67348198722003, 22.943707942442767], [72.67339014120905, 22.944018978628755], [72.67338970143679, 22.94402046816577], [72.67336930135458, 22.94408955404974], [72.67277881716936, 22.9441794880729], [72.67271353256183, 22.944134119986096], [72.67270333145098, 22.94412703115818], [72.67257985085304, 22.944041220030137], [72.67228632517943, 22.94418881345378], [72.67214382648288, 22.944087425359633], [72.67201712690824, 22.94400853911934], [72.6716631539571, 22.944090581729476], [72.67173480147714, 22.944387333295836], [72.67174017404808, 22.944409585630325], [72.67180126957176, 22.944662636152707], [72.67182243908695, 22.94508681042139], [72.67110216198991, 22.945208482679266], [72.67109701365838, 22.945209352341813], [72.67110621157406, 22.945248048998398], [72.67123190336486, 22.94577681761186], [72.67128647247311, 22.94616438862631], [72.67142335381556, 22.946309269194764], [72.67067371672798, 22.946540522923247], [72.67066025623885, 22.94654467504704], [72.67051158805133, 22.946590537194368], [72.6701011662511, 22.946341116726764], [72.67000868924563, 22.946573105628104], [72.66977785533683, 22.946870857616673], [72.66977372731208, 22.94687618232769], [72.66970291683438, 22.946967520067794], [72.6696187422217, 22.947004115277657], [72.66953336348095, 22.947175173373093], [72.66964460536047, 22.94853174941351], [72.66937081988397, 22.94894601018404], [72.66920719429525, 22.9491306250077], [72.66899845282228, 22.9492804315514], [72.66895156449709, 22.949280414019462], [72.66871869027119, 22.94916977279148], [72.66870585553642, 22.949163675106263], [72.6685658880973, 22.9490971754067], [72.66853618375914, 22.94907946220146], [72.66845914749175, 22.949003562904256], [72.66837130384765, 22.94893905092115], [72.66829132764951, 22.948849102779207], [72.66818503418213, 22.94862446226303], [72.66804693675094, 22.948606497612385], [72.66796676054751, 22.948364202562672], [72.66785285159249, 22.948135744686216], [72.66754339588284, 22.947724341195528], [72.66694468574957, 22.947563550840727], [72.6666176820068, 22.947475729474235], [72.66557033371194, 22.94730798394338], [72.66539171399847, 22.94728502293104], [72.66527077188054, 22.94767029269942], [72.66526904661231, 22.94767578988189], [72.66521831725694, 22.94783739357539], [72.66512586885105, 22.948190800327463], [72.6650128457883, 22.948631765164468], [72.66482749109475, 22.949417304031407], [72.66462631251021, 22.94976128070764], [72.66449592906552, 22.95003770403108], [72.66429129352017, 22.950414102920707], [72.6640861050879, 22.95073532712593], [72.66378131508839, 22.951171606584477], [72.66286541459067, 22.952372630741912], [72.66266947571786, 22.952655698396395], [72.66231742658229, 22.95315744199861], [72.66218264649714, 22.953402746250504], [72.662068474416, 22.953617291683905], [72.66184712375556, 22.953969228066605], [72.66167068500003, 22.95427190030974], [72.66156703995651, 22.954487757028094], [72.66147672758532, 22.95467235595372], [72.66094942729664, 22.95584178155641], [72.66063966507735, 22.956648791610924], [72.6603071739167, 22.957412275196337], [72.66020184927821, 22.957708611393514], [72.65984173838027, 22.958721783797866], [72.65967422892024, 22.95987652965892], [72.65905350004539, 22.959834427589403], [72.6590188467737, 22.959832076800136], [72.65858186860125, 22.959802435919784], [72.65785741873957, 22.95973462234273], [72.65744386379396, 22.959982211372264], [72.65744034620337, 22.960093723633936], [72.65744055795784, 22.960119510414962], [72.65744107233171, 22.960182330852202], [72.65743575334572, 22.960187805498542], [72.65730454737195, 22.960322844236767], [72.65654590052056, 22.961289907488798], [72.65606472822464, 22.961665850536512], [72.65565840707734, 22.961871038254483], [72.65506724500761, 22.962169564886064], [72.6548218252395, 22.962393759531338], [72.65471479360286, 22.96249153386883], [72.65440166451411, 22.962790140187984], [72.6543374252439, 22.963493083097575], [72.65416882407374, 22.96406693380368], [72.6540429409676, 22.96459639383347], [72.65395120105624, 22.965047618849365], [72.65377346856495, 22.966467961443595], [72.6536845301938, 22.966993313708052], [72.65501537984386, 22.967476595078015], [72.65588958887801, 22.9677414570526], [72.65682300529943, 22.96775857411081], [72.65811170092869, 22.968224064618934], [72.65860063255391, 22.968318955620685], [72.65877238703762, 22.968340706030858], [72.65970078377234, 22.968458273977713], [72.65999730645322, 22.968485273708847], [72.66097738242904, 22.968574512082082], [72.66096706749299, 22.968243475815303], [72.66096044492163, 22.96803092704841], [72.66094742550501, 22.967613105061798], [72.66166899582606, 22.96763762695599], [72.66215249343385, 22.96772910354012], [72.66251415275082, 22.967905537467015], [72.66299921885911, 22.967911184421872], [72.66328891415493, 22.967994513597784], [72.66355946259489, 22.968417752540446], [72.66497799222664, 22.969555150484233], [72.66636953696779, 22.970800352210397], [72.66708817650856, 22.970933175170057], [72.6673046687953, 22.97115136345845], [72.66837101288066, 22.972371201202165], [72.6685833788333, 22.972849915796534], [72.66951614236605, 22.972574046440815], [72.67038994240463, 22.972696743203848], [72.6704720956212, 22.97366807366609], [72.67048635784337, 22.973836696347444], [72.67115104747627, 22.973696179376386], [72.6713314690282, 22.97365803781678], [72.67236825063387, 22.973571590015556], [72.6734050325228, 22.973485136232117], [72.67462148128133, 22.973440751508637], [72.67531657217506, 22.97346315090835], [72.6763253601085, 22.973985527735937], [72.676965926522, 22.974248894182505], [72.67690905676879, 22.974625748514438], [72.67670997796051, 22.975629780406972], [72.67651089649584, 22.976633811705586], [72.67664948189189, 22.976925807906227], [72.67697625965462, 22.978148540368743], [72.67725215689552, 22.979532509909134], [72.6774616399407, 22.980690497319667], [72.67766334741583, 22.981626737221788], [72.67786505708247, 22.982562976993275], [72.67806676894082, 22.98349921663405], [72.67849664935322, 22.983947739855537], [72.67855999257006, 22.98426404672937], [72.67883198519861, 22.984694203740226], [72.67968244912602, 22.98615643341536], [72.68221883993084, 22.98709702357659], [72.68247621510498, 22.98719321165546], [72.68272978076769, 22.987297571986456], [72.68297922804105, 22.98740997818929], [72.68322425890598, 22.987530295918493], [72.68444651732405, 22.987738364661706], [72.68566878035986, 22.987946424264866], [72.68604201121646, 22.987858547775176], [72.68732563407694, 22.98905026552995], [72.68748756921009, 22.989438736832312], [72.68775979071673, 22.99006603454102], [72.68720788707573, 22.990275573780423], [72.6878437635139, 22.99132589585142], [72.68770901713597, 22.99130229290948], [72.68766267863384, 22.991699579707067], [72.68866713784958, 22.992011817285775], [72.689299478264, 22.99221944938254], [72.68951732306233, 22.99238486065041], [72.68938808543616, 22.992535713263393], [72.68977173703836, 22.993232863987025], [72.68952658740164, 22.993775253840447], [72.68943283472818, 22.993982679173207], [72.68938907746771, 22.994063305425048], [72.68915411849792, 22.9944962321982], [72.68903360165426, 22.994967824182186], [72.68902672142188, 22.995058033984854], [72.68902404260055, 22.995078017880342], [72.68896132072832, 22.995546001399926], [72.68909453731344, 22.99569114115221], [72.68936463254882, 22.995985411061298], [72.68992078531362, 22.996822765546437], [72.69005638365907, 22.99707720908488], [72.69012964408797, 22.997763776319257], [72.69020597482286, 22.998479108288915], [72.6902798432278, 22.99898867878293], [72.69032441223055, 22.99932810300979], [72.69055515997846, 22.999580348369733], [72.69068861303946, 22.999726234477297], [72.69073908378452, 22.999988335047046], [72.69097089772858, 23.00027465298275], [72.69130776752192, 23.000476862849567], [72.692720924059, 23.000979016488632], [72.6932662170184, 23.00122006734236], [72.69334229674453, 23.002095870900288], [72.69335742545007, 23.00227002837077], [72.69373597408939, 23.002412824198323], [72.69405601986816, 23.002533550379898], [72.69366769961565, 23.00305950178983], [72.69364422712182, 23.003068511334842], [72.6934761833608, 23.003133013277345], [72.69254282380224, 23.003491270634964], [72.69140720336192, 23.004063857734188], [72.69116793112553, 23.00444774480542], [72.69087992612273, 23.004487270393614], [72.68963236899307, 23.005425917286733], [72.68838479294912, 23.00636455280268], [72.68751873330095, 23.007189177642342], [72.68724950584692, 23.007445521350302], [72.68693540796748, 23.00770898121335], [72.68610801906209, 23.008828078120175], [72.68517539844532, 23.009200966858955], [72.6851745373667, 23.00942745582648], [72.68517244492924, 23.00997788231658], [72.68489015301444, 23.00997765045809], [72.684106584692, 23.009950486505137], [72.6839860667713, 23.0100462616152], [72.68398212733592, 23.011259077955756], [72.68382533685036, 23.011237994463322], [72.68344906897272, 23.01206605557546], [72.68307521804327, 23.01297640827161], [72.68361892491203, 23.013769256400526], [72.68270011363155, 23.014002291389584], [72.68271985870521, 23.014715865119108], [72.68300625810706, 23.014921979993023], [72.68310830534361, 23.01538216987256], [72.68320291709018, 23.015854518446915], [72.68302587425987, 23.017081124495462], [72.6826119684388, 23.017603421921383], [72.68261959885419, 23.017860556610366], [72.68261975605105, 23.017865853086516], [72.68263583862779, 23.018407818749974], [72.68262051991104, 23.01868428173444], [72.68284107133343, 23.0189721064544], [72.68334527840234, 23.019630104222227], [72.68349655706074, 23.019905485809993], [72.6836327162621, 23.020153345336723], [72.68390695096038, 23.020178820594623], [72.6839415300856, 23.02047357972144], [72.68397318660566, 23.020743421374295], [72.68428570328896, 23.021044063006162], [72.68430649505825, 23.021228483531765], [72.6845132719405, 23.021319837384528], [72.68462759278528, 23.02144886250067], [72.68499678154026, 23.02186553309803], [72.68509324225955, 23.021971129117645], [72.68564748652679, 23.02257785017848], [72.68560135477574, 23.02298741360992], [72.68556280621091, 23.023329646756757], [72.6855865087453, 23.023533581972302], [72.68558986988101, 23.023626798393966], [72.68560517925953, 23.024051359249828], [72.68560554870244, 23.02406159639453], [72.68436444131748, 23.023988751929757], [72.68312333521497, 23.023915897812586], [72.68294753277947, 23.02389252073716], [72.68183731627911, 23.02390774851745], [72.68072710025517, 23.023922969381122], [72.68025047905135, 23.023972049421463], [72.68019310526196, 23.024376941028915], [72.68004305472334, 23.025435848980305], [72.68002214902647, 23.025784107521527], [72.67994522175577, 23.026917358997537], [72.67944447934134, 23.02693448771164], [72.67941018078909, 23.026928498930978], [72.67936249077935, 23.0269201703571], [72.67752056522171, 23.026598512598955], [72.67748692912502, 23.026660645733536], [72.6771355852107, 23.02730966456737], [72.67673504563622, 23.02725381390471], [72.67585782715543, 23.02713149309147], [72.67541761410186, 23.02710330818548], [72.6751233802563, 23.027128694450354], [72.67510979010206, 23.027129866975706], [72.675077793609, 23.02714440877435], [72.67507220772868, 23.02714694665462], [72.67467096901325, 23.027290057998165], [72.67475581643605, 23.02758604787626], [72.67488507981057, 23.027996534730352], [72.67489266401198, 23.028020619759584], [72.67477293826606, 23.028214495701334], [72.67427997852135, 23.029425667499996], [72.6740244354472, 23.030147249605495], [72.6738020434953, 23.030900430814945], [72.67365257909357, 23.030953924541894], [72.6732404101752, 23.03101065837227], [72.67301233534141, 23.03104205211981], [72.67296948064278, 23.031051785913654], [72.67247968102596, 23.031163039686277], [72.67198022808654, 23.031276483566543], [72.67094811786137, 23.031510907972674], [72.67087359125303, 23.031527835143912], [72.66991600466622, 23.031745325337972], [72.66956345440211, 23.031766766206896], [72.66899282749293, 23.031933558904857], [72.66817100910875, 23.032173768942506], [72.66804569705235, 23.03217482093835], [72.66622752834022, 23.03219006665973], [72.6650539881602, 23.032086387886093], [72.6638804515648, 23.031982701459228], [72.6631949319322, 23.031894233809957], [72.66195414437568, 23.031500332377288], [72.66086889673673, 23.031533798530088], [72.65968259698838, 23.03171813520012], [72.6596855643318, 23.031850931703733], [72.65968868586471, 23.03199066861895], [72.65969663125718, 23.03234629748779], [72.65959702820123, 23.03297929713729], [72.65959134230363, 23.033310131542866], [72.6590906125618, 23.034101332966202], [72.6594203456928, 23.03425269746433], [72.65944025599391, 23.0341165317784], [72.66005973531173, 23.034049835604176], [72.66059633974155, 23.03413914513594], [72.6607460977235, 23.0345974934957], [72.66083695279842, 23.03500664812198], [72.66060143264147, 23.03495248156247], [72.66052823571671, 23.03521371595992], [72.6600260170189, 23.03521431329522], [72.65962671500114, 23.036968010401136], [72.65964408112465, 23.03735577879273], [72.6596885946775, 23.03834976169064], [72.65889131272452, 23.037881632557056], [72.65867109554408, 23.03774974321225], [72.65863414426208, 23.037727613348093], [72.65854519421539, 23.03771137437683], [72.65784337441598, 23.037583243442384], [72.65706703129354, 23.037659777917845], [72.65706239469175, 23.037660235549502], [72.65705707615575, 23.03779421634143], [72.65704853756515, 23.037909530700738], [72.65704031718383, 23.038020546966163], [72.65700443562835, 23.03801215353743], [72.65698032049278, 23.03811251759016], [72.6569504620458, 23.038650539796183], [72.65689176389134, 23.039218590922133], [72.65685916760413, 23.0395932680531], [72.65688963651387, 23.039771240600803], [72.65694823712731, 23.03999538101333], [72.65696832352135, 23.0401535869723], [72.6574114691425, 23.0403829637216], [72.65757444900196, 23.040417191971457], [72.6575492746521, 23.040849839654573], [72.65748728354883, 23.041915174682817], [72.65659925133426, 23.04183875315196], [72.65670266783513, 23.042383811717414], [72.65648045888403, 23.042417345204935], [72.65617116744737, 23.042181207371303], [72.65616672036538, 23.042170538809923], [72.655998200404, 23.04176629145253], [72.65586384363016, 23.041454689744807], [72.65545663036498, 23.041222622992745], [72.65501297834305, 23.040740573294336], [72.6548981060109, 23.040660445681784], [72.65406986094239, 23.040082710374442], [72.65420126103812, 23.040567715744213], [72.6542103885235, 23.040601407778812], [72.65375086344072, 23.04077081371721], [72.65373415352987, 23.040832316202454], [72.65359433731656, 23.041346928011237], [72.65375463386734, 23.04146529308704], [72.65375283185972, 23.042023536761025], [72.65402853669532, 23.042761225778897], [72.65453707480012, 23.042844549368496], [72.65453217001019, 23.042909018580147], [72.6544045342669, 23.043394014497185], [72.65487989327973, 23.043951774206], [72.65467155932416, 23.044792709846377], [72.65541384185263, 23.045297853881465], [72.65512430990297, 23.04579015673301], [72.65537690313825, 23.04649183027138], [72.65527668459762, 23.046794913352024], [72.65437376368831, 23.046757423032386], [72.6542170049443, 23.04675091389292], [72.65416217112715, 23.046909665577218], [72.65416136899951, 23.046911986535477], [72.65403033788625, 23.047048537445367], [72.65391194778218, 23.04717191426425], [72.65394651357715, 23.047540655826715], [72.65398144843252, 23.04791332557039], [72.6544098035243, 23.04797476639532], [72.65411505291004, 23.048705110897753], [72.65366123146258, 23.050238251826944], [72.65364556521541, 23.050291174900803], [72.65225490477886, 23.051153957488605], [72.65198917624132, 23.05135608492149], [72.65200909683168, 23.052157758752784], [72.65260449444244, 23.052565331668426], [72.65298607466767, 23.05332463058497], [72.65327751825446, 23.053489055092992], [72.65350314023662, 23.05426316050849], [72.65275252279736, 23.05544697822988], [72.65238395783075, 23.055958555192074], [72.65241734951545, 23.055975579933783], [72.65235187003047, 23.056079097304345], [72.65202024797712, 23.056602225490572], [72.65169669829919, 23.056801529620085], [72.65124485669241, 23.057692223348273], [72.65079300867528, 23.058582916103436], [72.65077871620412, 23.058611087880223], [72.65084192609478, 23.058703939024], [72.65123760888622, 23.059682856862658], [72.6511034644586, 23.05993623990358], [72.65165894116438, 23.06077022322945], [72.65203027410327, 23.06098499630897], [72.65290609460511, 23.061924811506124], [72.65309546069206, 23.061907478641032], [72.65316499365134, 23.06201884568669], [72.6534554534758, 23.062007557096003], [72.65355892112078, 23.061990527664925], [72.65352318839186, 23.061895370791504], [72.65418570702562, 23.061824008514982], [72.65477066311342, 23.061759570335358], [72.65481765868523, 23.06175439340396], [72.65488263096775, 23.06174723622081], [72.65563010073599, 23.061711536702383], [72.65597853652008, 23.061692262519013], [72.65610071545697, 23.06168072093263], [72.65613843048976, 23.061348848578543], [72.65612277348743, 23.061256878115135], [72.6562126980554, 23.06097418718893], [72.65610128710402, 23.059818607154945], [72.65627420752658, 23.05968109870603], [72.65658719362769, 23.059668876926246], [72.65665893008699, 23.059353336053167], [72.65667481185235, 23.059283478285035], [72.65669479236333, 23.05919559078242], [72.65702401831682, 23.059112476445478], [72.65781366246009, 23.058898242503705], [72.65781676619372, 23.058897440775095], [72.65781989012021, 23.058896712473494], [72.6578230342239, 23.05889605850147], [72.65782619554741, 23.058895480620816], [72.65782937119579, 23.058894976982987], [72.65783256016243, 23.058894549378675], [72.65784218356256, 23.058893722419825], [72.65784540237728, 23.058893599505144], [72.65784862376536, 23.058893553367504], [72.65785184481626, 23.058893583060964], [72.65785506452335, 23.05889369037621], [72.65785827901631, 23.058893873450256], [72.65786148730415, 23.058894133171197], [72.65786468743609, 23.05889446951016], [72.65786787650158, 23.058894881521137], [72.65787105254985, 23.058895369175257], [72.65788048313048, 23.058897282999414], [72.65788972168566, 23.05889986295966], [72.65789871286829, 23.05890309379059], [72.65790740236908, 23.058906956630953], [72.65791022366004, 23.05890838065769], [72.65791300282838, 23.058909870867986], [72.65791573889871, 23.058911427247406], [72.65792367118347, 23.05891648050403], [72.65792621752352, 23.058918288663577], [72.65792871209646, 23.058920156544044], [72.65793115295149, 23.058922084116567], [72.65793353818471, 23.05892406864443], [72.65793586683633, 23.05892610921065], [72.65793813697123, 23.058928204883703], [72.65794034764522, 23.058930353843987], [72.65794249693884, 23.058932554257417], [72.65794458290125, 23.058934806095095], [72.65794660460396, 23.05893710663479], [72.65794856110281, 23.058939454056908], [72.65795045143805, 23.05894184744442], [72.65795570719527, 23.058949287780724], [72.65795731656, 23.058951849440138], [72.65795885406503, 23.058954447952402], [72.65796031777516, 23.05895708238602], [72.65796425767024, 23.058965183033276], [72.65796750039762, 23.05897354148092], [72.65797002925947, 23.058982107826875], [72.65797182662952, 23.058990829446806], [72.65816461813162, 23.059001713174656], [72.65884778730987, 23.058966389400126], [72.6590447366842, 23.058977467281334], [72.65924667613102, 23.05897723348716], [72.65939064589251, 23.058988221178694], [72.65987416507343, 23.05902512309254], [72.65996615404762, 23.059032143484764], [72.66001664324192, 23.05903599694234], [72.66063130408602, 23.059002083833803], [72.66075307837104, 23.05886466502473], [72.66079351153488, 23.058819036949323], [72.66089760039654, 23.058701573749694], [72.66122032637097, 23.05836607573215], [72.6617943380978, 23.058273229896805], [72.66234105730868, 23.058321285569708], [72.66235976844114, 23.05916484067287], [72.6630478407104, 23.059195185914028], [72.662969513092, 23.05978547945717], [72.66295168134405, 23.059890230956555], [72.66282367290864, 23.06072258031154], [72.66277266415113, 23.061056002066834], [72.66276806757537, 23.06125009851893], [72.6627630462382, 23.061318176707253], [72.66274015785903, 23.061864682930484], [72.66270881483157, 23.062577085044214], [72.66338016461832, 23.0625819263732], [72.66339965200302, 23.063059331666704], [72.66340760829347, 23.063142601175958], [72.66335423840783, 23.063912471323], [72.66332342373, 23.06419026077202], [72.66337597090889, 23.064431531268212], [72.6632909817656, 23.06499074325476], [72.66331078385456, 23.06526076426739], [72.6632937527646, 23.06545087229331], [72.66324658488104, 23.065583016262728], [72.66321103553297, 23.065815386353332], [72.66309541267474, 23.066381859387715], [72.66305811769675, 23.066468865124687], [72.66293677168089, 23.06709869571228], [72.66288460516452, 23.067161623607877], [72.66252713513818, 23.067404966714488], [72.6624798956215, 23.067658345266782], [72.66229484538174, 23.067742035501244], [72.66360841671529, 23.068345081483685], [72.66367720793387, 23.06838158412683], [72.6638820448927, 23.0685251025083], [72.66410794932574, 23.068833812103897], [72.66504025175463, 23.06887148520805], [72.66617482347442, 23.068895631120377], [72.66625410366183, 23.069657639259802], [72.66647602282175, 23.06964809197305], [72.66663024764657, 23.070532727912703], [72.6666742041307, 23.070678610347212], [72.6667208513942, 23.071028685898582], [72.6667336632586, 23.071124834397082], [72.66698755099914, 23.071164136154902], [72.66714897671321, 23.07201791614785], [72.66744734798331, 23.0719591687772], [72.6675441688431, 23.0719327460534], [72.66754820201605, 23.072138256396137], [72.66781430102267, 23.072167852396756], [72.66829714891274, 23.07238441175274], [72.66900691473697, 23.072695539707354], [72.66876701051308, 23.073245198281075], [72.66823501212872, 23.07362470286736], [72.66866596949602, 23.073904512027713], [72.66854163291774, 23.074311261422157], [72.66965172836096, 23.07469523281468], [72.66945825396112, 23.075232278078683], [72.66944027846131, 23.07531100367587], [72.66923942942202, 23.07577916504784], [72.66856902914763, 23.07553226135115], [72.66845583337641, 23.075490571868627], [72.66802845841823, 23.075342624768297], [72.66789089518046, 23.07558667779087], [72.667859652026, 23.075772420895767], [72.66762414075006, 23.075690876075583], [72.6675530943667, 23.076076200392723], [72.66764481630906, 23.07615115442667], [72.66768563392122, 23.076184510520317], [72.66770197057846, 23.076330286358004], [72.66744512993546, 23.07726351858208], [72.66738060579732, 23.077499009626454], [72.66753910804466, 23.077563556795337], [72.66796412182391, 23.077775870284345], [72.6688205044208, 23.078255576525308], [72.6692819822634, 23.078451797953473], [72.6693378998867, 23.078465202286647], [72.66974225364292, 23.078682648535946], [72.6708518638569, 23.079198500849756], [72.6722620537452, 23.079888082730452], [72.67346962626023, 23.080475617484414], [72.6746772099049, 23.08106314471283], [72.6748342248081, 23.081125111762923], [72.67488912080552, 23.08114304125806], [72.67581470938107, 23.08159810512293], [72.67674030357509, 23.08205316492853], [72.67790098867499, 23.082628594520397], [72.67906168426221, 23.083204015434735], [72.67943504693274, 23.083376777440698], [72.6802063979692, 23.083761093854484], [72.68122183158154, 23.08427015234769], [72.681475471844, 23.084356929039636], [72.68176494252046, 23.084506711158138], [72.68298525741568, 23.08511130853417], [72.68408217247995, 23.085644612923197], [72.68424346607782, 23.085727523441786], [72.68443177343362, 23.08582432002185], [72.6844901796556, 23.085854342396196], [72.68473688342131, 23.08600243401534], [72.68550528500529, 23.08634525987424], [72.68597133729364, 23.086581841726883], [72.68653580487887, 23.08691647745951], [72.68728616973654, 23.087408456923495], [72.68778308548085, 23.087736460703038], [72.68898010409212, 23.088487454750858], [72.69017713551135, 23.089238440710652], [72.69111196747993, 23.0898470050247], [72.69204680814268, 23.09045556443526], [72.69298165749974, 23.091064118941873], [72.69407558923403, 23.09178111890864], [72.69516953294821, 23.092498112164694], [72.69493083985807, 23.093625836420017], [72.69446037901159, 23.094523747488097], [72.69406996228447, 23.09576545976691], [72.69372263173736, 23.096722817547658], [72.69341242084916, 23.097621526742063], [72.69310220533683, 23.09852023399613], [72.69300847020146, 23.09874087409056], [72.69236266810327, 23.100255185169527], [72.69189484614694, 23.101061422392924], [72.69160543070515, 23.101677828034763], [72.69161266299288, 23.101687110138393], [72.69162522863768, 23.101706798562535], [72.69163511331145, 23.101727742407505], [72.69164216998568, 23.101749636174254], [72.69164629775291, 23.10177215969039], [72.69164743491963, 23.101794982523245], [72.69164556472184, 23.101817772188916], [72.69164071532516, 23.101840194152224], [72.69163295770373, 23.101861921726684], [72.6916224046491, 23.101882636962998], [72.69160921165354, 23.101902036078847], [72.69159356995654, 23.1019198365798], [72.69157570849625, 23.101935777287917], [72.69155588988315, 23.10194962550544], [72.69085500605027, 23.10187550859348], [72.69082613547965, 23.101872455213794], [72.69064390666199, 23.101854487825563], [72.68996654639429, 23.101787700087712], [72.68951825486778, 23.10168607220138], [72.6890668133981, 23.101563251065375], [72.68857789545369, 23.10142107117733], [72.68798759454397, 23.101394482896794], [72.68761262475512, 23.101396540601627], [72.68707185796617, 23.1014446637297], [72.68674575163497, 23.101488135724203], [72.68645162278943, 23.101485405567526], [72.68546005960359, 23.101614584835545], [72.68457496755416, 23.101725734569325], [72.68449758349665, 23.10166336244926], [72.68441588039884, 23.101602725321293], [72.6839129538743, 23.101860693346353], [72.68354194884019, 23.102105857226572], [72.68302524588815, 23.102379131213397], [72.68251986382657, 23.102607336657368], [72.68250351009748, 23.10270253243868], [72.68249222769168, 23.10276820923487], [72.68244441421766, 23.103046538159862], [72.68255693315226, 23.103140283903656], [72.68272449668223, 23.10326294012649], [72.68282639078103, 23.103450889494283], [72.68288220311088, 23.103701859427254], [72.68290251359491, 23.10392387636145], [72.68264692824874, 23.10400722520691], [72.68262169495337, 23.10423096108481], [72.6826338059073, 23.104583105327535], [72.68252329646604, 23.105731598902956], [72.68232918378646, 23.106429250638353], [72.68120706288093, 23.10618493306979], [72.68099652821972, 23.106139092493887], [72.68093167824313, 23.106145743563438], [72.68039707356978, 23.106200567707724], [72.67996321347549, 23.10493880165802], [72.67947646015728, 23.105062436095043], [72.67926893104624, 23.104598266962817], [72.67880334086732, 23.104803795497755], [72.67868571257223, 23.10485572084232], [72.67798118311977, 23.10494159151911], [72.67763013600076, 23.104009269982356], [72.67746549571248, 23.10357200947034], [72.67727909318192, 23.103076948859524], [72.67711309192443, 23.103252642039457], [72.6766584265245, 23.103733848248385], [72.67644495651577, 23.103558585252266], [72.67552499349193, 23.104087950696147]]]}, "properties": {"objectid": 1, "name": "7- Ahmedabad east Loksabha", "st_area(shape)": 118590116.68248168, "st_length(shape)": 101826.13153981161}}, {"type": "Feature", "id": 2, "geometry": {"type": "Polygon", "coordinates": [[[72.68926736921419, 23.07629349705804], [72.68928341454541, 23.076512774046208], [72.6890282236429, 23.07714551832259], [72.68899781614795, 23.07722091226719], [72.68886885045548, 23.078286709059274], [72.68834819184508, 23.079348610240125], [72.68782752441886, 23.0804105089086], [72.68760932330696, 23.08210166370675], [72.68702963007586, 23.08223740941739], [72.68696965919747, 23.082936852592326], [72.68694782066235, 23.083102262762814], [72.68674215772383, 23.084405730077243], [72.68608560913763, 23.084491053982006], [72.68604285517938, 23.08449660981488], [72.68580145538168, 23.084527981449174], [72.6855998857369, 23.084674300645727], [72.68501207264197, 23.08486049952784], [72.68411441897432, 23.08566029041417], [72.68408217247995, 23.085644612923197], [72.68298525741568, 23.08511130853417], [72.68176494252046, 23.084506711158138], [72.681475471844, 23.084356929039636], [72.68122183158154, 23.08427015234769], [72.6802063979692, 23.083761093854484], [72.67943504693274, 23.083376777440698], [72.67906168426221, 23.083204015434735], [72.67790098867499, 23.082628594520397], [72.67674030357509, 23.08205316492853], [72.67581470938107, 23.08159810512293], [72.67488912080552, 23.08114304125806], [72.6748342248081, 23.081125111762923], [72.6746772099049, 23.08106314471283], [72.67346962626023, 23.080475617484414], [72.6722620537452, 23.079888082730452], [72.6708518638569, 23.079198500849756], [72.66974225364292, 23.078682648535946], [72.6693378998867, 23.078465202286647], [72.6692819822634, 23.078451797953473], [72.6688205044208, 23.078255576525308], [72.66796412182391, 23.077775870284345], [72.66753910804466, 23.077563556795337], [72.66738060579732, 23.077499009626454], [72.66744512993546, 23.07726351858208], [72.66770197057846, 23.076330286358004], [72.66768563392122, 23.076184510520317], [72.66764481630906, 23.07615115442667], [72.6675530943667, 23.076076200392723], [72.66762414075006, 23.075690876075583], [72.667859652026, 23.075772420895767], [72.66789089518046, 23.07558667779087], [72.66802845841823, 23.075342624768297], [72.66845583337641, 23.075490571868627], [72.66856902914763, 23.07553226135115], [72.66923942942202, 23.07577916504784], [72.66944027846131, 23.07531100367587], [72.66945825396112, 23.075232278078683], [72.66965172836096, 23.07469523281468], [72.66854163291774, 23.074311261422157], [72.66866596949602, 23.073904512027713], [72.66823501212872, 23.07362470286736], [72.66876701051308, 23.073245198281075], [72.66900691473697, 23.072695539707354], [72.66829714891274, 23.07238441175274], [72.66781430102267, 23.072167852396756], [72.66754820201605, 23.072138256396137], [72.6675441688431, 23.0719327460534], [72.66744734798331, 23.0719591687772], [72.66714897671321, 23.07201791614785], [72.66698755099914, 23.071164136154902], [72.6667336632586, 23.071124834397082], [72.6667208513942, 23.071028685898582], [72.6666742041307, 23.070678610347212], [72.66663024764657, 23.070532727912703], [72.66647602282175, 23.06964809197305], [72.66625410366183, 23.069657639259802], [72.66617482347442, 23.068895631120377], [72.66504025175463, 23.06887148520805], [72.66410794932574, 23.068833812103897], [72.6638820448927, 23.0685251025083], [72.66367720793387, 23.06838158412683], [72.66360841671529, 23.068345081483685], [72.66229484538174, 23.067742035501244], [72.6624798956215, 23.067658345266782], [72.66252713513818, 23.067404966714488], [72.66288460516452, 23.067161623607877], [72.66293677168089, 23.06709869571228], [72.66305811769675, 23.066468865124687], [72.66309541267474, 23.066381859387715], [72.66321103553297, 23.065815386353332], [72.66324658488104, 23.065583016262728], [72.6632937527646, 23.06545087229331], [72.66331078385456, 23.06526076426739], [72.6632909817656, 23.06499074325476], [72.66337597090889, 23.064431531268212], [72.66332342373, 23.06419026077202], [72.66335423840783, 23.063912471323], [72.66340760829347, 23.063142601175958], [72.66339965200302, 23.063059331666704], [72.66338016461832, 23.0625819263732], [72.66270881483157, 23.062577085044214], [72.66274015785903, 23.061864682930484], [72.6627630462382, 23.061318176707253], [72.66276806757537, 23.06125009851893], [72.66277266415113, 23.061056002066834], [72.66282367290864, 23.06072258031154], [72.66295168134405, 23.059890230956555], [72.662969513092, 23.05978547945717], [72.6630478407104, 23.059195185914028], [72.66235976844114, 23.05916484067287], [72.66234105730868, 23.058321285569708], [72.6617943380978, 23.058273229896805], [72.66122032637097, 23.05836607573215], [72.66089760039654, 23.058701573749694], [72.66079351153488, 23.058819036949323], [72.66075307837104, 23.05886466502473], [72.66063130408602, 23.059002083833803], [72.66001664324192, 23.05903599694234], [72.65996615404762, 23.059032143484764], [72.65987416507343, 23.05902512309254], [72.65939064589251, 23.058988221178694], [72.65924667613102, 23.05897723348716], [72.6590447366842, 23.058977467281334], [72.65884778730987, 23.058966389400126], [72.65816461813162, 23.059001713174656], [72.65797182662952, 23.058990829446806], [72.65797002925947, 23.058982107826875], [72.65796750039762, 23.05897354148092], [72.65796425767024, 23.058965183033276], [72.65796031777516, 23.05895708238602], [72.65795885406503, 23.058954447952402], [72.65795731656, 23.058951849440138], [72.65795570719527, 23.058949287780724], [72.65795045143805, 23.05894184744442], [72.65794856110281, 23.058939454056908], [72.65794660460396, 23.05893710663479], [72.65794458290125, 23.058934806095095], [72.65794249693884, 23.058932554257417], [72.65794034764522, 23.058930353843987], [72.65793813697123, 23.058928204883703], [72.65793586683633, 23.05892610921065], [72.65793353818471, 23.05892406864443], [72.65793115295149, 23.058922084116567], [72.65792871209646, 23.058920156544044], [72.65792621752352, 23.058918288663577], [72.65792367118347, 23.05891648050403], [72.65791573889871, 23.058911427247406], [72.65791300282838, 23.058909870867986], [72.65791022366004, 23.05890838065769], [72.65790740236908, 23.058906956630953], [72.65789871286829, 23.05890309379059], [72.65788972168566, 23.05889986295966], [72.65788048313048, 23.058897282999414], [72.65787105254985, 23.058895369175257], [72.65786787650158, 23.058894881521137], [72.65786468743609, 23.05889446951016], [72.65786148730415, 23.058894133171197], [72.65785827901631, 23.058893873450256], [72.65785506452335, 23.05889369037621], [72.65785184481626, 23.058893583060964], [72.65784862376536, 23.058893553367504], [72.65784540237728, 23.058893599505144], [72.65784218356256, 23.058893722419825], [72.65783256016243, 23.058894549378675], [72.65782937119579, 23.058894976982987], [72.65782619554741, 23.058895480620816], [72.6578230342239, 23.05889605850147], [72.65781989012021, 23.058896712473494], [72.65781676619372, 23.058897440775095], [72.65781366246009, 23.058898242503705], [72.65702401831682, 23.059112476445478], [72.65669479236333, 23.05919559078242], [72.65667481185235, 23.059283478285035], [72.65665893008699, 23.059353336053167], [72.65658719362769, 23.059668876926246], [72.65627420752658, 23.05968109870603], [72.65610128710402, 23.059818607154945], [72.6562126980554, 23.06097418718893], [72.65612277348743, 23.061256878115135], [72.65613843048976, 23.061348848578543], [72.65610071545697, 23.06168072093263], [72.65597853652008, 23.061692262519013], [72.65563010073599, 23.061711536702383], [72.65488263096775, 23.06174723622081], [72.65481765868523, 23.06175439340396], [72.65477066311342, 23.061759570335358], [72.65418570702562, 23.061824008514982], [72.65352318839186, 23.061895370791504], [72.65355892112078, 23.061990527664925], [72.6534554534758, 23.062007557096003], [72.65316499365134, 23.06201884568669], [72.65309546069206, 23.061907478641032], [72.65290609460511, 23.061924811506124], [72.65203027410327, 23.06098499630897], [72.65165894116438, 23.06077022322945], [72.6511034644586, 23.05993623990358], [72.65123760888622, 23.059682856862658], [72.65084192609478, 23.058703939024], [72.65077871620412, 23.058611087880223], [72.65079300867528, 23.058582916103436], [72.65124485669241, 23.057692223348273], [72.65169669829919, 23.056801529620085], [72.65202024797712, 23.056602225490572], [72.65235187003047, 23.056079097304345], [72.65241734951545, 23.055975579933783], [72.65238395783075, 23.055958555192074], [72.65275252279736, 23.05544697822988], [72.65350314023662, 23.05426316050849], [72.65327751825446, 23.053489055092992], [72.65298607466767, 23.05332463058497], [72.65260449444244, 23.052565331668426], [72.65200909683168, 23.052157758752784], [72.65198917624132, 23.05135608492149], [72.65225490477886, 23.051153957488605], [72.65364556521541, 23.050291174900803], [72.65366123146258, 23.050238251826944], [72.65411505291004, 23.048705110897753], [72.6544098035243, 23.04797476639532], [72.65398144843252, 23.04791332557039], [72.65394651357715, 23.047540655826715], [72.65391194778218, 23.04717191426425], [72.65403033788625, 23.047048537445367], [72.65416136899951, 23.046911986535477], [72.65416217112715, 23.046909665577218], [72.6542170049443, 23.04675091389292], [72.65437376368831, 23.046757423032386], [72.65527668459762, 23.046794913352024], [72.65537690313825, 23.04649183027138], [72.65512430990297, 23.04579015673301], [72.65541384185263, 23.045297853881465], [72.65467155932416, 23.044792709846377], [72.65487989327973, 23.043951774206], [72.6544045342669, 23.043394014497185], [72.65453217001019, 23.042909018580147], [72.65453707480012, 23.042844549368496], [72.65402853669532, 23.042761225778897], [72.65375283185972, 23.042023536761025], [72.65375463386734, 23.04146529308704], [72.65359433731656, 23.041346928011237], [72.65373415352987, 23.040832316202454], [72.65375086344072, 23.04077081371721], [72.6542103885235, 23.040601407778812], [72.65420126103812, 23.040567715744213], [72.65406986094239, 23.040082710374442], [72.6548981060109, 23.040660445681784], [72.65501297834305, 23.040740573294336], [72.65545663036498, 23.041222622992745], [72.65586384363016, 23.041454689744807], [72.655998200404, 23.04176629145253], [72.65616672036538, 23.042170538809923], [72.65617116744737, 23.042181207371303], [72.65648045888403, 23.042417345204935], [72.65670266783513, 23.042383811717414], [72.65659925133426, 23.04183875315196], [72.65748728354883, 23.041915174682817], [72.6575492746521, 23.040849839654573], [72.65757444900196, 23.040417191971457], [72.6574114691425, 23.0403829637216], [72.65696832352135, 23.0401535869723], [72.65694823712731, 23.03999538101333], [72.65688963651387, 23.039771240600803], [72.65685916760413, 23.0395932680531], [72.65689176389134, 23.039218590922133], [72.6569504620458, 23.038650539796183], [72.65698032049278, 23.03811251759016], [72.65700443562835, 23.03801215353743], [72.65704031718383, 23.038020546966163], [72.65704853756515, 23.037909530700738], [72.65705707615575, 23.03779421634143], [72.65706239469175, 23.037660235549502], [72.65706703129354, 23.037659777917845], [72.65784337441598, 23.037583243442384], [72.65854519421539, 23.03771137437683], [72.65863414426208, 23.037727613348093], [72.65867109554408, 23.03774974321225], [72.65889131272452, 23.037881632557056], [72.6596885946775, 23.03834976169064], [72.65964408112465, 23.03735577879273], [72.65962671500114, 23.036968010401136], [72.6600260170189, 23.03521431329522], [72.66052823571671, 23.03521371595992], [72.66060143264147, 23.03495248156247], [72.66083695279842, 23.03500664812198], [72.6607460977235, 23.0345974934957], [72.66059633974155, 23.03413914513594], [72.66005973531173, 23.034049835604176], [72.65944025599391, 23.0341165317784], [72.6594203456928, 23.03425269746433], [72.6590906125618, 23.034101332966202], [72.65959134230363, 23.033310131542866], [72.65959702820123, 23.03297929713729], [72.65969663125718, 23.03234629748779], [72.65968868586471, 23.03199066861895], [72.6596855643318, 23.031850931703733], [72.65968259698838, 23.03171813520012], [72.66086889673673, 23.031533798530088], [72.66195414437568, 23.031500332377288], [72.6631949319322, 23.031894233809957], [72.6638804515648, 23.031982701459228], [72.6650539881602, 23.032086387886093], [72.66622752834022, 23.03219006665973], [72.66804569705235, 23.03217482093835], [72.66817100910875, 23.032173768942506], [72.66899282749293, 23.031933558904857], [72.66956345440211, 23.031766766206896], [72.66991600466622, 23.031745325337972], [72.67087359125303, 23.031527835143912], [72.67094811786137, 23.031510907972674], [72.67198022808654, 23.031276483566543], [72.67247968102596, 23.031163039686277], [72.67296948064278, 23.031051785913654], [72.67301233534141, 23.03104205211981], [72.6732404101752, 23.03101065837227], [72.67365257909357, 23.030953924541894], [72.6738020434953, 23.030900430814945], [72.6740244354472, 23.030147249605495], [72.67427997852135, 23.029425667499996], [72.67477293826606, 23.028214495701334], [72.67489266401198, 23.028020619759584], [72.67488507981057, 23.027996534730352], [72.67475581643605, 23.02758604787626], [72.67467096901325, 23.027290057998165], [72.67507220772868, 23.02714694665462], [72.675077793609, 23.02714440877435], [72.67510979010206, 23.027129866975706], [72.6751233802563, 23.027128694450354], [72.67541761410186, 23.02710330818548], [72.67585782715543, 23.02713149309147], [72.67673504563622, 23.02725381390471], [72.6771355852107, 23.02730966456737], [72.67748692912502, 23.026660645733536], [72.67752056522171, 23.026598512598955], [72.67936249077935, 23.0269201703571], [72.67941018078909, 23.026928498930978], [72.67944447934134, 23.02693448771164], [72.67994522175577, 23.026917358997537], [72.68002214902647, 23.025784107521527], [72.68004305472334, 23.025435848980305], [72.68019310526196, 23.024376941028915], [72.68025047905135, 23.023972049421463], [72.68072710025517, 23.023922969381122], [72.68183731627911, 23.02390774851745], [72.68294753277947, 23.02389252073716], [72.68312333521497, 23.023915897812586], [72.68436444131748, 23.023988751929757], [72.68560554870244, 23.02406159639453], [72.6856123401303, 23.024123811167605], [72.68573431992215, 23.02524123460776], [72.68610740473629, 23.025393649584363], [72.68621454770972, 23.025437420479218], [72.68621756797414, 23.025438654586228], [72.68621479725671, 23.025450911465416], [72.68621454822198, 23.02545201468868], [72.68606414948684, 23.026117355006676], [72.6862120788174, 23.02725578744689], [72.68627270120595, 23.027722325388275], [72.68622864809353, 23.028564717282798], [72.6862205658593, 23.028719266836056], [72.68611410861794, 23.029335655508596], [72.68613365416304, 23.029879400763065], [72.68614403014304, 23.029884759173616], [72.68648836394088, 23.030062588699778], [72.68656373190045, 23.030062696298085], [72.68686367922382, 23.03006312208996], [72.68744090406263, 23.03057065203281], [72.68784982874188, 23.031217555567643], [72.6881409709048, 23.03228453650924], [72.6883005779176, 23.03235742844488], [72.68946094596438, 23.032509600641095], [72.68946202939962, 23.033252386568694], [72.68967117587883, 23.033980173964334], [72.68934048533133, 23.033971787656718], [72.68777936874304, 23.03393218726779], [72.6877821703455, 23.034307679711677], [72.68778756662002, 23.035030829180993], [72.68761765017516, 23.03512031088916], [72.6868733122691, 23.03551228954368], [72.68669000677917, 23.035669183361744], [72.68646355242736, 23.035963345102832], [72.68616163403796, 23.03628114770184], [72.68607505145216, 23.03647624532781], [72.68592633426515, 23.036811348419374], [72.68586410241227, 23.03693170519601], [72.68578344677037, 23.037131268947746], [72.68569770426541, 23.037164906361483], [72.68563502001385, 23.037189497272045], [72.68519269831108, 23.037478577464448], [72.68471901308189, 23.03775118449804], [72.6841532510157, 23.038086155492874], [72.68420585148851, 23.038184310076584], [72.68422060350034, 23.038211837512446], [72.68387632427425, 23.038816635563805], [72.68378514054602, 23.039035308227824], [72.68357797770653, 23.03969271106934], [72.68353935131846, 23.03972287365865], [72.68358605110099, 23.0401246305357], [72.6836029725733, 23.040363448976997], [72.68359085636094, 23.040496904841962], [72.68358384107731, 23.041176087266216], [72.68359108625592, 23.041778256403024], [72.68359006358997, 23.042623962223082], [72.68384532674837, 23.042807208321225], [72.68440170283382, 23.043615111092123], [72.68489371144615, 23.04425290999499], [72.68501315771577, 23.044378298484837], [72.68506772126094, 23.044776745875904], [72.68512343286089, 23.044997667751662], [72.68499597120936, 23.045507160128086], [72.68489067759842, 23.045948224191005], [72.6847107661656, 23.046110254277377], [72.68449989529935, 23.046251097235256], [72.68446122514375, 23.04627692481696], [72.68444400326071, 23.046377946856254], [72.68438502965505, 23.046723888449467], [72.68402882696319, 23.046723796764695], [72.68368763628645, 23.046723707592907], [72.6836662801893, 23.04687040146669], [72.6837026329481, 23.047026888932866], [72.68375048898615, 23.047131192006674], [72.68408886320547, 23.04786868648589], [72.68408920025419, 23.047935885916008], [72.68466498935369, 23.04930243488676], [72.68504052165096, 23.05039749770343], [72.6851099794868, 23.050506012581096], [72.68507892158041, 23.050741405162952], [72.68514207601021, 23.05100759264196], [72.68515048539071, 23.05168106382807], [72.68518815872127, 23.052353856764814], [72.68519667750743, 23.05281039257121], [72.68560466549224, 23.05357020306557], [72.68557817881592, 23.05406526521865], [72.68557007237825, 23.05415761825815], [72.68494251744845, 23.055230520547052], [72.68461998388385, 23.055759117146568], [72.68424163483624, 23.05592235013421], [72.68351333886302, 23.056236557557476], [72.68313149273293, 23.056537323022592], [72.68267046075078, 23.056634122360702], [72.68257415018039, 23.056669647937145], [72.68104033719722, 23.057190390820132], [72.6810878018019, 23.05748652686259], [72.6811076648079, 23.057610456222687], [72.68114633165797, 23.058045066151788], [72.68099764122981, 23.05912244108193], [72.68097434770078, 23.059289766710283], [72.68090720674809, 23.059321657455463], [72.68104549290271, 23.059668702316433], [72.68210902735906, 23.06106052754746], [72.6820526979758, 23.061608403769217], [72.68199255874855, 23.06225267968616], [72.68197219489383, 23.062752022330336], [72.68213742084771, 23.063169975816155], [72.68221486228802, 23.063413016842606], [72.68231713027049, 23.063677014552734], [72.68224464641759, 23.063726725781965], [72.6822524327667, 23.063811143717377], [72.68217969606069, 23.064095889104532], [72.682250093201, 23.064280527959337], [72.68247291126588, 23.064485893722885], [72.68234803440863, 23.06461257557705], [72.68234366393753, 23.064691625724464], [72.68211641461154, 23.065280666050786], [72.6819741863629, 23.065743638590952], [72.6814348666069, 23.066206723307783], [72.68135804400512, 23.066278458740463], [72.6810469897399, 23.06656891272816], [72.68053417557984, 23.066681443964395], [72.68019395325389, 23.066780807395883], [72.67968287721601, 23.066898357493617], [72.6786133313367, 23.067262160787692], [72.67799733904461, 23.067200712233976], [72.67799347306882, 23.067200326775122], [72.67758894398663, 23.067426145768444], [72.67718072824016, 23.067445087079882], [72.67694188947846, 23.06749882861892], [72.67699655796346, 23.067782753101987], [72.67702510602518, 23.067931022228528], [72.67722101596503, 23.06894848880393], [72.67827920384659, 23.06883392949806], [72.67933738960777, 23.068719363837182], [72.68094339459483, 23.068578254624605], [72.68145290918352, 23.06862756615394], [72.68213110432312, 23.068624394133344], [72.68390668847715, 23.068539143075782], [72.68510676757433, 23.06851188953028], [72.68630684705154, 23.068484626819355], [72.68787101059846, 23.068395948343753], [72.68875442026217, 23.068548317230697], [72.68953722743157, 23.068695239063786], [72.69112006724502, 23.069224300624562], [72.69295046684613, 23.069619357391648], [72.69427218397388, 23.069877669900553], [72.69550134262617, 23.07021720995559], [72.69602157998189, 23.07024757381275], [72.69786915900427, 23.070403632422874], [72.6987915184846, 23.071269159294733], [72.69961734537345, 23.071529934827204], [72.70010480786728, 23.071315444898975], [72.70133592689226, 23.071760107880092], [72.70256705478778, 23.07220476188583], [72.7023557921388, 23.07283027558967], [72.70217474252428, 23.073252865163703], [72.7015793765288, 23.0746557298312], [72.70097962101205, 23.076320420827404], [72.70070654501674, 23.0763360812769], [72.69996249750989, 23.076170465290524], [72.6999154019854, 23.07615998270627], [72.69928649436956, 23.076019991872233], [72.69786645247841, 23.075703890224748], [72.6970269063684, 23.075604723227134], [72.69700907231092, 23.0757297972146], [72.69540994502653, 23.075456108584437], [72.69481405127225, 23.075428106545367], [72.6935171861118, 23.075380877582205], [72.69222032286301, 23.075333638032333], [72.69095264690468, 23.07516265551987], [72.68970139797149, 23.075523524948093], [72.68925212373611, 23.076085140590536], [72.68926736921419, 23.07629349705804]]]}, "properties": {"objectid": 2, "name": "17- Kheda Loksabha", "st_area(shape)": 16160292.11590713, "st_length(shape)": 27528.388671760815}}, {"type": "Feature", "id": 3, "geometry": {"type": "Polygon", "coordinates": [[[72.59717728725641, 23.063842780374546], [72.59706703480492, 23.06397713011707], [72.59694820772582, 23.064265693636806], [72.59692820021509, 23.064314282189997], [72.5965647246999, 23.064181373133767], [72.59649410216743, 23.06414921305085], [72.59635639466889, 23.06405383402089], [72.59633510853435, 23.06403909087011], [72.59630750459519, 23.06402300303112], [72.59558121045677, 23.063599705548413], [72.59510830729836, 23.063269648231355], [72.59483746585057, 23.063132404935725], [72.59404451518586, 23.062743440832712], [72.5936112762967, 23.06262205849629], [72.59345600776145, 23.062558998265697], [72.59342845804974, 23.06256479512047], [72.59284499960843, 23.062315046063322], [72.59214230298458, 23.061944767276756], [72.59177823430112, 23.06193088227624], [72.59142727660542, 23.06193215541729], [72.59138755912214, 23.061907367965574], [72.59138775268934, 23.061531926056585], [72.59110873203392, 23.061531552702522], [72.59085386452789, 23.06153482158052], [72.59074828687683, 23.06196651721332], [72.5907463001926, 23.061974640827447], [72.59044732916281, 23.06319708569125], [72.58985707390002, 23.06288012478999], [72.58953591049541, 23.062707662169633], [72.58952651046602, 23.062702613930547], [72.58860569981901, 23.062208138256064], [72.58768489530323, 23.06171365683339], [72.58676409786185, 23.061219171482815], [72.58587078984226, 23.060559251863857], [72.58497748973654, 23.059899328764907], [72.58408419952733, 23.059239400411197], [72.58319091724762, 23.058579467675916], [72.58233722825373, 23.057673831672943], [72.58148355053989, 23.056768192831058], [72.58062988413766, 23.05586254934579], [72.57982866357433, 23.054820523010616], [72.57902745399461, 23.05377849351758], [72.57854175916508, 23.052873360199825], [72.57805607040227, 23.05196822494345], [72.57757038767346, 23.051063089553747], [72.57708471099431, 23.05015795312837], [72.57659904038057, 23.049252814764973], [72.57611337579945, 23.04834767626885], [72.57569050053827, 23.04721753794667], [72.57526763151937, 23.046087398946415], [72.57484476776689, 23.0449572592533], [72.57463962249635, 23.044034392755695], [72.57443447940977, 23.043111527034505], [72.57422933853933, 23.042188660284708], [72.57402419985245, 23.04126579431143], [72.57381906338124, 23.04034292730961], [72.57382263134784, 23.04017956812173], [72.57322708025816, 23.040225414100146], [72.57322253222647, 23.040225764073778], [72.57258245004915, 23.04027503612434], [72.57150635060597, 23.040349562688885], [72.57043025068667, 23.04042408272226], [72.56990001431694, 23.040475862451107], [72.56915986631323, 23.040431920990684], [72.5683104900287, 23.04037775032469], [72.56728788976756, 23.040269320675524], [72.56665824091267, 23.04015910826849], [72.56608998820033, 23.04004544850986], [72.5659195204315, 23.040014111264103], [72.56553145662053, 23.039942771525023], [72.56490263662774, 23.039783138389218], [72.564826563247, 23.039791354493126], [72.56460289849458, 23.039815512137537], [72.5645868379658, 23.03983940931289], [72.56453169948524, 23.039845364954633], [72.5643469700242, 23.04012021829558], [72.56371871899928, 23.041693421709205], [72.56304565787606, 23.043061439713824], [72.56282576475931, 23.04377056461589], [72.56273691919485, 23.04418471406305], [72.56249008216241, 23.045941785617863], [72.56237422387193, 23.04700688547496], [72.56235535927493, 23.047511418227433], [72.56235798698276, 23.047523244400097], [72.56241821042606, 23.047794233770876], [72.56229242515036, 23.047801584092017], [72.56157621240266, 23.047806405317377], [72.56077180224503, 23.04779604794368], [72.5595224225416, 23.047727375475578], [72.55827304413329, 23.04765869231211], [72.55772978148738, 23.047629621303088], [72.55721868652486, 23.047596286245376], [72.55688822419093, 23.047542020823098], [72.55614067139126, 23.04743176929992], [72.55561019807936, 23.047283133391666], [72.55495820731485, 23.0470983776554], [72.5544833959081, 23.04701265889341], [72.55424606292118, 23.04704812219011], [72.5538882830975, 23.04717812364701], [72.5523899159672, 23.047357177061098], [72.55121595770335, 23.047486754619683], [72.55063346928912, 23.0475120253003], [72.5489052121738, 23.047513190253625], [72.54813469504538, 23.0475158696977], [72.54709948991713, 23.047535349159194], [72.54658429849444, 23.047603584320314], [72.54541212891709, 23.047844785772927], [72.54482480698016, 23.047989498745103], [72.54453281877853, 23.04808698341828], [72.54419668485261, 23.04813149730068], [72.5439072228759, 23.04816982966081], [72.54338547031654, 23.048295712480275], [72.54329389686325, 23.048330468019266], [72.54314566910038, 23.04836622955059], [72.54304740815505, 23.048433029143496], [72.5429043026766, 23.048530314578958], [72.54239146288053, 23.04834010320668], [72.54209513431388, 23.048260808738135], [72.54172057977574, 23.047916593898147], [72.54154537068159, 23.047755576083752], [72.54139811575787, 23.047667338248512], [72.5410755415735, 23.04747404411471], [72.54111261173396, 23.047400305769077], [72.5411843289729, 23.04725765179707], [72.54095191462179, 23.047164218582157], [72.54089259290645, 23.047198838095355], [72.54088070743134, 23.047194059929485], [72.5408322893333, 23.04722231580781], [72.54053796966122, 23.047394072697394], [72.53959307314766, 23.04731739317637], [72.53928302570722, 23.047292231552788], [72.53929647517178, 23.04710757511654], [72.53930866782399, 23.046940160737805], [72.53932821791241, 23.04667173938322], [72.53935058939167, 23.04634024291212], [72.53889197067329, 23.04617336190946], [72.53868179716115, 23.04609688444655], [72.53699310172017, 23.046115888051244], [72.53705628954613, 23.045695529017227], [72.53710130154896, 23.04539607910043], [72.5366390586782, 23.04516872119303], [72.53600571102268, 23.044857201127314], [72.53602815630747, 23.044717831407485], [72.53536384270522, 23.04450447947326], [72.53540885441252, 23.044220751735633], [72.53549992042844, 23.043646727707987], [72.53503770999875, 23.043446571643827], [72.53424134240142, 23.043101708199483], [72.53367737621836, 23.042873354144298], [72.53362515843465, 23.0425637708235], [72.53352496158918, 23.041969724463993], [72.53369392436714, 23.041856517336225], [72.53376064081405, 23.041607819909224], [72.53344953642667, 23.041469945754248], [72.53343364578639, 23.041162737440022], [72.53346140146738, 23.040740893041807], [72.5332347780472, 23.040546415045448], [72.53321670249214, 23.040373506266537], [72.53276627087999, 23.039811879993035], [72.53264246387306, 23.039681706786443], [72.53264021877982, 23.039680883640383], [72.5323032789819, 23.039557282258116], [72.53230166523437, 23.03926329650096], [72.53229996949223, 23.038954484408823], [72.53191965707082, 23.038938086359497], [72.5319037662096, 23.03886985720558], [72.53180860430747, 23.038461252465346], [72.53174793622726, 23.038200758696366], [72.53146025242815, 23.03816495309765], [72.53100141957441, 23.03810784495595], [72.5309642164854, 23.03797481267568], [72.53123079304184, 23.037689132697256], [72.53129812818634, 23.037616971639398], [72.53229949133116, 23.036776903754145], [72.53230344967018, 23.036303745631287], [72.53228323440544, 23.036121142108804], [72.53217730797422, 23.036141775090172], [72.53212315635682, 23.03610952929978], [72.53216162845715, 23.03572627367167], [72.5322683888745, 23.035733351136358], [72.53225072852159, 23.035697622478295], [72.53233959126801, 23.03570351417806], [72.53224681170221, 23.03551580776713], [72.53195562435313, 23.034974585382002], [72.53171775309191, 23.034720267255107], [72.53174163421873, 23.034643979878183], [72.53171520490491, 23.034533286698412], [72.53158491709726, 23.034491622687458], [72.53146612574324, 23.034453635335577], [72.53139073354141, 23.0343595322533], [72.53135330519719, 23.034228758847348], [72.53134222229546, 23.0341900372587], [72.53129004044536, 23.034007714569363], [72.53126796094045, 23.033930570642713], [72.53119328094674, 23.033876025608325], [72.53102067838091, 23.03385704663622], [72.53095655950385, 23.033849996052925], [72.53086343426925, 23.0334266230215], [72.53083566112706, 23.033362084685887], [72.53048036721455, 23.032536461764966], [72.5300973056594, 23.031646300843644], [72.5301506862392, 23.03144462773044], [72.53004075793854, 23.031355200850072], [72.52977548159546, 23.0309746372186], [72.52942605106355, 23.030473342104067], [72.5288113518433, 23.029591482474938], [72.52882720965003, 23.02958044945839], [72.52998244609694, 23.02877667631171], [72.53031103118984, 23.028165159413156], [72.53082823166325, 23.0270664967237], [72.53102932708497, 23.026710870231597], [72.53103228604135, 23.026705638011002], [72.53133642042181, 23.026244336013516], [72.53233019872899, 23.025128331485032], [72.53262550149192, 23.0250208378128], [72.53264361372567, 23.025010323394028], [72.53269669794818, 23.02499100016161], [72.53307065476011, 23.024773903802927], [72.53417990762892, 23.024346740181446], [72.53418021132273, 23.024344200945382], [72.53425110346028, 23.024316900864672], [72.53432532871248, 23.023695936120443], [72.53478262482146, 23.02249673217542], [72.53538894211184, 23.021525979132598], [72.5358210076912, 23.02059115311937], [72.53625306774642, 23.01965632532325], [72.53638604660043, 23.019427528350317], [72.53659769656629, 23.018934469289857], [72.53679678215194, 23.017782518555364], [72.53680725606934, 23.017524292945456], [72.5368040300838, 23.016180071834803], [72.53627360534367, 23.01558339425942], [72.53623668367136, 23.015541860217013], [72.53560443837593, 23.01527218948675], [72.53545239762593, 23.015070262729623], [72.53537329568225, 23.014910097121753], [72.53534966315092, 23.01486224567232], [72.5352771192706, 23.01453379056661], [72.53495663314798, 23.013650189554955], [72.53469973849235, 23.01292975501855], [72.5346592696856, 23.012903203570804], [72.53461661703251, 23.012875219713653], [72.53459729482731, 23.012862542730847], [72.53459083319304, 23.01283248941756], [72.53456716184944, 23.012722392065182], [72.53433504676794, 23.01164279338188], [72.53424956142797, 23.01161908462335], [72.53407752734894, 23.011571372352115], [72.5340327628163, 23.011269697723865], [72.53390581773904, 23.01041420171185], [72.53386435191149, 23.010065393974536], [72.53410939514983, 23.009914854428494], [72.5341127966941, 23.009912765187366], [72.53416064625726, 23.009883368594174], [72.53418386758258, 23.00988528589105], [72.53419690513873, 23.009621597284244], [72.53423602800389, 23.008830312181303], [72.53431591917249, 23.008540552610647], [72.53440707144917, 23.00822951253995], [72.53560955138278, 23.008328858172053], [72.53681203401405, 23.00842819390753], [72.53684057020456, 23.00839482969738], [72.53688322066257, 23.00839835257552], [72.53740681250942, 23.007786153878175], [72.53818177458733, 23.0079794258307], [72.53821115051656, 23.00793915744928], [72.53825296073433, 23.007949584736348], [72.53838488067343, 23.00776874641302], [72.5393468830505, 23.006215371014797], [72.5396922173666, 23.00503448816503], [72.53969721276934, 23.0039697535821], [72.5396709661765, 23.003245473991385], [72.53924428755785, 23.002041134209485], [72.53908066675262, 23.00161022450338], [72.53904926632022, 23.000865015487207], [72.53900747305892, 23.00071163736268], [72.53888879717088, 23.0002638558518], [72.53878784873031, 23.000202368209287], [72.53875435527027, 23.000201062945628], [72.53799173766501, 23.000171331714466], [72.53679253736473, 23.00008757234319], [72.53623403430136, 23.000049569840268], [72.53607965787992, 23.000035105236915], [72.53439225607201, 22.9998769934292], [72.53445189666732, 22.99961765036358], [72.53458055927935, 22.99905816100813], [72.53462157557261, 22.998879802336187], [72.5351467428899, 22.998832381097685], [72.5351490374464, 22.99880876179608], [72.53521792455844, 22.998802540979828], [72.53525669993365, 22.998403299487823], [72.5352246961649, 22.997164356490487], [72.53533735058284, 22.996473758894723], [72.53561408991288, 22.996291710922794], [72.53529830950004, 22.99619470000021], [72.53509512313927, 22.996132278542436], [72.53417810877058, 22.99585055679632], [72.53411355358455, 22.9956786335693], [72.5341140750555, 22.99566920152874], [72.53411604300771, 22.995633616487545], [72.53415724991572, 22.994888460116293], [72.53401039161551, 22.994839514530778], [72.53376463455777, 22.994757607732943], [72.53349825524057, 22.994668827075508], [72.53261309134686, 22.99441577927889], [72.5325264996607, 22.99425616703133], [72.5324495251372, 22.9941142813591], [72.5327116723112, 22.993395999209056], [72.53235714287037, 22.993258643314327], [72.53223981818077, 22.99321918412301], [72.53084315071726, 22.992749447219836], [72.53045491829921, 22.992553018723456], [72.52981610150458, 22.992229802189023], [72.528965859802, 22.991668136240285], [72.52815684394771, 22.990818326578218], [72.52821077405157, 22.990702507761544], [72.52750129485175, 22.989901713382388], [72.52794313086272, 22.988998397082046], [72.52924932694478, 22.98942962694021], [72.52930783348856, 22.989395605751895], [72.52932050449579, 22.989399789127987], [72.52951127860221, 22.989288853655786], [72.5299191664102, 22.9894390667002], [72.53105892740244, 22.98958043889815], [72.53219869061438, 22.98972180307368], [72.53226615528328, 22.98969150340607], [72.53226986878573, 22.98969196390757], [72.53344253806884, 22.98916527300409], [72.53405350808787, 22.988729691232123], [72.53498811160051, 22.988118363230303], [72.53518424251556, 22.986827342794935], [72.5354947617982, 22.985240931541984], [72.53556002061055, 22.983976577355087], [72.53562527699899, 22.9827122237553], [72.5367798498743, 22.981676256862414], [72.53738188692594, 22.980865177110154], [72.53798391651979, 22.980054094367592], [72.53816183859342, 22.979814387301797], [72.53858593865623, 22.979243008634974], [72.53918795335206, 22.97843191901008], [72.53931019333892, 22.97801959894995], [72.53972241397521, 22.976473782833995], [72.53964067860433, 22.975828339509924], [72.53959291669258, 22.97538544533385], [72.5398088966589, 22.975129613808065], [72.53998770229973, 22.974838983603707], [72.54007625461722, 22.97432558485003], [72.53998139313494, 22.97346988870301], [72.53993956689916, 22.972802264776316], [72.53998733572283, 22.97240823361437], [72.53931071292176, 22.97147543262563], [72.53837879076265, 22.970009472775136], [72.53745445191325, 22.9685445445995], [72.53783415281428, 22.968481588137497], [72.53836508238554, 22.968393554931968], [72.53837834018228, 22.968477840770735], [72.5384202056395, 22.968744001421765], [72.53940510038261, 22.968677740086502], [72.5394027132053, 22.968652844478186], [72.53947626481424, 22.968647896496204], [72.5393870757684, 22.967717686310586], [72.53937504249718, 22.96759218030595], [72.53927382093016, 22.966536464060155], [72.53948849061666, 22.96650366760988], [72.53991632814082, 22.966438303272955], [72.53991399192819, 22.96641968809133], [72.53998749127584, 22.966408458431086], [72.53988110591027, 22.965560707973477], [72.53939718632449, 22.96560896725642], [72.53926947955782, 22.96562170309513], [72.53911730908396, 22.96563687829572], [72.539116551645, 22.965659701079343], [72.5390461462352, 22.965666721865098], [72.53902646178999, 22.96625980467234], [72.53902116373605, 22.96641943780875], [72.53863584216624, 22.966469834076914], [72.53751780265371, 22.96661605623397], [72.53684580156367, 22.966501443826935], [72.53659245798443, 22.966458233928293], [72.53654571581767, 22.966381435937876], [72.53629245146736, 22.965965316712275], [72.53564567883451, 22.96482678173527], [72.53499891537452, 22.96368824489591], [72.53551832659355, 22.963394061760884], [72.53574530239929, 22.962383880942678], [72.5359722731243, 22.96137369937375], [72.53649037107046, 22.96073637627643], [72.5367961822606, 22.95998039437819], [72.53698520627012, 22.959310380936596], [72.53759271894168, 22.958512870066873], [72.53695763008419, 22.95769125973761], [72.53632254866494, 22.956869647452294], [72.53557829042879, 22.95596286995461], [72.53483404282892, 22.955056090647542], [72.53441376824472, 22.954577213546134], [72.53297026208718, 22.954035140682578], [72.53279246183567, 22.953196532340332], [72.53280463840511, 22.952200812101648], [72.53281681405498, 22.951205091733225], [72.53281932516845, 22.95099973311969], [72.53282898878535, 22.95020937123507], [72.53284116357074, 22.949213650622355], [72.53348112505643, 22.94769091237257], [72.53303345301552, 22.94634601604601], [72.53239140071979, 22.944684183629814], [72.5321792028047, 22.94362263929773], [72.53196700643265, 22.942561093924045], [72.53209870361661, 22.941338025456357], [72.5322303963486, 22.940114956486617], [72.53334563009734, 22.939887122413484], [72.53446086088248, 22.93965927925738], [72.5355760876964, 22.93943142880843], [72.53669131250393, 22.93920357019466], [72.53780653434654, 22.93897570249866], [72.53892175221671, 22.93874782751058], [72.54019046196038, 22.938469220215367], [72.5414591665004, 22.938190602287126], [72.5414816777371, 22.93817143692887], [72.54153031392664, 22.93816075624442], [72.54226296081009, 22.9375370029902], [72.5426630926628, 22.937196338845997], [72.54299560201444, 22.936913244833253], [72.54372823555842, 22.9362894835487], [72.54446086340741, 22.93566571826455], [72.54538767751568, 22.935439255223304], [72.54652117184152, 22.93524544769225], [72.54751425225558, 22.93531639919053], [72.5484700456853, 22.93497014061457], [72.54848800594652, 22.934959557796994], [72.54854119015012, 22.934940290231328], [72.54897266288495, 22.93468605739581], [72.55033570598789, 22.93450524797609], [72.5509051250621, 22.934505102707924], [72.55213000536232, 22.934427167966167], [72.55335488618282, 22.9343492236513], [72.55457976653236, 22.934271270650846], [72.55596698307424, 22.934372272815253], [72.5572903794836, 22.934531504304324], [72.55806255110431, 22.93462440674448], [72.55861377911123, 22.93469072499316], [72.55865282062976, 22.934904374927992], [72.55878011791204, 22.935931437513002], [72.55890741634761, 22.936958500040976], [72.5590347159366, 22.937985562511933], [72.559617463929, 22.93887415438758], [72.56020021821303, 22.93976274376932], [72.55998188099466, 22.940235675376062], [72.56029351366969, 22.940583667937553], [72.56072212923723, 22.941384358639677], [72.56109530487622, 22.942366593218807], [72.56130658833224, 22.943611468494353], [72.56142276705177, 22.94437750593541], [72.56142963439521, 22.944925672562114], [72.56134494434338, 22.945958053445782], [72.56127718849265, 22.946994384154415], [72.56088351363397, 22.947902586590146], [72.56072313990882, 22.94828294510694], [72.56066279295973, 22.948426069336485], [72.56111923261516, 22.94855386810034], [72.56118428434466, 22.948522305411153], [72.5611903822682, 22.9485240133608], [72.56143265158278, 22.948406466387038], [72.56235902656654, 22.948150541488708], [72.56231572306922, 22.948353855765735], [72.5631208466034, 22.948378013483584], [72.56457786554896, 22.948431092700012], [72.56594262289092, 22.94848079874049], [72.5660348869742, 22.948484158613912], [72.56621989107029, 22.948759320712814], [72.56662182721601, 22.949455605580333], [72.56716089807148, 22.950402436983836], [72.56726246715051, 22.950580833658908], [72.56834727620347, 22.951170741744306], [72.56973711624995, 22.951915369851076], [72.57058332953135, 22.952352604464487], [72.57075773587344, 22.952442719178787], [72.57109549688964, 22.953799614045586], [72.57130792725508, 22.954115288482832], [72.57148961553577, 22.954412805406896], [72.57163444351805, 22.95464996094579], [72.57210327433866, 22.9546640014987], [72.57318612623476, 22.954630815498472], [72.57364332459203, 22.954769632080794], [72.57381879128476, 22.95482290749673], [72.57519294766118, 22.954394765063164], [72.57616757456519, 22.954119768121764], [72.57714219902442, 22.953844765754578], [72.57714898381428, 22.953833064630018], [72.57721334877945, 22.953814902869514], [72.57795384844589, 22.952537801330216], [72.57810410140387, 22.95080152593829], [72.57815576675242, 22.949497063873746], [72.57814725430839, 22.949238208276217], [72.57810666023892, 22.94867228225965], [72.57805516556604, 22.94790843011886], [72.57806088837286, 22.94747344634092], [72.5780043553241, 22.947422185841724], [72.57797038171584, 22.94713303026241], [72.57791422440835, 22.946934934748093], [72.57791541983532, 22.946771454077474], [72.57793099884877, 22.946716717808716], [72.57788856342562, 22.946530141959293], [72.57789198644399, 22.946326193648325], [72.57786820740372, 22.946192566716814], [72.57791293249068, 22.945953944876898], [72.57792336972878, 22.945869079052112], [72.57799040198614, 22.945780876901207], [72.57803276133677, 22.94549853849129], [72.57800465564603, 22.94540019676727], [72.57800923796906, 22.94521394988226], [72.57802429557529, 22.945149830190196], [72.57802724671288, 22.94498270827295], [72.57796996061184, 22.944612564357215], [72.57803774099376, 22.94459503277392], [72.57841020435485, 22.94454460495158], [72.57833008981974, 22.944484400880057], [72.57878137141016, 22.944514914199], [72.57896281024387, 22.94450879971153], [72.57905968810728, 22.944505534414482], [72.57946928227557, 22.945891102648062], [72.57941916504964, 22.946222157627066], [72.57951938059676, 22.946274290184967], [72.57939912150793, 22.946668369656535], [72.57943330032903, 22.947056924113813], [72.57967316650073, 22.947804246152426], [72.57978728187123, 22.948547518194175], [72.5799197589925, 22.94927494034046], [72.57998830249828, 22.949460516783716], [72.58005014408613, 22.95082767907216], [72.58003774549393, 22.950910279828516], [72.58000862403208, 22.951104290038494], [72.58043728715138, 22.95111216428398], [72.58090512395437, 22.951164691901642], [72.58130930742702, 22.95017973003255], [72.58136444995458, 22.950136814876238], [72.58171991511618, 22.950124296235217], [72.58263132684266, 22.95033162096019], [72.5839597787722, 22.950585809073583], [72.5849149871388, 22.950800216263296], [72.58587019905907, 22.95101461794512], [72.58773514779413, 22.95145143554382], [72.58867138244534, 22.95205461747337], [72.58929450912439, 22.952456070618503], [72.58960762470264, 22.952657795423214], [72.59028962794771, 22.953107764976497], [72.59045495217045, 22.953216841116344], [72.59122957461554, 22.953370696197055], [72.59190210266286, 22.953467004085503], [72.59231500934385, 22.95351562030383], [72.59257677959616, 22.953615118705383], [72.59282551516849, 22.95362724614799], [72.59295185022349, 22.953631190043364], [72.59328587389592, 22.953654205530793], [72.59433608674468, 22.953683593664113], [72.59431031155958, 22.95327496622197], [72.59475863643, 22.95333657923537], [72.595101114571, 22.953050770821534], [72.5951543261931, 22.953006364252307], [72.59535610438108, 22.95315307968915], [72.59548249630045, 22.953235167247218], [72.59564712639224, 22.953342089016964], [72.59612743459427, 22.952988614888387], [72.59619414891861, 22.95265593230895], [72.59653547303022, 22.952310559202804], [72.59666141395037, 22.95212213226194], [72.59675300320588, 22.9519026990011], [72.59724078464674, 22.951938888778564], [72.59734597820251, 22.95194669313933], [72.59762141232834, 22.95207179402353], [72.597934869622, 22.9524981704401], [72.598333638718, 22.95262880488216], [72.59842967959047, 22.952692167818068], [72.59881251532445, 22.952925135287565], [72.59906246689826, 22.953277794550125], [72.59909727253842, 22.95332690188177], [72.59917182899893, 22.953318847626868], [72.59935145149385, 22.95329944353052], [72.59969862855587, 22.95359487068268], [72.59973982029395, 22.953629922361518], [72.59987291330143, 22.953618589356733], [72.6000331587587, 22.95360494351424], [72.60042653726252, 22.95375272398646], [72.6003586995484, 22.954104466248182], [72.60049591835521, 22.954140822148172], [72.60122622049805, 22.9544684328873], [72.60147973620397, 22.95465995501734], [72.60151115783376, 22.95495280791651], [72.60172851971384, 22.955038505977285], [72.60220085832486, 22.955284543643334], [72.60241203450244, 22.955409671677835], [72.60244694985464, 22.955531768380155], [72.60245532380479, 22.955634773119055], [72.60262971425882, 22.955704711007666], [72.60306480581997, 22.95649157185983], [72.60338259137846, 22.95662786669613], [72.60354570368601, 22.956919177586634], [72.60384196859792, 22.957100482905094], [72.60387334482597, 22.95743879708306], [72.60406968152176, 22.957768532592315], [72.60399749260579, 22.958325973651213], [72.60448705094672, 22.958779461161065], [72.60482029766897, 22.959453111450888], [72.60508872623222, 22.960100805165293], [72.6058127292517, 22.96156568380193], [72.60632332808694, 22.962537593404225], [72.6068243996054, 22.963190099951515], [72.60680843306291, 22.963301621548442], [72.60715830022112, 22.96367943592785], [72.60730977903954, 22.963843013810077], [72.60750545047478, 22.96408708581822], [72.60757335026265, 22.964354662597454], [72.60782278821222, 22.965499022836827], [72.60791521832697, 22.966055631126935], [72.60808052901977, 22.966720163776838], [72.60827525723572, 22.967399274486777], [72.60840596428308, 22.96757645657554], [72.60878226860409, 22.96830601258962], [72.60929181750521, 22.96918697313378], [72.60980137261895, 22.970067932506343], [72.610310932971, 22.97094889069234], [72.61073144061805, 22.97182083647341], [72.61115195322715, 22.972692781505177], [72.61122506988416, 22.97359188190386], [72.61129818692815, 22.974490982257358], [72.61132249991361, 22.974788555379234], [72.6113453871199, 22.975068682996007], [72.61201642887735, 22.97436954557428], [72.61268746462157, 22.973670404684313], [72.61335849240338, 22.972971260297047], [72.61422578670344, 22.972244612758672], [72.61510156838047, 22.971663004993417], [72.61533738778179, 22.971506395553575], [72.61622674193443, 22.971245739376723], [72.61763522611069, 22.971188174117625], [72.61863577485718, 22.971110029440382], [72.61963632209178, 22.971031878327565], [72.62063686877306, 22.970953721696485], [72.62166253327482, 22.97107390956989], [72.62274230849987, 22.971186893041036], [72.62382054369091, 22.97129970803631], [72.62382208525845, 22.97129986928224], [72.62444673383385, 22.97143162107271], [72.62404709273923, 22.972374146066052], [72.62365563965389, 22.973250388438235], [72.62326418107169, 22.97412662842794], [72.62287271697649, 22.97500286693762], [72.62248124639319, 22.975879103952526], [72.62208977125516, 22.97675534040435], [72.62169829061888, 22.977631574473207], [72.62130680349338, 22.97850780704689], [72.62091531181213, 22.97938403905713], [72.62052381463157, 22.980260268684027], [72.62013231193556, 22.981136496830004], [72.62007749686876, 22.98125917743589], [72.62012498884863, 22.981318396120074], [72.62024105435346, 22.98146311926034], [72.62126383189728, 22.981862113811818], [72.62228661696331, 22.982261102253894], [72.62284524400074, 22.982529768417937], [72.6232214468875, 22.982791623887028], [72.6233797195613, 22.982901788890537], [72.62347648991518, 22.982901456898812], [72.62398485664856, 22.98289971148574], [72.62505740085041, 22.98274519918687], [72.62612994231088, 22.98259068029974], [72.6272024830108, 22.98243615304859], [72.62827502096857, 22.98228161920951], [72.6293655722375, 22.98199109877991], [72.63045611950747, 22.981700570435518], [72.63154666375294, 22.981410034191214], [72.63263720302395, 22.98111949001814], [72.63273560416407, 22.981424594555616], [72.63281556596823, 22.9816454687315], [72.63416107807734, 22.98145885542231], [72.63550658757248, 22.981272230361284], [72.63565132420517, 22.981252785647964], [72.63653657545272, 22.98115861267661], [72.63651367428773, 22.98124913058912], [72.6377202933029, 22.9818313591668], [72.63892692334069, 22.982413578465316], [72.6393214993492, 22.983291996612227], [72.63971608097019, 22.98417041502846], [72.6401106672606, 22.985048831894176], [72.64084481935735, 22.986391768365372], [72.6415226582615, 22.987206811731173], [72.64172448558101, 22.98802995490986], [72.64091012166016, 22.988531272471196], [72.64095638907048, 22.988560580770276], [72.64098908395844, 22.98867309211814], [72.64089224639254, 22.989243271177656], [72.64113255854225, 22.989492691573343], [72.64156823713765, 22.98932748950207], [72.64162938791058, 22.989467563023922], [72.64147629095973, 22.990408518622136], [72.64119934475822, 22.990921288624588], [72.64012780762953, 22.991742546084815], [72.63966385943851, 22.992731142950507], [72.63957552182983, 22.993930583278036], [72.6398381617079, 22.994539465491485], [72.64032155666736, 22.994870494548376], [72.64201348164262, 22.99486171623854], [72.64317496773164, 22.994982337990304], [72.64399800401782, 22.995468737971834], [72.64515573473275, 22.996252821959033], [72.64642282744526, 22.997494197708978], [72.64649988403981, 22.997677609229232], [72.64650416160293, 22.99794009680059], [72.64651205341711, 22.998424371425607], [72.64644803317249, 22.999356183279495], [72.64638401143108, 23.000287994934272], [72.64631998819279, 23.001219806389965], [72.64601327117632, 23.002869342411046], [72.6453141604415, 23.003652942067955], [72.64505003022111, 23.004070508799746], [72.64427185855652, 23.004243562123648], [72.64425071563717, 23.00424826346709], [72.6435713902602, 23.00439933201816], [72.64340722890152, 23.004493758591803], [72.6431429099122, 23.00471992308925], [72.64313122862288, 23.00476094255765], [72.64308638129917, 23.00491842085177], [72.64309561674108, 23.00513872028065], [72.6431926335034, 23.005648110088718], [72.6432167092521, 23.005774520695436], [72.64326709703394, 23.006039076518363], [72.64343857902892, 23.006939433568036], [72.6436100627419, 23.00783979052708], [72.64362199973196, 23.008640284708505], [72.64359795494175, 23.009155291077], [72.64340840501008, 23.01012404512496], [72.64319929969447, 23.011357791602716], [72.64326004242938, 23.01270480735485], [72.64297542455941, 23.013474723199337], [72.64276035925164, 23.014167285346026], [72.64273065983458, 23.01459076216032], [72.64200832671085, 23.01463336065075], [72.64177027574117, 23.014636581270384], [72.64154013645863, 23.014639693755818], [72.64120015370143, 23.014597502322374], [72.6395370420866, 23.014228925106934], [72.6393676982041, 23.014191394210084], [72.63921528066572, 23.013879360755954], [72.63905798875889, 23.01369023756254], [72.63846905118905, 23.01328307653512], [72.63824075345867, 23.01312524229253], [72.6374374129168, 23.012584449983258], [72.6373696551171, 23.0125388369691], [72.63730185164837, 23.01253362744721], [72.63590099319677, 23.0124259838904], [72.63577366066733, 23.012375925826323], [72.63571585981317, 23.012225413140875], [72.63555022412987, 23.011080553160436], [72.63538458936452, 23.009935692170835], [72.63521895646046, 23.008790831991877], [72.63520128546915, 23.008668689149964], [72.63512486439251, 23.008699848693595], [72.63501545142299, 23.008744459915512], [72.63324049160994, 23.00927781787784], [72.63314795934204, 23.00930562258859], [72.633113258798, 23.009348170107522], [72.63303139011875, 23.009448555426918], [72.63300940611083, 23.00947551118388], [72.63211937933369, 23.010886071680364], [72.63186779052535, 23.011233783001266], [72.63167080649889, 23.011393547388966], [72.63148148508678, 23.011485513666127], [72.63117871987319, 23.011525797812457], [72.63102791653272, 23.011534607766404], [72.63018167622856, 23.01158404257665], [72.62918463134501, 23.011642281869246], [72.62818758718876, 23.011700514816845], [72.62778460103777, 23.011704041151567], [72.62740959232141, 23.01172387886248], [72.62661377716732, 23.01177298059314], [72.62628858779857, 23.01187967383626], [72.62582529973169, 23.012079310684708], [72.62510248198876, 23.0123907776332], [72.62391636790845, 23.012901871753748], [72.62373739098065, 23.01291774027291], [72.62370505173894, 23.012920607623414], [72.62261748413297, 23.012928250658955], [72.62152991715016, 23.01293588529999], [72.6204423507593, 23.012943513351637], [72.61935478499254, 23.01295113300875], [72.61926727012084, 23.01311677440447], [72.61927710436706, 23.01320045737945], [72.61928739080165, 23.01328799307757], [72.61959878267878, 23.01390974227864], [72.61960097743123, 23.01400671325884], [72.61954075147477, 23.014073668746722], [72.61835863961052, 23.01461488437137], [72.61717651992753, 23.015156090346142], [72.61716342426662, 23.015424286553], [72.61714691772747, 23.01567972721981], [72.61730702433034, 23.016940538083286], [72.61728316438348, 23.017035078054047], [72.61717218843708, 23.017085200154693], [72.61652693719941, 23.017103782550542], [72.615587444429, 23.01713083444845], [72.61542252862668, 23.017143266728002], [72.61451205332662, 23.01721189896358], [72.61453523240338, 23.017363225670884], [72.61456243388757, 23.0175408148613], [72.61461959991635, 23.017939677837703], [72.6146692260597, 23.018232172591954], [72.61470272386147, 23.018559390341835], [72.61472353562746, 23.019058811943196], [72.61433593287978, 23.019598612420147], [72.6142479697763, 23.01968558379341], [72.6139775577853, 23.019937129288877], [72.61382098807779, 23.019856283253723], [72.61335302776469, 23.02103576997027], [72.61327475503334, 23.0212232126464], [72.61319112455607, 23.02153000151371], [72.6131172921557, 23.02177115601946], [72.61245860052735, 23.021621807115384], [72.61175752166078, 23.021462843662928], [72.61039775843562, 23.02115452011633], [72.60919430163119, 23.020930635894263], [72.60796238564976, 23.020690146133706], [72.60768809508566, 23.020566953465675], [72.60747229202389, 23.0204631629993], [72.60709856300213, 23.02041432252603], [72.60581567916073, 23.020372808061712], [72.60543000537969, 23.020395459118213], [72.60508426386056, 23.02044139909764], [72.60384519312124, 23.0204821243149], [72.60323947634679, 23.020474439802275], [72.6027757238178, 23.020486279413333], [72.60272393933381, 23.02059336633208], [72.60246763566808, 23.021123379282983], [72.60208770714323, 23.022543531459185], [72.60188948170232, 23.024158967506697], [72.60189191427621, 23.025249842662262], [72.60189434504953, 23.026340717669274], [72.60189224546194, 23.02638979845657], [72.60185380827005, 23.027288258874655], [72.60181326928061, 23.028235800806172], [72.60182342452961, 23.02926957202117], [72.60183357818211, 23.030303343110695], [72.60196443320143, 23.0315822360783], [72.60221510926667, 23.033137166994983], [72.60221709118653, 23.033149463235095], [72.60294054814467, 23.03309472779858], [72.60374110682048, 23.033023870814173], [72.6039731119716, 23.033074668230142], [72.6042266927927, 23.033214863216912], [72.60505643805568, 23.034096231306282], [72.60576926144154, 23.03489137380748], [72.60660138708418, 23.035773743367812], [72.60743352442017, 23.036656109381898], [72.60823526275563, 23.037607880591437], [72.60921434446652, 23.0386459098227], [72.6095506406287, 23.03890685508217], [72.61065373756917, 23.03969325052433], [72.61138310059478, 23.040212759827515], [72.6114616881973, 23.040268735851022], [72.61202442069502, 23.040647541679043], [72.61350838921494, 23.041691923952733], [72.61478781654365, 23.04254735398936], [72.61597327070217, 23.043507234374776], [72.61739027263324, 23.044577591048256], [72.61822975245968, 23.045169032453874], [72.61906923981118, 23.04576046997028], [72.62027453507275, 23.04661795559529], [72.61989834049746, 23.048108252601622], [72.61953421892566, 23.048574797828707], [72.61901390028106, 23.048931433582602], [72.61931457037065, 23.049179360983295], [72.6200895215276, 23.049857422686536], [72.62086447952049, 23.05053548116752], [72.62163944630022, 23.051213536455258], [72.62241837211869, 23.051929283739877], [72.62319730519799, 23.05264502869829], [72.62397624752082, 23.053360769554263], [72.62489748385723, 23.054167610218897], [72.62581873125993, 23.05497444544618], [72.62698671925789, 23.056015990549668], [72.62750998238627, 23.056512316063166], [72.62752673783675, 23.05652820862344], [72.62742360431055, 23.056571492956575], [72.62714170134558, 23.056689806339143], [72.62673752060526, 23.056809130900024], [72.6266703934358, 23.056828948342883], [72.62614950193031, 23.05698272668618], [72.62538127101497, 23.05728276505198], [72.625154932927, 23.057377573950404], [72.6237676536041, 23.057958670722527], [72.62291619038072, 23.058361317427718], [72.62184180216028, 23.058829248703386], [72.62091903701044, 23.059199408617484], [72.61982742195606, 23.05957102564562], [72.61959100494505, 23.05963979015361], [72.61911035748079, 23.05977959], [72.61889148894318, 23.059836630572256], [72.61867138756537, 23.059858281698563], [72.61740453501206, 23.05998289604334], [72.61639721869898, 23.060173012646835], [72.61567660048607, 23.058850924187567], [72.61511009887008, 23.057790116468624], [72.61454360457188, 23.056729306413178], [72.61399360102216, 23.055690968761116], [72.61381790558097, 23.05536930419398], [72.61331327672954, 23.055728160998626], [72.61314038870734, 23.05588261167476], [72.61313890730581, 23.05587926341333], [72.61312704924397, 23.055889421245176], [72.61302174902218, 23.055979625445683], [72.61227699931901, 23.056617598701965], [72.61141508198253, 23.057355928433186], [72.61055315529599, 23.0580942526065], [72.6096912182837, 23.05883257120667], [72.6088598108678, 23.058971224653927], [72.60874278894609, 23.0589907403775], [72.60843968824602, 23.05904128673079], [72.60734210039342, 23.05922432171171], [72.60718815429215, 23.059249992890347], [72.60593661840531, 23.059458687909512], [72.60587708339486, 23.059334529938027], [72.60584461697466, 23.05926682269384], [72.6052232943571, 23.059382979165704], [72.60500425728189, 23.059423927929416], [72.6048969920459, 23.059443980446346], [72.6048833931804, 23.059432668197434], [72.60485072092419, 23.059405489195786], [72.60464197626096, 23.059231841191448], [72.60350877592094, 23.05934315955033], [72.60237557450372, 23.059454469615392], [72.6019130726009, 23.059530355509555], [72.60060947951787, 23.059600190455782], [72.59993818706644, 23.059546159162956], [72.5999191619201, 23.059675695125044], [72.5994855653085, 23.05963341403965], [72.59924128920728, 23.05966503087324], [72.59911931833753, 23.059680817761894], [72.59911798998148, 23.059818111102807], [72.59911749007195, 23.05986975090564], [72.59886880249529, 23.060491972944526], [72.59881371783479, 23.060645538012007], [72.59869137436687, 23.060995582828742], [72.59856518353727, 23.06127944729417], [72.59830560342444, 23.061845717589218], [72.59810272955387, 23.06222547399096], [72.59795158332764, 23.062696780671917], [72.59779204759127, 23.062971686250787], [72.59765940487559, 23.06321648290923], [72.59758165904616, 23.06321032169039], [72.59717728725641, 23.063842780374546]]]}, "properties": {"objectid": 3, "name": "8- Ahmedabad west Loksabha", "st_area(shape)": 103091804.25073288, "st_length(shape)": 63368.09498228689}}, {"type": "Feature", "id": 4, "geometry": {"type": "Polygon", "coordinates": [[[72.50457744703722, 22.97998206320965], [72.50438443745466, 22.98003785992502], [72.504185154443, 22.980095469565523], [72.50425439352308, 22.980510010639353], [72.50427334739562, 22.980623488509178], [72.50326281314581, 22.980706369803492], [72.50225227732702, 22.98078924542214], [72.50234709589796, 22.980577110170792], [72.50238042487291, 22.980502544359123], [72.50291978615462, 22.979295825533697], [72.50209615216829, 22.978839224730272], [72.50079071762052, 22.978016367555707], [72.49958727203105, 22.97716038909026], [72.4990599598607, 22.976754443906877], [72.4982979470199, 22.976701633436072], [72.49778345614352, 22.976454106371147], [72.497367895712, 22.975340975193912], [72.49650094279285, 22.974903774257967], [72.49636183527355, 22.974534317169567], [72.49517286255684, 22.973147461831406], [72.4941859139622, 22.97189353923605], [72.493255864153, 22.97124996615229], [72.4923258243711, 22.970606389254208], [72.4914497073993, 22.970214721858063], [72.49003634779766, 22.969777160081474], [72.48879624151694, 22.96955686394363], [72.48738206260796, 22.96934772660344], [72.4867113411647, 22.969245583466407], [72.48542453148838, 22.969020666145948], [72.48471262694963, 22.968883297143112], [72.48370165598362, 22.968674925153426], [72.48269068973133, 22.968466546993277], [72.48167972721845, 22.96825816264734], [72.48097677860181, 22.9675511291306], [72.48027383726674, 22.966844092183656], [72.48035607767687, 22.965104818019775], [72.48049724254645, 22.96451857784345], [72.48081195217506, 22.96388734487578], [72.48163254630221, 22.96353700642328], [72.48206591353728, 22.96352379077283], [72.48211646905175, 22.963286057129768], [72.48318826938429, 22.96283374805369], [72.48286068145293, 22.962315069770465], [72.48265876800569, 22.962329772362555], [72.48240928347737, 22.96198660928169], [72.48301286692516, 22.96080353234729], [72.48314685613117, 22.960540897526037], [72.4831648122858, 22.96050570139684], [72.48423693977284, 22.96042223603931], [72.48448300231063, 22.96056827857606], [72.48451439837756, 22.96058691287991], [72.48472254416556, 22.96071044925435], [72.48593318160081, 22.960660587555612], [72.48714382007691, 22.96061071653708], [72.48704612328764, 22.959720206245077], [72.48708029539951, 22.95930715543771], [72.48714838148268, 22.958494330737555], [72.4869181407354, 22.958491082405246], [72.48674064001496, 22.95737872020782], [72.48604080634013, 22.95745636980922], [72.48602827216769, 22.957060163995624], [72.48601763902094, 22.95685862552438], [72.48600666525402, 22.956650625247544], [72.48593865093694, 22.955835203210654], [72.48595833627938, 22.955501508542945], [72.48615889410219, 22.954706215530305], [72.4852133993894, 22.954733489305784], [72.48524766336868, 22.954415176754345], [72.48534910095303, 22.952759467700794], [72.48536183868445, 22.952412623695363], [72.48537676644611, 22.952292237139083], [72.48538822312932, 22.951578878071775], [72.48535870584246, 22.950948953107776], [72.48533364594716, 22.950414136666012], [72.48537699163776, 22.950368562243753], [72.48548992311544, 22.95024982375452], [72.48584104323395, 22.94973142256977], [72.48640967619097, 22.94899018828769], [72.48635722604635, 22.948666006546453], [72.48637382735902, 22.948520380353568], [72.48623026923653, 22.948560438664682], [72.48620403966719, 22.94856775753549], [72.48597821194228, 22.94763857302949], [72.48592532059784, 22.946390155636013], [72.48584046584237, 22.94580524751387], [72.48599289695635, 22.94513680422773], [72.48607026000106, 22.944797548918412], [72.4862933540438, 22.943819209841735], [72.48630004903826, 22.9437898495561], [72.48630079221758, 22.943789140044625], [72.48736636075147, 22.942771394247266], [72.48737157042888, 22.942538775013183], [72.48744686167561, 22.942239622602752], [72.48793093016837, 22.941720607622198], [72.48859126968541, 22.941605586465535], [72.48888419887325, 22.941540761132764], [72.4893808150819, 22.941361830890102], [72.48956524987685, 22.941290179992336], [72.48994932827786, 22.941432696742464], [72.49120183961392, 22.94116605561056], [72.49240279435068, 22.941529588122005], [72.49302408851682, 22.9417106343384], [72.4942974743917, 22.94200293570853], [72.49541334019362, 22.942259348105626], [72.49652921098325, 22.94251575210656], [72.49764508672695, 22.94277214951594], [72.49876096745753, 22.94302853852854], [72.49908647672906, 22.94314759046662], [72.49972243070049, 22.943380181103947], [72.50017375146179, 22.943673780132507], [72.50111141035946, 22.944283749461285], [72.50086738038517, 22.943575169532654], [72.50070877172706, 22.942988882200215], [72.5006537480678, 22.942785488772984], [72.50037651219942, 22.941907228873887], [72.50017654782184, 22.940853051863865], [72.49987772908193, 22.939847163676664], [72.49953884036009, 22.93924167521659], [72.49957809342368, 22.93890656531235], [72.49958957884678, 22.9387746733006], [72.49962773212069, 22.938336551387764], [72.49987203151608, 22.93735489345139], [72.49988031758689, 22.936836196044293], [72.49990639282989, 22.936635732662868], [72.49989479633996, 22.936552054623277], [72.49987873058964, 22.93644807734151], [72.49977846416633, 22.93581460513109], [72.49970433645728, 22.935657831739217], [72.49957034610003, 22.935374453913344], [72.4995118700497, 22.935250783612318], [72.49921841085559, 22.93483009344194], [72.49867403488352, 22.934480153853645], [72.49829158727047, 22.93437029916665], [72.49776754186158, 22.93421673895353], [72.4972534704547, 22.933789370218516], [72.49685468347501, 22.933420457415444], [72.49667613500465, 22.93325275871264], [72.49656785234974, 22.933073258409504], [72.49637300623833, 22.93274211432382], [72.49627458042889, 22.932570431937503], [72.49619583430946, 22.932200307505763], [72.49619350281559, 22.93218934746285], [72.49618902496385, 22.93165888714931], [72.4961291997519, 22.930735244401937], [72.49619851543166, 22.930066826929075], [72.49638087253668, 22.929985552072235], [72.49651689668225, 22.929999128931193], [72.4979547900728, 22.930142641690118], [72.49865004267646, 22.930026839637115], [72.49887193603745, 22.92999120246944], [72.4994736500181, 22.929439205799685], [72.49991017407427, 22.929070552223617], [72.50032093865539, 22.92890236420034], [72.50073012439114, 22.9286541186392], [72.50070974737761, 22.928380163217017], [72.50070750637006, 22.9283500284165], [72.50079486161381, 22.92829216311558], [72.50088143942209, 22.928278874167336], [72.50104026279892, 22.928254495200427], [72.501358900497, 22.92820515927268], [72.50141795800626, 22.92819632325918], [72.50155469073967, 22.92817495776037], [72.50175991851947, 22.928143515251033], [72.50208153161107, 22.92809373899453], [72.50225466316653, 22.928062129096457], [72.5028031625236, 22.92795449304], [72.50296960823083, 22.928037429265018], [72.50397130619916, 22.92764146294339], [72.50391639700553, 22.927309446317928], [72.50391300601055, 22.927288943839002], [72.50393408065041, 22.927200616967635], [72.50400655592836, 22.926896852458402], [72.50403204519334, 22.926788070027776], [72.50408945038845, 22.926547472296644], [72.50412887210433, 22.926380655275317], [72.50420838257484, 22.926065535377735], [72.50420967947113, 22.926060394739924], [72.50437309893096, 22.925407794999998], [72.50439602742463, 22.925311869805896], [72.50450367381872, 22.92488121005882], [72.50450605174834, 22.92487169633004], [72.50454143591365, 22.924677841368762], [72.50454718758971, 22.924646328250052], [72.50458312835467, 22.924446609613103], [72.5046551902173, 22.92404916929568], [72.50465712866784, 22.924038480489855], [72.50446546062916, 22.92372706200776], [72.50479652412479, 22.922476790197955], [72.5048420226997, 22.921973866877757], [72.50480658528276, 22.921606474284456], [72.50485927793936, 22.921505605744056], [72.50495493367441, 22.921322495611513], [72.50496096842498, 22.92129365363232], [72.5050662145652, 22.92079061672024], [72.5052804651909, 22.920741970502554], [72.50535393697967, 22.92077250902424], [72.50553708514558, 22.920848633338], [72.5057417761426, 22.920933711881986], [72.50608681432234, 22.92090799512753], [72.50626311989312, 22.92089485426479], [72.50630697176116, 22.920673702344548], [72.50630506237997, 22.920512761900536], [72.50630071797175, 22.92014656107581], [72.50637393465603, 22.918828539647215], [72.50689606591824, 22.918861481435652], [72.50696342547033, 22.91886573155641], [72.50705947501562, 22.918871790892204], [72.5089005434117, 22.91912660539805], [72.51071048431375, 22.919304789530173], [72.5120764784212, 22.919532942148887], [72.51332526375012, 22.919999974520277], [72.51474748328467, 22.9205802867611], [72.51602544450192, 22.921269103314618], [72.51701085546784, 22.92164129621737], [72.51783611606434, 22.921988559672577], [72.51970775815434, 22.922498471905516], [72.52122356460653, 22.922695221651622], [72.52224021706736, 22.9233559915039], [72.52230164127769, 22.923405361935544], [72.52314866841837, 22.924086159318172], [72.52326854337969, 22.92418250776413], [72.52393711621441, 22.92446212127981], [72.52419725493336, 22.924568950216475], [72.52517051391797, 22.924968626175286], [72.52618561839884, 22.925310086912223], [72.52675514560246, 22.925702325888086], [72.52690327016182, 22.925803173652874], [72.52792659092108, 22.926391039455865], [72.52834172336257, 22.926621717163012], [72.52869375811143, 22.926817331905724], [72.52969321557993, 22.926465590447776], [72.529719700487, 22.926456269126966], [72.53068036522316, 22.92611817272959], [72.53069266940247, 22.926113842238475], [72.53169211763019, 22.925762087247804], [72.53186018886215, 22.92570293410576], [72.53269156221153, 22.92541032550638], [72.53369100119761, 22.925058556984236], [72.53397358798271, 22.92464929169992], [72.53447068802592, 22.92367017913523], [72.53522552987558, 22.922764809733557], [72.53597840263579, 22.92214070691515], [72.53673126758665, 22.92151659986041], [72.53831041942811, 22.92047187144909], [72.5387278238807, 22.92023017601252], [72.5387509185379, 22.920216803009513], [72.53900280452027, 22.92007094915033], [72.53943281009536, 22.920284314760583], [72.53944745930511, 22.92029158345813], [72.53994267131738, 22.92053730187687], [72.54028087752856, 22.920157584215616], [72.54030829092777, 22.920126806590936], [72.5405779638857, 22.919824031766822], [72.54141736482194, 22.920413504520962], [72.54225677322292, 22.921002973424493], [72.54294365213744, 22.921497757978617], [72.54307837507798, 22.921594241801316], [72.5440570328111, 22.921928609272072], [72.54503569588293, 22.922262971107525], [72.5459924882896, 22.922516422029098], [72.54694928479742, 22.922769867479147], [72.54725831569728, 22.922851725062916], [72.54737543766134, 22.92288274878299], [72.54790608540617, 22.92302330745749], [72.54913252915766, 22.922433722233933], [72.55017506588507, 22.921848450785276], [72.55121759408091, 22.92126317166577], [72.55221814162492, 22.920670148100562], [72.5537538620015, 22.91977470478604], [72.55509055377537, 22.919231540680066], [72.55668272709408, 22.918764906747906], [72.5574494660295, 22.918496342874988], [72.55819631643273, 22.917602393258505], [72.55894315581224, 22.916708439170836], [72.55968998613338, 22.91581447973986], [72.560217511377, 22.91525624079433], [72.56026282163268, 22.915208291742438], [72.56046947000083, 22.91498961011655], [72.56150615156872, 22.91538954840309], [72.56254283977641, 22.91578948132337], [72.56357953463987, 22.91618940797447], [72.56403319384361, 22.916434405506553], [72.56416342014587, 22.91650473351814], [72.56458573406525, 22.916732800849047], [72.56547721409054, 22.916357895094997], [72.5663686896035, 22.915982983890714], [72.56726016060401, 22.91560806723649], [72.56727218254163, 22.914776045096826], [72.56774317184117, 22.914479697141935], [72.56836802109692, 22.914578148955737], [72.56883013304987, 22.914648305649717], [72.56927724042058, 22.91484140627087], [72.57023661094651, 22.91472374327646], [72.5705794412448, 22.914978853687305], [72.57082034985083, 22.91534672988075], [72.57124639741835, 22.9153910409313], [72.57180545623574, 22.915420244197147], [72.57182085269474, 22.915421048447406], [72.57203219014431, 22.915432087179717], [72.57236121293782, 22.916610818703536], [72.57266338929497, 22.917331817915677], [72.57272545188714, 22.917479900195403], [72.57297654785145, 22.91798337173604], [72.57305800443898, 22.91807198873912], [72.57328197736294, 22.918315649607543], [72.57349942294609, 22.918286230552454], [72.5736029962491, 22.918272218141908], [72.57368786482085, 22.918287228706596], [72.57375475921661, 22.918299060236105], [72.57380477274855, 22.91865088835558], [72.5738551987843, 22.919005611684724], [72.57404282089387, 22.919838980123107], [72.57408920195881, 22.9200449924566], [72.57417672684103, 22.920520986113168], [72.57422494892153, 22.921153599252747], [72.57423182677094, 22.921243825878758], [72.574242993618, 22.92139031647881], [72.57439413119995, 22.921629986766934], [72.57517889483417, 22.922211729029822], [72.57596366533498, 22.92279346704308], [72.5767484426865, 22.923375201708936], [72.57719865672173, 22.92340248894627], [72.57743007024916, 22.92315192564776], [72.57761019113526, 22.923168757489975], [72.57907589592593, 22.923684124183687], [72.57997700540025, 22.923975083572497], [72.58057426599748, 22.92429383265257], [72.58091928121235, 22.924539668907652], [72.58172196112996, 22.924967470164454], [72.5822119652052, 22.925116018518608], [72.58280683428946, 22.925312976833624], [72.58332154532724, 22.925553065560234], [72.58381669265034, 22.925895347722935], [72.58471713440146, 22.926493627524696], [72.58561758433635, 22.927091901945364], [72.58654104878532, 22.927427492697504], [72.58691202202588, 22.928374117218528], [72.58716940172486, 22.929030874539443], [72.58721654050439, 22.92915115788433], [72.58728299984529, 22.929320742111855], [72.58773812010409, 22.92950711033461], [72.58797982966794, 22.929691883765027], [72.58819854096508, 22.92984405868697], [72.58839948987861, 22.929983874097122], [72.5885208214093, 22.930068292838953], [72.58841534183777, 22.93022778844047], [72.58834048414747, 22.930340980250158], [72.58804339454719, 22.930790209373537], [72.5885001553102, 22.93083897194218], [72.5886733203995, 22.930878104404695], [72.58896971144033, 22.93109314939903], [72.58915726607577, 22.931249133517863], [72.58980022757048, 22.93148621554891], [72.58989881704589, 22.93152256812107], [72.5899012333594, 22.931699331831403], [72.58990414652088, 22.931912386307033], [72.58990714543005, 22.932131716487127], [72.5897370853985, 22.93210911107714], [72.58902674713185, 22.932002915337986], [72.58881693483917, 22.931962746864937], [72.58891108311336, 22.931606728896963], [72.58846334160935, 22.931534344738388], [72.58803865851233, 22.931461211169367], [72.58797986158721, 22.93176868833734], [72.58775544110634, 22.931725017493108], [72.58749479313312, 22.931668610537447], [72.58718122143665, 22.93166962929788], [72.58716349597333, 22.931556341146504], [72.58702546945803, 22.931609947039505], [72.58699001989072, 22.931604731468155], [72.58666840453233, 22.93151244263436], [72.58660971756693, 22.931487925765037], [72.58631548328634, 22.931431554965073], [72.58598684498608, 22.93139127787202], [72.58602408309821, 22.93100680155056], [72.58566110559221, 22.930960002381937], [72.58555374031323, 22.930995612378336], [72.58509317957315, 22.93094217657287], [72.58498278288835, 22.93139032591789], [72.58495459947304, 22.931469072533485], [72.58492751645429, 22.931544742029015], [72.58491402117419, 22.93168185006808], [72.58491363358239, 22.931685786652235], [72.58488156740994, 22.93189535972679], [72.58487720362575, 22.931923876535237], [72.5848749029981, 22.931961362368032], [72.58485931114544, 22.93204325454113], [72.58483627273615, 22.932164253261107], [72.58482644917554, 22.93220927842999], [72.58480987987367, 22.932285224383946], [72.58482013021664, 22.932368310692198], [72.58480101416433, 22.932465506562487], [72.58478272221278, 22.932565804319175], [72.58476863803227, 22.93264302852418], [72.58478903527173, 22.93266363915331], [72.58476177413714, 22.932941470301213], [72.58474970252601, 22.932993268269207], [72.58416643345831, 22.93295452207799], [72.58387801916939, 22.932933301366408], [72.5836023717832, 22.932916791231563], [72.58299757420116, 22.93286182200519], [72.58299154318803, 22.9329051073331], [72.58298744011674, 22.932934560609052], [72.58297771989933, 22.93318043966822], [72.58295957441715, 22.933326964837093], [72.58301512497428, 22.933333138461553], [72.58306532912788, 22.93333871874014], [72.5829263576811, 22.93421804222457], [72.58286902702787, 22.93458079223023], [72.58308885934629, 22.934695091387855], [72.5832375353231, 22.934772393388407], [72.58317373492899, 22.93483929314892], [72.58315259261951, 22.93486146134599], [72.58311852047366, 22.93503947329316], [72.58304982690437, 22.935208402049227], [72.58313759285662, 22.93520066789541], [72.58332391208371, 22.93527696794651], [72.58334659217567, 22.935350607251085], [72.58338746907151, 22.935349710527817], [72.58361542952275, 22.935485679741525], [72.58372130383924, 22.93553043389248], [72.58391658379149, 22.935596119362962], [72.58403335653634, 22.935690403807296], [72.58405677564731, 22.93579837472664], [72.58413153981319, 22.93614306789356], [72.58314534908052, 22.93647719573544], [72.5831380124073, 22.93670551297025], [72.58309504278901, 22.936746890357526], [72.58310455205711, 22.93695040552687], [72.58307904302465, 22.937192682852746], [72.58307553497748, 22.937225996471824], [72.58305890001095, 22.9372535624569], [72.58303021797173, 22.937385424611367], [72.58306691027926, 22.937525501498204], [72.58317398509044, 22.937536213083998], [72.58322302176049, 22.93759098844625], [72.58323947118575, 22.93761865674115], [72.58328318058095, 22.93771791347815], [72.58333545374671, 22.937800939430957], [72.58335005136446, 22.937812573063198], [72.58338486822998, 22.937840321642128], [72.58344467866546, 22.93787726578786], [72.58344232063577, 22.93788611150169], [72.58341630494971, 22.937983707480253], [72.58341477444816, 22.938135701137533], [72.58341136500397, 22.93827653207588], [72.58342521626685, 22.938472847738087], [72.58336700622385, 22.938922728710132], [72.58332521442964, 22.938919152541356], [72.58328796073185, 22.939091821069137], [72.58306274200375, 22.93909676391189], [72.58304468821164, 22.939259398802037], [72.5830105217318, 22.939567185847757], [72.58352354536731, 22.93956360076615], [72.58361776412067, 22.93956294249998], [72.58362015475994, 22.939629984791754], [72.58360995223127, 22.939933893988673], [72.5836229429152, 22.9400275747389], [72.58370372128918, 22.940413881617513], [72.5836365217163, 22.940427784637837], [72.58352514304485, 22.94043002404365], [72.58341330338354, 22.940453060204522], [72.58331495925488, 22.940519937273496], [72.58328066316147, 22.94062741621666], [72.58305813377545, 22.940569988290257], [72.58283007826827, 22.940569924776867], [72.58271300674369, 22.940588856068747], [72.58268218452217, 22.940799406740467], [72.58261738418224, 22.940785403678234], [72.58248846944208, 22.94066596363322], [72.58242083773152, 22.940654966960683], [72.5823841684498, 22.940657332190895], [72.58218697629381, 22.940706973490002], [72.58182430690498, 22.94082129537705], [72.58170264937347, 22.94083345278235], [72.58158057464857, 22.940863706427653], [72.5815505651289, 22.940886289815158], [72.58146726608847, 22.94101211865845], [72.5813851852769, 22.94108300612776], [72.58131875437145, 22.941049473851436], [72.58119509591492, 22.940939936198728], [72.58115676358302, 22.940932270184817], [72.581033264811, 22.94090757338949], [72.58095606571403, 22.940906184800472], [72.58092829346323, 22.940939167082597], [72.5808304532726, 22.940935240968543], [72.58067582360937, 22.940822467147246], [72.58057817247742, 22.9408539610074], [72.58076665118661, 22.94108389580872], [72.58088400288673, 22.94108964435709], [72.58111621568685, 22.941106687855513], [72.58124159650743, 22.941115889870307], [72.58130195407934, 22.941159546413505], [72.58122782411128, 22.941363017405305], [72.58141719446098, 22.94182589241681], [72.58159906147051, 22.942293033187244], [72.58147084273759, 22.942318389236835], [72.58115300942067, 22.94253891427473], [72.58079926918079, 22.942741482476233], [72.58069423188141, 22.942780756713113], [72.58060297181035, 22.942827707986364], [72.58046543130149, 22.942851388946213], [72.5800233790181, 22.942895327265852], [72.57959948376092, 22.942953990513484], [72.57925229607065, 22.942927328335806], [72.57914370443683, 22.94294161319965], [72.57907100094887, 22.942952162062323], [72.57905959873791, 22.94295267594334], [72.57872852184191, 22.94296760342848], [72.57840936264802, 22.94296882732938], [72.5782553926179, 22.942971615091402], [72.57818670866178, 22.942983497843922], [72.57816594907061, 22.94298448357487], [72.57812723614751, 22.943181556473604], [72.57802357727114, 22.94321332338185], [72.57800208967397, 22.94331427787215], [72.57803879963346, 22.943455531284062], [72.57804247155771, 22.943509848385716], [72.57809370747931, 22.943768831093905], [72.57810853013727, 22.943860802131287], [72.57813096921629, 22.94410452315589], [72.57812220147666, 22.94420568813626], [72.57811711884759, 22.944264337629395], [72.57811666680104, 22.94426793735495], [72.57811023525542, 22.94431918507327], [72.57833008981974, 22.944484400880057], [72.57841020435485, 22.94454460495158], [72.57803774099376, 22.94459503277392], [72.57796996061184, 22.944612564357215], [72.57802724671288, 22.94498270827295], [72.57802429557529, 22.945149830190196], [72.57800923796906, 22.94521394988226], [72.57800465564603, 22.94540019676727], [72.57803276133677, 22.94549853849129], [72.57799040198614, 22.945780876901207], [72.57792336972878, 22.945869079052112], [72.57791293249068, 22.945953944876898], [72.57786820740372, 22.946192566716814], [72.57789198644399, 22.946326193648325], [72.57788856342562, 22.946530141959293], [72.57793099884877, 22.946716717808716], [72.57791541983532, 22.946771454077474], [72.57791422440835, 22.946934934748093], [72.57797038171584, 22.94713303026241], [72.5780043553241, 22.947422185841724], [72.57806088837286, 22.94747344634092], [72.57805516556604, 22.94790843011886], [72.57810666023892, 22.94867228225965], [72.57814725430839, 22.949238208276217], [72.57815576675242, 22.949497063873746], [72.57810410140387, 22.95080152593829], [72.57795384844589, 22.952537801330216], [72.57721334877945, 22.953814902869514], [72.57714898381428, 22.953833064630018], [72.57714219902442, 22.953844765754578], [72.57616757456519, 22.954119768121764], [72.57519294766118, 22.954394765063164], [72.57381879128476, 22.95482290749673], [72.57364332459203, 22.954769632080794], [72.57318612623476, 22.954630815498472], [72.57210327433866, 22.9546640014987], [72.57163444351805, 22.95464996094579], [72.57148961553577, 22.954412805406896], [72.57130792725508, 22.954115288482832], [72.57109549688964, 22.953799614045586], [72.57075773587344, 22.952442719178787], [72.57058332953135, 22.952352604464487], [72.56973711624995, 22.951915369851076], [72.56834727620347, 22.951170741744306], [72.56726246715051, 22.950580833658908], [72.56716089807148, 22.950402436983836], [72.56662182721601, 22.949455605580333], [72.56621989107029, 22.948759320712814], [72.5660348869742, 22.948484158613912], [72.56594262289092, 22.94848079874049], [72.56457786554896, 22.948431092700012], [72.5631208466034, 22.948378013483584], [72.56231572306922, 22.948353855765735], [72.56235902656654, 22.948150541488708], [72.56143265158278, 22.948406466387038], [72.5611903822682, 22.9485240133608], [72.56118428434466, 22.948522305411153], [72.56111923261516, 22.94855386810034], [72.56066279295973, 22.948426069336485], [72.56072313990882, 22.94828294510694], [72.56088351363397, 22.947902586590146], [72.56127718849265, 22.946994384154415], [72.56134494434338, 22.945958053445782], [72.56142963439521, 22.944925672562114], [72.56142276705177, 22.94437750593541], [72.56130658833224, 22.943611468494353], [72.56109530487622, 22.942366593218807], [72.56072212923723, 22.941384358639677], [72.56029351366969, 22.940583667937553], [72.55998188099466, 22.940235675376062], [72.56020021821303, 22.93976274376932], [72.559617463929, 22.93887415438758], [72.5590347159366, 22.937985562511933], [72.55890741634761, 22.936958500040976], [72.55878011791204, 22.935931437513002], [72.55865282062976, 22.934904374927992], [72.55861377911123, 22.93469072499316], [72.55806255110431, 22.93462440674448], [72.5572903794836, 22.934531504304324], [72.55596698307424, 22.934372272815253], [72.55457976653236, 22.934271270650846], [72.55335488618282, 22.9343492236513], [72.55213000536232, 22.934427167966167], [72.5509051250621, 22.934505102707924], [72.55033570598789, 22.93450524797609], [72.54897266288495, 22.93468605739581], [72.54854119015012, 22.934940290231328], [72.54848800594652, 22.934959557796994], [72.5484700456853, 22.93497014061457], [72.54751425225558, 22.93531639919053], [72.54652117184152, 22.93524544769225], [72.54538767751568, 22.935439255223304], [72.54446086340741, 22.93566571826455], [72.54372823555842, 22.9362894835487], [72.54299560201444, 22.936913244833253], [72.5426630926628, 22.937196338845997], [72.54226296081009, 22.9375370029902], [72.54153031392664, 22.93816075624442], [72.5414816777371, 22.93817143692887], [72.5414591665004, 22.938190602287126], [72.54019046196038, 22.938469220215367], [72.53892175221671, 22.93874782751058], [72.53780653434654, 22.93897570249866], [72.53669131250393, 22.93920357019466], [72.5355760876964, 22.93943142880843], [72.53446086088248, 22.93965927925738], [72.53334563009734, 22.939887122413484], [72.5322303963486, 22.940114956486617], [72.53209870361661, 22.941338025456357], [72.53196700643265, 22.942561093924045], [72.5321792028047, 22.94362263929773], [72.53239140071979, 22.944684183629814], [72.53303345301552, 22.94634601604601], [72.53348112505643, 22.94769091237257], [72.53284116357074, 22.949213650622355], [72.53278521162036, 22.949207316530746], [72.53196960992823, 22.94911498242964], [72.5317654967029, 22.949091874183488], [72.5307457831844, 22.948976426309166], [72.53023879800725, 22.948919024986118], [72.52972607207246, 22.948860971118037], [72.52886903103243, 22.94872673578544], [72.52779450533195, 22.948464092773612], [72.52671998348484, 22.948201443715487], [72.52564546649872, 22.94793878682153], [72.52479522937038, 22.947817991707403], [72.52465730511923, 22.947835487353778], [72.52382732532125, 22.947940768202567], [72.52356457356174, 22.947974096175333], [72.52300925860438, 22.94804453260047], [72.52233391588186, 22.948130190832998], [72.52110325633136, 22.948286275680214], [72.5201408595232, 22.94854507145725], [72.51917845959548, 22.9488038610589], [72.51821605654844, 22.949062644484922], [72.51725364940783, 22.949321421719894], [72.5172359857447, 22.949260692069856], [72.51581062883888, 22.950268381587012], [72.51482072432778, 22.950961893446124], [72.51386066693934, 22.951702587499526], [72.51290059830605, 22.952443273834685], [72.5122578270337, 22.952957046762926], [72.5116694589019, 22.953697145842614], [72.5108468782787, 22.954606783513714], [72.5106126570485, 22.95515892441165], [72.51031370252726, 22.955748170526398], [72.5099776286072, 22.955873242443868], [72.50985954223616, 22.955492860902744], [72.509006402209, 22.95564504974962], [72.50871194240773, 22.955697576774522], [72.50868434761311, 22.955702499151794], [72.50756433894979, 22.95590228490887], [72.50797646483963, 22.956793607285007], [72.5080024843012, 22.958034759369767], [72.50816301468821, 22.958915073019597], [72.50858084995386, 22.9598808474759], [72.50891899085032, 22.960909767357588], [72.5093712737037, 22.96192186841014], [72.5096024091528, 22.96267595581815], [72.50955854251262, 22.963334175787292], [72.50932275687265, 22.964240868152913], [72.50963102332291, 22.964311439016143], [72.50933638176406, 22.96495599621154], [72.50923912593736, 22.96516875285844], [72.50884722412148, 22.966026065227336], [72.50845531690035, 22.966883376107372], [72.50884732627165, 22.966971318208646], [72.50918813621995, 22.96704777329152], [72.51030897081655, 22.96739142947951], [72.51142981280285, 22.967735077329703], [72.51134865045685, 22.967998247640153], [72.5129107596695, 22.96893026338485], [72.51375246383797, 22.969254362855725], [72.51536169951311, 22.97002493520272], [72.51626725841075, 22.970578303713722], [72.5171728250077, 22.9711316667535], [72.51663240248911, 22.972251961593212], [72.51607754302945, 22.97309030064525], [72.5155226773589, 22.97392863708696], [72.51481451379219, 22.974975557808765], [72.51450203823548, 22.975685234262844], [72.51435586828684, 22.9767489607881], [72.51332100802662, 22.97689643786022], [72.51323588142749, 22.97663330084814], [72.51312625064749, 22.97629441741638], [72.51293348305957, 22.976106783939805], [72.51201732520076, 22.976228909065377], [72.51157899679573, 22.976287336856227], [72.5111470686717, 22.976348112706905], [72.510386454423, 22.97645513488149], [72.50894482120965, 22.976665976258346], [72.5075031838527, 22.976876804089414], [72.50653680939148, 22.9771853222346], [72.50557043108506, 22.97749383317926], [72.506272336465, 22.97813043539833], [72.50697424748664, 22.978767034119038], [72.50623313322289, 22.979636594662693], [72.5057191943501, 22.980511899534232], [72.50566804980053, 22.980599003756083], [72.50550604835482, 22.979997830542164], [72.50482936930726, 22.97994500908086], [72.5047319336009, 22.97993740324997], [72.50457744703722, 22.97998206320965]]]}, "properties": {"objectid": 4, "name": "17- Kheda Loksabha", "st_area(shape)": 31829320.70256428, "st_length(shape)": 42958.2564339828}}, {"type": "Feature", "id": 5, "geometry": {"type": "Polygon", "coordinates": [[[72.53047724743595, 23.138646293831624], [72.53045412110725, 23.13871139844283], [72.53035345760169, 23.138994783887522], [72.53008864868602, 23.13959365305869], [72.5294917066604, 23.13974575910819], [72.52920555045235, 23.13981577091492], [72.52920082806556, 23.139816926397174], [72.52889469363052, 23.13989182502839], [72.52834977700391, 23.14005153293994], [72.52788492137049, 23.140187774343463], [72.52727405922657, 23.140329208443337], [72.52716970692762, 23.140353369267952], [72.52706912362311, 23.14036790003327], [72.52646598562693, 23.140455030242986], [72.52639466523499, 23.140465332936095], [72.52593134894315, 23.140544051657567], [72.52548479733855, 23.140615836518133], [72.52526626636143, 23.14049165060659], [72.52490572534465, 23.14003101490449], [72.52436716342332, 23.1395362834184], [72.52390117216741, 23.139058795730477], [72.52356895435835, 23.138772932869767], [72.52320591907078, 23.138668593945216], [72.52196646678726, 23.138238892025917], [72.52076589306208, 23.13795738888745], [72.51967866583561, 23.13780736687364], [72.51931984949441, 23.137759046618108], [72.51901976680796, 23.137718635759487], [72.51834223743349, 23.137726740579332], [72.51722776261678, 23.137764052413957], [72.51617678806953, 23.137799230218054], [72.51611328897293, 23.137801355417434], [72.51477871975068, 23.13788371487638], [72.51361483433779, 23.13793383486924], [72.51288372092459, 23.13785801780596], [72.51232411567456, 23.13782242119369], [72.51193110030532, 23.137809370311494], [72.51147139811448, 23.13788127163459], [72.51141591565788, 23.137989509079876], [72.51140903086059, 23.138002939578357], [72.51127830837345, 23.138257954267015], [72.51102279524973, 23.13893126265334], [72.51098469740438, 23.139052485021633], [72.51036663929858, 23.13908399961102], [72.50994642378055, 23.13912386086781], [72.50993470606907, 23.139124972010535], [72.50942029784507, 23.13917376617858], [72.508953533655, 23.13920347430655], [72.50789406566246, 23.13917984784324], [72.50727104547201, 23.139194161258715], [72.50704629980716, 23.139100218287567], [72.50690761613495, 23.139053559781434], [72.50680354851544, 23.138577762949712], [72.506688482311, 23.13862759387645], [72.50665338635162, 23.138520483416976], [72.50578943040875, 23.13837853552429], [72.50587652544642, 23.137281564667934], [72.50609368914594, 23.13725299552112], [72.5060412667978, 23.136200951388545], [72.50608651101736, 23.135152534614967], [72.50648135613044, 23.134873857609985], [72.5069712054425, 23.134198294115965], [72.50711336901034, 23.133572527888703], [72.50709092911625, 23.133055268039417], [72.50706418166638, 23.13215752587507], [72.5069304106127, 23.132021841161336], [72.50669158835761, 23.131844064537393], [72.50631583453543, 23.13175800264415], [72.50614189399292, 23.131718163254025], [72.5057688919262, 23.131747981573067], [72.50569456189604, 23.131753923229294], [72.50569259372406, 23.131727409475058], [72.50567200795722, 23.13145004453372], [72.50563586707071, 23.13096311014186], [72.50508251431802, 23.130421716698947], [72.50489538072515, 23.130301007966], [72.50436422290846, 23.129958388168607], [72.5038656078448, 23.129857760602725], [72.50380724217662, 23.129516540984348], [72.50375907555376, 23.129234950440846], [72.5035508646064, 23.12869397032543], [72.50334447081845, 23.12776340366792], [72.50313960471854, 23.127157097542494], [72.50289641475467, 23.126845281257044], [72.50244576851915, 23.126461607901867], [72.50204380275223, 23.126119377502455], [72.50168980271305, 23.125649517095194], [72.50123979500052, 23.125337758942774], [72.50114239148857, 23.125102132759014], [72.50103720485919, 23.124847677630665], [72.50065827432512, 23.124511277250164], [72.50049698834154, 23.124368092338123], [72.49983069615143, 23.124156125759768], [72.49991375448653, 23.123937552908554], [72.49998578712844, 23.12374799677781], [72.50036401888738, 23.122945134908036], [72.500431005827, 23.122431161189603], [72.50025327738905, 23.121630817065032], [72.5001510548954, 23.1214725585821], [72.50016430112902, 23.121359992083818], [72.50029197648047, 23.120329796186205], [72.50039457086018, 23.119589308961054], [72.50049134462874, 23.118741387117886], [72.50024390709055, 23.117430570994312], [72.50012572076014, 23.11644148590271], [72.50002127120135, 23.11635166180183], [72.49948413158505, 23.116216649224167], [72.49903270892473, 23.116103180463213], [72.4990038114401, 23.11608779995331], [72.49861966426704, 23.115883341013813], [72.49852543899091, 23.11578612324499], [72.49852348153836, 23.115784104375887], [72.49800669200452, 23.115250895276326], [72.49755303361418, 23.11483066236327], [72.49732145717113, 23.114481086581733], [72.49742637438939, 23.114063684704423], [72.49771544254156, 23.11362036986207], [72.49824135613252, 23.113185204638015], [72.49904420653817, 23.11294308177051], [72.49908429071546, 23.112631598586148], [72.49932323905502, 23.11220534945312], [72.49939100721015, 23.111685993170063], [72.49935117149603, 23.11104109011689], [72.4992846980195, 23.11057780074766], [72.49968872926192, 23.109541454309277], [72.49986620484493, 23.108797547587304], [72.49989836655637, 23.108253631556117], [72.49977808550511, 23.107698944246987], [72.49955336355146, 23.10705443306266], [72.49903483514387, 23.1062174028104], [72.4989889367702, 23.10586205709288], [72.49852724533251, 23.10510373788147], [72.49846988917652, 23.105009529935998], [72.49844951514294, 23.104741579894295], [72.49844299875546, 23.10465587489441], [72.49843107166383, 23.104413431921895], [72.49845056862812, 23.103497625009556], [72.49851436832286, 23.102394297919417], [72.4984877958093, 23.10207576508814], [72.4984737386111, 23.101697527129776], [72.49825454873616, 23.101137846660695], [72.49825166861858, 23.10113049245922], [72.49803188157094, 23.10097629470862], [72.49708552315906, 23.100312343866104], [72.4967523976535, 23.10025783336507], [72.49624143218996, 23.100384535435612], [72.49555938016137, 23.100385715848596], [72.49373442327594, 23.100061453008408], [72.49295582062214, 23.100196061103496], [72.49231620372359, 23.09948604829111], [72.49161554267275, 23.099118700604855], [72.49019833586594, 23.098971336087516], [72.48878113342982, 23.098823959998835], [72.4868321141724, 23.09866942694234], [72.48557686164595, 23.098488788217008], [72.48432161350104, 23.098308138884185], [72.48306636970467, 23.09812748074907], [72.48228309362335, 23.09786920628556], [72.48200080404175, 23.09731456040891], [72.48193141712423, 23.097178227425413], [72.4819114466669, 23.097138989489274], [72.4818564161604, 23.097118772119344], [72.481765623619, 23.097085416206813], [72.48026058792956, 23.096532473156163], [72.4794853443972, 23.0959122465308], [72.47871010809271, 23.095292016677174], [72.47876177759898, 23.095151102824897], [72.47879006343335, 23.09507396201265], [72.47896747453602, 23.09459012159233], [72.47864351464399, 23.09291561639277], [72.47866772109718, 23.091841507182966], [72.4786941332293, 23.09125280921708], [72.47862670172746, 23.09067484921754], [72.47839712531015, 23.090167114983036], [72.47830801607424, 23.089970040021555], [72.47797759679929, 23.089491940879952], [72.47761561805316, 23.089154796418978], [72.4774142339339, 23.088967227791468], [72.47675730790164, 23.088440981034218], [72.47604311072034, 23.088085621495694], [72.4753264712831, 23.087840682565297], [72.47396765245574, 23.08700835582085], [72.47300379960417, 23.08627359962594], [72.47249859022097, 23.086142576621832], [72.47218405450884, 23.08585512559819], [72.47122765397565, 23.085569414317302], [72.47001049688899, 23.08535062093561], [72.46834459281821, 23.085102334214472], [72.46737143205529, 23.084969743461617], [72.46639827478846, 23.084837146885874], [72.46620246029481, 23.084203705162526], [72.46620100775426, 23.084199005759565], [72.46619519846685, 23.08418021357795], [72.46613955978752, 23.084183325798016], [72.46613086475494, 23.08418381180281], [72.46568645861052, 23.08420866685512], [72.46547614475381, 23.084045653157382], [72.46400530428846, 23.084045999926477], [72.46267599944163, 23.084049834046272], [72.46170297090107, 23.08451247294264], [72.460729937124, 23.08497510523315], [72.46052566685701, 23.08427588853343], [72.4604297877809, 23.083947690754833], [72.46036964614673, 23.083741824531323], [72.46048832856202, 23.083216022090067], [72.46013730954185, 23.082166994835724], [72.46059654258546, 23.08136657251198], [72.4608109924113, 23.080142761129387], [72.46156929712502, 23.080314808497036], [72.46181725929071, 23.079987508936263], [72.46309709516265, 23.080757262951373], [72.46351344114554, 23.080920269696826], [72.46369178455721, 23.08099009430129], [72.464144273006, 23.081167248928217], [72.46415065133289, 23.081288018689406], [72.46415069463234, 23.081288830929], [72.46416308866206, 23.08152348951859], [72.46464017369715, 23.081715440881734], [72.46501524713321, 23.08108339107459], [72.46663172206334, 23.081748194461372], [72.46714449283873, 23.08003823404718], [72.46738784089922, 23.079612762868557], [72.46812973811682, 23.078408504899368], [72.46893554723805, 23.077319251744306], [72.46977679672064, 23.076479749581562], [72.47094992406345, 23.075653507733143], [72.47235747725651, 23.07497334856093], [72.47315460569124, 23.074330929473646], [72.47423342817888, 23.07296698062042], [72.47466087588256, 23.072408567275463], [72.47497936685448, 23.071347910794167], [72.47499812388578, 23.071345905155827], [72.4749818187512, 23.07133761380076], [72.47514813738673, 23.07078372155492], [72.47524397021093, 23.070165348880817], [72.47535765140161, 23.06958937711775], [72.47513766236415, 23.069283908514304], [72.47487989371459, 23.069147834059066], [72.47442077961908, 23.069146943353093], [72.47439990693994, 23.069146902937128], [72.47436197079126, 23.069169051226204], [72.47347410584814, 23.069687399899326], [72.47325601142826, 23.06900910351247], [72.47324827180171, 23.068973396100898], [72.47323639433729, 23.068918593962763], [72.47305758441595, 23.068093589624986], [72.47320931147426, 23.067297385195527], [72.4730449498448, 23.06620067715883], [72.47283798342187, 23.065149571829092], [72.4726310193847, 23.064098467289536], [72.47194798789857, 23.064097133589215], [72.47191634776055, 23.064085808033298], [72.47189830991651, 23.064079351017064], [72.47137675303263, 23.063892654873012], [72.47117532641731, 23.063570272224936], [72.47018817945903, 23.063475128393282], [72.46920103452373, 23.0633799785084], [72.46888764424442, 23.06329462642087], [72.46881622385001, 23.062819975987225], [72.46843881391374, 23.062607047284484], [72.46733233725196, 23.062384550432473], [72.46677784343571, 23.062519023805127], [72.46544950425627, 23.06236386003888], [72.4651003285521, 23.062058122158202], [72.46321976835942, 23.061596796351072], [72.46159294460054, 23.062051081557602], [72.4606120346011, 23.06254055274087], [72.45952433516939, 23.062978849785253], [72.45843662929553, 23.063417139584097], [72.45793882326801, 23.063297497050556], [72.4573648050894, 23.063635256992235], [72.45651511455638, 23.063735195526856], [72.45566727368829, 23.063479254330414], [72.4544274523762, 23.064052884200272], [72.4535086910162, 23.063237546860528], [72.45183833691354, 23.062742717071824], [72.45036545255971, 23.061993996672474], [72.45033277807195, 23.061233362690523], [72.45033075744115, 23.061186333897403], [72.45032431740245, 23.061036430024945], [72.45028318212094, 23.060078863314413], [72.4501643704058, 23.05835705371738], [72.44994942636225, 23.057102558350582], [72.44993655681425, 23.05603489769968], [72.4494814750208, 23.054813794438903], [72.44902383116398, 23.053357616585043], [72.4506134818024, 23.05293727062322], [72.45065509346627, 23.052039188435497], [72.45051008362778, 23.05153048909349], [72.44985143591497, 23.05041064244052], [72.44963667392896, 23.04967354230968], [72.4495309799196, 23.048707367379095], [72.45060472671952, 23.04809952573274], [72.45171476180161, 23.047610378793316], [72.45258307268126, 23.0474596553077], [72.45374476818671, 23.04768235781701], [72.45461431047636, 23.04729437269428], [72.45557165545335, 23.047770841837472], [72.4570738912236, 23.047996050908544], [72.45790353391352, 23.048184152926478], [72.4582367398632, 23.04799841676845], [72.45877053231251, 23.048287593235127], [72.46011892682185, 23.048103907522364], [72.46056104464488, 23.048274266611465], [72.46176290622172, 23.04786996394644], [72.46270101657271, 23.047514522581228], [72.46363912249066, 23.047159074285844], [72.46435698393391, 23.047550280939227], [72.46550490810398, 23.047110474449152], [72.46555442448786, 23.047091502519933], [72.4656330947606, 23.047061361094883], [72.46594328468791, 23.04737839087569], [72.46598197634833, 23.047417934857016], [72.46598055783356, 23.047695648262298], [72.46597877325623, 23.048044958840553], [72.46649813712568, 23.048694475219687], [72.4665633759537, 23.048776062005743], [72.46665739453286, 23.048893640394326], [72.46702223321287, 23.04974169925912], [72.46888790109008, 23.049474227113663], [72.46880630432106, 23.04870981973561], [72.46878845088827, 23.048542569582853], [72.46888139257422, 23.047996407165183], [72.46907385693093, 23.04686539724207], [72.46950581873953, 23.045802722918634], [72.4699377739907, 23.044740046697456], [72.47056954547553, 23.043910886862008], [72.47090410120353, 23.043453974640418], [72.47107190022363, 23.042304159731778], [72.47108895795746, 23.042187269691496], [72.47109131037864, 23.042171150345112], [72.4711353621651, 23.041869284960868], [72.47116415982704, 23.041871047405426], [72.47228168103864, 23.04193943476177], [72.47233879778211, 23.04132821938448], [72.47223333562482, 23.041094098105876], [72.4722121291601, 23.04104702034061], [72.47201025530805, 23.040598868086395], [72.47218557833585, 23.04000587514789], [72.47238582346363, 23.039328582944417], [72.47244616241142, 23.038807802461275], [72.47276910444812, 23.038609410534953], [72.47338114169861, 23.03823341587835], [72.47431611435827, 23.037659022131326], [72.4752510784066, 23.037084622994435], [72.47618603582751, 23.03651021669436], [72.47627508488144, 23.03600356627998], [72.47631981313997, 23.03574907885521], [72.47638553308018, 23.035375156021857], [72.47658502701827, 23.034240093766982], [72.47652113412991, 23.032800839855756], [72.47643384475398, 23.031806455585787], [72.47634655592671, 23.030812070366114], [72.47625926761437, 23.029817686001667], [72.4750573477959, 23.03027295821207], [72.47485375421483, 23.029379995130583], [72.47465016176257, 23.02848703191858], [72.4743671123408, 23.02770883364126], [72.47410564378835, 23.026810305682346], [72.47402720267135, 23.026245338645317], [72.47395751611485, 23.025918619588076], [72.47419004531416, 23.025370747235584], [72.47480226765647, 23.02437665264981], [72.47487129530211, 23.02305284267025], [72.47494031928503, 23.02172903232549], [72.47595336181037, 23.02031287811422], [72.47672903054584, 23.01969997596895], [72.47725734637659, 23.018731138570843], [72.4777759470325, 23.01781724566668], [72.47820971224765, 23.017172639754882], [72.47866178759209, 23.017053791538974], [72.47894730680547, 23.01661338797461], [72.47922577086875, 23.016492064688574], [72.47930564882532, 23.016457262437466], [72.47967459102138, 23.01629651770351], [72.47877093926441, 23.015835384531208], [72.47786729403371, 23.01537424671353], [72.47705746275011, 23.015953626327594], [72.47683957465465, 23.01610950967192], [72.47642092549778, 23.01610291173875], [72.47618925622668, 23.01610951543403], [72.47606211598439, 23.01611313916043], [72.47485703038863, 23.01536974940376], [72.47386024115639, 23.014737236572874], [72.47294184369329, 23.014432514358244], [72.47189767319625, 23.01403690563023], [72.4708535093784, 23.01364129143104], [72.46980935227357, 23.01324566995614], [72.46988327932195, 23.012761415749853], [72.46910632460053, 23.01254097071314], [72.4688411080923, 23.012888143663567], [72.46816967009097, 23.012543910217335], [72.46828436029024, 23.01206810532913], [72.46789435202813, 23.011587688321775], [72.46754312656692, 23.011287541073283], [72.46746703370694, 23.010674160775693], [72.46724182504089, 23.009860699348256], [72.4665929304582, 23.009025052061432], [72.4667009944202, 23.008866733183535], [72.46645296952519, 23.008099871032275], [72.46626226666602, 23.007519338295843], [72.46627915555705, 23.00705664093072], [72.46619358240234, 23.006364867457208], [72.46656844838228, 23.006145976164802], [72.46670601331482, 23.00606564917709], [72.46668389361079, 23.005813604949353], [72.46666337229121, 23.005579777151247], [72.46647379497334, 23.004876217464638], [72.46559430906842, 23.00399587543051], [72.4656403305264, 23.003839602967783], [72.46572744212702, 23.003686117056475], [72.46566978084842, 23.003382005853197], [72.46594347759807, 23.002573239034756], [72.46570331002313, 23.001589186065136], [72.46547218280661, 23.00108774169949], [72.46530213768902, 23.000162580273802], [72.46530565484605, 22.998398927081116], [72.46509615751444, 22.997757546006515], [72.46496138418482, 22.99758901259779], [72.46458038542548, 22.99669576184854], [72.46438085831333, 22.995668589924424], [72.46418133441549, 22.994641417914096], [72.46467716348646, 22.9946213517518], [72.46470897901976, 22.99462006390999], [72.46490541972035, 22.994612113209254], [72.4653999980508, 22.994823865832636], [72.46709215510491, 22.994817428066817], [72.46734828857893, 22.99424854245842], [72.46735548150711, 22.994232567295324], [72.46744408447391, 22.994035773498275], [72.46788724507795, 22.99332449476576], [72.46826904858267, 22.99271168783323], [72.46827503391853, 22.992500821244974], [72.46827708574945, 22.992428519299892], [72.46895283179693, 22.991169250773037], [72.4690458303741, 22.990792542505197], [72.46925021946865, 22.990562390626458], [72.46948929316468, 22.99029318095764], [72.46955677141524, 22.990217196004334], [72.46953252438239, 22.990044687774585], [72.46952119292864, 22.989964065357068], [72.46947933295645, 22.989666236770393], [72.4696893214142, 22.989368386721903], [72.46975465663091, 22.988394004973603], [72.46988774738637, 22.988314849695897], [72.46992317316165, 22.988293779980065], [72.4704714864646, 22.987967667307803], [72.47054195254117, 22.987490130980103], [72.4705465462896, 22.987399639740154], [72.4705663544065, 22.987009472888662], [72.47042490168946, 22.98592177317758], [72.47025714212319, 22.985276765626075], [72.47022584673057, 22.98515644000037], [72.47020220360365, 22.984930455561937], [72.47015596353954, 22.984488486683514], [72.47022713642345, 22.98344357105948], [72.47008645586067, 22.983277992909876], [72.47011421124517, 22.982570589896362], [72.47015318962147, 22.982521871045314], [72.47028646079299, 22.982355294681064], [72.47022941319315, 22.981925858170662], [72.47020130777739, 22.981756011857133], [72.47007510304277, 22.980993329022954], [72.47008003256602, 22.98054674201434], [72.47012112964457, 22.980252599947427], [72.47030778321523, 22.978916640556335], [72.47040895054869, 22.978441185345623], [72.4706080842357, 22.977901440955186], [72.47056830994073, 22.977251798057093], [72.47076073683984, 22.977165540693683], [72.47057384512946, 22.976812416979556], [72.47084537761025, 22.976703149877128], [72.47086758923764, 22.976435127833977], [72.4711698280279, 22.976327941833546], [72.47156356116699, 22.975489300149203], [72.47234744019981, 22.97515941071803], [72.47281807811618, 22.974944371960103], [72.47315404813999, 22.974243668425284], [72.47342190806529, 22.973992291829255], [72.47342158842697, 22.973623441769053], [72.47363653481386, 22.973638007361217], [72.47349436966255, 22.973117688915618], [72.4732829313492, 22.973060803948062], [72.47322631021738, 22.972846187044638], [72.47320880533667, 22.972779836847216], [72.47314193702175, 22.972526379810073], [72.47311384497156, 22.9722206428384], [72.47310071039338, 22.972077686902697], [72.47310730388034, 22.972019504394826], [72.47315813823198, 22.971570893983387], [72.47334104644123, 22.971413060278316], [72.4740673130813, 22.971405528349745], [72.47475803854839, 22.97126791502146], [72.47571510239788, 22.971533073887528], [72.47633188993355, 22.97191531509121], [72.47671305256169, 22.971600679332855], [72.47706467670695, 22.97126985556032], [72.47735638528037, 22.97128961466862], [72.47751208620545, 22.971087375757936], [72.47765026376709, 22.971096735091642], [72.47795332194993, 22.970606577666622], [72.4776322401094, 22.97022090052576], [72.477645762106, 22.969498345194495], [72.4781934602856, 22.969223357266664], [72.47832646311893, 22.96873586522518], [72.47838937544314, 22.967789684268308], [72.47864786726036, 22.967651148831877], [72.47871254399736, 22.96668161464675], [72.4791242717578, 22.966724462890507], [72.48027383726674, 22.966844092183656], [72.48097677860181, 22.9675511291306], [72.48167972721845, 22.96825816264734], [72.48269068973133, 22.968466546993277], [72.48370165598362, 22.968674925153426], [72.48471262694963, 22.968883297143112], [72.48542453148838, 22.969020666145948], [72.4867113411647, 22.969245583466407], [72.48738206260796, 22.96934772660344], [72.48879624151694, 22.96955686394363], [72.49003634779766, 22.969777160081474], [72.4914497073993, 22.970214721858063], [72.4923258243711, 22.970606389254208], [72.493255864153, 22.97124996615229], [72.4941859139622, 22.97189353923605], [72.49517286255684, 22.973147461831406], [72.49636183527355, 22.974534317169567], [72.49650094279285, 22.974903774257967], [72.497367895712, 22.975340975193912], [72.49778345614352, 22.976454106371147], [72.4982979470199, 22.976701633436072], [72.4990599598607, 22.976754443906877], [72.49958727203105, 22.97716038909026], [72.50079071762052, 22.978016367555707], [72.50209615216829, 22.978839224730272], [72.50291978615462, 22.979295825533697], [72.50238042487291, 22.980502544359123], [72.50234709589796, 22.980577110170792], [72.50225227732702, 22.98078924542214], [72.50326281314581, 22.980706369803492], [72.50427334739562, 22.980623488509178], [72.50425439352308, 22.980510010639353], [72.504185154443, 22.980095469565523], [72.50438443745466, 22.98003785992502], [72.50457744703722, 22.97998206320965], [72.5047319336009, 22.97993740324997], [72.50482936930726, 22.97994500908086], [72.50550604835482, 22.979997830542164], [72.50566804980053, 22.980599003756083], [72.5057191943501, 22.980511899534232], [72.50623313322289, 22.979636594662693], [72.50697424748664, 22.978767034119038], [72.506272336465, 22.97813043539833], [72.50557043108506, 22.97749383317926], [72.50653680939148, 22.9771853222346], [72.5075031838527, 22.976876804089414], [72.50894482120965, 22.976665976258346], [72.510386454423, 22.97645513488149], [72.5111470686717, 22.976348112706905], [72.51157899679573, 22.976287336856227], [72.51201732520076, 22.976228909065377], [72.51293348305957, 22.976106783939805], [72.51312625064749, 22.97629441741638], [72.51323588142749, 22.97663330084814], [72.51332100802662, 22.97689643786022], [72.51435586828684, 22.9767489607881], [72.51450203823548, 22.975685234262844], [72.51481451379219, 22.974975557808765], [72.5155226773589, 22.97392863708696], [72.51607754302945, 22.97309030064525], [72.51663240248911, 22.972251961593212], [72.5171728250077, 22.9711316667535], [72.51626725841075, 22.970578303713722], [72.51536169951311, 22.97002493520272], [72.51375246383797, 22.969254362855725], [72.5129107596695, 22.96893026338485], [72.51134865045685, 22.967998247640153], [72.51142981280285, 22.967735077329703], [72.51030897081655, 22.96739142947951], [72.50918813621995, 22.96704777329152], [72.50884732627165, 22.966971318208646], [72.50845531690035, 22.966883376107372], [72.50884722412148, 22.966026065227336], [72.50923912593736, 22.96516875285844], [72.50933638176406, 22.96495599621154], [72.50963102332291, 22.964311439016143], [72.50932275687265, 22.964240868152913], [72.50955854251262, 22.963334175787292], [72.5096024091528, 22.96267595581815], [72.5093712737037, 22.96192186841014], [72.50891899085032, 22.960909767357588], [72.50858084995386, 22.9598808474759], [72.50816301468821, 22.958915073019597], [72.5080024843012, 22.958034759369767], [72.50797646483963, 22.956793607285007], [72.50756433894979, 22.95590228490887], [72.50868434761311, 22.955702499151794], [72.50871194240773, 22.955697576774522], [72.509006402209, 22.95564504974962], [72.50985954223616, 22.955492860902744], [72.5099776286072, 22.955873242443868], [72.51031370252726, 22.955748170526398], [72.5106126570485, 22.95515892441165], [72.5108468782787, 22.954606783513714], [72.5116694589019, 22.953697145842614], [72.5122578270337, 22.952957046762926], [72.51290059830605, 22.952443273834685], [72.51386066693934, 22.951702587499526], [72.51482072432778, 22.950961893446124], [72.51581062883888, 22.950268381587012], [72.5172359857447, 22.949260692069856], [72.51725364940783, 22.949321421719894], [72.51821605654844, 22.949062644484922], [72.51917845959548, 22.9488038610589], [72.5201408595232, 22.94854507145725], [72.52110325633136, 22.948286275680214], [72.52233391588186, 22.948130190832998], [72.52300925860438, 22.94804453260047], [72.52356457356174, 22.947974096175333], [72.52382732532125, 22.947940768202567], [72.52465730511923, 22.947835487353778], [72.52479522937038, 22.947817991707403], [72.52564546649872, 22.94793878682153], [72.52671998348484, 22.948201443715487], [72.52779450533195, 22.948464092773612], [72.52886903103243, 22.94872673578544], [72.52972607207246, 22.948860971118037], [72.53023879800725, 22.948919024986118], [72.5307457831844, 22.948976426309166], [72.5317654967029, 22.949091874183488], [72.53196960992823, 22.94911498242964], [72.53278521162036, 22.949207316530746], [72.53284116357074, 22.949213650622355], [72.53282898878535, 22.95020937123507], [72.53281932516845, 22.95099973311969], [72.53281681405498, 22.951205091733225], [72.53280463840511, 22.952200812101648], [72.53279246183567, 22.953196532340332], [72.53297026208718, 22.954035140682578], [72.53441376824472, 22.954577213546134], [72.53483404282892, 22.955056090647542], [72.53557829042879, 22.95596286995461], [72.53632254866494, 22.956869647452294], [72.53695763008419, 22.95769125973761], [72.53759271894168, 22.958512870066873], [72.53698520627012, 22.959310380936596], [72.5367961822606, 22.95998039437819], [72.53649037107046, 22.96073637627643], [72.5359722731243, 22.96137369937375], [72.53574530239929, 22.962383880942678], [72.53551832659355, 22.963394061760884], [72.53499891537452, 22.96368824489591], [72.53564567883451, 22.96482678173527], [72.53629245146736, 22.965965316712275], [72.53654571581767, 22.966381435937876], [72.53659245798443, 22.966458233928293], [72.53684580156367, 22.966501443826935], [72.53751780265371, 22.96661605623397], [72.53863584216624, 22.966469834076914], [72.53902116373605, 22.96641943780875], [72.53902646178999, 22.96625980467234], [72.5390461462352, 22.965666721865098], [72.539116551645, 22.965659701079343], [72.53911730908396, 22.96563687829572], [72.53926947955782, 22.96562170309513], [72.53939718632449, 22.96560896725642], [72.53988110591027, 22.965560707973477], [72.53998749127584, 22.966408458431086], [72.53991399192819, 22.96641968809133], [72.53991632814082, 22.966438303272955], [72.53948849061666, 22.96650366760988], [72.53927382093016, 22.966536464060155], [72.53937504249718, 22.96759218030595], [72.5393870757684, 22.967717686310586], [72.53947626481424, 22.968647896496204], [72.5394027132053, 22.968652844478186], [72.53940510038261, 22.968677740086502], [72.5384202056395, 22.968744001421765], [72.53837834018228, 22.968477840770735], [72.53836508238554, 22.968393554931968], [72.53783415281428, 22.968481588137497], [72.53745445191325, 22.9685445445995], [72.53837879076265, 22.970009472775136], [72.53931071292176, 22.97147543262563], [72.53998733572283, 22.97240823361437], [72.53993956689916, 22.972802264776316], [72.53998139313494, 22.97346988870301], [72.54007625461722, 22.97432558485003], [72.53998770229973, 22.974838983603707], [72.5398088966589, 22.975129613808065], [72.53959291669258, 22.97538544533385], [72.53964067860433, 22.975828339509924], [72.53972241397521, 22.976473782833995], [72.53931019333892, 22.97801959894995], [72.53918795335206, 22.97843191901008], [72.53858593865623, 22.979243008634974], [72.53816183859342, 22.979814387301797], [72.53798391651979, 22.980054094367592], [72.53738188692594, 22.980865177110154], [72.5367798498743, 22.981676256862414], [72.53562527699899, 22.9827122237553], [72.53556002061055, 22.983976577355087], [72.5354947617982, 22.985240931541984], [72.53518424251556, 22.986827342794935], [72.53498811160051, 22.988118363230303], [72.53405350808787, 22.988729691232123], [72.53344253806884, 22.98916527300409], [72.53226986878573, 22.98969196390757], [72.53226615528328, 22.98969150340607], [72.53219869061438, 22.98972180307368], [72.53105892740244, 22.98958043889815], [72.5299191664102, 22.9894390667002], [72.52951127860221, 22.989288853655786], [72.52932050449579, 22.989399789127987], [72.52930783348856, 22.989395605751895], [72.52924932694478, 22.98942962694021], [72.52794313086272, 22.988998397082046], [72.52750129485175, 22.989901713382388], [72.52821077405157, 22.990702507761544], [72.52815684394771, 22.990818326578218], [72.528965859802, 22.991668136240285], [72.52981610150458, 22.992229802189023], [72.53045491829921, 22.992553018723456], [72.53084315071726, 22.992749447219836], [72.53223981818077, 22.99321918412301], [72.53235714287037, 22.993258643314327], [72.5327116723112, 22.993395999209056], [72.5324495251372, 22.9941142813591], [72.5325264996607, 22.99425616703133], [72.53261309134686, 22.99441577927889], [72.53349825524057, 22.994668827075508], [72.53376463455777, 22.994757607732943], [72.53401039161551, 22.994839514530778], [72.53415724991572, 22.994888460116293], [72.53411604300771, 22.995633616487545], [72.5341140750555, 22.99566920152874], [72.53411355358455, 22.9956786335693], [72.53417810877058, 22.99585055679632], [72.53509512313927, 22.996132278542436], [72.53529830950004, 22.99619470000021], [72.53561408991288, 22.996291710922794], [72.53533735058284, 22.996473758894723], [72.5352246961649, 22.997164356490487], [72.53525669993365, 22.998403299487823], [72.53521792455844, 22.998802540979828], [72.5351490374464, 22.99880876179608], [72.5351467428899, 22.998832381097685], [72.53462157557261, 22.998879802336187], [72.53458055927935, 22.99905816100813], [72.53445189666732, 22.99961765036358], [72.53439225607201, 22.9998769934292], [72.53607965787992, 23.000035105236915], [72.53623403430136, 23.000049569840268], [72.53679253736473, 23.00008757234319], [72.53799173766501, 23.000171331714466], [72.53875435527027, 23.000201062945628], [72.53878784873031, 23.000202368209287], [72.53888879717088, 23.0002638558518], [72.53900747305892, 23.00071163736268], [72.53904926632022, 23.000865015487207], [72.53908066675262, 23.00161022450338], [72.53924428755785, 23.002041134209485], [72.5396709661765, 23.003245473991385], [72.53969721276934, 23.0039697535821], [72.5396922173666, 23.00503448816503], [72.5393468830505, 23.006215371014797], [72.53838488067343, 23.00776874641302], [72.53825296073433, 23.007949584736348], [72.53821115051656, 23.00793915744928], [72.53818177458733, 23.0079794258307], [72.53740681250942, 23.007786153878175], [72.53688322066257, 23.00839835257552], [72.53684057020456, 23.00839482969738], [72.53681203401405, 23.00842819390753], [72.53560955138278, 23.008328858172053], [72.53440707144917, 23.00822951253995], [72.53431591917249, 23.008540552610647], [72.53423602800389, 23.008830312181303], [72.53419690513873, 23.009621597284244], [72.53418386758258, 23.00988528589105], [72.53416064625726, 23.009883368594174], [72.5341127966941, 23.009912765187366], [72.53410939514983, 23.009914854428494], [72.53386435191149, 23.010065393974536], [72.53390581773904, 23.01041420171185], [72.5340327628163, 23.011269697723865], [72.53407752734894, 23.011571372352115], [72.53424956142797, 23.01161908462335], [72.53433504676794, 23.01164279338188], [72.53456716184944, 23.012722392065182], [72.53459083319304, 23.01283248941756], [72.53459729482731, 23.012862542730847], [72.53461661703251, 23.012875219713653], [72.5346592696856, 23.012903203570804], [72.53469973849235, 23.01292975501855], [72.53495663314798, 23.013650189554955], [72.5352771192706, 23.01453379056661], [72.53534966315092, 23.01486224567232], [72.53537329568225, 23.014910097121753], [72.53545239762593, 23.015070262729623], [72.53560443837593, 23.01527218948675], [72.53623668367136, 23.015541860217013], [72.53627360534367, 23.01558339425942], [72.5368040300838, 23.016180071834803], [72.53680725606934, 23.017524292945456], [72.53679678215194, 23.017782518555364], [72.53659769656629, 23.018934469289857], [72.53638604660043, 23.019427528350317], [72.53625306774642, 23.01965632532325], [72.5358210076912, 23.02059115311937], [72.53538894211184, 23.021525979132598], [72.53478262482146, 23.02249673217542], [72.53432532871248, 23.023695936120443], [72.53425110346028, 23.024316900864672], [72.53418021132273, 23.024344200945382], [72.53417990762892, 23.024346740181446], [72.53307065476011, 23.024773903802927], [72.53269669794818, 23.02499100016161], [72.53264361372567, 23.025010323394028], [72.53262550149192, 23.0250208378128], [72.53233019872899, 23.025128331485032], [72.53133642042181, 23.026244336013516], [72.53103228604135, 23.026705638011002], [72.53102932708497, 23.026710870231597], [72.53082823166325, 23.0270664967237], [72.53031103118984, 23.028165159413156], [72.52998244609694, 23.02877667631171], [72.52882720965003, 23.02958044945839], [72.5288113518433, 23.029591482474938], [72.52942605106355, 23.030473342104067], [72.52977548159546, 23.0309746372186], [72.53004075793854, 23.031355200850072], [72.5301506862392, 23.03144462773044], [72.5300973056594, 23.031646300843644], [72.53048036721455, 23.032536461764966], [72.53083566112706, 23.033362084685887], [72.53086343426925, 23.0334266230215], [72.53095655950385, 23.033849996052925], [72.53102067838091, 23.03385704663622], [72.53119328094674, 23.033876025608325], [72.53126796094045, 23.033930570642713], [72.53129004044536, 23.034007714569363], [72.53134222229546, 23.0341900372587], [72.53135330519719, 23.034228758847348], [72.53139073354141, 23.0343595322533], [72.53146612574324, 23.034453635335577], [72.53158491709726, 23.034491622687458], [72.53171520490491, 23.034533286698412], [72.53174163421873, 23.034643979878183], [72.53171775309191, 23.034720267255107], [72.53195562435313, 23.034974585382002], [72.53224681170221, 23.03551580776713], [72.53233959126801, 23.03570351417806], [72.53225072852159, 23.035697622478295], [72.5322683888745, 23.035733351136358], [72.53216162845715, 23.03572627367167], [72.53212315635682, 23.03610952929978], [72.53217730797422, 23.036141775090172], [72.53228323440544, 23.036121142108804], [72.53230344967018, 23.036303745631287], [72.53229949133116, 23.036776903754145], [72.53129812818634, 23.037616971639398], [72.53123079304184, 23.037689132697256], [72.5309642164854, 23.03797481267568], [72.53100141957441, 23.03810784495595], [72.53146025242815, 23.03816495309765], [72.53174793622726, 23.038200758696366], [72.53180860430747, 23.038461252465346], [72.5319037662096, 23.03886985720558], [72.53191965707082, 23.038938086359497], [72.53229996949223, 23.038954484408823], [72.53230166523437, 23.03926329650096], [72.5323032789819, 23.039557282258116], [72.53264021877982, 23.039680883640383], [72.53264246387306, 23.039681706786443], [72.53276627087999, 23.039811879993035], [72.53321670249214, 23.040373506266537], [72.5332347780472, 23.040546415045448], [72.53346140146738, 23.040740893041807], [72.53343364578639, 23.041162737440022], [72.53344953642667, 23.041469945754248], [72.53376064081405, 23.041607819909224], [72.53369392436714, 23.041856517336225], [72.53352496158918, 23.041969724463993], [72.53362515843465, 23.0425637708235], [72.53367737621836, 23.042873354144298], [72.53424134240142, 23.043101708199483], [72.53503770999875, 23.043446571643827], [72.53549992042844, 23.043646727707987], [72.53540885441252, 23.044220751735633], [72.53536384270522, 23.04450447947326], [72.53602815630747, 23.044717831407485], [72.53600571102268, 23.044857201127314], [72.5366390586782, 23.04516872119303], [72.53710130154896, 23.04539607910043], [72.53705628954613, 23.045695529017227], [72.53699310172017, 23.046115888051244], [72.53868179716115, 23.04609688444655], [72.53889197067329, 23.04617336190946], [72.53935058939167, 23.04634024291212], [72.53932821791241, 23.04667173938322], [72.53930866782399, 23.046940160737805], [72.53929647517178, 23.04710757511654], [72.53928302570722, 23.047292231552788], [72.53959307314766, 23.04731739317637], [72.54053796966122, 23.047394072697394], [72.5408322893333, 23.04722231580781], [72.54088070743134, 23.047194059929485], [72.54089259290645, 23.047198838095355], [72.54095191462179, 23.047164218582157], [72.5411843289729, 23.04725765179707], [72.54111261173396, 23.047400305769077], [72.5410755415735, 23.04747404411471], [72.54139811575787, 23.047667338248512], [72.54154537068159, 23.047755576083752], [72.54172057977574, 23.047916593898147], [72.54209513431388, 23.048260808738135], [72.54239146288053, 23.04834010320668], [72.5429043026766, 23.048530314578958], [72.54304740815505, 23.048433029143496], [72.54314566910038, 23.04836622955059], [72.54329389686325, 23.048330468019266], [72.54338547031654, 23.048295712480275], [72.5439072228759, 23.04816982966081], [72.54419668485261, 23.04813149730068], [72.54453281877853, 23.04808698341828], [72.54482480698016, 23.047989498745103], [72.54541212891709, 23.047844785772927], [72.54658429849444, 23.047603584320314], [72.54709948991713, 23.047535349159194], [72.54813469504538, 23.0475158696977], [72.5489052121738, 23.047513190253625], [72.55063346928912, 23.0475120253003], [72.55121595770335, 23.047486754619683], [72.5523899159672, 23.047357177061098], [72.5538882830975, 23.04717812364701], [72.55424606292118, 23.04704812219011], [72.5544833959081, 23.04701265889341], [72.55495820731485, 23.0470983776554], [72.55561019807936, 23.047283133391666], [72.55614067139126, 23.04743176929992], [72.55688822419093, 23.047542020823098], [72.55721868652486, 23.047596286245376], [72.55772978148738, 23.047629621303088], [72.55827304413329, 23.04765869231211], [72.5595224225416, 23.047727375475578], [72.56077180224503, 23.04779604794368], [72.56157621240266, 23.047806405317377], [72.56229242515036, 23.047801584092017], [72.56241821042606, 23.047794233770876], [72.56235798698276, 23.047523244400097], [72.56235535927493, 23.047511418227433], [72.56237422387193, 23.04700688547496], [72.56249008216241, 23.045941785617863], [72.56273691919485, 23.04418471406305], [72.56282576475931, 23.04377056461589], [72.56304565787606, 23.043061439713824], [72.56371871899928, 23.041693421709205], [72.5643469700242, 23.04012021829558], [72.56453169948524, 23.039845364954633], [72.5645868379658, 23.03983940931289], [72.56460289849458, 23.039815512137537], [72.564826563247, 23.039791354493126], [72.56490263662774, 23.039783138389218], [72.56553145662053, 23.039942771525023], [72.5659195204315, 23.040014111264103], [72.56608998820033, 23.04004544850986], [72.56665824091267, 23.04015910826849], [72.56728788976756, 23.040269320675524], [72.5683104900287, 23.04037775032469], [72.56915986631323, 23.040431920990684], [72.56990001431694, 23.040475862451107], [72.57043025068667, 23.04042408272226], [72.57150635060597, 23.040349562688885], [72.57258245004915, 23.04027503612434], [72.57322253222647, 23.040225764073778], [72.57322708025816, 23.040225414100146], [72.57382263134784, 23.04017956812173], [72.57381906338124, 23.04034292730961], [72.57402419985245, 23.04126579431143], [72.57422933853933, 23.042188660284708], [72.57443447940977, 23.043111527034505], [72.57463962249635, 23.044034392755695], [72.57484476776689, 23.0449572592533], [72.57526763151937, 23.046087398946415], [72.57569050053827, 23.04721753794667], [72.57611337579945, 23.04834767626885], [72.57659904038057, 23.049252814764973], [72.57708471099431, 23.05015795312837], [72.57757038767346, 23.051063089553747], [72.57805607040227, 23.05196822494345], [72.57854175916508, 23.052873360199825], [72.57902745399461, 23.05377849351758], [72.57982866357433, 23.054820523010616], [72.58062988413766, 23.05586254934579], [72.58148355053989, 23.056768192831058], [72.58233722825373, 23.057673831672943], [72.58319091724762, 23.058579467675916], [72.58408419952733, 23.059239400411197], [72.58497748973654, 23.059899328764907], [72.58587078984226, 23.060559251863857], [72.58676409786185, 23.061219171482815], [72.58768489530323, 23.06171365683339], [72.58860569981901, 23.062208138256064], [72.58952651046602, 23.062702613930547], [72.58953591049541, 23.062707662169633], [72.58985707390002, 23.06288012478999], [72.59044732916281, 23.06319708569125], [72.59050381489384, 23.063227416745523], [72.5914142013364, 23.063782280010333], [72.59232459654024, 23.064337137731552], [72.59345638538944, 23.064997172314694], [72.59441599172102, 23.0657079985088], [72.59537560933131, 23.066418819675576], [72.5966294176835, 23.06766820769352], [72.59717528227247, 23.068417349243184], [72.59772115270857, 23.06916648844702], [72.59821644386551, 23.07001770469538], [72.59859754644836, 23.070918290011512], [72.59907338385118, 23.071977273800293], [72.59946039604824, 23.072945099210344], [72.59984741417908, 23.07391292404428], [72.60009517617827, 23.074550734493343], [72.6003169973057, 23.07562727522991], [72.60053882115761, 23.07670381581818], [72.60076064773433, 23.077780356258064], [72.60096971830413, 23.07899315300488], [72.6011306848573, 23.080065853266], [72.60129165313191, 23.081138554347504], [72.60165247044729, 23.082890922454432], [72.60170708694449, 23.08393110247647], [72.60174400764951, 23.084634269050728], [72.60174439114843, 23.08464158020045], [72.601761703499, 23.084971282425407], [72.60184988636745, 23.085850530239362], [72.60179790895249, 23.08590237191181], [72.60102173366704, 23.086676516773824], [72.60019356980222, 23.08750249711195], [72.59936539670753, 23.088328472185445], [72.5987520121473, 23.088793388971908], [72.59895642614381, 23.089147913787933], [72.59982739459173, 23.089675063661936], [72.60069837108938, 23.090202209279372], [72.6015693537017, 23.09072934970765], [72.60198377428273, 23.091665834911215], [72.60284351513096, 23.09212351880075], [72.60370326211849, 23.092581198467304], [72.60453000224771, 23.093021300248445], [72.60456301426971, 23.093038873895736], [72.60508289272258, 23.093076520169095], [72.60612422521018, 23.093034638346136], [72.60716555674757, 23.09299274957638], [72.6082068883259, 23.092950852972123], [72.60910132306658, 23.09291486167255], [72.60911858861378, 23.092914167201062], [72.60924822088845, 23.092908950353266], [72.61028955249955, 23.092867040787727], [72.61004101880705, 23.094311428571014], [72.6100628341003, 23.094662830886435], [72.610548828668, 23.09555040469656], [72.61103482920595, 23.096437977452027], [72.61085366476561, 23.097131387599827], [72.61061154970109, 23.09809346530175], [72.61055104696639, 23.098487151482583], [72.61052930983779, 23.0986285931175], [72.61049623136718, 23.098843834568726], [72.61069195579418, 23.099606784733293], [72.61151538423611, 23.10095868763084], [72.61185141116351, 23.10096192642951], [72.61221820360211, 23.101817544739998], [72.61258500023196, 23.102673163403455], [72.61418756054955, 23.10268040045903], [72.6145849207713, 23.103823818631845], [72.61498228589191, 23.10496723710151], [72.61502223178968, 23.10614356018308], [72.61571187855914, 23.106749525078392], [72.61700954534824, 23.107208430418204], [72.61830722088224, 23.107667325769334], [72.61841423419509, 23.10858871275279], [72.6186364244466, 23.10971149403839], [72.61912217531282, 23.110504056918096], [72.61965283273103, 23.111119441521414], [72.62056289512748, 23.112163177461387], [72.62071080267269, 23.113197385727368], [72.61969258222106, 23.11333970531889], [72.61872062771738, 23.11328334858946], [72.61794794044056, 23.113248224968054], [72.61791319487843, 23.11324664569272], [72.61740250225377, 23.113223429216486], [72.61611828212648, 23.113352190187108], [72.61508320930369, 23.113642534602512], [72.61512768638951, 23.114192339009133], [72.61518451194341, 23.11478136663805], [72.61519967338403, 23.114938522822136], [72.61521430610219, 23.11509019741306], [72.61525906807688, 23.116246421404746], [72.61528246339438, 23.11657949811941], [72.61548869141753, 23.117026442067186], [72.61546167017374, 23.118576636166825], [72.6154375498256, 23.119129669554397], [72.61578501998605, 23.11971533731962], [72.61644169691027, 23.12086812804549], [72.61686279996593, 23.121611157843034], [72.61588567910589, 23.12151492119136], [72.61536226285506, 23.121458714402756], [72.61455429689185, 23.121368562413622], [72.61457311714983, 23.122593071596263], [72.61456546218707, 23.1229089262455], [72.61453011593152, 23.123939703899723], [72.61454682591561, 23.12423066001287], [72.6145478352961, 23.1244705815107], [72.61397162823518, 23.124693081879208], [72.6136559985292, 23.124811645543367], [72.61290398544936, 23.124869400746046], [72.6129802626653, 23.12569189844978], [72.61203012356991, 23.12617503986604], [72.61107997902539, 23.126658174969755], [72.61075757565727, 23.127580534902798], [72.60935614545734, 23.12785046748927], [72.609096732197, 23.12790043173394], [72.608968465261, 23.12795824851827], [72.6078544568959, 23.128460384546308], [72.60706238659327, 23.128772389174248], [72.60563686355796, 23.129062180765526], [72.60409418394678, 23.129376023891382], [72.60311963724948, 23.129606668459708], [72.60188590358788, 23.129796095835125], [72.60168063486391, 23.129661552297602], [72.60137375001797, 23.129822076512067], [72.59950658614851, 23.12964498478976], [72.59883574098589, 23.130693695883675], [72.59760454166538, 23.130157923548285], [72.59637335383425, 23.1296221432923], [72.59568805851018, 23.129729359052785], [72.59444225661255, 23.12959318996162], [72.59319645820405, 23.12945701032146], [72.5919506632692, 23.129320821035048], [72.59180713848896, 23.12901016278197], [72.5900203671652, 23.128612991538525], [72.58987464646492, 23.128357975954756], [72.5892247041384, 23.128248765023432], [72.58887054029897, 23.128933627307113], [72.58828189812267, 23.128854106982136], [72.58812346612973, 23.12916589379051], [72.58792835172731, 23.129549868062057], [72.58716015330495, 23.12933970150837], [72.58683241090837, 23.12925003467622], [72.58573647467817, 23.128950194048837], [72.58535782816278, 23.129283628359328], [72.58449283541023, 23.129089683165546], [72.5836148347737, 23.129493523052346], [72.58340969608629, 23.12924151027085], [72.583306363838, 23.128164360368373], [72.5832030323994, 23.127087210403644], [72.58249052110536, 23.127134204398708], [72.58210206750981, 23.126414158562298], [72.58199389059959, 23.126190036739807], [72.58165514404115, 23.124643743611927], [72.58127480444315, 23.1235220600631], [72.58089447133855, 23.12240037509803], [72.58067571608669, 23.121493063670446], [72.58048434586033, 23.121473849963472], [72.58003832285767, 23.120091586499974], [72.57953365526019, 23.119281838831764], [72.57884110726378, 23.11810676195707], [72.57837057632305, 23.118214655475825], [72.57775642940337, 23.117322796712852], [72.5773064187182, 23.11746889162949], [72.57631765732997, 23.118704926438138], [72.57573635002791, 23.119334158347904], [72.5752514887104, 23.11965385299811], [72.57382148547427, 23.12040447351922], [72.57271424731285, 23.120997273384695], [72.57160699990594, 23.121590065502854], [72.57110106961186, 23.121885805158563], [72.57106605105248, 23.121906274809398], [72.57098667559606, 23.121648623096686], [72.57093851022505, 23.12149228031415], [72.57075385714376, 23.12106622682082], [72.57033277797603, 23.120094650299464], [72.56995762933514, 23.118961799471005], [72.56993363034258, 23.118889327521845], [72.56991317288478, 23.118638097591575], [72.56990380656102, 23.11843971767117], [72.56988525188653, 23.11804673141668], [72.56924258204366, 23.117815732582134], [72.56903345698919, 23.11716674527766], [72.56878489865066, 23.116024497304206], [72.56829005611591, 23.11592056726865], [72.56787376462503, 23.11590796579398], [72.56781132839649, 23.115716048169944], [72.5677760164545, 23.11560750395753], [72.56671350031839, 23.115515433128195], [72.56559274497693, 23.11577104842628], [72.56447198515318, 23.116026655366955], [72.56432385455548, 23.115893990303192], [72.56358952376713, 23.11612237002521], [72.56353669339194, 23.116138800108217], [72.56331196023926, 23.116208692306625], [72.56348963398891, 23.116435813132938], [72.56375920037128, 23.1167803992336], [72.56426591698856, 23.117684638513268], [72.56478116647422, 23.11910080097061], [72.56569878879692, 23.120221298583044], [72.5660914776455, 23.121302079417827], [72.56637886868539, 23.12235022606262], [72.566699100802, 23.12252381249869], [72.56670372146947, 23.122530195037484], [72.56674138577394, 23.122582223964155], [72.56731699125504, 23.123377351176593], [72.56732605771485, 23.123386451916147], [72.56774720105189, 23.12380919649172], [72.56786460408765, 23.124160444300514], [72.56796270308882, 23.12445393511224], [72.5679717473916, 23.124480994164575], [72.56827773320629, 23.125129701285054], [72.56824490372675, 23.126004263008337], [72.56871394354592, 23.127281750390626], [72.56862905400467, 23.12796918045347], [72.5688883879843, 23.128525364303695], [72.56881910865386, 23.129667433273905], [72.56874982719077, 23.130809501963583], [72.56853296078059, 23.1310604270707], [72.56824873069499, 23.132061543472485], [72.56796449667203, 23.133062658902062], [72.56702510417233, 23.13364143518569], [72.56647865374822, 23.13457988381697], [72.56618658500805, 23.134537704688704], [72.5662649178405, 23.136013999928544], [72.56525504535634, 23.13652827943281], [72.56424516658207, 23.137042551788195], [72.56373595316002, 23.13742812724646], [72.56242481836904, 23.13811029597721], [72.56096573272303, 23.138546971917823], [72.56100821041362, 23.13865820483283], [72.56058826434857, 23.13887490658997], [72.55993378934978, 23.139101371386946], [72.55937635651165, 23.13918254162333], [72.5590843099514, 23.139175799545917], [72.55908592916511, 23.13903973739562], [72.55908597410914, 23.139035962755763], [72.55910127333095, 23.13775051174978], [72.55900289127487, 23.13777144743718], [72.55883721974652, 23.1379935278078], [72.55868424116038, 23.137942333818565], [72.55832481930426, 23.137837501013756], [72.55829973173347, 23.13783018359159], [72.5581617656736, 23.137789942908007], [72.55808166922809, 23.137766581369497], [72.5580813970799, 23.137753856386606], [72.55807130376549, 23.13728224353275], [72.55789503953059, 23.136986833153173], [72.5576495848275, 23.136655623827952], [72.55778595601043, 23.136047685977083], [72.55718462066204, 23.136096953274883], [72.55715180509858, 23.136180986032166], [72.55698472689781, 23.13605466566083], [72.55691318436874, 23.136000575447905], [72.55685792443681, 23.13595879578923], [72.55595839407529, 23.13555817959222], [72.55516261641262, 23.135314175299275], [72.55468366303104, 23.135217114527283], [72.55416540766822, 23.13494078772448], [72.55348096458813, 23.134611196852596], [72.55268916020519, 23.134389600056352], [72.55247618465395, 23.13435022013287], [72.55192677042237, 23.13424862921634], [72.5519079487696, 23.13422250086676], [72.55166249205895, 23.13388174854243], [72.55131028708774, 23.13353310014489], [72.5507920772295, 23.133283672239507], [72.55033259562846, 23.13311477591977], [72.55004917622226, 23.133120502691366], [72.54980417583161, 23.13252033937875], [72.54930414920187, 23.13109580047153], [72.5485547940462, 23.131414686422808], [72.54853474574479, 23.131423217961377], [72.54832127060487, 23.131525543904953], [72.54693304309608, 23.132190958651307], [72.54651461918989, 23.131406980555422], [72.54648207182852, 23.131345998427005], [72.54633567939173, 23.131071708980752], [72.5456707684647, 23.131220700896836], [72.54559741724219, 23.131237137007105], [72.54458500613785, 23.131463990129056], [72.54358349578592, 23.1316676205995], [72.54258198302958, 23.131871243532608], [72.5426143004643, 23.131986026752024], [72.54183108617924, 23.13245820255574], [72.54126977917029, 23.132127401818824], [72.54106284041448, 23.132005443426877], [72.54096367639032, 23.131947002143146], [72.54096186082499, 23.131790112757898], [72.54063204679643, 23.131759403161695], [72.5404647651127, 23.131743827339104], [72.53989453213877, 23.131709299041923], [72.53881926988846, 23.131644185796258], [72.53871458361432, 23.13174258732888], [72.53832355802703, 23.13171742760002], [72.53775467921034, 23.131799025242184], [72.53760550938357, 23.13197963404382], [72.53738806893774, 23.132242900453488], [72.53722482655019, 23.13244054676884], [72.53695323789394, 23.13230954836738], [72.53669267057565, 23.132183864757835], [72.53663544097978, 23.13215626061083], [72.53600996211314, 23.13183076999578], [72.53569808834244, 23.13161037703147], [72.5349756407722, 23.13108111834277], [72.53440004729286, 23.130579971836156], [72.5339731133457, 23.130263828651692], [72.53413290679615, 23.1313298240997], [72.53413270505884, 23.131331567759766], [72.53413071863672, 23.131348699715865], [72.5340643942665, 23.131920827179574], [72.53373971892422, 23.13271701071896], [72.53333193070618, 23.133718278369365], [72.53315063983429, 23.134607465495908], [72.53284420102986, 23.135969628680126], [72.53251021707048, 23.13727472100102], [72.53235812552757, 23.137676103283532], [72.53210414745101, 23.13830246074741], [72.53174807128113, 23.13837866842064], [72.53139746275824, 23.138417065467394], [72.53128745796907, 23.13842911244782], [72.5311741862602, 23.138441517105598], [72.5305558586801, 23.138424987477606], [72.53047724743595, 23.138646293831624]]]}, "properties": {"objectid": 5, "name": "6- Gandhinagar Loksabha", "st_area(shape)": 179582035.90934768, "st_length(shape)": 94838.61693653569}}]}