{
"type": "FeatureCollection",
"name": "ahmedabad_hospitals",
"crs": { "type": "name", "properties": { "name": "urn:ogc:def:crs:OGC:1.3:CRS84" } },
"features": [
{ "type": "Feature", "properties": { "name": "Jivraj Mehta Hospital", "latitude": 23.0085819, "longitude": 72.5432503 }, "geometry": { "type": "Point", "coordinates": [ 72.5432503, 23.0085819 ] } },
{ "type": "Feature", "properties": { "name": "Paldi Bus Stand", "latitude": 23.0140283, "longitude": 72.5645993 }, "geometry": { "type": "Point", "coordinates": [ 72.5645993, 23.0140283 ] } },
{ "type": "Feature", "properties": { "name": "Sterling Hospital Div. Of Addlife Medical Institute Pvt. Ltd.", "latitude": 23.0487566, "longitude": 72.5312683 }, "geometry": { "type": "Point", "coordinates": [ 72.5312683, 23.0487566 ] } },
{ "type": "Feature", "properties": { "name": "Unknown", "latitude": 23.0924908, "longitude": 72.5917525 }, "geometry": { "type": "Point", "coordinates": [ 72.5917525, 23.0924908 ] } },
{ "type": "Feature", "properties": { "name": "Medilink Hospital, Ahmedabad", "latitude": 23.0173915, "longitude": 72.5304396 }, "geometry": { "type": "Point", "coordinates": [ 72.5304396, 23.0173915 ] } },
{ "type": "Feature", "properties": { "name": "Health Center", "latitude": 23.1039413, "longitude": 72.5679365 }, "geometry": { "type": "Point", "coordinates": [ 72.5679365, 23.1039413 ] } },
{ "type": "Feature", "properties": { "name": "Ahmedabad Institute Of Medical Services (Aims)", "latitude": 23.0033217, "longitude": 72.5639517 }, "geometry": { "type": "Point", "coordinates": [ 72.5639517, 23.0033217 ] } },
{ "type": "Feature", "properties": { "name": "Shushtrut Hospital", "latitude": 23.0090048, "longitude": 72.56227 }, "geometry": { "type": "Point", "coordinates": [ 72.56227, 23.0090048 ] } },
{ "type": "Feature", "properties": { "name": "saviour annexe hospital", "latitude": 23.0368587, "longitude": 72.5699511 }, "geometry": { "type": "Point", "coordinates": [ 72.5699511, 23.0368587 ] } },
{ "type": "Feature", "properties": { "name": "Geeta Maternity Hospital", "latitude": 23.0836049, "longitude": 72.5901213 }, "geometry": { "type": "Point", "coordinates": [ 72.5901213, 23.0836049 ] } },
{ "type": "Feature", "properties": { "name": "Sabarmati Development Society Sanchalit Sheth Shri Pukhraj Raichand General Hospital", "latitude": 23.0829627, "longitude": 72.5906964 }, "geometry": { "type": "Point", "coordinates": [ 72.5906964, 23.0829627 ] } },
{ "type": "Feature", "properties": { "name": "GCS Medical College Hospital and Research Centre", "latitude": 23.0389267, "longitude": 72.6107232 }, "geometry": { "type": "Point", "coordinates": [ 72.6107232, 23.0389267 ] } },
{ "type": "Feature", "properties": { "name": "Amba Health Centre & Hospital", "latitude": 23.1764265, "longitude": 72.5753408 }, "geometry": { "type": "Point", "coordinates": [ 72.5753408, 23.1764265 ] } },
{ "type": "Feature", "properties": { "name": "vizcare hospital", "latitude": 23.0997272, "longitude": 72.5363217 }, "geometry": { "type": "Point", "coordinates": [ 72.5363217, 23.0997272 ] } },
{ "type": "Feature", "properties": { "name": "Sunflower Womens Endo Infertility and Hospital Pvt. Ltd.", "latitude": 23.0457576, "longitude": 72.5412888 }, "geometry": { "type": "Point", "coordinates": [ 72.5412888, 23.0457576 ] } },
{ "type": "Feature", "properties": { "name": "little flower", "latitude": 23.0460963, "longitude": 72.533033 }, "geometry": { "type": "Point", "coordinates": [ 72.533033, 23.0460963 ] } },
{ "type": "Feature", "properties": { "name": "May Flower Womens Hospital Pvt. Ltd.", "latitude": 23.0455774, "longitude": 72.5419051 }, "geometry": { "type": "Point", "coordinates": [ 72.5419051, 23.0455774 ] } },
{ "type": "Feature", "properties": { "name": "Kidny hospital , asarwa", "latitude": 23.0494133, "longitude": 72.6074852 }, "geometry": { "type": "Point", "coordinates": [ 72.6074852, 23.0494133 ] } },
{ "type": "Feature", "properties": { "name": "Gujarat Institute Of Nursing Education And Research , Asarwa ,Ahemedabad", "latitude": 23.0496453, "longitude": 72.6071588 }, "geometry": { "type": "Point", "coordinates": [ 72.6071588, 23.0496453 ] } },
{ "type": "Feature", "properties": { "name": "Government Dental College and Hospital", "latitude": 23.0499136, "longitude": 72.604565 }, "geometry": { "type": "Point", "coordinates": [ 72.604565, 23.0499136 ] } },
{ "type": "Feature", "properties": { "name": "Vani Hospital & IVF center", "latitude": 22.99465, "longitude": 72.6157541 }, "geometry": { "type": "Point", "coordinates": [ 72.6157541, 22.99465 ] } },
{ "type": "Feature", "properties": { "name": "Vani IVF Center", "latitude": 22.994662, "longitude": 72.615422 }, "geometry": { "type": "Point", "coordinates": [ 72.615422, 22.994662 ] } },
{ "type": "Feature", "properties": { "name": "Unknown", "latitude": 23.044384, "longitude": 72.657885 }, "geometry": { "type": "Point", "coordinates": [ 72.657885, 23.044384 ] } },
{ "type": "Feature", "properties": { "name": "Aalisha Clinic", "latitude": 23.0858856, "longitude": 72.5638235 }, "geometry": { "type": "Point", "coordinates": [ 72.5638235, 23.0858856 ] } },
{ "type": "Feature", "properties": { "name": "BalMukund Hospital", "latitude": 23.0932069, "longitude": 72.5592841 }, "geometry": { "type": "Point", "coordinates": [ 72.5592841, 23.0932069 ] } },
{ "type": "Feature", "properties": { "name": "S G Hospital Chandlodiya", "latitude": 23.0848906, "longitude": 72.5512244 }, "geometry": { "type": "Point", "coordinates": [ 72.5512244, 23.0848906 ] } },
{ "type": "Feature", "properties": { "name": "Planet Women Fertility and Counseling", "latitude": 23.0249306, "longitude": 72.5434079 }, "geometry": { "type": "Point", "coordinates": [ 72.5434079, 23.0249306 ] } },
{ "type": "Feature", "properties": { "name": "Excel Eye Care", "latitude": 23.0300762, "longitude": 72.5287891 }, "geometry": { "type": "Point", "coordinates": [ 72.5287891, 23.0300762 ] } },
{ "type": "Feature", "properties": { "name": "Shivam X-ray & Sonography clinic", "latitude": 23.0576222, "longitude": 72.5700771 }, "geometry": { "type": "Point", "coordinates": [ 72.5700771, 23.0576222 ] } },
{ "type": "Feature", "properties": { "name": "ESIS HOSPITAL", "latitude": 22.9991685, "longitude": 72.6166652 }, "geometry": { "type": "Point", "coordinates": [ 72.6166652, 22.9991685 ] } },
{ "type": "Feature", "properties": { "name": "Rukshmani Hospital", "latitude": 22.9992751, "longitude": 72.6193052 }, "geometry": { "type": "Point", "coordinates": [ 72.6193052, 22.9992751 ] } },
{ "type": "Feature", "properties": { "name": "Aarna Hospital", "latitude": 22.995052, "longitude": 72.6023157 }, "geometry": { "type": "Point", "coordinates": [ 72.6023157, 22.995052 ] } },
{ "type": "Feature", "properties": { "name": "Samarpan General Hospital, Ahmedabad", "latitude": 23.1053006, "longitude": 72.5254109 }, "geometry": { "type": "Point", "coordinates": [ 72.5254109, 23.1053006 ] } },
{ "type": "Feature", "properties": { "name": "Shree Bharti Vallabh Hospital", "latitude": 23.0495869, "longitude": 72.5928806 }, "geometry": { "type": "Point", "coordinates": [ 72.5928806, 23.0495869 ] } },
{ "type": "Feature", "properties": { "name": "Kunal Medical Hospital, Ahmedabad", "latitude": 22.9982535, "longitude": 72.6250631 }, "geometry": { "type": "Point", "coordinates": [ 72.6250631, 22.9982535 ] } },
{ "type": "Feature", "properties": { "name": "Nandan Maternity Home", "latitude": 23.052184, "longitude": 72.5339005 }, "geometry": { "type": "Point", "coordinates": [ 72.5339005, 23.052184 ] } },
{ "type": "Feature", "properties": { "name": "Kalrav Children Hospital, Ahmedabad", "latitude": 23.0501988, "longitude": 72.5374953 }, "geometry": { "type": "Point", "coordinates": [ 72.5374953, 23.0501988 ] } },
{ "type": "Feature", "properties": { "name": "Cornea Foundation Hospital", "latitude": 23.0461279, "longitude": 72.5364487 }, "geometry": { "type": "Point", "coordinates": [ 72.5364487, 23.0461279 ] } },
{ "type": "Feature", "properties": { "name": "Prathna Surgical And Medical Hospital", "latitude": 23.056598, "longitude": 72.6411603 }, "geometry": { "type": "Point", "coordinates": [ 72.6411603, 23.056598 ] } },
{ "type": "Feature", "properties": { "name": "Arihant Fracture and Orthopedic Hospital", "latitude": 23.0133094, "longitude": 72.545561 }, "geometry": { "type": "Point", "coordinates": [ 72.545561, 23.0133094 ] } },
{ "type": "Feature", "properties": { "name": "Chandrabhan Hospital and Gynac Institute", "latitude": 23.0499504, "longitude": 72.5338505 }, "geometry": { "type": "Point", "coordinates": [ 72.5338505, 23.0499504 ] } },
{ "type": "Feature", "properties": { "name": "Jeevandeep Hospital, Sardanagar", "latitude": 23.0856728, "longitude": 72.6335469 }, "geometry": { "type": "Point", "coordinates": [ 72.6335469, 23.0856728 ] } },
{ "type": "Feature", "properties": { "name": "Jagmohan Hospital, Ahmedabad", "latitude": 23.0383141, "longitude": 72.567755 }, "geometry": { "type": "Point", "coordinates": [ 72.567755, 23.0383141 ] } },
{ "type": "Feature", "properties": { "name": "Vasudha Eye Hospital", "latitude": 23.0834466, "longitude": 72.5895064 }, "geometry": { "type": "Point", "coordinates": [ 72.5895064, 23.0834466 ] } },
{ "type": "Feature", "properties": { "name": "Dhwani General Hospital, Nursing Home and Materity Home", "latitude": 23.0146498, "longitude": 72.6448899 }, "geometry": { "type": "Point", "coordinates": [ 72.6448899, 23.0146498 ] } },
{ "type": "Feature", "properties": { "name": "Kakadiya Hospital", "latitude": 23.0401061, "longitude": 72.6302853 }, "geometry": { "type": "Point", "coordinates": [ 72.6302853, 23.0401061 ] } },
{ "type": "Feature", "properties": { "name": "Samarpan Maternity And Urosurgical Hospital", "latitude": 23.0506982, "longitude": 72.5157067 }, "geometry": { "type": "Point", "coordinates": [ 72.5157067, 23.0506982 ] } },
{ "type": "Feature", "properties": { "name": "Sankalp Eye Hospital, Ahmedabad", "latitude": 23.0052925, "longitude": 72.5372402 }, "geometry": { "type": "Point", "coordinates": [ 72.5372402, 23.0052925 ] } },
{ "type": "Feature", "properties": { "name": "Suvan Eye Care", "latitude": 23.0577024, "longitude": 72.6369452 }, "geometry": { "type": "Point", "coordinates": [ 72.6369452, 23.0577024 ] } },
{ "type": "Feature", "properties": { "name": "Matrupooja Eye Hospital", "latitude": 22.9745791, "longitude": 72.6024091 }, "geometry": { "type": "Point", "coordinates": [ 72.6024091, 22.9745791 ] } },
{ "type": "Feature", "properties": { "name": "Shaishav Children Hospital And Neonatal Care Unit", "latitude": 23.0034352, "longitude": 72.5187524 }, "geometry": { "type": "Point", "coordinates": [ 72.5187524, 23.0034352 ] } },
{ "type": "Feature", "properties": { "name": "Mehta Hospital, Siddhachal", "latitude": 23.047633, "longitude": 72.5258862 }, "geometry": { "type": "Point", "coordinates": [ 72.5258862, 23.047633 ] } },
{ "type": "Feature", "properties": { "name": "Lifecare Emergency Centre", "latitude": 23.0333194, "longitude": 72.5789867 }, "geometry": { "type": "Point", "coordinates": [ 72.5789867, 23.0333194 ] } },
{ "type": "Feature", "properties": { "name": "Bavishi Hospital", "latitude": 23.0133482, "longitude": 72.5641099 }, "geometry": { "type": "Point", "coordinates": [ 72.5641099, 23.0133482 ] } },
{ "type": "Feature", "properties": { "name": "Poojan Children Hospital And Neonatal Care Centre", "latitude": 23.072936, "longitude": 72.5591491 }, "geometry": { "type": "Point", "coordinates": [ 72.5591491, 23.072936 ] } },
{ "type": "Feature", "properties": { "name": "Shanti Multi Speciality Hospital", "latitude": 23.0241738, "longitude": 72.5295308 }, "geometry": { "type": "Point", "coordinates": [ 72.5295308, 23.0241738 ] } },
{ "type": "Feature", "properties": { "name": "Cutis Cosmetic Plastic Surgery Centre", "latitude": 23.0589018, "longitude": 72.537851 }, "geometry": { "type": "Point", "coordinates": [ 72.537851, 23.0589018 ] } },
{ "type": "Feature", "properties": { "name": "Rathi Hospital", "latitude": 23.0228001, "longitude": 72.5261003 }, "geometry": { "type": "Point", "coordinates": [ 72.5261003, 23.0228001 ] } },
{ "type": "Feature", "properties": { "name": "Minal Infertility Clinic and Nursing Home", "latitude": 23.0519495, "longitude": 72.5608003 }, "geometry": { "type": "Point", "coordinates": [ 72.5608003, 23.0519495 ] } },
{ "type": "Feature", "properties": { "name": "Navkar Surgical Hospital", "latitude": 23.0486991, "longitude": 72.5665131 }, "geometry": { "type": "Point", "coordinates": [ 72.5665131, 23.0486991 ] } },
{ "type": "Feature", "properties": { "name": "Navjyot Eye Hospital, Ahmedabad", "latitude": 23.0575049, "longitude": 72.5703567 }, "geometry": { "type": "Point", "coordinates": [ 72.5703567, 23.0575049 ] } },
{ "type": "Feature", "properties": { "name": "Aarna Super Speciality Hospital", "latitude": 23.014477, "longitude": 72.5597177 }, "geometry": { "type": "Point", "coordinates": [ 72.5597177, 23.014477 ] } },
{ "type": "Feature", "properties": { "name": "Shalin Hospital, Ahmedabad", "latitude": 23.0130378, "longitude": 72.5456992 }, "geometry": { "type": "Point", "coordinates": [ 72.5456992, 23.0130378 ] } },
{ "type": "Feature", "properties": { "name": "Samata Hospital Pvt.Ltd", "latitude": 23.0827039, "longitude": 72.5469075 }, "geometry": { "type": "Point", "coordinates": [ 72.5469075, 23.0827039 ] } },
{ "type": "Feature", "properties": { "name": "Amijeet Maternity Hospital", "latitude": 23.0731324, "longitude": 72.5595813 }, "geometry": { "type": "Point", "coordinates": [ 72.5595813, 23.0731324 ] } },
{ "type": "Feature", "properties": { "name": "Shreeji Orthopaedic And Ent Hospital", "latitude": 23.0471787, "longitude": 72.5333127 }, "geometry": { "type": "Point", "coordinates": [ 72.5333127, 23.0471787 ] } },
{ "type": "Feature", "properties": { "name": "Anand Hospital and Multispeciality", "latitude": 23.0459742, "longitude": 72.6406024 }, "geometry": { "type": "Point", "coordinates": [ 72.6406024, 23.0459742 ] } },
{ "type": "Feature", "properties": { "name": "Shivam Orthopaedic and Gynec Hospital", "latitude": 23.0363111, "longitude": 72.5325295 }, "geometry": { "type": "Point", "coordinates": [ 72.5325295, 23.0363111 ] } },
{ "type": "Feature", "properties": { "name": "Satyam Children Hospital", "latitude": 23.1148697, "longitude": 72.5838657 }, "geometry": { "type": "Point", "coordinates": [ 72.5838657, 23.1148697 ] } },
{ "type": "Feature", "properties": { "name": "Aakshardeep Eye Hospital", "latitude": 23.0324778, "longitude": 72.5245567 }, "geometry": { "type": "Point", "coordinates": [ 72.5245567, 23.0324778 ] } },
{ "type": "Feature", "properties": { "name": "Maruti Orthopedic Hospital, Nava Vadaj", "latitude": 23.0674244, "longitude": 72.5611098 }, "geometry": { "type": "Point", "coordinates": [ 72.5611098, 23.0674244 ] } },
{ "type": "Feature", "properties": { "name": "Chetna Maternity Home", "latitude": 23.0467529, "longitude": 72.5695668 }, "geometry": { "type": "Point", "coordinates": [ 72.5695668, 23.0467529 ] } },
{ "type": "Feature", "properties": { "name": "Akshardeep Orthopaedic Hospital, Shahibaug", "latitude": 23.0539474, "longitude": 72.5955185 }, "geometry": { "type": "Point", "coordinates": [ 72.5955185, 23.0539474 ] } },
{ "type": "Feature", "properties": { "name": "Tapan Hospital Pvt Ltd", "latitude": 23.0360347, "longitude": 72.6297381 }, "geometry": { "type": "Point", "coordinates": [ 72.6297381, 23.0360347 ] } },
{ "type": "Feature", "properties": { "name": "Udit Hospital Multi Speciality", "latitude": 23.0502539, "longitude": 72.5209209 }, "geometry": { "type": "Point", "coordinates": [ 72.5209209, 23.0502539 ] } },
{ "type": "Feature", "properties": { "name": "Saumya Children Hospital and Neonatal Care Center", "latitude": 23.0217867, "longitude": 72.5420675 }, "geometry": { "type": "Point", "coordinates": [ 72.5420675, 23.0217867 ] } },
{ "type": "Feature", "properties": { "name": "Life Care Institute Of Medical Sciences Research Hospital", "latitude": 23.0474527, "longitude": 72.5616422 }, "geometry": { "type": "Point", "coordinates": [ 72.5616422, 23.0474527 ] } },
{ "type": "Feature", "properties": { "name": "Vanza Hospital", "latitude": 23.0307499, "longitude": 72.4740118 }, "geometry": { "type": "Point", "coordinates": [ 72.4740118, 23.0307499 ] } },
{ "type": "Feature", "properties": { "name": "Niyati Ent Hospital", "latitude": 23.0201192, "longitude": 72.5615162 }, "geometry": { "type": "Point", "coordinates": [ 72.5615162, 23.0201192 ] } },
{ "type": "Feature", "properties": { "name": "Metalia Hospital and ICCU, Diamond Market", "latitude": 23.0361821, "longitude": 72.6297938 }, "geometry": { "type": "Point", "coordinates": [ 72.6297938, 23.0361821 ] } },
{ "type": "Feature", "properties": { "name": "Chitrakut Surgical Hospital", "latitude": 23.0352325, "longitude": 72.6254641 }, "geometry": { "type": "Point", "coordinates": [ 72.6254641, 23.0352325 ] } },
{ "type": "Feature", "properties": { "name": "Jivansudha Heart and Medical Hospital", "latitude": 23.0487003, "longitude": 72.6059912 }, "geometry": { "type": "Point", "coordinates": [ 72.6059912, 23.0487003 ] } },
{ "type": "Feature", "properties": { "name": "Marengo CIMS Hospital", "latitude": 23.0700266, "longitude": 72.5173965 }, "geometry": { "type": "Point", "coordinates": [ 72.5173965, 23.0700266 ] } },
{ "type": "Feature", "properties": { "name": "Sneh Orthopaedic Hospital", "latitude": 23.0024291, "longitude": 72.5542313 }, "geometry": { "type": "Point", "coordinates": [ 72.5542313, 23.0024291 ] } },
{ "type": "Feature", "properties": { "name": "Dr Sanjay Gandhi Hospital", "latitude": 23.02741, "longitude": 72.5411409 }, "geometry": { "type": "Point", "coordinates": [ 72.5411409, 23.02741 ] } },
{ "type": "Feature", "properties": { "name": "Om Pediatric and Neonatal Criticare Hospital", "latitude": 23.0997283, "longitude": 72.5914751 }, "geometry": { "type": "Point", "coordinates": [ 72.5914751, 23.0997283 ] } },
{ "type": "Feature", "properties": { "name": "Priyal Hospital", "latitude": 23.0605503, "longitude": 72.6644231 }, "geometry": { "type": "Point", "coordinates": [ 72.6644231, 23.0605503 ] } },
{ "type": "Feature", "properties": { "name": "Anand Multi Speciality Hospital, Ahmedabad", "latitude": 23.0551196, "longitude": 72.5975604 }, "geometry": { "type": "Point", "coordinates": [ 72.5975604, 23.0551196 ] } },
{ "type": "Feature", "properties": { "name": "Dr Rupesh Shah Killol Children Hospital", "latitude": 23.0396088, "longitude": 72.5659485 }, "geometry": { "type": "Point", "coordinates": [ 72.5659485, 23.0396088 ] } },
{ "type": "Feature", "properties": { "name": "Jeevandeep Hospital, Shashibaug", "latitude": 23.0494136, "longitude": 72.5906771 }, "geometry": { "type": "Point", "coordinates": [ 72.5906771, 23.0494136 ] } },
{ "type": "Feature", "properties": { "name": "Naresh Hospital", "latitude": 23.0034167, "longitude": 72.518633 }, "geometry": { "type": "Point", "coordinates": [ 72.518633, 23.0034167 ] } },
{ "type": "Feature", "properties": { "name": "Shraddha Surgical Hospital, Ahmedabad", "latitude": 23.0482276, "longitude": 72.5333825 }, "geometry": { "type": "Point", "coordinates": [ 72.5333825, 23.0482276 ] } },
{ "type": "Feature", "properties": { "name": "Baps Yogiji Maharaj Hospital", "latitude": 23.0462013, "longitude": 72.5887862 }, "geometry": { "type": "Point", "coordinates": [ 72.5887862, 23.0462013 ] } },
{ "type": "Feature", "properties": { "name": "Gynaecare Women's Hospital", "latitude": 23.0134377, "longitude": 72.5265187 }, "geometry": { "type": "Point", "coordinates": [ 72.5265187, 23.0134377 ] } },
{ "type": "Feature", "properties": { "name": "Rhythm Cardio Pulmonory Care Centre and Medical Hospital", "latitude": 23.0521189, "longitude": 72.5608045 }, "geometry": { "type": "Point", "coordinates": [ 72.5608045, 23.0521189 ] } },
{ "type": "Feature", "properties": { "name": "Aarti Surgical Nursing Home", "latitude": 22.9960097, "longitude": 72.6121724 }, "geometry": { "type": "Point", "coordinates": [ 72.6121724, 22.9960097 ] } },
{ "type": "Feature", "properties": { "name": "Navkar Ear Nose Throat Hospital", "latitude": 23.0083964, "longitude": 72.561315 }, "geometry": { "type": "Point", "coordinates": [ 72.561315, 23.0083964 ] } },
{ "type": "Feature", "properties": { "name": "Gitanjali Children Hospital", "latitude": 23.0738176, "longitude": 72.6595862 }, "geometry": { "type": "Point", "coordinates": [ 72.6595862, 23.0738176 ] } },
{ "type": "Feature", "properties": { "name": "Shilp E.N.T Clinic and Hospital", "latitude": 23.1089581, "longitude": 72.5930405 }, "geometry": { "type": "Point", "coordinates": [ 72.5930405, 23.1089581 ] } },
{ "type": "Feature", "properties": { "name": "Shreeji Children Hospital", "latitude": 23.0294544, "longitude": 72.4747232 }, "geometry": { "type": "Point", "coordinates": [ 72.4747232, 23.0294544 ] } },
{ "type": "Feature", "properties": { "name": "Shivam Surgical Hospital", "latitude": 23.0730267, "longitude": 72.6528769 }, "geometry": { "type": "Point", "coordinates": [ 72.6528769, 23.0730267 ] } },
{ "type": "Feature", "properties": { "name": "Parimal Multispeciality Hospital", "latitude": 23.0172667, "longitude": 72.5577027 }, "geometry": { "type": "Point", "coordinates": [ 72.5577027, 23.0172667 ] } },
{ "type": "Feature", "properties": { "name": "Netra Jyoti Eye and Ent Hospital", "latitude": 23.1093376, "longitude": 72.588505 }, "geometry": { "type": "Point", "coordinates": [ 72.588505, 23.1093376 ] } },
{ "type": "Feature", "properties": { "name": "Shrey Hospital", "latitude": 23.0376566, "longitude": 72.5647707 }, "geometry": { "type": "Point", "coordinates": [ 72.5647707, 23.0376566 ] } },
{ "type": "Feature", "properties": { "name": "Apex Heart Institute", "latitude": 23.0457442, "longitude": 72.5139306 }, "geometry": { "type": "Point", "coordinates": [ 72.5139306, 23.0457442 ] } },
{ "type": "Feature", "properties": { "name": "Het Eye Care", "latitude": 23.0085551, "longitude": 72.5625072 }, "geometry": { "type": "Point", "coordinates": [ 72.5625072, 23.0085551 ] } },
{ "type": "Feature", "properties": { "name": "Utkarsh Hospital, Ahmedabad", "latitude": 23.1078991, "longitude": 72.5783663 }, "geometry": { "type": "Point", "coordinates": [ 72.5783663, 23.1078991 ] } },
{ "type": "Feature", "properties": { "name": "Tilak Hospital (Multispeciality), Ahmedabad", "latitude": 23.0334255, "longitude": 72.6222763 }, "geometry": { "type": "Point", "coordinates": [ 72.6222763, 23.0334255 ] } },
{ "type": "Feature", "properties": { "name": "Sagar Orthopaedic Hospital, Bapunagar", "latitude": 23.0362408, "longitude": 72.630339 }, "geometry": { "type": "Point", "coordinates": [ 72.630339, 23.0362408 ] } },
{ "type": "Feature", "properties": { "name": "Kalrav Nenotal And Children Hospital", "latitude": 23.0389968, "longitude": 72.6365779 }, "geometry": { "type": "Point", "coordinates": [ 72.6365779, 23.0389968 ] } },
{ "type": "Feature", "properties": { "name": "Panchshil Hospital", "latitude": 23.0843348, "longitude": 72.5919754 }, "geometry": { "type": "Point", "coordinates": [ 72.5919754, 23.0843348 ] } },
{ "type": "Feature", "properties": { "name": "Welcare Women's Hospital", "latitude": 23.0453225, "longitude": 72.5623058 }, "geometry": { "type": "Point", "coordinates": [ 72.5623058, 23.0453225 ] } },
{ "type": "Feature", "properties": { "name": "Arpan Newborncare Centre", "latitude": 23.0411016, "longitude": 72.5474321 }, "geometry": { "type": "Point", "coordinates": [ 72.5474321, 23.0411016 ] } },
{ "type": "Feature", "properties": { "name": "Sheth Hospital and Maternity Home", "latitude": 23.0023106, "longitude": 72.554928 }, "geometry": { "type": "Point", "coordinates": [ 72.554928, 23.0023106 ] } },
{ "type": "Feature", "properties": { "name": "Shubham Ent Hospital", "latitude": 23.0217991, "longitude": 72.645708 }, "geometry": { "type": "Point", "coordinates": [ 72.645708, 23.0217991 ] } },
{ "type": "Feature", "properties": { "name": "Vasundhara Medical Hospital", "latitude": 23.0348264, "longitude": 72.6252736 }, "geometry": { "type": "Point", "coordinates": [ 72.6252736, 23.0348264 ] } },
{ "type": "Feature", "properties": { "name": "Shridhaj Orthopaedic Hospital", "latitude": 23.0057708, "longitude": 72.5330586 }, "geometry": { "type": "Point", "coordinates": [ 72.5330586, 23.0057708 ] } },
{ "type": "Feature", "properties": { "name": "Clear Vision Eye Hospital (Unit 2)", "latitude": 23.026235, "longitude": 72.5252219 }, "geometry": { "type": "Point", "coordinates": [ 72.5252219, 23.026235 ] } },
{ "type": "Feature", "properties": { "name": "Jatan Children Hospital, Ahmedabad", "latitude": 23.0664632, "longitude": 72.5628076 }, "geometry": { "type": "Point", "coordinates": [ 72.5628076, 23.0664632 ] } },
{ "type": "Feature", "properties": { "name": "Pulse Iccu and Hospital", "latitude": 23.0604581, "longitude": 72.566667 }, "geometry": { "type": "Point", "coordinates": [ 72.566667, 23.0604581 ] } },
{ "type": "Feature", "properties": { "name": "Shree Raj Hospital, Ahmedabad", "latitude": 23.0461853, "longitude": 72.5326094 }, "geometry": { "type": "Point", "coordinates": [ 72.5326094, 23.0461853 ] } },
{ "type": "Feature", "properties": { "name": "Lekhadia Hospital", "latitude": 23.0042154, "longitude": 72.5557615 }, "geometry": { "type": "Point", "coordinates": [ 72.5557615, 23.0042154 ] } },
{ "type": "Feature", "properties": { "name": "Odhav Orthopaedic Hospital", "latitude": 23.0123687, "longitude": 72.6450308 }, "geometry": { "type": "Point", "coordinates": [ 72.6450308, 23.0123687 ] } },
{ "type": "Feature", "properties": { "name": "Ami-Sagar Hospital", "latitude": 23.0686632, "longitude": 72.5667344 }, "geometry": { "type": "Point", "coordinates": [ 72.5667344, 23.0686632 ] } },
{ "type": "Feature", "properties": { "name": "Amijyot Eye Hospital", "latitude": 23.0074188, "longitude": 72.5589721 }, "geometry": { "type": "Point", "coordinates": [ 72.5589721, 23.0074188 ] } },
{ "type": "Feature", "properties": { "name": "Khara Fracture and Orthopaedic Hospital", "latitude": 23.0826952, "longitude": 72.5887057 }, "geometry": { "type": "Point", "coordinates": [ 72.5887057, 23.0826952 ] } },
{ "type": "Feature", "properties": { "name": "Dr. Dilip Modi Hospital", "latitude": 23.0285678, "longitude": 72.5714216 }, "geometry": { "type": "Point", "coordinates": [ 72.5714216, 23.0285678 ] } },
{ "type": "Feature", "properties": { "name": "Ratnam Eye Hospital", "latitude": 23.0082903, "longitude": 72.5595085 }, "geometry": { "type": "Point", "coordinates": [ 72.5595085, 23.0082903 ] } },
{ "type": "Feature", "properties": { "name": "Navjivan Orthopaedic and Maternity Hospital", "latitude": 23.0536919, "longitude": 72.6427073 }, "geometry": { "type": "Point", "coordinates": [ 72.6427073, 23.0536919 ] } },
{ "type": "Feature", "properties": { "name": "Akshar Surgical Hospital, Maninagar", "latitude": 22.9950715, "longitude": 72.6075442 }, "geometry": { "type": "Point", "coordinates": [ 72.6075442, 22.9950715 ] } },
{ "type": "Feature", "properties": { "name": "Synergy Neonatal and Pediatric Centre", "latitude": 22.9957344, "longitude": 72.6082537 }, "geometry": { "type": "Point", "coordinates": [ 72.6082537, 22.9957344 ] } },
{ "type": "Feature", "properties": { "name": "Anand Surgical Hospital Ltd.", "latitude": 23.0549888, "longitude": 72.630925 }, "geometry": { "type": "Point", "coordinates": [ 72.630925, 23.0549888 ] } },
{ "type": "Feature", "properties": { "name": "Navneet Memorial Hospital", "latitude": 23.0309628, "longitude": 72.561022 }, "geometry": { "type": "Point", "coordinates": [ 72.561022, 23.0309628 ] } },
{ "type": "Feature", "properties": { "name": "Chandandwar Hospital", "latitude": 23.0475378, "longitude": 72.5265107 }, "geometry": { "type": "Point", "coordinates": [ 72.5265107, 23.0475378 ] } },
{ "type": "Feature", "properties": { "name": "Jhanvi Fracture and Orthopaedic Hospital", "latitude": 22.988069, "longitude": 72.6053086 }, "geometry": { "type": "Point", "coordinates": [ 72.6053086, 22.988069 ] } },
{ "type": "Feature", "properties": { "name": "Chandramani Hospital", "latitude": 23.0488268, "longitude": 72.5948212 }, "geometry": { "type": "Point", "coordinates": [ 72.5948212, 23.0488268 ] } },
{ "type": "Feature", "properties": { "name": "Chaturbhai Mavawala Kidney Hospital and Laparoscopic", "latitude": 23.0366258, "longitude": 72.5699088 }, "geometry": { "type": "Point", "coordinates": [ 72.5699088, 23.0366258 ] } },
{ "type": "Feature", "properties": { "name": "Abhishek Hospital and Heart Centre", "latitude": 22.9995355, "longitude": 72.6079452 }, "geometry": { "type": "Point", "coordinates": [ 72.6079452, 22.9995355 ] } },
{ "type": "Feature", "properties": { "name": "Dr.Atul Shah Eye Hospital", "latitude": 23.061092, "longitude": 72.535484 }, "geometry": { "type": "Point", "coordinates": [ 72.535484, 23.061092 ] } },
{ "type": "Feature", "properties": { "name": "Gandhi Uro Care", "latitude": 23.0165285, "longitude": 72.5663348 }, "geometry": { "type": "Point", "coordinates": [ 72.5663348, 23.0165285 ] } },
{ "type": "Feature", "properties": { "name": "Dhwani Children Hospital", "latitude": 23.0222866, "longitude": 72.5941667 }, "geometry": { "type": "Point", "coordinates": [ 72.5941667, 23.0222866 ] } },
{ "type": "Feature", "properties": { "name": "Umiya Surgical Hospital", "latitude": 23.059151, "longitude": 72.5507015 }, "geometry": { "type": "Point", "coordinates": [ 72.5507015, 23.059151 ] } },
{ "type": "Feature", "properties": { "name": "Sannidhya Hospital", "latitude": 23.0183023, "longitude": 72.5626011 }, "geometry": { "type": "Point", "coordinates": [ 72.5626011, 23.0183023 ] } },
{ "type": "Feature", "properties": { "name": "Jankalyan Hospital, Ahmedabad", "latitude": 23.0013354, "longitude": 72.5905041 }, "geometry": { "type": "Point", "coordinates": [ 72.5905041, 23.0013354 ] } },
{ "type": "Feature", "properties": { "name": "Livewell Pain & Spine Hospital", "latitude": 23.0456264, "longitude": 72.5420791 }, "geometry": { "type": "Point", "coordinates": [ 72.5420791, 23.0456264 ] } },
{ "type": "Feature", "properties": { "name": "Tulip Women's Hospital", "latitude": 23.020171, "longitude": 72.5189468 }, "geometry": { "type": "Point", "coordinates": [ 72.5189468, 23.020171 ] } },
{ "type": "Feature", "properties": { "name": "Parimal Hospital, Ahmedabad", "latitude": 22.9997731, "longitude": 72.6090623 }, "geometry": { "type": "Point", "coordinates": [ 72.6090623, 22.9997731 ] } },
{ "type": "Feature", "properties": { "name": "Jyoti Maternity Hospital", "latitude": 23.0221879, "longitude": 72.5385243 }, "geometry": { "type": "Point", "coordinates": [ 72.5385243, 23.0221879 ] } },
{ "type": "Feature", "properties": { "name": "Centre For Sight, Ahmedabad", "latitude": 23.0328801, "longitude": 72.5554597 }, "geometry": { "type": "Point", "coordinates": [ 72.5554597, 23.0328801 ] } },
{ "type": "Feature", "properties": { "name": "Jyoti Eye Hospital- Phaco Laser Centre", "latitude": 23.0121836, "longitude": 72.5589976 }, "geometry": { "type": "Point", "coordinates": [ 72.5589976, 23.0121836 ] } },
{ "type": "Feature", "properties": { "name": "Dr Ajay Praful Munshi Surgical Nursing Home", "latitude": 23.0012243, "longitude": 72.5601871 }, "geometry": { "type": "Point", "coordinates": [ 72.5601871, 23.0012243 ] } },
{ "type": "Feature", "properties": { "name": "Ratan Hospital", "latitude": 23.000933, "longitude": 72.595249 }, "geometry": { "type": "Point", "coordinates": [ 72.595249, 23.000933 ] } },
{ "type": "Feature", "properties": { "name": "Pooja Hospital, Ahmedabad", "latitude": 23.0562136, "longitude": 72.6207709 }, "geometry": { "type": "Point", "coordinates": [ 72.6207709, 23.0562136 ] } },
{ "type": "Feature", "properties": { "name": "Shilp Orthopaedics And Trauma Centre", "latitude": 22.9830966, "longitude": 72.6028711 }, "geometry": { "type": "Point", "coordinates": [ 72.6028711, 22.9830966 ] } },
{ "type": "Feature", "properties": { "name": "Sardar Hosital", "latitude": 22.9990899, "longitude": 72.6009165 }, "geometry": { "type": "Point", "coordinates": [ 72.6009165, 22.9990899 ] } },
{ "type": "Feature", "properties": { "name": "Clear Vision Eye Hospital (Unit 3)", "latitude": 23.0001972, "longitude": 72.6048513 }, "geometry": { "type": "Point", "coordinates": [ 72.6048513, 23.0001972 ] } },
{ "type": "Feature", "properties": { "name": "Kothari Onco Surgical Hospital", "latitude": 22.9961937, "longitude": 72.6038629 }, "geometry": { "type": "Point", "coordinates": [ 72.6038629, 22.9961937 ] } },
{ "type": "Feature", "properties": { "name": "Nilkanth Hospital", "latitude": 22.9914752, "longitude": 72.611707 }, "geometry": { "type": "Point", "coordinates": [ 72.611707, 22.9914752 ] } },
{ "type": "Feature", "properties": { "name": "Ansuya General Hospital", "latitude": 22.9906258, "longitude": 72.6125311 }, "geometry": { "type": "Point", "coordinates": [ 72.6125311, 22.9906258 ] } },
{ "type": "Feature", "properties": { "name": "Aastha Hospital, Ahmedabad", "latitude": 22.9979479, "longitude": 72.6109077 }, "geometry": { "type": "Point", "coordinates": [ 72.6109077, 22.9979479 ] } },
{ "type": "Feature", "properties": { "name": "Ahmedabad Medical Centre", "latitude": 22.9957122, "longitude": 72.6118974 }, "geometry": { "type": "Point", "coordinates": [ 72.6118974, 22.9957122 ] } },
{ "type": "Feature", "properties": { "name": "Dr Sunil Shah's Eye Hospital", "latitude": 22.9968677, "longitude": 72.6037475 }, "geometry": { "type": "Point", "coordinates": [ 72.6037475, 22.9968677 ] } },
{ "type": "Feature", "properties": { "name": "Kamal Hospital, Ahmedabad", "latitude": 22.9947147, "longitude": 72.6119833 }, "geometry": { "type": "Point", "coordinates": [ 72.6119833, 22.9947147 ] } },
{ "type": "Feature", "properties": { "name": "Manoramya Children Hospital and Neonatal Centre", "latitude": 22.9956326, "longitude": 72.6039098 }, "geometry": { "type": "Point", "coordinates": [ 72.6039098, 22.9956326 ] } },
{ "type": "Feature", "properties": { "name": "Lavingia Orthopedic Hospital", "latitude": 22.9922814, "longitude": 72.6059188 }, "geometry": { "type": "Point", "coordinates": [ 72.6059188, 22.9922814 ] } },
{ "type": "Feature", "properties": { "name": "Nidhi Eye Hospital, Ahmedabad", "latitude": 23.061941, "longitude": 72.5518066 }, "geometry": { "type": "Point", "coordinates": [ 72.5518066, 23.061941 ] } },
{ "type": "Feature", "properties": { "name": "Panchal Urology Centre, Ahmedabad", "latitude": 23.0437233, "longitude": 72.5501624 }, "geometry": { "type": "Point", "coordinates": [ 72.5501624, 23.0437233 ] } },
{ "type": "Feature", "properties": { "name": "Hari Urosurgical Hospital and Andrology Centre", "latitude": 23.0381253, "longitude": 72.5591853 }, "geometry": { "type": "Point", "coordinates": [ 72.5591853, 23.0381253 ] } },
{ "type": "Feature", "properties": { "name": "Usha - Deep Hospital and Nursing Home", "latitude": 23.0522086, "longitude": 72.5598143 }, "geometry": { "type": "Point", "coordinates": [ 72.5598143, 23.0522086 ] } },
{ "type": "Feature", "properties": { "name": "Bhavasar Eye Hospital and Maternity Nursing Home", "latitude": 23.0086507, "longitude": 72.5485202 }, "geometry": { "type": "Point", "coordinates": [ 72.5485202, 23.0086507 ] } },
{ "type": "Feature", "properties": { "name": "Devi Hospital", "latitude": 23.0559588, "longitude": 72.5397232 }, "geometry": { "type": "Point", "coordinates": [ 72.5397232, 23.0559588 ] } },
{ "type": "Feature", "properties": { "name": "Kaizen Hospital", "latitude": 23.0469757, "longitude": 72.5436849 }, "geometry": { "type": "Point", "coordinates": [ 72.5436849, 23.0469757 ] } },
{ "type": "Feature", "properties": { "name": "Milan Orthopaedic and Fracture Hospital", "latitude": 23.0462186, "longitude": 72.5338653 }, "geometry": { "type": "Point", "coordinates": [ 72.5338653, 23.0462186 ] } },
{ "type": "Feature", "properties": { "name": "Aroma Womens Hospital", "latitude": 23.0544607, "longitude": 72.53364 }, "geometry": { "type": "Point", "coordinates": [ 72.53364, 23.0544607 ] } },
{ "type": "Feature", "properties": { "name": "Jain Hospital And Icu, Ahmedabad", "latitude": 23.0470491, "longitude": 72.533298 }, "geometry": { "type": "Point", "coordinates": [ 72.533298, 23.0470491 ] } },
{ "type": "Feature", "properties": { "name": "Shreekrishna Hospital and Health Care Centre", "latitude": 23.0583588, "longitude": 72.533251 }, "geometry": { "type": "Point", "coordinates": [ 72.533251, 23.0583588 ] } },
{ "type": "Feature", "properties": { "name": "P.N.Desai Eye Hospital", "latitude": 23.0497418, "longitude": 72.531753 }, "geometry": { "type": "Point", "coordinates": [ 72.531753, 23.0497418 ] } },
{ "type": "Feature", "properties": { "name": "Jaydeep Hospital, Ahmedabad", "latitude": 23.0474249, "longitude": 72.5505593 }, "geometry": { "type": "Point", "coordinates": [ 72.5505593, 23.0474249 ] } },
{ "type": "Feature", "properties": { "name": "Sharda Eye Hospital Phaco And Laser Centre - Ahmedabad", "latitude": 23.0500997, "longitude": 72.5338753 }, "geometry": { "type": "Point", "coordinates": [ 72.5338753, 23.0500997 ] } },
{ "type": "Feature", "properties": { "name": "Shantnam Eye Care Hospital", "latitude": 23.0456349, "longitude": 72.5419961 }, "geometry": { "type": "Point", "coordinates": [ 72.5419961, 23.0456349 ] } },
{ "type": "Feature", "properties": { "name": "Smruti Fracture Orthopedic Hospital", "latitude": 23.0463111, "longitude": 72.5345345 }, "geometry": { "type": "Point", "coordinates": [ 72.5345345, 23.0463111 ] } },
{ "type": "Feature", "properties": { "name": "Rajvee Ortho Spine and Child Neuro Hospital", "latitude": 23.0455787, "longitude": 72.5418225 }, "geometry": { "type": "Point", "coordinates": [ 72.5418225, 23.0455787 ] } },
{ "type": "Feature", "properties": { "name": "Kidney And Urology Hospital", "latitude": 23.0492285, "longitude": 72.5334294 }, "geometry": { "type": "Point", "coordinates": [ 72.5334294, 23.0492285 ] } },
{ "type": "Feature", "properties": { "name": "Neil Hospital, Ahmedabad", "latitude": 23.0529941, "longitude": 72.5305755 }, "geometry": { "type": "Point", "coordinates": [ 72.5305755, 23.0529941 ] } },
{ "type": "Feature", "properties": { "name": "Surveen Children Hospital And Vaccination Centre", "latitude": 23.0553553, "longitude": 72.5209102 }, "geometry": { "type": "Point", "coordinates": [ 72.5209102, 23.0553553 ] } },
{ "type": "Feature", "properties": { "name": "Avataran Eye Hospital and Oculoplasty Clinic", "latitude": 23.0371812, "longitude": 72.522199 }, "geometry": { "type": "Point", "coordinates": [ 72.522199, 23.0371812 ] } },
{ "type": "Feature", "properties": { "name": "Akshay Heart and Medical Hospital", "latitude": 23.0311411, "longitude": 72.5271638 }, "geometry": { "type": "Point", "coordinates": [ 72.5271638, 23.0311411 ] } },
{ "type": "Feature", "properties": { "name": "Aalok Hospital, Ahmedabad", "latitude": 23.0481314, "longitude": 72.5716656 }, "geometry": { "type": "Point", "coordinates": [ 72.5716656, 23.0481314 ] } },
{ "type": "Feature", "properties": { "name": "Dr. Manish Ravals Hospital", "latitude": 23.0542867, "longitude": 72.5720197 }, "geometry": { "type": "Point", "coordinates": [ 72.5720197, 23.0542867 ] } },
{ "type": "Feature", "properties": { "name": "Harsh Neurosurgical Hospital", "latitude": 23.0541596, "longitude": 72.5720304 }, "geometry": { "type": "Point", "coordinates": [ 72.5720304, 23.0541596 ] } },
{ "type": "Feature", "properties": { "name": "Bodycare Orthopaedic and Trauma Hospital", "latitude": 23.0542275, "longitude": 72.5720505 }, "geometry": { "type": "Point", "coordinates": [ 72.5720505, 23.0542275 ] } },
{ "type": "Feature", "properties": { "name": "Shalin Eyecare Hospital, Ahmedabad", "latitude": 23.0472984, "longitude": 72.5622028 }, "geometry": { "type": "Point", "coordinates": [ 72.5622028, 23.0472984 ] } },
{ "type": "Feature", "properties": { "name": "Devasya Kidney and Multi speciality Hospital, Ahmedabad", "latitude": 23.0575728, "longitude": 72.5703634 }, "geometry": { "type": "Point", "coordinates": [ 72.5703634, 23.0575728 ] } },
{ "type": "Feature", "properties": { "name": "Manshi Multispeciality Hospital", "latitude": 23.0670629, "longitude": 72.5621612 }, "geometry": { "type": "Point", "coordinates": [ 72.5621612, 23.0670629 ] } },
{ "type": "Feature", "properties": { "name": "Vardan Eye Hospital, Ahmedabad", "latitude": 23.0728484, "longitude": 72.5590418 }, "geometry": { "type": "Point", "coordinates": [ 72.5590418, 23.0728484 ] } },
{ "type": "Feature", "properties": { "name": "Kumud Heart Hospital and Medical Nursing Home, Ahmedabad", "latitude": 23.0606194, "longitude": 72.5578952 }, "geometry": { "type": "Point", "coordinates": [ 72.5578952, 23.0606194 ] } },
{ "type": "Feature", "properties": { "name": "Matruchhaya Children Hospital", "latitude": 23.0584236, "longitude": 72.5594985 }, "geometry": { "type": "Point", "coordinates": [ 72.5594985, 23.0584236 ] } },
{ "type": "Feature", "properties": { "name": "Neo Children Hospital", "latitude": 23.0643212, "longitude": 72.5500202 }, "geometry": { "type": "Point", "coordinates": [ 72.5500202, 23.0643212 ] } },
{ "type": "Feature", "properties": { "name": "Aastha Orthopaedic Hospital, Ahmedabad", "latitude": 23.0296366, "longitude": 72.4742572 }, "geometry": { "type": "Point", "coordinates": [ 72.4742572, 23.0296366 ] } },
{ "type": "Feature", "properties": { "name": "Aarambh Heart and Medical Hospital", "latitude": 23.0591455, "longitude": 72.5558715 }, "geometry": { "type": "Point", "coordinates": [ 72.5558715, 23.0591455 ] } },
{ "type": "Feature", "properties": { "name": "Sanghvi Hospital", "latitude": 23.0584884, "longitude": 72.5554725 }, "geometry": { "type": "Point", "coordinates": [ 72.5554725, 23.0584884 ] } },
{ "type": "Feature", "properties": { "name": "Riddhi Maternity Home", "latitude": 23.0584551, "longitude": 72.5555255 }, "geometry": { "type": "Point", "coordinates": [ 72.5555255, 23.0584551 ] } },
{ "type": "Feature", "properties": { "name": "Lady Care Womens Hospital Child Care", "latitude": 23.0538437, "longitude": 72.5476894 }, "geometry": { "type": "Point", "coordinates": [ 72.5476894, 23.0538437 ] } },
{ "type": "Feature", "properties": { "name": "Ankur Superspeciality Hospital", "latitude": 23.0585304, "longitude": 72.5562523 }, "geometry": { "type": "Point", "coordinates": [ 72.5562523, 23.0585304 ] } },
{ "type": "Feature", "properties": { "name": "Jeel Children Hospital And Neonatal and Vaccination Center", "latitude": 23.0549308, "longitude": 72.6008186 }, "geometry": { "type": "Point", "coordinates": [ 72.6008186, 23.0549308 ] } },
{ "type": "Feature", "properties": { "name": "Divya Jeevan Medical Hospital", "latitude": 23.0127168, "longitude": 72.6389033 }, "geometry": { "type": "Point", "coordinates": [ 72.6389033, 23.0127168 ] } },
{ "type": "Feature", "properties": { "name": "Sanket Children Hospial", "latitude": 23.0073805, "longitude": 72.5589064 }, "geometry": { "type": "Point", "coordinates": [ 72.5589064, 23.0073805 ] } },
{ "type": "Feature", "properties": { "name": "Sivmm Kidney Hospital", "latitude": 23.0834799, "longitude": 72.5912216 }, "geometry": { "type": "Point", "coordinates": [ 72.5912216, 23.0834799 ] } },
{ "type": "Feature", "properties": { "name": "U. N.Mehta Institute Of Cardiology and Research Centre", "latitude": 23.0527257, "longitude": 72.6013067 }, "geometry": { "type": "Point", "coordinates": [ 72.6013067, 23.0527257 ] } },
{ "type": "Feature", "properties": { "name": "Shreeji Neonatal and Child Care", "latitude": 23.0544261, "longitude": 72.5959396 }, "geometry": { "type": "Point", "coordinates": [ 72.5959396, 23.0544261 ] } },
{ "type": "Feature", "properties": { "name": "Sharda Eye Hospital", "latitude": 23.0870576, "longitude": 72.5920974 }, "geometry": { "type": "Point", "coordinates": [ 72.5920974, 23.0870576 ] } },
{ "type": "Feature", "properties": { "name": "Urva Children Hospital and Neonatal Care", "latitude": 23.0133822, "longitude": 72.5264731 }, "geometry": { "type": "Point", "coordinates": [ 72.5264731, 23.0133822 ] } },
{ "type": "Feature", "properties": { "name": "Arthro Care Hospital", "latitude": 23.0405047, "longitude": 72.5211865 }, "geometry": { "type": "Point", "coordinates": [ 72.5211865, 23.0405047 ] } },
{ "type": "Feature", "properties": { "name": "Kheteswar Medical Educational and Research Centre Hospital", "latitude": 23.0471775, "longitude": 72.5654282 }, "geometry": { "type": "Point", "coordinates": [ 72.5654282, 23.0471775 ] } },
{ "type": "Feature", "properties": { "name": "Shail Eye Hospital", "latitude": 23.0521364, "longitude": 72.5609992 }, "geometry": { "type": "Point", "coordinates": [ 72.5609992, 23.0521364 ] } },
{ "type": "Feature", "properties": { "name": "Shah Hospital - Vadaj", "latitude": 23.052411, "longitude": 72.5697197 }, "geometry": { "type": "Point", "coordinates": [ 72.5697197, 23.052411 ] } },
{ "type": "Feature", "properties": { "name": "Sarthak Orthopaedic Hospital, Parimal Crosssing", "latitude": 23.0194415, "longitude": 72.5586167 }, "geometry": { "type": "Point", "coordinates": [ 72.5586167, 23.0194415 ] } },
{ "type": "Feature", "properties": { "name": "Dhruvi ENT Hospital", "latitude": 23.0872193, "longitude": 72.5922891 }, "geometry": { "type": "Point", "coordinates": [ 72.5922891, 23.0872193 ] } },
{ "type": "Feature", "properties": { "name": "Sarvamangal Women Hospital", "latitude": 23.0134142, "longitude": 72.5304092 }, "geometry": { "type": "Point", "coordinates": [ 72.5304092, 23.0134142 ] } },
{ "type": "Feature", "properties": { "name": "Stavya Spine Hospital and Research Institute", "latitude": 23.0259277, "longitude": 72.5660652 }, "geometry": { "type": "Point", "coordinates": [ 72.5660652, 23.0259277 ] } },
{ "type": "Feature", "properties": { "name": "Kothari Hospital, Ahmedabad", "latitude": 23.0855562, "longitude": 72.6305442 }, "geometry": { "type": "Point", "coordinates": [ 72.6305442, 23.0855562 ] } },
{ "type": "Feature", "properties": { "name": "Gurukrupa Hospital, Ahmedabad", "latitude": 23.0604405, "longitude": 72.5352037 }, "geometry": { "type": "Point", "coordinates": [ 72.5352037, 23.0604405 ] } },
{ "type": "Feature", "properties": { "name": "Laxmi Heart and Medical Hospital", "latitude": 23.0283086, "longitude": 72.4775523 }, "geometry": { "type": "Point", "coordinates": [ 72.4775523, 23.0283086 ] } },
{ "type": "Feature", "properties": { "name": "Navkar Children Hospital, Ahmedabad", "latitude": 23.0162743, "longitude": 72.5298151 }, "geometry": { "type": "Point", "coordinates": [ 72.5298151, 23.0162743 ] } },
{ "type": "Feature", "properties": { "name": "Dr Chirag M Desai Eye Care", "latitude": 23.0088754, "longitude": 72.5623262 }, "geometry": { "type": "Point", "coordinates": [ 72.5623262, 23.0088754 ] } },
{ "type": "Feature", "properties": { "name": "Bopal Multispeciality Hospital", "latitude": 23.0315422, "longitude": 72.4717694 }, "geometry": { "type": "Point", "coordinates": [ 72.4717694, 23.0315422 ] } },
{ "type": "Feature", "properties": { "name": "Mother's Maternity and Nursing Home", "latitude": 23.0526874, "longitude": 72.549178 }, "geometry": { "type": "Point", "coordinates": [ 72.549178, 23.0526874 ] } },
{ "type": "Feature", "properties": { "name": "Nanavati Maternity Hospital", "latitude": 23.0034068, "longitude": 72.518924 }, "geometry": { "type": "Point", "coordinates": [ 72.518924, 23.0034068 ] } },
{ "type": "Feature", "properties": { "name": "Vaishali Hospital", "latitude": 23.0283536, "longitude": 72.4773833 }, "geometry": { "type": "Point", "coordinates": [ 72.4773833, 23.0283536 ] } },
{ "type": "Feature", "properties": { "name": "Gujarat Hospital, Ahmedabad", "latitude": 23.0045749, "longitude": 72.6386267 }, "geometry": { "type": "Point", "coordinates": [ 72.6386267, 23.0045749 ] } },
{ "type": "Feature", "properties": { "name": "Aadya Eye and Ent Hospital", "latitude": 23.0619138, "longitude": 72.6398085 }, "geometry": { "type": "Point", "coordinates": [ 72.6398085, 23.0619138 ] } },
{ "type": "Feature", "properties": { "name": "Karnavati Hospital Pvt. Ltd.", "latitude": 23.0217016, "longitude": 72.5725166 }, "geometry": { "type": "Point", "coordinates": [ 72.5725166, 23.0217016 ] } },
{ "type": "Feature", "properties": { "name": "Gayathri Hospital, Ahmedabad", "latitude": 23.1018186, "longitude": 72.6659513 }, "geometry": { "type": "Point", "coordinates": [ 72.6659513, 23.1018186 ] } },
{ "type": "Feature", "properties": { "name": "Dev Hospital, Vasna", "latitude": 23.0060128, "longitude": 72.5447845 }, "geometry": { "type": "Point", "coordinates": [ 72.5447845, 23.0060128 ] } },
{ "type": "Feature", "properties": { "name": "Rukshmani Surgical Hospital", "latitude": 23.0518255, "longitude": 72.6416056 }, "geometry": { "type": "Point", "coordinates": [ 72.6416056, 23.0518255 ] } },
{ "type": "Feature", "properties": { "name": "Sanket Children's Speciality Hospital", "latitude": 23.0379081, "longitude": 72.6442704 }, "geometry": { "type": "Point", "coordinates": [ 72.6442704, 23.0379081 ] } },
{ "type": "Feature", "properties": { "name": "Hariom Multispeciality Hospital", "latitude": 22.999875, "longitude": 72.6575299 }, "geometry": { "type": "Point", "coordinates": [ 72.6575299, 22.999875 ] } },
{ "type": "Feature", "properties": { "name": "Neelkamal Hospital Pvt Ltd (Pooja Hospital)", "latitude": 23.0838969, "longitude": 72.5912485 }, "geometry": { "type": "Point", "coordinates": [ 72.5912485, 23.0838969 ] } },
{ "type": "Feature", "properties": { "name": "Trupti Hospital, Saijpur", "latitude": 23.0638912, "longitude": 72.6422949 }, "geometry": { "type": "Point", "coordinates": [ 72.6422949, 23.0638912 ] } },
{ "type": "Feature", "properties": { "name": "Deep Urosurgical Hospital", "latitude": 23.0454856, "longitude": 72.5623074 }, "geometry": { "type": "Point", "coordinates": [ 72.5623074, 23.0454856 ] } },
{ "type": "Feature", "properties": { "name": "Sannidhya Eye Hospital", "latitude": 23.0060905, "longitude": 72.5557816 }, "geometry": { "type": "Point", "coordinates": [ 72.5557816, 23.0060905 ] } },
{ "type": "Feature", "properties": { "name": "Karnavati Super Speciality Hospital", "latitude": 23.0604664, "longitude": 72.6398112 }, "geometry": { "type": "Point", "coordinates": [ 72.6398112, 23.0604664 ] } },
{ "type": "Feature", "properties": { "name": "Shyamal Orthopaedic Hospital", "latitude": 23.0133562, "longitude": 72.5263832 }, "geometry": { "type": "Point", "coordinates": [ 72.5263832, 23.0133562 ] } },
{ "type": "Feature", "properties": { "name": "Sanskar Heart Care And Medical Hospital", "latitude": 23.0981234, "longitude": 72.5891134 }, "geometry": { "type": "Point", "coordinates": [ 72.5891134, 23.0981234 ] } },
{ "type": "Feature", "properties": { "name": "Vadaj Orthopaedic Hospital", "latitude": 23.0576184, "longitude": 72.5692952 }, "geometry": { "type": "Point", "coordinates": [ 72.5692952, 23.0576184 ] } },
{ "type": "Feature", "properties": { "name": "Sahjanand Eye Care Hospital", "latitude": 23.0403424, "longitude": 72.5532469 }, "geometry": { "type": "Point", "coordinates": [ 72.5532469, 23.0403424 ] } },
{ "type": "Feature", "properties": { "name": "Maniar Hospital", "latitude": 23.0328949, "longitude": 72.5553042 }, "geometry": { "type": "Point", "coordinates": [ 72.5553042, 23.0328949 ] } },
{ "type": "Feature", "properties": { "name": "Manish Eye Hospital - Ahmedabad", "latitude": 23.0021131, "longitude": 72.5505567 }, "geometry": { "type": "Point", "coordinates": [ 72.5505567, 23.0021131 ] } },
{ "type": "Feature", "properties": { "name": "Parvati Jadav Hospital", "latitude": 23.0763407, "longitude": 72.6544695 }, "geometry": { "type": "Point", "coordinates": [ 72.6544695, 23.0763407 ] } },
{ "type": "Feature", "properties": { "name": "Matru Hospital, Ahmedabad", "latitude": 23.0302148, "longitude": 72.622926 }, "geometry": { "type": "Point", "coordinates": [ 72.622926, 23.0302148 ] } },
{ "type": "Feature", "properties": { "name": "Matoshree Hospital, Ahmedabad", "latitude": 23.0006799, "longitude": 72.546536 }, "geometry": { "type": "Point", "coordinates": [ 72.546536, 23.0006799 ] } },
{ "type": "Feature", "properties": { "name": "Aashwi E.N.T.Hospital", "latitude": 23.0371183, "longitude": 72.5290078 }, "geometry": { "type": "Point", "coordinates": [ 72.5290078, 23.0371183 ] } },
{ "type": "Feature", "properties": { "name": "Pushpa Children Hospital and Neonatal Care", "latitude": 23.1067781, "longitude": 72.5980747 }, "geometry": { "type": "Point", "coordinates": [ 72.5980747, 23.1067781 ] } },
{ "type": "Feature", "properties": { "name": "Aarogyam Speciality Hospital", "latitude": 23.0469542, "longitude": 72.5556147 }, "geometry": { "type": "Point", "coordinates": [ 72.5556147, 23.0469542 ] } },
{ "type": "Feature", "properties": { "name": "Trisha Trauma Centre and Icu", "latitude": 23.0713999, "longitude": 72.5591303 }, "geometry": { "type": "Point", "coordinates": [ 72.5591303, 23.0713999 ] } },
{ "type": "Feature", "properties": { "name": "Shreejee Hospital", "latitude": 22.979135, "longitude": 72.6195304 }, "geometry": { "type": "Point", "coordinates": [ 72.6195304, 22.979135 ] } },
{ "type": "Feature", "properties": { "name": "Sanjivani Maternity", "latitude": 23.0130681, "longitude": 72.5245995 }, "geometry": { "type": "Point", "coordinates": [ 72.5245995, 23.0130681 ] } },
{ "type": "Feature", "properties": { "name": "Dr. Devendra Kanaiyalal Hospital and Nursing Home", "latitude": 23.0162681, "longitude": 72.5681533 }, "geometry": { "type": "Point", "coordinates": [ 72.5681533, 23.0162681 ] } },
{ "type": "Feature", "properties": { "name": "Harsiddh Hospital", "latitude": 23.079662, "longitude": 72.5740326 }, "geometry": { "type": "Point", "coordinates": [ 72.5740326, 23.079662 ] } },
{ "type": "Feature", "properties": { "name": "Gheewala Hospital", "latitude": 23.0152127, "longitude": 72.5638162 }, "geometry": { "type": "Point", "coordinates": [ 72.5638162, 23.0152127 ] } },
{ "type": "Feature", "properties": { "name": "Rushabh Uro Hospital", "latitude": 23.046184, "longitude": 72.533758 }, "geometry": { "type": "Point", "coordinates": [ 72.533758, 23.046184 ] } },
{ "type": "Feature", "properties": { "name": "Vallabh Surgical Hospital", "latitude": 23.0594844, "longitude": 72.5360284 }, "geometry": { "type": "Point", "coordinates": [ 72.5360284, 23.0594844 ] } },
{ "type": "Feature", "properties": { "name": "Dr. Shurti Ent Hospital", "latitude": 22.9980056, "longitude": 72.6097913 }, "geometry": { "type": "Point", "coordinates": [ 72.6097913, 22.9980056 ] } },
{ "type": "Feature", "properties": { "name": "Babycare Children Hospital and Neonatal Centre", "latitude": 22.9933987, "longitude": 72.6291548 }, "geometry": { "type": "Point", "coordinates": [ 72.6291548, 22.9933987 ] } },
{ "type": "Feature", "properties": { "name": "Venkaria Ortho Hospital", "latitude": 23.0388744, "longitude": 72.6309961 }, "geometry": { "type": "Point", "coordinates": [ 72.6309961, 23.0388744 ] } },
{ "type": "Feature", "properties": { "name": "Diva Eye Institute Hospital", "latitude": 23.0182599, "longitude": 72.5568886 }, "geometry": { "type": "Point", "coordinates": [ 72.5568886, 23.0182599 ] } },
{ "type": "Feature", "properties": { "name": "Khush Eye Hospital", "latitude": 23.0186294, "longitude": 72.5584531 }, "geometry": { "type": "Point", "coordinates": [ 72.5584531, 23.0186294 ] } },
{ "type": "Feature", "properties": { "name": "Sangini Hospital", "latitude": 23.0250378, "longitude": 72.5233135 }, "geometry": { "type": "Point", "coordinates": [ 72.5233135, 23.0250378 ] } },
{ "type": "Feature", "properties": { "name": "Aneri Children Hospital", "latitude": 23.0694294, "longitude": 72.5431028 }, "geometry": { "type": "Point", "coordinates": [ 72.5431028, 23.0694294 ] } },
{ "type": "Feature", "properties": { "name": "Divya Jyot Eye Hospital", "latitude": 23.0838463, "longitude": 72.5911814 }, "geometry": { "type": "Point", "coordinates": [ 72.5911814, 23.0838463 ] } },
{ "type": "Feature", "properties": { "name": "Eye Care Hospital Pvt. Ltd.", "latitude": 23.0241454, "longitude": 72.5498479 }, "geometry": { "type": "Point", "coordinates": [ 72.5498479, 23.0241454 ] } },
{ "type": "Feature", "properties": { "name": "Raj Ent Hospital", "latitude": 23.0519939, "longitude": 72.5640978 }, "geometry": { "type": "Point", "coordinates": [ 72.5640978, 23.0519939 ] } },
{ "type": "Feature", "properties": { "name": "Valu Hospital", "latitude": 23.0461976, "longitude": 72.5616597 }, "geometry": { "type": "Point", "coordinates": [ 72.5616597, 23.0461976 ] } },
{ "type": "Feature", "properties": { "name": "Satyamev Hospital", "latitude": 23.1204422, "longitude": 72.5815442 }, "geometry": { "type": "Point", "coordinates": [ 72.5815442, 23.1204422 ] } },
{ "type": "Feature", "properties": { "name": "Polio Foundation", "latitude": 23.0047117, "longitude": 72.5374903 }, "geometry": { "type": "Point", "coordinates": [ 72.5374903, 23.0047117 ] } },
{ "type": "Feature", "properties": { "name": "Archit Orthopaedic Hospital", "latitude": 23.0070978, "longitude": 72.5567982 }, "geometry": { "type": "Point", "coordinates": [ 72.5567982, 23.0070978 ] } },
{ "type": "Feature", "properties": { "name": "Saraswati Eye Hospital, Ahmedabad", "latitude": 23.063798, "longitude": 72.6422057 }, "geometry": { "type": "Point", "coordinates": [ 72.6422057, 23.063798 ] } },
{ "type": "Feature", "properties": { "name": "Bavishi Eye Hospital, Ahmedabad", "latitude": 23.0218028, "longitude": 72.5413272 }, "geometry": { "type": "Point", "coordinates": [ 72.5413272, 23.0218028 ] } },
{ "type": "Feature", "properties": { "name": "Shreedhar Hospital, Ahmedabad", "latitude": 23.000075, "longitude": 72.6591285 }, "geometry": { "type": "Point", "coordinates": [ 72.6591285, 23.000075 ] } },
{ "type": "Feature", "properties": { "name": "Aash Arthoscopy Centre", "latitude": 23.0176604, "longitude": 72.560572 }, "geometry": { "type": "Point", "coordinates": [ 72.560572, 23.0176604 ] } },
{ "type": "Feature", "properties": { "name": "Ashirwad Surgical Hospital, C.T.M", "latitude": 22.9997985, "longitude": 72.6359045 }, "geometry": { "type": "Point", "coordinates": [ 72.6359045, 22.9997985 ] } },
{ "type": "Feature", "properties": { "name": "Sushri Jasumatiben Shantilal Surti Charitable General Hospital", "latitude": 23.0256722, "longitude": 72.5319609 }, "geometry": { "type": "Point", "coordinates": [ 72.5319609, 23.0256722 ] } },
{ "type": "Feature", "properties": { "name": "Dr. Shailesh Shah Surgical Hospital and End. Clinic", "latitude": 23.0095864, "longitude": 72.5988331 }, "geometry": { "type": "Point", "coordinates": [ 72.5988331, 23.0095864 ] } },
{ "type": "Feature", "properties": { "name": "Vrundavan Hospital, Ahmedabad", "latitude": 23.0471713, "longitude": 72.5582439 }, "geometry": { "type": "Point", "coordinates": [ 72.5582439, 23.0471713 ] } },
{ "type": "Feature", "properties": { "name": "Arihant Heart And Medical Hospital", "latitude": 23.0538573, "longitude": 72.5956231 }, "geometry": { "type": "Point", "coordinates": [ 72.5956231, 23.0538573 ] } },
{ "type": "Feature", "properties": { "name": "Shaurya Hospital, Ahmedabad", "latitude": 23.0109689, "longitude": 72.5626293 }, "geometry": { "type": "Point", "coordinates": [ 72.5626293, 23.0109689 ] } },
{ "type": "Feature", "properties": { "name": "Sparsh Netralaya", "latitude": 23.0539511, "longitude": 72.595426 }, "geometry": { "type": "Point", "coordinates": [ 72.595426, 23.0539511 ] } },
{ "type": "Feature", "properties": { "name": "Parth Eye Hospital, Ahmedabad", "latitude": 23.0048092, "longitude": 72.5901327 }, "geometry": { "type": "Point", "coordinates": [ 72.5901327, 23.0048092 ] } },
{ "type": "Feature", "properties": { "name": "Swastik Hospital, Ahmedabad", "latitude": 23.0395285, "longitude": 72.67597 }, "geometry": { "type": "Point", "coordinates": [ 72.67597, 23.0395285 ] } },
{ "type": "Feature", "properties": { "name": "Navkar Hospital", "latitude": 23.0129094, "longitude": 72.5457716 }, "geometry": { "type": "Point", "coordinates": [ 72.5457716, 23.0129094 ] } },
{ "type": "Feature", "properties": { "name": "Pushpam Hospital, Ahmedabad", "latitude": 23.1029936, "longitude": 72.5697277 }, "geometry": { "type": "Point", "coordinates": [ 72.5697277, 23.1029936 ] } },
{ "type": "Feature", "properties": { "name": "Swari Ent Hospital, Ahmedabad", "latitude": 23.0668688, "longitude": 72.583823 }, "geometry": { "type": "Point", "coordinates": [ 72.583823, 23.0668688 ] } },
{ "type": "Feature", "properties": { "name": "Krishna Shalby Hospital", "latitude": 23.0239294, "longitude": 72.4414712 }, "geometry": { "type": "Point", "coordinates": [ 72.4414712, 23.0239294 ] } },
{ "type": "Feature", "properties": { "name": "Sagar Hospital, Ahmedabad", "latitude": 23.0063905, "longitude": 72.5335769 }, "geometry": { "type": "Point", "coordinates": [ 72.5335769, 23.0063905 ] } },
{ "type": "Feature", "properties": { "name": "Chhabra Eye Hospital", "latitude": 23.0259215, "longitude": 72.5268432 }, "geometry": { "type": "Point", "coordinates": [ 72.5268432, 23.0259215 ] } },
{ "type": "Feature", "properties": { "name": "Vatsalya Children Hospital, Ahmedabad", "latitude": 23.0482795, "longitude": 72.5337875 }, "geometry": { "type": "Point", "coordinates": [ 72.5337875, 23.0482795 ] } },
{ "type": "Feature", "properties": { "name": "Aastha Eye Hospital", "latitude": 23.0255723, "longitude": 72.5275755 }, "geometry": { "type": "Point", "coordinates": [ 72.5275755, 23.0255723 ] } },
{ "type": "Feature", "properties": { "name": "Gmers Medical College Hospital", "latitude": 23.0827619, "longitude": 72.524609 }, "geometry": { "type": "Point", "coordinates": [ 72.524609, 23.0827619 ] } },
{ "type": "Feature", "properties": { "name": "Super Surgical Hospital, Ahmedabad", "latitude": 23.0354102, "longitude": 72.5594562 }, "geometry": { "type": "Point", "coordinates": [ 72.5594562, 23.0354102 ] } },
{ "type": "Feature", "properties": { "name": "Krishna Hospital and ICCU", "latitude": 23.0672085, "longitude": 72.5631899 }, "geometry": { "type": "Point", "coordinates": [ 72.5631899, 23.0672085 ] } },
{ "type": "Feature", "properties": { "name": "Satellite Orthopaedic Hospital And Research Centre Pvt Ltd", "latitude": 23.0137315, "longitude": 72.5253627 }, "geometry": { "type": "Point", "coordinates": [ 72.5253627, 23.0137315 ] } },
{ "type": "Feature", "properties": { "name": "Chirayu Orthopaedic and Spine Hospital", "latitude": 23.0070435, "longitude": 72.5658171 }, "geometry": { "type": "Point", "coordinates": [ 72.5658171, 23.0070435 ] } },
{ "type": "Feature", "properties": { "name": "Adwait Ent Hospital", "latitude": 23.0400753, "longitude": 72.5777945 }, "geometry": { "type": "Point", "coordinates": [ 72.5777945, 23.0400753 ] } },
{ "type": "Feature", "properties": { "name": "Long Life Hospital, Ahmedabad", "latitude": 23.013039, "longitude": 72.5637853 }, "geometry": { "type": "Point", "coordinates": [ 72.5637853, 23.013039 ] } },
{ "type": "Feature", "properties": { "name": "Mamta Children Hospital, Ahmedabad", "latitude": 23.0239912, "longitude": 72.5313695 }, "geometry": { "type": "Point", "coordinates": [ 72.5313695, 23.0239912 ] } },
{ "type": "Feature", "properties": { "name": "Shantilal Parikh Hospital and Check Up Clinic", "latitude": 23.0373342, "longitude": 72.57069 }, "geometry": { "type": "Point", "coordinates": [ 72.57069, 23.0373342 ] } },
{ "type": "Feature", "properties": { "name": "Dr.Anil V.Patel Eye Hospital", "latitude": 23.0671493, "longitude": 72.566613 }, "geometry": { "type": "Point", "coordinates": [ 72.566613, 23.0671493 ] } },
{ "type": "Feature", "properties": { "name": "Sharda Clinic and Hospital", "latitude": 23.0442336, "longitude": 72.6049981 }, "geometry": { "type": "Point", "coordinates": [ 72.6049981, 23.0442336 ] } },
{ "type": "Feature", "properties": { "name": "Dr.Joshi Maternity And Gynec Hospital", "latitude": 23.0188639, "longitude": 72.5606538 }, "geometry": { "type": "Point", "coordinates": [ 72.5606538, 23.0188639 ] } },
{ "type": "Feature", "properties": { "name": "Dr.Nagoris Institute Hospital", "latitude": 23.0263782, "longitude": 72.5260802 }, "geometry": { "type": "Point", "coordinates": [ 72.5260802, 23.0263782 ] } },
{ "type": "Feature", "properties": { "name": "Dr.Soneji Hospital", "latitude": 23.0017415, "longitude": 72.5917406 }, "geometry": { "type": "Point", "coordinates": [ 72.5917406, 23.0017415 ] } },
{ "type": "Feature", "properties": { "name": "Eye Research Centre And Retina Foundation", "latitude": 23.0557144, "longitude": 72.5907777 }, "geometry": { "type": "Point", "coordinates": [ 72.5907777, 23.0557144 ] } },
{ "type": "Feature", "properties": { "name": "Dr. Manoj Tank E.N.T. Hospital", "latitude": 23.0232494, "longitude": 72.5719513 }, "geometry": { "type": "Point", "coordinates": [ 72.5719513, 23.0232494 ] } },
{ "type": "Feature", "properties": { "name": "Prasad Hospital, Ahmedabad", "latitude": 23.0496493, "longitude": 72.6573488 }, "geometry": { "type": "Point", "coordinates": [ 72.6573488, 23.0496493 ] } },
{ "type": "Feature", "properties": { "name": "Rangam Multispeciality Hospital", "latitude": 23.0099185, "longitude": 72.6450951 }, "geometry": { "type": "Point", "coordinates": [ 72.6450951, 23.0099185 ] } },
{ "type": "Feature", "properties": { "name": "Astha Orthopedic and Spine Hospital", "latitude": 23.0662892, "longitude": 72.5629491 }, "geometry": { "type": "Point", "coordinates": [ 72.5629491, 23.0662892 ] } },
{ "type": "Feature", "properties": { "name": "Amrut Arogyadham Medical Hospital", "latitude": 23.1105464, "longitude": 72.5849734 }, "geometry": { "type": "Point", "coordinates": [ 72.5849734, 23.1105464 ] } },
{ "type": "Feature", "properties": { "name": "Rushabh Medi-Surge Hospital Pvt Ltd", "latitude": 23.0125983, "longitude": 72.5178203 }, "geometry": { "type": "Point", "coordinates": [ 72.5178203, 23.0125983 ] } },
{ "type": "Feature", "properties": { "name": "Jay Orthopaedic Hospital", "latitude": 23.0520957, "longitude": 72.6002379 }, "geometry": { "type": "Point", "coordinates": [ 72.6002379, 23.0520957 ] } },
{ "type": "Feature", "properties": { "name": "Pramukh Neurosurgical Hosptial", "latitude": 23.0411786, "longitude": 72.5621706 }, "geometry": { "type": "Point", "coordinates": [ 72.5621706, 23.0411786 ] } },
{ "type": "Feature", "properties": { "name": "Trupti Heart and Medical Hospital, Ahmedabad", "latitude": 23.0042895, "longitude": 72.5905082 }, "geometry": { "type": "Point", "coordinates": [ 72.5905082, 23.0042895 ] } },
{ "type": "Feature", "properties": { "name": "Aash Surgical Hospital", "latitude": 23.0472453, "longitude": 72.5624844 }, "geometry": { "type": "Point", "coordinates": [ 72.5624844, 23.0472453 ] } },
{ "type": "Feature", "properties": { "name": "Kanchi Orthopaedic Hospital", "latitude": 23.010948, "longitude": 72.5465682 }, "geometry": { "type": "Point", "coordinates": [ 72.5465682, 23.010948 ] } },
{ "type": "Feature", "properties": { "name": "Kanoria Hospital And Research Centre, Gandhinagar", "latitude": 23.0993792, "longitude": 72.6285593 }, "geometry": { "type": "Point", "coordinates": [ 72.6285593, 23.0993792 ] } },
{ "type": "Feature", "properties": { "name": "Shree Mahavir Mutlispeciality Hospital and Icu", "latitude": 23.0603035, "longitude": 72.5355001 }, "geometry": { "type": "Point", "coordinates": [ 72.5355001, 23.0603035 ] } },
{ "type": "Feature", "properties": { "name": "Jainee Surgical Hospital", "latitude": 23.0803277, "longitude": 72.5666606 }, "geometry": { "type": "Point", "coordinates": [ 72.5666606, 23.0803277 ] } },
{ "type": "Feature", "properties": { "name": "Shri Rang Hospitaland Research Centre", "latitude": 23.0767892, "longitude": 72.5390634 }, "geometry": { "type": "Point", "coordinates": [ 72.5390634, 23.0767892 ] } },
{ "type": "Feature", "properties": { "name": "Brain and Spine Hospital", "latitude": 23.0402678, "longitude": 72.5659271 }, "geometry": { "type": "Point", "coordinates": [ 72.5659271, 23.0402678 ] } },
{ "type": "Feature", "properties": { "name": "Bodyline Hospitals", "latitude": 23.0099407, "longitude": 72.5545666 }, "geometry": { "type": "Point", "coordinates": [ 72.5545666, 23.0099407 ] } },
{ "type": "Feature", "properties": { "name": "Siddhi Hospital, Ahmedabad", "latitude": 23.0672116, "longitude": 72.6429212 }, "geometry": { "type": "Point", "coordinates": [ 72.6429212, 23.0672116 ] } },
{ "type": "Feature", "properties": { "name": "Om Children Hospital", "latitude": 23.0620742, "longitude": 72.5306962 }, "geometry": { "type": "Point", "coordinates": [ 72.5306962, 23.0620742 ] } },
{ "type": "Feature", "properties": { "name": "Samkit Hospital Icu and Iccu", "latitude": 23.0057153, "longitude": 72.532901 }, "geometry": { "type": "Point", "coordinates": [ 72.532901, 23.0057153 ] } },
{ "type": "Feature", "properties": { "name": "Vrundavan Children Hospital", "latitude": 23.0169692, "longitude": 72.5667264 }, "geometry": { "type": "Point", "coordinates": [ 72.5667264, 23.0169692 ] } },
{ "type": "Feature", "properties": { "name": "Netra Raksha Hospital, Thakkarbapa Nagar", "latitude": 23.0392262, "longitude": 72.6383065 }, "geometry": { "type": "Point", "coordinates": [ 72.6383065, 23.0392262 ] } },
{ "type": "Feature", "properties": { "name": "Shivam Heart and Medical Hospital", "latitude": 23.0567152, "longitude": 72.634133 }, "geometry": { "type": "Point", "coordinates": [ 72.634133, 23.0567152 ] } },
{ "type": "Feature", "properties": { "name": "Shashwat Hospital and Research Center, Ahmedabad", "latitude": 23.0583008, "longitude": 72.5332966 }, "geometry": { "type": "Point", "coordinates": [ 72.5332966, 23.0583008 ] } },
{ "type": "Feature", "properties": { "name": "Aditya Hospital, Ahmedabad", "latitude": 23.0043253, "longitude": 72.5520748 }, "geometry": { "type": "Point", "coordinates": [ 72.5520748, 23.0043253 ] } },
{ "type": "Feature", "properties": { "name": "Krupanidhi Hospital", "latitude": 23.0152967, "longitude": 72.5638765 }, "geometry": { "type": "Point", "coordinates": [ 72.5638765, 23.0152967 ] } },
{ "type": "Feature", "properties": { "name": "Aditya Eye Hospital, Ahmedabad", "latitude": 23.0499602, "longitude": 72.5348282 }, "geometry": { "type": "Point", "coordinates": [ 72.5348282, 23.0499602 ] } },
{ "type": "Feature", "properties": { "name": "Joitiba General Hospital, Ahmedabad", "latitude": 22.978619, "longitude": 72.611884 }, "geometry": { "type": "Point", "coordinates": [ 72.611884, 22.978619 ] } },
{ "type": "Feature", "properties": { "name": "Anoop Children Hospital", "latitude": 22.9926876, "longitude": 72.6321253 }, "geometry": { "type": "Point", "coordinates": [ 72.6321253, 22.9926876 ] } },
{ "type": "Feature", "properties": { "name": "Aayush Surgical Hospital", "latitude": 23.0462322, "longitude": 72.5337466 }, "geometry": { "type": "Point", "coordinates": [ 72.5337466, 23.0462322 ] } },
{ "type": "Feature", "properties": { "name": "J J Hospital, Ahmedabad", "latitude": 23.0731297, "longitude": 72.5368439 }, "geometry": { "type": "Point", "coordinates": [ 72.5368439, 23.0731297 ] } },
{ "type": "Feature", "properties": { "name": "Dr. Rajiv Thakores Hospital", "latitude": 23.0176617, "longitude": 72.5539094 }, "geometry": { "type": "Point", "coordinates": [ 72.5539094, 23.0176617 ] } },
{ "type": "Feature", "properties": { "name": "Chikhalkar Hospital and Iccu", "latitude": 23.0561654, "longitude": 72.5493899 }, "geometry": { "type": "Point", "coordinates": [ 72.5493899, 23.0561654 ] } },
{ "type": "Feature", "properties": { "name": "The Holistic Medical Centre Ayulink Ayurveda Hospital", "latitude": 23.0379772, "longitude": 72.5595984 }, "geometry": { "type": "Point", "coordinates": [ 72.5595984, 23.0379772 ] } },
{ "type": "Feature", "properties": { "name": "Aniket Ent Hospital", "latitude": 22.9926333, "longitude": 72.632124 }, "geometry": { "type": "Point", "coordinates": [ 72.632124, 22.9926333 ] } },
{ "type": "Feature", "properties": { "name": "Amruta Hospital and Heart Centre", "latitude": 23.082678, "longitude": 72.5896941 }, "geometry": { "type": "Point", "coordinates": [ 72.5896941, 23.082678 ] } },
{ "type": "Feature", "properties": { "name": "Hari Krishna Uro Surgical Hospital", "latitude": 23.0381006, "longitude": 72.6439887 }, "geometry": { "type": "Point", "coordinates": [ 72.6439887, 23.0381006 ] } },
{ "type": "Feature", "properties": { "name": "Aditya Multi-Speciality Hospital", "latitude": 23.0632822, "longitude": 72.5315224 }, "geometry": { "type": "Point", "coordinates": [ 72.5315224, 23.0632822 ] } },
{ "type": "Feature", "properties": { "name": "Vatsalya Neonatal and Children Hospital", "latitude": 23.0208659, "longitude": 72.6388442 }, "geometry": { "type": "Point", "coordinates": [ 72.6388442, 23.0208659 ] } },
{ "type": "Feature", "properties": { "name": "Motherhood Womens and Child Care Hospital", "latitude": 23.0745277, "longitude": 72.5125068 }, "geometry": { "type": "Point", "coordinates": [ 72.5125068, 23.0745277 ] } },
{ "type": "Feature", "properties": { "name": "Arpan Orthopedic and Trauma Hospital", "latitude": 23.0024575, "longitude": 72.595257 }, "geometry": { "type": "Point", "coordinates": [ 72.595257, 23.0024575 ] } },
{ "type": "Feature", "properties": { "name": "Jarmarwala Hospital", "latitude": 23.0199254, "longitude": 72.5458769 }, "geometry": { "type": "Point", "coordinates": [ 72.5458769, 23.0199254 ] } },
{ "type": "Feature", "properties": { "name": "Pearl Eye Hospital", "latitude": 23.0098432, "longitude": 72.5806028 }, "geometry": { "type": "Point", "coordinates": [ 72.5806028, 23.0098432 ] } },
{ "type": "Feature", "properties": { "name": "Shushilaben Neonatal And Child Care Centre", "latitude": 23.0310362, "longitude": 72.6149404 }, "geometry": { "type": "Point", "coordinates": [ 72.6149404, 23.0310362 ] } },
{ "type": "Feature", "properties": { "name": "Shree Aman Hospital", "latitude": 23.0844866, "longitude": 72.5914161 }, "geometry": { "type": "Point", "coordinates": [ 72.5914161, 23.0844866 ] } },
{ "type": "Feature", "properties": { "name": "Rainbow Super Speciality Children's Hospital", "latitude": 23.0460902, "longitude": 72.5286249 }, "geometry": { "type": "Point", "coordinates": [ 72.5286249, 23.0460902 ] } },
{ "type": "Feature", "properties": { "name": "Parth Hospital, Ahmedabad", "latitude": 23.0837834, "longitude": 72.5889122 }, "geometry": { "type": "Point", "coordinates": [ 72.5889122, 23.0837834 ] } },
{ "type": "Feature", "properties": { "name": "Gayatri Heart And Medical Hospital, Bhimjipura", "latitude": 23.0602795, "longitude": 72.5647576 }, "geometry": { "type": "Point", "coordinates": [ 72.5647576, 23.0602795 ] } },
{ "type": "Feature", "properties": { "name": "Sanghavi Hospital Pvt. Ltd.", "latitude": 23.0066966, "longitude": 72.5563677 }, "geometry": { "type": "Point", "coordinates": [ 72.5563677, 23.0066966 ] } },
{ "type": "Feature", "properties": { "name": "Pallav J M Desai Memorial Hospital (Better Health Pvt.Ltd.)", "latitude": 22.9947616, "longitude": 72.6141009 }, "geometry": { "type": "Point", "coordinates": [ 72.6141009, 22.9947616 ] } },
{ "type": "Feature", "properties": { "name": "Parth Surgical Hospital, Ahmedabad", "latitude": 23.0029958, "longitude": 72.5544217 }, "geometry": { "type": "Point", "coordinates": [ 72.5544217, 23.0029958 ] } },
{ "type": "Feature", "properties": { "name": "Sanjivani Heart And Medical Hospital - Gandhinagar", "latitude": 23.1924861, "longitude": 72.6132895 }, "geometry": { "type": "Point", "coordinates": [ 72.6132895, 23.1924861 ] } },
{ "type": "Feature", "properties": { "name": "Jalaram Hospital, Ahmedabad", "latitude": 23.0277853, "longitude": 72.5218208 }, "geometry": { "type": "Point", "coordinates": [ 72.5218208, 23.0277853 ] } },
{ "type": "Feature", "properties": { "name": "Kruti Orthopedic Hospital", "latitude": 23.0464247, "longitude": 72.5709508 }, "geometry": { "type": "Point", "coordinates": [ 72.5709508, 23.0464247 ] } },
{ "type": "Feature", "properties": { "name": "Jariwala Women's Hospital", "latitude": 23.0547211, "longitude": 72.5964291 }, "geometry": { "type": "Point", "coordinates": [ 72.5964291, 23.0547211 ] } },
{ "type": "Feature", "properties": { "name": "Rukshmani Medical Hospital", "latitude": 23.0031785, "longitude": 72.6334758 }, "geometry": { "type": "Point", "coordinates": [ 72.6334758, 23.0031785 ] } },
{ "type": "Feature", "properties": { "name": "HCG Cancer Centre", "latitude": 23.0705004, "longitude": 72.5227287 }, "geometry": { "type": "Point", "coordinates": [ 72.5227287, 23.0705004 ] } },
{ "type": "Feature", "properties": { "name": "Zeal Maternity And Nursing Home", "latitude": 23.0544878, "longitude": 72.6029496 }, "geometry": { "type": "Point", "coordinates": [ 72.6029496, 23.0544878 ] } },
{ "type": "Feature", "properties": { "name": "Vraj Hospital and Heart Care Center", "latitude": 22.980618, "longitude": 72.6021999 }, "geometry": { "type": "Point", "coordinates": [ 72.6021999, 22.980618 ] } },
{ "type": "Feature", "properties": { "name": "Sahjanand Orthopaedic Hospital", "latitude": 23.0126292, "longitude": 72.51789 }, "geometry": { "type": "Point", "coordinates": [ 72.51789, 23.0126292 ] } },
{ "type": "Feature", "properties": { "name": "Jaju Plastic Surgery Center", "latitude": 23.0421276, "longitude": 72.5592698 }, "geometry": { "type": "Point", "coordinates": [ 72.5592698, 23.0421276 ] } },
{ "type": "Feature", "properties": { "name": "Raghuvir Eye Hospital", "latitude": 22.9947925, "longitude": 72.6074664 }, "geometry": { "type": "Point", "coordinates": [ 72.6074664, 22.9947925 ] } },
{ "type": "Feature", "properties": { "name": "Shachi Women's Hospital", "latitude": 23.066349, "longitude": 72.5838341 }, "geometry": { "type": "Point", "coordinates": [ 72.5838341, 23.066349 ] } },
{ "type": "Feature", "properties": { "name": "Palak Hospital, Ahmedabad", "latitude": 22.9989479, "longitude": 72.6251891 }, "geometry": { "type": "Point", "coordinates": [ 72.6251891, 22.9989479 ] } },
{ "type": "Feature", "properties": { "name": "Anand Children Hospital Neonatal Intensive Care", "latitude": 23.0487768, "longitude": 72.6059926 }, "geometry": { "type": "Point", "coordinates": [ 72.6059926, 23.0487768 ] } },
{ "type": "Feature", "properties": { "name": "Patel E.N.T Hospital", "latitude": 23.0477933, "longitude": 72.5712056 }, "geometry": { "type": "Point", "coordinates": [ 72.5712056, 23.0477933 ] } },
{ "type": "Feature", "properties": { "name": "Rosemaarry Womens Hospital", "latitude": 23.0318187, "longitude": 72.5260091 }, "geometry": { "type": "Point", "coordinates": [ 72.5260091, 23.0318187 ] } },
{ "type": "Feature", "properties": { "name": "Sanjivan Heart and Medical Hospital", "latitude": 23.0837698, "longitude": 72.5903244 }, "geometry": { "type": "Point", "coordinates": [ 72.5903244, 23.0837698 ] } },
{ "type": "Feature", "properties": { "name": "Sainath Orhtopaedic Hospital", "latitude": 23.0592152, "longitude": 72.5360379 }, "geometry": { "type": "Point", "coordinates": [ 72.5360379, 23.0592152 ] } },
{ "type": "Feature", "properties": { "name": "Sardar Hospital", "latitude": 23.0380179, "longitude": 72.6445547 }, "geometry": { "type": "Point", "coordinates": [ 72.6445547, 23.0380179 ] } },
{ "type": "Feature", "properties": { "name": "Shree Harikrupa Hospital", "latitude": 23.0200612, "longitude": 72.5615551 }, "geometry": { "type": "Point", "coordinates": [ 72.5615551, 23.0200612 ] } },
{ "type": "Feature", "properties": { "name": "Amardeep Multispeciality Children Hospital", "latitude": 23.0202065, "longitude": 72.5642668 }, "geometry": { "type": "Point", "coordinates": [ 72.5642668, 23.0202065 ] } },
{ "type": "Feature", "properties": { "name": "HCG Multi Specialty Hospital", "latitude": 23.0288615, "longitude": 72.5642949 }, "geometry": { "type": "Point", "coordinates": [ 72.5642949, 23.0288615 ] } },
{ "type": "Feature", "properties": { "name": "Palak Eye Hospital", "latitude": 22.9949308, "longitude": 72.6068804 }, "geometry": { "type": "Point", "coordinates": [ 72.6068804, 22.9949308 ] } },
{ "type": "Feature", "properties": { "name": "Rukshmani Government Hospital", "latitude": 22.9994812, "longitude": 72.6197255 }, "geometry": { "type": "Point", "coordinates": [ 72.6197255, 22.9994812 ] } },
{ "type": "Feature", "properties": { "name": "Rugved Multispeciality Hospital", "latitude": 23.0504316, "longitude": 72.6468533 }, "geometry": { "type": "Point", "coordinates": [ 72.6468533, 23.0504316 ] } },
{ "type": "Feature", "properties": { "name": "Ashirwad Children and Eye Hospital", "latitude": 22.9978986, "longitude": 72.6079211 }, "geometry": { "type": "Point", "coordinates": [ 72.6079211, 22.9978986 ] } },
{ "type": "Feature", "properties": { "name": "Ayushman Medical Hospital and Dignosis Center", "latitude": 23.0237122, "longitude": 72.6391487 }, "geometry": { "type": "Point", "coordinates": [ 72.6391487, 23.0237122 ] } },
{ "type": "Feature", "properties": { "name": "Ravi Surgical Hospital, Ahmedabad", "latitude": 22.9980843, "longitude": 72.6098563 }, "geometry": { "type": "Point", "coordinates": [ 72.6098563, 22.9980843 ] } },
{ "type": "Feature", "properties": { "name": "College of Dental Sciences and Research Hospital", "latitude": 23.0347264, "longitude": 72.435679 }, "geometry": { "type": "Point", "coordinates": [ 72.435679, 23.0347264 ] } },
{ "type": "Feature", "properties": { "name": "Shrreeji Surgical Hospital", "latitude": 22.9981609, "longitude": 72.625165 }, "geometry": { "type": "Point", "coordinates": [ 72.625165, 22.9981609 ] } },
{ "type": "Feature", "properties": { "name": "Shreyas Speciality Hospital", "latitude": 23.002323, "longitude": 72.5175279 }, "geometry": { "type": "Point", "coordinates": [ 72.5175279, 23.002323 ] } },
{ "type": "Feature", "properties": { "name": "Rugveda Practur and Orthopaedic Hospital, Ahmedabad", "latitude": 23.0021551, "longitude": 72.5467211 }, "geometry": { "type": "Point", "coordinates": [ 72.5467211, 23.0021551 ] } },
{ "type": "Feature", "properties": { "name": "Kalptaru Hospital", "latitude": 23.049363, "longitude": 72.594506 }, "geometry": { "type": "Point", "coordinates": [ 72.594506, 23.049363 ] } },
{ "type": "Feature", "properties": { "name": "Sukhmani Hospital / Saviour Annexe Hospital", "latitude": 23.0364864, "longitude": 72.5696392 }, "geometry": { "type": "Point", "coordinates": [ 72.5696392, 23.0364864 ] } },
{ "type": "Feature", "properties": { "name": "Setu Surgical Hospital, Ahmedabad", "latitude": 23.0540923, "longitude": 72.6429145 }, "geometry": { "type": "Point", "coordinates": [ 72.6429145, 23.0540923 ] } },
{ "type": "Feature", "properties": { "name": "Auro Ent Hospital", "latitude": 23.0578122, "longitude": 72.5701462 }, "geometry": { "type": "Point", "coordinates": [ 72.5701462, 23.0578122 ] } },
{ "type": "Feature", "properties": { "name": "Swastik Surgical Hospital And Dental Clinic, Ahmedabad", "latitude": 23.0034741, "longitude": 72.5189053 }, "geometry": { "type": "Point", "coordinates": [ 72.5189053, 23.0034741 ] } },
{ "type": "Feature", "properties": { "name": "Sanjivani Eye Hospital and Phaco Centre, Ahmedabad", "latitude": 23.0459888, "longitude": 72.5615689 }, "geometry": { "type": "Point", "coordinates": [ 72.5615689, 23.0459888 ] } },
{ "type": "Feature", "properties": { "name": "Sanjeevani Hospital, Ahmedabad", "latitude": 23.0595717, "longitude": 72.5356453 }, "geometry": { "type": "Point", "coordinates": [ 72.5356453, 23.0595717 ] } },
{ "type": "Feature", "properties": { "name": "Hcg Medi-Surge Hospitals Private Limited", "latitude": 23.0288813, "longitude": 72.5643083 }, "geometry": { "type": "Point", "coordinates": [ 72.5643083, 23.0288813 ] } },
{ "type": "Feature", "properties": { "name": "The Vitreoretina Clinic and Eye Hospital", "latitude": 23.0389016, "longitude": 72.5161432 }, "geometry": { "type": "Point", "coordinates": [ 72.5161432, 23.0389016 ] } },
{ "type": "Feature", "properties": { "name": "Mahin Lifecare Services Pvt.Ltd", "latitude": 22.9931604, "longitude": 72.5256523 }, "geometry": { "type": "Point", "coordinates": [ 72.5256523, 22.9931604 ] } },
{ "type": "Feature", "properties": { "name": "Jay Umiya Hospital", "latitude": 23.0728893, "longitude": 72.5590798 }, "geometry": { "type": "Point", "coordinates": [ 72.5590798, 23.0728893 ] } },
{ "type": "Feature", "properties": { "name": "Aarna Medical Hospital", "latitude": 23.0395124, "longitude": 72.6388644 }, "geometry": { "type": "Point", "coordinates": [ 72.6388644, 23.0395124 ] } },
{ "type": "Feature", "properties": { "name": "Akshar Krupa Hospital", "latitude": 23.0544298, "longitude": 72.5958726 }, "geometry": { "type": "Point", "coordinates": [ 72.5958726, 23.0544298 ] } },
{ "type": "Feature", "properties": { "name": "Siddhi Heart and Medical Hospital", "latitude": 23.0729002, "longitude": 72.5591692 }, "geometry": { "type": "Point", "coordinates": [ 72.5591692, 23.0729002 ] } },
{ "type": "Feature", "properties": { "name": "Ashish Orthopaedic Hospital, Ahmedabad", "latitude": 23.0369328, "longitude": 72.5273097 }, "geometry": { "type": "Point", "coordinates": [ 72.5273097, 23.0369328 ] } },
{ "type": "Feature", "properties": { "name": "Sanjivani Heart and Medical Hospital (Ahmedabad)", "latitude": 23.0578196, "longitude": 72.5701541 }, "geometry": { "type": "Point", "coordinates": [ 72.5701541, 23.0578196 ] } },
{ "type": "Feature", "properties": { "name": "Raksha Hospital Pvt Ltd", "latitude": 23.036039, "longitude": 72.5174716 }, "geometry": { "type": "Point", "coordinates": [ 72.5174716, 23.036039 ] } },
{ "type": "Feature", "properties": { "name": "B.J. Medical College Hospital", "latitude": 23.0526578, "longitude": 72.6028262 }, "geometry": { "type": "Point", "coordinates": [ 72.6028262, 23.0526578 ] } },
{ "type": "Feature", "properties": { "name": "Government Spine Institute Hospital", "latitude": 23.0500108, "longitude": 72.6080297 }, "geometry": { "type": "Point", "coordinates": [ 72.6080297, 23.0500108 ] } },
{ "type": "Feature", "properties": { "name": "Parth Eye Hospital, Isanpur", "latitude": 22.9798932, "longitude": 72.5997604 }, "geometry": { "type": "Point", "coordinates": [ 72.5997604, 22.9798932 ] } },
{ "type": "Feature", "properties": { "name": "Austmangal Surgical Hospital", "latitude": 23.0545187, "longitude": 72.595823 }, "geometry": { "type": "Point", "coordinates": [ 72.595823, 23.0545187 ] } },
{ "type": "Feature", "properties": { "name": "Rudraksh Hospital", "latitude": 23.0626344, "longitude": 72.643695 }, "geometry": { "type": "Point", "coordinates": [ 72.643695, 23.0626344 ] } },
{ "type": "Feature", "properties": { "name": "Babul E.N.T. Hospital", "latitude": 23.0246015, "longitude": 72.5449569 }, "geometry": { "type": "Point", "coordinates": [ 72.5449569, 23.0246015 ] } },
{ "type": "Feature", "properties": { "name": "Dr Dipak C Shah E N T Hospital", "latitude": 22.9956523, "longitude": 72.6121093 }, "geometry": { "type": "Point", "coordinates": [ 72.6121093, 22.9956523 ] } },
{ "type": "Feature", "properties": { "name": "Adarsh Hospital, Ahmedabad", "latitude": 23.0476847, "longitude": 72.5663294 }, "geometry": { "type": "Point", "coordinates": [ 72.5663294, 23.0476847 ] } },
{ "type": "Feature", "properties": { "name": "Swapn Healthcare Hospital Pvt. Ltd", "latitude": 22.9834237, "longitude": 72.5971761 }, "geometry": { "type": "Point", "coordinates": [ 72.5971761, 22.9834237 ] } },
{ "type": "Feature", "properties": { "name": "Navjivan Maternity and Orthopaedic Hospital, Ahmedabad", "latitude": 23.0543583, "longitude": 72.6428729 }, "geometry": { "type": "Point", "coordinates": [ 72.6428729, 23.0543583 ] } },
{ "type": "Feature", "properties": { "name": "Nadkarni's 21St Century Hospitals Pvt Ltd", "latitude": 22.9979961, "longitude": 72.6355197 }, "geometry": { "type": "Point", "coordinates": [ 72.6355197, 22.9979961 ] } },
{ "type": "Feature", "properties": { "name": "J.Chirag Surgical Hospital", "latitude": 23.0463124, "longitude": 72.5624067 }, "geometry": { "type": "Point", "coordinates": [ 72.5624067, 23.0463124 ] } },
{ "type": "Feature", "properties": { "name": "Shri Yogeshwar General Hospital", "latitude": 23.0812863, "longitude": 72.5380576 }, "geometry": { "type": "Point", "coordinates": [ 72.5380576, 23.0812863 ] } },
{ "type": "Feature", "properties": { "name": "Navkalp Children Hospital", "latitude": 23.0059807, "longitude": 72.5599363 }, "geometry": { "type": "Point", "coordinates": [ 72.5599363, 23.0059807 ] } },
{ "type": "Feature", "properties": { "name": "Memon Ent Hospital", "latitude": 23.0272274, "longitude": 72.5861375 }, "geometry": { "type": "Point", "coordinates": [ 72.5861375, 23.0272274 ] } },
{ "type": "Feature", "properties": { "name": "Shaishav Children Hospital, Ahmedabad", "latitude": 23.0592497, "longitude": 72.5372905 }, "geometry": { "type": "Point", "coordinates": [ 72.5372905, 23.0592497 ] } },
{ "type": "Feature", "properties": { "name": "Shiv Jyoti Eye Hospital", "latitude": 23.0388164, "longitude": 72.6331285 }, "geometry": { "type": "Point", "coordinates": [ 72.6331285, 23.0388164 ] } },
{ "type": "Feature", "properties": { "name": "Dr. Atul H Kansara `S (E.N.T) Hospital", "latitude": 23.010174, "longitude": 72.5621974 }, "geometry": { "type": "Point", "coordinates": [ 72.5621974, 23.010174 ] } },
{ "type": "Feature", "properties": { "name": "Aneri Surgical and Neuro Surgical Hospital", "latitude": 23.0016415, "longitude": 72.5481668 }, "geometry": { "type": "Point", "coordinates": [ 72.5481668, 23.0016415 ] } },
{ "type": "Feature", "properties": { "name": "Bopal Eye Care Centre", "latitude": 23.0288344, "longitude": 72.4779037 }, "geometry": { "type": "Point", "coordinates": [ 72.4779037, 23.0288344 ] } },
{ "type": "Feature", "properties": { "name": "Devam Orthopaedic Hospital", "latitude": 23.0590239, "longitude": 72.5378671 }, "geometry": { "type": "Point", "coordinates": [ 72.5378671, 23.0590239 ] } },
{ "type": "Feature", "properties": { "name": "Reshambhai Fertility Hospital", "latitude": 23.0539073, "longitude": 72.5964371 }, "geometry": { "type": "Point", "coordinates": [ 72.5964371, 23.0539073 ] } },
{ "type": "Feature", "properties": { "name": "Dr, Nayan V Shah Surgical Hospital", "latitude": 22.9809304, "longitude": 72.5987479 }, "geometry": { "type": "Point", "coordinates": [ 72.5987479, 22.9809304 ] } },
{ "type": "Feature", "properties": { "name": "Samved Orthopaedic Hospital, Ahmedabad", "latitude": 23.0405319, "longitude": 72.5581983 }, "geometry": { "type": "Point", "coordinates": [ 72.5581983, 23.0405319 ] } },
{ "type": "Feature", "properties": { "name": "Shlok Medical and Heart Hospital", "latitude": 22.9872011, "longitude": 72.603419 }, "geometry": { "type": "Point", "coordinates": [ 72.603419, 22.9872011 ] } },
{ "type": "Feature", "properties": { "name": "Cheers Interventional Pain Management Hospital", "latitude": 23.0403048, "longitude": 72.5543117 }, "geometry": { "type": "Point", "coordinates": [ 72.5543117, 23.0403048 ] } },
{ "type": "Feature", "properties": { "name": "Narang Eye Hospital, Munohwa By Pass Chowk", "latitude": 23.0482079, "longitude": 72.6016447 }, "geometry": { "type": "Point", "coordinates": [ 72.6016447, 23.0482079 ] } },
{ "type": "Feature", "properties": { "name": "Vishwa Medical And Heart Hospital", "latitude": 23.0029007, "longitude": 72.595717 }, "geometry": { "type": "Point", "coordinates": [ 72.595717, 23.0029007 ] } },
{ "type": "Feature", "properties": { "name": "Vivek Children Hospital, Khokhara", "latitude": 23.0017465, "longitude": 72.6183012 }, "geometry": { "type": "Point", "coordinates": [ 72.6183012, 23.0017465 ] } },
{ "type": "Feature", "properties": { "name": "Prabhujyot Inst. Of G.I. Endoscopy and Laproscop", "latitude": 23.0100246, "longitude": 72.5465441 }, "geometry": { "type": "Point", "coordinates": [ 72.5465441, 23.0100246 ] } },
{ "type": "Feature", "properties": { "name": "Vatsalya Gynec Hospital", "latitude": 23.0066954, "longitude": 72.5325832 }, "geometry": { "type": "Point", "coordinates": [ 72.5325832, 23.0066954 ] } },
{ "type": "Feature", "properties": { "name": "Vikas Medical and Heart Hospital", "latitude": 23.0730767, "longitude": 72.6527891 }, "geometry": { "type": "Point", "coordinates": [ 72.6527891, 23.0730767 ] } },
{ "type": "Feature", "properties": { "name": "Government hospital Adalaj", "latitude": 23.167703, "longitude": 72.5857745 }, "geometry": { "type": "Point", "coordinates": [ 72.5857745, 23.167703 ] } },
{ "type": "Feature", "properties": { "name": "Tirtham Surgical and Laparoscopic Centre", "latitude": 23.0638572, "longitude": 72.5304455 }, "geometry": { "type": "Point", "coordinates": [ 72.5304455, 23.0638572 ] } },
{ "type": "Feature", "properties": { "name": "Peshant House Hospital", "latitude": 23.0127576, "longitude": 72.5670958 }, "geometry": { "type": "Point", "coordinates": [ 72.5670958, 23.0127576 ] } },
{ "type": "Feature", "properties": { "name": "Jagdish Orthopadic Hospital", "latitude": 23.0209844, "longitude": 72.5436446 }, "geometry": { "type": "Point", "coordinates": [ 72.5436446, 23.0209844 ] } },
{ "type": "Feature", "properties": { "name": "Vedanta Institute Of Medical Sciences Hospital", "latitude": 23.0402147, "longitude": 72.5598545 }, "geometry": { "type": "Point", "coordinates": [ 72.5598545, 23.0402147 ] } },
{ "type": "Feature", "properties": { "name": "Lions Karnavati Shantaben Vishnubhai Patel Eye Hospital", "latitude": 23.1224896, "longitude": 72.5045286 }, "geometry": { "type": "Point", "coordinates": [ 72.5045286, 23.1224896 ] } },
{ "type": "Feature", "properties": { "name": "Shree Sai Children Hospital", "latitude": 23.1146062, "longitude": 72.5838912 }, "geometry": { "type": "Point", "coordinates": [ 72.5838912, 23.1146062 ] } },
{ "type": "Feature", "properties": { "name": "Devasya Superspeciality Kidney Institute and Research Centre", "latitude": 23.0269892, "longitude": 72.4773597 }, "geometry": { "type": "Point", "coordinates": [ 72.4773597, 23.0269892 ] } },
{ "type": "Feature", "properties": { "name": "Ashirwad Hospital, Ahmedabad", "latitude": 22.9873418, "longitude": 72.611577 }, "geometry": { "type": "Point", "coordinates": [ 72.611577, 22.9873418 ] } },
{ "type": "Feature", "properties": { "name": "Shivam Medical Hospital, Sardar Nagar", "latitude": 23.0809819, "longitude": 72.6213037 }, "geometry": { "type": "Point", "coordinates": [ 72.6213037, 23.0809819 ] } },
{ "type": "Feature", "properties": { "name": "Yogiji Medical Hospital", "latitude": 22.9985353, "longitude": 72.6247528 }, "geometry": { "type": "Point", "coordinates": [ 72.6247528, 22.9985353 ] } },
{ "type": "Feature", "properties": { "name": "Aagman Maternity and Gynec Hospital", "latitude": 23.0436594, "longitude": 72.6502608 }, "geometry": { "type": "Point", "coordinates": [ 72.6502608, 23.0436594 ] } },
{ "type": "Feature", "properties": { "name": "Netram Care Eye Hospital", "latitude": 23.062087, "longitude": 72.5305813 }, "geometry": { "type": "Point", "coordinates": [ 72.5305813, 23.062087 ] } },
{ "type": "Feature", "properties": { "name": "Jaliyan Orthopaedic Hospital", "latitude": 23.0226864, "longitude": 72.5697332 }, "geometry": { "type": "Point", "coordinates": [ 72.5697332, 23.0226864 ] } },
{ "type": "Feature", "properties": { "name": "Tejal Eye Hospital", "latitude": 23.0790988, "longitude": 72.5753262 }, "geometry": { "type": "Point", "coordinates": [ 72.5753262, 23.0790988 ] } },
{ "type": "Feature", "properties": { "name": "Ano Care Hospital", "latitude": 23.0377884, "longitude": 72.6440035 }, "geometry": { "type": "Point", "coordinates": [ 72.6440035, 23.0377884 ] } },
{ "type": "Feature", "properties": { "name": "Dr.Saurabh Shah Orthopaedic Hospital", "latitude": 23.0663546, "longitude": 72.5629216 }, "geometry": { "type": "Point", "coordinates": [ 72.5629216, 23.0663546 ] } },
{ "type": "Feature", "properties": { "name": "Adinath Hospital, Ahmedabad", "latitude": 23.054805, "longitude": 72.5964358 }, "geometry": { "type": "Point", "coordinates": [ 72.5964358, 23.054805 ] } },
{ "type": "Feature", "properties": { "name": "Shreyas Orthopedic Hospital, Vasna", "latitude": 23.0022835, "longitude": 72.5482339 }, "geometry": { "type": "Point", "coordinates": [ 72.5482339, 23.0022835 ] } },
{ "type": "Feature", "properties": { "name": "Chintan Orthopaedic Hospital", "latitude": 23.0072423, "longitude": 72.5362967 }, "geometry": { "type": "Point", "coordinates": [ 72.5362967, 23.0072423 ] } },
{ "type": "Feature", "properties": { "name": "Akshar Eye Hospital", "latitude": 23.0650523, "longitude": 72.6426671 }, "geometry": { "type": "Point", "coordinates": [ 72.6426671, 23.0650523 ] } },
{ "type": "Feature", "properties": { "name": "Dr. Trivedis Arthroscopy Clinic And Hospital", "latitude": 23.0249533, "longitude": 72.5472508 }, "geometry": { "type": "Point", "coordinates": [ 72.5472508, 23.0249533 ] } },
{ "type": "Feature", "properties": { "name": "Spandan Hospital, Ahmedabad", "latitude": 23.0034513, "longitude": 72.5189187 }, "geometry": { "type": "Point", "coordinates": [ 72.5189187, 23.0034513 ] } },
{ "type": "Feature", "properties": { "name": "Kuvar Ba General Hospital", "latitude": 23.0114874, "longitude": 72.6491044 }, "geometry": { "type": "Point", "coordinates": [ 72.6491044, 23.0114874 ] } },
{ "type": "Feature", "properties": { "name": "Vinayak Children Hospital-Ahmedabad", "latitude": 23.0804356, "longitude": 72.5679736 }, "geometry": { "type": "Point", "coordinates": [ 72.5679736, 23.0804356 ] } },
{ "type": "Feature", "properties": { "name": "Rachana Hospital", "latitude": 23.0489292, "longitude": 72.6016849 }, "geometry": { "type": "Point", "coordinates": [ 72.6016849, 23.0489292 ] } },
{ "type": "Feature", "properties": { "name": "Kalrav Maternity Hospital and Sonography Centre", "latitude": 23.0405269, "longitude": 72.6583895 }, "geometry": { "type": "Point", "coordinates": [ 72.6583895, 23.0405269 ] } },
{ "type": "Feature", "properties": { "name": "Aashirwad Surgical Hospital and Nursing Home", "latitude": 23.0839074, "longitude": 72.5911881 }, "geometry": { "type": "Point", "coordinates": [ 72.5911881, 23.0839074 ] } },
{ "type": "Feature", "properties": { "name": "Dr. Sejal Desai Eye Hospital", "latitude": 23.0016292, "longitude": 72.5479455 }, "geometry": { "type": "Point", "coordinates": [ 72.5479455, 23.0016292 ] } },
{ "type": "Feature", "properties": { "name": "Vishwa Ent Hospital", "latitude": 23.0220336, "longitude": 72.5253251 }, "geometry": { "type": "Point", "coordinates": [ 72.5253251, 23.0220336 ] } },
{ "type": "Feature", "properties": { "name": "Navkar Plastic Surgery Hospital", "latitude": 23.014419, "longitude": 72.5629203 }, "geometry": { "type": "Point", "coordinates": [ 72.5629203, 23.014419 ] } },
{ "type": "Feature", "properties": { "name": "Shukan Maternity Home", "latitude": 22.996806, "longitude": 72.6562531 }, "geometry": { "type": "Point", "coordinates": [ 72.6562531, 22.996806 ] } },
{ "type": "Feature", "properties": { "name": "Rajni Women's Hospital and Research Centre", "latitude": 22.9914333, "longitude": 72.6338285 }, "geometry": { "type": "Point", "coordinates": [ 72.6338285, 22.9914333 ] } },
{ "type": "Feature", "properties": { "name": "Gujrat Child Care Hospital", "latitude": 23.0136587, "longitude": 72.5303878 }, "geometry": { "type": "Point", "coordinates": [ 72.5303878, 23.0136587 ] } },
{ "type": "Feature", "properties": { "name": "Jain Hospital and Icu, Jivraj Park", "latitude": 23.0058276, "longitude": 72.5329319 }, "geometry": { "type": "Point", "coordinates": [ 72.5329319, 23.0058276 ] } },
{ "type": "Feature", "properties": { "name": "Saraiya Plastic Surgery And Burns Hospital", "latitude": 23.0152707, "longitude": 72.5638269 }, "geometry": { "type": "Point", "coordinates": [ 72.5638269, 23.0152707 ] } },
{ "type": "Feature", "properties": { "name": "Sushrut Hospital, Ahmedabad", "latitude": 23.0090414, "longitude": 72.5622276 }, "geometry": { "type": "Point", "coordinates": [ 72.5622276, 23.0090414 ] } },
{ "type": "Feature", "properties": { "name": "Rushil Cancer And Endocrine Care", "latitude": 23.0213053, "longitude": 72.5435185 }, "geometry": { "type": "Point", "coordinates": [ 72.5435185, 23.0213053 ] } },
{ "type": "Feature", "properties": { "name": "Shyam Urological Hospital", "latitude": 23.0193453, "longitude": 72.5572944 }, "geometry": { "type": "Point", "coordinates": [ 72.5572944, 23.0193453 ] } },
{ "type": "Feature", "properties": { "name": "Smt Shobhadevi Ent Hospital", "latitude": 23.064969, "longitude": 72.6426845 }, "geometry": { "type": "Point", "coordinates": [ 72.6426845, 23.064969 ] } },
{ "type": "Feature", "properties": { "name": "Gujarat Institute Of Psnchological Sciences Hospit", "latitude": 23.0185504, "longitude": 72.5362779 }, "geometry": { "type": "Point", "coordinates": [ 72.5362779, 23.0185504 ] } },
{ "type": "Feature", "properties": { "name": "Abhisek Maternity and Nursing Home", "latitude": 23.0157929, "longitude": 72.5243381 }, "geometry": { "type": "Point", "coordinates": [ 72.5243381, 23.0157929 ] } },
{ "type": "Feature", "properties": { "name": "Nishant E N T Hospital", "latitude": 23.0168791, "longitude": 72.5667813 }, "geometry": { "type": "Point", "coordinates": [ 72.5667813, 23.0168791 ] } },
{ "type": "Feature", "properties": { "name": "Siddhivinayak Hospital, Ahmedabad", "latitude": 23.0175456, "longitude": 72.5576954 }, "geometry": { "type": "Point", "coordinates": [ 72.5576954, 23.0175456 ] } },
{ "type": "Feature", "properties": { "name": "Sitababa Hospital", "latitude": 23.0626813, "longitude": 72.5377853 }, "geometry": { "type": "Point", "coordinates": [ 72.5377853, 23.0626813 ] } },
{ "type": "Feature", "properties": { "name": "Smruti Hospital", "latitude": 23.0054634, "longitude": 72.5904116 }, "geometry": { "type": "Point", "coordinates": [ 72.5904116, 23.0054634 ] } },
{ "type": "Feature", "properties": { "name": "Raj Maternity Home", "latitude": 22.979024, "longitude": 72.6105885 }, "geometry": { "type": "Point", "coordinates": [ 72.6105885, 22.979024 ] } },
{ "type": "Feature", "properties": { "name": "The Gujarat Research and Medical Institute ( Rajasthan Hospital)", "latitude": 23.0552899, "longitude": 72.5969093 }, "geometry": { "type": "Point", "coordinates": [ 72.5969093, 23.0552899 ] } },
{ "type": "Feature", "properties": { "name": "Clear Vision Eye Hospital( Unit 1)", "latitude": 23.0030081, "longitude": 72.5551459 }, "geometry": { "type": "Point", "coordinates": [ 72.5551459, 23.0030081 ] } },
{ "type": "Feature", "properties": { "name": "Sannidhya Hospital", "latitude": 23.0166336, "longitude": 72.469625 }, "geometry": { "type": "Point", "coordinates": [ 72.469625, 23.0166336 ] } },
{ "type": "Feature", "properties": { "name": "Dr J J Vora Memorial General Hospital", "latitude": 23.040701, "longitude": 72.5689566 }, "geometry": { "type": "Point", "coordinates": [ 72.5689566, 23.040701 ] } },
{ "type": "Feature", "properties": { "name": "Siddhi Vinayak Hospital, Ahmedabad", "latitude": 23.0041352, "longitude": 72.6064526 }, "geometry": { "type": "Point", "coordinates": [ 72.6064526, 23.0041352 ] } },
{ "type": "Feature", "properties": { "name": "Aastha Eye Care Centre", "latitude": 23.0696614, "longitude": 72.5428694 }, "geometry": { "type": "Point", "coordinates": [ 72.5428694, 23.0696614 ] } },
{ "type": "Feature", "properties": { "name": "Raghukul Ortho Hospital", "latitude": 23.0395927, "longitude": 72.635415 }, "geometry": { "type": "Point", "coordinates": [ 72.635415, 23.0395927 ] } },
{ "type": "Feature", "properties": { "name": "Rajput Eye Hospital", "latitude": 23.0129625, "longitude": 72.6388724 }, "geometry": { "type": "Point", "coordinates": [ 72.6388724, 23.0129625 ] } },
{ "type": "Feature", "properties": { "name": "Het Childcare Hospital", "latitude": 23.0028217, "longitude": 72.6183441 }, "geometry": { "type": "Point", "coordinates": [ 72.6183441, 23.0028217 ] } },
{ "type": "Feature", "properties": { "name": "Madhuram Surgical Hospital", "latitude": 23.0328727, "longitude": 72.6284051 }, "geometry": { "type": "Point", "coordinates": [ 72.6284051, 23.0328727 ] } },
{ "type": "Feature", "properties": { "name": "Dhwani General Hospital Nursing Home and Maternity Home", "latitude": 23.0147326, "longitude": 72.6449161 }, "geometry": { "type": "Point", "coordinates": [ 72.6449161, 23.0147326 ] } },
{ "type": "Feature", "properties": { "name": "Shreyas Orthopedic Hospital, Ahmedabad", "latitude": 23.1154284, "longitude": 72.5822818 }, "geometry": { "type": "Point", "coordinates": [ 72.5822818, 23.1154284 ] } },
{ "type": "Feature", "properties": { "name": "Sanjeevani Fracture andAccident Hospital", "latitude": 23.0487456, "longitude": 72.6062142 }, "geometry": { "type": "Point", "coordinates": [ 72.6062142, 23.0487456 ] } },
{ "type": "Feature", "properties": { "name": "Gujarat Research And Medical Institute Hospital", "latitude": 23.0869528, "longitude": 72.628334 }, "geometry": { "type": "Point", "coordinates": [ 72.628334, 23.0869528 ] } },
{ "type": "Feature", "properties": { "name": "Chirayu Surgical Hospital", "latitude": 23.0633896, "longitude": 72.6412113 }, "geometry": { "type": "Point", "coordinates": [ 72.6412113, 23.0633896 ] } },
{ "type": "Feature", "properties": { "name": "Netralaya-The Eye Associates", "latitude": 23.0193008, "longitude": 72.5572461 }, "geometry": { "type": "Point", "coordinates": [ 72.5572461, 23.0193008 ] } },
{ "type": "Feature", "properties": { "name": "Gayatri Childrens Hospital", "latitude": 23.0671591, "longitude": 72.5629981 }, "geometry": { "type": "Point", "coordinates": [ 72.5629981, 23.0671591 ] } },
{ "type": "Feature", "properties": { "name": "Neha Children Hospitals and Neonatal Centre", "latitude": 23.0031649, "longitude": 72.5952208 }, "geometry": { "type": "Point", "coordinates": [ 72.5952208, 23.0031649 ] } },
{ "type": "Feature", "properties": { "name": "Kavit Urosurgical Hospital", "latitude": 23.0396353, "longitude": 72.5659411 }, "geometry": { "type": "Point", "coordinates": [ 72.5659411, 23.0396353 ] } },
{ "type": "Feature", "properties": { "name": "Auroma Ent Hospital", "latitude": 23.0598028, "longitude": 72.5357951 }, "geometry": { "type": "Point", "coordinates": [ 72.5357951, 23.0598028 ] } },
{ "type": "Feature", "properties": { "name": "Sahyog General Hospital and Nursing Home", "latitude": 22.9870335, "longitude": 72.4732058 }, "geometry": { "type": "Point", "coordinates": [ 72.4732058, 22.9870335 ] } },
{ "type": "Feature", "properties": { "name": "Jayshri Medical Hospital", "latitude": 23.0048808, "longitude": 72.6367199 }, "geometry": { "type": "Point", "coordinates": [ 72.6367199, 23.0048808 ] } },
{ "type": "Feature", "properties": { "name": "Radha Krishna Hospital", "latitude": 23.0489175, "longitude": 72.6041847 }, "geometry": { "type": "Point", "coordinates": [ 72.6041847, 23.0489175 ] } },
{ "type": "Feature", "properties": { "name": "Bhadra Clinic Hospital", "latitude": 23.0473058, "longitude": 72.5586636 }, "geometry": { "type": "Point", "coordinates": [ 72.5586636, 23.0473058 ] } },
{ "type": "Feature", "properties": { "name": "V and M Orthopaedic Centre", "latitude": 22.9970288, "longitude": 72.6068388 }, "geometry": { "type": "Point", "coordinates": [ 72.6068388, 22.9970288 ] } },
{ "type": "Feature", "properties": { "name": "Anand Eye Hospital,(Dr. Rohit Desai)", "latitude": 23.0519251, "longitude": 72.560481 }, "geometry": { "type": "Point", "coordinates": [ 72.560481, 23.0519251 ] } },
{ "type": "Feature", "properties": { "name": "Smt.NHL Municipal Medical College Hospital", "latitude": 23.0187158, "longitude": 72.5714269 }, "geometry": { "type": "Point", "coordinates": [ 72.5714269, 23.0187158 ] } },
{ "type": "Feature", "properties": { "name": "Killol Children Hospital", "latitude": 23.0520284, "longitude": 72.5641722 }, "geometry": { "type": "Point", "coordinates": [ 72.5641722, 23.0520284 ] } },
{ "type": "Feature", "properties": { "name": "Gujrat Diagnostic Center and Pathology Laboratory", "latitude": 23.016489, "longitude": 72.5665225 }, "geometry": { "type": "Point", "coordinates": [ 72.5665225, 23.016489 ] } },
{ "type": "Feature", "properties": { "name": "Giriraj Orthopaedic Hospital", "latitude": 23.0094926, "longitude": 72.5988793 }, "geometry": { "type": "Point", "coordinates": [ 72.5988793, 23.0094926 ] } },
{ "type": "Feature", "properties": { "name": "BSNL Exchange", "latitude": 22.9998935, "longitude": 72.5468244 }, "geometry": { "type": "Point", "coordinates": [ 72.5468244, 22.9998935 ] } },
{ "type": "Feature", "properties": { "name": "Amdawad Eye Laser Hospitals Pvt Ltd", "latitude": 23.027216, "longitude": 72.5454128 }, "geometry": { "type": "Point", "coordinates": [ 72.5454128, 23.027216 ] } },
{ "type": "Feature", "properties": { "name": "Amena Khatun General Hospital", "latitude": 22.9928112, "longitude": 72.5191879 }, "geometry": { "type": "Point", "coordinates": [ 72.5191879, 22.9928112 ] } },
{ "type": "Feature", "properties": { "name": "Shree Umiya Multi Speciality Hospital", "latitude": 23.019646, "longitude": 72.593685 }, "geometry": { "type": "Point", "coordinates": [ 72.593685, 23.019646 ] } },
{ "type": "Feature", "properties": { "name": "Vahedi Hospital", "latitude": 22.999361, "longitude": 72.585958 }, "geometry": { "type": "Point", "coordinates": [ 72.585958, 22.999361 ] } },
{ "type": "Feature", "properties": { "name": "Jankalyan Janaseva Hospital", "latitude": 22.9634073, "longitude": 72.5912646 }, "geometry": { "type": "Point", "coordinates": [ 72.5912646, 22.9634073 ] } },
{ "type": "Feature", "properties": { "name": "Shruti ENT Hospital", "latitude": 22.997277, "longitude": 72.609198 }, "geometry": { "type": "Point", "coordinates": [ 72.609198, 22.997277 ] } },
{ "type": "Feature", "properties": { "name": "Child Care Surgical Hospital", "latitude": 22.997459, "longitude": 72.610435 }, "geometry": { "type": "Point", "coordinates": [ 72.610435, 22.997459 ] } },
{ "type": "Feature", "properties": { "name": "Mamta Maternity Home", "latitude": 23.0234972, "longitude": 72.5946245 }, "geometry": { "type": "Point", "coordinates": [ 72.5946245, 23.0234972 ] } },
{ "type": "Feature", "properties": { "name": "LM Referral Hospital", "latitude": 23.018949, "longitude": 72.597401 }, "geometry": { "type": "Point", "coordinates": [ 72.597401, 23.018949 ] } },
{ "type": "Feature", "properties": { "name": "Mysorewala Surgical Hospital", "latitude": 23.0210847, "longitude": 72.5900772 }, "geometry": { "type": "Point", "coordinates": [ 72.5900772, 23.0210847 ] } },
{ "type": "Feature", "properties": { "name": "Avishkar Multi Speciality, ICU and Trauma Centre", "latitude": 22.988104, "longitude": 72.611857 }, "geometry": { "type": "Point", "coordinates": [ 72.611857, 22.988104 ] } },
{ "type": "Feature", "properties": { "name": "Shree Jee Eye and Orthopedic Hospital", "latitude": 23.028639, "longitude": 72.596633 }, "geometry": { "type": "Point", "coordinates": [ 72.596633, 23.028639 ] } },
{ "type": "Feature", "properties": { "name": "Chanchalba Maternity Hospital", "latitude": 22.9995851, "longitude": 72.6003159 }, "geometry": { "type": "Point", "coordinates": [ 72.6003159, 22.9995851 ] } },
{ "type": "Feature", "properties": { "name": "Dr. Ramanlal Hospital", "latitude": 22.998028, "longitude": 72.600585 }, "geometry": { "type": "Point", "coordinates": [ 72.600585, 22.998028 ] } },
{ "type": "Feature", "properties": { "name": "Kilu ENT Hospital", "latitude": 22.9970061, "longitude": 72.6063718 }, "geometry": { "type": "Point", "coordinates": [ 72.6063718, 22.9970061 ] } },
{ "type": "Feature", "properties": { "name": "Bhanu Jit Maternity and Nursing Home", "latitude": 23.005749, "longitude": 72.595118 }, "geometry": { "type": "Point", "coordinates": [ 72.595118, 23.005749 ] } },
{ "type": "Feature", "properties": { "name": "Chhapan Hospital", "latitude": 23.02645, "longitude": 72.591737 }, "geometry": { "type": "Point", "coordinates": [ 72.591737, 23.02645 ] } },
{ "type": "Feature", "properties": { "name": "Shree Shakti General Hospital", "latitude": 22.9666916, "longitude": 72.5893488 }, "geometry": { "type": "Point", "coordinates": [ 72.5893488, 22.9666916 ] } },
{ "type": "Feature", "properties": { "name": "Artificial Eye Surgery", "latitude": 23.002052, "longitude": 72.607654 }, "geometry": { "type": "Point", "coordinates": [ 72.607654, 23.002052 ] } },
{ "type": "Feature", "properties": { "name": "Pinakin Dalal Hospital", "latitude": 23.029419, "longitude": 72.5933157 }, "geometry": { "type": "Point", "coordinates": [ 72.5933157, 23.029419 ] } },
{ "type": "Feature", "properties": { "name": "Maryam Hospital", "latitude": 22.981501, "longitude": 72.588856 }, "geometry": { "type": "Point", "coordinates": [ 72.588856, 22.981501 ] } },
{ "type": "Feature", "properties": { "name": "Gurunanak Hospital", "latitude": 22.984428, "longitude": 72.616878 }, "geometry": { "type": "Point", "coordinates": [ 72.616878, 22.984428 ] } },
{ "type": "Feature", "properties": { "name": "Hazrat Amina BIbi Hospital", "latitude": 22.9947749, "longitude": 72.5884667 }, "geometry": { "type": "Point", "coordinates": [ 72.5884667, 22.9947749 ] } },
{ "type": "Feature", "properties": { "name": "Sambhav General Hospital", "latitude": 23.006527, "longitude": 72.583296 }, "geometry": { "type": "Point", "coordinates": [ 72.583296, 23.006527 ] } },
{ "type": "Feature", "properties": { "name": "Kushi Women Hospital", "latitude": 23.000266, "longitude": 72.608195 }, "geometry": { "type": "Point", "coordinates": [ 72.608195, 23.000266 ] } },
{ "type": "Feature", "properties": { "name": "Mithakhali Stavya Hospital", "latitude": 22.9969506, "longitude": 72.601663 }, "geometry": { "type": "Point", "coordinates": [ 72.601663, 22.9969506 ] } },
{ "type": "Feature", "properties": { "name": "Narol ICU and Multi Speciality Hospital", "latitude": 22.9646691, "longitude": 72.5903719 }, "geometry": { "type": "Point", "coordinates": [ 72.5903719, 22.9646691 ] } },
{ "type": "Feature", "properties": { "name": "Jatan Children Hospital", "latitude": 23.019026, "longitude": 72.593349 }, "geometry": { "type": "Point", "coordinates": [ 72.593349, 23.019026 ] } },
{ "type": "Feature", "properties": { "name": "Little Flower Neonatal and Pediatric Super Speciality Hospital", "latitude": 22.993645, "longitude": 72.607322 }, "geometry": { "type": "Point", "coordinates": [ 72.607322, 22.993645 ] } },
{ "type": "Feature", "properties": { "name": "Parikh Orthopedic Hospital", "latitude": 22.996403, "longitude": 72.608657 }, "geometry": { "type": "Point", "coordinates": [ 72.608657, 22.996403 ] } },
{ "type": "Feature", "properties": { "name": "Divya Children's Hospital", "latitude": 23.023421, "longitude": 72.597732 }, "geometry": { "type": "Point", "coordinates": [ 72.597732, 23.023421 ] } },
{ "type": "Feature", "properties": { "name": "Chinubhai Baronet Hospital", "latitude": 23.024842, "longitude": 72.598982 }, "geometry": { "type": "Point", "coordinates": [ 72.598982, 23.024842 ] } },
{ "type": "Feature", "properties": { "name": "Navdeep Hospital", "latitude": 23.003436, "longitude": 72.596416 }, "geometry": { "type": "Point", "coordinates": [ 72.596416, 23.003436 ] } },
{ "type": "Feature", "properties": { "name": "Hindu Muslim Ekta Trust Hospital", "latitude": 23.012988, "longitude": 72.587951 }, "geometry": { "type": "Point", "coordinates": [ 72.587951, 23.012988 ] } },
{ "type": "Feature", "properties": { "name": "Dr. Tanumati Shah Hospital", "latitude": 23.029011, "longitude": 72.592461 }, "geometry": { "type": "Point", "coordinates": [ 72.592461, 23.029011 ] } },
{ "type": "Feature", "properties": { "name": "Munsipal Hospital", "latitude": 23.009168, "longitude": 72.585876 }, "geometry": { "type": "Point", "coordinates": [ 72.585876, 23.009168 ] } },
{ "type": "Feature", "properties": { "name": "Mediclaim Hospital", "latitude": 22.9646606, "longitude": 72.5934357 }, "geometry": { "type": "Point", "coordinates": [ 72.5934357, 22.9646606 ] } },
{ "type": "Feature", "properties": { "name": "Maya Maternity Hospital", "latitude": 22.9949326, "longitude": 72.6075168 }, "geometry": { "type": "Point", "coordinates": [ 72.6075168, 22.9949326 ] } },
{ "type": "Feature", "properties": { "name": "Chhipa Welfare Trust Hospital", "latitude": 23.015985, "longitude": 72.587351 }, "geometry": { "type": "Point", "coordinates": [ 72.587351, 23.015985 ] } },
{ "type": "Feature", "properties": { "name": "TB Hospital", "latitude": 23.0151021, "longitude": 72.5908296 }, "geometry": { "type": "Point", "coordinates": [ 72.5908296, 23.0151021 ] } },
{ "type": "Feature", "properties": { "name": "Jay Orthopedic Hospital", "latitude": 23.02691, "longitude": 72.587214 }, "geometry": { "type": "Point", "coordinates": [ 72.587214, 23.02691 ] } },
{ "type": "Feature", "properties": { "name": "Sharda Surgical Hospital", "latitude": 22.997027, "longitude": 72.609335 }, "geometry": { "type": "Point", "coordinates": [ 72.609335, 22.997027 ] } },
{ "type": "Feature", "properties": { "name": "Sheth Jamnabhai Bhagubhai Trust", "latitude": 23.0259793, "longitude": 72.5919014 }, "geometry": { "type": "Point", "coordinates": [ 72.5919014, 23.0259793 ] } },
{ "type": "Feature", "properties": { "name": "Shivam Children Hospital and Pediatric Critical Care Centre", "latitude": 23.0003225, "longitude": 72.6037424 }, "geometry": { "type": "Point", "coordinates": [ 72.6037424, 23.0003225 ] } },
{ "type": "Feature", "properties": { "name": "Parijat Children Hospital", "latitude": 23.0293947, "longitude": 72.5905625 }, "geometry": { "type": "Point", "coordinates": [ 72.5905625, 23.0293947 ] } },
{ "type": "Feature", "properties": { "name": "Aaditya Spine Hospital", "latitude": 23.0058864, "longitude": 72.5917151 }, "geometry": { "type": "Point", "coordinates": [ 72.5917151, 23.0058864 ] } },
{ "type": "Feature", "properties": { "name": "Safal Children Hospital", "latitude": 23.0012666, "longitude": 72.5877721 }, "geometry": { "type": "Point", "coordinates": [ 72.5877721, 23.0012666 ] } },
{ "type": "Feature", "properties": { "name": "Janani Women and Children Hospital", "latitude": 22.9644685, "longitude": 72.590532 }, "geometry": { "type": "Point", "coordinates": [ 72.590532, 22.9644685 ] } },
{ "type": "Feature", "properties": { "name": "Devam Hospital", "latitude": 23.000081, "longitude": 72.608487 }, "geometry": { "type": "Point", "coordinates": [ 72.608487, 23.000081 ] } },
{ "type": "Feature", "properties": { "name": "Matru Chhaya Hospital", "latitude": 22.954141, "longitude": 72.612253 }, "geometry": { "type": "Point", "coordinates": [ 72.612253, 22.954141 ] } },
{ "type": "Feature", "properties": { "name": "Remedy Hospital", "latitude": 22.983088, "longitude": 72.600519 }, "geometry": { "type": "Point", "coordinates": [ 72.600519, 22.983088 ] } },
{ "type": "Feature", "properties": { "name": "Sparsh Multi Speciality Hospital", "latitude": 22.966305, "longitude": 72.624931 }, "geometry": { "type": "Point", "coordinates": [ 72.624931, 22.966305 ] } },
{ "type": "Feature", "properties": { "name": "Dirgayu Orthopedic Hospital", "latitude": 22.9768837, "longitude": 72.6010063 }, "geometry": { "type": "Point", "coordinates": [ 72.6010063, 22.9768837 ] } },
{ "type": "Feature", "properties": { "name": "Suman Hospital", "latitude": 22.981475, "longitude": 72.611161 }, "geometry": { "type": "Point", "coordinates": [ 72.611161, 22.981475 ] } },
{ "type": "Feature", "properties": { "name": "Kashiba General Hospital", "latitude": 22.953285, "longitude": 72.615888 }, "geometry": { "type": "Point", "coordinates": [ 72.615888, 22.953285 ] } },
{ "type": "Feature", "properties": { "name": "Vimala Hospital", "latitude": 22.967894, "longitude": 72.617867 }, "geometry": { "type": "Point", "coordinates": [ 72.617867, 22.967894 ] } },
{ "type": "Feature", "properties": { "name": "Doctor Bhatt's Hospital", "latitude": 22.971831, "longitude": 72.604727 }, "geometry": { "type": "Point", "coordinates": [ 72.604727, 22.971831 ] } },
{ "type": "Feature", "properties": { "name": "Medicure Hospital", "latitude": 22.9704828, "longitude": 72.5931204 }, "geometry": { "type": "Point", "coordinates": [ 72.5931204, 22.9704828 ] } },
{ "type": "Feature", "properties": { "name": "Ratan Hospital", "latitude": 22.977063, "longitude": 72.592925 }, "geometry": { "type": "Point", "coordinates": [ 72.592925, 22.977063 ] } },
{ "type": "Feature", "properties": { "name": "Smruti Multi Speciality Hospital", "latitude": 22.974308, "longitude": 72.611594 }, "geometry": { "type": "Point", "coordinates": [ 72.611594, 22.974308 ] } },
{ "type": "Feature", "properties": { "name": "Harsh Hospital", "latitude": 22.9515073, "longitude": 72.6244409 }, "geometry": { "type": "Point", "coordinates": [ 72.6244409, 22.9515073 ] } },
{ "type": "Feature", "properties": { "name": "Shakur Children Hospital", "latitude": 22.979498, "longitude": 72.5983418 }, "geometry": { "type": "Point", "coordinates": [ 72.5983418, 22.979498 ] } },
{ "type": "Feature", "properties": { "name": "Abhinav Hospital", "latitude": 22.9664477, "longitude": 72.6159949 }, "geometry": { "type": "Point", "coordinates": [ 72.6159949, 22.9664477 ] } },
{ "type": "Feature", "properties": { "name": "Lambha Skin Hospital", "latitude": 22.9339127, "longitude": 72.5760578 }, "geometry": { "type": "Point", "coordinates": [ 72.5760578, 22.9339127 ] } },
{ "type": "Feature", "properties": { "name": "Chiranjeevi Hospital", "latitude": 22.975087, "longitude": 72.601692 }, "geometry": { "type": "Point", "coordinates": [ 72.601692, 22.975087 ] } },
{ "type": "Feature", "properties": { "name": "Ashirvad Hospital", "latitude": 22.979475, "longitude": 72.601175 }, "geometry": { "type": "Point", "coordinates": [ 72.601175, 22.979475 ] } },
{ "type": "Feature", "properties": { "name": "Roshan General Hospital", "latitude": 22.963029, "longitude": 72.61044 }, "geometry": { "type": "Point", "coordinates": [ 72.61044, 22.963029 ] } },
{ "type": "Feature", "properties": { "name": "Jyoti Eye Care Hospital", "latitude": 22.9831626, "longitude": 72.6028164 }, "geometry": { "type": "Point", "coordinates": [ 72.6028164, 22.9831626 ] } },
{ "type": "Feature", "properties": { "name": "Dr. Pandya's Maternity Nursing Home", "latitude": 22.9857798, "longitude": 72.6024947 }, "geometry": { "type": "Point", "coordinates": [ 72.6024947, 22.9857798 ] } },
{ "type": "Feature", "properties": { "name": "Eye Sight Vision Care Hospital", "latitude": 22.978896, "longitude": 72.610165 }, "geometry": { "type": "Point", "coordinates": [ 72.610165, 22.978896 ] } },
{ "type": "Feature", "properties": { "name": "New Shraddha Hospital", "latitude": 22.9797902, "longitude": 72.5969418 }, "geometry": { "type": "Point", "coordinates": [ 72.5969418, 22.9797902 ] } },
{ "type": "Feature", "properties": { "name": "Vedanth Medical Hospital", "latitude": 22.981784, "longitude": 72.606863 }, "geometry": { "type": "Point", "coordinates": [ 72.606863, 22.981784 ] } },
{ "type": "Feature", "properties": { "name": "Krishna General Hospital", "latitude": 22.93826, "longitude": 72.614834 }, "geometry": { "type": "Point", "coordinates": [ 72.614834, 22.93826 ] } },
{ "type": "Feature", "properties": { "name": "Balaji Speciality Hospital", "latitude": 22.978245, "longitude": 72.611169 }, "geometry": { "type": "Point", "coordinates": [ 72.611169, 22.978245 ] } },
{ "type": "Feature", "properties": { "name": "Pramukh Hospital and Research Centre", "latitude": 22.9382867, "longitude": 72.6149817 }, "geometry": { "type": "Point", "coordinates": [ 72.6149817, 22.9382867 ] } },
{ "type": "Feature", "properties": { "name": "Indira Women's Care and Multi Speciality Hospital", "latitude": 22.948094, "longitude": 72.598012 }, "geometry": { "type": "Point", "coordinates": [ 72.598012, 22.948094 ] } },
{ "type": "Feature", "properties": { "name": "Dirdhau Hospital", "latitude": 22.9820852, "longitude": 72.6032425 }, "geometry": { "type": "Point", "coordinates": [ 72.6032425, 22.9820852 ] } },
{ "type": "Feature", "properties": { "name": "U.N. Mehta Eye Hospital", "latitude": 22.958951, "longitude": 72.618997 }, "geometry": { "type": "Point", "coordinates": [ 72.618997, 22.958951 ] } },
{ "type": "Feature", "properties": { "name": "Dr. K.B. Bhagatariya Hospital", "latitude": 22.972368, "longitude": 72.5872561 }, "geometry": { "type": "Point", "coordinates": [ 72.5872561, 22.972368 ] } },
{ "type": "Feature", "properties": { "name": "Aman Multi Speciality Hospital", "latitude": 22.9605, "longitude": 72.608201 }, "geometry": { "type": "Point", "coordinates": [ 72.608201, 22.9605 ] } },
{ "type": "Feature", "properties": { "name": "Apoorva Women's Hospital", "latitude": 22.9787938, "longitude": 72.6097705 }, "geometry": { "type": "Point", "coordinates": [ 72.6097705, 22.9787938 ] } },
{ "type": "Feature", "properties": { "name": "Shraddha Hospital", "latitude": 22.98027, "longitude": 72.595008 }, "geometry": { "type": "Point", "coordinates": [ 72.595008, 22.98027 ] } },
{ "type": "Feature", "properties": { "name": "Clear Vision Eye Hospital", "latitude": 22.978672, "longitude": 72.608642 }, "geometry": { "type": "Point", "coordinates": [ 72.608642, 22.978672 ] } },
{ "type": "Feature", "properties": { "name": "Akshar Hospital", "latitude": 22.98106, "longitude": 72.610699 }, "geometry": { "type": "Point", "coordinates": [ 72.610699, 22.98106 ] } },
{ "type": "Feature", "properties": { "name": "Shree Nathe Hospital", "latitude": 22.9811997, "longitude": 72.6023636 }, "geometry": { "type": "Point", "coordinates": [ 72.6023636, 22.9811997 ] } },
{ "type": "Feature", "properties": { "name": "Prerana Gynec and Maternity Hospital", "latitude": 22.974803, "longitude": 72.602266 }, "geometry": { "type": "Point", "coordinates": [ 72.602266, 22.974803 ] } },
{ "type": "Feature", "properties": { "name": "Dr. Shah's Maternity and Nursing Home", "latitude": 22.9840852, "longitude": 72.6026036 }, "geometry": { "type": "Point", "coordinates": [ 72.6026036, 22.9840852 ] } },
{ "type": "Feature", "properties": { "name": "Shreeji Children's Hospital", "latitude": 22.981784, "longitude": 72.6029 }, "geometry": { "type": "Point", "coordinates": [ 72.6029, 22.981784 ] } },
{ "type": "Feature", "properties": { "name": "Shraddha Orthopaedic Hospital", "latitude": 22.9810392, "longitude": 72.598519 }, "geometry": { "type": "Point", "coordinates": [ 72.598519, 22.9810392 ] } },
{ "type": "Feature", "properties": { "name": "Safal Hospital", "latitude": 22.957118, "longitude": 72.611815 }, "geometry": { "type": "Point", "coordinates": [ 72.611815, 22.957118 ] } },
{ "type": "Feature", "properties": { "name": "Shraddha Children Hospital", "latitude": 22.9757579, "longitude": 72.6022206 }, "geometry": { "type": "Point", "coordinates": [ 72.6022206, 22.9757579 ] } },
{ "type": "Feature", "properties": { "name": "Aatman Hospital", "latitude": 22.983673, "longitude": 72.6001796 }, "geometry": { "type": "Point", "coordinates": [ 72.6001796, 22.983673 ] } },
{ "type": "Feature", "properties": { "name": "Swami Sadanand Hospital", "latitude": 22.9598509, "longitude": 72.6117361 }, "geometry": { "type": "Point", "coordinates": [ 72.6117361, 22.9598509 ] } },
{ "type": "Feature", "properties": { "name": "Chiranjeev Children Hospital", "latitude": 22.955252, "longitude": 72.612341 }, "geometry": { "type": "Point", "coordinates": [ 72.612341, 22.955252 ] } },
{ "type": "Feature", "properties": { "name": "Anand Children Hospital", "latitude": 22.9769658, "longitude": 72.6009535 }, "geometry": { "type": "Point", "coordinates": [ 72.6009535, 22.9769658 ] } },
{ "type": "Feature", "properties": { "name": "Shri Ji Kripa Prasuti Griha Hospital", "latitude": 22.953387, "longitude": 72.612777 }, "geometry": { "type": "Point", "coordinates": [ 72.612777, 22.953387 ] } },
{ "type": "Feature", "properties": { "name": "Rameshwar Multi Speciality Hospital", "latitude": 23.0582776, "longitude": 72.6222017 }, "geometry": { "type": "Point", "coordinates": [ 72.6222017, 23.0582776 ] } },
{ "type": "Feature", "properties": { "name": "Sevak Maternity & Surgical Hospital", "latitude": 23.096892, "longitude": 72.596062 }, "geometry": { "type": "Point", "coordinates": [ 72.596062, 23.096892 ] } },
{ "type": "Feature", "properties": { "name": "Navjivan Hospital", "latitude": 23.114943, "longitude": 72.581545 }, "geometry": { "type": "Point", "coordinates": [ 72.581545, 23.114943 ] } },
{ "type": "Feature", "properties": { "name": "Munciapl Prasuti Hospital", "latitude": 23.0376047, "longitude": 72.5798849 }, "geometry": { "type": "Point", "coordinates": [ 72.5798849, 23.0376047 ] } },
{ "type": "Feature", "properties": { "name": "Pushp Hospital and Maternity Home", "latitude": 23.114332, "longitude": 72.578769 }, "geometry": { "type": "Point", "coordinates": [ 72.578769, 23.114332 ] } },
{ "type": "Feature", "properties": { "name": "Devarshi Super Speciality Hospital", "latitude": 23.122105, "longitude": 72.582052 }, "geometry": { "type": "Point", "coordinates": [ 72.582052, 23.122105 ] } },
{ "type": "Feature", "properties": { "name": "Adhvait Psychiatry Hospital", "latitude": 23.038118, "longitude": 72.576487 }, "geometry": { "type": "Point", "coordinates": [ 72.576487, 23.038118 ] } },
{ "type": "Feature", "properties": { "name": "Faiz Hospital", "latitude": 22.996289, "longitude": 72.5794455 }, "geometry": { "type": "Point", "coordinates": [ 72.5794455, 22.996289 ] } },
{ "type": "Feature", "properties": { "name": "Shahpur Medical Hospital", "latitude": 23.0360108, "longitude": 72.5781671 }, "geometry": { "type": "Point", "coordinates": [ 72.5781671, 23.0360108 ] } },
{ "type": "Feature", "properties": { "name": "Krishna Maternity and Nursing Home", "latitude": 23.045083, "longitude": 72.5815979 }, "geometry": { "type": "Point", "coordinates": [ 72.5815979, 23.045083 ] } },
{ "type": "Feature", "properties": { "name": "Rajdip Children Hospital", "latitude": 23.08992, "longitude": 72.590307 }, "geometry": { "type": "Point", "coordinates": [ 72.590307, 23.08992 ] } },
{ "type": "Feature", "properties": { "name": "Navodaya Hospital for Neonates and Children", "latitude": 23.1112092, "longitude": 72.5847083 }, "geometry": { "type": "Point", "coordinates": [ 72.5847083, 23.1112092 ] } },
{ "type": "Feature", "properties": { "name": "ESIC Hospital", "latitude": 23.053458, "longitude": 72.589815 }, "geometry": { "type": "Point", "coordinates": [ 72.589815, 23.053458 ] } },
{ "type": "Feature", "properties": { "name": "Chandkheda Orthopedic & Surgical Hospital", "latitude": 23.113705, "longitude": 72.583096 }, "geometry": { "type": "Point", "coordinates": [ 72.583096, 23.113705 ] } },
{ "type": "Feature", "properties": { "name": "Parimal Hospital", "latitude": 23.0958571, "longitude": 72.5958301 }, "geometry": { "type": "Point", "coordinates": [ 72.5958301, 23.0958571 ] } },
{ "type": "Feature", "properties": { "name": "Shivam Surgical and Dental Hospital", "latitude": 23.114583, "longitude": 72.582827 }, "geometry": { "type": "Point", "coordinates": [ 72.582827, 23.114583 ] } },
{ "type": "Feature", "properties": { "name": "Maheshwari Children Hospital", "latitude": 23.0403546, "longitude": 72.5795035 }, "geometry": { "type": "Point", "coordinates": [ 72.5795035, 23.0403546 ] } },
{ "type": "Feature", "properties": { "name": "Sagar Multi Speciality Hospital", "latitude": 23.048956, "longitude": 72.581574 }, "geometry": { "type": "Point", "coordinates": [ 72.581574, 23.048956 ] } },
{ "type": "Feature", "properties": { "name": "Kamal Hospital", "latitude": 23.059688, "longitude": 72.61811 }, "geometry": { "type": "Point", "coordinates": [ 72.61811, 23.059688 ] } },
{ "type": "Feature", "properties": { "name": "Mumtaz Hospital", "latitude": 22.9966232, "longitude": 72.5785891 }, "geometry": { "type": "Point", "coordinates": [ 72.5785891, 22.9966232 ] } },
{ "type": "Feature", "properties": { "name": "Gcs Hospital", "latitude": 23.0465734, "longitude": 72.6082995 }, "geometry": { "type": "Point", "coordinates": [ 72.6082995, 23.0465734 ] } },
{ "type": "Feature", "properties": { "name": "Shreeja Krupa Children Hospital", "latitude": 23.032378, "longitude": 72.5774069 }, "geometry": { "type": "Point", "coordinates": [ 72.5774069, 23.032378 ] } },
{ "type": "Feature", "properties": { "name": "Shraddha Multi Speciality Hospital", "latitude": 23.032023, "longitude": 72.577351 }, "geometry": { "type": "Point", "coordinates": [ 72.577351, 23.032023 ] } },
{ "type": "Feature", "properties": { "name": "Neuron Neuro Surgical Hospital", "latitude": 23.037853, "longitude": 72.576397 }, "geometry": { "type": "Point", "coordinates": [ 72.576397, 23.037853 ] } },
{ "type": "Feature", "properties": { "name": "Military Hospital", "latitude": 23.058909, "longitude": 72.601892 }, "geometry": { "type": "Point", "coordinates": [ 72.601892, 23.058909 ] } },
{ "type": "Feature", "properties": { "name": "Krishna Hospital", "latitude": 23.0402323, "longitude": 72.5777147 }, "geometry": { "type": "Point", "coordinates": [ 72.5777147, 23.0402323 ] } },
{ "type": "Feature", "properties": { "name": "Ansh Multispeciality Hospital", "latitude": 23.114667, "longitude": 72.580661 }, "geometry": { "type": "Point", "coordinates": [ 72.580661, 23.114667 ] } },
{ "type": "Feature", "properties": { "name": "Sonal Maternity Hospital", "latitude": 23.0547951, "longitude": 72.6208766 }, "geometry": { "type": "Point", "coordinates": [ 72.6208766, 23.0547951 ] } },
{ "type": "Feature", "properties": { "name": "Sentara Multispeciality Hospital", "latitude": 23.1125242, "longitude": 72.5834513 }, "geometry": { "type": "Point", "coordinates": [ 72.5834513, 23.1125242 ] } },
{ "type": "Feature", "properties": { "name": "Lokhandwala General Hospital", "latitude": 23.0347002, "longitude": 72.5951832 }, "geometry": { "type": "Point", "coordinates": [ 72.5951832, 23.0347002 ] } },
{ "type": "Feature", "properties": { "name": "Bachardas Lashkari Hospital", "latitude": 23.035637, "longitude": 72.588423 }, "geometry": { "type": "Point", "coordinates": [ 72.588423, 23.035637 ] } },
{ "type": "Feature", "properties": { "name": "Rhythm Heart and Medical Hospital", "latitude": 23.113388, "longitude": 72.583182 }, "geometry": { "type": "Point", "coordinates": [ 72.583182, 23.113388 ] } },
{ "type": "Feature", "properties": { "name": "Lotus Multispeciality Hospital", "latitude": 23.1044464, "longitude": 72.6025578 }, "geometry": { "type": "Point", "coordinates": [ 72.6025578, 23.1044464 ] } },
{ "type": "Feature", "properties": { "name": "Gujarat State Police Welfare Hospital", "latitude": 23.055335, "longitude": 72.590092 }, "geometry": { "type": "Point", "coordinates": [ 72.590092, 23.055335 ] } },
{ "type": "Feature", "properties": { "name": "Ashirwad Maternity and Nursing Home", "latitude": 23.056258, "longitude": 72.620709 }, "geometry": { "type": "Point", "coordinates": [ 72.620709, 23.056258 ] } },
{ "type": "Feature", "properties": { "name": "New Life Hospital", "latitude": 22.995486, "longitude": 72.579059 }, "geometry": { "type": "Point", "coordinates": [ 72.579059, 22.995486 ] } },
{ "type": "Feature", "properties": { "name": "Puneet Maternity Nursing Home", "latitude": 23.051416, "longitude": 72.596142 }, "geometry": { "type": "Point", "coordinates": [ 72.596142, 23.051416 ] } },
{ "type": "Feature", "properties": { "name": "Indus Hospital", "latitude": 23.092043, "longitude": 72.591111 }, "geometry": { "type": "Point", "coordinates": [ 72.591111, 23.092043 ] } },
{ "type": "Feature", "properties": { "name": "Chepirog Hospital", "latitude": 23.001026, "longitude": 72.576899 }, "geometry": { "type": "Point", "coordinates": [ 72.576899, 23.001026 ] } },
{ "type": "Feature", "properties": { "name": "Jain Hospital", "latitude": 23.0521027, "longitude": 72.5953342 }, "geometry": { "type": "Point", "coordinates": [ 72.5953342, 23.0521027 ] } },
{ "type": "Feature", "properties": { "name": "Clear Vision Eye Hospital", "latitude": 23.045993, "longitude": 72.589386 }, "geometry": { "type": "Point", "coordinates": [ 72.589386, 23.045993 ] } },
{ "type": "Feature", "properties": { "name": "Param Multispeciality Hospital", "latitude": 23.1047391, "longitude": 72.5976157 }, "geometry": { "type": "Point", "coordinates": [ 72.5976157, 23.1047391 ] } },
{ "type": "Feature", "properties": { "name": "Shivam Hospital", "latitude": 23.0399922, "longitude": 72.5778602 }, "geometry": { "type": "Point", "coordinates": [ 72.5778602, 23.0399922 ] } },
{ "type": "Feature", "properties": { "name": "Hridaan Hospital & Pharmacy", "latitude": 23.0943467, "longitude": 72.5469031 }, "geometry": { "type": "Point", "coordinates": [ 72.5469031, 23.0943467 ] } },
{ "type": "Feature", "properties": { "name": "Sai Krupa Hospital", "latitude": 23.0188276, "longitude": 72.5134997 }, "geometry": { "type": "Point", "coordinates": [ 72.5134997, 23.0188276 ] } },
{ "type": "Feature", "properties": { "name": "Shreeji ENT and Orthopaedic Hospital", "latitude": 23.0464267, "longitude": 72.5343808 }, "geometry": { "type": "Point", "coordinates": [ 72.5343808, 23.0464267 ] } },
{ "type": "Feature", "properties": { "name": "Life Care Hospital", "latitude": 23.032409, "longitude": 72.459589 }, "geometry": { "type": "Point", "coordinates": [ 72.459589, 23.032409 ] } },
{ "type": "Feature", "properties": { "name": "Tender Touch Children's Hospital", "latitude": 23.0323612, "longitude": 72.5247419 }, "geometry": { "type": "Point", "coordinates": [ 72.5247419, 23.0323612 ] } },
{ "type": "Feature", "properties": { "name": "Shivam Hospital", "latitude": 23.0333202, "longitude": 72.4658969 }, "geometry": { "type": "Point", "coordinates": [ 72.4658969, 23.0333202 ] } },
{ "type": "Feature", "properties": { "name": "Devi Hospital", "latitude": 23.0310152, "longitude": 72.5257914 }, "geometry": { "type": "Point", "coordinates": [ 72.5257914, 23.0310152 ] } },
{ "type": "Feature", "properties": { "name": "Vismay Child Care Hospital", "latitude": 23.019857, "longitude": 72.512076 }, "geometry": { "type": "Point", "coordinates": [ 72.512076, 23.019857 ] } },
{ "type": "Feature", "properties": { "name": "Adarsh Hospital", "latitude": 23.0341111, "longitude": 72.4653431 }, "geometry": { "type": "Point", "coordinates": [ 72.4653431, 23.0341111 ] } },
{ "type": "Feature", "properties": { "name": "Satyam Hospital", "latitude": 23.0940118, "longitude": 72.546777 }, "geometry": { "type": "Point", "coordinates": [ 72.546777, 23.0940118 ] } },
{ "type": "Feature", "properties": { "name": "Brinda Women's Hospital", "latitude": 23.0405865, "longitude": 72.5264512 }, "geometry": { "type": "Point", "coordinates": [ 72.5264512, 23.0405865 ] } },
{ "type": "Feature", "properties": { "name": "Shri Gordhandas Charitable Hospital", "latitude": 23.040905, "longitude": 72.526418 }, "geometry": { "type": "Point", "coordinates": [ 72.526418, 23.040905 ] } },
{ "type": "Feature", "properties": { "name": "Sanjivani Babycare Hospital", "latitude": 23.179368, "longitude": 72.633425 }, "geometry": { "type": "Point", "coordinates": [ 72.633425, 23.179368 ] } },
{ "type": "Feature", "properties": { "name": "Aashka Multispeciality Hospitals", "latitude": 23.1857862, "longitude": 72.6217901 }, "geometry": { "type": "Point", "coordinates": [ 72.6217901, 23.1857862 ] } },
{ "type": "Feature", "properties": { "name": "Life Apollo Hospitals", "latitude": 23.1926044, "longitude": 72.6385544 }, "geometry": { "type": "Point", "coordinates": [ 72.6385544, 23.1926044 ] } },
{ "type": "Feature", "properties": { "name": "Vishwas Kamdhenu Panchgavya Aarogya Hospital", "latitude": 23.1691147, "longitude": 72.6129583 }, "geometry": { "type": "Point", "coordinates": [ 72.6129583, 23.1691147 ] } },
{ "type": "Feature", "properties": { "name": "Vachhani Hospital", "latitude": 23.179407, "longitude": 72.634087 }, "geometry": { "type": "Point", "coordinates": [ 72.634087, 23.179407 ] } },
{ "type": "Feature", "properties": { "name": "Om Prasuti Gruha Hospital", "latitude": 23.1616888, "longitude": 72.5871116 }, "geometry": { "type": "Point", "coordinates": [ 72.5871116, 23.1616888 ] } },
{ "type": "Feature", "properties": { "name": "Aarohi General Hospital", "latitude": 23.1777, "longitude": 72.746797 }, "geometry": { "type": "Point", "coordinates": [ 72.746797, 23.1777 ] } },
{ "type": "Feature", "properties": { "name": "Starling Hospital", "latitude": 23.181426, "longitude": 72.700156 }, "geometry": { "type": "Point", "coordinates": [ 72.700156, 23.181426 ] } },
{ "type": "Feature", "properties": { "name": "Sahyog Hospital", "latitude": 22.9874749, "longitude": 72.4788535 }, "geometry": { "type": "Point", "coordinates": [ 72.4788535, 22.9874749 ] } },
{ "type": "Feature", "properties": { "name": "Navjivan hospital", "latitude": 22.9859705, "longitude": 72.5008661 }, "geometry": { "type": "Point", "coordinates": [ 72.5008661, 22.9859705 ] } },
{ "type": "Feature", "properties": { "name": "Hope Hospital", "latitude": 22.985509, "longitude": 72.493561 }, "geometry": { "type": "Point", "coordinates": [ 72.493561, 22.985509 ] } },
{ "type": "Feature", "properties": { "name": "Mamata Hospital", "latitude": 22.9845108, "longitude": 72.4989295 }, "geometry": { "type": "Point", "coordinates": [ 72.4989295, 22.9845108 ] } },
{ "type": "Feature", "properties": { "name": "SHREY HOSPITAL", "latitude": 22.9835997, "longitude": 72.4984705 }, "geometry": { "type": "Point", "coordinates": [ 72.4984705, 22.9835997 ] } },
{ "type": "Feature", "properties": { "name": "Mamta Hospital", "latitude": 22.9809825, "longitude": 72.501192 }, "geometry": { "type": "Point", "coordinates": [ 72.501192, 22.9809825 ] } },
{ "type": "Feature", "properties": { "name": "Radhe Hospital", "latitude": 23.1817847, "longitude": 72.6280818 }, "geometry": { "type": "Point", "coordinates": [ 72.6280818, 23.1817847 ] } },
{ "type": "Feature", "properties": { "name": "Vimla Hospital", "latitude": 22.9767385, "longitude": 72.6231298 }, "geometry": { "type": "Point", "coordinates": [ 72.6231298, 22.9767385 ] } },
{ "type": "Feature", "properties": { "name": "INDU MEDICARE", "latitude": 23.0451918, "longitude": 72.4675268 }, "geometry": { "type": "Point", "coordinates": [ 72.4675268, 23.0451918 ] } },
{ "type": "Feature", "properties": { "name": "Parijat Children Hospital", "latitude": 23.0294026, "longitude": 72.5905818 }, "geometry": { "type": "Point", "coordinates": [ 72.5905818, 23.0294026 ] } },
{ "type": "Feature", "properties": { "name": "Pinakin Dala Hospital", "latitude": 23.0294443, "longitude": 72.5933151 }, "geometry": { "type": "Point", "coordinates": [ 72.5933151, 23.0294443 ] } },
{ "type": "Feature", "properties": { "name": "muncipal parsuti Hospital", "latitude": 23.0376253, "longitude": 72.5798827 }, "geometry": { "type": "Point", "coordinates": [ 72.5798827, 23.0376253 ] } },
{ "type": "Feature", "properties": { "name": "Shahur Medical Hospital", "latitude": 23.0360259, "longitude": 72.5781781 }, "geometry": { "type": "Point", "coordinates": [ 72.5781781, 23.0360259 ] } },
{ "type": "Feature", "properties": { "name": "Paras Hospital", "latitude": 23.0342097, "longitude": 72.5804374 }, "geometry": { "type": "Point", "coordinates": [ 72.5804374, 23.0342097 ] } },
{ "type": "Feature", "properties": { "name": "Shraddha Multispecialist Hospital", "latitude": 23.0320391, "longitude": 72.577354 }, "geometry": { "type": "Point", "coordinates": [ 72.577354, 23.0320391 ] } },
{ "type": "Feature", "properties": { "name": "Sukhmani hospital", "latitude": 23.036498, "longitude": 72.5696194 }, "geometry": { "type": "Point", "coordinates": [ 72.5696194, 23.036498 ] } },
{ "type": "Feature", "properties": { "name": "Sanjivani Eye Hospital", "latitude": 23.046029, "longitude": 72.5615306 }, "geometry": { "type": "Point", "coordinates": [ 72.5615306, 23.046029 ] } },
{ "type": "Feature", "properties": { "name": "Shreyas Dental Hospital", "latitude": 23.0482467, "longitude": 72.5617682 }, "geometry": { "type": "Point", "coordinates": [ 72.5617682, 23.0482467 ] } },
{ "type": "Feature", "properties": { "name": "Unknown", "latitude": 23.0673766, "longitude": 72.5610257 }, "geometry": { "type": "Point", "coordinates": [ 72.5610257, 23.0673766 ] } },
{ "type": "Feature", "properties": { "name": "GuruKrupa Hospital", "latitude": 23.0604678, "longitude": 72.5352149 }, "geometry": { "type": "Point", "coordinates": [ 72.5352149, 23.0604678 ] } },
{ "type": "Feature", "properties": { "name": "Aneri CHildren Hospital", "latitude": 23.0694667, "longitude": 72.5431127 }, "geometry": { "type": "Point", "coordinates": [ 72.5431127, 23.0694667 ] } },
{ "type": "Feature", "properties": { "name": "Rosemary Womens Hospital", "latitude": 23.0318655, "longitude": 72.5259992 }, "geometry": { "type": "Point", "coordinates": [ 72.5259992, 23.0318655 ] } },
{ "type": "Feature", "properties": { "name": "Akshay Heart and Medical Hospital", "latitude": 23.0311855, "longitude": 72.5271428 }, "geometry": { "type": "Point", "coordinates": [ 72.5271428, 23.0311855 ] } },
{ "type": "Feature", "properties": { "name": "Sangini Hospital", "latitude": 23.0251067, "longitude": 72.5233013 }, "geometry": { "type": "Point", "coordinates": [ 72.5233013, 23.0251067 ] } },
{ "type": "Feature", "properties": { "name": "Rathi Hospital", "latitude": 23.0228555, "longitude": 72.5261005 }, "geometry": { "type": "Point", "coordinates": [ 72.5261005, 23.0228555 ] } },
{ "type": "Feature", "properties": { "name": "Jyoti Maternity Hospital", "latitude": 23.02222, "longitude": 72.538511 }, "geometry": { "type": "Point", "coordinates": [ 72.538511, 23.02222 ] } },
{ "type": "Feature", "properties": { "name": "Vatsalya Gynec Hospital", "latitude": 23.0067417, "longitude": 72.5325801 }, "geometry": { "type": "Point", "coordinates": [ 72.5325801, 23.0067417 ] } },
{ "type": "Feature", "properties": { "name": "Jivraj Mehta Hospital", "latitude": 23.0086307, "longitude": 72.5432561 }, "geometry": { "type": "Point", "coordinates": [ 72.5432561, 23.0086307 ] } },
{ "type": "Feature", "properties": { "name": "Shree Harikrupa Hospital", "latitude": 23.0201123, "longitude": 72.5615615 }, "geometry": { "type": "Point", "coordinates": [ 72.5615615, 23.0201123 ] } },
{ "type": "Feature", "properties": { "name": "Kalptaru Hospital", "latitude": 23.0493049, "longitude": 72.5944694 }, "geometry": { "type": "Point", "coordinates": [ 72.5944694, 23.0493049 ] } },
{ "type": "Feature", "properties": { "name": "Kidney Hospital", "latitude": 23.04949, "longitude": 72.6074913 }, "geometry": { "type": "Point", "coordinates": [ 72.6074913, 23.04949 ] } },
{ "type": "Feature", "properties": { "name": "Civil Hospital", "latitude": 23.0522972, "longitude": 72.6043839 }, "geometry": { "type": "Point", "coordinates": [ 72.6043839, 23.0522972 ] } },
{ "type": "Feature", "properties": { "name": "Military Hospital", "latitude": 23.0590415, "longitude": 72.601975 }, "geometry": { "type": "Point", "coordinates": [ 72.601975, 23.0590415 ] } },
{ "type": "Feature", "properties": { "name": "GCS Hospital", "latitude": 23.0465729, "longitude": 72.6082954 }, "geometry": { "type": "Point", "coordinates": [ 72.6082954, 23.0465729 ] } },
{ "type": "Feature", "properties": { "name": "Ayushman Medical Hospital", "latitude": 23.0237298, "longitude": 72.6391848 }, "geometry": { "type": "Point", "coordinates": [ 72.6391848, 23.0237298 ] } },
{ "type": "Feature", "properties": { "name": "Shivam Surgical Hospital", "latitude": 23.0729799, "longitude": 72.6528746 }, "geometry": { "type": "Point", "coordinates": [ 72.6528746, 23.0729799 ] } },
{ "type": "Feature", "properties": { "name": "Aneri CHildren Hospital", "latitude": 23.0694304, "longitude": 72.5431262 }, "geometry": { "type": "Point", "coordinates": [ 72.5431262, 23.0694304 ] } },
{ "type": "Feature", "properties": { "name": "Cornea Foundation Hospital", "latitude": 23.0461549, "longitude": 72.536403 }, "geometry": { "type": "Point", "coordinates": [ 72.536403, 23.0461549 ] } },
{ "type": "Feature", "properties": { "name": "KD Blossom", "latitude": 23.1354749, "longitude": 72.5415625 }, "geometry": { "type": "Point", "coordinates": [ 72.5415625, 23.1354749 ] } },
{ "type": "Feature", "properties": { "name": "Diva Women's Hospital", "latitude": 23.0492471, "longitude": 72.5219853 }, "geometry": { "type": "Point", "coordinates": [ 72.5219853, 23.0492471 ] } },
{ "type": "Feature", "properties": { "name": "ADORN Cosmetic Clinic", "latitude": 23.0255598, "longitude": 72.527325 }, "geometry": { "type": "Point", "coordinates": [ 72.527325, 23.0255598 ] } },
{ "type": "Feature", "properties": { "name": "ADORN AESTHETIC CLINIC", "latitude": 23.0226039, "longitude": 72.5509537 }, "geometry": { "type": "Point", "coordinates": [ 72.5509537, 23.0226039 ] } },
{ "type": "Feature", "properties": { "name": "TEJASYA ORTHOPAEDIC HOSPITAL - DR RAVI PATEL orthopaedic surgeon", "latitude": 23.0497137, "longitude": 72.6701157 }, "geometry": { "type": "Point", "coordinates": [ 72.6701157, 23.0497137 ] } },
{ "type": "Feature", "properties": { "name": "charvi Hospital", "latitude": 22.9941963, "longitude": 72.6715286 }, "geometry": { "type": "Point", "coordinates": [ 72.6715286, 22.9941963 ] } },
{ "type": "Feature", "properties": { "name": "Sheath hospital", "latitude": 23.00188, "longitude": 72.55442 }, "geometry": { "type": "Point", "coordinates": [ 72.55442, 23.00188 ] } },
{ "type": "Feature", "properties": { "name": "AyurChikitsa -Nidan & Panchakarma clinic", "latitude": 23.0699401, "longitude": 72.5600824 }, "geometry": { "type": "Point", "coordinates": [ 72.5600824, 23.0699401 ] } },
{ "type": "Feature", "properties": { "name": "Shalby Hospital", "latitude": 23.0190188, "longitude": 72.5066273 }, "geometry": { "type": "Point", "coordinates": [ 72.5066273, 23.0190188 ] } },
{ "type": "Feature", "properties": { "name": "Sanjivani Super Speciality Hospital", "latitude": 23.0402192, "longitude": 72.5282011 }, "geometry": { "type": "Point", "coordinates": [ 72.5282011, 23.0402192 ] } },
{ "type": "Feature", "properties": { "name": "Columbia Asia Hospital", "latitude": 23.058054, "longitude": 72.5124183 }, "geometry": { "type": "Point", "coordinates": [ 72.5124183, 23.058054 ] } },
{ "type": "Feature", "properties": { "name": "Jivraj Mehta Hospital", "latitude": 23.0082838, "longitude": 72.5434118 }, "geometry": { "type": "Point", "coordinates": [ 72.5434118, 23.0082838 ] } },
{ "type": "Feature", "properties": { "name": "Narayana Hrudayalaya Hospital", "latitude": 23.0226405, "longitude": 72.6235578 }, "geometry": { "type": "Point", "coordinates": [ 72.6235578, 23.0226405 ] } },
{ "type": "Feature", "properties": { "name": "Lallubhai Gordhanbhai Municipal General Hospital", "latitude": 22.999395, "longitude": 72.6046599 }, "geometry": { "type": "Point", "coordinates": [ 72.6046599, 22.999395 ] } },
{ "type": "Feature", "properties": { "name": "Victoria Jubilee Hospital", "latitude": 23.0251531, "longitude": 72.5993168 }, "geometry": { "type": "Point", "coordinates": [ 72.5993168, 23.0251531 ] } },
{ "type": "Feature", "properties": { "name": "Unknown", "latitude": 23.0199361, "longitude": 72.5708082 }, "geometry": { "type": "Point", "coordinates": [ 72.5708082, 23.0199361 ] } },
{ "type": "Feature", "properties": { "name": "Unknown", "latitude": 23.0363363, "longitude": 72.5278004 }, "geometry": { "type": "Point", "coordinates": [ 72.5278004, 23.0363363 ] } },
{ "type": "Feature", "properties": { "name": "Sal Hospital and Medical Institute", "latitude": 23.0494559, "longitude": 72.5243964 }, "geometry": { "type": "Point", "coordinates": [ 72.5243964, 23.0494559 ] } },
{ "type": "Feature", "properties": { "name": "Zydus Hospitals", "latitude": 23.0584983, "longitude": 72.5174392 }, "geometry": { "type": "Point", "coordinates": [ 72.5174392, 23.0584983 ] } },
{ "type": "Feature", "properties": { "name": "Unknown", "latitude": 23.1220767, "longitude": 72.5820082 }, "geometry": { "type": "Point", "coordinates": [ 72.5820082, 23.1220767 ] } },
{ "type": "Feature", "properties": { "name": "Infocus Diagnostics", "latitude": 23.0393964, "longitude": 72.5626804 }, "geometry": { "type": "Point", "coordinates": [ 72.5626804, 23.0393964 ] } },
{ "type": "Feature", "properties": { "name": "Deep Urosurgical Hospital", "latitude": 23.0400468, "longitude": 72.5626464 }, "geometry": { "type": "Point", "coordinates": [ 72.5626464, 23.0400468 ] } },
{ "type": "Feature", "properties": { "name": "Nidhi Hospital, Ahmedabad", "latitude": 23.0400912, "longitude": 72.5613966 }, "geometry": { "type": "Point", "coordinates": [ 72.5613966, 23.0400912 ] } },
{ "type": "Feature", "properties": { "name": "Unknown", "latitude": 23.0402573, "longitude": 72.5613824 }, "geometry": { "type": "Point", "coordinates": [ 72.5613824, 23.0402573 ] } },
{ "type": "Feature", "properties": { "name": "SMS Multi-Speciality Hospital", "latitude": 23.1170397, "longitude": 72.6078239 }, "geometry": { "type": "Point", "coordinates": [ 72.6078239, 23.1170397 ] } },
{ "type": "Feature", "properties": { "name": "Apollo Hospitals International Limited", "latitude": 23.1099846, "longitude": 72.6261456 }, "geometry": { "type": "Point", "coordinates": [ 72.6261456, 23.1099846 ] } },
{ "type": "Feature", "properties": { "name": "Government Hospital Ghodasar", "latitude": 22.9913194, "longitude": 72.6164016 }, "geometry": { "type": "Point", "coordinates": [ 72.6164016, 22.9913194 ] } },
{ "type": "Feature", "properties": { "name": "SMVS Hospital", "latitude": 23.1774456, "longitude": 72.6410054 }, "geometry": { "type": "Point", "coordinates": [ 72.6410054, 23.1774456 ] } },
{ "type": "Feature", "properties": { "name": "Danilimda A.M.C Hospital", "latitude": 22.9923729, "longitude": 72.5839732 }, "geometry": { "type": "Point", "coordinates": [ 72.5839732, 22.9923729 ] } },
{ "type": "Feature", "properties": { "name": "Utkarsh hospital", "latitude": 23.1079273, "longitude": 72.5783784 }, "geometry": { "type": "Point", "coordinates": [ 72.5783784, 23.1079273 ] } },
{ "type": "Feature", "properties": { "name": "Unknown", "latitude": 23.0061861, "longitude": 72.5559555 }, "geometry": { "type": "Point", "coordinates": [ 72.5559555, 23.0061861 ] } },
{ "type": "Feature", "properties": { "name": "Vision Care Eye Hospital, Ahmedabad", "latitude": 23.0220709, "longitude": 72.5462128 }, "geometry": { "type": "Point", "coordinates": [ 72.5462128, 23.0220709 ] } },
{ "type": "Feature", "properties": { "name": "Shaishav Children Hospital", "latitude": 23.0592417, "longitude": 72.5372689 }, "geometry": { "type": "Point", "coordinates": [ 72.5372689, 23.0592417 ] } },
{ "type": "Feature", "properties": { "name": "Janam Hospital", "latitude": 23.0129957, "longitude": 72.5304484 }, "geometry": { "type": "Point", "coordinates": [ 72.5304484, 23.0129957 ] } },
{ "type": "Feature", "properties": { "name": "Dr.Maulik Patwa", "latitude": 23.0173128, "longitude": 72.5557105 }, "geometry": { "type": "Point", "coordinates": [ 72.5557105, 23.0173128 ] } },
{ "type": "Feature", "properties": { "name": "Unknown", "latitude": 23.0127718, "longitude": 72.7220906 }, "geometry": { "type": "Point", "coordinates": [ 72.7220906, 23.0127718 ] } },
{ "type": "Feature", "properties": { "name": "Unknown", "latitude": 23.0121501, "longitude": 72.5650047 }, "geometry": { "type": "Point", "coordinates": [ 72.5650047, 23.0121501 ] } },
{ "type": "Feature", "properties": { "name": "Sahyog Hospital", "latitude": 22.9868994, "longitude": 72.4733028 }, "geometry": { "type": "Point", "coordinates": [ 72.4733028, 22.9868994 ] } },
{ "type": "Feature", "properties": { "name": "Lions Karnavati Shantaben Vishnubhai Patel Eye Hospital", "latitude": 23.122576, "longitude": 72.504565 }, "geometry": { "type": "Point", "coordinates": [ 72.504565, 23.122576 ] } },
{ "type": "Feature", "properties": { "name": "Navkar Plastic Surgery Hospital", "latitude": 23.0144267, "longitude": 72.5629285 }, "geometry": { "type": "Point", "coordinates": [ 72.5629285, 23.0144267 ] } },
{ "type": "Feature", "properties": { "name": "Unknown", "latitude": 23.0541051, "longitude": 72.5237425 }, "geometry": { "type": "Point", "coordinates": [ 72.5237425, 23.0541051 ] } },
{ "type": "Feature", "properties": { "name": "Unknown", "latitude": 23.0290185, "longitude": 72.6231213 }, "geometry": { "type": "Point", "coordinates": [ 72.6231213, 23.0290185 ] } },
{ "type": "Feature", "properties": { "name": "Unknown", "latitude": 23.0321406, "longitude": 72.6000568 }, "geometry": { "type": "Point", "coordinates": [ 72.6000568, 23.0321406 ] } },
{ "type": "Feature", "properties": { "name": "Unknown", "latitude": 23.0867182, "longitude": 72.6478683 }, "geometry": { "type": "Point", "coordinates": [ 72.6478683, 23.0867182 ] } },
{ "type": "Feature", "properties": { "name": "Unknown", "latitude": 23.0413257, "longitude": 72.5926106 }, "geometry": { "type": "Point", "coordinates": [ 72.5926106, 23.0413257 ] } },
{ "type": "Feature", "properties": { "name": "Community Health Centre, Chandkheda", "latitude": 23.1133122, "longitude": 72.575807 }, "geometry": { "type": "Point", "coordinates": [ 72.575807, 23.1133122 ] } },
{ "type": "Feature", "properties": { "name": "Unknown", "latitude": 23.0370812, "longitude": 72.6307536 }, "geometry": { "type": "Point", "coordinates": [ 72.6307536, 23.0370812 ] } },
{ "type": "Feature", "properties": { "name": "Unknown", "latitude": 23.0391433, "longitude": 72.6302639 }, "geometry": { "type": "Point", "coordinates": [ 72.6302639, 23.0391433 ] } },
{ "type": "Feature", "properties": { "name": "Unknown", "latitude": 23.0662453, "longitude": 72.6627764 }, "geometry": { "type": "Point", "coordinates": [ 72.6627764, 23.0662453 ] } },
{ "type": "Feature", "properties": { "name": "Unknown", "latitude": 22.9722812, "longitude": 72.6124554 }, "geometry": { "type": "Point", "coordinates": [ 72.6124554, 22.9722812 ] } },
{ "type": "Feature", "properties": { "name": "Unknown", "latitude": 23.0904123, "longitude": 72.6597821 }, "geometry": { "type": "Point", "coordinates": [ 72.6597821, 23.0904123 ] } },
{ "type": "Feature", "properties": { "name": "Unknown", "latitude": 23.0064181, "longitude": 72.5647223 }, "geometry": { "type": "Point", "coordinates": [ 72.5647223, 23.0064181 ] } },
{ "type": "Feature", "properties": { "name": "Unknown", "latitude": 23.0045129, "longitude": 72.53791 }, "geometry": { "type": "Point", "coordinates": [ 72.53791, 23.0045129 ] } },
{ "type": "Feature", "properties": { "name": "Dr. Parth Amin (ENT Surgeon) Shaleen Hospital", "latitude": 23.0755396, "longitude": 72.5176381 }, "geometry": { "type": "Point", "coordinates": [ 72.5176381, 23.0755396 ] } },
{ "type": "Feature", "properties": { "name": "Unknown", "latitude": 23.0043284, "longitude": 72.5839122 }, "geometry": { "type": "Point", "coordinates": [ 72.5839122, 23.0043284 ] } }
]
}
